"Id_SNVeg","n_total","n_sig","prop_sig","parque","escala","mes"
"AlpConF",47119,0,0,"aiguestortes",1,1
"AlpScrGr",90179,0,0,"aiguestortes",1,1
"Grass",649,0,0,"aiguestortes",1,1
"HydroRipVeg",599,0,0,"aiguestortes",1,1
"RipF",223,0,0,"aiguestortes",1,1
"RockScreeVeg",60305,0,0,"aiguestortes",1,1
"Shrub",528,0,0,"aiguestortes",1,1
"TempDecF",913,0,0,"aiguestortes",1,1
"WaterSurf",4432,0,0,"aiguestortes",1,1
"AlpConF",47129,8,0.02,"aiguestortes",1,2
"AlpScrGr",90472,20,0.02,"aiguestortes",1,2
"Grass",647,2,0.31,"aiguestortes",1,2
"HydroRipVeg",599,0,0,"aiguestortes",1,2
"RipF",223,0,0,"aiguestortes",1,2
"RockScreeVeg",60535,2,0,"aiguestortes",1,2
"Shrub",528,10,1.89,"aiguestortes",1,2
"TempDecF",913,3,0.33,"aiguestortes",1,2
"WaterSurf",4432,0,0,"aiguestortes",1,2
"AlpConF",47131,0,0,"aiguestortes",1,3
"AlpScrGr",90046,0,0,"aiguestortes",1,3
"Grass",650,0,0,"aiguestortes",1,3
"HydroRipVeg",599,0,0,"aiguestortes",1,3
"RipF",223,0,0,"aiguestortes",1,3
"RockScreeVeg",59792,0,0,"aiguestortes",1,3
"Shrub",528,0,0,"aiguestortes",1,3
"TempDecF",913,0,0,"aiguestortes",1,3
"WaterSurf",4426,0,0,"aiguestortes",1,3
"AlpConF",47129,0,0,"aiguestortes",1,4
"AlpScrGr",89976,0,0,"aiguestortes",1,4
"Grass",650,0,0,"aiguestortes",1,4
"HydroRipVeg",599,0,0,"aiguestortes",1,4
"RipF",223,0,0,"aiguestortes",1,4
"RockScreeVeg",59380,0,0,"aiguestortes",1,4
"Shrub",528,0,0,"aiguestortes",1,4
"TempDecF",913,0,0,"aiguestortes",1,4
"WaterSurf",4420,0,0,"aiguestortes",1,4
"AlpConF",47125,0,0,"aiguestortes",1,5
"AlpScrGr",89502,0,0,"aiguestortes",1,5
"Grass",650,0,0,"aiguestortes",1,5
"HydroRipVeg",599,0,0,"aiguestortes",1,5
"RipF",223,0,0,"aiguestortes",1,5
"RockScreeVeg",58338,0,0,"aiguestortes",1,5
"Shrub",528,0,0,"aiguestortes",1,5
"TempDecF",913,0,0,"aiguestortes",1,5
"WaterSurf",4420,0,0,"aiguestortes",1,5
"AlpConF",47156,0,0,"aiguestortes",1,6
"AlpScrGr",89985,0,0,"aiguestortes",1,6
"Grass",650,0,0,"aiguestortes",1,6
"HydroRipVeg",599,0,0,"aiguestortes",1,6
"RipF",223,0,0,"aiguestortes",1,6
"RockScreeVeg",59389,0,0,"aiguestortes",1,6
"Shrub",528,0,0,"aiguestortes",1,6
"TempDecF",913,0,0,"aiguestortes",1,6
"WaterSurf",4420,0,0,"aiguestortes",1,6
"AlpConF",47156,0,0,"aiguestortes",1,7
"AlpScrGr",90194,0,0,"aiguestortes",1,7
"Grass",650,0,0,"aiguestortes",1,7
"HydroRipVeg",599,0,0,"aiguestortes",1,7
"RipF",223,0,0,"aiguestortes",1,7
"RockScreeVeg",59993,0,0,"aiguestortes",1,7
"Shrub",528,0,0,"aiguestortes",1,7
"TempDecF",913,0,0,"aiguestortes",1,7
"WaterSurf",4420,0,0,"aiguestortes",1,7
"AlpConF",47156,0,0,"aiguestortes",1,8
"AlpScrGr",90902,0,0,"aiguestortes",1,8
"Grass",650,0,0,"aiguestortes",1,8
"HydroRipVeg",599,0,0,"aiguestortes",1,8
"RipF",223,0,0,"aiguestortes",1,8
"RockScreeVeg",61591,0,0,"aiguestortes",1,8
"Shrub",528,0,0,"aiguestortes",1,8
"TempDecF",913,0,0,"aiguestortes",1,8
"WaterSurf",4420,0,0,"aiguestortes",1,8
"AlpConF",47133,0,0,"aiguestortes",1,9
"AlpScrGr",91031,0,0,"aiguestortes",1,9
"Grass",650,0,0,"aiguestortes",1,9
"HydroRipVeg",599,0,0,"aiguestortes",1,9
"RipF",223,0,0,"aiguestortes",1,9
"RockScreeVeg",61732,0,0,"aiguestortes",1,9
"Shrub",528,0,0,"aiguestortes",1,9
"TempDecF",913,0,0,"aiguestortes",1,9
"WaterSurf",4423,0,0,"aiguestortes",1,9
"AlpConF",47131,0,0,"aiguestortes",1,10
"AlpScrGr",90476,0,0,"aiguestortes",1,10
"Grass",650,0,0,"aiguestortes",1,10
"HydroRipVeg",599,0,0,"aiguestortes",1,10
"RipF",223,0,0,"aiguestortes",1,10
"RockScreeVeg",60534,0,0,"aiguestortes",1,10
"Shrub",528,0,0,"aiguestortes",1,10
"TempDecF",913,0,0,"aiguestortes",1,10
"WaterSurf",4420,0,0,"aiguestortes",1,10
"AlpConF",47073,7517,15.97,"aiguestortes",1,11
"AlpScrGr",89988,4891,5.44,"aiguestortes",1,11
"Grass",648,57,8.8,"aiguestortes",1,11
"HydroRipVeg",599,86,14.36,"aiguestortes",1,11
"RipF",223,12,5.38,"aiguestortes",1,11
"RockScreeVeg",59406,1566,2.64,"aiguestortes",1,11
"Shrub",528,9,1.7,"aiguestortes",1,11
"TempDecF",913,139,15.22,"aiguestortes",1,11
"WaterSurf",4420,174,3.94,"aiguestortes",1,11
"AlpConF",46858,0,0,"aiguestortes",1,12
"AlpScrGr",89999,0,0,"aiguestortes",1,12
"Grass",643,0,0,"aiguestortes",1,12
"HydroRipVeg",599,0,0,"aiguestortes",1,12
"RipF",223,0,0,"aiguestortes",1,12
"RockScreeVeg",59577,0,0,"aiguestortes",1,12
"Shrub",528,0,0,"aiguestortes",1,12
"TempDecF",904,0,0,"aiguestortes",1,12
"WaterSurf",4422,0,0,"aiguestortes",1,12
"AlpConF",47119,0,0,"aiguestortes",3,1
"AlpScrGr",90179,0,0,"aiguestortes",3,1
"Grass",649,0,0,"aiguestortes",3,1
"HydroRipVeg",599,0,0,"aiguestortes",3,1
"RipF",223,0,0,"aiguestortes",3,1
"RockScreeVeg",60305,0,0,"aiguestortes",3,1
"Shrub",528,0,0,"aiguestortes",3,1
"TempDecF",913,0,0,"aiguestortes",3,1
"WaterSurf",4432,0,0,"aiguestortes",3,1
"AlpConF",47129,0,0,"aiguestortes",3,2
"AlpScrGr",90472,0,0,"aiguestortes",3,2
"Grass",647,0,0,"aiguestortes",3,2
"HydroRipVeg",599,0,0,"aiguestortes",3,2
"RipF",223,0,0,"aiguestortes",3,2
"RockScreeVeg",60535,0,0,"aiguestortes",3,2
"Shrub",528,0,0,"aiguestortes",3,2
"TempDecF",913,0,0,"aiguestortes",3,2
"WaterSurf",4432,0,0,"aiguestortes",3,2
"AlpConF",47131,0,0,"aiguestortes",3,3
"AlpScrGr",90046,0,0,"aiguestortes",3,3
"Grass",650,0,0,"aiguestortes",3,3
"HydroRipVeg",599,0,0,"aiguestortes",3,3
"RipF",223,0,0,"aiguestortes",3,3
"RockScreeVeg",59792,0,0,"aiguestortes",3,3
"Shrub",528,0,0,"aiguestortes",3,3
"TempDecF",913,0,0,"aiguestortes",3,3
"WaterSurf",4426,0,0,"aiguestortes",3,3
"AlpConF",47129,0,0,"aiguestortes",3,4
"AlpScrGr",89976,0,0,"aiguestortes",3,4
"Grass",650,0,0,"aiguestortes",3,4
"HydroRipVeg",599,0,0,"aiguestortes",3,4
"RipF",223,0,0,"aiguestortes",3,4
"RockScreeVeg",59380,0,0,"aiguestortes",3,4
"Shrub",528,0,0,"aiguestortes",3,4
"TempDecF",913,0,0,"aiguestortes",3,4
"WaterSurf",4420,0,0,"aiguestortes",3,4
"AlpConF",47125,0,0,"aiguestortes",3,5
"AlpScrGr",89502,0,0,"aiguestortes",3,5
"Grass",650,0,0,"aiguestortes",3,5
"HydroRipVeg",599,0,0,"aiguestortes",3,5
"RipF",223,0,0,"aiguestortes",3,5
"RockScreeVeg",58338,0,0,"aiguestortes",3,5
"Shrub",528,0,0,"aiguestortes",3,5
"TempDecF",913,0,0,"aiguestortes",3,5
"WaterSurf",4420,0,0,"aiguestortes",3,5
"AlpConF",47156,87,0.18,"aiguestortes",3,6
"AlpScrGr",89985,807,0.9,"aiguestortes",3,6
"Grass",650,0,0,"aiguestortes",3,6
"HydroRipVeg",599,6,1,"aiguestortes",3,6
"RipF",223,0,0,"aiguestortes",3,6
"RockScreeVeg",59389,397,0.67,"aiguestortes",3,6
"Shrub",528,0,0,"aiguestortes",3,6
"TempDecF",913,0,0,"aiguestortes",3,6
"WaterSurf",4420,12,0.27,"aiguestortes",3,6
"AlpConF",47156,0,0,"aiguestortes",3,7
"AlpScrGr",90194,0,0,"aiguestortes",3,7
"Grass",650,0,0,"aiguestortes",3,7
"HydroRipVeg",599,0,0,"aiguestortes",3,7
"RipF",223,0,0,"aiguestortes",3,7
"RockScreeVeg",59993,0,0,"aiguestortes",3,7
"Shrub",528,0,0,"aiguestortes",3,7
"TempDecF",913,0,0,"aiguestortes",3,7
"WaterSurf",4420,0,0,"aiguestortes",3,7
"AlpConF",47156,0,0,"aiguestortes",3,8
"AlpScrGr",90902,0,0,"aiguestortes",3,8
"Grass",650,0,0,"aiguestortes",3,8
"HydroRipVeg",599,0,0,"aiguestortes",3,8
"RipF",223,0,0,"aiguestortes",3,8
"RockScreeVeg",61591,0,0,"aiguestortes",3,8
"Shrub",528,0,0,"aiguestortes",3,8
"TempDecF",913,0,0,"aiguestortes",3,8
"WaterSurf",4420,0,0,"aiguestortes",3,8
"AlpConF",47133,0,0,"aiguestortes",3,9
"AlpScrGr",91031,0,0,"aiguestortes",3,9
"Grass",650,0,0,"aiguestortes",3,9
"HydroRipVeg",599,0,0,"aiguestortes",3,9
"RipF",223,0,0,"aiguestortes",3,9
"RockScreeVeg",61732,0,0,"aiguestortes",3,9
"Shrub",528,0,0,"aiguestortes",3,9
"TempDecF",913,0,0,"aiguestortes",3,9
"WaterSurf",4423,0,0,"aiguestortes",3,9
"AlpConF",47131,0,0,"aiguestortes",3,10
"AlpScrGr",90476,0,0,"aiguestortes",3,10
"Grass",650,0,0,"aiguestortes",3,10
"HydroRipVeg",599,0,0,"aiguestortes",3,10
"RipF",223,0,0,"aiguestortes",3,10
"RockScreeVeg",60534,0,0,"aiguestortes",3,10
"Shrub",528,0,0,"aiguestortes",3,10
"TempDecF",913,0,0,"aiguestortes",3,10
"WaterSurf",4420,0,0,"aiguestortes",3,10
"AlpConF",47073,0,0,"aiguestortes",3,11
"AlpScrGr",89988,0,0,"aiguestortes",3,11
"Grass",648,0,0,"aiguestortes",3,11
"HydroRipVeg",599,0,0,"aiguestortes",3,11
"RipF",223,0,0,"aiguestortes",3,11
"RockScreeVeg",59406,0,0,"aiguestortes",3,11
"Shrub",528,0,0,"aiguestortes",3,11
"TempDecF",913,0,0,"aiguestortes",3,11
"WaterSurf",4420,0,0,"aiguestortes",3,11
"AlpConF",46858,0,0,"aiguestortes",3,12
"AlpScrGr",89999,0,0,"aiguestortes",3,12
"Grass",643,0,0,"aiguestortes",3,12
"HydroRipVeg",599,0,0,"aiguestortes",3,12
"RipF",223,0,0,"aiguestortes",3,12
"RockScreeVeg",59577,0,0,"aiguestortes",3,12
"Shrub",528,0,0,"aiguestortes",3,12
"TempDecF",904,0,0,"aiguestortes",3,12
"WaterSurf",4422,0,0,"aiguestortes",3,12
"AlpConF",47119,0,0,"aiguestortes",6,1
"AlpScrGr",90179,0,0,"aiguestortes",6,1
"Grass",649,0,0,"aiguestortes",6,1
"HydroRipVeg",599,0,0,"aiguestortes",6,1
"RipF",223,0,0,"aiguestortes",6,1
"RockScreeVeg",60305,0,0,"aiguestortes",6,1
"Shrub",528,0,0,"aiguestortes",6,1
"TempDecF",913,0,0,"aiguestortes",6,1
"WaterSurf",4432,0,0,"aiguestortes",6,1
"AlpConF",47129,0,0,"aiguestortes",6,2
"AlpScrGr",90472,0,0,"aiguestortes",6,2
"Grass",647,0,0,"aiguestortes",6,2
"HydroRipVeg",599,0,0,"aiguestortes",6,2
"RipF",223,0,0,"aiguestortes",6,2
"RockScreeVeg",60535,0,0,"aiguestortes",6,2
"Shrub",528,0,0,"aiguestortes",6,2
"TempDecF",913,0,0,"aiguestortes",6,2
"WaterSurf",4432,0,0,"aiguestortes",6,2
"AlpConF",47131,0,0,"aiguestortes",6,3
"AlpScrGr",90046,0,0,"aiguestortes",6,3
"Grass",650,0,0,"aiguestortes",6,3
"HydroRipVeg",599,0,0,"aiguestortes",6,3
"RipF",223,0,0,"aiguestortes",6,3
"RockScreeVeg",59792,0,0,"aiguestortes",6,3
"Shrub",528,0,0,"aiguestortes",6,3
"TempDecF",913,0,0,"aiguestortes",6,3
"WaterSurf",4426,0,0,"aiguestortes",6,3
"AlpConF",47129,0,0,"aiguestortes",6,4
"AlpScrGr",89976,0,0,"aiguestortes",6,4
"Grass",650,0,0,"aiguestortes",6,4
"HydroRipVeg",599,0,0,"aiguestortes",6,4
"RipF",223,0,0,"aiguestortes",6,4
"RockScreeVeg",59380,0,0,"aiguestortes",6,4
"Shrub",528,0,0,"aiguestortes",6,4
"TempDecF",913,0,0,"aiguestortes",6,4
"WaterSurf",4420,0,0,"aiguestortes",6,4
"AlpConF",47125,0,0,"aiguestortes",6,5
"AlpScrGr",89502,0,0,"aiguestortes",6,5
"Grass",650,0,0,"aiguestortes",6,5
"HydroRipVeg",599,0,0,"aiguestortes",6,5
"RipF",223,0,0,"aiguestortes",6,5
"RockScreeVeg",58338,0,0,"aiguestortes",6,5
"Shrub",528,0,0,"aiguestortes",6,5
"TempDecF",913,0,0,"aiguestortes",6,5
"WaterSurf",4420,0,0,"aiguestortes",6,5
"AlpConF",47156,290,0.61,"aiguestortes",6,6
"AlpScrGr",89985,1971,2.19,"aiguestortes",6,6
"Grass",650,0,0,"aiguestortes",6,6
"HydroRipVeg",599,14,2.34,"aiguestortes",6,6
"RipF",223,0,0,"aiguestortes",6,6
"RockScreeVeg",59389,990,1.67,"aiguestortes",6,6
"Shrub",528,0,0,"aiguestortes",6,6
"TempDecF",913,0,0,"aiguestortes",6,6
"WaterSurf",4420,17,0.38,"aiguestortes",6,6
"AlpConF",47156,0,0,"aiguestortes",6,7
"AlpScrGr",90194,0,0,"aiguestortes",6,7
"Grass",650,0,0,"aiguestortes",6,7
"HydroRipVeg",599,0,0,"aiguestortes",6,7
"RipF",223,0,0,"aiguestortes",6,7
"RockScreeVeg",59993,0,0,"aiguestortes",6,7
"Shrub",528,0,0,"aiguestortes",6,7
"TempDecF",913,0,0,"aiguestortes",6,7
"WaterSurf",4420,0,0,"aiguestortes",6,7
"AlpConF",47156,0,0,"aiguestortes",6,8
"AlpScrGr",90902,0,0,"aiguestortes",6,8
"Grass",650,0,0,"aiguestortes",6,8
"HydroRipVeg",599,0,0,"aiguestortes",6,8
"RipF",223,0,0,"aiguestortes",6,8
"RockScreeVeg",61591,0,0,"aiguestortes",6,8
"Shrub",528,0,0,"aiguestortes",6,8
"TempDecF",913,0,0,"aiguestortes",6,8
"WaterSurf",4420,0,0,"aiguestortes",6,8
"AlpConF",47133,0,0,"aiguestortes",6,9
"AlpScrGr",91031,0,0,"aiguestortes",6,9
"Grass",650,0,0,"aiguestortes",6,9
"HydroRipVeg",599,0,0,"aiguestortes",6,9
"RipF",223,0,0,"aiguestortes",6,9
"RockScreeVeg",61732,0,0,"aiguestortes",6,9
"Shrub",528,0,0,"aiguestortes",6,9
"TempDecF",913,0,0,"aiguestortes",6,9
"WaterSurf",4423,0,0,"aiguestortes",6,9
"AlpConF",47131,0,0,"aiguestortes",6,10
"AlpScrGr",90476,0,0,"aiguestortes",6,10
"Grass",650,0,0,"aiguestortes",6,10
"HydroRipVeg",599,0,0,"aiguestortes",6,10
"RipF",223,0,0,"aiguestortes",6,10
"RockScreeVeg",60534,0,0,"aiguestortes",6,10
"Shrub",528,0,0,"aiguestortes",6,10
"TempDecF",913,0,0,"aiguestortes",6,10
"WaterSurf",4420,0,0,"aiguestortes",6,10
"AlpConF",47073,0,0,"aiguestortes",6,11
"AlpScrGr",89988,0,0,"aiguestortes",6,11
"Grass",648,0,0,"aiguestortes",6,11
"HydroRipVeg",599,0,0,"aiguestortes",6,11
"RipF",223,0,0,"aiguestortes",6,11
"RockScreeVeg",59406,0,0,"aiguestortes",6,11
"Shrub",528,0,0,"aiguestortes",6,11
"TempDecF",913,0,0,"aiguestortes",6,11
"WaterSurf",4420,0,0,"aiguestortes",6,11
"AlpConF",46858,354,0.76,"aiguestortes",6,12
"AlpScrGr",89999,92,0.1,"aiguestortes",6,12
"Grass",643,22,3.42,"aiguestortes",6,12
"HydroRipVeg",599,0,0,"aiguestortes",6,12
"RipF",223,6,2.69,"aiguestortes",6,12
"RockScreeVeg",59577,24,0.04,"aiguestortes",6,12
"Shrub",528,1,0.19,"aiguestortes",6,12
"TempDecF",904,9,1,"aiguestortes",6,12
"WaterSurf",4422,0,0,"aiguestortes",6,12
"AlpConF",47119,0,0,"aiguestortes",9,1
"AlpScrGr",90179,0,0,"aiguestortes",9,1
"Grass",649,0,0,"aiguestortes",9,1
"HydroRipVeg",599,0,0,"aiguestortes",9,1
"RipF",223,0,0,"aiguestortes",9,1
"RockScreeVeg",60305,0,0,"aiguestortes",9,1
"Shrub",528,0,0,"aiguestortes",9,1
"TempDecF",913,0,0,"aiguestortes",9,1
"WaterSurf",4432,0,0,"aiguestortes",9,1
"AlpConF",47129,0,0,"aiguestortes",9,2
"AlpScrGr",90472,0,0,"aiguestortes",9,2
"Grass",647,0,0,"aiguestortes",9,2
"HydroRipVeg",599,0,0,"aiguestortes",9,2
"RipF",223,0,0,"aiguestortes",9,2
"RockScreeVeg",60535,0,0,"aiguestortes",9,2
"Shrub",528,0,0,"aiguestortes",9,2
"TempDecF",913,0,0,"aiguestortes",9,2
"WaterSurf",4432,0,0,"aiguestortes",9,2
"AlpConF",47131,0,0,"aiguestortes",9,3
"AlpScrGr",90046,0,0,"aiguestortes",9,3
"Grass",650,0,0,"aiguestortes",9,3
"HydroRipVeg",599,0,0,"aiguestortes",9,3
"RipF",223,0,0,"aiguestortes",9,3
"RockScreeVeg",59792,0,0,"aiguestortes",9,3
"Shrub",528,0,0,"aiguestortes",9,3
"TempDecF",913,0,0,"aiguestortes",9,3
"WaterSurf",4426,0,0,"aiguestortes",9,3
"AlpConF",47129,0,0,"aiguestortes",9,4
"AlpScrGr",89976,0,0,"aiguestortes",9,4
"Grass",650,0,0,"aiguestortes",9,4
"HydroRipVeg",599,0,0,"aiguestortes",9,4
"RipF",223,0,0,"aiguestortes",9,4
"RockScreeVeg",59380,0,0,"aiguestortes",9,4
"Shrub",528,0,0,"aiguestortes",9,4
"TempDecF",913,0,0,"aiguestortes",9,4
"WaterSurf",4420,0,0,"aiguestortes",9,4
"AlpConF",47125,0,0,"aiguestortes",9,5
"AlpScrGr",89502,0,0,"aiguestortes",9,5
"Grass",650,0,0,"aiguestortes",9,5
"HydroRipVeg",599,0,0,"aiguestortes",9,5
"RipF",223,0,0,"aiguestortes",9,5
"RockScreeVeg",58338,0,0,"aiguestortes",9,5
"Shrub",528,0,0,"aiguestortes",9,5
"TempDecF",913,0,0,"aiguestortes",9,5
"WaterSurf",4420,0,0,"aiguestortes",9,5
"AlpConF",47156,0,0,"aiguestortes",9,6
"AlpScrGr",89985,0,0,"aiguestortes",9,6
"Grass",650,0,0,"aiguestortes",9,6
"HydroRipVeg",599,0,0,"aiguestortes",9,6
"RipF",223,0,0,"aiguestortes",9,6
"RockScreeVeg",59389,0,0,"aiguestortes",9,6
"Shrub",528,0,0,"aiguestortes",9,6
"TempDecF",913,0,0,"aiguestortes",9,6
"WaterSurf",4420,0,0,"aiguestortes",9,6
"AlpConF",47156,0,0,"aiguestortes",9,7
"AlpScrGr",90194,0,0,"aiguestortes",9,7
"Grass",650,0,0,"aiguestortes",9,7
"HydroRipVeg",599,0,0,"aiguestortes",9,7
"RipF",223,0,0,"aiguestortes",9,7
"RockScreeVeg",59993,0,0,"aiguestortes",9,7
"Shrub",528,0,0,"aiguestortes",9,7
"TempDecF",913,0,0,"aiguestortes",9,7
"WaterSurf",4420,0,0,"aiguestortes",9,7
"AlpConF",47156,0,0,"aiguestortes",9,8
"AlpScrGr",90902,0,0,"aiguestortes",9,8
"Grass",650,0,0,"aiguestortes",9,8
"HydroRipVeg",599,0,0,"aiguestortes",9,8
"RipF",223,0,0,"aiguestortes",9,8
"RockScreeVeg",61591,0,0,"aiguestortes",9,8
"Shrub",528,0,0,"aiguestortes",9,8
"TempDecF",913,0,0,"aiguestortes",9,8
"WaterSurf",4420,0,0,"aiguestortes",9,8
"AlpConF",47133,0,0,"aiguestortes",9,9
"AlpScrGr",91031,0,0,"aiguestortes",9,9
"Grass",650,0,0,"aiguestortes",9,9
"HydroRipVeg",599,0,0,"aiguestortes",9,9
"RipF",223,0,0,"aiguestortes",9,9
"RockScreeVeg",61732,0,0,"aiguestortes",9,9
"Shrub",528,0,0,"aiguestortes",9,9
"TempDecF",913,0,0,"aiguestortes",9,9
"WaterSurf",4423,0,0,"aiguestortes",9,9
"AlpConF",47131,0,0,"aiguestortes",9,10
"AlpScrGr",90476,0,0,"aiguestortes",9,10
"Grass",650,0,0,"aiguestortes",9,10
"HydroRipVeg",599,0,0,"aiguestortes",9,10
"RipF",223,0,0,"aiguestortes",9,10
"RockScreeVeg",60534,0,0,"aiguestortes",9,10
"Shrub",528,0,0,"aiguestortes",9,10
"TempDecF",913,0,0,"aiguestortes",9,10
"WaterSurf",4420,0,0,"aiguestortes",9,10
"AlpConF",47073,0,0,"aiguestortes",9,11
"AlpScrGr",89988,0,0,"aiguestortes",9,11
"Grass",648,0,0,"aiguestortes",9,11
"HydroRipVeg",599,0,0,"aiguestortes",9,11
"RipF",223,0,0,"aiguestortes",9,11
"RockScreeVeg",59406,0,0,"aiguestortes",9,11
"Shrub",528,0,0,"aiguestortes",9,11
"TempDecF",913,0,0,"aiguestortes",9,11
"WaterSurf",4420,0,0,"aiguestortes",9,11
"AlpConF",46858,3,0.01,"aiguestortes",9,12
"AlpScrGr",89999,0,0,"aiguestortes",9,12
"Grass",643,0,0,"aiguestortes",9,12
"HydroRipVeg",599,0,0,"aiguestortes",9,12
"RipF",223,0,0,"aiguestortes",9,12
"RockScreeVeg",59577,1,0,"aiguestortes",9,12
"Shrub",528,0,0,"aiguestortes",9,12
"TempDecF",904,0,0,"aiguestortes",9,12
"WaterSurf",4422,0,0,"aiguestortes",9,12
"AlpConF",47119,0,0,"aiguestortes",12,1
"AlpScrGr",90179,0,0,"aiguestortes",12,1
"Grass",649,0,0,"aiguestortes",12,1
"HydroRipVeg",599,0,0,"aiguestortes",12,1
"RipF",223,0,0,"aiguestortes",12,1
"RockScreeVeg",60305,0,0,"aiguestortes",12,1
"Shrub",528,0,0,"aiguestortes",12,1
"TempDecF",913,0,0,"aiguestortes",12,1
"WaterSurf",4432,0,0,"aiguestortes",12,1
"AlpConF",47129,0,0,"aiguestortes",12,2
"AlpScrGr",90472,0,0,"aiguestortes",12,2
"Grass",647,0,0,"aiguestortes",12,2
"HydroRipVeg",599,0,0,"aiguestortes",12,2
"RipF",223,0,0,"aiguestortes",12,2
"RockScreeVeg",60535,0,0,"aiguestortes",12,2
"Shrub",528,0,0,"aiguestortes",12,2
"TempDecF",913,0,0,"aiguestortes",12,2
"WaterSurf",4432,0,0,"aiguestortes",12,2
"AlpConF",47131,0,0,"aiguestortes",12,3
"AlpScrGr",90046,0,0,"aiguestortes",12,3
"Grass",650,0,0,"aiguestortes",12,3
"HydroRipVeg",599,0,0,"aiguestortes",12,3
"RipF",223,0,0,"aiguestortes",12,3
"RockScreeVeg",59792,0,0,"aiguestortes",12,3
"Shrub",528,0,0,"aiguestortes",12,3
"TempDecF",913,0,0,"aiguestortes",12,3
"WaterSurf",4426,0,0,"aiguestortes",12,3
"AlpConF",47129,0,0,"aiguestortes",12,4
"AlpScrGr",89976,0,0,"aiguestortes",12,4
"Grass",650,0,0,"aiguestortes",12,4
"HydroRipVeg",599,0,0,"aiguestortes",12,4
"RipF",223,0,0,"aiguestortes",12,4
"RockScreeVeg",59380,0,0,"aiguestortes",12,4
"Shrub",528,0,0,"aiguestortes",12,4
"TempDecF",913,0,0,"aiguestortes",12,4
"WaterSurf",4420,0,0,"aiguestortes",12,4
"AlpConF",47125,0,0,"aiguestortes",12,5
"AlpScrGr",89502,0,0,"aiguestortes",12,5
"Grass",650,0,0,"aiguestortes",12,5
"HydroRipVeg",599,0,0,"aiguestortes",12,5
"RipF",223,0,0,"aiguestortes",12,5
"RockScreeVeg",58338,0,0,"aiguestortes",12,5
"Shrub",528,0,0,"aiguestortes",12,5
"TempDecF",913,0,0,"aiguestortes",12,5
"WaterSurf",4420,0,0,"aiguestortes",12,5
"AlpConF",47156,0,0,"aiguestortes",12,6
"AlpScrGr",89985,0,0,"aiguestortes",12,6
"Grass",650,0,0,"aiguestortes",12,6
"HydroRipVeg",599,0,0,"aiguestortes",12,6
"RipF",223,0,0,"aiguestortes",12,6
"RockScreeVeg",59389,0,0,"aiguestortes",12,6
"Shrub",528,0,0,"aiguestortes",12,6
"TempDecF",913,0,0,"aiguestortes",12,6
"WaterSurf",4420,0,0,"aiguestortes",12,6
"AlpConF",47156,0,0,"aiguestortes",12,7
"AlpScrGr",90194,0,0,"aiguestortes",12,7
"Grass",650,0,0,"aiguestortes",12,7
"HydroRipVeg",599,0,0,"aiguestortes",12,7
"RipF",223,0,0,"aiguestortes",12,7
"RockScreeVeg",59993,0,0,"aiguestortes",12,7
"Shrub",528,0,0,"aiguestortes",12,7
"TempDecF",913,0,0,"aiguestortes",12,7
"WaterSurf",4420,0,0,"aiguestortes",12,7
"AlpConF",47156,0,0,"aiguestortes",12,8
"AlpScrGr",90902,0,0,"aiguestortes",12,8
"Grass",650,0,0,"aiguestortes",12,8
"HydroRipVeg",599,0,0,"aiguestortes",12,8
"RipF",223,0,0,"aiguestortes",12,8
"RockScreeVeg",61591,0,0,"aiguestortes",12,8
"Shrub",528,0,0,"aiguestortes",12,8
"TempDecF",913,0,0,"aiguestortes",12,8
"WaterSurf",4420,0,0,"aiguestortes",12,8
"AlpConF",47133,0,0,"aiguestortes",12,9
"AlpScrGr",91031,0,0,"aiguestortes",12,9
"Grass",650,0,0,"aiguestortes",12,9
"HydroRipVeg",599,0,0,"aiguestortes",12,9
"RipF",223,0,0,"aiguestortes",12,9
"RockScreeVeg",61732,0,0,"aiguestortes",12,9
"Shrub",528,0,0,"aiguestortes",12,9
"TempDecF",913,0,0,"aiguestortes",12,9
"WaterSurf",4423,0,0,"aiguestortes",12,9
"AlpConF",47131,0,0,"aiguestortes",12,10
"AlpScrGr",90476,0,0,"aiguestortes",12,10
"Grass",650,0,0,"aiguestortes",12,10
"HydroRipVeg",599,0,0,"aiguestortes",12,10
"RipF",223,0,0,"aiguestortes",12,10
"RockScreeVeg",60534,0,0,"aiguestortes",12,10
"Shrub",528,0,0,"aiguestortes",12,10
"TempDecF",913,0,0,"aiguestortes",12,10
"WaterSurf",4420,0,0,"aiguestortes",12,10
"AlpConF",47073,0,0,"aiguestortes",12,11
"AlpScrGr",89988,0,0,"aiguestortes",12,11
"Grass",648,0,0,"aiguestortes",12,11
"HydroRipVeg",599,0,0,"aiguestortes",12,11
"RipF",223,0,0,"aiguestortes",12,11
"RockScreeVeg",59406,0,0,"aiguestortes",12,11
"Shrub",528,0,0,"aiguestortes",12,11
"TempDecF",913,0,0,"aiguestortes",12,11
"WaterSurf",4420,0,0,"aiguestortes",12,11
"AlpConF",46858,0,0,"aiguestortes",12,12
"AlpScrGr",89999,0,0,"aiguestortes",12,12
"Grass",643,0,0,"aiguestortes",12,12
"HydroRipVeg",599,0,0,"aiguestortes",12,12
"RipF",223,0,0,"aiguestortes",12,12
"RockScreeVeg",59577,0,0,"aiguestortes",12,12
"Shrub",528,0,0,"aiguestortes",12,12
"TempDecF",904,0,0,"aiguestortes",12,12
"WaterSurf",4422,0,0,"aiguestortes",12,12
"ArtSurf",7418,0,0,"cabaneros",1,1
"Crop",2473,0,0,"cabaneros",1,1
"Dehesa",36272,0,0,"cabaneros",1,1
"Grass",52784,0,0,"cabaneros",1,1
"HydroRipVeg",554,0,0,"cabaneros",1,1
"MedConF",35896,0,0,"cabaneros",1,1
"MedSclF",158690,0,0,"cabaneros",1,1
"MedScrub",187005,0,0,"cabaneros",1,1
"Reforestation",57,0,0,"cabaneros",1,1
"RipF",4764,0,0,"cabaneros",1,1
"RockScreeVeg",11067,0,0,"cabaneros",1,1
"SMedMarF",69447,0,0,"cabaneros",1,1
"Shrub",21978,0,0,"cabaneros",1,1
"WaterSurf",177,0,0,"cabaneros",1,1
"ArtSurf",7418,0,0,"cabaneros",1,2
"Crop",2473,0,0,"cabaneros",1,2
"Dehesa",36272,0,0,"cabaneros",1,2
"Grass",52784,0,0,"cabaneros",1,2
"HydroRipVeg",554,0,0,"cabaneros",1,2
"MedConF",35896,0,0,"cabaneros",1,2
"MedSclF",158690,0,0,"cabaneros",1,2
"MedScrub",187005,2,0,"cabaneros",1,2
"Reforestation",57,0,0,"cabaneros",1,2
"RipF",4764,0,0,"cabaneros",1,2
"RockScreeVeg",11067,0,0,"cabaneros",1,2
"SMedMarF",69447,0,0,"cabaneros",1,2
"Shrub",21978,0,0,"cabaneros",1,2
"WaterSurf",177,0,0,"cabaneros",1,2
"ArtSurf",7418,0,0,"cabaneros",1,3
"Crop",2473,0,0,"cabaneros",1,3
"Dehesa",36272,0,0,"cabaneros",1,3
"Grass",52784,0,0,"cabaneros",1,3
"HydroRipVeg",554,0,0,"cabaneros",1,3
"MedConF",35896,0,0,"cabaneros",1,3
"MedSclF",158690,0,0,"cabaneros",1,3
"MedScrub",187005,0,0,"cabaneros",1,3
"Reforestation",57,0,0,"cabaneros",1,3
"RipF",4764,0,0,"cabaneros",1,3
"RockScreeVeg",11067,0,0,"cabaneros",1,3
"SMedMarF",69447,0,0,"cabaneros",1,3
"Shrub",21978,0,0,"cabaneros",1,3
"WaterSurf",177,0,0,"cabaneros",1,3
"ArtSurf",7418,0,0,"cabaneros",1,4
"Crop",2473,0,0,"cabaneros",1,4
"Dehesa",36272,0,0,"cabaneros",1,4
"Grass",52784,0,0,"cabaneros",1,4
"HydroRipVeg",554,0,0,"cabaneros",1,4
"MedConF",35896,0,0,"cabaneros",1,4
"MedSclF",158690,0,0,"cabaneros",1,4
"MedScrub",187005,0,0,"cabaneros",1,4
"Reforestation",57,0,0,"cabaneros",1,4
"RipF",4764,0,0,"cabaneros",1,4
"RockScreeVeg",11067,0,0,"cabaneros",1,4
"SMedMarF",69447,0,0,"cabaneros",1,4
"Shrub",21978,0,0,"cabaneros",1,4
"WaterSurf",177,0,0,"cabaneros",1,4
"ArtSurf",7418,0,0,"cabaneros",1,5
"Crop",2473,0,0,"cabaneros",1,5
"Dehesa",36272,0,0,"cabaneros",1,5
"Grass",52784,0,0,"cabaneros",1,5
"HydroRipVeg",554,0,0,"cabaneros",1,5
"MedConF",35896,0,0,"cabaneros",1,5
"MedSclF",158690,0,0,"cabaneros",1,5
"MedScrub",187005,0,0,"cabaneros",1,5
"Reforestation",57,0,0,"cabaneros",1,5
"RipF",4764,0,0,"cabaneros",1,5
"RockScreeVeg",11067,0,0,"cabaneros",1,5
"SMedMarF",69447,0,0,"cabaneros",1,5
"Shrub",21978,0,0,"cabaneros",1,5
"WaterSurf",177,0,0,"cabaneros",1,5
"ArtSurf",7418,0,0,"cabaneros",1,6
"Crop",2473,0,0,"cabaneros",1,6
"Dehesa",36272,0,0,"cabaneros",1,6
"Grass",52784,0,0,"cabaneros",1,6
"HydroRipVeg",554,0,0,"cabaneros",1,6
"MedConF",35896,0,0,"cabaneros",1,6
"MedSclF",158690,0,0,"cabaneros",1,6
"MedScrub",187005,0,0,"cabaneros",1,6
"Reforestation",57,0,0,"cabaneros",1,6
"RipF",4764,0,0,"cabaneros",1,6
"RockScreeVeg",11067,0,0,"cabaneros",1,6
"SMedMarF",69447,0,0,"cabaneros",1,6
"Shrub",21978,0,0,"cabaneros",1,6
"WaterSurf",177,0,0,"cabaneros",1,6
"ArtSurf",7418,0,0,"cabaneros",1,7
"Crop",2473,0,0,"cabaneros",1,7
"Dehesa",36272,0,0,"cabaneros",1,7
"Grass",52784,0,0,"cabaneros",1,7
"HydroRipVeg",554,0,0,"cabaneros",1,7
"MedConF",35896,0,0,"cabaneros",1,7
"MedSclF",158690,0,0,"cabaneros",1,7
"MedScrub",187005,0,0,"cabaneros",1,7
"Reforestation",57,0,0,"cabaneros",1,7
"RipF",4764,0,0,"cabaneros",1,7
"RockScreeVeg",11067,0,0,"cabaneros",1,7
"SMedMarF",69447,0,0,"cabaneros",1,7
"Shrub",21978,0,0,"cabaneros",1,7
"WaterSurf",177,0,0,"cabaneros",1,7
"ArtSurf",7418,0,0,"cabaneros",1,8
"Crop",2473,0,0,"cabaneros",1,8
"Dehesa",36272,0,0,"cabaneros",1,8
"Grass",52784,0,0,"cabaneros",1,8
"HydroRipVeg",554,0,0,"cabaneros",1,8
"MedConF",35896,0,0,"cabaneros",1,8
"MedSclF",158690,0,0,"cabaneros",1,8
"MedScrub",187005,0,0,"cabaneros",1,8
"Reforestation",57,0,0,"cabaneros",1,8
"RipF",4764,0,0,"cabaneros",1,8
"RockScreeVeg",11067,0,0,"cabaneros",1,8
"SMedMarF",69447,0,0,"cabaneros",1,8
"Shrub",21978,0,0,"cabaneros",1,8
"WaterSurf",177,0,0,"cabaneros",1,8
"ArtSurf",7418,0,0,"cabaneros",1,9
"Crop",2473,0,0,"cabaneros",1,9
"Dehesa",36272,0,0,"cabaneros",1,9
"Grass",52784,0,0,"cabaneros",1,9
"HydroRipVeg",554,0,0,"cabaneros",1,9
"MedConF",35896,0,0,"cabaneros",1,9
"MedSclF",158690,0,0,"cabaneros",1,9
"MedScrub",187005,0,0,"cabaneros",1,9
"Reforestation",57,0,0,"cabaneros",1,9
"RipF",4764,0,0,"cabaneros",1,9
"RockScreeVeg",11067,0,0,"cabaneros",1,9
"SMedMarF",69447,0,0,"cabaneros",1,9
"Shrub",21978,0,0,"cabaneros",1,9
"WaterSurf",177,0,0,"cabaneros",1,9
"ArtSurf",7418,0,0,"cabaneros",1,10
"Crop",2473,0,0,"cabaneros",1,10
"Dehesa",36272,0,0,"cabaneros",1,10
"Grass",52784,0,0,"cabaneros",1,10
"HydroRipVeg",554,0,0,"cabaneros",1,10
"MedConF",35896,0,0,"cabaneros",1,10
"MedSclF",158690,0,0,"cabaneros",1,10
"MedScrub",187005,0,0,"cabaneros",1,10
"Reforestation",57,0,0,"cabaneros",1,10
"RipF",4764,0,0,"cabaneros",1,10
"RockScreeVeg",11067,0,0,"cabaneros",1,10
"SMedMarF",69447,0,0,"cabaneros",1,10
"Shrub",21978,0,0,"cabaneros",1,10
"WaterSurf",177,0,0,"cabaneros",1,10
"ArtSurf",7418,0,0,"cabaneros",1,11
"Crop",2473,0,0,"cabaneros",1,11
"Dehesa",36272,0,0,"cabaneros",1,11
"Grass",52784,0,0,"cabaneros",1,11
"HydroRipVeg",554,0,0,"cabaneros",1,11
"MedConF",35896,0,0,"cabaneros",1,11
"MedSclF",158690,0,0,"cabaneros",1,11
"MedScrub",187005,0,0,"cabaneros",1,11
"Reforestation",57,0,0,"cabaneros",1,11
"RipF",4764,0,0,"cabaneros",1,11
"RockScreeVeg",11067,0,0,"cabaneros",1,11
"SMedMarF",69447,0,0,"cabaneros",1,11
"Shrub",21978,0,0,"cabaneros",1,11
"WaterSurf",177,0,0,"cabaneros",1,11
"ArtSurf",7418,0,0,"cabaneros",1,12
"Crop",2473,0,0,"cabaneros",1,12
"Dehesa",36272,0,0,"cabaneros",1,12
"Grass",52784,0,0,"cabaneros",1,12
"HydroRipVeg",554,0,0,"cabaneros",1,12
"MedConF",35896,0,0,"cabaneros",1,12
"MedSclF",158688,0,0,"cabaneros",1,12
"MedScrub",187005,0,0,"cabaneros",1,12
"Reforestation",57,0,0,"cabaneros",1,12
"RipF",4764,0,0,"cabaneros",1,12
"RockScreeVeg",11067,0,0,"cabaneros",1,12
"SMedMarF",69447,0,0,"cabaneros",1,12
"Shrub",21978,0,0,"cabaneros",1,12
"WaterSurf",177,0,0,"cabaneros",1,12
"ArtSurf",7418,0,0,"cabaneros",3,1
"Crop",2473,0,0,"cabaneros",3,1
"Dehesa",36272,0,0,"cabaneros",3,1
"Grass",52784,0,0,"cabaneros",3,1
"HydroRipVeg",554,0,0,"cabaneros",3,1
"MedConF",35896,0,0,"cabaneros",3,1
"MedSclF",158690,0,0,"cabaneros",3,1
"MedScrub",187005,0,0,"cabaneros",3,1
"Reforestation",57,0,0,"cabaneros",3,1
"RipF",4764,0,0,"cabaneros",3,1
"RockScreeVeg",11067,0,0,"cabaneros",3,1
"SMedMarF",69447,0,0,"cabaneros",3,1
"Shrub",21978,0,0,"cabaneros",3,1
"WaterSurf",177,0,0,"cabaneros",3,1
"ArtSurf",7418,72,0.97,"cabaneros",3,2
"Crop",2473,680,27.5,"cabaneros",3,2
"Dehesa",36272,6928,19.1,"cabaneros",3,2
"Grass",52784,15199,28.79,"cabaneros",3,2
"HydroRipVeg",554,25,4.51,"cabaneros",3,2
"MedConF",35896,1,0,"cabaneros",3,2
"MedSclF",158690,389,0.25,"cabaneros",3,2
"MedScrub",187005,643,0.34,"cabaneros",3,2
"Reforestation",57,6,10.53,"cabaneros",3,2
"RipF",4764,68,1.43,"cabaneros",3,2
"RockScreeVeg",11067,27,0.24,"cabaneros",3,2
"SMedMarF",69447,774,1.11,"cabaneros",3,2
"Shrub",21978,766,3.49,"cabaneros",3,2
"WaterSurf",177,3,1.69,"cabaneros",3,2
"ArtSurf",7418,2,0.03,"cabaneros",3,3
"Crop",2473,12,0.49,"cabaneros",3,3
"Dehesa",36272,218,0.6,"cabaneros",3,3
"Grass",52784,583,1.1,"cabaneros",3,3
"HydroRipVeg",554,0,0,"cabaneros",3,3
"MedConF",35896,0,0,"cabaneros",3,3
"MedSclF",158690,14,0.01,"cabaneros",3,3
"MedScrub",187005,7,0,"cabaneros",3,3
"Reforestation",57,0,0,"cabaneros",3,3
"RipF",4764,0,0,"cabaneros",3,3
"RockScreeVeg",11067,0,0,"cabaneros",3,3
"SMedMarF",69447,32,0.05,"cabaneros",3,3
"Shrub",21978,29,0.13,"cabaneros",3,3
"WaterSurf",177,0,0,"cabaneros",3,3
"ArtSurf",7418,0,0,"cabaneros",3,4
"Crop",2473,0,0,"cabaneros",3,4
"Dehesa",36272,0,0,"cabaneros",3,4
"Grass",52784,0,0,"cabaneros",3,4
"HydroRipVeg",554,0,0,"cabaneros",3,4
"MedConF",35896,0,0,"cabaneros",3,4
"MedSclF",158690,0,0,"cabaneros",3,4
"MedScrub",187005,0,0,"cabaneros",3,4
"Reforestation",57,0,0,"cabaneros",3,4
"RipF",4764,0,0,"cabaneros",3,4
"RockScreeVeg",11067,0,0,"cabaneros",3,4
"SMedMarF",69447,0,0,"cabaneros",3,4
"Shrub",21978,0,0,"cabaneros",3,4
"WaterSurf",177,0,0,"cabaneros",3,4
"ArtSurf",7418,0,0,"cabaneros",3,5
"Crop",2473,0,0,"cabaneros",3,5
"Dehesa",36272,0,0,"cabaneros",3,5
"Grass",52784,0,0,"cabaneros",3,5
"HydroRipVeg",554,0,0,"cabaneros",3,5
"MedConF",35896,0,0,"cabaneros",3,5
"MedSclF",158690,0,0,"cabaneros",3,5
"MedScrub",187005,0,0,"cabaneros",3,5
"Reforestation",57,0,0,"cabaneros",3,5
"RipF",4764,0,0,"cabaneros",3,5
"RockScreeVeg",11067,0,0,"cabaneros",3,5
"SMedMarF",69447,0,0,"cabaneros",3,5
"Shrub",21978,0,0,"cabaneros",3,5
"WaterSurf",177,0,0,"cabaneros",3,5
"ArtSurf",7418,0,0,"cabaneros",3,6
"Crop",2473,0,0,"cabaneros",3,6
"Dehesa",36272,0,0,"cabaneros",3,6
"Grass",52784,0,0,"cabaneros",3,6
"HydroRipVeg",554,0,0,"cabaneros",3,6
"MedConF",35896,0,0,"cabaneros",3,6
"MedSclF",158690,0,0,"cabaneros",3,6
"MedScrub",187005,0,0,"cabaneros",3,6
"Reforestation",57,0,0,"cabaneros",3,6
"RipF",4764,0,0,"cabaneros",3,6
"RockScreeVeg",11067,0,0,"cabaneros",3,6
"SMedMarF",69447,0,0,"cabaneros",3,6
"Shrub",21978,0,0,"cabaneros",3,6
"WaterSurf",177,0,0,"cabaneros",3,6
"ArtSurf",7418,0,0,"cabaneros",3,7
"Crop",2473,0,0,"cabaneros",3,7
"Dehesa",36272,0,0,"cabaneros",3,7
"Grass",52784,0,0,"cabaneros",3,7
"HydroRipVeg",554,0,0,"cabaneros",3,7
"MedConF",35896,0,0,"cabaneros",3,7
"MedSclF",158690,1,0,"cabaneros",3,7
"MedScrub",187005,0,0,"cabaneros",3,7
"Reforestation",57,0,0,"cabaneros",3,7
"RipF",4764,1,0.02,"cabaneros",3,7
"RockScreeVeg",11067,4,0.04,"cabaneros",3,7
"SMedMarF",69447,0,0,"cabaneros",3,7
"Shrub",21978,0,0,"cabaneros",3,7
"WaterSurf",177,0,0,"cabaneros",3,7
"ArtSurf",7418,0,0,"cabaneros",3,8
"Crop",2473,0,0,"cabaneros",3,8
"Dehesa",36272,0,0,"cabaneros",3,8
"Grass",52784,0,0,"cabaneros",3,8
"HydroRipVeg",554,0,0,"cabaneros",3,8
"MedConF",35896,0,0,"cabaneros",3,8
"MedSclF",158690,0,0,"cabaneros",3,8
"MedScrub",187005,0,0,"cabaneros",3,8
"Reforestation",57,0,0,"cabaneros",3,8
"RipF",4764,0,0,"cabaneros",3,8
"RockScreeVeg",11067,0,0,"cabaneros",3,8
"SMedMarF",69447,0,0,"cabaneros",3,8
"Shrub",21978,0,0,"cabaneros",3,8
"WaterSurf",177,0,0,"cabaneros",3,8
"ArtSurf",7418,0,0,"cabaneros",3,9
"Crop",2473,0,0,"cabaneros",3,9
"Dehesa",36272,0,0,"cabaneros",3,9
"Grass",52784,0,0,"cabaneros",3,9
"HydroRipVeg",554,0,0,"cabaneros",3,9
"MedConF",35896,0,0,"cabaneros",3,9
"MedSclF",158690,0,0,"cabaneros",3,9
"MedScrub",187005,0,0,"cabaneros",3,9
"Reforestation",57,0,0,"cabaneros",3,9
"RipF",4764,0,0,"cabaneros",3,9
"RockScreeVeg",11067,0,0,"cabaneros",3,9
"SMedMarF",69447,0,0,"cabaneros",3,9
"Shrub",21978,0,0,"cabaneros",3,9
"WaterSurf",177,0,0,"cabaneros",3,9
"ArtSurf",7418,0,0,"cabaneros",3,10
"Crop",2473,0,0,"cabaneros",3,10
"Dehesa",36272,0,0,"cabaneros",3,10
"Grass",52784,0,0,"cabaneros",3,10
"HydroRipVeg",554,0,0,"cabaneros",3,10
"MedConF",35896,0,0,"cabaneros",3,10
"MedSclF",158690,0,0,"cabaneros",3,10
"MedScrub",187005,0,0,"cabaneros",3,10
"Reforestation",57,0,0,"cabaneros",3,10
"RipF",4764,0,0,"cabaneros",3,10
"RockScreeVeg",11067,0,0,"cabaneros",3,10
"SMedMarF",69447,0,0,"cabaneros",3,10
"Shrub",21978,0,0,"cabaneros",3,10
"WaterSurf",177,0,0,"cabaneros",3,10
"ArtSurf",7418,0,0,"cabaneros",3,11
"Crop",2473,0,0,"cabaneros",3,11
"Dehesa",36272,0,0,"cabaneros",3,11
"Grass",52784,0,0,"cabaneros",3,11
"HydroRipVeg",554,0,0,"cabaneros",3,11
"MedConF",35896,0,0,"cabaneros",3,11
"MedSclF",158690,0,0,"cabaneros",3,11
"MedScrub",187005,0,0,"cabaneros",3,11
"Reforestation",57,0,0,"cabaneros",3,11
"RipF",4764,0,0,"cabaneros",3,11
"RockScreeVeg",11067,0,0,"cabaneros",3,11
"SMedMarF",69447,0,0,"cabaneros",3,11
"Shrub",21978,0,0,"cabaneros",3,11
"WaterSurf",177,0,0,"cabaneros",3,11
"ArtSurf",7418,0,0,"cabaneros",3,12
"Crop",2473,0,0,"cabaneros",3,12
"Dehesa",36272,0,0,"cabaneros",3,12
"Grass",52784,0,0,"cabaneros",3,12
"HydroRipVeg",554,0,0,"cabaneros",3,12
"MedConF",35896,0,0,"cabaneros",3,12
"MedSclF",158688,0,0,"cabaneros",3,12
"MedScrub",187005,0,0,"cabaneros",3,12
"Reforestation",57,0,0,"cabaneros",3,12
"RipF",4764,0,0,"cabaneros",3,12
"RockScreeVeg",11067,0,0,"cabaneros",3,12
"SMedMarF",69447,0,0,"cabaneros",3,12
"Shrub",21978,0,0,"cabaneros",3,12
"WaterSurf",177,0,0,"cabaneros",3,12
"ArtSurf",7418,0,0,"cabaneros",6,1
"Crop",2473,0,0,"cabaneros",6,1
"Dehesa",36272,0,0,"cabaneros",6,1
"Grass",52784,0,0,"cabaneros",6,1
"HydroRipVeg",554,0,0,"cabaneros",6,1
"MedConF",35896,0,0,"cabaneros",6,1
"MedSclF",158690,0,0,"cabaneros",6,1
"MedScrub",187005,0,0,"cabaneros",6,1
"Reforestation",57,0,0,"cabaneros",6,1
"RipF",4764,0,0,"cabaneros",6,1
"RockScreeVeg",11067,0,0,"cabaneros",6,1
"SMedMarF",69447,0,0,"cabaneros",6,1
"Shrub",21978,0,0,"cabaneros",6,1
"WaterSurf",177,0,0,"cabaneros",6,1
"ArtSurf",7418,151,2.04,"cabaneros",6,2
"Crop",2473,774,31.3,"cabaneros",6,2
"Dehesa",36272,11280,31.1,"cabaneros",6,2
"Grass",52784,22507,42.64,"cabaneros",6,2
"HydroRipVeg",554,34,6.14,"cabaneros",6,2
"MedConF",35896,5,0.01,"cabaneros",6,2
"MedSclF",158690,1105,0.7,"cabaneros",6,2
"MedScrub",187005,1752,0.94,"cabaneros",6,2
"Reforestation",57,6,10.53,"cabaneros",6,2
"RipF",4764,131,2.75,"cabaneros",6,2
"RockScreeVeg",11067,46,0.42,"cabaneros",6,2
"SMedMarF",69447,1130,1.63,"cabaneros",6,2
"Shrub",21978,1067,4.85,"cabaneros",6,2
"WaterSurf",177,4,2.26,"cabaneros",6,2
"ArtSurf",7418,1,0.01,"cabaneros",6,3
"Crop",2473,63,2.55,"cabaneros",6,3
"Dehesa",36272,582,1.6,"cabaneros",6,3
"Grass",52784,1970,3.73,"cabaneros",6,3
"HydroRipVeg",554,1,0.18,"cabaneros",6,3
"MedConF",35896,0,0,"cabaneros",6,3
"MedSclF",158690,38,0.02,"cabaneros",6,3
"MedScrub",187005,35,0.02,"cabaneros",6,3
"Reforestation",57,0,0,"cabaneros",6,3
"RipF",4764,10,0.21,"cabaneros",6,3
"RockScreeVeg",11067,0,0,"cabaneros",6,3
"SMedMarF",69447,73,0.11,"cabaneros",6,3
"Shrub",21978,83,0.38,"cabaneros",6,3
"WaterSurf",177,0,0,"cabaneros",6,3
"ArtSurf",7418,0,0,"cabaneros",6,4
"Crop",2473,0,0,"cabaneros",6,4
"Dehesa",36272,0,0,"cabaneros",6,4
"Grass",52784,0,0,"cabaneros",6,4
"HydroRipVeg",554,0,0,"cabaneros",6,4
"MedConF",35896,0,0,"cabaneros",6,4
"MedSclF",158690,0,0,"cabaneros",6,4
"MedScrub",187005,0,0,"cabaneros",6,4
"Reforestation",57,0,0,"cabaneros",6,4
"RipF",4764,0,0,"cabaneros",6,4
"RockScreeVeg",11067,0,0,"cabaneros",6,4
"SMedMarF",69447,0,0,"cabaneros",6,4
"Shrub",21978,0,0,"cabaneros",6,4
"WaterSurf",177,0,0,"cabaneros",6,4
"ArtSurf",7418,0,0,"cabaneros",6,5
"Crop",2473,0,0,"cabaneros",6,5
"Dehesa",36272,0,0,"cabaneros",6,5
"Grass",52784,0,0,"cabaneros",6,5
"HydroRipVeg",554,0,0,"cabaneros",6,5
"MedConF",35896,0,0,"cabaneros",6,5
"MedSclF",158690,0,0,"cabaneros",6,5
"MedScrub",187005,0,0,"cabaneros",6,5
"Reforestation",57,0,0,"cabaneros",6,5
"RipF",4764,0,0,"cabaneros",6,5
"RockScreeVeg",11067,0,0,"cabaneros",6,5
"SMedMarF",69447,0,0,"cabaneros",6,5
"Shrub",21978,0,0,"cabaneros",6,5
"WaterSurf",177,0,0,"cabaneros",6,5
"ArtSurf",7418,0,0,"cabaneros",6,6
"Crop",2473,0,0,"cabaneros",6,6
"Dehesa",36272,0,0,"cabaneros",6,6
"Grass",52784,0,0,"cabaneros",6,6
"HydroRipVeg",554,0,0,"cabaneros",6,6
"MedConF",35896,0,0,"cabaneros",6,6
"MedSclF",158690,0,0,"cabaneros",6,6
"MedScrub",187005,0,0,"cabaneros",6,6
"Reforestation",57,0,0,"cabaneros",6,6
"RipF",4764,0,0,"cabaneros",6,6
"RockScreeVeg",11067,0,0,"cabaneros",6,6
"SMedMarF",69447,0,0,"cabaneros",6,6
"Shrub",21978,0,0,"cabaneros",6,6
"WaterSurf",177,0,0,"cabaneros",6,6
"ArtSurf",7418,0,0,"cabaneros",6,7
"Crop",2473,0,0,"cabaneros",6,7
"Dehesa",36272,0,0,"cabaneros",6,7
"Grass",52784,0,0,"cabaneros",6,7
"HydroRipVeg",554,0,0,"cabaneros",6,7
"MedConF",35896,0,0,"cabaneros",6,7
"MedSclF",158690,0,0,"cabaneros",6,7
"MedScrub",187005,0,0,"cabaneros",6,7
"Reforestation",57,0,0,"cabaneros",6,7
"RipF",4764,0,0,"cabaneros",6,7
"RockScreeVeg",11067,0,0,"cabaneros",6,7
"SMedMarF",69447,0,0,"cabaneros",6,7
"Shrub",21978,0,0,"cabaneros",6,7
"WaterSurf",177,0,0,"cabaneros",6,7
"ArtSurf",7418,0,0,"cabaneros",6,8
"Crop",2473,0,0,"cabaneros",6,8
"Dehesa",36272,0,0,"cabaneros",6,8
"Grass",52784,0,0,"cabaneros",6,8
"HydroRipVeg",554,0,0,"cabaneros",6,8
"MedConF",35896,0,0,"cabaneros",6,8
"MedSclF",158690,0,0,"cabaneros",6,8
"MedScrub",187005,0,0,"cabaneros",6,8
"Reforestation",57,0,0,"cabaneros",6,8
"RipF",4764,0,0,"cabaneros",6,8
"RockScreeVeg",11067,0,0,"cabaneros",6,8
"SMedMarF",69447,0,0,"cabaneros",6,8
"Shrub",21978,0,0,"cabaneros",6,8
"WaterSurf",177,0,0,"cabaneros",6,8
"ArtSurf",7418,0,0,"cabaneros",6,9
"Crop",2473,0,0,"cabaneros",6,9
"Dehesa",36272,0,0,"cabaneros",6,9
"Grass",52784,0,0,"cabaneros",6,9
"HydroRipVeg",554,0,0,"cabaneros",6,9
"MedConF",35896,0,0,"cabaneros",6,9
"MedSclF",158690,0,0,"cabaneros",6,9
"MedScrub",187005,0,0,"cabaneros",6,9
"Reforestation",57,0,0,"cabaneros",6,9
"RipF",4764,0,0,"cabaneros",6,9
"RockScreeVeg",11067,0,0,"cabaneros",6,9
"SMedMarF",69447,0,0,"cabaneros",6,9
"Shrub",21978,0,0,"cabaneros",6,9
"WaterSurf",177,0,0,"cabaneros",6,9
"ArtSurf",7418,0,0,"cabaneros",6,10
"Crop",2473,0,0,"cabaneros",6,10
"Dehesa",36272,0,0,"cabaneros",6,10
"Grass",52784,0,0,"cabaneros",6,10
"HydroRipVeg",554,0,0,"cabaneros",6,10
"MedConF",35896,0,0,"cabaneros",6,10
"MedSclF",158690,0,0,"cabaneros",6,10
"MedScrub",187005,0,0,"cabaneros",6,10
"Reforestation",57,0,0,"cabaneros",6,10
"RipF",4764,0,0,"cabaneros",6,10
"RockScreeVeg",11067,0,0,"cabaneros",6,10
"SMedMarF",69447,0,0,"cabaneros",6,10
"Shrub",21978,0,0,"cabaneros",6,10
"WaterSurf",177,0,0,"cabaneros",6,10
"ArtSurf",7418,0,0,"cabaneros",6,11
"Crop",2473,0,0,"cabaneros",6,11
"Dehesa",36272,0,0,"cabaneros",6,11
"Grass",52784,0,0,"cabaneros",6,11
"HydroRipVeg",554,0,0,"cabaneros",6,11
"MedConF",35896,0,0,"cabaneros",6,11
"MedSclF",158690,0,0,"cabaneros",6,11
"MedScrub",187005,0,0,"cabaneros",6,11
"Reforestation",57,0,0,"cabaneros",6,11
"RipF",4764,0,0,"cabaneros",6,11
"RockScreeVeg",11067,0,0,"cabaneros",6,11
"SMedMarF",69447,0,0,"cabaneros",6,11
"Shrub",21978,0,0,"cabaneros",6,11
"WaterSurf",177,0,0,"cabaneros",6,11
"ArtSurf",7418,0,0,"cabaneros",6,12
"Crop",2473,0,0,"cabaneros",6,12
"Dehesa",36272,0,0,"cabaneros",6,12
"Grass",52784,0,0,"cabaneros",6,12
"HydroRipVeg",554,0,0,"cabaneros",6,12
"MedConF",35896,0,0,"cabaneros",6,12
"MedSclF",158688,0,0,"cabaneros",6,12
"MedScrub",187005,0,0,"cabaneros",6,12
"Reforestation",57,0,0,"cabaneros",6,12
"RipF",4764,0,0,"cabaneros",6,12
"RockScreeVeg",11067,0,0,"cabaneros",6,12
"SMedMarF",69447,0,0,"cabaneros",6,12
"Shrub",21978,0,0,"cabaneros",6,12
"WaterSurf",177,0,0,"cabaneros",6,12
"ArtSurf",7418,0,0,"cabaneros",9,1
"Crop",2473,0,0,"cabaneros",9,1
"Dehesa",36272,0,0,"cabaneros",9,1
"Grass",52784,0,0,"cabaneros",9,1
"HydroRipVeg",554,0,0,"cabaneros",9,1
"MedConF",35896,0,0,"cabaneros",9,1
"MedSclF",158690,0,0,"cabaneros",9,1
"MedScrub",187005,0,0,"cabaneros",9,1
"Reforestation",57,0,0,"cabaneros",9,1
"RipF",4764,0,0,"cabaneros",9,1
"RockScreeVeg",11067,0,0,"cabaneros",9,1
"SMedMarF",69447,0,0,"cabaneros",9,1
"Shrub",21978,0,0,"cabaneros",9,1
"WaterSurf",177,0,0,"cabaneros",9,1
"ArtSurf",7418,119,1.6,"cabaneros",9,2
"Crop",2473,766,30.97,"cabaneros",9,2
"Dehesa",36272,10225,28.19,"cabaneros",9,2
"Grass",52784,20591,39.01,"cabaneros",9,2
"HydroRipVeg",554,28,5.05,"cabaneros",9,2
"MedConF",35896,6,0.02,"cabaneros",9,2
"MedSclF",158690,824,0.52,"cabaneros",9,2
"MedScrub",187005,832,0.44,"cabaneros",9,2
"Reforestation",57,10,17.54,"cabaneros",9,2
"RipF",4764,107,2.25,"cabaneros",9,2
"RockScreeVeg",11067,33,0.3,"cabaneros",9,2
"SMedMarF",69447,776,1.12,"cabaneros",9,2
"Shrub",21978,903,4.11,"cabaneros",9,2
"WaterSurf",177,2,1.13,"cabaneros",9,2
"ArtSurf",7418,1,0.01,"cabaneros",9,3
"Crop",2473,26,1.05,"cabaneros",9,3
"Dehesa",36272,279,0.77,"cabaneros",9,3
"Grass",52784,1082,2.05,"cabaneros",9,3
"HydroRipVeg",554,1,0.18,"cabaneros",9,3
"MedConF",35896,0,0,"cabaneros",9,3
"MedSclF",158690,26,0.02,"cabaneros",9,3
"MedScrub",187005,35,0.02,"cabaneros",9,3
"Reforestation",57,0,0,"cabaneros",9,3
"RipF",4764,7,0.15,"cabaneros",9,3
"RockScreeVeg",11067,0,0,"cabaneros",9,3
"SMedMarF",69447,56,0.08,"cabaneros",9,3
"Shrub",21978,49,0.22,"cabaneros",9,3
"WaterSurf",177,0,0,"cabaneros",9,3
"ArtSurf",7418,0,0,"cabaneros",9,4
"Crop",2473,0,0,"cabaneros",9,4
"Dehesa",36272,0,0,"cabaneros",9,4
"Grass",52784,0,0,"cabaneros",9,4
"HydroRipVeg",554,0,0,"cabaneros",9,4
"MedConF",35896,0,0,"cabaneros",9,4
"MedSclF",158690,0,0,"cabaneros",9,4
"MedScrub",187005,0,0,"cabaneros",9,4
"Reforestation",57,0,0,"cabaneros",9,4
"RipF",4764,0,0,"cabaneros",9,4
"RockScreeVeg",11067,0,0,"cabaneros",9,4
"SMedMarF",69447,0,0,"cabaneros",9,4
"Shrub",21978,0,0,"cabaneros",9,4
"WaterSurf",177,0,0,"cabaneros",9,4
"ArtSurf",7418,0,0,"cabaneros",9,5
"Crop",2473,0,0,"cabaneros",9,5
"Dehesa",36272,0,0,"cabaneros",9,5
"Grass",52784,0,0,"cabaneros",9,5
"HydroRipVeg",554,0,0,"cabaneros",9,5
"MedConF",35896,0,0,"cabaneros",9,5
"MedSclF",158690,0,0,"cabaneros",9,5
"MedScrub",187005,0,0,"cabaneros",9,5
"Reforestation",57,0,0,"cabaneros",9,5
"RipF",4764,0,0,"cabaneros",9,5
"RockScreeVeg",11067,0,0,"cabaneros",9,5
"SMedMarF",69447,0,0,"cabaneros",9,5
"Shrub",21978,0,0,"cabaneros",9,5
"WaterSurf",177,0,0,"cabaneros",9,5
"ArtSurf",7418,0,0,"cabaneros",9,6
"Crop",2473,0,0,"cabaneros",9,6
"Dehesa",36272,0,0,"cabaneros",9,6
"Grass",52784,0,0,"cabaneros",9,6
"HydroRipVeg",554,0,0,"cabaneros",9,6
"MedConF",35896,0,0,"cabaneros",9,6
"MedSclF",158690,0,0,"cabaneros",9,6
"MedScrub",187005,0,0,"cabaneros",9,6
"Reforestation",57,0,0,"cabaneros",9,6
"RipF",4764,0,0,"cabaneros",9,6
"RockScreeVeg",11067,0,0,"cabaneros",9,6
"SMedMarF",69447,0,0,"cabaneros",9,6
"Shrub",21978,0,0,"cabaneros",9,6
"WaterSurf",177,0,0,"cabaneros",9,6
"ArtSurf",7418,0,0,"cabaneros",9,7
"Crop",2473,0,0,"cabaneros",9,7
"Dehesa",36272,0,0,"cabaneros",9,7
"Grass",52784,0,0,"cabaneros",9,7
"HydroRipVeg",554,0,0,"cabaneros",9,7
"MedConF",35896,0,0,"cabaneros",9,7
"MedSclF",158690,0,0,"cabaneros",9,7
"MedScrub",187005,0,0,"cabaneros",9,7
"Reforestation",57,0,0,"cabaneros",9,7
"RipF",4764,0,0,"cabaneros",9,7
"RockScreeVeg",11067,0,0,"cabaneros",9,7
"SMedMarF",69447,0,0,"cabaneros",9,7
"Shrub",21978,0,0,"cabaneros",9,7
"WaterSurf",177,0,0,"cabaneros",9,7
"ArtSurf",7418,0,0,"cabaneros",9,8
"Crop",2473,0,0,"cabaneros",9,8
"Dehesa",36272,0,0,"cabaneros",9,8
"Grass",52784,0,0,"cabaneros",9,8
"HydroRipVeg",554,0,0,"cabaneros",9,8
"MedConF",35896,0,0,"cabaneros",9,8
"MedSclF",158690,0,0,"cabaneros",9,8
"MedScrub",187005,0,0,"cabaneros",9,8
"Reforestation",57,0,0,"cabaneros",9,8
"RipF",4764,0,0,"cabaneros",9,8
"RockScreeVeg",11067,0,0,"cabaneros",9,8
"SMedMarF",69447,0,0,"cabaneros",9,8
"Shrub",21978,0,0,"cabaneros",9,8
"WaterSurf",177,0,0,"cabaneros",9,8
"ArtSurf",7418,0,0,"cabaneros",9,9
"Crop",2473,0,0,"cabaneros",9,9
"Dehesa",36272,0,0,"cabaneros",9,9
"Grass",52784,0,0,"cabaneros",9,9
"HydroRipVeg",554,0,0,"cabaneros",9,9
"MedConF",35896,0,0,"cabaneros",9,9
"MedSclF",158690,0,0,"cabaneros",9,9
"MedScrub",187005,0,0,"cabaneros",9,9
"Reforestation",57,0,0,"cabaneros",9,9
"RipF",4764,0,0,"cabaneros",9,9
"RockScreeVeg",11067,0,0,"cabaneros",9,9
"SMedMarF",69447,0,0,"cabaneros",9,9
"Shrub",21978,0,0,"cabaneros",9,9
"WaterSurf",177,0,0,"cabaneros",9,9
"ArtSurf",7418,0,0,"cabaneros",9,10
"Crop",2473,0,0,"cabaneros",9,10
"Dehesa",36272,0,0,"cabaneros",9,10
"Grass",52784,0,0,"cabaneros",9,10
"HydroRipVeg",554,0,0,"cabaneros",9,10
"MedConF",35896,0,0,"cabaneros",9,10
"MedSclF",158690,0,0,"cabaneros",9,10
"MedScrub",187005,0,0,"cabaneros",9,10
"Reforestation",57,0,0,"cabaneros",9,10
"RipF",4764,0,0,"cabaneros",9,10
"RockScreeVeg",11067,0,0,"cabaneros",9,10
"SMedMarF",69447,0,0,"cabaneros",9,10
"Shrub",21978,0,0,"cabaneros",9,10
"WaterSurf",177,0,0,"cabaneros",9,10
"ArtSurf",7418,0,0,"cabaneros",9,11
"Crop",2473,0,0,"cabaneros",9,11
"Dehesa",36272,0,0,"cabaneros",9,11
"Grass",52784,0,0,"cabaneros",9,11
"HydroRipVeg",554,0,0,"cabaneros",9,11
"MedConF",35896,0,0,"cabaneros",9,11
"MedSclF",158690,0,0,"cabaneros",9,11
"MedScrub",187005,0,0,"cabaneros",9,11
"Reforestation",57,0,0,"cabaneros",9,11
"RipF",4764,0,0,"cabaneros",9,11
"RockScreeVeg",11067,0,0,"cabaneros",9,11
"SMedMarF",69447,0,0,"cabaneros",9,11
"Shrub",21978,0,0,"cabaneros",9,11
"WaterSurf",177,0,0,"cabaneros",9,11
"ArtSurf",7418,0,0,"cabaneros",9,12
"Crop",2473,0,0,"cabaneros",9,12
"Dehesa",36272,0,0,"cabaneros",9,12
"Grass",52784,0,0,"cabaneros",9,12
"HydroRipVeg",554,0,0,"cabaneros",9,12
"MedConF",35896,0,0,"cabaneros",9,12
"MedSclF",158688,0,0,"cabaneros",9,12
"MedScrub",187005,0,0,"cabaneros",9,12
"Reforestation",57,0,0,"cabaneros",9,12
"RipF",4764,0,0,"cabaneros",9,12
"RockScreeVeg",11067,0,0,"cabaneros",9,12
"SMedMarF",69447,0,0,"cabaneros",9,12
"Shrub",21978,0,0,"cabaneros",9,12
"WaterSurf",177,0,0,"cabaneros",9,12
"ArtSurf",7418,0,0,"cabaneros",12,1
"Crop",2473,0,0,"cabaneros",12,1
"Dehesa",36272,0,0,"cabaneros",12,1
"Grass",52784,0,0,"cabaneros",12,1
"HydroRipVeg",554,0,0,"cabaneros",12,1
"MedConF",35896,0,0,"cabaneros",12,1
"MedSclF",158690,0,0,"cabaneros",12,1
"MedScrub",187005,0,0,"cabaneros",12,1
"Reforestation",57,0,0,"cabaneros",12,1
"RipF",4764,0,0,"cabaneros",12,1
"RockScreeVeg",11067,0,0,"cabaneros",12,1
"SMedMarF",69447,0,0,"cabaneros",12,1
"Shrub",21978,0,0,"cabaneros",12,1
"WaterSurf",177,0,0,"cabaneros",12,1
"ArtSurf",7418,60,0.81,"cabaneros",12,2
"Crop",2473,388,15.69,"cabaneros",12,2
"Dehesa",36272,5907,16.29,"cabaneros",12,2
"Grass",52784,12482,23.65,"cabaneros",12,2
"HydroRipVeg",554,11,1.99,"cabaneros",12,2
"MedConF",35896,3,0.01,"cabaneros",12,2
"MedSclF",158690,438,0.28,"cabaneros",12,2
"MedScrub",187005,322,0.17,"cabaneros",12,2
"Reforestation",57,6,10.53,"cabaneros",12,2
"RipF",4764,53,1.11,"cabaneros",12,2
"RockScreeVeg",11067,7,0.06,"cabaneros",12,2
"SMedMarF",69447,430,0.62,"cabaneros",12,2
"Shrub",21978,470,2.14,"cabaneros",12,2
"WaterSurf",177,1,0.56,"cabaneros",12,2
"ArtSurf",7418,1,0.01,"cabaneros",12,3
"Crop",2473,34,1.37,"cabaneros",12,3
"Dehesa",36272,624,1.72,"cabaneros",12,3
"Grass",52784,1674,3.17,"cabaneros",12,3
"HydroRipVeg",554,1,0.18,"cabaneros",12,3
"MedConF",35896,1,0,"cabaneros",12,3
"MedSclF",158690,68,0.04,"cabaneros",12,3
"MedScrub",187005,27,0.01,"cabaneros",12,3
"Reforestation",57,0,0,"cabaneros",12,3
"RipF",4764,7,0.15,"cabaneros",12,3
"RockScreeVeg",11067,2,0.02,"cabaneros",12,3
"SMedMarF",69447,66,0.1,"cabaneros",12,3
"Shrub",21978,79,0.36,"cabaneros",12,3
"WaterSurf",177,0,0,"cabaneros",12,3
"ArtSurf",7418,0,0,"cabaneros",12,4
"Crop",2473,0,0,"cabaneros",12,4
"Dehesa",36272,0,0,"cabaneros",12,4
"Grass",52784,0,0,"cabaneros",12,4
"HydroRipVeg",554,0,0,"cabaneros",12,4
"MedConF",35896,0,0,"cabaneros",12,4
"MedSclF",158690,0,0,"cabaneros",12,4
"MedScrub",187005,0,0,"cabaneros",12,4
"Reforestation",57,0,0,"cabaneros",12,4
"RipF",4764,0,0,"cabaneros",12,4
"RockScreeVeg",11067,0,0,"cabaneros",12,4
"SMedMarF",69447,0,0,"cabaneros",12,4
"Shrub",21978,0,0,"cabaneros",12,4
"WaterSurf",177,0,0,"cabaneros",12,4
"ArtSurf",7418,0,0,"cabaneros",12,5
"Crop",2473,0,0,"cabaneros",12,5
"Dehesa",36272,0,0,"cabaneros",12,5
"Grass",52784,0,0,"cabaneros",12,5
"HydroRipVeg",554,0,0,"cabaneros",12,5
"MedConF",35896,0,0,"cabaneros",12,5
"MedSclF",158690,0,0,"cabaneros",12,5
"MedScrub",187005,0,0,"cabaneros",12,5
"Reforestation",57,0,0,"cabaneros",12,5
"RipF",4764,0,0,"cabaneros",12,5
"RockScreeVeg",11067,0,0,"cabaneros",12,5
"SMedMarF",69447,0,0,"cabaneros",12,5
"Shrub",21978,0,0,"cabaneros",12,5
"WaterSurf",177,0,0,"cabaneros",12,5
"ArtSurf",7418,0,0,"cabaneros",12,6
"Crop",2473,0,0,"cabaneros",12,6
"Dehesa",36272,0,0,"cabaneros",12,6
"Grass",52784,0,0,"cabaneros",12,6
"HydroRipVeg",554,0,0,"cabaneros",12,6
"MedConF",35896,0,0,"cabaneros",12,6
"MedSclF",158690,0,0,"cabaneros",12,6
"MedScrub",187005,0,0,"cabaneros",12,6
"Reforestation",57,0,0,"cabaneros",12,6
"RipF",4764,0,0,"cabaneros",12,6
"RockScreeVeg",11067,0,0,"cabaneros",12,6
"SMedMarF",69447,0,0,"cabaneros",12,6
"Shrub",21978,0,0,"cabaneros",12,6
"WaterSurf",177,0,0,"cabaneros",12,6
"ArtSurf",7418,0,0,"cabaneros",12,7
"Crop",2473,0,0,"cabaneros",12,7
"Dehesa",36272,0,0,"cabaneros",12,7
"Grass",52784,0,0,"cabaneros",12,7
"HydroRipVeg",554,0,0,"cabaneros",12,7
"MedConF",35896,0,0,"cabaneros",12,7
"MedSclF",158690,0,0,"cabaneros",12,7
"MedScrub",187005,0,0,"cabaneros",12,7
"Reforestation",57,0,0,"cabaneros",12,7
"RipF",4764,0,0,"cabaneros",12,7
"RockScreeVeg",11067,0,0,"cabaneros",12,7
"SMedMarF",69447,0,0,"cabaneros",12,7
"Shrub",21978,0,0,"cabaneros",12,7
"WaterSurf",177,0,0,"cabaneros",12,7
"ArtSurf",7418,0,0,"cabaneros",12,8
"Crop",2473,0,0,"cabaneros",12,8
"Dehesa",36272,0,0,"cabaneros",12,8
"Grass",52784,0,0,"cabaneros",12,8
"HydroRipVeg",554,0,0,"cabaneros",12,8
"MedConF",35896,0,0,"cabaneros",12,8
"MedSclF",158690,0,0,"cabaneros",12,8
"MedScrub",187005,0,0,"cabaneros",12,8
"Reforestation",57,0,0,"cabaneros",12,8
"RipF",4764,0,0,"cabaneros",12,8
"RockScreeVeg",11067,0,0,"cabaneros",12,8
"SMedMarF",69447,0,0,"cabaneros",12,8
"Shrub",21978,0,0,"cabaneros",12,8
"WaterSurf",177,0,0,"cabaneros",12,8
"ArtSurf",7418,0,0,"cabaneros",12,9
"Crop",2473,0,0,"cabaneros",12,9
"Dehesa",36272,0,0,"cabaneros",12,9
"Grass",52784,0,0,"cabaneros",12,9
"HydroRipVeg",554,0,0,"cabaneros",12,9
"MedConF",35896,0,0,"cabaneros",12,9
"MedSclF",158690,0,0,"cabaneros",12,9
"MedScrub",187005,0,0,"cabaneros",12,9
"Reforestation",57,0,0,"cabaneros",12,9
"RipF",4764,0,0,"cabaneros",12,9
"RockScreeVeg",11067,0,0,"cabaneros",12,9
"SMedMarF",69447,0,0,"cabaneros",12,9
"Shrub",21978,0,0,"cabaneros",12,9
"WaterSurf",177,0,0,"cabaneros",12,9
"ArtSurf",7418,0,0,"cabaneros",12,10
"Crop",2473,0,0,"cabaneros",12,10
"Dehesa",36272,0,0,"cabaneros",12,10
"Grass",52784,0,0,"cabaneros",12,10
"HydroRipVeg",554,0,0,"cabaneros",12,10
"MedConF",35896,0,0,"cabaneros",12,10
"MedSclF",158690,0,0,"cabaneros",12,10
"MedScrub",187005,0,0,"cabaneros",12,10
"Reforestation",57,0,0,"cabaneros",12,10
"RipF",4764,0,0,"cabaneros",12,10
"RockScreeVeg",11067,0,0,"cabaneros",12,10
"SMedMarF",69447,0,0,"cabaneros",12,10
"Shrub",21978,0,0,"cabaneros",12,10
"WaterSurf",177,0,0,"cabaneros",12,10
"ArtSurf",7418,0,0,"cabaneros",12,11
"Crop",2473,0,0,"cabaneros",12,11
"Dehesa",36272,0,0,"cabaneros",12,11
"Grass",52784,0,0,"cabaneros",12,11
"HydroRipVeg",554,0,0,"cabaneros",12,11
"MedConF",35896,0,0,"cabaneros",12,11
"MedSclF",158690,0,0,"cabaneros",12,11
"MedScrub",187005,0,0,"cabaneros",12,11
"Reforestation",57,0,0,"cabaneros",12,11
"RipF",4764,0,0,"cabaneros",12,11
"RockScreeVeg",11067,0,0,"cabaneros",12,11
"SMedMarF",69447,0,0,"cabaneros",12,11
"Shrub",21978,0,0,"cabaneros",12,11
"WaterSurf",177,0,0,"cabaneros",12,11
"ArtSurf",7418,0,0,"cabaneros",12,12
"Crop",2473,0,0,"cabaneros",12,12
"Dehesa",36272,0,0,"cabaneros",12,12
"Grass",52784,0,0,"cabaneros",12,12
"HydroRipVeg",554,0,0,"cabaneros",12,12
"MedConF",35896,0,0,"cabaneros",12,12
"MedSclF",158688,0,0,"cabaneros",12,12
"MedScrub",187005,0,0,"cabaneros",12,12
"Reforestation",57,0,0,"cabaneros",12,12
"RipF",4764,0,0,"cabaneros",12,12
"RockScreeVeg",11067,0,0,"cabaneros",12,12
"SMedMarF",69447,0,0,"cabaneros",12,12
"Shrub",21978,0,0,"cabaneros",12,12
"WaterSurf",177,0,0,"cabaneros",12,12
"AridScr",7823,0,0,"cabrera",1,1
"ArtSurf",94,0,0,"cabrera",1,1
"BareArea",1122,0,0,"cabrera",1,1
"Crop",4,0,0,"cabrera",1,1
"Grass",13,0,0,"cabrera",1,1
"HaloVeg",52,0,0,"cabrera",1,1
"MedConF",8797,0,0,"cabrera",1,1
"MedScrub",486,0,0,"cabrera",1,1
"SaltMar",276,0,0,"cabrera",1,1
"AridScr",7823,0,0,"cabrera",1,2
"ArtSurf",94,0,0,"cabrera",1,2
"BareArea",1122,0,0,"cabrera",1,2
"Crop",4,0,0,"cabrera",1,2
"Grass",13,0,0,"cabrera",1,2
"HaloVeg",52,0,0,"cabrera",1,2
"MedConF",8797,0,0,"cabrera",1,2
"MedScrub",486,0,0,"cabrera",1,2
"SaltMar",276,0,0,"cabrera",1,2
"AridScr",7823,0,0,"cabrera",1,3
"ArtSurf",94,0,0,"cabrera",1,3
"BareArea",1122,0,0,"cabrera",1,3
"Crop",4,0,0,"cabrera",1,3
"Grass",13,0,0,"cabrera",1,3
"HaloVeg",52,0,0,"cabrera",1,3
"MedConF",8797,0,0,"cabrera",1,3
"MedScrub",486,0,0,"cabrera",1,3
"SaltMar",276,0,0,"cabrera",1,3
"AridScr",7823,0,0,"cabrera",1,4
"ArtSurf",94,0,0,"cabrera",1,4
"BareArea",1122,0,0,"cabrera",1,4
"Crop",4,0,0,"cabrera",1,4
"Grass",13,0,0,"cabrera",1,4
"HaloVeg",52,0,0,"cabrera",1,4
"MedConF",8797,0,0,"cabrera",1,4
"MedScrub",486,0,0,"cabrera",1,4
"SaltMar",276,0,0,"cabrera",1,4
"AridScr",7823,0,0,"cabrera",1,5
"ArtSurf",94,0,0,"cabrera",1,5
"BareArea",1122,0,0,"cabrera",1,5
"Crop",4,0,0,"cabrera",1,5
"Grass",13,0,0,"cabrera",1,5
"HaloVeg",52,0,0,"cabrera",1,5
"MedConF",8797,0,0,"cabrera",1,5
"MedScrub",486,0,0,"cabrera",1,5
"SaltMar",276,0,0,"cabrera",1,5
"AridScr",7823,0,0,"cabrera",1,6
"ArtSurf",94,0,0,"cabrera",1,6
"BareArea",1122,0,0,"cabrera",1,6
"Crop",4,0,0,"cabrera",1,6
"Grass",13,0,0,"cabrera",1,6
"HaloVeg",52,0,0,"cabrera",1,6
"MedConF",8797,0,0,"cabrera",1,6
"MedScrub",486,0,0,"cabrera",1,6
"SaltMar",276,1,0.36,"cabrera",1,6
"AridScr",7823,0,0,"cabrera",1,7
"ArtSurf",94,1,1.06,"cabrera",1,7
"BareArea",1122,0,0,"cabrera",1,7
"Crop",4,0,0,"cabrera",1,7
"Grass",13,0,0,"cabrera",1,7
"HaloVeg",52,0,0,"cabrera",1,7
"MedConF",8797,0,0,"cabrera",1,7
"MedScrub",486,0,0,"cabrera",1,7
"SaltMar",276,0,0,"cabrera",1,7
"AridScr",7823,0,0,"cabrera",1,8
"ArtSurf",94,0,0,"cabrera",1,8
"BareArea",1122,0,0,"cabrera",1,8
"Crop",4,0,0,"cabrera",1,8
"Grass",13,0,0,"cabrera",1,8
"HaloVeg",52,0,0,"cabrera",1,8
"MedConF",8797,0,0,"cabrera",1,8
"MedScrub",486,0,0,"cabrera",1,8
"SaltMar",276,0,0,"cabrera",1,8
"AridScr",7823,0,0,"cabrera",1,9
"ArtSurf",94,0,0,"cabrera",1,9
"BareArea",1122,0,0,"cabrera",1,9
"Crop",4,0,0,"cabrera",1,9
"Grass",13,0,0,"cabrera",1,9
"HaloVeg",52,0,0,"cabrera",1,9
"MedConF",8797,0,0,"cabrera",1,9
"MedScrub",486,0,0,"cabrera",1,9
"SaltMar",276,0,0,"cabrera",1,9
"AridScr",7823,0,0,"cabrera",1,10
"ArtSurf",94,0,0,"cabrera",1,10
"BareArea",1122,0,0,"cabrera",1,10
"Crop",4,0,0,"cabrera",1,10
"Grass",13,0,0,"cabrera",1,10
"HaloVeg",52,0,0,"cabrera",1,10
"MedConF",8797,0,0,"cabrera",1,10
"MedScrub",486,0,0,"cabrera",1,10
"SaltMar",276,0,0,"cabrera",1,10
"AridScr",7823,0,0,"cabrera",1,11
"ArtSurf",94,0,0,"cabrera",1,11
"BareArea",1122,0,0,"cabrera",1,11
"Crop",4,0,0,"cabrera",1,11
"Grass",13,0,0,"cabrera",1,11
"HaloVeg",52,0,0,"cabrera",1,11
"MedConF",8797,0,0,"cabrera",1,11
"MedScrub",486,0,0,"cabrera",1,11
"SaltMar",276,0,0,"cabrera",1,11
"AridScr",7823,0,0,"cabrera",1,12
"ArtSurf",94,0,0,"cabrera",1,12
"BareArea",1122,0,0,"cabrera",1,12
"Crop",4,0,0,"cabrera",1,12
"Grass",13,0,0,"cabrera",1,12
"HaloVeg",52,0,0,"cabrera",1,12
"MedConF",8797,0,0,"cabrera",1,12
"MedScrub",486,0,0,"cabrera",1,12
"SaltMar",276,0,0,"cabrera",1,12
"AridScr",7823,0,0,"cabrera",3,1
"ArtSurf",94,0,0,"cabrera",3,1
"BareArea",1122,0,0,"cabrera",3,1
"Crop",4,0,0,"cabrera",3,1
"Grass",13,0,0,"cabrera",3,1
"HaloVeg",52,0,0,"cabrera",3,1
"MedConF",8797,0,0,"cabrera",3,1
"MedScrub",486,0,0,"cabrera",3,1
"SaltMar",276,0,0,"cabrera",3,1
"AridScr",7823,0,0,"cabrera",3,2
"ArtSurf",94,0,0,"cabrera",3,2
"BareArea",1122,0,0,"cabrera",3,2
"Crop",4,0,0,"cabrera",3,2
"Grass",13,0,0,"cabrera",3,2
"HaloVeg",52,0,0,"cabrera",3,2
"MedConF",8797,0,0,"cabrera",3,2
"MedScrub",486,0,0,"cabrera",3,2
"SaltMar",276,0,0,"cabrera",3,2
"AridScr",7823,0,0,"cabrera",3,3
"ArtSurf",94,0,0,"cabrera",3,3
"BareArea",1122,0,0,"cabrera",3,3
"Crop",4,0,0,"cabrera",3,3
"Grass",13,0,0,"cabrera",3,3
"HaloVeg",52,0,0,"cabrera",3,3
"MedConF",8797,0,0,"cabrera",3,3
"MedScrub",486,0,0,"cabrera",3,3
"SaltMar",276,0,0,"cabrera",3,3
"AridScr",7823,1,0.01,"cabrera",3,4
"ArtSurf",94,0,0,"cabrera",3,4
"BareArea",1122,0,0,"cabrera",3,4
"Crop",4,0,0,"cabrera",3,4
"Grass",13,0,0,"cabrera",3,4
"HaloVeg",52,0,0,"cabrera",3,4
"MedConF",8797,0,0,"cabrera",3,4
"MedScrub",486,0,0,"cabrera",3,4
"SaltMar",276,0,0,"cabrera",3,4
"AridScr",7823,0,0,"cabrera",3,5
"ArtSurf",94,0,0,"cabrera",3,5
"BareArea",1122,0,0,"cabrera",3,5
"Crop",4,0,0,"cabrera",3,5
"Grass",13,0,0,"cabrera",3,5
"HaloVeg",52,0,0,"cabrera",3,5
"MedConF",8797,0,0,"cabrera",3,5
"MedScrub",486,0,0,"cabrera",3,5
"SaltMar",276,0,0,"cabrera",3,5
"AridScr",7823,0,0,"cabrera",3,6
"ArtSurf",94,0,0,"cabrera",3,6
"BareArea",1122,1,0.09,"cabrera",3,6
"Crop",4,0,0,"cabrera",3,6
"Grass",13,0,0,"cabrera",3,6
"HaloVeg",52,0,0,"cabrera",3,6
"MedConF",8797,0,0,"cabrera",3,6
"MedScrub",486,0,0,"cabrera",3,6
"SaltMar",276,0,0,"cabrera",3,6
"AridScr",7823,0,0,"cabrera",3,7
"ArtSurf",94,0,0,"cabrera",3,7
"BareArea",1122,1,0.09,"cabrera",3,7
"Crop",4,0,0,"cabrera",3,7
"Grass",13,0,0,"cabrera",3,7
"HaloVeg",52,0,0,"cabrera",3,7
"MedConF",8797,0,0,"cabrera",3,7
"MedScrub",486,0,0,"cabrera",3,7
"SaltMar",276,0,0,"cabrera",3,7
"AridScr",7823,0,0,"cabrera",3,8
"ArtSurf",94,0,0,"cabrera",3,8
"BareArea",1122,0,0,"cabrera",3,8
"Crop",4,0,0,"cabrera",3,8
"Grass",13,0,0,"cabrera",3,8
"HaloVeg",52,0,0,"cabrera",3,8
"MedConF",8797,0,0,"cabrera",3,8
"MedScrub",486,0,0,"cabrera",3,8
"SaltMar",276,0,0,"cabrera",3,8
"AridScr",7823,0,0,"cabrera",3,9
"ArtSurf",94,0,0,"cabrera",3,9
"BareArea",1122,0,0,"cabrera",3,9
"Crop",4,0,0,"cabrera",3,9
"Grass",13,0,0,"cabrera",3,9
"HaloVeg",52,0,0,"cabrera",3,9
"MedConF",8797,0,0,"cabrera",3,9
"MedScrub",486,0,0,"cabrera",3,9
"SaltMar",276,0,0,"cabrera",3,9
"AridScr",7823,0,0,"cabrera",3,10
"ArtSurf",94,0,0,"cabrera",3,10
"BareArea",1122,0,0,"cabrera",3,10
"Crop",4,0,0,"cabrera",3,10
"Grass",13,0,0,"cabrera",3,10
"HaloVeg",52,0,0,"cabrera",3,10
"MedConF",8797,0,0,"cabrera",3,10
"MedScrub",486,0,0,"cabrera",3,10
"SaltMar",276,0,0,"cabrera",3,10
"AridScr",7823,0,0,"cabrera",3,11
"ArtSurf",94,0,0,"cabrera",3,11
"BareArea",1122,0,0,"cabrera",3,11
"Crop",4,0,0,"cabrera",3,11
"Grass",13,0,0,"cabrera",3,11
"HaloVeg",52,0,0,"cabrera",3,11
"MedConF",8797,0,0,"cabrera",3,11
"MedScrub",486,0,0,"cabrera",3,11
"SaltMar",276,0,0,"cabrera",3,11
"AridScr",7823,0,0,"cabrera",3,12
"ArtSurf",94,0,0,"cabrera",3,12
"BareArea",1122,0,0,"cabrera",3,12
"Crop",4,0,0,"cabrera",3,12
"Grass",13,0,0,"cabrera",3,12
"HaloVeg",52,0,0,"cabrera",3,12
"MedConF",8797,0,0,"cabrera",3,12
"MedScrub",486,0,0,"cabrera",3,12
"SaltMar",276,0,0,"cabrera",3,12
"AridScr",7823,0,0,"cabrera",6,1
"ArtSurf",94,0,0,"cabrera",6,1
"BareArea",1122,0,0,"cabrera",6,1
"Crop",4,0,0,"cabrera",6,1
"Grass",13,0,0,"cabrera",6,1
"HaloVeg",52,0,0,"cabrera",6,1
"MedConF",8797,0,0,"cabrera",6,1
"MedScrub",486,0,0,"cabrera",6,1
"SaltMar",276,0,0,"cabrera",6,1
"AridScr",7823,0,0,"cabrera",6,2
"ArtSurf",94,0,0,"cabrera",6,2
"BareArea",1122,0,0,"cabrera",6,2
"Crop",4,0,0,"cabrera",6,2
"Grass",13,0,0,"cabrera",6,2
"HaloVeg",52,0,0,"cabrera",6,2
"MedConF",8797,0,0,"cabrera",6,2
"MedScrub",486,0,0,"cabrera",6,2
"SaltMar",276,0,0,"cabrera",6,2
"AridScr",7823,0,0,"cabrera",6,3
"ArtSurf",94,0,0,"cabrera",6,3
"BareArea",1122,0,0,"cabrera",6,3
"Crop",4,0,0,"cabrera",6,3
"Grass",13,0,0,"cabrera",6,3
"HaloVeg",52,0,0,"cabrera",6,3
"MedConF",8797,0,0,"cabrera",6,3
"MedScrub",486,0,0,"cabrera",6,3
"SaltMar",276,0,0,"cabrera",6,3
"AridScr",7823,0,0,"cabrera",6,4
"ArtSurf",94,0,0,"cabrera",6,4
"BareArea",1122,0,0,"cabrera",6,4
"Crop",4,0,0,"cabrera",6,4
"Grass",13,0,0,"cabrera",6,4
"HaloVeg",52,0,0,"cabrera",6,4
"MedConF",8797,0,0,"cabrera",6,4
"MedScrub",486,0,0,"cabrera",6,4
"SaltMar",276,0,0,"cabrera",6,4
"AridScr",7823,0,0,"cabrera",6,5
"ArtSurf",94,0,0,"cabrera",6,5
"BareArea",1122,0,0,"cabrera",6,5
"Crop",4,0,0,"cabrera",6,5
"Grass",13,0,0,"cabrera",6,5
"HaloVeg",52,0,0,"cabrera",6,5
"MedConF",8797,0,0,"cabrera",6,5
"MedScrub",486,0,0,"cabrera",6,5
"SaltMar",276,0,0,"cabrera",6,5
"AridScr",7823,0,0,"cabrera",6,6
"ArtSurf",94,0,0,"cabrera",6,6
"BareArea",1122,0,0,"cabrera",6,6
"Crop",4,0,0,"cabrera",6,6
"Grass",13,0,0,"cabrera",6,6
"HaloVeg",52,0,0,"cabrera",6,6
"MedConF",8797,0,0,"cabrera",6,6
"MedScrub",486,0,0,"cabrera",6,6
"SaltMar",276,0,0,"cabrera",6,6
"AridScr",7823,0,0,"cabrera",6,7
"ArtSurf",94,0,0,"cabrera",6,7
"BareArea",1122,0,0,"cabrera",6,7
"Crop",4,0,0,"cabrera",6,7
"Grass",13,0,0,"cabrera",6,7
"HaloVeg",52,0,0,"cabrera",6,7
"MedConF",8797,0,0,"cabrera",6,7
"MedScrub",486,0,0,"cabrera",6,7
"SaltMar",276,0,0,"cabrera",6,7
"AridScr",7823,0,0,"cabrera",6,8
"ArtSurf",94,0,0,"cabrera",6,8
"BareArea",1122,0,0,"cabrera",6,8
"Crop",4,0,0,"cabrera",6,8
"Grass",13,0,0,"cabrera",6,8
"HaloVeg",52,0,0,"cabrera",6,8
"MedConF",8797,0,0,"cabrera",6,8
"MedScrub",486,0,0,"cabrera",6,8
"SaltMar",276,0,0,"cabrera",6,8
"AridScr",7823,0,0,"cabrera",6,9
"ArtSurf",94,0,0,"cabrera",6,9
"BareArea",1122,0,0,"cabrera",6,9
"Crop",4,0,0,"cabrera",6,9
"Grass",13,0,0,"cabrera",6,9
"HaloVeg",52,0,0,"cabrera",6,9
"MedConF",8797,0,0,"cabrera",6,9
"MedScrub",486,0,0,"cabrera",6,9
"SaltMar",276,0,0,"cabrera",6,9
"AridScr",7823,0,0,"cabrera",6,10
"ArtSurf",94,0,0,"cabrera",6,10
"BareArea",1122,0,0,"cabrera",6,10
"Crop",4,0,0,"cabrera",6,10
"Grass",13,0,0,"cabrera",6,10
"HaloVeg",52,0,0,"cabrera",6,10
"MedConF",8797,0,0,"cabrera",6,10
"MedScrub",486,0,0,"cabrera",6,10
"SaltMar",276,0,0,"cabrera",6,10
"AridScr",7823,0,0,"cabrera",6,11
"ArtSurf",94,0,0,"cabrera",6,11
"BareArea",1122,0,0,"cabrera",6,11
"Crop",4,0,0,"cabrera",6,11
"Grass",13,0,0,"cabrera",6,11
"HaloVeg",52,0,0,"cabrera",6,11
"MedConF",8797,0,0,"cabrera",6,11
"MedScrub",486,0,0,"cabrera",6,11
"SaltMar",276,0,0,"cabrera",6,11
"AridScr",7823,0,0,"cabrera",6,12
"ArtSurf",94,0,0,"cabrera",6,12
"BareArea",1122,0,0,"cabrera",6,12
"Crop",4,0,0,"cabrera",6,12
"Grass",13,0,0,"cabrera",6,12
"HaloVeg",52,0,0,"cabrera",6,12
"MedConF",8797,0,0,"cabrera",6,12
"MedScrub",486,0,0,"cabrera",6,12
"SaltMar",276,0,0,"cabrera",6,12
"AridScr",7823,0,0,"cabrera",9,1
"ArtSurf",94,0,0,"cabrera",9,1
"BareArea",1122,0,0,"cabrera",9,1
"Crop",4,0,0,"cabrera",9,1
"Grass",13,0,0,"cabrera",9,1
"HaloVeg",52,0,0,"cabrera",9,1
"MedConF",8797,0,0,"cabrera",9,1
"MedScrub",486,0,0,"cabrera",9,1
"SaltMar",276,0,0,"cabrera",9,1
"AridScr",7823,0,0,"cabrera",9,2
"ArtSurf",94,0,0,"cabrera",9,2
"BareArea",1122,0,0,"cabrera",9,2
"Crop",4,0,0,"cabrera",9,2
"Grass",13,0,0,"cabrera",9,2
"HaloVeg",52,0,0,"cabrera",9,2
"MedConF",8797,0,0,"cabrera",9,2
"MedScrub",486,0,0,"cabrera",9,2
"SaltMar",276,0,0,"cabrera",9,2
"AridScr",7823,0,0,"cabrera",9,3
"ArtSurf",94,0,0,"cabrera",9,3
"BareArea",1122,0,0,"cabrera",9,3
"Crop",4,0,0,"cabrera",9,3
"Grass",13,0,0,"cabrera",9,3
"HaloVeg",52,0,0,"cabrera",9,3
"MedConF",8797,0,0,"cabrera",9,3
"MedScrub",486,0,0,"cabrera",9,3
"SaltMar",276,0,0,"cabrera",9,3
"AridScr",7823,0,0,"cabrera",9,4
"ArtSurf",94,0,0,"cabrera",9,4
"BareArea",1122,0,0,"cabrera",9,4
"Crop",4,0,0,"cabrera",9,4
"Grass",13,0,0,"cabrera",9,4
"HaloVeg",52,0,0,"cabrera",9,4
"MedConF",8797,0,0,"cabrera",9,4
"MedScrub",486,0,0,"cabrera",9,4
"SaltMar",276,0,0,"cabrera",9,4
"AridScr",7823,0,0,"cabrera",9,5
"ArtSurf",94,0,0,"cabrera",9,5
"BareArea",1122,0,0,"cabrera",9,5
"Crop",4,0,0,"cabrera",9,5
"Grass",13,0,0,"cabrera",9,5
"HaloVeg",52,0,0,"cabrera",9,5
"MedConF",8797,0,0,"cabrera",9,5
"MedScrub",486,0,0,"cabrera",9,5
"SaltMar",276,0,0,"cabrera",9,5
"AridScr",7823,0,0,"cabrera",9,6
"ArtSurf",94,0,0,"cabrera",9,6
"BareArea",1122,0,0,"cabrera",9,6
"Crop",4,0,0,"cabrera",9,6
"Grass",13,0,0,"cabrera",9,6
"HaloVeg",52,0,0,"cabrera",9,6
"MedConF",8797,0,0,"cabrera",9,6
"MedScrub",486,0,0,"cabrera",9,6
"SaltMar",276,0,0,"cabrera",9,6
"AridScr",7823,0,0,"cabrera",9,7
"ArtSurf",94,0,0,"cabrera",9,7
"BareArea",1122,0,0,"cabrera",9,7
"Crop",4,0,0,"cabrera",9,7
"Grass",13,0,0,"cabrera",9,7
"HaloVeg",52,0,0,"cabrera",9,7
"MedConF",8797,0,0,"cabrera",9,7
"MedScrub",486,0,0,"cabrera",9,7
"SaltMar",276,0,0,"cabrera",9,7
"AridScr",7823,0,0,"cabrera",9,8
"ArtSurf",94,0,0,"cabrera",9,8
"BareArea",1122,0,0,"cabrera",9,8
"Crop",4,0,0,"cabrera",9,8
"Grass",13,0,0,"cabrera",9,8
"HaloVeg",52,0,0,"cabrera",9,8
"MedConF",8797,0,0,"cabrera",9,8
"MedScrub",486,0,0,"cabrera",9,8
"SaltMar",276,0,0,"cabrera",9,8
"AridScr",7823,0,0,"cabrera",9,9
"ArtSurf",94,0,0,"cabrera",9,9
"BareArea",1122,0,0,"cabrera",9,9
"Crop",4,0,0,"cabrera",9,9
"Grass",13,0,0,"cabrera",9,9
"HaloVeg",52,0,0,"cabrera",9,9
"MedConF",8797,0,0,"cabrera",9,9
"MedScrub",486,0,0,"cabrera",9,9
"SaltMar",276,0,0,"cabrera",9,9
"AridScr",7823,0,0,"cabrera",9,10
"ArtSurf",94,0,0,"cabrera",9,10
"BareArea",1122,0,0,"cabrera",9,10
"Crop",4,0,0,"cabrera",9,10
"Grass",13,0,0,"cabrera",9,10
"HaloVeg",52,0,0,"cabrera",9,10
"MedConF",8797,0,0,"cabrera",9,10
"MedScrub",486,0,0,"cabrera",9,10
"SaltMar",276,0,0,"cabrera",9,10
"AridScr",7823,0,0,"cabrera",9,11
"ArtSurf",94,0,0,"cabrera",9,11
"BareArea",1122,0,0,"cabrera",9,11
"Crop",4,0,0,"cabrera",9,11
"Grass",13,0,0,"cabrera",9,11
"HaloVeg",52,0,0,"cabrera",9,11
"MedConF",8797,0,0,"cabrera",9,11
"MedScrub",486,0,0,"cabrera",9,11
"SaltMar",276,0,0,"cabrera",9,11
"AridScr",7823,0,0,"cabrera",9,12
"ArtSurf",94,0,0,"cabrera",9,12
"BareArea",1122,0,0,"cabrera",9,12
"Crop",4,0,0,"cabrera",9,12
"Grass",13,0,0,"cabrera",9,12
"HaloVeg",52,0,0,"cabrera",9,12
"MedConF",8797,0,0,"cabrera",9,12
"MedScrub",486,0,0,"cabrera",9,12
"SaltMar",276,0,0,"cabrera",9,12
"AridScr",7823,0,0,"cabrera",12,1
"ArtSurf",94,0,0,"cabrera",12,1
"BareArea",1122,0,0,"cabrera",12,1
"Crop",4,0,0,"cabrera",12,1
"Grass",13,0,0,"cabrera",12,1
"HaloVeg",52,0,0,"cabrera",12,1
"MedConF",8797,0,0,"cabrera",12,1
"MedScrub",486,0,0,"cabrera",12,1
"SaltMar",276,0,0,"cabrera",12,1
"AridScr",7823,0,0,"cabrera",12,2
"ArtSurf",94,0,0,"cabrera",12,2
"BareArea",1122,0,0,"cabrera",12,2
"Crop",4,0,0,"cabrera",12,2
"Grass",13,0,0,"cabrera",12,2
"HaloVeg",52,0,0,"cabrera",12,2
"MedConF",8797,0,0,"cabrera",12,2
"MedScrub",486,0,0,"cabrera",12,2
"SaltMar",276,0,0,"cabrera",12,2
"AridScr",7823,0,0,"cabrera",12,3
"ArtSurf",94,0,0,"cabrera",12,3
"BareArea",1122,0,0,"cabrera",12,3
"Crop",4,0,0,"cabrera",12,3
"Grass",13,0,0,"cabrera",12,3
"HaloVeg",52,0,0,"cabrera",12,3
"MedConF",8797,0,0,"cabrera",12,3
"MedScrub",486,0,0,"cabrera",12,3
"SaltMar",276,0,0,"cabrera",12,3
"AridScr",7823,0,0,"cabrera",12,4
"ArtSurf",94,0,0,"cabrera",12,4
"BareArea",1122,0,0,"cabrera",12,4
"Crop",4,0,0,"cabrera",12,4
"Grass",13,0,0,"cabrera",12,4
"HaloVeg",52,0,0,"cabrera",12,4
"MedConF",8797,0,0,"cabrera",12,4
"MedScrub",486,0,0,"cabrera",12,4
"SaltMar",276,0,0,"cabrera",12,4
"AridScr",7823,0,0,"cabrera",12,5
"ArtSurf",94,0,0,"cabrera",12,5
"BareArea",1122,0,0,"cabrera",12,5
"Crop",4,0,0,"cabrera",12,5
"Grass",13,0,0,"cabrera",12,5
"HaloVeg",52,0,0,"cabrera",12,5
"MedConF",8797,0,0,"cabrera",12,5
"MedScrub",486,0,0,"cabrera",12,5
"SaltMar",276,0,0,"cabrera",12,5
"AridScr",7823,0,0,"cabrera",12,6
"ArtSurf",94,0,0,"cabrera",12,6
"BareArea",1122,0,0,"cabrera",12,6
"Crop",4,0,0,"cabrera",12,6
"Grass",13,0,0,"cabrera",12,6
"HaloVeg",52,0,0,"cabrera",12,6
"MedConF",8797,0,0,"cabrera",12,6
"MedScrub",486,0,0,"cabrera",12,6
"SaltMar",276,0,0,"cabrera",12,6
"AridScr",7823,0,0,"cabrera",12,7
"ArtSurf",94,0,0,"cabrera",12,7
"BareArea",1122,0,0,"cabrera",12,7
"Crop",4,0,0,"cabrera",12,7
"Grass",13,0,0,"cabrera",12,7
"HaloVeg",52,0,0,"cabrera",12,7
"MedConF",8797,0,0,"cabrera",12,7
"MedScrub",486,0,0,"cabrera",12,7
"SaltMar",276,0,0,"cabrera",12,7
"AridScr",7823,0,0,"cabrera",12,8
"ArtSurf",94,0,0,"cabrera",12,8
"BareArea",1122,0,0,"cabrera",12,8
"Crop",4,0,0,"cabrera",12,8
"Grass",13,0,0,"cabrera",12,8
"HaloVeg",52,0,0,"cabrera",12,8
"MedConF",8797,0,0,"cabrera",12,8
"MedScrub",486,0,0,"cabrera",12,8
"SaltMar",276,0,0,"cabrera",12,8
"AridScr",7823,0,0,"cabrera",12,9
"ArtSurf",94,0,0,"cabrera",12,9
"BareArea",1122,0,0,"cabrera",12,9
"Crop",4,0,0,"cabrera",12,9
"Grass",13,0,0,"cabrera",12,9
"HaloVeg",52,0,0,"cabrera",12,9
"MedConF",8797,0,0,"cabrera",12,9
"MedScrub",486,0,0,"cabrera",12,9
"SaltMar",276,0,0,"cabrera",12,9
"AridScr",7823,0,0,"cabrera",12,10
"ArtSurf",94,0,0,"cabrera",12,10
"BareArea",1122,0,0,"cabrera",12,10
"Crop",4,0,0,"cabrera",12,10
"Grass",13,0,0,"cabrera",12,10
"HaloVeg",52,0,0,"cabrera",12,10
"MedConF",8797,0,0,"cabrera",12,10
"MedScrub",486,0,0,"cabrera",12,10
"SaltMar",276,0,0,"cabrera",12,10
"AridScr",7823,0,0,"cabrera",12,11
"ArtSurf",94,0,0,"cabrera",12,11
"BareArea",1122,0,0,"cabrera",12,11
"Crop",4,0,0,"cabrera",12,11
"Grass",13,0,0,"cabrera",12,11
"HaloVeg",52,0,0,"cabrera",12,11
"MedConF",8797,0,0,"cabrera",12,11
"MedScrub",486,0,0,"cabrera",12,11
"SaltMar",276,0,0,"cabrera",12,11
"AridScr",7823,0,0,"cabrera",12,12
"ArtSurf",94,0,0,"cabrera",12,12
"BareArea",1122,0,0,"cabrera",12,12
"Crop",4,0,0,"cabrera",12,12
"Grass",13,0,0,"cabrera",12,12
"HaloVeg",52,0,0,"cabrera",12,12
"MedConF",8797,0,0,"cabrera",12,12
"MedScrub",486,0,0,"cabrera",12,12
"SaltMar",276,0,0,"cabrera",12,12
"ArtSurf",247,0,0,"daimiel",1,1
"Crop",2273,0,0,"daimiel",1,1
"Dehesa",2601,0,0,"daimiel",1,1
"Grass",8172,0,0,"daimiel",1,1
"HaloVeg",2543,0,0,"daimiel",1,1
"HydroRipVeg",16350,0,0,"daimiel",1,1
"MedSclF",623,0,0,"daimiel",1,1
"Reforestation",25,0,0,"daimiel",1,1
"RipF",1501,0,0,"daimiel",1,1
"WaterSurf",8869,0,0,"daimiel",1,1
"ArtSurf",247,0,0,"daimiel",1,2
"Crop",2273,9,0.4,"daimiel",1,2
"Dehesa",2601,7,0.27,"daimiel",1,2
"Grass",8172,250,3.06,"daimiel",1,2
"HaloVeg",2543,27,1.06,"daimiel",1,2
"HydroRipVeg",16350,20,0.12,"daimiel",1,2
"MedSclF",623,2,0.32,"daimiel",1,2
"Reforestation",25,0,0,"daimiel",1,2
"RipF",1501,6,0.4,"daimiel",1,2
"WaterSurf",8869,7,0.08,"daimiel",1,2
"ArtSurf",247,0,0,"daimiel",1,3
"Crop",2273,0,0,"daimiel",1,3
"Dehesa",2601,0,0,"daimiel",1,3
"Grass",8172,0,0,"daimiel",1,3
"HaloVeg",2543,0,0,"daimiel",1,3
"HydroRipVeg",16350,0,0,"daimiel",1,3
"MedSclF",623,0,0,"daimiel",1,3
"Reforestation",25,0,0,"daimiel",1,3
"RipF",1501,0,0,"daimiel",1,3
"WaterSurf",8869,0,0,"daimiel",1,3
"ArtSurf",247,0,0,"daimiel",1,4
"Crop",2273,0,0,"daimiel",1,4
"Dehesa",2601,0,0,"daimiel",1,4
"Grass",8172,0,0,"daimiel",1,4
"HaloVeg",2543,0,0,"daimiel",1,4
"HydroRipVeg",16350,0,0,"daimiel",1,4
"MedSclF",623,0,0,"daimiel",1,4
"Reforestation",25,0,0,"daimiel",1,4
"RipF",1501,0,0,"daimiel",1,4
"WaterSurf",8869,0,0,"daimiel",1,4
"ArtSurf",247,0,0,"daimiel",1,5
"Crop",2273,0,0,"daimiel",1,5
"Dehesa",2601,0,0,"daimiel",1,5
"Grass",8172,0,0,"daimiel",1,5
"HaloVeg",2543,0,0,"daimiel",1,5
"HydroRipVeg",16350,0,0,"daimiel",1,5
"MedSclF",623,0,0,"daimiel",1,5
"Reforestation",25,0,0,"daimiel",1,5
"RipF",1501,0,0,"daimiel",1,5
"WaterSurf",8869,0,0,"daimiel",1,5
"ArtSurf",247,0,0,"daimiel",1,6
"Crop",2273,0,0,"daimiel",1,6
"Dehesa",2601,0,0,"daimiel",1,6
"Grass",8172,0,0,"daimiel",1,6
"HaloVeg",2543,0,0,"daimiel",1,6
"HydroRipVeg",16350,0,0,"daimiel",1,6
"MedSclF",623,0,0,"daimiel",1,6
"Reforestation",25,0,0,"daimiel",1,6
"RipF",1501,0,0,"daimiel",1,6
"WaterSurf",8869,0,0,"daimiel",1,6
"ArtSurf",247,0,0,"daimiel",1,7
"Crop",2273,0,0,"daimiel",1,7
"Dehesa",2601,0,0,"daimiel",1,7
"Grass",8172,0,0,"daimiel",1,7
"HaloVeg",2543,0,0,"daimiel",1,7
"HydroRipVeg",16350,0,0,"daimiel",1,7
"MedSclF",623,0,0,"daimiel",1,7
"Reforestation",25,0,0,"daimiel",1,7
"RipF",1501,0,0,"daimiel",1,7
"WaterSurf",8869,0,0,"daimiel",1,7
"ArtSurf",247,0,0,"daimiel",1,8
"Crop",2273,0,0,"daimiel",1,8
"Dehesa",2601,0,0,"daimiel",1,8
"Grass",8172,0,0,"daimiel",1,8
"HaloVeg",2543,0,0,"daimiel",1,8
"HydroRipVeg",16350,0,0,"daimiel",1,8
"MedSclF",623,0,0,"daimiel",1,8
"Reforestation",25,0,0,"daimiel",1,8
"RipF",1501,0,0,"daimiel",1,8
"WaterSurf",8869,0,0,"daimiel",1,8
"ArtSurf",247,0,0,"daimiel",1,9
"Crop",2273,0,0,"daimiel",1,9
"Dehesa",2601,0,0,"daimiel",1,9
"Grass",8172,0,0,"daimiel",1,9
"HaloVeg",2543,0,0,"daimiel",1,9
"HydroRipVeg",16350,0,0,"daimiel",1,9
"MedSclF",623,0,0,"daimiel",1,9
"Reforestation",25,0,0,"daimiel",1,9
"RipF",1501,0,0,"daimiel",1,9
"WaterSurf",8869,0,0,"daimiel",1,9
"ArtSurf",247,0,0,"daimiel",1,10
"Crop",2273,0,0,"daimiel",1,10
"Dehesa",2601,0,0,"daimiel",1,10
"Grass",8172,0,0,"daimiel",1,10
"HaloVeg",2543,0,0,"daimiel",1,10
"HydroRipVeg",16350,0,0,"daimiel",1,10
"MedSclF",623,0,0,"daimiel",1,10
"Reforestation",25,0,0,"daimiel",1,10
"RipF",1501,0,0,"daimiel",1,10
"WaterSurf",8869,0,0,"daimiel",1,10
"ArtSurf",247,0,0,"daimiel",1,11
"Crop",2273,0,0,"daimiel",1,11
"Dehesa",2601,0,0,"daimiel",1,11
"Grass",8172,0,0,"daimiel",1,11
"HaloVeg",2543,0,0,"daimiel",1,11
"HydroRipVeg",16350,0,0,"daimiel",1,11
"MedSclF",623,0,0,"daimiel",1,11
"Reforestation",25,0,0,"daimiel",1,11
"RipF",1501,0,0,"daimiel",1,11
"WaterSurf",8869,0,0,"daimiel",1,11
"ArtSurf",247,0,0,"daimiel",1,12
"Crop",2273,0,0,"daimiel",1,12
"Dehesa",2601,0,0,"daimiel",1,12
"Grass",8172,0,0,"daimiel",1,12
"HaloVeg",2543,0,0,"daimiel",1,12
"HydroRipVeg",16350,0,0,"daimiel",1,12
"MedSclF",623,0,0,"daimiel",1,12
"Reforestation",25,0,0,"daimiel",1,12
"RipF",1501,0,0,"daimiel",1,12
"WaterSurf",8869,0,0,"daimiel",1,12
"ArtSurf",247,0,0,"daimiel",3,1
"Crop",2273,0,0,"daimiel",3,1
"Dehesa",2601,0,0,"daimiel",3,1
"Grass",8172,1,0.01,"daimiel",3,1
"HaloVeg",2543,0,0,"daimiel",3,1
"HydroRipVeg",16350,4,0.02,"daimiel",3,1
"MedSclF",623,0,0,"daimiel",3,1
"Reforestation",25,0,0,"daimiel",3,1
"RipF",1501,0,0,"daimiel",3,1
"WaterSurf",8869,0,0,"daimiel",3,1
"ArtSurf",247,55,22.27,"daimiel",3,2
"Crop",2273,328,14.43,"daimiel",3,2
"Dehesa",2601,307,11.8,"daimiel",3,2
"Grass",8172,738,9.03,"daimiel",3,2
"HaloVeg",2543,694,27.29,"daimiel",3,2
"HydroRipVeg",16350,996,6.09,"daimiel",3,2
"MedSclF",623,62,9.95,"daimiel",3,2
"Reforestation",25,7,28,"daimiel",3,2
"RipF",1501,209,13.92,"daimiel",3,2
"WaterSurf",8869,107,1.21,"daimiel",3,2
"ArtSurf",247,43,17.41,"daimiel",3,3
"Crop",2273,128,5.63,"daimiel",3,3
"Dehesa",2601,317,12.19,"daimiel",3,3
"Grass",8172,606,7.42,"daimiel",3,3
"HaloVeg",2543,994,39.09,"daimiel",3,3
"HydroRipVeg",16350,1434,8.77,"daimiel",3,3
"MedSclF",623,236,37.88,"daimiel",3,3
"Reforestation",25,21,84,"daimiel",3,3
"RipF",1501,443,29.51,"daimiel",3,3
"WaterSurf",8869,41,0.46,"daimiel",3,3
"ArtSurf",247,3,1.21,"daimiel",3,4
"Crop",2273,6,0.26,"daimiel",3,4
"Dehesa",2601,0,0,"daimiel",3,4
"Grass",8172,61,0.75,"daimiel",3,4
"HaloVeg",2543,200,7.86,"daimiel",3,4
"HydroRipVeg",16350,618,3.78,"daimiel",3,4
"MedSclF",623,29,4.65,"daimiel",3,4
"Reforestation",25,1,4,"daimiel",3,4
"RipF",1501,134,8.93,"daimiel",3,4
"WaterSurf",8869,87,0.98,"daimiel",3,4
"ArtSurf",247,0,0,"daimiel",3,5
"Crop",2273,0,0,"daimiel",3,5
"Dehesa",2601,0,0,"daimiel",3,5
"Grass",8172,0,0,"daimiel",3,5
"HaloVeg",2543,0,0,"daimiel",3,5
"HydroRipVeg",16350,0,0,"daimiel",3,5
"MedSclF",623,0,0,"daimiel",3,5
"Reforestation",25,0,0,"daimiel",3,5
"RipF",1501,0,0,"daimiel",3,5
"WaterSurf",8869,0,0,"daimiel",3,5
"ArtSurf",247,0,0,"daimiel",3,6
"Crop",2273,0,0,"daimiel",3,6
"Dehesa",2601,0,0,"daimiel",3,6
"Grass",8172,0,0,"daimiel",3,6
"HaloVeg",2543,0,0,"daimiel",3,6
"HydroRipVeg",16350,0,0,"daimiel",3,6
"MedSclF",623,0,0,"daimiel",3,6
"Reforestation",25,0,0,"daimiel",3,6
"RipF",1501,0,0,"daimiel",3,6
"WaterSurf",8869,0,0,"daimiel",3,6
"ArtSurf",247,0,0,"daimiel",3,7
"Crop",2273,0,0,"daimiel",3,7
"Dehesa",2601,0,0,"daimiel",3,7
"Grass",8172,0,0,"daimiel",3,7
"HaloVeg",2543,0,0,"daimiel",3,7
"HydroRipVeg",16350,0,0,"daimiel",3,7
"MedSclF",623,0,0,"daimiel",3,7
"Reforestation",25,0,0,"daimiel",3,7
"RipF",1501,0,0,"daimiel",3,7
"WaterSurf",8869,0,0,"daimiel",3,7
"ArtSurf",247,0,0,"daimiel",3,8
"Crop",2273,0,0,"daimiel",3,8
"Dehesa",2601,0,0,"daimiel",3,8
"Grass",8172,0,0,"daimiel",3,8
"HaloVeg",2543,0,0,"daimiel",3,8
"HydroRipVeg",16350,0,0,"daimiel",3,8
"MedSclF",623,0,0,"daimiel",3,8
"Reforestation",25,0,0,"daimiel",3,8
"RipF",1501,0,0,"daimiel",3,8
"WaterSurf",8869,0,0,"daimiel",3,8
"ArtSurf",247,0,0,"daimiel",3,9
"Crop",2273,0,0,"daimiel",3,9
"Dehesa",2601,0,0,"daimiel",3,9
"Grass",8172,0,0,"daimiel",3,9
"HaloVeg",2543,0,0,"daimiel",3,9
"HydroRipVeg",16350,0,0,"daimiel",3,9
"MedSclF",623,0,0,"daimiel",3,9
"Reforestation",25,0,0,"daimiel",3,9
"RipF",1501,0,0,"daimiel",3,9
"WaterSurf",8869,0,0,"daimiel",3,9
"ArtSurf",247,0,0,"daimiel",3,10
"Crop",2273,0,0,"daimiel",3,10
"Dehesa",2601,0,0,"daimiel",3,10
"Grass",8172,0,0,"daimiel",3,10
"HaloVeg",2543,0,0,"daimiel",3,10
"HydroRipVeg",16350,0,0,"daimiel",3,10
"MedSclF",623,0,0,"daimiel",3,10
"Reforestation",25,0,0,"daimiel",3,10
"RipF",1501,0,0,"daimiel",3,10
"WaterSurf",8869,0,0,"daimiel",3,10
"ArtSurf",247,0,0,"daimiel",3,11
"Crop",2273,0,0,"daimiel",3,11
"Dehesa",2601,0,0,"daimiel",3,11
"Grass",8172,0,0,"daimiel",3,11
"HaloVeg",2543,0,0,"daimiel",3,11
"HydroRipVeg",16350,0,0,"daimiel",3,11
"MedSclF",623,0,0,"daimiel",3,11
"Reforestation",25,0,0,"daimiel",3,11
"RipF",1501,0,0,"daimiel",3,11
"WaterSurf",8869,0,0,"daimiel",3,11
"ArtSurf",247,0,0,"daimiel",3,12
"Crop",2273,0,0,"daimiel",3,12
"Dehesa",2601,0,0,"daimiel",3,12
"Grass",8172,0,0,"daimiel",3,12
"HaloVeg",2543,0,0,"daimiel",3,12
"HydroRipVeg",16350,0,0,"daimiel",3,12
"MedSclF",623,0,0,"daimiel",3,12
"Reforestation",25,0,0,"daimiel",3,12
"RipF",1501,0,0,"daimiel",3,12
"WaterSurf",8869,0,0,"daimiel",3,12
"ArtSurf",247,0,0,"daimiel",6,1
"Crop",2273,0,0,"daimiel",6,1
"Dehesa",2601,0,0,"daimiel",6,1
"Grass",8172,0,0,"daimiel",6,1
"HaloVeg",2543,0,0,"daimiel",6,1
"HydroRipVeg",16350,0,0,"daimiel",6,1
"MedSclF",623,0,0,"daimiel",6,1
"Reforestation",25,0,0,"daimiel",6,1
"RipF",1501,0,0,"daimiel",6,1
"WaterSurf",8869,0,0,"daimiel",6,1
"ArtSurf",247,54,21.86,"daimiel",6,2
"Crop",2273,383,16.85,"daimiel",6,2
"Dehesa",2601,1295,49.79,"daimiel",6,2
"Grass",8172,1683,20.59,"daimiel",6,2
"HaloVeg",2543,1027,40.39,"daimiel",6,2
"HydroRipVeg",16350,1718,10.51,"daimiel",6,2
"MedSclF",623,102,16.37,"daimiel",6,2
"Reforestation",25,7,28,"daimiel",6,2
"RipF",1501,347,23.12,"daimiel",6,2
"WaterSurf",8869,67,0.76,"daimiel",6,2
"ArtSurf",247,21,8.5,"daimiel",6,3
"Crop",2273,132,5.81,"daimiel",6,3
"Dehesa",2601,744,28.6,"daimiel",6,3
"Grass",8172,342,4.19,"daimiel",6,3
"HaloVeg",2543,858,33.74,"daimiel",6,3
"HydroRipVeg",16350,1230,7.52,"daimiel",6,3
"MedSclF",623,162,26,"daimiel",6,3
"Reforestation",25,4,16,"daimiel",6,3
"RipF",1501,341,22.72,"daimiel",6,3
"WaterSurf",8869,21,0.24,"daimiel",6,3
"ArtSurf",247,14,5.67,"daimiel",6,4
"Crop",2273,24,1.06,"daimiel",6,4
"Dehesa",2601,5,0.19,"daimiel",6,4
"Grass",8172,68,0.83,"daimiel",6,4
"HaloVeg",2543,322,12.66,"daimiel",6,4
"HydroRipVeg",16350,869,5.31,"daimiel",6,4
"MedSclF",623,21,3.37,"daimiel",6,4
"Reforestation",25,3,12,"daimiel",6,4
"RipF",1501,169,11.26,"daimiel",6,4
"WaterSurf",8869,23,0.26,"daimiel",6,4
"ArtSurf",247,2,0.81,"daimiel",6,5
"Crop",2273,9,0.4,"daimiel",6,5
"Dehesa",2601,0,0,"daimiel",6,5
"Grass",8172,41,0.5,"daimiel",6,5
"HaloVeg",2543,366,14.39,"daimiel",6,5
"HydroRipVeg",16350,534,3.27,"daimiel",6,5
"MedSclF",623,7,1.12,"daimiel",6,5
"Reforestation",25,1,4,"daimiel",6,5
"RipF",1501,167,11.13,"daimiel",6,5
"WaterSurf",8869,15,0.17,"daimiel",6,5
"ArtSurf",247,0,0,"daimiel",6,6
"Crop",2273,0,0,"daimiel",6,6
"Dehesa",2601,0,0,"daimiel",6,6
"Grass",8172,0,0,"daimiel",6,6
"HaloVeg",2543,0,0,"daimiel",6,6
"HydroRipVeg",16350,0,0,"daimiel",6,6
"MedSclF",623,0,0,"daimiel",6,6
"Reforestation",25,0,0,"daimiel",6,6
"RipF",1501,0,0,"daimiel",6,6
"WaterSurf",8869,0,0,"daimiel",6,6
"ArtSurf",247,0,0,"daimiel",6,7
"Crop",2273,0,0,"daimiel",6,7
"Dehesa",2601,0,0,"daimiel",6,7
"Grass",8172,0,0,"daimiel",6,7
"HaloVeg",2543,0,0,"daimiel",6,7
"HydroRipVeg",16350,0,0,"daimiel",6,7
"MedSclF",623,0,0,"daimiel",6,7
"Reforestation",25,0,0,"daimiel",6,7
"RipF",1501,0,0,"daimiel",6,7
"WaterSurf",8869,0,0,"daimiel",6,7
"ArtSurf",247,0,0,"daimiel",6,8
"Crop",2273,0,0,"daimiel",6,8
"Dehesa",2601,0,0,"daimiel",6,8
"Grass",8172,0,0,"daimiel",6,8
"HaloVeg",2543,0,0,"daimiel",6,8
"HydroRipVeg",16350,0,0,"daimiel",6,8
"MedSclF",623,0,0,"daimiel",6,8
"Reforestation",25,0,0,"daimiel",6,8
"RipF",1501,0,0,"daimiel",6,8
"WaterSurf",8869,0,0,"daimiel",6,8
"ArtSurf",247,0,0,"daimiel",6,9
"Crop",2273,0,0,"daimiel",6,9
"Dehesa",2601,0,0,"daimiel",6,9
"Grass",8172,0,0,"daimiel",6,9
"HaloVeg",2543,0,0,"daimiel",6,9
"HydroRipVeg",16350,0,0,"daimiel",6,9
"MedSclF",623,0,0,"daimiel",6,9
"Reforestation",25,0,0,"daimiel",6,9
"RipF",1501,0,0,"daimiel",6,9
"WaterSurf",8869,0,0,"daimiel",6,9
"ArtSurf",247,0,0,"daimiel",6,10
"Crop",2273,0,0,"daimiel",6,10
"Dehesa",2601,0,0,"daimiel",6,10
"Grass",8172,0,0,"daimiel",6,10
"HaloVeg",2543,0,0,"daimiel",6,10
"HydroRipVeg",16350,0,0,"daimiel",6,10
"MedSclF",623,0,0,"daimiel",6,10
"Reforestation",25,0,0,"daimiel",6,10
"RipF",1501,0,0,"daimiel",6,10
"WaterSurf",8869,0,0,"daimiel",6,10
"ArtSurf",247,0,0,"daimiel",6,11
"Crop",2273,0,0,"daimiel",6,11
"Dehesa",2601,0,0,"daimiel",6,11
"Grass",8172,0,0,"daimiel",6,11
"HaloVeg",2543,0,0,"daimiel",6,11
"HydroRipVeg",16350,0,0,"daimiel",6,11
"MedSclF",623,0,0,"daimiel",6,11
"Reforestation",25,0,0,"daimiel",6,11
"RipF",1501,0,0,"daimiel",6,11
"WaterSurf",8869,0,0,"daimiel",6,11
"ArtSurf",247,0,0,"daimiel",6,12
"Crop",2273,0,0,"daimiel",6,12
"Dehesa",2601,0,0,"daimiel",6,12
"Grass",8172,0,0,"daimiel",6,12
"HaloVeg",2543,0,0,"daimiel",6,12
"HydroRipVeg",16350,0,0,"daimiel",6,12
"MedSclF",623,0,0,"daimiel",6,12
"Reforestation",25,0,0,"daimiel",6,12
"RipF",1501,0,0,"daimiel",6,12
"WaterSurf",8869,0,0,"daimiel",6,12
"ArtSurf",247,0,0,"daimiel",9,1
"Crop",2273,0,0,"daimiel",9,1
"Dehesa",2601,0,0,"daimiel",9,1
"Grass",8172,0,0,"daimiel",9,1
"HaloVeg",2543,0,0,"daimiel",9,1
"HydroRipVeg",16350,0,0,"daimiel",9,1
"MedSclF",623,0,0,"daimiel",9,1
"Reforestation",25,0,0,"daimiel",9,1
"RipF",1501,0,0,"daimiel",9,1
"WaterSurf",8869,0,0,"daimiel",9,1
"ArtSurf",247,10,4.05,"daimiel",9,2
"Crop",2273,158,6.95,"daimiel",9,2
"Dehesa",2601,219,8.42,"daimiel",9,2
"Grass",8172,333,4.07,"daimiel",9,2
"HaloVeg",2543,457,17.97,"daimiel",9,2
"HydroRipVeg",16350,465,2.84,"daimiel",9,2
"MedSclF",623,38,6.1,"daimiel",9,2
"Reforestation",25,3,12,"daimiel",9,2
"RipF",1501,82,5.46,"daimiel",9,2
"WaterSurf",8869,4,0.05,"daimiel",9,2
"ArtSurf",247,11,4.45,"daimiel",9,3
"Crop",2273,105,4.62,"daimiel",9,3
"Dehesa",2601,418,16.07,"daimiel",9,3
"Grass",8172,120,1.47,"daimiel",9,3
"HaloVeg",2543,498,19.58,"daimiel",9,3
"HydroRipVeg",16350,661,4.04,"daimiel",9,3
"MedSclF",623,72,11.56,"daimiel",9,3
"Reforestation",25,3,12,"daimiel",9,3
"RipF",1501,176,11.73,"daimiel",9,3
"WaterSurf",8869,3,0.03,"daimiel",9,3
"ArtSurf",247,17,6.88,"daimiel",9,4
"Crop",2273,56,2.46,"daimiel",9,4
"Dehesa",2601,106,4.08,"daimiel",9,4
"Grass",8172,128,1.57,"daimiel",9,4
"HaloVeg",2543,509,20.02,"daimiel",9,4
"HydroRipVeg",16350,1425,8.72,"daimiel",9,4
"MedSclF",623,69,11.08,"daimiel",9,4
"Reforestation",25,3,12,"daimiel",9,4
"RipF",1501,274,18.25,"daimiel",9,4
"WaterSurf",8869,52,0.59,"daimiel",9,4
"ArtSurf",247,2,0.81,"daimiel",9,5
"Crop",2273,8,0.35,"daimiel",9,5
"Dehesa",2601,1,0.04,"daimiel",9,5
"Grass",8172,18,0.22,"daimiel",9,5
"HaloVeg",2543,125,4.92,"daimiel",9,5
"HydroRipVeg",16350,322,1.97,"daimiel",9,5
"MedSclF",623,3,0.48,"daimiel",9,5
"Reforestation",25,1,4,"daimiel",9,5
"RipF",1501,130,8.66,"daimiel",9,5
"WaterSurf",8869,2,0.02,"daimiel",9,5
"ArtSurf",247,0,0,"daimiel",9,6
"Crop",2273,0,0,"daimiel",9,6
"Dehesa",2601,0,0,"daimiel",9,6
"Grass",8172,0,0,"daimiel",9,6
"HaloVeg",2543,0,0,"daimiel",9,6
"HydroRipVeg",16350,0,0,"daimiel",9,6
"MedSclF",623,0,0,"daimiel",9,6
"Reforestation",25,0,0,"daimiel",9,6
"RipF",1501,0,0,"daimiel",9,6
"WaterSurf",8869,0,0,"daimiel",9,6
"ArtSurf",247,0,0,"daimiel",9,7
"Crop",2273,0,0,"daimiel",9,7
"Dehesa",2601,0,0,"daimiel",9,7
"Grass",8172,0,0,"daimiel",9,7
"HaloVeg",2543,0,0,"daimiel",9,7
"HydroRipVeg",16350,0,0,"daimiel",9,7
"MedSclF",623,0,0,"daimiel",9,7
"Reforestation",25,0,0,"daimiel",9,7
"RipF",1501,0,0,"daimiel",9,7
"WaterSurf",8869,0,0,"daimiel",9,7
"ArtSurf",247,0,0,"daimiel",9,8
"Crop",2273,0,0,"daimiel",9,8
"Dehesa",2601,0,0,"daimiel",9,8
"Grass",8172,0,0,"daimiel",9,8
"HaloVeg",2543,0,0,"daimiel",9,8
"HydroRipVeg",16350,0,0,"daimiel",9,8
"MedSclF",623,0,0,"daimiel",9,8
"Reforestation",25,0,0,"daimiel",9,8
"RipF",1501,0,0,"daimiel",9,8
"WaterSurf",8869,0,0,"daimiel",9,8
"ArtSurf",247,0,0,"daimiel",9,9
"Crop",2273,0,0,"daimiel",9,9
"Dehesa",2601,0,0,"daimiel",9,9
"Grass",8172,0,0,"daimiel",9,9
"HaloVeg",2543,0,0,"daimiel",9,9
"HydroRipVeg",16350,0,0,"daimiel",9,9
"MedSclF",623,0,0,"daimiel",9,9
"Reforestation",25,0,0,"daimiel",9,9
"RipF",1501,0,0,"daimiel",9,9
"WaterSurf",8869,0,0,"daimiel",9,9
"ArtSurf",247,0,0,"daimiel",9,10
"Crop",2273,0,0,"daimiel",9,10
"Dehesa",2601,0,0,"daimiel",9,10
"Grass",8172,0,0,"daimiel",9,10
"HaloVeg",2543,0,0,"daimiel",9,10
"HydroRipVeg",16350,0,0,"daimiel",9,10
"MedSclF",623,0,0,"daimiel",9,10
"Reforestation",25,0,0,"daimiel",9,10
"RipF",1501,0,0,"daimiel",9,10
"WaterSurf",8869,0,0,"daimiel",9,10
"ArtSurf",247,0,0,"daimiel",9,11
"Crop",2273,0,0,"daimiel",9,11
"Dehesa",2601,0,0,"daimiel",9,11
"Grass",8172,0,0,"daimiel",9,11
"HaloVeg",2543,0,0,"daimiel",9,11
"HydroRipVeg",16350,0,0,"daimiel",9,11
"MedSclF",623,0,0,"daimiel",9,11
"Reforestation",25,0,0,"daimiel",9,11
"RipF",1501,0,0,"daimiel",9,11
"WaterSurf",8869,0,0,"daimiel",9,11
"ArtSurf",247,0,0,"daimiel",9,12
"Crop",2273,0,0,"daimiel",9,12
"Dehesa",2601,0,0,"daimiel",9,12
"Grass",8172,0,0,"daimiel",9,12
"HaloVeg",2543,0,0,"daimiel",9,12
"HydroRipVeg",16350,0,0,"daimiel",9,12
"MedSclF",623,0,0,"daimiel",9,12
"Reforestation",25,0,0,"daimiel",9,12
"RipF",1501,0,0,"daimiel",9,12
"WaterSurf",8869,0,0,"daimiel",9,12
"ArtSurf",247,0,0,"daimiel",12,1
"Crop",2273,0,0,"daimiel",12,1
"Dehesa",2601,0,0,"daimiel",12,1
"Grass",8172,0,0,"daimiel",12,1
"HaloVeg",2543,0,0,"daimiel",12,1
"HydroRipVeg",16350,0,0,"daimiel",12,1
"MedSclF",623,0,0,"daimiel",12,1
"Reforestation",25,0,0,"daimiel",12,1
"RipF",1501,0,0,"daimiel",12,1
"WaterSurf",8869,0,0,"daimiel",12,1
"ArtSurf",247,16,6.48,"daimiel",12,2
"Crop",2273,184,8.1,"daimiel",12,2
"Dehesa",2601,425,16.34,"daimiel",12,2
"Grass",8172,504,6.17,"daimiel",12,2
"HaloVeg",2543,749,29.45,"daimiel",12,2
"HydroRipVeg",16350,956,5.85,"daimiel",12,2
"MedSclF",623,54,8.67,"daimiel",12,2
"Reforestation",25,4,16,"daimiel",12,2
"RipF",1501,194,12.92,"daimiel",12,2
"WaterSurf",8869,11,0.12,"daimiel",12,2
"ArtSurf",247,12,4.86,"daimiel",12,3
"Crop",2273,51,2.24,"daimiel",12,3
"Dehesa",2601,438,16.84,"daimiel",12,3
"Grass",8172,93,1.14,"daimiel",12,3
"HaloVeg",2543,498,19.58,"daimiel",12,3
"HydroRipVeg",16350,690,4.22,"daimiel",12,3
"MedSclF",623,80,12.84,"daimiel",12,3
"Reforestation",25,3,12,"daimiel",12,3
"RipF",1501,223,14.86,"daimiel",12,3
"WaterSurf",8869,1,0.01,"daimiel",12,3
"ArtSurf",247,9,3.64,"daimiel",12,4
"Crop",2273,25,1.1,"daimiel",12,4
"Dehesa",2601,63,2.42,"daimiel",12,4
"Grass",8172,53,0.65,"daimiel",12,4
"HaloVeg",2543,318,12.5,"daimiel",12,4
"HydroRipVeg",16350,639,3.91,"daimiel",12,4
"MedSclF",623,37,5.94,"daimiel",12,4
"Reforestation",25,2,8,"daimiel",12,4
"RipF",1501,169,11.26,"daimiel",12,4
"WaterSurf",8869,9,0.1,"daimiel",12,4
"ArtSurf",247,0,0,"daimiel",12,5
"Crop",2273,0,0,"daimiel",12,5
"Dehesa",2601,0,0,"daimiel",12,5
"Grass",8172,0,0,"daimiel",12,5
"HaloVeg",2543,0,0,"daimiel",12,5
"HydroRipVeg",16350,0,0,"daimiel",12,5
"MedSclF",623,0,0,"daimiel",12,5
"Reforestation",25,0,0,"daimiel",12,5
"RipF",1501,0,0,"daimiel",12,5
"WaterSurf",8869,0,0,"daimiel",12,5
"ArtSurf",247,0,0,"daimiel",12,6
"Crop",2273,0,0,"daimiel",12,6
"Dehesa",2601,0,0,"daimiel",12,6
"Grass",8172,0,0,"daimiel",12,6
"HaloVeg",2543,0,0,"daimiel",12,6
"HydroRipVeg",16350,0,0,"daimiel",12,6
"MedSclF",623,0,0,"daimiel",12,6
"Reforestation",25,0,0,"daimiel",12,6
"RipF",1501,0,0,"daimiel",12,6
"WaterSurf",8869,0,0,"daimiel",12,6
"ArtSurf",247,0,0,"daimiel",12,7
"Crop",2273,0,0,"daimiel",12,7
"Dehesa",2601,0,0,"daimiel",12,7
"Grass",8172,0,0,"daimiel",12,7
"HaloVeg",2543,0,0,"daimiel",12,7
"HydroRipVeg",16350,0,0,"daimiel",12,7
"MedSclF",623,0,0,"daimiel",12,7
"Reforestation",25,0,0,"daimiel",12,7
"RipF",1501,0,0,"daimiel",12,7
"WaterSurf",8869,0,0,"daimiel",12,7
"ArtSurf",247,0,0,"daimiel",12,8
"Crop",2273,0,0,"daimiel",12,8
"Dehesa",2601,0,0,"daimiel",12,8
"Grass",8172,0,0,"daimiel",12,8
"HaloVeg",2543,0,0,"daimiel",12,8
"HydroRipVeg",16350,0,0,"daimiel",12,8
"MedSclF",623,0,0,"daimiel",12,8
"Reforestation",25,0,0,"daimiel",12,8
"RipF",1501,0,0,"daimiel",12,8
"WaterSurf",8869,0,0,"daimiel",12,8
"ArtSurf",247,0,0,"daimiel",12,9
"Crop",2273,0,0,"daimiel",12,9
"Dehesa",2601,0,0,"daimiel",12,9
"Grass",8172,0,0,"daimiel",12,9
"HaloVeg",2543,0,0,"daimiel",12,9
"HydroRipVeg",16350,0,0,"daimiel",12,9
"MedSclF",623,0,0,"daimiel",12,9
"Reforestation",25,0,0,"daimiel",12,9
"RipF",1501,0,0,"daimiel",12,9
"WaterSurf",8869,0,0,"daimiel",12,9
"ArtSurf",247,0,0,"daimiel",12,10
"Crop",2273,0,0,"daimiel",12,10
"Dehesa",2601,0,0,"daimiel",12,10
"Grass",8172,0,0,"daimiel",12,10
"HaloVeg",2543,0,0,"daimiel",12,10
"HydroRipVeg",16350,0,0,"daimiel",12,10
"MedSclF",623,0,0,"daimiel",12,10
"Reforestation",25,0,0,"daimiel",12,10
"RipF",1501,0,0,"daimiel",12,10
"WaterSurf",8869,0,0,"daimiel",12,10
"ArtSurf",247,0,0,"daimiel",12,11
"Crop",2273,0,0,"daimiel",12,11
"Dehesa",2601,0,0,"daimiel",12,11
"Grass",8172,0,0,"daimiel",12,11
"HaloVeg",2543,0,0,"daimiel",12,11
"HydroRipVeg",16350,0,0,"daimiel",12,11
"MedSclF",623,0,0,"daimiel",12,11
"Reforestation",25,0,0,"daimiel",12,11
"RipF",1501,0,0,"daimiel",12,11
"WaterSurf",8869,0,0,"daimiel",12,11
"ArtSurf",247,0,0,"daimiel",12,12
"Crop",2273,0,0,"daimiel",12,12
"Dehesa",2601,0,0,"daimiel",12,12
"Grass",8172,0,0,"daimiel",12,12
"HaloVeg",2543,0,0,"daimiel",12,12
"HydroRipVeg",16350,0,0,"daimiel",12,12
"MedSclF",623,0,0,"daimiel",12,12
"Reforestation",25,0,0,"daimiel",12,12
"RipF",1501,0,0,"daimiel",12,12
"WaterSurf",8869,0,0,"daimiel",12,12
"ArtSurf",12613,0,0,"donana",1,1
"BareArea",6426,0,0,"donana",1,1
"DuneSand",52133,0,0,"donana",1,1
"Grass",23898,0,0,"donana",1,1
"HydroRipVeg",39646,0,0,"donana",1,1
"MedConF",76259,0,0,"donana",1,1
"MedSclF",6483,0,0,"donana",1,1
"MedScrub",129201,0,0,"donana",1,1
"Reforestation",2747,0,0,"donana",1,1
"RipF",418,0,0,"donana",1,1
"SaltMar",344960,0,0,"donana",1,1
"Shrub",6017,0,0,"donana",1,1
"WaterSurf",41748,0,0,"donana",1,1
"ArtSurf",12613,0,0,"donana",1,2
"BareArea",6426,0,0,"donana",1,2
"DuneSand",52133,0,0,"donana",1,2
"Grass",23898,0,0,"donana",1,2
"HydroRipVeg",39646,0,0,"donana",1,2
"MedConF",76259,0,0,"donana",1,2
"MedSclF",6483,0,0,"donana",1,2
"MedScrub",129201,0,0,"donana",1,2
"Reforestation",2747,0,0,"donana",1,2
"RipF",418,0,0,"donana",1,2
"SaltMar",344960,0,0,"donana",1,2
"Shrub",6017,0,0,"donana",1,2
"WaterSurf",41748,0,0,"donana",1,2
"ArtSurf",12613,0,0,"donana",1,3
"BareArea",6426,0,0,"donana",1,3
"DuneSand",52133,0,0,"donana",1,3
"Grass",23898,0,0,"donana",1,3
"HydroRipVeg",39646,0,0,"donana",1,3
"MedConF",76259,0,0,"donana",1,3
"MedSclF",6483,0,0,"donana",1,3
"MedScrub",129201,0,0,"donana",1,3
"Reforestation",2747,0,0,"donana",1,3
"RipF",418,0,0,"donana",1,3
"SaltMar",344960,0,0,"donana",1,3
"Shrub",6017,0,0,"donana",1,3
"WaterSurf",41748,0,0,"donana",1,3
"ArtSurf",12613,0,0,"donana",1,4
"BareArea",6426,0,0,"donana",1,4
"DuneSand",52133,0,0,"donana",1,4
"Grass",23898,0,0,"donana",1,4
"HydroRipVeg",39646,0,0,"donana",1,4
"MedConF",76259,0,0,"donana",1,4
"MedSclF",6483,0,0,"donana",1,4
"MedScrub",129201,0,0,"donana",1,4
"Reforestation",2747,0,0,"donana",1,4
"RipF",418,0,0,"donana",1,4
"SaltMar",344960,0,0,"donana",1,4
"Shrub",6017,0,0,"donana",1,4
"WaterSurf",41748,0,0,"donana",1,4
"ArtSurf",12613,0,0,"donana",1,5
"BareArea",6426,0,0,"donana",1,5
"DuneSand",52133,0,0,"donana",1,5
"Grass",23898,0,0,"donana",1,5
"HydroRipVeg",39646,0,0,"donana",1,5
"MedConF",76259,0,0,"donana",1,5
"MedSclF",6483,0,0,"donana",1,5
"MedScrub",129201,0,0,"donana",1,5
"Reforestation",2747,0,0,"donana",1,5
"RipF",418,0,0,"donana",1,5
"SaltMar",344960,0,0,"donana",1,5
"Shrub",6017,0,0,"donana",1,5
"WaterSurf",41748,0,0,"donana",1,5
"ArtSurf",12613,0,0,"donana",1,6
"BareArea",6426,0,0,"donana",1,6
"DuneSand",52133,0,0,"donana",1,6
"Grass",23898,0,0,"donana",1,6
"HydroRipVeg",39646,0,0,"donana",1,6
"MedConF",76259,0,0,"donana",1,6
"MedSclF",6483,0,0,"donana",1,6
"MedScrub",129201,0,0,"donana",1,6
"Reforestation",2747,0,0,"donana",1,6
"RipF",418,0,0,"donana",1,6
"SaltMar",344960,0,0,"donana",1,6
"Shrub",6017,0,0,"donana",1,6
"WaterSurf",41748,0,0,"donana",1,6
"ArtSurf",12613,0,0,"donana",1,7
"BareArea",6426,0,0,"donana",1,7
"DuneSand",52133,0,0,"donana",1,7
"Grass",23898,0,0,"donana",1,7
"HydroRipVeg",39646,0,0,"donana",1,7
"MedConF",76259,0,0,"donana",1,7
"MedSclF",6483,0,0,"donana",1,7
"MedScrub",129201,0,0,"donana",1,7
"Reforestation",2747,0,0,"donana",1,7
"RipF",418,0,0,"donana",1,7
"SaltMar",344960,0,0,"donana",1,7
"Shrub",6017,0,0,"donana",1,7
"WaterSurf",41748,0,0,"donana",1,7
"ArtSurf",12613,0,0,"donana",1,8
"BareArea",6426,0,0,"donana",1,8
"DuneSand",52133,0,0,"donana",1,8
"Grass",23898,0,0,"donana",1,8
"HydroRipVeg",39646,0,0,"donana",1,8
"MedConF",76259,0,0,"donana",1,8
"MedSclF",6483,0,0,"donana",1,8
"MedScrub",129201,0,0,"donana",1,8
"Reforestation",2747,0,0,"donana",1,8
"RipF",418,0,0,"donana",1,8
"SaltMar",344960,0,0,"donana",1,8
"Shrub",6017,0,0,"donana",1,8
"WaterSurf",41748,0,0,"donana",1,8
"ArtSurf",12613,882,6.99,"donana",1,9
"BareArea",6426,158,2.46,"donana",1,9
"DuneSand",52133,967,1.85,"donana",1,9
"Grass",23898,953,3.99,"donana",1,9
"HydroRipVeg",39646,3359,8.47,"donana",1,9
"MedConF",76259,3927,5.15,"donana",1,9
"MedSclF",6483,128,1.97,"donana",1,9
"MedScrub",129201,7886,6.1,"donana",1,9
"Reforestation",2747,184,6.7,"donana",1,9
"RipF",418,10,2.39,"donana",1,9
"SaltMar",344960,10746,3.12,"donana",1,9
"Shrub",6017,160,2.66,"donana",1,9
"WaterSurf",41748,2377,5.69,"donana",1,9
"ArtSurf",12613,0,0,"donana",1,10
"BareArea",6426,0,0,"donana",1,10
"DuneSand",52133,0,0,"donana",1,10
"Grass",23898,0,0,"donana",1,10
"HydroRipVeg",39646,0,0,"donana",1,10
"MedConF",76259,0,0,"donana",1,10
"MedSclF",6483,0,0,"donana",1,10
"MedScrub",129201,0,0,"donana",1,10
"Reforestation",2747,0,0,"donana",1,10
"RipF",418,0,0,"donana",1,10
"SaltMar",344960,0,0,"donana",1,10
"Shrub",6017,0,0,"donana",1,10
"WaterSurf",41748,0,0,"donana",1,10
"ArtSurf",12613,0,0,"donana",1,11
"BareArea",6426,0,0,"donana",1,11
"DuneSand",52133,0,0,"donana",1,11
"Grass",23898,0,0,"donana",1,11
"HydroRipVeg",39646,0,0,"donana",1,11
"MedConF",76259,0,0,"donana",1,11
"MedSclF",6483,0,0,"donana",1,11
"MedScrub",129201,0,0,"donana",1,11
"Reforestation",2747,0,0,"donana",1,11
"RipF",418,0,0,"donana",1,11
"SaltMar",344960,0,0,"donana",1,11
"Shrub",6017,0,0,"donana",1,11
"WaterSurf",41748,0,0,"donana",1,11
"ArtSurf",12613,0,0,"donana",1,12
"BareArea",6426,0,0,"donana",1,12
"DuneSand",52133,0,0,"donana",1,12
"Grass",23898,0,0,"donana",1,12
"HydroRipVeg",39646,0,0,"donana",1,12
"MedConF",76259,0,0,"donana",1,12
"MedSclF",6483,0,0,"donana",1,12
"MedScrub",129201,0,0,"donana",1,12
"Reforestation",2747,0,0,"donana",1,12
"RipF",418,0,0,"donana",1,12
"SaltMar",344960,0,0,"donana",1,12
"Shrub",6017,0,0,"donana",1,12
"WaterSurf",41748,0,0,"donana",1,12
"ArtSurf",12613,144,1.14,"donana",3,1
"BareArea",6426,1,0.02,"donana",3,1
"DuneSand",52133,69,0.13,"donana",3,1
"Grass",23898,89,0.37,"donana",3,1
"HydroRipVeg",39646,513,1.29,"donana",3,1
"MedConF",76259,263,0.34,"donana",3,1
"MedSclF",6483,42,0.65,"donana",3,1
"MedScrub",129201,973,0.75,"donana",3,1
"Reforestation",2747,12,0.44,"donana",3,1
"RipF",418,0,0,"donana",3,1
"SaltMar",344960,128,0.04,"donana",3,1
"Shrub",6017,15,0.25,"donana",3,1
"WaterSurf",41748,17,0.04,"donana",3,1
"ArtSurf",12613,1104,8.75,"donana",3,2
"BareArea",6426,45,0.7,"donana",3,2
"DuneSand",52133,636,1.22,"donana",3,2
"Grass",23898,4636,19.4,"donana",3,2
"HydroRipVeg",39646,3641,9.18,"donana",3,2
"MedConF",76259,1425,1.87,"donana",3,2
"MedSclF",6483,1070,16.5,"donana",3,2
"MedScrub",129201,13731,10.63,"donana",3,2
"Reforestation",2747,286,10.41,"donana",3,2
"RipF",418,18,4.31,"donana",3,2
"SaltMar",344960,1900,0.55,"donana",3,2
"Shrub",6017,537,8.92,"donana",3,2
"WaterSurf",41748,195,0.47,"donana",3,2
"ArtSurf",12613,435,3.45,"donana",3,3
"BareArea",6426,0,0,"donana",3,3
"DuneSand",52133,75,0.14,"donana",3,3
"Grass",23898,692,2.9,"donana",3,3
"HydroRipVeg",39646,841,2.12,"donana",3,3
"MedConF",76259,483,0.63,"donana",3,3
"MedSclF",6483,161,2.48,"donana",3,3
"MedScrub",129201,6946,5.38,"donana",3,3
"Reforestation",2747,157,5.72,"donana",3,3
"RipF",418,2,0.48,"donana",3,3
"SaltMar",344960,718,0.21,"donana",3,3
"Shrub",6017,78,1.3,"donana",3,3
"WaterSurf",41748,43,0.1,"donana",3,3
"ArtSurf",12613,459,3.64,"donana",3,4
"BareArea",6426,0,0,"donana",3,4
"DuneSand",52133,283,0.54,"donana",3,4
"Grass",23898,493,2.06,"donana",3,4
"HydroRipVeg",39646,1468,3.7,"donana",3,4
"MedConF",76259,450,0.59,"donana",3,4
"MedSclF",6483,153,2.36,"donana",3,4
"MedScrub",129201,7356,5.69,"donana",3,4
"Reforestation",2747,482,17.55,"donana",3,4
"RipF",418,3,0.72,"donana",3,4
"SaltMar",344960,473,0.14,"donana",3,4
"Shrub",6017,115,1.91,"donana",3,4
"WaterSurf",41748,72,0.17,"donana",3,4
"ArtSurf",12613,0,0,"donana",3,5
"BareArea",6426,0,0,"donana",3,5
"DuneSand",52133,0,0,"donana",3,5
"Grass",23898,0,0,"donana",3,5
"HydroRipVeg",39646,0,0,"donana",3,5
"MedConF",76259,0,0,"donana",3,5
"MedSclF",6483,0,0,"donana",3,5
"MedScrub",129201,0,0,"donana",3,5
"Reforestation",2747,0,0,"donana",3,5
"RipF",418,0,0,"donana",3,5
"SaltMar",344960,0,0,"donana",3,5
"Shrub",6017,0,0,"donana",3,5
"WaterSurf",41748,0,0,"donana",3,5
"ArtSurf",12613,0,0,"donana",3,6
"BareArea",6426,0,0,"donana",3,6
"DuneSand",52133,0,0,"donana",3,6
"Grass",23898,0,0,"donana",3,6
"HydroRipVeg",39646,0,0,"donana",3,6
"MedConF",76259,0,0,"donana",3,6
"MedSclF",6483,0,0,"donana",3,6
"MedScrub",129201,0,0,"donana",3,6
"Reforestation",2747,0,0,"donana",3,6
"RipF",418,0,0,"donana",3,6
"SaltMar",344960,0,0,"donana",3,6
"Shrub",6017,0,0,"donana",3,6
"WaterSurf",41748,0,0,"donana",3,6
"ArtSurf",12613,0,0,"donana",3,7
"BareArea",6426,0,0,"donana",3,7
"DuneSand",52133,0,0,"donana",3,7
"Grass",23898,0,0,"donana",3,7
"HydroRipVeg",39646,0,0,"donana",3,7
"MedConF",76259,0,0,"donana",3,7
"MedSclF",6483,0,0,"donana",3,7
"MedScrub",129201,0,0,"donana",3,7
"Reforestation",2747,0,0,"donana",3,7
"RipF",418,0,0,"donana",3,7
"SaltMar",344960,0,0,"donana",3,7
"Shrub",6017,0,0,"donana",3,7
"WaterSurf",41748,0,0,"donana",3,7
"ArtSurf",12613,0,0,"donana",3,8
"BareArea",6426,0,0,"donana",3,8
"DuneSand",52133,0,0,"donana",3,8
"Grass",23898,0,0,"donana",3,8
"HydroRipVeg",39646,0,0,"donana",3,8
"MedConF",76259,0,0,"donana",3,8
"MedSclF",6483,0,0,"donana",3,8
"MedScrub",129201,0,0,"donana",3,8
"Reforestation",2747,0,0,"donana",3,8
"RipF",418,0,0,"donana",3,8
"SaltMar",344960,0,0,"donana",3,8
"Shrub",6017,0,0,"donana",3,8
"WaterSurf",41748,0,0,"donana",3,8
"ArtSurf",12613,0,0,"donana",3,9
"BareArea",6426,0,0,"donana",3,9
"DuneSand",52133,0,0,"donana",3,9
"Grass",23898,0,0,"donana",3,9
"HydroRipVeg",39646,0,0,"donana",3,9
"MedConF",76259,0,0,"donana",3,9
"MedSclF",6483,0,0,"donana",3,9
"MedScrub",129201,0,0,"donana",3,9
"Reforestation",2747,0,0,"donana",3,9
"RipF",418,0,0,"donana",3,9
"SaltMar",344960,0,0,"donana",3,9
"Shrub",6017,0,0,"donana",3,9
"WaterSurf",41748,0,0,"donana",3,9
"ArtSurf",12613,0,0,"donana",3,10
"BareArea",6426,0,0,"donana",3,10
"DuneSand",52133,0,0,"donana",3,10
"Grass",23898,0,0,"donana",3,10
"HydroRipVeg",39646,0,0,"donana",3,10
"MedConF",76259,0,0,"donana",3,10
"MedSclF",6483,0,0,"donana",3,10
"MedScrub",129201,0,0,"donana",3,10
"Reforestation",2747,0,0,"donana",3,10
"RipF",418,0,0,"donana",3,10
"SaltMar",344960,0,0,"donana",3,10
"Shrub",6017,0,0,"donana",3,10
"WaterSurf",41748,0,0,"donana",3,10
"ArtSurf",12613,0,0,"donana",3,11
"BareArea",6426,0,0,"donana",3,11
"DuneSand",52133,0,0,"donana",3,11
"Grass",23898,0,0,"donana",3,11
"HydroRipVeg",39646,0,0,"donana",3,11
"MedConF",76259,0,0,"donana",3,11
"MedSclF",6483,0,0,"donana",3,11
"MedScrub",129201,0,0,"donana",3,11
"Reforestation",2747,0,0,"donana",3,11
"RipF",418,0,0,"donana",3,11
"SaltMar",344960,0,0,"donana",3,11
"Shrub",6017,0,0,"donana",3,11
"WaterSurf",41748,0,0,"donana",3,11
"ArtSurf",12613,86,0.68,"donana",3,12
"BareArea",6426,5,0.08,"donana",3,12
"DuneSand",52133,70,0.13,"donana",3,12
"Grass",23898,160,0.67,"donana",3,12
"HydroRipVeg",39646,112,0.28,"donana",3,12
"MedConF",76259,51,0.07,"donana",3,12
"MedSclF",6483,12,0.19,"donana",3,12
"MedScrub",129201,679,0.53,"donana",3,12
"Reforestation",2747,4,0.15,"donana",3,12
"RipF",418,0,0,"donana",3,12
"SaltMar",344960,51,0.01,"donana",3,12
"Shrub",6017,13,0.22,"donana",3,12
"WaterSurf",41748,4,0.01,"donana",3,12
"ArtSurf",12613,1,0.01,"donana",6,1
"BareArea",6426,0,0,"donana",6,1
"DuneSand",52133,0,0,"donana",6,1
"Grass",23898,0,0,"donana",6,1
"HydroRipVeg",39646,2,0.01,"donana",6,1
"MedConF",76259,1,0,"donana",6,1
"MedSclF",6483,0,0,"donana",6,1
"MedScrub",129201,1,0,"donana",6,1
"Reforestation",2747,0,0,"donana",6,1
"RipF",418,0,0,"donana",6,1
"SaltMar",344960,0,0,"donana",6,1
"Shrub",6017,0,0,"donana",6,1
"WaterSurf",41748,0,0,"donana",6,1
"ArtSurf",12613,987,7.83,"donana",6,2
"BareArea",6426,10,0.16,"donana",6,2
"DuneSand",52133,380,0.73,"donana",6,2
"Grass",23898,3218,13.47,"donana",6,2
"HydroRipVeg",39646,3913,9.87,"donana",6,2
"MedConF",76259,1488,1.95,"donana",6,2
"MedSclF",6483,853,13.16,"donana",6,2
"MedScrub",129201,11672,9.03,"donana",6,2
"Reforestation",2747,224,8.15,"donana",6,2
"RipF",418,10,2.39,"donana",6,2
"SaltMar",344960,1978,0.57,"donana",6,2
"Shrub",6017,421,7,"donana",6,2
"WaterSurf",41748,190,0.46,"donana",6,2
"ArtSurf",12613,232,1.84,"donana",6,3
"BareArea",6426,0,0,"donana",6,3
"DuneSand",52133,45,0.09,"donana",6,3
"Grass",23898,149,0.62,"donana",6,3
"HydroRipVeg",39646,487,1.23,"donana",6,3
"MedConF",76259,253,0.33,"donana",6,3
"MedSclF",6483,63,0.97,"donana",6,3
"MedScrub",129201,3512,2.72,"donana",6,3
"Reforestation",2747,29,1.06,"donana",6,3
"RipF",418,0,0,"donana",6,3
"SaltMar",344960,490,0.14,"donana",6,3
"Shrub",6017,19,0.32,"donana",6,3
"WaterSurf",41748,23,0.06,"donana",6,3
"ArtSurf",12613,1485,11.77,"donana",6,4
"BareArea",6426,0,0,"donana",6,4
"DuneSand",52133,731,1.4,"donana",6,4
"Grass",23898,1160,4.85,"donana",6,4
"HydroRipVeg",39646,3803,9.59,"donana",6,4
"MedConF",76259,2487,3.26,"donana",6,4
"MedSclF",6483,506,7.81,"donana",6,4
"MedScrub",129201,24164,18.7,"donana",6,4
"Reforestation",2747,518,18.86,"donana",6,4
"RipF",418,7,1.67,"donana",6,4
"SaltMar",344960,1296,0.38,"donana",6,4
"Shrub",6017,493,8.19,"donana",6,4
"WaterSurf",41748,108,0.26,"donana",6,4
"ArtSurf",12613,2194,17.39,"donana",6,5
"BareArea",6426,12,0.19,"donana",6,5
"DuneSand",52133,1727,3.31,"donana",6,5
"Grass",23898,2950,12.34,"donana",6,5
"HydroRipVeg",39646,8394,21.17,"donana",6,5
"MedConF",76259,9482,12.43,"donana",6,5
"MedSclF",6483,1825,28.15,"donana",6,5
"MedScrub",129201,43152,33.4,"donana",6,5
"Reforestation",2747,1487,54.13,"donana",6,5
"RipF",418,49,11.72,"donana",6,5
"SaltMar",344960,6545,1.9,"donana",6,5
"Shrub",6017,1757,29.2,"donana",6,5
"WaterSurf",41748,190,0.46,"donana",6,5
"ArtSurf",12613,625,4.96,"donana",6,6
"BareArea",6426,44,0.68,"donana",6,6
"DuneSand",52133,374,0.72,"donana",6,6
"Grass",23898,1944,8.13,"donana",6,6
"HydroRipVeg",39646,5171,13.04,"donana",6,6
"MedConF",76259,3242,4.25,"donana",6,6
"MedSclF",6483,849,13.1,"donana",6,6
"MedScrub",129201,18198,14.09,"donana",6,6
"Reforestation",2747,802,29.2,"donana",6,6
"RipF",418,56,13.4,"donana",6,6
"SaltMar",344960,6316,1.83,"donana",6,6
"Shrub",6017,1024,17.02,"donana",6,6
"WaterSurf",41748,196,0.47,"donana",6,6
"ArtSurf",12613,0,0,"donana",6,7
"BareArea",6426,0,0,"donana",6,7
"DuneSand",52133,0,0,"donana",6,7
"Grass",23898,0,0,"donana",6,7
"HydroRipVeg",39646,0,0,"donana",6,7
"MedConF",76259,0,0,"donana",6,7
"MedSclF",6483,0,0,"donana",6,7
"MedScrub",129201,0,0,"donana",6,7
"Reforestation",2747,0,0,"donana",6,7
"RipF",418,0,0,"donana",6,7
"SaltMar",344960,0,0,"donana",6,7
"Shrub",6017,0,0,"donana",6,7
"WaterSurf",41748,0,0,"donana",6,7
"ArtSurf",12613,0,0,"donana",6,8
"BareArea",6426,0,0,"donana",6,8
"DuneSand",52133,0,0,"donana",6,8
"Grass",23898,0,0,"donana",6,8
"HydroRipVeg",39646,0,0,"donana",6,8
"MedConF",76259,0,0,"donana",6,8
"MedSclF",6483,0,0,"donana",6,8
"MedScrub",129201,0,0,"donana",6,8
"Reforestation",2747,0,0,"donana",6,8
"RipF",418,0,0,"donana",6,8
"SaltMar",344960,0,0,"donana",6,8
"Shrub",6017,0,0,"donana",6,8
"WaterSurf",41748,0,0,"donana",6,8
"ArtSurf",12613,0,0,"donana",6,9
"BareArea",6426,0,0,"donana",6,9
"DuneSand",52133,0,0,"donana",6,9
"Grass",23898,0,0,"donana",6,9
"HydroRipVeg",39646,0,0,"donana",6,9
"MedConF",76259,0,0,"donana",6,9
"MedSclF",6483,0,0,"donana",6,9
"MedScrub",129201,0,0,"donana",6,9
"Reforestation",2747,0,0,"donana",6,9
"RipF",418,0,0,"donana",6,9
"SaltMar",344960,0,0,"donana",6,9
"Shrub",6017,0,0,"donana",6,9
"WaterSurf",41748,0,0,"donana",6,9
"ArtSurf",12613,0,0,"donana",6,10
"BareArea",6426,0,0,"donana",6,10
"DuneSand",52133,0,0,"donana",6,10
"Grass",23898,0,0,"donana",6,10
"HydroRipVeg",39646,0,0,"donana",6,10
"MedConF",76259,0,0,"donana",6,10
"MedSclF",6483,0,0,"donana",6,10
"MedScrub",129201,0,0,"donana",6,10
"Reforestation",2747,0,0,"donana",6,10
"RipF",418,0,0,"donana",6,10
"SaltMar",344960,0,0,"donana",6,10
"Shrub",6017,0,0,"donana",6,10
"WaterSurf",41748,0,0,"donana",6,10
"ArtSurf",12613,39,0.31,"donana",6,11
"BareArea",6426,0,0,"donana",6,11
"DuneSand",52133,35,0.07,"donana",6,11
"Grass",23898,10,0.04,"donana",6,11
"HydroRipVeg",39646,5,0.01,"donana",6,11
"MedConF",76259,50,0.07,"donana",6,11
"MedSclF",6483,4,0.06,"donana",6,11
"MedScrub",129201,135,0.1,"donana",6,11
"Reforestation",2747,0,0,"donana",6,11
"RipF",418,0,0,"donana",6,11
"SaltMar",344960,216,0.06,"donana",6,11
"Shrub",6017,0,0,"donana",6,11
"WaterSurf",41748,12,0.03,"donana",6,11
"ArtSurf",12613,358,2.84,"donana",6,12
"BareArea",6426,28,0.44,"donana",6,12
"DuneSand",52133,1255,2.41,"donana",6,12
"Grass",23898,162,0.68,"donana",6,12
"HydroRipVeg",39646,254,0.64,"donana",6,12
"MedConF",76259,380,0.5,"donana",6,12
"MedSclF",6483,36,0.56,"donana",6,12
"MedScrub",129201,2704,2.09,"donana",6,12
"Reforestation",2747,20,0.73,"donana",6,12
"RipF",418,2,0.48,"donana",6,12
"SaltMar",344960,121,0.04,"donana",6,12
"Shrub",6017,19,0.32,"donana",6,12
"WaterSurf",41748,46,0.11,"donana",6,12
"ArtSurf",12613,0,0,"donana",9,1
"BareArea",6426,0,0,"donana",9,1
"DuneSand",52133,0,0,"donana",9,1
"Grass",23898,0,0,"donana",9,1
"HydroRipVeg",39646,0,0,"donana",9,1
"MedConF",76259,0,0,"donana",9,1
"MedSclF",6483,0,0,"donana",9,1
"MedScrub",129201,0,0,"donana",9,1
"Reforestation",2747,0,0,"donana",9,1
"RipF",418,0,0,"donana",9,1
"SaltMar",344960,0,0,"donana",9,1
"Shrub",6017,0,0,"donana",9,1
"WaterSurf",41748,0,0,"donana",9,1
"ArtSurf",12613,1294,10.26,"donana",9,2
"BareArea",6426,6,0.09,"donana",9,2
"DuneSand",52133,673,1.29,"donana",9,2
"Grass",23898,2346,9.82,"donana",9,2
"HydroRipVeg",39646,4395,11.09,"donana",9,2
"MedConF",76259,2301,3.02,"donana",9,2
"MedSclF",6483,779,12.02,"donana",9,2
"MedScrub",129201,16561,12.82,"donana",9,2
"Reforestation",2747,325,11.83,"donana",9,2
"RipF",418,9,2.15,"donana",9,2
"SaltMar",344960,1685,0.49,"donana",9,2
"Shrub",6017,457,7.6,"donana",9,2
"WaterSurf",41748,190,0.46,"donana",9,2
"ArtSurf",12613,227,1.8,"donana",9,3
"BareArea",6426,0,0,"donana",9,3
"DuneSand",52133,39,0.07,"donana",9,3
"Grass",23898,53,0.22,"donana",9,3
"HydroRipVeg",39646,530,1.34,"donana",9,3
"MedConF",76259,293,0.38,"donana",9,3
"MedSclF",6483,42,0.65,"donana",9,3
"MedScrub",129201,3423,2.65,"donana",9,3
"Reforestation",2747,24,0.87,"donana",9,3
"RipF",418,0,0,"donana",9,3
"SaltMar",344960,459,0.13,"donana",9,3
"Shrub",6017,14,0.23,"donana",9,3
"WaterSurf",41748,20,0.05,"donana",9,3
"ArtSurf",12613,1236,9.8,"donana",9,4
"BareArea",6426,0,0,"donana",9,4
"DuneSand",52133,403,0.77,"donana",9,4
"Grass",23898,1114,4.66,"donana",9,4
"HydroRipVeg",39646,3401,8.58,"donana",9,4
"MedConF",76259,2161,2.83,"donana",9,4
"MedSclF",6483,407,6.28,"donana",9,4
"MedScrub",129201,18466,14.29,"donana",9,4
"Reforestation",2747,392,14.27,"donana",9,4
"RipF",418,3,0.72,"donana",9,4
"SaltMar",344960,1058,0.31,"donana",9,4
"Shrub",6017,406,6.75,"donana",9,4
"WaterSurf",41748,113,0.27,"donana",9,4
"ArtSurf",12613,2185,17.32,"donana",9,5
"BareArea",6426,28,0.44,"donana",9,5
"DuneSand",52133,4393,8.43,"donana",9,5
"Grass",23898,2897,12.12,"donana",9,5
"HydroRipVeg",39646,7956,20.07,"donana",9,5
"MedConF",76259,7551,9.9,"donana",9,5
"MedSclF",6483,1396,21.53,"donana",9,5
"MedScrub",129201,37074,28.69,"donana",9,5
"Reforestation",2747,923,33.6,"donana",9,5
"RipF",418,50,11.96,"donana",9,5
"SaltMar",344960,5191,1.5,"donana",9,5
"Shrub",6017,1305,21.69,"donana",9,5
"WaterSurf",41748,197,0.47,"donana",9,5
"ArtSurf",12613,1017,8.06,"donana",9,6
"BareArea",6426,35,0.54,"donana",9,6
"DuneSand",52133,466,0.89,"donana",9,6
"Grass",23898,3055,12.78,"donana",9,6
"HydroRipVeg",39646,6380,16.09,"donana",9,6
"MedConF",76259,4071,5.34,"donana",9,6
"MedSclF",6483,1302,20.08,"donana",9,6
"MedScrub",129201,29290,22.67,"donana",9,6
"Reforestation",2747,857,31.2,"donana",9,6
"RipF",418,80,19.14,"donana",9,6
"SaltMar",344960,6654,1.93,"donana",9,6
"Shrub",6017,1380,22.94,"donana",9,6
"WaterSurf",41748,196,0.47,"donana",9,6
"ArtSurf",12613,1534,12.16,"donana",9,7
"BareArea",6426,92,1.43,"donana",9,7
"DuneSand",52133,1403,2.69,"donana",9,7
"Grass",23898,4131,17.29,"donana",9,7
"HydroRipVeg",39646,4423,11.16,"donana",9,7
"MedConF",76259,3296,4.32,"donana",9,7
"MedSclF",6483,500,7.71,"donana",9,7
"MedScrub",129201,31442,24.34,"donana",9,7
"Reforestation",2747,1010,36.77,"donana",9,7
"RipF",418,10,2.39,"donana",9,7
"SaltMar",344960,3413,0.99,"donana",9,7
"Shrub",6017,475,7.89,"donana",9,7
"WaterSurf",41748,728,1.74,"donana",9,7
"ArtSurf",12613,700,5.55,"donana",9,8
"BareArea",6426,34,0.53,"donana",9,8
"DuneSand",52133,515,0.99,"donana",9,8
"Grass",23898,1291,5.4,"donana",9,8
"HydroRipVeg",39646,2581,6.51,"donana",9,8
"MedConF",76259,2527,3.31,"donana",9,8
"MedSclF",6483,377,5.82,"donana",9,8
"MedScrub",129201,20739,16.05,"donana",9,8
"Reforestation",2747,1059,38.55,"donana",9,8
"RipF",418,2,0.48,"donana",9,8
"SaltMar",344960,1433,0.42,"donana",9,8
"Shrub",6017,338,5.62,"donana",9,8
"WaterSurf",41748,131,0.31,"donana",9,8
"ArtSurf",12613,0,0,"donana",9,9
"BareArea",6426,0,0,"donana",9,9
"DuneSand",52133,0,0,"donana",9,9
"Grass",23898,0,0,"donana",9,9
"HydroRipVeg",39646,0,0,"donana",9,9
"MedConF",76259,0,0,"donana",9,9
"MedSclF",6483,0,0,"donana",9,9
"MedScrub",129201,0,0,"donana",9,9
"Reforestation",2747,0,0,"donana",9,9
"RipF",418,0,0,"donana",9,9
"SaltMar",344960,0,0,"donana",9,9
"Shrub",6017,0,0,"donana",9,9
"WaterSurf",41748,0,0,"donana",9,9
"ArtSurf",12613,0,0,"donana",9,10
"BareArea",6426,0,0,"donana",9,10
"DuneSand",52133,0,0,"donana",9,10
"Grass",23898,0,0,"donana",9,10
"HydroRipVeg",39646,0,0,"donana",9,10
"MedConF",76259,0,0,"donana",9,10
"MedSclF",6483,0,0,"donana",9,10
"MedScrub",129201,0,0,"donana",9,10
"Reforestation",2747,0,0,"donana",9,10
"RipF",418,0,0,"donana",9,10
"SaltMar",344960,0,0,"donana",9,10
"Shrub",6017,0,0,"donana",9,10
"WaterSurf",41748,0,0,"donana",9,10
"ArtSurf",12613,67,0.53,"donana",9,11
"BareArea",6426,0,0,"donana",9,11
"DuneSand",52133,25,0.05,"donana",9,11
"Grass",23898,23,0.1,"donana",9,11
"HydroRipVeg",39646,15,0.04,"donana",9,11
"MedConF",76259,55,0.07,"donana",9,11
"MedSclF",6483,3,0.05,"donana",9,11
"MedScrub",129201,154,0.12,"donana",9,11
"Reforestation",2747,1,0.04,"donana",9,11
"RipF",418,0,0,"donana",9,11
"SaltMar",344960,241,0.07,"donana",9,11
"Shrub",6017,2,0.03,"donana",9,11
"WaterSurf",41748,9,0.02,"donana",9,11
"ArtSurf",12613,539,4.27,"donana",9,12
"BareArea",6426,60,0.93,"donana",9,12
"DuneSand",52133,680,1.3,"donana",9,12
"Grass",23898,241,1.01,"donana",9,12
"HydroRipVeg",39646,398,1,"donana",9,12
"MedConF",76259,448,0.59,"donana",9,12
"MedSclF",6483,77,1.19,"donana",9,12
"MedScrub",129201,3668,2.84,"donana",9,12
"Reforestation",2747,43,1.57,"donana",9,12
"RipF",418,0,0,"donana",9,12
"SaltMar",344960,209,0.06,"donana",9,12
"Shrub",6017,40,0.66,"donana",9,12
"WaterSurf",41748,37,0.09,"donana",9,12
"ArtSurf",12613,777,6.16,"donana",12,1
"BareArea",6426,3,0.05,"donana",12,1
"DuneSand",52133,284,0.54,"donana",12,1
"Grass",23898,187,0.78,"donana",12,1
"HydroRipVeg",39646,1507,3.8,"donana",12,1
"MedConF",76259,1493,1.96,"donana",12,1
"MedSclF",6483,84,1.3,"donana",12,1
"MedScrub",129201,6743,5.22,"donana",12,1
"Reforestation",2747,82,2.99,"donana",12,1
"RipF",418,1,0.24,"donana",12,1
"SaltMar",344960,446,0.13,"donana",12,1
"Shrub",6017,99,1.65,"donana",12,1
"WaterSurf",41748,61,0.15,"donana",12,1
"ArtSurf",12613,1719,13.63,"donana",12,2
"BareArea",6426,6,0.09,"donana",12,2
"DuneSand",52133,736,1.41,"donana",12,2
"Grass",23898,3324,13.91,"donana",12,2
"HydroRipVeg",39646,6024,15.19,"donana",12,2
"MedConF",76259,3310,4.34,"donana",12,2
"MedSclF",6483,1120,17.28,"donana",12,2
"MedScrub",129201,23774,18.4,"donana",12,2
"Reforestation",2747,367,13.36,"donana",12,2
"RipF",418,17,4.07,"donana",12,2
"SaltMar",344960,2517,0.73,"donana",12,2
"Shrub",6017,749,12.45,"donana",12,2
"WaterSurf",41748,201,0.48,"donana",12,2
"ArtSurf",12613,786,6.23,"donana",12,3
"BareArea",6426,0,0,"donana",12,3
"DuneSand",52133,155,0.3,"donana",12,3
"Grass",23898,450,1.88,"donana",12,3
"HydroRipVeg",39646,2013,5.08,"donana",12,3
"MedConF",76259,1307,1.71,"donana",12,3
"MedSclF",6483,226,3.49,"donana",12,3
"MedScrub",129201,10172,7.87,"donana",12,3
"Reforestation",2747,103,3.75,"donana",12,3
"RipF",418,0,0,"donana",12,3
"SaltMar",344960,1199,0.35,"donana",12,3
"Shrub",6017,111,1.84,"donana",12,3
"WaterSurf",41748,54,0.13,"donana",12,3
"ArtSurf",12613,999,7.92,"donana",12,4
"BareArea",6426,0,0,"donana",12,4
"DuneSand",52133,280,0.54,"donana",12,4
"Grass",23898,329,1.38,"donana",12,4
"HydroRipVeg",39646,2424,6.11,"donana",12,4
"MedConF",76259,1762,2.31,"donana",12,4
"MedSclF",6483,228,3.52,"donana",12,4
"MedScrub",129201,13399,10.37,"donana",12,4
"Reforestation",2747,173,6.3,"donana",12,4
"RipF",418,0,0,"donana",12,4
"SaltMar",344960,812,0.24,"donana",12,4
"Shrub",6017,245,4.07,"donana",12,4
"WaterSurf",41748,79,0.19,"donana",12,4
"ArtSurf",12613,2073,16.44,"donana",12,5
"BareArea",6426,8,0.12,"donana",12,5
"DuneSand",52133,5143,9.87,"donana",12,5
"Grass",23898,2373,9.93,"donana",12,5
"HydroRipVeg",39646,7016,17.7,"donana",12,5
"MedConF",76259,6826,8.95,"donana",12,5
"MedSclF",6483,1160,17.89,"donana",12,5
"MedScrub",129201,36215,28.03,"donana",12,5
"Reforestation",2747,1053,38.33,"donana",12,5
"RipF",418,35,8.37,"donana",12,5
"SaltMar",344960,4433,1.29,"donana",12,5
"Shrub",6017,1078,17.92,"donana",12,5
"WaterSurf",41748,154,0.37,"donana",12,5
"ArtSurf",12613,1325,10.51,"donana",12,6
"BareArea",6426,36,0.56,"donana",12,6
"DuneSand",52133,647,1.24,"donana",12,6
"Grass",23898,3831,16.03,"donana",12,6
"HydroRipVeg",39646,7949,20.05,"donana",12,6
"MedConF",76259,5880,7.71,"donana",12,6
"MedSclF",6483,1546,23.85,"donana",12,6
"MedScrub",129201,37142,28.75,"donana",12,6
"Reforestation",2747,1111,40.44,"donana",12,6
"RipF",418,97,23.21,"donana",12,6
"SaltMar",344960,6752,1.96,"donana",12,6
"Shrub",6017,1610,26.76,"donana",12,6
"WaterSurf",41748,219,0.52,"donana",12,6
"ArtSurf",12613,1848,14.65,"donana",12,7
"BareArea",6426,244,3.8,"donana",12,7
"DuneSand",52133,2079,3.99,"donana",12,7
"Grass",23898,5662,23.69,"donana",12,7
"HydroRipVeg",39646,6568,16.57,"donana",12,7
"MedConF",76259,4637,6.08,"donana",12,7
"MedSclF",6483,712,10.98,"donana",12,7
"MedScrub",129201,36963,28.61,"donana",12,7
"Reforestation",2747,1011,36.8,"donana",12,7
"RipF",418,35,8.37,"donana",12,7
"SaltMar",344960,4244,1.23,"donana",12,7
"Shrub",6017,733,12.18,"donana",12,7
"WaterSurf",41748,930,2.23,"donana",12,7
"ArtSurf",12613,438,3.47,"donana",12,8
"BareArea",6426,21,0.33,"donana",12,8
"DuneSand",52133,260,0.5,"donana",12,8
"Grass",23898,504,2.11,"donana",12,8
"HydroRipVeg",39646,775,1.95,"donana",12,8
"MedConF",76259,619,0.81,"donana",12,8
"MedSclF",6483,32,0.49,"donana",12,8
"MedScrub",129201,7744,5.99,"donana",12,8
"Reforestation",2747,231,8.41,"donana",12,8
"RipF",418,0,0,"donana",12,8
"SaltMar",344960,474,0.14,"donana",12,8
"Shrub",6017,41,0.68,"donana",12,8
"WaterSurf",41748,91,0.22,"donana",12,8
"ArtSurf",12613,292,2.32,"donana",12,9
"BareArea",6426,15,0.23,"donana",12,9
"DuneSand",52133,71,0.14,"donana",12,9
"Grass",23898,172,0.72,"donana",12,9
"HydroRipVeg",39646,752,1.9,"donana",12,9
"MedConF",76259,388,0.51,"donana",12,9
"MedSclF",6483,50,0.77,"donana",12,9
"MedScrub",129201,6801,5.26,"donana",12,9
"Reforestation",2747,194,7.06,"donana",12,9
"RipF",418,0,0,"donana",12,9
"SaltMar",344960,348,0.1,"donana",12,9
"Shrub",6017,74,1.23,"donana",12,9
"WaterSurf",41748,64,0.15,"donana",12,9
"ArtSurf",12613,0,0,"donana",12,10
"BareArea",6426,0,0,"donana",12,10
"DuneSand",52133,0,0,"donana",12,10
"Grass",23898,0,0,"donana",12,10
"HydroRipVeg",39646,0,0,"donana",12,10
"MedConF",76259,0,0,"donana",12,10
"MedSclF",6483,0,0,"donana",12,10
"MedScrub",129201,0,0,"donana",12,10
"Reforestation",2747,0,0,"donana",12,10
"RipF",418,0,0,"donana",12,10
"SaltMar",344960,0,0,"donana",12,10
"Shrub",6017,0,0,"donana",12,10
"WaterSurf",41748,0,0,"donana",12,10
"ArtSurf",12613,195,1.55,"donana",12,11
"BareArea",6426,0,0,"donana",12,11
"DuneSand",52133,10,0.02,"donana",12,11
"Grass",23898,34,0.14,"donana",12,11
"HydroRipVeg",39646,55,0.14,"donana",12,11
"MedConF",76259,127,0.17,"donana",12,11
"MedSclF",6483,5,0.08,"donana",12,11
"MedScrub",129201,2152,1.67,"donana",12,11
"Reforestation",2747,9,0.33,"donana",12,11
"RipF",418,0,0,"donana",12,11
"SaltMar",344960,66,0.02,"donana",12,11
"Shrub",6017,6,0.1,"donana",12,11
"WaterSurf",41748,10,0.02,"donana",12,11
"ArtSurf",12613,1578,12.51,"donana",12,12
"BareArea",6426,269,4.19,"donana",12,12
"DuneSand",52133,2731,5.24,"donana",12,12
"Grass",23898,573,2.4,"donana",12,12
"HydroRipVeg",39646,1916,4.83,"donana",12,12
"MedConF",76259,2752,3.61,"donana",12,12
"MedSclF",6483,265,4.09,"donana",12,12
"MedScrub",129201,20300,15.71,"donana",12,12
"Reforestation",2747,224,8.15,"donana",12,12
"RipF",418,2,0.48,"donana",12,12
"SaltMar",344960,806,0.23,"donana",12,12
"Shrub",6017,252,4.19,"donana",12,12
"WaterSurf",41748,76,0.18,"donana",12,12
"AlpConF",129960,0,0,"guadarrama",1,1
"AlpScrGr",172894,0,0,"guadarrama",1,1
"ArtSurf",1490,0,0,"guadarrama",1,1
"Grass",7028,0,0,"guadarrama",1,1
"MedSclF",3280,0,0,"guadarrama",1,1
"MedScrub",38947,0,0,"guadarrama",1,1
"Peatland",229,0,0,"guadarrama",1,1
"Reforestation",88147,0,0,"guadarrama",1,1
"RipF",529,0,0,"guadarrama",1,1
"RockScreeVeg",46691,0,0,"guadarrama",1,1
"SMedMarF",5314,0,0,"guadarrama",1,1
"Shrub",3703,0,0,"guadarrama",1,1
"TempDecF",1436,0,0,"guadarrama",1,1
"WaterSurf",30,0,0,"guadarrama",1,1
"AlpConF",129960,5148,3.96,"guadarrama",1,2
"AlpScrGr",172894,11076,6.41,"guadarrama",1,2
"ArtSurf",1490,43,2.89,"guadarrama",1,2
"Grass",7028,950,13.52,"guadarrama",1,2
"MedSclF",3280,71,2.16,"guadarrama",1,2
"MedScrub",38947,535,1.37,"guadarrama",1,2
"Peatland",229,12,5.24,"guadarrama",1,2
"Reforestation",88149,1990,2.26,"guadarrama",1,2
"RipF",529,10,1.89,"guadarrama",1,2
"RockScreeVeg",46691,1477,3.16,"guadarrama",1,2
"SMedMarF",5314,142,2.67,"guadarrama",1,2
"Shrub",3703,330,8.91,"guadarrama",1,2
"TempDecF",1436,0,0,"guadarrama",1,2
"WaterSurf",30,0,0,"guadarrama",1,2
"AlpConF",129960,0,0,"guadarrama",1,3
"AlpScrGr",172894,0,0,"guadarrama",1,3
"ArtSurf",1490,0,0,"guadarrama",1,3
"Grass",7028,0,0,"guadarrama",1,3
"MedSclF",3280,0,0,"guadarrama",1,3
"MedScrub",38947,0,0,"guadarrama",1,3
"Peatland",229,0,0,"guadarrama",1,3
"Reforestation",88149,0,0,"guadarrama",1,3
"RipF",529,0,0,"guadarrama",1,3
"RockScreeVeg",46691,0,0,"guadarrama",1,3
"SMedMarF",5314,0,0,"guadarrama",1,3
"Shrub",3703,0,0,"guadarrama",1,3
"TempDecF",1436,0,0,"guadarrama",1,3
"WaterSurf",30,0,0,"guadarrama",1,3
"AlpConF",129960,0,0,"guadarrama",1,4
"AlpScrGr",172894,0,0,"guadarrama",1,4
"ArtSurf",1490,0,0,"guadarrama",1,4
"Grass",7028,0,0,"guadarrama",1,4
"MedSclF",3280,0,0,"guadarrama",1,4
"MedScrub",38947,0,0,"guadarrama",1,4
"Peatland",229,0,0,"guadarrama",1,4
"Reforestation",88149,0,0,"guadarrama",1,4
"RipF",529,0,0,"guadarrama",1,4
"RockScreeVeg",46691,0,0,"guadarrama",1,4
"SMedMarF",5314,0,0,"guadarrama",1,4
"Shrub",3703,0,0,"guadarrama",1,4
"TempDecF",1436,0,0,"guadarrama",1,4
"WaterSurf",30,0,0,"guadarrama",1,4
"AlpConF",129960,0,0,"guadarrama",1,5
"AlpScrGr",172894,0,0,"guadarrama",1,5
"ArtSurf",1490,0,0,"guadarrama",1,5
"Grass",7028,0,0,"guadarrama",1,5
"MedSclF",3280,0,0,"guadarrama",1,5
"MedScrub",38947,0,0,"guadarrama",1,5
"Peatland",229,0,0,"guadarrama",1,5
"Reforestation",88149,0,0,"guadarrama",1,5
"RipF",529,0,0,"guadarrama",1,5
"RockScreeVeg",46691,0,0,"guadarrama",1,5
"SMedMarF",5314,0,0,"guadarrama",1,5
"Shrub",3703,0,0,"guadarrama",1,5
"TempDecF",1436,0,0,"guadarrama",1,5
"WaterSurf",30,0,0,"guadarrama",1,5
"AlpConF",129960,0,0,"guadarrama",1,6
"AlpScrGr",172894,0,0,"guadarrama",1,6
"ArtSurf",1490,0,0,"guadarrama",1,6
"Grass",7028,0,0,"guadarrama",1,6
"MedSclF",3280,0,0,"guadarrama",1,6
"MedScrub",38947,0,0,"guadarrama",1,6
"Peatland",229,0,0,"guadarrama",1,6
"Reforestation",88149,0,0,"guadarrama",1,6
"RipF",529,0,0,"guadarrama",1,6
"RockScreeVeg",46691,0,0,"guadarrama",1,6
"SMedMarF",5314,0,0,"guadarrama",1,6
"Shrub",3703,0,0,"guadarrama",1,6
"TempDecF",1436,0,0,"guadarrama",1,6
"WaterSurf",30,0,0,"guadarrama",1,6
"AlpConF",129960,0,0,"guadarrama",1,7
"AlpScrGr",172894,0,0,"guadarrama",1,7
"ArtSurf",1490,0,0,"guadarrama",1,7
"Grass",7028,0,0,"guadarrama",1,7
"MedSclF",3280,0,0,"guadarrama",1,7
"MedScrub",38947,0,0,"guadarrama",1,7
"Peatland",229,0,0,"guadarrama",1,7
"Reforestation",88149,0,0,"guadarrama",1,7
"RipF",529,0,0,"guadarrama",1,7
"RockScreeVeg",46691,0,0,"guadarrama",1,7
"SMedMarF",5314,0,0,"guadarrama",1,7
"Shrub",3703,0,0,"guadarrama",1,7
"TempDecF",1436,0,0,"guadarrama",1,7
"WaterSurf",30,0,0,"guadarrama",1,7
"AlpConF",129960,0,0,"guadarrama",1,8
"AlpScrGr",172894,0,0,"guadarrama",1,8
"ArtSurf",1490,0,0,"guadarrama",1,8
"Grass",7028,0,0,"guadarrama",1,8
"MedSclF",3280,0,0,"guadarrama",1,8
"MedScrub",38947,0,0,"guadarrama",1,8
"Peatland",229,0,0,"guadarrama",1,8
"Reforestation",88149,0,0,"guadarrama",1,8
"RipF",529,0,0,"guadarrama",1,8
"RockScreeVeg",46691,0,0,"guadarrama",1,8
"SMedMarF",5314,0,0,"guadarrama",1,8
"Shrub",3703,0,0,"guadarrama",1,8
"TempDecF",1436,0,0,"guadarrama",1,8
"WaterSurf",30,0,0,"guadarrama",1,8
"AlpConF",129960,0,0,"guadarrama",1,9
"AlpScrGr",172894,0,0,"guadarrama",1,9
"ArtSurf",1490,0,0,"guadarrama",1,9
"Grass",7028,0,0,"guadarrama",1,9
"MedSclF",3280,0,0,"guadarrama",1,9
"MedScrub",38947,0,0,"guadarrama",1,9
"Peatland",229,0,0,"guadarrama",1,9
"Reforestation",88149,0,0,"guadarrama",1,9
"RipF",529,0,0,"guadarrama",1,9
"RockScreeVeg",46691,0,0,"guadarrama",1,9
"SMedMarF",5314,0,0,"guadarrama",1,9
"Shrub",3703,0,0,"guadarrama",1,9
"TempDecF",1436,0,0,"guadarrama",1,9
"WaterSurf",30,0,0,"guadarrama",1,9
"AlpConF",129960,0,0,"guadarrama",1,10
"AlpScrGr",172894,0,0,"guadarrama",1,10
"ArtSurf",1490,0,0,"guadarrama",1,10
"Grass",7028,0,0,"guadarrama",1,10
"MedSclF",3280,0,0,"guadarrama",1,10
"MedScrub",38947,0,0,"guadarrama",1,10
"Peatland",229,0,0,"guadarrama",1,10
"Reforestation",88149,0,0,"guadarrama",1,10
"RipF",529,0,0,"guadarrama",1,10
"RockScreeVeg",46691,0,0,"guadarrama",1,10
"SMedMarF",5314,0,0,"guadarrama",1,10
"Shrub",3703,0,0,"guadarrama",1,10
"TempDecF",1436,0,0,"guadarrama",1,10
"WaterSurf",30,0,0,"guadarrama",1,10
"AlpConF",129960,0,0,"guadarrama",1,11
"AlpScrGr",172894,0,0,"guadarrama",1,11
"ArtSurf",1490,0,0,"guadarrama",1,11
"Grass",7028,0,0,"guadarrama",1,11
"MedSclF",3280,0,0,"guadarrama",1,11
"MedScrub",38947,0,0,"guadarrama",1,11
"Peatland",229,0,0,"guadarrama",1,11
"Reforestation",88149,0,0,"guadarrama",1,11
"RipF",529,0,0,"guadarrama",1,11
"RockScreeVeg",46691,0,0,"guadarrama",1,11
"SMedMarF",5314,0,0,"guadarrama",1,11
"Shrub",3703,0,0,"guadarrama",1,11
"TempDecF",1436,0,0,"guadarrama",1,11
"WaterSurf",30,0,0,"guadarrama",1,11
"AlpConF",129960,0,0,"guadarrama",1,12
"AlpScrGr",172894,0,0,"guadarrama",1,12
"ArtSurf",1490,0,0,"guadarrama",1,12
"Grass",7028,0,0,"guadarrama",1,12
"MedSclF",3280,0,0,"guadarrama",1,12
"MedScrub",38947,0,0,"guadarrama",1,12
"Peatland",229,0,0,"guadarrama",1,12
"Reforestation",88133,0,0,"guadarrama",1,12
"RipF",529,0,0,"guadarrama",1,12
"RockScreeVeg",46691,0,0,"guadarrama",1,12
"SMedMarF",5314,0,0,"guadarrama",1,12
"Shrub",3703,0,0,"guadarrama",1,12
"TempDecF",1436,0,0,"guadarrama",1,12
"WaterSurf",30,0,0,"guadarrama",1,12
"AlpConF",129960,0,0,"guadarrama",3,1
"AlpScrGr",172894,0,0,"guadarrama",3,1
"ArtSurf",1490,0,0,"guadarrama",3,1
"Grass",7028,0,0,"guadarrama",3,1
"MedSclF",3280,0,0,"guadarrama",3,1
"MedScrub",38947,0,0,"guadarrama",3,1
"Peatland",229,0,0,"guadarrama",3,1
"Reforestation",88147,0,0,"guadarrama",3,1
"RipF",529,0,0,"guadarrama",3,1
"RockScreeVeg",46691,0,0,"guadarrama",3,1
"SMedMarF",5314,0,0,"guadarrama",3,1
"Shrub",3703,0,0,"guadarrama",3,1
"TempDecF",1436,0,0,"guadarrama",3,1
"WaterSurf",30,0,0,"guadarrama",3,1
"AlpConF",129960,43,0.03,"guadarrama",3,2
"AlpScrGr",172894,12,0.01,"guadarrama",3,2
"ArtSurf",1490,0,0,"guadarrama",3,2
"Grass",7028,14,0.2,"guadarrama",3,2
"MedSclF",3280,0,0,"guadarrama",3,2
"MedScrub",38947,0,0,"guadarrama",3,2
"Peatland",229,0,0,"guadarrama",3,2
"Reforestation",88149,12,0.01,"guadarrama",3,2
"RipF",529,1,0.19,"guadarrama",3,2
"RockScreeVeg",46691,1,0,"guadarrama",3,2
"SMedMarF",5314,0,0,"guadarrama",3,2
"Shrub",3703,0,0,"guadarrama",3,2
"TempDecF",1436,0,0,"guadarrama",3,2
"WaterSurf",30,0,0,"guadarrama",3,2
"AlpConF",129960,1914,1.47,"guadarrama",3,3
"AlpScrGr",172894,5339,3.09,"guadarrama",3,3
"ArtSurf",1490,11,0.74,"guadarrama",3,3
"Grass",7028,44,0.63,"guadarrama",3,3
"MedSclF",3280,1,0.03,"guadarrama",3,3
"MedScrub",38947,129,0.33,"guadarrama",3,3
"Peatland",229,23,10.04,"guadarrama",3,3
"Reforestation",88149,968,1.1,"guadarrama",3,3
"RipF",529,0,0,"guadarrama",3,3
"RockScreeVeg",46691,416,0.89,"guadarrama",3,3
"SMedMarF",5314,4,0.08,"guadarrama",3,3
"Shrub",3703,2,0.05,"guadarrama",3,3
"TempDecF",1436,0,0,"guadarrama",3,3
"WaterSurf",30,0,0,"guadarrama",3,3
"AlpConF",129960,0,0,"guadarrama",3,4
"AlpScrGr",172894,2,0,"guadarrama",3,4
"ArtSurf",1490,0,0,"guadarrama",3,4
"Grass",7028,0,0,"guadarrama",3,4
"MedSclF",3280,0,0,"guadarrama",3,4
"MedScrub",38947,0,0,"guadarrama",3,4
"Peatland",229,0,0,"guadarrama",3,4
"Reforestation",88149,0,0,"guadarrama",3,4
"RipF",529,0,0,"guadarrama",3,4
"RockScreeVeg",46691,0,0,"guadarrama",3,4
"SMedMarF",5314,0,0,"guadarrama",3,4
"Shrub",3703,0,0,"guadarrama",3,4
"TempDecF",1436,0,0,"guadarrama",3,4
"WaterSurf",30,0,0,"guadarrama",3,4
"AlpConF",129960,0,0,"guadarrama",3,5
"AlpScrGr",172894,0,0,"guadarrama",3,5
"ArtSurf",1490,0,0,"guadarrama",3,5
"Grass",7028,0,0,"guadarrama",3,5
"MedSclF",3280,0,0,"guadarrama",3,5
"MedScrub",38947,0,0,"guadarrama",3,5
"Peatland",229,0,0,"guadarrama",3,5
"Reforestation",88149,0,0,"guadarrama",3,5
"RipF",529,0,0,"guadarrama",3,5
"RockScreeVeg",46691,0,0,"guadarrama",3,5
"SMedMarF",5314,0,0,"guadarrama",3,5
"Shrub",3703,0,0,"guadarrama",3,5
"TempDecF",1436,0,0,"guadarrama",3,5
"WaterSurf",30,0,0,"guadarrama",3,5
"AlpConF",129960,1,0,"guadarrama",3,6
"AlpScrGr",172894,3,0,"guadarrama",3,6
"ArtSurf",1490,0,0,"guadarrama",3,6
"Grass",7028,0,0,"guadarrama",3,6
"MedSclF",3280,0,0,"guadarrama",3,6
"MedScrub",38947,19,0.05,"guadarrama",3,6
"Peatland",229,0,0,"guadarrama",3,6
"Reforestation",88149,12,0.01,"guadarrama",3,6
"RipF",529,0,0,"guadarrama",3,6
"RockScreeVeg",46691,4,0.01,"guadarrama",3,6
"SMedMarF",5314,0,0,"guadarrama",3,6
"Shrub",3703,0,0,"guadarrama",3,6
"TempDecF",1436,0,0,"guadarrama",3,6
"WaterSurf",30,0,0,"guadarrama",3,6
"AlpConF",129960,0,0,"guadarrama",3,7
"AlpScrGr",172894,0,0,"guadarrama",3,7
"ArtSurf",1490,0,0,"guadarrama",3,7
"Grass",7028,0,0,"guadarrama",3,7
"MedSclF",3280,0,0,"guadarrama",3,7
"MedScrub",38947,0,0,"guadarrama",3,7
"Peatland",229,0,0,"guadarrama",3,7
"Reforestation",88149,0,0,"guadarrama",3,7
"RipF",529,0,0,"guadarrama",3,7
"RockScreeVeg",46691,0,0,"guadarrama",3,7
"SMedMarF",5314,0,0,"guadarrama",3,7
"Shrub",3703,0,0,"guadarrama",3,7
"TempDecF",1436,0,0,"guadarrama",3,7
"WaterSurf",30,0,0,"guadarrama",3,7
"AlpConF",129960,0,0,"guadarrama",3,8
"AlpScrGr",172894,0,0,"guadarrama",3,8
"ArtSurf",1490,0,0,"guadarrama",3,8
"Grass",7028,0,0,"guadarrama",3,8
"MedSclF",3280,0,0,"guadarrama",3,8
"MedScrub",38947,0,0,"guadarrama",3,8
"Peatland",229,0,0,"guadarrama",3,8
"Reforestation",88149,0,0,"guadarrama",3,8
"RipF",529,0,0,"guadarrama",3,8
"RockScreeVeg",46691,0,0,"guadarrama",3,8
"SMedMarF",5314,0,0,"guadarrama",3,8
"Shrub",3703,0,0,"guadarrama",3,8
"TempDecF",1436,0,0,"guadarrama",3,8
"WaterSurf",30,0,0,"guadarrama",3,8
"AlpConF",129960,0,0,"guadarrama",3,9
"AlpScrGr",172894,0,0,"guadarrama",3,9
"ArtSurf",1490,0,0,"guadarrama",3,9
"Grass",7028,0,0,"guadarrama",3,9
"MedSclF",3280,0,0,"guadarrama",3,9
"MedScrub",38947,0,0,"guadarrama",3,9
"Peatland",229,0,0,"guadarrama",3,9
"Reforestation",88149,0,0,"guadarrama",3,9
"RipF",529,0,0,"guadarrama",3,9
"RockScreeVeg",46691,0,0,"guadarrama",3,9
"SMedMarF",5314,0,0,"guadarrama",3,9
"Shrub",3703,0,0,"guadarrama",3,9
"TempDecF",1436,0,0,"guadarrama",3,9
"WaterSurf",30,0,0,"guadarrama",3,9
"AlpConF",129960,0,0,"guadarrama",3,10
"AlpScrGr",172894,0,0,"guadarrama",3,10
"ArtSurf",1490,0,0,"guadarrama",3,10
"Grass",7028,0,0,"guadarrama",3,10
"MedSclF",3280,0,0,"guadarrama",3,10
"MedScrub",38947,0,0,"guadarrama",3,10
"Peatland",229,0,0,"guadarrama",3,10
"Reforestation",88149,0,0,"guadarrama",3,10
"RipF",529,0,0,"guadarrama",3,10
"RockScreeVeg",46691,0,0,"guadarrama",3,10
"SMedMarF",5314,0,0,"guadarrama",3,10
"Shrub",3703,0,0,"guadarrama",3,10
"TempDecF",1436,0,0,"guadarrama",3,10
"WaterSurf",30,0,0,"guadarrama",3,10
"AlpConF",129960,0,0,"guadarrama",3,11
"AlpScrGr",172894,0,0,"guadarrama",3,11
"ArtSurf",1490,0,0,"guadarrama",3,11
"Grass",7028,0,0,"guadarrama",3,11
"MedSclF",3280,0,0,"guadarrama",3,11
"MedScrub",38947,0,0,"guadarrama",3,11
"Peatland",229,0,0,"guadarrama",3,11
"Reforestation",88149,0,0,"guadarrama",3,11
"RipF",529,0,0,"guadarrama",3,11
"RockScreeVeg",46691,0,0,"guadarrama",3,11
"SMedMarF",5314,0,0,"guadarrama",3,11
"Shrub",3703,0,0,"guadarrama",3,11
"TempDecF",1436,0,0,"guadarrama",3,11
"WaterSurf",30,0,0,"guadarrama",3,11
"AlpConF",129960,0,0,"guadarrama",3,12
"AlpScrGr",172894,0,0,"guadarrama",3,12
"ArtSurf",1490,0,0,"guadarrama",3,12
"Grass",7028,0,0,"guadarrama",3,12
"MedSclF",3280,0,0,"guadarrama",3,12
"MedScrub",38947,0,0,"guadarrama",3,12
"Peatland",229,0,0,"guadarrama",3,12
"Reforestation",88133,0,0,"guadarrama",3,12
"RipF",529,0,0,"guadarrama",3,12
"RockScreeVeg",46691,0,0,"guadarrama",3,12
"SMedMarF",5314,0,0,"guadarrama",3,12
"Shrub",3703,0,0,"guadarrama",3,12
"TempDecF",1436,0,0,"guadarrama",3,12
"WaterSurf",30,0,0,"guadarrama",3,12
"AlpConF",129960,0,0,"guadarrama",6,1
"AlpScrGr",172894,0,0,"guadarrama",6,1
"ArtSurf",1490,0,0,"guadarrama",6,1
"Grass",7028,0,0,"guadarrama",6,1
"MedSclF",3280,0,0,"guadarrama",6,1
"MedScrub",38947,0,0,"guadarrama",6,1
"Peatland",229,0,0,"guadarrama",6,1
"Reforestation",88147,0,0,"guadarrama",6,1
"RipF",529,0,0,"guadarrama",6,1
"RockScreeVeg",46691,0,0,"guadarrama",6,1
"SMedMarF",5314,0,0,"guadarrama",6,1
"Shrub",3703,0,0,"guadarrama",6,1
"TempDecF",1436,0,0,"guadarrama",6,1
"WaterSurf",30,0,0,"guadarrama",6,1
"AlpConF",129960,9,0.01,"guadarrama",6,2
"AlpScrGr",172894,0,0,"guadarrama",6,2
"ArtSurf",1490,0,0,"guadarrama",6,2
"Grass",7028,7,0.1,"guadarrama",6,2
"MedSclF",3280,0,0,"guadarrama",6,2
"MedScrub",38947,0,0,"guadarrama",6,2
"Peatland",229,0,0,"guadarrama",6,2
"Reforestation",88149,0,0,"guadarrama",6,2
"RipF",529,0,0,"guadarrama",6,2
"RockScreeVeg",46691,1,0,"guadarrama",6,2
"SMedMarF",5314,0,0,"guadarrama",6,2
"Shrub",3703,0,0,"guadarrama",6,2
"TempDecF",1436,0,0,"guadarrama",6,2
"WaterSurf",30,0,0,"guadarrama",6,2
"AlpConF",129960,11952,9.2,"guadarrama",6,3
"AlpScrGr",172894,24571,14.21,"guadarrama",6,3
"ArtSurf",1490,136,9.13,"guadarrama",6,3
"Grass",7028,395,5.62,"guadarrama",6,3
"MedSclF",3280,10,0.3,"guadarrama",6,3
"MedScrub",38947,927,2.38,"guadarrama",6,3
"Peatland",229,71,31,"guadarrama",6,3
"Reforestation",88149,6782,7.69,"guadarrama",6,3
"RipF",529,7,1.32,"guadarrama",6,3
"RockScreeVeg",46691,1824,3.91,"guadarrama",6,3
"SMedMarF",5314,212,3.99,"guadarrama",6,3
"Shrub",3703,92,2.48,"guadarrama",6,3
"TempDecF",1436,3,0.21,"guadarrama",6,3
"WaterSurf",30,0,0,"guadarrama",6,3
"AlpConF",129960,156,0.12,"guadarrama",6,4
"AlpScrGr",172894,147,0.09,"guadarrama",6,4
"ArtSurf",1490,0,0,"guadarrama",6,4
"Grass",7028,4,0.06,"guadarrama",6,4
"MedSclF",3280,0,0,"guadarrama",6,4
"MedScrub",38947,5,0.01,"guadarrama",6,4
"Peatland",229,2,0.87,"guadarrama",6,4
"Reforestation",88149,67,0.08,"guadarrama",6,4
"RipF",529,0,0,"guadarrama",6,4
"RockScreeVeg",46691,9,0.02,"guadarrama",6,4
"SMedMarF",5314,9,0.17,"guadarrama",6,4
"Shrub",3703,4,0.11,"guadarrama",6,4
"TempDecF",1436,0,0,"guadarrama",6,4
"WaterSurf",30,0,0,"guadarrama",6,4
"AlpConF",129960,0,0,"guadarrama",6,5
"AlpScrGr",172894,0,0,"guadarrama",6,5
"ArtSurf",1490,0,0,"guadarrama",6,5
"Grass",7028,0,0,"guadarrama",6,5
"MedSclF",3280,0,0,"guadarrama",6,5
"MedScrub",38947,0,0,"guadarrama",6,5
"Peatland",229,0,0,"guadarrama",6,5
"Reforestation",88149,0,0,"guadarrama",6,5
"RipF",529,0,0,"guadarrama",6,5
"RockScreeVeg",46691,0,0,"guadarrama",6,5
"SMedMarF",5314,0,0,"guadarrama",6,5
"Shrub",3703,0,0,"guadarrama",6,5
"TempDecF",1436,0,0,"guadarrama",6,5
"WaterSurf",30,0,0,"guadarrama",6,5
"AlpConF",129960,222,0.17,"guadarrama",6,6
"AlpScrGr",172894,6383,3.69,"guadarrama",6,6
"ArtSurf",1490,15,1.01,"guadarrama",6,6
"Grass",7028,38,0.54,"guadarrama",6,6
"MedSclF",3280,20,0.61,"guadarrama",6,6
"MedScrub",38947,744,1.91,"guadarrama",6,6
"Peatland",229,2,0.87,"guadarrama",6,6
"Reforestation",88149,815,0.92,"guadarrama",6,6
"RipF",529,2,0.38,"guadarrama",6,6
"RockScreeVeg",46691,1452,3.11,"guadarrama",6,6
"SMedMarF",5314,55,1.04,"guadarrama",6,6
"Shrub",3703,37,1,"guadarrama",6,6
"TempDecF",1436,4,0.28,"guadarrama",6,6
"WaterSurf",30,8,26.67,"guadarrama",6,6
"AlpConF",129960,0,0,"guadarrama",6,7
"AlpScrGr",172894,0,0,"guadarrama",6,7
"ArtSurf",1490,0,0,"guadarrama",6,7
"Grass",7028,0,0,"guadarrama",6,7
"MedSclF",3280,0,0,"guadarrama",6,7
"MedScrub",38947,0,0,"guadarrama",6,7
"Peatland",229,0,0,"guadarrama",6,7
"Reforestation",88149,0,0,"guadarrama",6,7
"RipF",529,0,0,"guadarrama",6,7
"RockScreeVeg",46691,0,0,"guadarrama",6,7
"SMedMarF",5314,0,0,"guadarrama",6,7
"Shrub",3703,0,0,"guadarrama",6,7
"TempDecF",1436,0,0,"guadarrama",6,7
"WaterSurf",30,0,0,"guadarrama",6,7
"AlpConF",129960,0,0,"guadarrama",6,8
"AlpScrGr",172894,0,0,"guadarrama",6,8
"ArtSurf",1490,0,0,"guadarrama",6,8
"Grass",7028,0,0,"guadarrama",6,8
"MedSclF",3280,0,0,"guadarrama",6,8
"MedScrub",38947,0,0,"guadarrama",6,8
"Peatland",229,0,0,"guadarrama",6,8
"Reforestation",88149,0,0,"guadarrama",6,8
"RipF",529,0,0,"guadarrama",6,8
"RockScreeVeg",46691,0,0,"guadarrama",6,8
"SMedMarF",5314,0,0,"guadarrama",6,8
"Shrub",3703,0,0,"guadarrama",6,8
"TempDecF",1436,0,0,"guadarrama",6,8
"WaterSurf",30,0,0,"guadarrama",6,8
"AlpConF",129960,0,0,"guadarrama",6,9
"AlpScrGr",172894,0,0,"guadarrama",6,9
"ArtSurf",1490,0,0,"guadarrama",6,9
"Grass",7028,0,0,"guadarrama",6,9
"MedSclF",3280,0,0,"guadarrama",6,9
"MedScrub",38947,0,0,"guadarrama",6,9
"Peatland",229,0,0,"guadarrama",6,9
"Reforestation",88149,0,0,"guadarrama",6,9
"RipF",529,0,0,"guadarrama",6,9
"RockScreeVeg",46691,0,0,"guadarrama",6,9
"SMedMarF",5314,0,0,"guadarrama",6,9
"Shrub",3703,0,0,"guadarrama",6,9
"TempDecF",1436,0,0,"guadarrama",6,9
"WaterSurf",30,0,0,"guadarrama",6,9
"AlpConF",129960,0,0,"guadarrama",6,10
"AlpScrGr",172894,0,0,"guadarrama",6,10
"ArtSurf",1490,0,0,"guadarrama",6,10
"Grass",7028,0,0,"guadarrama",6,10
"MedSclF",3280,0,0,"guadarrama",6,10
"MedScrub",38947,0,0,"guadarrama",6,10
"Peatland",229,0,0,"guadarrama",6,10
"Reforestation",88149,0,0,"guadarrama",6,10
"RipF",529,0,0,"guadarrama",6,10
"RockScreeVeg",46691,0,0,"guadarrama",6,10
"SMedMarF",5314,0,0,"guadarrama",6,10
"Shrub",3703,0,0,"guadarrama",6,10
"TempDecF",1436,0,0,"guadarrama",6,10
"WaterSurf",30,0,0,"guadarrama",6,10
"AlpConF",129960,0,0,"guadarrama",6,11
"AlpScrGr",172894,0,0,"guadarrama",6,11
"ArtSurf",1490,0,0,"guadarrama",6,11
"Grass",7028,0,0,"guadarrama",6,11
"MedSclF",3280,0,0,"guadarrama",6,11
"MedScrub",38947,0,0,"guadarrama",6,11
"Peatland",229,0,0,"guadarrama",6,11
"Reforestation",88149,0,0,"guadarrama",6,11
"RipF",529,0,0,"guadarrama",6,11
"RockScreeVeg",46691,0,0,"guadarrama",6,11
"SMedMarF",5314,0,0,"guadarrama",6,11
"Shrub",3703,0,0,"guadarrama",6,11
"TempDecF",1436,0,0,"guadarrama",6,11
"WaterSurf",30,0,0,"guadarrama",6,11
"AlpConF",129960,0,0,"guadarrama",6,12
"AlpScrGr",172894,0,0,"guadarrama",6,12
"ArtSurf",1490,0,0,"guadarrama",6,12
"Grass",7028,0,0,"guadarrama",6,12
"MedSclF",3280,0,0,"guadarrama",6,12
"MedScrub",38947,0,0,"guadarrama",6,12
"Peatland",229,0,0,"guadarrama",6,12
"Reforestation",88133,0,0,"guadarrama",6,12
"RipF",529,0,0,"guadarrama",6,12
"RockScreeVeg",46691,0,0,"guadarrama",6,12
"SMedMarF",5314,0,0,"guadarrama",6,12
"Shrub",3703,0,0,"guadarrama",6,12
"TempDecF",1436,0,0,"guadarrama",6,12
"WaterSurf",30,0,0,"guadarrama",6,12
"AlpConF",129960,0,0,"guadarrama",9,1
"AlpScrGr",172894,0,0,"guadarrama",9,1
"ArtSurf",1490,0,0,"guadarrama",9,1
"Grass",7028,0,0,"guadarrama",9,1
"MedSclF",3280,0,0,"guadarrama",9,1
"MedScrub",38947,0,0,"guadarrama",9,1
"Peatland",229,0,0,"guadarrama",9,1
"Reforestation",88147,0,0,"guadarrama",9,1
"RipF",529,0,0,"guadarrama",9,1
"RockScreeVeg",46691,0,0,"guadarrama",9,1
"SMedMarF",5314,0,0,"guadarrama",9,1
"Shrub",3703,0,0,"guadarrama",9,1
"TempDecF",1436,0,0,"guadarrama",9,1
"WaterSurf",30,0,0,"guadarrama",9,1
"AlpConF",129960,0,0,"guadarrama",9,2
"AlpScrGr",172894,0,0,"guadarrama",9,2
"ArtSurf",1490,0,0,"guadarrama",9,2
"Grass",7028,0,0,"guadarrama",9,2
"MedSclF",3280,0,0,"guadarrama",9,2
"MedScrub",38947,0,0,"guadarrama",9,2
"Peatland",229,0,0,"guadarrama",9,2
"Reforestation",88149,0,0,"guadarrama",9,2
"RipF",529,0,0,"guadarrama",9,2
"RockScreeVeg",46691,0,0,"guadarrama",9,2
"SMedMarF",5314,0,0,"guadarrama",9,2
"Shrub",3703,0,0,"guadarrama",9,2
"TempDecF",1436,0,0,"guadarrama",9,2
"WaterSurf",30,0,0,"guadarrama",9,2
"AlpConF",129960,9,0.01,"guadarrama",9,3
"AlpScrGr",172894,3,0,"guadarrama",9,3
"ArtSurf",1490,0,0,"guadarrama",9,3
"Grass",7028,0,0,"guadarrama",9,3
"MedSclF",3280,0,0,"guadarrama",9,3
"MedScrub",38947,0,0,"guadarrama",9,3
"Peatland",229,0,0,"guadarrama",9,3
"Reforestation",88149,4,0,"guadarrama",9,3
"RipF",529,0,0,"guadarrama",9,3
"RockScreeVeg",46691,0,0,"guadarrama",9,3
"SMedMarF",5314,0,0,"guadarrama",9,3
"Shrub",3703,0,0,"guadarrama",9,3
"TempDecF",1436,0,0,"guadarrama",9,3
"WaterSurf",30,0,0,"guadarrama",9,3
"AlpConF",129960,0,0,"guadarrama",9,4
"AlpScrGr",172894,0,0,"guadarrama",9,4
"ArtSurf",1490,0,0,"guadarrama",9,4
"Grass",7028,0,0,"guadarrama",9,4
"MedSclF",3280,0,0,"guadarrama",9,4
"MedScrub",38947,0,0,"guadarrama",9,4
"Peatland",229,0,0,"guadarrama",9,4
"Reforestation",88149,0,0,"guadarrama",9,4
"RipF",529,0,0,"guadarrama",9,4
"RockScreeVeg",46691,0,0,"guadarrama",9,4
"SMedMarF",5314,0,0,"guadarrama",9,4
"Shrub",3703,0,0,"guadarrama",9,4
"TempDecF",1436,0,0,"guadarrama",9,4
"WaterSurf",30,0,0,"guadarrama",9,4
"AlpConF",129960,0,0,"guadarrama",9,5
"AlpScrGr",172894,1,0,"guadarrama",9,5
"ArtSurf",1490,0,0,"guadarrama",9,5
"Grass",7028,0,0,"guadarrama",9,5
"MedSclF",3280,0,0,"guadarrama",9,5
"MedScrub",38947,0,0,"guadarrama",9,5
"Peatland",229,0,0,"guadarrama",9,5
"Reforestation",88149,1,0,"guadarrama",9,5
"RipF",529,0,0,"guadarrama",9,5
"RockScreeVeg",46691,3,0.01,"guadarrama",9,5
"SMedMarF",5314,0,0,"guadarrama",9,5
"Shrub",3703,0,0,"guadarrama",9,5
"TempDecF",1436,0,0,"guadarrama",9,5
"WaterSurf",30,0,0,"guadarrama",9,5
"AlpConF",129960,96,0.07,"guadarrama",9,6
"AlpScrGr",172894,2853,1.65,"guadarrama",9,6
"ArtSurf",1490,15,1.01,"guadarrama",9,6
"Grass",7028,10,0.14,"guadarrama",9,6
"MedSclF",3280,12,0.37,"guadarrama",9,6
"MedScrub",38947,289,0.74,"guadarrama",9,6
"Peatland",229,0,0,"guadarrama",9,6
"Reforestation",88149,713,0.81,"guadarrama",9,6
"RipF",529,0,0,"guadarrama",9,6
"RockScreeVeg",46691,417,0.89,"guadarrama",9,6
"SMedMarF",5314,11,0.21,"guadarrama",9,6
"Shrub",3703,7,0.19,"guadarrama",9,6
"TempDecF",1436,2,0.14,"guadarrama",9,6
"WaterSurf",30,1,3.33,"guadarrama",9,6
"AlpConF",129960,0,0,"guadarrama",9,7
"AlpScrGr",172894,0,0,"guadarrama",9,7
"ArtSurf",1490,0,0,"guadarrama",9,7
"Grass",7028,0,0,"guadarrama",9,7
"MedSclF",3280,0,0,"guadarrama",9,7
"MedScrub",38947,0,0,"guadarrama",9,7
"Peatland",229,0,0,"guadarrama",9,7
"Reforestation",88149,0,0,"guadarrama",9,7
"RipF",529,0,0,"guadarrama",9,7
"RockScreeVeg",46691,0,0,"guadarrama",9,7
"SMedMarF",5314,0,0,"guadarrama",9,7
"Shrub",3703,0,0,"guadarrama",9,7
"TempDecF",1436,0,0,"guadarrama",9,7
"WaterSurf",30,0,0,"guadarrama",9,7
"AlpConF",129960,0,0,"guadarrama",9,8
"AlpScrGr",172894,0,0,"guadarrama",9,8
"ArtSurf",1490,0,0,"guadarrama",9,8
"Grass",7028,0,0,"guadarrama",9,8
"MedSclF",3280,0,0,"guadarrama",9,8
"MedScrub",38947,0,0,"guadarrama",9,8
"Peatland",229,0,0,"guadarrama",9,8
"Reforestation",88149,0,0,"guadarrama",9,8
"RipF",529,0,0,"guadarrama",9,8
"RockScreeVeg",46691,0,0,"guadarrama",9,8
"SMedMarF",5314,0,0,"guadarrama",9,8
"Shrub",3703,0,0,"guadarrama",9,8
"TempDecF",1436,0,0,"guadarrama",9,8
"WaterSurf",30,0,0,"guadarrama",9,8
"AlpConF",129960,0,0,"guadarrama",9,9
"AlpScrGr",172894,0,0,"guadarrama",9,9
"ArtSurf",1490,0,0,"guadarrama",9,9
"Grass",7028,0,0,"guadarrama",9,9
"MedSclF",3280,0,0,"guadarrama",9,9
"MedScrub",38947,0,0,"guadarrama",9,9
"Peatland",229,0,0,"guadarrama",9,9
"Reforestation",88149,0,0,"guadarrama",9,9
"RipF",529,0,0,"guadarrama",9,9
"RockScreeVeg",46691,0,0,"guadarrama",9,9
"SMedMarF",5314,0,0,"guadarrama",9,9
"Shrub",3703,0,0,"guadarrama",9,9
"TempDecF",1436,0,0,"guadarrama",9,9
"WaterSurf",30,0,0,"guadarrama",9,9
"AlpConF",129960,0,0,"guadarrama",9,10
"AlpScrGr",172894,0,0,"guadarrama",9,10
"ArtSurf",1490,0,0,"guadarrama",9,10
"Grass",7028,0,0,"guadarrama",9,10
"MedSclF",3280,0,0,"guadarrama",9,10
"MedScrub",38947,0,0,"guadarrama",9,10
"Peatland",229,0,0,"guadarrama",9,10
"Reforestation",88149,0,0,"guadarrama",9,10
"RipF",529,0,0,"guadarrama",9,10
"RockScreeVeg",46691,0,0,"guadarrama",9,10
"SMedMarF",5314,0,0,"guadarrama",9,10
"Shrub",3703,0,0,"guadarrama",9,10
"TempDecF",1436,0,0,"guadarrama",9,10
"WaterSurf",30,0,0,"guadarrama",9,10
"AlpConF",129960,0,0,"guadarrama",9,11
"AlpScrGr",172894,0,0,"guadarrama",9,11
"ArtSurf",1490,0,0,"guadarrama",9,11
"Grass",7028,0,0,"guadarrama",9,11
"MedSclF",3280,0,0,"guadarrama",9,11
"MedScrub",38947,0,0,"guadarrama",9,11
"Peatland",229,0,0,"guadarrama",9,11
"Reforestation",88149,0,0,"guadarrama",9,11
"RipF",529,0,0,"guadarrama",9,11
"RockScreeVeg",46691,0,0,"guadarrama",9,11
"SMedMarF",5314,0,0,"guadarrama",9,11
"Shrub",3703,0,0,"guadarrama",9,11
"TempDecF",1436,0,0,"guadarrama",9,11
"WaterSurf",30,0,0,"guadarrama",9,11
"AlpConF",129960,0,0,"guadarrama",9,12
"AlpScrGr",172894,0,0,"guadarrama",9,12
"ArtSurf",1490,0,0,"guadarrama",9,12
"Grass",7028,0,0,"guadarrama",9,12
"MedSclF",3280,0,0,"guadarrama",9,12
"MedScrub",38947,0,0,"guadarrama",9,12
"Peatland",229,0,0,"guadarrama",9,12
"Reforestation",88133,0,0,"guadarrama",9,12
"RipF",529,0,0,"guadarrama",9,12
"RockScreeVeg",46691,0,0,"guadarrama",9,12
"SMedMarF",5314,0,0,"guadarrama",9,12
"Shrub",3703,0,0,"guadarrama",9,12
"TempDecF",1436,0,0,"guadarrama",9,12
"WaterSurf",30,0,0,"guadarrama",9,12
"AlpConF",129960,0,0,"guadarrama",12,1
"AlpScrGr",172894,0,0,"guadarrama",12,1
"ArtSurf",1490,0,0,"guadarrama",12,1
"Grass",7028,0,0,"guadarrama",12,1
"MedSclF",3280,0,0,"guadarrama",12,1
"MedScrub",38947,0,0,"guadarrama",12,1
"Peatland",229,0,0,"guadarrama",12,1
"Reforestation",88147,0,0,"guadarrama",12,1
"RipF",529,0,0,"guadarrama",12,1
"RockScreeVeg",46691,0,0,"guadarrama",12,1
"SMedMarF",5314,0,0,"guadarrama",12,1
"Shrub",3703,0,0,"guadarrama",12,1
"TempDecF",1436,0,0,"guadarrama",12,1
"WaterSurf",30,0,0,"guadarrama",12,1
"AlpConF",129960,0,0,"guadarrama",12,2
"AlpScrGr",172894,0,0,"guadarrama",12,2
"ArtSurf",1490,0,0,"guadarrama",12,2
"Grass",7028,0,0,"guadarrama",12,2
"MedSclF",3280,0,0,"guadarrama",12,2
"MedScrub",38947,0,0,"guadarrama",12,2
"Peatland",229,0,0,"guadarrama",12,2
"Reforestation",88149,0,0,"guadarrama",12,2
"RipF",529,0,0,"guadarrama",12,2
"RockScreeVeg",46691,0,0,"guadarrama",12,2
"SMedMarF",5314,0,0,"guadarrama",12,2
"Shrub",3703,0,0,"guadarrama",12,2
"TempDecF",1436,0,0,"guadarrama",12,2
"WaterSurf",30,0,0,"guadarrama",12,2
"AlpConF",129960,0,0,"guadarrama",12,3
"AlpScrGr",172894,0,0,"guadarrama",12,3
"ArtSurf",1490,0,0,"guadarrama",12,3
"Grass",7028,0,0,"guadarrama",12,3
"MedSclF",3280,0,0,"guadarrama",12,3
"MedScrub",38947,0,0,"guadarrama",12,3
"Peatland",229,0,0,"guadarrama",12,3
"Reforestation",88149,0,0,"guadarrama",12,3
"RipF",529,0,0,"guadarrama",12,3
"RockScreeVeg",46691,0,0,"guadarrama",12,3
"SMedMarF",5314,0,0,"guadarrama",12,3
"Shrub",3703,0,0,"guadarrama",12,3
"TempDecF",1436,0,0,"guadarrama",12,3
"WaterSurf",30,0,0,"guadarrama",12,3
"AlpConF",129960,0,0,"guadarrama",12,4
"AlpScrGr",172894,0,0,"guadarrama",12,4
"ArtSurf",1490,0,0,"guadarrama",12,4
"Grass",7028,0,0,"guadarrama",12,4
"MedSclF",3280,0,0,"guadarrama",12,4
"MedScrub",38947,0,0,"guadarrama",12,4
"Peatland",229,0,0,"guadarrama",12,4
"Reforestation",88149,0,0,"guadarrama",12,4
"RipF",529,0,0,"guadarrama",12,4
"RockScreeVeg",46691,0,0,"guadarrama",12,4
"SMedMarF",5314,0,0,"guadarrama",12,4
"Shrub",3703,0,0,"guadarrama",12,4
"TempDecF",1436,0,0,"guadarrama",12,4
"WaterSurf",30,0,0,"guadarrama",12,4
"AlpConF",129960,0,0,"guadarrama",12,5
"AlpScrGr",172894,0,0,"guadarrama",12,5
"ArtSurf",1490,0,0,"guadarrama",12,5
"Grass",7028,0,0,"guadarrama",12,5
"MedSclF",3280,0,0,"guadarrama",12,5
"MedScrub",38947,0,0,"guadarrama",12,5
"Peatland",229,0,0,"guadarrama",12,5
"Reforestation",88149,0,0,"guadarrama",12,5
"RipF",529,0,0,"guadarrama",12,5
"RockScreeVeg",46691,0,0,"guadarrama",12,5
"SMedMarF",5314,0,0,"guadarrama",12,5
"Shrub",3703,0,0,"guadarrama",12,5
"TempDecF",1436,0,0,"guadarrama",12,5
"WaterSurf",30,0,0,"guadarrama",12,5
"AlpConF",129960,0,0,"guadarrama",12,6
"AlpScrGr",172894,0,0,"guadarrama",12,6
"ArtSurf",1490,0,0,"guadarrama",12,6
"Grass",7028,0,0,"guadarrama",12,6
"MedSclF",3280,0,0,"guadarrama",12,6
"MedScrub",38947,0,0,"guadarrama",12,6
"Peatland",229,0,0,"guadarrama",12,6
"Reforestation",88149,0,0,"guadarrama",12,6
"RipF",529,0,0,"guadarrama",12,6
"RockScreeVeg",46691,0,0,"guadarrama",12,6
"SMedMarF",5314,0,0,"guadarrama",12,6
"Shrub",3703,0,0,"guadarrama",12,6
"TempDecF",1436,0,0,"guadarrama",12,6
"WaterSurf",30,0,0,"guadarrama",12,6
"AlpConF",129960,0,0,"guadarrama",12,7
"AlpScrGr",172894,0,0,"guadarrama",12,7
"ArtSurf",1490,0,0,"guadarrama",12,7
"Grass",7028,0,0,"guadarrama",12,7
"MedSclF",3280,0,0,"guadarrama",12,7
"MedScrub",38947,0,0,"guadarrama",12,7
"Peatland",229,0,0,"guadarrama",12,7
"Reforestation",88149,0,0,"guadarrama",12,7
"RipF",529,0,0,"guadarrama",12,7
"RockScreeVeg",46691,0,0,"guadarrama",12,7
"SMedMarF",5314,0,0,"guadarrama",12,7
"Shrub",3703,0,0,"guadarrama",12,7
"TempDecF",1436,0,0,"guadarrama",12,7
"WaterSurf",30,0,0,"guadarrama",12,7
"AlpConF",129960,0,0,"guadarrama",12,8
"AlpScrGr",172894,0,0,"guadarrama",12,8
"ArtSurf",1490,0,0,"guadarrama",12,8
"Grass",7028,0,0,"guadarrama",12,8
"MedSclF",3280,0,0,"guadarrama",12,8
"MedScrub",38947,0,0,"guadarrama",12,8
"Peatland",229,0,0,"guadarrama",12,8
"Reforestation",88149,0,0,"guadarrama",12,8
"RipF",529,0,0,"guadarrama",12,8
"RockScreeVeg",46691,0,0,"guadarrama",12,8
"SMedMarF",5314,0,0,"guadarrama",12,8
"Shrub",3703,0,0,"guadarrama",12,8
"TempDecF",1436,0,0,"guadarrama",12,8
"WaterSurf",30,0,0,"guadarrama",12,8
"AlpConF",129960,0,0,"guadarrama",12,9
"AlpScrGr",172894,0,0,"guadarrama",12,9
"ArtSurf",1490,0,0,"guadarrama",12,9
"Grass",7028,0,0,"guadarrama",12,9
"MedSclF",3280,0,0,"guadarrama",12,9
"MedScrub",38947,0,0,"guadarrama",12,9
"Peatland",229,0,0,"guadarrama",12,9
"Reforestation",88149,0,0,"guadarrama",12,9
"RipF",529,0,0,"guadarrama",12,9
"RockScreeVeg",46691,0,0,"guadarrama",12,9
"SMedMarF",5314,0,0,"guadarrama",12,9
"Shrub",3703,0,0,"guadarrama",12,9
"TempDecF",1436,0,0,"guadarrama",12,9
"WaterSurf",30,0,0,"guadarrama",12,9
"AlpConF",129960,0,0,"guadarrama",12,10
"AlpScrGr",172894,0,0,"guadarrama",12,10
"ArtSurf",1490,0,0,"guadarrama",12,10
"Grass",7028,0,0,"guadarrama",12,10
"MedSclF",3280,0,0,"guadarrama",12,10
"MedScrub",38947,0,0,"guadarrama",12,10
"Peatland",229,0,0,"guadarrama",12,10
"Reforestation",88149,0,0,"guadarrama",12,10
"RipF",529,0,0,"guadarrama",12,10
"RockScreeVeg",46691,0,0,"guadarrama",12,10
"SMedMarF",5314,0,0,"guadarrama",12,10
"Shrub",3703,0,0,"guadarrama",12,10
"TempDecF",1436,0,0,"guadarrama",12,10
"WaterSurf",30,0,0,"guadarrama",12,10
"AlpConF",129960,0,0,"guadarrama",12,11
"AlpScrGr",172894,0,0,"guadarrama",12,11
"ArtSurf",1490,0,0,"guadarrama",12,11
"Grass",7028,0,0,"guadarrama",12,11
"MedSclF",3280,0,0,"guadarrama",12,11
"MedScrub",38947,0,0,"guadarrama",12,11
"Peatland",229,0,0,"guadarrama",12,11
"Reforestation",88149,0,0,"guadarrama",12,11
"RipF",529,0,0,"guadarrama",12,11
"RockScreeVeg",46691,0,0,"guadarrama",12,11
"SMedMarF",5314,0,0,"guadarrama",12,11
"Shrub",3703,0,0,"guadarrama",12,11
"TempDecF",1436,0,0,"guadarrama",12,11
"WaterSurf",30,0,0,"guadarrama",12,11
"AlpConF",129960,0,0,"guadarrama",12,12
"AlpScrGr",172894,0,0,"guadarrama",12,12
"ArtSurf",1490,0,0,"guadarrama",12,12
"Grass",7028,0,0,"guadarrama",12,12
"MedSclF",3280,0,0,"guadarrama",12,12
"MedScrub",38947,0,0,"guadarrama",12,12
"Peatland",229,0,0,"guadarrama",12,12
"Reforestation",88133,0,0,"guadarrama",12,12
"RipF",529,0,0,"guadarrama",12,12
"RockScreeVeg",46691,0,0,"guadarrama",12,12
"SMedMarF",5314,0,0,"guadarrama",12,12
"Shrub",3703,0,0,"guadarrama",12,12
"TempDecF",1436,0,0,"guadarrama",12,12
"WaterSurf",30,0,0,"guadarrama",12,12
"ArtSurf",329,0,0,"cies",1,1
"AtlScrub",5686,0,0,"cies",1,1
"BareArea",3742,0,0,"cies",1,1
"Crop",3,0,0,"cies",1,1
"DuneSand",232,0,0,"cies",1,1
"Grass",1926,0,0,"cies",1,1
"HydroRipVeg",100,0,0,"cies",1,1
"MedSclF",18,0,0,"cies",1,1
"Reforestation",2902,0,0,"cies",1,1
"RipF",133,0,0,"cies",1,1
"RockScreeVeg",28,0,0,"cies",1,1
"SMedMarF",2,0,0,"cies",1,1
"SaltMar",253,0,0,"cies",1,1
"Shrub",772,0,0,"cies",1,1
"TempDecF",261,0,0,"cies",1,1
"WaterSurf",95,0,0,"cies",1,1
"ArtSurf",329,0,0,"cies",1,2
"AtlScrub",5686,0,0,"cies",1,2
"BareArea",3742,0,0,"cies",1,2
"Crop",3,0,0,"cies",1,2
"DuneSand",232,0,0,"cies",1,2
"Grass",1926,0,0,"cies",1,2
"HydroRipVeg",100,0,0,"cies",1,2
"MedSclF",18,0,0,"cies",1,2
"Reforestation",2902,0,0,"cies",1,2
"RipF",133,0,0,"cies",1,2
"RockScreeVeg",28,0,0,"cies",1,2
"SMedMarF",2,0,0,"cies",1,2
"SaltMar",253,0,0,"cies",1,2
"Shrub",772,0,0,"cies",1,2
"TempDecF",261,0,0,"cies",1,2
"WaterSurf",95,0,0,"cies",1,2
"ArtSurf",329,0,0,"cies",1,3
"AtlScrub",5686,0,0,"cies",1,3
"BareArea",3742,0,0,"cies",1,3
"Crop",3,0,0,"cies",1,3
"DuneSand",232,0,0,"cies",1,3
"Grass",1926,0,0,"cies",1,3
"HydroRipVeg",100,0,0,"cies",1,3
"MedSclF",18,0,0,"cies",1,3
"Reforestation",2902,0,0,"cies",1,3
"RipF",133,0,0,"cies",1,3
"RockScreeVeg",28,0,0,"cies",1,3
"SMedMarF",2,0,0,"cies",1,3
"SaltMar",253,0,0,"cies",1,3
"Shrub",772,0,0,"cies",1,3
"TempDecF",261,0,0,"cies",1,3
"WaterSurf",95,0,0,"cies",1,3
"ArtSurf",329,0,0,"cies",1,4
"AtlScrub",5686,0,0,"cies",1,4
"BareArea",3742,0,0,"cies",1,4
"Crop",3,0,0,"cies",1,4
"DuneSand",232,0,0,"cies",1,4
"Grass",1926,0,0,"cies",1,4
"HydroRipVeg",100,0,0,"cies",1,4
"MedSclF",18,0,0,"cies",1,4
"Reforestation",2902,0,0,"cies",1,4
"RipF",133,0,0,"cies",1,4
"RockScreeVeg",28,0,0,"cies",1,4
"SMedMarF",2,0,0,"cies",1,4
"SaltMar",253,0,0,"cies",1,4
"Shrub",772,0,0,"cies",1,4
"TempDecF",261,0,0,"cies",1,4
"WaterSurf",95,0,0,"cies",1,4
"ArtSurf",329,0,0,"cies",1,5
"AtlScrub",5686,0,0,"cies",1,5
"BareArea",3742,0,0,"cies",1,5
"Crop",3,0,0,"cies",1,5
"DuneSand",232,0,0,"cies",1,5
"Grass",1926,0,0,"cies",1,5
"HydroRipVeg",100,0,0,"cies",1,5
"MedSclF",18,0,0,"cies",1,5
"Reforestation",2902,0,0,"cies",1,5
"RipF",133,0,0,"cies",1,5
"RockScreeVeg",28,0,0,"cies",1,5
"SMedMarF",2,0,0,"cies",1,5
"SaltMar",253,0,0,"cies",1,5
"Shrub",772,0,0,"cies",1,5
"TempDecF",261,0,0,"cies",1,5
"WaterSurf",95,0,0,"cies",1,5
"ArtSurf",329,0,0,"cies",1,6
"AtlScrub",5686,0,0,"cies",1,6
"BareArea",3742,0,0,"cies",1,6
"Crop",3,0,0,"cies",1,6
"DuneSand",232,0,0,"cies",1,6
"Grass",1926,0,0,"cies",1,6
"HydroRipVeg",100,0,0,"cies",1,6
"MedSclF",18,0,0,"cies",1,6
"Reforestation",2902,0,0,"cies",1,6
"RipF",133,0,0,"cies",1,6
"RockScreeVeg",28,0,0,"cies",1,6
"SMedMarF",2,0,0,"cies",1,6
"SaltMar",253,0,0,"cies",1,6
"Shrub",772,0,0,"cies",1,6
"TempDecF",261,0,0,"cies",1,6
"WaterSurf",95,0,0,"cies",1,6
"ArtSurf",329,0,0,"cies",1,7
"AtlScrub",5686,0,0,"cies",1,7
"BareArea",3742,0,0,"cies",1,7
"Crop",3,0,0,"cies",1,7
"DuneSand",232,0,0,"cies",1,7
"Grass",1926,0,0,"cies",1,7
"HydroRipVeg",100,0,0,"cies",1,7
"MedSclF",18,0,0,"cies",1,7
"Reforestation",2902,0,0,"cies",1,7
"RipF",133,0,0,"cies",1,7
"RockScreeVeg",28,0,0,"cies",1,7
"SMedMarF",2,0,0,"cies",1,7
"SaltMar",253,0,0,"cies",1,7
"Shrub",772,0,0,"cies",1,7
"TempDecF",261,0,0,"cies",1,7
"WaterSurf",95,0,0,"cies",1,7
"ArtSurf",329,0,0,"cies",1,8
"AtlScrub",5686,0,0,"cies",1,8
"BareArea",3742,0,0,"cies",1,8
"Crop",3,0,0,"cies",1,8
"DuneSand",232,0,0,"cies",1,8
"Grass",1926,0,0,"cies",1,8
"HydroRipVeg",100,0,0,"cies",1,8
"MedSclF",18,0,0,"cies",1,8
"Reforestation",2902,0,0,"cies",1,8
"RipF",133,0,0,"cies",1,8
"RockScreeVeg",28,0,0,"cies",1,8
"SMedMarF",2,0,0,"cies",1,8
"SaltMar",253,0,0,"cies",1,8
"Shrub",772,0,0,"cies",1,8
"TempDecF",261,0,0,"cies",1,8
"WaterSurf",95,0,0,"cies",1,8
"ArtSurf",329,0,0,"cies",1,9
"AtlScrub",5686,0,0,"cies",1,9
"BareArea",3742,0,0,"cies",1,9
"Crop",3,0,0,"cies",1,9
"DuneSand",232,0,0,"cies",1,9
"Grass",1926,0,0,"cies",1,9
"HydroRipVeg",100,0,0,"cies",1,9
"MedSclF",18,0,0,"cies",1,9
"Reforestation",2902,0,0,"cies",1,9
"RipF",133,0,0,"cies",1,9
"RockScreeVeg",28,0,0,"cies",1,9
"SMedMarF",2,0,0,"cies",1,9
"SaltMar",253,0,0,"cies",1,9
"Shrub",772,0,0,"cies",1,9
"TempDecF",261,0,0,"cies",1,9
"WaterSurf",95,0,0,"cies",1,9
"ArtSurf",329,0,0,"cies",1,10
"AtlScrub",5686,0,0,"cies",1,10
"BareArea",3742,0,0,"cies",1,10
"Crop",3,0,0,"cies",1,10
"DuneSand",232,0,0,"cies",1,10
"Grass",1926,0,0,"cies",1,10
"HydroRipVeg",100,0,0,"cies",1,10
"MedSclF",18,0,0,"cies",1,10
"Reforestation",2902,0,0,"cies",1,10
"RipF",133,0,0,"cies",1,10
"RockScreeVeg",28,0,0,"cies",1,10
"SMedMarF",2,0,0,"cies",1,10
"SaltMar",253,0,0,"cies",1,10
"Shrub",772,0,0,"cies",1,10
"TempDecF",261,0,0,"cies",1,10
"WaterSurf",95,0,0,"cies",1,10
"ArtSurf",329,0,0,"cies",1,11
"AtlScrub",5686,0,0,"cies",1,11
"BareArea",3742,0,0,"cies",1,11
"Crop",3,0,0,"cies",1,11
"DuneSand",232,0,0,"cies",1,11
"Grass",1926,0,0,"cies",1,11
"HydroRipVeg",100,0,0,"cies",1,11
"MedSclF",18,0,0,"cies",1,11
"Reforestation",2902,0,0,"cies",1,11
"RipF",133,0,0,"cies",1,11
"RockScreeVeg",28,0,0,"cies",1,11
"SMedMarF",2,0,0,"cies",1,11
"SaltMar",253,0,0,"cies",1,11
"Shrub",772,0,0,"cies",1,11
"TempDecF",261,0,0,"cies",1,11
"WaterSurf",95,0,0,"cies",1,11
"ArtSurf",329,0,0,"cies",1,12
"AtlScrub",5686,0,0,"cies",1,12
"BareArea",3742,0,0,"cies",1,12
"Crop",3,0,0,"cies",1,12
"DuneSand",232,0,0,"cies",1,12
"Grass",1926,0,0,"cies",1,12
"HydroRipVeg",100,0,0,"cies",1,12
"MedSclF",18,0,0,"cies",1,12
"Reforestation",2902,0,0,"cies",1,12
"RipF",133,0,0,"cies",1,12
"RockScreeVeg",28,0,0,"cies",1,12
"SMedMarF",2,0,0,"cies",1,12
"SaltMar",253,0,0,"cies",1,12
"Shrub",772,0,0,"cies",1,12
"TempDecF",261,0,0,"cies",1,12
"WaterSurf",95,0,0,"cies",1,12
"ArtSurf",329,0,0,"cies",3,1
"AtlScrub",5686,0,0,"cies",3,1
"BareArea",3742,0,0,"cies",3,1
"Crop",3,0,0,"cies",3,1
"DuneSand",232,0,0,"cies",3,1
"Grass",1926,0,0,"cies",3,1
"HydroRipVeg",100,0,0,"cies",3,1
"MedSclF",18,0,0,"cies",3,1
"Reforestation",2902,0,0,"cies",3,1
"RipF",133,0,0,"cies",3,1
"RockScreeVeg",28,0,0,"cies",3,1
"SMedMarF",2,0,0,"cies",3,1
"SaltMar",253,0,0,"cies",3,1
"Shrub",772,0,0,"cies",3,1
"TempDecF",261,0,0,"cies",3,1
"WaterSurf",95,0,0,"cies",3,1
"ArtSurf",329,2,0.61,"cies",3,2
"AtlScrub",5686,1,0.02,"cies",3,2
"BareArea",3742,0,0,"cies",3,2
"Crop",3,0,0,"cies",3,2
"DuneSand",232,0,0,"cies",3,2
"Grass",1926,0,0,"cies",3,2
"HydroRipVeg",100,0,0,"cies",3,2
"MedSclF",18,0,0,"cies",3,2
"Reforestation",2902,0,0,"cies",3,2
"RipF",133,0,0,"cies",3,2
"RockScreeVeg",28,0,0,"cies",3,2
"SMedMarF",2,0,0,"cies",3,2
"SaltMar",253,0,0,"cies",3,2
"Shrub",772,0,0,"cies",3,2
"TempDecF",261,0,0,"cies",3,2
"WaterSurf",95,0,0,"cies",3,2
"ArtSurf",329,16,4.86,"cies",3,3
"AtlScrub",5686,341,6,"cies",3,3
"BareArea",3742,27,0.72,"cies",3,3
"Crop",3,0,0,"cies",3,3
"DuneSand",232,3,1.29,"cies",3,3
"Grass",1926,123,6.39,"cies",3,3
"HydroRipVeg",100,1,1,"cies",3,3
"MedSclF",18,0,0,"cies",3,3
"Reforestation",2902,97,3.34,"cies",3,3
"RipF",133,12,9.02,"cies",3,3
"RockScreeVeg",28,0,0,"cies",3,3
"SMedMarF",2,0,0,"cies",3,3
"SaltMar",253,6,2.37,"cies",3,3
"Shrub",772,21,2.72,"cies",3,3
"TempDecF",261,2,0.77,"cies",3,3
"WaterSurf",95,0,0,"cies",3,3
"ArtSurf",329,0,0,"cies",3,4
"AtlScrub",5686,9,0.16,"cies",3,4
"BareArea",3742,7,0.19,"cies",3,4
"Crop",3,0,0,"cies",3,4
"DuneSand",232,0,0,"cies",3,4
"Grass",1926,18,0.93,"cies",3,4
"HydroRipVeg",100,2,2,"cies",3,4
"MedSclF",18,0,0,"cies",3,4
"Reforestation",2902,2,0.07,"cies",3,4
"RipF",133,0,0,"cies",3,4
"RockScreeVeg",28,0,0,"cies",3,4
"SMedMarF",2,0,0,"cies",3,4
"SaltMar",253,1,0.4,"cies",3,4
"Shrub",772,6,0.78,"cies",3,4
"TempDecF",261,0,0,"cies",3,4
"WaterSurf",95,0,0,"cies",3,4
"ArtSurf",329,0,0,"cies",3,5
"AtlScrub",5686,0,0,"cies",3,5
"BareArea",3742,0,0,"cies",3,5
"Crop",3,0,0,"cies",3,5
"DuneSand",232,0,0,"cies",3,5
"Grass",1926,0,0,"cies",3,5
"HydroRipVeg",100,0,0,"cies",3,5
"MedSclF",18,0,0,"cies",3,5
"Reforestation",2902,0,0,"cies",3,5
"RipF",133,0,0,"cies",3,5
"RockScreeVeg",28,0,0,"cies",3,5
"SMedMarF",2,0,0,"cies",3,5
"SaltMar",253,0,0,"cies",3,5
"Shrub",772,0,0,"cies",3,5
"TempDecF",261,0,0,"cies",3,5
"WaterSurf",95,0,0,"cies",3,5
"ArtSurf",329,0,0,"cies",3,6
"AtlScrub",5686,0,0,"cies",3,6
"BareArea",3742,0,0,"cies",3,6
"Crop",3,0,0,"cies",3,6
"DuneSand",232,0,0,"cies",3,6
"Grass",1926,0,0,"cies",3,6
"HydroRipVeg",100,0,0,"cies",3,6
"MedSclF",18,0,0,"cies",3,6
"Reforestation",2902,0,0,"cies",3,6
"RipF",133,0,0,"cies",3,6
"RockScreeVeg",28,0,0,"cies",3,6
"SMedMarF",2,0,0,"cies",3,6
"SaltMar",253,0,0,"cies",3,6
"Shrub",772,0,0,"cies",3,6
"TempDecF",261,0,0,"cies",3,6
"WaterSurf",95,0,0,"cies",3,6
"ArtSurf",329,0,0,"cies",3,7
"AtlScrub",5686,0,0,"cies",3,7
"BareArea",3742,0,0,"cies",3,7
"Crop",3,0,0,"cies",3,7
"DuneSand",232,0,0,"cies",3,7
"Grass",1926,0,0,"cies",3,7
"HydroRipVeg",100,0,0,"cies",3,7
"MedSclF",18,0,0,"cies",3,7
"Reforestation",2902,0,0,"cies",3,7
"RipF",133,0,0,"cies",3,7
"RockScreeVeg",28,0,0,"cies",3,7
"SMedMarF",2,0,0,"cies",3,7
"SaltMar",253,0,0,"cies",3,7
"Shrub",772,0,0,"cies",3,7
"TempDecF",261,0,0,"cies",3,7
"WaterSurf",95,0,0,"cies",3,7
"ArtSurf",329,0,0,"cies",3,8
"AtlScrub",5686,0,0,"cies",3,8
"BareArea",3742,1,0.03,"cies",3,8
"Crop",3,0,0,"cies",3,8
"DuneSand",232,0,0,"cies",3,8
"Grass",1926,0,0,"cies",3,8
"HydroRipVeg",100,0,0,"cies",3,8
"MedSclF",18,0,0,"cies",3,8
"Reforestation",2902,0,0,"cies",3,8
"RipF",133,0,0,"cies",3,8
"RockScreeVeg",28,0,0,"cies",3,8
"SMedMarF",2,0,0,"cies",3,8
"SaltMar",253,0,0,"cies",3,8
"Shrub",772,0,0,"cies",3,8
"TempDecF",261,0,0,"cies",3,8
"WaterSurf",95,0,0,"cies",3,8
"ArtSurf",329,0,0,"cies",3,9
"AtlScrub",5686,0,0,"cies",3,9
"BareArea",3742,0,0,"cies",3,9
"Crop",3,0,0,"cies",3,9
"DuneSand",232,0,0,"cies",3,9
"Grass",1926,0,0,"cies",3,9
"HydroRipVeg",100,0,0,"cies",3,9
"MedSclF",18,0,0,"cies",3,9
"Reforestation",2902,0,0,"cies",3,9
"RipF",133,0,0,"cies",3,9
"RockScreeVeg",28,0,0,"cies",3,9
"SMedMarF",2,0,0,"cies",3,9
"SaltMar",253,0,0,"cies",3,9
"Shrub",772,0,0,"cies",3,9
"TempDecF",261,0,0,"cies",3,9
"WaterSurf",95,0,0,"cies",3,9
"ArtSurf",329,0,0,"cies",3,10
"AtlScrub",5686,0,0,"cies",3,10
"BareArea",3742,0,0,"cies",3,10
"Crop",3,0,0,"cies",3,10
"DuneSand",232,0,0,"cies",3,10
"Grass",1926,0,0,"cies",3,10
"HydroRipVeg",100,0,0,"cies",3,10
"MedSclF",18,0,0,"cies",3,10
"Reforestation",2902,0,0,"cies",3,10
"RipF",133,0,0,"cies",3,10
"RockScreeVeg",28,0,0,"cies",3,10
"SMedMarF",2,0,0,"cies",3,10
"SaltMar",253,0,0,"cies",3,10
"Shrub",772,0,0,"cies",3,10
"TempDecF",261,0,0,"cies",3,10
"WaterSurf",95,0,0,"cies",3,10
"ArtSurf",329,0,0,"cies",3,11
"AtlScrub",5686,0,0,"cies",3,11
"BareArea",3742,0,0,"cies",3,11
"Crop",3,0,0,"cies",3,11
"DuneSand",232,0,0,"cies",3,11
"Grass",1926,0,0,"cies",3,11
"HydroRipVeg",100,0,0,"cies",3,11
"MedSclF",18,0,0,"cies",3,11
"Reforestation",2902,0,0,"cies",3,11
"RipF",133,0,0,"cies",3,11
"RockScreeVeg",28,0,0,"cies",3,11
"SMedMarF",2,0,0,"cies",3,11
"SaltMar",253,0,0,"cies",3,11
"Shrub",772,0,0,"cies",3,11
"TempDecF",261,0,0,"cies",3,11
"WaterSurf",95,0,0,"cies",3,11
"ArtSurf",329,0,0,"cies",3,12
"AtlScrub",5686,0,0,"cies",3,12
"BareArea",3742,0,0,"cies",3,12
"Crop",3,0,0,"cies",3,12
"DuneSand",232,0,0,"cies",3,12
"Grass",1926,0,0,"cies",3,12
"HydroRipVeg",100,0,0,"cies",3,12
"MedSclF",18,0,0,"cies",3,12
"Reforestation",2902,0,0,"cies",3,12
"RipF",133,0,0,"cies",3,12
"RockScreeVeg",28,0,0,"cies",3,12
"SMedMarF",2,0,0,"cies",3,12
"SaltMar",253,0,0,"cies",3,12
"Shrub",772,0,0,"cies",3,12
"TempDecF",261,0,0,"cies",3,12
"WaterSurf",95,0,0,"cies",3,12
"ArtSurf",329,0,0,"cies",6,1
"AtlScrub",5686,0,0,"cies",6,1
"BareArea",3742,0,0,"cies",6,1
"Crop",3,0,0,"cies",6,1
"DuneSand",232,0,0,"cies",6,1
"Grass",1926,0,0,"cies",6,1
"HydroRipVeg",100,0,0,"cies",6,1
"MedSclF",18,0,0,"cies",6,1
"Reforestation",2902,0,0,"cies",6,1
"RipF",133,0,0,"cies",6,1
"RockScreeVeg",28,0,0,"cies",6,1
"SMedMarF",2,0,0,"cies",6,1
"SaltMar",253,0,0,"cies",6,1
"Shrub",772,0,0,"cies",6,1
"TempDecF",261,0,0,"cies",6,1
"WaterSurf",95,0,0,"cies",6,1
"ArtSurf",329,0,0,"cies",6,2
"AtlScrub",5686,0,0,"cies",6,2
"BareArea",3742,0,0,"cies",6,2
"Crop",3,0,0,"cies",6,2
"DuneSand",232,0,0,"cies",6,2
"Grass",1926,0,0,"cies",6,2
"HydroRipVeg",100,0,0,"cies",6,2
"MedSclF",18,0,0,"cies",6,2
"Reforestation",2902,0,0,"cies",6,2
"RipF",133,0,0,"cies",6,2
"RockScreeVeg",28,0,0,"cies",6,2
"SMedMarF",2,0,0,"cies",6,2
"SaltMar",253,0,0,"cies",6,2
"Shrub",772,0,0,"cies",6,2
"TempDecF",261,0,0,"cies",6,2
"WaterSurf",95,0,0,"cies",6,2
"ArtSurf",329,70,21.28,"cies",6,3
"AtlScrub",5686,758,13.33,"cies",6,3
"BareArea",3742,99,2.65,"cies",6,3
"Crop",3,0,0,"cies",6,3
"DuneSand",232,55,23.71,"cies",6,3
"Grass",1926,267,13.86,"cies",6,3
"HydroRipVeg",100,21,21,"cies",6,3
"MedSclF",18,0,0,"cies",6,3
"Reforestation",2902,406,13.99,"cies",6,3
"RipF",133,39,29.32,"cies",6,3
"RockScreeVeg",28,0,0,"cies",6,3
"SMedMarF",2,0,0,"cies",6,3
"SaltMar",253,7,2.77,"cies",6,3
"Shrub",772,68,8.81,"cies",6,3
"TempDecF",261,9,3.45,"cies",6,3
"WaterSurf",95,0,0,"cies",6,3
"ArtSurf",329,0,0,"cies",6,4
"AtlScrub",5686,6,0.11,"cies",6,4
"BareArea",3742,3,0.08,"cies",6,4
"Crop",3,0,0,"cies",6,4
"DuneSand",232,0,0,"cies",6,4
"Grass",1926,2,0.1,"cies",6,4
"HydroRipVeg",100,0,0,"cies",6,4
"MedSclF",18,0,0,"cies",6,4
"Reforestation",2902,0,0,"cies",6,4
"RipF",133,0,0,"cies",6,4
"RockScreeVeg",28,0,0,"cies",6,4
"SMedMarF",2,0,0,"cies",6,4
"SaltMar",253,0,0,"cies",6,4
"Shrub",772,0,0,"cies",6,4
"TempDecF",261,0,0,"cies",6,4
"WaterSurf",95,0,0,"cies",6,4
"ArtSurf",329,0,0,"cies",6,5
"AtlScrub",5686,0,0,"cies",6,5
"BareArea",3742,0,0,"cies",6,5
"Crop",3,0,0,"cies",6,5
"DuneSand",232,0,0,"cies",6,5
"Grass",1926,0,0,"cies",6,5
"HydroRipVeg",100,0,0,"cies",6,5
"MedSclF",18,0,0,"cies",6,5
"Reforestation",2902,0,0,"cies",6,5
"RipF",133,0,0,"cies",6,5
"RockScreeVeg",28,0,0,"cies",6,5
"SMedMarF",2,0,0,"cies",6,5
"SaltMar",253,0,0,"cies",6,5
"Shrub",772,0,0,"cies",6,5
"TempDecF",261,0,0,"cies",6,5
"WaterSurf",95,0,0,"cies",6,5
"ArtSurf",329,0,0,"cies",6,6
"AtlScrub",5686,0,0,"cies",6,6
"BareArea",3742,0,0,"cies",6,6
"Crop",3,0,0,"cies",6,6
"DuneSand",232,0,0,"cies",6,6
"Grass",1926,0,0,"cies",6,6
"HydroRipVeg",100,0,0,"cies",6,6
"MedSclF",18,0,0,"cies",6,6
"Reforestation",2902,0,0,"cies",6,6
"RipF",133,0,0,"cies",6,6
"RockScreeVeg",28,0,0,"cies",6,6
"SMedMarF",2,0,0,"cies",6,6
"SaltMar",253,0,0,"cies",6,6
"Shrub",772,0,0,"cies",6,6
"TempDecF",261,0,0,"cies",6,6
"WaterSurf",95,0,0,"cies",6,6
"ArtSurf",329,0,0,"cies",6,7
"AtlScrub",5686,0,0,"cies",6,7
"BareArea",3742,0,0,"cies",6,7
"Crop",3,0,0,"cies",6,7
"DuneSand",232,0,0,"cies",6,7
"Grass",1926,0,0,"cies",6,7
"HydroRipVeg",100,0,0,"cies",6,7
"MedSclF",18,0,0,"cies",6,7
"Reforestation",2902,0,0,"cies",6,7
"RipF",133,0,0,"cies",6,7
"RockScreeVeg",28,0,0,"cies",6,7
"SMedMarF",2,0,0,"cies",6,7
"SaltMar",253,0,0,"cies",6,7
"Shrub",772,0,0,"cies",6,7
"TempDecF",261,0,0,"cies",6,7
"WaterSurf",95,0,0,"cies",6,7
"ArtSurf",329,0,0,"cies",6,8
"AtlScrub",5686,0,0,"cies",6,8
"BareArea",3742,0,0,"cies",6,8
"Crop",3,0,0,"cies",6,8
"DuneSand",232,0,0,"cies",6,8
"Grass",1926,0,0,"cies",6,8
"HydroRipVeg",100,0,0,"cies",6,8
"MedSclF",18,0,0,"cies",6,8
"Reforestation",2902,0,0,"cies",6,8
"RipF",133,0,0,"cies",6,8
"RockScreeVeg",28,0,0,"cies",6,8
"SMedMarF",2,0,0,"cies",6,8
"SaltMar",253,0,0,"cies",6,8
"Shrub",772,0,0,"cies",6,8
"TempDecF",261,0,0,"cies",6,8
"WaterSurf",95,0,0,"cies",6,8
"ArtSurf",329,0,0,"cies",6,9
"AtlScrub",5686,0,0,"cies",6,9
"BareArea",3742,0,0,"cies",6,9
"Crop",3,0,0,"cies",6,9
"DuneSand",232,0,0,"cies",6,9
"Grass",1926,0,0,"cies",6,9
"HydroRipVeg",100,0,0,"cies",6,9
"MedSclF",18,0,0,"cies",6,9
"Reforestation",2902,0,0,"cies",6,9
"RipF",133,0,0,"cies",6,9
"RockScreeVeg",28,0,0,"cies",6,9
"SMedMarF",2,0,0,"cies",6,9
"SaltMar",253,0,0,"cies",6,9
"Shrub",772,0,0,"cies",6,9
"TempDecF",261,0,0,"cies",6,9
"WaterSurf",95,0,0,"cies",6,9
"ArtSurf",329,0,0,"cies",6,10
"AtlScrub",5686,0,0,"cies",6,10
"BareArea",3742,0,0,"cies",6,10
"Crop",3,0,0,"cies",6,10
"DuneSand",232,0,0,"cies",6,10
"Grass",1926,0,0,"cies",6,10
"HydroRipVeg",100,0,0,"cies",6,10
"MedSclF",18,0,0,"cies",6,10
"Reforestation",2902,0,0,"cies",6,10
"RipF",133,0,0,"cies",6,10
"RockScreeVeg",28,0,0,"cies",6,10
"SMedMarF",2,0,0,"cies",6,10
"SaltMar",253,0,0,"cies",6,10
"Shrub",772,0,0,"cies",6,10
"TempDecF",261,0,0,"cies",6,10
"WaterSurf",95,0,0,"cies",6,10
"ArtSurf",329,0,0,"cies",6,11
"AtlScrub",5686,0,0,"cies",6,11
"BareArea",3742,0,0,"cies",6,11
"Crop",3,0,0,"cies",6,11
"DuneSand",232,0,0,"cies",6,11
"Grass",1926,0,0,"cies",6,11
"HydroRipVeg",100,0,0,"cies",6,11
"MedSclF",18,0,0,"cies",6,11
"Reforestation",2902,0,0,"cies",6,11
"RipF",133,0,0,"cies",6,11
"RockScreeVeg",28,0,0,"cies",6,11
"SMedMarF",2,0,0,"cies",6,11
"SaltMar",253,0,0,"cies",6,11
"Shrub",772,0,0,"cies",6,11
"TempDecF",261,0,0,"cies",6,11
"WaterSurf",95,0,0,"cies",6,11
"ArtSurf",329,0,0,"cies",6,12
"AtlScrub",5686,0,0,"cies",6,12
"BareArea",3742,0,0,"cies",6,12
"Crop",3,0,0,"cies",6,12
"DuneSand",232,0,0,"cies",6,12
"Grass",1926,0,0,"cies",6,12
"HydroRipVeg",100,0,0,"cies",6,12
"MedSclF",18,0,0,"cies",6,12
"Reforestation",2902,0,0,"cies",6,12
"RipF",133,0,0,"cies",6,12
"RockScreeVeg",28,0,0,"cies",6,12
"SMedMarF",2,0,0,"cies",6,12
"SaltMar",253,0,0,"cies",6,12
"Shrub",772,0,0,"cies",6,12
"TempDecF",261,0,0,"cies",6,12
"WaterSurf",95,0,0,"cies",6,12
"ArtSurf",329,0,0,"cies",9,1
"AtlScrub",5686,0,0,"cies",9,1
"BareArea",3742,0,0,"cies",9,1
"Crop",3,0,0,"cies",9,1
"DuneSand",232,0,0,"cies",9,1
"Grass",1926,0,0,"cies",9,1
"HydroRipVeg",100,0,0,"cies",9,1
"MedSclF",18,0,0,"cies",9,1
"Reforestation",2902,0,0,"cies",9,1
"RipF",133,0,0,"cies",9,1
"RockScreeVeg",28,0,0,"cies",9,1
"SMedMarF",2,0,0,"cies",9,1
"SaltMar",253,0,0,"cies",9,1
"Shrub",772,0,0,"cies",9,1
"TempDecF",261,0,0,"cies",9,1
"WaterSurf",95,0,0,"cies",9,1
"ArtSurf",329,0,0,"cies",9,2
"AtlScrub",5686,0,0,"cies",9,2
"BareArea",3742,0,0,"cies",9,2
"Crop",3,0,0,"cies",9,2
"DuneSand",232,0,0,"cies",9,2
"Grass",1926,0,0,"cies",9,2
"HydroRipVeg",100,0,0,"cies",9,2
"MedSclF",18,0,0,"cies",9,2
"Reforestation",2902,0,0,"cies",9,2
"RipF",133,0,0,"cies",9,2
"RockScreeVeg",28,0,0,"cies",9,2
"SMedMarF",2,0,0,"cies",9,2
"SaltMar",253,0,0,"cies",9,2
"Shrub",772,0,0,"cies",9,2
"TempDecF",261,0,0,"cies",9,2
"WaterSurf",95,0,0,"cies",9,2
"ArtSurf",329,29,8.81,"cies",9,3
"AtlScrub",5686,358,6.3,"cies",9,3
"BareArea",3742,47,1.26,"cies",9,3
"Crop",3,0,0,"cies",9,3
"DuneSand",232,26,11.21,"cies",9,3
"Grass",1926,117,6.07,"cies",9,3
"HydroRipVeg",100,8,8,"cies",9,3
"MedSclF",18,0,0,"cies",9,3
"Reforestation",2902,187,6.44,"cies",9,3
"RipF",133,25,18.8,"cies",9,3
"RockScreeVeg",28,0,0,"cies",9,3
"SMedMarF",2,0,0,"cies",9,3
"SaltMar",253,3,1.19,"cies",9,3
"Shrub",772,25,3.24,"cies",9,3
"TempDecF",261,3,1.15,"cies",9,3
"WaterSurf",95,0,0,"cies",9,3
"ArtSurf",329,0,0,"cies",9,4
"AtlScrub",5686,2,0.04,"cies",9,4
"BareArea",3742,2,0.05,"cies",9,4
"Crop",3,0,0,"cies",9,4
"DuneSand",232,0,0,"cies",9,4
"Grass",1926,0,0,"cies",9,4
"HydroRipVeg",100,0,0,"cies",9,4
"MedSclF",18,0,0,"cies",9,4
"Reforestation",2902,0,0,"cies",9,4
"RipF",133,0,0,"cies",9,4
"RockScreeVeg",28,0,0,"cies",9,4
"SMedMarF",2,0,0,"cies",9,4
"SaltMar",253,0,0,"cies",9,4
"Shrub",772,0,0,"cies",9,4
"TempDecF",261,0,0,"cies",9,4
"WaterSurf",95,0,0,"cies",9,4
"ArtSurf",329,0,0,"cies",9,5
"AtlScrub",5686,0,0,"cies",9,5
"BareArea",3742,0,0,"cies",9,5
"Crop",3,0,0,"cies",9,5
"DuneSand",232,0,0,"cies",9,5
"Grass",1926,0,0,"cies",9,5
"HydroRipVeg",100,0,0,"cies",9,5
"MedSclF",18,0,0,"cies",9,5
"Reforestation",2902,0,0,"cies",9,5
"RipF",133,0,0,"cies",9,5
"RockScreeVeg",28,0,0,"cies",9,5
"SMedMarF",2,0,0,"cies",9,5
"SaltMar",253,0,0,"cies",9,5
"Shrub",772,0,0,"cies",9,5
"TempDecF",261,0,0,"cies",9,5
"WaterSurf",95,0,0,"cies",9,5
"ArtSurf",329,0,0,"cies",9,6
"AtlScrub",5686,0,0,"cies",9,6
"BareArea",3742,0,0,"cies",9,6
"Crop",3,0,0,"cies",9,6
"DuneSand",232,0,0,"cies",9,6
"Grass",1926,0,0,"cies",9,6
"HydroRipVeg",100,0,0,"cies",9,6
"MedSclF",18,0,0,"cies",9,6
"Reforestation",2902,0,0,"cies",9,6
"RipF",133,0,0,"cies",9,6
"RockScreeVeg",28,0,0,"cies",9,6
"SMedMarF",2,0,0,"cies",9,6
"SaltMar",253,0,0,"cies",9,6
"Shrub",772,0,0,"cies",9,6
"TempDecF",261,0,0,"cies",9,6
"WaterSurf",95,0,0,"cies",9,6
"ArtSurf",329,0,0,"cies",9,7
"AtlScrub",5686,0,0,"cies",9,7
"BareArea",3742,0,0,"cies",9,7
"Crop",3,0,0,"cies",9,7
"DuneSand",232,0,0,"cies",9,7
"Grass",1926,0,0,"cies",9,7
"HydroRipVeg",100,0,0,"cies",9,7
"MedSclF",18,0,0,"cies",9,7
"Reforestation",2902,0,0,"cies",9,7
"RipF",133,0,0,"cies",9,7
"RockScreeVeg",28,0,0,"cies",9,7
"SMedMarF",2,0,0,"cies",9,7
"SaltMar",253,0,0,"cies",9,7
"Shrub",772,0,0,"cies",9,7
"TempDecF",261,0,0,"cies",9,7
"WaterSurf",95,0,0,"cies",9,7
"ArtSurf",329,0,0,"cies",9,8
"AtlScrub",5686,0,0,"cies",9,8
"BareArea",3742,0,0,"cies",9,8
"Crop",3,0,0,"cies",9,8
"DuneSand",232,0,0,"cies",9,8
"Grass",1926,0,0,"cies",9,8
"HydroRipVeg",100,0,0,"cies",9,8
"MedSclF",18,0,0,"cies",9,8
"Reforestation",2902,0,0,"cies",9,8
"RipF",133,0,0,"cies",9,8
"RockScreeVeg",28,0,0,"cies",9,8
"SMedMarF",2,0,0,"cies",9,8
"SaltMar",253,0,0,"cies",9,8
"Shrub",772,0,0,"cies",9,8
"TempDecF",261,0,0,"cies",9,8
"WaterSurf",95,0,0,"cies",9,8
"ArtSurf",329,0,0,"cies",9,9
"AtlScrub",5686,0,0,"cies",9,9
"BareArea",3742,0,0,"cies",9,9
"Crop",3,0,0,"cies",9,9
"DuneSand",232,0,0,"cies",9,9
"Grass",1926,0,0,"cies",9,9
"HydroRipVeg",100,0,0,"cies",9,9
"MedSclF",18,0,0,"cies",9,9
"Reforestation",2902,0,0,"cies",9,9
"RipF",133,0,0,"cies",9,9
"RockScreeVeg",28,0,0,"cies",9,9
"SMedMarF",2,0,0,"cies",9,9
"SaltMar",253,0,0,"cies",9,9
"Shrub",772,0,0,"cies",9,9
"TempDecF",261,0,0,"cies",9,9
"WaterSurf",95,0,0,"cies",9,9
"ArtSurf",329,0,0,"cies",9,10
"AtlScrub",5686,0,0,"cies",9,10
"BareArea",3742,0,0,"cies",9,10
"Crop",3,0,0,"cies",9,10
"DuneSand",232,0,0,"cies",9,10
"Grass",1926,0,0,"cies",9,10
"HydroRipVeg",100,0,0,"cies",9,10
"MedSclF",18,0,0,"cies",9,10
"Reforestation",2902,0,0,"cies",9,10
"RipF",133,0,0,"cies",9,10
"RockScreeVeg",28,0,0,"cies",9,10
"SMedMarF",2,0,0,"cies",9,10
"SaltMar",253,0,0,"cies",9,10
"Shrub",772,0,0,"cies",9,10
"TempDecF",261,0,0,"cies",9,10
"WaterSurf",95,0,0,"cies",9,10
"ArtSurf",329,0,0,"cies",9,11
"AtlScrub",5686,0,0,"cies",9,11
"BareArea",3742,0,0,"cies",9,11
"Crop",3,0,0,"cies",9,11
"DuneSand",232,0,0,"cies",9,11
"Grass",1926,0,0,"cies",9,11
"HydroRipVeg",100,0,0,"cies",9,11
"MedSclF",18,0,0,"cies",9,11
"Reforestation",2902,0,0,"cies",9,11
"RipF",133,0,0,"cies",9,11
"RockScreeVeg",28,0,0,"cies",9,11
"SMedMarF",2,0,0,"cies",9,11
"SaltMar",253,0,0,"cies",9,11
"Shrub",772,0,0,"cies",9,11
"TempDecF",261,0,0,"cies",9,11
"WaterSurf",95,0,0,"cies",9,11
"ArtSurf",329,0,0,"cies",9,12
"AtlScrub",5686,0,0,"cies",9,12
"BareArea",3742,0,0,"cies",9,12
"Crop",3,0,0,"cies",9,12
"DuneSand",232,0,0,"cies",9,12
"Grass",1926,0,0,"cies",9,12
"HydroRipVeg",100,0,0,"cies",9,12
"MedSclF",18,0,0,"cies",9,12
"Reforestation",2902,0,0,"cies",9,12
"RipF",133,0,0,"cies",9,12
"RockScreeVeg",28,0,0,"cies",9,12
"SMedMarF",2,0,0,"cies",9,12
"SaltMar",253,0,0,"cies",9,12
"Shrub",772,0,0,"cies",9,12
"TempDecF",261,0,0,"cies",9,12
"WaterSurf",95,0,0,"cies",9,12
"ArtSurf",329,0,0,"cies",12,1
"AtlScrub",5686,0,0,"cies",12,1
"BareArea",3742,0,0,"cies",12,1
"Crop",3,0,0,"cies",12,1
"DuneSand",232,0,0,"cies",12,1
"Grass",1926,0,0,"cies",12,1
"HydroRipVeg",100,0,0,"cies",12,1
"MedSclF",18,0,0,"cies",12,1
"Reforestation",2902,0,0,"cies",12,1
"RipF",133,0,0,"cies",12,1
"RockScreeVeg",28,0,0,"cies",12,1
"SMedMarF",2,0,0,"cies",12,1
"SaltMar",253,0,0,"cies",12,1
"Shrub",772,0,0,"cies",12,1
"TempDecF",261,0,0,"cies",12,1
"WaterSurf",95,0,0,"cies",12,1
"ArtSurf",329,0,0,"cies",12,2
"AtlScrub",5686,0,0,"cies",12,2
"BareArea",3742,0,0,"cies",12,2
"Crop",3,0,0,"cies",12,2
"DuneSand",232,0,0,"cies",12,2
"Grass",1926,0,0,"cies",12,2
"HydroRipVeg",100,0,0,"cies",12,2
"MedSclF",18,0,0,"cies",12,2
"Reforestation",2902,0,0,"cies",12,2
"RipF",133,0,0,"cies",12,2
"RockScreeVeg",28,0,0,"cies",12,2
"SMedMarF",2,0,0,"cies",12,2
"SaltMar",253,0,0,"cies",12,2
"Shrub",772,0,0,"cies",12,2
"TempDecF",261,0,0,"cies",12,2
"WaterSurf",95,0,0,"cies",12,2
"ArtSurf",329,0,0,"cies",12,3
"AtlScrub",5686,0,0,"cies",12,3
"BareArea",3742,0,0,"cies",12,3
"Crop",3,0,0,"cies",12,3
"DuneSand",232,0,0,"cies",12,3
"Grass",1926,0,0,"cies",12,3
"HydroRipVeg",100,0,0,"cies",12,3
"MedSclF",18,0,0,"cies",12,3
"Reforestation",2902,0,0,"cies",12,3
"RipF",133,0,0,"cies",12,3
"RockScreeVeg",28,0,0,"cies",12,3
"SMedMarF",2,0,0,"cies",12,3
"SaltMar",253,0,0,"cies",12,3
"Shrub",772,0,0,"cies",12,3
"TempDecF",261,0,0,"cies",12,3
"WaterSurf",95,0,0,"cies",12,3
"ArtSurf",329,0,0,"cies",12,4
"AtlScrub",5686,0,0,"cies",12,4
"BareArea",3742,0,0,"cies",12,4
"Crop",3,0,0,"cies",12,4
"DuneSand",232,0,0,"cies",12,4
"Grass",1926,0,0,"cies",12,4
"HydroRipVeg",100,0,0,"cies",12,4
"MedSclF",18,0,0,"cies",12,4
"Reforestation",2902,0,0,"cies",12,4
"RipF",133,0,0,"cies",12,4
"RockScreeVeg",28,0,0,"cies",12,4
"SMedMarF",2,0,0,"cies",12,4
"SaltMar",253,0,0,"cies",12,4
"Shrub",772,0,0,"cies",12,4
"TempDecF",261,0,0,"cies",12,4
"WaterSurf",95,0,0,"cies",12,4
"ArtSurf",329,0,0,"cies",12,5
"AtlScrub",5686,0,0,"cies",12,5
"BareArea",3742,0,0,"cies",12,5
"Crop",3,0,0,"cies",12,5
"DuneSand",232,0,0,"cies",12,5
"Grass",1926,0,0,"cies",12,5
"HydroRipVeg",100,0,0,"cies",12,5
"MedSclF",18,0,0,"cies",12,5
"Reforestation",2902,0,0,"cies",12,5
"RipF",133,0,0,"cies",12,5
"RockScreeVeg",28,0,0,"cies",12,5
"SMedMarF",2,0,0,"cies",12,5
"SaltMar",253,0,0,"cies",12,5
"Shrub",772,0,0,"cies",12,5
"TempDecF",261,0,0,"cies",12,5
"WaterSurf",95,0,0,"cies",12,5
"ArtSurf",329,0,0,"cies",12,6
"AtlScrub",5686,0,0,"cies",12,6
"BareArea",3742,0,0,"cies",12,6
"Crop",3,0,0,"cies",12,6
"DuneSand",232,0,0,"cies",12,6
"Grass",1926,0,0,"cies",12,6
"HydroRipVeg",100,0,0,"cies",12,6
"MedSclF",18,0,0,"cies",12,6
"Reforestation",2902,0,0,"cies",12,6
"RipF",133,0,0,"cies",12,6
"RockScreeVeg",28,0,0,"cies",12,6
"SMedMarF",2,0,0,"cies",12,6
"SaltMar",253,0,0,"cies",12,6
"Shrub",772,0,0,"cies",12,6
"TempDecF",261,0,0,"cies",12,6
"WaterSurf",95,0,0,"cies",12,6
"ArtSurf",329,0,0,"cies",12,7
"AtlScrub",5686,0,0,"cies",12,7
"BareArea",3742,0,0,"cies",12,7
"Crop",3,0,0,"cies",12,7
"DuneSand",232,0,0,"cies",12,7
"Grass",1926,0,0,"cies",12,7
"HydroRipVeg",100,0,0,"cies",12,7
"MedSclF",18,0,0,"cies",12,7
"Reforestation",2902,0,0,"cies",12,7
"RipF",133,0,0,"cies",12,7
"RockScreeVeg",28,0,0,"cies",12,7
"SMedMarF",2,0,0,"cies",12,7
"SaltMar",253,0,0,"cies",12,7
"Shrub",772,0,0,"cies",12,7
"TempDecF",261,0,0,"cies",12,7
"WaterSurf",95,0,0,"cies",12,7
"ArtSurf",329,0,0,"cies",12,8
"AtlScrub",5686,0,0,"cies",12,8
"BareArea",3742,0,0,"cies",12,8
"Crop",3,0,0,"cies",12,8
"DuneSand",232,0,0,"cies",12,8
"Grass",1926,0,0,"cies",12,8
"HydroRipVeg",100,0,0,"cies",12,8
"MedSclF",18,0,0,"cies",12,8
"Reforestation",2902,0,0,"cies",12,8
"RipF",133,0,0,"cies",12,8
"RockScreeVeg",28,0,0,"cies",12,8
"SMedMarF",2,0,0,"cies",12,8
"SaltMar",253,0,0,"cies",12,8
"Shrub",772,0,0,"cies",12,8
"TempDecF",261,0,0,"cies",12,8
"WaterSurf",95,0,0,"cies",12,8
"ArtSurf",329,0,0,"cies",12,9
"AtlScrub",5686,0,0,"cies",12,9
"BareArea",3742,0,0,"cies",12,9
"Crop",3,0,0,"cies",12,9
"DuneSand",232,0,0,"cies",12,9
"Grass",1926,0,0,"cies",12,9
"HydroRipVeg",100,0,0,"cies",12,9
"MedSclF",18,0,0,"cies",12,9
"Reforestation",2902,0,0,"cies",12,9
"RipF",133,0,0,"cies",12,9
"RockScreeVeg",28,0,0,"cies",12,9
"SMedMarF",2,0,0,"cies",12,9
"SaltMar",253,0,0,"cies",12,9
"Shrub",772,0,0,"cies",12,9
"TempDecF",261,0,0,"cies",12,9
"WaterSurf",95,0,0,"cies",12,9
"ArtSurf",329,0,0,"cies",12,10
"AtlScrub",5686,0,0,"cies",12,10
"BareArea",3742,0,0,"cies",12,10
"Crop",3,0,0,"cies",12,10
"DuneSand",232,0,0,"cies",12,10
"Grass",1926,0,0,"cies",12,10
"HydroRipVeg",100,0,0,"cies",12,10
"MedSclF",18,0,0,"cies",12,10
"Reforestation",2902,0,0,"cies",12,10
"RipF",133,0,0,"cies",12,10
"RockScreeVeg",28,0,0,"cies",12,10
"SMedMarF",2,0,0,"cies",12,10
"SaltMar",253,0,0,"cies",12,10
"Shrub",772,0,0,"cies",12,10
"TempDecF",261,0,0,"cies",12,10
"WaterSurf",95,0,0,"cies",12,10
"ArtSurf",329,0,0,"cies",12,11
"AtlScrub",5686,0,0,"cies",12,11
"BareArea",3742,0,0,"cies",12,11
"Crop",3,0,0,"cies",12,11
"DuneSand",232,0,0,"cies",12,11
"Grass",1926,0,0,"cies",12,11
"HydroRipVeg",100,0,0,"cies",12,11
"MedSclF",18,0,0,"cies",12,11
"Reforestation",2902,0,0,"cies",12,11
"RipF",133,0,0,"cies",12,11
"RockScreeVeg",28,0,0,"cies",12,11
"SMedMarF",2,0,0,"cies",12,11
"SaltMar",253,0,0,"cies",12,11
"Shrub",772,0,0,"cies",12,11
"TempDecF",261,0,0,"cies",12,11
"WaterSurf",95,0,0,"cies",12,11
"ArtSurf",329,0,0,"cies",12,12
"AtlScrub",5686,0,0,"cies",12,12
"BareArea",3742,0,0,"cies",12,12
"Crop",3,0,0,"cies",12,12
"DuneSand",232,0,0,"cies",12,12
"Grass",1926,0,0,"cies",12,12
"HydroRipVeg",100,0,0,"cies",12,12
"MedSclF",18,0,0,"cies",12,12
"Reforestation",2902,0,0,"cies",12,12
"RipF",133,0,0,"cies",12,12
"RockScreeVeg",28,0,0,"cies",12,12
"SMedMarF",2,0,0,"cies",12,12
"SaltMar",253,0,0,"cies",12,12
"Shrub",772,0,0,"cies",12,12
"TempDecF",261,0,0,"cies",12,12
"WaterSurf",95,0,0,"cies",12,12
"ArtSurf",2849,0,0,"monfrague",1,1
"Crop",1332,0,0,"monfrague",1,1
"Dehesa",17271,0,0,"monfrague",1,1
"Grass",5942,0,0,"monfrague",1,1
"HydroRipVeg",2264,0,0,"monfrague",1,1
"MedSclF",34504,0,0,"monfrague",1,1
"MedScrub",121317,0,0,"monfrague",1,1
"Reforestation",22719,0,0,"monfrague",1,1
"RipF",1179,0,0,"monfrague",1,1
"RockScreeVeg",16028,0,0,"monfrague",1,1
"SMedMarF",6002,0,0,"monfrague",1,1
"Shrub",13653,0,0,"monfrague",1,1
"WaterSurf",15572,0,0,"monfrague",1,1
"ArtSurf",2849,957,33.59,"monfrague",1,2
"Crop",1332,260,19.52,"monfrague",1,2
"Dehesa",17271,10478,60.67,"monfrague",1,2
"Grass",5942,3911,65.82,"monfrague",1,2
"HydroRipVeg",2264,191,8.44,"monfrague",1,2
"MedSclF",34504,8853,25.66,"monfrague",1,2
"MedScrub",121317,37003,30.5,"monfrague",1,2
"Reforestation",22719,5101,22.45,"monfrague",1,2
"RipF",1179,563,47.75,"monfrague",1,2
"RockScreeVeg",16028,3680,22.96,"monfrague",1,2
"SMedMarF",6002,1833,30.54,"monfrague",1,2
"Shrub",13653,3675,26.92,"monfrague",1,2
"WaterSurf",15572,131,0.84,"monfrague",1,2
"ArtSurf",2849,0,0,"monfrague",1,3
"Crop",1332,0,0,"monfrague",1,3
"Dehesa",17271,0,0,"monfrague",1,3
"Grass",5942,0,0,"monfrague",1,3
"HydroRipVeg",2264,0,0,"monfrague",1,3
"MedSclF",34504,0,0,"monfrague",1,3
"MedScrub",121317,0,0,"monfrague",1,3
"Reforestation",22719,0,0,"monfrague",1,3
"RipF",1179,0,0,"monfrague",1,3
"RockScreeVeg",16028,0,0,"monfrague",1,3
"SMedMarF",6002,0,0,"monfrague",1,3
"Shrub",13653,0,0,"monfrague",1,3
"WaterSurf",15572,0,0,"monfrague",1,3
"ArtSurf",2849,0,0,"monfrague",1,4
"Crop",1332,0,0,"monfrague",1,4
"Dehesa",17271,0,0,"monfrague",1,4
"Grass",5942,0,0,"monfrague",1,4
"HydroRipVeg",2264,0,0,"monfrague",1,4
"MedSclF",34504,0,0,"monfrague",1,4
"MedScrub",121317,0,0,"monfrague",1,4
"Reforestation",22719,0,0,"monfrague",1,4
"RipF",1179,0,0,"monfrague",1,4
"RockScreeVeg",16028,0,0,"monfrague",1,4
"SMedMarF",6002,0,0,"monfrague",1,4
"Shrub",13653,0,0,"monfrague",1,4
"WaterSurf",15572,0,0,"monfrague",1,4
"ArtSurf",2849,0,0,"monfrague",1,5
"Crop",1332,0,0,"monfrague",1,5
"Dehesa",17271,0,0,"monfrague",1,5
"Grass",5942,0,0,"monfrague",1,5
"HydroRipVeg",2264,0,0,"monfrague",1,5
"MedSclF",34504,0,0,"monfrague",1,5
"MedScrub",121317,0,0,"monfrague",1,5
"Reforestation",22719,0,0,"monfrague",1,5
"RipF",1179,0,0,"monfrague",1,5
"RockScreeVeg",16028,0,0,"monfrague",1,5
"SMedMarF",6002,0,0,"monfrague",1,5
"Shrub",13653,0,0,"monfrague",1,5
"WaterSurf",15572,0,0,"monfrague",1,5
"ArtSurf",2849,0,0,"monfrague",1,6
"Crop",1332,0,0,"monfrague",1,6
"Dehesa",17271,0,0,"monfrague",1,6
"Grass",5942,0,0,"monfrague",1,6
"HydroRipVeg",2264,0,0,"monfrague",1,6
"MedSclF",34504,0,0,"monfrague",1,6
"MedScrub",121317,0,0,"monfrague",1,6
"Reforestation",22719,0,0,"monfrague",1,6
"RipF",1179,0,0,"monfrague",1,6
"RockScreeVeg",16028,0,0,"monfrague",1,6
"SMedMarF",6002,0,0,"monfrague",1,6
"Shrub",13653,0,0,"monfrague",1,6
"WaterSurf",15572,0,0,"monfrague",1,6
"ArtSurf",2849,0,0,"monfrague",1,7
"Crop",1332,0,0,"monfrague",1,7
"Dehesa",17271,0,0,"monfrague",1,7
"Grass",5942,0,0,"monfrague",1,7
"HydroRipVeg",2264,0,0,"monfrague",1,7
"MedSclF",34504,0,0,"monfrague",1,7
"MedScrub",121317,0,0,"monfrague",1,7
"Reforestation",22719,0,0,"monfrague",1,7
"RipF",1179,0,0,"monfrague",1,7
"RockScreeVeg",16028,0,0,"monfrague",1,7
"SMedMarF",6002,0,0,"monfrague",1,7
"Shrub",13653,0,0,"monfrague",1,7
"WaterSurf",15572,0,0,"monfrague",1,7
"ArtSurf",2849,0,0,"monfrague",1,8
"Crop",1332,0,0,"monfrague",1,8
"Dehesa",17271,0,0,"monfrague",1,8
"Grass",5942,0,0,"monfrague",1,8
"HydroRipVeg",2264,0,0,"monfrague",1,8
"MedSclF",34504,0,0,"monfrague",1,8
"MedScrub",121317,0,0,"monfrague",1,8
"Reforestation",22719,0,0,"monfrague",1,8
"RipF",1179,0,0,"monfrague",1,8
"RockScreeVeg",16028,0,0,"monfrague",1,8
"SMedMarF",6002,0,0,"monfrague",1,8
"Shrub",13653,0,0,"monfrague",1,8
"WaterSurf",15572,0,0,"monfrague",1,8
"ArtSurf",2849,1,0.04,"monfrague",1,9
"Crop",1332,0,0,"monfrague",1,9
"Dehesa",17271,0,0,"monfrague",1,9
"Grass",5942,0,0,"monfrague",1,9
"HydroRipVeg",2264,0,0,"monfrague",1,9
"MedSclF",34504,1,0,"monfrague",1,9
"MedScrub",121317,0,0,"monfrague",1,9
"Reforestation",22719,80,0.35,"monfrague",1,9
"RipF",1179,0,0,"monfrague",1,9
"RockScreeVeg",16028,0,0,"monfrague",1,9
"SMedMarF",6002,0,0,"monfrague",1,9
"Shrub",13653,0,0,"monfrague",1,9
"WaterSurf",15572,0,0,"monfrague",1,9
"ArtSurf",2849,0,0,"monfrague",1,10
"Crop",1332,0,0,"monfrague",1,10
"Dehesa",17271,0,0,"monfrague",1,10
"Grass",5942,0,0,"monfrague",1,10
"HydroRipVeg",2264,0,0,"monfrague",1,10
"MedSclF",34504,0,0,"monfrague",1,10
"MedScrub",121317,0,0,"monfrague",1,10
"Reforestation",22719,0,0,"monfrague",1,10
"RipF",1179,0,0,"monfrague",1,10
"RockScreeVeg",16028,0,0,"monfrague",1,10
"SMedMarF",6002,0,0,"monfrague",1,10
"Shrub",13653,0,0,"monfrague",1,10
"WaterSurf",15572,0,0,"monfrague",1,10
"ArtSurf",2849,0,0,"monfrague",1,11
"Crop",1332,0,0,"monfrague",1,11
"Dehesa",17271,0,0,"monfrague",1,11
"Grass",5942,0,0,"monfrague",1,11
"HydroRipVeg",2264,0,0,"monfrague",1,11
"MedSclF",34504,0,0,"monfrague",1,11
"MedScrub",121317,0,0,"monfrague",1,11
"Reforestation",22719,0,0,"monfrague",1,11
"RipF",1179,0,0,"monfrague",1,11
"RockScreeVeg",16028,0,0,"monfrague",1,11
"SMedMarF",6002,0,0,"monfrague",1,11
"Shrub",13653,0,0,"monfrague",1,11
"WaterSurf",15572,0,0,"monfrague",1,11
"ArtSurf",2849,0,0,"monfrague",1,12
"Crop",1332,0,0,"monfrague",1,12
"Dehesa",17271,0,0,"monfrague",1,12
"Grass",5942,0,0,"monfrague",1,12
"HydroRipVeg",2264,0,0,"monfrague",1,12
"MedSclF",34504,0,0,"monfrague",1,12
"MedScrub",121317,0,0,"monfrague",1,12
"Reforestation",22719,0,0,"monfrague",1,12
"RipF",1179,0,0,"monfrague",1,12
"RockScreeVeg",16028,0,0,"monfrague",1,12
"SMedMarF",6002,0,0,"monfrague",1,12
"Shrub",13653,0,0,"monfrague",1,12
"WaterSurf",15572,0,0,"monfrague",1,12
"ArtSurf",2849,71,2.49,"monfrague",3,1
"Crop",1332,33,2.48,"monfrague",3,1
"Dehesa",17271,1636,9.47,"monfrague",3,1
"Grass",5942,1109,18.66,"monfrague",3,1
"HydroRipVeg",2264,61,2.69,"monfrague",3,1
"MedSclF",34504,378,1.1,"monfrague",3,1
"MedScrub",121317,1652,1.36,"monfrague",3,1
"Reforestation",22719,121,0.53,"monfrague",3,1
"RipF",1179,51,4.33,"monfrague",3,1
"RockScreeVeg",16028,216,1.35,"monfrague",3,1
"SMedMarF",6002,17,0.28,"monfrague",3,1
"Shrub",13653,40,0.29,"monfrague",3,1
"WaterSurf",15572,8,0.05,"monfrague",3,1
"ArtSurf",2849,577,20.25,"monfrague",3,2
"Crop",1332,292,21.92,"monfrague",3,2
"Dehesa",17271,10424,60.36,"monfrague",3,2
"Grass",5942,4217,70.97,"monfrague",3,2
"HydroRipVeg",2264,261,11.53,"monfrague",3,2
"MedSclF",34504,5452,15.8,"monfrague",3,2
"MedScrub",121317,20931,17.25,"monfrague",3,2
"Reforestation",22719,2452,10.79,"monfrague",3,2
"RipF",1179,453,38.42,"monfrague",3,2
"RockScreeVeg",16028,2183,13.62,"monfrague",3,2
"SMedMarF",6002,730,12.16,"monfrague",3,2
"Shrub",13653,1619,11.86,"monfrague",3,2
"WaterSurf",15572,103,0.66,"monfrague",3,2
"ArtSurf",2849,28,0.98,"monfrague",3,3
"Crop",1332,0,0,"monfrague",3,3
"Dehesa",17271,487,2.82,"monfrague",3,3
"Grass",5942,450,7.57,"monfrague",3,3
"HydroRipVeg",2264,11,0.49,"monfrague",3,3
"MedSclF",34504,165,0.48,"monfrague",3,3
"MedScrub",121317,412,0.34,"monfrague",3,3
"Reforestation",22719,22,0.1,"monfrague",3,3
"RipF",1179,13,1.1,"monfrague",3,3
"RockScreeVeg",16028,75,0.47,"monfrague",3,3
"SMedMarF",6002,14,0.23,"monfrague",3,3
"Shrub",13653,3,0.02,"monfrague",3,3
"WaterSurf",15572,1,0.01,"monfrague",3,3
"ArtSurf",2849,3,0.11,"monfrague",3,4
"Crop",1332,0,0,"monfrague",3,4
"Dehesa",17271,13,0.08,"monfrague",3,4
"Grass",5942,1,0.02,"monfrague",3,4
"HydroRipVeg",2264,2,0.09,"monfrague",3,4
"MedSclF",34504,120,0.35,"monfrague",3,4
"MedScrub",121317,115,0.09,"monfrague",3,4
"Reforestation",22719,11,0.05,"monfrague",3,4
"RipF",1179,17,1.44,"monfrague",3,4
"RockScreeVeg",16028,15,0.09,"monfrague",3,4
"SMedMarF",6002,51,0.85,"monfrague",3,4
"Shrub",13653,53,0.39,"monfrague",3,4
"WaterSurf",15572,0,0,"monfrague",3,4
"ArtSurf",2849,0,0,"monfrague",3,5
"Crop",1332,0,0,"monfrague",3,5
"Dehesa",17271,0,0,"monfrague",3,5
"Grass",5942,0,0,"monfrague",3,5
"HydroRipVeg",2264,0,0,"monfrague",3,5
"MedSclF",34504,0,0,"monfrague",3,5
"MedScrub",121317,0,0,"monfrague",3,5
"Reforestation",22719,0,0,"monfrague",3,5
"RipF",1179,0,0,"monfrague",3,5
"RockScreeVeg",16028,0,0,"monfrague",3,5
"SMedMarF",6002,0,0,"monfrague",3,5
"Shrub",13653,0,0,"monfrague",3,5
"WaterSurf",15572,0,0,"monfrague",3,5
"ArtSurf",2849,0,0,"monfrague",3,6
"Crop",1332,0,0,"monfrague",3,6
"Dehesa",17271,0,0,"monfrague",3,6
"Grass",5942,0,0,"monfrague",3,6
"HydroRipVeg",2264,0,0,"monfrague",3,6
"MedSclF",34504,0,0,"monfrague",3,6
"MedScrub",121317,0,0,"monfrague",3,6
"Reforestation",22719,0,0,"monfrague",3,6
"RipF",1179,0,0,"monfrague",3,6
"RockScreeVeg",16028,0,0,"monfrague",3,6
"SMedMarF",6002,0,0,"monfrague",3,6
"Shrub",13653,0,0,"monfrague",3,6
"WaterSurf",15572,0,0,"monfrague",3,6
"ArtSurf",2849,0,0,"monfrague",3,7
"Crop",1332,0,0,"monfrague",3,7
"Dehesa",17271,0,0,"monfrague",3,7
"Grass",5942,0,0,"monfrague",3,7
"HydroRipVeg",2264,0,0,"monfrague",3,7
"MedSclF",34504,0,0,"monfrague",3,7
"MedScrub",121317,0,0,"monfrague",3,7
"Reforestation",22719,0,0,"monfrague",3,7
"RipF",1179,0,0,"monfrague",3,7
"RockScreeVeg",16028,0,0,"monfrague",3,7
"SMedMarF",6002,0,0,"monfrague",3,7
"Shrub",13653,0,0,"monfrague",3,7
"WaterSurf",15572,0,0,"monfrague",3,7
"ArtSurf",2849,0,0,"monfrague",3,8
"Crop",1332,0,0,"monfrague",3,8
"Dehesa",17271,0,0,"monfrague",3,8
"Grass",5942,0,0,"monfrague",3,8
"HydroRipVeg",2264,0,0,"monfrague",3,8
"MedSclF",34504,0,0,"monfrague",3,8
"MedScrub",121317,0,0,"monfrague",3,8
"Reforestation",22719,0,0,"monfrague",3,8
"RipF",1179,0,0,"monfrague",3,8
"RockScreeVeg",16028,0,0,"monfrague",3,8
"SMedMarF",6002,0,0,"monfrague",3,8
"Shrub",13653,0,0,"monfrague",3,8
"WaterSurf",15572,0,0,"monfrague",3,8
"ArtSurf",2849,0,0,"monfrague",3,9
"Crop",1332,0,0,"monfrague",3,9
"Dehesa",17271,0,0,"monfrague",3,9
"Grass",5942,0,0,"monfrague",3,9
"HydroRipVeg",2264,0,0,"monfrague",3,9
"MedSclF",34504,0,0,"monfrague",3,9
"MedScrub",121317,0,0,"monfrague",3,9
"Reforestation",22719,0,0,"monfrague",3,9
"RipF",1179,0,0,"monfrague",3,9
"RockScreeVeg",16028,0,0,"monfrague",3,9
"SMedMarF",6002,0,0,"monfrague",3,9
"Shrub",13653,0,0,"monfrague",3,9
"WaterSurf",15572,0,0,"monfrague",3,9
"ArtSurf",2849,0,0,"monfrague",3,10
"Crop",1332,0,0,"monfrague",3,10
"Dehesa",17271,0,0,"monfrague",3,10
"Grass",5942,0,0,"monfrague",3,10
"HydroRipVeg",2264,0,0,"monfrague",3,10
"MedSclF",34504,0,0,"monfrague",3,10
"MedScrub",121317,0,0,"monfrague",3,10
"Reforestation",22719,0,0,"monfrague",3,10
"RipF",1179,0,0,"monfrague",3,10
"RockScreeVeg",16028,0,0,"monfrague",3,10
"SMedMarF",6002,0,0,"monfrague",3,10
"Shrub",13653,0,0,"monfrague",3,10
"WaterSurf",15572,0,0,"monfrague",3,10
"ArtSurf",2849,0,0,"monfrague",3,11
"Crop",1332,0,0,"monfrague",3,11
"Dehesa",17271,0,0,"monfrague",3,11
"Grass",5942,0,0,"monfrague",3,11
"HydroRipVeg",2264,0,0,"monfrague",3,11
"MedSclF",34504,0,0,"monfrague",3,11
"MedScrub",121317,0,0,"monfrague",3,11
"Reforestation",22719,0,0,"monfrague",3,11
"RipF",1179,0,0,"monfrague",3,11
"RockScreeVeg",16028,0,0,"monfrague",3,11
"SMedMarF",6002,0,0,"monfrague",3,11
"Shrub",13653,0,0,"monfrague",3,11
"WaterSurf",15572,0,0,"monfrague",3,11
"ArtSurf",2849,1,0.04,"monfrague",3,12
"Crop",1332,0,0,"monfrague",3,12
"Dehesa",17271,49,0.28,"monfrague",3,12
"Grass",5942,12,0.2,"monfrague",3,12
"HydroRipVeg",2264,0,0,"monfrague",3,12
"MedSclF",34504,3,0.01,"monfrague",3,12
"MedScrub",121317,8,0.01,"monfrague",3,12
"Reforestation",22719,0,0,"monfrague",3,12
"RipF",1179,0,0,"monfrague",3,12
"RockScreeVeg",16028,2,0.01,"monfrague",3,12
"SMedMarF",6002,0,0,"monfrague",3,12
"Shrub",13653,0,0,"monfrague",3,12
"WaterSurf",15572,0,0,"monfrague",3,12
"ArtSurf",2849,20,0.7,"monfrague",6,1
"Crop",1332,10,0.75,"monfrague",6,1
"Dehesa",17271,490,2.84,"monfrague",6,1
"Grass",5942,388,6.53,"monfrague",6,1
"HydroRipVeg",2264,17,0.75,"monfrague",6,1
"MedSclF",34504,102,0.3,"monfrague",6,1
"MedScrub",121317,449,0.37,"monfrague",6,1
"Reforestation",22719,48,0.21,"monfrague",6,1
"RipF",1179,14,1.19,"monfrague",6,1
"RockScreeVeg",16028,47,0.29,"monfrague",6,1
"SMedMarF",6002,5,0.08,"monfrague",6,1
"Shrub",13653,13,0.1,"monfrague",6,1
"WaterSurf",15572,3,0.02,"monfrague",6,1
"ArtSurf",2849,672,23.59,"monfrague",6,2
"Crop",1332,333,25,"monfrague",6,2
"Dehesa",17271,11356,65.75,"monfrague",6,2
"Grass",5942,4362,73.41,"monfrague",6,2
"HydroRipVeg",2264,196,8.66,"monfrague",6,2
"MedSclF",34504,5708,16.54,"monfrague",6,2
"MedScrub",121317,25362,20.91,"monfrague",6,2
"Reforestation",22719,3449,15.18,"monfrague",6,2
"RipF",1179,490,41.56,"monfrague",6,2
"RockScreeVeg",16028,2345,14.63,"monfrague",6,2
"SMedMarF",6002,759,12.65,"monfrague",6,2
"Shrub",13653,1779,13.03,"monfrague",6,2
"WaterSurf",15572,118,0.76,"monfrague",6,2
"ArtSurf",2849,37,1.3,"monfrague",6,3
"Crop",1332,0,0,"monfrague",6,3
"Dehesa",17271,781,4.52,"monfrague",6,3
"Grass",5942,575,9.68,"monfrague",6,3
"HydroRipVeg",2264,11,0.49,"monfrague",6,3
"MedSclF",34504,138,0.4,"monfrague",6,3
"MedScrub",121317,704,0.58,"monfrague",6,3
"Reforestation",22719,56,0.25,"monfrague",6,3
"RipF",1179,13,1.1,"monfrague",6,3
"RockScreeVeg",16028,48,0.3,"monfrague",6,3
"SMedMarF",6002,3,0.05,"monfrague",6,3
"Shrub",13653,9,0.07,"monfrague",6,3
"WaterSurf",15572,2,0.01,"monfrague",6,3
"ArtSurf",2849,473,16.6,"monfrague",6,4
"Crop",1332,87,6.53,"monfrague",6,4
"Dehesa",17271,5121,29.65,"monfrague",6,4
"Grass",5942,831,13.99,"monfrague",6,4
"HydroRipVeg",2264,160,7.07,"monfrague",6,4
"MedSclF",34504,8679,25.15,"monfrague",6,4
"MedScrub",121317,24448,20.15,"monfrague",6,4
"Reforestation",22719,3618,15.92,"monfrague",6,4
"RipF",1179,338,28.67,"monfrague",6,4
"RockScreeVeg",16028,2966,18.51,"monfrague",6,4
"SMedMarF",6002,1055,17.58,"monfrague",6,4
"Shrub",13653,2394,17.53,"monfrague",6,4
"WaterSurf",15572,158,1.01,"monfrague",6,4
"ArtSurf",2849,0,0,"monfrague",6,5
"Crop",1332,0,0,"monfrague",6,5
"Dehesa",17271,0,0,"monfrague",6,5
"Grass",5942,0,0,"monfrague",6,5
"HydroRipVeg",2264,0,0,"monfrague",6,5
"MedSclF",34504,0,0,"monfrague",6,5
"MedScrub",121317,0,0,"monfrague",6,5
"Reforestation",22719,0,0,"monfrague",6,5
"RipF",1179,0,0,"monfrague",6,5
"RockScreeVeg",16028,0,0,"monfrague",6,5
"SMedMarF",6002,0,0,"monfrague",6,5
"Shrub",13653,0,0,"monfrague",6,5
"WaterSurf",15572,0,0,"monfrague",6,5
"ArtSurf",2849,0,0,"monfrague",6,6
"Crop",1332,0,0,"monfrague",6,6
"Dehesa",17271,0,0,"monfrague",6,6
"Grass",5942,0,0,"monfrague",6,6
"HydroRipVeg",2264,0,0,"monfrague",6,6
"MedSclF",34504,0,0,"monfrague",6,6
"MedScrub",121317,0,0,"monfrague",6,6
"Reforestation",22719,0,0,"monfrague",6,6
"RipF",1179,0,0,"monfrague",6,6
"RockScreeVeg",16028,0,0,"monfrague",6,6
"SMedMarF",6002,0,0,"monfrague",6,6
"Shrub",13653,0,0,"monfrague",6,6
"WaterSurf",15572,0,0,"monfrague",6,6
"ArtSurf",2849,0,0,"monfrague",6,7
"Crop",1332,0,0,"monfrague",6,7
"Dehesa",17271,0,0,"monfrague",6,7
"Grass",5942,0,0,"monfrague",6,7
"HydroRipVeg",2264,0,0,"monfrague",6,7
"MedSclF",34504,0,0,"monfrague",6,7
"MedScrub",121317,0,0,"monfrague",6,7
"Reforestation",22719,0,0,"monfrague",6,7
"RipF",1179,0,0,"monfrague",6,7
"RockScreeVeg",16028,0,0,"monfrague",6,7
"SMedMarF",6002,0,0,"monfrague",6,7
"Shrub",13653,0,0,"monfrague",6,7
"WaterSurf",15572,0,0,"monfrague",6,7
"ArtSurf",2849,0,0,"monfrague",6,8
"Crop",1332,0,0,"monfrague",6,8
"Dehesa",17271,0,0,"monfrague",6,8
"Grass",5942,0,0,"monfrague",6,8
"HydroRipVeg",2264,0,0,"monfrague",6,8
"MedSclF",34504,0,0,"monfrague",6,8
"MedScrub",121317,0,0,"monfrague",6,8
"Reforestation",22719,0,0,"monfrague",6,8
"RipF",1179,0,0,"monfrague",6,8
"RockScreeVeg",16028,0,0,"monfrague",6,8
"SMedMarF",6002,0,0,"monfrague",6,8
"Shrub",13653,0,0,"monfrague",6,8
"WaterSurf",15572,0,0,"monfrague",6,8
"ArtSurf",2849,0,0,"monfrague",6,9
"Crop",1332,0,0,"monfrague",6,9
"Dehesa",17271,0,0,"monfrague",6,9
"Grass",5942,0,0,"monfrague",6,9
"HydroRipVeg",2264,0,0,"monfrague",6,9
"MedSclF",34504,0,0,"monfrague",6,9
"MedScrub",121317,0,0,"monfrague",6,9
"Reforestation",22719,0,0,"monfrague",6,9
"RipF",1179,0,0,"monfrague",6,9
"RockScreeVeg",16028,0,0,"monfrague",6,9
"SMedMarF",6002,0,0,"monfrague",6,9
"Shrub",13653,0,0,"monfrague",6,9
"WaterSurf",15572,0,0,"monfrague",6,9
"ArtSurf",2849,1,0.04,"monfrague",6,10
"Crop",1332,0,0,"monfrague",6,10
"Dehesa",17271,0,0,"monfrague",6,10
"Grass",5942,0,0,"monfrague",6,10
"HydroRipVeg",2264,0,0,"monfrague",6,10
"MedSclF",34504,0,0,"monfrague",6,10
"MedScrub",121317,1,0,"monfrague",6,10
"Reforestation",22719,0,0,"monfrague",6,10
"RipF",1179,0,0,"monfrague",6,10
"RockScreeVeg",16028,3,0.02,"monfrague",6,10
"SMedMarF",6002,0,0,"monfrague",6,10
"Shrub",13653,0,0,"monfrague",6,10
"WaterSurf",15572,0,0,"monfrague",6,10
"ArtSurf",2849,0,0,"monfrague",6,11
"Crop",1332,0,0,"monfrague",6,11
"Dehesa",17271,0,0,"monfrague",6,11
"Grass",5942,0,0,"monfrague",6,11
"HydroRipVeg",2264,0,0,"monfrague",6,11
"MedSclF",34504,0,0,"monfrague",6,11
"MedScrub",121317,0,0,"monfrague",6,11
"Reforestation",22719,0,0,"monfrague",6,11
"RipF",1179,0,0,"monfrague",6,11
"RockScreeVeg",16028,0,0,"monfrague",6,11
"SMedMarF",6002,0,0,"monfrague",6,11
"Shrub",13653,0,0,"monfrague",6,11
"WaterSurf",15572,0,0,"monfrague",6,11
"ArtSurf",2849,0,0,"monfrague",6,12
"Crop",1332,0,0,"monfrague",6,12
"Dehesa",17271,0,0,"monfrague",6,12
"Grass",5942,0,0,"monfrague",6,12
"HydroRipVeg",2264,0,0,"monfrague",6,12
"MedSclF",34504,0,0,"monfrague",6,12
"MedScrub",121317,0,0,"monfrague",6,12
"Reforestation",22719,0,0,"monfrague",6,12
"RipF",1179,0,0,"monfrague",6,12
"RockScreeVeg",16028,0,0,"monfrague",6,12
"SMedMarF",6002,0,0,"monfrague",6,12
"Shrub",13653,0,0,"monfrague",6,12
"WaterSurf",15572,0,0,"monfrague",6,12
"ArtSurf",2849,0,0,"monfrague",9,1
"Crop",1332,0,0,"monfrague",9,1
"Dehesa",17271,0,0,"monfrague",9,1
"Grass",5942,0,0,"monfrague",9,1
"HydroRipVeg",2264,0,0,"monfrague",9,1
"MedSclF",34504,0,0,"monfrague",9,1
"MedScrub",121317,0,0,"monfrague",9,1
"Reforestation",22719,0,0,"monfrague",9,1
"RipF",1179,0,0,"monfrague",9,1
"RockScreeVeg",16028,0,0,"monfrague",9,1
"SMedMarF",6002,0,0,"monfrague",9,1
"Shrub",13653,0,0,"monfrague",9,1
"WaterSurf",15572,0,0,"monfrague",9,1
"ArtSurf",2849,60,2.11,"monfrague",9,2
"Crop",1332,34,2.55,"monfrague",9,2
"Dehesa",17271,1948,11.28,"monfrague",9,2
"Grass",5942,1158,19.49,"monfrague",9,2
"HydroRipVeg",2264,30,1.33,"monfrague",9,2
"MedSclF",34504,271,0.79,"monfrague",9,2
"MedScrub",121317,1653,1.36,"monfrague",9,2
"Reforestation",22719,84,0.37,"monfrague",9,2
"RipF",1179,27,2.29,"monfrague",9,2
"RockScreeVeg",16028,77,0.48,"monfrague",9,2
"SMedMarF",6002,15,0.25,"monfrague",9,2
"Shrub",13653,35,0.26,"monfrague",9,2
"WaterSurf",15572,7,0.04,"monfrague",9,2
"ArtSurf",2849,72,2.53,"monfrague",9,3
"Crop",1332,10,0.75,"monfrague",9,3
"Dehesa",17271,1415,8.19,"monfrague",9,3
"Grass",5942,869,14.62,"monfrague",9,3
"HydroRipVeg",2264,13,0.57,"monfrague",9,3
"MedSclF",34504,283,0.82,"monfrague",9,3
"MedScrub",121317,1462,1.21,"monfrague",9,3
"Reforestation",22719,75,0.33,"monfrague",9,3
"RipF",1179,29,2.46,"monfrague",9,3
"RockScreeVeg",16028,92,0.57,"monfrague",9,3
"SMedMarF",6002,3,0.05,"monfrague",9,3
"Shrub",13653,24,0.18,"monfrague",9,3
"WaterSurf",15572,10,0.06,"monfrague",9,3
"ArtSurf",2849,0,0,"monfrague",9,4
"Crop",1332,0,0,"monfrague",9,4
"Dehesa",17271,0,0,"monfrague",9,4
"Grass",5942,0,0,"monfrague",9,4
"HydroRipVeg",2264,0,0,"monfrague",9,4
"MedSclF",34504,0,0,"monfrague",9,4
"MedScrub",121317,0,0,"monfrague",9,4
"Reforestation",22719,0,0,"monfrague",9,4
"RipF",1179,0,0,"monfrague",9,4
"RockScreeVeg",16028,0,0,"monfrague",9,4
"SMedMarF",6002,0,0,"monfrague",9,4
"Shrub",13653,0,0,"monfrague",9,4
"WaterSurf",15572,0,0,"monfrague",9,4
"ArtSurf",2849,0,0,"monfrague",9,5
"Crop",1332,0,0,"monfrague",9,5
"Dehesa",17271,0,0,"monfrague",9,5
"Grass",5942,0,0,"monfrague",9,5
"HydroRipVeg",2264,0,0,"monfrague",9,5
"MedSclF",34504,0,0,"monfrague",9,5
"MedScrub",121317,0,0,"monfrague",9,5
"Reforestation",22719,0,0,"monfrague",9,5
"RipF",1179,0,0,"monfrague",9,5
"RockScreeVeg",16028,0,0,"monfrague",9,5
"SMedMarF",6002,0,0,"monfrague",9,5
"Shrub",13653,0,0,"monfrague",9,5
"WaterSurf",15572,0,0,"monfrague",9,5
"ArtSurf",2849,304,10.67,"monfrague",9,6
"Crop",1332,6,0.45,"monfrague",9,6
"Dehesa",17271,284,1.64,"monfrague",9,6
"Grass",5942,23,0.39,"monfrague",9,6
"HydroRipVeg",2264,7,0.31,"monfrague",9,6
"MedSclF",34504,6428,18.63,"monfrague",9,6
"MedScrub",121317,10473,8.63,"monfrague",9,6
"Reforestation",22719,2001,8.81,"monfrague",9,6
"RipF",1179,55,4.66,"monfrague",9,6
"RockScreeVeg",16028,1247,7.78,"monfrague",9,6
"SMedMarF",6002,1593,26.54,"monfrague",9,6
"Shrub",13653,3377,24.73,"monfrague",9,6
"WaterSurf",15572,102,0.66,"monfrague",9,6
"ArtSurf",2849,0,0,"monfrague",9,7
"Crop",1332,0,0,"monfrague",9,7
"Dehesa",17271,0,0,"monfrague",9,7
"Grass",5942,0,0,"monfrague",9,7
"HydroRipVeg",2264,0,0,"monfrague",9,7
"MedSclF",34504,0,0,"monfrague",9,7
"MedScrub",121317,0,0,"monfrague",9,7
"Reforestation",22719,0,0,"monfrague",9,7
"RipF",1179,0,0,"monfrague",9,7
"RockScreeVeg",16028,0,0,"monfrague",9,7
"SMedMarF",6002,0,0,"monfrague",9,7
"Shrub",13653,0,0,"monfrague",9,7
"WaterSurf",15572,0,0,"monfrague",9,7
"ArtSurf",2849,0,0,"monfrague",9,8
"Crop",1332,0,0,"monfrague",9,8
"Dehesa",17271,0,0,"monfrague",9,8
"Grass",5942,0,0,"monfrague",9,8
"HydroRipVeg",2264,0,0,"monfrague",9,8
"MedSclF",34504,0,0,"monfrague",9,8
"MedScrub",121317,0,0,"monfrague",9,8
"Reforestation",22719,0,0,"monfrague",9,8
"RipF",1179,0,0,"monfrague",9,8
"RockScreeVeg",16028,0,0,"monfrague",9,8
"SMedMarF",6002,0,0,"monfrague",9,8
"Shrub",13653,0,0,"monfrague",9,8
"WaterSurf",15572,0,0,"monfrague",9,8
"ArtSurf",2849,0,0,"monfrague",9,9
"Crop",1332,0,0,"monfrague",9,9
"Dehesa",17271,0,0,"monfrague",9,9
"Grass",5942,0,0,"monfrague",9,9
"HydroRipVeg",2264,0,0,"monfrague",9,9
"MedSclF",34504,0,0,"monfrague",9,9
"MedScrub",121317,0,0,"monfrague",9,9
"Reforestation",22719,0,0,"monfrague",9,9
"RipF",1179,0,0,"monfrague",9,9
"RockScreeVeg",16028,0,0,"monfrague",9,9
"SMedMarF",6002,0,0,"monfrague",9,9
"Shrub",13653,0,0,"monfrague",9,9
"WaterSurf",15572,0,0,"monfrague",9,9
"ArtSurf",2849,0,0,"monfrague",9,10
"Crop",1332,0,0,"monfrague",9,10
"Dehesa",17271,0,0,"monfrague",9,10
"Grass",5942,0,0,"monfrague",9,10
"HydroRipVeg",2264,0,0,"monfrague",9,10
"MedSclF",34504,0,0,"monfrague",9,10
"MedScrub",121317,0,0,"monfrague",9,10
"Reforestation",22719,0,0,"monfrague",9,10
"RipF",1179,0,0,"monfrague",9,10
"RockScreeVeg",16028,0,0,"monfrague",9,10
"SMedMarF",6002,0,0,"monfrague",9,10
"Shrub",13653,0,0,"monfrague",9,10
"WaterSurf",15572,0,0,"monfrague",9,10
"ArtSurf",2849,0,0,"monfrague",9,11
"Crop",1332,0,0,"monfrague",9,11
"Dehesa",17271,0,0,"monfrague",9,11
"Grass",5942,0,0,"monfrague",9,11
"HydroRipVeg",2264,0,0,"monfrague",9,11
"MedSclF",34504,0,0,"monfrague",9,11
"MedScrub",121317,0,0,"monfrague",9,11
"Reforestation",22719,0,0,"monfrague",9,11
"RipF",1179,0,0,"monfrague",9,11
"RockScreeVeg",16028,0,0,"monfrague",9,11
"SMedMarF",6002,0,0,"monfrague",9,11
"Shrub",13653,0,0,"monfrague",9,11
"WaterSurf",15572,0,0,"monfrague",9,11
"ArtSurf",2849,0,0,"monfrague",9,12
"Crop",1332,0,0,"monfrague",9,12
"Dehesa",17271,0,0,"monfrague",9,12
"Grass",5942,0,0,"monfrague",9,12
"HydroRipVeg",2264,0,0,"monfrague",9,12
"MedSclF",34504,0,0,"monfrague",9,12
"MedScrub",121317,0,0,"monfrague",9,12
"Reforestation",22719,0,0,"monfrague",9,12
"RipF",1179,0,0,"monfrague",9,12
"RockScreeVeg",16028,0,0,"monfrague",9,12
"SMedMarF",6002,0,0,"monfrague",9,12
"Shrub",13653,0,0,"monfrague",9,12
"WaterSurf",15572,0,0,"monfrague",9,12
"ArtSurf",2849,0,0,"monfrague",12,1
"Crop",1332,0,0,"monfrague",12,1
"Dehesa",17271,0,0,"monfrague",12,1
"Grass",5942,0,0,"monfrague",12,1
"HydroRipVeg",2264,0,0,"monfrague",12,1
"MedSclF",34504,0,0,"monfrague",12,1
"MedScrub",121317,0,0,"monfrague",12,1
"Reforestation",22719,0,0,"monfrague",12,1
"RipF",1179,0,0,"monfrague",12,1
"RockScreeVeg",16028,0,0,"monfrague",12,1
"SMedMarF",6002,0,0,"monfrague",12,1
"Shrub",13653,0,0,"monfrague",12,1
"WaterSurf",15572,0,0,"monfrague",12,1
"ArtSurf",2849,0,0,"monfrague",12,2
"Crop",1332,0,0,"monfrague",12,2
"Dehesa",17271,0,0,"monfrague",12,2
"Grass",5942,0,0,"monfrague",12,2
"HydroRipVeg",2264,0,0,"monfrague",12,2
"MedSclF",34504,0,0,"monfrague",12,2
"MedScrub",121317,0,0,"monfrague",12,2
"Reforestation",22719,0,0,"monfrague",12,2
"RipF",1179,0,0,"monfrague",12,2
"RockScreeVeg",16028,0,0,"monfrague",12,2
"SMedMarF",6002,0,0,"monfrague",12,2
"Shrub",13653,0,0,"monfrague",12,2
"WaterSurf",15572,0,0,"monfrague",12,2
"ArtSurf",2849,0,0,"monfrague",12,3
"Crop",1332,0,0,"monfrague",12,3
"Dehesa",17271,0,0,"monfrague",12,3
"Grass",5942,0,0,"monfrague",12,3
"HydroRipVeg",2264,0,0,"monfrague",12,3
"MedSclF",34504,0,0,"monfrague",12,3
"MedScrub",121317,0,0,"monfrague",12,3
"Reforestation",22719,0,0,"monfrague",12,3
"RipF",1179,0,0,"monfrague",12,3
"RockScreeVeg",16028,0,0,"monfrague",12,3
"SMedMarF",6002,0,0,"monfrague",12,3
"Shrub",13653,0,0,"monfrague",12,3
"WaterSurf",15572,0,0,"monfrague",12,3
"ArtSurf",2849,0,0,"monfrague",12,4
"Crop",1332,0,0,"monfrague",12,4
"Dehesa",17271,0,0,"monfrague",12,4
"Grass",5942,0,0,"monfrague",12,4
"HydroRipVeg",2264,0,0,"monfrague",12,4
"MedSclF",34504,0,0,"monfrague",12,4
"MedScrub",121317,0,0,"monfrague",12,4
"Reforestation",22719,0,0,"monfrague",12,4
"RipF",1179,0,0,"monfrague",12,4
"RockScreeVeg",16028,0,0,"monfrague",12,4
"SMedMarF",6002,0,0,"monfrague",12,4
"Shrub",13653,0,0,"monfrague",12,4
"WaterSurf",15572,0,0,"monfrague",12,4
"ArtSurf",2849,0,0,"monfrague",12,5
"Crop",1332,0,0,"monfrague",12,5
"Dehesa",17271,0,0,"monfrague",12,5
"Grass",5942,0,0,"monfrague",12,5
"HydroRipVeg",2264,0,0,"monfrague",12,5
"MedSclF",34504,0,0,"monfrague",12,5
"MedScrub",121317,0,0,"monfrague",12,5
"Reforestation",22719,0,0,"monfrague",12,5
"RipF",1179,0,0,"monfrague",12,5
"RockScreeVeg",16028,0,0,"monfrague",12,5
"SMedMarF",6002,0,0,"monfrague",12,5
"Shrub",13653,0,0,"monfrague",12,5
"WaterSurf",15572,0,0,"monfrague",12,5
"ArtSurf",2849,0,0,"monfrague",12,6
"Crop",1332,0,0,"monfrague",12,6
"Dehesa",17271,0,0,"monfrague",12,6
"Grass",5942,0,0,"monfrague",12,6
"HydroRipVeg",2264,0,0,"monfrague",12,6
"MedSclF",34504,0,0,"monfrague",12,6
"MedScrub",121317,0,0,"monfrague",12,6
"Reforestation",22719,0,0,"monfrague",12,6
"RipF",1179,0,0,"monfrague",12,6
"RockScreeVeg",16028,0,0,"monfrague",12,6
"SMedMarF",6002,0,0,"monfrague",12,6
"Shrub",13653,0,0,"monfrague",12,6
"WaterSurf",15572,0,0,"monfrague",12,6
"ArtSurf",2849,0,0,"monfrague",12,7
"Crop",1332,0,0,"monfrague",12,7
"Dehesa",17271,0,0,"monfrague",12,7
"Grass",5942,0,0,"monfrague",12,7
"HydroRipVeg",2264,0,0,"monfrague",12,7
"MedSclF",34504,0,0,"monfrague",12,7
"MedScrub",121317,0,0,"monfrague",12,7
"Reforestation",22719,0,0,"monfrague",12,7
"RipF",1179,0,0,"monfrague",12,7
"RockScreeVeg",16028,0,0,"monfrague",12,7
"SMedMarF",6002,0,0,"monfrague",12,7
"Shrub",13653,0,0,"monfrague",12,7
"WaterSurf",15572,0,0,"monfrague",12,7
"ArtSurf",2849,0,0,"monfrague",12,8
"Crop",1332,0,0,"monfrague",12,8
"Dehesa",17271,0,0,"monfrague",12,8
"Grass",5942,0,0,"monfrague",12,8
"HydroRipVeg",2264,0,0,"monfrague",12,8
"MedSclF",34504,0,0,"monfrague",12,8
"MedScrub",121317,0,0,"monfrague",12,8
"Reforestation",22719,0,0,"monfrague",12,8
"RipF",1179,0,0,"monfrague",12,8
"RockScreeVeg",16028,0,0,"monfrague",12,8
"SMedMarF",6002,0,0,"monfrague",12,8
"Shrub",13653,0,0,"monfrague",12,8
"WaterSurf",15572,0,0,"monfrague",12,8
"ArtSurf",2849,0,0,"monfrague",12,9
"Crop",1332,0,0,"monfrague",12,9
"Dehesa",17271,0,0,"monfrague",12,9
"Grass",5942,0,0,"monfrague",12,9
"HydroRipVeg",2264,0,0,"monfrague",12,9
"MedSclF",34504,0,0,"monfrague",12,9
"MedScrub",121317,0,0,"monfrague",12,9
"Reforestation",22719,0,0,"monfrague",12,9
"RipF",1179,0,0,"monfrague",12,9
"RockScreeVeg",16028,0,0,"monfrague",12,9
"SMedMarF",6002,0,0,"monfrague",12,9
"Shrub",13653,0,0,"monfrague",12,9
"WaterSurf",15572,0,0,"monfrague",12,9
"ArtSurf",2849,0,0,"monfrague",12,10
"Crop",1332,0,0,"monfrague",12,10
"Dehesa",17271,0,0,"monfrague",12,10
"Grass",5942,0,0,"monfrague",12,10
"HydroRipVeg",2264,0,0,"monfrague",12,10
"MedSclF",34504,0,0,"monfrague",12,10
"MedScrub",121317,0,0,"monfrague",12,10
"Reforestation",22719,0,0,"monfrague",12,10
"RipF",1179,0,0,"monfrague",12,10
"RockScreeVeg",16028,0,0,"monfrague",12,10
"SMedMarF",6002,0,0,"monfrague",12,10
"Shrub",13653,0,0,"monfrague",12,10
"WaterSurf",15572,0,0,"monfrague",12,10
"ArtSurf",2849,0,0,"monfrague",12,11
"Crop",1332,0,0,"monfrague",12,11
"Dehesa",17271,0,0,"monfrague",12,11
"Grass",5942,0,0,"monfrague",12,11
"HydroRipVeg",2264,0,0,"monfrague",12,11
"MedSclF",34504,0,0,"monfrague",12,11
"MedScrub",121317,0,0,"monfrague",12,11
"Reforestation",22719,0,0,"monfrague",12,11
"RipF",1179,0,0,"monfrague",12,11
"RockScreeVeg",16028,0,0,"monfrague",12,11
"SMedMarF",6002,0,0,"monfrague",12,11
"Shrub",13653,0,0,"monfrague",12,11
"WaterSurf",15572,0,0,"monfrague",12,11
"ArtSurf",2849,0,0,"monfrague",12,12
"Crop",1332,0,0,"monfrague",12,12
"Dehesa",17271,0,0,"monfrague",12,12
"Grass",5942,0,0,"monfrague",12,12
"HydroRipVeg",2264,0,0,"monfrague",12,12
"MedSclF",34504,0,0,"monfrague",12,12
"MedScrub",121317,0,0,"monfrague",12,12
"Reforestation",22719,0,0,"monfrague",12,12
"RipF",1179,0,0,"monfrague",12,12
"RockScreeVeg",16028,0,0,"monfrague",12,12
"SMedMarF",6002,0,0,"monfrague",12,12
"Shrub",13653,0,0,"monfrague",12,12
"WaterSurf",15572,0,0,"monfrague",12,12
"AlpConF",27586,0,0,"ordesa",1,1
"AlpScrGr",100261,0,0,"ordesa",1,1
"ArtSurf",26,0,0,"ordesa",1,1
"BareArea",3,0,0,"ordesa",1,1
"Grass",21109,0,0,"ordesa",1,1
"HydroRipVeg",204,0,0,"ordesa",1,1
"MedSclF",4221,0,0,"ordesa",1,1
"RipF",860,0,0,"ordesa",1,1
"RockScreeVeg",8836,0,0,"ordesa",1,1
"SMedMarF",1656,0,0,"ordesa",1,1
"Shrub",7570,0,0,"ordesa",1,1
"TempDecF",20036,0,0,"ordesa",1,1
"WaterSurf",20,0,0,"ordesa",1,1
"AlpConF",27603,0,0,"ordesa",1,2
"AlpScrGr",102251,0,0,"ordesa",1,2
"ArtSurf",26,0,0,"ordesa",1,2
"BareArea",203,0,0,"ordesa",1,2
"Grass",21113,0,0,"ordesa",1,2
"HydroRipVeg",214,0,0,"ordesa",1,2
"MedSclF",4236,0,0,"ordesa",1,2
"RipF",860,0,0,"ordesa",1,2
"RockScreeVeg",13046,0,0,"ordesa",1,2
"SMedMarF",1671,0,0,"ordesa",1,2
"Shrub",7575,0,0,"ordesa",1,2
"TempDecF",20084,0,0,"ordesa",1,2
"WaterSurf",68,0,0,"ordesa",1,2
"AlpConF",27618,0,0,"ordesa",1,3
"AlpScrGr",101805,0,0,"ordesa",1,3
"ArtSurf",26,0,0,"ordesa",1,3
"BareArea",493,0,0,"ordesa",1,3
"Grass",21113,0,0,"ordesa",1,3
"HydroRipVeg",207,0,0,"ordesa",1,3
"MedSclF",4251,0,0,"ordesa",1,3
"RipF",860,0,0,"ordesa",1,3
"RockScreeVeg",11546,0,0,"ordesa",1,3
"SMedMarF",1671,0,0,"ordesa",1,3
"Shrub",7598,0,0,"ordesa",1,3
"TempDecF",20202,0,0,"ordesa",1,3
"WaterSurf",32,0,0,"ordesa",1,3
"AlpConF",27612,0,0,"ordesa",1,4
"AlpScrGr",99996,0,0,"ordesa",1,4
"ArtSurf",26,0,0,"ordesa",1,4
"Grass",21111,0,0,"ordesa",1,4
"HydroRipVeg",204,0,0,"ordesa",1,4
"MedSclF",4251,0,0,"ordesa",1,4
"RipF",860,0,0,"ordesa",1,4
"RockScreeVeg",8573,0,0,"ordesa",1,4
"SMedMarF",1671,0,0,"ordesa",1,4
"Shrub",7601,0,0,"ordesa",1,4
"TempDecF",20198,0,0,"ordesa",1,4
"WaterSurf",20,0,0,"ordesa",1,4
"AlpConF",28066,14,0.05,"ordesa",1,5
"AlpScrGr",98680,781,0.79,"ordesa",1,5
"ArtSurf",26,0,0,"ordesa",1,5
"Grass",21108,130,0.62,"ordesa",1,5
"HydroRipVeg",154,0,0,"ordesa",1,5
"MedSclF",4268,0,0,"ordesa",1,5
"RipF",865,1,0.12,"ordesa",1,5
"RockScreeVeg",8425,10,0.12,"ordesa",1,5
"SMedMarF",1749,0,0,"ordesa",1,5
"Shrub",7687,1,0.01,"ordesa",1,5
"TempDecF",20584,10,0.05,"ordesa",1,5
"WaterSurf",20,0,0,"ordesa",1,5
"AlpConF",28021,0,0,"ordesa",1,6
"AlpScrGr",100050,0,0,"ordesa",1,6
"ArtSurf",26,0,0,"ordesa",1,6
"Grass",21113,0,0,"ordesa",1,6
"HydroRipVeg",204,0,0,"ordesa",1,6
"MedSclF",4300,0,0,"ordesa",1,6
"RipF",866,0,0,"ordesa",1,6
"RockScreeVeg",8576,0,0,"ordesa",1,6
"SMedMarF",1746,0,0,"ordesa",1,6
"Shrub",7723,0,0,"ordesa",1,6
"TempDecF",20580,0,0,"ordesa",1,6
"WaterSurf",20,0,0,"ordesa",1,6
"AlpConF",28948,0,0,"ordesa",1,7
"AlpScrGr",104262,0,0,"ordesa",1,7
"ArtSurf",26,0,0,"ordesa",1,7
"Grass",21154,0,0,"ordesa",1,7
"HydroRipVeg",233,0,0,"ordesa",1,7
"MedSclF",4301,0,0,"ordesa",1,7
"RipF",874,0,0,"ordesa",1,7
"RockScreeVeg",9863,0,0,"ordesa",1,7
"SMedMarF",1812,0,0,"ordesa",1,7
"Shrub",7815,0,0,"ordesa",1,7
"TempDecF",21294,0,0,"ordesa",1,7
"WaterSurf",20,0,0,"ordesa",1,7
"AlpConF",28937,0,0,"ordesa",1,8
"AlpScrGr",104944,0,0,"ordesa",1,8
"ArtSurf",26,0,0,"ordesa",1,8
"Grass",21154,0,0,"ordesa",1,8
"HydroRipVeg",263,0,0,"ordesa",1,8
"MedSclF",4300,0,0,"ordesa",1,8
"RipF",874,0,0,"ordesa",1,8
"RockScreeVeg",11345,0,0,"ordesa",1,8
"SMedMarF",1810,0,0,"ordesa",1,8
"Shrub",7807,0,0,"ordesa",1,8
"TempDecF",21266,0,0,"ordesa",1,8
"WaterSurf",115,0,0,"ordesa",1,8
"AlpConF",28538,0,0,"ordesa",1,9
"AlpScrGr",105456,0,0,"ordesa",1,9
"ArtSurf",26,0,0,"ordesa",1,9
"Grass",21154,0,0,"ordesa",1,9
"HydroRipVeg",269,0,0,"ordesa",1,9
"MedSclF",4283,0,0,"ordesa",1,9
"RipF",870,0,0,"ordesa",1,9
"RockScreeVeg",11379,0,0,"ordesa",1,9
"SMedMarF",1757,0,0,"ordesa",1,9
"Shrub",7719,0,0,"ordesa",1,9
"TempDecF",20868,0,0,"ordesa",1,9
"WaterSurf",89,0,0,"ordesa",1,9
"AlpConF",27643,0,0,"ordesa",1,10
"AlpScrGr",100960,0,0,"ordesa",1,10
"ArtSurf",26,0,0,"ordesa",1,10
"Grass",21116,0,0,"ordesa",1,10
"HydroRipVeg",204,0,0,"ordesa",1,10
"MedSclF",4251,0,0,"ordesa",1,10
"RipF",860,0,0,"ordesa",1,10
"RockScreeVeg",8803,0,0,"ordesa",1,10
"SMedMarF",1672,0,0,"ordesa",1,10
"Shrub",7599,0,0,"ordesa",1,10
"TempDecF",20208,0,0,"ordesa",1,10
"WaterSurf",20,0,0,"ordesa",1,10
"AlpConF",27604,0,0,"ordesa",1,11
"AlpScrGr",100100,0,0,"ordesa",1,11
"ArtSurf",26,0,0,"ordesa",1,11
"BareArea",2,0,0,"ordesa",1,11
"Grass",21102,0,0,"ordesa",1,11
"HydroRipVeg",204,0,0,"ordesa",1,11
"MedSclF",4249,0,0,"ordesa",1,11
"RipF",860,0,0,"ordesa",1,11
"RockScreeVeg",8649,0,0,"ordesa",1,11
"SMedMarF",1645,0,0,"ordesa",1,11
"Shrub",7577,0,0,"ordesa",1,11
"TempDecF",20167,0,0,"ordesa",1,11
"WaterSurf",20,0,0,"ordesa",1,11
"AlpConF",27351,0,0,"ordesa",1,12
"AlpScrGr",99970,0,0,"ordesa",1,12
"ArtSurf",26,0,0,"ordesa",1,12
"Grass",21101,0,0,"ordesa",1,12
"HydroRipVeg",204,0,0,"ordesa",1,12
"MedSclF",4190,0,0,"ordesa",1,12
"RipF",854,0,0,"ordesa",1,12
"RockScreeVeg",8568,0,0,"ordesa",1,12
"SMedMarF",1625,0,0,"ordesa",1,12
"Shrub",7507,0,0,"ordesa",1,12
"TempDecF",19766,0,0,"ordesa",1,12
"WaterSurf",20,0,0,"ordesa",1,12
"AlpConF",27586,0,0,"ordesa",3,1
"AlpScrGr",100261,0,0,"ordesa",3,1
"ArtSurf",26,0,0,"ordesa",3,1
"BareArea",3,0,0,"ordesa",3,1
"Grass",21109,0,0,"ordesa",3,1
"HydroRipVeg",204,0,0,"ordesa",3,1
"MedSclF",4221,0,0,"ordesa",3,1
"RipF",860,0,0,"ordesa",3,1
"RockScreeVeg",8836,0,0,"ordesa",3,1
"SMedMarF",1656,0,0,"ordesa",3,1
"Shrub",7570,0,0,"ordesa",3,1
"TempDecF",20036,0,0,"ordesa",3,1
"WaterSurf",20,0,0,"ordesa",3,1
"AlpConF",27603,1,0,"ordesa",3,2
"AlpScrGr",102251,0,0,"ordesa",3,2
"ArtSurf",26,0,0,"ordesa",3,2
"BareArea",203,0,0,"ordesa",3,2
"Grass",21113,10,0.05,"ordesa",3,2
"HydroRipVeg",214,0,0,"ordesa",3,2
"MedSclF",4236,0,0,"ordesa",3,2
"RipF",860,0,0,"ordesa",3,2
"RockScreeVeg",13046,0,0,"ordesa",3,2
"SMedMarF",1671,0,0,"ordesa",3,2
"Shrub",7575,0,0,"ordesa",3,2
"TempDecF",20084,0,0,"ordesa",3,2
"WaterSurf",68,0,0,"ordesa",3,2
"AlpConF",27618,0,0,"ordesa",3,3
"AlpScrGr",101805,0,0,"ordesa",3,3
"ArtSurf",26,0,0,"ordesa",3,3
"BareArea",493,0,0,"ordesa",3,3
"Grass",21113,0,0,"ordesa",3,3
"HydroRipVeg",207,0,0,"ordesa",3,3
"MedSclF",4251,0,0,"ordesa",3,3
"RipF",860,0,0,"ordesa",3,3
"RockScreeVeg",11546,0,0,"ordesa",3,3
"SMedMarF",1671,0,0,"ordesa",3,3
"Shrub",7598,0,0,"ordesa",3,3
"TempDecF",20202,0,0,"ordesa",3,3
"WaterSurf",32,0,0,"ordesa",3,3
"AlpConF",27612,0,0,"ordesa",3,4
"AlpScrGr",99996,0,0,"ordesa",3,4
"ArtSurf",26,0,0,"ordesa",3,4
"Grass",21111,0,0,"ordesa",3,4
"HydroRipVeg",204,0,0,"ordesa",3,4
"MedSclF",4251,0,0,"ordesa",3,4
"RipF",860,0,0,"ordesa",3,4
"RockScreeVeg",8573,0,0,"ordesa",3,4
"SMedMarF",1671,0,0,"ordesa",3,4
"Shrub",7601,0,0,"ordesa",3,4
"TempDecF",20198,0,0,"ordesa",3,4
"WaterSurf",20,0,0,"ordesa",3,4
"AlpConF",28066,22,0.08,"ordesa",3,5
"AlpScrGr",98680,2172,2.2,"ordesa",3,5
"ArtSurf",26,0,0,"ordesa",3,5
"Grass",21108,476,2.26,"ordesa",3,5
"HydroRipVeg",154,0,0,"ordesa",3,5
"MedSclF",4268,0,0,"ordesa",3,5
"RipF",865,0,0,"ordesa",3,5
"RockScreeVeg",8425,12,0.14,"ordesa",3,5
"SMedMarF",1749,0,0,"ordesa",3,5
"Shrub",7687,52,0.68,"ordesa",3,5
"TempDecF",20584,1,0,"ordesa",3,5
"WaterSurf",20,0,0,"ordesa",3,5
"AlpConF",28021,0,0,"ordesa",3,6
"AlpScrGr",100050,0,0,"ordesa",3,6
"ArtSurf",26,0,0,"ordesa",3,6
"Grass",21113,0,0,"ordesa",3,6
"HydroRipVeg",204,0,0,"ordesa",3,6
"MedSclF",4300,0,0,"ordesa",3,6
"RipF",866,0,0,"ordesa",3,6
"RockScreeVeg",8576,0,0,"ordesa",3,6
"SMedMarF",1746,0,0,"ordesa",3,6
"Shrub",7723,0,0,"ordesa",3,6
"TempDecF",20580,0,0,"ordesa",3,6
"WaterSurf",20,0,0,"ordesa",3,6
"AlpConF",28948,0,0,"ordesa",3,7
"AlpScrGr",104262,0,0,"ordesa",3,7
"ArtSurf",26,0,0,"ordesa",3,7
"Grass",21154,0,0,"ordesa",3,7
"HydroRipVeg",233,0,0,"ordesa",3,7
"MedSclF",4301,0,0,"ordesa",3,7
"RipF",874,0,0,"ordesa",3,7
"RockScreeVeg",9863,0,0,"ordesa",3,7
"SMedMarF",1812,0,0,"ordesa",3,7
"Shrub",7815,0,0,"ordesa",3,7
"TempDecF",21294,0,0,"ordesa",3,7
"WaterSurf",20,0,0,"ordesa",3,7
"AlpConF",28937,0,0,"ordesa",3,8
"AlpScrGr",104944,0,0,"ordesa",3,8
"ArtSurf",26,0,0,"ordesa",3,8
"Grass",21154,0,0,"ordesa",3,8
"HydroRipVeg",263,0,0,"ordesa",3,8
"MedSclF",4300,0,0,"ordesa",3,8
"RipF",874,0,0,"ordesa",3,8
"RockScreeVeg",11345,0,0,"ordesa",3,8
"SMedMarF",1810,0,0,"ordesa",3,8
"Shrub",7807,0,0,"ordesa",3,8
"TempDecF",21266,0,0,"ordesa",3,8
"WaterSurf",115,0,0,"ordesa",3,8
"AlpConF",28538,0,0,"ordesa",3,9
"AlpScrGr",105456,0,0,"ordesa",3,9
"ArtSurf",26,0,0,"ordesa",3,9
"Grass",21154,0,0,"ordesa",3,9
"HydroRipVeg",269,0,0,"ordesa",3,9
"MedSclF",4283,0,0,"ordesa",3,9
"RipF",870,0,0,"ordesa",3,9
"RockScreeVeg",11379,0,0,"ordesa",3,9
"SMedMarF",1757,0,0,"ordesa",3,9
"Shrub",7719,0,0,"ordesa",3,9
"TempDecF",20868,0,0,"ordesa",3,9
"WaterSurf",89,0,0,"ordesa",3,9
"AlpConF",27643,0,0,"ordesa",3,10
"AlpScrGr",100960,0,0,"ordesa",3,10
"ArtSurf",26,0,0,"ordesa",3,10
"Grass",21116,0,0,"ordesa",3,10
"HydroRipVeg",204,0,0,"ordesa",3,10
"MedSclF",4251,0,0,"ordesa",3,10
"RipF",860,0,0,"ordesa",3,10
"RockScreeVeg",8803,0,0,"ordesa",3,10
"SMedMarF",1672,0,0,"ordesa",3,10
"Shrub",7599,0,0,"ordesa",3,10
"TempDecF",20208,0,0,"ordesa",3,10
"WaterSurf",20,0,0,"ordesa",3,10
"AlpConF",27604,0,0,"ordesa",3,11
"AlpScrGr",100100,0,0,"ordesa",3,11
"ArtSurf",26,0,0,"ordesa",3,11
"BareArea",2,0,0,"ordesa",3,11
"Grass",21102,0,0,"ordesa",3,11
"HydroRipVeg",204,0,0,"ordesa",3,11
"MedSclF",4249,0,0,"ordesa",3,11
"RipF",860,0,0,"ordesa",3,11
"RockScreeVeg",8649,0,0,"ordesa",3,11
"SMedMarF",1645,0,0,"ordesa",3,11
"Shrub",7577,0,0,"ordesa",3,11
"TempDecF",20167,0,0,"ordesa",3,11
"WaterSurf",20,0,0,"ordesa",3,11
"AlpConF",27351,0,0,"ordesa",3,12
"AlpScrGr",99970,3,0,"ordesa",3,12
"ArtSurf",26,0,0,"ordesa",3,12
"Grass",21101,0,0,"ordesa",3,12
"HydroRipVeg",204,0,0,"ordesa",3,12
"MedSclF",4190,0,0,"ordesa",3,12
"RipF",854,0,0,"ordesa",3,12
"RockScreeVeg",8568,0,0,"ordesa",3,12
"SMedMarF",1625,0,0,"ordesa",3,12
"Shrub",7507,0,0,"ordesa",3,12
"TempDecF",19766,0,0,"ordesa",3,12
"WaterSurf",20,0,0,"ordesa",3,12
"AlpConF",27586,174,0.63,"ordesa",6,1
"AlpScrGr",100261,4261,4.25,"ordesa",6,1
"ArtSurf",26,0,0,"ordesa",6,1
"BareArea",3,0,0,"ordesa",6,1
"Grass",21109,1832,8.68,"ordesa",6,1
"HydroRipVeg",204,0,0,"ordesa",6,1
"MedSclF",4221,0,0,"ordesa",6,1
"RipF",860,15,1.74,"ordesa",6,1
"RockScreeVeg",8836,72,0.81,"ordesa",6,1
"SMedMarF",1656,30,1.81,"ordesa",6,1
"Shrub",7570,325,4.29,"ordesa",6,1
"TempDecF",20036,98,0.49,"ordesa",6,1
"WaterSurf",20,0,0,"ordesa",6,1
"AlpConF",27603,0,0,"ordesa",6,2
"AlpScrGr",102251,0,0,"ordesa",6,2
"ArtSurf",26,0,0,"ordesa",6,2
"BareArea",203,0,0,"ordesa",6,2
"Grass",21113,0,0,"ordesa",6,2
"HydroRipVeg",214,0,0,"ordesa",6,2
"MedSclF",4236,0,0,"ordesa",6,2
"RipF",860,0,0,"ordesa",6,2
"RockScreeVeg",13046,0,0,"ordesa",6,2
"SMedMarF",1671,0,0,"ordesa",6,2
"Shrub",7575,0,0,"ordesa",6,2
"TempDecF",20084,0,0,"ordesa",6,2
"WaterSurf",68,0,0,"ordesa",6,2
"AlpConF",27618,0,0,"ordesa",6,3
"AlpScrGr",101805,0,0,"ordesa",6,3
"ArtSurf",26,0,0,"ordesa",6,3
"BareArea",493,0,0,"ordesa",6,3
"Grass",21113,0,0,"ordesa",6,3
"HydroRipVeg",207,0,0,"ordesa",6,3
"MedSclF",4251,0,0,"ordesa",6,3
"RipF",860,0,0,"ordesa",6,3
"RockScreeVeg",11546,0,0,"ordesa",6,3
"SMedMarF",1671,0,0,"ordesa",6,3
"Shrub",7598,0,0,"ordesa",6,3
"TempDecF",20202,0,0,"ordesa",6,3
"WaterSurf",32,0,0,"ordesa",6,3
"AlpConF",27612,0,0,"ordesa",6,4
"AlpScrGr",99996,0,0,"ordesa",6,4
"ArtSurf",26,0,0,"ordesa",6,4
"Grass",21111,0,0,"ordesa",6,4
"HydroRipVeg",204,0,0,"ordesa",6,4
"MedSclF",4251,0,0,"ordesa",6,4
"RipF",860,0,0,"ordesa",6,4
"RockScreeVeg",8573,0,0,"ordesa",6,4
"SMedMarF",1671,0,0,"ordesa",6,4
"Shrub",7601,0,0,"ordesa",6,4
"TempDecF",20198,0,0,"ordesa",6,4
"WaterSurf",20,0,0,"ordesa",6,4
"AlpConF",28066,0,0,"ordesa",6,5
"AlpScrGr",98680,0,0,"ordesa",6,5
"ArtSurf",26,0,0,"ordesa",6,5
"Grass",21108,0,0,"ordesa",6,5
"HydroRipVeg",154,0,0,"ordesa",6,5
"MedSclF",4268,0,0,"ordesa",6,5
"RipF",865,0,0,"ordesa",6,5
"RockScreeVeg",8425,0,0,"ordesa",6,5
"SMedMarF",1749,0,0,"ordesa",6,5
"Shrub",7687,0,0,"ordesa",6,5
"TempDecF",20584,0,0,"ordesa",6,5
"WaterSurf",20,0,0,"ordesa",6,5
"AlpConF",28021,0,0,"ordesa",6,6
"AlpScrGr",100050,1,0,"ordesa",6,6
"ArtSurf",26,0,0,"ordesa",6,6
"Grass",21113,0,0,"ordesa",6,6
"HydroRipVeg",204,0,0,"ordesa",6,6
"MedSclF",4300,0,0,"ordesa",6,6
"RipF",866,0,0,"ordesa",6,6
"RockScreeVeg",8576,0,0,"ordesa",6,6
"SMedMarF",1746,0,0,"ordesa",6,6
"Shrub",7723,0,0,"ordesa",6,6
"TempDecF",20580,0,0,"ordesa",6,6
"WaterSurf",20,0,0,"ordesa",6,6
"AlpConF",28948,0,0,"ordesa",6,7
"AlpScrGr",104262,104,0.1,"ordesa",6,7
"ArtSurf",26,0,0,"ordesa",6,7
"Grass",21154,0,0,"ordesa",6,7
"HydroRipVeg",233,0,0,"ordesa",6,7
"MedSclF",4301,0,0,"ordesa",6,7
"RipF",874,0,0,"ordesa",6,7
"RockScreeVeg",9863,2,0.02,"ordesa",6,7
"SMedMarF",1812,0,0,"ordesa",6,7
"Shrub",7815,0,0,"ordesa",6,7
"TempDecF",21294,0,0,"ordesa",6,7
"WaterSurf",20,0,0,"ordesa",6,7
"AlpConF",28937,0,0,"ordesa",6,8
"AlpScrGr",104944,0,0,"ordesa",6,8
"ArtSurf",26,0,0,"ordesa",6,8
"Grass",21154,0,0,"ordesa",6,8
"HydroRipVeg",263,0,0,"ordesa",6,8
"MedSclF",4300,0,0,"ordesa",6,8
"RipF",874,0,0,"ordesa",6,8
"RockScreeVeg",11345,0,0,"ordesa",6,8
"SMedMarF",1810,0,0,"ordesa",6,8
"Shrub",7807,0,0,"ordesa",6,8
"TempDecF",21266,0,0,"ordesa",6,8
"WaterSurf",115,0,0,"ordesa",6,8
"AlpConF",28538,0,0,"ordesa",6,9
"AlpScrGr",105456,0,0,"ordesa",6,9
"ArtSurf",26,0,0,"ordesa",6,9
"Grass",21154,0,0,"ordesa",6,9
"HydroRipVeg",269,0,0,"ordesa",6,9
"MedSclF",4283,0,0,"ordesa",6,9
"RipF",870,0,0,"ordesa",6,9
"RockScreeVeg",11379,0,0,"ordesa",6,9
"SMedMarF",1757,0,0,"ordesa",6,9
"Shrub",7719,0,0,"ordesa",6,9
"TempDecF",20868,0,0,"ordesa",6,9
"WaterSurf",89,0,0,"ordesa",6,9
"AlpConF",27643,0,0,"ordesa",6,10
"AlpScrGr",100960,0,0,"ordesa",6,10
"ArtSurf",26,0,0,"ordesa",6,10
"Grass",21116,0,0,"ordesa",6,10
"HydroRipVeg",204,0,0,"ordesa",6,10
"MedSclF",4251,0,0,"ordesa",6,10
"RipF",860,0,0,"ordesa",6,10
"RockScreeVeg",8803,1,0.01,"ordesa",6,10
"SMedMarF",1672,0,0,"ordesa",6,10
"Shrub",7599,0,0,"ordesa",6,10
"TempDecF",20208,0,0,"ordesa",6,10
"WaterSurf",20,0,0,"ordesa",6,10
"AlpConF",27604,0,0,"ordesa",6,11
"AlpScrGr",100100,0,0,"ordesa",6,11
"ArtSurf",26,0,0,"ordesa",6,11
"BareArea",2,0,0,"ordesa",6,11
"Grass",21102,0,0,"ordesa",6,11
"HydroRipVeg",204,0,0,"ordesa",6,11
"MedSclF",4249,0,0,"ordesa",6,11
"RipF",860,0,0,"ordesa",6,11
"RockScreeVeg",8649,0,0,"ordesa",6,11
"SMedMarF",1645,0,0,"ordesa",6,11
"Shrub",7577,0,0,"ordesa",6,11
"TempDecF",20167,0,0,"ordesa",6,11
"WaterSurf",20,0,0,"ordesa",6,11
"AlpConF",27351,0,0,"ordesa",6,12
"AlpScrGr",99970,0,0,"ordesa",6,12
"ArtSurf",26,0,0,"ordesa",6,12
"Grass",21101,0,0,"ordesa",6,12
"HydroRipVeg",204,0,0,"ordesa",6,12
"MedSclF",4190,0,0,"ordesa",6,12
"RipF",854,0,0,"ordesa",6,12
"RockScreeVeg",8568,0,0,"ordesa",6,12
"SMedMarF",1625,0,0,"ordesa",6,12
"Shrub",7507,0,0,"ordesa",6,12
"TempDecF",19766,0,0,"ordesa",6,12
"WaterSurf",20,0,0,"ordesa",6,12
"AlpConF",27586,0,0,"ordesa",9,1
"AlpScrGr",100261,0,0,"ordesa",9,1
"ArtSurf",26,0,0,"ordesa",9,1
"BareArea",3,0,0,"ordesa",9,1
"Grass",21109,0,0,"ordesa",9,1
"HydroRipVeg",204,0,0,"ordesa",9,1
"MedSclF",4221,0,0,"ordesa",9,1
"RipF",860,0,0,"ordesa",9,1
"RockScreeVeg",8836,0,0,"ordesa",9,1
"SMedMarF",1656,0,0,"ordesa",9,1
"Shrub",7570,0,0,"ordesa",9,1
"TempDecF",20036,0,0,"ordesa",9,1
"WaterSurf",20,0,0,"ordesa",9,1
"AlpConF",27603,0,0,"ordesa",9,2
"AlpScrGr",102251,0,0,"ordesa",9,2
"ArtSurf",26,0,0,"ordesa",9,2
"BareArea",203,0,0,"ordesa",9,2
"Grass",21113,0,0,"ordesa",9,2
"HydroRipVeg",214,0,0,"ordesa",9,2
"MedSclF",4236,0,0,"ordesa",9,2
"RipF",860,0,0,"ordesa",9,2
"RockScreeVeg",13046,0,0,"ordesa",9,2
"SMedMarF",1671,0,0,"ordesa",9,2
"Shrub",7575,0,0,"ordesa",9,2
"TempDecF",20084,0,0,"ordesa",9,2
"WaterSurf",68,0,0,"ordesa",9,2
"AlpConF",27618,0,0,"ordesa",9,3
"AlpScrGr",101805,0,0,"ordesa",9,3
"ArtSurf",26,0,0,"ordesa",9,3
"BareArea",493,0,0,"ordesa",9,3
"Grass",21113,0,0,"ordesa",9,3
"HydroRipVeg",207,0,0,"ordesa",9,3
"MedSclF",4251,0,0,"ordesa",9,3
"RipF",860,0,0,"ordesa",9,3
"RockScreeVeg",11546,0,0,"ordesa",9,3
"SMedMarF",1671,0,0,"ordesa",9,3
"Shrub",7598,0,0,"ordesa",9,3
"TempDecF",20202,0,0,"ordesa",9,3
"WaterSurf",32,0,0,"ordesa",9,3
"AlpConF",27612,0,0,"ordesa",9,4
"AlpScrGr",99996,0,0,"ordesa",9,4
"ArtSurf",26,0,0,"ordesa",9,4
"Grass",21111,0,0,"ordesa",9,4
"HydroRipVeg",204,0,0,"ordesa",9,4
"MedSclF",4251,0,0,"ordesa",9,4
"RipF",860,0,0,"ordesa",9,4
"RockScreeVeg",8573,0,0,"ordesa",9,4
"SMedMarF",1671,0,0,"ordesa",9,4
"Shrub",7601,0,0,"ordesa",9,4
"TempDecF",20198,0,0,"ordesa",9,4
"WaterSurf",20,0,0,"ordesa",9,4
"AlpConF",28066,0,0,"ordesa",9,5
"AlpScrGr",98680,0,0,"ordesa",9,5
"ArtSurf",26,0,0,"ordesa",9,5
"Grass",21108,0,0,"ordesa",9,5
"HydroRipVeg",154,0,0,"ordesa",9,5
"MedSclF",4268,0,0,"ordesa",9,5
"RipF",865,0,0,"ordesa",9,5
"RockScreeVeg",8425,0,0,"ordesa",9,5
"SMedMarF",1749,0,0,"ordesa",9,5
"Shrub",7687,0,0,"ordesa",9,5
"TempDecF",20584,0,0,"ordesa",9,5
"WaterSurf",20,0,0,"ordesa",9,5
"AlpConF",28021,0,0,"ordesa",9,6
"AlpScrGr",100050,1,0,"ordesa",9,6
"ArtSurf",26,0,0,"ordesa",9,6
"Grass",21113,0,0,"ordesa",9,6
"HydroRipVeg",204,0,0,"ordesa",9,6
"MedSclF",4300,0,0,"ordesa",9,6
"RipF",866,0,0,"ordesa",9,6
"RockScreeVeg",8576,0,0,"ordesa",9,6
"SMedMarF",1746,0,0,"ordesa",9,6
"Shrub",7723,0,0,"ordesa",9,6
"TempDecF",20580,0,0,"ordesa",9,6
"WaterSurf",20,0,0,"ordesa",9,6
"AlpConF",28948,0,0,"ordesa",9,7
"AlpScrGr",104262,339,0.33,"ordesa",9,7
"ArtSurf",26,0,0,"ordesa",9,7
"Grass",21154,5,0.02,"ordesa",9,7
"HydroRipVeg",233,0,0,"ordesa",9,7
"MedSclF",4301,0,0,"ordesa",9,7
"RipF",874,0,0,"ordesa",9,7
"RockScreeVeg",9863,1,0.01,"ordesa",9,7
"SMedMarF",1812,0,0,"ordesa",9,7
"Shrub",7815,0,0,"ordesa",9,7
"TempDecF",21294,0,0,"ordesa",9,7
"WaterSurf",20,0,0,"ordesa",9,7
"AlpConF",28937,0,0,"ordesa",9,8
"AlpScrGr",104944,0,0,"ordesa",9,8
"ArtSurf",26,0,0,"ordesa",9,8
"Grass",21154,0,0,"ordesa",9,8
"HydroRipVeg",263,0,0,"ordesa",9,8
"MedSclF",4300,0,0,"ordesa",9,8
"RipF",874,0,0,"ordesa",9,8
"RockScreeVeg",11345,0,0,"ordesa",9,8
"SMedMarF",1810,0,0,"ordesa",9,8
"Shrub",7807,0,0,"ordesa",9,8
"TempDecF",21266,0,0,"ordesa",9,8
"WaterSurf",115,0,0,"ordesa",9,8
"AlpConF",28538,0,0,"ordesa",9,9
"AlpScrGr",105456,0,0,"ordesa",9,9
"ArtSurf",26,0,0,"ordesa",9,9
"Grass",21154,0,0,"ordesa",9,9
"HydroRipVeg",269,0,0,"ordesa",9,9
"MedSclF",4283,0,0,"ordesa",9,9
"RipF",870,0,0,"ordesa",9,9
"RockScreeVeg",11379,0,0,"ordesa",9,9
"SMedMarF",1757,0,0,"ordesa",9,9
"Shrub",7719,0,0,"ordesa",9,9
"TempDecF",20868,0,0,"ordesa",9,9
"WaterSurf",89,0,0,"ordesa",9,9
"AlpConF",27643,0,0,"ordesa",9,10
"AlpScrGr",100960,0,0,"ordesa",9,10
"ArtSurf",26,0,0,"ordesa",9,10
"Grass",21116,0,0,"ordesa",9,10
"HydroRipVeg",204,0,0,"ordesa",9,10
"MedSclF",4251,0,0,"ordesa",9,10
"RipF",860,0,0,"ordesa",9,10
"RockScreeVeg",8803,0,0,"ordesa",9,10
"SMedMarF",1672,0,0,"ordesa",9,10
"Shrub",7599,0,0,"ordesa",9,10
"TempDecF",20208,0,0,"ordesa",9,10
"WaterSurf",20,0,0,"ordesa",9,10
"AlpConF",27604,0,0,"ordesa",9,11
"AlpScrGr",100100,0,0,"ordesa",9,11
"ArtSurf",26,0,0,"ordesa",9,11
"BareArea",2,0,0,"ordesa",9,11
"Grass",21102,0,0,"ordesa",9,11
"HydroRipVeg",204,0,0,"ordesa",9,11
"MedSclF",4249,0,0,"ordesa",9,11
"RipF",860,0,0,"ordesa",9,11
"RockScreeVeg",8649,0,0,"ordesa",9,11
"SMedMarF",1645,0,0,"ordesa",9,11
"Shrub",7577,0,0,"ordesa",9,11
"TempDecF",20167,0,0,"ordesa",9,11
"WaterSurf",20,0,0,"ordesa",9,11
"AlpConF",27351,0,0,"ordesa",9,12
"AlpScrGr",99970,3,0,"ordesa",9,12
"ArtSurf",26,0,0,"ordesa",9,12
"Grass",21101,0,0,"ordesa",9,12
"HydroRipVeg",204,0,0,"ordesa",9,12
"MedSclF",4190,0,0,"ordesa",9,12
"RipF",854,0,0,"ordesa",9,12
"RockScreeVeg",8568,0,0,"ordesa",9,12
"SMedMarF",1625,0,0,"ordesa",9,12
"Shrub",7507,0,0,"ordesa",9,12
"TempDecF",19766,0,0,"ordesa",9,12
"WaterSurf",20,0,0,"ordesa",9,12
"AlpConF",27586,0,0,"ordesa",12,1
"AlpScrGr",100261,0,0,"ordesa",12,1
"ArtSurf",26,0,0,"ordesa",12,1
"BareArea",3,0,0,"ordesa",12,1
"Grass",21109,0,0,"ordesa",12,1
"HydroRipVeg",204,0,0,"ordesa",12,1
"MedSclF",4221,0,0,"ordesa",12,1
"RipF",860,0,0,"ordesa",12,1
"RockScreeVeg",8836,0,0,"ordesa",12,1
"SMedMarF",1656,0,0,"ordesa",12,1
"Shrub",7570,0,0,"ordesa",12,1
"TempDecF",20036,0,0,"ordesa",12,1
"WaterSurf",20,0,0,"ordesa",12,1
"AlpConF",27603,0,0,"ordesa",12,2
"AlpScrGr",102251,0,0,"ordesa",12,2
"ArtSurf",26,0,0,"ordesa",12,2
"BareArea",203,0,0,"ordesa",12,2
"Grass",21113,0,0,"ordesa",12,2
"HydroRipVeg",214,0,0,"ordesa",12,2
"MedSclF",4236,0,0,"ordesa",12,2
"RipF",860,0,0,"ordesa",12,2
"RockScreeVeg",13046,0,0,"ordesa",12,2
"SMedMarF",1671,0,0,"ordesa",12,2
"Shrub",7575,0,0,"ordesa",12,2
"TempDecF",20084,0,0,"ordesa",12,2
"WaterSurf",68,0,0,"ordesa",12,2
"AlpConF",27618,0,0,"ordesa",12,3
"AlpScrGr",101805,0,0,"ordesa",12,3
"ArtSurf",26,0,0,"ordesa",12,3
"BareArea",493,0,0,"ordesa",12,3
"Grass",21113,0,0,"ordesa",12,3
"HydroRipVeg",207,0,0,"ordesa",12,3
"MedSclF",4251,0,0,"ordesa",12,3
"RipF",860,0,0,"ordesa",12,3
"RockScreeVeg",11546,0,0,"ordesa",12,3
"SMedMarF",1671,0,0,"ordesa",12,3
"Shrub",7598,0,0,"ordesa",12,3
"TempDecF",20202,0,0,"ordesa",12,3
"WaterSurf",32,0,0,"ordesa",12,3
"AlpConF",27612,0,0,"ordesa",12,4
"AlpScrGr",99996,0,0,"ordesa",12,4
"ArtSurf",26,0,0,"ordesa",12,4
"Grass",21111,0,0,"ordesa",12,4
"HydroRipVeg",204,0,0,"ordesa",12,4
"MedSclF",4251,0,0,"ordesa",12,4
"RipF",860,0,0,"ordesa",12,4
"RockScreeVeg",8573,0,0,"ordesa",12,4
"SMedMarF",1671,0,0,"ordesa",12,4
"Shrub",7601,0,0,"ordesa",12,4
"TempDecF",20198,0,0,"ordesa",12,4
"WaterSurf",20,0,0,"ordesa",12,4
"AlpConF",28066,0,0,"ordesa",12,5
"AlpScrGr",98680,0,0,"ordesa",12,5
"ArtSurf",26,0,0,"ordesa",12,5
"Grass",21108,0,0,"ordesa",12,5
"HydroRipVeg",154,0,0,"ordesa",12,5
"MedSclF",4268,0,0,"ordesa",12,5
"RipF",865,0,0,"ordesa",12,5
"RockScreeVeg",8425,0,0,"ordesa",12,5
"SMedMarF",1749,0,0,"ordesa",12,5
"Shrub",7687,0,0,"ordesa",12,5
"TempDecF",20584,0,0,"ordesa",12,5
"WaterSurf",20,0,0,"ordesa",12,5
"AlpConF",28021,0,0,"ordesa",12,6
"AlpScrGr",100050,1,0,"ordesa",12,6
"ArtSurf",26,0,0,"ordesa",12,6
"Grass",21113,0,0,"ordesa",12,6
"HydroRipVeg",204,0,0,"ordesa",12,6
"MedSclF",4300,0,0,"ordesa",12,6
"RipF",866,0,0,"ordesa",12,6
"RockScreeVeg",8576,0,0,"ordesa",12,6
"SMedMarF",1746,0,0,"ordesa",12,6
"Shrub",7723,0,0,"ordesa",12,6
"TempDecF",20580,0,0,"ordesa",12,6
"WaterSurf",20,0,0,"ordesa",12,6
"AlpConF",28948,0,0,"ordesa",12,7
"AlpScrGr",104262,0,0,"ordesa",12,7
"ArtSurf",26,0,0,"ordesa",12,7
"Grass",21154,0,0,"ordesa",12,7
"HydroRipVeg",233,0,0,"ordesa",12,7
"MedSclF",4301,0,0,"ordesa",12,7
"RipF",874,0,0,"ordesa",12,7
"RockScreeVeg",9863,0,0,"ordesa",12,7
"SMedMarF",1812,0,0,"ordesa",12,7
"Shrub",7815,0,0,"ordesa",12,7
"TempDecF",21294,0,0,"ordesa",12,7
"WaterSurf",20,0,0,"ordesa",12,7
"AlpConF",28937,0,0,"ordesa",12,8
"AlpScrGr",104944,0,0,"ordesa",12,8
"ArtSurf",26,0,0,"ordesa",12,8
"Grass",21154,0,0,"ordesa",12,8
"HydroRipVeg",263,0,0,"ordesa",12,8
"MedSclF",4300,0,0,"ordesa",12,8
"RipF",874,0,0,"ordesa",12,8
"RockScreeVeg",11345,0,0,"ordesa",12,8
"SMedMarF",1810,0,0,"ordesa",12,8
"Shrub",7807,0,0,"ordesa",12,8
"TempDecF",21266,0,0,"ordesa",12,8
"WaterSurf",115,0,0,"ordesa",12,8
"AlpConF",28538,0,0,"ordesa",12,9
"AlpScrGr",105456,0,0,"ordesa",12,9
"ArtSurf",26,0,0,"ordesa",12,9
"Grass",21154,0,0,"ordesa",12,9
"HydroRipVeg",269,0,0,"ordesa",12,9
"MedSclF",4283,0,0,"ordesa",12,9
"RipF",870,0,0,"ordesa",12,9
"RockScreeVeg",11379,0,0,"ordesa",12,9
"SMedMarF",1757,0,0,"ordesa",12,9
"Shrub",7719,0,0,"ordesa",12,9
"TempDecF",20868,0,0,"ordesa",12,9
"WaterSurf",89,0,0,"ordesa",12,9
"AlpConF",27643,0,0,"ordesa",12,10
"AlpScrGr",100960,0,0,"ordesa",12,10
"ArtSurf",26,0,0,"ordesa",12,10
"Grass",21116,0,0,"ordesa",12,10
"HydroRipVeg",204,0,0,"ordesa",12,10
"MedSclF",4251,0,0,"ordesa",12,10
"RipF",860,0,0,"ordesa",12,10
"RockScreeVeg",8803,0,0,"ordesa",12,10
"SMedMarF",1672,0,0,"ordesa",12,10
"Shrub",7599,0,0,"ordesa",12,10
"TempDecF",20208,0,0,"ordesa",12,10
"WaterSurf",20,0,0,"ordesa",12,10
"AlpConF",27604,0,0,"ordesa",12,11
"AlpScrGr",100100,0,0,"ordesa",12,11
"ArtSurf",26,0,0,"ordesa",12,11
"BareArea",2,0,0,"ordesa",12,11
"Grass",21102,0,0,"ordesa",12,11
"HydroRipVeg",204,0,0,"ordesa",12,11
"MedSclF",4249,0,0,"ordesa",12,11
"RipF",860,0,0,"ordesa",12,11
"RockScreeVeg",8649,0,0,"ordesa",12,11
"SMedMarF",1645,0,0,"ordesa",12,11
"Shrub",7577,0,0,"ordesa",12,11
"TempDecF",20167,0,0,"ordesa",12,11
"WaterSurf",20,0,0,"ordesa",12,11
"AlpConF",27351,0,0,"ordesa",12,12
"AlpScrGr",99970,0,0,"ordesa",12,12
"ArtSurf",26,0,0,"ordesa",12,12
"Grass",21101,0,0,"ordesa",12,12
"HydroRipVeg",204,0,0,"ordesa",12,12
"MedSclF",4190,0,0,"ordesa",12,12
"RipF",854,0,0,"ordesa",12,12
"RockScreeVeg",8568,0,0,"ordesa",12,12
"SMedMarF",1625,0,0,"ordesa",12,12
"Shrub",7507,0,0,"ordesa",12,12
"TempDecF",19766,0,0,"ordesa",12,12
"WaterSurf",20,0,0,"ordesa",12,12
"AlpScrGr",483629,0,0,"picoseuropa",1,1
"ArtSurf",2496,0,0,"picoseuropa",1,1
"AtlScrub",36465,0,0,"picoseuropa",1,1
"Crop",230,0,0,"picoseuropa",1,1
"Dehesa",60,0,0,"picoseuropa",1,1
"Grass",143161,0,0,"picoseuropa",1,1
"HydroRipVeg",808,0,0,"picoseuropa",1,1
"MedSclF",4576,0,0,"picoseuropa",1,1
"MedScrub",14993,0,0,"picoseuropa",1,1
"Reforestation",1264,0,0,"picoseuropa",1,1
"RipF",952,0,0,"picoseuropa",1,1
"RockScreeVeg",1117,0,0,"picoseuropa",1,1
"SMedMarF",8457,0,0,"picoseuropa",1,1
"Shrub",1579,0,0,"picoseuropa",1,1
"TempDecF",253477,0,0,"picoseuropa",1,1
"WaterSurf",715,0,0,"picoseuropa",1,1
"AlpScrGr",487132,195865,40.21,"picoseuropa",1,2
"ArtSurf",2509,1408,56.12,"picoseuropa",1,2
"AtlScrub",36902,26919,72.95,"picoseuropa",1,2
"Crop",230,103,44.78,"picoseuropa",1,2
"Dehesa",71,6,8.45,"picoseuropa",1,2
"Grass",144344,95595,66.23,"picoseuropa",1,2
"HydroRipVeg",811,433,53.39,"picoseuropa",1,2
"MedSclF",5374,951,17.7,"picoseuropa",1,2
"MedScrub",15105,9863,65.3,"picoseuropa",1,2
"Reforestation",1269,209,16.47,"picoseuropa",1,2
"RipF",953,672,70.51,"picoseuropa",1,2
"RockScreeVeg",1134,450,39.68,"picoseuropa",1,2
"SMedMarF",8552,4540,53.09,"picoseuropa",1,2
"Shrub",1597,895,56.04,"picoseuropa",1,2
"TempDecF",256029,165880,64.79,"picoseuropa",1,2
"WaterSurf",737,231,31.34,"picoseuropa",1,2
"AlpScrGr",487768,0,0,"picoseuropa",1,3
"ArtSurf",2510,0,0,"picoseuropa",1,3
"AtlScrub",36927,0,0,"picoseuropa",1,3
"Crop",230,0,0,"picoseuropa",1,3
"Dehesa",71,0,0,"picoseuropa",1,3
"Grass",144481,0,0,"picoseuropa",1,3
"HydroRipVeg",811,0,0,"picoseuropa",1,3
"MedSclF",5590,0,0,"picoseuropa",1,3
"MedScrub",15115,0,0,"picoseuropa",1,3
"Reforestation",1269,0,0,"picoseuropa",1,3
"RipF",953,0,0,"picoseuropa",1,3
"RockScreeVeg",1135,0,0,"picoseuropa",1,3
"SMedMarF",8558,0,0,"picoseuropa",1,3
"Shrub",1599,0,0,"picoseuropa",1,3
"TempDecF",256357,0,0,"picoseuropa",1,3
"WaterSurf",760,0,0,"picoseuropa",1,3
"AlpScrGr",487876,0,0,"picoseuropa",1,4
"ArtSurf",2511,0,0,"picoseuropa",1,4
"AtlScrub",36929,0,0,"picoseuropa",1,4
"Crop",230,0,0,"picoseuropa",1,4
"Dehesa",71,0,0,"picoseuropa",1,4
"Grass",144505,0,0,"picoseuropa",1,4
"HydroRipVeg",811,0,0,"picoseuropa",1,4
"MedSclF",5591,0,0,"picoseuropa",1,4
"MedScrub",15118,0,0,"picoseuropa",1,4
"Reforestation",1269,0,0,"picoseuropa",1,4
"RipF",953,0,0,"picoseuropa",1,4
"RockScreeVeg",1135,0,0,"picoseuropa",1,4
"SMedMarF",8558,0,0,"picoseuropa",1,4
"Shrub",1599,0,0,"picoseuropa",1,4
"TempDecF",256516,0,0,"picoseuropa",1,4
"WaterSurf",763,0,0,"picoseuropa",1,4
"AlpScrGr",487848,0,0,"picoseuropa",1,5
"ArtSurf",2511,0,0,"picoseuropa",1,5
"AtlScrub",36969,0,0,"picoseuropa",1,5
"Crop",230,0,0,"picoseuropa",1,5
"Dehesa",71,0,0,"picoseuropa",1,5
"Grass",144570,0,0,"picoseuropa",1,5
"HydroRipVeg",815,0,0,"picoseuropa",1,5
"MedSclF",5631,0,0,"picoseuropa",1,5
"MedScrub",15123,0,0,"picoseuropa",1,5
"Reforestation",1269,0,0,"picoseuropa",1,5
"RipF",953,0,0,"picoseuropa",1,5
"RockScreeVeg",1135,0,0,"picoseuropa",1,5
"SMedMarF",8558,0,0,"picoseuropa",1,5
"Shrub",1599,0,0,"picoseuropa",1,5
"TempDecF",256687,0,0,"picoseuropa",1,5
"WaterSurf",773,0,0,"picoseuropa",1,5
"AlpScrGr",487273,0,0,"picoseuropa",1,6
"ArtSurf",2511,0,0,"picoseuropa",1,6
"AtlScrub",36969,0,0,"picoseuropa",1,6
"Crop",230,0,0,"picoseuropa",1,6
"Dehesa",71,0,0,"picoseuropa",1,6
"Grass",144593,0,0,"picoseuropa",1,6
"HydroRipVeg",815,0,0,"picoseuropa",1,6
"MedSclF",5631,0,0,"picoseuropa",1,6
"MedScrub",15123,0,0,"picoseuropa",1,6
"Reforestation",1269,0,0,"picoseuropa",1,6
"RipF",953,0,0,"picoseuropa",1,6
"RockScreeVeg",1135,0,0,"picoseuropa",1,6
"SMedMarF",8558,0,0,"picoseuropa",1,6
"Shrub",1599,0,0,"picoseuropa",1,6
"TempDecF",256695,0,0,"picoseuropa",1,6
"WaterSurf",774,0,0,"picoseuropa",1,6
"AlpScrGr",497696,0,0,"picoseuropa",1,7
"ArtSurf",2619,0,0,"picoseuropa",1,7
"AtlScrub",36969,0,0,"picoseuropa",1,7
"Crop",230,0,0,"picoseuropa",1,7
"Dehesa",71,0,0,"picoseuropa",1,7
"Grass",144792,0,0,"picoseuropa",1,7
"HydroRipVeg",815,0,0,"picoseuropa",1,7
"MedSclF",5631,0,0,"picoseuropa",1,7
"MedScrub",15123,0,0,"picoseuropa",1,7
"Reforestation",1269,0,0,"picoseuropa",1,7
"RipF",953,0,0,"picoseuropa",1,7
"RockScreeVeg",1135,0,0,"picoseuropa",1,7
"SMedMarF",8558,0,0,"picoseuropa",1,7
"Shrub",1599,0,0,"picoseuropa",1,7
"TempDecF",256697,0,0,"picoseuropa",1,7
"WaterSurf",774,0,0,"picoseuropa",1,7
"AlpScrGr",504321,0,0,"picoseuropa",1,8
"ArtSurf",2548,0,0,"picoseuropa",1,8
"AtlScrub",36969,0,0,"picoseuropa",1,8
"Crop",230,0,0,"picoseuropa",1,8
"Dehesa",71,0,0,"picoseuropa",1,8
"Grass",144733,0,0,"picoseuropa",1,8
"HydroRipVeg",815,0,0,"picoseuropa",1,8
"MedSclF",5631,0,0,"picoseuropa",1,8
"MedScrub",15121,0,0,"picoseuropa",1,8
"Reforestation",1269,0,0,"picoseuropa",1,8
"RipF",953,0,0,"picoseuropa",1,8
"RockScreeVeg",1135,0,0,"picoseuropa",1,8
"SMedMarF",8558,0,0,"picoseuropa",1,8
"Shrub",1599,0,0,"picoseuropa",1,8
"TempDecF",256675,0,0,"picoseuropa",1,8
"WaterSurf",771,0,0,"picoseuropa",1,8
"AlpScrGr",522100,0,0,"picoseuropa",1,9
"ArtSurf",2727,0,0,"picoseuropa",1,9
"AtlScrub",36964,0,0,"picoseuropa",1,9
"Crop",230,0,0,"picoseuropa",1,9
"Dehesa",71,0,0,"picoseuropa",1,9
"Grass",144813,0,0,"picoseuropa",1,9
"HydroRipVeg",811,0,0,"picoseuropa",1,9
"MedSclF",5617,0,0,"picoseuropa",1,9
"MedScrub",15119,0,0,"picoseuropa",1,9
"Reforestation",1269,0,0,"picoseuropa",1,9
"RipF",953,0,0,"picoseuropa",1,9
"RockScreeVeg",1135,0,0,"picoseuropa",1,9
"SMedMarF",8558,0,0,"picoseuropa",1,9
"Shrub",1599,0,0,"picoseuropa",1,9
"TempDecF",256510,0,0,"picoseuropa",1,9
"WaterSurf",761,0,0,"picoseuropa",1,9
"AlpScrGr",503669,0,0,"picoseuropa",1,10
"ArtSurf",2512,0,0,"picoseuropa",1,10
"AtlScrub",36927,0,0,"picoseuropa",1,10
"Crop",230,0,0,"picoseuropa",1,10
"Dehesa",71,0,0,"picoseuropa",1,10
"Grass",144539,0,0,"picoseuropa",1,10
"HydroRipVeg",811,0,0,"picoseuropa",1,10
"MedSclF",5580,0,0,"picoseuropa",1,10
"MedScrub",15115,0,0,"picoseuropa",1,10
"Reforestation",1269,0,0,"picoseuropa",1,10
"RipF",953,0,0,"picoseuropa",1,10
"RockScreeVeg",1135,0,0,"picoseuropa",1,10
"SMedMarF",8558,0,0,"picoseuropa",1,10
"Shrub",1599,0,0,"picoseuropa",1,10
"TempDecF",256336,0,0,"picoseuropa",1,10
"WaterSurf",752,0,0,"picoseuropa",1,10
"AlpScrGr",486719,0,0,"picoseuropa",1,11
"ArtSurf",2510,0,0,"picoseuropa",1,11
"AtlScrub",36869,0,0,"picoseuropa",1,11
"Crop",230,0,0,"picoseuropa",1,11
"Dehesa",71,0,0,"picoseuropa",1,11
"Grass",144253,0,0,"picoseuropa",1,11
"HydroRipVeg",811,0,0,"picoseuropa",1,11
"MedSclF",5373,0,0,"picoseuropa",1,11
"MedScrub",15082,0,0,"picoseuropa",1,11
"Reforestation",1269,0,0,"picoseuropa",1,11
"RipF",953,0,0,"picoseuropa",1,11
"RockScreeVeg",1132,0,0,"picoseuropa",1,11
"SMedMarF",8555,0,0,"picoseuropa",1,11
"Shrub",1598,0,0,"picoseuropa",1,11
"TempDecF",255911,0,0,"picoseuropa",1,11
"WaterSurf",745,0,0,"picoseuropa",1,11
"AlpScrGr",482406,0,0,"picoseuropa",1,12
"ArtSurf",2498,0,0,"picoseuropa",1,12
"AtlScrub",36212,0,0,"picoseuropa",1,12
"Crop",230,0,0,"picoseuropa",1,12
"Dehesa",57,0,0,"picoseuropa",1,12
"Grass",142707,0,0,"picoseuropa",1,12
"HydroRipVeg",802,0,0,"picoseuropa",1,12
"MedSclF",4578,0,0,"picoseuropa",1,12
"MedScrub",14918,0,0,"picoseuropa",1,12
"Reforestation",1266,0,0,"picoseuropa",1,12
"RipF",953,0,0,"picoseuropa",1,12
"RockScreeVeg",1099,0,0,"picoseuropa",1,12
"SMedMarF",8419,0,0,"picoseuropa",1,12
"Shrub",1532,0,0,"picoseuropa",1,12
"TempDecF",252908,0,0,"picoseuropa",1,12
"WaterSurf",708,0,0,"picoseuropa",1,12
"AlpScrGr",483629,0,0,"picoseuropa",3,1
"ArtSurf",2496,0,0,"picoseuropa",3,1
"AtlScrub",36465,0,0,"picoseuropa",3,1
"Crop",230,0,0,"picoseuropa",3,1
"Dehesa",60,0,0,"picoseuropa",3,1
"Grass",143161,0,0,"picoseuropa",3,1
"HydroRipVeg",808,0,0,"picoseuropa",3,1
"MedSclF",4576,0,0,"picoseuropa",3,1
"MedScrub",14993,0,0,"picoseuropa",3,1
"Reforestation",1264,0,0,"picoseuropa",3,1
"RipF",952,0,0,"picoseuropa",3,1
"RockScreeVeg",1117,0,0,"picoseuropa",3,1
"SMedMarF",8457,0,0,"picoseuropa",3,1
"Shrub",1579,0,0,"picoseuropa",3,1
"TempDecF",253477,0,0,"picoseuropa",3,1
"WaterSurf",715,0,0,"picoseuropa",3,1
"AlpScrGr",487132,0,0,"picoseuropa",3,2
"ArtSurf",2509,0,0,"picoseuropa",3,2
"AtlScrub",36902,0,0,"picoseuropa",3,2
"Crop",230,0,0,"picoseuropa",3,2
"Dehesa",71,0,0,"picoseuropa",3,2
"Grass",144344,0,0,"picoseuropa",3,2
"HydroRipVeg",811,0,0,"picoseuropa",3,2
"MedSclF",5374,0,0,"picoseuropa",3,2
"MedScrub",15105,0,0,"picoseuropa",3,2
"Reforestation",1269,0,0,"picoseuropa",3,2
"RipF",953,0,0,"picoseuropa",3,2
"RockScreeVeg",1134,0,0,"picoseuropa",3,2
"SMedMarF",8552,0,0,"picoseuropa",3,2
"Shrub",1597,0,0,"picoseuropa",3,2
"TempDecF",256029,0,0,"picoseuropa",3,2
"WaterSurf",737,0,0,"picoseuropa",3,2
"AlpScrGr",487768,0,0,"picoseuropa",3,3
"ArtSurf",2510,0,0,"picoseuropa",3,3
"AtlScrub",36927,0,0,"picoseuropa",3,3
"Crop",230,0,0,"picoseuropa",3,3
"Dehesa",71,0,0,"picoseuropa",3,3
"Grass",144481,0,0,"picoseuropa",3,3
"HydroRipVeg",811,0,0,"picoseuropa",3,3
"MedSclF",5590,0,0,"picoseuropa",3,3
"MedScrub",15115,0,0,"picoseuropa",3,3
"Reforestation",1269,0,0,"picoseuropa",3,3
"RipF",953,0,0,"picoseuropa",3,3
"RockScreeVeg",1135,0,0,"picoseuropa",3,3
"SMedMarF",8558,0,0,"picoseuropa",3,3
"Shrub",1599,0,0,"picoseuropa",3,3
"TempDecF",256357,0,0,"picoseuropa",3,3
"WaterSurf",760,0,0,"picoseuropa",3,3
"AlpScrGr",487876,2918,0.6,"picoseuropa",3,4
"ArtSurf",2511,65,2.59,"picoseuropa",3,4
"AtlScrub",36929,71,0.19,"picoseuropa",3,4
"Crop",230,0,0,"picoseuropa",3,4
"Dehesa",71,0,0,"picoseuropa",3,4
"Grass",144505,2214,1.53,"picoseuropa",3,4
"HydroRipVeg",811,6,0.74,"picoseuropa",3,4
"MedSclF",5591,4,0.07,"picoseuropa",3,4
"MedScrub",15118,201,1.33,"picoseuropa",3,4
"Reforestation",1269,0,0,"picoseuropa",3,4
"RipF",953,6,0.63,"picoseuropa",3,4
"RockScreeVeg",1135,9,0.79,"picoseuropa",3,4
"SMedMarF",8558,85,0.99,"picoseuropa",3,4
"Shrub",1599,11,0.69,"picoseuropa",3,4
"TempDecF",256516,979,0.38,"picoseuropa",3,4
"WaterSurf",763,1,0.13,"picoseuropa",3,4
"AlpScrGr",487848,117605,24.11,"picoseuropa",3,5
"ArtSurf",2511,498,19.83,"picoseuropa",3,5
"AtlScrub",36969,7570,20.48,"picoseuropa",3,5
"Crop",230,9,3.91,"picoseuropa",3,5
"Dehesa",71,0,0,"picoseuropa",3,5
"Grass",144570,51294,35.48,"picoseuropa",3,5
"HydroRipVeg",815,259,31.78,"picoseuropa",3,5
"MedSclF",5631,250,4.44,"picoseuropa",3,5
"MedScrub",15123,2893,19.13,"picoseuropa",3,5
"Reforestation",1269,69,5.44,"picoseuropa",3,5
"RipF",953,257,26.97,"picoseuropa",3,5
"RockScreeVeg",1135,196,17.27,"picoseuropa",3,5
"SMedMarF",8558,3891,45.47,"picoseuropa",3,5
"Shrub",1599,422,26.39,"picoseuropa",3,5
"TempDecF",256687,57570,22.43,"picoseuropa",3,5
"WaterSurf",773,73,9.44,"picoseuropa",3,5
"AlpScrGr",487273,34,0.01,"picoseuropa",3,6
"ArtSurf",2511,0,0,"picoseuropa",3,6
"AtlScrub",36969,0,0,"picoseuropa",3,6
"Crop",230,0,0,"picoseuropa",3,6
"Dehesa",71,0,0,"picoseuropa",3,6
"Grass",144593,6,0,"picoseuropa",3,6
"HydroRipVeg",815,0,0,"picoseuropa",3,6
"MedSclF",5631,0,0,"picoseuropa",3,6
"MedScrub",15123,0,0,"picoseuropa",3,6
"Reforestation",1269,0,0,"picoseuropa",3,6
"RipF",953,0,0,"picoseuropa",3,6
"RockScreeVeg",1135,0,0,"picoseuropa",3,6
"SMedMarF",8558,0,0,"picoseuropa",3,6
"Shrub",1599,0,0,"picoseuropa",3,6
"TempDecF",256695,0,0,"picoseuropa",3,6
"WaterSurf",774,0,0,"picoseuropa",3,6
"AlpScrGr",497696,0,0,"picoseuropa",3,7
"ArtSurf",2619,0,0,"picoseuropa",3,7
"AtlScrub",36969,0,0,"picoseuropa",3,7
"Crop",230,0,0,"picoseuropa",3,7
"Dehesa",71,0,0,"picoseuropa",3,7
"Grass",144792,0,0,"picoseuropa",3,7
"HydroRipVeg",815,0,0,"picoseuropa",3,7
"MedSclF",5631,0,0,"picoseuropa",3,7
"MedScrub",15123,0,0,"picoseuropa",3,7
"Reforestation",1269,0,0,"picoseuropa",3,7
"RipF",953,0,0,"picoseuropa",3,7
"RockScreeVeg",1135,0,0,"picoseuropa",3,7
"SMedMarF",8558,0,0,"picoseuropa",3,7
"Shrub",1599,0,0,"picoseuropa",3,7
"TempDecF",256697,0,0,"picoseuropa",3,7
"WaterSurf",774,0,0,"picoseuropa",3,7
"AlpScrGr",504321,0,0,"picoseuropa",3,8
"ArtSurf",2548,0,0,"picoseuropa",3,8
"AtlScrub",36969,0,0,"picoseuropa",3,8
"Crop",230,0,0,"picoseuropa",3,8
"Dehesa",71,0,0,"picoseuropa",3,8
"Grass",144733,0,0,"picoseuropa",3,8
"HydroRipVeg",815,0,0,"picoseuropa",3,8
"MedSclF",5631,0,0,"picoseuropa",3,8
"MedScrub",15121,0,0,"picoseuropa",3,8
"Reforestation",1269,0,0,"picoseuropa",3,8
"RipF",953,0,0,"picoseuropa",3,8
"RockScreeVeg",1135,0,0,"picoseuropa",3,8
"SMedMarF",8558,0,0,"picoseuropa",3,8
"Shrub",1599,0,0,"picoseuropa",3,8
"TempDecF",256675,0,0,"picoseuropa",3,8
"WaterSurf",771,0,0,"picoseuropa",3,8
"AlpScrGr",522100,0,0,"picoseuropa",3,9
"ArtSurf",2727,0,0,"picoseuropa",3,9
"AtlScrub",36964,0,0,"picoseuropa",3,9
"Crop",230,0,0,"picoseuropa",3,9
"Dehesa",71,0,0,"picoseuropa",3,9
"Grass",144813,0,0,"picoseuropa",3,9
"HydroRipVeg",811,0,0,"picoseuropa",3,9
"MedSclF",5617,0,0,"picoseuropa",3,9
"MedScrub",15119,0,0,"picoseuropa",3,9
"Reforestation",1269,0,0,"picoseuropa",3,9
"RipF",953,0,0,"picoseuropa",3,9
"RockScreeVeg",1135,0,0,"picoseuropa",3,9
"SMedMarF",8558,0,0,"picoseuropa",3,9
"Shrub",1599,0,0,"picoseuropa",3,9
"TempDecF",256510,0,0,"picoseuropa",3,9
"WaterSurf",761,0,0,"picoseuropa",3,9
"AlpScrGr",503669,0,0,"picoseuropa",3,10
"ArtSurf",2512,0,0,"picoseuropa",3,10
"AtlScrub",36927,0,0,"picoseuropa",3,10
"Crop",230,0,0,"picoseuropa",3,10
"Dehesa",71,0,0,"picoseuropa",3,10
"Grass",144539,0,0,"picoseuropa",3,10
"HydroRipVeg",811,0,0,"picoseuropa",3,10
"MedSclF",5580,0,0,"picoseuropa",3,10
"MedScrub",15115,0,0,"picoseuropa",3,10
"Reforestation",1269,0,0,"picoseuropa",3,10
"RipF",953,0,0,"picoseuropa",3,10
"RockScreeVeg",1135,0,0,"picoseuropa",3,10
"SMedMarF",8558,0,0,"picoseuropa",3,10
"Shrub",1599,0,0,"picoseuropa",3,10
"TempDecF",256336,0,0,"picoseuropa",3,10
"WaterSurf",752,0,0,"picoseuropa",3,10
"AlpScrGr",486719,0,0,"picoseuropa",3,11
"ArtSurf",2510,0,0,"picoseuropa",3,11
"AtlScrub",36869,0,0,"picoseuropa",3,11
"Crop",230,0,0,"picoseuropa",3,11
"Dehesa",71,0,0,"picoseuropa",3,11
"Grass",144253,0,0,"picoseuropa",3,11
"HydroRipVeg",811,0,0,"picoseuropa",3,11
"MedSclF",5373,0,0,"picoseuropa",3,11
"MedScrub",15082,0,0,"picoseuropa",3,11
"Reforestation",1269,0,0,"picoseuropa",3,11
"RipF",953,0,0,"picoseuropa",3,11
"RockScreeVeg",1132,0,0,"picoseuropa",3,11
"SMedMarF",8555,0,0,"picoseuropa",3,11
"Shrub",1598,0,0,"picoseuropa",3,11
"TempDecF",255911,0,0,"picoseuropa",3,11
"WaterSurf",745,0,0,"picoseuropa",3,11
"AlpScrGr",482406,0,0,"picoseuropa",3,12
"ArtSurf",2498,0,0,"picoseuropa",3,12
"AtlScrub",36212,0,0,"picoseuropa",3,12
"Crop",230,0,0,"picoseuropa",3,12
"Dehesa",57,0,0,"picoseuropa",3,12
"Grass",142707,0,0,"picoseuropa",3,12
"HydroRipVeg",802,0,0,"picoseuropa",3,12
"MedSclF",4578,0,0,"picoseuropa",3,12
"MedScrub",14918,0,0,"picoseuropa",3,12
"Reforestation",1266,0,0,"picoseuropa",3,12
"RipF",953,0,0,"picoseuropa",3,12
"RockScreeVeg",1099,0,0,"picoseuropa",3,12
"SMedMarF",8419,0,0,"picoseuropa",3,12
"Shrub",1532,0,0,"picoseuropa",3,12
"TempDecF",252908,0,0,"picoseuropa",3,12
"WaterSurf",708,0,0,"picoseuropa",3,12
"AlpScrGr",483629,0,0,"picoseuropa",6,1
"ArtSurf",2496,0,0,"picoseuropa",6,1
"AtlScrub",36465,0,0,"picoseuropa",6,1
"Crop",230,0,0,"picoseuropa",6,1
"Dehesa",60,0,0,"picoseuropa",6,1
"Grass",143161,0,0,"picoseuropa",6,1
"HydroRipVeg",808,0,0,"picoseuropa",6,1
"MedSclF",4576,0,0,"picoseuropa",6,1
"MedScrub",14993,0,0,"picoseuropa",6,1
"Reforestation",1264,0,0,"picoseuropa",6,1
"RipF",952,0,0,"picoseuropa",6,1
"RockScreeVeg",1117,0,0,"picoseuropa",6,1
"SMedMarF",8457,0,0,"picoseuropa",6,1
"Shrub",1579,0,0,"picoseuropa",6,1
"TempDecF",253477,0,0,"picoseuropa",6,1
"WaterSurf",715,0,0,"picoseuropa",6,1
"AlpScrGr",487132,0,0,"picoseuropa",6,2
"ArtSurf",2509,0,0,"picoseuropa",6,2
"AtlScrub",36902,0,0,"picoseuropa",6,2
"Crop",230,0,0,"picoseuropa",6,2
"Dehesa",71,0,0,"picoseuropa",6,2
"Grass",144344,0,0,"picoseuropa",6,2
"HydroRipVeg",811,0,0,"picoseuropa",6,2
"MedSclF",5374,0,0,"picoseuropa",6,2
"MedScrub",15105,0,0,"picoseuropa",6,2
"Reforestation",1269,0,0,"picoseuropa",6,2
"RipF",953,0,0,"picoseuropa",6,2
"RockScreeVeg",1134,0,0,"picoseuropa",6,2
"SMedMarF",8552,0,0,"picoseuropa",6,2
"Shrub",1597,0,0,"picoseuropa",6,2
"TempDecF",256029,0,0,"picoseuropa",6,2
"WaterSurf",737,0,0,"picoseuropa",6,2
"AlpScrGr",487768,0,0,"picoseuropa",6,3
"ArtSurf",2510,0,0,"picoseuropa",6,3
"AtlScrub",36927,0,0,"picoseuropa",6,3
"Crop",230,0,0,"picoseuropa",6,3
"Dehesa",71,0,0,"picoseuropa",6,3
"Grass",144481,0,0,"picoseuropa",6,3
"HydroRipVeg",811,0,0,"picoseuropa",6,3
"MedSclF",5590,0,0,"picoseuropa",6,3
"MedScrub",15115,0,0,"picoseuropa",6,3
"Reforestation",1269,0,0,"picoseuropa",6,3
"RipF",953,0,0,"picoseuropa",6,3
"RockScreeVeg",1135,0,0,"picoseuropa",6,3
"SMedMarF",8558,0,0,"picoseuropa",6,3
"Shrub",1599,0,0,"picoseuropa",6,3
"TempDecF",256357,0,0,"picoseuropa",6,3
"WaterSurf",760,0,0,"picoseuropa",6,3
"AlpScrGr",487876,0,0,"picoseuropa",6,4
"ArtSurf",2511,0,0,"picoseuropa",6,4
"AtlScrub",36929,0,0,"picoseuropa",6,4
"Crop",230,0,0,"picoseuropa",6,4
"Dehesa",71,0,0,"picoseuropa",6,4
"Grass",144505,0,0,"picoseuropa",6,4
"HydroRipVeg",811,0,0,"picoseuropa",6,4
"MedSclF",5591,0,0,"picoseuropa",6,4
"MedScrub",15118,0,0,"picoseuropa",6,4
"Reforestation",1269,0,0,"picoseuropa",6,4
"RipF",953,0,0,"picoseuropa",6,4
"RockScreeVeg",1135,0,0,"picoseuropa",6,4
"SMedMarF",8558,0,0,"picoseuropa",6,4
"Shrub",1599,0,0,"picoseuropa",6,4
"TempDecF",256516,0,0,"picoseuropa",6,4
"WaterSurf",763,0,0,"picoseuropa",6,4
"AlpScrGr",487848,0,0,"picoseuropa",6,5
"ArtSurf",2511,0,0,"picoseuropa",6,5
"AtlScrub",36969,0,0,"picoseuropa",6,5
"Crop",230,0,0,"picoseuropa",6,5
"Dehesa",71,0,0,"picoseuropa",6,5
"Grass",144570,0,0,"picoseuropa",6,5
"HydroRipVeg",815,0,0,"picoseuropa",6,5
"MedSclF",5631,0,0,"picoseuropa",6,5
"MedScrub",15123,0,0,"picoseuropa",6,5
"Reforestation",1269,0,0,"picoseuropa",6,5
"RipF",953,0,0,"picoseuropa",6,5
"RockScreeVeg",1135,0,0,"picoseuropa",6,5
"SMedMarF",8558,0,0,"picoseuropa",6,5
"Shrub",1599,0,0,"picoseuropa",6,5
"TempDecF",256687,0,0,"picoseuropa",6,5
"WaterSurf",773,0,0,"picoseuropa",6,5
"AlpScrGr",487273,0,0,"picoseuropa",6,6
"ArtSurf",2511,0,0,"picoseuropa",6,6
"AtlScrub",36969,0,0,"picoseuropa",6,6
"Crop",230,0,0,"picoseuropa",6,6
"Dehesa",71,0,0,"picoseuropa",6,6
"Grass",144593,0,0,"picoseuropa",6,6
"HydroRipVeg",815,0,0,"picoseuropa",6,6
"MedSclF",5631,0,0,"picoseuropa",6,6
"MedScrub",15123,0,0,"picoseuropa",6,6
"Reforestation",1269,0,0,"picoseuropa",6,6
"RipF",953,0,0,"picoseuropa",6,6
"RockScreeVeg",1135,0,0,"picoseuropa",6,6
"SMedMarF",8558,0,0,"picoseuropa",6,6
"Shrub",1599,0,0,"picoseuropa",6,6
"TempDecF",256695,0,0,"picoseuropa",6,6
"WaterSurf",774,0,0,"picoseuropa",6,6
"AlpScrGr",497696,0,0,"picoseuropa",6,7
"ArtSurf",2619,0,0,"picoseuropa",6,7
"AtlScrub",36969,0,0,"picoseuropa",6,7
"Crop",230,0,0,"picoseuropa",6,7
"Dehesa",71,0,0,"picoseuropa",6,7
"Grass",144792,0,0,"picoseuropa",6,7
"HydroRipVeg",815,0,0,"picoseuropa",6,7
"MedSclF",5631,0,0,"picoseuropa",6,7
"MedScrub",15123,0,0,"picoseuropa",6,7
"Reforestation",1269,0,0,"picoseuropa",6,7
"RipF",953,0,0,"picoseuropa",6,7
"RockScreeVeg",1135,0,0,"picoseuropa",6,7
"SMedMarF",8558,0,0,"picoseuropa",6,7
"Shrub",1599,0,0,"picoseuropa",6,7
"TempDecF",256697,0,0,"picoseuropa",6,7
"WaterSurf",774,0,0,"picoseuropa",6,7
"AlpScrGr",504321,0,0,"picoseuropa",6,8
"ArtSurf",2548,0,0,"picoseuropa",6,8
"AtlScrub",36969,0,0,"picoseuropa",6,8
"Crop",230,0,0,"picoseuropa",6,8
"Dehesa",71,0,0,"picoseuropa",6,8
"Grass",144733,0,0,"picoseuropa",6,8
"HydroRipVeg",815,0,0,"picoseuropa",6,8
"MedSclF",5631,0,0,"picoseuropa",6,8
"MedScrub",15121,0,0,"picoseuropa",6,8
"Reforestation",1269,0,0,"picoseuropa",6,8
"RipF",953,0,0,"picoseuropa",6,8
"RockScreeVeg",1135,0,0,"picoseuropa",6,8
"SMedMarF",8558,0,0,"picoseuropa",6,8
"Shrub",1599,0,0,"picoseuropa",6,8
"TempDecF",256675,0,0,"picoseuropa",6,8
"WaterSurf",771,0,0,"picoseuropa",6,8
"AlpScrGr",522100,0,0,"picoseuropa",6,9
"ArtSurf",2727,0,0,"picoseuropa",6,9
"AtlScrub",36964,0,0,"picoseuropa",6,9
"Crop",230,0,0,"picoseuropa",6,9
"Dehesa",71,0,0,"picoseuropa",6,9
"Grass",144813,0,0,"picoseuropa",6,9
"HydroRipVeg",811,0,0,"picoseuropa",6,9
"MedSclF",5617,0,0,"picoseuropa",6,9
"MedScrub",15119,0,0,"picoseuropa",6,9
"Reforestation",1269,0,0,"picoseuropa",6,9
"RipF",953,0,0,"picoseuropa",6,9
"RockScreeVeg",1135,0,0,"picoseuropa",6,9
"SMedMarF",8558,0,0,"picoseuropa",6,9
"Shrub",1599,0,0,"picoseuropa",6,9
"TempDecF",256510,0,0,"picoseuropa",6,9
"WaterSurf",761,0,0,"picoseuropa",6,9
"AlpScrGr",503669,0,0,"picoseuropa",6,10
"ArtSurf",2512,0,0,"picoseuropa",6,10
"AtlScrub",36927,0,0,"picoseuropa",6,10
"Crop",230,0,0,"picoseuropa",6,10
"Dehesa",71,0,0,"picoseuropa",6,10
"Grass",144539,0,0,"picoseuropa",6,10
"HydroRipVeg",811,0,0,"picoseuropa",6,10
"MedSclF",5580,0,0,"picoseuropa",6,10
"MedScrub",15115,0,0,"picoseuropa",6,10
"Reforestation",1269,0,0,"picoseuropa",6,10
"RipF",953,0,0,"picoseuropa",6,10
"RockScreeVeg",1135,0,0,"picoseuropa",6,10
"SMedMarF",8558,0,0,"picoseuropa",6,10
"Shrub",1599,0,0,"picoseuropa",6,10
"TempDecF",256336,0,0,"picoseuropa",6,10
"WaterSurf",752,0,0,"picoseuropa",6,10
"AlpScrGr",486719,0,0,"picoseuropa",6,11
"ArtSurf",2510,0,0,"picoseuropa",6,11
"AtlScrub",36869,0,0,"picoseuropa",6,11
"Crop",230,0,0,"picoseuropa",6,11
"Dehesa",71,0,0,"picoseuropa",6,11
"Grass",144253,0,0,"picoseuropa",6,11
"HydroRipVeg",811,0,0,"picoseuropa",6,11
"MedSclF",5373,0,0,"picoseuropa",6,11
"MedScrub",15082,0,0,"picoseuropa",6,11
"Reforestation",1269,0,0,"picoseuropa",6,11
"RipF",953,0,0,"picoseuropa",6,11
"RockScreeVeg",1132,0,0,"picoseuropa",6,11
"SMedMarF",8555,0,0,"picoseuropa",6,11
"Shrub",1598,0,0,"picoseuropa",6,11
"TempDecF",255911,0,0,"picoseuropa",6,11
"WaterSurf",745,0,0,"picoseuropa",6,11
"AlpScrGr",482406,0,0,"picoseuropa",6,12
"ArtSurf",2498,0,0,"picoseuropa",6,12
"AtlScrub",36212,0,0,"picoseuropa",6,12
"Crop",230,0,0,"picoseuropa",6,12
"Dehesa",57,0,0,"picoseuropa",6,12
"Grass",142707,0,0,"picoseuropa",6,12
"HydroRipVeg",802,0,0,"picoseuropa",6,12
"MedSclF",4578,0,0,"picoseuropa",6,12
"MedScrub",14918,0,0,"picoseuropa",6,12
"Reforestation",1266,0,0,"picoseuropa",6,12
"RipF",953,0,0,"picoseuropa",6,12
"RockScreeVeg",1099,0,0,"picoseuropa",6,12
"SMedMarF",8419,0,0,"picoseuropa",6,12
"Shrub",1532,0,0,"picoseuropa",6,12
"TempDecF",252908,2,0,"picoseuropa",6,12
"WaterSurf",708,0,0,"picoseuropa",6,12
"AlpScrGr",483629,0,0,"picoseuropa",9,1
"ArtSurf",2496,0,0,"picoseuropa",9,1
"AtlScrub",36465,0,0,"picoseuropa",9,1
"Crop",230,0,0,"picoseuropa",9,1
"Dehesa",60,0,0,"picoseuropa",9,1
"Grass",143161,0,0,"picoseuropa",9,1
"HydroRipVeg",808,0,0,"picoseuropa",9,1
"MedSclF",4576,0,0,"picoseuropa",9,1
"MedScrub",14993,0,0,"picoseuropa",9,1
"Reforestation",1264,0,0,"picoseuropa",9,1
"RipF",952,0,0,"picoseuropa",9,1
"RockScreeVeg",1117,0,0,"picoseuropa",9,1
"SMedMarF",8457,0,0,"picoseuropa",9,1
"Shrub",1579,0,0,"picoseuropa",9,1
"TempDecF",253477,0,0,"picoseuropa",9,1
"WaterSurf",715,0,0,"picoseuropa",9,1
"AlpScrGr",487132,0,0,"picoseuropa",9,2
"ArtSurf",2509,0,0,"picoseuropa",9,2
"AtlScrub",36902,0,0,"picoseuropa",9,2
"Crop",230,0,0,"picoseuropa",9,2
"Dehesa",71,0,0,"picoseuropa",9,2
"Grass",144344,0,0,"picoseuropa",9,2
"HydroRipVeg",811,0,0,"picoseuropa",9,2
"MedSclF",5374,0,0,"picoseuropa",9,2
"MedScrub",15105,0,0,"picoseuropa",9,2
"Reforestation",1269,0,0,"picoseuropa",9,2
"RipF",953,0,0,"picoseuropa",9,2
"RockScreeVeg",1134,0,0,"picoseuropa",9,2
"SMedMarF",8552,0,0,"picoseuropa",9,2
"Shrub",1597,0,0,"picoseuropa",9,2
"TempDecF",256029,0,0,"picoseuropa",9,2
"WaterSurf",737,0,0,"picoseuropa",9,2
"AlpScrGr",487768,0,0,"picoseuropa",9,3
"ArtSurf",2510,0,0,"picoseuropa",9,3
"AtlScrub",36927,0,0,"picoseuropa",9,3
"Crop",230,0,0,"picoseuropa",9,3
"Dehesa",71,0,0,"picoseuropa",9,3
"Grass",144481,0,0,"picoseuropa",9,3
"HydroRipVeg",811,0,0,"picoseuropa",9,3
"MedSclF",5590,0,0,"picoseuropa",9,3
"MedScrub",15115,0,0,"picoseuropa",9,3
"Reforestation",1269,0,0,"picoseuropa",9,3
"RipF",953,0,0,"picoseuropa",9,3
"RockScreeVeg",1135,0,0,"picoseuropa",9,3
"SMedMarF",8558,0,0,"picoseuropa",9,3
"Shrub",1599,0,0,"picoseuropa",9,3
"TempDecF",256357,0,0,"picoseuropa",9,3
"WaterSurf",760,0,0,"picoseuropa",9,3
"AlpScrGr",487876,0,0,"picoseuropa",9,4
"ArtSurf",2511,0,0,"picoseuropa",9,4
"AtlScrub",36929,0,0,"picoseuropa",9,4
"Crop",230,0,0,"picoseuropa",9,4
"Dehesa",71,0,0,"picoseuropa",9,4
"Grass",144505,0,0,"picoseuropa",9,4
"HydroRipVeg",811,0,0,"picoseuropa",9,4
"MedSclF",5591,0,0,"picoseuropa",9,4
"MedScrub",15118,0,0,"picoseuropa",9,4
"Reforestation",1269,0,0,"picoseuropa",9,4
"RipF",953,0,0,"picoseuropa",9,4
"RockScreeVeg",1135,0,0,"picoseuropa",9,4
"SMedMarF",8558,0,0,"picoseuropa",9,4
"Shrub",1599,0,0,"picoseuropa",9,4
"TempDecF",256516,0,0,"picoseuropa",9,4
"WaterSurf",763,0,0,"picoseuropa",9,4
"AlpScrGr",487848,0,0,"picoseuropa",9,5
"ArtSurf",2511,0,0,"picoseuropa",9,5
"AtlScrub",36969,0,0,"picoseuropa",9,5
"Crop",230,0,0,"picoseuropa",9,5
"Dehesa",71,0,0,"picoseuropa",9,5
"Grass",144570,0,0,"picoseuropa",9,5
"HydroRipVeg",815,0,0,"picoseuropa",9,5
"MedSclF",5631,0,0,"picoseuropa",9,5
"MedScrub",15123,0,0,"picoseuropa",9,5
"Reforestation",1269,0,0,"picoseuropa",9,5
"RipF",953,0,0,"picoseuropa",9,5
"RockScreeVeg",1135,0,0,"picoseuropa",9,5
"SMedMarF",8558,0,0,"picoseuropa",9,5
"Shrub",1599,0,0,"picoseuropa",9,5
"TempDecF",256687,0,0,"picoseuropa",9,5
"WaterSurf",773,0,0,"picoseuropa",9,5
"AlpScrGr",487273,0,0,"picoseuropa",9,6
"ArtSurf",2511,0,0,"picoseuropa",9,6
"AtlScrub",36969,0,0,"picoseuropa",9,6
"Crop",230,0,0,"picoseuropa",9,6
"Dehesa",71,0,0,"picoseuropa",9,6
"Grass",144593,0,0,"picoseuropa",9,6
"HydroRipVeg",815,0,0,"picoseuropa",9,6
"MedSclF",5631,0,0,"picoseuropa",9,6
"MedScrub",15123,0,0,"picoseuropa",9,6
"Reforestation",1269,0,0,"picoseuropa",9,6
"RipF",953,0,0,"picoseuropa",9,6
"RockScreeVeg",1135,0,0,"picoseuropa",9,6
"SMedMarF",8558,0,0,"picoseuropa",9,6
"Shrub",1599,0,0,"picoseuropa",9,6
"TempDecF",256695,0,0,"picoseuropa",9,6
"WaterSurf",774,0,0,"picoseuropa",9,6
"AlpScrGr",497696,0,0,"picoseuropa",9,7
"ArtSurf",2619,0,0,"picoseuropa",9,7
"AtlScrub",36969,0,0,"picoseuropa",9,7
"Crop",230,0,0,"picoseuropa",9,7
"Dehesa",71,0,0,"picoseuropa",9,7
"Grass",144792,0,0,"picoseuropa",9,7
"HydroRipVeg",815,0,0,"picoseuropa",9,7
"MedSclF",5631,0,0,"picoseuropa",9,7
"MedScrub",15123,0,0,"picoseuropa",9,7
"Reforestation",1269,0,0,"picoseuropa",9,7
"RipF",953,0,0,"picoseuropa",9,7
"RockScreeVeg",1135,0,0,"picoseuropa",9,7
"SMedMarF",8558,0,0,"picoseuropa",9,7
"Shrub",1599,0,0,"picoseuropa",9,7
"TempDecF",256697,0,0,"picoseuropa",9,7
"WaterSurf",774,0,0,"picoseuropa",9,7
"AlpScrGr",504321,0,0,"picoseuropa",9,8
"ArtSurf",2548,0,0,"picoseuropa",9,8
"AtlScrub",36969,0,0,"picoseuropa",9,8
"Crop",230,0,0,"picoseuropa",9,8
"Dehesa",71,0,0,"picoseuropa",9,8
"Grass",144733,0,0,"picoseuropa",9,8
"HydroRipVeg",815,0,0,"picoseuropa",9,8
"MedSclF",5631,0,0,"picoseuropa",9,8
"MedScrub",15121,0,0,"picoseuropa",9,8
"Reforestation",1269,0,0,"picoseuropa",9,8
"RipF",953,0,0,"picoseuropa",9,8
"RockScreeVeg",1135,0,0,"picoseuropa",9,8
"SMedMarF",8558,0,0,"picoseuropa",9,8
"Shrub",1599,0,0,"picoseuropa",9,8
"TempDecF",256675,0,0,"picoseuropa",9,8
"WaterSurf",771,0,0,"picoseuropa",9,8
"AlpScrGr",522100,0,0,"picoseuropa",9,9
"ArtSurf",2727,0,0,"picoseuropa",9,9
"AtlScrub",36964,0,0,"picoseuropa",9,9
"Crop",230,0,0,"picoseuropa",9,9
"Dehesa",71,0,0,"picoseuropa",9,9
"Grass",144813,0,0,"picoseuropa",9,9
"HydroRipVeg",811,0,0,"picoseuropa",9,9
"MedSclF",5617,0,0,"picoseuropa",9,9
"MedScrub",15119,0,0,"picoseuropa",9,9
"Reforestation",1269,0,0,"picoseuropa",9,9
"RipF",953,0,0,"picoseuropa",9,9
"RockScreeVeg",1135,0,0,"picoseuropa",9,9
"SMedMarF",8558,0,0,"picoseuropa",9,9
"Shrub",1599,0,0,"picoseuropa",9,9
"TempDecF",256510,0,0,"picoseuropa",9,9
"WaterSurf",761,0,0,"picoseuropa",9,9
"AlpScrGr",503669,0,0,"picoseuropa",9,10
"ArtSurf",2512,0,0,"picoseuropa",9,10
"AtlScrub",36927,0,0,"picoseuropa",9,10
"Crop",230,0,0,"picoseuropa",9,10
"Dehesa",71,0,0,"picoseuropa",9,10
"Grass",144539,0,0,"picoseuropa",9,10
"HydroRipVeg",811,0,0,"picoseuropa",9,10
"MedSclF",5580,0,0,"picoseuropa",9,10
"MedScrub",15115,0,0,"picoseuropa",9,10
"Reforestation",1269,0,0,"picoseuropa",9,10
"RipF",953,0,0,"picoseuropa",9,10
"RockScreeVeg",1135,0,0,"picoseuropa",9,10
"SMedMarF",8558,0,0,"picoseuropa",9,10
"Shrub",1599,0,0,"picoseuropa",9,10
"TempDecF",256336,0,0,"picoseuropa",9,10
"WaterSurf",752,0,0,"picoseuropa",9,10
"AlpScrGr",486719,2,0,"picoseuropa",9,11
"ArtSurf",2510,0,0,"picoseuropa",9,11
"AtlScrub",36869,0,0,"picoseuropa",9,11
"Crop",230,0,0,"picoseuropa",9,11
"Dehesa",71,0,0,"picoseuropa",9,11
"Grass",144253,0,0,"picoseuropa",9,11
"HydroRipVeg",811,0,0,"picoseuropa",9,11
"MedSclF",5373,0,0,"picoseuropa",9,11
"MedScrub",15082,0,0,"picoseuropa",9,11
"Reforestation",1269,0,0,"picoseuropa",9,11
"RipF",953,0,0,"picoseuropa",9,11
"RockScreeVeg",1132,0,0,"picoseuropa",9,11
"SMedMarF",8555,0,0,"picoseuropa",9,11
"Shrub",1598,0,0,"picoseuropa",9,11
"TempDecF",255911,0,0,"picoseuropa",9,11
"WaterSurf",745,0,0,"picoseuropa",9,11
"AlpScrGr",482406,0,0,"picoseuropa",9,12
"ArtSurf",2498,0,0,"picoseuropa",9,12
"AtlScrub",36212,0,0,"picoseuropa",9,12
"Crop",230,0,0,"picoseuropa",9,12
"Dehesa",57,0,0,"picoseuropa",9,12
"Grass",142707,0,0,"picoseuropa",9,12
"HydroRipVeg",802,0,0,"picoseuropa",9,12
"MedSclF",4578,0,0,"picoseuropa",9,12
"MedScrub",14918,0,0,"picoseuropa",9,12
"Reforestation",1266,0,0,"picoseuropa",9,12
"RipF",953,0,0,"picoseuropa",9,12
"RockScreeVeg",1099,0,0,"picoseuropa",9,12
"SMedMarF",8419,0,0,"picoseuropa",9,12
"Shrub",1532,0,0,"picoseuropa",9,12
"TempDecF",252908,0,0,"picoseuropa",9,12
"WaterSurf",708,0,0,"picoseuropa",9,12
"AlpScrGr",483629,0,0,"picoseuropa",12,1
"ArtSurf",2496,0,0,"picoseuropa",12,1
"AtlScrub",36465,0,0,"picoseuropa",12,1
"Crop",230,0,0,"picoseuropa",12,1
"Dehesa",60,0,0,"picoseuropa",12,1
"Grass",143161,0,0,"picoseuropa",12,1
"HydroRipVeg",808,0,0,"picoseuropa",12,1
"MedSclF",4576,0,0,"picoseuropa",12,1
"MedScrub",14993,0,0,"picoseuropa",12,1
"Reforestation",1264,0,0,"picoseuropa",12,1
"RipF",952,0,0,"picoseuropa",12,1
"RockScreeVeg",1117,0,0,"picoseuropa",12,1
"SMedMarF",8457,0,0,"picoseuropa",12,1
"Shrub",1579,0,0,"picoseuropa",12,1
"TempDecF",253477,0,0,"picoseuropa",12,1
"WaterSurf",715,0,0,"picoseuropa",12,1
"AlpScrGr",487132,0,0,"picoseuropa",12,2
"ArtSurf",2509,0,0,"picoseuropa",12,2
"AtlScrub",36902,0,0,"picoseuropa",12,2
"Crop",230,0,0,"picoseuropa",12,2
"Dehesa",71,0,0,"picoseuropa",12,2
"Grass",144344,0,0,"picoseuropa",12,2
"HydroRipVeg",811,0,0,"picoseuropa",12,2
"MedSclF",5374,0,0,"picoseuropa",12,2
"MedScrub",15105,0,0,"picoseuropa",12,2
"Reforestation",1269,0,0,"picoseuropa",12,2
"RipF",953,0,0,"picoseuropa",12,2
"RockScreeVeg",1134,0,0,"picoseuropa",12,2
"SMedMarF",8552,0,0,"picoseuropa",12,2
"Shrub",1597,0,0,"picoseuropa",12,2
"TempDecF",256029,0,0,"picoseuropa",12,2
"WaterSurf",737,0,0,"picoseuropa",12,2
"AlpScrGr",487768,0,0,"picoseuropa",12,3
"ArtSurf",2510,0,0,"picoseuropa",12,3
"AtlScrub",36927,0,0,"picoseuropa",12,3
"Crop",230,0,0,"picoseuropa",12,3
"Dehesa",71,0,0,"picoseuropa",12,3
"Grass",144481,0,0,"picoseuropa",12,3
"HydroRipVeg",811,0,0,"picoseuropa",12,3
"MedSclF",5590,0,0,"picoseuropa",12,3
"MedScrub",15115,0,0,"picoseuropa",12,3
"Reforestation",1269,0,0,"picoseuropa",12,3
"RipF",953,0,0,"picoseuropa",12,3
"RockScreeVeg",1135,0,0,"picoseuropa",12,3
"SMedMarF",8558,0,0,"picoseuropa",12,3
"Shrub",1599,0,0,"picoseuropa",12,3
"TempDecF",256357,0,0,"picoseuropa",12,3
"WaterSurf",760,0,0,"picoseuropa",12,3
"AlpScrGr",487876,0,0,"picoseuropa",12,4
"ArtSurf",2511,0,0,"picoseuropa",12,4
"AtlScrub",36929,0,0,"picoseuropa",12,4
"Crop",230,0,0,"picoseuropa",12,4
"Dehesa",71,0,0,"picoseuropa",12,4
"Grass",144505,0,0,"picoseuropa",12,4
"HydroRipVeg",811,0,0,"picoseuropa",12,4
"MedSclF",5591,0,0,"picoseuropa",12,4
"MedScrub",15118,0,0,"picoseuropa",12,4
"Reforestation",1269,0,0,"picoseuropa",12,4
"RipF",953,0,0,"picoseuropa",12,4
"RockScreeVeg",1135,0,0,"picoseuropa",12,4
"SMedMarF",8558,0,0,"picoseuropa",12,4
"Shrub",1599,0,0,"picoseuropa",12,4
"TempDecF",256516,0,0,"picoseuropa",12,4
"WaterSurf",763,0,0,"picoseuropa",12,4
"AlpScrGr",487848,0,0,"picoseuropa",12,5
"ArtSurf",2511,0,0,"picoseuropa",12,5
"AtlScrub",36969,0,0,"picoseuropa",12,5
"Crop",230,0,0,"picoseuropa",12,5
"Dehesa",71,0,0,"picoseuropa",12,5
"Grass",144570,0,0,"picoseuropa",12,5
"HydroRipVeg",815,0,0,"picoseuropa",12,5
"MedSclF",5631,0,0,"picoseuropa",12,5
"MedScrub",15123,0,0,"picoseuropa",12,5
"Reforestation",1269,0,0,"picoseuropa",12,5
"RipF",953,0,0,"picoseuropa",12,5
"RockScreeVeg",1135,0,0,"picoseuropa",12,5
"SMedMarF",8558,0,0,"picoseuropa",12,5
"Shrub",1599,0,0,"picoseuropa",12,5
"TempDecF",256687,0,0,"picoseuropa",12,5
"WaterSurf",773,0,0,"picoseuropa",12,5
"AlpScrGr",487273,0,0,"picoseuropa",12,6
"ArtSurf",2511,0,0,"picoseuropa",12,6
"AtlScrub",36969,0,0,"picoseuropa",12,6
"Crop",230,0,0,"picoseuropa",12,6
"Dehesa",71,0,0,"picoseuropa",12,6
"Grass",144593,0,0,"picoseuropa",12,6
"HydroRipVeg",815,0,0,"picoseuropa",12,6
"MedSclF",5631,0,0,"picoseuropa",12,6
"MedScrub",15123,0,0,"picoseuropa",12,6
"Reforestation",1269,0,0,"picoseuropa",12,6
"RipF",953,0,0,"picoseuropa",12,6
"RockScreeVeg",1135,0,0,"picoseuropa",12,6
"SMedMarF",8558,0,0,"picoseuropa",12,6
"Shrub",1599,0,0,"picoseuropa",12,6
"TempDecF",256695,0,0,"picoseuropa",12,6
"WaterSurf",774,0,0,"picoseuropa",12,6
"AlpScrGr",497696,0,0,"picoseuropa",12,7
"ArtSurf",2619,0,0,"picoseuropa",12,7
"AtlScrub",36969,0,0,"picoseuropa",12,7
"Crop",230,0,0,"picoseuropa",12,7
"Dehesa",71,0,0,"picoseuropa",12,7
"Grass",144792,0,0,"picoseuropa",12,7
"HydroRipVeg",815,0,0,"picoseuropa",12,7
"MedSclF",5631,0,0,"picoseuropa",12,7
"MedScrub",15123,0,0,"picoseuropa",12,7
"Reforestation",1269,0,0,"picoseuropa",12,7
"RipF",953,0,0,"picoseuropa",12,7
"RockScreeVeg",1135,0,0,"picoseuropa",12,7
"SMedMarF",8558,0,0,"picoseuropa",12,7
"Shrub",1599,0,0,"picoseuropa",12,7
"TempDecF",256697,0,0,"picoseuropa",12,7
"WaterSurf",774,0,0,"picoseuropa",12,7
"AlpScrGr",504321,0,0,"picoseuropa",12,8
"ArtSurf",2548,0,0,"picoseuropa",12,8
"AtlScrub",36969,0,0,"picoseuropa",12,8
"Crop",230,0,0,"picoseuropa",12,8
"Dehesa",71,0,0,"picoseuropa",12,8
"Grass",144733,0,0,"picoseuropa",12,8
"HydroRipVeg",815,0,0,"picoseuropa",12,8
"MedSclF",5631,0,0,"picoseuropa",12,8
"MedScrub",15121,0,0,"picoseuropa",12,8
"Reforestation",1269,0,0,"picoseuropa",12,8
"RipF",953,0,0,"picoseuropa",12,8
"RockScreeVeg",1135,0,0,"picoseuropa",12,8
"SMedMarF",8558,0,0,"picoseuropa",12,8
"Shrub",1599,0,0,"picoseuropa",12,8
"TempDecF",256675,0,0,"picoseuropa",12,8
"WaterSurf",771,0,0,"picoseuropa",12,8
"AlpScrGr",522100,0,0,"picoseuropa",12,9
"ArtSurf",2727,0,0,"picoseuropa",12,9
"AtlScrub",36964,0,0,"picoseuropa",12,9
"Crop",230,0,0,"picoseuropa",12,9
"Dehesa",71,0,0,"picoseuropa",12,9
"Grass",144813,0,0,"picoseuropa",12,9
"HydroRipVeg",811,0,0,"picoseuropa",12,9
"MedSclF",5617,0,0,"picoseuropa",12,9
"MedScrub",15119,0,0,"picoseuropa",12,9
"Reforestation",1269,0,0,"picoseuropa",12,9
"RipF",953,0,0,"picoseuropa",12,9
"RockScreeVeg",1135,0,0,"picoseuropa",12,9
"SMedMarF",8558,0,0,"picoseuropa",12,9
"Shrub",1599,0,0,"picoseuropa",12,9
"TempDecF",256510,0,0,"picoseuropa",12,9
"WaterSurf",761,0,0,"picoseuropa",12,9
"AlpScrGr",503669,0,0,"picoseuropa",12,10
"ArtSurf",2512,0,0,"picoseuropa",12,10
"AtlScrub",36927,0,0,"picoseuropa",12,10
"Crop",230,0,0,"picoseuropa",12,10
"Dehesa",71,0,0,"picoseuropa",12,10
"Grass",144539,0,0,"picoseuropa",12,10
"HydroRipVeg",811,0,0,"picoseuropa",12,10
"MedSclF",5580,0,0,"picoseuropa",12,10
"MedScrub",15115,0,0,"picoseuropa",12,10
"Reforestation",1269,0,0,"picoseuropa",12,10
"RipF",953,0,0,"picoseuropa",12,10
"RockScreeVeg",1135,0,0,"picoseuropa",12,10
"SMedMarF",8558,0,0,"picoseuropa",12,10
"Shrub",1599,0,0,"picoseuropa",12,10
"TempDecF",256336,0,0,"picoseuropa",12,10
"WaterSurf",752,0,0,"picoseuropa",12,10
"AlpScrGr",486719,0,0,"picoseuropa",12,11
"ArtSurf",2510,0,0,"picoseuropa",12,11
"AtlScrub",36869,0,0,"picoseuropa",12,11
"Crop",230,0,0,"picoseuropa",12,11
"Dehesa",71,0,0,"picoseuropa",12,11
"Grass",144253,0,0,"picoseuropa",12,11
"HydroRipVeg",811,0,0,"picoseuropa",12,11
"MedSclF",5373,0,0,"picoseuropa",12,11
"MedScrub",15082,0,0,"picoseuropa",12,11
"Reforestation",1269,0,0,"picoseuropa",12,11
"RipF",953,0,0,"picoseuropa",12,11
"RockScreeVeg",1132,0,0,"picoseuropa",12,11
"SMedMarF",8555,0,0,"picoseuropa",12,11
"Shrub",1598,0,0,"picoseuropa",12,11
"TempDecF",255911,0,0,"picoseuropa",12,11
"WaterSurf",745,0,0,"picoseuropa",12,11
"AlpScrGr",482406,0,0,"picoseuropa",12,12
"ArtSurf",2498,0,0,"picoseuropa",12,12
"AtlScrub",36212,0,0,"picoseuropa",12,12
"Crop",230,0,0,"picoseuropa",12,12
"Dehesa",57,0,0,"picoseuropa",12,12
"Grass",142707,0,0,"picoseuropa",12,12
"HydroRipVeg",802,0,0,"picoseuropa",12,12
"MedSclF",4578,0,0,"picoseuropa",12,12
"MedScrub",14918,0,0,"picoseuropa",12,12
"Reforestation",1266,0,0,"picoseuropa",12,12
"RipF",953,0,0,"picoseuropa",12,12
"RockScreeVeg",1099,0,0,"picoseuropa",12,12
"SMedMarF",8419,0,0,"picoseuropa",12,12
"Shrub",1532,0,0,"picoseuropa",12,12
"TempDecF",252908,0,0,"picoseuropa",12,12
"WaterSurf",708,0,0,"picoseuropa",12,12
"AlpConF",173794,0,0,"sierranevada",1,1
"AlpScrGr",631034,0,0,"sierranevada",1,1
"AridScr",766,0,0,"sierranevada",1,1
"ArtSurf",8799,0,0,"sierranevada",1,1
"BareArea",50,0,0,"sierranevada",1,1
"Crop",1432,0,0,"sierranevada",1,1
"Grass",77894,0,0,"sierranevada",1,1
"HaloVeg",90,0,0,"sierranevada",1,1
"HydroRipVeg",1442,0,0,"sierranevada",1,1
"MedConF",2985,0,0,"sierranevada",1,1
"MedSclF",38403,0,0,"sierranevada",1,1
"MedScrub",110649,0,0,"sierranevada",1,1
"Reforestation",29222,0,0,"sierranevada",1,1
"RipF",2926,0,0,"sierranevada",1,1
"RockScreeVeg",99111,0,0,"sierranevada",1,1
"SMedMarF",16274,0,0,"sierranevada",1,1
"Shrub",3805,0,0,"sierranevada",1,1
"WaterSurf",246,0,0,"sierranevada",1,1
"AlpConF",173794,22729,13.08,"sierranevada",1,2
"AlpScrGr",631149,129637,20.54,"sierranevada",1,2
"AridScr",773,3,0.39,"sierranevada",1,2
"ArtSurf",8799,2444,27.78,"sierranevada",1,2
"BareArea",50,0,0,"sierranevada",1,2
"Crop",1432,290,20.25,"sierranevada",1,2
"Grass",77900,12131,15.57,"sierranevada",1,2
"HaloVeg",90,34,37.78,"sierranevada",1,2
"HydroRipVeg",1447,397,27.44,"sierranevada",1,2
"MedConF",2985,22,0.74,"sierranevada",1,2
"MedSclF",38437,1461,3.8,"sierranevada",1,2
"MedScrub",110663,26495,23.94,"sierranevada",1,2
"Reforestation",29226,7566,25.89,"sierranevada",1,2
"RipF",2930,731,24.95,"sierranevada",1,2
"RockScreeVeg",99119,5857,5.91,"sierranevada",1,2
"SMedMarF",16274,3236,19.88,"sierranevada",1,2
"Shrub",3805,1159,30.46,"sierranevada",1,2
"WaterSurf",246,4,1.63,"sierranevada",1,2
"AlpConF",173796,0,0,"sierranevada",1,3
"AlpScrGr",631177,0,0,"sierranevada",1,3
"AridScr",774,0,0,"sierranevada",1,3
"ArtSurf",8799,0,0,"sierranevada",1,3
"BareArea",50,0,0,"sierranevada",1,3
"Crop",1432,0,0,"sierranevada",1,3
"Grass",77900,0,0,"sierranevada",1,3
"HaloVeg",90,0,0,"sierranevada",1,3
"HydroRipVeg",1448,0,0,"sierranevada",1,3
"MedConF",2985,0,0,"sierranevada",1,3
"MedSclF",38437,0,0,"sierranevada",1,3
"MedScrub",110663,0,0,"sierranevada",1,3
"Reforestation",29226,0,0,"sierranevada",1,3
"RipF",2930,0,0,"sierranevada",1,3
"RockScreeVeg",99121,0,0,"sierranevada",1,3
"SMedMarF",16274,0,0,"sierranevada",1,3
"Shrub",3805,0,0,"sierranevada",1,3
"WaterSurf",246,0,0,"sierranevada",1,3
"AlpConF",173796,0,0,"sierranevada",1,4
"AlpScrGr",631177,0,0,"sierranevada",1,4
"AridScr",774,0,0,"sierranevada",1,4
"ArtSurf",8799,0,0,"sierranevada",1,4
"BareArea",50,0,0,"sierranevada",1,4
"Crop",1432,0,0,"sierranevada",1,4
"Grass",77900,0,0,"sierranevada",1,4
"HaloVeg",90,0,0,"sierranevada",1,4
"HydroRipVeg",1448,0,0,"sierranevada",1,4
"MedConF",2985,0,0,"sierranevada",1,4
"MedSclF",38437,0,0,"sierranevada",1,4
"MedScrub",110663,0,0,"sierranevada",1,4
"Reforestation",29226,0,0,"sierranevada",1,4
"RipF",2930,0,0,"sierranevada",1,4
"RockScreeVeg",99121,0,0,"sierranevada",1,4
"SMedMarF",16274,0,0,"sierranevada",1,4
"Shrub",3805,0,0,"sierranevada",1,4
"WaterSurf",246,0,0,"sierranevada",1,4
"AlpConF",173796,0,0,"sierranevada",1,5
"AlpScrGr",631177,0,0,"sierranevada",1,5
"AridScr",774,0,0,"sierranevada",1,5
"ArtSurf",8799,0,0,"sierranevada",1,5
"BareArea",50,0,0,"sierranevada",1,5
"Crop",1432,0,0,"sierranevada",1,5
"Grass",77900,0,0,"sierranevada",1,5
"HaloVeg",90,0,0,"sierranevada",1,5
"HydroRipVeg",1448,0,0,"sierranevada",1,5
"MedConF",2985,0,0,"sierranevada",1,5
"MedSclF",38437,0,0,"sierranevada",1,5
"MedScrub",110663,0,0,"sierranevada",1,5
"Reforestation",29226,0,0,"sierranevada",1,5
"RipF",2930,0,0,"sierranevada",1,5
"RockScreeVeg",99121,0,0,"sierranevada",1,5
"SMedMarF",16274,0,0,"sierranevada",1,5
"Shrub",3805,0,0,"sierranevada",1,5
"WaterSurf",246,0,0,"sierranevada",1,5
"AlpConF",173796,0,0,"sierranevada",1,6
"AlpScrGr",631177,0,0,"sierranevada",1,6
"AridScr",774,0,0,"sierranevada",1,6
"ArtSurf",8799,0,0,"sierranevada",1,6
"BareArea",50,0,0,"sierranevada",1,6
"Crop",1432,0,0,"sierranevada",1,6
"Grass",77900,0,0,"sierranevada",1,6
"HaloVeg",90,0,0,"sierranevada",1,6
"HydroRipVeg",1448,0,0,"sierranevada",1,6
"MedConF",2985,0,0,"sierranevada",1,6
"MedSclF",38437,0,0,"sierranevada",1,6
"MedScrub",110663,0,0,"sierranevada",1,6
"Reforestation",29226,0,0,"sierranevada",1,6
"RipF",2930,0,0,"sierranevada",1,6
"RockScreeVeg",99121,0,0,"sierranevada",1,6
"SMedMarF",16274,0,0,"sierranevada",1,6
"Shrub",3805,0,0,"sierranevada",1,6
"WaterSurf",246,0,0,"sierranevada",1,6
"AlpConF",173796,0,0,"sierranevada",1,7
"AlpScrGr",631181,0,0,"sierranevada",1,7
"AridScr",774,0,0,"sierranevada",1,7
"ArtSurf",8799,0,0,"sierranevada",1,7
"BareArea",50,0,0,"sierranevada",1,7
"Crop",1432,0,0,"sierranevada",1,7
"Grass",77900,0,0,"sierranevada",1,7
"HaloVeg",90,0,0,"sierranevada",1,7
"HydroRipVeg",1448,0,0,"sierranevada",1,7
"MedConF",2985,0,0,"sierranevada",1,7
"MedSclF",38437,0,0,"sierranevada",1,7
"MedScrub",110663,0,0,"sierranevada",1,7
"Reforestation",29226,0,0,"sierranevada",1,7
"RipF",2930,0,0,"sierranevada",1,7
"RockScreeVeg",99121,0,0,"sierranevada",1,7
"SMedMarF",16274,0,0,"sierranevada",1,7
"Shrub",3805,0,0,"sierranevada",1,7
"WaterSurf",246,0,0,"sierranevada",1,7
"AlpConF",173796,0,0,"sierranevada",1,8
"AlpScrGr",631178,0,0,"sierranevada",1,8
"AridScr",774,0,0,"sierranevada",1,8
"ArtSurf",8799,0,0,"sierranevada",1,8
"BareArea",50,0,0,"sierranevada",1,8
"Crop",1432,0,0,"sierranevada",1,8
"Grass",77900,0,0,"sierranevada",1,8
"HaloVeg",90,0,0,"sierranevada",1,8
"HydroRipVeg",1448,0,0,"sierranevada",1,8
"MedConF",2985,0,0,"sierranevada",1,8
"MedSclF",38437,0,0,"sierranevada",1,8
"MedScrub",110663,0,0,"sierranevada",1,8
"Reforestation",29226,0,0,"sierranevada",1,8
"RipF",2930,0,0,"sierranevada",1,8
"RockScreeVeg",99121,0,0,"sierranevada",1,8
"SMedMarF",16274,0,0,"sierranevada",1,8
"Shrub",3805,0,0,"sierranevada",1,8
"WaterSurf",246,0,0,"sierranevada",1,8
"AlpConF",173796,423,0.24,"sierranevada",1,9
"AlpScrGr",631177,2414,0.38,"sierranevada",1,9
"AridScr",774,4,0.52,"sierranevada",1,9
"ArtSurf",8799,14,0.16,"sierranevada",1,9
"BareArea",50,0,0,"sierranevada",1,9
"Crop",1432,2,0.14,"sierranevada",1,9
"Grass",77900,681,0.87,"sierranevada",1,9
"HaloVeg",90,0,0,"sierranevada",1,9
"HydroRipVeg",1448,5,0.35,"sierranevada",1,9
"MedConF",2985,192,6.43,"sierranevada",1,9
"MedSclF",38437,395,1.03,"sierranevada",1,9
"MedScrub",110663,299,0.27,"sierranevada",1,9
"Reforestation",29226,29,0.1,"sierranevada",1,9
"RipF",2930,12,0.41,"sierranevada",1,9
"RockScreeVeg",99121,35,0.04,"sierranevada",1,9
"SMedMarF",16274,288,1.77,"sierranevada",1,9
"Shrub",3805,4,0.11,"sierranevada",1,9
"WaterSurf",246,0,0,"sierranevada",1,9
"AlpConF",173796,0,0,"sierranevada",1,10
"AlpScrGr",631178,0,0,"sierranevada",1,10
"AridScr",774,0,0,"sierranevada",1,10
"ArtSurf",8799,0,0,"sierranevada",1,10
"BareArea",50,0,0,"sierranevada",1,10
"Crop",1432,0,0,"sierranevada",1,10
"Grass",77900,0,0,"sierranevada",1,10
"HaloVeg",90,0,0,"sierranevada",1,10
"HydroRipVeg",1448,0,0,"sierranevada",1,10
"MedConF",2985,0,0,"sierranevada",1,10
"MedSclF",38437,0,0,"sierranevada",1,10
"MedScrub",110663,0,0,"sierranevada",1,10
"Reforestation",29226,0,0,"sierranevada",1,10
"RipF",2930,0,0,"sierranevada",1,10
"RockScreeVeg",99121,0,0,"sierranevada",1,10
"SMedMarF",16274,0,0,"sierranevada",1,10
"Shrub",3805,0,0,"sierranevada",1,10
"WaterSurf",246,0,0,"sierranevada",1,10
"AlpConF",173794,0,0,"sierranevada",1,11
"AlpScrGr",631149,0,0,"sierranevada",1,11
"AridScr",772,0,0,"sierranevada",1,11
"ArtSurf",8799,0,0,"sierranevada",1,11
"BareArea",50,0,0,"sierranevada",1,11
"Crop",1432,0,0,"sierranevada",1,11
"Grass",77897,0,0,"sierranevada",1,11
"HaloVeg",90,0,0,"sierranevada",1,11
"HydroRipVeg",1448,0,0,"sierranevada",1,11
"MedConF",2985,0,0,"sierranevada",1,11
"MedSclF",38428,0,0,"sierranevada",1,11
"MedScrub",110657,0,0,"sierranevada",1,11
"Reforestation",29224,0,0,"sierranevada",1,11
"RipF",2930,0,0,"sierranevada",1,11
"RockScreeVeg",99119,0,0,"sierranevada",1,11
"SMedMarF",16274,0,0,"sierranevada",1,11
"Shrub",3805,0,0,"sierranevada",1,11
"WaterSurf",246,0,0,"sierranevada",1,11
"AlpConF",173767,0,0,"sierranevada",1,12
"AlpScrGr",631026,0,0,"sierranevada",1,12
"AridScr",763,0,0,"sierranevada",1,12
"ArtSurf",8799,0,0,"sierranevada",1,12
"BareArea",50,0,0,"sierranevada",1,12
"Crop",1432,0,0,"sierranevada",1,12
"Grass",77879,0,0,"sierranevada",1,12
"HaloVeg",90,0,0,"sierranevada",1,12
"HydroRipVeg",1442,0,0,"sierranevada",1,12
"MedConF",2985,0,0,"sierranevada",1,12
"MedSclF",38375,0,0,"sierranevada",1,12
"MedScrub",110617,0,0,"sierranevada",1,12
"Reforestation",29221,0,0,"sierranevada",1,12
"RipF",2928,0,0,"sierranevada",1,12
"RockScreeVeg",99098,0,0,"sierranevada",1,12
"SMedMarF",16272,0,0,"sierranevada",1,12
"Shrub",3805,0,0,"sierranevada",1,12
"WaterSurf",246,0,0,"sierranevada",1,12
"AlpConF",173794,0,0,"sierranevada",3,1
"AlpScrGr",631034,0,0,"sierranevada",3,1
"AridScr",766,0,0,"sierranevada",3,1
"ArtSurf",8799,0,0,"sierranevada",3,1
"BareArea",50,0,0,"sierranevada",3,1
"Crop",1432,0,0,"sierranevada",3,1
"Grass",77894,0,0,"sierranevada",3,1
"HaloVeg",90,0,0,"sierranevada",3,1
"HydroRipVeg",1442,0,0,"sierranevada",3,1
"MedConF",2985,0,0,"sierranevada",3,1
"MedSclF",38403,0,0,"sierranevada",3,1
"MedScrub",110649,0,0,"sierranevada",3,1
"Reforestation",29222,0,0,"sierranevada",3,1
"RipF",2926,0,0,"sierranevada",3,1
"RockScreeVeg",99111,0,0,"sierranevada",3,1
"SMedMarF",16274,0,0,"sierranevada",3,1
"Shrub",3805,0,0,"sierranevada",3,1
"WaterSurf",246,0,0,"sierranevada",3,1
"AlpConF",173794,15043,8.66,"sierranevada",3,2
"AlpScrGr",631149,71137,11.27,"sierranevada",3,2
"AridScr",773,1,0.13,"sierranevada",3,2
"ArtSurf",8799,2107,23.95,"sierranevada",3,2
"BareArea",50,0,0,"sierranevada",3,2
"Crop",1432,247,17.25,"sierranevada",3,2
"Grass",77900,10024,12.87,"sierranevada",3,2
"HaloVeg",90,30,33.33,"sierranevada",3,2
"HydroRipVeg",1447,371,25.64,"sierranevada",3,2
"MedConF",2985,23,0.77,"sierranevada",3,2
"MedSclF",38437,1804,4.69,"sierranevada",3,2
"MedScrub",110663,19740,17.84,"sierranevada",3,2
"Reforestation",29226,5997,20.52,"sierranevada",3,2
"RipF",2930,566,19.32,"sierranevada",3,2
"RockScreeVeg",99119,4496,4.54,"sierranevada",3,2
"SMedMarF",16274,1929,11.85,"sierranevada",3,2
"Shrub",3805,800,21.02,"sierranevada",3,2
"WaterSurf",246,12,4.88,"sierranevada",3,2
"AlpConF",173796,13875,7.98,"sierranevada",3,3
"AlpScrGr",631177,74851,11.86,"sierranevada",3,3
"AridScr",774,20,2.58,"sierranevada",3,3
"ArtSurf",8799,936,10.64,"sierranevada",3,3
"BareArea",50,0,0,"sierranevada",3,3
"Crop",1432,225,15.71,"sierranevada",3,3
"Grass",77900,7926,10.17,"sierranevada",3,3
"HaloVeg",90,13,14.44,"sierranevada",3,3
"HydroRipVeg",1448,455,31.42,"sierranevada",3,3
"MedConF",2985,10,0.34,"sierranevada",3,3
"MedSclF",38437,2384,6.2,"sierranevada",3,3
"MedScrub",110663,17152,15.5,"sierranevada",3,3
"Reforestation",29226,5788,19.8,"sierranevada",3,3
"RipF",2930,972,33.17,"sierranevada",3,3
"RockScreeVeg",99121,4001,4.04,"sierranevada",3,3
"SMedMarF",16274,3595,22.09,"sierranevada",3,3
"Shrub",3805,898,23.6,"sierranevada",3,3
"WaterSurf",246,1,0.41,"sierranevada",3,3
"AlpConF",173796,0,0,"sierranevada",3,4
"AlpScrGr",631177,0,0,"sierranevada",3,4
"AridScr",774,0,0,"sierranevada",3,4
"ArtSurf",8799,0,0,"sierranevada",3,4
"BareArea",50,0,0,"sierranevada",3,4
"Crop",1432,0,0,"sierranevada",3,4
"Grass",77900,0,0,"sierranevada",3,4
"HaloVeg",90,0,0,"sierranevada",3,4
"HydroRipVeg",1448,0,0,"sierranevada",3,4
"MedConF",2985,0,0,"sierranevada",3,4
"MedSclF",38437,0,0,"sierranevada",3,4
"MedScrub",110663,0,0,"sierranevada",3,4
"Reforestation",29226,0,0,"sierranevada",3,4
"RipF",2930,0,0,"sierranevada",3,4
"RockScreeVeg",99121,0,0,"sierranevada",3,4
"SMedMarF",16274,0,0,"sierranevada",3,4
"Shrub",3805,0,0,"sierranevada",3,4
"WaterSurf",246,0,0,"sierranevada",3,4
"AlpConF",173796,0,0,"sierranevada",3,5
"AlpScrGr",631177,0,0,"sierranevada",3,5
"AridScr",774,0,0,"sierranevada",3,5
"ArtSurf",8799,0,0,"sierranevada",3,5
"BareArea",50,0,0,"sierranevada",3,5
"Crop",1432,0,0,"sierranevada",3,5
"Grass",77900,0,0,"sierranevada",3,5
"HaloVeg",90,0,0,"sierranevada",3,5
"HydroRipVeg",1448,0,0,"sierranevada",3,5
"MedConF",2985,0,0,"sierranevada",3,5
"MedSclF",38437,0,0,"sierranevada",3,5
"MedScrub",110663,0,0,"sierranevada",3,5
"Reforestation",29226,0,0,"sierranevada",3,5
"RipF",2930,0,0,"sierranevada",3,5
"RockScreeVeg",99121,0,0,"sierranevada",3,5
"SMedMarF",16274,0,0,"sierranevada",3,5
"Shrub",3805,0,0,"sierranevada",3,5
"WaterSurf",246,0,0,"sierranevada",3,5
"AlpConF",173796,0,0,"sierranevada",3,6
"AlpScrGr",631177,0,0,"sierranevada",3,6
"AridScr",774,0,0,"sierranevada",3,6
"ArtSurf",8799,0,0,"sierranevada",3,6
"BareArea",50,0,0,"sierranevada",3,6
"Crop",1432,0,0,"sierranevada",3,6
"Grass",77900,0,0,"sierranevada",3,6
"HaloVeg",90,0,0,"sierranevada",3,6
"HydroRipVeg",1448,0,0,"sierranevada",3,6
"MedConF",2985,0,0,"sierranevada",3,6
"MedSclF",38437,0,0,"sierranevada",3,6
"MedScrub",110663,0,0,"sierranevada",3,6
"Reforestation",29226,0,0,"sierranevada",3,6
"RipF",2930,0,0,"sierranevada",3,6
"RockScreeVeg",99121,0,0,"sierranevada",3,6
"SMedMarF",16274,0,0,"sierranevada",3,6
"Shrub",3805,0,0,"sierranevada",3,6
"WaterSurf",246,0,0,"sierranevada",3,6
"AlpConF",173796,0,0,"sierranevada",3,7
"AlpScrGr",631181,69,0.01,"sierranevada",3,7
"AridScr",774,0,0,"sierranevada",3,7
"ArtSurf",8799,0,0,"sierranevada",3,7
"BareArea",50,0,0,"sierranevada",3,7
"Crop",1432,0,0,"sierranevada",3,7
"Grass",77900,27,0.03,"sierranevada",3,7
"HaloVeg",90,0,0,"sierranevada",3,7
"HydroRipVeg",1448,0,0,"sierranevada",3,7
"MedConF",2985,0,0,"sierranevada",3,7
"MedSclF",38437,0,0,"sierranevada",3,7
"MedScrub",110663,0,0,"sierranevada",3,7
"Reforestation",29226,0,0,"sierranevada",3,7
"RipF",2930,0,0,"sierranevada",3,7
"RockScreeVeg",99121,265,0.27,"sierranevada",3,7
"SMedMarF",16274,0,0,"sierranevada",3,7
"Shrub",3805,0,0,"sierranevada",3,7
"WaterSurf",246,3,1.22,"sierranevada",3,7
"AlpConF",173796,0,0,"sierranevada",3,8
"AlpScrGr",631178,0,0,"sierranevada",3,8
"AridScr",774,0,0,"sierranevada",3,8
"ArtSurf",8799,0,0,"sierranevada",3,8
"BareArea",50,0,0,"sierranevada",3,8
"Crop",1432,0,0,"sierranevada",3,8
"Grass",77900,0,0,"sierranevada",3,8
"HaloVeg",90,0,0,"sierranevada",3,8
"HydroRipVeg",1448,0,0,"sierranevada",3,8
"MedConF",2985,0,0,"sierranevada",3,8
"MedSclF",38437,0,0,"sierranevada",3,8
"MedScrub",110663,0,0,"sierranevada",3,8
"Reforestation",29226,0,0,"sierranevada",3,8
"RipF",2930,0,0,"sierranevada",3,8
"RockScreeVeg",99121,0,0,"sierranevada",3,8
"SMedMarF",16274,0,0,"sierranevada",3,8
"Shrub",3805,0,0,"sierranevada",3,8
"WaterSurf",246,0,0,"sierranevada",3,8
"AlpConF",173796,0,0,"sierranevada",3,9
"AlpScrGr",631177,0,0,"sierranevada",3,9
"AridScr",774,0,0,"sierranevada",3,9
"ArtSurf",8799,0,0,"sierranevada",3,9
"BareArea",50,0,0,"sierranevada",3,9
"Crop",1432,0,0,"sierranevada",3,9
"Grass",77900,0,0,"sierranevada",3,9
"HaloVeg",90,0,0,"sierranevada",3,9
"HydroRipVeg",1448,0,0,"sierranevada",3,9
"MedConF",2985,0,0,"sierranevada",3,9
"MedSclF",38437,0,0,"sierranevada",3,9
"MedScrub",110663,0,0,"sierranevada",3,9
"Reforestation",29226,0,0,"sierranevada",3,9
"RipF",2930,0,0,"sierranevada",3,9
"RockScreeVeg",99121,0,0,"sierranevada",3,9
"SMedMarF",16274,0,0,"sierranevada",3,9
"Shrub",3805,0,0,"sierranevada",3,9
"WaterSurf",246,0,0,"sierranevada",3,9
"AlpConF",173796,0,0,"sierranevada",3,10
"AlpScrGr",631178,0,0,"sierranevada",3,10
"AridScr",774,0,0,"sierranevada",3,10
"ArtSurf",8799,0,0,"sierranevada",3,10
"BareArea",50,0,0,"sierranevada",3,10
"Crop",1432,0,0,"sierranevada",3,10
"Grass",77900,0,0,"sierranevada",3,10
"HaloVeg",90,0,0,"sierranevada",3,10
"HydroRipVeg",1448,0,0,"sierranevada",3,10
"MedConF",2985,0,0,"sierranevada",3,10
"MedSclF",38437,0,0,"sierranevada",3,10
"MedScrub",110663,0,0,"sierranevada",3,10
"Reforestation",29226,0,0,"sierranevada",3,10
"RipF",2930,0,0,"sierranevada",3,10
"RockScreeVeg",99121,0,0,"sierranevada",3,10
"SMedMarF",16274,0,0,"sierranevada",3,10
"Shrub",3805,0,0,"sierranevada",3,10
"WaterSurf",246,0,0,"sierranevada",3,10
"AlpConF",173794,0,0,"sierranevada",3,11
"AlpScrGr",631149,0,0,"sierranevada",3,11
"AridScr",772,0,0,"sierranevada",3,11
"ArtSurf",8799,0,0,"sierranevada",3,11
"BareArea",50,0,0,"sierranevada",3,11
"Crop",1432,0,0,"sierranevada",3,11
"Grass",77897,0,0,"sierranevada",3,11
"HaloVeg",90,0,0,"sierranevada",3,11
"HydroRipVeg",1448,0,0,"sierranevada",3,11
"MedConF",2985,0,0,"sierranevada",3,11
"MedSclF",38428,0,0,"sierranevada",3,11
"MedScrub",110657,0,0,"sierranevada",3,11
"Reforestation",29224,0,0,"sierranevada",3,11
"RipF",2930,0,0,"sierranevada",3,11
"RockScreeVeg",99119,0,0,"sierranevada",3,11
"SMedMarF",16274,0,0,"sierranevada",3,11
"Shrub",3805,0,0,"sierranevada",3,11
"WaterSurf",246,0,0,"sierranevada",3,11
"AlpConF",173767,0,0,"sierranevada",3,12
"AlpScrGr",631026,0,0,"sierranevada",3,12
"AridScr",763,0,0,"sierranevada",3,12
"ArtSurf",8799,0,0,"sierranevada",3,12
"BareArea",50,0,0,"sierranevada",3,12
"Crop",1432,0,0,"sierranevada",3,12
"Grass",77879,0,0,"sierranevada",3,12
"HaloVeg",90,0,0,"sierranevada",3,12
"HydroRipVeg",1442,0,0,"sierranevada",3,12
"MedConF",2985,0,0,"sierranevada",3,12
"MedSclF",38375,0,0,"sierranevada",3,12
"MedScrub",110617,0,0,"sierranevada",3,12
"Reforestation",29221,0,0,"sierranevada",3,12
"RipF",2928,0,0,"sierranevada",3,12
"RockScreeVeg",99098,0,0,"sierranevada",3,12
"SMedMarF",16272,0,0,"sierranevada",3,12
"Shrub",3805,0,0,"sierranevada",3,12
"WaterSurf",246,0,0,"sierranevada",3,12
"AlpConF",173794,0,0,"sierranevada",6,1
"AlpScrGr",631034,2,0,"sierranevada",6,1
"AridScr",766,0,0,"sierranevada",6,1
"ArtSurf",8799,0,0,"sierranevada",6,1
"BareArea",50,0,0,"sierranevada",6,1
"Crop",1432,0,0,"sierranevada",6,1
"Grass",77894,0,0,"sierranevada",6,1
"HaloVeg",90,0,0,"sierranevada",6,1
"HydroRipVeg",1442,0,0,"sierranevada",6,1
"MedConF",2985,0,0,"sierranevada",6,1
"MedSclF",38403,0,0,"sierranevada",6,1
"MedScrub",110649,0,0,"sierranevada",6,1
"Reforestation",29222,0,0,"sierranevada",6,1
"RipF",2926,0,0,"sierranevada",6,1
"RockScreeVeg",99111,0,0,"sierranevada",6,1
"SMedMarF",16274,0,0,"sierranevada",6,1
"Shrub",3805,0,0,"sierranevada",6,1
"WaterSurf",246,0,0,"sierranevada",6,1
"AlpConF",173794,0,0,"sierranevada",6,2
"AlpScrGr",631149,0,0,"sierranevada",6,2
"AridScr",773,0,0,"sierranevada",6,2
"ArtSurf",8799,0,0,"sierranevada",6,2
"BareArea",50,0,0,"sierranevada",6,2
"Crop",1432,0,0,"sierranevada",6,2
"Grass",77900,0,0,"sierranevada",6,2
"HaloVeg",90,0,0,"sierranevada",6,2
"HydroRipVeg",1447,0,0,"sierranevada",6,2
"MedConF",2985,0,0,"sierranevada",6,2
"MedSclF",38437,0,0,"sierranevada",6,2
"MedScrub",110663,0,0,"sierranevada",6,2
"Reforestation",29226,0,0,"sierranevada",6,2
"RipF",2930,0,0,"sierranevada",6,2
"RockScreeVeg",99119,0,0,"sierranevada",6,2
"SMedMarF",16274,0,0,"sierranevada",6,2
"Shrub",3805,0,0,"sierranevada",6,2
"WaterSurf",246,0,0,"sierranevada",6,2
"AlpConF",173796,0,0,"sierranevada",6,3
"AlpScrGr",631177,0,0,"sierranevada",6,3
"AridScr",774,0,0,"sierranevada",6,3
"ArtSurf",8799,0,0,"sierranevada",6,3
"BareArea",50,0,0,"sierranevada",6,3
"Crop",1432,0,0,"sierranevada",6,3
"Grass",77900,0,0,"sierranevada",6,3
"HaloVeg",90,0,0,"sierranevada",6,3
"HydroRipVeg",1448,0,0,"sierranevada",6,3
"MedConF",2985,0,0,"sierranevada",6,3
"MedSclF",38437,0,0,"sierranevada",6,3
"MedScrub",110663,0,0,"sierranevada",6,3
"Reforestation",29226,0,0,"sierranevada",6,3
"RipF",2930,0,0,"sierranevada",6,3
"RockScreeVeg",99121,0,0,"sierranevada",6,3
"SMedMarF",16274,0,0,"sierranevada",6,3
"Shrub",3805,0,0,"sierranevada",6,3
"WaterSurf",246,0,0,"sierranevada",6,3
"AlpConF",173796,0,0,"sierranevada",6,4
"AlpScrGr",631177,0,0,"sierranevada",6,4
"AridScr",774,0,0,"sierranevada",6,4
"ArtSurf",8799,0,0,"sierranevada",6,4
"BareArea",50,0,0,"sierranevada",6,4
"Crop",1432,0,0,"sierranevada",6,4
"Grass",77900,0,0,"sierranevada",6,4
"HaloVeg",90,0,0,"sierranevada",6,4
"HydroRipVeg",1448,0,0,"sierranevada",6,4
"MedConF",2985,0,0,"sierranevada",6,4
"MedSclF",38437,0,0,"sierranevada",6,4
"MedScrub",110663,0,0,"sierranevada",6,4
"Reforestation",29226,0,0,"sierranevada",6,4
"RipF",2930,0,0,"sierranevada",6,4
"RockScreeVeg",99121,0,0,"sierranevada",6,4
"SMedMarF",16274,0,0,"sierranevada",6,4
"Shrub",3805,0,0,"sierranevada",6,4
"WaterSurf",246,0,0,"sierranevada",6,4
"AlpConF",173796,38,0.02,"sierranevada",6,5
"AlpScrGr",631177,2156,0.34,"sierranevada",6,5
"AridScr",774,0,0,"sierranevada",6,5
"ArtSurf",8799,0,0,"sierranevada",6,5
"BareArea",50,0,0,"sierranevada",6,5
"Crop",1432,0,0,"sierranevada",6,5
"Grass",77900,31,0.04,"sierranevada",6,5
"HaloVeg",90,1,1.11,"sierranevada",6,5
"HydroRipVeg",1448,1,0.07,"sierranevada",6,5
"MedConF",2985,2,0.07,"sierranevada",6,5
"MedSclF",38437,16,0.04,"sierranevada",6,5
"MedScrub",110663,359,0.32,"sierranevada",6,5
"Reforestation",29226,47,0.16,"sierranevada",6,5
"RipF",2930,27,0.92,"sierranevada",6,5
"RockScreeVeg",99121,70,0.07,"sierranevada",6,5
"SMedMarF",16274,157,0.96,"sierranevada",6,5
"Shrub",3805,11,0.29,"sierranevada",6,5
"WaterSurf",246,0,0,"sierranevada",6,5
"AlpConF",173796,0,0,"sierranevada",6,6
"AlpScrGr",631177,0,0,"sierranevada",6,6
"AridScr",774,0,0,"sierranevada",6,6
"ArtSurf",8799,0,0,"sierranevada",6,6
"BareArea",50,0,0,"sierranevada",6,6
"Crop",1432,0,0,"sierranevada",6,6
"Grass",77900,0,0,"sierranevada",6,6
"HaloVeg",90,0,0,"sierranevada",6,6
"HydroRipVeg",1448,0,0,"sierranevada",6,6
"MedConF",2985,0,0,"sierranevada",6,6
"MedSclF",38437,0,0,"sierranevada",6,6
"MedScrub",110663,0,0,"sierranevada",6,6
"Reforestation",29226,0,0,"sierranevada",6,6
"RipF",2930,0,0,"sierranevada",6,6
"RockScreeVeg",99121,0,0,"sierranevada",6,6
"SMedMarF",16274,0,0,"sierranevada",6,6
"Shrub",3805,0,0,"sierranevada",6,6
"WaterSurf",246,0,0,"sierranevada",6,6
"AlpConF",173796,0,0,"sierranevada",6,7
"AlpScrGr",631181,0,0,"sierranevada",6,7
"AridScr",774,0,0,"sierranevada",6,7
"ArtSurf",8799,0,0,"sierranevada",6,7
"BareArea",50,0,0,"sierranevada",6,7
"Crop",1432,0,0,"sierranevada",6,7
"Grass",77900,0,0,"sierranevada",6,7
"HaloVeg",90,0,0,"sierranevada",6,7
"HydroRipVeg",1448,0,0,"sierranevada",6,7
"MedConF",2985,0,0,"sierranevada",6,7
"MedSclF",38437,0,0,"sierranevada",6,7
"MedScrub",110663,0,0,"sierranevada",6,7
"Reforestation",29226,0,0,"sierranevada",6,7
"RipF",2930,0,0,"sierranevada",6,7
"RockScreeVeg",99121,0,0,"sierranevada",6,7
"SMedMarF",16274,0,0,"sierranevada",6,7
"Shrub",3805,0,0,"sierranevada",6,7
"WaterSurf",246,0,0,"sierranevada",6,7
"AlpConF",173796,0,0,"sierranevada",6,8
"AlpScrGr",631178,0,0,"sierranevada",6,8
"AridScr",774,0,0,"sierranevada",6,8
"ArtSurf",8799,0,0,"sierranevada",6,8
"BareArea",50,0,0,"sierranevada",6,8
"Crop",1432,0,0,"sierranevada",6,8
"Grass",77900,0,0,"sierranevada",6,8
"HaloVeg",90,0,0,"sierranevada",6,8
"HydroRipVeg",1448,0,0,"sierranevada",6,8
"MedConF",2985,0,0,"sierranevada",6,8
"MedSclF",38437,0,0,"sierranevada",6,8
"MedScrub",110663,0,0,"sierranevada",6,8
"Reforestation",29226,0,0,"sierranevada",6,8
"RipF",2930,0,0,"sierranevada",6,8
"RockScreeVeg",99121,0,0,"sierranevada",6,8
"SMedMarF",16274,0,0,"sierranevada",6,8
"Shrub",3805,0,0,"sierranevada",6,8
"WaterSurf",246,0,0,"sierranevada",6,8
"AlpConF",173796,0,0,"sierranevada",6,9
"AlpScrGr",631177,0,0,"sierranevada",6,9
"AridScr",774,0,0,"sierranevada",6,9
"ArtSurf",8799,0,0,"sierranevada",6,9
"BareArea",50,0,0,"sierranevada",6,9
"Crop",1432,0,0,"sierranevada",6,9
"Grass",77900,0,0,"sierranevada",6,9
"HaloVeg",90,0,0,"sierranevada",6,9
"HydroRipVeg",1448,0,0,"sierranevada",6,9
"MedConF",2985,0,0,"sierranevada",6,9
"MedSclF",38437,0,0,"sierranevada",6,9
"MedScrub",110663,0,0,"sierranevada",6,9
"Reforestation",29226,0,0,"sierranevada",6,9
"RipF",2930,0,0,"sierranevada",6,9
"RockScreeVeg",99121,0,0,"sierranevada",6,9
"SMedMarF",16274,0,0,"sierranevada",6,9
"Shrub",3805,0,0,"sierranevada",6,9
"WaterSurf",246,0,0,"sierranevada",6,9
"AlpConF",173796,0,0,"sierranevada",6,10
"AlpScrGr",631178,0,0,"sierranevada",6,10
"AridScr",774,0,0,"sierranevada",6,10
"ArtSurf",8799,0,0,"sierranevada",6,10
"BareArea",50,0,0,"sierranevada",6,10
"Crop",1432,0,0,"sierranevada",6,10
"Grass",77900,0,0,"sierranevada",6,10
"HaloVeg",90,0,0,"sierranevada",6,10
"HydroRipVeg",1448,0,0,"sierranevada",6,10
"MedConF",2985,0,0,"sierranevada",6,10
"MedSclF",38437,0,0,"sierranevada",6,10
"MedScrub",110663,0,0,"sierranevada",6,10
"Reforestation",29226,0,0,"sierranevada",6,10
"RipF",2930,0,0,"sierranevada",6,10
"RockScreeVeg",99121,0,0,"sierranevada",6,10
"SMedMarF",16274,0,0,"sierranevada",6,10
"Shrub",3805,0,0,"sierranevada",6,10
"WaterSurf",246,0,0,"sierranevada",6,10
"AlpConF",173794,0,0,"sierranevada",6,11
"AlpScrGr",631149,0,0,"sierranevada",6,11
"AridScr",772,0,0,"sierranevada",6,11
"ArtSurf",8799,0,0,"sierranevada",6,11
"BareArea",50,0,0,"sierranevada",6,11
"Crop",1432,0,0,"sierranevada",6,11
"Grass",77897,0,0,"sierranevada",6,11
"HaloVeg",90,0,0,"sierranevada",6,11
"HydroRipVeg",1448,0,0,"sierranevada",6,11
"MedConF",2985,0,0,"sierranevada",6,11
"MedSclF",38428,0,0,"sierranevada",6,11
"MedScrub",110657,0,0,"sierranevada",6,11
"Reforestation",29224,0,0,"sierranevada",6,11
"RipF",2930,0,0,"sierranevada",6,11
"RockScreeVeg",99119,0,0,"sierranevada",6,11
"SMedMarF",16274,0,0,"sierranevada",6,11
"Shrub",3805,0,0,"sierranevada",6,11
"WaterSurf",246,0,0,"sierranevada",6,11
"AlpConF",173767,0,0,"sierranevada",6,12
"AlpScrGr",631026,0,0,"sierranevada",6,12
"AridScr",763,0,0,"sierranevada",6,12
"ArtSurf",8799,0,0,"sierranevada",6,12
"BareArea",50,0,0,"sierranevada",6,12
"Crop",1432,0,0,"sierranevada",6,12
"Grass",77879,0,0,"sierranevada",6,12
"HaloVeg",90,0,0,"sierranevada",6,12
"HydroRipVeg",1442,0,0,"sierranevada",6,12
"MedConF",2985,0,0,"sierranevada",6,12
"MedSclF",38375,0,0,"sierranevada",6,12
"MedScrub",110617,0,0,"sierranevada",6,12
"Reforestation",29221,0,0,"sierranevada",6,12
"RipF",2928,0,0,"sierranevada",6,12
"RockScreeVeg",99098,0,0,"sierranevada",6,12
"SMedMarF",16272,0,0,"sierranevada",6,12
"Shrub",3805,0,0,"sierranevada",6,12
"WaterSurf",246,0,0,"sierranevada",6,12
"AlpConF",173794,0,0,"sierranevada",9,1
"AlpScrGr",631034,0,0,"sierranevada",9,1
"AridScr",766,0,0,"sierranevada",9,1
"ArtSurf",8799,0,0,"sierranevada",9,1
"BareArea",50,0,0,"sierranevada",9,1
"Crop",1432,0,0,"sierranevada",9,1
"Grass",77894,0,0,"sierranevada",9,1
"HaloVeg",90,0,0,"sierranevada",9,1
"HydroRipVeg",1442,0,0,"sierranevada",9,1
"MedConF",2985,0,0,"sierranevada",9,1
"MedSclF",38403,0,0,"sierranevada",9,1
"MedScrub",110649,0,0,"sierranevada",9,1
"Reforestation",29222,0,0,"sierranevada",9,1
"RipF",2926,0,0,"sierranevada",9,1
"RockScreeVeg",99111,0,0,"sierranevada",9,1
"SMedMarF",16274,0,0,"sierranevada",9,1
"Shrub",3805,0,0,"sierranevada",9,1
"WaterSurf",246,0,0,"sierranevada",9,1
"AlpConF",173794,0,0,"sierranevada",9,2
"AlpScrGr",631149,0,0,"sierranevada",9,2
"AridScr",773,0,0,"sierranevada",9,2
"ArtSurf",8799,0,0,"sierranevada",9,2
"BareArea",50,0,0,"sierranevada",9,2
"Crop",1432,0,0,"sierranevada",9,2
"Grass",77900,0,0,"sierranevada",9,2
"HaloVeg",90,0,0,"sierranevada",9,2
"HydroRipVeg",1447,0,0,"sierranevada",9,2
"MedConF",2985,0,0,"sierranevada",9,2
"MedSclF",38437,0,0,"sierranevada",9,2
"MedScrub",110663,0,0,"sierranevada",9,2
"Reforestation",29226,0,0,"sierranevada",9,2
"RipF",2930,0,0,"sierranevada",9,2
"RockScreeVeg",99119,0,0,"sierranevada",9,2
"SMedMarF",16274,0,0,"sierranevada",9,2
"Shrub",3805,0,0,"sierranevada",9,2
"WaterSurf",246,0,0,"sierranevada",9,2
"AlpConF",173796,13,0.01,"sierranevada",9,3
"AlpScrGr",631177,215,0.03,"sierranevada",9,3
"AridScr",774,0,0,"sierranevada",9,3
"ArtSurf",8799,2,0.02,"sierranevada",9,3
"BareArea",50,0,0,"sierranevada",9,3
"Crop",1432,4,0.28,"sierranevada",9,3
"Grass",77900,10,0.01,"sierranevada",9,3
"HaloVeg",90,0,0,"sierranevada",9,3
"HydroRipVeg",1448,4,0.28,"sierranevada",9,3
"MedConF",2985,0,0,"sierranevada",9,3
"MedSclF",38437,3,0.01,"sierranevada",9,3
"MedScrub",110663,50,0.05,"sierranevada",9,3
"Reforestation",29226,197,0.67,"sierranevada",9,3
"RipF",2930,3,0.1,"sierranevada",9,3
"RockScreeVeg",99121,10,0.01,"sierranevada",9,3
"SMedMarF",16274,12,0.07,"sierranevada",9,3
"Shrub",3805,4,0.11,"sierranevada",9,3
"WaterSurf",246,0,0,"sierranevada",9,3
"AlpConF",173796,0,0,"sierranevada",9,4
"AlpScrGr",631177,1,0,"sierranevada",9,4
"AridScr",774,0,0,"sierranevada",9,4
"ArtSurf",8799,0,0,"sierranevada",9,4
"BareArea",50,0,0,"sierranevada",9,4
"Crop",1432,0,0,"sierranevada",9,4
"Grass",77900,0,0,"sierranevada",9,4
"HaloVeg",90,0,0,"sierranevada",9,4
"HydroRipVeg",1448,0,0,"sierranevada",9,4
"MedConF",2985,0,0,"sierranevada",9,4
"MedSclF",38437,0,0,"sierranevada",9,4
"MedScrub",110663,0,0,"sierranevada",9,4
"Reforestation",29226,0,0,"sierranevada",9,4
"RipF",2930,0,0,"sierranevada",9,4
"RockScreeVeg",99121,0,0,"sierranevada",9,4
"SMedMarF",16274,0,0,"sierranevada",9,4
"Shrub",3805,0,0,"sierranevada",9,4
"WaterSurf",246,0,0,"sierranevada",9,4
"AlpConF",173796,71,0.04,"sierranevada",9,5
"AlpScrGr",631177,1698,0.27,"sierranevada",9,5
"AridScr",774,0,0,"sierranevada",9,5
"ArtSurf",8799,5,0.06,"sierranevada",9,5
"BareArea",50,0,0,"sierranevada",9,5
"Crop",1432,0,0,"sierranevada",9,5
"Grass",77900,38,0.05,"sierranevada",9,5
"HaloVeg",90,0,0,"sierranevada",9,5
"HydroRipVeg",1448,0,0,"sierranevada",9,5
"MedConF",2985,5,0.17,"sierranevada",9,5
"MedSclF",38437,35,0.09,"sierranevada",9,5
"MedScrub",110663,183,0.17,"sierranevada",9,5
"Reforestation",29226,86,0.29,"sierranevada",9,5
"RipF",2930,7,0.24,"sierranevada",9,5
"RockScreeVeg",99121,61,0.06,"sierranevada",9,5
"SMedMarF",16274,186,1.14,"sierranevada",9,5
"Shrub",3805,25,0.66,"sierranevada",9,5
"WaterSurf",246,0,0,"sierranevada",9,5
"AlpConF",173796,0,0,"sierranevada",9,6
"AlpScrGr",631177,0,0,"sierranevada",9,6
"AridScr",774,0,0,"sierranevada",9,6
"ArtSurf",8799,0,0,"sierranevada",9,6
"BareArea",50,0,0,"sierranevada",9,6
"Crop",1432,0,0,"sierranevada",9,6
"Grass",77900,0,0,"sierranevada",9,6
"HaloVeg",90,0,0,"sierranevada",9,6
"HydroRipVeg",1448,0,0,"sierranevada",9,6
"MedConF",2985,0,0,"sierranevada",9,6
"MedSclF",38437,0,0,"sierranevada",9,6
"MedScrub",110663,0,0,"sierranevada",9,6
"Reforestation",29226,0,0,"sierranevada",9,6
"RipF",2930,0,0,"sierranevada",9,6
"RockScreeVeg",99121,0,0,"sierranevada",9,6
"SMedMarF",16274,0,0,"sierranevada",9,6
"Shrub",3805,0,0,"sierranevada",9,6
"WaterSurf",246,0,0,"sierranevada",9,6
"AlpConF",173796,0,0,"sierranevada",9,7
"AlpScrGr",631181,0,0,"sierranevada",9,7
"AridScr",774,0,0,"sierranevada",9,7
"ArtSurf",8799,0,0,"sierranevada",9,7
"BareArea",50,0,0,"sierranevada",9,7
"Crop",1432,0,0,"sierranevada",9,7
"Grass",77900,0,0,"sierranevada",9,7
"HaloVeg",90,0,0,"sierranevada",9,7
"HydroRipVeg",1448,0,0,"sierranevada",9,7
"MedConF",2985,0,0,"sierranevada",9,7
"MedSclF",38437,0,0,"sierranevada",9,7
"MedScrub",110663,0,0,"sierranevada",9,7
"Reforestation",29226,0,0,"sierranevada",9,7
"RipF",2930,0,0,"sierranevada",9,7
"RockScreeVeg",99121,0,0,"sierranevada",9,7
"SMedMarF",16274,0,0,"sierranevada",9,7
"Shrub",3805,0,0,"sierranevada",9,7
"WaterSurf",246,0,0,"sierranevada",9,7
"AlpConF",173796,0,0,"sierranevada",9,8
"AlpScrGr",631178,0,0,"sierranevada",9,8
"AridScr",774,0,0,"sierranevada",9,8
"ArtSurf",8799,0,0,"sierranevada",9,8
"BareArea",50,0,0,"sierranevada",9,8
"Crop",1432,0,0,"sierranevada",9,8
"Grass",77900,0,0,"sierranevada",9,8
"HaloVeg",90,0,0,"sierranevada",9,8
"HydroRipVeg",1448,0,0,"sierranevada",9,8
"MedConF",2985,0,0,"sierranevada",9,8
"MedSclF",38437,0,0,"sierranevada",9,8
"MedScrub",110663,0,0,"sierranevada",9,8
"Reforestation",29226,0,0,"sierranevada",9,8
"RipF",2930,0,0,"sierranevada",9,8
"RockScreeVeg",99121,0,0,"sierranevada",9,8
"SMedMarF",16274,0,0,"sierranevada",9,8
"Shrub",3805,0,0,"sierranevada",9,8
"WaterSurf",246,0,0,"sierranevada",9,8
"AlpConF",173796,0,0,"sierranevada",9,9
"AlpScrGr",631177,0,0,"sierranevada",9,9
"AridScr",774,0,0,"sierranevada",9,9
"ArtSurf",8799,0,0,"sierranevada",9,9
"BareArea",50,0,0,"sierranevada",9,9
"Crop",1432,0,0,"sierranevada",9,9
"Grass",77900,0,0,"sierranevada",9,9
"HaloVeg",90,0,0,"sierranevada",9,9
"HydroRipVeg",1448,0,0,"sierranevada",9,9
"MedConF",2985,0,0,"sierranevada",9,9
"MedSclF",38437,0,0,"sierranevada",9,9
"MedScrub",110663,0,0,"sierranevada",9,9
"Reforestation",29226,0,0,"sierranevada",9,9
"RipF",2930,0,0,"sierranevada",9,9
"RockScreeVeg",99121,0,0,"sierranevada",9,9
"SMedMarF",16274,0,0,"sierranevada",9,9
"Shrub",3805,0,0,"sierranevada",9,9
"WaterSurf",246,0,0,"sierranevada",9,9
"AlpConF",173796,0,0,"sierranevada",9,10
"AlpScrGr",631178,0,0,"sierranevada",9,10
"AridScr",774,0,0,"sierranevada",9,10
"ArtSurf",8799,0,0,"sierranevada",9,10
"BareArea",50,0,0,"sierranevada",9,10
"Crop",1432,0,0,"sierranevada",9,10
"Grass",77900,0,0,"sierranevada",9,10
"HaloVeg",90,0,0,"sierranevada",9,10
"HydroRipVeg",1448,0,0,"sierranevada",9,10
"MedConF",2985,0,0,"sierranevada",9,10
"MedSclF",38437,0,0,"sierranevada",9,10
"MedScrub",110663,0,0,"sierranevada",9,10
"Reforestation",29226,0,0,"sierranevada",9,10
"RipF",2930,0,0,"sierranevada",9,10
"RockScreeVeg",99121,0,0,"sierranevada",9,10
"SMedMarF",16274,0,0,"sierranevada",9,10
"Shrub",3805,0,0,"sierranevada",9,10
"WaterSurf",246,0,0,"sierranevada",9,10
"AlpConF",173794,0,0,"sierranevada",9,11
"AlpScrGr",631149,0,0,"sierranevada",9,11
"AridScr",772,0,0,"sierranevada",9,11
"ArtSurf",8799,0,0,"sierranevada",9,11
"BareArea",50,0,0,"sierranevada",9,11
"Crop",1432,0,0,"sierranevada",9,11
"Grass",77897,0,0,"sierranevada",9,11
"HaloVeg",90,0,0,"sierranevada",9,11
"HydroRipVeg",1448,0,0,"sierranevada",9,11
"MedConF",2985,0,0,"sierranevada",9,11
"MedSclF",38428,0,0,"sierranevada",9,11
"MedScrub",110657,0,0,"sierranevada",9,11
"Reforestation",29224,0,0,"sierranevada",9,11
"RipF",2930,0,0,"sierranevada",9,11
"RockScreeVeg",99119,0,0,"sierranevada",9,11
"SMedMarF",16274,0,0,"sierranevada",9,11
"Shrub",3805,0,0,"sierranevada",9,11
"WaterSurf",246,0,0,"sierranevada",9,11
"AlpConF",173767,0,0,"sierranevada",9,12
"AlpScrGr",631026,0,0,"sierranevada",9,12
"AridScr",763,0,0,"sierranevada",9,12
"ArtSurf",8799,0,0,"sierranevada",9,12
"BareArea",50,0,0,"sierranevada",9,12
"Crop",1432,0,0,"sierranevada",9,12
"Grass",77879,0,0,"sierranevada",9,12
"HaloVeg",90,0,0,"sierranevada",9,12
"HydroRipVeg",1442,0,0,"sierranevada",9,12
"MedConF",2985,0,0,"sierranevada",9,12
"MedSclF",38375,0,0,"sierranevada",9,12
"MedScrub",110617,0,0,"sierranevada",9,12
"Reforestation",29221,0,0,"sierranevada",9,12
"RipF",2928,0,0,"sierranevada",9,12
"RockScreeVeg",99098,0,0,"sierranevada",9,12
"SMedMarF",16272,0,0,"sierranevada",9,12
"Shrub",3805,0,0,"sierranevada",9,12
"WaterSurf",246,0,0,"sierranevada",9,12
"AlpConF",173794,0,0,"sierranevada",12,1
"AlpScrGr",631034,0,0,"sierranevada",12,1
"AridScr",766,0,0,"sierranevada",12,1
"ArtSurf",8799,0,0,"sierranevada",12,1
"BareArea",50,0,0,"sierranevada",12,1
"Crop",1432,0,0,"sierranevada",12,1
"Grass",77894,0,0,"sierranevada",12,1
"HaloVeg",90,0,0,"sierranevada",12,1
"HydroRipVeg",1442,0,0,"sierranevada",12,1
"MedConF",2985,0,0,"sierranevada",12,1
"MedSclF",38403,0,0,"sierranevada",12,1
"MedScrub",110649,0,0,"sierranevada",12,1
"Reforestation",29222,0,0,"sierranevada",12,1
"RipF",2926,0,0,"sierranevada",12,1
"RockScreeVeg",99111,0,0,"sierranevada",12,1
"SMedMarF",16274,0,0,"sierranevada",12,1
"Shrub",3805,0,0,"sierranevada",12,1
"WaterSurf",246,0,0,"sierranevada",12,1
"AlpConF",173794,0,0,"sierranevada",12,2
"AlpScrGr",631149,0,0,"sierranevada",12,2
"AridScr",773,0,0,"sierranevada",12,2
"ArtSurf",8799,0,0,"sierranevada",12,2
"BareArea",50,0,0,"sierranevada",12,2
"Crop",1432,0,0,"sierranevada",12,2
"Grass",77900,0,0,"sierranevada",12,2
"HaloVeg",90,0,0,"sierranevada",12,2
"HydroRipVeg",1447,0,0,"sierranevada",12,2
"MedConF",2985,0,0,"sierranevada",12,2
"MedSclF",38437,0,0,"sierranevada",12,2
"MedScrub",110663,0,0,"sierranevada",12,2
"Reforestation",29226,0,0,"sierranevada",12,2
"RipF",2930,0,0,"sierranevada",12,2
"RockScreeVeg",99119,0,0,"sierranevada",12,2
"SMedMarF",16274,0,0,"sierranevada",12,2
"Shrub",3805,0,0,"sierranevada",12,2
"WaterSurf",246,0,0,"sierranevada",12,2
"AlpConF",173796,0,0,"sierranevada",12,3
"AlpScrGr",631177,0,0,"sierranevada",12,3
"AridScr",774,0,0,"sierranevada",12,3
"ArtSurf",8799,0,0,"sierranevada",12,3
"BareArea",50,0,0,"sierranevada",12,3
"Crop",1432,0,0,"sierranevada",12,3
"Grass",77900,0,0,"sierranevada",12,3
"HaloVeg",90,0,0,"sierranevada",12,3
"HydroRipVeg",1448,0,0,"sierranevada",12,3
"MedConF",2985,0,0,"sierranevada",12,3
"MedSclF",38437,0,0,"sierranevada",12,3
"MedScrub",110663,0,0,"sierranevada",12,3
"Reforestation",29226,0,0,"sierranevada",12,3
"RipF",2930,0,0,"sierranevada",12,3
"RockScreeVeg",99121,0,0,"sierranevada",12,3
"SMedMarF",16274,0,0,"sierranevada",12,3
"Shrub",3805,0,0,"sierranevada",12,3
"WaterSurf",246,0,0,"sierranevada",12,3
"AlpConF",173796,0,0,"sierranevada",12,4
"AlpScrGr",631177,0,0,"sierranevada",12,4
"AridScr",774,0,0,"sierranevada",12,4
"ArtSurf",8799,0,0,"sierranevada",12,4
"BareArea",50,0,0,"sierranevada",12,4
"Crop",1432,0,0,"sierranevada",12,4
"Grass",77900,0,0,"sierranevada",12,4
"HaloVeg",90,0,0,"sierranevada",12,4
"HydroRipVeg",1448,0,0,"sierranevada",12,4
"MedConF",2985,0,0,"sierranevada",12,4
"MedSclF",38437,0,0,"sierranevada",12,4
"MedScrub",110663,0,0,"sierranevada",12,4
"Reforestation",29226,0,0,"sierranevada",12,4
"RipF",2930,0,0,"sierranevada",12,4
"RockScreeVeg",99121,0,0,"sierranevada",12,4
"SMedMarF",16274,0,0,"sierranevada",12,4
"Shrub",3805,0,0,"sierranevada",12,4
"WaterSurf",246,0,0,"sierranevada",12,4
"AlpConF",173796,0,0,"sierranevada",12,5
"AlpScrGr",631177,133,0.02,"sierranevada",12,5
"AridScr",774,0,0,"sierranevada",12,5
"ArtSurf",8799,0,0,"sierranevada",12,5
"BareArea",50,0,0,"sierranevada",12,5
"Crop",1432,0,0,"sierranevada",12,5
"Grass",77900,0,0,"sierranevada",12,5
"HaloVeg",90,0,0,"sierranevada",12,5
"HydroRipVeg",1448,0,0,"sierranevada",12,5
"MedConF",2985,0,0,"sierranevada",12,5
"MedSclF",38437,3,0.01,"sierranevada",12,5
"MedScrub",110663,8,0.01,"sierranevada",12,5
"Reforestation",29226,8,0.03,"sierranevada",12,5
"RipF",2930,0,0,"sierranevada",12,5
"RockScreeVeg",99121,6,0.01,"sierranevada",12,5
"SMedMarF",16274,18,0.11,"sierranevada",12,5
"Shrub",3805,3,0.08,"sierranevada",12,5
"WaterSurf",246,0,0,"sierranevada",12,5
"AlpConF",173796,0,0,"sierranevada",12,6
"AlpScrGr",631177,0,0,"sierranevada",12,6
"AridScr",774,0,0,"sierranevada",12,6
"ArtSurf",8799,0,0,"sierranevada",12,6
"BareArea",50,0,0,"sierranevada",12,6
"Crop",1432,0,0,"sierranevada",12,6
"Grass",77900,0,0,"sierranevada",12,6
"HaloVeg",90,0,0,"sierranevada",12,6
"HydroRipVeg",1448,0,0,"sierranevada",12,6
"MedConF",2985,0,0,"sierranevada",12,6
"MedSclF",38437,0,0,"sierranevada",12,6
"MedScrub",110663,0,0,"sierranevada",12,6
"Reforestation",29226,0,0,"sierranevada",12,6
"RipF",2930,0,0,"sierranevada",12,6
"RockScreeVeg",99121,0,0,"sierranevada",12,6
"SMedMarF",16274,0,0,"sierranevada",12,6
"Shrub",3805,0,0,"sierranevada",12,6
"WaterSurf",246,0,0,"sierranevada",12,6
"AlpConF",173796,0,0,"sierranevada",12,7
"AlpScrGr",631181,0,0,"sierranevada",12,7
"AridScr",774,0,0,"sierranevada",12,7
"ArtSurf",8799,0,0,"sierranevada",12,7
"BareArea",50,0,0,"sierranevada",12,7
"Crop",1432,0,0,"sierranevada",12,7
"Grass",77900,0,0,"sierranevada",12,7
"HaloVeg",90,0,0,"sierranevada",12,7
"HydroRipVeg",1448,0,0,"sierranevada",12,7
"MedConF",2985,2,0.07,"sierranevada",12,7
"MedSclF",38437,0,0,"sierranevada",12,7
"MedScrub",110663,0,0,"sierranevada",12,7
"Reforestation",29226,0,0,"sierranevada",12,7
"RipF",2930,0,0,"sierranevada",12,7
"RockScreeVeg",99121,0,0,"sierranevada",12,7
"SMedMarF",16274,0,0,"sierranevada",12,7
"Shrub",3805,0,0,"sierranevada",12,7
"WaterSurf",246,0,0,"sierranevada",12,7
"AlpConF",173796,0,0,"sierranevada",12,8
"AlpScrGr",631178,0,0,"sierranevada",12,8
"AridScr",774,0,0,"sierranevada",12,8
"ArtSurf",8799,0,0,"sierranevada",12,8
"BareArea",50,0,0,"sierranevada",12,8
"Crop",1432,0,0,"sierranevada",12,8
"Grass",77900,0,0,"sierranevada",12,8
"HaloVeg",90,0,0,"sierranevada",12,8
"HydroRipVeg",1448,0,0,"sierranevada",12,8
"MedConF",2985,0,0,"sierranevada",12,8
"MedSclF",38437,0,0,"sierranevada",12,8
"MedScrub",110663,0,0,"sierranevada",12,8
"Reforestation",29226,0,0,"sierranevada",12,8
"RipF",2930,0,0,"sierranevada",12,8
"RockScreeVeg",99121,0,0,"sierranevada",12,8
"SMedMarF",16274,0,0,"sierranevada",12,8
"Shrub",3805,0,0,"sierranevada",12,8
"WaterSurf",246,0,0,"sierranevada",12,8
"AlpConF",173796,0,0,"sierranevada",12,9
"AlpScrGr",631177,0,0,"sierranevada",12,9
"AridScr",774,0,0,"sierranevada",12,9
"ArtSurf",8799,0,0,"sierranevada",12,9
"BareArea",50,0,0,"sierranevada",12,9
"Crop",1432,0,0,"sierranevada",12,9
"Grass",77900,0,0,"sierranevada",12,9
"HaloVeg",90,0,0,"sierranevada",12,9
"HydroRipVeg",1448,0,0,"sierranevada",12,9
"MedConF",2985,0,0,"sierranevada",12,9
"MedSclF",38437,0,0,"sierranevada",12,9
"MedScrub",110663,0,0,"sierranevada",12,9
"Reforestation",29226,0,0,"sierranevada",12,9
"RipF",2930,0,0,"sierranevada",12,9
"RockScreeVeg",99121,0,0,"sierranevada",12,9
"SMedMarF",16274,0,0,"sierranevada",12,9
"Shrub",3805,0,0,"sierranevada",12,9
"WaterSurf",246,0,0,"sierranevada",12,9
"AlpConF",173796,0,0,"sierranevada",12,10
"AlpScrGr",631178,0,0,"sierranevada",12,10
"AridScr",774,0,0,"sierranevada",12,10
"ArtSurf",8799,0,0,"sierranevada",12,10
"BareArea",50,0,0,"sierranevada",12,10
"Crop",1432,0,0,"sierranevada",12,10
"Grass",77900,0,0,"sierranevada",12,10
"HaloVeg",90,0,0,"sierranevada",12,10
"HydroRipVeg",1448,0,0,"sierranevada",12,10
"MedConF",2985,0,0,"sierranevada",12,10
"MedSclF",38437,0,0,"sierranevada",12,10
"MedScrub",110663,0,0,"sierranevada",12,10
"Reforestation",29226,0,0,"sierranevada",12,10
"RipF",2930,0,0,"sierranevada",12,10
"RockScreeVeg",99121,0,0,"sierranevada",12,10
"SMedMarF",16274,0,0,"sierranevada",12,10
"Shrub",3805,0,0,"sierranevada",12,10
"WaterSurf",246,0,0,"sierranevada",12,10
"AlpConF",173794,0,0,"sierranevada",12,11
"AlpScrGr",631149,0,0,"sierranevada",12,11
"AridScr",772,0,0,"sierranevada",12,11
"ArtSurf",8799,0,0,"sierranevada",12,11
"BareArea",50,0,0,"sierranevada",12,11
"Crop",1432,0,0,"sierranevada",12,11
"Grass",77897,0,0,"sierranevada",12,11
"HaloVeg",90,0,0,"sierranevada",12,11
"HydroRipVeg",1448,0,0,"sierranevada",12,11
"MedConF",2985,0,0,"sierranevada",12,11
"MedSclF",38428,0,0,"sierranevada",12,11
"MedScrub",110657,0,0,"sierranevada",12,11
"Reforestation",29224,0,0,"sierranevada",12,11
"RipF",2930,0,0,"sierranevada",12,11
"RockScreeVeg",99119,0,0,"sierranevada",12,11
"SMedMarF",16274,0,0,"sierranevada",12,11
"Shrub",3805,0,0,"sierranevada",12,11
"WaterSurf",246,0,0,"sierranevada",12,11
"AlpConF",173767,0,0,"sierranevada",12,12
"AlpScrGr",631026,0,0,"sierranevada",12,12
"AridScr",763,0,0,"sierranevada",12,12
"ArtSurf",8799,0,0,"sierranevada",12,12
"BareArea",50,0,0,"sierranevada",12,12
"Crop",1432,0,0,"sierranevada",12,12
"Grass",77879,0,0,"sierranevada",12,12
"HaloVeg",90,0,0,"sierranevada",12,12
"HydroRipVeg",1442,0,0,"sierranevada",12,12
"MedConF",2985,0,0,"sierranevada",12,12
"MedSclF",38375,0,0,"sierranevada",12,12
"MedScrub",110617,0,0,"sierranevada",12,12
"Reforestation",29221,0,0,"sierranevada",12,12
"RipF",2928,0,0,"sierranevada",12,12
"RockScreeVeg",99098,0,0,"sierranevada",12,12
"SMedMarF",16272,0,0,"sierranevada",12,12
"Shrub",3805,0,0,"sierranevada",12,12
"WaterSurf",246,0,0,"sierranevada",12,12
