Id_SNVeg,n_total,n_sig,prop_sig,parque,escala,mes,variable
AlpConF,47119,73,0.15,aiguestortes,1,1,pr
AlpScrGr,90179,43,0.05,aiguestortes,1,1,pr
Grass,649,0,0,aiguestortes,1,1,pr
HydroRipVeg,599,0,0,aiguestortes,1,1,pr
RipF,223,0,0,aiguestortes,1,1,pr
RockScreeVeg,60305,7,0.01,aiguestortes,1,1,pr
Shrub,528,0,0,aiguestortes,1,1,pr
TempDecF,913,11,1.2,aiguestortes,1,1,pr
WaterSurf,4432,0,0,aiguestortes,1,1,pr
AlpConF,47129,235,0.5,aiguestortes,1,2,pr
AlpScrGr,90472,118,0.13,aiguestortes,1,2,pr
Grass,647,0,0,aiguestortes,1,2,pr
HydroRipVeg,599,0,0,aiguestortes,1,2,pr
RipF,223,0,0,aiguestortes,1,2,pr
RockScreeVeg,60535,79,0.13,aiguestortes,1,2,pr
Shrub,528,2,0.38,aiguestortes,1,2,pr
TempDecF,913,5,0.55,aiguestortes,1,2,pr
WaterSurf,4432,1,0.02,aiguestortes,1,2,pr
AlpConF,47131,1,0,aiguestortes,1,3,pr
AlpScrGr,90046,10,0.01,aiguestortes,1,3,pr
Grass,650,0,0,aiguestortes,1,3,pr
HydroRipVeg,599,0,0,aiguestortes,1,3,pr
RipF,223,0,0,aiguestortes,1,3,pr
RockScreeVeg,59792,4,0.01,aiguestortes,1,3,pr
Shrub,528,0,0,aiguestortes,1,3,pr
TempDecF,913,0,0,aiguestortes,1,3,pr
WaterSurf,4426,0,0,aiguestortes,1,3,pr
AlpConF,47129,0,0,aiguestortes,1,4,pr
AlpScrGr,89976,0,0,aiguestortes,1,4,pr
Grass,650,0,0,aiguestortes,1,4,pr
HydroRipVeg,599,0,0,aiguestortes,1,4,pr
RipF,223,0,0,aiguestortes,1,4,pr
RockScreeVeg,59380,0,0,aiguestortes,1,4,pr
Shrub,528,0,0,aiguestortes,1,4,pr
TempDecF,913,0,0,aiguestortes,1,4,pr
WaterSurf,4420,0,0,aiguestortes,1,4,pr
AlpConF,47125,0,0,aiguestortes,1,5,pr
AlpScrGr,89502,0,0,aiguestortes,1,5,pr
Grass,650,0,0,aiguestortes,1,5,pr
HydroRipVeg,599,0,0,aiguestortes,1,5,pr
RipF,223,0,0,aiguestortes,1,5,pr
RockScreeVeg,58338,0,0,aiguestortes,1,5,pr
Shrub,528,0,0,aiguestortes,1,5,pr
TempDecF,913,0,0,aiguestortes,1,5,pr
WaterSurf,4420,0,0,aiguestortes,1,5,pr
AlpConF,47156,0,0,aiguestortes,1,6,pr
AlpScrGr,89985,0,0,aiguestortes,1,6,pr
Grass,650,0,0,aiguestortes,1,6,pr
HydroRipVeg,599,0,0,aiguestortes,1,6,pr
RipF,223,0,0,aiguestortes,1,6,pr
RockScreeVeg,59389,0,0,aiguestortes,1,6,pr
Shrub,528,0,0,aiguestortes,1,6,pr
TempDecF,913,0,0,aiguestortes,1,6,pr
WaterSurf,4420,0,0,aiguestortes,1,6,pr
AlpConF,47156,0,0,aiguestortes,1,7,pr
AlpScrGr,90194,0,0,aiguestortes,1,7,pr
Grass,650,0,0,aiguestortes,1,7,pr
HydroRipVeg,599,0,0,aiguestortes,1,7,pr
RipF,223,0,0,aiguestortes,1,7,pr
RockScreeVeg,59993,0,0,aiguestortes,1,7,pr
Shrub,528,0,0,aiguestortes,1,7,pr
TempDecF,913,0,0,aiguestortes,1,7,pr
WaterSurf,4420,0,0,aiguestortes,1,7,pr
AlpConF,47156,0,0,aiguestortes,1,8,pr
AlpScrGr,90902,0,0,aiguestortes,1,8,pr
Grass,650,0,0,aiguestortes,1,8,pr
HydroRipVeg,599,0,0,aiguestortes,1,8,pr
RipF,223,0,0,aiguestortes,1,8,pr
RockScreeVeg,61591,0,0,aiguestortes,1,8,pr
Shrub,528,0,0,aiguestortes,1,8,pr
TempDecF,913,0,0,aiguestortes,1,8,pr
WaterSurf,4420,0,0,aiguestortes,1,8,pr
AlpConF,47133,0,0,aiguestortes,1,9,pr
AlpScrGr,91031,0,0,aiguestortes,1,9,pr
Grass,650,0,0,aiguestortes,1,9,pr
HydroRipVeg,599,0,0,aiguestortes,1,9,pr
RipF,223,0,0,aiguestortes,1,9,pr
RockScreeVeg,61732,0,0,aiguestortes,1,9,pr
Shrub,528,0,0,aiguestortes,1,9,pr
TempDecF,913,0,0,aiguestortes,1,9,pr
WaterSurf,4423,0,0,aiguestortes,1,9,pr
AlpConF,47131,0,0,aiguestortes,1,10,pr
AlpScrGr,90476,0,0,aiguestortes,1,10,pr
Grass,650,0,0,aiguestortes,1,10,pr
HydroRipVeg,599,0,0,aiguestortes,1,10,pr
RipF,223,0,0,aiguestortes,1,10,pr
RockScreeVeg,60534,0,0,aiguestortes,1,10,pr
Shrub,528,0,0,aiguestortes,1,10,pr
TempDecF,913,0,0,aiguestortes,1,10,pr
WaterSurf,4420,0,0,aiguestortes,1,10,pr
AlpConF,47073,0,0,aiguestortes,1,11,pr
AlpScrGr,89988,0,0,aiguestortes,1,11,pr
Grass,648,0,0,aiguestortes,1,11,pr
HydroRipVeg,599,0,0,aiguestortes,1,11,pr
RipF,223,0,0,aiguestortes,1,11,pr
RockScreeVeg,59406,0,0,aiguestortes,1,11,pr
Shrub,528,0,0,aiguestortes,1,11,pr
TempDecF,913,0,0,aiguestortes,1,11,pr
WaterSurf,4420,0,0,aiguestortes,1,11,pr
AlpConF,46858,0,0,aiguestortes,1,12,pr
AlpScrGr,89999,0,0,aiguestortes,1,12,pr
Grass,643,0,0,aiguestortes,1,12,pr
HydroRipVeg,599,0,0,aiguestortes,1,12,pr
RipF,223,0,0,aiguestortes,1,12,pr
RockScreeVeg,59577,0,0,aiguestortes,1,12,pr
Shrub,528,0,0,aiguestortes,1,12,pr
TempDecF,904,0,0,aiguestortes,1,12,pr
WaterSurf,4422,0,0,aiguestortes,1,12,pr
AlpConF,47119,0,0,aiguestortes,3,1,pr
AlpScrGr,90179,0,0,aiguestortes,3,1,pr
Grass,649,0,0,aiguestortes,3,1,pr
HydroRipVeg,599,0,0,aiguestortes,3,1,pr
RipF,223,0,0,aiguestortes,3,1,pr
RockScreeVeg,60305,0,0,aiguestortes,3,1,pr
Shrub,528,0,0,aiguestortes,3,1,pr
TempDecF,913,0,0,aiguestortes,3,1,pr
WaterSurf,4432,0,0,aiguestortes,3,1,pr
AlpConF,47129,6,0.01,aiguestortes,3,2,pr
AlpScrGr,90472,1,0,aiguestortes,3,2,pr
Grass,647,0,0,aiguestortes,3,2,pr
HydroRipVeg,599,0,0,aiguestortes,3,2,pr
RipF,223,0,0,aiguestortes,3,2,pr
RockScreeVeg,60535,2,0,aiguestortes,3,2,pr
Shrub,528,0,0,aiguestortes,3,2,pr
TempDecF,913,0,0,aiguestortes,3,2,pr
WaterSurf,4432,0,0,aiguestortes,3,2,pr
AlpConF,47131,2449,5.2,aiguestortes,3,3,pr
AlpScrGr,90046,2073,2.3,aiguestortes,3,3,pr
Grass,650,28,4.31,aiguestortes,3,3,pr
HydroRipVeg,599,23,3.84,aiguestortes,3,3,pr
RipF,223,1,0.45,aiguestortes,3,3,pr
RockScreeVeg,59792,1247,2.09,aiguestortes,3,3,pr
Shrub,528,8,1.52,aiguestortes,3,3,pr
TempDecF,913,71,7.78,aiguestortes,3,3,pr
WaterSurf,4426,45,1.02,aiguestortes,3,3,pr
AlpConF,47129,777,1.65,aiguestortes,3,4,pr
AlpScrGr,89976,523,0.58,aiguestortes,3,4,pr
Grass,650,0,0,aiguestortes,3,4,pr
HydroRipVeg,599,16,2.67,aiguestortes,3,4,pr
RipF,223,0,0,aiguestortes,3,4,pr
RockScreeVeg,59380,217,0.37,aiguestortes,3,4,pr
Shrub,528,0,0,aiguestortes,3,4,pr
TempDecF,913,2,0.22,aiguestortes,3,4,pr
WaterSurf,4420,9,0.2,aiguestortes,3,4,pr
AlpConF,47125,19,0.04,aiguestortes,3,5,pr
AlpScrGr,89502,14,0.02,aiguestortes,3,5,pr
Grass,650,0,0,aiguestortes,3,5,pr
HydroRipVeg,599,0,0,aiguestortes,3,5,pr
RipF,223,0,0,aiguestortes,3,5,pr
RockScreeVeg,58338,11,0.02,aiguestortes,3,5,pr
Shrub,528,0,0,aiguestortes,3,5,pr
TempDecF,913,0,0,aiguestortes,3,5,pr
WaterSurf,4420,0,0,aiguestortes,3,5,pr
AlpConF,47156,0,0,aiguestortes,3,6,pr
AlpScrGr,89985,1,0,aiguestortes,3,6,pr
Grass,650,0,0,aiguestortes,3,6,pr
HydroRipVeg,599,0,0,aiguestortes,3,6,pr
RipF,223,0,0,aiguestortes,3,6,pr
RockScreeVeg,59389,1,0,aiguestortes,3,6,pr
Shrub,528,0,0,aiguestortes,3,6,pr
TempDecF,913,0,0,aiguestortes,3,6,pr
WaterSurf,4420,0,0,aiguestortes,3,6,pr
AlpConF,47156,0,0,aiguestortes,3,7,pr
AlpScrGr,90194,0,0,aiguestortes,3,7,pr
Grass,650,0,0,aiguestortes,3,7,pr
HydroRipVeg,599,0,0,aiguestortes,3,7,pr
RipF,223,0,0,aiguestortes,3,7,pr
RockScreeVeg,59993,0,0,aiguestortes,3,7,pr
Shrub,528,0,0,aiguestortes,3,7,pr
TempDecF,913,0,0,aiguestortes,3,7,pr
WaterSurf,4420,0,0,aiguestortes,3,7,pr
AlpConF,47156,0,0,aiguestortes,3,8,pr
AlpScrGr,90902,244,0.27,aiguestortes,3,8,pr
Grass,650,0,0,aiguestortes,3,8,pr
HydroRipVeg,599,0,0,aiguestortes,3,8,pr
RipF,223,0,0,aiguestortes,3,8,pr
RockScreeVeg,61591,93,0.15,aiguestortes,3,8,pr
Shrub,528,0,0,aiguestortes,3,8,pr
TempDecF,913,0,0,aiguestortes,3,8,pr
WaterSurf,4420,2,0.05,aiguestortes,3,8,pr
AlpConF,47133,54,0.11,aiguestortes,3,9,pr
AlpScrGr,91031,8,0.01,aiguestortes,3,9,pr
Grass,650,0,0,aiguestortes,3,9,pr
HydroRipVeg,599,0,0,aiguestortes,3,9,pr
RipF,223,0,0,aiguestortes,3,9,pr
RockScreeVeg,61732,4,0.01,aiguestortes,3,9,pr
Shrub,528,0,0,aiguestortes,3,9,pr
TempDecF,913,8,0.88,aiguestortes,3,9,pr
WaterSurf,4423,0,0,aiguestortes,3,9,pr
AlpConF,47131,0,0,aiguestortes,3,10,pr
AlpScrGr,90476,0,0,aiguestortes,3,10,pr
Grass,650,0,0,aiguestortes,3,10,pr
HydroRipVeg,599,0,0,aiguestortes,3,10,pr
RipF,223,0,0,aiguestortes,3,10,pr
RockScreeVeg,60534,0,0,aiguestortes,3,10,pr
Shrub,528,0,0,aiguestortes,3,10,pr
TempDecF,913,0,0,aiguestortes,3,10,pr
WaterSurf,4420,0,0,aiguestortes,3,10,pr
AlpConF,47073,0,0,aiguestortes,3,11,pr
AlpScrGr,89988,0,0,aiguestortes,3,11,pr
Grass,648,0,0,aiguestortes,3,11,pr
HydroRipVeg,599,0,0,aiguestortes,3,11,pr
RipF,223,0,0,aiguestortes,3,11,pr
RockScreeVeg,59406,0,0,aiguestortes,3,11,pr
Shrub,528,0,0,aiguestortes,3,11,pr
TempDecF,913,0,0,aiguestortes,3,11,pr
WaterSurf,4420,0,0,aiguestortes,3,11,pr
AlpConF,46858,0,0,aiguestortes,3,12,pr
AlpScrGr,89999,0,0,aiguestortes,3,12,pr
Grass,643,0,0,aiguestortes,3,12,pr
HydroRipVeg,599,0,0,aiguestortes,3,12,pr
RipF,223,0,0,aiguestortes,3,12,pr
RockScreeVeg,59577,0,0,aiguestortes,3,12,pr
Shrub,528,0,0,aiguestortes,3,12,pr
TempDecF,904,0,0,aiguestortes,3,12,pr
WaterSurf,4422,0,0,aiguestortes,3,12,pr
AlpConF,47119,0,0,aiguestortes,6,1,pr
AlpScrGr,90179,0,0,aiguestortes,6,1,pr
Grass,649,0,0,aiguestortes,6,1,pr
HydroRipVeg,599,0,0,aiguestortes,6,1,pr
RipF,223,0,0,aiguestortes,6,1,pr
RockScreeVeg,60305,0,0,aiguestortes,6,1,pr
Shrub,528,0,0,aiguestortes,6,1,pr
TempDecF,913,0,0,aiguestortes,6,1,pr
WaterSurf,4432,0,0,aiguestortes,6,1,pr
AlpConF,47129,0,0,aiguestortes,6,2,pr
AlpScrGr,90472,0,0,aiguestortes,6,2,pr
Grass,647,0,0,aiguestortes,6,2,pr
HydroRipVeg,599,0,0,aiguestortes,6,2,pr
RipF,223,0,0,aiguestortes,6,2,pr
RockScreeVeg,60535,0,0,aiguestortes,6,2,pr
Shrub,528,0,0,aiguestortes,6,2,pr
TempDecF,913,0,0,aiguestortes,6,2,pr
WaterSurf,4432,0,0,aiguestortes,6,2,pr
AlpConF,47131,0,0,aiguestortes,6,3,pr
AlpScrGr,90046,0,0,aiguestortes,6,3,pr
Grass,650,0,0,aiguestortes,6,3,pr
HydroRipVeg,599,0,0,aiguestortes,6,3,pr
RipF,223,0,0,aiguestortes,6,3,pr
RockScreeVeg,59792,0,0,aiguestortes,6,3,pr
Shrub,528,0,0,aiguestortes,6,3,pr
TempDecF,913,0,0,aiguestortes,6,3,pr
WaterSurf,4426,0,0,aiguestortes,6,3,pr
AlpConF,47129,0,0,aiguestortes,6,4,pr
AlpScrGr,89976,0,0,aiguestortes,6,4,pr
Grass,650,0,0,aiguestortes,6,4,pr
HydroRipVeg,599,0,0,aiguestortes,6,4,pr
RipF,223,0,0,aiguestortes,6,4,pr
RockScreeVeg,59380,0,0,aiguestortes,6,4,pr
Shrub,528,0,0,aiguestortes,6,4,pr
TempDecF,913,0,0,aiguestortes,6,4,pr
WaterSurf,4420,0,0,aiguestortes,6,4,pr
AlpConF,47125,0,0,aiguestortes,6,5,pr
AlpScrGr,89502,0,0,aiguestortes,6,5,pr
Grass,650,0,0,aiguestortes,6,5,pr
HydroRipVeg,599,0,0,aiguestortes,6,5,pr
RipF,223,0,0,aiguestortes,6,5,pr
RockScreeVeg,58338,0,0,aiguestortes,6,5,pr
Shrub,528,0,0,aiguestortes,6,5,pr
TempDecF,913,0,0,aiguestortes,6,5,pr
WaterSurf,4420,0,0,aiguestortes,6,5,pr
AlpConF,47156,1256,2.66,aiguestortes,6,6,pr
AlpScrGr,89985,15186,16.88,aiguestortes,6,6,pr
Grass,650,0,0,aiguestortes,6,6,pr
HydroRipVeg,599,88,14.69,aiguestortes,6,6,pr
RipF,223,0,0,aiguestortes,6,6,pr
RockScreeVeg,59389,7158,12.05,aiguestortes,6,6,pr
Shrub,528,0,0,aiguestortes,6,6,pr
TempDecF,913,4,0.44,aiguestortes,6,6,pr
WaterSurf,4420,253,5.72,aiguestortes,6,6,pr
AlpConF,47156,0,0,aiguestortes,6,7,pr
AlpScrGr,90194,0,0,aiguestortes,6,7,pr
Grass,650,0,0,aiguestortes,6,7,pr
HydroRipVeg,599,0,0,aiguestortes,6,7,pr
RipF,223,0,0,aiguestortes,6,7,pr
RockScreeVeg,59993,0,0,aiguestortes,6,7,pr
Shrub,528,0,0,aiguestortes,6,7,pr
TempDecF,913,0,0,aiguestortes,6,7,pr
WaterSurf,4420,0,0,aiguestortes,6,7,pr
AlpConF,47156,0,0,aiguestortes,6,8,pr
AlpScrGr,90902,0,0,aiguestortes,6,8,pr
Grass,650,0,0,aiguestortes,6,8,pr
HydroRipVeg,599,0,0,aiguestortes,6,8,pr
RipF,223,0,0,aiguestortes,6,8,pr
RockScreeVeg,61591,0,0,aiguestortes,6,8,pr
Shrub,528,0,0,aiguestortes,6,8,pr
TempDecF,913,0,0,aiguestortes,6,8,pr
WaterSurf,4420,0,0,aiguestortes,6,8,pr
AlpConF,47133,0,0,aiguestortes,6,9,pr
AlpScrGr,91031,0,0,aiguestortes,6,9,pr
Grass,650,0,0,aiguestortes,6,9,pr
HydroRipVeg,599,0,0,aiguestortes,6,9,pr
RipF,223,0,0,aiguestortes,6,9,pr
RockScreeVeg,61732,0,0,aiguestortes,6,9,pr
Shrub,528,0,0,aiguestortes,6,9,pr
TempDecF,913,0,0,aiguestortes,6,9,pr
WaterSurf,4423,0,0,aiguestortes,6,9,pr
AlpConF,47131,0,0,aiguestortes,6,10,pr
AlpScrGr,90476,0,0,aiguestortes,6,10,pr
Grass,650,0,0,aiguestortes,6,10,pr
HydroRipVeg,599,0,0,aiguestortes,6,10,pr
RipF,223,0,0,aiguestortes,6,10,pr
RockScreeVeg,60534,0,0,aiguestortes,6,10,pr
Shrub,528,0,0,aiguestortes,6,10,pr
TempDecF,913,0,0,aiguestortes,6,10,pr
WaterSurf,4420,0,0,aiguestortes,6,10,pr
AlpConF,47073,0,0,aiguestortes,6,11,pr
AlpScrGr,89988,0,0,aiguestortes,6,11,pr
Grass,648,0,0,aiguestortes,6,11,pr
HydroRipVeg,599,0,0,aiguestortes,6,11,pr
RipF,223,0,0,aiguestortes,6,11,pr
RockScreeVeg,59406,0,0,aiguestortes,6,11,pr
Shrub,528,0,0,aiguestortes,6,11,pr
TempDecF,913,0,0,aiguestortes,6,11,pr
WaterSurf,4420,0,0,aiguestortes,6,11,pr
AlpConF,46858,0,0,aiguestortes,6,12,pr
AlpScrGr,89999,0,0,aiguestortes,6,12,pr
Grass,643,0,0,aiguestortes,6,12,pr
HydroRipVeg,599,0,0,aiguestortes,6,12,pr
RipF,223,0,0,aiguestortes,6,12,pr
RockScreeVeg,59577,0,0,aiguestortes,6,12,pr
Shrub,528,0,0,aiguestortes,6,12,pr
TempDecF,904,0,0,aiguestortes,6,12,pr
WaterSurf,4422,0,0,aiguestortes,6,12,pr
AlpConF,47119,0,0,aiguestortes,9,1,pr
AlpScrGr,90179,0,0,aiguestortes,9,1,pr
Grass,649,0,0,aiguestortes,9,1,pr
HydroRipVeg,599,0,0,aiguestortes,9,1,pr
RipF,223,0,0,aiguestortes,9,1,pr
RockScreeVeg,60305,0,0,aiguestortes,9,1,pr
Shrub,528,0,0,aiguestortes,9,1,pr
TempDecF,913,0,0,aiguestortes,9,1,pr
WaterSurf,4432,0,0,aiguestortes,9,1,pr
AlpConF,47129,0,0,aiguestortes,9,2,pr
AlpScrGr,90472,0,0,aiguestortes,9,2,pr
Grass,647,0,0,aiguestortes,9,2,pr
HydroRipVeg,599,0,0,aiguestortes,9,2,pr
RipF,223,0,0,aiguestortes,9,2,pr
RockScreeVeg,60535,0,0,aiguestortes,9,2,pr
Shrub,528,0,0,aiguestortes,9,2,pr
TempDecF,913,0,0,aiguestortes,9,2,pr
WaterSurf,4432,0,0,aiguestortes,9,2,pr
AlpConF,47131,1,0,aiguestortes,9,3,pr
AlpScrGr,90046,5,0.01,aiguestortes,9,3,pr
Grass,650,0,0,aiguestortes,9,3,pr
HydroRipVeg,599,0,0,aiguestortes,9,3,pr
RipF,223,0,0,aiguestortes,9,3,pr
RockScreeVeg,59792,1,0,aiguestortes,9,3,pr
Shrub,528,0,0,aiguestortes,9,3,pr
TempDecF,913,0,0,aiguestortes,9,3,pr
WaterSurf,4426,0,0,aiguestortes,9,3,pr
AlpConF,47129,0,0,aiguestortes,9,4,pr
AlpScrGr,89976,0,0,aiguestortes,9,4,pr
Grass,650,0,0,aiguestortes,9,4,pr
HydroRipVeg,599,0,0,aiguestortes,9,4,pr
RipF,223,0,0,aiguestortes,9,4,pr
RockScreeVeg,59380,0,0,aiguestortes,9,4,pr
Shrub,528,0,0,aiguestortes,9,4,pr
TempDecF,913,0,0,aiguestortes,9,4,pr
WaterSurf,4420,0,0,aiguestortes,9,4,pr
AlpConF,47125,0,0,aiguestortes,9,5,pr
AlpScrGr,89502,2,0,aiguestortes,9,5,pr
Grass,650,0,0,aiguestortes,9,5,pr
HydroRipVeg,599,0,0,aiguestortes,9,5,pr
RipF,223,0,0,aiguestortes,9,5,pr
RockScreeVeg,58338,2,0,aiguestortes,9,5,pr
Shrub,528,0,0,aiguestortes,9,5,pr
TempDecF,913,0,0,aiguestortes,9,5,pr
WaterSurf,4420,0,0,aiguestortes,9,5,pr
AlpConF,47156,20,0.04,aiguestortes,9,6,pr
AlpScrGr,89985,873,0.97,aiguestortes,9,6,pr
Grass,650,0,0,aiguestortes,9,6,pr
HydroRipVeg,599,0,0,aiguestortes,9,6,pr
RipF,223,0,0,aiguestortes,9,6,pr
RockScreeVeg,59389,432,0.73,aiguestortes,9,6,pr
Shrub,528,0,0,aiguestortes,9,6,pr
TempDecF,913,0,0,aiguestortes,9,6,pr
WaterSurf,4420,25,0.57,aiguestortes,9,6,pr
AlpConF,47156,0,0,aiguestortes,9,7,pr
AlpScrGr,90194,0,0,aiguestortes,9,7,pr
Grass,650,0,0,aiguestortes,9,7,pr
HydroRipVeg,599,0,0,aiguestortes,9,7,pr
RipF,223,0,0,aiguestortes,9,7,pr
RockScreeVeg,59993,0,0,aiguestortes,9,7,pr
Shrub,528,0,0,aiguestortes,9,7,pr
TempDecF,913,0,0,aiguestortes,9,7,pr
WaterSurf,4420,0,0,aiguestortes,9,7,pr
AlpConF,47156,0,0,aiguestortes,9,8,pr
AlpScrGr,90902,9,0.01,aiguestortes,9,8,pr
Grass,650,0,0,aiguestortes,9,8,pr
HydroRipVeg,599,0,0,aiguestortes,9,8,pr
RipF,223,0,0,aiguestortes,9,8,pr
RockScreeVeg,61591,0,0,aiguestortes,9,8,pr
Shrub,528,0,0,aiguestortes,9,8,pr
TempDecF,913,0,0,aiguestortes,9,8,pr
WaterSurf,4420,0,0,aiguestortes,9,8,pr
AlpConF,47133,0,0,aiguestortes,9,9,pr
AlpScrGr,91031,0,0,aiguestortes,9,9,pr
Grass,650,0,0,aiguestortes,9,9,pr
HydroRipVeg,599,0,0,aiguestortes,9,9,pr
RipF,223,0,0,aiguestortes,9,9,pr
RockScreeVeg,61732,0,0,aiguestortes,9,9,pr
Shrub,528,0,0,aiguestortes,9,9,pr
TempDecF,913,0,0,aiguestortes,9,9,pr
WaterSurf,4423,0,0,aiguestortes,9,9,pr
AlpConF,47131,0,0,aiguestortes,9,10,pr
AlpScrGr,90476,0,0,aiguestortes,9,10,pr
Grass,650,0,0,aiguestortes,9,10,pr
HydroRipVeg,599,0,0,aiguestortes,9,10,pr
RipF,223,0,0,aiguestortes,9,10,pr
RockScreeVeg,60534,0,0,aiguestortes,9,10,pr
Shrub,528,0,0,aiguestortes,9,10,pr
TempDecF,913,0,0,aiguestortes,9,10,pr
WaterSurf,4420,0,0,aiguestortes,9,10,pr
AlpConF,47073,0,0,aiguestortes,9,11,pr
AlpScrGr,89988,0,0,aiguestortes,9,11,pr
Grass,648,0,0,aiguestortes,9,11,pr
HydroRipVeg,599,0,0,aiguestortes,9,11,pr
RipF,223,0,0,aiguestortes,9,11,pr
RockScreeVeg,59406,0,0,aiguestortes,9,11,pr
Shrub,528,0,0,aiguestortes,9,11,pr
TempDecF,913,0,0,aiguestortes,9,11,pr
WaterSurf,4420,0,0,aiguestortes,9,11,pr
AlpConF,46858,0,0,aiguestortes,9,12,pr
AlpScrGr,89999,0,0,aiguestortes,9,12,pr
Grass,643,0,0,aiguestortes,9,12,pr
HydroRipVeg,599,0,0,aiguestortes,9,12,pr
RipF,223,0,0,aiguestortes,9,12,pr
RockScreeVeg,59577,0,0,aiguestortes,9,12,pr
Shrub,528,0,0,aiguestortes,9,12,pr
TempDecF,904,0,0,aiguestortes,9,12,pr
WaterSurf,4422,0,0,aiguestortes,9,12,pr
AlpConF,47119,0,0,aiguestortes,12,1,pr
AlpScrGr,90179,0,0,aiguestortes,12,1,pr
Grass,649,0,0,aiguestortes,12,1,pr
HydroRipVeg,599,0,0,aiguestortes,12,1,pr
RipF,223,0,0,aiguestortes,12,1,pr
RockScreeVeg,60305,0,0,aiguestortes,12,1,pr
Shrub,528,0,0,aiguestortes,12,1,pr
TempDecF,913,0,0,aiguestortes,12,1,pr
WaterSurf,4432,0,0,aiguestortes,12,1,pr
AlpConF,47129,8,0.02,aiguestortes,12,2,pr
AlpScrGr,90472,9,0.01,aiguestortes,12,2,pr
Grass,647,0,0,aiguestortes,12,2,pr
HydroRipVeg,599,0,0,aiguestortes,12,2,pr
RipF,223,0,0,aiguestortes,12,2,pr
RockScreeVeg,60535,13,0.02,aiguestortes,12,2,pr
Shrub,528,0,0,aiguestortes,12,2,pr
TempDecF,913,0,0,aiguestortes,12,2,pr
WaterSurf,4432,0,0,aiguestortes,12,2,pr
AlpConF,47131,656,1.39,aiguestortes,12,3,pr
AlpScrGr,90046,842,0.94,aiguestortes,12,3,pr
Grass,650,14,2.15,aiguestortes,12,3,pr
HydroRipVeg,599,0,0,aiguestortes,12,3,pr
RipF,223,0,0,aiguestortes,12,3,pr
RockScreeVeg,59792,418,0.7,aiguestortes,12,3,pr
Shrub,528,0,0,aiguestortes,12,3,pr
TempDecF,913,19,2.08,aiguestortes,12,3,pr
WaterSurf,4426,6,0.14,aiguestortes,12,3,pr
AlpConF,47129,2,0,aiguestortes,12,4,pr
AlpScrGr,89976,0,0,aiguestortes,12,4,pr
Grass,650,0,0,aiguestortes,12,4,pr
HydroRipVeg,599,0,0,aiguestortes,12,4,pr
RipF,223,0,0,aiguestortes,12,4,pr
RockScreeVeg,59380,0,0,aiguestortes,12,4,pr
Shrub,528,0,0,aiguestortes,12,4,pr
TempDecF,913,0,0,aiguestortes,12,4,pr
WaterSurf,4420,0,0,aiguestortes,12,4,pr
AlpConF,47125,0,0,aiguestortes,12,5,pr
AlpScrGr,89502,8,0.01,aiguestortes,12,5,pr
Grass,650,0,0,aiguestortes,12,5,pr
HydroRipVeg,599,0,0,aiguestortes,12,5,pr
RipF,223,0,0,aiguestortes,12,5,pr
RockScreeVeg,58338,4,0.01,aiguestortes,12,5,pr
Shrub,528,0,0,aiguestortes,12,5,pr
TempDecF,913,0,0,aiguestortes,12,5,pr
WaterSurf,4420,1,0.02,aiguestortes,12,5,pr
AlpConF,47156,0,0,aiguestortes,12,6,pr
AlpScrGr,89985,2,0,aiguestortes,12,6,pr
Grass,650,0,0,aiguestortes,12,6,pr
HydroRipVeg,599,0,0,aiguestortes,12,6,pr
RipF,223,0,0,aiguestortes,12,6,pr
RockScreeVeg,59389,2,0,aiguestortes,12,6,pr
Shrub,528,0,0,aiguestortes,12,6,pr
TempDecF,913,0,0,aiguestortes,12,6,pr
WaterSurf,4420,0,0,aiguestortes,12,6,pr
AlpConF,47156,0,0,aiguestortes,12,7,pr
AlpScrGr,90194,0,0,aiguestortes,12,7,pr
Grass,650,0,0,aiguestortes,12,7,pr
HydroRipVeg,599,0,0,aiguestortes,12,7,pr
RipF,223,0,0,aiguestortes,12,7,pr
RockScreeVeg,59993,0,0,aiguestortes,12,7,pr
Shrub,528,0,0,aiguestortes,12,7,pr
TempDecF,913,0,0,aiguestortes,12,7,pr
WaterSurf,4420,0,0,aiguestortes,12,7,pr
AlpConF,47156,0,0,aiguestortes,12,8,pr
AlpScrGr,90902,145,0.16,aiguestortes,12,8,pr
Grass,650,0,0,aiguestortes,12,8,pr
HydroRipVeg,599,0,0,aiguestortes,12,8,pr
RipF,223,0,0,aiguestortes,12,8,pr
RockScreeVeg,61591,23,0.04,aiguestortes,12,8,pr
Shrub,528,0,0,aiguestortes,12,8,pr
TempDecF,913,0,0,aiguestortes,12,8,pr
WaterSurf,4420,0,0,aiguestortes,12,8,pr
AlpConF,47133,0,0,aiguestortes,12,9,pr
AlpScrGr,91031,0,0,aiguestortes,12,9,pr
Grass,650,0,0,aiguestortes,12,9,pr
HydroRipVeg,599,0,0,aiguestortes,12,9,pr
RipF,223,0,0,aiguestortes,12,9,pr
RockScreeVeg,61732,0,0,aiguestortes,12,9,pr
Shrub,528,0,0,aiguestortes,12,9,pr
TempDecF,913,0,0,aiguestortes,12,9,pr
WaterSurf,4423,0,0,aiguestortes,12,9,pr
AlpConF,47131,0,0,aiguestortes,12,10,pr
AlpScrGr,90476,0,0,aiguestortes,12,10,pr
Grass,650,0,0,aiguestortes,12,10,pr
HydroRipVeg,599,0,0,aiguestortes,12,10,pr
RipF,223,0,0,aiguestortes,12,10,pr
RockScreeVeg,60534,0,0,aiguestortes,12,10,pr
Shrub,528,0,0,aiguestortes,12,10,pr
TempDecF,913,0,0,aiguestortes,12,10,pr
WaterSurf,4420,0,0,aiguestortes,12,10,pr
AlpConF,47073,0,0,aiguestortes,12,11,pr
AlpScrGr,89988,0,0,aiguestortes,12,11,pr
Grass,648,0,0,aiguestortes,12,11,pr
HydroRipVeg,599,0,0,aiguestortes,12,11,pr
RipF,223,0,0,aiguestortes,12,11,pr
RockScreeVeg,59406,0,0,aiguestortes,12,11,pr
Shrub,528,0,0,aiguestortes,12,11,pr
TempDecF,913,0,0,aiguestortes,12,11,pr
WaterSurf,4420,0,0,aiguestortes,12,11,pr
AlpConF,46858,0,0,aiguestortes,12,12,pr
AlpScrGr,89999,0,0,aiguestortes,12,12,pr
Grass,643,0,0,aiguestortes,12,12,pr
HydroRipVeg,599,0,0,aiguestortes,12,12,pr
RipF,223,0,0,aiguestortes,12,12,pr
RockScreeVeg,59577,0,0,aiguestortes,12,12,pr
Shrub,528,0,0,aiguestortes,12,12,pr
TempDecF,904,0,0,aiguestortes,12,12,pr
WaterSurf,4422,0,0,aiguestortes,12,12,pr
ArtSurf,7418,0,0,cabaneros,1,1,pr
Crop,2473,0,0,cabaneros,1,1,pr
Dehesa,36272,0,0,cabaneros,1,1,pr
Grass,52784,0,0,cabaneros,1,1,pr
HydroRipVeg,554,0,0,cabaneros,1,1,pr
MedConF,35896,0,0,cabaneros,1,1,pr
MedSclF,158690,0,0,cabaneros,1,1,pr
MedScrub,187005,0,0,cabaneros,1,1,pr
Reforestation,57,0,0,cabaneros,1,1,pr
RipF,4764,0,0,cabaneros,1,1,pr
RockScreeVeg,11067,0,0,cabaneros,1,1,pr
SMedMarF,69447,0,0,cabaneros,1,1,pr
Shrub,21978,0,0,cabaneros,1,1,pr
WaterSurf,177,0,0,cabaneros,1,1,pr
ArtSurf,7418,0,0,cabaneros,1,2,pr
Crop,2473,0,0,cabaneros,1,2,pr
Dehesa,36272,0,0,cabaneros,1,2,pr
Grass,52784,0,0,cabaneros,1,2,pr
HydroRipVeg,554,0,0,cabaneros,1,2,pr
MedConF,35896,0,0,cabaneros,1,2,pr
MedSclF,158690,0,0,cabaneros,1,2,pr
MedScrub,187005,0,0,cabaneros,1,2,pr
Reforestation,57,0,0,cabaneros,1,2,pr
RipF,4764,0,0,cabaneros,1,2,pr
RockScreeVeg,11067,0,0,cabaneros,1,2,pr
SMedMarF,69447,0,0,cabaneros,1,2,pr
Shrub,21978,0,0,cabaneros,1,2,pr
WaterSurf,177,0,0,cabaneros,1,2,pr
ArtSurf,7418,0,0,cabaneros,1,3,pr
Crop,2473,0,0,cabaneros,1,3,pr
Dehesa,36272,0,0,cabaneros,1,3,pr
Grass,52784,0,0,cabaneros,1,3,pr
HydroRipVeg,554,0,0,cabaneros,1,3,pr
MedConF,35896,0,0,cabaneros,1,3,pr
MedSclF,158690,0,0,cabaneros,1,3,pr
MedScrub,187005,0,0,cabaneros,1,3,pr
Reforestation,57,0,0,cabaneros,1,3,pr
RipF,4764,0,0,cabaneros,1,3,pr
RockScreeVeg,11067,0,0,cabaneros,1,3,pr
SMedMarF,69447,0,0,cabaneros,1,3,pr
Shrub,21978,0,0,cabaneros,1,3,pr
WaterSurf,177,0,0,cabaneros,1,3,pr
ArtSurf,7418,0,0,cabaneros,1,4,pr
Crop,2473,0,0,cabaneros,1,4,pr
Dehesa,36272,0,0,cabaneros,1,4,pr
Grass,52784,0,0,cabaneros,1,4,pr
HydroRipVeg,554,0,0,cabaneros,1,4,pr
MedConF,35896,0,0,cabaneros,1,4,pr
MedSclF,158690,0,0,cabaneros,1,4,pr
MedScrub,187005,0,0,cabaneros,1,4,pr
Reforestation,57,0,0,cabaneros,1,4,pr
RipF,4764,0,0,cabaneros,1,4,pr
RockScreeVeg,11067,0,0,cabaneros,1,4,pr
SMedMarF,69447,0,0,cabaneros,1,4,pr
Shrub,21978,0,0,cabaneros,1,4,pr
WaterSurf,177,0,0,cabaneros,1,4,pr
ArtSurf,7418,0,0,cabaneros,1,5,pr
Crop,2473,0,0,cabaneros,1,5,pr
Dehesa,36272,0,0,cabaneros,1,5,pr
Grass,52784,0,0,cabaneros,1,5,pr
HydroRipVeg,554,0,0,cabaneros,1,5,pr
MedConF,35896,0,0,cabaneros,1,5,pr
MedSclF,158690,0,0,cabaneros,1,5,pr
MedScrub,187005,0,0,cabaneros,1,5,pr
Reforestation,57,0,0,cabaneros,1,5,pr
RipF,4764,0,0,cabaneros,1,5,pr
RockScreeVeg,11067,0,0,cabaneros,1,5,pr
SMedMarF,69447,0,0,cabaneros,1,5,pr
Shrub,21978,0,0,cabaneros,1,5,pr
WaterSurf,177,0,0,cabaneros,1,5,pr
ArtSurf,7418,5,0.07,cabaneros,1,6,pr
Crop,2473,0,0,cabaneros,1,6,pr
Dehesa,36272,0,0,cabaneros,1,6,pr
Grass,52784,0,0,cabaneros,1,6,pr
HydroRipVeg,554,1,0.18,cabaneros,1,6,pr
MedConF,35896,40,0.11,cabaneros,1,6,pr
MedSclF,158690,635,0.4,cabaneros,1,6,pr
MedScrub,187005,169,0.09,cabaneros,1,6,pr
Reforestation,57,0,0,cabaneros,1,6,pr
RipF,4764,3,0.06,cabaneros,1,6,pr
RockScreeVeg,11067,27,0.24,cabaneros,1,6,pr
SMedMarF,69447,103,0.15,cabaneros,1,6,pr
Shrub,21978,19,0.09,cabaneros,1,6,pr
WaterSurf,177,0,0,cabaneros,1,6,pr
ArtSurf,7418,0,0,cabaneros,1,7,pr
Crop,2473,0,0,cabaneros,1,7,pr
Dehesa,36272,0,0,cabaneros,1,7,pr
Grass,52784,0,0,cabaneros,1,7,pr
HydroRipVeg,554,0,0,cabaneros,1,7,pr
MedConF,35896,0,0,cabaneros,1,7,pr
MedSclF,158690,0,0,cabaneros,1,7,pr
MedScrub,187005,0,0,cabaneros,1,7,pr
Reforestation,57,0,0,cabaneros,1,7,pr
RipF,4764,0,0,cabaneros,1,7,pr
RockScreeVeg,11067,0,0,cabaneros,1,7,pr
SMedMarF,69447,0,0,cabaneros,1,7,pr
Shrub,21978,0,0,cabaneros,1,7,pr
WaterSurf,177,0,0,cabaneros,1,7,pr
ArtSurf,7418,0,0,cabaneros,1,8,pr
Crop,2473,0,0,cabaneros,1,8,pr
Dehesa,36272,0,0,cabaneros,1,8,pr
Grass,52784,0,0,cabaneros,1,8,pr
HydroRipVeg,554,0,0,cabaneros,1,8,pr
MedConF,35896,0,0,cabaneros,1,8,pr
MedSclF,158690,0,0,cabaneros,1,8,pr
MedScrub,187005,0,0,cabaneros,1,8,pr
Reforestation,57,0,0,cabaneros,1,8,pr
RipF,4764,0,0,cabaneros,1,8,pr
RockScreeVeg,11067,0,0,cabaneros,1,8,pr
SMedMarF,69447,0,0,cabaneros,1,8,pr
Shrub,21978,0,0,cabaneros,1,8,pr
WaterSurf,177,0,0,cabaneros,1,8,pr
ArtSurf,7418,0,0,cabaneros,1,9,pr
Crop,2473,0,0,cabaneros,1,9,pr
Dehesa,36272,0,0,cabaneros,1,9,pr
Grass,52784,0,0,cabaneros,1,9,pr
HydroRipVeg,554,0,0,cabaneros,1,9,pr
MedConF,35896,0,0,cabaneros,1,9,pr
MedSclF,158690,0,0,cabaneros,1,9,pr
MedScrub,187005,0,0,cabaneros,1,9,pr
Reforestation,57,0,0,cabaneros,1,9,pr
RipF,4764,0,0,cabaneros,1,9,pr
RockScreeVeg,11067,0,0,cabaneros,1,9,pr
SMedMarF,69447,0,0,cabaneros,1,9,pr
Shrub,21978,0,0,cabaneros,1,9,pr
WaterSurf,177,0,0,cabaneros,1,9,pr
ArtSurf,7418,0,0,cabaneros,1,10,pr
Crop,2473,0,0,cabaneros,1,10,pr
Dehesa,36272,0,0,cabaneros,1,10,pr
Grass,52784,0,0,cabaneros,1,10,pr
HydroRipVeg,554,0,0,cabaneros,1,10,pr
MedConF,35896,0,0,cabaneros,1,10,pr
MedSclF,158690,0,0,cabaneros,1,10,pr
MedScrub,187005,0,0,cabaneros,1,10,pr
Reforestation,57,0,0,cabaneros,1,10,pr
RipF,4764,0,0,cabaneros,1,10,pr
RockScreeVeg,11067,0,0,cabaneros,1,10,pr
SMedMarF,69447,0,0,cabaneros,1,10,pr
Shrub,21978,0,0,cabaneros,1,10,pr
WaterSurf,177,0,0,cabaneros,1,10,pr
ArtSurf,7418,0,0,cabaneros,1,11,pr
Crop,2473,0,0,cabaneros,1,11,pr
Dehesa,36272,0,0,cabaneros,1,11,pr
Grass,52784,0,0,cabaneros,1,11,pr
HydroRipVeg,554,0,0,cabaneros,1,11,pr
MedConF,35896,0,0,cabaneros,1,11,pr
MedSclF,158690,0,0,cabaneros,1,11,pr
MedScrub,187005,0,0,cabaneros,1,11,pr
Reforestation,57,0,0,cabaneros,1,11,pr
RipF,4764,0,0,cabaneros,1,11,pr
RockScreeVeg,11067,0,0,cabaneros,1,11,pr
SMedMarF,69447,0,0,cabaneros,1,11,pr
Shrub,21978,0,0,cabaneros,1,11,pr
WaterSurf,177,0,0,cabaneros,1,11,pr
ArtSurf,7418,0,0,cabaneros,1,12,pr
Crop,2473,0,0,cabaneros,1,12,pr
Dehesa,36272,0,0,cabaneros,1,12,pr
Grass,52784,0,0,cabaneros,1,12,pr
HydroRipVeg,554,0,0,cabaneros,1,12,pr
MedConF,35896,0,0,cabaneros,1,12,pr
MedSclF,158688,0,0,cabaneros,1,12,pr
MedScrub,187005,0,0,cabaneros,1,12,pr
Reforestation,57,0,0,cabaneros,1,12,pr
RipF,4764,0,0,cabaneros,1,12,pr
RockScreeVeg,11067,0,0,cabaneros,1,12,pr
SMedMarF,69447,0,0,cabaneros,1,12,pr
Shrub,21978,0,0,cabaneros,1,12,pr
WaterSurf,177,0,0,cabaneros,1,12,pr
ArtSurf,7418,0,0,cabaneros,3,1,pr
Crop,2473,0,0,cabaneros,3,1,pr
Dehesa,36272,0,0,cabaneros,3,1,pr
Grass,52784,0,0,cabaneros,3,1,pr
HydroRipVeg,554,0,0,cabaneros,3,1,pr
MedConF,35896,0,0,cabaneros,3,1,pr
MedSclF,158690,0,0,cabaneros,3,1,pr
MedScrub,187005,0,0,cabaneros,3,1,pr
Reforestation,57,0,0,cabaneros,3,1,pr
RipF,4764,0,0,cabaneros,3,1,pr
RockScreeVeg,11067,0,0,cabaneros,3,1,pr
SMedMarF,69447,0,0,cabaneros,3,1,pr
Shrub,21978,0,0,cabaneros,3,1,pr
WaterSurf,177,0,0,cabaneros,3,1,pr
ArtSurf,7418,0,0,cabaneros,3,2,pr
Crop,2473,0,0,cabaneros,3,2,pr
Dehesa,36272,0,0,cabaneros,3,2,pr
Grass,52784,0,0,cabaneros,3,2,pr
HydroRipVeg,554,0,0,cabaneros,3,2,pr
MedConF,35896,0,0,cabaneros,3,2,pr
MedSclF,158690,0,0,cabaneros,3,2,pr
MedScrub,187005,0,0,cabaneros,3,2,pr
Reforestation,57,0,0,cabaneros,3,2,pr
RipF,4764,0,0,cabaneros,3,2,pr
RockScreeVeg,11067,0,0,cabaneros,3,2,pr
SMedMarF,69447,0,0,cabaneros,3,2,pr
Shrub,21978,0,0,cabaneros,3,2,pr
WaterSurf,177,0,0,cabaneros,3,2,pr
ArtSurf,7418,0,0,cabaneros,3,3,pr
Crop,2473,0,0,cabaneros,3,3,pr
Dehesa,36272,0,0,cabaneros,3,3,pr
Grass,52784,0,0,cabaneros,3,3,pr
HydroRipVeg,554,0,0,cabaneros,3,3,pr
MedConF,35896,0,0,cabaneros,3,3,pr
MedSclF,158690,0,0,cabaneros,3,3,pr
MedScrub,187005,0,0,cabaneros,3,3,pr
Reforestation,57,0,0,cabaneros,3,3,pr
RipF,4764,0,0,cabaneros,3,3,pr
RockScreeVeg,11067,0,0,cabaneros,3,3,pr
SMedMarF,69447,0,0,cabaneros,3,3,pr
Shrub,21978,0,0,cabaneros,3,3,pr
WaterSurf,177,0,0,cabaneros,3,3,pr
ArtSurf,7418,2,0.03,cabaneros,3,4,pr
Crop,2473,0,0,cabaneros,3,4,pr
Dehesa,36272,4,0.01,cabaneros,3,4,pr
Grass,52784,0,0,cabaneros,3,4,pr
HydroRipVeg,554,0,0,cabaneros,3,4,pr
MedConF,35896,1,0,cabaneros,3,4,pr
MedSclF,158690,24,0.02,cabaneros,3,4,pr
MedScrub,187005,10,0.01,cabaneros,3,4,pr
Reforestation,57,0,0,cabaneros,3,4,pr
RipF,4764,1,0.02,cabaneros,3,4,pr
RockScreeVeg,11067,6,0.05,cabaneros,3,4,pr
SMedMarF,69447,33,0.05,cabaneros,3,4,pr
Shrub,21978,0,0,cabaneros,3,4,pr
WaterSurf,177,0,0,cabaneros,3,4,pr
ArtSurf,7418,9,0.12,cabaneros,3,5,pr
Crop,2473,0,0,cabaneros,3,5,pr
Dehesa,36272,1,0,cabaneros,3,5,pr
Grass,52784,4,0.01,cabaneros,3,5,pr
HydroRipVeg,554,1,0.18,cabaneros,3,5,pr
MedConF,35896,17,0.05,cabaneros,3,5,pr
MedSclF,158690,1342,0.85,cabaneros,3,5,pr
MedScrub,187005,708,0.38,cabaneros,3,5,pr
Reforestation,57,0,0,cabaneros,3,5,pr
RipF,4764,22,0.46,cabaneros,3,5,pr
RockScreeVeg,11067,115,1.04,cabaneros,3,5,pr
SMedMarF,69447,2049,2.95,cabaneros,3,5,pr
Shrub,21978,17,0.08,cabaneros,3,5,pr
WaterSurf,177,0,0,cabaneros,3,5,pr
ArtSurf,7418,1,0.01,cabaneros,3,6,pr
Crop,2473,0,0,cabaneros,3,6,pr
Dehesa,36272,0,0,cabaneros,3,6,pr
Grass,52784,0,0,cabaneros,3,6,pr
HydroRipVeg,554,0,0,cabaneros,3,6,pr
MedConF,35896,9,0.03,cabaneros,3,6,pr
MedSclF,158690,40,0.03,cabaneros,3,6,pr
MedScrub,187005,3,0,cabaneros,3,6,pr
Reforestation,57,0,0,cabaneros,3,6,pr
RipF,4764,0,0,cabaneros,3,6,pr
RockScreeVeg,11067,7,0.06,cabaneros,3,6,pr
SMedMarF,69447,5,0.01,cabaneros,3,6,pr
Shrub,21978,3,0.01,cabaneros,3,6,pr
WaterSurf,177,0,0,cabaneros,3,6,pr
ArtSurf,7418,0,0,cabaneros,3,7,pr
Crop,2473,0,0,cabaneros,3,7,pr
Dehesa,36272,0,0,cabaneros,3,7,pr
Grass,52784,0,0,cabaneros,3,7,pr
HydroRipVeg,554,0,0,cabaneros,3,7,pr
MedConF,35896,0,0,cabaneros,3,7,pr
MedSclF,158690,3,0,cabaneros,3,7,pr
MedScrub,187005,2,0,cabaneros,3,7,pr
Reforestation,57,0,0,cabaneros,3,7,pr
RipF,4764,2,0.04,cabaneros,3,7,pr
RockScreeVeg,11067,4,0.04,cabaneros,3,7,pr
SMedMarF,69447,4,0.01,cabaneros,3,7,pr
Shrub,21978,0,0,cabaneros,3,7,pr
WaterSurf,177,0,0,cabaneros,3,7,pr
ArtSurf,7418,0,0,cabaneros,3,8,pr
Crop,2473,0,0,cabaneros,3,8,pr
Dehesa,36272,0,0,cabaneros,3,8,pr
Grass,52784,0,0,cabaneros,3,8,pr
HydroRipVeg,554,0,0,cabaneros,3,8,pr
MedConF,35896,0,0,cabaneros,3,8,pr
MedSclF,158690,0,0,cabaneros,3,8,pr
MedScrub,187005,0,0,cabaneros,3,8,pr
Reforestation,57,0,0,cabaneros,3,8,pr
RipF,4764,0,0,cabaneros,3,8,pr
RockScreeVeg,11067,0,0,cabaneros,3,8,pr
SMedMarF,69447,0,0,cabaneros,3,8,pr
Shrub,21978,0,0,cabaneros,3,8,pr
WaterSurf,177,0,0,cabaneros,3,8,pr
ArtSurf,7418,0,0,cabaneros,3,9,pr
Crop,2473,0,0,cabaneros,3,9,pr
Dehesa,36272,0,0,cabaneros,3,9,pr
Grass,52784,0,0,cabaneros,3,9,pr
HydroRipVeg,554,0,0,cabaneros,3,9,pr
MedConF,35896,0,0,cabaneros,3,9,pr
MedSclF,158690,0,0,cabaneros,3,9,pr
MedScrub,187005,0,0,cabaneros,3,9,pr
Reforestation,57,0,0,cabaneros,3,9,pr
RipF,4764,0,0,cabaneros,3,9,pr
RockScreeVeg,11067,0,0,cabaneros,3,9,pr
SMedMarF,69447,0,0,cabaneros,3,9,pr
Shrub,21978,0,0,cabaneros,3,9,pr
WaterSurf,177,0,0,cabaneros,3,9,pr
ArtSurf,7418,0,0,cabaneros,3,10,pr
Crop,2473,0,0,cabaneros,3,10,pr
Dehesa,36272,0,0,cabaneros,3,10,pr
Grass,52784,0,0,cabaneros,3,10,pr
HydroRipVeg,554,0,0,cabaneros,3,10,pr
MedConF,35896,0,0,cabaneros,3,10,pr
MedSclF,158690,0,0,cabaneros,3,10,pr
MedScrub,187005,0,0,cabaneros,3,10,pr
Reforestation,57,0,0,cabaneros,3,10,pr
RipF,4764,0,0,cabaneros,3,10,pr
RockScreeVeg,11067,0,0,cabaneros,3,10,pr
SMedMarF,69447,0,0,cabaneros,3,10,pr
Shrub,21978,0,0,cabaneros,3,10,pr
WaterSurf,177,0,0,cabaneros,3,10,pr
ArtSurf,7418,0,0,cabaneros,3,11,pr
Crop,2473,0,0,cabaneros,3,11,pr
Dehesa,36272,0,0,cabaneros,3,11,pr
Grass,52784,0,0,cabaneros,3,11,pr
HydroRipVeg,554,0,0,cabaneros,3,11,pr
MedConF,35896,0,0,cabaneros,3,11,pr
MedSclF,158690,0,0,cabaneros,3,11,pr
MedScrub,187005,0,0,cabaneros,3,11,pr
Reforestation,57,0,0,cabaneros,3,11,pr
RipF,4764,0,0,cabaneros,3,11,pr
RockScreeVeg,11067,0,0,cabaneros,3,11,pr
SMedMarF,69447,0,0,cabaneros,3,11,pr
Shrub,21978,0,0,cabaneros,3,11,pr
WaterSurf,177,0,0,cabaneros,3,11,pr
ArtSurf,7418,0,0,cabaneros,3,12,pr
Crop,2473,0,0,cabaneros,3,12,pr
Dehesa,36272,0,0,cabaneros,3,12,pr
Grass,52784,0,0,cabaneros,3,12,pr
HydroRipVeg,554,0,0,cabaneros,3,12,pr
MedConF,35896,0,0,cabaneros,3,12,pr
MedSclF,158688,0,0,cabaneros,3,12,pr
MedScrub,187005,0,0,cabaneros,3,12,pr
Reforestation,57,0,0,cabaneros,3,12,pr
RipF,4764,0,0,cabaneros,3,12,pr
RockScreeVeg,11067,0,0,cabaneros,3,12,pr
SMedMarF,69447,0,0,cabaneros,3,12,pr
Shrub,21978,0,0,cabaneros,3,12,pr
WaterSurf,177,0,0,cabaneros,3,12,pr
ArtSurf,7418,0,0,cabaneros,6,1,pr
Crop,2473,0,0,cabaneros,6,1,pr
Dehesa,36272,0,0,cabaneros,6,1,pr
Grass,52784,0,0,cabaneros,6,1,pr
HydroRipVeg,554,0,0,cabaneros,6,1,pr
MedConF,35896,0,0,cabaneros,6,1,pr
MedSclF,158690,0,0,cabaneros,6,1,pr
MedScrub,187005,0,0,cabaneros,6,1,pr
Reforestation,57,0,0,cabaneros,6,1,pr
RipF,4764,0,0,cabaneros,6,1,pr
RockScreeVeg,11067,0,0,cabaneros,6,1,pr
SMedMarF,69447,0,0,cabaneros,6,1,pr
Shrub,21978,0,0,cabaneros,6,1,pr
WaterSurf,177,0,0,cabaneros,6,1,pr
ArtSurf,7418,0,0,cabaneros,6,2,pr
Crop,2473,0,0,cabaneros,6,2,pr
Dehesa,36272,0,0,cabaneros,6,2,pr
Grass,52784,0,0,cabaneros,6,2,pr
HydroRipVeg,554,0,0,cabaneros,6,2,pr
MedConF,35896,0,0,cabaneros,6,2,pr
MedSclF,158690,0,0,cabaneros,6,2,pr
MedScrub,187005,0,0,cabaneros,6,2,pr
Reforestation,57,0,0,cabaneros,6,2,pr
RipF,4764,0,0,cabaneros,6,2,pr
RockScreeVeg,11067,0,0,cabaneros,6,2,pr
SMedMarF,69447,0,0,cabaneros,6,2,pr
Shrub,21978,0,0,cabaneros,6,2,pr
WaterSurf,177,0,0,cabaneros,6,2,pr
ArtSurf,7418,0,0,cabaneros,6,3,pr
Crop,2473,0,0,cabaneros,6,3,pr
Dehesa,36272,0,0,cabaneros,6,3,pr
Grass,52784,0,0,cabaneros,6,3,pr
HydroRipVeg,554,0,0,cabaneros,6,3,pr
MedConF,35896,0,0,cabaneros,6,3,pr
MedSclF,158690,0,0,cabaneros,6,3,pr
MedScrub,187005,0,0,cabaneros,6,3,pr
Reforestation,57,0,0,cabaneros,6,3,pr
RipF,4764,0,0,cabaneros,6,3,pr
RockScreeVeg,11067,0,0,cabaneros,6,3,pr
SMedMarF,69447,0,0,cabaneros,6,3,pr
Shrub,21978,0,0,cabaneros,6,3,pr
WaterSurf,177,0,0,cabaneros,6,3,pr
ArtSurf,7418,8,0.11,cabaneros,6,4,pr
Crop,2473,0,0,cabaneros,6,4,pr
Dehesa,36272,2,0.01,cabaneros,6,4,pr
Grass,52784,0,0,cabaneros,6,4,pr
HydroRipVeg,554,2,0.36,cabaneros,6,4,pr
MedConF,35896,2,0.01,cabaneros,6,4,pr
MedSclF,158690,28,0.02,cabaneros,6,4,pr
MedScrub,187005,175,0.09,cabaneros,6,4,pr
Reforestation,57,0,0,cabaneros,6,4,pr
RipF,4764,1,0.02,cabaneros,6,4,pr
RockScreeVeg,11067,3,0.03,cabaneros,6,4,pr
SMedMarF,69447,17,0.02,cabaneros,6,4,pr
Shrub,21978,1,0,cabaneros,6,4,pr
WaterSurf,177,0,0,cabaneros,6,4,pr
ArtSurf,7418,0,0,cabaneros,6,5,pr
Crop,2473,0,0,cabaneros,6,5,pr
Dehesa,36272,0,0,cabaneros,6,5,pr
Grass,52784,0,0,cabaneros,6,5,pr
HydroRipVeg,554,0,0,cabaneros,6,5,pr
MedConF,35896,0,0,cabaneros,6,5,pr
MedSclF,158690,0,0,cabaneros,6,5,pr
MedScrub,187005,25,0.01,cabaneros,6,5,pr
Reforestation,57,0,0,cabaneros,6,5,pr
RipF,4764,0,0,cabaneros,6,5,pr
RockScreeVeg,11067,0,0,cabaneros,6,5,pr
SMedMarF,69447,1,0,cabaneros,6,5,pr
Shrub,21978,0,0,cabaneros,6,5,pr
WaterSurf,177,0,0,cabaneros,6,5,pr
ArtSurf,7418,0,0,cabaneros,6,6,pr
Crop,2473,0,0,cabaneros,6,6,pr
Dehesa,36272,0,0,cabaneros,6,6,pr
Grass,52784,0,0,cabaneros,6,6,pr
HydroRipVeg,554,0,0,cabaneros,6,6,pr
MedConF,35896,2,0.01,cabaneros,6,6,pr
MedSclF,158690,11,0.01,cabaneros,6,6,pr
MedScrub,187005,11,0.01,cabaneros,6,6,pr
Reforestation,57,0,0,cabaneros,6,6,pr
RipF,4764,9,0.19,cabaneros,6,6,pr
RockScreeVeg,11067,15,0.14,cabaneros,6,6,pr
SMedMarF,69447,8,0.01,cabaneros,6,6,pr
Shrub,21978,2,0.01,cabaneros,6,6,pr
WaterSurf,177,1,0.56,cabaneros,6,6,pr
ArtSurf,7418,1,0.01,cabaneros,6,7,pr
Crop,2473,0,0,cabaneros,6,7,pr
Dehesa,36272,0,0,cabaneros,6,7,pr
Grass,52784,0,0,cabaneros,6,7,pr
HydroRipVeg,554,0,0,cabaneros,6,7,pr
MedConF,35896,3,0.01,cabaneros,6,7,pr
MedSclF,158690,7,0,cabaneros,6,7,pr
MedScrub,187005,0,0,cabaneros,6,7,pr
Reforestation,57,0,0,cabaneros,6,7,pr
RipF,4764,8,0.17,cabaneros,6,7,pr
RockScreeVeg,11067,17,0.15,cabaneros,6,7,pr
SMedMarF,69447,9,0.01,cabaneros,6,7,pr
Shrub,21978,0,0,cabaneros,6,7,pr
WaterSurf,177,1,0.56,cabaneros,6,7,pr
ArtSurf,7418,0,0,cabaneros,6,8,pr
Crop,2473,0,0,cabaneros,6,8,pr
Dehesa,36272,0,0,cabaneros,6,8,pr
Grass,52784,0,0,cabaneros,6,8,pr
HydroRipVeg,554,0,0,cabaneros,6,8,pr
MedConF,35896,0,0,cabaneros,6,8,pr
MedSclF,158690,12,0.01,cabaneros,6,8,pr
MedScrub,187005,0,0,cabaneros,6,8,pr
Reforestation,57,0,0,cabaneros,6,8,pr
RipF,4764,11,0.23,cabaneros,6,8,pr
RockScreeVeg,11067,4,0.04,cabaneros,6,8,pr
SMedMarF,69447,24,0.03,cabaneros,6,8,pr
Shrub,21978,0,0,cabaneros,6,8,pr
WaterSurf,177,0,0,cabaneros,6,8,pr
ArtSurf,7418,0,0,cabaneros,6,9,pr
Crop,2473,0,0,cabaneros,6,9,pr
Dehesa,36272,0,0,cabaneros,6,9,pr
Grass,52784,0,0,cabaneros,6,9,pr
HydroRipVeg,554,0,0,cabaneros,6,9,pr
MedConF,35896,0,0,cabaneros,6,9,pr
MedSclF,158690,0,0,cabaneros,6,9,pr
MedScrub,187005,0,0,cabaneros,6,9,pr
Reforestation,57,0,0,cabaneros,6,9,pr
RipF,4764,0,0,cabaneros,6,9,pr
RockScreeVeg,11067,0,0,cabaneros,6,9,pr
SMedMarF,69447,0,0,cabaneros,6,9,pr
Shrub,21978,0,0,cabaneros,6,9,pr
WaterSurf,177,0,0,cabaneros,6,9,pr
ArtSurf,7418,0,0,cabaneros,6,10,pr
Crop,2473,0,0,cabaneros,6,10,pr
Dehesa,36272,0,0,cabaneros,6,10,pr
Grass,52784,0,0,cabaneros,6,10,pr
HydroRipVeg,554,0,0,cabaneros,6,10,pr
MedConF,35896,0,0,cabaneros,6,10,pr
MedSclF,158690,0,0,cabaneros,6,10,pr
MedScrub,187005,0,0,cabaneros,6,10,pr
Reforestation,57,0,0,cabaneros,6,10,pr
RipF,4764,0,0,cabaneros,6,10,pr
RockScreeVeg,11067,0,0,cabaneros,6,10,pr
SMedMarF,69447,0,0,cabaneros,6,10,pr
Shrub,21978,0,0,cabaneros,6,10,pr
WaterSurf,177,0,0,cabaneros,6,10,pr
ArtSurf,7418,0,0,cabaneros,6,11,pr
Crop,2473,0,0,cabaneros,6,11,pr
Dehesa,36272,0,0,cabaneros,6,11,pr
Grass,52784,0,0,cabaneros,6,11,pr
HydroRipVeg,554,0,0,cabaneros,6,11,pr
MedConF,35896,0,0,cabaneros,6,11,pr
MedSclF,158690,0,0,cabaneros,6,11,pr
MedScrub,187005,0,0,cabaneros,6,11,pr
Reforestation,57,0,0,cabaneros,6,11,pr
RipF,4764,0,0,cabaneros,6,11,pr
RockScreeVeg,11067,0,0,cabaneros,6,11,pr
SMedMarF,69447,0,0,cabaneros,6,11,pr
Shrub,21978,0,0,cabaneros,6,11,pr
WaterSurf,177,0,0,cabaneros,6,11,pr
ArtSurf,7418,0,0,cabaneros,6,12,pr
Crop,2473,0,0,cabaneros,6,12,pr
Dehesa,36272,0,0,cabaneros,6,12,pr
Grass,52784,0,0,cabaneros,6,12,pr
HydroRipVeg,554,0,0,cabaneros,6,12,pr
MedConF,35896,0,0,cabaneros,6,12,pr
MedSclF,158688,0,0,cabaneros,6,12,pr
MedScrub,187005,0,0,cabaneros,6,12,pr
Reforestation,57,0,0,cabaneros,6,12,pr
RipF,4764,0,0,cabaneros,6,12,pr
RockScreeVeg,11067,0,0,cabaneros,6,12,pr
SMedMarF,69447,0,0,cabaneros,6,12,pr
Shrub,21978,0,0,cabaneros,6,12,pr
WaterSurf,177,0,0,cabaneros,6,12,pr
ArtSurf,7418,0,0,cabaneros,9,1,pr
Crop,2473,0,0,cabaneros,9,1,pr
Dehesa,36272,0,0,cabaneros,9,1,pr
Grass,52784,0,0,cabaneros,9,1,pr
HydroRipVeg,554,0,0,cabaneros,9,1,pr
MedConF,35896,0,0,cabaneros,9,1,pr
MedSclF,158690,0,0,cabaneros,9,1,pr
MedScrub,187005,0,0,cabaneros,9,1,pr
Reforestation,57,0,0,cabaneros,9,1,pr
RipF,4764,0,0,cabaneros,9,1,pr
RockScreeVeg,11067,0,0,cabaneros,9,1,pr
SMedMarF,69447,0,0,cabaneros,9,1,pr
Shrub,21978,0,0,cabaneros,9,1,pr
WaterSurf,177,0,0,cabaneros,9,1,pr
ArtSurf,7418,0,0,cabaneros,9,2,pr
Crop,2473,0,0,cabaneros,9,2,pr
Dehesa,36272,0,0,cabaneros,9,2,pr
Grass,52784,0,0,cabaneros,9,2,pr
HydroRipVeg,554,0,0,cabaneros,9,2,pr
MedConF,35896,0,0,cabaneros,9,2,pr
MedSclF,158690,0,0,cabaneros,9,2,pr
MedScrub,187005,0,0,cabaneros,9,2,pr
Reforestation,57,0,0,cabaneros,9,2,pr
RipF,4764,0,0,cabaneros,9,2,pr
RockScreeVeg,11067,0,0,cabaneros,9,2,pr
SMedMarF,69447,0,0,cabaneros,9,2,pr
Shrub,21978,0,0,cabaneros,9,2,pr
WaterSurf,177,0,0,cabaneros,9,2,pr
ArtSurf,7418,0,0,cabaneros,9,3,pr
Crop,2473,0,0,cabaneros,9,3,pr
Dehesa,36272,0,0,cabaneros,9,3,pr
Grass,52784,0,0,cabaneros,9,3,pr
HydroRipVeg,554,0,0,cabaneros,9,3,pr
MedConF,35896,0,0,cabaneros,9,3,pr
MedSclF,158690,0,0,cabaneros,9,3,pr
MedScrub,187005,0,0,cabaneros,9,3,pr
Reforestation,57,0,0,cabaneros,9,3,pr
RipF,4764,0,0,cabaneros,9,3,pr
RockScreeVeg,11067,0,0,cabaneros,9,3,pr
SMedMarF,69447,0,0,cabaneros,9,3,pr
Shrub,21978,0,0,cabaneros,9,3,pr
WaterSurf,177,0,0,cabaneros,9,3,pr
ArtSurf,7418,1,0.01,cabaneros,9,4,pr
Crop,2473,0,0,cabaneros,9,4,pr
Dehesa,36272,2,0.01,cabaneros,9,4,pr
Grass,52784,1,0,cabaneros,9,4,pr
HydroRipVeg,554,0,0,cabaneros,9,4,pr
MedConF,35896,0,0,cabaneros,9,4,pr
MedSclF,158690,13,0.01,cabaneros,9,4,pr
MedScrub,187005,121,0.06,cabaneros,9,4,pr
Reforestation,57,0,0,cabaneros,9,4,pr
RipF,4764,0,0,cabaneros,9,4,pr
RockScreeVeg,11067,5,0.05,cabaneros,9,4,pr
SMedMarF,69447,17,0.02,cabaneros,9,4,pr
Shrub,21978,1,0,cabaneros,9,4,pr
WaterSurf,177,0,0,cabaneros,9,4,pr
ArtSurf,7418,1,0.01,cabaneros,9,5,pr
Crop,2473,0,0,cabaneros,9,5,pr
Dehesa,36272,0,0,cabaneros,9,5,pr
Grass,52784,0,0,cabaneros,9,5,pr
HydroRipVeg,554,0,0,cabaneros,9,5,pr
MedConF,35896,0,0,cabaneros,9,5,pr
MedSclF,158690,0,0,cabaneros,9,5,pr
MedScrub,187005,77,0.04,cabaneros,9,5,pr
Reforestation,57,0,0,cabaneros,9,5,pr
RipF,4764,0,0,cabaneros,9,5,pr
RockScreeVeg,11067,4,0.04,cabaneros,9,5,pr
SMedMarF,69447,14,0.02,cabaneros,9,5,pr
Shrub,21978,0,0,cabaneros,9,5,pr
WaterSurf,177,0,0,cabaneros,9,5,pr
ArtSurf,7418,0,0,cabaneros,9,6,pr
Crop,2473,0,0,cabaneros,9,6,pr
Dehesa,36272,0,0,cabaneros,9,6,pr
Grass,52784,0,0,cabaneros,9,6,pr
HydroRipVeg,554,0,0,cabaneros,9,6,pr
MedConF,35896,0,0,cabaneros,9,6,pr
MedSclF,158690,0,0,cabaneros,9,6,pr
MedScrub,187005,0,0,cabaneros,9,6,pr
Reforestation,57,0,0,cabaneros,9,6,pr
RipF,4764,1,0.02,cabaneros,9,6,pr
RockScreeVeg,11067,1,0.01,cabaneros,9,6,pr
SMedMarF,69447,1,0,cabaneros,9,6,pr
Shrub,21978,1,0,cabaneros,9,6,pr
WaterSurf,177,0,0,cabaneros,9,6,pr
ArtSurf,7418,2,0.03,cabaneros,9,7,pr
Crop,2473,0,0,cabaneros,9,7,pr
Dehesa,36272,0,0,cabaneros,9,7,pr
Grass,52784,0,0,cabaneros,9,7,pr
HydroRipVeg,554,0,0,cabaneros,9,7,pr
MedConF,35896,1,0,cabaneros,9,7,pr
MedSclF,158690,2,0,cabaneros,9,7,pr
MedScrub,187005,1,0,cabaneros,9,7,pr
Reforestation,57,0,0,cabaneros,9,7,pr
RipF,4764,12,0.25,cabaneros,9,7,pr
RockScreeVeg,11067,3,0.03,cabaneros,9,7,pr
SMedMarF,69447,0,0,cabaneros,9,7,pr
Shrub,21978,0,0,cabaneros,9,7,pr
WaterSurf,177,0,0,cabaneros,9,7,pr
ArtSurf,7418,0,0,cabaneros,9,8,pr
Crop,2473,0,0,cabaneros,9,8,pr
Dehesa,36272,2,0.01,cabaneros,9,8,pr
Grass,52784,0,0,cabaneros,9,8,pr
HydroRipVeg,554,0,0,cabaneros,9,8,pr
MedConF,35896,0,0,cabaneros,9,8,pr
MedSclF,158690,4,0,cabaneros,9,8,pr
MedScrub,187005,0,0,cabaneros,9,8,pr
Reforestation,57,0,0,cabaneros,9,8,pr
RipF,4764,0,0,cabaneros,9,8,pr
RockScreeVeg,11067,0,0,cabaneros,9,8,pr
SMedMarF,69447,0,0,cabaneros,9,8,pr
Shrub,21978,0,0,cabaneros,9,8,pr
WaterSurf,177,0,0,cabaneros,9,8,pr
ArtSurf,7418,0,0,cabaneros,9,9,pr
Crop,2473,0,0,cabaneros,9,9,pr
Dehesa,36272,0,0,cabaneros,9,9,pr
Grass,52784,0,0,cabaneros,9,9,pr
HydroRipVeg,554,0,0,cabaneros,9,9,pr
MedConF,35896,0,0,cabaneros,9,9,pr
MedSclF,158690,0,0,cabaneros,9,9,pr
MedScrub,187005,0,0,cabaneros,9,9,pr
Reforestation,57,0,0,cabaneros,9,9,pr
RipF,4764,0,0,cabaneros,9,9,pr
RockScreeVeg,11067,0,0,cabaneros,9,9,pr
SMedMarF,69447,0,0,cabaneros,9,9,pr
Shrub,21978,0,0,cabaneros,9,9,pr
WaterSurf,177,0,0,cabaneros,9,9,pr
ArtSurf,7418,0,0,cabaneros,9,10,pr
Crop,2473,0,0,cabaneros,9,10,pr
Dehesa,36272,0,0,cabaneros,9,10,pr
Grass,52784,0,0,cabaneros,9,10,pr
HydroRipVeg,554,0,0,cabaneros,9,10,pr
MedConF,35896,0,0,cabaneros,9,10,pr
MedSclF,158690,0,0,cabaneros,9,10,pr
MedScrub,187005,0,0,cabaneros,9,10,pr
Reforestation,57,0,0,cabaneros,9,10,pr
RipF,4764,0,0,cabaneros,9,10,pr
RockScreeVeg,11067,0,0,cabaneros,9,10,pr
SMedMarF,69447,0,0,cabaneros,9,10,pr
Shrub,21978,0,0,cabaneros,9,10,pr
WaterSurf,177,0,0,cabaneros,9,10,pr
ArtSurf,7418,0,0,cabaneros,9,11,pr
Crop,2473,0,0,cabaneros,9,11,pr
Dehesa,36272,0,0,cabaneros,9,11,pr
Grass,52784,0,0,cabaneros,9,11,pr
HydroRipVeg,554,0,0,cabaneros,9,11,pr
MedConF,35896,0,0,cabaneros,9,11,pr
MedSclF,158690,0,0,cabaneros,9,11,pr
MedScrub,187005,0,0,cabaneros,9,11,pr
Reforestation,57,0,0,cabaneros,9,11,pr
RipF,4764,0,0,cabaneros,9,11,pr
RockScreeVeg,11067,0,0,cabaneros,9,11,pr
SMedMarF,69447,0,0,cabaneros,9,11,pr
Shrub,21978,0,0,cabaneros,9,11,pr
WaterSurf,177,0,0,cabaneros,9,11,pr
ArtSurf,7418,0,0,cabaneros,9,12,pr
Crop,2473,0,0,cabaneros,9,12,pr
Dehesa,36272,0,0,cabaneros,9,12,pr
Grass,52784,0,0,cabaneros,9,12,pr
HydroRipVeg,554,0,0,cabaneros,9,12,pr
MedConF,35896,0,0,cabaneros,9,12,pr
MedSclF,158688,0,0,cabaneros,9,12,pr
MedScrub,187005,0,0,cabaneros,9,12,pr
Reforestation,57,0,0,cabaneros,9,12,pr
RipF,4764,0,0,cabaneros,9,12,pr
RockScreeVeg,11067,0,0,cabaneros,9,12,pr
SMedMarF,69447,0,0,cabaneros,9,12,pr
Shrub,21978,0,0,cabaneros,9,12,pr
WaterSurf,177,0,0,cabaneros,9,12,pr
ArtSurf,7418,0,0,cabaneros,12,1,pr
Crop,2473,0,0,cabaneros,12,1,pr
Dehesa,36272,0,0,cabaneros,12,1,pr
Grass,52784,0,0,cabaneros,12,1,pr
HydroRipVeg,554,0,0,cabaneros,12,1,pr
MedConF,35896,0,0,cabaneros,12,1,pr
MedSclF,158690,0,0,cabaneros,12,1,pr
MedScrub,187005,0,0,cabaneros,12,1,pr
Reforestation,57,0,0,cabaneros,12,1,pr
RipF,4764,0,0,cabaneros,12,1,pr
RockScreeVeg,11067,0,0,cabaneros,12,1,pr
SMedMarF,69447,0,0,cabaneros,12,1,pr
Shrub,21978,0,0,cabaneros,12,1,pr
WaterSurf,177,0,0,cabaneros,12,1,pr
ArtSurf,7418,0,0,cabaneros,12,2,pr
Crop,2473,0,0,cabaneros,12,2,pr
Dehesa,36272,0,0,cabaneros,12,2,pr
Grass,52784,0,0,cabaneros,12,2,pr
HydroRipVeg,554,0,0,cabaneros,12,2,pr
MedConF,35896,0,0,cabaneros,12,2,pr
MedSclF,158690,0,0,cabaneros,12,2,pr
MedScrub,187005,0,0,cabaneros,12,2,pr
Reforestation,57,0,0,cabaneros,12,2,pr
RipF,4764,0,0,cabaneros,12,2,pr
RockScreeVeg,11067,0,0,cabaneros,12,2,pr
SMedMarF,69447,0,0,cabaneros,12,2,pr
Shrub,21978,0,0,cabaneros,12,2,pr
WaterSurf,177,0,0,cabaneros,12,2,pr
ArtSurf,7418,0,0,cabaneros,12,3,pr
Crop,2473,0,0,cabaneros,12,3,pr
Dehesa,36272,0,0,cabaneros,12,3,pr
Grass,52784,0,0,cabaneros,12,3,pr
HydroRipVeg,554,0,0,cabaneros,12,3,pr
MedConF,35896,0,0,cabaneros,12,3,pr
MedSclF,158690,0,0,cabaneros,12,3,pr
MedScrub,187005,0,0,cabaneros,12,3,pr
Reforestation,57,0,0,cabaneros,12,3,pr
RipF,4764,0,0,cabaneros,12,3,pr
RockScreeVeg,11067,0,0,cabaneros,12,3,pr
SMedMarF,69447,0,0,cabaneros,12,3,pr
Shrub,21978,0,0,cabaneros,12,3,pr
WaterSurf,177,0,0,cabaneros,12,3,pr
ArtSurf,7418,0,0,cabaneros,12,4,pr
Crop,2473,0,0,cabaneros,12,4,pr
Dehesa,36272,1,0,cabaneros,12,4,pr
Grass,52784,1,0,cabaneros,12,4,pr
HydroRipVeg,554,2,0.36,cabaneros,12,4,pr
MedConF,35896,0,0,cabaneros,12,4,pr
MedSclF,158690,3,0,cabaneros,12,4,pr
MedScrub,187005,41,0.02,cabaneros,12,4,pr
Reforestation,57,0,0,cabaneros,12,4,pr
RipF,4764,0,0,cabaneros,12,4,pr
RockScreeVeg,11067,5,0.05,cabaneros,12,4,pr
SMedMarF,69447,9,0.01,cabaneros,12,4,pr
Shrub,21978,2,0.01,cabaneros,12,4,pr
WaterSurf,177,0,0,cabaneros,12,4,pr
ArtSurf,7418,1,0.01,cabaneros,12,5,pr
Crop,2473,0,0,cabaneros,12,5,pr
Dehesa,36272,0,0,cabaneros,12,5,pr
Grass,52784,0,0,cabaneros,12,5,pr
HydroRipVeg,554,0,0,cabaneros,12,5,pr
MedConF,35896,0,0,cabaneros,12,5,pr
MedSclF,158690,1,0,cabaneros,12,5,pr
MedScrub,187005,110,0.06,cabaneros,12,5,pr
Reforestation,57,0,0,cabaneros,12,5,pr
RipF,4764,0,0,cabaneros,12,5,pr
RockScreeVeg,11067,8,0.07,cabaneros,12,5,pr
SMedMarF,69447,64,0.09,cabaneros,12,5,pr
Shrub,21978,1,0,cabaneros,12,5,pr
WaterSurf,177,0,0,cabaneros,12,5,pr
ArtSurf,7418,0,0,cabaneros,12,6,pr
Crop,2473,0,0,cabaneros,12,6,pr
Dehesa,36272,0,0,cabaneros,12,6,pr
Grass,52784,0,0,cabaneros,12,6,pr
HydroRipVeg,554,0,0,cabaneros,12,6,pr
MedConF,35896,0,0,cabaneros,12,6,pr
MedSclF,158690,0,0,cabaneros,12,6,pr
MedScrub,187005,1,0,cabaneros,12,6,pr
Reforestation,57,0,0,cabaneros,12,6,pr
RipF,4764,1,0.02,cabaneros,12,6,pr
RockScreeVeg,11067,0,0,cabaneros,12,6,pr
SMedMarF,69447,1,0,cabaneros,12,6,pr
Shrub,21978,0,0,cabaneros,12,6,pr
WaterSurf,177,0,0,cabaneros,12,6,pr
ArtSurf,7418,1,0.01,cabaneros,12,7,pr
Crop,2473,0,0,cabaneros,12,7,pr
Dehesa,36272,0,0,cabaneros,12,7,pr
Grass,52784,0,0,cabaneros,12,7,pr
HydroRipVeg,554,0,0,cabaneros,12,7,pr
MedConF,35896,0,0,cabaneros,12,7,pr
MedSclF,158690,3,0,cabaneros,12,7,pr
MedScrub,187005,1,0,cabaneros,12,7,pr
Reforestation,57,0,0,cabaneros,12,7,pr
RipF,4764,5,0.1,cabaneros,12,7,pr
RockScreeVeg,11067,4,0.04,cabaneros,12,7,pr
SMedMarF,69447,0,0,cabaneros,12,7,pr
Shrub,21978,0,0,cabaneros,12,7,pr
WaterSurf,177,0,0,cabaneros,12,7,pr
ArtSurf,7418,0,0,cabaneros,12,8,pr
Crop,2473,0,0,cabaneros,12,8,pr
Dehesa,36272,1,0,cabaneros,12,8,pr
Grass,52784,0,0,cabaneros,12,8,pr
HydroRipVeg,554,0,0,cabaneros,12,8,pr
MedConF,35896,0,0,cabaneros,12,8,pr
MedSclF,158690,2,0,cabaneros,12,8,pr
MedScrub,187005,0,0,cabaneros,12,8,pr
Reforestation,57,0,0,cabaneros,12,8,pr
RipF,4764,1,0.02,cabaneros,12,8,pr
RockScreeVeg,11067,0,0,cabaneros,12,8,pr
SMedMarF,69447,0,0,cabaneros,12,8,pr
Shrub,21978,0,0,cabaneros,12,8,pr
WaterSurf,177,0,0,cabaneros,12,8,pr
ArtSurf,7418,0,0,cabaneros,12,9,pr
Crop,2473,0,0,cabaneros,12,9,pr
Dehesa,36272,0,0,cabaneros,12,9,pr
Grass,52784,0,0,cabaneros,12,9,pr
HydroRipVeg,554,0,0,cabaneros,12,9,pr
MedConF,35896,0,0,cabaneros,12,9,pr
MedSclF,158690,0,0,cabaneros,12,9,pr
MedScrub,187005,0,0,cabaneros,12,9,pr
Reforestation,57,0,0,cabaneros,12,9,pr
RipF,4764,0,0,cabaneros,12,9,pr
RockScreeVeg,11067,0,0,cabaneros,12,9,pr
SMedMarF,69447,1,0,cabaneros,12,9,pr
Shrub,21978,0,0,cabaneros,12,9,pr
WaterSurf,177,0,0,cabaneros,12,9,pr
ArtSurf,7418,3,0.04,cabaneros,12,10,pr
Crop,2473,0,0,cabaneros,12,10,pr
Dehesa,36272,0,0,cabaneros,12,10,pr
Grass,52784,1,0,cabaneros,12,10,pr
HydroRipVeg,554,0,0,cabaneros,12,10,pr
MedConF,35896,4,0.01,cabaneros,12,10,pr
MedSclF,158690,1,0,cabaneros,12,10,pr
MedScrub,187005,0,0,cabaneros,12,10,pr
Reforestation,57,0,0,cabaneros,12,10,pr
RipF,4764,1,0.02,cabaneros,12,10,pr
RockScreeVeg,11067,23,0.21,cabaneros,12,10,pr
SMedMarF,69447,0,0,cabaneros,12,10,pr
Shrub,21978,0,0,cabaneros,12,10,pr
WaterSurf,177,5,2.82,cabaneros,12,10,pr
ArtSurf,7418,0,0,cabaneros,12,11,pr
Crop,2473,0,0,cabaneros,12,11,pr
Dehesa,36272,0,0,cabaneros,12,11,pr
Grass,52784,0,0,cabaneros,12,11,pr
HydroRipVeg,554,0,0,cabaneros,12,11,pr
MedConF,35896,0,0,cabaneros,12,11,pr
MedSclF,158690,0,0,cabaneros,12,11,pr
MedScrub,187005,0,0,cabaneros,12,11,pr
Reforestation,57,0,0,cabaneros,12,11,pr
RipF,4764,1,0.02,cabaneros,12,11,pr
RockScreeVeg,11067,11,0.1,cabaneros,12,11,pr
SMedMarF,69447,1,0,cabaneros,12,11,pr
Shrub,21978,0,0,cabaneros,12,11,pr
WaterSurf,177,0,0,cabaneros,12,11,pr
ArtSurf,7418,0,0,cabaneros,12,12,pr
Crop,2473,0,0,cabaneros,12,12,pr
Dehesa,36272,0,0,cabaneros,12,12,pr
Grass,52784,0,0,cabaneros,12,12,pr
HydroRipVeg,554,0,0,cabaneros,12,12,pr
MedConF,35896,0,0,cabaneros,12,12,pr
MedSclF,158688,0,0,cabaneros,12,12,pr
MedScrub,187005,0,0,cabaneros,12,12,pr
Reforestation,57,0,0,cabaneros,12,12,pr
RipF,4764,0,0,cabaneros,12,12,pr
RockScreeVeg,11067,0,0,cabaneros,12,12,pr
SMedMarF,69447,0,0,cabaneros,12,12,pr
Shrub,21978,0,0,cabaneros,12,12,pr
WaterSurf,177,0,0,cabaneros,12,12,pr
AridScr,7823,0,0,cabrera,1,1,pr
ArtSurf,94,0,0,cabrera,1,1,pr
BareArea,1122,0,0,cabrera,1,1,pr
Crop,4,0,0,cabrera,1,1,pr
Grass,13,0,0,cabrera,1,1,pr
HaloVeg,52,0,0,cabrera,1,1,pr
MedConF,8797,0,0,cabrera,1,1,pr
MedScrub,486,0,0,cabrera,1,1,pr
SaltMar,276,0,0,cabrera,1,1,pr
AridScr,7823,0,0,cabrera,1,2,pr
ArtSurf,94,0,0,cabrera,1,2,pr
BareArea,1122,0,0,cabrera,1,2,pr
Crop,4,0,0,cabrera,1,2,pr
Grass,13,0,0,cabrera,1,2,pr
HaloVeg,52,0,0,cabrera,1,2,pr
MedConF,8797,0,0,cabrera,1,2,pr
MedScrub,486,0,0,cabrera,1,2,pr
SaltMar,276,0,0,cabrera,1,2,pr
AridScr,7823,0,0,cabrera,1,3,pr
ArtSurf,94,0,0,cabrera,1,3,pr
BareArea,1122,0,0,cabrera,1,3,pr
Crop,4,0,0,cabrera,1,3,pr
Grass,13,0,0,cabrera,1,3,pr
HaloVeg,52,0,0,cabrera,1,3,pr
MedConF,8797,0,0,cabrera,1,3,pr
MedScrub,486,0,0,cabrera,1,3,pr
SaltMar,276,0,0,cabrera,1,3,pr
AridScr,7823,0,0,cabrera,1,4,pr
ArtSurf,94,0,0,cabrera,1,4,pr
BareArea,1122,0,0,cabrera,1,4,pr
Crop,4,0,0,cabrera,1,4,pr
Grass,13,0,0,cabrera,1,4,pr
HaloVeg,52,0,0,cabrera,1,4,pr
MedConF,8797,0,0,cabrera,1,4,pr
MedScrub,486,0,0,cabrera,1,4,pr
SaltMar,276,0,0,cabrera,1,4,pr
AridScr,7823,0,0,cabrera,1,5,pr
ArtSurf,94,0,0,cabrera,1,5,pr
BareArea,1122,0,0,cabrera,1,5,pr
Crop,4,0,0,cabrera,1,5,pr
Grass,13,0,0,cabrera,1,5,pr
HaloVeg,52,0,0,cabrera,1,5,pr
MedConF,8797,0,0,cabrera,1,5,pr
MedScrub,486,0,0,cabrera,1,5,pr
SaltMar,276,0,0,cabrera,1,5,pr
AridScr,7823,0,0,cabrera,1,6,pr
ArtSurf,94,0,0,cabrera,1,6,pr
BareArea,1122,0,0,cabrera,1,6,pr
Crop,4,0,0,cabrera,1,6,pr
Grass,13,0,0,cabrera,1,6,pr
HaloVeg,52,0,0,cabrera,1,6,pr
MedConF,8797,0,0,cabrera,1,6,pr
MedScrub,486,0,0,cabrera,1,6,pr
SaltMar,276,0,0,cabrera,1,6,pr
AridScr,7823,0,0,cabrera,1,7,pr
ArtSurf,94,0,0,cabrera,1,7,pr
BareArea,1122,0,0,cabrera,1,7,pr
Crop,4,0,0,cabrera,1,7,pr
Grass,13,0,0,cabrera,1,7,pr
HaloVeg,52,0,0,cabrera,1,7,pr
MedConF,8797,0,0,cabrera,1,7,pr
MedScrub,486,0,0,cabrera,1,7,pr
SaltMar,276,0,0,cabrera,1,7,pr
AridScr,7823,0,0,cabrera,1,8,pr
ArtSurf,94,0,0,cabrera,1,8,pr
BareArea,1122,0,0,cabrera,1,8,pr
Crop,4,0,0,cabrera,1,8,pr
Grass,13,0,0,cabrera,1,8,pr
HaloVeg,52,0,0,cabrera,1,8,pr
MedConF,8797,0,0,cabrera,1,8,pr
MedScrub,486,0,0,cabrera,1,8,pr
SaltMar,276,0,0,cabrera,1,8,pr
AridScr,7823,0,0,cabrera,1,9,pr
ArtSurf,94,0,0,cabrera,1,9,pr
BareArea,1122,0,0,cabrera,1,9,pr
Crop,4,0,0,cabrera,1,9,pr
Grass,13,0,0,cabrera,1,9,pr
HaloVeg,52,0,0,cabrera,1,9,pr
MedConF,8797,0,0,cabrera,1,9,pr
MedScrub,486,0,0,cabrera,1,9,pr
SaltMar,276,0,0,cabrera,1,9,pr
AridScr,7823,0,0,cabrera,1,10,pr
ArtSurf,94,0,0,cabrera,1,10,pr
BareArea,1122,0,0,cabrera,1,10,pr
Crop,4,0,0,cabrera,1,10,pr
Grass,13,0,0,cabrera,1,10,pr
HaloVeg,52,0,0,cabrera,1,10,pr
MedConF,8797,0,0,cabrera,1,10,pr
MedScrub,486,0,0,cabrera,1,10,pr
SaltMar,276,0,0,cabrera,1,10,pr
AridScr,7823,0,0,cabrera,1,11,pr
ArtSurf,94,0,0,cabrera,1,11,pr
BareArea,1122,0,0,cabrera,1,11,pr
Crop,4,0,0,cabrera,1,11,pr
Grass,13,0,0,cabrera,1,11,pr
HaloVeg,52,0,0,cabrera,1,11,pr
MedConF,8797,0,0,cabrera,1,11,pr
MedScrub,486,0,0,cabrera,1,11,pr
SaltMar,276,0,0,cabrera,1,11,pr
AridScr,7823,0,0,cabrera,1,12,pr
ArtSurf,94,0,0,cabrera,1,12,pr
BareArea,1122,0,0,cabrera,1,12,pr
Crop,4,0,0,cabrera,1,12,pr
Grass,13,0,0,cabrera,1,12,pr
HaloVeg,52,0,0,cabrera,1,12,pr
MedConF,8797,0,0,cabrera,1,12,pr
MedScrub,486,0,0,cabrera,1,12,pr
SaltMar,276,0,0,cabrera,1,12,pr
AridScr,7823,0,0,cabrera,3,1,pr
ArtSurf,94,0,0,cabrera,3,1,pr
BareArea,1122,0,0,cabrera,3,1,pr
Crop,4,0,0,cabrera,3,1,pr
Grass,13,0,0,cabrera,3,1,pr
HaloVeg,52,0,0,cabrera,3,1,pr
MedConF,8797,0,0,cabrera,3,1,pr
MedScrub,486,0,0,cabrera,3,1,pr
SaltMar,276,0,0,cabrera,3,1,pr
AridScr,7823,0,0,cabrera,3,2,pr
ArtSurf,94,0,0,cabrera,3,2,pr
BareArea,1122,0,0,cabrera,3,2,pr
Crop,4,0,0,cabrera,3,2,pr
Grass,13,0,0,cabrera,3,2,pr
HaloVeg,52,0,0,cabrera,3,2,pr
MedConF,8797,0,0,cabrera,3,2,pr
MedScrub,486,0,0,cabrera,3,2,pr
SaltMar,276,0,0,cabrera,3,2,pr
AridScr,7823,0,0,cabrera,3,3,pr
ArtSurf,94,0,0,cabrera,3,3,pr
BareArea,1122,1,0.09,cabrera,3,3,pr
Crop,4,0,0,cabrera,3,3,pr
Grass,13,0,0,cabrera,3,3,pr
HaloVeg,52,0,0,cabrera,3,3,pr
MedConF,8797,0,0,cabrera,3,3,pr
MedScrub,486,0,0,cabrera,3,3,pr
SaltMar,276,0,0,cabrera,3,3,pr
AridScr,7823,0,0,cabrera,3,4,pr
ArtSurf,94,0,0,cabrera,3,4,pr
BareArea,1122,0,0,cabrera,3,4,pr
Crop,4,0,0,cabrera,3,4,pr
Grass,13,0,0,cabrera,3,4,pr
HaloVeg,52,0,0,cabrera,3,4,pr
MedConF,8797,0,0,cabrera,3,4,pr
MedScrub,486,0,0,cabrera,3,4,pr
SaltMar,276,0,0,cabrera,3,4,pr
AridScr,7823,0,0,cabrera,3,5,pr
ArtSurf,94,0,0,cabrera,3,5,pr
BareArea,1122,0,0,cabrera,3,5,pr
Crop,4,0,0,cabrera,3,5,pr
Grass,13,0,0,cabrera,3,5,pr
HaloVeg,52,0,0,cabrera,3,5,pr
MedConF,8797,0,0,cabrera,3,5,pr
MedScrub,486,0,0,cabrera,3,5,pr
SaltMar,276,0,0,cabrera,3,5,pr
AridScr,7823,0,0,cabrera,3,6,pr
ArtSurf,94,0,0,cabrera,3,6,pr
BareArea,1122,1,0.09,cabrera,3,6,pr
Crop,4,0,0,cabrera,3,6,pr
Grass,13,0,0,cabrera,3,6,pr
HaloVeg,52,0,0,cabrera,3,6,pr
MedConF,8797,0,0,cabrera,3,6,pr
MedScrub,486,0,0,cabrera,3,6,pr
SaltMar,276,0,0,cabrera,3,6,pr
AridScr,7823,0,0,cabrera,3,7,pr
ArtSurf,94,0,0,cabrera,3,7,pr
BareArea,1122,3,0.27,cabrera,3,7,pr
Crop,4,0,0,cabrera,3,7,pr
Grass,13,0,0,cabrera,3,7,pr
HaloVeg,52,0,0,cabrera,3,7,pr
MedConF,8797,0,0,cabrera,3,7,pr
MedScrub,486,0,0,cabrera,3,7,pr
SaltMar,276,0,0,cabrera,3,7,pr
AridScr,7823,0,0,cabrera,3,8,pr
ArtSurf,94,0,0,cabrera,3,8,pr
BareArea,1122,0,0,cabrera,3,8,pr
Crop,4,0,0,cabrera,3,8,pr
Grass,13,0,0,cabrera,3,8,pr
HaloVeg,52,0,0,cabrera,3,8,pr
MedConF,8797,0,0,cabrera,3,8,pr
MedScrub,486,0,0,cabrera,3,8,pr
SaltMar,276,0,0,cabrera,3,8,pr
AridScr,7823,0,0,cabrera,3,9,pr
ArtSurf,94,0,0,cabrera,3,9,pr
BareArea,1122,0,0,cabrera,3,9,pr
Crop,4,0,0,cabrera,3,9,pr
Grass,13,0,0,cabrera,3,9,pr
HaloVeg,52,0,0,cabrera,3,9,pr
MedConF,8797,0,0,cabrera,3,9,pr
MedScrub,486,0,0,cabrera,3,9,pr
SaltMar,276,0,0,cabrera,3,9,pr
AridScr,7823,0,0,cabrera,3,10,pr
ArtSurf,94,0,0,cabrera,3,10,pr
BareArea,1122,0,0,cabrera,3,10,pr
Crop,4,0,0,cabrera,3,10,pr
Grass,13,0,0,cabrera,3,10,pr
HaloVeg,52,0,0,cabrera,3,10,pr
MedConF,8797,0,0,cabrera,3,10,pr
MedScrub,486,0,0,cabrera,3,10,pr
SaltMar,276,0,0,cabrera,3,10,pr
AridScr,7823,0,0,cabrera,3,11,pr
ArtSurf,94,0,0,cabrera,3,11,pr
BareArea,1122,0,0,cabrera,3,11,pr
Crop,4,0,0,cabrera,3,11,pr
Grass,13,0,0,cabrera,3,11,pr
HaloVeg,52,0,0,cabrera,3,11,pr
MedConF,8797,0,0,cabrera,3,11,pr
MedScrub,486,0,0,cabrera,3,11,pr
SaltMar,276,0,0,cabrera,3,11,pr
AridScr,7823,0,0,cabrera,3,12,pr
ArtSurf,94,0,0,cabrera,3,12,pr
BareArea,1122,0,0,cabrera,3,12,pr
Crop,4,0,0,cabrera,3,12,pr
Grass,13,0,0,cabrera,3,12,pr
HaloVeg,52,0,0,cabrera,3,12,pr
MedConF,8797,0,0,cabrera,3,12,pr
MedScrub,486,0,0,cabrera,3,12,pr
SaltMar,276,0,0,cabrera,3,12,pr
AridScr,7823,0,0,cabrera,6,1,pr
ArtSurf,94,0,0,cabrera,6,1,pr
BareArea,1122,0,0,cabrera,6,1,pr
Crop,4,0,0,cabrera,6,1,pr
Grass,13,0,0,cabrera,6,1,pr
HaloVeg,52,0,0,cabrera,6,1,pr
MedConF,8797,0,0,cabrera,6,1,pr
MedScrub,486,0,0,cabrera,6,1,pr
SaltMar,276,0,0,cabrera,6,1,pr
AridScr,7823,0,0,cabrera,6,2,pr
ArtSurf,94,0,0,cabrera,6,2,pr
BareArea,1122,0,0,cabrera,6,2,pr
Crop,4,0,0,cabrera,6,2,pr
Grass,13,0,0,cabrera,6,2,pr
HaloVeg,52,0,0,cabrera,6,2,pr
MedConF,8797,0,0,cabrera,6,2,pr
MedScrub,486,0,0,cabrera,6,2,pr
SaltMar,276,0,0,cabrera,6,2,pr
AridScr,7823,0,0,cabrera,6,3,pr
ArtSurf,94,0,0,cabrera,6,3,pr
BareArea,1122,0,0,cabrera,6,3,pr
Crop,4,0,0,cabrera,6,3,pr
Grass,13,0,0,cabrera,6,3,pr
HaloVeg,52,0,0,cabrera,6,3,pr
MedConF,8797,0,0,cabrera,6,3,pr
MedScrub,486,0,0,cabrera,6,3,pr
SaltMar,276,0,0,cabrera,6,3,pr
AridScr,7823,0,0,cabrera,6,4,pr
ArtSurf,94,0,0,cabrera,6,4,pr
BareArea,1122,0,0,cabrera,6,4,pr
Crop,4,0,0,cabrera,6,4,pr
Grass,13,0,0,cabrera,6,4,pr
HaloVeg,52,0,0,cabrera,6,4,pr
MedConF,8797,0,0,cabrera,6,4,pr
MedScrub,486,0,0,cabrera,6,4,pr
SaltMar,276,0,0,cabrera,6,4,pr
AridScr,7823,3,0.04,cabrera,6,5,pr
ArtSurf,94,0,0,cabrera,6,5,pr
BareArea,1122,2,0.18,cabrera,6,5,pr
Crop,4,0,0,cabrera,6,5,pr
Grass,13,0,0,cabrera,6,5,pr
HaloVeg,52,0,0,cabrera,6,5,pr
MedConF,8797,1,0.01,cabrera,6,5,pr
MedScrub,486,0,0,cabrera,6,5,pr
SaltMar,276,0,0,cabrera,6,5,pr
AridScr,7823,0,0,cabrera,6,6,pr
ArtSurf,94,0,0,cabrera,6,6,pr
BareArea,1122,1,0.09,cabrera,6,6,pr
Crop,4,0,0,cabrera,6,6,pr
Grass,13,0,0,cabrera,6,6,pr
HaloVeg,52,0,0,cabrera,6,6,pr
MedConF,8797,0,0,cabrera,6,6,pr
MedScrub,486,0,0,cabrera,6,6,pr
SaltMar,276,0,0,cabrera,6,6,pr
AridScr,7823,0,0,cabrera,6,7,pr
ArtSurf,94,0,0,cabrera,6,7,pr
BareArea,1122,1,0.09,cabrera,6,7,pr
Crop,4,0,0,cabrera,6,7,pr
Grass,13,0,0,cabrera,6,7,pr
HaloVeg,52,0,0,cabrera,6,7,pr
MedConF,8797,0,0,cabrera,6,7,pr
MedScrub,486,0,0,cabrera,6,7,pr
SaltMar,276,0,0,cabrera,6,7,pr
AridScr,7823,0,0,cabrera,6,8,pr
ArtSurf,94,0,0,cabrera,6,8,pr
BareArea,1122,0,0,cabrera,6,8,pr
Crop,4,0,0,cabrera,6,8,pr
Grass,13,0,0,cabrera,6,8,pr
HaloVeg,52,0,0,cabrera,6,8,pr
MedConF,8797,0,0,cabrera,6,8,pr
MedScrub,486,0,0,cabrera,6,8,pr
SaltMar,276,0,0,cabrera,6,8,pr
AridScr,7823,0,0,cabrera,6,9,pr
ArtSurf,94,0,0,cabrera,6,9,pr
BareArea,1122,0,0,cabrera,6,9,pr
Crop,4,0,0,cabrera,6,9,pr
Grass,13,0,0,cabrera,6,9,pr
HaloVeg,52,0,0,cabrera,6,9,pr
MedConF,8797,0,0,cabrera,6,9,pr
MedScrub,486,0,0,cabrera,6,9,pr
SaltMar,276,0,0,cabrera,6,9,pr
AridScr,7823,0,0,cabrera,6,10,pr
ArtSurf,94,0,0,cabrera,6,10,pr
BareArea,1122,1,0.09,cabrera,6,10,pr
Crop,4,0,0,cabrera,6,10,pr
Grass,13,0,0,cabrera,6,10,pr
HaloVeg,52,0,0,cabrera,6,10,pr
MedConF,8797,0,0,cabrera,6,10,pr
MedScrub,486,0,0,cabrera,6,10,pr
SaltMar,276,0,0,cabrera,6,10,pr
AridScr,7823,0,0,cabrera,6,11,pr
ArtSurf,94,0,0,cabrera,6,11,pr
BareArea,1122,0,0,cabrera,6,11,pr
Crop,4,0,0,cabrera,6,11,pr
Grass,13,0,0,cabrera,6,11,pr
HaloVeg,52,0,0,cabrera,6,11,pr
MedConF,8797,0,0,cabrera,6,11,pr
MedScrub,486,0,0,cabrera,6,11,pr
SaltMar,276,0,0,cabrera,6,11,pr
AridScr,7823,0,0,cabrera,6,12,pr
ArtSurf,94,0,0,cabrera,6,12,pr
BareArea,1122,0,0,cabrera,6,12,pr
Crop,4,0,0,cabrera,6,12,pr
Grass,13,0,0,cabrera,6,12,pr
HaloVeg,52,0,0,cabrera,6,12,pr
MedConF,8797,0,0,cabrera,6,12,pr
MedScrub,486,0,0,cabrera,6,12,pr
SaltMar,276,0,0,cabrera,6,12,pr
AridScr,7823,0,0,cabrera,9,1,pr
ArtSurf,94,0,0,cabrera,9,1,pr
BareArea,1122,0,0,cabrera,9,1,pr
Crop,4,0,0,cabrera,9,1,pr
Grass,13,0,0,cabrera,9,1,pr
HaloVeg,52,0,0,cabrera,9,1,pr
MedConF,8797,0,0,cabrera,9,1,pr
MedScrub,486,0,0,cabrera,9,1,pr
SaltMar,276,0,0,cabrera,9,1,pr
AridScr,7823,0,0,cabrera,9,2,pr
ArtSurf,94,0,0,cabrera,9,2,pr
BareArea,1122,0,0,cabrera,9,2,pr
Crop,4,0,0,cabrera,9,2,pr
Grass,13,0,0,cabrera,9,2,pr
HaloVeg,52,0,0,cabrera,9,2,pr
MedConF,8797,0,0,cabrera,9,2,pr
MedScrub,486,0,0,cabrera,9,2,pr
SaltMar,276,0,0,cabrera,9,2,pr
AridScr,7823,0,0,cabrera,9,3,pr
ArtSurf,94,0,0,cabrera,9,3,pr
BareArea,1122,0,0,cabrera,9,3,pr
Crop,4,0,0,cabrera,9,3,pr
Grass,13,0,0,cabrera,9,3,pr
HaloVeg,52,0,0,cabrera,9,3,pr
MedConF,8797,0,0,cabrera,9,3,pr
MedScrub,486,0,0,cabrera,9,3,pr
SaltMar,276,0,0,cabrera,9,3,pr
AridScr,7823,0,0,cabrera,9,4,pr
ArtSurf,94,0,0,cabrera,9,4,pr
BareArea,1122,0,0,cabrera,9,4,pr
Crop,4,0,0,cabrera,9,4,pr
Grass,13,0,0,cabrera,9,4,pr
HaloVeg,52,0,0,cabrera,9,4,pr
MedConF,8797,0,0,cabrera,9,4,pr
MedScrub,486,0,0,cabrera,9,4,pr
SaltMar,276,0,0,cabrera,9,4,pr
AridScr,7823,0,0,cabrera,9,5,pr
ArtSurf,94,0,0,cabrera,9,5,pr
BareArea,1122,0,0,cabrera,9,5,pr
Crop,4,0,0,cabrera,9,5,pr
Grass,13,0,0,cabrera,9,5,pr
HaloVeg,52,0,0,cabrera,9,5,pr
MedConF,8797,0,0,cabrera,9,5,pr
MedScrub,486,0,0,cabrera,9,5,pr
SaltMar,276,0,0,cabrera,9,5,pr
AridScr,7823,0,0,cabrera,9,6,pr
ArtSurf,94,0,0,cabrera,9,6,pr
BareArea,1122,2,0.18,cabrera,9,6,pr
Crop,4,0,0,cabrera,9,6,pr
Grass,13,0,0,cabrera,9,6,pr
HaloVeg,52,0,0,cabrera,9,6,pr
MedConF,8797,0,0,cabrera,9,6,pr
MedScrub,486,0,0,cabrera,9,6,pr
SaltMar,276,0,0,cabrera,9,6,pr
AridScr,7823,0,0,cabrera,9,7,pr
ArtSurf,94,0,0,cabrera,9,7,pr
BareArea,1122,0,0,cabrera,9,7,pr
Crop,4,0,0,cabrera,9,7,pr
Grass,13,0,0,cabrera,9,7,pr
HaloVeg,52,0,0,cabrera,9,7,pr
MedConF,8797,0,0,cabrera,9,7,pr
MedScrub,486,0,0,cabrera,9,7,pr
SaltMar,276,0,0,cabrera,9,7,pr
AridScr,7823,0,0,cabrera,9,8,pr
ArtSurf,94,0,0,cabrera,9,8,pr
BareArea,1122,0,0,cabrera,9,8,pr
Crop,4,0,0,cabrera,9,8,pr
Grass,13,0,0,cabrera,9,8,pr
HaloVeg,52,0,0,cabrera,9,8,pr
MedConF,8797,0,0,cabrera,9,8,pr
MedScrub,486,0,0,cabrera,9,8,pr
SaltMar,276,0,0,cabrera,9,8,pr
AridScr,7823,0,0,cabrera,9,9,pr
ArtSurf,94,0,0,cabrera,9,9,pr
BareArea,1122,0,0,cabrera,9,9,pr
Crop,4,0,0,cabrera,9,9,pr
Grass,13,0,0,cabrera,9,9,pr
HaloVeg,52,0,0,cabrera,9,9,pr
MedConF,8797,0,0,cabrera,9,9,pr
MedScrub,486,0,0,cabrera,9,9,pr
SaltMar,276,0,0,cabrera,9,9,pr
AridScr,7823,0,0,cabrera,9,10,pr
ArtSurf,94,0,0,cabrera,9,10,pr
BareArea,1122,3,0.27,cabrera,9,10,pr
Crop,4,0,0,cabrera,9,10,pr
Grass,13,0,0,cabrera,9,10,pr
HaloVeg,52,0,0,cabrera,9,10,pr
MedConF,8797,0,0,cabrera,9,10,pr
MedScrub,486,0,0,cabrera,9,10,pr
SaltMar,276,1,0.36,cabrera,9,10,pr
AridScr,7823,0,0,cabrera,9,11,pr
ArtSurf,94,0,0,cabrera,9,11,pr
BareArea,1122,0,0,cabrera,9,11,pr
Crop,4,0,0,cabrera,9,11,pr
Grass,13,0,0,cabrera,9,11,pr
HaloVeg,52,0,0,cabrera,9,11,pr
MedConF,8797,0,0,cabrera,9,11,pr
MedScrub,486,0,0,cabrera,9,11,pr
SaltMar,276,0,0,cabrera,9,11,pr
AridScr,7823,0,0,cabrera,9,12,pr
ArtSurf,94,0,0,cabrera,9,12,pr
BareArea,1122,0,0,cabrera,9,12,pr
Crop,4,0,0,cabrera,9,12,pr
Grass,13,0,0,cabrera,9,12,pr
HaloVeg,52,0,0,cabrera,9,12,pr
MedConF,8797,0,0,cabrera,9,12,pr
MedScrub,486,0,0,cabrera,9,12,pr
SaltMar,276,0,0,cabrera,9,12,pr
AridScr,7823,0,0,cabrera,12,1,pr
ArtSurf,94,0,0,cabrera,12,1,pr
BareArea,1122,0,0,cabrera,12,1,pr
Crop,4,0,0,cabrera,12,1,pr
Grass,13,0,0,cabrera,12,1,pr
HaloVeg,52,0,0,cabrera,12,1,pr
MedConF,8797,0,0,cabrera,12,1,pr
MedScrub,486,0,0,cabrera,12,1,pr
SaltMar,276,0,0,cabrera,12,1,pr
AridScr,7823,0,0,cabrera,12,2,pr
ArtSurf,94,0,0,cabrera,12,2,pr
BareArea,1122,0,0,cabrera,12,2,pr
Crop,4,0,0,cabrera,12,2,pr
Grass,13,0,0,cabrera,12,2,pr
HaloVeg,52,0,0,cabrera,12,2,pr
MedConF,8797,0,0,cabrera,12,2,pr
MedScrub,486,0,0,cabrera,12,2,pr
SaltMar,276,0,0,cabrera,12,2,pr
AridScr,7823,0,0,cabrera,12,3,pr
ArtSurf,94,0,0,cabrera,12,3,pr
BareArea,1122,0,0,cabrera,12,3,pr
Crop,4,0,0,cabrera,12,3,pr
Grass,13,0,0,cabrera,12,3,pr
HaloVeg,52,0,0,cabrera,12,3,pr
MedConF,8797,0,0,cabrera,12,3,pr
MedScrub,486,0,0,cabrera,12,3,pr
SaltMar,276,0,0,cabrera,12,3,pr
AridScr,7823,0,0,cabrera,12,4,pr
ArtSurf,94,0,0,cabrera,12,4,pr
BareArea,1122,0,0,cabrera,12,4,pr
Crop,4,0,0,cabrera,12,4,pr
Grass,13,0,0,cabrera,12,4,pr
HaloVeg,52,0,0,cabrera,12,4,pr
MedConF,8797,0,0,cabrera,12,4,pr
MedScrub,486,0,0,cabrera,12,4,pr
SaltMar,276,0,0,cabrera,12,4,pr
AridScr,7823,0,0,cabrera,12,5,pr
ArtSurf,94,0,0,cabrera,12,5,pr
BareArea,1122,2,0.18,cabrera,12,5,pr
Crop,4,0,0,cabrera,12,5,pr
Grass,13,0,0,cabrera,12,5,pr
HaloVeg,52,0,0,cabrera,12,5,pr
MedConF,8797,1,0.01,cabrera,12,5,pr
MedScrub,486,0,0,cabrera,12,5,pr
SaltMar,276,0,0,cabrera,12,5,pr
AridScr,7823,1,0.01,cabrera,12,6,pr
ArtSurf,94,0,0,cabrera,12,6,pr
BareArea,1122,1,0.09,cabrera,12,6,pr
Crop,4,0,0,cabrera,12,6,pr
Grass,13,0,0,cabrera,12,6,pr
HaloVeg,52,0,0,cabrera,12,6,pr
MedConF,8797,0,0,cabrera,12,6,pr
MedScrub,486,0,0,cabrera,12,6,pr
SaltMar,276,0,0,cabrera,12,6,pr
AridScr,7823,0,0,cabrera,12,7,pr
ArtSurf,94,0,0,cabrera,12,7,pr
BareArea,1122,4,0.36,cabrera,12,7,pr
Crop,4,0,0,cabrera,12,7,pr
Grass,13,0,0,cabrera,12,7,pr
HaloVeg,52,0,0,cabrera,12,7,pr
MedConF,8797,0,0,cabrera,12,7,pr
MedScrub,486,0,0,cabrera,12,7,pr
SaltMar,276,0,0,cabrera,12,7,pr
AridScr,7823,0,0,cabrera,12,8,pr
ArtSurf,94,0,0,cabrera,12,8,pr
BareArea,1122,2,0.18,cabrera,12,8,pr
Crop,4,0,0,cabrera,12,8,pr
Grass,13,0,0,cabrera,12,8,pr
HaloVeg,52,0,0,cabrera,12,8,pr
MedConF,8797,0,0,cabrera,12,8,pr
MedScrub,486,0,0,cabrera,12,8,pr
SaltMar,276,0,0,cabrera,12,8,pr
AridScr,7823,0,0,cabrera,12,9,pr
ArtSurf,94,0,0,cabrera,12,9,pr
BareArea,1122,0,0,cabrera,12,9,pr
Crop,4,0,0,cabrera,12,9,pr
Grass,13,0,0,cabrera,12,9,pr
HaloVeg,52,0,0,cabrera,12,9,pr
MedConF,8797,0,0,cabrera,12,9,pr
MedScrub,486,0,0,cabrera,12,9,pr
SaltMar,276,0,0,cabrera,12,9,pr
AridScr,7823,0,0,cabrera,12,10,pr
ArtSurf,94,0,0,cabrera,12,10,pr
BareArea,1122,6,0.53,cabrera,12,10,pr
Crop,4,0,0,cabrera,12,10,pr
Grass,13,0,0,cabrera,12,10,pr
HaloVeg,52,0,0,cabrera,12,10,pr
MedConF,8797,0,0,cabrera,12,10,pr
MedScrub,486,0,0,cabrera,12,10,pr
SaltMar,276,1,0.36,cabrera,12,10,pr
AridScr,7823,0,0,cabrera,12,11,pr
ArtSurf,94,0,0,cabrera,12,11,pr
BareArea,1122,0,0,cabrera,12,11,pr
Crop,4,0,0,cabrera,12,11,pr
Grass,13,0,0,cabrera,12,11,pr
HaloVeg,52,0,0,cabrera,12,11,pr
MedConF,8797,0,0,cabrera,12,11,pr
MedScrub,486,0,0,cabrera,12,11,pr
SaltMar,276,0,0,cabrera,12,11,pr
AridScr,7823,0,0,cabrera,12,12,pr
ArtSurf,94,0,0,cabrera,12,12,pr
BareArea,1122,0,0,cabrera,12,12,pr
Crop,4,0,0,cabrera,12,12,pr
Grass,13,0,0,cabrera,12,12,pr
HaloVeg,52,0,0,cabrera,12,12,pr
MedConF,8797,0,0,cabrera,12,12,pr
MedScrub,486,0,0,cabrera,12,12,pr
SaltMar,276,0,0,cabrera,12,12,pr
ArtSurf,247,0,0,daimiel,1,1,pr
Crop,2273,0,0,daimiel,1,1,pr
Dehesa,2601,0,0,daimiel,1,1,pr
Grass,8172,0,0,daimiel,1,1,pr
HaloVeg,2543,0,0,daimiel,1,1,pr
HydroRipVeg,16350,0,0,daimiel,1,1,pr
MedSclF,623,0,0,daimiel,1,1,pr
Reforestation,25,0,0,daimiel,1,1,pr
RipF,1501,0,0,daimiel,1,1,pr
WaterSurf,8869,0,0,daimiel,1,1,pr
ArtSurf,247,0,0,daimiel,1,2,pr
Crop,2273,0,0,daimiel,1,2,pr
Dehesa,2601,0,0,daimiel,1,2,pr
Grass,8172,0,0,daimiel,1,2,pr
HaloVeg,2543,0,0,daimiel,1,2,pr
HydroRipVeg,16350,0,0,daimiel,1,2,pr
MedSclF,623,0,0,daimiel,1,2,pr
Reforestation,25,0,0,daimiel,1,2,pr
RipF,1501,0,0,daimiel,1,2,pr
WaterSurf,8869,0,0,daimiel,1,2,pr
ArtSurf,247,0,0,daimiel,1,3,pr
Crop,2273,0,0,daimiel,1,3,pr
Dehesa,2601,0,0,daimiel,1,3,pr
Grass,8172,0,0,daimiel,1,3,pr
HaloVeg,2543,0,0,daimiel,1,3,pr
HydroRipVeg,16350,0,0,daimiel,1,3,pr
MedSclF,623,0,0,daimiel,1,3,pr
Reforestation,25,0,0,daimiel,1,3,pr
RipF,1501,0,0,daimiel,1,3,pr
WaterSurf,8869,0,0,daimiel,1,3,pr
ArtSurf,247,0,0,daimiel,1,4,pr
Crop,2273,0,0,daimiel,1,4,pr
Dehesa,2601,0,0,daimiel,1,4,pr
Grass,8172,0,0,daimiel,1,4,pr
HaloVeg,2543,0,0,daimiel,1,4,pr
HydroRipVeg,16350,0,0,daimiel,1,4,pr
MedSclF,623,0,0,daimiel,1,4,pr
Reforestation,25,0,0,daimiel,1,4,pr
RipF,1501,0,0,daimiel,1,4,pr
WaterSurf,8869,0,0,daimiel,1,4,pr
ArtSurf,247,0,0,daimiel,1,5,pr
Crop,2273,0,0,daimiel,1,5,pr
Dehesa,2601,0,0,daimiel,1,5,pr
Grass,8172,0,0,daimiel,1,5,pr
HaloVeg,2543,0,0,daimiel,1,5,pr
HydroRipVeg,16350,0,0,daimiel,1,5,pr
MedSclF,623,0,0,daimiel,1,5,pr
Reforestation,25,0,0,daimiel,1,5,pr
RipF,1501,0,0,daimiel,1,5,pr
WaterSurf,8869,0,0,daimiel,1,5,pr
ArtSurf,247,0,0,daimiel,1,6,pr
Crop,2273,0,0,daimiel,1,6,pr
Dehesa,2601,0,0,daimiel,1,6,pr
Grass,8172,0,0,daimiel,1,6,pr
HaloVeg,2543,0,0,daimiel,1,6,pr
HydroRipVeg,16350,0,0,daimiel,1,6,pr
MedSclF,623,0,0,daimiel,1,6,pr
Reforestation,25,0,0,daimiel,1,6,pr
RipF,1501,0,0,daimiel,1,6,pr
WaterSurf,8869,0,0,daimiel,1,6,pr
ArtSurf,247,0,0,daimiel,1,7,pr
Crop,2273,0,0,daimiel,1,7,pr
Dehesa,2601,0,0,daimiel,1,7,pr
Grass,8172,0,0,daimiel,1,7,pr
HaloVeg,2543,0,0,daimiel,1,7,pr
HydroRipVeg,16350,0,0,daimiel,1,7,pr
MedSclF,623,0,0,daimiel,1,7,pr
Reforestation,25,0,0,daimiel,1,7,pr
RipF,1501,0,0,daimiel,1,7,pr
WaterSurf,8869,0,0,daimiel,1,7,pr
ArtSurf,247,0,0,daimiel,1,8,pr
Crop,2273,0,0,daimiel,1,8,pr
Dehesa,2601,0,0,daimiel,1,8,pr
Grass,8172,0,0,daimiel,1,8,pr
HaloVeg,2543,0,0,daimiel,1,8,pr
HydroRipVeg,16350,0,0,daimiel,1,8,pr
MedSclF,623,0,0,daimiel,1,8,pr
Reforestation,25,0,0,daimiel,1,8,pr
RipF,1501,0,0,daimiel,1,8,pr
WaterSurf,8869,0,0,daimiel,1,8,pr
ArtSurf,247,0,0,daimiel,1,9,pr
Crop,2273,0,0,daimiel,1,9,pr
Dehesa,2601,0,0,daimiel,1,9,pr
Grass,8172,0,0,daimiel,1,9,pr
HaloVeg,2543,0,0,daimiel,1,9,pr
HydroRipVeg,16350,0,0,daimiel,1,9,pr
MedSclF,623,0,0,daimiel,1,9,pr
Reforestation,25,0,0,daimiel,1,9,pr
RipF,1501,0,0,daimiel,1,9,pr
WaterSurf,8869,0,0,daimiel,1,9,pr
ArtSurf,247,0,0,daimiel,1,10,pr
Crop,2273,0,0,daimiel,1,10,pr
Dehesa,2601,0,0,daimiel,1,10,pr
Grass,8172,0,0,daimiel,1,10,pr
HaloVeg,2543,0,0,daimiel,1,10,pr
HydroRipVeg,16350,0,0,daimiel,1,10,pr
MedSclF,623,0,0,daimiel,1,10,pr
Reforestation,25,0,0,daimiel,1,10,pr
RipF,1501,0,0,daimiel,1,10,pr
WaterSurf,8869,0,0,daimiel,1,10,pr
ArtSurf,247,0,0,daimiel,1,11,pr
Crop,2273,0,0,daimiel,1,11,pr
Dehesa,2601,0,0,daimiel,1,11,pr
Grass,8172,0,0,daimiel,1,11,pr
HaloVeg,2543,0,0,daimiel,1,11,pr
HydroRipVeg,16350,0,0,daimiel,1,11,pr
MedSclF,623,0,0,daimiel,1,11,pr
Reforestation,25,0,0,daimiel,1,11,pr
RipF,1501,0,0,daimiel,1,11,pr
WaterSurf,8869,0,0,daimiel,1,11,pr
ArtSurf,247,0,0,daimiel,1,12,pr
Crop,2273,0,0,daimiel,1,12,pr
Dehesa,2601,0,0,daimiel,1,12,pr
Grass,8172,0,0,daimiel,1,12,pr
HaloVeg,2543,0,0,daimiel,1,12,pr
HydroRipVeg,16350,0,0,daimiel,1,12,pr
MedSclF,623,0,0,daimiel,1,12,pr
Reforestation,25,0,0,daimiel,1,12,pr
RipF,1501,0,0,daimiel,1,12,pr
WaterSurf,8869,0,0,daimiel,1,12,pr
ArtSurf,247,0,0,daimiel,3,1,pr
Crop,2273,0,0,daimiel,3,1,pr
Dehesa,2601,0,0,daimiel,3,1,pr
Grass,8172,0,0,daimiel,3,1,pr
HaloVeg,2543,0,0,daimiel,3,1,pr
HydroRipVeg,16350,0,0,daimiel,3,1,pr
MedSclF,623,0,0,daimiel,3,1,pr
Reforestation,25,0,0,daimiel,3,1,pr
RipF,1501,0,0,daimiel,3,1,pr
WaterSurf,8869,0,0,daimiel,3,1,pr
ArtSurf,247,0,0,daimiel,3,2,pr
Crop,2273,0,0,daimiel,3,2,pr
Dehesa,2601,0,0,daimiel,3,2,pr
Grass,8172,0,0,daimiel,3,2,pr
HaloVeg,2543,0,0,daimiel,3,2,pr
HydroRipVeg,16350,0,0,daimiel,3,2,pr
MedSclF,623,0,0,daimiel,3,2,pr
Reforestation,25,0,0,daimiel,3,2,pr
RipF,1501,0,0,daimiel,3,2,pr
WaterSurf,8869,0,0,daimiel,3,2,pr
ArtSurf,247,0,0,daimiel,3,3,pr
Crop,2273,0,0,daimiel,3,3,pr
Dehesa,2601,0,0,daimiel,3,3,pr
Grass,8172,0,0,daimiel,3,3,pr
HaloVeg,2543,0,0,daimiel,3,3,pr
HydroRipVeg,16350,0,0,daimiel,3,3,pr
MedSclF,623,0,0,daimiel,3,3,pr
Reforestation,25,0,0,daimiel,3,3,pr
RipF,1501,0,0,daimiel,3,3,pr
WaterSurf,8869,0,0,daimiel,3,3,pr
ArtSurf,247,0,0,daimiel,3,4,pr
Crop,2273,0,0,daimiel,3,4,pr
Dehesa,2601,0,0,daimiel,3,4,pr
Grass,8172,0,0,daimiel,3,4,pr
HaloVeg,2543,0,0,daimiel,3,4,pr
HydroRipVeg,16350,0,0,daimiel,3,4,pr
MedSclF,623,0,0,daimiel,3,4,pr
Reforestation,25,0,0,daimiel,3,4,pr
RipF,1501,0,0,daimiel,3,4,pr
WaterSurf,8869,0,0,daimiel,3,4,pr
ArtSurf,247,0,0,daimiel,3,5,pr
Crop,2273,0,0,daimiel,3,5,pr
Dehesa,2601,0,0,daimiel,3,5,pr
Grass,8172,0,0,daimiel,3,5,pr
HaloVeg,2543,0,0,daimiel,3,5,pr
HydroRipVeg,16350,4,0.02,daimiel,3,5,pr
MedSclF,623,0,0,daimiel,3,5,pr
Reforestation,25,0,0,daimiel,3,5,pr
RipF,1501,0,0,daimiel,3,5,pr
WaterSurf,8869,0,0,daimiel,3,5,pr
ArtSurf,247,0,0,daimiel,3,6,pr
Crop,2273,2,0.09,daimiel,3,6,pr
Dehesa,2601,0,0,daimiel,3,6,pr
Grass,8172,10,0.12,daimiel,3,6,pr
HaloVeg,2543,0,0,daimiel,3,6,pr
HydroRipVeg,16350,23,0.14,daimiel,3,6,pr
MedSclF,623,0,0,daimiel,3,6,pr
Reforestation,25,0,0,daimiel,3,6,pr
RipF,1501,0,0,daimiel,3,6,pr
WaterSurf,8869,0,0,daimiel,3,6,pr
ArtSurf,247,0,0,daimiel,3,7,pr
Crop,2273,0,0,daimiel,3,7,pr
Dehesa,2601,0,0,daimiel,3,7,pr
Grass,8172,0,0,daimiel,3,7,pr
HaloVeg,2543,0,0,daimiel,3,7,pr
HydroRipVeg,16350,0,0,daimiel,3,7,pr
MedSclF,623,0,0,daimiel,3,7,pr
Reforestation,25,0,0,daimiel,3,7,pr
RipF,1501,0,0,daimiel,3,7,pr
WaterSurf,8869,0,0,daimiel,3,7,pr
ArtSurf,247,0,0,daimiel,3,8,pr
Crop,2273,0,0,daimiel,3,8,pr
Dehesa,2601,0,0,daimiel,3,8,pr
Grass,8172,0,0,daimiel,3,8,pr
HaloVeg,2543,0,0,daimiel,3,8,pr
HydroRipVeg,16350,0,0,daimiel,3,8,pr
MedSclF,623,0,0,daimiel,3,8,pr
Reforestation,25,0,0,daimiel,3,8,pr
RipF,1501,0,0,daimiel,3,8,pr
WaterSurf,8869,0,0,daimiel,3,8,pr
ArtSurf,247,0,0,daimiel,3,9,pr
Crop,2273,0,0,daimiel,3,9,pr
Dehesa,2601,0,0,daimiel,3,9,pr
Grass,8172,0,0,daimiel,3,9,pr
HaloVeg,2543,0,0,daimiel,3,9,pr
HydroRipVeg,16350,0,0,daimiel,3,9,pr
MedSclF,623,0,0,daimiel,3,9,pr
Reforestation,25,0,0,daimiel,3,9,pr
RipF,1501,0,0,daimiel,3,9,pr
WaterSurf,8869,0,0,daimiel,3,9,pr
ArtSurf,247,0,0,daimiel,3,10,pr
Crop,2273,0,0,daimiel,3,10,pr
Dehesa,2601,0,0,daimiel,3,10,pr
Grass,8172,0,0,daimiel,3,10,pr
HaloVeg,2543,0,0,daimiel,3,10,pr
HydroRipVeg,16350,0,0,daimiel,3,10,pr
MedSclF,623,0,0,daimiel,3,10,pr
Reforestation,25,0,0,daimiel,3,10,pr
RipF,1501,0,0,daimiel,3,10,pr
WaterSurf,8869,0,0,daimiel,3,10,pr
ArtSurf,247,0,0,daimiel,3,11,pr
Crop,2273,2,0.09,daimiel,3,11,pr
Dehesa,2601,0,0,daimiel,3,11,pr
Grass,8172,0,0,daimiel,3,11,pr
HaloVeg,2543,0,0,daimiel,3,11,pr
HydroRipVeg,16350,0,0,daimiel,3,11,pr
MedSclF,623,0,0,daimiel,3,11,pr
Reforestation,25,0,0,daimiel,3,11,pr
RipF,1501,0,0,daimiel,3,11,pr
WaterSurf,8869,0,0,daimiel,3,11,pr
ArtSurf,247,0,0,daimiel,3,12,pr
Crop,2273,0,0,daimiel,3,12,pr
Dehesa,2601,0,0,daimiel,3,12,pr
Grass,8172,0,0,daimiel,3,12,pr
HaloVeg,2543,0,0,daimiel,3,12,pr
HydroRipVeg,16350,0,0,daimiel,3,12,pr
MedSclF,623,0,0,daimiel,3,12,pr
Reforestation,25,0,0,daimiel,3,12,pr
RipF,1501,0,0,daimiel,3,12,pr
WaterSurf,8869,0,0,daimiel,3,12,pr
ArtSurf,247,0,0,daimiel,6,1,pr
Crop,2273,0,0,daimiel,6,1,pr
Dehesa,2601,0,0,daimiel,6,1,pr
Grass,8172,0,0,daimiel,6,1,pr
HaloVeg,2543,0,0,daimiel,6,1,pr
HydroRipVeg,16350,0,0,daimiel,6,1,pr
MedSclF,623,0,0,daimiel,6,1,pr
Reforestation,25,0,0,daimiel,6,1,pr
RipF,1501,0,0,daimiel,6,1,pr
WaterSurf,8869,0,0,daimiel,6,1,pr
ArtSurf,247,0,0,daimiel,6,2,pr
Crop,2273,0,0,daimiel,6,2,pr
Dehesa,2601,0,0,daimiel,6,2,pr
Grass,8172,0,0,daimiel,6,2,pr
HaloVeg,2543,0,0,daimiel,6,2,pr
HydroRipVeg,16350,3,0.02,daimiel,6,2,pr
MedSclF,623,0,0,daimiel,6,2,pr
Reforestation,25,0,0,daimiel,6,2,pr
RipF,1501,0,0,daimiel,6,2,pr
WaterSurf,8869,0,0,daimiel,6,2,pr
ArtSurf,247,0,0,daimiel,6,3,pr
Crop,2273,0,0,daimiel,6,3,pr
Dehesa,2601,0,0,daimiel,6,3,pr
Grass,8172,0,0,daimiel,6,3,pr
HaloVeg,2543,0,0,daimiel,6,3,pr
HydroRipVeg,16350,2,0.01,daimiel,6,3,pr
MedSclF,623,0,0,daimiel,6,3,pr
Reforestation,25,0,0,daimiel,6,3,pr
RipF,1501,0,0,daimiel,6,3,pr
WaterSurf,8869,0,0,daimiel,6,3,pr
ArtSurf,247,0,0,daimiel,6,4,pr
Crop,2273,0,0,daimiel,6,4,pr
Dehesa,2601,0,0,daimiel,6,4,pr
Grass,8172,0,0,daimiel,6,4,pr
HaloVeg,2543,0,0,daimiel,6,4,pr
HydroRipVeg,16350,0,0,daimiel,6,4,pr
MedSclF,623,0,0,daimiel,6,4,pr
Reforestation,25,0,0,daimiel,6,4,pr
RipF,1501,0,0,daimiel,6,4,pr
WaterSurf,8869,0,0,daimiel,6,4,pr
ArtSurf,247,0,0,daimiel,6,5,pr
Crop,2273,0,0,daimiel,6,5,pr
Dehesa,2601,0,0,daimiel,6,5,pr
Grass,8172,0,0,daimiel,6,5,pr
HaloVeg,2543,0,0,daimiel,6,5,pr
HydroRipVeg,16350,0,0,daimiel,6,5,pr
MedSclF,623,0,0,daimiel,6,5,pr
Reforestation,25,0,0,daimiel,6,5,pr
RipF,1501,0,0,daimiel,6,5,pr
WaterSurf,8869,0,0,daimiel,6,5,pr
ArtSurf,247,0,0,daimiel,6,6,pr
Crop,2273,0,0,daimiel,6,6,pr
Dehesa,2601,0,0,daimiel,6,6,pr
Grass,8172,0,0,daimiel,6,6,pr
HaloVeg,2543,0,0,daimiel,6,6,pr
HydroRipVeg,16350,2,0.01,daimiel,6,6,pr
MedSclF,623,0,0,daimiel,6,6,pr
Reforestation,25,0,0,daimiel,6,6,pr
RipF,1501,0,0,daimiel,6,6,pr
WaterSurf,8869,0,0,daimiel,6,6,pr
ArtSurf,247,0,0,daimiel,6,7,pr
Crop,2273,0,0,daimiel,6,7,pr
Dehesa,2601,0,0,daimiel,6,7,pr
Grass,8172,0,0,daimiel,6,7,pr
HaloVeg,2543,0,0,daimiel,6,7,pr
HydroRipVeg,16350,10,0.06,daimiel,6,7,pr
MedSclF,623,0,0,daimiel,6,7,pr
Reforestation,25,0,0,daimiel,6,7,pr
RipF,1501,11,0.73,daimiel,6,7,pr
WaterSurf,8869,19,0.21,daimiel,6,7,pr
ArtSurf,247,0,0,daimiel,6,8,pr
Crop,2273,0,0,daimiel,6,8,pr
Dehesa,2601,0,0,daimiel,6,8,pr
Grass,8172,0,0,daimiel,6,8,pr
HaloVeg,2543,0,0,daimiel,6,8,pr
HydroRipVeg,16350,0,0,daimiel,6,8,pr
MedSclF,623,0,0,daimiel,6,8,pr
Reforestation,25,0,0,daimiel,6,8,pr
RipF,1501,0,0,daimiel,6,8,pr
WaterSurf,8869,0,0,daimiel,6,8,pr
ArtSurf,247,0,0,daimiel,6,9,pr
Crop,2273,0,0,daimiel,6,9,pr
Dehesa,2601,0,0,daimiel,6,9,pr
Grass,8172,0,0,daimiel,6,9,pr
HaloVeg,2543,0,0,daimiel,6,9,pr
HydroRipVeg,16350,0,0,daimiel,6,9,pr
MedSclF,623,0,0,daimiel,6,9,pr
Reforestation,25,0,0,daimiel,6,9,pr
RipF,1501,0,0,daimiel,6,9,pr
WaterSurf,8869,0,0,daimiel,6,9,pr
ArtSurf,247,0,0,daimiel,6,10,pr
Crop,2273,0,0,daimiel,6,10,pr
Dehesa,2601,0,0,daimiel,6,10,pr
Grass,8172,0,0,daimiel,6,10,pr
HaloVeg,2543,0,0,daimiel,6,10,pr
HydroRipVeg,16350,0,0,daimiel,6,10,pr
MedSclF,623,0,0,daimiel,6,10,pr
Reforestation,25,0,0,daimiel,6,10,pr
RipF,1501,0,0,daimiel,6,10,pr
WaterSurf,8869,0,0,daimiel,6,10,pr
ArtSurf,247,0,0,daimiel,6,11,pr
Crop,2273,3,0.13,daimiel,6,11,pr
Dehesa,2601,0,0,daimiel,6,11,pr
Grass,8172,0,0,daimiel,6,11,pr
HaloVeg,2543,0,0,daimiel,6,11,pr
HydroRipVeg,16350,0,0,daimiel,6,11,pr
MedSclF,623,0,0,daimiel,6,11,pr
Reforestation,25,0,0,daimiel,6,11,pr
RipF,1501,0,0,daimiel,6,11,pr
WaterSurf,8869,0,0,daimiel,6,11,pr
ArtSurf,247,0,0,daimiel,6,12,pr
Crop,2273,0,0,daimiel,6,12,pr
Dehesa,2601,0,0,daimiel,6,12,pr
Grass,8172,0,0,daimiel,6,12,pr
HaloVeg,2543,0,0,daimiel,6,12,pr
HydroRipVeg,16350,0,0,daimiel,6,12,pr
MedSclF,623,0,0,daimiel,6,12,pr
Reforestation,25,0,0,daimiel,6,12,pr
RipF,1501,0,0,daimiel,6,12,pr
WaterSurf,8869,0,0,daimiel,6,12,pr
ArtSurf,247,0,0,daimiel,9,1,pr
Crop,2273,0,0,daimiel,9,1,pr
Dehesa,2601,0,0,daimiel,9,1,pr
Grass,8172,0,0,daimiel,9,1,pr
HaloVeg,2543,0,0,daimiel,9,1,pr
HydroRipVeg,16350,0,0,daimiel,9,1,pr
MedSclF,623,0,0,daimiel,9,1,pr
Reforestation,25,0,0,daimiel,9,1,pr
RipF,1501,0,0,daimiel,9,1,pr
WaterSurf,8869,0,0,daimiel,9,1,pr
ArtSurf,247,0,0,daimiel,9,2,pr
Crop,2273,0,0,daimiel,9,2,pr
Dehesa,2601,0,0,daimiel,9,2,pr
Grass,8172,0,0,daimiel,9,2,pr
HaloVeg,2543,0,0,daimiel,9,2,pr
HydroRipVeg,16350,1,0.01,daimiel,9,2,pr
MedSclF,623,0,0,daimiel,9,2,pr
Reforestation,25,0,0,daimiel,9,2,pr
RipF,1501,0,0,daimiel,9,2,pr
WaterSurf,8869,0,0,daimiel,9,2,pr
ArtSurf,247,0,0,daimiel,9,3,pr
Crop,2273,0,0,daimiel,9,3,pr
Dehesa,2601,0,0,daimiel,9,3,pr
Grass,8172,0,0,daimiel,9,3,pr
HaloVeg,2543,0,0,daimiel,9,3,pr
HydroRipVeg,16350,2,0.01,daimiel,9,3,pr
MedSclF,623,0,0,daimiel,9,3,pr
Reforestation,25,0,0,daimiel,9,3,pr
RipF,1501,0,0,daimiel,9,3,pr
WaterSurf,8869,0,0,daimiel,9,3,pr
ArtSurf,247,0,0,daimiel,9,4,pr
Crop,2273,0,0,daimiel,9,4,pr
Dehesa,2601,0,0,daimiel,9,4,pr
Grass,8172,0,0,daimiel,9,4,pr
HaloVeg,2543,0,0,daimiel,9,4,pr
HydroRipVeg,16350,0,0,daimiel,9,4,pr
MedSclF,623,0,0,daimiel,9,4,pr
Reforestation,25,0,0,daimiel,9,4,pr
RipF,1501,0,0,daimiel,9,4,pr
WaterSurf,8869,0,0,daimiel,9,4,pr
ArtSurf,247,0,0,daimiel,9,5,pr
Crop,2273,0,0,daimiel,9,5,pr
Dehesa,2601,0,0,daimiel,9,5,pr
Grass,8172,15,0.18,daimiel,9,5,pr
HaloVeg,2543,0,0,daimiel,9,5,pr
HydroRipVeg,16350,0,0,daimiel,9,5,pr
MedSclF,623,0,0,daimiel,9,5,pr
Reforestation,25,0,0,daimiel,9,5,pr
RipF,1501,0,0,daimiel,9,5,pr
WaterSurf,8869,0,0,daimiel,9,5,pr
ArtSurf,247,0,0,daimiel,9,6,pr
Crop,2273,0,0,daimiel,9,6,pr
Dehesa,2601,0,0,daimiel,9,6,pr
Grass,8172,0,0,daimiel,9,6,pr
HaloVeg,2543,0,0,daimiel,9,6,pr
HydroRipVeg,16350,0,0,daimiel,9,6,pr
MedSclF,623,0,0,daimiel,9,6,pr
Reforestation,25,0,0,daimiel,9,6,pr
RipF,1501,0,0,daimiel,9,6,pr
WaterSurf,8869,0,0,daimiel,9,6,pr
ArtSurf,247,0,0,daimiel,9,7,pr
Crop,2273,0,0,daimiel,9,7,pr
Dehesa,2601,0,0,daimiel,9,7,pr
Grass,8172,0,0,daimiel,9,7,pr
HaloVeg,2543,0,0,daimiel,9,7,pr
HydroRipVeg,16350,0,0,daimiel,9,7,pr
MedSclF,623,0,0,daimiel,9,7,pr
Reforestation,25,0,0,daimiel,9,7,pr
RipF,1501,0,0,daimiel,9,7,pr
WaterSurf,8869,16,0.18,daimiel,9,7,pr
ArtSurf,247,0,0,daimiel,9,8,pr
Crop,2273,0,0,daimiel,9,8,pr
Dehesa,2601,0,0,daimiel,9,8,pr
Grass,8172,0,0,daimiel,9,8,pr
HaloVeg,2543,0,0,daimiel,9,8,pr
HydroRipVeg,16350,0,0,daimiel,9,8,pr
MedSclF,623,0,0,daimiel,9,8,pr
Reforestation,25,0,0,daimiel,9,8,pr
RipF,1501,0,0,daimiel,9,8,pr
WaterSurf,8869,0,0,daimiel,9,8,pr
ArtSurf,247,0,0,daimiel,9,9,pr
Crop,2273,0,0,daimiel,9,9,pr
Dehesa,2601,0,0,daimiel,9,9,pr
Grass,8172,0,0,daimiel,9,9,pr
HaloVeg,2543,0,0,daimiel,9,9,pr
HydroRipVeg,16350,2,0.01,daimiel,9,9,pr
MedSclF,623,0,0,daimiel,9,9,pr
Reforestation,25,0,0,daimiel,9,9,pr
RipF,1501,0,0,daimiel,9,9,pr
WaterSurf,8869,0,0,daimiel,9,9,pr
ArtSurf,247,0,0,daimiel,9,10,pr
Crop,2273,0,0,daimiel,9,10,pr
Dehesa,2601,0,0,daimiel,9,10,pr
Grass,8172,0,0,daimiel,9,10,pr
HaloVeg,2543,0,0,daimiel,9,10,pr
HydroRipVeg,16350,0,0,daimiel,9,10,pr
MedSclF,623,0,0,daimiel,9,10,pr
Reforestation,25,0,0,daimiel,9,10,pr
RipF,1501,0,0,daimiel,9,10,pr
WaterSurf,8869,0,0,daimiel,9,10,pr
ArtSurf,247,0,0,daimiel,9,11,pr
Crop,2273,0,0,daimiel,9,11,pr
Dehesa,2601,0,0,daimiel,9,11,pr
Grass,8172,0,0,daimiel,9,11,pr
HaloVeg,2543,0,0,daimiel,9,11,pr
HydroRipVeg,16350,0,0,daimiel,9,11,pr
MedSclF,623,0,0,daimiel,9,11,pr
Reforestation,25,0,0,daimiel,9,11,pr
RipF,1501,0,0,daimiel,9,11,pr
WaterSurf,8869,0,0,daimiel,9,11,pr
ArtSurf,247,0,0,daimiel,9,12,pr
Crop,2273,0,0,daimiel,9,12,pr
Dehesa,2601,0,0,daimiel,9,12,pr
Grass,8172,0,0,daimiel,9,12,pr
HaloVeg,2543,0,0,daimiel,9,12,pr
HydroRipVeg,16350,0,0,daimiel,9,12,pr
MedSclF,623,0,0,daimiel,9,12,pr
Reforestation,25,0,0,daimiel,9,12,pr
RipF,1501,0,0,daimiel,9,12,pr
WaterSurf,8869,0,0,daimiel,9,12,pr
ArtSurf,247,0,0,daimiel,12,1,pr
Crop,2273,0,0,daimiel,12,1,pr
Dehesa,2601,0,0,daimiel,12,1,pr
Grass,8172,0,0,daimiel,12,1,pr
HaloVeg,2543,0,0,daimiel,12,1,pr
HydroRipVeg,16350,0,0,daimiel,12,1,pr
MedSclF,623,0,0,daimiel,12,1,pr
Reforestation,25,0,0,daimiel,12,1,pr
RipF,1501,0,0,daimiel,12,1,pr
WaterSurf,8869,0,0,daimiel,12,1,pr
ArtSurf,247,0,0,daimiel,12,2,pr
Crop,2273,0,0,daimiel,12,2,pr
Dehesa,2601,0,0,daimiel,12,2,pr
Grass,8172,0,0,daimiel,12,2,pr
HaloVeg,2543,0,0,daimiel,12,2,pr
HydroRipVeg,16350,0,0,daimiel,12,2,pr
MedSclF,623,0,0,daimiel,12,2,pr
Reforestation,25,0,0,daimiel,12,2,pr
RipF,1501,0,0,daimiel,12,2,pr
WaterSurf,8869,0,0,daimiel,12,2,pr
ArtSurf,247,0,0,daimiel,12,3,pr
Crop,2273,0,0,daimiel,12,3,pr
Dehesa,2601,0,0,daimiel,12,3,pr
Grass,8172,0,0,daimiel,12,3,pr
HaloVeg,2543,0,0,daimiel,12,3,pr
HydroRipVeg,16350,0,0,daimiel,12,3,pr
MedSclF,623,0,0,daimiel,12,3,pr
Reforestation,25,0,0,daimiel,12,3,pr
RipF,1501,0,0,daimiel,12,3,pr
WaterSurf,8869,0,0,daimiel,12,3,pr
ArtSurf,247,0,0,daimiel,12,4,pr
Crop,2273,0,0,daimiel,12,4,pr
Dehesa,2601,0,0,daimiel,12,4,pr
Grass,8172,0,0,daimiel,12,4,pr
HaloVeg,2543,0,0,daimiel,12,4,pr
HydroRipVeg,16350,0,0,daimiel,12,4,pr
MedSclF,623,0,0,daimiel,12,4,pr
Reforestation,25,0,0,daimiel,12,4,pr
RipF,1501,0,0,daimiel,12,4,pr
WaterSurf,8869,0,0,daimiel,12,4,pr
ArtSurf,247,0,0,daimiel,12,5,pr
Crop,2273,0,0,daimiel,12,5,pr
Dehesa,2601,0,0,daimiel,12,5,pr
Grass,8172,3,0.04,daimiel,12,5,pr
HaloVeg,2543,0,0,daimiel,12,5,pr
HydroRipVeg,16350,0,0,daimiel,12,5,pr
MedSclF,623,0,0,daimiel,12,5,pr
Reforestation,25,0,0,daimiel,12,5,pr
RipF,1501,0,0,daimiel,12,5,pr
WaterSurf,8869,0,0,daimiel,12,5,pr
ArtSurf,247,0,0,daimiel,12,6,pr
Crop,2273,0,0,daimiel,12,6,pr
Dehesa,2601,0,0,daimiel,12,6,pr
Grass,8172,0,0,daimiel,12,6,pr
HaloVeg,2543,0,0,daimiel,12,6,pr
HydroRipVeg,16350,0,0,daimiel,12,6,pr
MedSclF,623,0,0,daimiel,12,6,pr
Reforestation,25,0,0,daimiel,12,6,pr
RipF,1501,0,0,daimiel,12,6,pr
WaterSurf,8869,0,0,daimiel,12,6,pr
ArtSurf,247,0,0,daimiel,12,7,pr
Crop,2273,0,0,daimiel,12,7,pr
Dehesa,2601,0,0,daimiel,12,7,pr
Grass,8172,0,0,daimiel,12,7,pr
HaloVeg,2543,0,0,daimiel,12,7,pr
HydroRipVeg,16350,0,0,daimiel,12,7,pr
MedSclF,623,0,0,daimiel,12,7,pr
Reforestation,25,0,0,daimiel,12,7,pr
RipF,1501,1,0.07,daimiel,12,7,pr
WaterSurf,8869,2,0.02,daimiel,12,7,pr
ArtSurf,247,0,0,daimiel,12,8,pr
Crop,2273,0,0,daimiel,12,8,pr
Dehesa,2601,0,0,daimiel,12,8,pr
Grass,8172,0,0,daimiel,12,8,pr
HaloVeg,2543,0,0,daimiel,12,8,pr
HydroRipVeg,16350,0,0,daimiel,12,8,pr
MedSclF,623,0,0,daimiel,12,8,pr
Reforestation,25,0,0,daimiel,12,8,pr
RipF,1501,0,0,daimiel,12,8,pr
WaterSurf,8869,1,0.01,daimiel,12,8,pr
ArtSurf,247,0,0,daimiel,12,9,pr
Crop,2273,0,0,daimiel,12,9,pr
Dehesa,2601,0,0,daimiel,12,9,pr
Grass,8172,0,0,daimiel,12,9,pr
HaloVeg,2543,0,0,daimiel,12,9,pr
HydroRipVeg,16350,2,0.01,daimiel,12,9,pr
MedSclF,623,0,0,daimiel,12,9,pr
Reforestation,25,0,0,daimiel,12,9,pr
RipF,1501,0,0,daimiel,12,9,pr
WaterSurf,8869,5,0.06,daimiel,12,9,pr
ArtSurf,247,0,0,daimiel,12,10,pr
Crop,2273,0,0,daimiel,12,10,pr
Dehesa,2601,0,0,daimiel,12,10,pr
Grass,8172,0,0,daimiel,12,10,pr
HaloVeg,2543,0,0,daimiel,12,10,pr
HydroRipVeg,16350,0,0,daimiel,12,10,pr
MedSclF,623,0,0,daimiel,12,10,pr
Reforestation,25,0,0,daimiel,12,10,pr
RipF,1501,0,0,daimiel,12,10,pr
WaterSurf,8869,0,0,daimiel,12,10,pr
ArtSurf,247,0,0,daimiel,12,11,pr
Crop,2273,0,0,daimiel,12,11,pr
Dehesa,2601,0,0,daimiel,12,11,pr
Grass,8172,0,0,daimiel,12,11,pr
HaloVeg,2543,0,0,daimiel,12,11,pr
HydroRipVeg,16350,0,0,daimiel,12,11,pr
MedSclF,623,0,0,daimiel,12,11,pr
Reforestation,25,0,0,daimiel,12,11,pr
RipF,1501,0,0,daimiel,12,11,pr
WaterSurf,8869,0,0,daimiel,12,11,pr
ArtSurf,247,0,0,daimiel,12,12,pr
Crop,2273,0,0,daimiel,12,12,pr
Dehesa,2601,0,0,daimiel,12,12,pr
Grass,8172,0,0,daimiel,12,12,pr
HaloVeg,2543,0,0,daimiel,12,12,pr
HydroRipVeg,16350,0,0,daimiel,12,12,pr
MedSclF,623,0,0,daimiel,12,12,pr
Reforestation,25,0,0,daimiel,12,12,pr
RipF,1501,0,0,daimiel,12,12,pr
WaterSurf,8869,0,0,daimiel,12,12,pr
ArtSurf,12613,0,0,donana,1,1,pr
BareArea,6426,0,0,donana,1,1,pr
DuneSand,52133,0,0,donana,1,1,pr
Grass,23898,0,0,donana,1,1,pr
HydroRipVeg,39646,0,0,donana,1,1,pr
MedConF,76259,0,0,donana,1,1,pr
MedSclF,6483,0,0,donana,1,1,pr
MedScrub,129201,0,0,donana,1,1,pr
Reforestation,2747,0,0,donana,1,1,pr
RipF,418,0,0,donana,1,1,pr
SaltMar,344960,0,0,donana,1,1,pr
Shrub,6017,0,0,donana,1,1,pr
WaterSurf,41748,0,0,donana,1,1,pr
ArtSurf,12613,0,0,donana,1,2,pr
BareArea,6426,0,0,donana,1,2,pr
DuneSand,52133,0,0,donana,1,2,pr
Grass,23898,0,0,donana,1,2,pr
HydroRipVeg,39646,0,0,donana,1,2,pr
MedConF,76259,0,0,donana,1,2,pr
MedSclF,6483,0,0,donana,1,2,pr
MedScrub,129201,0,0,donana,1,2,pr
Reforestation,2747,0,0,donana,1,2,pr
RipF,418,0,0,donana,1,2,pr
SaltMar,344960,0,0,donana,1,2,pr
Shrub,6017,0,0,donana,1,2,pr
WaterSurf,41748,0,0,donana,1,2,pr
ArtSurf,12613,0,0,donana,1,3,pr
BareArea,6426,0,0,donana,1,3,pr
DuneSand,52133,0,0,donana,1,3,pr
Grass,23898,0,0,donana,1,3,pr
HydroRipVeg,39646,0,0,donana,1,3,pr
MedConF,76259,0,0,donana,1,3,pr
MedSclF,6483,0,0,donana,1,3,pr
MedScrub,129201,0,0,donana,1,3,pr
Reforestation,2747,0,0,donana,1,3,pr
RipF,418,0,0,donana,1,3,pr
SaltMar,344960,0,0,donana,1,3,pr
Shrub,6017,0,0,donana,1,3,pr
WaterSurf,41748,0,0,donana,1,3,pr
ArtSurf,12613,0,0,donana,1,4,pr
BareArea,6426,0,0,donana,1,4,pr
DuneSand,52133,0,0,donana,1,4,pr
Grass,23898,0,0,donana,1,4,pr
HydroRipVeg,39646,0,0,donana,1,4,pr
MedConF,76259,0,0,donana,1,4,pr
MedSclF,6483,0,0,donana,1,4,pr
MedScrub,129201,0,0,donana,1,4,pr
Reforestation,2747,0,0,donana,1,4,pr
RipF,418,0,0,donana,1,4,pr
SaltMar,344960,0,0,donana,1,4,pr
Shrub,6017,0,0,donana,1,4,pr
WaterSurf,41748,0,0,donana,1,4,pr
ArtSurf,12613,0,0,donana,1,5,pr
BareArea,6426,0,0,donana,1,5,pr
DuneSand,52133,0,0,donana,1,5,pr
Grass,23898,0,0,donana,1,5,pr
HydroRipVeg,39646,0,0,donana,1,5,pr
MedConF,76259,0,0,donana,1,5,pr
MedSclF,6483,0,0,donana,1,5,pr
MedScrub,129201,0,0,donana,1,5,pr
Reforestation,2747,0,0,donana,1,5,pr
RipF,418,0,0,donana,1,5,pr
SaltMar,344960,0,0,donana,1,5,pr
Shrub,6017,0,0,donana,1,5,pr
WaterSurf,41748,0,0,donana,1,5,pr
ArtSurf,12613,0,0,donana,1,6,pr
BareArea,6426,0,0,donana,1,6,pr
DuneSand,52133,0,0,donana,1,6,pr
Grass,23898,0,0,donana,1,6,pr
HydroRipVeg,39646,0,0,donana,1,6,pr
MedConF,76259,0,0,donana,1,6,pr
MedSclF,6483,0,0,donana,1,6,pr
MedScrub,129201,0,0,donana,1,6,pr
Reforestation,2747,0,0,donana,1,6,pr
RipF,418,0,0,donana,1,6,pr
SaltMar,344960,0,0,donana,1,6,pr
Shrub,6017,0,0,donana,1,6,pr
WaterSurf,41748,0,0,donana,1,6,pr
ArtSurf,12613,4,0.03,donana,1,7,pr
BareArea,6426,0,0,donana,1,7,pr
DuneSand,52133,0,0,donana,1,7,pr
Grass,23898,0,0,donana,1,7,pr
HydroRipVeg,39646,0,0,donana,1,7,pr
MedConF,76259,0,0,donana,1,7,pr
MedSclF,6483,0,0,donana,1,7,pr
MedScrub,129201,0,0,donana,1,7,pr
Reforestation,2747,0,0,donana,1,7,pr
RipF,418,0,0,donana,1,7,pr
SaltMar,344960,3,0,donana,1,7,pr
Shrub,6017,0,0,donana,1,7,pr
WaterSurf,41748,57,0.14,donana,1,7,pr
ArtSurf,12613,0,0,donana,1,8,pr
BareArea,6426,0,0,donana,1,8,pr
DuneSand,52133,0,0,donana,1,8,pr
Grass,23898,0,0,donana,1,8,pr
HydroRipVeg,39646,0,0,donana,1,8,pr
MedConF,76259,0,0,donana,1,8,pr
MedSclF,6483,0,0,donana,1,8,pr
MedScrub,129201,0,0,donana,1,8,pr
Reforestation,2747,0,0,donana,1,8,pr
RipF,418,0,0,donana,1,8,pr
SaltMar,344960,0,0,donana,1,8,pr
Shrub,6017,0,0,donana,1,8,pr
WaterSurf,41748,0,0,donana,1,8,pr
ArtSurf,12613,0,0,donana,1,9,pr
BareArea,6426,0,0,donana,1,9,pr
DuneSand,52133,0,0,donana,1,9,pr
Grass,23898,0,0,donana,1,9,pr
HydroRipVeg,39646,0,0,donana,1,9,pr
MedConF,76259,0,0,donana,1,9,pr
MedSclF,6483,0,0,donana,1,9,pr
MedScrub,129201,0,0,donana,1,9,pr
Reforestation,2747,0,0,donana,1,9,pr
RipF,418,0,0,donana,1,9,pr
SaltMar,344960,0,0,donana,1,9,pr
Shrub,6017,0,0,donana,1,9,pr
WaterSurf,41748,0,0,donana,1,9,pr
ArtSurf,12613,174,1.38,donana,1,10,pr
BareArea,6426,740,11.52,donana,1,10,pr
DuneSand,52133,2753,5.28,donana,1,10,pr
Grass,23898,177,0.74,donana,1,10,pr
HydroRipVeg,39646,2634,6.64,donana,1,10,pr
MedConF,76259,318,0.42,donana,1,10,pr
MedSclF,6483,22,0.34,donana,1,10,pr
MedScrub,129201,675,0.52,donana,1,10,pr
Reforestation,2747,6,0.22,donana,1,10,pr
RipF,418,43,10.29,donana,1,10,pr
SaltMar,344960,39086,11.33,donana,1,10,pr
Shrub,6017,15,0.25,donana,1,10,pr
WaterSurf,41748,19744,47.29,donana,1,10,pr
ArtSurf,12613,0,0,donana,1,11,pr
BareArea,6426,0,0,donana,1,11,pr
DuneSand,52133,0,0,donana,1,11,pr
Grass,23898,0,0,donana,1,11,pr
HydroRipVeg,39646,0,0,donana,1,11,pr
MedConF,76259,0,0,donana,1,11,pr
MedSclF,6483,0,0,donana,1,11,pr
MedScrub,129201,0,0,donana,1,11,pr
Reforestation,2747,0,0,donana,1,11,pr
RipF,418,0,0,donana,1,11,pr
SaltMar,344960,0,0,donana,1,11,pr
Shrub,6017,0,0,donana,1,11,pr
WaterSurf,41748,0,0,donana,1,11,pr
ArtSurf,12613,793,6.29,donana,1,12,pr
BareArea,6426,333,5.18,donana,1,12,pr
DuneSand,52133,8,0.02,donana,1,12,pr
Grass,23898,3098,12.96,donana,1,12,pr
HydroRipVeg,39646,4546,11.47,donana,1,12,pr
MedConF,76259,34,0.04,donana,1,12,pr
MedSclF,6483,58,0.89,donana,1,12,pr
MedScrub,129201,29,0.02,donana,1,12,pr
Reforestation,2747,0,0,donana,1,12,pr
RipF,418,12,2.87,donana,1,12,pr
SaltMar,344960,89295,25.89,donana,1,12,pr
Shrub,6017,11,0.18,donana,1,12,pr
WaterSurf,41748,634,1.52,donana,1,12,pr
ArtSurf,12613,1431,11.35,donana,3,1,pr
BareArea,6426,2231,34.72,donana,3,1,pr
DuneSand,52133,204,0.39,donana,3,1,pr
Grass,23898,3498,14.64,donana,3,1,pr
HydroRipVeg,39646,13048,32.91,donana,3,1,pr
MedConF,76259,99,0.13,donana,3,1,pr
MedSclF,6483,136,2.1,donana,3,1,pr
MedScrub,129201,33,0.03,donana,3,1,pr
Reforestation,2747,0,0,donana,3,1,pr
RipF,418,41,9.81,donana,3,1,pr
SaltMar,344960,224823,65.17,donana,3,1,pr
Shrub,6017,32,0.53,donana,3,1,pr
WaterSurf,41748,11644,27.89,donana,3,1,pr
ArtSurf,12613,3591,28.47,donana,3,2,pr
BareArea,6426,3582,55.74,donana,3,2,pr
DuneSand,52133,279,0.54,donana,3,2,pr
Grass,23898,5630,23.56,donana,3,2,pr
HydroRipVeg,39646,15756,39.74,donana,3,2,pr
MedConF,76259,487,0.64,donana,3,2,pr
MedSclF,6483,228,3.52,donana,3,2,pr
MedScrub,129201,133,0.1,donana,3,2,pr
Reforestation,2747,0,0,donana,3,2,pr
RipF,418,89,21.29,donana,3,2,pr
SaltMar,344960,284326,82.42,donana,3,2,pr
Shrub,6017,43,0.71,donana,3,2,pr
WaterSurf,41748,9428,22.58,donana,3,2,pr
ArtSurf,12613,0,0,donana,3,3,pr
BareArea,6426,1,0.02,donana,3,3,pr
DuneSand,52133,0,0,donana,3,3,pr
Grass,23898,0,0,donana,3,3,pr
HydroRipVeg,39646,0,0,donana,3,3,pr
MedConF,76259,0,0,donana,3,3,pr
MedSclF,6483,0,0,donana,3,3,pr
MedScrub,129201,0,0,donana,3,3,pr
Reforestation,2747,0,0,donana,3,3,pr
RipF,418,0,0,donana,3,3,pr
SaltMar,344960,0,0,donana,3,3,pr
Shrub,6017,0,0,donana,3,3,pr
WaterSurf,41748,0,0,donana,3,3,pr
ArtSurf,12613,60,0.48,donana,3,4,pr
BareArea,6426,1212,18.86,donana,3,4,pr
DuneSand,52133,137,0.26,donana,3,4,pr
Grass,23898,1,0,donana,3,4,pr
HydroRipVeg,39646,2294,5.79,donana,3,4,pr
MedConF,76259,29,0.04,donana,3,4,pr
MedSclF,6483,0,0,donana,3,4,pr
MedScrub,129201,9,0.01,donana,3,4,pr
Reforestation,2747,0,0,donana,3,4,pr
RipF,418,1,0.24,donana,3,4,pr
SaltMar,344960,10675,3.09,donana,3,4,pr
Shrub,6017,0,0,donana,3,4,pr
WaterSurf,41748,24503,58.69,donana,3,4,pr
ArtSurf,12613,47,0.37,donana,3,5,pr
BareArea,6426,535,8.33,donana,3,5,pr
DuneSand,52133,37,0.07,donana,3,5,pr
Grass,23898,2,0.01,donana,3,5,pr
HydroRipVeg,39646,897,2.26,donana,3,5,pr
MedConF,76259,14,0.02,donana,3,5,pr
MedSclF,6483,0,0,donana,3,5,pr
MedScrub,129201,2,0,donana,3,5,pr
Reforestation,2747,0,0,donana,3,5,pr
RipF,418,2,0.48,donana,3,5,pr
SaltMar,344960,4769,1.38,donana,3,5,pr
Shrub,6017,0,0,donana,3,5,pr
WaterSurf,41748,15513,37.16,donana,3,5,pr
ArtSurf,12613,0,0,donana,3,6,pr
BareArea,6426,0,0,donana,3,6,pr
DuneSand,52133,0,0,donana,3,6,pr
Grass,23898,0,0,donana,3,6,pr
HydroRipVeg,39646,0,0,donana,3,6,pr
MedConF,76259,0,0,donana,3,6,pr
MedSclF,6483,0,0,donana,3,6,pr
MedScrub,129201,0,0,donana,3,6,pr
Reforestation,2747,0,0,donana,3,6,pr
RipF,418,0,0,donana,3,6,pr
SaltMar,344960,9,0,donana,3,6,pr
Shrub,6017,0,0,donana,3,6,pr
WaterSurf,41748,6,0.01,donana,3,6,pr
ArtSurf,12613,0,0,donana,3,7,pr
BareArea,6426,0,0,donana,3,7,pr
DuneSand,52133,0,0,donana,3,7,pr
Grass,23898,0,0,donana,3,7,pr
HydroRipVeg,39646,0,0,donana,3,7,pr
MedConF,76259,0,0,donana,3,7,pr
MedSclF,6483,0,0,donana,3,7,pr
MedScrub,129201,0,0,donana,3,7,pr
Reforestation,2747,0,0,donana,3,7,pr
RipF,418,0,0,donana,3,7,pr
SaltMar,344960,0,0,donana,3,7,pr
Shrub,6017,0,0,donana,3,7,pr
WaterSurf,41748,0,0,donana,3,7,pr
ArtSurf,12613,0,0,donana,3,8,pr
BareArea,6426,0,0,donana,3,8,pr
DuneSand,52133,0,0,donana,3,8,pr
Grass,23898,0,0,donana,3,8,pr
HydroRipVeg,39646,0,0,donana,3,8,pr
MedConF,76259,0,0,donana,3,8,pr
MedSclF,6483,0,0,donana,3,8,pr
MedScrub,129201,0,0,donana,3,8,pr
Reforestation,2747,0,0,donana,3,8,pr
RipF,418,0,0,donana,3,8,pr
SaltMar,344960,0,0,donana,3,8,pr
Shrub,6017,0,0,donana,3,8,pr
WaterSurf,41748,0,0,donana,3,8,pr
ArtSurf,12613,0,0,donana,3,9,pr
BareArea,6426,0,0,donana,3,9,pr
DuneSand,52133,0,0,donana,3,9,pr
Grass,23898,0,0,donana,3,9,pr
HydroRipVeg,39646,0,0,donana,3,9,pr
MedConF,76259,0,0,donana,3,9,pr
MedSclF,6483,0,0,donana,3,9,pr
MedScrub,129201,0,0,donana,3,9,pr
Reforestation,2747,0,0,donana,3,9,pr
RipF,418,0,0,donana,3,9,pr
SaltMar,344960,0,0,donana,3,9,pr
Shrub,6017,0,0,donana,3,9,pr
WaterSurf,41748,0,0,donana,3,9,pr
ArtSurf,12613,91,0.72,donana,3,10,pr
BareArea,6426,678,10.55,donana,3,10,pr
DuneSand,52133,1390,2.67,donana,3,10,pr
Grass,23898,56,0.23,donana,3,10,pr
HydroRipVeg,39646,1852,4.67,donana,3,10,pr
MedConF,76259,41,0.05,donana,3,10,pr
MedSclF,6483,0,0,donana,3,10,pr
MedScrub,129201,42,0.03,donana,3,10,pr
Reforestation,2747,0,0,donana,3,10,pr
RipF,418,28,6.7,donana,3,10,pr
SaltMar,344960,29466,8.54,donana,3,10,pr
Shrub,6017,0,0,donana,3,10,pr
WaterSurf,41748,14644,35.08,donana,3,10,pr
ArtSurf,12613,123,0.98,donana,3,11,pr
BareArea,6426,323,5.03,donana,3,11,pr
DuneSand,52133,97,0.19,donana,3,11,pr
Grass,23898,15,0.06,donana,3,11,pr
HydroRipVeg,39646,1009,2.55,donana,3,11,pr
MedConF,76259,6,0.01,donana,3,11,pr
MedSclF,6483,0,0,donana,3,11,pr
MedScrub,129201,0,0,donana,3,11,pr
Reforestation,2747,0,0,donana,3,11,pr
RipF,418,1,0.24,donana,3,11,pr
SaltMar,344960,27734,8.04,donana,3,11,pr
Shrub,6017,0,0,donana,3,11,pr
WaterSurf,41748,13950,33.41,donana,3,11,pr
ArtSurf,12613,847,6.72,donana,3,12,pr
BareArea,6426,1472,22.91,donana,3,12,pr
DuneSand,52133,34,0.07,donana,3,12,pr
Grass,23898,1234,5.16,donana,3,12,pr
HydroRipVeg,39646,8180,20.63,donana,3,12,pr
MedConF,76259,12,0.02,donana,3,12,pr
MedSclF,6483,27,0.42,donana,3,12,pr
MedScrub,129201,5,0,donana,3,12,pr
Reforestation,2747,0,0,donana,3,12,pr
RipF,418,32,7.66,donana,3,12,pr
SaltMar,344960,171003,49.57,donana,3,12,pr
Shrub,6017,5,0.08,donana,3,12,pr
WaterSurf,41748,12008,28.76,donana,3,12,pr
ArtSurf,12613,1289,10.22,donana,6,1,pr
BareArea,6426,2853,44.4,donana,6,1,pr
DuneSand,52133,600,1.15,donana,6,1,pr
Grass,23898,2686,11.24,donana,6,1,pr
HydroRipVeg,39646,12546,31.65,donana,6,1,pr
MedConF,76259,118,0.15,donana,6,1,pr
MedSclF,6483,104,1.6,donana,6,1,pr
MedScrub,129201,36,0.03,donana,6,1,pr
Reforestation,2747,0,0,donana,6,1,pr
RipF,418,53,12.68,donana,6,1,pr
SaltMar,344960,232262,67.33,donana,6,1,pr
Shrub,6017,17,0.28,donana,6,1,pr
WaterSurf,41748,25120,60.17,donana,6,1,pr
ArtSurf,12613,1578,12.51,donana,6,2,pr
BareArea,6426,3462,53.87,donana,6,2,pr
DuneSand,52133,354,0.68,donana,6,2,pr
Grass,23898,2722,11.39,donana,6,2,pr
HydroRipVeg,39646,13931,35.14,donana,6,2,pr
MedConF,76259,153,0.2,donana,6,2,pr
MedSclF,6483,132,2.04,donana,6,2,pr
MedScrub,129201,40,0.03,donana,6,2,pr
Reforestation,2747,0,0,donana,6,2,pr
RipF,418,70,16.75,donana,6,2,pr
SaltMar,344960,265989,77.11,donana,6,2,pr
Shrub,6017,27,0.45,donana,6,2,pr
WaterSurf,41748,30229,72.41,donana,6,2,pr
ArtSurf,12613,1096,8.69,donana,6,3,pr
BareArea,6426,2755,42.87,donana,6,3,pr
DuneSand,52133,274,0.53,donana,6,3,pr
Grass,23898,1327,5.55,donana,6,3,pr
HydroRipVeg,39646,11826,29.83,donana,6,3,pr
MedConF,76259,61,0.08,donana,6,3,pr
MedSclF,6483,59,0.91,donana,6,3,pr
MedScrub,129201,40,0.03,donana,6,3,pr
Reforestation,2747,0,0,donana,6,3,pr
RipF,418,17,4.07,donana,6,3,pr
SaltMar,344960,212037,61.47,donana,6,3,pr
Shrub,6017,19,0.32,donana,6,3,pr
WaterSurf,41748,37356,89.48,donana,6,3,pr
ArtSurf,12613,324,2.57,donana,6,4,pr
BareArea,6426,1413,21.99,donana,6,4,pr
DuneSand,52133,22,0.04,donana,6,4,pr
Grass,23898,152,0.64,donana,6,4,pr
HydroRipVeg,39646,1733,4.37,donana,6,4,pr
MedConF,76259,31,0.04,donana,6,4,pr
MedSclF,6483,3,0.05,donana,6,4,pr
MedScrub,129201,20,0.02,donana,6,4,pr
Reforestation,2747,0,0,donana,6,4,pr
RipF,418,1,0.24,donana,6,4,pr
SaltMar,344960,75046,21.75,donana,6,4,pr
Shrub,6017,12,0.2,donana,6,4,pr
WaterSurf,41748,33199,79.52,donana,6,4,pr
ArtSurf,12613,260,2.06,donana,6,5,pr
BareArea,6426,607,9.45,donana,6,5,pr
DuneSand,52133,50,0.1,donana,6,5,pr
Grass,23898,35,0.15,donana,6,5,pr
HydroRipVeg,39646,143,0.36,donana,6,5,pr
MedConF,76259,9,0.01,donana,6,5,pr
MedSclF,6483,0,0,donana,6,5,pr
MedScrub,129201,10,0.01,donana,6,5,pr
Reforestation,2747,0,0,donana,6,5,pr
RipF,418,1,0.24,donana,6,5,pr
SaltMar,344960,38132,11.05,donana,6,5,pr
Shrub,6017,2,0.03,donana,6,5,pr
WaterSurf,41748,34632,82.95,donana,6,5,pr
ArtSurf,12613,33,0.26,donana,6,6,pr
BareArea,6426,131,2.04,donana,6,6,pr
DuneSand,52133,5,0.01,donana,6,6,pr
Grass,23898,0,0,donana,6,6,pr
HydroRipVeg,39646,2,0.01,donana,6,6,pr
MedConF,76259,0,0,donana,6,6,pr
MedSclF,6483,0,0,donana,6,6,pr
MedScrub,129201,0,0,donana,6,6,pr
Reforestation,2747,0,0,donana,6,6,pr
RipF,418,0,0,donana,6,6,pr
SaltMar,344960,2702,0.78,donana,6,6,pr
Shrub,6017,0,0,donana,6,6,pr
WaterSurf,41748,10950,26.23,donana,6,6,pr
ArtSurf,12613,0,0,donana,6,7,pr
BareArea,6426,2,0.03,donana,6,7,pr
DuneSand,52133,172,0.33,donana,6,7,pr
Grass,23898,0,0,donana,6,7,pr
HydroRipVeg,39646,5,0.01,donana,6,7,pr
MedConF,76259,3,0,donana,6,7,pr
MedSclF,6483,0,0,donana,6,7,pr
MedScrub,129201,1,0,donana,6,7,pr
Reforestation,2747,0,0,donana,6,7,pr
RipF,418,0,0,donana,6,7,pr
SaltMar,344960,513,0.15,donana,6,7,pr
Shrub,6017,0,0,donana,6,7,pr
WaterSurf,41748,712,1.71,donana,6,7,pr
ArtSurf,12613,0,0,donana,6,8,pr
BareArea,6426,2,0.03,donana,6,8,pr
DuneSand,52133,2,0,donana,6,8,pr
Grass,23898,0,0,donana,6,8,pr
HydroRipVeg,39646,0,0,donana,6,8,pr
MedConF,76259,3,0,donana,6,8,pr
MedSclF,6483,0,0,donana,6,8,pr
MedScrub,129201,0,0,donana,6,8,pr
Reforestation,2747,0,0,donana,6,8,pr
RipF,418,0,0,donana,6,8,pr
SaltMar,344960,1,0,donana,6,8,pr
Shrub,6017,0,0,donana,6,8,pr
WaterSurf,41748,105,0.25,donana,6,8,pr
ArtSurf,12613,0,0,donana,6,9,pr
BareArea,6426,0,0,donana,6,9,pr
DuneSand,52133,0,0,donana,6,9,pr
Grass,23898,0,0,donana,6,9,pr
HydroRipVeg,39646,0,0,donana,6,9,pr
MedConF,76259,0,0,donana,6,9,pr
MedSclF,6483,0,0,donana,6,9,pr
MedScrub,129201,0,0,donana,6,9,pr
Reforestation,2747,0,0,donana,6,9,pr
RipF,418,0,0,donana,6,9,pr
SaltMar,344960,0,0,donana,6,9,pr
Shrub,6017,0,0,donana,6,9,pr
WaterSurf,41748,0,0,donana,6,9,pr
ArtSurf,12613,0,0,donana,6,10,pr
BareArea,6426,0,0,donana,6,10,pr
DuneSand,52133,0,0,donana,6,10,pr
Grass,23898,0,0,donana,6,10,pr
HydroRipVeg,39646,0,0,donana,6,10,pr
MedConF,76259,0,0,donana,6,10,pr
MedSclF,6483,0,0,donana,6,10,pr
MedScrub,129201,0,0,donana,6,10,pr
Reforestation,2747,0,0,donana,6,10,pr
RipF,418,0,0,donana,6,10,pr
SaltMar,344960,0,0,donana,6,10,pr
Shrub,6017,0,0,donana,6,10,pr
WaterSurf,41748,0,0,donana,6,10,pr
ArtSurf,12613,116,0.92,donana,6,11,pr
BareArea,6426,236,3.67,donana,6,11,pr
DuneSand,52133,57,0.11,donana,6,11,pr
Grass,23898,13,0.05,donana,6,11,pr
HydroRipVeg,39646,447,1.13,donana,6,11,pr
MedConF,76259,6,0.01,donana,6,11,pr
MedSclF,6483,1,0.02,donana,6,11,pr
MedScrub,129201,1,0,donana,6,11,pr
Reforestation,2747,0,0,donana,6,11,pr
RipF,418,1,0.24,donana,6,11,pr
SaltMar,344960,25964,7.53,donana,6,11,pr
Shrub,6017,0,0,donana,6,11,pr
WaterSurf,41748,15682,37.56,donana,6,11,pr
ArtSurf,12613,821,6.51,donana,6,12,pr
BareArea,6426,1611,25.07,donana,6,12,pr
DuneSand,52133,44,0.08,donana,6,12,pr
Grass,23898,1201,5.03,donana,6,12,pr
HydroRipVeg,39646,8502,21.44,donana,6,12,pr
MedConF,76259,16,0.02,donana,6,12,pr
MedSclF,6483,24,0.37,donana,6,12,pr
MedScrub,129201,9,0.01,donana,6,12,pr
Reforestation,2747,0,0,donana,6,12,pr
RipF,418,38,9.09,donana,6,12,pr
SaltMar,344960,173066,50.17,donana,6,12,pr
Shrub,6017,5,0.08,donana,6,12,pr
WaterSurf,41748,12455,29.83,donana,6,12,pr
ArtSurf,12613,1288,10.21,donana,9,1,pr
BareArea,6426,2809,43.71,donana,9,1,pr
DuneSand,52133,523,1,donana,9,1,pr
Grass,23898,2542,10.64,donana,9,1,pr
HydroRipVeg,39646,12146,30.64,donana,9,1,pr
MedConF,76259,99,0.13,donana,9,1,pr
MedSclF,6483,106,1.64,donana,9,1,pr
MedScrub,129201,32,0.02,donana,9,1,pr
Reforestation,2747,0,0,donana,9,1,pr
RipF,418,48,11.48,donana,9,1,pr
SaltMar,344960,225505,65.37,donana,9,1,pr
Shrub,6017,20,0.33,donana,9,1,pr
WaterSurf,41748,24615,58.96,donana,9,1,pr
ArtSurf,12613,1601,12.69,donana,9,2,pr
BareArea,6426,3431,53.39,donana,9,2,pr
DuneSand,52133,299,0.57,donana,9,2,pr
Grass,23898,2687,11.24,donana,9,2,pr
HydroRipVeg,39646,13899,35.06,donana,9,2,pr
MedConF,76259,140,0.18,donana,9,2,pr
MedSclF,6483,131,2.02,donana,9,2,pr
MedScrub,129201,43,0.03,donana,9,2,pr
Reforestation,2747,0,0,donana,9,2,pr
RipF,418,65,15.55,donana,9,2,pr
SaltMar,344960,267391,77.51,donana,9,2,pr
Shrub,6017,28,0.47,donana,9,2,pr
WaterSurf,41748,30031,71.93,donana,9,2,pr
ArtSurf,12613,1075,8.52,donana,9,3,pr
BareArea,6426,2704,42.08,donana,9,3,pr
DuneSand,52133,366,0.7,donana,9,3,pr
Grass,23898,1440,6.03,donana,9,3,pr
HydroRipVeg,39646,11900,30.02,donana,9,3,pr
MedConF,76259,69,0.09,donana,9,3,pr
MedSclF,6483,64,0.99,donana,9,3,pr
MedScrub,129201,39,0.03,donana,9,3,pr
Reforestation,2747,0,0,donana,9,3,pr
RipF,418,20,4.78,donana,9,3,pr
SaltMar,344960,209826,60.83,donana,9,3,pr
Shrub,6017,20,0.33,donana,9,3,pr
WaterSurf,41748,36929,88.46,donana,9,3,pr
ArtSurf,12613,224,1.78,donana,9,4,pr
BareArea,6426,1438,22.38,donana,9,4,pr
DuneSand,52133,38,0.07,donana,9,4,pr
Grass,23898,114,0.48,donana,9,4,pr
HydroRipVeg,39646,1574,3.97,donana,9,4,pr
MedConF,76259,21,0.03,donana,9,4,pr
MedSclF,6483,1,0.02,donana,9,4,pr
MedScrub,129201,19,0.01,donana,9,4,pr
Reforestation,2747,0,0,donana,9,4,pr
RipF,418,1,0.24,donana,9,4,pr
SaltMar,344960,51188,14.84,donana,9,4,pr
Shrub,6017,9,0.15,donana,9,4,pr
WaterSurf,41748,34872,83.53,donana,9,4,pr
ArtSurf,12613,168,1.33,donana,9,5,pr
BareArea,6426,492,7.66,donana,9,5,pr
DuneSand,52133,8,0.02,donana,9,5,pr
Grass,23898,17,0.07,donana,9,5,pr
HydroRipVeg,39646,109,0.27,donana,9,5,pr
MedConF,76259,2,0,donana,9,5,pr
MedSclF,6483,0,0,donana,9,5,pr
MedScrub,129201,9,0.01,donana,9,5,pr
Reforestation,2747,0,0,donana,9,5,pr
RipF,418,2,0.48,donana,9,5,pr
SaltMar,344960,20955,6.07,donana,9,5,pr
Shrub,6017,0,0,donana,9,5,pr
WaterSurf,41748,34123,81.74,donana,9,5,pr
ArtSurf,12613,88,0.7,donana,9,6,pr
BareArea,6426,78,1.21,donana,9,6,pr
DuneSand,52133,3,0.01,donana,9,6,pr
Grass,23898,7,0.03,donana,9,6,pr
HydroRipVeg,39646,73,0.18,donana,9,6,pr
MedConF,76259,0,0,donana,9,6,pr
MedSclF,6483,0,0,donana,9,6,pr
MedScrub,129201,6,0,donana,9,6,pr
Reforestation,2747,0,0,donana,9,6,pr
RipF,418,0,0,donana,9,6,pr
SaltMar,344960,4022,1.17,donana,9,6,pr
Shrub,6017,0,0,donana,9,6,pr
WaterSurf,41748,19428,46.54,donana,9,6,pr
ArtSurf,12613,77,0.61,donana,9,7,pr
BareArea,6426,8,0.12,donana,9,7,pr
DuneSand,52133,8,0.02,donana,9,7,pr
Grass,23898,0,0,donana,9,7,pr
HydroRipVeg,39646,27,0.07,donana,9,7,pr
MedConF,76259,0,0,donana,9,7,pr
MedSclF,6483,0,0,donana,9,7,pr
MedScrub,129201,0,0,donana,9,7,pr
Reforestation,2747,0,0,donana,9,7,pr
RipF,418,0,0,donana,9,7,pr
SaltMar,344960,1742,0.5,donana,9,7,pr
Shrub,6017,0,0,donana,9,7,pr
WaterSurf,41748,441,1.06,donana,9,7,pr
ArtSurf,12613,57,0.45,donana,9,8,pr
BareArea,6426,58,0.9,donana,9,8,pr
DuneSand,52133,77,0.15,donana,9,8,pr
Grass,23898,3,0.01,donana,9,8,pr
HydroRipVeg,39646,4,0.01,donana,9,8,pr
MedConF,76259,0,0,donana,9,8,pr
MedSclF,6483,0,0,donana,9,8,pr
MedScrub,129201,0,0,donana,9,8,pr
Reforestation,2747,0,0,donana,9,8,pr
RipF,418,0,0,donana,9,8,pr
SaltMar,344960,1728,0.5,donana,9,8,pr
Shrub,6017,0,0,donana,9,8,pr
WaterSurf,41748,79,0.19,donana,9,8,pr
ArtSurf,12613,50,0.4,donana,9,9,pr
BareArea,6426,69,1.07,donana,9,9,pr
DuneSand,52133,12,0.02,donana,9,9,pr
Grass,23898,0,0,donana,9,9,pr
HydroRipVeg,39646,0,0,donana,9,9,pr
MedConF,76259,0,0,donana,9,9,pr
MedSclF,6483,0,0,donana,9,9,pr
MedScrub,129201,0,0,donana,9,9,pr
Reforestation,2747,0,0,donana,9,9,pr
RipF,418,0,0,donana,9,9,pr
SaltMar,344960,1,0,donana,9,9,pr
Shrub,6017,0,0,donana,9,9,pr
WaterSurf,41748,8,0.02,donana,9,9,pr
ArtSurf,12613,0,0,donana,9,10,pr
BareArea,6426,0,0,donana,9,10,pr
DuneSand,52133,0,0,donana,9,10,pr
Grass,23898,0,0,donana,9,10,pr
HydroRipVeg,39646,0,0,donana,9,10,pr
MedConF,76259,0,0,donana,9,10,pr
MedSclF,6483,0,0,donana,9,10,pr
MedScrub,129201,0,0,donana,9,10,pr
Reforestation,2747,0,0,donana,9,10,pr
RipF,418,0,0,donana,9,10,pr
SaltMar,344960,0,0,donana,9,10,pr
Shrub,6017,0,0,donana,9,10,pr
WaterSurf,41748,0,0,donana,9,10,pr
ArtSurf,12613,0,0,donana,9,11,pr
BareArea,6426,0,0,donana,9,11,pr
DuneSand,52133,0,0,donana,9,11,pr
Grass,23898,0,0,donana,9,11,pr
HydroRipVeg,39646,0,0,donana,9,11,pr
MedConF,76259,0,0,donana,9,11,pr
MedSclF,6483,0,0,donana,9,11,pr
MedScrub,129201,0,0,donana,9,11,pr
Reforestation,2747,0,0,donana,9,11,pr
RipF,418,0,0,donana,9,11,pr
SaltMar,344960,0,0,donana,9,11,pr
Shrub,6017,0,0,donana,9,11,pr
WaterSurf,41748,0,0,donana,9,11,pr
ArtSurf,12613,662,5.25,donana,9,12,pr
BareArea,6426,1235,19.22,donana,9,12,pr
DuneSand,52133,27,0.05,donana,9,12,pr
Grass,23898,526,2.2,donana,9,12,pr
HydroRipVeg,39646,5276,13.31,donana,9,12,pr
MedConF,76259,6,0.01,donana,9,12,pr
MedSclF,6483,7,0.11,donana,9,12,pr
MedScrub,129201,3,0,donana,9,12,pr
Reforestation,2747,0,0,donana,9,12,pr
RipF,418,25,5.98,donana,9,12,pr
SaltMar,344960,134839,39.09,donana,9,12,pr
Shrub,6017,1,0.02,donana,9,12,pr
WaterSurf,41748,10626,25.45,donana,9,12,pr
ArtSurf,12613,1227,9.73,donana,12,1,pr
BareArea,6426,2764,43.01,donana,12,1,pr
DuneSand,52133,208,0.4,donana,12,1,pr
Grass,23898,1914,8.01,donana,12,1,pr
HydroRipVeg,39646,12078,30.46,donana,12,1,pr
MedConF,76259,73,0.1,donana,12,1,pr
MedSclF,6483,98,1.51,donana,12,1,pr
MedScrub,129201,25,0.02,donana,12,1,pr
Reforestation,2747,0,0,donana,12,1,pr
RipF,418,36,8.61,donana,12,1,pr
SaltMar,344960,221801,64.3,donana,12,1,pr
Shrub,6017,12,0.2,donana,12,1,pr
WaterSurf,41748,30393,72.8,donana,12,1,pr
ArtSurf,12613,1205,9.55,donana,12,2,pr
BareArea,6426,3033,47.2,donana,12,2,pr
DuneSand,52133,269,0.52,donana,12,2,pr
Grass,23898,1577,6.6,donana,12,2,pr
HydroRipVeg,39646,13115,33.08,donana,12,2,pr
MedConF,76259,119,0.16,donana,12,2,pr
MedSclF,6483,89,1.37,donana,12,2,pr
MedScrub,129201,32,0.02,donana,12,2,pr
Reforestation,2747,0,0,donana,12,2,pr
RipF,418,48,11.48,donana,12,2,pr
SaltMar,344960,243107,70.47,donana,12,2,pr
Shrub,6017,24,0.4,donana,12,2,pr
WaterSurf,41748,30493,73.04,donana,12,2,pr
ArtSurf,12613,996,7.9,donana,12,3,pr
BareArea,6426,2572,40.02,donana,12,3,pr
DuneSand,52133,246,0.47,donana,12,3,pr
Grass,23898,1062,4.44,donana,12,3,pr
HydroRipVeg,39646,11569,29.18,donana,12,3,pr
MedConF,76259,57,0.07,donana,12,3,pr
MedSclF,6483,42,0.65,donana,12,3,pr
MedScrub,129201,25,0.02,donana,12,3,pr
Reforestation,2747,0,0,donana,12,3,pr
RipF,418,17,4.07,donana,12,3,pr
SaltMar,344960,203594,59.02,donana,12,3,pr
Shrub,6017,18,0.3,donana,12,3,pr
WaterSurf,41748,37755,90.44,donana,12,3,pr
ArtSurf,12613,234,1.86,donana,12,4,pr
BareArea,6426,1366,21.26,donana,12,4,pr
DuneSand,52133,24,0.05,donana,12,4,pr
Grass,23898,98,0.41,donana,12,4,pr
HydroRipVeg,39646,1461,3.69,donana,12,4,pr
MedConF,76259,24,0.03,donana,12,4,pr
MedSclF,6483,1,0.02,donana,12,4,pr
MedScrub,129201,16,0.01,donana,12,4,pr
Reforestation,2747,0,0,donana,12,4,pr
RipF,418,1,0.24,donana,12,4,pr
SaltMar,344960,52273,15.15,donana,12,4,pr
Shrub,6017,9,0.15,donana,12,4,pr
WaterSurf,41748,34672,83.05,donana,12,4,pr
ArtSurf,12613,166,1.32,donana,12,5,pr
BareArea,6426,533,8.29,donana,12,5,pr
DuneSand,52133,8,0.02,donana,12,5,pr
Grass,23898,17,0.07,donana,12,5,pr
HydroRipVeg,39646,115,0.29,donana,12,5,pr
MedConF,76259,2,0,donana,12,5,pr
MedSclF,6483,0,0,donana,12,5,pr
MedScrub,129201,10,0.01,donana,12,5,pr
Reforestation,2747,0,0,donana,12,5,pr
RipF,418,2,0.48,donana,12,5,pr
SaltMar,344960,20948,6.07,donana,12,5,pr
Shrub,6017,0,0,donana,12,5,pr
WaterSurf,41748,34098,81.68,donana,12,5,pr
ArtSurf,12613,82,0.65,donana,12,6,pr
BareArea,6426,59,0.92,donana,12,6,pr
DuneSand,52133,2,0,donana,12,6,pr
Grass,23898,9,0.04,donana,12,6,pr
HydroRipVeg,39646,87,0.22,donana,12,6,pr
MedConF,76259,0,0,donana,12,6,pr
MedSclF,6483,0,0,donana,12,6,pr
MedScrub,129201,5,0,donana,12,6,pr
Reforestation,2747,0,0,donana,12,6,pr
RipF,418,0,0,donana,12,6,pr
SaltMar,344960,3280,0.95,donana,12,6,pr
Shrub,6017,0,0,donana,12,6,pr
WaterSurf,41748,15847,37.96,donana,12,6,pr
ArtSurf,12613,73,0.58,donana,12,7,pr
BareArea,6426,20,0.31,donana,12,7,pr
DuneSand,52133,1,0,donana,12,7,pr
Grass,23898,0,0,donana,12,7,pr
HydroRipVeg,39646,22,0.06,donana,12,7,pr
MedConF,76259,0,0,donana,12,7,pr
MedSclF,6483,0,0,donana,12,7,pr
MedScrub,129201,0,0,donana,12,7,pr
Reforestation,2747,0,0,donana,12,7,pr
RipF,418,0,0,donana,12,7,pr
SaltMar,344960,692,0.2,donana,12,7,pr
Shrub,6017,0,0,donana,12,7,pr
WaterSurf,41748,259,0.62,donana,12,7,pr
ArtSurf,12613,4,0.03,donana,12,8,pr
BareArea,6426,73,1.14,donana,12,8,pr
DuneSand,52133,29,0.06,donana,12,8,pr
Grass,23898,3,0.01,donana,12,8,pr
HydroRipVeg,39646,3,0.01,donana,12,8,pr
MedConF,76259,0,0,donana,12,8,pr
MedSclF,6483,0,0,donana,12,8,pr
MedScrub,129201,0,0,donana,12,8,pr
Reforestation,2747,0,0,donana,12,8,pr
RipF,418,0,0,donana,12,8,pr
SaltMar,344960,913,0.26,donana,12,8,pr
Shrub,6017,0,0,donana,12,8,pr
WaterSurf,41748,324,0.78,donana,12,8,pr
ArtSurf,12613,3,0.02,donana,12,9,pr
BareArea,6426,80,1.24,donana,12,9,pr
DuneSand,52133,17,0.03,donana,12,9,pr
Grass,23898,5,0.02,donana,12,9,pr
HydroRipVeg,39646,1,0,donana,12,9,pr
MedConF,76259,0,0,donana,12,9,pr
MedSclF,6483,0,0,donana,12,9,pr
MedScrub,129201,0,0,donana,12,9,pr
Reforestation,2747,0,0,donana,12,9,pr
RipF,418,0,0,donana,12,9,pr
SaltMar,344960,781,0.23,donana,12,9,pr
Shrub,6017,0,0,donana,12,9,pr
WaterSurf,41748,361,0.86,donana,12,9,pr
ArtSurf,12613,13,0.1,donana,12,10,pr
BareArea,6426,20,0.31,donana,12,10,pr
DuneSand,52133,7,0.01,donana,12,10,pr
Grass,23898,0,0,donana,12,10,pr
HydroRipVeg,39646,0,0,donana,12,10,pr
MedConF,76259,0,0,donana,12,10,pr
MedSclF,6483,0,0,donana,12,10,pr
MedScrub,129201,0,0,donana,12,10,pr
Reforestation,2747,0,0,donana,12,10,pr
RipF,418,0,0,donana,12,10,pr
SaltMar,344960,952,0.28,donana,12,10,pr
Shrub,6017,0,0,donana,12,10,pr
WaterSurf,41748,336,0.8,donana,12,10,pr
ArtSurf,12613,0,0,donana,12,11,pr
BareArea,6426,1,0.02,donana,12,11,pr
DuneSand,52133,0,0,donana,12,11,pr
Grass,23898,3,0.01,donana,12,11,pr
HydroRipVeg,39646,0,0,donana,12,11,pr
MedConF,76259,0,0,donana,12,11,pr
MedSclF,6483,0,0,donana,12,11,pr
MedScrub,129201,0,0,donana,12,11,pr
Reforestation,2747,0,0,donana,12,11,pr
RipF,418,0,0,donana,12,11,pr
SaltMar,344960,24,0.01,donana,12,11,pr
Shrub,6017,0,0,donana,12,11,pr
WaterSurf,41748,299,0.72,donana,12,11,pr
ArtSurf,12613,375,2.97,donana,12,12,pr
BareArea,6426,593,9.23,donana,12,12,pr
DuneSand,52133,5,0.01,donana,12,12,pr
Grass,23898,181,0.76,donana,12,12,pr
HydroRipVeg,39646,2779,7.01,donana,12,12,pr
MedConF,76259,4,0.01,donana,12,12,pr
MedSclF,6483,7,0.11,donana,12,12,pr
MedScrub,129201,2,0,donana,12,12,pr
Reforestation,2747,0,0,donana,12,12,pr
RipF,418,9,2.15,donana,12,12,pr
SaltMar,344960,68371,19.82,donana,12,12,pr
Shrub,6017,2,0.03,donana,12,12,pr
WaterSurf,41748,4971,11.91,donana,12,12,pr
AlpConF,129960,21,0.02,guadarrama,1,1,pr
AlpScrGr,172894,36,0.02,guadarrama,1,1,pr
ArtSurf,1490,0,0,guadarrama,1,1,pr
Grass,7028,0,0,guadarrama,1,1,pr
MedSclF,3280,0,0,guadarrama,1,1,pr
MedScrub,38947,32,0.08,guadarrama,1,1,pr
Peatland,229,0,0,guadarrama,1,1,pr
Reforestation,88147,18,0.02,guadarrama,1,1,pr
RipF,529,0,0,guadarrama,1,1,pr
RockScreeVeg,46691,37,0.08,guadarrama,1,1,pr
SMedMarF,5314,0,0,guadarrama,1,1,pr
Shrub,3703,0,0,guadarrama,1,1,pr
TempDecF,1436,4,0.28,guadarrama,1,1,pr
WaterSurf,30,0,0,guadarrama,1,1,pr
AlpConF,129960,0,0,guadarrama,1,2,pr
AlpScrGr,172894,0,0,guadarrama,1,2,pr
ArtSurf,1490,0,0,guadarrama,1,2,pr
Grass,7028,0,0,guadarrama,1,2,pr
MedSclF,3280,0,0,guadarrama,1,2,pr
MedScrub,38947,0,0,guadarrama,1,2,pr
Peatland,229,0,0,guadarrama,1,2,pr
Reforestation,88149,0,0,guadarrama,1,2,pr
RipF,529,0,0,guadarrama,1,2,pr
RockScreeVeg,46691,0,0,guadarrama,1,2,pr
SMedMarF,5314,0,0,guadarrama,1,2,pr
Shrub,3703,0,0,guadarrama,1,2,pr
TempDecF,1436,0,0,guadarrama,1,2,pr
WaterSurf,30,0,0,guadarrama,1,2,pr
AlpConF,129960,6826,5.25,guadarrama,1,3,pr
AlpScrGr,172894,36380,21.04,guadarrama,1,3,pr
ArtSurf,1490,230,15.44,guadarrama,1,3,pr
Grass,7028,440,6.26,guadarrama,1,3,pr
MedSclF,3280,3,0.09,guadarrama,1,3,pr
MedScrub,38947,1876,4.82,guadarrama,1,3,pr
Peatland,229,34,14.85,guadarrama,1,3,pr
Reforestation,88149,5736,6.51,guadarrama,1,3,pr
RipF,529,0,0,guadarrama,1,3,pr
RockScreeVeg,46691,1878,4.02,guadarrama,1,3,pr
SMedMarF,5314,15,0.28,guadarrama,1,3,pr
Shrub,3703,16,0.43,guadarrama,1,3,pr
TempDecF,1436,4,0.28,guadarrama,1,3,pr
WaterSurf,30,0,0,guadarrama,1,3,pr
AlpConF,129960,10,0.01,guadarrama,1,4,pr
AlpScrGr,172894,0,0,guadarrama,1,4,pr
ArtSurf,1490,0,0,guadarrama,1,4,pr
Grass,7028,0,0,guadarrama,1,4,pr
MedSclF,3280,0,0,guadarrama,1,4,pr
MedScrub,38947,0,0,guadarrama,1,4,pr
Peatland,229,0,0,guadarrama,1,4,pr
Reforestation,88149,0,0,guadarrama,1,4,pr
RipF,529,0,0,guadarrama,1,4,pr
RockScreeVeg,46691,0,0,guadarrama,1,4,pr
SMedMarF,5314,0,0,guadarrama,1,4,pr
Shrub,3703,0,0,guadarrama,1,4,pr
TempDecF,1436,0,0,guadarrama,1,4,pr
WaterSurf,30,0,0,guadarrama,1,4,pr
AlpConF,129960,0,0,guadarrama,1,5,pr
AlpScrGr,172894,0,0,guadarrama,1,5,pr
ArtSurf,1490,0,0,guadarrama,1,5,pr
Grass,7028,0,0,guadarrama,1,5,pr
MedSclF,3280,0,0,guadarrama,1,5,pr
MedScrub,38947,0,0,guadarrama,1,5,pr
Peatland,229,0,0,guadarrama,1,5,pr
Reforestation,88149,0,0,guadarrama,1,5,pr
RipF,529,0,0,guadarrama,1,5,pr
RockScreeVeg,46691,0,0,guadarrama,1,5,pr
SMedMarF,5314,0,0,guadarrama,1,5,pr
Shrub,3703,0,0,guadarrama,1,5,pr
TempDecF,1436,0,0,guadarrama,1,5,pr
WaterSurf,30,0,0,guadarrama,1,5,pr
AlpConF,129960,0,0,guadarrama,1,6,pr
AlpScrGr,172894,0,0,guadarrama,1,6,pr
ArtSurf,1490,0,0,guadarrama,1,6,pr
Grass,7028,0,0,guadarrama,1,6,pr
MedSclF,3280,0,0,guadarrama,1,6,pr
MedScrub,38947,0,0,guadarrama,1,6,pr
Peatland,229,0,0,guadarrama,1,6,pr
Reforestation,88149,0,0,guadarrama,1,6,pr
RipF,529,0,0,guadarrama,1,6,pr
RockScreeVeg,46691,0,0,guadarrama,1,6,pr
SMedMarF,5314,0,0,guadarrama,1,6,pr
Shrub,3703,0,0,guadarrama,1,6,pr
TempDecF,1436,0,0,guadarrama,1,6,pr
WaterSurf,30,0,0,guadarrama,1,6,pr
AlpConF,129960,0,0,guadarrama,1,7,pr
AlpScrGr,172894,0,0,guadarrama,1,7,pr
ArtSurf,1490,0,0,guadarrama,1,7,pr
Grass,7028,0,0,guadarrama,1,7,pr
MedSclF,3280,0,0,guadarrama,1,7,pr
MedScrub,38947,0,0,guadarrama,1,7,pr
Peatland,229,0,0,guadarrama,1,7,pr
Reforestation,88149,0,0,guadarrama,1,7,pr
RipF,529,0,0,guadarrama,1,7,pr
RockScreeVeg,46691,0,0,guadarrama,1,7,pr
SMedMarF,5314,0,0,guadarrama,1,7,pr
Shrub,3703,0,0,guadarrama,1,7,pr
TempDecF,1436,0,0,guadarrama,1,7,pr
WaterSurf,30,0,0,guadarrama,1,7,pr
AlpConF,129960,0,0,guadarrama,1,8,pr
AlpScrGr,172894,0,0,guadarrama,1,8,pr
ArtSurf,1490,0,0,guadarrama,1,8,pr
Grass,7028,0,0,guadarrama,1,8,pr
MedSclF,3280,0,0,guadarrama,1,8,pr
MedScrub,38947,0,0,guadarrama,1,8,pr
Peatland,229,0,0,guadarrama,1,8,pr
Reforestation,88149,0,0,guadarrama,1,8,pr
RipF,529,0,0,guadarrama,1,8,pr
RockScreeVeg,46691,0,0,guadarrama,1,8,pr
SMedMarF,5314,0,0,guadarrama,1,8,pr
Shrub,3703,0,0,guadarrama,1,8,pr
TempDecF,1436,0,0,guadarrama,1,8,pr
WaterSurf,30,0,0,guadarrama,1,8,pr
AlpConF,129960,202,0.16,guadarrama,1,9,pr
AlpScrGr,172894,222,0.13,guadarrama,1,9,pr
ArtSurf,1490,1,0.07,guadarrama,1,9,pr
Grass,7028,7,0.1,guadarrama,1,9,pr
MedSclF,3280,1,0.03,guadarrama,1,9,pr
MedScrub,38947,33,0.08,guadarrama,1,9,pr
Peatland,229,0,0,guadarrama,1,9,pr
Reforestation,88149,195,0.22,guadarrama,1,9,pr
RipF,529,0,0,guadarrama,1,9,pr
RockScreeVeg,46691,75,0.16,guadarrama,1,9,pr
SMedMarF,5314,13,0.24,guadarrama,1,9,pr
Shrub,3703,0,0,guadarrama,1,9,pr
TempDecF,1436,1,0.07,guadarrama,1,9,pr
WaterSurf,30,0,0,guadarrama,1,9,pr
AlpConF,129960,0,0,guadarrama,1,10,pr
AlpScrGr,172894,0,0,guadarrama,1,10,pr
ArtSurf,1490,0,0,guadarrama,1,10,pr
Grass,7028,0,0,guadarrama,1,10,pr
MedSclF,3280,0,0,guadarrama,1,10,pr
MedScrub,38947,0,0,guadarrama,1,10,pr
Peatland,229,0,0,guadarrama,1,10,pr
Reforestation,88149,0,0,guadarrama,1,10,pr
RipF,529,0,0,guadarrama,1,10,pr
RockScreeVeg,46691,0,0,guadarrama,1,10,pr
SMedMarF,5314,0,0,guadarrama,1,10,pr
Shrub,3703,0,0,guadarrama,1,10,pr
TempDecF,1436,0,0,guadarrama,1,10,pr
WaterSurf,30,0,0,guadarrama,1,10,pr
AlpConF,129960,0,0,guadarrama,1,11,pr
AlpScrGr,172894,0,0,guadarrama,1,11,pr
ArtSurf,1490,0,0,guadarrama,1,11,pr
Grass,7028,0,0,guadarrama,1,11,pr
MedSclF,3280,0,0,guadarrama,1,11,pr
MedScrub,38947,0,0,guadarrama,1,11,pr
Peatland,229,0,0,guadarrama,1,11,pr
Reforestation,88149,0,0,guadarrama,1,11,pr
RipF,529,0,0,guadarrama,1,11,pr
RockScreeVeg,46691,0,0,guadarrama,1,11,pr
SMedMarF,5314,0,0,guadarrama,1,11,pr
Shrub,3703,0,0,guadarrama,1,11,pr
TempDecF,1436,0,0,guadarrama,1,11,pr
WaterSurf,30,0,0,guadarrama,1,11,pr
AlpConF,129960,0,0,guadarrama,1,12,pr
AlpScrGr,172894,0,0,guadarrama,1,12,pr
ArtSurf,1490,0,0,guadarrama,1,12,pr
Grass,7028,0,0,guadarrama,1,12,pr
MedSclF,3280,0,0,guadarrama,1,12,pr
MedScrub,38947,0,0,guadarrama,1,12,pr
Peatland,229,0,0,guadarrama,1,12,pr
Reforestation,88133,0,0,guadarrama,1,12,pr
RipF,529,0,0,guadarrama,1,12,pr
RockScreeVeg,46691,0,0,guadarrama,1,12,pr
SMedMarF,5314,0,0,guadarrama,1,12,pr
Shrub,3703,0,0,guadarrama,1,12,pr
TempDecF,1436,0,0,guadarrama,1,12,pr
WaterSurf,30,0,0,guadarrama,1,12,pr
AlpConF,129960,0,0,guadarrama,3,1,pr
AlpScrGr,172894,0,0,guadarrama,3,1,pr
ArtSurf,1490,0,0,guadarrama,3,1,pr
Grass,7028,0,0,guadarrama,3,1,pr
MedSclF,3280,0,0,guadarrama,3,1,pr
MedScrub,38947,0,0,guadarrama,3,1,pr
Peatland,229,0,0,guadarrama,3,1,pr
Reforestation,88147,0,0,guadarrama,3,1,pr
RipF,529,0,0,guadarrama,3,1,pr
RockScreeVeg,46691,0,0,guadarrama,3,1,pr
SMedMarF,5314,0,0,guadarrama,3,1,pr
Shrub,3703,0,0,guadarrama,3,1,pr
TempDecF,1436,0,0,guadarrama,3,1,pr
WaterSurf,30,0,0,guadarrama,3,1,pr
AlpConF,129960,29285,22.53,guadarrama,3,2,pr
AlpScrGr,172894,36450,21.08,guadarrama,3,2,pr
ArtSurf,1490,265,17.79,guadarrama,3,2,pr
Grass,7028,219,3.12,guadarrama,3,2,pr
MedSclF,3280,595,18.14,guadarrama,3,2,pr
MedScrub,38947,4956,12.72,guadarrama,3,2,pr
Peatland,229,26,11.35,guadarrama,3,2,pr
Reforestation,88149,19654,22.3,guadarrama,3,2,pr
RipF,529,28,5.29,guadarrama,3,2,pr
RockScreeVeg,46691,9176,19.65,guadarrama,3,2,pr
SMedMarF,5314,425,8,guadarrama,3,2,pr
Shrub,3703,173,4.67,guadarrama,3,2,pr
TempDecF,1436,27,1.88,guadarrama,3,2,pr
WaterSurf,30,0,0,guadarrama,3,2,pr
AlpConF,129960,21254,16.35,guadarrama,3,3,pr
AlpScrGr,172894,67426,39,guadarrama,3,3,pr
ArtSurf,1490,247,16.58,guadarrama,3,3,pr
Grass,7028,575,8.18,guadarrama,3,3,pr
MedSclF,3280,62,1.89,guadarrama,3,3,pr
MedScrub,38947,3633,9.33,guadarrama,3,3,pr
Peatland,229,36,15.72,guadarrama,3,3,pr
Reforestation,88149,12856,14.58,guadarrama,3,3,pr
RipF,529,12,2.27,guadarrama,3,3,pr
RockScreeVeg,46691,10125,21.69,guadarrama,3,3,pr
SMedMarF,5314,24,0.45,guadarrama,3,3,pr
Shrub,3703,204,5.51,guadarrama,3,3,pr
TempDecF,1436,11,0.77,guadarrama,3,3,pr
WaterSurf,30,0,0,guadarrama,3,3,pr
AlpConF,129960,0,0,guadarrama,3,4,pr
AlpScrGr,172894,0,0,guadarrama,3,4,pr
ArtSurf,1490,0,0,guadarrama,3,4,pr
Grass,7028,0,0,guadarrama,3,4,pr
MedSclF,3280,0,0,guadarrama,3,4,pr
MedScrub,38947,0,0,guadarrama,3,4,pr
Peatland,229,0,0,guadarrama,3,4,pr
Reforestation,88149,0,0,guadarrama,3,4,pr
RipF,529,0,0,guadarrama,3,4,pr
RockScreeVeg,46691,0,0,guadarrama,3,4,pr
SMedMarF,5314,0,0,guadarrama,3,4,pr
Shrub,3703,0,0,guadarrama,3,4,pr
TempDecF,1436,0,0,guadarrama,3,4,pr
WaterSurf,30,0,0,guadarrama,3,4,pr
AlpConF,129960,2,0,guadarrama,3,5,pr
AlpScrGr,172894,1,0,guadarrama,3,5,pr
ArtSurf,1490,0,0,guadarrama,3,5,pr
Grass,7028,0,0,guadarrama,3,5,pr
MedSclF,3280,3,0.09,guadarrama,3,5,pr
MedScrub,38947,0,0,guadarrama,3,5,pr
Peatland,229,0,0,guadarrama,3,5,pr
Reforestation,88149,0,0,guadarrama,3,5,pr
RipF,529,0,0,guadarrama,3,5,pr
RockScreeVeg,46691,2,0,guadarrama,3,5,pr
SMedMarF,5314,0,0,guadarrama,3,5,pr
Shrub,3703,2,0.05,guadarrama,3,5,pr
TempDecF,1436,2,0.14,guadarrama,3,5,pr
WaterSurf,30,0,0,guadarrama,3,5,pr
AlpConF,129960,25,0.02,guadarrama,3,6,pr
AlpScrGr,172894,4,0,guadarrama,3,6,pr
ArtSurf,1490,2,0.13,guadarrama,3,6,pr
Grass,7028,0,0,guadarrama,3,6,pr
MedSclF,3280,2,0.06,guadarrama,3,6,pr
MedScrub,38947,0,0,guadarrama,3,6,pr
Peatland,229,0,0,guadarrama,3,6,pr
Reforestation,88149,3,0,guadarrama,3,6,pr
RipF,529,0,0,guadarrama,3,6,pr
RockScreeVeg,46691,16,0.03,guadarrama,3,6,pr
SMedMarF,5314,0,0,guadarrama,3,6,pr
Shrub,3703,0,0,guadarrama,3,6,pr
TempDecF,1436,2,0.14,guadarrama,3,6,pr
WaterSurf,30,0,0,guadarrama,3,6,pr
AlpConF,129960,12,0.01,guadarrama,3,7,pr
AlpScrGr,172894,6,0,guadarrama,3,7,pr
ArtSurf,1490,0,0,guadarrama,3,7,pr
Grass,7028,0,0,guadarrama,3,7,pr
MedSclF,3280,0,0,guadarrama,3,7,pr
MedScrub,38947,0,0,guadarrama,3,7,pr
Peatland,229,0,0,guadarrama,3,7,pr
Reforestation,88149,2,0,guadarrama,3,7,pr
RipF,529,0,0,guadarrama,3,7,pr
RockScreeVeg,46691,10,0.02,guadarrama,3,7,pr
SMedMarF,5314,0,0,guadarrama,3,7,pr
Shrub,3703,0,0,guadarrama,3,7,pr
TempDecF,1436,0,0,guadarrama,3,7,pr
WaterSurf,30,0,0,guadarrama,3,7,pr
AlpConF,129960,0,0,guadarrama,3,8,pr
AlpScrGr,172894,0,0,guadarrama,3,8,pr
ArtSurf,1490,0,0,guadarrama,3,8,pr
Grass,7028,0,0,guadarrama,3,8,pr
MedSclF,3280,0,0,guadarrama,3,8,pr
MedScrub,38947,0,0,guadarrama,3,8,pr
Peatland,229,0,0,guadarrama,3,8,pr
Reforestation,88149,0,0,guadarrama,3,8,pr
RipF,529,0,0,guadarrama,3,8,pr
RockScreeVeg,46691,0,0,guadarrama,3,8,pr
SMedMarF,5314,0,0,guadarrama,3,8,pr
Shrub,3703,0,0,guadarrama,3,8,pr
TempDecF,1436,0,0,guadarrama,3,8,pr
WaterSurf,30,0,0,guadarrama,3,8,pr
AlpConF,129960,63,0.05,guadarrama,3,9,pr
AlpScrGr,172894,14,0.01,guadarrama,3,9,pr
ArtSurf,1490,0,0,guadarrama,3,9,pr
Grass,7028,2,0.03,guadarrama,3,9,pr
MedSclF,3280,0,0,guadarrama,3,9,pr
MedScrub,38947,1,0,guadarrama,3,9,pr
Peatland,229,0,0,guadarrama,3,9,pr
Reforestation,88149,12,0.01,guadarrama,3,9,pr
RipF,529,0,0,guadarrama,3,9,pr
RockScreeVeg,46691,3,0.01,guadarrama,3,9,pr
SMedMarF,5314,0,0,guadarrama,3,9,pr
Shrub,3703,0,0,guadarrama,3,9,pr
TempDecF,1436,0,0,guadarrama,3,9,pr
WaterSurf,30,0,0,guadarrama,3,9,pr
AlpConF,129960,4,0,guadarrama,3,10,pr
AlpScrGr,172894,1,0,guadarrama,3,10,pr
ArtSurf,1490,0,0,guadarrama,3,10,pr
Grass,7028,0,0,guadarrama,3,10,pr
MedSclF,3280,0,0,guadarrama,3,10,pr
MedScrub,38947,0,0,guadarrama,3,10,pr
Peatland,229,0,0,guadarrama,3,10,pr
Reforestation,88149,2,0,guadarrama,3,10,pr
RipF,529,0,0,guadarrama,3,10,pr
RockScreeVeg,46691,0,0,guadarrama,3,10,pr
SMedMarF,5314,0,0,guadarrama,3,10,pr
Shrub,3703,0,0,guadarrama,3,10,pr
TempDecF,1436,0,0,guadarrama,3,10,pr
WaterSurf,30,0,0,guadarrama,3,10,pr
AlpConF,129960,0,0,guadarrama,3,11,pr
AlpScrGr,172894,0,0,guadarrama,3,11,pr
ArtSurf,1490,0,0,guadarrama,3,11,pr
Grass,7028,0,0,guadarrama,3,11,pr
MedSclF,3280,0,0,guadarrama,3,11,pr
MedScrub,38947,0,0,guadarrama,3,11,pr
Peatland,229,0,0,guadarrama,3,11,pr
Reforestation,88149,0,0,guadarrama,3,11,pr
RipF,529,0,0,guadarrama,3,11,pr
RockScreeVeg,46691,0,0,guadarrama,3,11,pr
SMedMarF,5314,0,0,guadarrama,3,11,pr
Shrub,3703,0,0,guadarrama,3,11,pr
TempDecF,1436,0,0,guadarrama,3,11,pr
WaterSurf,30,0,0,guadarrama,3,11,pr
AlpConF,129960,0,0,guadarrama,3,12,pr
AlpScrGr,172894,0,0,guadarrama,3,12,pr
ArtSurf,1490,0,0,guadarrama,3,12,pr
Grass,7028,0,0,guadarrama,3,12,pr
MedSclF,3280,0,0,guadarrama,3,12,pr
MedScrub,38947,0,0,guadarrama,3,12,pr
Peatland,229,0,0,guadarrama,3,12,pr
Reforestation,88133,0,0,guadarrama,3,12,pr
RipF,529,0,0,guadarrama,3,12,pr
RockScreeVeg,46691,0,0,guadarrama,3,12,pr
SMedMarF,5314,0,0,guadarrama,3,12,pr
Shrub,3703,0,0,guadarrama,3,12,pr
TempDecF,1436,0,0,guadarrama,3,12,pr
WaterSurf,30,0,0,guadarrama,3,12,pr
AlpConF,129960,0,0,guadarrama,6,1,pr
AlpScrGr,172894,0,0,guadarrama,6,1,pr
ArtSurf,1490,0,0,guadarrama,6,1,pr
Grass,7028,0,0,guadarrama,6,1,pr
MedSclF,3280,0,0,guadarrama,6,1,pr
MedScrub,38947,0,0,guadarrama,6,1,pr
Peatland,229,0,0,guadarrama,6,1,pr
Reforestation,88147,0,0,guadarrama,6,1,pr
RipF,529,0,0,guadarrama,6,1,pr
RockScreeVeg,46691,0,0,guadarrama,6,1,pr
SMedMarF,5314,0,0,guadarrama,6,1,pr
Shrub,3703,0,0,guadarrama,6,1,pr
TempDecF,1436,0,0,guadarrama,6,1,pr
WaterSurf,30,0,0,guadarrama,6,1,pr
AlpConF,129960,0,0,guadarrama,6,2,pr
AlpScrGr,172894,0,0,guadarrama,6,2,pr
ArtSurf,1490,0,0,guadarrama,6,2,pr
Grass,7028,0,0,guadarrama,6,2,pr
MedSclF,3280,0,0,guadarrama,6,2,pr
MedScrub,38947,0,0,guadarrama,6,2,pr
Peatland,229,0,0,guadarrama,6,2,pr
Reforestation,88149,0,0,guadarrama,6,2,pr
RipF,529,0,0,guadarrama,6,2,pr
RockScreeVeg,46691,0,0,guadarrama,6,2,pr
SMedMarF,5314,0,0,guadarrama,6,2,pr
Shrub,3703,0,0,guadarrama,6,2,pr
TempDecF,1436,0,0,guadarrama,6,2,pr
WaterSurf,30,0,0,guadarrama,6,2,pr
AlpConF,129960,0,0,guadarrama,6,3,pr
AlpScrGr,172894,0,0,guadarrama,6,3,pr
ArtSurf,1490,0,0,guadarrama,6,3,pr
Grass,7028,0,0,guadarrama,6,3,pr
MedSclF,3280,0,0,guadarrama,6,3,pr
MedScrub,38947,0,0,guadarrama,6,3,pr
Peatland,229,0,0,guadarrama,6,3,pr
Reforestation,88149,0,0,guadarrama,6,3,pr
RipF,529,0,0,guadarrama,6,3,pr
RockScreeVeg,46691,0,0,guadarrama,6,3,pr
SMedMarF,5314,0,0,guadarrama,6,3,pr
Shrub,3703,0,0,guadarrama,6,3,pr
TempDecF,1436,0,0,guadarrama,6,3,pr
WaterSurf,30,0,0,guadarrama,6,3,pr
AlpConF,129960,0,0,guadarrama,6,4,pr
AlpScrGr,172894,0,0,guadarrama,6,4,pr
ArtSurf,1490,0,0,guadarrama,6,4,pr
Grass,7028,0,0,guadarrama,6,4,pr
MedSclF,3280,0,0,guadarrama,6,4,pr
MedScrub,38947,0,0,guadarrama,6,4,pr
Peatland,229,0,0,guadarrama,6,4,pr
Reforestation,88149,0,0,guadarrama,6,4,pr
RipF,529,0,0,guadarrama,6,4,pr
RockScreeVeg,46691,0,0,guadarrama,6,4,pr
SMedMarF,5314,0,0,guadarrama,6,4,pr
Shrub,3703,0,0,guadarrama,6,4,pr
TempDecF,1436,0,0,guadarrama,6,4,pr
WaterSurf,30,0,0,guadarrama,6,4,pr
AlpConF,129960,0,0,guadarrama,6,5,pr
AlpScrGr,172894,0,0,guadarrama,6,5,pr
ArtSurf,1490,0,0,guadarrama,6,5,pr
Grass,7028,0,0,guadarrama,6,5,pr
MedSclF,3280,0,0,guadarrama,6,5,pr
MedScrub,38947,0,0,guadarrama,6,5,pr
Peatland,229,0,0,guadarrama,6,5,pr
Reforestation,88149,0,0,guadarrama,6,5,pr
RipF,529,0,0,guadarrama,6,5,pr
RockScreeVeg,46691,0,0,guadarrama,6,5,pr
SMedMarF,5314,0,0,guadarrama,6,5,pr
Shrub,3703,0,0,guadarrama,6,5,pr
TempDecF,1436,0,0,guadarrama,6,5,pr
WaterSurf,30,0,0,guadarrama,6,5,pr
AlpConF,129960,21,0.02,guadarrama,6,6,pr
AlpScrGr,172894,492,0.28,guadarrama,6,6,pr
ArtSurf,1490,1,0.07,guadarrama,6,6,pr
Grass,7028,0,0,guadarrama,6,6,pr
MedSclF,3280,6,0.18,guadarrama,6,6,pr
MedScrub,38947,14,0.04,guadarrama,6,6,pr
Peatland,229,0,0,guadarrama,6,6,pr
Reforestation,88149,8,0.01,guadarrama,6,6,pr
RipF,529,0,0,guadarrama,6,6,pr
RockScreeVeg,46691,804,1.72,guadarrama,6,6,pr
SMedMarF,5314,0,0,guadarrama,6,6,pr
Shrub,3703,0,0,guadarrama,6,6,pr
TempDecF,1436,1,0.07,guadarrama,6,6,pr
WaterSurf,30,3,10,guadarrama,6,6,pr
AlpConF,129960,3,0,guadarrama,6,7,pr
AlpScrGr,172894,0,0,guadarrama,6,7,pr
ArtSurf,1490,0,0,guadarrama,6,7,pr
Grass,7028,0,0,guadarrama,6,7,pr
MedSclF,3280,0,0,guadarrama,6,7,pr
MedScrub,38947,0,0,guadarrama,6,7,pr
Peatland,229,0,0,guadarrama,6,7,pr
Reforestation,88149,1,0,guadarrama,6,7,pr
RipF,529,0,0,guadarrama,6,7,pr
RockScreeVeg,46691,0,0,guadarrama,6,7,pr
SMedMarF,5314,0,0,guadarrama,6,7,pr
Shrub,3703,0,0,guadarrama,6,7,pr
TempDecF,1436,0,0,guadarrama,6,7,pr
WaterSurf,30,0,0,guadarrama,6,7,pr
AlpConF,129960,0,0,guadarrama,6,8,pr
AlpScrGr,172894,0,0,guadarrama,6,8,pr
ArtSurf,1490,0,0,guadarrama,6,8,pr
Grass,7028,0,0,guadarrama,6,8,pr
MedSclF,3280,0,0,guadarrama,6,8,pr
MedScrub,38947,0,0,guadarrama,6,8,pr
Peatland,229,0,0,guadarrama,6,8,pr
Reforestation,88149,0,0,guadarrama,6,8,pr
RipF,529,0,0,guadarrama,6,8,pr
RockScreeVeg,46691,0,0,guadarrama,6,8,pr
SMedMarF,5314,0,0,guadarrama,6,8,pr
Shrub,3703,0,0,guadarrama,6,8,pr
TempDecF,1436,0,0,guadarrama,6,8,pr
WaterSurf,30,0,0,guadarrama,6,8,pr
AlpConF,129960,0,0,guadarrama,6,9,pr
AlpScrGr,172894,0,0,guadarrama,6,9,pr
ArtSurf,1490,0,0,guadarrama,6,9,pr
Grass,7028,0,0,guadarrama,6,9,pr
MedSclF,3280,0,0,guadarrama,6,9,pr
MedScrub,38947,0,0,guadarrama,6,9,pr
Peatland,229,0,0,guadarrama,6,9,pr
Reforestation,88149,0,0,guadarrama,6,9,pr
RipF,529,0,0,guadarrama,6,9,pr
RockScreeVeg,46691,0,0,guadarrama,6,9,pr
SMedMarF,5314,0,0,guadarrama,6,9,pr
Shrub,3703,0,0,guadarrama,6,9,pr
TempDecF,1436,0,0,guadarrama,6,9,pr
WaterSurf,30,0,0,guadarrama,6,9,pr
AlpConF,129960,0,0,guadarrama,6,10,pr
AlpScrGr,172894,0,0,guadarrama,6,10,pr
ArtSurf,1490,0,0,guadarrama,6,10,pr
Grass,7028,0,0,guadarrama,6,10,pr
MedSclF,3280,0,0,guadarrama,6,10,pr
MedScrub,38947,0,0,guadarrama,6,10,pr
Peatland,229,0,0,guadarrama,6,10,pr
Reforestation,88149,0,0,guadarrama,6,10,pr
RipF,529,0,0,guadarrama,6,10,pr
RockScreeVeg,46691,0,0,guadarrama,6,10,pr
SMedMarF,5314,0,0,guadarrama,6,10,pr
Shrub,3703,0,0,guadarrama,6,10,pr
TempDecF,1436,0,0,guadarrama,6,10,pr
WaterSurf,30,0,0,guadarrama,6,10,pr
AlpConF,129960,0,0,guadarrama,6,11,pr
AlpScrGr,172894,0,0,guadarrama,6,11,pr
ArtSurf,1490,0,0,guadarrama,6,11,pr
Grass,7028,0,0,guadarrama,6,11,pr
MedSclF,3280,0,0,guadarrama,6,11,pr
MedScrub,38947,0,0,guadarrama,6,11,pr
Peatland,229,0,0,guadarrama,6,11,pr
Reforestation,88149,0,0,guadarrama,6,11,pr
RipF,529,0,0,guadarrama,6,11,pr
RockScreeVeg,46691,0,0,guadarrama,6,11,pr
SMedMarF,5314,0,0,guadarrama,6,11,pr
Shrub,3703,0,0,guadarrama,6,11,pr
TempDecF,1436,0,0,guadarrama,6,11,pr
WaterSurf,30,0,0,guadarrama,6,11,pr
AlpConF,129960,0,0,guadarrama,6,12,pr
AlpScrGr,172894,0,0,guadarrama,6,12,pr
ArtSurf,1490,0,0,guadarrama,6,12,pr
Grass,7028,0,0,guadarrama,6,12,pr
MedSclF,3280,0,0,guadarrama,6,12,pr
MedScrub,38947,0,0,guadarrama,6,12,pr
Peatland,229,0,0,guadarrama,6,12,pr
Reforestation,88133,0,0,guadarrama,6,12,pr
RipF,529,0,0,guadarrama,6,12,pr
RockScreeVeg,46691,0,0,guadarrama,6,12,pr
SMedMarF,5314,0,0,guadarrama,6,12,pr
Shrub,3703,0,0,guadarrama,6,12,pr
TempDecF,1436,0,0,guadarrama,6,12,pr
WaterSurf,30,0,0,guadarrama,6,12,pr
AlpConF,129960,0,0,guadarrama,9,1,pr
AlpScrGr,172894,0,0,guadarrama,9,1,pr
ArtSurf,1490,0,0,guadarrama,9,1,pr
Grass,7028,0,0,guadarrama,9,1,pr
MedSclF,3280,0,0,guadarrama,9,1,pr
MedScrub,38947,0,0,guadarrama,9,1,pr
Peatland,229,0,0,guadarrama,9,1,pr
Reforestation,88147,0,0,guadarrama,9,1,pr
RipF,529,0,0,guadarrama,9,1,pr
RockScreeVeg,46691,0,0,guadarrama,9,1,pr
SMedMarF,5314,0,0,guadarrama,9,1,pr
Shrub,3703,0,0,guadarrama,9,1,pr
TempDecF,1436,0,0,guadarrama,9,1,pr
WaterSurf,30,0,0,guadarrama,9,1,pr
AlpConF,129960,0,0,guadarrama,9,2,pr
AlpScrGr,172894,0,0,guadarrama,9,2,pr
ArtSurf,1490,0,0,guadarrama,9,2,pr
Grass,7028,0,0,guadarrama,9,2,pr
MedSclF,3280,0,0,guadarrama,9,2,pr
MedScrub,38947,0,0,guadarrama,9,2,pr
Peatland,229,0,0,guadarrama,9,2,pr
Reforestation,88149,0,0,guadarrama,9,2,pr
RipF,529,0,0,guadarrama,9,2,pr
RockScreeVeg,46691,0,0,guadarrama,9,2,pr
SMedMarF,5314,0,0,guadarrama,9,2,pr
Shrub,3703,0,0,guadarrama,9,2,pr
TempDecF,1436,0,0,guadarrama,9,2,pr
WaterSurf,30,0,0,guadarrama,9,2,pr
AlpConF,129960,0,0,guadarrama,9,3,pr
AlpScrGr,172894,0,0,guadarrama,9,3,pr
ArtSurf,1490,0,0,guadarrama,9,3,pr
Grass,7028,0,0,guadarrama,9,3,pr
MedSclF,3280,0,0,guadarrama,9,3,pr
MedScrub,38947,0,0,guadarrama,9,3,pr
Peatland,229,0,0,guadarrama,9,3,pr
Reforestation,88149,0,0,guadarrama,9,3,pr
RipF,529,0,0,guadarrama,9,3,pr
RockScreeVeg,46691,0,0,guadarrama,9,3,pr
SMedMarF,5314,0,0,guadarrama,9,3,pr
Shrub,3703,0,0,guadarrama,9,3,pr
TempDecF,1436,0,0,guadarrama,9,3,pr
WaterSurf,30,0,0,guadarrama,9,3,pr
AlpConF,129960,0,0,guadarrama,9,4,pr
AlpScrGr,172894,0,0,guadarrama,9,4,pr
ArtSurf,1490,0,0,guadarrama,9,4,pr
Grass,7028,0,0,guadarrama,9,4,pr
MedSclF,3280,0,0,guadarrama,9,4,pr
MedScrub,38947,0,0,guadarrama,9,4,pr
Peatland,229,0,0,guadarrama,9,4,pr
Reforestation,88149,0,0,guadarrama,9,4,pr
RipF,529,0,0,guadarrama,9,4,pr
RockScreeVeg,46691,0,0,guadarrama,9,4,pr
SMedMarF,5314,0,0,guadarrama,9,4,pr
Shrub,3703,0,0,guadarrama,9,4,pr
TempDecF,1436,0,0,guadarrama,9,4,pr
WaterSurf,30,0,0,guadarrama,9,4,pr
AlpConF,129960,0,0,guadarrama,9,5,pr
AlpScrGr,172894,0,0,guadarrama,9,5,pr
ArtSurf,1490,0,0,guadarrama,9,5,pr
Grass,7028,0,0,guadarrama,9,5,pr
MedSclF,3280,0,0,guadarrama,9,5,pr
MedScrub,38947,0,0,guadarrama,9,5,pr
Peatland,229,0,0,guadarrama,9,5,pr
Reforestation,88149,0,0,guadarrama,9,5,pr
RipF,529,0,0,guadarrama,9,5,pr
RockScreeVeg,46691,0,0,guadarrama,9,5,pr
SMedMarF,5314,0,0,guadarrama,9,5,pr
Shrub,3703,0,0,guadarrama,9,5,pr
TempDecF,1436,0,0,guadarrama,9,5,pr
WaterSurf,30,0,0,guadarrama,9,5,pr
AlpConF,129960,15,0.01,guadarrama,9,6,pr
AlpScrGr,172894,14,0.01,guadarrama,9,6,pr
ArtSurf,1490,0,0,guadarrama,9,6,pr
Grass,7028,0,0,guadarrama,9,6,pr
MedSclF,3280,0,0,guadarrama,9,6,pr
MedScrub,38947,0,0,guadarrama,9,6,pr
Peatland,229,0,0,guadarrama,9,6,pr
Reforestation,88149,0,0,guadarrama,9,6,pr
RipF,529,0,0,guadarrama,9,6,pr
RockScreeVeg,46691,45,0.1,guadarrama,9,6,pr
SMedMarF,5314,0,0,guadarrama,9,6,pr
Shrub,3703,0,0,guadarrama,9,6,pr
TempDecF,1436,0,0,guadarrama,9,6,pr
WaterSurf,30,0,0,guadarrama,9,6,pr
AlpConF,129960,9,0.01,guadarrama,9,7,pr
AlpScrGr,172894,0,0,guadarrama,9,7,pr
ArtSurf,1490,0,0,guadarrama,9,7,pr
Grass,7028,0,0,guadarrama,9,7,pr
MedSclF,3280,0,0,guadarrama,9,7,pr
MedScrub,38947,0,0,guadarrama,9,7,pr
Peatland,229,0,0,guadarrama,9,7,pr
Reforestation,88149,0,0,guadarrama,9,7,pr
RipF,529,0,0,guadarrama,9,7,pr
RockScreeVeg,46691,0,0,guadarrama,9,7,pr
SMedMarF,5314,0,0,guadarrama,9,7,pr
Shrub,3703,0,0,guadarrama,9,7,pr
TempDecF,1436,0,0,guadarrama,9,7,pr
WaterSurf,30,0,0,guadarrama,9,7,pr
AlpConF,129960,0,0,guadarrama,9,8,pr
AlpScrGr,172894,0,0,guadarrama,9,8,pr
ArtSurf,1490,0,0,guadarrama,9,8,pr
Grass,7028,0,0,guadarrama,9,8,pr
MedSclF,3280,0,0,guadarrama,9,8,pr
MedScrub,38947,0,0,guadarrama,9,8,pr
Peatland,229,0,0,guadarrama,9,8,pr
Reforestation,88149,0,0,guadarrama,9,8,pr
RipF,529,0,0,guadarrama,9,8,pr
RockScreeVeg,46691,0,0,guadarrama,9,8,pr
SMedMarF,5314,0,0,guadarrama,9,8,pr
Shrub,3703,0,0,guadarrama,9,8,pr
TempDecF,1436,0,0,guadarrama,9,8,pr
WaterSurf,30,0,0,guadarrama,9,8,pr
AlpConF,129960,0,0,guadarrama,9,9,pr
AlpScrGr,172894,0,0,guadarrama,9,9,pr
ArtSurf,1490,0,0,guadarrama,9,9,pr
Grass,7028,0,0,guadarrama,9,9,pr
MedSclF,3280,0,0,guadarrama,9,9,pr
MedScrub,38947,0,0,guadarrama,9,9,pr
Peatland,229,0,0,guadarrama,9,9,pr
Reforestation,88149,0,0,guadarrama,9,9,pr
RipF,529,0,0,guadarrama,9,9,pr
RockScreeVeg,46691,0,0,guadarrama,9,9,pr
SMedMarF,5314,0,0,guadarrama,9,9,pr
Shrub,3703,0,0,guadarrama,9,9,pr
TempDecF,1436,0,0,guadarrama,9,9,pr
WaterSurf,30,0,0,guadarrama,9,9,pr
AlpConF,129960,0,0,guadarrama,9,10,pr
AlpScrGr,172894,0,0,guadarrama,9,10,pr
ArtSurf,1490,0,0,guadarrama,9,10,pr
Grass,7028,0,0,guadarrama,9,10,pr
MedSclF,3280,0,0,guadarrama,9,10,pr
MedScrub,38947,0,0,guadarrama,9,10,pr
Peatland,229,0,0,guadarrama,9,10,pr
Reforestation,88149,0,0,guadarrama,9,10,pr
RipF,529,0,0,guadarrama,9,10,pr
RockScreeVeg,46691,0,0,guadarrama,9,10,pr
SMedMarF,5314,0,0,guadarrama,9,10,pr
Shrub,3703,0,0,guadarrama,9,10,pr
TempDecF,1436,0,0,guadarrama,9,10,pr
WaterSurf,30,0,0,guadarrama,9,10,pr
AlpConF,129960,0,0,guadarrama,9,11,pr
AlpScrGr,172894,0,0,guadarrama,9,11,pr
ArtSurf,1490,0,0,guadarrama,9,11,pr
Grass,7028,0,0,guadarrama,9,11,pr
MedSclF,3280,0,0,guadarrama,9,11,pr
MedScrub,38947,0,0,guadarrama,9,11,pr
Peatland,229,0,0,guadarrama,9,11,pr
Reforestation,88149,0,0,guadarrama,9,11,pr
RipF,529,0,0,guadarrama,9,11,pr
RockScreeVeg,46691,0,0,guadarrama,9,11,pr
SMedMarF,5314,0,0,guadarrama,9,11,pr
Shrub,3703,0,0,guadarrama,9,11,pr
TempDecF,1436,0,0,guadarrama,9,11,pr
WaterSurf,30,0,0,guadarrama,9,11,pr
AlpConF,129960,0,0,guadarrama,9,12,pr
AlpScrGr,172894,0,0,guadarrama,9,12,pr
ArtSurf,1490,0,0,guadarrama,9,12,pr
Grass,7028,0,0,guadarrama,9,12,pr
MedSclF,3280,0,0,guadarrama,9,12,pr
MedScrub,38947,0,0,guadarrama,9,12,pr
Peatland,229,0,0,guadarrama,9,12,pr
Reforestation,88133,0,0,guadarrama,9,12,pr
RipF,529,0,0,guadarrama,9,12,pr
RockScreeVeg,46691,0,0,guadarrama,9,12,pr
SMedMarF,5314,0,0,guadarrama,9,12,pr
Shrub,3703,0,0,guadarrama,9,12,pr
TempDecF,1436,0,0,guadarrama,9,12,pr
WaterSurf,30,0,0,guadarrama,9,12,pr
AlpConF,129960,0,0,guadarrama,12,1,pr
AlpScrGr,172894,0,0,guadarrama,12,1,pr
ArtSurf,1490,0,0,guadarrama,12,1,pr
Grass,7028,0,0,guadarrama,12,1,pr
MedSclF,3280,0,0,guadarrama,12,1,pr
MedScrub,38947,0,0,guadarrama,12,1,pr
Peatland,229,0,0,guadarrama,12,1,pr
Reforestation,88147,0,0,guadarrama,12,1,pr
RipF,529,0,0,guadarrama,12,1,pr
RockScreeVeg,46691,0,0,guadarrama,12,1,pr
SMedMarF,5314,0,0,guadarrama,12,1,pr
Shrub,3703,0,0,guadarrama,12,1,pr
TempDecF,1436,0,0,guadarrama,12,1,pr
WaterSurf,30,0,0,guadarrama,12,1,pr
AlpConF,129960,0,0,guadarrama,12,2,pr
AlpScrGr,172894,0,0,guadarrama,12,2,pr
ArtSurf,1490,0,0,guadarrama,12,2,pr
Grass,7028,0,0,guadarrama,12,2,pr
MedSclF,3280,0,0,guadarrama,12,2,pr
MedScrub,38947,0,0,guadarrama,12,2,pr
Peatland,229,0,0,guadarrama,12,2,pr
Reforestation,88149,0,0,guadarrama,12,2,pr
RipF,529,0,0,guadarrama,12,2,pr
RockScreeVeg,46691,0,0,guadarrama,12,2,pr
SMedMarF,5314,0,0,guadarrama,12,2,pr
Shrub,3703,0,0,guadarrama,12,2,pr
TempDecF,1436,0,0,guadarrama,12,2,pr
WaterSurf,30,0,0,guadarrama,12,2,pr
AlpConF,129960,0,0,guadarrama,12,3,pr
AlpScrGr,172894,0,0,guadarrama,12,3,pr
ArtSurf,1490,0,0,guadarrama,12,3,pr
Grass,7028,0,0,guadarrama,12,3,pr
MedSclF,3280,0,0,guadarrama,12,3,pr
MedScrub,38947,0,0,guadarrama,12,3,pr
Peatland,229,0,0,guadarrama,12,3,pr
Reforestation,88149,0,0,guadarrama,12,3,pr
RipF,529,0,0,guadarrama,12,3,pr
RockScreeVeg,46691,0,0,guadarrama,12,3,pr
SMedMarF,5314,0,0,guadarrama,12,3,pr
Shrub,3703,0,0,guadarrama,12,3,pr
TempDecF,1436,0,0,guadarrama,12,3,pr
WaterSurf,30,0,0,guadarrama,12,3,pr
AlpConF,129960,0,0,guadarrama,12,4,pr
AlpScrGr,172894,0,0,guadarrama,12,4,pr
ArtSurf,1490,0,0,guadarrama,12,4,pr
Grass,7028,0,0,guadarrama,12,4,pr
MedSclF,3280,0,0,guadarrama,12,4,pr
MedScrub,38947,0,0,guadarrama,12,4,pr
Peatland,229,0,0,guadarrama,12,4,pr
Reforestation,88149,0,0,guadarrama,12,4,pr
RipF,529,0,0,guadarrama,12,4,pr
RockScreeVeg,46691,0,0,guadarrama,12,4,pr
SMedMarF,5314,0,0,guadarrama,12,4,pr
Shrub,3703,0,0,guadarrama,12,4,pr
TempDecF,1436,0,0,guadarrama,12,4,pr
WaterSurf,30,0,0,guadarrama,12,4,pr
AlpConF,129960,0,0,guadarrama,12,5,pr
AlpScrGr,172894,0,0,guadarrama,12,5,pr
ArtSurf,1490,0,0,guadarrama,12,5,pr
Grass,7028,0,0,guadarrama,12,5,pr
MedSclF,3280,0,0,guadarrama,12,5,pr
MedScrub,38947,0,0,guadarrama,12,5,pr
Peatland,229,0,0,guadarrama,12,5,pr
Reforestation,88149,0,0,guadarrama,12,5,pr
RipF,529,0,0,guadarrama,12,5,pr
RockScreeVeg,46691,0,0,guadarrama,12,5,pr
SMedMarF,5314,0,0,guadarrama,12,5,pr
Shrub,3703,0,0,guadarrama,12,5,pr
TempDecF,1436,0,0,guadarrama,12,5,pr
WaterSurf,30,0,0,guadarrama,12,5,pr
AlpConF,129960,52,0.04,guadarrama,12,6,pr
AlpScrGr,172894,17,0.01,guadarrama,12,6,pr
ArtSurf,1490,0,0,guadarrama,12,6,pr
Grass,7028,0,0,guadarrama,12,6,pr
MedSclF,3280,1,0.03,guadarrama,12,6,pr
MedScrub,38947,0,0,guadarrama,12,6,pr
Peatland,229,0,0,guadarrama,12,6,pr
Reforestation,88149,1,0,guadarrama,12,6,pr
RipF,529,0,0,guadarrama,12,6,pr
RockScreeVeg,46691,49,0.1,guadarrama,12,6,pr
SMedMarF,5314,0,0,guadarrama,12,6,pr
Shrub,3703,0,0,guadarrama,12,6,pr
TempDecF,1436,2,0.14,guadarrama,12,6,pr
WaterSurf,30,0,0,guadarrama,12,6,pr
AlpConF,129960,13,0.01,guadarrama,12,7,pr
AlpScrGr,172894,0,0,guadarrama,12,7,pr
ArtSurf,1490,0,0,guadarrama,12,7,pr
Grass,7028,0,0,guadarrama,12,7,pr
MedSclF,3280,0,0,guadarrama,12,7,pr
MedScrub,38947,0,0,guadarrama,12,7,pr
Peatland,229,0,0,guadarrama,12,7,pr
Reforestation,88149,0,0,guadarrama,12,7,pr
RipF,529,0,0,guadarrama,12,7,pr
RockScreeVeg,46691,0,0,guadarrama,12,7,pr
SMedMarF,5314,0,0,guadarrama,12,7,pr
Shrub,3703,0,0,guadarrama,12,7,pr
TempDecF,1436,0,0,guadarrama,12,7,pr
WaterSurf,30,0,0,guadarrama,12,7,pr
AlpConF,129960,0,0,guadarrama,12,8,pr
AlpScrGr,172894,0,0,guadarrama,12,8,pr
ArtSurf,1490,0,0,guadarrama,12,8,pr
Grass,7028,0,0,guadarrama,12,8,pr
MedSclF,3280,0,0,guadarrama,12,8,pr
MedScrub,38947,0,0,guadarrama,12,8,pr
Peatland,229,0,0,guadarrama,12,8,pr
Reforestation,88149,0,0,guadarrama,12,8,pr
RipF,529,0,0,guadarrama,12,8,pr
RockScreeVeg,46691,0,0,guadarrama,12,8,pr
SMedMarF,5314,0,0,guadarrama,12,8,pr
Shrub,3703,0,0,guadarrama,12,8,pr
TempDecF,1436,0,0,guadarrama,12,8,pr
WaterSurf,30,0,0,guadarrama,12,8,pr
AlpConF,129960,0,0,guadarrama,12,9,pr
AlpScrGr,172894,0,0,guadarrama,12,9,pr
ArtSurf,1490,0,0,guadarrama,12,9,pr
Grass,7028,0,0,guadarrama,12,9,pr
MedSclF,3280,0,0,guadarrama,12,9,pr
MedScrub,38947,0,0,guadarrama,12,9,pr
Peatland,229,0,0,guadarrama,12,9,pr
Reforestation,88149,0,0,guadarrama,12,9,pr
RipF,529,0,0,guadarrama,12,9,pr
RockScreeVeg,46691,0,0,guadarrama,12,9,pr
SMedMarF,5314,0,0,guadarrama,12,9,pr
Shrub,3703,0,0,guadarrama,12,9,pr
TempDecF,1436,0,0,guadarrama,12,9,pr
WaterSurf,30,0,0,guadarrama,12,9,pr
AlpConF,129960,0,0,guadarrama,12,10,pr
AlpScrGr,172894,0,0,guadarrama,12,10,pr
ArtSurf,1490,0,0,guadarrama,12,10,pr
Grass,7028,0,0,guadarrama,12,10,pr
MedSclF,3280,0,0,guadarrama,12,10,pr
MedScrub,38947,0,0,guadarrama,12,10,pr
Peatland,229,0,0,guadarrama,12,10,pr
Reforestation,88149,0,0,guadarrama,12,10,pr
RipF,529,0,0,guadarrama,12,10,pr
RockScreeVeg,46691,0,0,guadarrama,12,10,pr
SMedMarF,5314,0,0,guadarrama,12,10,pr
Shrub,3703,0,0,guadarrama,12,10,pr
TempDecF,1436,0,0,guadarrama,12,10,pr
WaterSurf,30,0,0,guadarrama,12,10,pr
AlpConF,129960,0,0,guadarrama,12,11,pr
AlpScrGr,172894,0,0,guadarrama,12,11,pr
ArtSurf,1490,0,0,guadarrama,12,11,pr
Grass,7028,0,0,guadarrama,12,11,pr
MedSclF,3280,0,0,guadarrama,12,11,pr
MedScrub,38947,0,0,guadarrama,12,11,pr
Peatland,229,0,0,guadarrama,12,11,pr
Reforestation,88149,0,0,guadarrama,12,11,pr
RipF,529,0,0,guadarrama,12,11,pr
RockScreeVeg,46691,0,0,guadarrama,12,11,pr
SMedMarF,5314,0,0,guadarrama,12,11,pr
Shrub,3703,0,0,guadarrama,12,11,pr
TempDecF,1436,0,0,guadarrama,12,11,pr
WaterSurf,30,0,0,guadarrama,12,11,pr
AlpConF,129960,0,0,guadarrama,12,12,pr
AlpScrGr,172894,0,0,guadarrama,12,12,pr
ArtSurf,1490,0,0,guadarrama,12,12,pr
Grass,7028,0,0,guadarrama,12,12,pr
MedSclF,3280,0,0,guadarrama,12,12,pr
MedScrub,38947,0,0,guadarrama,12,12,pr
Peatland,229,0,0,guadarrama,12,12,pr
Reforestation,88133,0,0,guadarrama,12,12,pr
RipF,529,0,0,guadarrama,12,12,pr
RockScreeVeg,46691,0,0,guadarrama,12,12,pr
SMedMarF,5314,0,0,guadarrama,12,12,pr
Shrub,3703,0,0,guadarrama,12,12,pr
TempDecF,1436,0,0,guadarrama,12,12,pr
WaterSurf,30,0,0,guadarrama,12,12,pr
ArtSurf,329,0,0,cies,1,1,pr
AtlScrub,5686,0,0,cies,1,1,pr
BareArea,3742,0,0,cies,1,1,pr
Crop,3,0,0,cies,1,1,pr
DuneSand,232,0,0,cies,1,1,pr
Grass,1926,0,0,cies,1,1,pr
HydroRipVeg,100,0,0,cies,1,1,pr
MedSclF,18,0,0,cies,1,1,pr
Reforestation,2902,0,0,cies,1,1,pr
RipF,133,0,0,cies,1,1,pr
RockScreeVeg,28,0,0,cies,1,1,pr
SMedMarF,2,0,0,cies,1,1,pr
SaltMar,253,0,0,cies,1,1,pr
Shrub,772,0,0,cies,1,1,pr
TempDecF,261,0,0,cies,1,1,pr
WaterSurf,95,0,0,cies,1,1,pr
ArtSurf,329,0,0,cies,1,2,pr
AtlScrub,5686,0,0,cies,1,2,pr
BareArea,3742,0,0,cies,1,2,pr
Crop,3,0,0,cies,1,2,pr
DuneSand,232,0,0,cies,1,2,pr
Grass,1926,0,0,cies,1,2,pr
HydroRipVeg,100,0,0,cies,1,2,pr
MedSclF,18,0,0,cies,1,2,pr
Reforestation,2902,0,0,cies,1,2,pr
RipF,133,0,0,cies,1,2,pr
RockScreeVeg,28,0,0,cies,1,2,pr
SMedMarF,2,0,0,cies,1,2,pr
SaltMar,253,0,0,cies,1,2,pr
Shrub,772,0,0,cies,1,2,pr
TempDecF,261,0,0,cies,1,2,pr
WaterSurf,95,0,0,cies,1,2,pr
ArtSurf,329,75,22.8,cies,1,3,pr
AtlScrub,5686,1684,29.62,cies,1,3,pr
BareArea,3742,95,2.54,cies,1,3,pr
Crop,3,1,33.33,cies,1,3,pr
DuneSand,232,5,2.16,cies,1,3,pr
Grass,1926,562,29.18,cies,1,3,pr
HydroRipVeg,100,4,4,cies,1,3,pr
MedSclF,18,0,0,cies,1,3,pr
Reforestation,2902,130,4.48,cies,1,3,pr
RipF,133,38,28.57,cies,1,3,pr
RockScreeVeg,28,16,57.14,cies,1,3,pr
SMedMarF,2,0,0,cies,1,3,pr
SaltMar,253,30,11.86,cies,1,3,pr
Shrub,772,73,9.46,cies,1,3,pr
TempDecF,261,1,0.38,cies,1,3,pr
WaterSurf,95,0,0,cies,1,3,pr
ArtSurf,329,0,0,cies,1,4,pr
AtlScrub,5686,0,0,cies,1,4,pr
BareArea,3742,0,0,cies,1,4,pr
Crop,3,0,0,cies,1,4,pr
DuneSand,232,0,0,cies,1,4,pr
Grass,1926,0,0,cies,1,4,pr
HydroRipVeg,100,0,0,cies,1,4,pr
MedSclF,18,0,0,cies,1,4,pr
Reforestation,2902,0,0,cies,1,4,pr
RipF,133,0,0,cies,1,4,pr
RockScreeVeg,28,0,0,cies,1,4,pr
SMedMarF,2,0,0,cies,1,4,pr
SaltMar,253,0,0,cies,1,4,pr
Shrub,772,0,0,cies,1,4,pr
TempDecF,261,0,0,cies,1,4,pr
WaterSurf,95,0,0,cies,1,4,pr
ArtSurf,329,0,0,cies,1,5,pr
AtlScrub,5686,0,0,cies,1,5,pr
BareArea,3742,0,0,cies,1,5,pr
Crop,3,0,0,cies,1,5,pr
DuneSand,232,0,0,cies,1,5,pr
Grass,1926,0,0,cies,1,5,pr
HydroRipVeg,100,0,0,cies,1,5,pr
MedSclF,18,0,0,cies,1,5,pr
Reforestation,2902,0,0,cies,1,5,pr
RipF,133,0,0,cies,1,5,pr
RockScreeVeg,28,0,0,cies,1,5,pr
SMedMarF,2,0,0,cies,1,5,pr
SaltMar,253,0,0,cies,1,5,pr
Shrub,772,0,0,cies,1,5,pr
TempDecF,261,0,0,cies,1,5,pr
WaterSurf,95,0,0,cies,1,5,pr
ArtSurf,329,0,0,cies,1,6,pr
AtlScrub,5686,0,0,cies,1,6,pr
BareArea,3742,0,0,cies,1,6,pr
Crop,3,0,0,cies,1,6,pr
DuneSand,232,0,0,cies,1,6,pr
Grass,1926,0,0,cies,1,6,pr
HydroRipVeg,100,0,0,cies,1,6,pr
MedSclF,18,0,0,cies,1,6,pr
Reforestation,2902,0,0,cies,1,6,pr
RipF,133,0,0,cies,1,6,pr
RockScreeVeg,28,0,0,cies,1,6,pr
SMedMarF,2,0,0,cies,1,6,pr
SaltMar,253,0,0,cies,1,6,pr
Shrub,772,0,0,cies,1,6,pr
TempDecF,261,0,0,cies,1,6,pr
WaterSurf,95,0,0,cies,1,6,pr
ArtSurf,329,0,0,cies,1,7,pr
AtlScrub,5686,0,0,cies,1,7,pr
BareArea,3742,0,0,cies,1,7,pr
Crop,3,0,0,cies,1,7,pr
DuneSand,232,0,0,cies,1,7,pr
Grass,1926,0,0,cies,1,7,pr
HydroRipVeg,100,0,0,cies,1,7,pr
MedSclF,18,0,0,cies,1,7,pr
Reforestation,2902,0,0,cies,1,7,pr
RipF,133,0,0,cies,1,7,pr
RockScreeVeg,28,0,0,cies,1,7,pr
SMedMarF,2,0,0,cies,1,7,pr
SaltMar,253,0,0,cies,1,7,pr
Shrub,772,0,0,cies,1,7,pr
TempDecF,261,0,0,cies,1,7,pr
WaterSurf,95,0,0,cies,1,7,pr
ArtSurf,329,0,0,cies,1,8,pr
AtlScrub,5686,0,0,cies,1,8,pr
BareArea,3742,0,0,cies,1,8,pr
Crop,3,0,0,cies,1,8,pr
DuneSand,232,0,0,cies,1,8,pr
Grass,1926,0,0,cies,1,8,pr
HydroRipVeg,100,0,0,cies,1,8,pr
MedSclF,18,0,0,cies,1,8,pr
Reforestation,2902,0,0,cies,1,8,pr
RipF,133,0,0,cies,1,8,pr
RockScreeVeg,28,0,0,cies,1,8,pr
SMedMarF,2,0,0,cies,1,8,pr
SaltMar,253,0,0,cies,1,8,pr
Shrub,772,0,0,cies,1,8,pr
TempDecF,261,0,0,cies,1,8,pr
WaterSurf,95,0,0,cies,1,8,pr
ArtSurf,329,0,0,cies,1,9,pr
AtlScrub,5686,0,0,cies,1,9,pr
BareArea,3742,0,0,cies,1,9,pr
Crop,3,0,0,cies,1,9,pr
DuneSand,232,0,0,cies,1,9,pr
Grass,1926,0,0,cies,1,9,pr
HydroRipVeg,100,0,0,cies,1,9,pr
MedSclF,18,0,0,cies,1,9,pr
Reforestation,2902,0,0,cies,1,9,pr
RipF,133,0,0,cies,1,9,pr
RockScreeVeg,28,0,0,cies,1,9,pr
SMedMarF,2,0,0,cies,1,9,pr
SaltMar,253,0,0,cies,1,9,pr
Shrub,772,0,0,cies,1,9,pr
TempDecF,261,0,0,cies,1,9,pr
WaterSurf,95,0,0,cies,1,9,pr
ArtSurf,329,0,0,cies,1,10,pr
AtlScrub,5686,0,0,cies,1,10,pr
BareArea,3742,0,0,cies,1,10,pr
Crop,3,0,0,cies,1,10,pr
DuneSand,232,0,0,cies,1,10,pr
Grass,1926,0,0,cies,1,10,pr
HydroRipVeg,100,0,0,cies,1,10,pr
MedSclF,18,0,0,cies,1,10,pr
Reforestation,2902,0,0,cies,1,10,pr
RipF,133,0,0,cies,1,10,pr
RockScreeVeg,28,0,0,cies,1,10,pr
SMedMarF,2,0,0,cies,1,10,pr
SaltMar,253,0,0,cies,1,10,pr
Shrub,772,0,0,cies,1,10,pr
TempDecF,261,0,0,cies,1,10,pr
WaterSurf,95,0,0,cies,1,10,pr
ArtSurf,329,0,0,cies,1,11,pr
AtlScrub,5686,0,0,cies,1,11,pr
BareArea,3742,1,0.03,cies,1,11,pr
Crop,3,0,0,cies,1,11,pr
DuneSand,232,0,0,cies,1,11,pr
Grass,1926,0,0,cies,1,11,pr
HydroRipVeg,100,0,0,cies,1,11,pr
MedSclF,18,0,0,cies,1,11,pr
Reforestation,2902,0,0,cies,1,11,pr
RipF,133,0,0,cies,1,11,pr
RockScreeVeg,28,0,0,cies,1,11,pr
SMedMarF,2,0,0,cies,1,11,pr
SaltMar,253,0,0,cies,1,11,pr
Shrub,772,0,0,cies,1,11,pr
TempDecF,261,0,0,cies,1,11,pr
WaterSurf,95,0,0,cies,1,11,pr
ArtSurf,329,0,0,cies,1,12,pr
AtlScrub,5686,0,0,cies,1,12,pr
BareArea,3742,0,0,cies,1,12,pr
Crop,3,0,0,cies,1,12,pr
DuneSand,232,0,0,cies,1,12,pr
Grass,1926,0,0,cies,1,12,pr
HydroRipVeg,100,0,0,cies,1,12,pr
MedSclF,18,0,0,cies,1,12,pr
Reforestation,2902,0,0,cies,1,12,pr
RipF,133,0,0,cies,1,12,pr
RockScreeVeg,28,0,0,cies,1,12,pr
SMedMarF,2,0,0,cies,1,12,pr
SaltMar,253,0,0,cies,1,12,pr
Shrub,772,0,0,cies,1,12,pr
TempDecF,261,0,0,cies,1,12,pr
WaterSurf,95,0,0,cies,1,12,pr
ArtSurf,329,0,0,cies,3,1,pr
AtlScrub,5686,3,0.05,cies,3,1,pr
BareArea,3742,0,0,cies,3,1,pr
Crop,3,0,0,cies,3,1,pr
DuneSand,232,0,0,cies,3,1,pr
Grass,1926,4,0.21,cies,3,1,pr
HydroRipVeg,100,0,0,cies,3,1,pr
MedSclF,18,0,0,cies,3,1,pr
Reforestation,2902,0,0,cies,3,1,pr
RipF,133,0,0,cies,3,1,pr
RockScreeVeg,28,0,0,cies,3,1,pr
SMedMarF,2,0,0,cies,3,1,pr
SaltMar,253,0,0,cies,3,1,pr
Shrub,772,1,0.13,cies,3,1,pr
TempDecF,261,0,0,cies,3,1,pr
WaterSurf,95,0,0,cies,3,1,pr
ArtSurf,329,0,0,cies,3,2,pr
AtlScrub,5686,0,0,cies,3,2,pr
BareArea,3742,0,0,cies,3,2,pr
Crop,3,0,0,cies,3,2,pr
DuneSand,232,0,0,cies,3,2,pr
Grass,1926,0,0,cies,3,2,pr
HydroRipVeg,100,0,0,cies,3,2,pr
MedSclF,18,0,0,cies,3,2,pr
Reforestation,2902,0,0,cies,3,2,pr
RipF,133,0,0,cies,3,2,pr
RockScreeVeg,28,0,0,cies,3,2,pr
SMedMarF,2,0,0,cies,3,2,pr
SaltMar,253,0,0,cies,3,2,pr
Shrub,772,0,0,cies,3,2,pr
TempDecF,261,0,0,cies,3,2,pr
WaterSurf,95,0,0,cies,3,2,pr
ArtSurf,329,0,0,cies,3,3,pr
AtlScrub,5686,0,0,cies,3,3,pr
BareArea,3742,0,0,cies,3,3,pr
Crop,3,0,0,cies,3,3,pr
DuneSand,232,0,0,cies,3,3,pr
Grass,1926,0,0,cies,3,3,pr
HydroRipVeg,100,0,0,cies,3,3,pr
MedSclF,18,0,0,cies,3,3,pr
Reforestation,2902,0,0,cies,3,3,pr
RipF,133,0,0,cies,3,3,pr
RockScreeVeg,28,0,0,cies,3,3,pr
SMedMarF,2,0,0,cies,3,3,pr
SaltMar,253,0,0,cies,3,3,pr
Shrub,772,0,0,cies,3,3,pr
TempDecF,261,0,0,cies,3,3,pr
WaterSurf,95,0,0,cies,3,3,pr
ArtSurf,329,0,0,cies,3,4,pr
AtlScrub,5686,0,0,cies,3,4,pr
BareArea,3742,0,0,cies,3,4,pr
Crop,3,0,0,cies,3,4,pr
DuneSand,232,0,0,cies,3,4,pr
Grass,1926,0,0,cies,3,4,pr
HydroRipVeg,100,0,0,cies,3,4,pr
MedSclF,18,0,0,cies,3,4,pr
Reforestation,2902,0,0,cies,3,4,pr
RipF,133,0,0,cies,3,4,pr
RockScreeVeg,28,0,0,cies,3,4,pr
SMedMarF,2,0,0,cies,3,4,pr
SaltMar,253,0,0,cies,3,4,pr
Shrub,772,0,0,cies,3,4,pr
TempDecF,261,0,0,cies,3,4,pr
WaterSurf,95,0,0,cies,3,4,pr
ArtSurf,329,0,0,cies,3,5,pr
AtlScrub,5686,0,0,cies,3,5,pr
BareArea,3742,0,0,cies,3,5,pr
Crop,3,0,0,cies,3,5,pr
DuneSand,232,0,0,cies,3,5,pr
Grass,1926,0,0,cies,3,5,pr
HydroRipVeg,100,0,0,cies,3,5,pr
MedSclF,18,0,0,cies,3,5,pr
Reforestation,2902,0,0,cies,3,5,pr
RipF,133,0,0,cies,3,5,pr
RockScreeVeg,28,0,0,cies,3,5,pr
SMedMarF,2,0,0,cies,3,5,pr
SaltMar,253,0,0,cies,3,5,pr
Shrub,772,0,0,cies,3,5,pr
TempDecF,261,0,0,cies,3,5,pr
WaterSurf,95,0,0,cies,3,5,pr
ArtSurf,329,0,0,cies,3,6,pr
AtlScrub,5686,0,0,cies,3,6,pr
BareArea,3742,0,0,cies,3,6,pr
Crop,3,0,0,cies,3,6,pr
DuneSand,232,0,0,cies,3,6,pr
Grass,1926,0,0,cies,3,6,pr
HydroRipVeg,100,0,0,cies,3,6,pr
MedSclF,18,0,0,cies,3,6,pr
Reforestation,2902,0,0,cies,3,6,pr
RipF,133,0,0,cies,3,6,pr
RockScreeVeg,28,0,0,cies,3,6,pr
SMedMarF,2,0,0,cies,3,6,pr
SaltMar,253,0,0,cies,3,6,pr
Shrub,772,0,0,cies,3,6,pr
TempDecF,261,0,0,cies,3,6,pr
WaterSurf,95,0,0,cies,3,6,pr
ArtSurf,329,0,0,cies,3,7,pr
AtlScrub,5686,0,0,cies,3,7,pr
BareArea,3742,0,0,cies,3,7,pr
Crop,3,0,0,cies,3,7,pr
DuneSand,232,0,0,cies,3,7,pr
Grass,1926,0,0,cies,3,7,pr
HydroRipVeg,100,0,0,cies,3,7,pr
MedSclF,18,0,0,cies,3,7,pr
Reforestation,2902,0,0,cies,3,7,pr
RipF,133,0,0,cies,3,7,pr
RockScreeVeg,28,0,0,cies,3,7,pr
SMedMarF,2,0,0,cies,3,7,pr
SaltMar,253,0,0,cies,3,7,pr
Shrub,772,0,0,cies,3,7,pr
TempDecF,261,0,0,cies,3,7,pr
WaterSurf,95,0,0,cies,3,7,pr
ArtSurf,329,0,0,cies,3,8,pr
AtlScrub,5686,0,0,cies,3,8,pr
BareArea,3742,3,0.08,cies,3,8,pr
Crop,3,0,0,cies,3,8,pr
DuneSand,232,0,0,cies,3,8,pr
Grass,1926,2,0.1,cies,3,8,pr
HydroRipVeg,100,0,0,cies,3,8,pr
MedSclF,18,0,0,cies,3,8,pr
Reforestation,2902,0,0,cies,3,8,pr
RipF,133,0,0,cies,3,8,pr
RockScreeVeg,28,0,0,cies,3,8,pr
SMedMarF,2,0,0,cies,3,8,pr
SaltMar,253,0,0,cies,3,8,pr
Shrub,772,0,0,cies,3,8,pr
TempDecF,261,0,0,cies,3,8,pr
WaterSurf,95,0,0,cies,3,8,pr
ArtSurf,329,0,0,cies,3,9,pr
AtlScrub,5686,0,0,cies,3,9,pr
BareArea,3742,0,0,cies,3,9,pr
Crop,3,0,0,cies,3,9,pr
DuneSand,232,0,0,cies,3,9,pr
Grass,1926,0,0,cies,3,9,pr
HydroRipVeg,100,0,0,cies,3,9,pr
MedSclF,18,0,0,cies,3,9,pr
Reforestation,2902,0,0,cies,3,9,pr
RipF,133,0,0,cies,3,9,pr
RockScreeVeg,28,0,0,cies,3,9,pr
SMedMarF,2,0,0,cies,3,9,pr
SaltMar,253,0,0,cies,3,9,pr
Shrub,772,0,0,cies,3,9,pr
TempDecF,261,0,0,cies,3,9,pr
WaterSurf,95,0,0,cies,3,9,pr
ArtSurf,329,0,0,cies,3,10,pr
AtlScrub,5686,0,0,cies,3,10,pr
BareArea,3742,0,0,cies,3,10,pr
Crop,3,0,0,cies,3,10,pr
DuneSand,232,0,0,cies,3,10,pr
Grass,1926,0,0,cies,3,10,pr
HydroRipVeg,100,0,0,cies,3,10,pr
MedSclF,18,0,0,cies,3,10,pr
Reforestation,2902,0,0,cies,3,10,pr
RipF,133,0,0,cies,3,10,pr
RockScreeVeg,28,0,0,cies,3,10,pr
SMedMarF,2,0,0,cies,3,10,pr
SaltMar,253,0,0,cies,3,10,pr
Shrub,772,0,0,cies,3,10,pr
TempDecF,261,0,0,cies,3,10,pr
WaterSurf,95,0,0,cies,3,10,pr
ArtSurf,329,0,0,cies,3,11,pr
AtlScrub,5686,0,0,cies,3,11,pr
BareArea,3742,0,0,cies,3,11,pr
Crop,3,0,0,cies,3,11,pr
DuneSand,232,0,0,cies,3,11,pr
Grass,1926,0,0,cies,3,11,pr
HydroRipVeg,100,0,0,cies,3,11,pr
MedSclF,18,0,0,cies,3,11,pr
Reforestation,2902,0,0,cies,3,11,pr
RipF,133,0,0,cies,3,11,pr
RockScreeVeg,28,0,0,cies,3,11,pr
SMedMarF,2,0,0,cies,3,11,pr
SaltMar,253,0,0,cies,3,11,pr
Shrub,772,0,0,cies,3,11,pr
TempDecF,261,0,0,cies,3,11,pr
WaterSurf,95,0,0,cies,3,11,pr
ArtSurf,329,0,0,cies,3,12,pr
AtlScrub,5686,0,0,cies,3,12,pr
BareArea,3742,0,0,cies,3,12,pr
Crop,3,0,0,cies,3,12,pr
DuneSand,232,0,0,cies,3,12,pr
Grass,1926,0,0,cies,3,12,pr
HydroRipVeg,100,0,0,cies,3,12,pr
MedSclF,18,0,0,cies,3,12,pr
Reforestation,2902,0,0,cies,3,12,pr
RipF,133,0,0,cies,3,12,pr
RockScreeVeg,28,0,0,cies,3,12,pr
SMedMarF,2,0,0,cies,3,12,pr
SaltMar,253,0,0,cies,3,12,pr
Shrub,772,0,0,cies,3,12,pr
TempDecF,261,0,0,cies,3,12,pr
WaterSurf,95,0,0,cies,3,12,pr
ArtSurf,329,0,0,cies,6,1,pr
AtlScrub,5686,0,0,cies,6,1,pr
BareArea,3742,0,0,cies,6,1,pr
Crop,3,0,0,cies,6,1,pr
DuneSand,232,0,0,cies,6,1,pr
Grass,1926,0,0,cies,6,1,pr
HydroRipVeg,100,0,0,cies,6,1,pr
MedSclF,18,0,0,cies,6,1,pr
Reforestation,2902,0,0,cies,6,1,pr
RipF,133,0,0,cies,6,1,pr
RockScreeVeg,28,0,0,cies,6,1,pr
SMedMarF,2,0,0,cies,6,1,pr
SaltMar,253,0,0,cies,6,1,pr
Shrub,772,0,0,cies,6,1,pr
TempDecF,261,0,0,cies,6,1,pr
WaterSurf,95,0,0,cies,6,1,pr
ArtSurf,329,0,0,cies,6,2,pr
AtlScrub,5686,0,0,cies,6,2,pr
BareArea,3742,0,0,cies,6,2,pr
Crop,3,0,0,cies,6,2,pr
DuneSand,232,0,0,cies,6,2,pr
Grass,1926,0,0,cies,6,2,pr
HydroRipVeg,100,0,0,cies,6,2,pr
MedSclF,18,0,0,cies,6,2,pr
Reforestation,2902,0,0,cies,6,2,pr
RipF,133,0,0,cies,6,2,pr
RockScreeVeg,28,0,0,cies,6,2,pr
SMedMarF,2,0,0,cies,6,2,pr
SaltMar,253,0,0,cies,6,2,pr
Shrub,772,0,0,cies,6,2,pr
TempDecF,261,0,0,cies,6,2,pr
WaterSurf,95,0,0,cies,6,2,pr
ArtSurf,329,0,0,cies,6,3,pr
AtlScrub,5686,0,0,cies,6,3,pr
BareArea,3742,0,0,cies,6,3,pr
Crop,3,0,0,cies,6,3,pr
DuneSand,232,0,0,cies,6,3,pr
Grass,1926,0,0,cies,6,3,pr
HydroRipVeg,100,0,0,cies,6,3,pr
MedSclF,18,0,0,cies,6,3,pr
Reforestation,2902,0,0,cies,6,3,pr
RipF,133,0,0,cies,6,3,pr
RockScreeVeg,28,0,0,cies,6,3,pr
SMedMarF,2,0,0,cies,6,3,pr
SaltMar,253,0,0,cies,6,3,pr
Shrub,772,0,0,cies,6,3,pr
TempDecF,261,0,0,cies,6,3,pr
WaterSurf,95,0,0,cies,6,3,pr
ArtSurf,329,0,0,cies,6,4,pr
AtlScrub,5686,0,0,cies,6,4,pr
BareArea,3742,0,0,cies,6,4,pr
Crop,3,0,0,cies,6,4,pr
DuneSand,232,0,0,cies,6,4,pr
Grass,1926,0,0,cies,6,4,pr
HydroRipVeg,100,0,0,cies,6,4,pr
MedSclF,18,0,0,cies,6,4,pr
Reforestation,2902,0,0,cies,6,4,pr
RipF,133,0,0,cies,6,4,pr
RockScreeVeg,28,0,0,cies,6,4,pr
SMedMarF,2,0,0,cies,6,4,pr
SaltMar,253,0,0,cies,6,4,pr
Shrub,772,0,0,cies,6,4,pr
TempDecF,261,0,0,cies,6,4,pr
WaterSurf,95,0,0,cies,6,4,pr
ArtSurf,329,0,0,cies,6,5,pr
AtlScrub,5686,0,0,cies,6,5,pr
BareArea,3742,0,0,cies,6,5,pr
Crop,3,0,0,cies,6,5,pr
DuneSand,232,0,0,cies,6,5,pr
Grass,1926,0,0,cies,6,5,pr
HydroRipVeg,100,0,0,cies,6,5,pr
MedSclF,18,0,0,cies,6,5,pr
Reforestation,2902,0,0,cies,6,5,pr
RipF,133,0,0,cies,6,5,pr
RockScreeVeg,28,0,0,cies,6,5,pr
SMedMarF,2,0,0,cies,6,5,pr
SaltMar,253,0,0,cies,6,5,pr
Shrub,772,0,0,cies,6,5,pr
TempDecF,261,0,0,cies,6,5,pr
WaterSurf,95,0,0,cies,6,5,pr
ArtSurf,329,0,0,cies,6,6,pr
AtlScrub,5686,0,0,cies,6,6,pr
BareArea,3742,0,0,cies,6,6,pr
Crop,3,0,0,cies,6,6,pr
DuneSand,232,0,0,cies,6,6,pr
Grass,1926,0,0,cies,6,6,pr
HydroRipVeg,100,0,0,cies,6,6,pr
MedSclF,18,0,0,cies,6,6,pr
Reforestation,2902,0,0,cies,6,6,pr
RipF,133,0,0,cies,6,6,pr
RockScreeVeg,28,0,0,cies,6,6,pr
SMedMarF,2,0,0,cies,6,6,pr
SaltMar,253,0,0,cies,6,6,pr
Shrub,772,0,0,cies,6,6,pr
TempDecF,261,0,0,cies,6,6,pr
WaterSurf,95,0,0,cies,6,6,pr
ArtSurf,329,0,0,cies,6,7,pr
AtlScrub,5686,0,0,cies,6,7,pr
BareArea,3742,0,0,cies,6,7,pr
Crop,3,0,0,cies,6,7,pr
DuneSand,232,0,0,cies,6,7,pr
Grass,1926,0,0,cies,6,7,pr
HydroRipVeg,100,0,0,cies,6,7,pr
MedSclF,18,0,0,cies,6,7,pr
Reforestation,2902,0,0,cies,6,7,pr
RipF,133,0,0,cies,6,7,pr
RockScreeVeg,28,0,0,cies,6,7,pr
SMedMarF,2,0,0,cies,6,7,pr
SaltMar,253,0,0,cies,6,7,pr
Shrub,772,0,0,cies,6,7,pr
TempDecF,261,0,0,cies,6,7,pr
WaterSurf,95,0,0,cies,6,7,pr
ArtSurf,329,0,0,cies,6,8,pr
AtlScrub,5686,0,0,cies,6,8,pr
BareArea,3742,0,0,cies,6,8,pr
Crop,3,0,0,cies,6,8,pr
DuneSand,232,0,0,cies,6,8,pr
Grass,1926,0,0,cies,6,8,pr
HydroRipVeg,100,0,0,cies,6,8,pr
MedSclF,18,0,0,cies,6,8,pr
Reforestation,2902,0,0,cies,6,8,pr
RipF,133,0,0,cies,6,8,pr
RockScreeVeg,28,0,0,cies,6,8,pr
SMedMarF,2,0,0,cies,6,8,pr
SaltMar,253,0,0,cies,6,8,pr
Shrub,772,0,0,cies,6,8,pr
TempDecF,261,0,0,cies,6,8,pr
WaterSurf,95,0,0,cies,6,8,pr
ArtSurf,329,0,0,cies,6,9,pr
AtlScrub,5686,0,0,cies,6,9,pr
BareArea,3742,0,0,cies,6,9,pr
Crop,3,0,0,cies,6,9,pr
DuneSand,232,0,0,cies,6,9,pr
Grass,1926,0,0,cies,6,9,pr
HydroRipVeg,100,0,0,cies,6,9,pr
MedSclF,18,0,0,cies,6,9,pr
Reforestation,2902,0,0,cies,6,9,pr
RipF,133,0,0,cies,6,9,pr
RockScreeVeg,28,0,0,cies,6,9,pr
SMedMarF,2,0,0,cies,6,9,pr
SaltMar,253,0,0,cies,6,9,pr
Shrub,772,0,0,cies,6,9,pr
TempDecF,261,0,0,cies,6,9,pr
WaterSurf,95,0,0,cies,6,9,pr
ArtSurf,329,0,0,cies,6,10,pr
AtlScrub,5686,0,0,cies,6,10,pr
BareArea,3742,0,0,cies,6,10,pr
Crop,3,0,0,cies,6,10,pr
DuneSand,232,0,0,cies,6,10,pr
Grass,1926,0,0,cies,6,10,pr
HydroRipVeg,100,0,0,cies,6,10,pr
MedSclF,18,0,0,cies,6,10,pr
Reforestation,2902,0,0,cies,6,10,pr
RipF,133,0,0,cies,6,10,pr
RockScreeVeg,28,0,0,cies,6,10,pr
SMedMarF,2,0,0,cies,6,10,pr
SaltMar,253,0,0,cies,6,10,pr
Shrub,772,0,0,cies,6,10,pr
TempDecF,261,0,0,cies,6,10,pr
WaterSurf,95,0,0,cies,6,10,pr
ArtSurf,329,0,0,cies,6,11,pr
AtlScrub,5686,0,0,cies,6,11,pr
BareArea,3742,0,0,cies,6,11,pr
Crop,3,0,0,cies,6,11,pr
DuneSand,232,0,0,cies,6,11,pr
Grass,1926,0,0,cies,6,11,pr
HydroRipVeg,100,0,0,cies,6,11,pr
MedSclF,18,0,0,cies,6,11,pr
Reforestation,2902,0,0,cies,6,11,pr
RipF,133,0,0,cies,6,11,pr
RockScreeVeg,28,0,0,cies,6,11,pr
SMedMarF,2,0,0,cies,6,11,pr
SaltMar,253,0,0,cies,6,11,pr
Shrub,772,0,0,cies,6,11,pr
TempDecF,261,0,0,cies,6,11,pr
WaterSurf,95,0,0,cies,6,11,pr
ArtSurf,329,0,0,cies,6,12,pr
AtlScrub,5686,0,0,cies,6,12,pr
BareArea,3742,0,0,cies,6,12,pr
Crop,3,0,0,cies,6,12,pr
DuneSand,232,0,0,cies,6,12,pr
Grass,1926,0,0,cies,6,12,pr
HydroRipVeg,100,0,0,cies,6,12,pr
MedSclF,18,0,0,cies,6,12,pr
Reforestation,2902,0,0,cies,6,12,pr
RipF,133,0,0,cies,6,12,pr
RockScreeVeg,28,0,0,cies,6,12,pr
SMedMarF,2,0,0,cies,6,12,pr
SaltMar,253,0,0,cies,6,12,pr
Shrub,772,0,0,cies,6,12,pr
TempDecF,261,0,0,cies,6,12,pr
WaterSurf,95,0,0,cies,6,12,pr
ArtSurf,329,0,0,cies,9,1,pr
AtlScrub,5686,0,0,cies,9,1,pr
BareArea,3742,0,0,cies,9,1,pr
Crop,3,0,0,cies,9,1,pr
DuneSand,232,0,0,cies,9,1,pr
Grass,1926,0,0,cies,9,1,pr
HydroRipVeg,100,0,0,cies,9,1,pr
MedSclF,18,0,0,cies,9,1,pr
Reforestation,2902,0,0,cies,9,1,pr
RipF,133,0,0,cies,9,1,pr
RockScreeVeg,28,0,0,cies,9,1,pr
SMedMarF,2,0,0,cies,9,1,pr
SaltMar,253,0,0,cies,9,1,pr
Shrub,772,0,0,cies,9,1,pr
TempDecF,261,0,0,cies,9,1,pr
WaterSurf,95,0,0,cies,9,1,pr
ArtSurf,329,0,0,cies,9,2,pr
AtlScrub,5686,0,0,cies,9,2,pr
BareArea,3742,0,0,cies,9,2,pr
Crop,3,0,0,cies,9,2,pr
DuneSand,232,0,0,cies,9,2,pr
Grass,1926,0,0,cies,9,2,pr
HydroRipVeg,100,0,0,cies,9,2,pr
MedSclF,18,0,0,cies,9,2,pr
Reforestation,2902,0,0,cies,9,2,pr
RipF,133,0,0,cies,9,2,pr
RockScreeVeg,28,0,0,cies,9,2,pr
SMedMarF,2,0,0,cies,9,2,pr
SaltMar,253,0,0,cies,9,2,pr
Shrub,772,0,0,cies,9,2,pr
TempDecF,261,0,0,cies,9,2,pr
WaterSurf,95,0,0,cies,9,2,pr
ArtSurf,329,0,0,cies,9,3,pr
AtlScrub,5686,0,0,cies,9,3,pr
BareArea,3742,0,0,cies,9,3,pr
Crop,3,0,0,cies,9,3,pr
DuneSand,232,0,0,cies,9,3,pr
Grass,1926,0,0,cies,9,3,pr
HydroRipVeg,100,0,0,cies,9,3,pr
MedSclF,18,0,0,cies,9,3,pr
Reforestation,2902,0,0,cies,9,3,pr
RipF,133,0,0,cies,9,3,pr
RockScreeVeg,28,0,0,cies,9,3,pr
SMedMarF,2,0,0,cies,9,3,pr
SaltMar,253,0,0,cies,9,3,pr
Shrub,772,0,0,cies,9,3,pr
TempDecF,261,0,0,cies,9,3,pr
WaterSurf,95,0,0,cies,9,3,pr
ArtSurf,329,0,0,cies,9,4,pr
AtlScrub,5686,0,0,cies,9,4,pr
BareArea,3742,0,0,cies,9,4,pr
Crop,3,0,0,cies,9,4,pr
DuneSand,232,0,0,cies,9,4,pr
Grass,1926,0,0,cies,9,4,pr
HydroRipVeg,100,0,0,cies,9,4,pr
MedSclF,18,0,0,cies,9,4,pr
Reforestation,2902,0,0,cies,9,4,pr
RipF,133,0,0,cies,9,4,pr
RockScreeVeg,28,0,0,cies,9,4,pr
SMedMarF,2,0,0,cies,9,4,pr
SaltMar,253,0,0,cies,9,4,pr
Shrub,772,0,0,cies,9,4,pr
TempDecF,261,0,0,cies,9,4,pr
WaterSurf,95,0,0,cies,9,4,pr
ArtSurf,329,0,0,cies,9,5,pr
AtlScrub,5686,0,0,cies,9,5,pr
BareArea,3742,0,0,cies,9,5,pr
Crop,3,0,0,cies,9,5,pr
DuneSand,232,0,0,cies,9,5,pr
Grass,1926,0,0,cies,9,5,pr
HydroRipVeg,100,0,0,cies,9,5,pr
MedSclF,18,0,0,cies,9,5,pr
Reforestation,2902,0,0,cies,9,5,pr
RipF,133,0,0,cies,9,5,pr
RockScreeVeg,28,0,0,cies,9,5,pr
SMedMarF,2,0,0,cies,9,5,pr
SaltMar,253,0,0,cies,9,5,pr
Shrub,772,0,0,cies,9,5,pr
TempDecF,261,0,0,cies,9,5,pr
WaterSurf,95,0,0,cies,9,5,pr
ArtSurf,329,0,0,cies,9,6,pr
AtlScrub,5686,0,0,cies,9,6,pr
BareArea,3742,0,0,cies,9,6,pr
Crop,3,0,0,cies,9,6,pr
DuneSand,232,0,0,cies,9,6,pr
Grass,1926,0,0,cies,9,6,pr
HydroRipVeg,100,0,0,cies,9,6,pr
MedSclF,18,0,0,cies,9,6,pr
Reforestation,2902,0,0,cies,9,6,pr
RipF,133,0,0,cies,9,6,pr
RockScreeVeg,28,0,0,cies,9,6,pr
SMedMarF,2,0,0,cies,9,6,pr
SaltMar,253,0,0,cies,9,6,pr
Shrub,772,0,0,cies,9,6,pr
TempDecF,261,0,0,cies,9,6,pr
WaterSurf,95,0,0,cies,9,6,pr
ArtSurf,329,0,0,cies,9,7,pr
AtlScrub,5686,0,0,cies,9,7,pr
BareArea,3742,0,0,cies,9,7,pr
Crop,3,0,0,cies,9,7,pr
DuneSand,232,0,0,cies,9,7,pr
Grass,1926,0,0,cies,9,7,pr
HydroRipVeg,100,0,0,cies,9,7,pr
MedSclF,18,0,0,cies,9,7,pr
Reforestation,2902,0,0,cies,9,7,pr
RipF,133,0,0,cies,9,7,pr
RockScreeVeg,28,0,0,cies,9,7,pr
SMedMarF,2,0,0,cies,9,7,pr
SaltMar,253,0,0,cies,9,7,pr
Shrub,772,0,0,cies,9,7,pr
TempDecF,261,0,0,cies,9,7,pr
WaterSurf,95,0,0,cies,9,7,pr
ArtSurf,329,0,0,cies,9,8,pr
AtlScrub,5686,0,0,cies,9,8,pr
BareArea,3742,0,0,cies,9,8,pr
Crop,3,0,0,cies,9,8,pr
DuneSand,232,0,0,cies,9,8,pr
Grass,1926,0,0,cies,9,8,pr
HydroRipVeg,100,0,0,cies,9,8,pr
MedSclF,18,0,0,cies,9,8,pr
Reforestation,2902,0,0,cies,9,8,pr
RipF,133,0,0,cies,9,8,pr
RockScreeVeg,28,0,0,cies,9,8,pr
SMedMarF,2,0,0,cies,9,8,pr
SaltMar,253,0,0,cies,9,8,pr
Shrub,772,0,0,cies,9,8,pr
TempDecF,261,0,0,cies,9,8,pr
WaterSurf,95,0,0,cies,9,8,pr
ArtSurf,329,0,0,cies,9,9,pr
AtlScrub,5686,0,0,cies,9,9,pr
BareArea,3742,0,0,cies,9,9,pr
Crop,3,0,0,cies,9,9,pr
DuneSand,232,0,0,cies,9,9,pr
Grass,1926,0,0,cies,9,9,pr
HydroRipVeg,100,0,0,cies,9,9,pr
MedSclF,18,0,0,cies,9,9,pr
Reforestation,2902,0,0,cies,9,9,pr
RipF,133,0,0,cies,9,9,pr
RockScreeVeg,28,0,0,cies,9,9,pr
SMedMarF,2,0,0,cies,9,9,pr
SaltMar,253,0,0,cies,9,9,pr
Shrub,772,0,0,cies,9,9,pr
TempDecF,261,0,0,cies,9,9,pr
WaterSurf,95,0,0,cies,9,9,pr
ArtSurf,329,0,0,cies,9,10,pr
AtlScrub,5686,0,0,cies,9,10,pr
BareArea,3742,0,0,cies,9,10,pr
Crop,3,0,0,cies,9,10,pr
DuneSand,232,0,0,cies,9,10,pr
Grass,1926,0,0,cies,9,10,pr
HydroRipVeg,100,0,0,cies,9,10,pr
MedSclF,18,0,0,cies,9,10,pr
Reforestation,2902,0,0,cies,9,10,pr
RipF,133,0,0,cies,9,10,pr
RockScreeVeg,28,0,0,cies,9,10,pr
SMedMarF,2,0,0,cies,9,10,pr
SaltMar,253,0,0,cies,9,10,pr
Shrub,772,0,0,cies,9,10,pr
TempDecF,261,0,0,cies,9,10,pr
WaterSurf,95,0,0,cies,9,10,pr
ArtSurf,329,0,0,cies,9,11,pr
AtlScrub,5686,0,0,cies,9,11,pr
BareArea,3742,0,0,cies,9,11,pr
Crop,3,0,0,cies,9,11,pr
DuneSand,232,0,0,cies,9,11,pr
Grass,1926,0,0,cies,9,11,pr
HydroRipVeg,100,0,0,cies,9,11,pr
MedSclF,18,0,0,cies,9,11,pr
Reforestation,2902,0,0,cies,9,11,pr
RipF,133,0,0,cies,9,11,pr
RockScreeVeg,28,0,0,cies,9,11,pr
SMedMarF,2,0,0,cies,9,11,pr
SaltMar,253,0,0,cies,9,11,pr
Shrub,772,0,0,cies,9,11,pr
TempDecF,261,0,0,cies,9,11,pr
WaterSurf,95,0,0,cies,9,11,pr
ArtSurf,329,0,0,cies,9,12,pr
AtlScrub,5686,0,0,cies,9,12,pr
BareArea,3742,0,0,cies,9,12,pr
Crop,3,0,0,cies,9,12,pr
DuneSand,232,0,0,cies,9,12,pr
Grass,1926,0,0,cies,9,12,pr
HydroRipVeg,100,0,0,cies,9,12,pr
MedSclF,18,0,0,cies,9,12,pr
Reforestation,2902,0,0,cies,9,12,pr
RipF,133,0,0,cies,9,12,pr
RockScreeVeg,28,0,0,cies,9,12,pr
SMedMarF,2,0,0,cies,9,12,pr
SaltMar,253,0,0,cies,9,12,pr
Shrub,772,0,0,cies,9,12,pr
TempDecF,261,0,0,cies,9,12,pr
WaterSurf,95,0,0,cies,9,12,pr
ArtSurf,329,0,0,cies,12,1,pr
AtlScrub,5686,0,0,cies,12,1,pr
BareArea,3742,0,0,cies,12,1,pr
Crop,3,0,0,cies,12,1,pr
DuneSand,232,0,0,cies,12,1,pr
Grass,1926,0,0,cies,12,1,pr
HydroRipVeg,100,0,0,cies,12,1,pr
MedSclF,18,0,0,cies,12,1,pr
Reforestation,2902,0,0,cies,12,1,pr
RipF,133,0,0,cies,12,1,pr
RockScreeVeg,28,0,0,cies,12,1,pr
SMedMarF,2,0,0,cies,12,1,pr
SaltMar,253,0,0,cies,12,1,pr
Shrub,772,0,0,cies,12,1,pr
TempDecF,261,0,0,cies,12,1,pr
WaterSurf,95,0,0,cies,12,1,pr
ArtSurf,329,0,0,cies,12,2,pr
AtlScrub,5686,0,0,cies,12,2,pr
BareArea,3742,0,0,cies,12,2,pr
Crop,3,0,0,cies,12,2,pr
DuneSand,232,0,0,cies,12,2,pr
Grass,1926,0,0,cies,12,2,pr
HydroRipVeg,100,0,0,cies,12,2,pr
MedSclF,18,0,0,cies,12,2,pr
Reforestation,2902,0,0,cies,12,2,pr
RipF,133,0,0,cies,12,2,pr
RockScreeVeg,28,0,0,cies,12,2,pr
SMedMarF,2,0,0,cies,12,2,pr
SaltMar,253,0,0,cies,12,2,pr
Shrub,772,0,0,cies,12,2,pr
TempDecF,261,0,0,cies,12,2,pr
WaterSurf,95,0,0,cies,12,2,pr
ArtSurf,329,0,0,cies,12,3,pr
AtlScrub,5686,0,0,cies,12,3,pr
BareArea,3742,0,0,cies,12,3,pr
Crop,3,0,0,cies,12,3,pr
DuneSand,232,0,0,cies,12,3,pr
Grass,1926,0,0,cies,12,3,pr
HydroRipVeg,100,0,0,cies,12,3,pr
MedSclF,18,0,0,cies,12,3,pr
Reforestation,2902,0,0,cies,12,3,pr
RipF,133,0,0,cies,12,3,pr
RockScreeVeg,28,0,0,cies,12,3,pr
SMedMarF,2,0,0,cies,12,3,pr
SaltMar,253,0,0,cies,12,3,pr
Shrub,772,0,0,cies,12,3,pr
TempDecF,261,0,0,cies,12,3,pr
WaterSurf,95,0,0,cies,12,3,pr
ArtSurf,329,0,0,cies,12,4,pr
AtlScrub,5686,0,0,cies,12,4,pr
BareArea,3742,0,0,cies,12,4,pr
Crop,3,0,0,cies,12,4,pr
DuneSand,232,0,0,cies,12,4,pr
Grass,1926,0,0,cies,12,4,pr
HydroRipVeg,100,0,0,cies,12,4,pr
MedSclF,18,0,0,cies,12,4,pr
Reforestation,2902,0,0,cies,12,4,pr
RipF,133,0,0,cies,12,4,pr
RockScreeVeg,28,0,0,cies,12,4,pr
SMedMarF,2,0,0,cies,12,4,pr
SaltMar,253,0,0,cies,12,4,pr
Shrub,772,0,0,cies,12,4,pr
TempDecF,261,0,0,cies,12,4,pr
WaterSurf,95,0,0,cies,12,4,pr
ArtSurf,329,0,0,cies,12,5,pr
AtlScrub,5686,0,0,cies,12,5,pr
BareArea,3742,0,0,cies,12,5,pr
Crop,3,0,0,cies,12,5,pr
DuneSand,232,0,0,cies,12,5,pr
Grass,1926,0,0,cies,12,5,pr
HydroRipVeg,100,0,0,cies,12,5,pr
MedSclF,18,0,0,cies,12,5,pr
Reforestation,2902,0,0,cies,12,5,pr
RipF,133,0,0,cies,12,5,pr
RockScreeVeg,28,0,0,cies,12,5,pr
SMedMarF,2,0,0,cies,12,5,pr
SaltMar,253,0,0,cies,12,5,pr
Shrub,772,0,0,cies,12,5,pr
TempDecF,261,0,0,cies,12,5,pr
WaterSurf,95,0,0,cies,12,5,pr
ArtSurf,329,0,0,cies,12,6,pr
AtlScrub,5686,0,0,cies,12,6,pr
BareArea,3742,0,0,cies,12,6,pr
Crop,3,0,0,cies,12,6,pr
DuneSand,232,0,0,cies,12,6,pr
Grass,1926,0,0,cies,12,6,pr
HydroRipVeg,100,0,0,cies,12,6,pr
MedSclF,18,0,0,cies,12,6,pr
Reforestation,2902,0,0,cies,12,6,pr
RipF,133,0,0,cies,12,6,pr
RockScreeVeg,28,0,0,cies,12,6,pr
SMedMarF,2,0,0,cies,12,6,pr
SaltMar,253,0,0,cies,12,6,pr
Shrub,772,0,0,cies,12,6,pr
TempDecF,261,0,0,cies,12,6,pr
WaterSurf,95,0,0,cies,12,6,pr
ArtSurf,329,0,0,cies,12,7,pr
AtlScrub,5686,0,0,cies,12,7,pr
BareArea,3742,0,0,cies,12,7,pr
Crop,3,0,0,cies,12,7,pr
DuneSand,232,0,0,cies,12,7,pr
Grass,1926,0,0,cies,12,7,pr
HydroRipVeg,100,0,0,cies,12,7,pr
MedSclF,18,0,0,cies,12,7,pr
Reforestation,2902,0,0,cies,12,7,pr
RipF,133,0,0,cies,12,7,pr
RockScreeVeg,28,0,0,cies,12,7,pr
SMedMarF,2,0,0,cies,12,7,pr
SaltMar,253,0,0,cies,12,7,pr
Shrub,772,0,0,cies,12,7,pr
TempDecF,261,0,0,cies,12,7,pr
WaterSurf,95,0,0,cies,12,7,pr
ArtSurf,329,0,0,cies,12,8,pr
AtlScrub,5686,0,0,cies,12,8,pr
BareArea,3742,0,0,cies,12,8,pr
Crop,3,0,0,cies,12,8,pr
DuneSand,232,0,0,cies,12,8,pr
Grass,1926,0,0,cies,12,8,pr
HydroRipVeg,100,0,0,cies,12,8,pr
MedSclF,18,0,0,cies,12,8,pr
Reforestation,2902,0,0,cies,12,8,pr
RipF,133,0,0,cies,12,8,pr
RockScreeVeg,28,0,0,cies,12,8,pr
SMedMarF,2,0,0,cies,12,8,pr
SaltMar,253,0,0,cies,12,8,pr
Shrub,772,0,0,cies,12,8,pr
TempDecF,261,0,0,cies,12,8,pr
WaterSurf,95,0,0,cies,12,8,pr
ArtSurf,329,0,0,cies,12,9,pr
AtlScrub,5686,0,0,cies,12,9,pr
BareArea,3742,0,0,cies,12,9,pr
Crop,3,0,0,cies,12,9,pr
DuneSand,232,0,0,cies,12,9,pr
Grass,1926,0,0,cies,12,9,pr
HydroRipVeg,100,0,0,cies,12,9,pr
MedSclF,18,0,0,cies,12,9,pr
Reforestation,2902,0,0,cies,12,9,pr
RipF,133,0,0,cies,12,9,pr
RockScreeVeg,28,0,0,cies,12,9,pr
SMedMarF,2,0,0,cies,12,9,pr
SaltMar,253,0,0,cies,12,9,pr
Shrub,772,0,0,cies,12,9,pr
TempDecF,261,0,0,cies,12,9,pr
WaterSurf,95,0,0,cies,12,9,pr
ArtSurf,329,78,23.71,cies,12,10,pr
AtlScrub,5686,1193,20.98,cies,12,10,pr
BareArea,3742,177,4.73,cies,12,10,pr
Crop,3,1,33.33,cies,12,10,pr
DuneSand,232,0,0,cies,12,10,pr
Grass,1926,297,15.42,cies,12,10,pr
HydroRipVeg,100,0,0,cies,12,10,pr
MedSclF,18,0,0,cies,12,10,pr
Reforestation,2902,924,31.84,cies,12,10,pr
RipF,133,52,39.1,cies,12,10,pr
RockScreeVeg,28,1,3.57,cies,12,10,pr
SMedMarF,2,0,0,cies,12,10,pr
SaltMar,253,12,4.74,cies,12,10,pr
Shrub,772,94,12.18,cies,12,10,pr
TempDecF,261,0,0,cies,12,10,pr
WaterSurf,95,1,1.05,cies,12,10,pr
ArtSurf,329,0,0,cies,12,11,pr
AtlScrub,5686,0,0,cies,12,11,pr
BareArea,3742,0,0,cies,12,11,pr
Crop,3,0,0,cies,12,11,pr
DuneSand,232,0,0,cies,12,11,pr
Grass,1926,0,0,cies,12,11,pr
HydroRipVeg,100,0,0,cies,12,11,pr
MedSclF,18,0,0,cies,12,11,pr
Reforestation,2902,0,0,cies,12,11,pr
RipF,133,0,0,cies,12,11,pr
RockScreeVeg,28,0,0,cies,12,11,pr
SMedMarF,2,0,0,cies,12,11,pr
SaltMar,253,0,0,cies,12,11,pr
Shrub,772,0,0,cies,12,11,pr
TempDecF,261,0,0,cies,12,11,pr
WaterSurf,95,0,0,cies,12,11,pr
ArtSurf,329,0,0,cies,12,12,pr
AtlScrub,5686,0,0,cies,12,12,pr
BareArea,3742,0,0,cies,12,12,pr
Crop,3,0,0,cies,12,12,pr
DuneSand,232,0,0,cies,12,12,pr
Grass,1926,0,0,cies,12,12,pr
HydroRipVeg,100,0,0,cies,12,12,pr
MedSclF,18,0,0,cies,12,12,pr
Reforestation,2902,0,0,cies,12,12,pr
RipF,133,0,0,cies,12,12,pr
RockScreeVeg,28,0,0,cies,12,12,pr
SMedMarF,2,0,0,cies,12,12,pr
SaltMar,253,0,0,cies,12,12,pr
Shrub,772,0,0,cies,12,12,pr
TempDecF,261,0,0,cies,12,12,pr
WaterSurf,95,0,0,cies,12,12,pr
ArtSurf,2849,0,0,monfrague,1,1,pr
Crop,1332,0,0,monfrague,1,1,pr
Dehesa,17271,0,0,monfrague,1,1,pr
Grass,5942,0,0,monfrague,1,1,pr
HydroRipVeg,2264,34,1.5,monfrague,1,1,pr
MedSclF,34504,0,0,monfrague,1,1,pr
MedScrub,121317,0,0,monfrague,1,1,pr
Reforestation,22719,0,0,monfrague,1,1,pr
RipF,1179,0,0,monfrague,1,1,pr
RockScreeVeg,16028,0,0,monfrague,1,1,pr
SMedMarF,6002,0,0,monfrague,1,1,pr
Shrub,13653,0,0,monfrague,1,1,pr
WaterSurf,15572,487,3.13,monfrague,1,1,pr
ArtSurf,2849,0,0,monfrague,1,2,pr
Crop,1332,0,0,monfrague,1,2,pr
Dehesa,17271,0,0,monfrague,1,2,pr
Grass,5942,0,0,monfrague,1,2,pr
HydroRipVeg,2264,0,0,monfrague,1,2,pr
MedSclF,34504,0,0,monfrague,1,2,pr
MedScrub,121317,0,0,monfrague,1,2,pr
Reforestation,22719,0,0,monfrague,1,2,pr
RipF,1179,0,0,monfrague,1,2,pr
RockScreeVeg,16028,0,0,monfrague,1,2,pr
SMedMarF,6002,0,0,monfrague,1,2,pr
Shrub,13653,0,0,monfrague,1,2,pr
WaterSurf,15572,0,0,monfrague,1,2,pr
ArtSurf,2849,0,0,monfrague,1,3,pr
Crop,1332,0,0,monfrague,1,3,pr
Dehesa,17271,0,0,monfrague,1,3,pr
Grass,5942,0,0,monfrague,1,3,pr
HydroRipVeg,2264,0,0,monfrague,1,3,pr
MedSclF,34504,0,0,monfrague,1,3,pr
MedScrub,121317,0,0,monfrague,1,3,pr
Reforestation,22719,0,0,monfrague,1,3,pr
RipF,1179,0,0,monfrague,1,3,pr
RockScreeVeg,16028,0,0,monfrague,1,3,pr
SMedMarF,6002,0,0,monfrague,1,3,pr
Shrub,13653,0,0,monfrague,1,3,pr
WaterSurf,15572,3,0.02,monfrague,1,3,pr
ArtSurf,2849,0,0,monfrague,1,4,pr
Crop,1332,0,0,monfrague,1,4,pr
Dehesa,17271,0,0,monfrague,1,4,pr
Grass,5942,0,0,monfrague,1,4,pr
HydroRipVeg,2264,0,0,monfrague,1,4,pr
MedSclF,34504,0,0,monfrague,1,4,pr
MedScrub,121317,0,0,monfrague,1,4,pr
Reforestation,22719,0,0,monfrague,1,4,pr
RipF,1179,0,0,monfrague,1,4,pr
RockScreeVeg,16028,0,0,monfrague,1,4,pr
SMedMarF,6002,0,0,monfrague,1,4,pr
Shrub,13653,0,0,monfrague,1,4,pr
WaterSurf,15572,0,0,monfrague,1,4,pr
ArtSurf,2849,0,0,monfrague,1,5,pr
Crop,1332,0,0,monfrague,1,5,pr
Dehesa,17271,0,0,monfrague,1,5,pr
Grass,5942,0,0,monfrague,1,5,pr
HydroRipVeg,2264,0,0,monfrague,1,5,pr
MedSclF,34504,0,0,monfrague,1,5,pr
MedScrub,121317,0,0,monfrague,1,5,pr
Reforestation,22719,0,0,monfrague,1,5,pr
RipF,1179,0,0,monfrague,1,5,pr
RockScreeVeg,16028,0,0,monfrague,1,5,pr
SMedMarF,6002,0,0,monfrague,1,5,pr
Shrub,13653,0,0,monfrague,1,5,pr
WaterSurf,15572,0,0,monfrague,1,5,pr
ArtSurf,2849,0,0,monfrague,1,6,pr
Crop,1332,0,0,monfrague,1,6,pr
Dehesa,17271,0,0,monfrague,1,6,pr
Grass,5942,0,0,monfrague,1,6,pr
HydroRipVeg,2264,2,0.09,monfrague,1,6,pr
MedSclF,34504,0,0,monfrague,1,6,pr
MedScrub,121317,0,0,monfrague,1,6,pr
Reforestation,22719,1,0,monfrague,1,6,pr
RipF,1179,0,0,monfrague,1,6,pr
RockScreeVeg,16028,3,0.02,monfrague,1,6,pr
SMedMarF,6002,0,0,monfrague,1,6,pr
Shrub,13653,0,0,monfrague,1,6,pr
WaterSurf,15572,0,0,monfrague,1,6,pr
ArtSurf,2849,0,0,monfrague,1,7,pr
Crop,1332,0,0,monfrague,1,7,pr
Dehesa,17271,0,0,monfrague,1,7,pr
Grass,5942,0,0,monfrague,1,7,pr
HydroRipVeg,2264,0,0,monfrague,1,7,pr
MedSclF,34504,0,0,monfrague,1,7,pr
MedScrub,121317,0,0,monfrague,1,7,pr
Reforestation,22719,0,0,monfrague,1,7,pr
RipF,1179,0,0,monfrague,1,7,pr
RockScreeVeg,16028,0,0,monfrague,1,7,pr
SMedMarF,6002,0,0,monfrague,1,7,pr
Shrub,13653,0,0,monfrague,1,7,pr
WaterSurf,15572,1,0.01,monfrague,1,7,pr
ArtSurf,2849,0,0,monfrague,1,8,pr
Crop,1332,0,0,monfrague,1,8,pr
Dehesa,17271,0,0,monfrague,1,8,pr
Grass,5942,0,0,monfrague,1,8,pr
HydroRipVeg,2264,0,0,monfrague,1,8,pr
MedSclF,34504,0,0,monfrague,1,8,pr
MedScrub,121317,0,0,monfrague,1,8,pr
Reforestation,22719,0,0,monfrague,1,8,pr
RipF,1179,0,0,monfrague,1,8,pr
RockScreeVeg,16028,0,0,monfrague,1,8,pr
SMedMarF,6002,0,0,monfrague,1,8,pr
Shrub,13653,0,0,monfrague,1,8,pr
WaterSurf,15572,0,0,monfrague,1,8,pr
ArtSurf,2849,0,0,monfrague,1,9,pr
Crop,1332,0,0,monfrague,1,9,pr
Dehesa,17271,0,0,monfrague,1,9,pr
Grass,5942,0,0,monfrague,1,9,pr
HydroRipVeg,2264,0,0,monfrague,1,9,pr
MedSclF,34504,0,0,monfrague,1,9,pr
MedScrub,121317,0,0,monfrague,1,9,pr
Reforestation,22719,0,0,monfrague,1,9,pr
RipF,1179,0,0,monfrague,1,9,pr
RockScreeVeg,16028,0,0,monfrague,1,9,pr
SMedMarF,6002,0,0,monfrague,1,9,pr
Shrub,13653,0,0,monfrague,1,9,pr
WaterSurf,15572,0,0,monfrague,1,9,pr
ArtSurf,2849,0,0,monfrague,1,10,pr
Crop,1332,0,0,monfrague,1,10,pr
Dehesa,17271,0,0,monfrague,1,10,pr
Grass,5942,0,0,monfrague,1,10,pr
HydroRipVeg,2264,0,0,monfrague,1,10,pr
MedSclF,34504,0,0,monfrague,1,10,pr
MedScrub,121317,0,0,monfrague,1,10,pr
Reforestation,22719,0,0,monfrague,1,10,pr
RipF,1179,0,0,monfrague,1,10,pr
RockScreeVeg,16028,0,0,monfrague,1,10,pr
SMedMarF,6002,0,0,monfrague,1,10,pr
Shrub,13653,0,0,monfrague,1,10,pr
WaterSurf,15572,0,0,monfrague,1,10,pr
ArtSurf,2849,0,0,monfrague,1,11,pr
Crop,1332,0,0,monfrague,1,11,pr
Dehesa,17271,0,0,monfrague,1,11,pr
Grass,5942,0,0,monfrague,1,11,pr
HydroRipVeg,2264,0,0,monfrague,1,11,pr
MedSclF,34504,0,0,monfrague,1,11,pr
MedScrub,121317,0,0,monfrague,1,11,pr
Reforestation,22719,0,0,monfrague,1,11,pr
RipF,1179,0,0,monfrague,1,11,pr
RockScreeVeg,16028,0,0,monfrague,1,11,pr
SMedMarF,6002,0,0,monfrague,1,11,pr
Shrub,13653,0,0,monfrague,1,11,pr
WaterSurf,15572,0,0,monfrague,1,11,pr
ArtSurf,2849,0,0,monfrague,1,12,pr
Crop,1332,0,0,monfrague,1,12,pr
Dehesa,17271,0,0,monfrague,1,12,pr
Grass,5942,0,0,monfrague,1,12,pr
HydroRipVeg,2264,0,0,monfrague,1,12,pr
MedSclF,34504,0,0,monfrague,1,12,pr
MedScrub,121317,0,0,monfrague,1,12,pr
Reforestation,22719,0,0,monfrague,1,12,pr
RipF,1179,0,0,monfrague,1,12,pr
RockScreeVeg,16028,0,0,monfrague,1,12,pr
SMedMarF,6002,0,0,monfrague,1,12,pr
Shrub,13653,0,0,monfrague,1,12,pr
WaterSurf,15572,0,0,monfrague,1,12,pr
ArtSurf,2849,1,0.04,monfrague,3,1,pr
Crop,1332,0,0,monfrague,3,1,pr
Dehesa,17271,2,0.01,monfrague,3,1,pr
Grass,5942,5,0.08,monfrague,3,1,pr
HydroRipVeg,2264,144,6.36,monfrague,3,1,pr
MedSclF,34504,1,0,monfrague,3,1,pr
MedScrub,121317,1,0,monfrague,3,1,pr
Reforestation,22719,1,0,monfrague,3,1,pr
RipF,1179,0,0,monfrague,3,1,pr
RockScreeVeg,16028,0,0,monfrague,3,1,pr
SMedMarF,6002,0,0,monfrague,3,1,pr
Shrub,13653,0,0,monfrague,3,1,pr
WaterSurf,15572,1417,9.1,monfrague,3,1,pr
ArtSurf,2849,1,0.04,monfrague,3,2,pr
Crop,1332,0,0,monfrague,3,2,pr
Dehesa,17271,0,0,monfrague,3,2,pr
Grass,5942,7,0.12,monfrague,3,2,pr
HydroRipVeg,2264,82,3.62,monfrague,3,2,pr
MedSclF,34504,0,0,monfrague,3,2,pr
MedScrub,121317,1,0,monfrague,3,2,pr
Reforestation,22719,0,0,monfrague,3,2,pr
RipF,1179,0,0,monfrague,3,2,pr
RockScreeVeg,16028,0,0,monfrague,3,2,pr
SMedMarF,6002,0,0,monfrague,3,2,pr
Shrub,13653,1,0.01,monfrague,3,2,pr
WaterSurf,15572,1686,10.83,monfrague,3,2,pr
ArtSurf,2849,3,0.11,monfrague,3,3,pr
Crop,1332,0,0,monfrague,3,3,pr
Dehesa,17271,0,0,monfrague,3,3,pr
Grass,5942,6,0.1,monfrague,3,3,pr
HydroRipVeg,2264,151,6.67,monfrague,3,3,pr
MedSclF,34504,0,0,monfrague,3,3,pr
MedScrub,121317,1,0,monfrague,3,3,pr
Reforestation,22719,0,0,monfrague,3,3,pr
RipF,1179,0,0,monfrague,3,3,pr
RockScreeVeg,16028,2,0.01,monfrague,3,3,pr
SMedMarF,6002,0,0,monfrague,3,3,pr
Shrub,13653,0,0,monfrague,3,3,pr
WaterSurf,15572,1470,9.44,monfrague,3,3,pr
ArtSurf,2849,0,0,monfrague,3,4,pr
Crop,1332,0,0,monfrague,3,4,pr
Dehesa,17271,0,0,monfrague,3,4,pr
Grass,5942,0,0,monfrague,3,4,pr
HydroRipVeg,2264,2,0.09,monfrague,3,4,pr
MedSclF,34504,6,0.02,monfrague,3,4,pr
MedScrub,121317,5,0,monfrague,3,4,pr
Reforestation,22719,1,0,monfrague,3,4,pr
RipF,1179,0,0,monfrague,3,4,pr
RockScreeVeg,16028,13,0.08,monfrague,3,4,pr
SMedMarF,6002,0,0,monfrague,3,4,pr
Shrub,13653,2,0.01,monfrague,3,4,pr
WaterSurf,15572,41,0.26,monfrague,3,4,pr
ArtSurf,2849,0,0,monfrague,3,5,pr
Crop,1332,0,0,monfrague,3,5,pr
Dehesa,17271,0,0,monfrague,3,5,pr
Grass,5942,0,0,monfrague,3,5,pr
HydroRipVeg,2264,115,5.08,monfrague,3,5,pr
MedSclF,34504,0,0,monfrague,3,5,pr
MedScrub,121317,0,0,monfrague,3,5,pr
Reforestation,22719,0,0,monfrague,3,5,pr
RipF,1179,0,0,monfrague,3,5,pr
RockScreeVeg,16028,1,0.01,monfrague,3,5,pr
SMedMarF,6002,0,0,monfrague,3,5,pr
Shrub,13653,0,0,monfrague,3,5,pr
WaterSurf,15572,200,1.28,monfrague,3,5,pr
ArtSurf,2849,0,0,monfrague,3,6,pr
Crop,1332,0,0,monfrague,3,6,pr
Dehesa,17271,0,0,monfrague,3,6,pr
Grass,5942,0,0,monfrague,3,6,pr
HydroRipVeg,2264,1,0.04,monfrague,3,6,pr
MedSclF,34504,1,0,monfrague,3,6,pr
MedScrub,121317,0,0,monfrague,3,6,pr
Reforestation,22719,0,0,monfrague,3,6,pr
RipF,1179,0,0,monfrague,3,6,pr
RockScreeVeg,16028,5,0.03,monfrague,3,6,pr
SMedMarF,6002,0,0,monfrague,3,6,pr
Shrub,13653,0,0,monfrague,3,6,pr
WaterSurf,15572,24,0.15,monfrague,3,6,pr
ArtSurf,2849,0,0,monfrague,3,7,pr
Crop,1332,0,0,monfrague,3,7,pr
Dehesa,17271,0,0,monfrague,3,7,pr
Grass,5942,0,0,monfrague,3,7,pr
HydroRipVeg,2264,0,0,monfrague,3,7,pr
MedSclF,34504,0,0,monfrague,3,7,pr
MedScrub,121317,0,0,monfrague,3,7,pr
Reforestation,22719,0,0,monfrague,3,7,pr
RipF,1179,0,0,monfrague,3,7,pr
RockScreeVeg,16028,2,0.01,monfrague,3,7,pr
SMedMarF,6002,0,0,monfrague,3,7,pr
Shrub,13653,0,0,monfrague,3,7,pr
WaterSurf,15572,26,0.17,monfrague,3,7,pr
ArtSurf,2849,0,0,monfrague,3,8,pr
Crop,1332,0,0,monfrague,3,8,pr
Dehesa,17271,0,0,monfrague,3,8,pr
Grass,5942,0,0,monfrague,3,8,pr
HydroRipVeg,2264,0,0,monfrague,3,8,pr
MedSclF,34504,0,0,monfrague,3,8,pr
MedScrub,121317,0,0,monfrague,3,8,pr
Reforestation,22719,0,0,monfrague,3,8,pr
RipF,1179,0,0,monfrague,3,8,pr
RockScreeVeg,16028,0,0,monfrague,3,8,pr
SMedMarF,6002,0,0,monfrague,3,8,pr
Shrub,13653,0,0,monfrague,3,8,pr
WaterSurf,15572,0,0,monfrague,3,8,pr
ArtSurf,2849,0,0,monfrague,3,9,pr
Crop,1332,0,0,monfrague,3,9,pr
Dehesa,17271,0,0,monfrague,3,9,pr
Grass,5942,0,0,monfrague,3,9,pr
HydroRipVeg,2264,0,0,monfrague,3,9,pr
MedSclF,34504,0,0,monfrague,3,9,pr
MedScrub,121317,0,0,monfrague,3,9,pr
Reforestation,22719,0,0,monfrague,3,9,pr
RipF,1179,0,0,monfrague,3,9,pr
RockScreeVeg,16028,0,0,monfrague,3,9,pr
SMedMarF,6002,0,0,monfrague,3,9,pr
Shrub,13653,0,0,monfrague,3,9,pr
WaterSurf,15572,0,0,monfrague,3,9,pr
ArtSurf,2849,0,0,monfrague,3,10,pr
Crop,1332,0,0,monfrague,3,10,pr
Dehesa,17271,0,0,monfrague,3,10,pr
Grass,5942,0,0,monfrague,3,10,pr
HydroRipVeg,2264,0,0,monfrague,3,10,pr
MedSclF,34504,0,0,monfrague,3,10,pr
MedScrub,121317,0,0,monfrague,3,10,pr
Reforestation,22719,0,0,monfrague,3,10,pr
RipF,1179,0,0,monfrague,3,10,pr
RockScreeVeg,16028,0,0,monfrague,3,10,pr
SMedMarF,6002,0,0,monfrague,3,10,pr
Shrub,13653,0,0,monfrague,3,10,pr
WaterSurf,15572,0,0,monfrague,3,10,pr
ArtSurf,2849,0,0,monfrague,3,11,pr
Crop,1332,0,0,monfrague,3,11,pr
Dehesa,17271,0,0,monfrague,3,11,pr
Grass,5942,0,0,monfrague,3,11,pr
HydroRipVeg,2264,0,0,monfrague,3,11,pr
MedSclF,34504,0,0,monfrague,3,11,pr
MedScrub,121317,0,0,monfrague,3,11,pr
Reforestation,22719,0,0,monfrague,3,11,pr
RipF,1179,0,0,monfrague,3,11,pr
RockScreeVeg,16028,0,0,monfrague,3,11,pr
SMedMarF,6002,0,0,monfrague,3,11,pr
Shrub,13653,0,0,monfrague,3,11,pr
WaterSurf,15572,0,0,monfrague,3,11,pr
ArtSurf,2849,0,0,monfrague,3,12,pr
Crop,1332,0,0,monfrague,3,12,pr
Dehesa,17271,0,0,monfrague,3,12,pr
Grass,5942,0,0,monfrague,3,12,pr
HydroRipVeg,2264,0,0,monfrague,3,12,pr
MedSclF,34504,0,0,monfrague,3,12,pr
MedScrub,121317,0,0,monfrague,3,12,pr
Reforestation,22719,0,0,monfrague,3,12,pr
RipF,1179,0,0,monfrague,3,12,pr
RockScreeVeg,16028,0,0,monfrague,3,12,pr
SMedMarF,6002,0,0,monfrague,3,12,pr
Shrub,13653,0,0,monfrague,3,12,pr
WaterSurf,15572,0,0,monfrague,3,12,pr
ArtSurf,2849,2,0.07,monfrague,6,1,pr
Crop,1332,0,0,monfrague,6,1,pr
Dehesa,17271,1,0.01,monfrague,6,1,pr
Grass,5942,6,0.1,monfrague,6,1,pr
HydroRipVeg,2264,193,8.52,monfrague,6,1,pr
MedSclF,34504,0,0,monfrague,6,1,pr
MedScrub,121317,2,0,monfrague,6,1,pr
Reforestation,22719,1,0,monfrague,6,1,pr
RipF,1179,0,0,monfrague,6,1,pr
RockScreeVeg,16028,0,0,monfrague,6,1,pr
SMedMarF,6002,0,0,monfrague,6,1,pr
Shrub,13653,0,0,monfrague,6,1,pr
WaterSurf,15572,1732,11.12,monfrague,6,1,pr
ArtSurf,2849,4,0.14,monfrague,6,2,pr
Crop,1332,0,0,monfrague,6,2,pr
Dehesa,17271,0,0,monfrague,6,2,pr
Grass,5942,24,0.4,monfrague,6,2,pr
HydroRipVeg,2264,345,15.24,monfrague,6,2,pr
MedSclF,34504,3,0.01,monfrague,6,2,pr
MedScrub,121317,2,0,monfrague,6,2,pr
Reforestation,22719,0,0,monfrague,6,2,pr
RipF,1179,0,0,monfrague,6,2,pr
RockScreeVeg,16028,0,0,monfrague,6,2,pr
SMedMarF,6002,0,0,monfrague,6,2,pr
Shrub,13653,2,0.01,monfrague,6,2,pr
WaterSurf,15572,6968,44.75,monfrague,6,2,pr
ArtSurf,2849,3,0.11,monfrague,6,3,pr
Crop,1332,0,0,monfrague,6,3,pr
Dehesa,17271,0,0,monfrague,6,3,pr
Grass,5942,1,0.02,monfrague,6,3,pr
HydroRipVeg,2264,224,9.89,monfrague,6,3,pr
MedSclF,34504,5,0.01,monfrague,6,3,pr
MedScrub,121317,0,0,monfrague,6,3,pr
Reforestation,22719,0,0,monfrague,6,3,pr
RipF,1179,0,0,monfrague,6,3,pr
RockScreeVeg,16028,1,0.01,monfrague,6,3,pr
SMedMarF,6002,0,0,monfrague,6,3,pr
Shrub,13653,0,0,monfrague,6,3,pr
WaterSurf,15572,3261,20.94,monfrague,6,3,pr
ArtSurf,2849,0,0,monfrague,6,4,pr
Crop,1332,0,0,monfrague,6,4,pr
Dehesa,17271,0,0,monfrague,6,4,pr
Grass,5942,0,0,monfrague,6,4,pr
HydroRipVeg,2264,20,0.88,monfrague,6,4,pr
MedSclF,34504,0,0,monfrague,6,4,pr
MedScrub,121317,2,0,monfrague,6,4,pr
Reforestation,22719,0,0,monfrague,6,4,pr
RipF,1179,0,0,monfrague,6,4,pr
RockScreeVeg,16028,4,0.02,monfrague,6,4,pr
SMedMarF,6002,0,0,monfrague,6,4,pr
Shrub,13653,0,0,monfrague,6,4,pr
WaterSurf,15572,43,0.28,monfrague,6,4,pr
ArtSurf,2849,0,0,monfrague,6,5,pr
Crop,1332,0,0,monfrague,6,5,pr
Dehesa,17271,0,0,monfrague,6,5,pr
Grass,5942,0,0,monfrague,6,5,pr
HydroRipVeg,2264,19,0.84,monfrague,6,5,pr
MedSclF,34504,0,0,monfrague,6,5,pr
MedScrub,121317,1,0,monfrague,6,5,pr
Reforestation,22719,0,0,monfrague,6,5,pr
RipF,1179,0,0,monfrague,6,5,pr
RockScreeVeg,16028,0,0,monfrague,6,5,pr
SMedMarF,6002,0,0,monfrague,6,5,pr
Shrub,13653,0,0,monfrague,6,5,pr
WaterSurf,15572,2,0.01,monfrague,6,5,pr
ArtSurf,2849,1,0.04,monfrague,6,6,pr
Crop,1332,0,0,monfrague,6,6,pr
Dehesa,17271,0,0,monfrague,6,6,pr
Grass,5942,0,0,monfrague,6,6,pr
HydroRipVeg,2264,26,1.15,monfrague,6,6,pr
MedSclF,34504,0,0,monfrague,6,6,pr
MedScrub,121317,0,0,monfrague,6,6,pr
Reforestation,22719,0,0,monfrague,6,6,pr
RipF,1179,0,0,monfrague,6,6,pr
RockScreeVeg,16028,0,0,monfrague,6,6,pr
SMedMarF,6002,0,0,monfrague,6,6,pr
Shrub,13653,0,0,monfrague,6,6,pr
WaterSurf,15572,13,0.08,monfrague,6,6,pr
ArtSurf,2849,0,0,monfrague,6,7,pr
Crop,1332,0,0,monfrague,6,7,pr
Dehesa,17271,0,0,monfrague,6,7,pr
Grass,5942,0,0,monfrague,6,7,pr
HydroRipVeg,2264,60,2.65,monfrague,6,7,pr
MedSclF,34504,0,0,monfrague,6,7,pr
MedScrub,121317,0,0,monfrague,6,7,pr
Reforestation,22719,0,0,monfrague,6,7,pr
RipF,1179,0,0,monfrague,6,7,pr
RockScreeVeg,16028,0,0,monfrague,6,7,pr
SMedMarF,6002,0,0,monfrague,6,7,pr
Shrub,13653,0,0,monfrague,6,7,pr
WaterSurf,15572,166,1.07,monfrague,6,7,pr
ArtSurf,2849,0,0,monfrague,6,8,pr
Crop,1332,0,0,monfrague,6,8,pr
Dehesa,17271,0,0,monfrague,6,8,pr
Grass,5942,0,0,monfrague,6,8,pr
HydroRipVeg,2264,19,0.84,monfrague,6,8,pr
MedSclF,34504,0,0,monfrague,6,8,pr
MedScrub,121317,0,0,monfrague,6,8,pr
Reforestation,22719,0,0,monfrague,6,8,pr
RipF,1179,0,0,monfrague,6,8,pr
RockScreeVeg,16028,0,0,monfrague,6,8,pr
SMedMarF,6002,0,0,monfrague,6,8,pr
Shrub,13653,0,0,monfrague,6,8,pr
WaterSurf,15572,4,0.03,monfrague,6,8,pr
ArtSurf,2849,0,0,monfrague,6,9,pr
Crop,1332,0,0,monfrague,6,9,pr
Dehesa,17271,0,0,monfrague,6,9,pr
Grass,5942,0,0,monfrague,6,9,pr
HydroRipVeg,2264,0,0,monfrague,6,9,pr
MedSclF,34504,0,0,monfrague,6,9,pr
MedScrub,121317,0,0,monfrague,6,9,pr
Reforestation,22719,0,0,monfrague,6,9,pr
RipF,1179,0,0,monfrague,6,9,pr
RockScreeVeg,16028,0,0,monfrague,6,9,pr
SMedMarF,6002,0,0,monfrague,6,9,pr
Shrub,13653,0,0,monfrague,6,9,pr
WaterSurf,15572,0,0,monfrague,6,9,pr
ArtSurf,2849,0,0,monfrague,6,10,pr
Crop,1332,0,0,monfrague,6,10,pr
Dehesa,17271,0,0,monfrague,6,10,pr
Grass,5942,0,0,monfrague,6,10,pr
HydroRipVeg,2264,0,0,monfrague,6,10,pr
MedSclF,34504,0,0,monfrague,6,10,pr
MedScrub,121317,0,0,monfrague,6,10,pr
Reforestation,22719,0,0,monfrague,6,10,pr
RipF,1179,0,0,monfrague,6,10,pr
RockScreeVeg,16028,0,0,monfrague,6,10,pr
SMedMarF,6002,0,0,monfrague,6,10,pr
Shrub,13653,0,0,monfrague,6,10,pr
WaterSurf,15572,0,0,monfrague,6,10,pr
ArtSurf,2849,0,0,monfrague,6,11,pr
Crop,1332,0,0,monfrague,6,11,pr
Dehesa,17271,0,0,monfrague,6,11,pr
Grass,5942,0,0,monfrague,6,11,pr
HydroRipVeg,2264,0,0,monfrague,6,11,pr
MedSclF,34504,0,0,monfrague,6,11,pr
MedScrub,121317,0,0,monfrague,6,11,pr
Reforestation,22719,0,0,monfrague,6,11,pr
RipF,1179,0,0,monfrague,6,11,pr
RockScreeVeg,16028,0,0,monfrague,6,11,pr
SMedMarF,6002,0,0,monfrague,6,11,pr
Shrub,13653,0,0,monfrague,6,11,pr
WaterSurf,15572,0,0,monfrague,6,11,pr
ArtSurf,2849,0,0,monfrague,6,12,pr
Crop,1332,0,0,monfrague,6,12,pr
Dehesa,17271,0,0,monfrague,6,12,pr
Grass,5942,0,0,monfrague,6,12,pr
HydroRipVeg,2264,0,0,monfrague,6,12,pr
MedSclF,34504,0,0,monfrague,6,12,pr
MedScrub,121317,0,0,monfrague,6,12,pr
Reforestation,22719,0,0,monfrague,6,12,pr
RipF,1179,0,0,monfrague,6,12,pr
RockScreeVeg,16028,0,0,monfrague,6,12,pr
SMedMarF,6002,0,0,monfrague,6,12,pr
Shrub,13653,0,0,monfrague,6,12,pr
WaterSurf,15572,0,0,monfrague,6,12,pr
ArtSurf,2849,0,0,monfrague,9,1,pr
Crop,1332,0,0,monfrague,9,1,pr
Dehesa,17271,0,0,monfrague,9,1,pr
Grass,5942,0,0,monfrague,9,1,pr
HydroRipVeg,2264,24,1.06,monfrague,9,1,pr
MedSclF,34504,0,0,monfrague,9,1,pr
MedScrub,121317,0,0,monfrague,9,1,pr
Reforestation,22719,1,0,monfrague,9,1,pr
RipF,1179,0,0,monfrague,9,1,pr
RockScreeVeg,16028,0,0,monfrague,9,1,pr
SMedMarF,6002,0,0,monfrague,9,1,pr
Shrub,13653,0,0,monfrague,9,1,pr
WaterSurf,15572,157,1.01,monfrague,9,1,pr
ArtSurf,2849,2,0.07,monfrague,9,2,pr
Crop,1332,0,0,monfrague,9,2,pr
Dehesa,17271,0,0,monfrague,9,2,pr
Grass,5942,22,0.37,monfrague,9,2,pr
HydroRipVeg,2264,322,14.22,monfrague,9,2,pr
MedSclF,34504,3,0.01,monfrague,9,2,pr
MedScrub,121317,1,0,monfrague,9,2,pr
Reforestation,22719,0,0,monfrague,9,2,pr
RipF,1179,0,0,monfrague,9,2,pr
RockScreeVeg,16028,0,0,monfrague,9,2,pr
SMedMarF,6002,0,0,monfrague,9,2,pr
Shrub,13653,1,0.01,monfrague,9,2,pr
WaterSurf,15572,5765,37.02,monfrague,9,2,pr
ArtSurf,2849,2,0.07,monfrague,9,3,pr
Crop,1332,0,0,monfrague,9,3,pr
Dehesa,17271,0,0,monfrague,9,3,pr
Grass,5942,0,0,monfrague,9,3,pr
HydroRipVeg,2264,173,7.64,monfrague,9,3,pr
MedSclF,34504,4,0.01,monfrague,9,3,pr
MedScrub,121317,0,0,monfrague,9,3,pr
Reforestation,22719,0,0,monfrague,9,3,pr
RipF,1179,0,0,monfrague,9,3,pr
RockScreeVeg,16028,1,0.01,monfrague,9,3,pr
SMedMarF,6002,0,0,monfrague,9,3,pr
Shrub,13653,1,0.01,monfrague,9,3,pr
WaterSurf,15572,2351,15.1,monfrague,9,3,pr
ArtSurf,2849,0,0,monfrague,9,4,pr
Crop,1332,0,0,monfrague,9,4,pr
Dehesa,17271,0,0,monfrague,9,4,pr
Grass,5942,0,0,monfrague,9,4,pr
HydroRipVeg,2264,26,1.15,monfrague,9,4,pr
MedSclF,34504,0,0,monfrague,9,4,pr
MedScrub,121317,0,0,monfrague,9,4,pr
Reforestation,22719,0,0,monfrague,9,4,pr
RipF,1179,0,0,monfrague,9,4,pr
RockScreeVeg,16028,3,0.02,monfrague,9,4,pr
SMedMarF,6002,0,0,monfrague,9,4,pr
Shrub,13653,0,0,monfrague,9,4,pr
WaterSurf,15572,34,0.22,monfrague,9,4,pr
ArtSurf,2849,0,0,monfrague,9,5,pr
Crop,1332,0,0,monfrague,9,5,pr
Dehesa,17271,0,0,monfrague,9,5,pr
Grass,5942,0,0,monfrague,9,5,pr
HydroRipVeg,2264,49,2.16,monfrague,9,5,pr
MedSclF,34504,0,0,monfrague,9,5,pr
MedScrub,121317,0,0,monfrague,9,5,pr
Reforestation,22719,0,0,monfrague,9,5,pr
RipF,1179,0,0,monfrague,9,5,pr
RockScreeVeg,16028,1,0.01,monfrague,9,5,pr
SMedMarF,6002,0,0,monfrague,9,5,pr
Shrub,13653,0,0,monfrague,9,5,pr
WaterSurf,15572,9,0.06,monfrague,9,5,pr
ArtSurf,2849,0,0,monfrague,9,6,pr
Crop,1332,0,0,monfrague,9,6,pr
Dehesa,17271,0,0,monfrague,9,6,pr
Grass,5942,0,0,monfrague,9,6,pr
HydroRipVeg,2264,27,1.19,monfrague,9,6,pr
MedSclF,34504,0,0,monfrague,9,6,pr
MedScrub,121317,0,0,monfrague,9,6,pr
Reforestation,22719,0,0,monfrague,9,6,pr
RipF,1179,0,0,monfrague,9,6,pr
RockScreeVeg,16028,0,0,monfrague,9,6,pr
SMedMarF,6002,0,0,monfrague,9,6,pr
Shrub,13653,0,0,monfrague,9,6,pr
WaterSurf,15572,1,0.01,monfrague,9,6,pr
ArtSurf,2849,0,0,monfrague,9,7,pr
Crop,1332,0,0,monfrague,9,7,pr
Dehesa,17271,0,0,monfrague,9,7,pr
Grass,5942,3,0.05,monfrague,9,7,pr
HydroRipVeg,2264,50,2.21,monfrague,9,7,pr
MedSclF,34504,0,0,monfrague,9,7,pr
MedScrub,121317,0,0,monfrague,9,7,pr
Reforestation,22719,0,0,monfrague,9,7,pr
RipF,1179,0,0,monfrague,9,7,pr
RockScreeVeg,16028,0,0,monfrague,9,7,pr
SMedMarF,6002,0,0,monfrague,9,7,pr
Shrub,13653,0,0,monfrague,9,7,pr
WaterSurf,15572,167,1.07,monfrague,9,7,pr
ArtSurf,2849,0,0,monfrague,9,8,pr
Crop,1332,0,0,monfrague,9,8,pr
Dehesa,17271,0,0,monfrague,9,8,pr
Grass,5942,3,0.05,monfrague,9,8,pr
HydroRipVeg,2264,29,1.28,monfrague,9,8,pr
MedSclF,34504,0,0,monfrague,9,8,pr
MedScrub,121317,0,0,monfrague,9,8,pr
Reforestation,22719,0,0,monfrague,9,8,pr
RipF,1179,0,0,monfrague,9,8,pr
RockScreeVeg,16028,0,0,monfrague,9,8,pr
SMedMarF,6002,0,0,monfrague,9,8,pr
Shrub,13653,0,0,monfrague,9,8,pr
WaterSurf,15572,21,0.13,monfrague,9,8,pr
ArtSurf,2849,1,0.04,monfrague,9,9,pr
Crop,1332,0,0,monfrague,9,9,pr
Dehesa,17271,0,0,monfrague,9,9,pr
Grass,5942,0,0,monfrague,9,9,pr
HydroRipVeg,2264,77,3.4,monfrague,9,9,pr
MedSclF,34504,0,0,monfrague,9,9,pr
MedScrub,121317,0,0,monfrague,9,9,pr
Reforestation,22719,0,0,monfrague,9,9,pr
RipF,1179,0,0,monfrague,9,9,pr
RockScreeVeg,16028,0,0,monfrague,9,9,pr
SMedMarF,6002,0,0,monfrague,9,9,pr
Shrub,13653,0,0,monfrague,9,9,pr
WaterSurf,15572,43,0.28,monfrague,9,9,pr
ArtSurf,2849,0,0,monfrague,9,10,pr
Crop,1332,0,0,monfrague,9,10,pr
Dehesa,17271,0,0,monfrague,9,10,pr
Grass,5942,0,0,monfrague,9,10,pr
HydroRipVeg,2264,10,0.44,monfrague,9,10,pr
MedSclF,34504,0,0,monfrague,9,10,pr
MedScrub,121317,0,0,monfrague,9,10,pr
Reforestation,22719,0,0,monfrague,9,10,pr
RipF,1179,0,0,monfrague,9,10,pr
RockScreeVeg,16028,2,0.01,monfrague,9,10,pr
SMedMarF,6002,0,0,monfrague,9,10,pr
Shrub,13653,0,0,monfrague,9,10,pr
WaterSurf,15572,44,0.28,monfrague,9,10,pr
ArtSurf,2849,0,0,monfrague,9,11,pr
Crop,1332,0,0,monfrague,9,11,pr
Dehesa,17271,0,0,monfrague,9,11,pr
Grass,5942,0,0,monfrague,9,11,pr
HydroRipVeg,2264,0,0,monfrague,9,11,pr
MedSclF,34504,0,0,monfrague,9,11,pr
MedScrub,121317,0,0,monfrague,9,11,pr
Reforestation,22719,0,0,monfrague,9,11,pr
RipF,1179,0,0,monfrague,9,11,pr
RockScreeVeg,16028,0,0,monfrague,9,11,pr
SMedMarF,6002,0,0,monfrague,9,11,pr
Shrub,13653,0,0,monfrague,9,11,pr
WaterSurf,15572,0,0,monfrague,9,11,pr
ArtSurf,2849,0,0,monfrague,9,12,pr
Crop,1332,0,0,monfrague,9,12,pr
Dehesa,17271,0,0,monfrague,9,12,pr
Grass,5942,0,0,monfrague,9,12,pr
HydroRipVeg,2264,0,0,monfrague,9,12,pr
MedSclF,34504,0,0,monfrague,9,12,pr
MedScrub,121317,0,0,monfrague,9,12,pr
Reforestation,22719,0,0,monfrague,9,12,pr
RipF,1179,0,0,monfrague,9,12,pr
RockScreeVeg,16028,0,0,monfrague,9,12,pr
SMedMarF,6002,0,0,monfrague,9,12,pr
Shrub,13653,0,0,monfrague,9,12,pr
WaterSurf,15572,0,0,monfrague,9,12,pr
ArtSurf,2849,2,0.07,monfrague,12,1,pr
Crop,1332,0,0,monfrague,12,1,pr
Dehesa,17271,0,0,monfrague,12,1,pr
Grass,5942,5,0.08,monfrague,12,1,pr
HydroRipVeg,2264,121,5.34,monfrague,12,1,pr
MedSclF,34504,0,0,monfrague,12,1,pr
MedScrub,121317,0,0,monfrague,12,1,pr
Reforestation,22719,1,0,monfrague,12,1,pr
RipF,1179,0,0,monfrague,12,1,pr
RockScreeVeg,16028,1,0.01,monfrague,12,1,pr
SMedMarF,6002,0,0,monfrague,12,1,pr
Shrub,13653,0,0,monfrague,12,1,pr
WaterSurf,15572,792,5.09,monfrague,12,1,pr
ArtSurf,2849,9,0.32,monfrague,12,2,pr
Crop,1332,0,0,monfrague,12,2,pr
Dehesa,17271,0,0,monfrague,12,2,pr
Grass,5942,29,0.49,monfrague,12,2,pr
HydroRipVeg,2264,564,24.91,monfrague,12,2,pr
MedSclF,34504,5,0.01,monfrague,12,2,pr
MedScrub,121317,1,0,monfrague,12,2,pr
Reforestation,22719,0,0,monfrague,12,2,pr
RipF,1179,0,0,monfrague,12,2,pr
RockScreeVeg,16028,1,0.01,monfrague,12,2,pr
SMedMarF,6002,0,0,monfrague,12,2,pr
Shrub,13653,1,0.01,monfrague,12,2,pr
WaterSurf,15572,7511,48.23,monfrague,12,2,pr
ArtSurf,2849,3,0.11,monfrague,12,3,pr
Crop,1332,0,0,monfrague,12,3,pr
Dehesa,17271,0,0,monfrague,12,3,pr
Grass,5942,1,0.02,monfrague,12,3,pr
HydroRipVeg,2264,176,7.77,monfrague,12,3,pr
MedSclF,34504,3,0.01,monfrague,12,3,pr
MedScrub,121317,0,0,monfrague,12,3,pr
Reforestation,22719,0,0,monfrague,12,3,pr
RipF,1179,0,0,monfrague,12,3,pr
RockScreeVeg,16028,0,0,monfrague,12,3,pr
SMedMarF,6002,0,0,monfrague,12,3,pr
Shrub,13653,0,0,monfrague,12,3,pr
WaterSurf,15572,2306,14.81,monfrague,12,3,pr
ArtSurf,2849,0,0,monfrague,12,4,pr
Crop,1332,0,0,monfrague,12,4,pr
Dehesa,17271,0,0,monfrague,12,4,pr
Grass,5942,0,0,monfrague,12,4,pr
HydroRipVeg,2264,22,0.97,monfrague,12,4,pr
MedSclF,34504,0,0,monfrague,12,4,pr
MedScrub,121317,0,0,monfrague,12,4,pr
Reforestation,22719,0,0,monfrague,12,4,pr
RipF,1179,0,0,monfrague,12,4,pr
RockScreeVeg,16028,0,0,monfrague,12,4,pr
SMedMarF,6002,0,0,monfrague,12,4,pr
Shrub,13653,0,0,monfrague,12,4,pr
WaterSurf,15572,16,0.1,monfrague,12,4,pr
ArtSurf,2849,0,0,monfrague,12,5,pr
Crop,1332,0,0,monfrague,12,5,pr
Dehesa,17271,0,0,monfrague,12,5,pr
Grass,5942,0,0,monfrague,12,5,pr
HydroRipVeg,2264,50,2.21,monfrague,12,5,pr
MedSclF,34504,0,0,monfrague,12,5,pr
MedScrub,121317,1,0,monfrague,12,5,pr
Reforestation,22719,0,0,monfrague,12,5,pr
RipF,1179,0,0,monfrague,12,5,pr
RockScreeVeg,16028,1,0.01,monfrague,12,5,pr
SMedMarF,6002,0,0,monfrague,12,5,pr
Shrub,13653,0,0,monfrague,12,5,pr
WaterSurf,15572,18,0.12,monfrague,12,5,pr
ArtSurf,2849,0,0,monfrague,12,6,pr
Crop,1332,0,0,monfrague,12,6,pr
Dehesa,17271,0,0,monfrague,12,6,pr
Grass,5942,0,0,monfrague,12,6,pr
HydroRipVeg,2264,24,1.06,monfrague,12,6,pr
MedSclF,34504,0,0,monfrague,12,6,pr
MedScrub,121317,0,0,monfrague,12,6,pr
Reforestation,22719,0,0,monfrague,12,6,pr
RipF,1179,0,0,monfrague,12,6,pr
RockScreeVeg,16028,0,0,monfrague,12,6,pr
SMedMarF,6002,0,0,monfrague,12,6,pr
Shrub,13653,0,0,monfrague,12,6,pr
WaterSurf,15572,3,0.02,monfrague,12,6,pr
ArtSurf,2849,0,0,monfrague,12,7,pr
Crop,1332,0,0,monfrague,12,7,pr
Dehesa,17271,0,0,monfrague,12,7,pr
Grass,5942,8,0.13,monfrague,12,7,pr
HydroRipVeg,2264,72,3.18,monfrague,12,7,pr
MedSclF,34504,0,0,monfrague,12,7,pr
MedScrub,121317,0,0,monfrague,12,7,pr
Reforestation,22719,0,0,monfrague,12,7,pr
RipF,1179,0,0,monfrague,12,7,pr
RockScreeVeg,16028,0,0,monfrague,12,7,pr
SMedMarF,6002,0,0,monfrague,12,7,pr
Shrub,13653,0,0,monfrague,12,7,pr
WaterSurf,15572,172,1.1,monfrague,12,7,pr
ArtSurf,2849,0,0,monfrague,12,8,pr
Crop,1332,0,0,monfrague,12,8,pr
Dehesa,17271,0,0,monfrague,12,8,pr
Grass,5942,13,0.22,monfrague,12,8,pr
HydroRipVeg,2264,60,2.65,monfrague,12,8,pr
MedSclF,34504,0,0,monfrague,12,8,pr
MedScrub,121317,0,0,monfrague,12,8,pr
Reforestation,22719,0,0,monfrague,12,8,pr
RipF,1179,0,0,monfrague,12,8,pr
RockScreeVeg,16028,0,0,monfrague,12,8,pr
SMedMarF,6002,0,0,monfrague,12,8,pr
Shrub,13653,1,0.01,monfrague,12,8,pr
WaterSurf,15572,6,0.04,monfrague,12,8,pr
ArtSurf,2849,0,0,monfrague,12,9,pr
Crop,1332,0,0,monfrague,12,9,pr
Dehesa,17271,0,0,monfrague,12,9,pr
Grass,5942,0,0,monfrague,12,9,pr
HydroRipVeg,2264,67,2.96,monfrague,12,9,pr
MedSclF,34504,0,0,monfrague,12,9,pr
MedScrub,121317,1,0,monfrague,12,9,pr
Reforestation,22719,0,0,monfrague,12,9,pr
RipF,1179,0,0,monfrague,12,9,pr
RockScreeVeg,16028,0,0,monfrague,12,9,pr
SMedMarF,6002,0,0,monfrague,12,9,pr
Shrub,13653,0,0,monfrague,12,9,pr
WaterSurf,15572,60,0.39,monfrague,12,9,pr
ArtSurf,2849,0,0,monfrague,12,10,pr
Crop,1332,0,0,monfrague,12,10,pr
Dehesa,17271,0,0,monfrague,12,10,pr
Grass,5942,1,0.02,monfrague,12,10,pr
HydroRipVeg,2264,5,0.22,monfrague,12,10,pr
MedSclF,34504,0,0,monfrague,12,10,pr
MedScrub,121317,0,0,monfrague,12,10,pr
Reforestation,22719,0,0,monfrague,12,10,pr
RipF,1179,0,0,monfrague,12,10,pr
RockScreeVeg,16028,0,0,monfrague,12,10,pr
SMedMarF,6002,0,0,monfrague,12,10,pr
Shrub,13653,0,0,monfrague,12,10,pr
WaterSurf,15572,13,0.08,monfrague,12,10,pr
ArtSurf,2849,0,0,monfrague,12,11,pr
Crop,1332,0,0,monfrague,12,11,pr
Dehesa,17271,0,0,monfrague,12,11,pr
Grass,5942,0,0,monfrague,12,11,pr
HydroRipVeg,2264,0,0,monfrague,12,11,pr
MedSclF,34504,0,0,monfrague,12,11,pr
MedScrub,121317,0,0,monfrague,12,11,pr
Reforestation,22719,0,0,monfrague,12,11,pr
RipF,1179,0,0,monfrague,12,11,pr
RockScreeVeg,16028,0,0,monfrague,12,11,pr
SMedMarF,6002,0,0,monfrague,12,11,pr
Shrub,13653,0,0,monfrague,12,11,pr
WaterSurf,15572,7,0.04,monfrague,12,11,pr
ArtSurf,2849,0,0,monfrague,12,12,pr
Crop,1332,0,0,monfrague,12,12,pr
Dehesa,17271,0,0,monfrague,12,12,pr
Grass,5942,0,0,monfrague,12,12,pr
HydroRipVeg,2264,0,0,monfrague,12,12,pr
MedSclF,34504,0,0,monfrague,12,12,pr
MedScrub,121317,0,0,monfrague,12,12,pr
Reforestation,22719,0,0,monfrague,12,12,pr
RipF,1179,0,0,monfrague,12,12,pr
RockScreeVeg,16028,0,0,monfrague,12,12,pr
SMedMarF,6002,0,0,monfrague,12,12,pr
Shrub,13653,0,0,monfrague,12,12,pr
WaterSurf,15572,0,0,monfrague,12,12,pr
AlpConF,27586,0,0,ordesa,1,1,pr
AlpScrGr,100261,0,0,ordesa,1,1,pr
ArtSurf,26,0,0,ordesa,1,1,pr
BareArea,3,0,0,ordesa,1,1,pr
Grass,21109,0,0,ordesa,1,1,pr
HydroRipVeg,204,0,0,ordesa,1,1,pr
MedSclF,4221,0,0,ordesa,1,1,pr
RipF,860,0,0,ordesa,1,1,pr
RockScreeVeg,8836,0,0,ordesa,1,1,pr
SMedMarF,1656,0,0,ordesa,1,1,pr
Shrub,7570,0,0,ordesa,1,1,pr
TempDecF,20036,0,0,ordesa,1,1,pr
WaterSurf,20,0,0,ordesa,1,1,pr
AlpConF,27603,4028,14.59,ordesa,1,2,pr
AlpScrGr,102251,6953,6.8,ordesa,1,2,pr
ArtSurf,26,4,15.38,ordesa,1,2,pr
BareArea,203,0,0,ordesa,1,2,pr
Grass,21113,3334,15.79,ordesa,1,2,pr
HydroRipVeg,214,0,0,ordesa,1,2,pr
MedSclF,4236,219,5.17,ordesa,1,2,pr
RipF,860,138,16.05,ordesa,1,2,pr
RockScreeVeg,13046,612,4.69,ordesa,1,2,pr
SMedMarF,1671,206,12.33,ordesa,1,2,pr
Shrub,7575,1203,15.88,ordesa,1,2,pr
TempDecF,20084,2983,14.85,ordesa,1,2,pr
WaterSurf,68,0,0,ordesa,1,2,pr
AlpConF,27618,70,0.25,ordesa,1,3,pr
AlpScrGr,101805,974,0.96,ordesa,1,3,pr
ArtSurf,26,0,0,ordesa,1,3,pr
BareArea,493,0,0,ordesa,1,3,pr
Grass,21113,397,1.88,ordesa,1,3,pr
HydroRipVeg,207,0,0,ordesa,1,3,pr
MedSclF,4251,0,0,ordesa,1,3,pr
RipF,860,6,0.7,ordesa,1,3,pr
RockScreeVeg,11546,24,0.21,ordesa,1,3,pr
SMedMarF,1671,2,0.12,ordesa,1,3,pr
Shrub,7598,83,1.09,ordesa,1,3,pr
TempDecF,20202,12,0.06,ordesa,1,3,pr
WaterSurf,32,0,0,ordesa,1,3,pr
AlpConF,27612,0,0,ordesa,1,4,pr
AlpScrGr,99996,0,0,ordesa,1,4,pr
ArtSurf,26,0,0,ordesa,1,4,pr
Grass,21111,0,0,ordesa,1,4,pr
HydroRipVeg,204,0,0,ordesa,1,4,pr
MedSclF,4251,0,0,ordesa,1,4,pr
RipF,860,0,0,ordesa,1,4,pr
RockScreeVeg,8573,0,0,ordesa,1,4,pr
SMedMarF,1671,0,0,ordesa,1,4,pr
Shrub,7601,0,0,ordesa,1,4,pr
TempDecF,20198,0,0,ordesa,1,4,pr
WaterSurf,20,0,0,ordesa,1,4,pr
AlpConF,28066,0,0,ordesa,1,5,pr
AlpScrGr,98680,0,0,ordesa,1,5,pr
ArtSurf,26,0,0,ordesa,1,5,pr
Grass,21108,0,0,ordesa,1,5,pr
HydroRipVeg,154,0,0,ordesa,1,5,pr
MedSclF,4268,0,0,ordesa,1,5,pr
RipF,865,0,0,ordesa,1,5,pr
RockScreeVeg,8425,0,0,ordesa,1,5,pr
SMedMarF,1749,0,0,ordesa,1,5,pr
Shrub,7687,0,0,ordesa,1,5,pr
TempDecF,20584,0,0,ordesa,1,5,pr
WaterSurf,20,0,0,ordesa,1,5,pr
AlpConF,28021,0,0,ordesa,1,6,pr
AlpScrGr,100050,0,0,ordesa,1,6,pr
ArtSurf,26,0,0,ordesa,1,6,pr
Grass,21113,0,0,ordesa,1,6,pr
HydroRipVeg,204,0,0,ordesa,1,6,pr
MedSclF,4300,0,0,ordesa,1,6,pr
RipF,866,0,0,ordesa,1,6,pr
RockScreeVeg,8576,0,0,ordesa,1,6,pr
SMedMarF,1746,0,0,ordesa,1,6,pr
Shrub,7723,0,0,ordesa,1,6,pr
TempDecF,20580,0,0,ordesa,1,6,pr
WaterSurf,20,0,0,ordesa,1,6,pr
AlpConF,28948,0,0,ordesa,1,7,pr
AlpScrGr,104262,0,0,ordesa,1,7,pr
ArtSurf,26,0,0,ordesa,1,7,pr
Grass,21154,0,0,ordesa,1,7,pr
HydroRipVeg,233,0,0,ordesa,1,7,pr
MedSclF,4301,0,0,ordesa,1,7,pr
RipF,874,0,0,ordesa,1,7,pr
RockScreeVeg,9863,0,0,ordesa,1,7,pr
SMedMarF,1812,0,0,ordesa,1,7,pr
Shrub,7815,0,0,ordesa,1,7,pr
TempDecF,21294,0,0,ordesa,1,7,pr
WaterSurf,20,0,0,ordesa,1,7,pr
AlpConF,28937,0,0,ordesa,1,8,pr
AlpScrGr,104944,0,0,ordesa,1,8,pr
ArtSurf,26,0,0,ordesa,1,8,pr
Grass,21154,0,0,ordesa,1,8,pr
HydroRipVeg,263,0,0,ordesa,1,8,pr
MedSclF,4300,0,0,ordesa,1,8,pr
RipF,874,0,0,ordesa,1,8,pr
RockScreeVeg,11345,0,0,ordesa,1,8,pr
SMedMarF,1810,0,0,ordesa,1,8,pr
Shrub,7807,0,0,ordesa,1,8,pr
TempDecF,21266,0,0,ordesa,1,8,pr
WaterSurf,115,0,0,ordesa,1,8,pr
AlpConF,28538,0,0,ordesa,1,9,pr
AlpScrGr,105456,0,0,ordesa,1,9,pr
ArtSurf,26,0,0,ordesa,1,9,pr
Grass,21154,0,0,ordesa,1,9,pr
HydroRipVeg,269,0,0,ordesa,1,9,pr
MedSclF,4283,0,0,ordesa,1,9,pr
RipF,870,0,0,ordesa,1,9,pr
RockScreeVeg,11379,0,0,ordesa,1,9,pr
SMedMarF,1757,0,0,ordesa,1,9,pr
Shrub,7719,0,0,ordesa,1,9,pr
TempDecF,20868,0,0,ordesa,1,9,pr
WaterSurf,89,0,0,ordesa,1,9,pr
AlpConF,27643,0,0,ordesa,1,10,pr
AlpScrGr,100960,0,0,ordesa,1,10,pr
ArtSurf,26,0,0,ordesa,1,10,pr
Grass,21116,0,0,ordesa,1,10,pr
HydroRipVeg,204,0,0,ordesa,1,10,pr
MedSclF,4251,0,0,ordesa,1,10,pr
RipF,860,0,0,ordesa,1,10,pr
RockScreeVeg,8803,0,0,ordesa,1,10,pr
SMedMarF,1672,0,0,ordesa,1,10,pr
Shrub,7599,0,0,ordesa,1,10,pr
TempDecF,20208,0,0,ordesa,1,10,pr
WaterSurf,20,0,0,ordesa,1,10,pr
AlpConF,27604,0,0,ordesa,1,11,pr
AlpScrGr,100100,0,0,ordesa,1,11,pr
ArtSurf,26,0,0,ordesa,1,11,pr
BareArea,2,0,0,ordesa,1,11,pr
Grass,21102,0,0,ordesa,1,11,pr
HydroRipVeg,204,0,0,ordesa,1,11,pr
MedSclF,4249,0,0,ordesa,1,11,pr
RipF,860,0,0,ordesa,1,11,pr
RockScreeVeg,8649,0,0,ordesa,1,11,pr
SMedMarF,1645,0,0,ordesa,1,11,pr
Shrub,7577,0,0,ordesa,1,11,pr
TempDecF,20167,0,0,ordesa,1,11,pr
WaterSurf,20,0,0,ordesa,1,11,pr
AlpConF,27351,0,0,ordesa,1,12,pr
AlpScrGr,99970,0,0,ordesa,1,12,pr
ArtSurf,26,0,0,ordesa,1,12,pr
Grass,21101,0,0,ordesa,1,12,pr
HydroRipVeg,204,0,0,ordesa,1,12,pr
MedSclF,4190,0,0,ordesa,1,12,pr
RipF,854,0,0,ordesa,1,12,pr
RockScreeVeg,8568,0,0,ordesa,1,12,pr
SMedMarF,1625,0,0,ordesa,1,12,pr
Shrub,7507,0,0,ordesa,1,12,pr
TempDecF,19766,0,0,ordesa,1,12,pr
WaterSurf,20,0,0,ordesa,1,12,pr
AlpConF,27586,0,0,ordesa,3,1,pr
AlpScrGr,100261,0,0,ordesa,3,1,pr
ArtSurf,26,0,0,ordesa,3,1,pr
BareArea,3,0,0,ordesa,3,1,pr
Grass,21109,0,0,ordesa,3,1,pr
HydroRipVeg,204,0,0,ordesa,3,1,pr
MedSclF,4221,0,0,ordesa,3,1,pr
RipF,860,0,0,ordesa,3,1,pr
RockScreeVeg,8836,0,0,ordesa,3,1,pr
SMedMarF,1656,0,0,ordesa,3,1,pr
Shrub,7570,0,0,ordesa,3,1,pr
TempDecF,20036,0,0,ordesa,3,1,pr
WaterSurf,20,0,0,ordesa,3,1,pr
AlpConF,27603,0,0,ordesa,3,2,pr
AlpScrGr,102251,0,0,ordesa,3,2,pr
ArtSurf,26,0,0,ordesa,3,2,pr
BareArea,203,0,0,ordesa,3,2,pr
Grass,21113,0,0,ordesa,3,2,pr
HydroRipVeg,214,0,0,ordesa,3,2,pr
MedSclF,4236,0,0,ordesa,3,2,pr
RipF,860,0,0,ordesa,3,2,pr
RockScreeVeg,13046,0,0,ordesa,3,2,pr
SMedMarF,1671,0,0,ordesa,3,2,pr
Shrub,7575,0,0,ordesa,3,2,pr
TempDecF,20084,0,0,ordesa,3,2,pr
WaterSurf,68,0,0,ordesa,3,2,pr
AlpConF,27618,4821,17.46,ordesa,3,3,pr
AlpScrGr,101805,41803,41.06,ordesa,3,3,pr
ArtSurf,26,2,7.69,ordesa,3,3,pr
BareArea,493,14,2.84,ordesa,3,3,pr
Grass,21113,14687,69.56,ordesa,3,3,pr
HydroRipVeg,207,24,11.59,ordesa,3,3,pr
MedSclF,4251,108,2.54,ordesa,3,3,pr
RipF,860,272,31.63,ordesa,3,3,pr
RockScreeVeg,11546,1642,14.22,ordesa,3,3,pr
SMedMarF,1671,205,12.27,ordesa,3,3,pr
Shrub,7598,2430,31.98,ordesa,3,3,pr
TempDecF,20202,2878,14.25,ordesa,3,3,pr
WaterSurf,32,1,3.12,ordesa,3,3,pr
AlpConF,27612,7,0.03,ordesa,3,4,pr
AlpScrGr,99996,195,0.2,ordesa,3,4,pr
ArtSurf,26,0,0,ordesa,3,4,pr
Grass,21111,4,0.02,ordesa,3,4,pr
HydroRipVeg,204,0,0,ordesa,3,4,pr
MedSclF,4251,0,0,ordesa,3,4,pr
RipF,860,0,0,ordesa,3,4,pr
RockScreeVeg,8573,2,0.02,ordesa,3,4,pr
SMedMarF,1671,0,0,ordesa,3,4,pr
Shrub,7601,0,0,ordesa,3,4,pr
TempDecF,20198,0,0,ordesa,3,4,pr
WaterSurf,20,0,0,ordesa,3,4,pr
AlpConF,28066,225,0.8,ordesa,3,5,pr
AlpScrGr,98680,6105,6.19,ordesa,3,5,pr
ArtSurf,26,0,0,ordesa,3,5,pr
Grass,21108,1738,8.23,ordesa,3,5,pr
HydroRipVeg,154,1,0.65,ordesa,3,5,pr
MedSclF,4268,37,0.87,ordesa,3,5,pr
RipF,865,10,1.16,ordesa,3,5,pr
RockScreeVeg,8425,251,2.98,ordesa,3,5,pr
SMedMarF,1749,12,0.69,ordesa,3,5,pr
Shrub,7687,200,2.6,ordesa,3,5,pr
TempDecF,20584,58,0.28,ordesa,3,5,pr
WaterSurf,20,0,0,ordesa,3,5,pr
AlpConF,28021,0,0,ordesa,3,6,pr
AlpScrGr,100050,0,0,ordesa,3,6,pr
ArtSurf,26,0,0,ordesa,3,6,pr
Grass,21113,0,0,ordesa,3,6,pr
HydroRipVeg,204,0,0,ordesa,3,6,pr
MedSclF,4300,0,0,ordesa,3,6,pr
RipF,866,0,0,ordesa,3,6,pr
RockScreeVeg,8576,0,0,ordesa,3,6,pr
SMedMarF,1746,0,0,ordesa,3,6,pr
Shrub,7723,0,0,ordesa,3,6,pr
TempDecF,20580,0,0,ordesa,3,6,pr
WaterSurf,20,0,0,ordesa,3,6,pr
AlpConF,28948,0,0,ordesa,3,7,pr
AlpScrGr,104262,0,0,ordesa,3,7,pr
ArtSurf,26,0,0,ordesa,3,7,pr
Grass,21154,0,0,ordesa,3,7,pr
HydroRipVeg,233,0,0,ordesa,3,7,pr
MedSclF,4301,0,0,ordesa,3,7,pr
RipF,874,0,0,ordesa,3,7,pr
RockScreeVeg,9863,0,0,ordesa,3,7,pr
SMedMarF,1812,0,0,ordesa,3,7,pr
Shrub,7815,0,0,ordesa,3,7,pr
TempDecF,21294,0,0,ordesa,3,7,pr
WaterSurf,20,0,0,ordesa,3,7,pr
AlpConF,28937,0,0,ordesa,3,8,pr
AlpScrGr,104944,55,0.05,ordesa,3,8,pr
ArtSurf,26,0,0,ordesa,3,8,pr
Grass,21154,0,0,ordesa,3,8,pr
HydroRipVeg,263,0,0,ordesa,3,8,pr
MedSclF,4300,0,0,ordesa,3,8,pr
RipF,874,0,0,ordesa,3,8,pr
RockScreeVeg,11345,80,0.71,ordesa,3,8,pr
SMedMarF,1810,0,0,ordesa,3,8,pr
Shrub,7807,0,0,ordesa,3,8,pr
TempDecF,21266,2,0.01,ordesa,3,8,pr
WaterSurf,115,17,14.78,ordesa,3,8,pr
AlpConF,28538,0,0,ordesa,3,9,pr
AlpScrGr,105456,0,0,ordesa,3,9,pr
ArtSurf,26,0,0,ordesa,3,9,pr
Grass,21154,0,0,ordesa,3,9,pr
HydroRipVeg,269,0,0,ordesa,3,9,pr
MedSclF,4283,0,0,ordesa,3,9,pr
RipF,870,0,0,ordesa,3,9,pr
RockScreeVeg,11379,0,0,ordesa,3,9,pr
SMedMarF,1757,0,0,ordesa,3,9,pr
Shrub,7719,0,0,ordesa,3,9,pr
TempDecF,20868,0,0,ordesa,3,9,pr
WaterSurf,89,0,0,ordesa,3,9,pr
AlpConF,27643,0,0,ordesa,3,10,pr
AlpScrGr,100960,0,0,ordesa,3,10,pr
ArtSurf,26,0,0,ordesa,3,10,pr
Grass,21116,0,0,ordesa,3,10,pr
HydroRipVeg,204,0,0,ordesa,3,10,pr
MedSclF,4251,0,0,ordesa,3,10,pr
RipF,860,0,0,ordesa,3,10,pr
RockScreeVeg,8803,0,0,ordesa,3,10,pr
SMedMarF,1672,0,0,ordesa,3,10,pr
Shrub,7599,0,0,ordesa,3,10,pr
TempDecF,20208,0,0,ordesa,3,10,pr
WaterSurf,20,0,0,ordesa,3,10,pr
AlpConF,27604,0,0,ordesa,3,11,pr
AlpScrGr,100100,0,0,ordesa,3,11,pr
ArtSurf,26,0,0,ordesa,3,11,pr
BareArea,2,0,0,ordesa,3,11,pr
Grass,21102,0,0,ordesa,3,11,pr
HydroRipVeg,204,0,0,ordesa,3,11,pr
MedSclF,4249,0,0,ordesa,3,11,pr
RipF,860,0,0,ordesa,3,11,pr
RockScreeVeg,8649,0,0,ordesa,3,11,pr
SMedMarF,1645,0,0,ordesa,3,11,pr
Shrub,7577,0,0,ordesa,3,11,pr
TempDecF,20167,0,0,ordesa,3,11,pr
WaterSurf,20,0,0,ordesa,3,11,pr
AlpConF,27351,0,0,ordesa,3,12,pr
AlpScrGr,99970,1,0,ordesa,3,12,pr
ArtSurf,26,0,0,ordesa,3,12,pr
Grass,21101,0,0,ordesa,3,12,pr
HydroRipVeg,204,0,0,ordesa,3,12,pr
MedSclF,4190,0,0,ordesa,3,12,pr
RipF,854,0,0,ordesa,3,12,pr
RockScreeVeg,8568,0,0,ordesa,3,12,pr
SMedMarF,1625,0,0,ordesa,3,12,pr
Shrub,7507,0,0,ordesa,3,12,pr
TempDecF,19766,0,0,ordesa,3,12,pr
WaterSurf,20,0,0,ordesa,3,12,pr
AlpConF,27586,0,0,ordesa,6,1,pr
AlpScrGr,100261,0,0,ordesa,6,1,pr
ArtSurf,26,0,0,ordesa,6,1,pr
BareArea,3,0,0,ordesa,6,1,pr
Grass,21109,0,0,ordesa,6,1,pr
HydroRipVeg,204,0,0,ordesa,6,1,pr
MedSclF,4221,0,0,ordesa,6,1,pr
RipF,860,0,0,ordesa,6,1,pr
RockScreeVeg,8836,0,0,ordesa,6,1,pr
SMedMarF,1656,0,0,ordesa,6,1,pr
Shrub,7570,0,0,ordesa,6,1,pr
TempDecF,20036,0,0,ordesa,6,1,pr
WaterSurf,20,0,0,ordesa,6,1,pr
AlpConF,27603,0,0,ordesa,6,2,pr
AlpScrGr,102251,0,0,ordesa,6,2,pr
ArtSurf,26,0,0,ordesa,6,2,pr
BareArea,203,0,0,ordesa,6,2,pr
Grass,21113,0,0,ordesa,6,2,pr
HydroRipVeg,214,0,0,ordesa,6,2,pr
MedSclF,4236,0,0,ordesa,6,2,pr
RipF,860,0,0,ordesa,6,2,pr
RockScreeVeg,13046,0,0,ordesa,6,2,pr
SMedMarF,1671,0,0,ordesa,6,2,pr
Shrub,7575,0,0,ordesa,6,2,pr
TempDecF,20084,0,0,ordesa,6,2,pr
WaterSurf,68,0,0,ordesa,6,2,pr
AlpConF,27618,939,3.4,ordesa,6,3,pr
AlpScrGr,101805,7540,7.41,ordesa,6,3,pr
ArtSurf,26,0,0,ordesa,6,3,pr
BareArea,493,0,0,ordesa,6,3,pr
Grass,21113,2750,13.03,ordesa,6,3,pr
HydroRipVeg,207,6,2.9,ordesa,6,3,pr
MedSclF,4251,7,0.16,ordesa,6,3,pr
RipF,860,121,14.07,ordesa,6,3,pr
RockScreeVeg,11546,174,1.51,ordesa,6,3,pr
SMedMarF,1671,22,1.32,ordesa,6,3,pr
Shrub,7598,258,3.4,ordesa,6,3,pr
TempDecF,20202,730,3.61,ordesa,6,3,pr
WaterSurf,32,0,0,ordesa,6,3,pr
AlpConF,27612,0,0,ordesa,6,4,pr
AlpScrGr,99996,1,0,ordesa,6,4,pr
ArtSurf,26,0,0,ordesa,6,4,pr
Grass,21111,0,0,ordesa,6,4,pr
HydroRipVeg,204,0,0,ordesa,6,4,pr
MedSclF,4251,0,0,ordesa,6,4,pr
RipF,860,0,0,ordesa,6,4,pr
RockScreeVeg,8573,0,0,ordesa,6,4,pr
SMedMarF,1671,0,0,ordesa,6,4,pr
Shrub,7601,0,0,ordesa,6,4,pr
TempDecF,20198,0,0,ordesa,6,4,pr
WaterSurf,20,0,0,ordesa,6,4,pr
AlpConF,28066,7,0.02,ordesa,6,5,pr
AlpScrGr,98680,481,0.49,ordesa,6,5,pr
ArtSurf,26,0,0,ordesa,6,5,pr
Grass,21108,324,1.53,ordesa,6,5,pr
HydroRipVeg,154,0,0,ordesa,6,5,pr
MedSclF,4268,0,0,ordesa,6,5,pr
RipF,865,9,1.04,ordesa,6,5,pr
RockScreeVeg,8425,58,0.69,ordesa,6,5,pr
SMedMarF,1749,0,0,ordesa,6,5,pr
Shrub,7687,5,0.07,ordesa,6,5,pr
TempDecF,20584,13,0.06,ordesa,6,5,pr
WaterSurf,20,0,0,ordesa,6,5,pr
AlpConF,28021,60,0.21,ordesa,6,6,pr
AlpScrGr,100050,6156,6.15,ordesa,6,6,pr
ArtSurf,26,0,0,ordesa,6,6,pr
Grass,21113,436,2.07,ordesa,6,6,pr
HydroRipVeg,204,5,2.45,ordesa,6,6,pr
MedSclF,4300,4,0.09,ordesa,6,6,pr
RipF,866,59,6.81,ordesa,6,6,pr
RockScreeVeg,8576,288,3.36,ordesa,6,6,pr
SMedMarF,1746,3,0.17,ordesa,6,6,pr
Shrub,7723,30,0.39,ordesa,6,6,pr
TempDecF,20580,49,0.24,ordesa,6,6,pr
WaterSurf,20,0,0,ordesa,6,6,pr
AlpConF,28948,29,0.1,ordesa,6,7,pr
AlpScrGr,104262,2836,2.72,ordesa,6,7,pr
ArtSurf,26,0,0,ordesa,6,7,pr
Grass,21154,68,0.32,ordesa,6,7,pr
HydroRipVeg,233,0,0,ordesa,6,7,pr
MedSclF,4301,0,0,ordesa,6,7,pr
RipF,874,24,2.75,ordesa,6,7,pr
RockScreeVeg,9863,516,5.23,ordesa,6,7,pr
SMedMarF,1812,0,0,ordesa,6,7,pr
Shrub,7815,4,0.05,ordesa,6,7,pr
TempDecF,21294,16,0.08,ordesa,6,7,pr
WaterSurf,20,0,0,ordesa,6,7,pr
AlpConF,28937,0,0,ordesa,6,8,pr
AlpScrGr,104944,0,0,ordesa,6,8,pr
ArtSurf,26,0,0,ordesa,6,8,pr
Grass,21154,0,0,ordesa,6,8,pr
HydroRipVeg,263,0,0,ordesa,6,8,pr
MedSclF,4300,0,0,ordesa,6,8,pr
RipF,874,0,0,ordesa,6,8,pr
RockScreeVeg,11345,0,0,ordesa,6,8,pr
SMedMarF,1810,0,0,ordesa,6,8,pr
Shrub,7807,0,0,ordesa,6,8,pr
TempDecF,21266,0,0,ordesa,6,8,pr
WaterSurf,115,0,0,ordesa,6,8,pr
AlpConF,28538,0,0,ordesa,6,9,pr
AlpScrGr,105456,0,0,ordesa,6,9,pr
ArtSurf,26,0,0,ordesa,6,9,pr
Grass,21154,0,0,ordesa,6,9,pr
HydroRipVeg,269,0,0,ordesa,6,9,pr
MedSclF,4283,0,0,ordesa,6,9,pr
RipF,870,0,0,ordesa,6,9,pr
RockScreeVeg,11379,0,0,ordesa,6,9,pr
SMedMarF,1757,0,0,ordesa,6,9,pr
Shrub,7719,0,0,ordesa,6,9,pr
TempDecF,20868,0,0,ordesa,6,9,pr
WaterSurf,89,0,0,ordesa,6,9,pr
AlpConF,27643,0,0,ordesa,6,10,pr
AlpScrGr,100960,0,0,ordesa,6,10,pr
ArtSurf,26,0,0,ordesa,6,10,pr
Grass,21116,0,0,ordesa,6,10,pr
HydroRipVeg,204,0,0,ordesa,6,10,pr
MedSclF,4251,0,0,ordesa,6,10,pr
RipF,860,0,0,ordesa,6,10,pr
RockScreeVeg,8803,0,0,ordesa,6,10,pr
SMedMarF,1672,0,0,ordesa,6,10,pr
Shrub,7599,0,0,ordesa,6,10,pr
TempDecF,20208,0,0,ordesa,6,10,pr
WaterSurf,20,0,0,ordesa,6,10,pr
AlpConF,27604,0,0,ordesa,6,11,pr
AlpScrGr,100100,0,0,ordesa,6,11,pr
ArtSurf,26,0,0,ordesa,6,11,pr
BareArea,2,0,0,ordesa,6,11,pr
Grass,21102,0,0,ordesa,6,11,pr
HydroRipVeg,204,0,0,ordesa,6,11,pr
MedSclF,4249,0,0,ordesa,6,11,pr
RipF,860,0,0,ordesa,6,11,pr
RockScreeVeg,8649,0,0,ordesa,6,11,pr
SMedMarF,1645,0,0,ordesa,6,11,pr
Shrub,7577,0,0,ordesa,6,11,pr
TempDecF,20167,0,0,ordesa,6,11,pr
WaterSurf,20,0,0,ordesa,6,11,pr
AlpConF,27351,0,0,ordesa,6,12,pr
AlpScrGr,99970,1,0,ordesa,6,12,pr
ArtSurf,26,0,0,ordesa,6,12,pr
Grass,21101,0,0,ordesa,6,12,pr
HydroRipVeg,204,0,0,ordesa,6,12,pr
MedSclF,4190,0,0,ordesa,6,12,pr
RipF,854,0,0,ordesa,6,12,pr
RockScreeVeg,8568,0,0,ordesa,6,12,pr
SMedMarF,1625,0,0,ordesa,6,12,pr
Shrub,7507,0,0,ordesa,6,12,pr
TempDecF,19766,0,0,ordesa,6,12,pr
WaterSurf,20,0,0,ordesa,6,12,pr
AlpConF,27586,0,0,ordesa,9,1,pr
AlpScrGr,100261,0,0,ordesa,9,1,pr
ArtSurf,26,0,0,ordesa,9,1,pr
BareArea,3,0,0,ordesa,9,1,pr
Grass,21109,0,0,ordesa,9,1,pr
HydroRipVeg,204,0,0,ordesa,9,1,pr
MedSclF,4221,0,0,ordesa,9,1,pr
RipF,860,0,0,ordesa,9,1,pr
RockScreeVeg,8836,0,0,ordesa,9,1,pr
SMedMarF,1656,0,0,ordesa,9,1,pr
Shrub,7570,0,0,ordesa,9,1,pr
TempDecF,20036,0,0,ordesa,9,1,pr
WaterSurf,20,0,0,ordesa,9,1,pr
AlpConF,27603,0,0,ordesa,9,2,pr
AlpScrGr,102251,0,0,ordesa,9,2,pr
ArtSurf,26,0,0,ordesa,9,2,pr
BareArea,203,0,0,ordesa,9,2,pr
Grass,21113,0,0,ordesa,9,2,pr
HydroRipVeg,214,0,0,ordesa,9,2,pr
MedSclF,4236,0,0,ordesa,9,2,pr
RipF,860,0,0,ordesa,9,2,pr
RockScreeVeg,13046,0,0,ordesa,9,2,pr
SMedMarF,1671,0,0,ordesa,9,2,pr
Shrub,7575,0,0,ordesa,9,2,pr
TempDecF,20084,0,0,ordesa,9,2,pr
WaterSurf,68,0,0,ordesa,9,2,pr
AlpConF,27618,177,0.64,ordesa,9,3,pr
AlpScrGr,101805,1374,1.35,ordesa,9,3,pr
ArtSurf,26,0,0,ordesa,9,3,pr
BareArea,493,0,0,ordesa,9,3,pr
Grass,21113,202,0.96,ordesa,9,3,pr
HydroRipVeg,207,0,0,ordesa,9,3,pr
MedSclF,4251,0,0,ordesa,9,3,pr
RipF,860,24,2.79,ordesa,9,3,pr
RockScreeVeg,11546,24,0.21,ordesa,9,3,pr
SMedMarF,1671,0,0,ordesa,9,3,pr
Shrub,7598,5,0.07,ordesa,9,3,pr
TempDecF,20202,86,0.43,ordesa,9,3,pr
WaterSurf,32,0,0,ordesa,9,3,pr
AlpConF,27612,0,0,ordesa,9,4,pr
AlpScrGr,99996,0,0,ordesa,9,4,pr
ArtSurf,26,0,0,ordesa,9,4,pr
Grass,21111,0,0,ordesa,9,4,pr
HydroRipVeg,204,0,0,ordesa,9,4,pr
MedSclF,4251,0,0,ordesa,9,4,pr
RipF,860,0,0,ordesa,9,4,pr
RockScreeVeg,8573,0,0,ordesa,9,4,pr
SMedMarF,1671,0,0,ordesa,9,4,pr
Shrub,7601,0,0,ordesa,9,4,pr
TempDecF,20198,0,0,ordesa,9,4,pr
WaterSurf,20,0,0,ordesa,9,4,pr
AlpConF,28066,0,0,ordesa,9,5,pr
AlpScrGr,98680,0,0,ordesa,9,5,pr
ArtSurf,26,0,0,ordesa,9,5,pr
Grass,21108,2,0.01,ordesa,9,5,pr
HydroRipVeg,154,0,0,ordesa,9,5,pr
MedSclF,4268,0,0,ordesa,9,5,pr
RipF,865,0,0,ordesa,9,5,pr
RockScreeVeg,8425,0,0,ordesa,9,5,pr
SMedMarF,1749,0,0,ordesa,9,5,pr
Shrub,7687,0,0,ordesa,9,5,pr
TempDecF,20584,0,0,ordesa,9,5,pr
WaterSurf,20,0,0,ordesa,9,5,pr
AlpConF,28021,0,0,ordesa,9,6,pr
AlpScrGr,100050,150,0.15,ordesa,9,6,pr
ArtSurf,26,0,0,ordesa,9,6,pr
Grass,21113,24,0.11,ordesa,9,6,pr
HydroRipVeg,204,0,0,ordesa,9,6,pr
MedSclF,4300,0,0,ordesa,9,6,pr
RipF,866,13,1.5,ordesa,9,6,pr
RockScreeVeg,8576,5,0.06,ordesa,9,6,pr
SMedMarF,1746,0,0,ordesa,9,6,pr
Shrub,7723,0,0,ordesa,9,6,pr
TempDecF,20580,4,0.02,ordesa,9,6,pr
WaterSurf,20,0,0,ordesa,9,6,pr
AlpConF,28948,2,0.01,ordesa,9,7,pr
AlpScrGr,104262,158,0.15,ordesa,9,7,pr
ArtSurf,26,0,0,ordesa,9,7,pr
Grass,21154,15,0.07,ordesa,9,7,pr
HydroRipVeg,233,0,0,ordesa,9,7,pr
MedSclF,4301,0,0,ordesa,9,7,pr
RipF,874,30,3.43,ordesa,9,7,pr
RockScreeVeg,9863,15,0.15,ordesa,9,7,pr
SMedMarF,1812,0,0,ordesa,9,7,pr
Shrub,7815,0,0,ordesa,9,7,pr
TempDecF,21294,8,0.04,ordesa,9,7,pr
WaterSurf,20,0,0,ordesa,9,7,pr
AlpConF,28937,11,0.04,ordesa,9,8,pr
AlpScrGr,104944,973,0.93,ordesa,9,8,pr
ArtSurf,26,0,0,ordesa,9,8,pr
Grass,21154,0,0,ordesa,9,8,pr
HydroRipVeg,263,0,0,ordesa,9,8,pr
MedSclF,4300,0,0,ordesa,9,8,pr
RipF,874,8,0.92,ordesa,9,8,pr
RockScreeVeg,11345,478,4.21,ordesa,9,8,pr
SMedMarF,1810,0,0,ordesa,9,8,pr
Shrub,7807,0,0,ordesa,9,8,pr
TempDecF,21266,1,0,ordesa,9,8,pr
WaterSurf,115,2,1.74,ordesa,9,8,pr
AlpConF,28538,2,0.01,ordesa,9,9,pr
AlpScrGr,105456,17,0.02,ordesa,9,9,pr
ArtSurf,26,0,0,ordesa,9,9,pr
Grass,21154,0,0,ordesa,9,9,pr
HydroRipVeg,269,0,0,ordesa,9,9,pr
MedSclF,4283,0,0,ordesa,9,9,pr
RipF,870,1,0.11,ordesa,9,9,pr
RockScreeVeg,11379,49,0.43,ordesa,9,9,pr
SMedMarF,1757,0,0,ordesa,9,9,pr
Shrub,7719,0,0,ordesa,9,9,pr
TempDecF,20868,0,0,ordesa,9,9,pr
WaterSurf,89,0,0,ordesa,9,9,pr
AlpConF,27643,0,0,ordesa,9,10,pr
AlpScrGr,100960,0,0,ordesa,9,10,pr
ArtSurf,26,0,0,ordesa,9,10,pr
Grass,21116,0,0,ordesa,9,10,pr
HydroRipVeg,204,0,0,ordesa,9,10,pr
MedSclF,4251,0,0,ordesa,9,10,pr
RipF,860,0,0,ordesa,9,10,pr
RockScreeVeg,8803,0,0,ordesa,9,10,pr
SMedMarF,1672,0,0,ordesa,9,10,pr
Shrub,7599,0,0,ordesa,9,10,pr
TempDecF,20208,0,0,ordesa,9,10,pr
WaterSurf,20,0,0,ordesa,9,10,pr
AlpConF,27604,0,0,ordesa,9,11,pr
AlpScrGr,100100,0,0,ordesa,9,11,pr
ArtSurf,26,0,0,ordesa,9,11,pr
BareArea,2,0,0,ordesa,9,11,pr
Grass,21102,0,0,ordesa,9,11,pr
HydroRipVeg,204,0,0,ordesa,9,11,pr
MedSclF,4249,0,0,ordesa,9,11,pr
RipF,860,0,0,ordesa,9,11,pr
RockScreeVeg,8649,0,0,ordesa,9,11,pr
SMedMarF,1645,0,0,ordesa,9,11,pr
Shrub,7577,0,0,ordesa,9,11,pr
TempDecF,20167,0,0,ordesa,9,11,pr
WaterSurf,20,0,0,ordesa,9,11,pr
AlpConF,27351,0,0,ordesa,9,12,pr
AlpScrGr,99970,0,0,ordesa,9,12,pr
ArtSurf,26,0,0,ordesa,9,12,pr
Grass,21101,0,0,ordesa,9,12,pr
HydroRipVeg,204,0,0,ordesa,9,12,pr
MedSclF,4190,0,0,ordesa,9,12,pr
RipF,854,0,0,ordesa,9,12,pr
RockScreeVeg,8568,0,0,ordesa,9,12,pr
SMedMarF,1625,0,0,ordesa,9,12,pr
Shrub,7507,0,0,ordesa,9,12,pr
TempDecF,19766,0,0,ordesa,9,12,pr
WaterSurf,20,0,0,ordesa,9,12,pr
AlpConF,27586,0,0,ordesa,12,1,pr
AlpScrGr,100261,0,0,ordesa,12,1,pr
ArtSurf,26,0,0,ordesa,12,1,pr
BareArea,3,0,0,ordesa,12,1,pr
Grass,21109,0,0,ordesa,12,1,pr
HydroRipVeg,204,0,0,ordesa,12,1,pr
MedSclF,4221,0,0,ordesa,12,1,pr
RipF,860,0,0,ordesa,12,1,pr
RockScreeVeg,8836,0,0,ordesa,12,1,pr
SMedMarF,1656,0,0,ordesa,12,1,pr
Shrub,7570,0,0,ordesa,12,1,pr
TempDecF,20036,0,0,ordesa,12,1,pr
WaterSurf,20,0,0,ordesa,12,1,pr
AlpConF,27603,0,0,ordesa,12,2,pr
AlpScrGr,102251,0,0,ordesa,12,2,pr
ArtSurf,26,0,0,ordesa,12,2,pr
BareArea,203,0,0,ordesa,12,2,pr
Grass,21113,0,0,ordesa,12,2,pr
HydroRipVeg,214,0,0,ordesa,12,2,pr
MedSclF,4236,0,0,ordesa,12,2,pr
RipF,860,0,0,ordesa,12,2,pr
RockScreeVeg,13046,0,0,ordesa,12,2,pr
SMedMarF,1671,0,0,ordesa,12,2,pr
Shrub,7575,0,0,ordesa,12,2,pr
TempDecF,20084,0,0,ordesa,12,2,pr
WaterSurf,68,0,0,ordesa,12,2,pr
AlpConF,27618,602,2.18,ordesa,12,3,pr
AlpScrGr,101805,5772,5.67,ordesa,12,3,pr
ArtSurf,26,0,0,ordesa,12,3,pr
BareArea,493,0,0,ordesa,12,3,pr
Grass,21113,1076,5.1,ordesa,12,3,pr
HydroRipVeg,207,4,1.93,ordesa,12,3,pr
MedSclF,4251,3,0.07,ordesa,12,3,pr
RipF,860,101,11.74,ordesa,12,3,pr
RockScreeVeg,11546,202,1.75,ordesa,12,3,pr
SMedMarF,1671,6,0.36,ordesa,12,3,pr
Shrub,7598,30,0.39,ordesa,12,3,pr
TempDecF,20202,334,1.65,ordesa,12,3,pr
WaterSurf,32,0,0,ordesa,12,3,pr
AlpConF,27612,0,0,ordesa,12,4,pr
AlpScrGr,99996,0,0,ordesa,12,4,pr
ArtSurf,26,0,0,ordesa,12,4,pr
Grass,21111,0,0,ordesa,12,4,pr
HydroRipVeg,204,0,0,ordesa,12,4,pr
MedSclF,4251,0,0,ordesa,12,4,pr
RipF,860,0,0,ordesa,12,4,pr
RockScreeVeg,8573,0,0,ordesa,12,4,pr
SMedMarF,1671,0,0,ordesa,12,4,pr
Shrub,7601,0,0,ordesa,12,4,pr
TempDecF,20198,0,0,ordesa,12,4,pr
WaterSurf,20,0,0,ordesa,12,4,pr
AlpConF,28066,0,0,ordesa,12,5,pr
AlpScrGr,98680,81,0.08,ordesa,12,5,pr
ArtSurf,26,0,0,ordesa,12,5,pr
Grass,21108,24,0.11,ordesa,12,5,pr
HydroRipVeg,154,0,0,ordesa,12,5,pr
MedSclF,4268,0,0,ordesa,12,5,pr
RipF,865,0,0,ordesa,12,5,pr
RockScreeVeg,8425,5,0.06,ordesa,12,5,pr
SMedMarF,1749,0,0,ordesa,12,5,pr
Shrub,7687,0,0,ordesa,12,5,pr
TempDecF,20584,0,0,ordesa,12,5,pr
WaterSurf,20,0,0,ordesa,12,5,pr
AlpConF,28021,0,0,ordesa,12,6,pr
AlpScrGr,100050,0,0,ordesa,12,6,pr
ArtSurf,26,0,0,ordesa,12,6,pr
Grass,21113,0,0,ordesa,12,6,pr
HydroRipVeg,204,0,0,ordesa,12,6,pr
MedSclF,4300,0,0,ordesa,12,6,pr
RipF,866,0,0,ordesa,12,6,pr
RockScreeVeg,8576,0,0,ordesa,12,6,pr
SMedMarF,1746,0,0,ordesa,12,6,pr
Shrub,7723,0,0,ordesa,12,6,pr
TempDecF,20580,0,0,ordesa,12,6,pr
WaterSurf,20,0,0,ordesa,12,6,pr
AlpConF,28948,0,0,ordesa,12,7,pr
AlpScrGr,104262,0,0,ordesa,12,7,pr
ArtSurf,26,0,0,ordesa,12,7,pr
Grass,21154,0,0,ordesa,12,7,pr
HydroRipVeg,233,0,0,ordesa,12,7,pr
MedSclF,4301,0,0,ordesa,12,7,pr
RipF,874,0,0,ordesa,12,7,pr
RockScreeVeg,9863,0,0,ordesa,12,7,pr
SMedMarF,1812,0,0,ordesa,12,7,pr
Shrub,7815,0,0,ordesa,12,7,pr
TempDecF,21294,0,0,ordesa,12,7,pr
WaterSurf,20,0,0,ordesa,12,7,pr
AlpConF,28937,4,0.01,ordesa,12,8,pr
AlpScrGr,104944,821,0.78,ordesa,12,8,pr
ArtSurf,26,0,0,ordesa,12,8,pr
Grass,21154,0,0,ordesa,12,8,pr
HydroRipVeg,263,0,0,ordesa,12,8,pr
MedSclF,4300,0,0,ordesa,12,8,pr
RipF,874,6,0.69,ordesa,12,8,pr
RockScreeVeg,11345,335,2.95,ordesa,12,8,pr
SMedMarF,1810,0,0,ordesa,12,8,pr
Shrub,7807,0,0,ordesa,12,8,pr
TempDecF,21266,1,0,ordesa,12,8,pr
WaterSurf,115,2,1.74,ordesa,12,8,pr
AlpConF,28538,0,0,ordesa,12,9,pr
AlpScrGr,105456,13,0.01,ordesa,12,9,pr
ArtSurf,26,0,0,ordesa,12,9,pr
Grass,21154,0,0,ordesa,12,9,pr
HydroRipVeg,269,0,0,ordesa,12,9,pr
MedSclF,4283,0,0,ordesa,12,9,pr
RipF,870,0,0,ordesa,12,9,pr
RockScreeVeg,11379,67,0.59,ordesa,12,9,pr
SMedMarF,1757,0,0,ordesa,12,9,pr
Shrub,7719,0,0,ordesa,12,9,pr
TempDecF,20868,0,0,ordesa,12,9,pr
WaterSurf,89,0,0,ordesa,12,9,pr
AlpConF,27643,0,0,ordesa,12,10,pr
AlpScrGr,100960,0,0,ordesa,12,10,pr
ArtSurf,26,0,0,ordesa,12,10,pr
Grass,21116,0,0,ordesa,12,10,pr
HydroRipVeg,204,0,0,ordesa,12,10,pr
MedSclF,4251,0,0,ordesa,12,10,pr
RipF,860,0,0,ordesa,12,10,pr
RockScreeVeg,8803,0,0,ordesa,12,10,pr
SMedMarF,1672,0,0,ordesa,12,10,pr
Shrub,7599,0,0,ordesa,12,10,pr
TempDecF,20208,0,0,ordesa,12,10,pr
WaterSurf,20,0,0,ordesa,12,10,pr
AlpConF,27604,0,0,ordesa,12,11,pr
AlpScrGr,100100,0,0,ordesa,12,11,pr
ArtSurf,26,0,0,ordesa,12,11,pr
BareArea,2,0,0,ordesa,12,11,pr
Grass,21102,0,0,ordesa,12,11,pr
HydroRipVeg,204,0,0,ordesa,12,11,pr
MedSclF,4249,0,0,ordesa,12,11,pr
RipF,860,0,0,ordesa,12,11,pr
RockScreeVeg,8649,0,0,ordesa,12,11,pr
SMedMarF,1645,0,0,ordesa,12,11,pr
Shrub,7577,0,0,ordesa,12,11,pr
TempDecF,20167,0,0,ordesa,12,11,pr
WaterSurf,20,0,0,ordesa,12,11,pr
AlpConF,27351,0,0,ordesa,12,12,pr
AlpScrGr,99970,0,0,ordesa,12,12,pr
ArtSurf,26,0,0,ordesa,12,12,pr
Grass,21101,0,0,ordesa,12,12,pr
HydroRipVeg,204,0,0,ordesa,12,12,pr
MedSclF,4190,0,0,ordesa,12,12,pr
RipF,854,0,0,ordesa,12,12,pr
RockScreeVeg,8568,0,0,ordesa,12,12,pr
SMedMarF,1625,0,0,ordesa,12,12,pr
Shrub,7507,0,0,ordesa,12,12,pr
TempDecF,19766,0,0,ordesa,12,12,pr
WaterSurf,20,0,0,ordesa,12,12,pr
AlpScrGr,483629,0,0,picoseuropa,1,1,pr
ArtSurf,2496,0,0,picoseuropa,1,1,pr
AtlScrub,36465,0,0,picoseuropa,1,1,pr
Crop,230,0,0,picoseuropa,1,1,pr
Dehesa,60,0,0,picoseuropa,1,1,pr
Grass,143161,0,0,picoseuropa,1,1,pr
HydroRipVeg,808,0,0,picoseuropa,1,1,pr
MedSclF,4576,0,0,picoseuropa,1,1,pr
MedScrub,14993,0,0,picoseuropa,1,1,pr
Reforestation,1264,0,0,picoseuropa,1,1,pr
RipF,952,0,0,picoseuropa,1,1,pr
RockScreeVeg,1117,0,0,picoseuropa,1,1,pr
SMedMarF,8457,0,0,picoseuropa,1,1,pr
Shrub,1579,0,0,picoseuropa,1,1,pr
TempDecF,253477,0,0,picoseuropa,1,1,pr
WaterSurf,715,0,0,picoseuropa,1,1,pr
AlpScrGr,487132,0,0,picoseuropa,1,2,pr
ArtSurf,2509,0,0,picoseuropa,1,2,pr
AtlScrub,36902,0,0,picoseuropa,1,2,pr
Crop,230,0,0,picoseuropa,1,2,pr
Dehesa,71,0,0,picoseuropa,1,2,pr
Grass,144344,0,0,picoseuropa,1,2,pr
HydroRipVeg,811,0,0,picoseuropa,1,2,pr
MedSclF,5374,0,0,picoseuropa,1,2,pr
MedScrub,15105,0,0,picoseuropa,1,2,pr
Reforestation,1269,0,0,picoseuropa,1,2,pr
RipF,953,0,0,picoseuropa,1,2,pr
RockScreeVeg,1134,0,0,picoseuropa,1,2,pr
SMedMarF,8552,0,0,picoseuropa,1,2,pr
Shrub,1597,0,0,picoseuropa,1,2,pr
TempDecF,256029,0,0,picoseuropa,1,2,pr
WaterSurf,737,0,0,picoseuropa,1,2,pr
AlpScrGr,487768,0,0,picoseuropa,1,3,pr
ArtSurf,2510,0,0,picoseuropa,1,3,pr
AtlScrub,36927,0,0,picoseuropa,1,3,pr
Crop,230,0,0,picoseuropa,1,3,pr
Dehesa,71,0,0,picoseuropa,1,3,pr
Grass,144481,0,0,picoseuropa,1,3,pr
HydroRipVeg,811,0,0,picoseuropa,1,3,pr
MedSclF,5590,0,0,picoseuropa,1,3,pr
MedScrub,15115,0,0,picoseuropa,1,3,pr
Reforestation,1269,0,0,picoseuropa,1,3,pr
RipF,953,0,0,picoseuropa,1,3,pr
RockScreeVeg,1135,0,0,picoseuropa,1,3,pr
SMedMarF,8558,0,0,picoseuropa,1,3,pr
Shrub,1599,0,0,picoseuropa,1,3,pr
TempDecF,256357,0,0,picoseuropa,1,3,pr
WaterSurf,760,0,0,picoseuropa,1,3,pr
AlpScrGr,487876,0,0,picoseuropa,1,4,pr
ArtSurf,2511,0,0,picoseuropa,1,4,pr
AtlScrub,36929,0,0,picoseuropa,1,4,pr
Crop,230,0,0,picoseuropa,1,4,pr
Dehesa,71,0,0,picoseuropa,1,4,pr
Grass,144505,0,0,picoseuropa,1,4,pr
HydroRipVeg,811,0,0,picoseuropa,1,4,pr
MedSclF,5591,0,0,picoseuropa,1,4,pr
MedScrub,15118,0,0,picoseuropa,1,4,pr
Reforestation,1269,0,0,picoseuropa,1,4,pr
RipF,953,0,0,picoseuropa,1,4,pr
RockScreeVeg,1135,0,0,picoseuropa,1,4,pr
SMedMarF,8558,0,0,picoseuropa,1,4,pr
Shrub,1599,0,0,picoseuropa,1,4,pr
TempDecF,256516,0,0,picoseuropa,1,4,pr
WaterSurf,763,0,0,picoseuropa,1,4,pr
AlpScrGr,487848,0,0,picoseuropa,1,5,pr
ArtSurf,2511,0,0,picoseuropa,1,5,pr
AtlScrub,36969,0,0,picoseuropa,1,5,pr
Crop,230,0,0,picoseuropa,1,5,pr
Dehesa,71,0,0,picoseuropa,1,5,pr
Grass,144570,0,0,picoseuropa,1,5,pr
HydroRipVeg,815,0,0,picoseuropa,1,5,pr
MedSclF,5631,0,0,picoseuropa,1,5,pr
MedScrub,15123,0,0,picoseuropa,1,5,pr
Reforestation,1269,0,0,picoseuropa,1,5,pr
RipF,953,0,0,picoseuropa,1,5,pr
RockScreeVeg,1135,0,0,picoseuropa,1,5,pr
SMedMarF,8558,0,0,picoseuropa,1,5,pr
Shrub,1599,0,0,picoseuropa,1,5,pr
TempDecF,256687,0,0,picoseuropa,1,5,pr
WaterSurf,773,0,0,picoseuropa,1,5,pr
AlpScrGr,487273,77,0.02,picoseuropa,1,6,pr
ArtSurf,2511,1,0.04,picoseuropa,1,6,pr
AtlScrub,36969,82,0.22,picoseuropa,1,6,pr
Crop,230,0,0,picoseuropa,1,6,pr
Dehesa,71,4,5.63,picoseuropa,1,6,pr
Grass,144593,169,0.12,picoseuropa,1,6,pr
HydroRipVeg,815,0,0,picoseuropa,1,6,pr
MedSclF,5631,35,0.62,picoseuropa,1,6,pr
MedScrub,15123,52,0.34,picoseuropa,1,6,pr
Reforestation,1269,0,0,picoseuropa,1,6,pr
RipF,953,1,0.1,picoseuropa,1,6,pr
RockScreeVeg,1135,3,0.26,picoseuropa,1,6,pr
SMedMarF,8558,3,0.04,picoseuropa,1,6,pr
Shrub,1599,9,0.56,picoseuropa,1,6,pr
TempDecF,256695,274,0.11,picoseuropa,1,6,pr
WaterSurf,774,0,0,picoseuropa,1,6,pr
AlpScrGr,497696,0,0,picoseuropa,1,7,pr
ArtSurf,2619,0,0,picoseuropa,1,7,pr
AtlScrub,36969,0,0,picoseuropa,1,7,pr
Crop,230,0,0,picoseuropa,1,7,pr
Dehesa,71,0,0,picoseuropa,1,7,pr
Grass,144792,0,0,picoseuropa,1,7,pr
HydroRipVeg,815,0,0,picoseuropa,1,7,pr
MedSclF,5631,0,0,picoseuropa,1,7,pr
MedScrub,15123,0,0,picoseuropa,1,7,pr
Reforestation,1269,0,0,picoseuropa,1,7,pr
RipF,953,0,0,picoseuropa,1,7,pr
RockScreeVeg,1135,0,0,picoseuropa,1,7,pr
SMedMarF,8558,0,0,picoseuropa,1,7,pr
Shrub,1599,0,0,picoseuropa,1,7,pr
TempDecF,256697,0,0,picoseuropa,1,7,pr
WaterSurf,774,0,0,picoseuropa,1,7,pr
AlpScrGr,504321,0,0,picoseuropa,1,8,pr
ArtSurf,2548,0,0,picoseuropa,1,8,pr
AtlScrub,36969,0,0,picoseuropa,1,8,pr
Crop,230,0,0,picoseuropa,1,8,pr
Dehesa,71,0,0,picoseuropa,1,8,pr
Grass,144733,0,0,picoseuropa,1,8,pr
HydroRipVeg,815,0,0,picoseuropa,1,8,pr
MedSclF,5631,0,0,picoseuropa,1,8,pr
MedScrub,15121,0,0,picoseuropa,1,8,pr
Reforestation,1269,0,0,picoseuropa,1,8,pr
RipF,953,0,0,picoseuropa,1,8,pr
RockScreeVeg,1135,0,0,picoseuropa,1,8,pr
SMedMarF,8558,0,0,picoseuropa,1,8,pr
Shrub,1599,0,0,picoseuropa,1,8,pr
TempDecF,256675,0,0,picoseuropa,1,8,pr
WaterSurf,771,0,0,picoseuropa,1,8,pr
AlpScrGr,522100,0,0,picoseuropa,1,9,pr
ArtSurf,2727,0,0,picoseuropa,1,9,pr
AtlScrub,36964,0,0,picoseuropa,1,9,pr
Crop,230,0,0,picoseuropa,1,9,pr
Dehesa,71,0,0,picoseuropa,1,9,pr
Grass,144813,0,0,picoseuropa,1,9,pr
HydroRipVeg,811,0,0,picoseuropa,1,9,pr
MedSclF,5617,0,0,picoseuropa,1,9,pr
MedScrub,15119,0,0,picoseuropa,1,9,pr
Reforestation,1269,0,0,picoseuropa,1,9,pr
RipF,953,0,0,picoseuropa,1,9,pr
RockScreeVeg,1135,0,0,picoseuropa,1,9,pr
SMedMarF,8558,0,0,picoseuropa,1,9,pr
Shrub,1599,0,0,picoseuropa,1,9,pr
TempDecF,256510,0,0,picoseuropa,1,9,pr
WaterSurf,761,0,0,picoseuropa,1,9,pr
AlpScrGr,503669,0,0,picoseuropa,1,10,pr
ArtSurf,2512,0,0,picoseuropa,1,10,pr
AtlScrub,36927,0,0,picoseuropa,1,10,pr
Crop,230,0,0,picoseuropa,1,10,pr
Dehesa,71,0,0,picoseuropa,1,10,pr
Grass,144539,0,0,picoseuropa,1,10,pr
HydroRipVeg,811,0,0,picoseuropa,1,10,pr
MedSclF,5580,0,0,picoseuropa,1,10,pr
MedScrub,15115,0,0,picoseuropa,1,10,pr
Reforestation,1269,0,0,picoseuropa,1,10,pr
RipF,953,0,0,picoseuropa,1,10,pr
RockScreeVeg,1135,0,0,picoseuropa,1,10,pr
SMedMarF,8558,0,0,picoseuropa,1,10,pr
Shrub,1599,0,0,picoseuropa,1,10,pr
TempDecF,256336,0,0,picoseuropa,1,10,pr
WaterSurf,752,0,0,picoseuropa,1,10,pr
AlpScrGr,486719,0,0,picoseuropa,1,11,pr
ArtSurf,2510,0,0,picoseuropa,1,11,pr
AtlScrub,36869,0,0,picoseuropa,1,11,pr
Crop,230,0,0,picoseuropa,1,11,pr
Dehesa,71,0,0,picoseuropa,1,11,pr
Grass,144253,0,0,picoseuropa,1,11,pr
HydroRipVeg,811,0,0,picoseuropa,1,11,pr
MedSclF,5373,0,0,picoseuropa,1,11,pr
MedScrub,15082,0,0,picoseuropa,1,11,pr
Reforestation,1269,0,0,picoseuropa,1,11,pr
RipF,953,0,0,picoseuropa,1,11,pr
RockScreeVeg,1132,0,0,picoseuropa,1,11,pr
SMedMarF,8555,0,0,picoseuropa,1,11,pr
Shrub,1598,0,0,picoseuropa,1,11,pr
TempDecF,255911,0,0,picoseuropa,1,11,pr
WaterSurf,745,0,0,picoseuropa,1,11,pr
AlpScrGr,482406,0,0,picoseuropa,1,12,pr
ArtSurf,2498,0,0,picoseuropa,1,12,pr
AtlScrub,36212,0,0,picoseuropa,1,12,pr
Crop,230,0,0,picoseuropa,1,12,pr
Dehesa,57,0,0,picoseuropa,1,12,pr
Grass,142707,0,0,picoseuropa,1,12,pr
HydroRipVeg,802,0,0,picoseuropa,1,12,pr
MedSclF,4578,0,0,picoseuropa,1,12,pr
MedScrub,14918,0,0,picoseuropa,1,12,pr
Reforestation,1266,0,0,picoseuropa,1,12,pr
RipF,953,0,0,picoseuropa,1,12,pr
RockScreeVeg,1099,0,0,picoseuropa,1,12,pr
SMedMarF,8419,0,0,picoseuropa,1,12,pr
Shrub,1532,0,0,picoseuropa,1,12,pr
TempDecF,252908,0,0,picoseuropa,1,12,pr
WaterSurf,708,0,0,picoseuropa,1,12,pr
AlpScrGr,483629,0,0,picoseuropa,3,1,pr
ArtSurf,2496,0,0,picoseuropa,3,1,pr
AtlScrub,36465,0,0,picoseuropa,3,1,pr
Crop,230,0,0,picoseuropa,3,1,pr
Dehesa,60,0,0,picoseuropa,3,1,pr
Grass,143161,0,0,picoseuropa,3,1,pr
HydroRipVeg,808,0,0,picoseuropa,3,1,pr
MedSclF,4576,0,0,picoseuropa,3,1,pr
MedScrub,14993,0,0,picoseuropa,3,1,pr
Reforestation,1264,0,0,picoseuropa,3,1,pr
RipF,952,0,0,picoseuropa,3,1,pr
RockScreeVeg,1117,0,0,picoseuropa,3,1,pr
SMedMarF,8457,0,0,picoseuropa,3,1,pr
Shrub,1579,0,0,picoseuropa,3,1,pr
TempDecF,253477,0,0,picoseuropa,3,1,pr
WaterSurf,715,0,0,picoseuropa,3,1,pr
AlpScrGr,487132,0,0,picoseuropa,3,2,pr
ArtSurf,2509,0,0,picoseuropa,3,2,pr
AtlScrub,36902,0,0,picoseuropa,3,2,pr
Crop,230,0,0,picoseuropa,3,2,pr
Dehesa,71,0,0,picoseuropa,3,2,pr
Grass,144344,0,0,picoseuropa,3,2,pr
HydroRipVeg,811,0,0,picoseuropa,3,2,pr
MedSclF,5374,0,0,picoseuropa,3,2,pr
MedScrub,15105,0,0,picoseuropa,3,2,pr
Reforestation,1269,0,0,picoseuropa,3,2,pr
RipF,953,0,0,picoseuropa,3,2,pr
RockScreeVeg,1134,0,0,picoseuropa,3,2,pr
SMedMarF,8552,0,0,picoseuropa,3,2,pr
Shrub,1597,0,0,picoseuropa,3,2,pr
TempDecF,256029,0,0,picoseuropa,3,2,pr
WaterSurf,737,0,0,picoseuropa,3,2,pr
AlpScrGr,487768,26174,5.37,picoseuropa,3,3,pr
ArtSurf,2510,232,9.24,picoseuropa,3,3,pr
AtlScrub,36927,886,2.4,picoseuropa,3,3,pr
Crop,230,3,1.3,picoseuropa,3,3,pr
Dehesa,71,0,0,picoseuropa,3,3,pr
Grass,144481,5894,4.08,picoseuropa,3,3,pr
HydroRipVeg,811,95,11.71,picoseuropa,3,3,pr
MedSclF,5590,69,1.23,picoseuropa,3,3,pr
MedScrub,15115,505,3.34,picoseuropa,3,3,pr
Reforestation,1269,10,0.79,picoseuropa,3,3,pr
RipF,953,34,3.57,picoseuropa,3,3,pr
RockScreeVeg,1135,13,1.15,picoseuropa,3,3,pr
SMedMarF,8558,34,0.4,picoseuropa,3,3,pr
Shrub,1599,65,4.07,picoseuropa,3,3,pr
TempDecF,256357,11886,4.64,picoseuropa,3,3,pr
WaterSurf,760,11,1.45,picoseuropa,3,3,pr
AlpScrGr,487876,127145,26.06,picoseuropa,3,4,pr
ArtSurf,2511,454,18.08,picoseuropa,3,4,pr
AtlScrub,36929,5912,16.01,picoseuropa,3,4,pr
Crop,230,7,3.04,picoseuropa,3,4,pr
Dehesa,71,0,0,picoseuropa,3,4,pr
Grass,144505,31015,21.46,picoseuropa,3,4,pr
HydroRipVeg,811,338,41.68,picoseuropa,3,4,pr
MedSclF,5591,253,4.53,picoseuropa,3,4,pr
MedScrub,15118,2448,16.19,picoseuropa,3,4,pr
Reforestation,1269,104,8.2,picoseuropa,3,4,pr
RipF,953,167,17.52,picoseuropa,3,4,pr
RockScreeVeg,1135,78,6.87,picoseuropa,3,4,pr
SMedMarF,8558,1304,15.24,picoseuropa,3,4,pr
Shrub,1599,402,25.14,picoseuropa,3,4,pr
TempDecF,256516,52273,20.38,picoseuropa,3,4,pr
WaterSurf,763,71,9.31,picoseuropa,3,4,pr
AlpScrGr,487848,0,0,picoseuropa,3,5,pr
ArtSurf,2511,0,0,picoseuropa,3,5,pr
AtlScrub,36969,0,0,picoseuropa,3,5,pr
Crop,230,0,0,picoseuropa,3,5,pr
Dehesa,71,0,0,picoseuropa,3,5,pr
Grass,144570,0,0,picoseuropa,3,5,pr
HydroRipVeg,815,0,0,picoseuropa,3,5,pr
MedSclF,5631,0,0,picoseuropa,3,5,pr
MedScrub,15123,0,0,picoseuropa,3,5,pr
Reforestation,1269,0,0,picoseuropa,3,5,pr
RipF,953,0,0,picoseuropa,3,5,pr
RockScreeVeg,1135,0,0,picoseuropa,3,5,pr
SMedMarF,8558,0,0,picoseuropa,3,5,pr
Shrub,1599,0,0,picoseuropa,3,5,pr
TempDecF,256687,0,0,picoseuropa,3,5,pr
WaterSurf,773,0,0,picoseuropa,3,5,pr
AlpScrGr,487273,0,0,picoseuropa,3,6,pr
ArtSurf,2511,0,0,picoseuropa,3,6,pr
AtlScrub,36969,0,0,picoseuropa,3,6,pr
Crop,230,0,0,picoseuropa,3,6,pr
Dehesa,71,0,0,picoseuropa,3,6,pr
Grass,144593,0,0,picoseuropa,3,6,pr
HydroRipVeg,815,0,0,picoseuropa,3,6,pr
MedSclF,5631,0,0,picoseuropa,3,6,pr
MedScrub,15123,0,0,picoseuropa,3,6,pr
Reforestation,1269,0,0,picoseuropa,3,6,pr
RipF,953,0,0,picoseuropa,3,6,pr
RockScreeVeg,1135,0,0,picoseuropa,3,6,pr
SMedMarF,8558,0,0,picoseuropa,3,6,pr
Shrub,1599,0,0,picoseuropa,3,6,pr
TempDecF,256695,0,0,picoseuropa,3,6,pr
WaterSurf,774,0,0,picoseuropa,3,6,pr
AlpScrGr,497696,278,0.06,picoseuropa,3,7,pr
ArtSurf,2619,1,0.04,picoseuropa,3,7,pr
AtlScrub,36969,1,0,picoseuropa,3,7,pr
Crop,230,0,0,picoseuropa,3,7,pr
Dehesa,71,0,0,picoseuropa,3,7,pr
Grass,144792,6,0,picoseuropa,3,7,pr
HydroRipVeg,815,0,0,picoseuropa,3,7,pr
MedSclF,5631,1,0.02,picoseuropa,3,7,pr
MedScrub,15123,0,0,picoseuropa,3,7,pr
Reforestation,1269,10,0.79,picoseuropa,3,7,pr
RipF,953,4,0.42,picoseuropa,3,7,pr
RockScreeVeg,1135,0,0,picoseuropa,3,7,pr
SMedMarF,8558,0,0,picoseuropa,3,7,pr
Shrub,1599,0,0,picoseuropa,3,7,pr
TempDecF,256697,46,0.02,picoseuropa,3,7,pr
WaterSurf,774,0,0,picoseuropa,3,7,pr
AlpScrGr,504321,128,0.03,picoseuropa,3,8,pr
ArtSurf,2548,1,0.04,picoseuropa,3,8,pr
AtlScrub,36969,49,0.13,picoseuropa,3,8,pr
Crop,230,0,0,picoseuropa,3,8,pr
Dehesa,71,0,0,picoseuropa,3,8,pr
Grass,144733,52,0.04,picoseuropa,3,8,pr
HydroRipVeg,815,0,0,picoseuropa,3,8,pr
MedSclF,5631,8,0.14,picoseuropa,3,8,pr
MedScrub,15121,6,0.04,picoseuropa,3,8,pr
Reforestation,1269,51,4.02,picoseuropa,3,8,pr
RipF,953,1,0.1,picoseuropa,3,8,pr
RockScreeVeg,1135,0,0,picoseuropa,3,8,pr
SMedMarF,8558,9,0.11,picoseuropa,3,8,pr
Shrub,1599,1,0.06,picoseuropa,3,8,pr
TempDecF,256675,640,0.25,picoseuropa,3,8,pr
WaterSurf,771,5,0.65,picoseuropa,3,8,pr
AlpScrGr,522100,100,0.02,picoseuropa,3,9,pr
ArtSurf,2727,0,0,picoseuropa,3,9,pr
AtlScrub,36964,1,0,picoseuropa,3,9,pr
Crop,230,0,0,picoseuropa,3,9,pr
Dehesa,71,0,0,picoseuropa,3,9,pr
Grass,144813,13,0.01,picoseuropa,3,9,pr
HydroRipVeg,811,0,0,picoseuropa,3,9,pr
MedSclF,5617,2,0.04,picoseuropa,3,9,pr
MedScrub,15119,4,0.03,picoseuropa,3,9,pr
Reforestation,1269,0,0,picoseuropa,3,9,pr
RipF,953,0,0,picoseuropa,3,9,pr
RockScreeVeg,1135,0,0,picoseuropa,3,9,pr
SMedMarF,8558,14,0.16,picoseuropa,3,9,pr
Shrub,1599,0,0,picoseuropa,3,9,pr
TempDecF,256510,244,0.1,picoseuropa,3,9,pr
WaterSurf,761,0,0,picoseuropa,3,9,pr
AlpScrGr,503669,0,0,picoseuropa,3,10,pr
ArtSurf,2512,0,0,picoseuropa,3,10,pr
AtlScrub,36927,0,0,picoseuropa,3,10,pr
Crop,230,0,0,picoseuropa,3,10,pr
Dehesa,71,0,0,picoseuropa,3,10,pr
Grass,144539,0,0,picoseuropa,3,10,pr
HydroRipVeg,811,0,0,picoseuropa,3,10,pr
MedSclF,5580,0,0,picoseuropa,3,10,pr
MedScrub,15115,0,0,picoseuropa,3,10,pr
Reforestation,1269,0,0,picoseuropa,3,10,pr
RipF,953,0,0,picoseuropa,3,10,pr
RockScreeVeg,1135,0,0,picoseuropa,3,10,pr
SMedMarF,8558,0,0,picoseuropa,3,10,pr
Shrub,1599,0,0,picoseuropa,3,10,pr
TempDecF,256336,0,0,picoseuropa,3,10,pr
WaterSurf,752,0,0,picoseuropa,3,10,pr
AlpScrGr,486719,0,0,picoseuropa,3,11,pr
ArtSurf,2510,0,0,picoseuropa,3,11,pr
AtlScrub,36869,0,0,picoseuropa,3,11,pr
Crop,230,0,0,picoseuropa,3,11,pr
Dehesa,71,0,0,picoseuropa,3,11,pr
Grass,144253,0,0,picoseuropa,3,11,pr
HydroRipVeg,811,0,0,picoseuropa,3,11,pr
MedSclF,5373,0,0,picoseuropa,3,11,pr
MedScrub,15082,0,0,picoseuropa,3,11,pr
Reforestation,1269,0,0,picoseuropa,3,11,pr
RipF,953,0,0,picoseuropa,3,11,pr
RockScreeVeg,1132,0,0,picoseuropa,3,11,pr
SMedMarF,8555,0,0,picoseuropa,3,11,pr
Shrub,1598,0,0,picoseuropa,3,11,pr
TempDecF,255911,0,0,picoseuropa,3,11,pr
WaterSurf,745,0,0,picoseuropa,3,11,pr
AlpScrGr,482406,0,0,picoseuropa,3,12,pr
ArtSurf,2498,0,0,picoseuropa,3,12,pr
AtlScrub,36212,0,0,picoseuropa,3,12,pr
Crop,230,0,0,picoseuropa,3,12,pr
Dehesa,57,0,0,picoseuropa,3,12,pr
Grass,142707,0,0,picoseuropa,3,12,pr
HydroRipVeg,802,0,0,picoseuropa,3,12,pr
MedSclF,4578,0,0,picoseuropa,3,12,pr
MedScrub,14918,0,0,picoseuropa,3,12,pr
Reforestation,1266,0,0,picoseuropa,3,12,pr
RipF,953,0,0,picoseuropa,3,12,pr
RockScreeVeg,1099,0,0,picoseuropa,3,12,pr
SMedMarF,8419,0,0,picoseuropa,3,12,pr
Shrub,1532,0,0,picoseuropa,3,12,pr
TempDecF,252908,0,0,picoseuropa,3,12,pr
WaterSurf,708,0,0,picoseuropa,3,12,pr
AlpScrGr,483629,0,0,picoseuropa,6,1,pr
ArtSurf,2496,0,0,picoseuropa,6,1,pr
AtlScrub,36465,0,0,picoseuropa,6,1,pr
Crop,230,0,0,picoseuropa,6,1,pr
Dehesa,60,0,0,picoseuropa,6,1,pr
Grass,143161,0,0,picoseuropa,6,1,pr
HydroRipVeg,808,0,0,picoseuropa,6,1,pr
MedSclF,4576,0,0,picoseuropa,6,1,pr
MedScrub,14993,0,0,picoseuropa,6,1,pr
Reforestation,1264,0,0,picoseuropa,6,1,pr
RipF,952,0,0,picoseuropa,6,1,pr
RockScreeVeg,1117,0,0,picoseuropa,6,1,pr
SMedMarF,8457,0,0,picoseuropa,6,1,pr
Shrub,1579,0,0,picoseuropa,6,1,pr
TempDecF,253477,0,0,picoseuropa,6,1,pr
WaterSurf,715,0,0,picoseuropa,6,1,pr
AlpScrGr,487132,0,0,picoseuropa,6,2,pr
ArtSurf,2509,0,0,picoseuropa,6,2,pr
AtlScrub,36902,0,0,picoseuropa,6,2,pr
Crop,230,0,0,picoseuropa,6,2,pr
Dehesa,71,0,0,picoseuropa,6,2,pr
Grass,144344,0,0,picoseuropa,6,2,pr
HydroRipVeg,811,0,0,picoseuropa,6,2,pr
MedSclF,5374,0,0,picoseuropa,6,2,pr
MedScrub,15105,0,0,picoseuropa,6,2,pr
Reforestation,1269,0,0,picoseuropa,6,2,pr
RipF,953,0,0,picoseuropa,6,2,pr
RockScreeVeg,1134,0,0,picoseuropa,6,2,pr
SMedMarF,8552,0,0,picoseuropa,6,2,pr
Shrub,1597,0,0,picoseuropa,6,2,pr
TempDecF,256029,0,0,picoseuropa,6,2,pr
WaterSurf,737,0,0,picoseuropa,6,2,pr
AlpScrGr,487768,0,0,picoseuropa,6,3,pr
ArtSurf,2510,0,0,picoseuropa,6,3,pr
AtlScrub,36927,0,0,picoseuropa,6,3,pr
Crop,230,0,0,picoseuropa,6,3,pr
Dehesa,71,0,0,picoseuropa,6,3,pr
Grass,144481,0,0,picoseuropa,6,3,pr
HydroRipVeg,811,0,0,picoseuropa,6,3,pr
MedSclF,5590,0,0,picoseuropa,6,3,pr
MedScrub,15115,0,0,picoseuropa,6,3,pr
Reforestation,1269,0,0,picoseuropa,6,3,pr
RipF,953,0,0,picoseuropa,6,3,pr
RockScreeVeg,1135,0,0,picoseuropa,6,3,pr
SMedMarF,8558,0,0,picoseuropa,6,3,pr
Shrub,1599,0,0,picoseuropa,6,3,pr
TempDecF,256357,0,0,picoseuropa,6,3,pr
WaterSurf,760,0,0,picoseuropa,6,3,pr
AlpScrGr,487876,0,0,picoseuropa,6,4,pr
ArtSurf,2511,0,0,picoseuropa,6,4,pr
AtlScrub,36929,0,0,picoseuropa,6,4,pr
Crop,230,0,0,picoseuropa,6,4,pr
Dehesa,71,0,0,picoseuropa,6,4,pr
Grass,144505,0,0,picoseuropa,6,4,pr
HydroRipVeg,811,0,0,picoseuropa,6,4,pr
MedSclF,5591,0,0,picoseuropa,6,4,pr
MedScrub,15118,0,0,picoseuropa,6,4,pr
Reforestation,1269,0,0,picoseuropa,6,4,pr
RipF,953,0,0,picoseuropa,6,4,pr
RockScreeVeg,1135,0,0,picoseuropa,6,4,pr
SMedMarF,8558,0,0,picoseuropa,6,4,pr
Shrub,1599,0,0,picoseuropa,6,4,pr
TempDecF,256516,0,0,picoseuropa,6,4,pr
WaterSurf,763,0,0,picoseuropa,6,4,pr
AlpScrGr,487848,0,0,picoseuropa,6,5,pr
ArtSurf,2511,0,0,picoseuropa,6,5,pr
AtlScrub,36969,0,0,picoseuropa,6,5,pr
Crop,230,0,0,picoseuropa,6,5,pr
Dehesa,71,0,0,picoseuropa,6,5,pr
Grass,144570,0,0,picoseuropa,6,5,pr
HydroRipVeg,815,0,0,picoseuropa,6,5,pr
MedSclF,5631,0,0,picoseuropa,6,5,pr
MedScrub,15123,0,0,picoseuropa,6,5,pr
Reforestation,1269,0,0,picoseuropa,6,5,pr
RipF,953,0,0,picoseuropa,6,5,pr
RockScreeVeg,1135,0,0,picoseuropa,6,5,pr
SMedMarF,8558,0,0,picoseuropa,6,5,pr
Shrub,1599,0,0,picoseuropa,6,5,pr
TempDecF,256687,0,0,picoseuropa,6,5,pr
WaterSurf,773,0,0,picoseuropa,6,5,pr
AlpScrGr,487273,9,0,picoseuropa,6,6,pr
ArtSurf,2511,0,0,picoseuropa,6,6,pr
AtlScrub,36969,0,0,picoseuropa,6,6,pr
Crop,230,0,0,picoseuropa,6,6,pr
Dehesa,71,0,0,picoseuropa,6,6,pr
Grass,144593,0,0,picoseuropa,6,6,pr
HydroRipVeg,815,0,0,picoseuropa,6,6,pr
MedSclF,5631,0,0,picoseuropa,6,6,pr
MedScrub,15123,0,0,picoseuropa,6,6,pr
Reforestation,1269,0,0,picoseuropa,6,6,pr
RipF,953,0,0,picoseuropa,6,6,pr
RockScreeVeg,1135,0,0,picoseuropa,6,6,pr
SMedMarF,8558,0,0,picoseuropa,6,6,pr
Shrub,1599,0,0,picoseuropa,6,6,pr
TempDecF,256695,0,0,picoseuropa,6,6,pr
WaterSurf,774,0,0,picoseuropa,6,6,pr
AlpScrGr,497696,38,0.01,picoseuropa,6,7,pr
ArtSurf,2619,0,0,picoseuropa,6,7,pr
AtlScrub,36969,0,0,picoseuropa,6,7,pr
Crop,230,0,0,picoseuropa,6,7,pr
Dehesa,71,0,0,picoseuropa,6,7,pr
Grass,144792,1,0,picoseuropa,6,7,pr
HydroRipVeg,815,0,0,picoseuropa,6,7,pr
MedSclF,5631,0,0,picoseuropa,6,7,pr
MedScrub,15123,0,0,picoseuropa,6,7,pr
Reforestation,1269,0,0,picoseuropa,6,7,pr
RipF,953,0,0,picoseuropa,6,7,pr
RockScreeVeg,1135,0,0,picoseuropa,6,7,pr
SMedMarF,8558,0,0,picoseuropa,6,7,pr
Shrub,1599,0,0,picoseuropa,6,7,pr
TempDecF,256697,0,0,picoseuropa,6,7,pr
WaterSurf,774,0,0,picoseuropa,6,7,pr
AlpScrGr,504321,0,0,picoseuropa,6,8,pr
ArtSurf,2548,0,0,picoseuropa,6,8,pr
AtlScrub,36969,0,0,picoseuropa,6,8,pr
Crop,230,0,0,picoseuropa,6,8,pr
Dehesa,71,0,0,picoseuropa,6,8,pr
Grass,144733,0,0,picoseuropa,6,8,pr
HydroRipVeg,815,0,0,picoseuropa,6,8,pr
MedSclF,5631,0,0,picoseuropa,6,8,pr
MedScrub,15121,0,0,picoseuropa,6,8,pr
Reforestation,1269,0,0,picoseuropa,6,8,pr
RipF,953,0,0,picoseuropa,6,8,pr
RockScreeVeg,1135,0,0,picoseuropa,6,8,pr
SMedMarF,8558,0,0,picoseuropa,6,8,pr
Shrub,1599,0,0,picoseuropa,6,8,pr
TempDecF,256675,0,0,picoseuropa,6,8,pr
WaterSurf,771,0,0,picoseuropa,6,8,pr
AlpScrGr,522100,0,0,picoseuropa,6,9,pr
ArtSurf,2727,0,0,picoseuropa,6,9,pr
AtlScrub,36964,0,0,picoseuropa,6,9,pr
Crop,230,0,0,picoseuropa,6,9,pr
Dehesa,71,0,0,picoseuropa,6,9,pr
Grass,144813,0,0,picoseuropa,6,9,pr
HydroRipVeg,811,0,0,picoseuropa,6,9,pr
MedSclF,5617,0,0,picoseuropa,6,9,pr
MedScrub,15119,0,0,picoseuropa,6,9,pr
Reforestation,1269,0,0,picoseuropa,6,9,pr
RipF,953,0,0,picoseuropa,6,9,pr
RockScreeVeg,1135,0,0,picoseuropa,6,9,pr
SMedMarF,8558,0,0,picoseuropa,6,9,pr
Shrub,1599,0,0,picoseuropa,6,9,pr
TempDecF,256510,0,0,picoseuropa,6,9,pr
WaterSurf,761,0,0,picoseuropa,6,9,pr
AlpScrGr,503669,0,0,picoseuropa,6,10,pr
ArtSurf,2512,0,0,picoseuropa,6,10,pr
AtlScrub,36927,0,0,picoseuropa,6,10,pr
Crop,230,0,0,picoseuropa,6,10,pr
Dehesa,71,0,0,picoseuropa,6,10,pr
Grass,144539,0,0,picoseuropa,6,10,pr
HydroRipVeg,811,0,0,picoseuropa,6,10,pr
MedSclF,5580,0,0,picoseuropa,6,10,pr
MedScrub,15115,0,0,picoseuropa,6,10,pr
Reforestation,1269,0,0,picoseuropa,6,10,pr
RipF,953,0,0,picoseuropa,6,10,pr
RockScreeVeg,1135,0,0,picoseuropa,6,10,pr
SMedMarF,8558,0,0,picoseuropa,6,10,pr
Shrub,1599,0,0,picoseuropa,6,10,pr
TempDecF,256336,0,0,picoseuropa,6,10,pr
WaterSurf,752,0,0,picoseuropa,6,10,pr
AlpScrGr,486719,0,0,picoseuropa,6,11,pr
ArtSurf,2510,0,0,picoseuropa,6,11,pr
AtlScrub,36869,0,0,picoseuropa,6,11,pr
Crop,230,0,0,picoseuropa,6,11,pr
Dehesa,71,0,0,picoseuropa,6,11,pr
Grass,144253,0,0,picoseuropa,6,11,pr
HydroRipVeg,811,0,0,picoseuropa,6,11,pr
MedSclF,5373,0,0,picoseuropa,6,11,pr
MedScrub,15082,0,0,picoseuropa,6,11,pr
Reforestation,1269,0,0,picoseuropa,6,11,pr
RipF,953,0,0,picoseuropa,6,11,pr
RockScreeVeg,1132,0,0,picoseuropa,6,11,pr
SMedMarF,8555,0,0,picoseuropa,6,11,pr
Shrub,1598,0,0,picoseuropa,6,11,pr
TempDecF,255911,0,0,picoseuropa,6,11,pr
WaterSurf,745,0,0,picoseuropa,6,11,pr
AlpScrGr,482406,0,0,picoseuropa,6,12,pr
ArtSurf,2498,0,0,picoseuropa,6,12,pr
AtlScrub,36212,0,0,picoseuropa,6,12,pr
Crop,230,0,0,picoseuropa,6,12,pr
Dehesa,57,0,0,picoseuropa,6,12,pr
Grass,142707,0,0,picoseuropa,6,12,pr
HydroRipVeg,802,0,0,picoseuropa,6,12,pr
MedSclF,4578,0,0,picoseuropa,6,12,pr
MedScrub,14918,0,0,picoseuropa,6,12,pr
Reforestation,1266,0,0,picoseuropa,6,12,pr
RipF,953,0,0,picoseuropa,6,12,pr
RockScreeVeg,1099,0,0,picoseuropa,6,12,pr
SMedMarF,8419,0,0,picoseuropa,6,12,pr
Shrub,1532,0,0,picoseuropa,6,12,pr
TempDecF,252908,0,0,picoseuropa,6,12,pr
WaterSurf,708,0,0,picoseuropa,6,12,pr
AlpScrGr,483629,0,0,picoseuropa,9,1,pr
ArtSurf,2496,0,0,picoseuropa,9,1,pr
AtlScrub,36465,0,0,picoseuropa,9,1,pr
Crop,230,0,0,picoseuropa,9,1,pr
Dehesa,60,0,0,picoseuropa,9,1,pr
Grass,143161,0,0,picoseuropa,9,1,pr
HydroRipVeg,808,0,0,picoseuropa,9,1,pr
MedSclF,4576,0,0,picoseuropa,9,1,pr
MedScrub,14993,0,0,picoseuropa,9,1,pr
Reforestation,1264,0,0,picoseuropa,9,1,pr
RipF,952,0,0,picoseuropa,9,1,pr
RockScreeVeg,1117,0,0,picoseuropa,9,1,pr
SMedMarF,8457,0,0,picoseuropa,9,1,pr
Shrub,1579,0,0,picoseuropa,9,1,pr
TempDecF,253477,0,0,picoseuropa,9,1,pr
WaterSurf,715,0,0,picoseuropa,9,1,pr
AlpScrGr,487132,0,0,picoseuropa,9,2,pr
ArtSurf,2509,0,0,picoseuropa,9,2,pr
AtlScrub,36902,0,0,picoseuropa,9,2,pr
Crop,230,0,0,picoseuropa,9,2,pr
Dehesa,71,0,0,picoseuropa,9,2,pr
Grass,144344,0,0,picoseuropa,9,2,pr
HydroRipVeg,811,0,0,picoseuropa,9,2,pr
MedSclF,5374,0,0,picoseuropa,9,2,pr
MedScrub,15105,0,0,picoseuropa,9,2,pr
Reforestation,1269,0,0,picoseuropa,9,2,pr
RipF,953,0,0,picoseuropa,9,2,pr
RockScreeVeg,1134,0,0,picoseuropa,9,2,pr
SMedMarF,8552,0,0,picoseuropa,9,2,pr
Shrub,1597,0,0,picoseuropa,9,2,pr
TempDecF,256029,0,0,picoseuropa,9,2,pr
WaterSurf,737,0,0,picoseuropa,9,2,pr
AlpScrGr,487768,0,0,picoseuropa,9,3,pr
ArtSurf,2510,0,0,picoseuropa,9,3,pr
AtlScrub,36927,0,0,picoseuropa,9,3,pr
Crop,230,0,0,picoseuropa,9,3,pr
Dehesa,71,0,0,picoseuropa,9,3,pr
Grass,144481,0,0,picoseuropa,9,3,pr
HydroRipVeg,811,0,0,picoseuropa,9,3,pr
MedSclF,5590,0,0,picoseuropa,9,3,pr
MedScrub,15115,0,0,picoseuropa,9,3,pr
Reforestation,1269,0,0,picoseuropa,9,3,pr
RipF,953,0,0,picoseuropa,9,3,pr
RockScreeVeg,1135,0,0,picoseuropa,9,3,pr
SMedMarF,8558,0,0,picoseuropa,9,3,pr
Shrub,1599,0,0,picoseuropa,9,3,pr
TempDecF,256357,0,0,picoseuropa,9,3,pr
WaterSurf,760,0,0,picoseuropa,9,3,pr
AlpScrGr,487876,0,0,picoseuropa,9,4,pr
ArtSurf,2511,0,0,picoseuropa,9,4,pr
AtlScrub,36929,0,0,picoseuropa,9,4,pr
Crop,230,0,0,picoseuropa,9,4,pr
Dehesa,71,0,0,picoseuropa,9,4,pr
Grass,144505,0,0,picoseuropa,9,4,pr
HydroRipVeg,811,0,0,picoseuropa,9,4,pr
MedSclF,5591,0,0,picoseuropa,9,4,pr
MedScrub,15118,0,0,picoseuropa,9,4,pr
Reforestation,1269,0,0,picoseuropa,9,4,pr
RipF,953,0,0,picoseuropa,9,4,pr
RockScreeVeg,1135,0,0,picoseuropa,9,4,pr
SMedMarF,8558,0,0,picoseuropa,9,4,pr
Shrub,1599,0,0,picoseuropa,9,4,pr
TempDecF,256516,0,0,picoseuropa,9,4,pr
WaterSurf,763,0,0,picoseuropa,9,4,pr
AlpScrGr,487848,0,0,picoseuropa,9,5,pr
ArtSurf,2511,0,0,picoseuropa,9,5,pr
AtlScrub,36969,0,0,picoseuropa,9,5,pr
Crop,230,0,0,picoseuropa,9,5,pr
Dehesa,71,0,0,picoseuropa,9,5,pr
Grass,144570,0,0,picoseuropa,9,5,pr
HydroRipVeg,815,0,0,picoseuropa,9,5,pr
MedSclF,5631,0,0,picoseuropa,9,5,pr
MedScrub,15123,0,0,picoseuropa,9,5,pr
Reforestation,1269,0,0,picoseuropa,9,5,pr
RipF,953,0,0,picoseuropa,9,5,pr
RockScreeVeg,1135,0,0,picoseuropa,9,5,pr
SMedMarF,8558,0,0,picoseuropa,9,5,pr
Shrub,1599,0,0,picoseuropa,9,5,pr
TempDecF,256687,0,0,picoseuropa,9,5,pr
WaterSurf,773,0,0,picoseuropa,9,5,pr
AlpScrGr,487273,0,0,picoseuropa,9,6,pr
ArtSurf,2511,0,0,picoseuropa,9,6,pr
AtlScrub,36969,0,0,picoseuropa,9,6,pr
Crop,230,0,0,picoseuropa,9,6,pr
Dehesa,71,0,0,picoseuropa,9,6,pr
Grass,144593,0,0,picoseuropa,9,6,pr
HydroRipVeg,815,0,0,picoseuropa,9,6,pr
MedSclF,5631,0,0,picoseuropa,9,6,pr
MedScrub,15123,0,0,picoseuropa,9,6,pr
Reforestation,1269,0,0,picoseuropa,9,6,pr
RipF,953,0,0,picoseuropa,9,6,pr
RockScreeVeg,1135,0,0,picoseuropa,9,6,pr
SMedMarF,8558,0,0,picoseuropa,9,6,pr
Shrub,1599,0,0,picoseuropa,9,6,pr
TempDecF,256695,0,0,picoseuropa,9,6,pr
WaterSurf,774,0,0,picoseuropa,9,6,pr
AlpScrGr,497696,0,0,picoseuropa,9,7,pr
ArtSurf,2619,0,0,picoseuropa,9,7,pr
AtlScrub,36969,0,0,picoseuropa,9,7,pr
Crop,230,0,0,picoseuropa,9,7,pr
Dehesa,71,0,0,picoseuropa,9,7,pr
Grass,144792,0,0,picoseuropa,9,7,pr
HydroRipVeg,815,0,0,picoseuropa,9,7,pr
MedSclF,5631,0,0,picoseuropa,9,7,pr
MedScrub,15123,0,0,picoseuropa,9,7,pr
Reforestation,1269,0,0,picoseuropa,9,7,pr
RipF,953,0,0,picoseuropa,9,7,pr
RockScreeVeg,1135,0,0,picoseuropa,9,7,pr
SMedMarF,8558,0,0,picoseuropa,9,7,pr
Shrub,1599,0,0,picoseuropa,9,7,pr
TempDecF,256697,0,0,picoseuropa,9,7,pr
WaterSurf,774,0,0,picoseuropa,9,7,pr
AlpScrGr,504321,0,0,picoseuropa,9,8,pr
ArtSurf,2548,0,0,picoseuropa,9,8,pr
AtlScrub,36969,0,0,picoseuropa,9,8,pr
Crop,230,0,0,picoseuropa,9,8,pr
Dehesa,71,0,0,picoseuropa,9,8,pr
Grass,144733,0,0,picoseuropa,9,8,pr
HydroRipVeg,815,0,0,picoseuropa,9,8,pr
MedSclF,5631,0,0,picoseuropa,9,8,pr
MedScrub,15121,0,0,picoseuropa,9,8,pr
Reforestation,1269,0,0,picoseuropa,9,8,pr
RipF,953,0,0,picoseuropa,9,8,pr
RockScreeVeg,1135,0,0,picoseuropa,9,8,pr
SMedMarF,8558,0,0,picoseuropa,9,8,pr
Shrub,1599,0,0,picoseuropa,9,8,pr
TempDecF,256675,0,0,picoseuropa,9,8,pr
WaterSurf,771,0,0,picoseuropa,9,8,pr
AlpScrGr,522100,0,0,picoseuropa,9,9,pr
ArtSurf,2727,0,0,picoseuropa,9,9,pr
AtlScrub,36964,0,0,picoseuropa,9,9,pr
Crop,230,0,0,picoseuropa,9,9,pr
Dehesa,71,0,0,picoseuropa,9,9,pr
Grass,144813,0,0,picoseuropa,9,9,pr
HydroRipVeg,811,0,0,picoseuropa,9,9,pr
MedSclF,5617,0,0,picoseuropa,9,9,pr
MedScrub,15119,0,0,picoseuropa,9,9,pr
Reforestation,1269,0,0,picoseuropa,9,9,pr
RipF,953,0,0,picoseuropa,9,9,pr
RockScreeVeg,1135,0,0,picoseuropa,9,9,pr
SMedMarF,8558,0,0,picoseuropa,9,9,pr
Shrub,1599,0,0,picoseuropa,9,9,pr
TempDecF,256510,0,0,picoseuropa,9,9,pr
WaterSurf,761,0,0,picoseuropa,9,9,pr
AlpScrGr,503669,0,0,picoseuropa,9,10,pr
ArtSurf,2512,0,0,picoseuropa,9,10,pr
AtlScrub,36927,0,0,picoseuropa,9,10,pr
Crop,230,0,0,picoseuropa,9,10,pr
Dehesa,71,0,0,picoseuropa,9,10,pr
Grass,144539,0,0,picoseuropa,9,10,pr
HydroRipVeg,811,0,0,picoseuropa,9,10,pr
MedSclF,5580,0,0,picoseuropa,9,10,pr
MedScrub,15115,0,0,picoseuropa,9,10,pr
Reforestation,1269,0,0,picoseuropa,9,10,pr
RipF,953,0,0,picoseuropa,9,10,pr
RockScreeVeg,1135,0,0,picoseuropa,9,10,pr
SMedMarF,8558,0,0,picoseuropa,9,10,pr
Shrub,1599,0,0,picoseuropa,9,10,pr
TempDecF,256336,0,0,picoseuropa,9,10,pr
WaterSurf,752,0,0,picoseuropa,9,10,pr
AlpScrGr,486719,0,0,picoseuropa,9,11,pr
ArtSurf,2510,0,0,picoseuropa,9,11,pr
AtlScrub,36869,0,0,picoseuropa,9,11,pr
Crop,230,0,0,picoseuropa,9,11,pr
Dehesa,71,0,0,picoseuropa,9,11,pr
Grass,144253,0,0,picoseuropa,9,11,pr
HydroRipVeg,811,0,0,picoseuropa,9,11,pr
MedSclF,5373,0,0,picoseuropa,9,11,pr
MedScrub,15082,0,0,picoseuropa,9,11,pr
Reforestation,1269,0,0,picoseuropa,9,11,pr
RipF,953,0,0,picoseuropa,9,11,pr
RockScreeVeg,1132,0,0,picoseuropa,9,11,pr
SMedMarF,8555,0,0,picoseuropa,9,11,pr
Shrub,1598,0,0,picoseuropa,9,11,pr
TempDecF,255911,0,0,picoseuropa,9,11,pr
WaterSurf,745,0,0,picoseuropa,9,11,pr
AlpScrGr,482406,0,0,picoseuropa,9,12,pr
ArtSurf,2498,0,0,picoseuropa,9,12,pr
AtlScrub,36212,0,0,picoseuropa,9,12,pr
Crop,230,0,0,picoseuropa,9,12,pr
Dehesa,57,0,0,picoseuropa,9,12,pr
Grass,142707,0,0,picoseuropa,9,12,pr
HydroRipVeg,802,0,0,picoseuropa,9,12,pr
MedSclF,4578,0,0,picoseuropa,9,12,pr
MedScrub,14918,0,0,picoseuropa,9,12,pr
Reforestation,1266,0,0,picoseuropa,9,12,pr
RipF,953,0,0,picoseuropa,9,12,pr
RockScreeVeg,1099,0,0,picoseuropa,9,12,pr
SMedMarF,8419,0,0,picoseuropa,9,12,pr
Shrub,1532,0,0,picoseuropa,9,12,pr
TempDecF,252908,0,0,picoseuropa,9,12,pr
WaterSurf,708,0,0,picoseuropa,9,12,pr
AlpScrGr,483629,0,0,picoseuropa,12,1,pr
ArtSurf,2496,0,0,picoseuropa,12,1,pr
AtlScrub,36465,0,0,picoseuropa,12,1,pr
Crop,230,0,0,picoseuropa,12,1,pr
Dehesa,60,0,0,picoseuropa,12,1,pr
Grass,143161,0,0,picoseuropa,12,1,pr
HydroRipVeg,808,0,0,picoseuropa,12,1,pr
MedSclF,4576,0,0,picoseuropa,12,1,pr
MedScrub,14993,0,0,picoseuropa,12,1,pr
Reforestation,1264,0,0,picoseuropa,12,1,pr
RipF,952,0,0,picoseuropa,12,1,pr
RockScreeVeg,1117,0,0,picoseuropa,12,1,pr
SMedMarF,8457,0,0,picoseuropa,12,1,pr
Shrub,1579,0,0,picoseuropa,12,1,pr
TempDecF,253477,0,0,picoseuropa,12,1,pr
WaterSurf,715,0,0,picoseuropa,12,1,pr
AlpScrGr,487132,0,0,picoseuropa,12,2,pr
ArtSurf,2509,0,0,picoseuropa,12,2,pr
AtlScrub,36902,0,0,picoseuropa,12,2,pr
Crop,230,0,0,picoseuropa,12,2,pr
Dehesa,71,0,0,picoseuropa,12,2,pr
Grass,144344,0,0,picoseuropa,12,2,pr
HydroRipVeg,811,0,0,picoseuropa,12,2,pr
MedSclF,5374,0,0,picoseuropa,12,2,pr
MedScrub,15105,0,0,picoseuropa,12,2,pr
Reforestation,1269,0,0,picoseuropa,12,2,pr
RipF,953,0,0,picoseuropa,12,2,pr
RockScreeVeg,1134,0,0,picoseuropa,12,2,pr
SMedMarF,8552,0,0,picoseuropa,12,2,pr
Shrub,1597,0,0,picoseuropa,12,2,pr
TempDecF,256029,0,0,picoseuropa,12,2,pr
WaterSurf,737,0,0,picoseuropa,12,2,pr
AlpScrGr,487768,0,0,picoseuropa,12,3,pr
ArtSurf,2510,0,0,picoseuropa,12,3,pr
AtlScrub,36927,0,0,picoseuropa,12,3,pr
Crop,230,0,0,picoseuropa,12,3,pr
Dehesa,71,0,0,picoseuropa,12,3,pr
Grass,144481,0,0,picoseuropa,12,3,pr
HydroRipVeg,811,0,0,picoseuropa,12,3,pr
MedSclF,5590,0,0,picoseuropa,12,3,pr
MedScrub,15115,0,0,picoseuropa,12,3,pr
Reforestation,1269,0,0,picoseuropa,12,3,pr
RipF,953,0,0,picoseuropa,12,3,pr
RockScreeVeg,1135,0,0,picoseuropa,12,3,pr
SMedMarF,8558,0,0,picoseuropa,12,3,pr
Shrub,1599,0,0,picoseuropa,12,3,pr
TempDecF,256357,0,0,picoseuropa,12,3,pr
WaterSurf,760,0,0,picoseuropa,12,3,pr
AlpScrGr,487876,0,0,picoseuropa,12,4,pr
ArtSurf,2511,0,0,picoseuropa,12,4,pr
AtlScrub,36929,0,0,picoseuropa,12,4,pr
Crop,230,0,0,picoseuropa,12,4,pr
Dehesa,71,0,0,picoseuropa,12,4,pr
Grass,144505,0,0,picoseuropa,12,4,pr
HydroRipVeg,811,0,0,picoseuropa,12,4,pr
MedSclF,5591,0,0,picoseuropa,12,4,pr
MedScrub,15118,0,0,picoseuropa,12,4,pr
Reforestation,1269,0,0,picoseuropa,12,4,pr
RipF,953,0,0,picoseuropa,12,4,pr
RockScreeVeg,1135,0,0,picoseuropa,12,4,pr
SMedMarF,8558,0,0,picoseuropa,12,4,pr
Shrub,1599,0,0,picoseuropa,12,4,pr
TempDecF,256516,0,0,picoseuropa,12,4,pr
WaterSurf,763,0,0,picoseuropa,12,4,pr
AlpScrGr,487848,0,0,picoseuropa,12,5,pr
ArtSurf,2511,0,0,picoseuropa,12,5,pr
AtlScrub,36969,0,0,picoseuropa,12,5,pr
Crop,230,0,0,picoseuropa,12,5,pr
Dehesa,71,0,0,picoseuropa,12,5,pr
Grass,144570,0,0,picoseuropa,12,5,pr
HydroRipVeg,815,0,0,picoseuropa,12,5,pr
MedSclF,5631,0,0,picoseuropa,12,5,pr
MedScrub,15123,0,0,picoseuropa,12,5,pr
Reforestation,1269,0,0,picoseuropa,12,5,pr
RipF,953,0,0,picoseuropa,12,5,pr
RockScreeVeg,1135,0,0,picoseuropa,12,5,pr
SMedMarF,8558,0,0,picoseuropa,12,5,pr
Shrub,1599,0,0,picoseuropa,12,5,pr
TempDecF,256687,0,0,picoseuropa,12,5,pr
WaterSurf,773,0,0,picoseuropa,12,5,pr
AlpScrGr,487273,0,0,picoseuropa,12,6,pr
ArtSurf,2511,0,0,picoseuropa,12,6,pr
AtlScrub,36969,0,0,picoseuropa,12,6,pr
Crop,230,0,0,picoseuropa,12,6,pr
Dehesa,71,0,0,picoseuropa,12,6,pr
Grass,144593,0,0,picoseuropa,12,6,pr
HydroRipVeg,815,0,0,picoseuropa,12,6,pr
MedSclF,5631,0,0,picoseuropa,12,6,pr
MedScrub,15123,0,0,picoseuropa,12,6,pr
Reforestation,1269,0,0,picoseuropa,12,6,pr
RipF,953,0,0,picoseuropa,12,6,pr
RockScreeVeg,1135,0,0,picoseuropa,12,6,pr
SMedMarF,8558,0,0,picoseuropa,12,6,pr
Shrub,1599,0,0,picoseuropa,12,6,pr
TempDecF,256695,0,0,picoseuropa,12,6,pr
WaterSurf,774,0,0,picoseuropa,12,6,pr
AlpScrGr,497696,0,0,picoseuropa,12,7,pr
ArtSurf,2619,0,0,picoseuropa,12,7,pr
AtlScrub,36969,0,0,picoseuropa,12,7,pr
Crop,230,0,0,picoseuropa,12,7,pr
Dehesa,71,0,0,picoseuropa,12,7,pr
Grass,144792,0,0,picoseuropa,12,7,pr
HydroRipVeg,815,0,0,picoseuropa,12,7,pr
MedSclF,5631,0,0,picoseuropa,12,7,pr
MedScrub,15123,0,0,picoseuropa,12,7,pr
Reforestation,1269,0,0,picoseuropa,12,7,pr
RipF,953,0,0,picoseuropa,12,7,pr
RockScreeVeg,1135,0,0,picoseuropa,12,7,pr
SMedMarF,8558,0,0,picoseuropa,12,7,pr
Shrub,1599,0,0,picoseuropa,12,7,pr
TempDecF,256697,0,0,picoseuropa,12,7,pr
WaterSurf,774,0,0,picoseuropa,12,7,pr
AlpScrGr,504321,0,0,picoseuropa,12,8,pr
ArtSurf,2548,0,0,picoseuropa,12,8,pr
AtlScrub,36969,0,0,picoseuropa,12,8,pr
Crop,230,0,0,picoseuropa,12,8,pr
Dehesa,71,0,0,picoseuropa,12,8,pr
Grass,144733,0,0,picoseuropa,12,8,pr
HydroRipVeg,815,0,0,picoseuropa,12,8,pr
MedSclF,5631,0,0,picoseuropa,12,8,pr
MedScrub,15121,0,0,picoseuropa,12,8,pr
Reforestation,1269,0,0,picoseuropa,12,8,pr
RipF,953,0,0,picoseuropa,12,8,pr
RockScreeVeg,1135,0,0,picoseuropa,12,8,pr
SMedMarF,8558,0,0,picoseuropa,12,8,pr
Shrub,1599,0,0,picoseuropa,12,8,pr
TempDecF,256675,0,0,picoseuropa,12,8,pr
WaterSurf,771,0,0,picoseuropa,12,8,pr
AlpScrGr,522100,0,0,picoseuropa,12,9,pr
ArtSurf,2727,0,0,picoseuropa,12,9,pr
AtlScrub,36964,0,0,picoseuropa,12,9,pr
Crop,230,0,0,picoseuropa,12,9,pr
Dehesa,71,0,0,picoseuropa,12,9,pr
Grass,144813,0,0,picoseuropa,12,9,pr
HydroRipVeg,811,0,0,picoseuropa,12,9,pr
MedSclF,5617,0,0,picoseuropa,12,9,pr
MedScrub,15119,0,0,picoseuropa,12,9,pr
Reforestation,1269,0,0,picoseuropa,12,9,pr
RipF,953,0,0,picoseuropa,12,9,pr
RockScreeVeg,1135,0,0,picoseuropa,12,9,pr
SMedMarF,8558,0,0,picoseuropa,12,9,pr
Shrub,1599,0,0,picoseuropa,12,9,pr
TempDecF,256510,0,0,picoseuropa,12,9,pr
WaterSurf,761,0,0,picoseuropa,12,9,pr
AlpScrGr,503669,0,0,picoseuropa,12,10,pr
ArtSurf,2512,0,0,picoseuropa,12,10,pr
AtlScrub,36927,0,0,picoseuropa,12,10,pr
Crop,230,0,0,picoseuropa,12,10,pr
Dehesa,71,0,0,picoseuropa,12,10,pr
Grass,144539,0,0,picoseuropa,12,10,pr
HydroRipVeg,811,0,0,picoseuropa,12,10,pr
MedSclF,5580,0,0,picoseuropa,12,10,pr
MedScrub,15115,0,0,picoseuropa,12,10,pr
Reforestation,1269,0,0,picoseuropa,12,10,pr
RipF,953,0,0,picoseuropa,12,10,pr
RockScreeVeg,1135,0,0,picoseuropa,12,10,pr
SMedMarF,8558,0,0,picoseuropa,12,10,pr
Shrub,1599,0,0,picoseuropa,12,10,pr
TempDecF,256336,0,0,picoseuropa,12,10,pr
WaterSurf,752,0,0,picoseuropa,12,10,pr
AlpScrGr,486719,0,0,picoseuropa,12,11,pr
ArtSurf,2510,0,0,picoseuropa,12,11,pr
AtlScrub,36869,0,0,picoseuropa,12,11,pr
Crop,230,0,0,picoseuropa,12,11,pr
Dehesa,71,0,0,picoseuropa,12,11,pr
Grass,144253,0,0,picoseuropa,12,11,pr
HydroRipVeg,811,0,0,picoseuropa,12,11,pr
MedSclF,5373,0,0,picoseuropa,12,11,pr
MedScrub,15082,0,0,picoseuropa,12,11,pr
Reforestation,1269,0,0,picoseuropa,12,11,pr
RipF,953,0,0,picoseuropa,12,11,pr
RockScreeVeg,1132,0,0,picoseuropa,12,11,pr
SMedMarF,8555,0,0,picoseuropa,12,11,pr
Shrub,1598,0,0,picoseuropa,12,11,pr
TempDecF,255911,0,0,picoseuropa,12,11,pr
WaterSurf,745,0,0,picoseuropa,12,11,pr
AlpScrGr,482406,0,0,picoseuropa,12,12,pr
ArtSurf,2498,0,0,picoseuropa,12,12,pr
AtlScrub,36212,0,0,picoseuropa,12,12,pr
Crop,230,0,0,picoseuropa,12,12,pr
Dehesa,57,0,0,picoseuropa,12,12,pr
Grass,142707,0,0,picoseuropa,12,12,pr
HydroRipVeg,802,0,0,picoseuropa,12,12,pr
MedSclF,4578,0,0,picoseuropa,12,12,pr
MedScrub,14918,0,0,picoseuropa,12,12,pr
Reforestation,1266,0,0,picoseuropa,12,12,pr
RipF,953,0,0,picoseuropa,12,12,pr
RockScreeVeg,1099,0,0,picoseuropa,12,12,pr
SMedMarF,8419,0,0,picoseuropa,12,12,pr
Shrub,1532,0,0,picoseuropa,12,12,pr
TempDecF,252908,0,0,picoseuropa,12,12,pr
WaterSurf,708,0,0,picoseuropa,12,12,pr
AlpConF,173794,0,0,sierranevada,1,1,pr
AlpScrGr,631034,0,0,sierranevada,1,1,pr
AridScr,766,0,0,sierranevada,1,1,pr
ArtSurf,8799,0,0,sierranevada,1,1,pr
BareArea,50,0,0,sierranevada,1,1,pr
Crop,1432,0,0,sierranevada,1,1,pr
Grass,77894,0,0,sierranevada,1,1,pr
HaloVeg,90,0,0,sierranevada,1,1,pr
HydroRipVeg,1442,0,0,sierranevada,1,1,pr
MedConF,2985,0,0,sierranevada,1,1,pr
MedSclF,38403,0,0,sierranevada,1,1,pr
MedScrub,110649,0,0,sierranevada,1,1,pr
Reforestation,29222,0,0,sierranevada,1,1,pr
RipF,2926,0,0,sierranevada,1,1,pr
RockScreeVeg,99111,0,0,sierranevada,1,1,pr
SMedMarF,16274,0,0,sierranevada,1,1,pr
Shrub,3805,0,0,sierranevada,1,1,pr
WaterSurf,246,0,0,sierranevada,1,1,pr
AlpConF,173794,19469,11.2,sierranevada,1,2,pr
AlpScrGr,631149,116312,18.43,sierranevada,1,2,pr
AridScr,773,6,0.78,sierranevada,1,2,pr
ArtSurf,8799,1369,15.56,sierranevada,1,2,pr
BareArea,50,0,0,sierranevada,1,2,pr
Crop,1432,221,15.43,sierranevada,1,2,pr
Grass,77900,9295,11.93,sierranevada,1,2,pr
HaloVeg,90,4,4.44,sierranevada,1,2,pr
HydroRipVeg,1447,386,26.68,sierranevada,1,2,pr
MedConF,2985,17,0.57,sierranevada,1,2,pr
MedSclF,38437,2042,5.31,sierranevada,1,2,pr
MedScrub,110663,14534,13.13,sierranevada,1,2,pr
Reforestation,29226,2549,8.72,sierranevada,1,2,pr
RipF,2930,551,18.81,sierranevada,1,2,pr
RockScreeVeg,99119,3545,3.58,sierranevada,1,2,pr
SMedMarF,16274,1348,8.28,sierranevada,1,2,pr
Shrub,3805,551,14.48,sierranevada,1,2,pr
WaterSurf,246,2,0.81,sierranevada,1,2,pr
AlpConF,173796,1185,0.68,sierranevada,1,3,pr
AlpScrGr,631177,50341,7.98,sierranevada,1,3,pr
AridScr,774,0,0,sierranevada,1,3,pr
ArtSurf,8799,88,1,sierranevada,1,3,pr
BareArea,50,0,0,sierranevada,1,3,pr
Crop,1432,0,0,sierranevada,1,3,pr
Grass,77900,1309,1.68,sierranevada,1,3,pr
HaloVeg,90,8,8.89,sierranevada,1,3,pr
HydroRipVeg,1448,27,1.86,sierranevada,1,3,pr
MedConF,2985,0,0,sierranevada,1,3,pr
MedSclF,38437,10,0.03,sierranevada,1,3,pr
MedScrub,110663,611,0.55,sierranevada,1,3,pr
Reforestation,29226,1149,3.93,sierranevada,1,3,pr
RipF,2930,19,0.65,sierranevada,1,3,pr
RockScreeVeg,99121,3444,3.47,sierranevada,1,3,pr
SMedMarF,16274,2,0.01,sierranevada,1,3,pr
Shrub,3805,45,1.18,sierranevada,1,3,pr
WaterSurf,246,1,0.41,sierranevada,1,3,pr
AlpConF,173796,0,0,sierranevada,1,4,pr
AlpScrGr,631177,0,0,sierranevada,1,4,pr
AridScr,774,0,0,sierranevada,1,4,pr
ArtSurf,8799,0,0,sierranevada,1,4,pr
BareArea,50,0,0,sierranevada,1,4,pr
Crop,1432,0,0,sierranevada,1,4,pr
Grass,77900,0,0,sierranevada,1,4,pr
HaloVeg,90,0,0,sierranevada,1,4,pr
HydroRipVeg,1448,0,0,sierranevada,1,4,pr
MedConF,2985,0,0,sierranevada,1,4,pr
MedSclF,38437,0,0,sierranevada,1,4,pr
MedScrub,110663,0,0,sierranevada,1,4,pr
Reforestation,29226,0,0,sierranevada,1,4,pr
RipF,2930,0,0,sierranevada,1,4,pr
RockScreeVeg,99121,0,0,sierranevada,1,4,pr
SMedMarF,16274,0,0,sierranevada,1,4,pr
Shrub,3805,0,0,sierranevada,1,4,pr
WaterSurf,246,0,0,sierranevada,1,4,pr
AlpConF,173796,0,0,sierranevada,1,5,pr
AlpScrGr,631177,0,0,sierranevada,1,5,pr
AridScr,774,0,0,sierranevada,1,5,pr
ArtSurf,8799,0,0,sierranevada,1,5,pr
BareArea,50,0,0,sierranevada,1,5,pr
Crop,1432,0,0,sierranevada,1,5,pr
Grass,77900,0,0,sierranevada,1,5,pr
HaloVeg,90,0,0,sierranevada,1,5,pr
HydroRipVeg,1448,0,0,sierranevada,1,5,pr
MedConF,2985,0,0,sierranevada,1,5,pr
MedSclF,38437,0,0,sierranevada,1,5,pr
MedScrub,110663,0,0,sierranevada,1,5,pr
Reforestation,29226,0,0,sierranevada,1,5,pr
RipF,2930,0,0,sierranevada,1,5,pr
RockScreeVeg,99121,0,0,sierranevada,1,5,pr
SMedMarF,16274,0,0,sierranevada,1,5,pr
Shrub,3805,0,0,sierranevada,1,5,pr
WaterSurf,246,0,0,sierranevada,1,5,pr
AlpConF,173796,4,0,sierranevada,1,6,pr
AlpScrGr,631177,0,0,sierranevada,1,6,pr
AridScr,774,0,0,sierranevada,1,6,pr
ArtSurf,8799,0,0,sierranevada,1,6,pr
BareArea,50,0,0,sierranevada,1,6,pr
Crop,1432,0,0,sierranevada,1,6,pr
Grass,77900,2,0,sierranevada,1,6,pr
HaloVeg,90,0,0,sierranevada,1,6,pr
HydroRipVeg,1448,0,0,sierranevada,1,6,pr
MedConF,2985,0,0,sierranevada,1,6,pr
MedSclF,38437,0,0,sierranevada,1,6,pr
MedScrub,110663,0,0,sierranevada,1,6,pr
Reforestation,29226,0,0,sierranevada,1,6,pr
RipF,2930,0,0,sierranevada,1,6,pr
RockScreeVeg,99121,2,0,sierranevada,1,6,pr
SMedMarF,16274,0,0,sierranevada,1,6,pr
Shrub,3805,0,0,sierranevada,1,6,pr
WaterSurf,246,0,0,sierranevada,1,6,pr
AlpConF,173796,0,0,sierranevada,1,7,pr
AlpScrGr,631181,0,0,sierranevada,1,7,pr
AridScr,774,0,0,sierranevada,1,7,pr
ArtSurf,8799,0,0,sierranevada,1,7,pr
BareArea,50,0,0,sierranevada,1,7,pr
Crop,1432,0,0,sierranevada,1,7,pr
Grass,77900,0,0,sierranevada,1,7,pr
HaloVeg,90,0,0,sierranevada,1,7,pr
HydroRipVeg,1448,0,0,sierranevada,1,7,pr
MedConF,2985,0,0,sierranevada,1,7,pr
MedSclF,38437,0,0,sierranevada,1,7,pr
MedScrub,110663,0,0,sierranevada,1,7,pr
Reforestation,29226,0,0,sierranevada,1,7,pr
RipF,2930,0,0,sierranevada,1,7,pr
RockScreeVeg,99121,0,0,sierranevada,1,7,pr
SMedMarF,16274,0,0,sierranevada,1,7,pr
Shrub,3805,0,0,sierranevada,1,7,pr
WaterSurf,246,0,0,sierranevada,1,7,pr
AlpConF,173796,0,0,sierranevada,1,8,pr
AlpScrGr,631178,29,0,sierranevada,1,8,pr
AridScr,774,0,0,sierranevada,1,8,pr
ArtSurf,8799,0,0,sierranevada,1,8,pr
BareArea,50,0,0,sierranevada,1,8,pr
Crop,1432,0,0,sierranevada,1,8,pr
Grass,77900,5,0.01,sierranevada,1,8,pr
HaloVeg,90,0,0,sierranevada,1,8,pr
HydroRipVeg,1448,0,0,sierranevada,1,8,pr
MedConF,2985,0,0,sierranevada,1,8,pr
MedSclF,38437,0,0,sierranevada,1,8,pr
MedScrub,110663,0,0,sierranevada,1,8,pr
Reforestation,29226,0,0,sierranevada,1,8,pr
RipF,2930,0,0,sierranevada,1,8,pr
RockScreeVeg,99121,137,0.14,sierranevada,1,8,pr
SMedMarF,16274,0,0,sierranevada,1,8,pr
Shrub,3805,0,0,sierranevada,1,8,pr
WaterSurf,246,0,0,sierranevada,1,8,pr
AlpConF,173796,0,0,sierranevada,1,9,pr
AlpScrGr,631177,0,0,sierranevada,1,9,pr
AridScr,774,0,0,sierranevada,1,9,pr
ArtSurf,8799,0,0,sierranevada,1,9,pr
BareArea,50,0,0,sierranevada,1,9,pr
Crop,1432,0,0,sierranevada,1,9,pr
Grass,77900,0,0,sierranevada,1,9,pr
HaloVeg,90,0,0,sierranevada,1,9,pr
HydroRipVeg,1448,0,0,sierranevada,1,9,pr
MedConF,2985,0,0,sierranevada,1,9,pr
MedSclF,38437,0,0,sierranevada,1,9,pr
MedScrub,110663,0,0,sierranevada,1,9,pr
Reforestation,29226,0,0,sierranevada,1,9,pr
RipF,2930,0,0,sierranevada,1,9,pr
RockScreeVeg,99121,0,0,sierranevada,1,9,pr
SMedMarF,16274,0,0,sierranevada,1,9,pr
Shrub,3805,0,0,sierranevada,1,9,pr
WaterSurf,246,0,0,sierranevada,1,9,pr
AlpConF,173796,0,0,sierranevada,1,10,pr
AlpScrGr,631178,0,0,sierranevada,1,10,pr
AridScr,774,0,0,sierranevada,1,10,pr
ArtSurf,8799,0,0,sierranevada,1,10,pr
BareArea,50,0,0,sierranevada,1,10,pr
Crop,1432,0,0,sierranevada,1,10,pr
Grass,77900,0,0,sierranevada,1,10,pr
HaloVeg,90,0,0,sierranevada,1,10,pr
HydroRipVeg,1448,0,0,sierranevada,1,10,pr
MedConF,2985,0,0,sierranevada,1,10,pr
MedSclF,38437,0,0,sierranevada,1,10,pr
MedScrub,110663,0,0,sierranevada,1,10,pr
Reforestation,29226,0,0,sierranevada,1,10,pr
RipF,2930,0,0,sierranevada,1,10,pr
RockScreeVeg,99121,0,0,sierranevada,1,10,pr
SMedMarF,16274,0,0,sierranevada,1,10,pr
Shrub,3805,0,0,sierranevada,1,10,pr
WaterSurf,246,0,0,sierranevada,1,10,pr
AlpConF,173794,0,0,sierranevada,1,11,pr
AlpScrGr,631149,0,0,sierranevada,1,11,pr
AridScr,772,0,0,sierranevada,1,11,pr
ArtSurf,8799,0,0,sierranevada,1,11,pr
BareArea,50,0,0,sierranevada,1,11,pr
Crop,1432,0,0,sierranevada,1,11,pr
Grass,77897,0,0,sierranevada,1,11,pr
HaloVeg,90,0,0,sierranevada,1,11,pr
HydroRipVeg,1448,0,0,sierranevada,1,11,pr
MedConF,2985,0,0,sierranevada,1,11,pr
MedSclF,38428,0,0,sierranevada,1,11,pr
MedScrub,110657,0,0,sierranevada,1,11,pr
Reforestation,29224,0,0,sierranevada,1,11,pr
RipF,2930,0,0,sierranevada,1,11,pr
RockScreeVeg,99119,0,0,sierranevada,1,11,pr
SMedMarF,16274,0,0,sierranevada,1,11,pr
Shrub,3805,0,0,sierranevada,1,11,pr
WaterSurf,246,0,0,sierranevada,1,11,pr
AlpConF,173767,0,0,sierranevada,1,12,pr
AlpScrGr,631026,0,0,sierranevada,1,12,pr
AridScr,763,0,0,sierranevada,1,12,pr
ArtSurf,8799,0,0,sierranevada,1,12,pr
BareArea,50,0,0,sierranevada,1,12,pr
Crop,1432,0,0,sierranevada,1,12,pr
Grass,77879,0,0,sierranevada,1,12,pr
HaloVeg,90,0,0,sierranevada,1,12,pr
HydroRipVeg,1442,0,0,sierranevada,1,12,pr
MedConF,2985,0,0,sierranevada,1,12,pr
MedSclF,38375,0,0,sierranevada,1,12,pr
MedScrub,110617,0,0,sierranevada,1,12,pr
Reforestation,29221,0,0,sierranevada,1,12,pr
RipF,2928,0,0,sierranevada,1,12,pr
RockScreeVeg,99098,0,0,sierranevada,1,12,pr
SMedMarF,16272,0,0,sierranevada,1,12,pr
Shrub,3805,0,0,sierranevada,1,12,pr
WaterSurf,246,0,0,sierranevada,1,12,pr
AlpConF,173794,1,0,sierranevada,3,1,pr
AlpScrGr,631034,0,0,sierranevada,3,1,pr
AridScr,766,0,0,sierranevada,3,1,pr
ArtSurf,8799,0,0,sierranevada,3,1,pr
BareArea,50,0,0,sierranevada,3,1,pr
Crop,1432,0,0,sierranevada,3,1,pr
Grass,77894,0,0,sierranevada,3,1,pr
HaloVeg,90,0,0,sierranevada,3,1,pr
HydroRipVeg,1442,0,0,sierranevada,3,1,pr
MedConF,2985,0,0,sierranevada,3,1,pr
MedSclF,38403,0,0,sierranevada,3,1,pr
MedScrub,110649,0,0,sierranevada,3,1,pr
Reforestation,29222,0,0,sierranevada,3,1,pr
RipF,2926,0,0,sierranevada,3,1,pr
RockScreeVeg,99111,0,0,sierranevada,3,1,pr
SMedMarF,16274,0,0,sierranevada,3,1,pr
Shrub,3805,0,0,sierranevada,3,1,pr
WaterSurf,246,0,0,sierranevada,3,1,pr
AlpConF,173794,95,0.05,sierranevada,3,2,pr
AlpScrGr,631149,1098,0.17,sierranevada,3,2,pr
AridScr,773,0,0,sierranevada,3,2,pr
ArtSurf,8799,13,0.15,sierranevada,3,2,pr
BareArea,50,0,0,sierranevada,3,2,pr
Crop,1432,5,0.35,sierranevada,3,2,pr
Grass,77900,86,0.11,sierranevada,3,2,pr
HaloVeg,90,0,0,sierranevada,3,2,pr
HydroRipVeg,1447,2,0.14,sierranevada,3,2,pr
MedConF,2985,0,0,sierranevada,3,2,pr
MedSclF,38437,36,0.09,sierranevada,3,2,pr
MedScrub,110663,49,0.04,sierranevada,3,2,pr
Reforestation,29226,14,0.05,sierranevada,3,2,pr
RipF,2930,1,0.03,sierranevada,3,2,pr
RockScreeVeg,99119,57,0.06,sierranevada,3,2,pr
SMedMarF,16274,9,0.06,sierranevada,3,2,pr
Shrub,3805,9,0.24,sierranevada,3,2,pr
WaterSurf,246,0,0,sierranevada,3,2,pr
AlpConF,173796,2109,1.21,sierranevada,3,3,pr
AlpScrGr,631177,22599,3.58,sierranevada,3,3,pr
AridScr,774,0,0,sierranevada,3,3,pr
ArtSurf,8799,55,0.63,sierranevada,3,3,pr
BareArea,50,0,0,sierranevada,3,3,pr
Crop,1432,3,0.21,sierranevada,3,3,pr
Grass,77900,376,0.48,sierranevada,3,3,pr
HaloVeg,90,1,1.11,sierranevada,3,3,pr
HydroRipVeg,1448,21,1.45,sierranevada,3,3,pr
MedConF,2985,0,0,sierranevada,3,3,pr
MedSclF,38437,11,0.03,sierranevada,3,3,pr
MedScrub,110663,426,0.38,sierranevada,3,3,pr
Reforestation,29226,499,1.71,sierranevada,3,3,pr
RipF,2930,7,0.24,sierranevada,3,3,pr
RockScreeVeg,99121,379,0.38,sierranevada,3,3,pr
SMedMarF,16274,23,0.14,sierranevada,3,3,pr
Shrub,3805,27,0.71,sierranevada,3,3,pr
WaterSurf,246,0,0,sierranevada,3,3,pr
AlpConF,173796,281,0.16,sierranevada,3,4,pr
AlpScrGr,631177,7148,1.13,sierranevada,3,4,pr
AridScr,774,0,0,sierranevada,3,4,pr
ArtSurf,8799,9,0.1,sierranevada,3,4,pr
BareArea,50,0,0,sierranevada,3,4,pr
Crop,1432,3,0.21,sierranevada,3,4,pr
Grass,77900,28,0.04,sierranevada,3,4,pr
HaloVeg,90,0,0,sierranevada,3,4,pr
HydroRipVeg,1448,1,0.07,sierranevada,3,4,pr
MedConF,2985,0,0,sierranevada,3,4,pr
MedSclF,38437,0,0,sierranevada,3,4,pr
MedScrub,110663,19,0.02,sierranevada,3,4,pr
Reforestation,29226,40,0.14,sierranevada,3,4,pr
RipF,2930,2,0.07,sierranevada,3,4,pr
RockScreeVeg,99121,336,0.34,sierranevada,3,4,pr
SMedMarF,16274,2,0.01,sierranevada,3,4,pr
Shrub,3805,0,0,sierranevada,3,4,pr
WaterSurf,246,0,0,sierranevada,3,4,pr
AlpConF,173796,24,0.01,sierranevada,3,5,pr
AlpScrGr,631177,5551,0.88,sierranevada,3,5,pr
AridScr,774,0,0,sierranevada,3,5,pr
ArtSurf,8799,5,0.06,sierranevada,3,5,pr
BareArea,50,0,0,sierranevada,3,5,pr
Crop,1432,0,0,sierranevada,3,5,pr
Grass,77900,43,0.06,sierranevada,3,5,pr
HaloVeg,90,0,0,sierranevada,3,5,pr
HydroRipVeg,1448,0,0,sierranevada,3,5,pr
MedConF,2985,0,0,sierranevada,3,5,pr
MedSclF,38437,0,0,sierranevada,3,5,pr
MedScrub,110663,7,0.01,sierranevada,3,5,pr
Reforestation,29226,14,0.05,sierranevada,3,5,pr
RipF,2930,0,0,sierranevada,3,5,pr
RockScreeVeg,99121,989,1,sierranevada,3,5,pr
SMedMarF,16274,5,0.03,sierranevada,3,5,pr
Shrub,3805,0,0,sierranevada,3,5,pr
WaterSurf,246,0,0,sierranevada,3,5,pr
AlpConF,173796,212,0.12,sierranevada,3,6,pr
AlpScrGr,631177,203,0.03,sierranevada,3,6,pr
AridScr,774,0,0,sierranevada,3,6,pr
ArtSurf,8799,0,0,sierranevada,3,6,pr
BareArea,50,0,0,sierranevada,3,6,pr
Crop,1432,0,0,sierranevada,3,6,pr
Grass,77900,47,0.06,sierranevada,3,6,pr
HaloVeg,90,0,0,sierranevada,3,6,pr
HydroRipVeg,1448,0,0,sierranevada,3,6,pr
MedConF,2985,0,0,sierranevada,3,6,pr
MedSclF,38437,0,0,sierranevada,3,6,pr
MedScrub,110663,3,0,sierranevada,3,6,pr
Reforestation,29226,0,0,sierranevada,3,6,pr
RipF,2930,0,0,sierranevada,3,6,pr
RockScreeVeg,99121,690,0.7,sierranevada,3,6,pr
SMedMarF,16274,0,0,sierranevada,3,6,pr
Shrub,3805,0,0,sierranevada,3,6,pr
WaterSurf,246,0,0,sierranevada,3,6,pr
AlpConF,173796,40,0.02,sierranevada,3,7,pr
AlpScrGr,631181,132,0.02,sierranevada,3,7,pr
AridScr,774,0,0,sierranevada,3,7,pr
ArtSurf,8799,1,0.01,sierranevada,3,7,pr
BareArea,50,0,0,sierranevada,3,7,pr
Crop,1432,0,0,sierranevada,3,7,pr
Grass,77900,27,0.03,sierranevada,3,7,pr
HaloVeg,90,0,0,sierranevada,3,7,pr
HydroRipVeg,1448,0,0,sierranevada,3,7,pr
MedConF,2985,0,0,sierranevada,3,7,pr
MedSclF,38437,0,0,sierranevada,3,7,pr
MedScrub,110663,0,0,sierranevada,3,7,pr
Reforestation,29226,0,0,sierranevada,3,7,pr
RipF,2930,0,0,sierranevada,3,7,pr
RockScreeVeg,99121,507,0.51,sierranevada,3,7,pr
SMedMarF,16274,0,0,sierranevada,3,7,pr
Shrub,3805,0,0,sierranevada,3,7,pr
WaterSurf,246,1,0.41,sierranevada,3,7,pr
AlpConF,173796,1,0,sierranevada,3,8,pr
AlpScrGr,631178,48,0.01,sierranevada,3,8,pr
AridScr,774,0,0,sierranevada,3,8,pr
ArtSurf,8799,0,0,sierranevada,3,8,pr
BareArea,50,0,0,sierranevada,3,8,pr
Crop,1432,0,0,sierranevada,3,8,pr
Grass,77900,16,0.02,sierranevada,3,8,pr
HaloVeg,90,0,0,sierranevada,3,8,pr
HydroRipVeg,1448,0,0,sierranevada,3,8,pr
MedConF,2985,0,0,sierranevada,3,8,pr
MedSclF,38437,8,0.02,sierranevada,3,8,pr
MedScrub,110663,13,0.01,sierranevada,3,8,pr
Reforestation,29226,0,0,sierranevada,3,8,pr
RipF,2930,0,0,sierranevada,3,8,pr
RockScreeVeg,99121,231,0.23,sierranevada,3,8,pr
SMedMarF,16274,0,0,sierranevada,3,8,pr
Shrub,3805,0,0,sierranevada,3,8,pr
WaterSurf,246,3,1.22,sierranevada,3,8,pr
AlpConF,173796,0,0,sierranevada,3,9,pr
AlpScrGr,631177,0,0,sierranevada,3,9,pr
AridScr,774,0,0,sierranevada,3,9,pr
ArtSurf,8799,0,0,sierranevada,3,9,pr
BareArea,50,0,0,sierranevada,3,9,pr
Crop,1432,0,0,sierranevada,3,9,pr
Grass,77900,0,0,sierranevada,3,9,pr
HaloVeg,90,0,0,sierranevada,3,9,pr
HydroRipVeg,1448,0,0,sierranevada,3,9,pr
MedConF,2985,0,0,sierranevada,3,9,pr
MedSclF,38437,0,0,sierranevada,3,9,pr
MedScrub,110663,0,0,sierranevada,3,9,pr
Reforestation,29226,0,0,sierranevada,3,9,pr
RipF,2930,0,0,sierranevada,3,9,pr
RockScreeVeg,99121,0,0,sierranevada,3,9,pr
SMedMarF,16274,0,0,sierranevada,3,9,pr
Shrub,3805,0,0,sierranevada,3,9,pr
WaterSurf,246,0,0,sierranevada,3,9,pr
AlpConF,173796,0,0,sierranevada,3,10,pr
AlpScrGr,631178,0,0,sierranevada,3,10,pr
AridScr,774,0,0,sierranevada,3,10,pr
ArtSurf,8799,0,0,sierranevada,3,10,pr
BareArea,50,0,0,sierranevada,3,10,pr
Crop,1432,0,0,sierranevada,3,10,pr
Grass,77900,0,0,sierranevada,3,10,pr
HaloVeg,90,0,0,sierranevada,3,10,pr
HydroRipVeg,1448,0,0,sierranevada,3,10,pr
MedConF,2985,0,0,sierranevada,3,10,pr
MedSclF,38437,0,0,sierranevada,3,10,pr
MedScrub,110663,0,0,sierranevada,3,10,pr
Reforestation,29226,0,0,sierranevada,3,10,pr
RipF,2930,0,0,sierranevada,3,10,pr
RockScreeVeg,99121,0,0,sierranevada,3,10,pr
SMedMarF,16274,0,0,sierranevada,3,10,pr
Shrub,3805,0,0,sierranevada,3,10,pr
WaterSurf,246,0,0,sierranevada,3,10,pr
AlpConF,173794,40,0.02,sierranevada,3,11,pr
AlpScrGr,631149,10985,1.74,sierranevada,3,11,pr
AridScr,772,0,0,sierranevada,3,11,pr
ArtSurf,8799,20,0.23,sierranevada,3,11,pr
BareArea,50,0,0,sierranevada,3,11,pr
Crop,1432,0,0,sierranevada,3,11,pr
Grass,77897,91,0.12,sierranevada,3,11,pr
HaloVeg,90,0,0,sierranevada,3,11,pr
HydroRipVeg,1448,0,0,sierranevada,3,11,pr
MedConF,2985,2,0.07,sierranevada,3,11,pr
MedSclF,38428,1,0,sierranevada,3,11,pr
MedScrub,110657,10,0.01,sierranevada,3,11,pr
Reforestation,29224,3,0.01,sierranevada,3,11,pr
RipF,2930,0,0,sierranevada,3,11,pr
RockScreeVeg,99119,1097,1.11,sierranevada,3,11,pr
SMedMarF,16274,0,0,sierranevada,3,11,pr
Shrub,3805,0,0,sierranevada,3,11,pr
WaterSurf,246,2,0.81,sierranevada,3,11,pr
AlpConF,173767,0,0,sierranevada,3,12,pr
AlpScrGr,631026,0,0,sierranevada,3,12,pr
AridScr,763,0,0,sierranevada,3,12,pr
ArtSurf,8799,0,0,sierranevada,3,12,pr
BareArea,50,0,0,sierranevada,3,12,pr
Crop,1432,0,0,sierranevada,3,12,pr
Grass,77879,0,0,sierranevada,3,12,pr
HaloVeg,90,0,0,sierranevada,3,12,pr
HydroRipVeg,1442,0,0,sierranevada,3,12,pr
MedConF,2985,0,0,sierranevada,3,12,pr
MedSclF,38375,0,0,sierranevada,3,12,pr
MedScrub,110617,0,0,sierranevada,3,12,pr
Reforestation,29221,0,0,sierranevada,3,12,pr
RipF,2928,0,0,sierranevada,3,12,pr
RockScreeVeg,99098,0,0,sierranevada,3,12,pr
SMedMarF,16272,0,0,sierranevada,3,12,pr
Shrub,3805,0,0,sierranevada,3,12,pr
WaterSurf,246,0,0,sierranevada,3,12,pr
AlpConF,173794,3,0,sierranevada,6,1,pr
AlpScrGr,631034,0,0,sierranevada,6,1,pr
AridScr,766,0,0,sierranevada,6,1,pr
ArtSurf,8799,0,0,sierranevada,6,1,pr
BareArea,50,0,0,sierranevada,6,1,pr
Crop,1432,0,0,sierranevada,6,1,pr
Grass,77894,0,0,sierranevada,6,1,pr
HaloVeg,90,0,0,sierranevada,6,1,pr
HydroRipVeg,1442,0,0,sierranevada,6,1,pr
MedConF,2985,0,0,sierranevada,6,1,pr
MedSclF,38403,0,0,sierranevada,6,1,pr
MedScrub,110649,0,0,sierranevada,6,1,pr
Reforestation,29222,0,0,sierranevada,6,1,pr
RipF,2926,0,0,sierranevada,6,1,pr
RockScreeVeg,99111,0,0,sierranevada,6,1,pr
SMedMarF,16274,0,0,sierranevada,6,1,pr
Shrub,3805,0,0,sierranevada,6,1,pr
WaterSurf,246,0,0,sierranevada,6,1,pr
AlpConF,173794,35,0.02,sierranevada,6,2,pr
AlpScrGr,631149,272,0.04,sierranevada,6,2,pr
AridScr,773,0,0,sierranevada,6,2,pr
ArtSurf,8799,0,0,sierranevada,6,2,pr
BareArea,50,0,0,sierranevada,6,2,pr
Crop,1432,0,0,sierranevada,6,2,pr
Grass,77900,10,0.01,sierranevada,6,2,pr
HaloVeg,90,0,0,sierranevada,6,2,pr
HydroRipVeg,1447,0,0,sierranevada,6,2,pr
MedConF,2985,0,0,sierranevada,6,2,pr
MedSclF,38437,0,0,sierranevada,6,2,pr
MedScrub,110663,1,0,sierranevada,6,2,pr
Reforestation,29226,15,0.05,sierranevada,6,2,pr
RipF,2930,0,0,sierranevada,6,2,pr
RockScreeVeg,99119,6,0.01,sierranevada,6,2,pr
SMedMarF,16274,0,0,sierranevada,6,2,pr
Shrub,3805,0,0,sierranevada,6,2,pr
WaterSurf,246,0,0,sierranevada,6,2,pr
AlpConF,173796,0,0,sierranevada,6,3,pr
AlpScrGr,631177,0,0,sierranevada,6,3,pr
AridScr,774,0,0,sierranevada,6,3,pr
ArtSurf,8799,0,0,sierranevada,6,3,pr
BareArea,50,0,0,sierranevada,6,3,pr
Crop,1432,0,0,sierranevada,6,3,pr
Grass,77900,0,0,sierranevada,6,3,pr
HaloVeg,90,0,0,sierranevada,6,3,pr
HydroRipVeg,1448,0,0,sierranevada,6,3,pr
MedConF,2985,0,0,sierranevada,6,3,pr
MedSclF,38437,0,0,sierranevada,6,3,pr
MedScrub,110663,0,0,sierranevada,6,3,pr
Reforestation,29226,0,0,sierranevada,6,3,pr
RipF,2930,0,0,sierranevada,6,3,pr
RockScreeVeg,99121,0,0,sierranevada,6,3,pr
SMedMarF,16274,0,0,sierranevada,6,3,pr
Shrub,3805,0,0,sierranevada,6,3,pr
WaterSurf,246,0,0,sierranevada,6,3,pr
AlpConF,173796,0,0,sierranevada,6,4,pr
AlpScrGr,631177,1,0,sierranevada,6,4,pr
AridScr,774,0,0,sierranevada,6,4,pr
ArtSurf,8799,0,0,sierranevada,6,4,pr
BareArea,50,0,0,sierranevada,6,4,pr
Crop,1432,0,0,sierranevada,6,4,pr
Grass,77900,0,0,sierranevada,6,4,pr
HaloVeg,90,0,0,sierranevada,6,4,pr
HydroRipVeg,1448,0,0,sierranevada,6,4,pr
MedConF,2985,0,0,sierranevada,6,4,pr
MedSclF,38437,0,0,sierranevada,6,4,pr
MedScrub,110663,0,0,sierranevada,6,4,pr
Reforestation,29226,0,0,sierranevada,6,4,pr
RipF,2930,0,0,sierranevada,6,4,pr
RockScreeVeg,99121,0,0,sierranevada,6,4,pr
SMedMarF,16274,0,0,sierranevada,6,4,pr
Shrub,3805,0,0,sierranevada,6,4,pr
WaterSurf,246,0,0,sierranevada,6,4,pr
AlpConF,173796,642,0.37,sierranevada,6,5,pr
AlpScrGr,631177,35787,5.67,sierranevada,6,5,pr
AridScr,774,0,0,sierranevada,6,5,pr
ArtSurf,8799,47,0.53,sierranevada,6,5,pr
BareArea,50,0,0,sierranevada,6,5,pr
Crop,1432,0,0,sierranevada,6,5,pr
Grass,77900,448,0.58,sierranevada,6,5,pr
HaloVeg,90,0,0,sierranevada,6,5,pr
HydroRipVeg,1448,4,0.28,sierranevada,6,5,pr
MedConF,2985,0,0,sierranevada,6,5,pr
MedSclF,38437,8,0.02,sierranevada,6,5,pr
MedScrub,110663,60,0.05,sierranevada,6,5,pr
Reforestation,29226,181,0.62,sierranevada,6,5,pr
RipF,2930,0,0,sierranevada,6,5,pr
RockScreeVeg,99121,7149,7.21,sierranevada,6,5,pr
SMedMarF,16274,0,0,sierranevada,6,5,pr
Shrub,3805,0,0,sierranevada,6,5,pr
WaterSurf,246,9,3.66,sierranevada,6,5,pr
AlpConF,173796,257,0.15,sierranevada,6,6,pr
AlpScrGr,631177,61105,9.68,sierranevada,6,6,pr
AridScr,774,0,0,sierranevada,6,6,pr
ArtSurf,8799,63,0.72,sierranevada,6,6,pr
BareArea,50,0,0,sierranevada,6,6,pr
Crop,1432,0,0,sierranevada,6,6,pr
Grass,77900,1435,1.84,sierranevada,6,6,pr
HaloVeg,90,0,0,sierranevada,6,6,pr
HydroRipVeg,1448,2,0.14,sierranevada,6,6,pr
MedConF,2985,6,0.2,sierranevada,6,6,pr
MedSclF,38437,0,0,sierranevada,6,6,pr
MedScrub,110663,107,0.1,sierranevada,6,6,pr
Reforestation,29226,114,0.39,sierranevada,6,6,pr
RipF,2930,1,0.03,sierranevada,6,6,pr
RockScreeVeg,99121,33810,34.11,sierranevada,6,6,pr
SMedMarF,16274,3,0.02,sierranevada,6,6,pr
Shrub,3805,0,0,sierranevada,6,6,pr
WaterSurf,246,100,40.65,sierranevada,6,6,pr
AlpConF,173796,7,0,sierranevada,6,7,pr
AlpScrGr,631181,11366,1.8,sierranevada,6,7,pr
AridScr,774,0,0,sierranevada,6,7,pr
ArtSurf,8799,18,0.2,sierranevada,6,7,pr
BareArea,50,0,0,sierranevada,6,7,pr
Crop,1432,0,0,sierranevada,6,7,pr
Grass,77900,1202,1.54,sierranevada,6,7,pr
HaloVeg,90,0,0,sierranevada,6,7,pr
HydroRipVeg,1448,0,0,sierranevada,6,7,pr
MedConF,2985,0,0,sierranevada,6,7,pr
MedSclF,38437,0,0,sierranevada,6,7,pr
MedScrub,110663,22,0.02,sierranevada,6,7,pr
Reforestation,29226,0,0,sierranevada,6,7,pr
RipF,2930,0,0,sierranevada,6,7,pr
RockScreeVeg,99121,21179,21.37,sierranevada,6,7,pr
SMedMarF,16274,0,0,sierranevada,6,7,pr
Shrub,3805,0,0,sierranevada,6,7,pr
WaterSurf,246,96,39.02,sierranevada,6,7,pr
AlpConF,173796,0,0,sierranevada,6,8,pr
AlpScrGr,631178,736,0.12,sierranevada,6,8,pr
AridScr,774,0,0,sierranevada,6,8,pr
ArtSurf,8799,1,0.01,sierranevada,6,8,pr
BareArea,50,0,0,sierranevada,6,8,pr
Crop,1432,0,0,sierranevada,6,8,pr
Grass,77900,214,0.27,sierranevada,6,8,pr
HaloVeg,90,0,0,sierranevada,6,8,pr
HydroRipVeg,1448,0,0,sierranevada,6,8,pr
MedConF,2985,0,0,sierranevada,6,8,pr
MedSclF,38437,0,0,sierranevada,6,8,pr
MedScrub,110663,0,0,sierranevada,6,8,pr
Reforestation,29226,0,0,sierranevada,6,8,pr
RipF,2930,0,0,sierranevada,6,8,pr
RockScreeVeg,99121,3199,3.23,sierranevada,6,8,pr
SMedMarF,16274,0,0,sierranevada,6,8,pr
Shrub,3805,0,0,sierranevada,6,8,pr
WaterSurf,246,7,2.85,sierranevada,6,8,pr
AlpConF,173796,6,0,sierranevada,6,9,pr
AlpScrGr,631177,0,0,sierranevada,6,9,pr
AridScr,774,0,0,sierranevada,6,9,pr
ArtSurf,8799,0,0,sierranevada,6,9,pr
BareArea,50,0,0,sierranevada,6,9,pr
Crop,1432,0,0,sierranevada,6,9,pr
Grass,77900,0,0,sierranevada,6,9,pr
HaloVeg,90,0,0,sierranevada,6,9,pr
HydroRipVeg,1448,0,0,sierranevada,6,9,pr
MedConF,2985,0,0,sierranevada,6,9,pr
MedSclF,38437,0,0,sierranevada,6,9,pr
MedScrub,110663,0,0,sierranevada,6,9,pr
Reforestation,29226,0,0,sierranevada,6,9,pr
RipF,2930,0,0,sierranevada,6,9,pr
RockScreeVeg,99121,4,0,sierranevada,6,9,pr
SMedMarF,16274,0,0,sierranevada,6,9,pr
Shrub,3805,0,0,sierranevada,6,9,pr
WaterSurf,246,0,0,sierranevada,6,9,pr
AlpConF,173796,0,0,sierranevada,6,10,pr
AlpScrGr,631178,0,0,sierranevada,6,10,pr
AridScr,774,0,0,sierranevada,6,10,pr
ArtSurf,8799,0,0,sierranevada,6,10,pr
BareArea,50,0,0,sierranevada,6,10,pr
Crop,1432,0,0,sierranevada,6,10,pr
Grass,77900,0,0,sierranevada,6,10,pr
HaloVeg,90,0,0,sierranevada,6,10,pr
HydroRipVeg,1448,0,0,sierranevada,6,10,pr
MedConF,2985,0,0,sierranevada,6,10,pr
MedSclF,38437,0,0,sierranevada,6,10,pr
MedScrub,110663,0,0,sierranevada,6,10,pr
Reforestation,29226,0,0,sierranevada,6,10,pr
RipF,2930,0,0,sierranevada,6,10,pr
RockScreeVeg,99121,0,0,sierranevada,6,10,pr
SMedMarF,16274,0,0,sierranevada,6,10,pr
Shrub,3805,0,0,sierranevada,6,10,pr
WaterSurf,246,0,0,sierranevada,6,10,pr
AlpConF,173794,1,0,sierranevada,6,11,pr
AlpScrGr,631149,479,0.08,sierranevada,6,11,pr
AridScr,772,0,0,sierranevada,6,11,pr
ArtSurf,8799,0,0,sierranevada,6,11,pr
BareArea,50,0,0,sierranevada,6,11,pr
Crop,1432,0,0,sierranevada,6,11,pr
Grass,77897,11,0.01,sierranevada,6,11,pr
HaloVeg,90,0,0,sierranevada,6,11,pr
HydroRipVeg,1448,0,0,sierranevada,6,11,pr
MedConF,2985,0,0,sierranevada,6,11,pr
MedSclF,38428,0,0,sierranevada,6,11,pr
MedScrub,110657,0,0,sierranevada,6,11,pr
Reforestation,29224,0,0,sierranevada,6,11,pr
RipF,2930,0,0,sierranevada,6,11,pr
RockScreeVeg,99119,68,0.07,sierranevada,6,11,pr
SMedMarF,16274,0,0,sierranevada,6,11,pr
Shrub,3805,0,0,sierranevada,6,11,pr
WaterSurf,246,0,0,sierranevada,6,11,pr
AlpConF,173767,0,0,sierranevada,6,12,pr
AlpScrGr,631026,0,0,sierranevada,6,12,pr
AridScr,763,0,0,sierranevada,6,12,pr
ArtSurf,8799,0,0,sierranevada,6,12,pr
BareArea,50,0,0,sierranevada,6,12,pr
Crop,1432,0,0,sierranevada,6,12,pr
Grass,77879,1,0,sierranevada,6,12,pr
HaloVeg,90,0,0,sierranevada,6,12,pr
HydroRipVeg,1442,0,0,sierranevada,6,12,pr
MedConF,2985,0,0,sierranevada,6,12,pr
MedSclF,38375,0,0,sierranevada,6,12,pr
MedScrub,110617,0,0,sierranevada,6,12,pr
Reforestation,29221,0,0,sierranevada,6,12,pr
RipF,2928,0,0,sierranevada,6,12,pr
RockScreeVeg,99098,0,0,sierranevada,6,12,pr
SMedMarF,16272,0,0,sierranevada,6,12,pr
Shrub,3805,0,0,sierranevada,6,12,pr
WaterSurf,246,0,0,sierranevada,6,12,pr
AlpConF,173794,1986,1.14,sierranevada,9,1,pr
AlpScrGr,631034,38,0.01,sierranevada,9,1,pr
AridScr,766,0,0,sierranevada,9,1,pr
ArtSurf,8799,5,0.06,sierranevada,9,1,pr
BareArea,50,0,0,sierranevada,9,1,pr
Crop,1432,0,0,sierranevada,9,1,pr
Grass,77894,256,0.33,sierranevada,9,1,pr
HaloVeg,90,0,0,sierranevada,9,1,pr
HydroRipVeg,1442,0,0,sierranevada,9,1,pr
MedConF,2985,0,0,sierranevada,9,1,pr
MedSclF,38403,19,0.05,sierranevada,9,1,pr
MedScrub,110649,16,0.01,sierranevada,9,1,pr
Reforestation,29222,5,0.02,sierranevada,9,1,pr
RipF,2926,0,0,sierranevada,9,1,pr
RockScreeVeg,99111,0,0,sierranevada,9,1,pr
SMedMarF,16274,0,0,sierranevada,9,1,pr
Shrub,3805,0,0,sierranevada,9,1,pr
WaterSurf,246,0,0,sierranevada,9,1,pr
AlpConF,173794,3,0,sierranevada,9,2,pr
AlpScrGr,631149,28,0,sierranevada,9,2,pr
AridScr,773,0,0,sierranevada,9,2,pr
ArtSurf,8799,0,0,sierranevada,9,2,pr
BareArea,50,0,0,sierranevada,9,2,pr
Crop,1432,0,0,sierranevada,9,2,pr
Grass,77900,2,0,sierranevada,9,2,pr
HaloVeg,90,0,0,sierranevada,9,2,pr
HydroRipVeg,1447,0,0,sierranevada,9,2,pr
MedConF,2985,0,0,sierranevada,9,2,pr
MedSclF,38437,0,0,sierranevada,9,2,pr
MedScrub,110663,0,0,sierranevada,9,2,pr
Reforestation,29226,1,0,sierranevada,9,2,pr
RipF,2930,0,0,sierranevada,9,2,pr
RockScreeVeg,99119,4,0,sierranevada,9,2,pr
SMedMarF,16274,0,0,sierranevada,9,2,pr
Shrub,3805,0,0,sierranevada,9,2,pr
WaterSurf,246,0,0,sierranevada,9,2,pr
AlpConF,173796,0,0,sierranevada,9,3,pr
AlpScrGr,631177,0,0,sierranevada,9,3,pr
AridScr,774,0,0,sierranevada,9,3,pr
ArtSurf,8799,0,0,sierranevada,9,3,pr
BareArea,50,0,0,sierranevada,9,3,pr
Crop,1432,0,0,sierranevada,9,3,pr
Grass,77900,0,0,sierranevada,9,3,pr
HaloVeg,90,0,0,sierranevada,9,3,pr
HydroRipVeg,1448,0,0,sierranevada,9,3,pr
MedConF,2985,0,0,sierranevada,9,3,pr
MedSclF,38437,0,0,sierranevada,9,3,pr
MedScrub,110663,0,0,sierranevada,9,3,pr
Reforestation,29226,0,0,sierranevada,9,3,pr
RipF,2930,0,0,sierranevada,9,3,pr
RockScreeVeg,99121,0,0,sierranevada,9,3,pr
SMedMarF,16274,0,0,sierranevada,9,3,pr
Shrub,3805,0,0,sierranevada,9,3,pr
WaterSurf,246,0,0,sierranevada,9,3,pr
AlpConF,173796,51,0.03,sierranevada,9,4,pr
AlpScrGr,631177,189,0.03,sierranevada,9,4,pr
AridScr,774,0,0,sierranevada,9,4,pr
ArtSurf,8799,1,0.01,sierranevada,9,4,pr
BareArea,50,0,0,sierranevada,9,4,pr
Crop,1432,0,0,sierranevada,9,4,pr
Grass,77900,0,0,sierranevada,9,4,pr
HaloVeg,90,0,0,sierranevada,9,4,pr
HydroRipVeg,1448,0,0,sierranevada,9,4,pr
MedConF,2985,0,0,sierranevada,9,4,pr
MedSclF,38437,0,0,sierranevada,9,4,pr
MedScrub,110663,0,0,sierranevada,9,4,pr
Reforestation,29226,5,0.02,sierranevada,9,4,pr
RipF,2930,0,0,sierranevada,9,4,pr
RockScreeVeg,99121,7,0.01,sierranevada,9,4,pr
SMedMarF,16274,0,0,sierranevada,9,4,pr
Shrub,3805,0,0,sierranevada,9,4,pr
WaterSurf,246,0,0,sierranevada,9,4,pr
AlpConF,173796,502,0.29,sierranevada,9,5,pr
AlpScrGr,631177,20167,3.2,sierranevada,9,5,pr
AridScr,774,0,0,sierranevada,9,5,pr
ArtSurf,8799,27,0.31,sierranevada,9,5,pr
BareArea,50,0,0,sierranevada,9,5,pr
Crop,1432,0,0,sierranevada,9,5,pr
Grass,77900,542,0.7,sierranevada,9,5,pr
HaloVeg,90,0,0,sierranevada,9,5,pr
HydroRipVeg,1448,1,0.07,sierranevada,9,5,pr
MedConF,2985,0,0,sierranevada,9,5,pr
MedSclF,38437,13,0.03,sierranevada,9,5,pr
MedScrub,110663,55,0.05,sierranevada,9,5,pr
Reforestation,29226,85,0.29,sierranevada,9,5,pr
RipF,2930,1,0.03,sierranevada,9,5,pr
RockScreeVeg,99121,7441,7.51,sierranevada,9,5,pr
SMedMarF,16274,0,0,sierranevada,9,5,pr
Shrub,3805,0,0,sierranevada,9,5,pr
WaterSurf,246,15,6.1,sierranevada,9,5,pr
AlpConF,173796,87,0.05,sierranevada,9,6,pr
AlpScrGr,631177,41454,6.57,sierranevada,9,6,pr
AridScr,774,0,0,sierranevada,9,6,pr
ArtSurf,8799,42,0.48,sierranevada,9,6,pr
BareArea,50,0,0,sierranevada,9,6,pr
Crop,1432,0,0,sierranevada,9,6,pr
Grass,77900,1728,2.22,sierranevada,9,6,pr
HaloVeg,90,0,0,sierranevada,9,6,pr
HydroRipVeg,1448,0,0,sierranevada,9,6,pr
MedConF,2985,0,0,sierranevada,9,6,pr
MedSclF,38437,3,0.01,sierranevada,9,6,pr
MedScrub,110663,53,0.05,sierranevada,9,6,pr
Reforestation,29226,31,0.11,sierranevada,9,6,pr
RipF,2930,0,0,sierranevada,9,6,pr
RockScreeVeg,99121,31796,32.08,sierranevada,9,6,pr
SMedMarF,16274,4,0.02,sierranevada,9,6,pr
Shrub,3805,0,0,sierranevada,9,6,pr
WaterSurf,246,110,44.72,sierranevada,9,6,pr
AlpConF,173796,2,0,sierranevada,9,7,pr
AlpScrGr,631181,5430,0.86,sierranevada,9,7,pr
AridScr,774,0,0,sierranevada,9,7,pr
ArtSurf,8799,5,0.06,sierranevada,9,7,pr
BareArea,50,0,0,sierranevada,9,7,pr
Crop,1432,0,0,sierranevada,9,7,pr
Grass,77900,479,0.61,sierranevada,9,7,pr
HaloVeg,90,0,0,sierranevada,9,7,pr
HydroRipVeg,1448,0,0,sierranevada,9,7,pr
MedConF,2985,0,0,sierranevada,9,7,pr
MedSclF,38437,0,0,sierranevada,9,7,pr
MedScrub,110663,0,0,sierranevada,9,7,pr
Reforestation,29226,0,0,sierranevada,9,7,pr
RipF,2930,0,0,sierranevada,9,7,pr
RockScreeVeg,99121,9718,9.8,sierranevada,9,7,pr
SMedMarF,16274,0,0,sierranevada,9,7,pr
Shrub,3805,0,0,sierranevada,9,7,pr
WaterSurf,246,47,19.11,sierranevada,9,7,pr
AlpConF,173796,0,0,sierranevada,9,8,pr
AlpScrGr,631178,1560,0.25,sierranevada,9,8,pr
AridScr,774,0,0,sierranevada,9,8,pr
ArtSurf,8799,4,0.05,sierranevada,9,8,pr
BareArea,50,0,0,sierranevada,9,8,pr
Crop,1432,0,0,sierranevada,9,8,pr
Grass,77900,260,0.33,sierranevada,9,8,pr
HaloVeg,90,0,0,sierranevada,9,8,pr
HydroRipVeg,1448,0,0,sierranevada,9,8,pr
MedConF,2985,0,0,sierranevada,9,8,pr
MedSclF,38437,0,0,sierranevada,9,8,pr
MedScrub,110663,0,0,sierranevada,9,8,pr
Reforestation,29226,0,0,sierranevada,9,8,pr
RipF,2930,0,0,sierranevada,9,8,pr
RockScreeVeg,99121,4714,4.76,sierranevada,9,8,pr
SMedMarF,16274,0,0,sierranevada,9,8,pr
Shrub,3805,0,0,sierranevada,9,8,pr
WaterSurf,246,37,15.04,sierranevada,9,8,pr
AlpConF,173796,51,0.03,sierranevada,9,9,pr
AlpScrGr,631177,211,0.03,sierranevada,9,9,pr
AridScr,774,0,0,sierranevada,9,9,pr
ArtSurf,8799,1,0.01,sierranevada,9,9,pr
BareArea,50,0,0,sierranevada,9,9,pr
Crop,1432,0,0,sierranevada,9,9,pr
Grass,77900,118,0.15,sierranevada,9,9,pr
HaloVeg,90,0,0,sierranevada,9,9,pr
HydroRipVeg,1448,0,0,sierranevada,9,9,pr
MedConF,2985,0,0,sierranevada,9,9,pr
MedSclF,38437,0,0,sierranevada,9,9,pr
MedScrub,110663,0,0,sierranevada,9,9,pr
Reforestation,29226,1,0,sierranevada,9,9,pr
RipF,2930,3,0.1,sierranevada,9,9,pr
RockScreeVeg,99121,1388,1.4,sierranevada,9,9,pr
SMedMarF,16274,0,0,sierranevada,9,9,pr
Shrub,3805,0,0,sierranevada,9,9,pr
WaterSurf,246,7,2.85,sierranevada,9,9,pr
AlpConF,173796,2,0,sierranevada,9,10,pr
AlpScrGr,631178,1,0,sierranevada,9,10,pr
AridScr,774,0,0,sierranevada,9,10,pr
ArtSurf,8799,0,0,sierranevada,9,10,pr
BareArea,50,0,0,sierranevada,9,10,pr
Crop,1432,0,0,sierranevada,9,10,pr
Grass,77900,0,0,sierranevada,9,10,pr
HaloVeg,90,0,0,sierranevada,9,10,pr
HydroRipVeg,1448,0,0,sierranevada,9,10,pr
MedConF,2985,0,0,sierranevada,9,10,pr
MedSclF,38437,0,0,sierranevada,9,10,pr
MedScrub,110663,0,0,sierranevada,9,10,pr
Reforestation,29226,0,0,sierranevada,9,10,pr
RipF,2930,0,0,sierranevada,9,10,pr
RockScreeVeg,99121,1,0,sierranevada,9,10,pr
SMedMarF,16274,0,0,sierranevada,9,10,pr
Shrub,3805,0,0,sierranevada,9,10,pr
WaterSurf,246,0,0,sierranevada,9,10,pr
AlpConF,173794,5,0,sierranevada,9,11,pr
AlpScrGr,631149,851,0.13,sierranevada,9,11,pr
AridScr,772,0,0,sierranevada,9,11,pr
ArtSurf,8799,3,0.03,sierranevada,9,11,pr
BareArea,50,0,0,sierranevada,9,11,pr
Crop,1432,0,0,sierranevada,9,11,pr
Grass,77897,41,0.05,sierranevada,9,11,pr
HaloVeg,90,0,0,sierranevada,9,11,pr
HydroRipVeg,1448,0,0,sierranevada,9,11,pr
MedConF,2985,0,0,sierranevada,9,11,pr
MedSclF,38428,0,0,sierranevada,9,11,pr
MedScrub,110657,0,0,sierranevada,9,11,pr
Reforestation,29224,0,0,sierranevada,9,11,pr
RipF,2930,0,0,sierranevada,9,11,pr
RockScreeVeg,99119,321,0.32,sierranevada,9,11,pr
SMedMarF,16274,0,0,sierranevada,9,11,pr
Shrub,3805,0,0,sierranevada,9,11,pr
WaterSurf,246,1,0.41,sierranevada,9,11,pr
AlpConF,173767,0,0,sierranevada,9,12,pr
AlpScrGr,631026,0,0,sierranevada,9,12,pr
AridScr,763,0,0,sierranevada,9,12,pr
ArtSurf,8799,0,0,sierranevada,9,12,pr
BareArea,50,0,0,sierranevada,9,12,pr
Crop,1432,0,0,sierranevada,9,12,pr
Grass,77879,0,0,sierranevada,9,12,pr
HaloVeg,90,0,0,sierranevada,9,12,pr
HydroRipVeg,1442,0,0,sierranevada,9,12,pr
MedConF,2985,0,0,sierranevada,9,12,pr
MedSclF,38375,0,0,sierranevada,9,12,pr
MedScrub,110617,0,0,sierranevada,9,12,pr
Reforestation,29221,0,0,sierranevada,9,12,pr
RipF,2928,0,0,sierranevada,9,12,pr
RockScreeVeg,99098,3,0,sierranevada,9,12,pr
SMedMarF,16272,0,0,sierranevada,9,12,pr
Shrub,3805,0,0,sierranevada,9,12,pr
WaterSurf,246,0,0,sierranevada,9,12,pr
AlpConF,173794,0,0,sierranevada,12,1,pr
AlpScrGr,631034,0,0,sierranevada,12,1,pr
AridScr,766,0,0,sierranevada,12,1,pr
ArtSurf,8799,0,0,sierranevada,12,1,pr
BareArea,50,0,0,sierranevada,12,1,pr
Crop,1432,0,0,sierranevada,12,1,pr
Grass,77894,0,0,sierranevada,12,1,pr
HaloVeg,90,0,0,sierranevada,12,1,pr
HydroRipVeg,1442,0,0,sierranevada,12,1,pr
MedConF,2985,0,0,sierranevada,12,1,pr
MedSclF,38403,0,0,sierranevada,12,1,pr
MedScrub,110649,0,0,sierranevada,12,1,pr
Reforestation,29222,0,0,sierranevada,12,1,pr
RipF,2926,0,0,sierranevada,12,1,pr
RockScreeVeg,99111,0,0,sierranevada,12,1,pr
SMedMarF,16274,0,0,sierranevada,12,1,pr
Shrub,3805,0,0,sierranevada,12,1,pr
WaterSurf,246,0,0,sierranevada,12,1,pr
AlpConF,173794,0,0,sierranevada,12,2,pr
AlpScrGr,631149,0,0,sierranevada,12,2,pr
AridScr,773,0,0,sierranevada,12,2,pr
ArtSurf,8799,0,0,sierranevada,12,2,pr
BareArea,50,0,0,sierranevada,12,2,pr
Crop,1432,0,0,sierranevada,12,2,pr
Grass,77900,0,0,sierranevada,12,2,pr
HaloVeg,90,0,0,sierranevada,12,2,pr
HydroRipVeg,1447,0,0,sierranevada,12,2,pr
MedConF,2985,0,0,sierranevada,12,2,pr
MedSclF,38437,0,0,sierranevada,12,2,pr
MedScrub,110663,0,0,sierranevada,12,2,pr
Reforestation,29226,0,0,sierranevada,12,2,pr
RipF,2930,0,0,sierranevada,12,2,pr
RockScreeVeg,99119,0,0,sierranevada,12,2,pr
SMedMarF,16274,0,0,sierranevada,12,2,pr
Shrub,3805,0,0,sierranevada,12,2,pr
WaterSurf,246,0,0,sierranevada,12,2,pr
AlpConF,173796,0,0,sierranevada,12,3,pr
AlpScrGr,631177,0,0,sierranevada,12,3,pr
AridScr,774,0,0,sierranevada,12,3,pr
ArtSurf,8799,0,0,sierranevada,12,3,pr
BareArea,50,0,0,sierranevada,12,3,pr
Crop,1432,0,0,sierranevada,12,3,pr
Grass,77900,0,0,sierranevada,12,3,pr
HaloVeg,90,0,0,sierranevada,12,3,pr
HydroRipVeg,1448,0,0,sierranevada,12,3,pr
MedConF,2985,0,0,sierranevada,12,3,pr
MedSclF,38437,0,0,sierranevada,12,3,pr
MedScrub,110663,0,0,sierranevada,12,3,pr
Reforestation,29226,0,0,sierranevada,12,3,pr
RipF,2930,0,0,sierranevada,12,3,pr
RockScreeVeg,99121,0,0,sierranevada,12,3,pr
SMedMarF,16274,0,0,sierranevada,12,3,pr
Shrub,3805,0,0,sierranevada,12,3,pr
WaterSurf,246,0,0,sierranevada,12,3,pr
AlpConF,173796,0,0,sierranevada,12,4,pr
AlpScrGr,631177,4,0,sierranevada,12,4,pr
AridScr,774,0,0,sierranevada,12,4,pr
ArtSurf,8799,0,0,sierranevada,12,4,pr
BareArea,50,0,0,sierranevada,12,4,pr
Crop,1432,0,0,sierranevada,12,4,pr
Grass,77900,0,0,sierranevada,12,4,pr
HaloVeg,90,0,0,sierranevada,12,4,pr
HydroRipVeg,1448,0,0,sierranevada,12,4,pr
MedConF,2985,0,0,sierranevada,12,4,pr
MedSclF,38437,0,0,sierranevada,12,4,pr
MedScrub,110663,0,0,sierranevada,12,4,pr
Reforestation,29226,0,0,sierranevada,12,4,pr
RipF,2930,0,0,sierranevada,12,4,pr
RockScreeVeg,99121,0,0,sierranevada,12,4,pr
SMedMarF,16274,0,0,sierranevada,12,4,pr
Shrub,3805,0,0,sierranevada,12,4,pr
WaterSurf,246,0,0,sierranevada,12,4,pr
AlpConF,173796,426,0.25,sierranevada,12,5,pr
AlpScrGr,631177,14719,2.33,sierranevada,12,5,pr
AridScr,774,0,0,sierranevada,12,5,pr
ArtSurf,8799,22,0.25,sierranevada,12,5,pr
BareArea,50,0,0,sierranevada,12,5,pr
Crop,1432,0,0,sierranevada,12,5,pr
Grass,77900,455,0.58,sierranevada,12,5,pr
HaloVeg,90,0,0,sierranevada,12,5,pr
HydroRipVeg,1448,0,0,sierranevada,12,5,pr
MedConF,2985,0,0,sierranevada,12,5,pr
MedSclF,38437,11,0.03,sierranevada,12,5,pr
MedScrub,110663,43,0.04,sierranevada,12,5,pr
Reforestation,29226,75,0.26,sierranevada,12,5,pr
RipF,2930,1,0.03,sierranevada,12,5,pr
RockScreeVeg,99121,5377,5.42,sierranevada,12,5,pr
SMedMarF,16274,0,0,sierranevada,12,5,pr
Shrub,3805,0,0,sierranevada,12,5,pr
WaterSurf,246,10,4.07,sierranevada,12,5,pr
AlpConF,173796,62,0.04,sierranevada,12,6,pr
AlpScrGr,631177,37303,5.91,sierranevada,12,6,pr
AridScr,774,0,0,sierranevada,12,6,pr
ArtSurf,8799,40,0.45,sierranevada,12,6,pr
BareArea,50,0,0,sierranevada,12,6,pr
Crop,1432,0,0,sierranevada,12,6,pr
Grass,77900,1611,2.07,sierranevada,12,6,pr
HaloVeg,90,0,0,sierranevada,12,6,pr
HydroRipVeg,1448,0,0,sierranevada,12,6,pr
MedConF,2985,0,0,sierranevada,12,6,pr
MedSclF,38437,6,0.02,sierranevada,12,6,pr
MedScrub,110663,47,0.04,sierranevada,12,6,pr
Reforestation,29226,22,0.08,sierranevada,12,6,pr
RipF,2930,0,0,sierranevada,12,6,pr
RockScreeVeg,99121,29383,29.64,sierranevada,12,6,pr
SMedMarF,16274,3,0.02,sierranevada,12,6,pr
Shrub,3805,0,0,sierranevada,12,6,pr
WaterSurf,246,99,40.24,sierranevada,12,6,pr
AlpConF,173796,4,0,sierranevada,12,7,pr
AlpScrGr,631181,5932,0.94,sierranevada,12,7,pr
AridScr,774,0,0,sierranevada,12,7,pr
ArtSurf,8799,7,0.08,sierranevada,12,7,pr
BareArea,50,0,0,sierranevada,12,7,pr
Crop,1432,0,0,sierranevada,12,7,pr
Grass,77900,574,0.74,sierranevada,12,7,pr
HaloVeg,90,0,0,sierranevada,12,7,pr
HydroRipVeg,1448,0,0,sierranevada,12,7,pr
MedConF,2985,0,0,sierranevada,12,7,pr
MedSclF,38437,0,0,sierranevada,12,7,pr
MedScrub,110663,1,0,sierranevada,12,7,pr
Reforestation,29226,0,0,sierranevada,12,7,pr
RipF,2930,0,0,sierranevada,12,7,pr
RockScreeVeg,99121,11043,11.14,sierranevada,12,7,pr
SMedMarF,16274,0,0,sierranevada,12,7,pr
Shrub,3805,0,0,sierranevada,12,7,pr
WaterSurf,246,57,23.17,sierranevada,12,7,pr
AlpConF,173796,0,0,sierranevada,12,8,pr
AlpScrGr,631178,784,0.12,sierranevada,12,8,pr
AridScr,774,0,0,sierranevada,12,8,pr
ArtSurf,8799,2,0.02,sierranevada,12,8,pr
BareArea,50,0,0,sierranevada,12,8,pr
Crop,1432,0,0,sierranevada,12,8,pr
Grass,77900,148,0.19,sierranevada,12,8,pr
HaloVeg,90,0,0,sierranevada,12,8,pr
HydroRipVeg,1448,0,0,sierranevada,12,8,pr
MedConF,2985,0,0,sierranevada,12,8,pr
MedSclF,38437,0,0,sierranevada,12,8,pr
MedScrub,110663,0,0,sierranevada,12,8,pr
Reforestation,29226,0,0,sierranevada,12,8,pr
RipF,2930,0,0,sierranevada,12,8,pr
RockScreeVeg,99121,2616,2.64,sierranevada,12,8,pr
SMedMarF,16274,0,0,sierranevada,12,8,pr
Shrub,3805,0,0,sierranevada,12,8,pr
WaterSurf,246,20,8.13,sierranevada,12,8,pr
AlpConF,173796,13,0.01,sierranevada,12,9,pr
AlpScrGr,631177,31,0,sierranevada,12,9,pr
AridScr,774,0,0,sierranevada,12,9,pr
ArtSurf,8799,1,0.01,sierranevada,12,9,pr
BareArea,50,0,0,sierranevada,12,9,pr
Crop,1432,0,0,sierranevada,12,9,pr
Grass,77900,21,0.03,sierranevada,12,9,pr
HaloVeg,90,0,0,sierranevada,12,9,pr
HydroRipVeg,1448,0,0,sierranevada,12,9,pr
MedConF,2985,0,0,sierranevada,12,9,pr
MedSclF,38437,1,0,sierranevada,12,9,pr
MedScrub,110663,0,0,sierranevada,12,9,pr
Reforestation,29226,3,0.01,sierranevada,12,9,pr
RipF,2930,0,0,sierranevada,12,9,pr
RockScreeVeg,99121,238,0.24,sierranevada,12,9,pr
SMedMarF,16274,0,0,sierranevada,12,9,pr
Shrub,3805,0,0,sierranevada,12,9,pr
WaterSurf,246,3,1.22,sierranevada,12,9,pr
AlpConF,173796,50,0.03,sierranevada,12,10,pr
AlpScrGr,631178,3,0,sierranevada,12,10,pr
AridScr,774,0,0,sierranevada,12,10,pr
ArtSurf,8799,0,0,sierranevada,12,10,pr
BareArea,50,0,0,sierranevada,12,10,pr
Crop,1432,0,0,sierranevada,12,10,pr
Grass,77900,2,0,sierranevada,12,10,pr
HaloVeg,90,0,0,sierranevada,12,10,pr
HydroRipVeg,1448,0,0,sierranevada,12,10,pr
MedConF,2985,0,0,sierranevada,12,10,pr
MedSclF,38437,0,0,sierranevada,12,10,pr
MedScrub,110663,0,0,sierranevada,12,10,pr
Reforestation,29226,0,0,sierranevada,12,10,pr
RipF,2930,0,0,sierranevada,12,10,pr
RockScreeVeg,99121,55,0.06,sierranevada,12,10,pr
SMedMarF,16274,0,0,sierranevada,12,10,pr
Shrub,3805,0,0,sierranevada,12,10,pr
WaterSurf,246,3,1.22,sierranevada,12,10,pr
AlpConF,173794,0,0,sierranevada,12,11,pr
AlpScrGr,631149,0,0,sierranevada,12,11,pr
AridScr,772,0,0,sierranevada,12,11,pr
ArtSurf,8799,0,0,sierranevada,12,11,pr
BareArea,50,0,0,sierranevada,12,11,pr
Crop,1432,0,0,sierranevada,12,11,pr
Grass,77897,0,0,sierranevada,12,11,pr
HaloVeg,90,0,0,sierranevada,12,11,pr
HydroRipVeg,1448,0,0,sierranevada,12,11,pr
MedConF,2985,0,0,sierranevada,12,11,pr
MedSclF,38428,0,0,sierranevada,12,11,pr
MedScrub,110657,0,0,sierranevada,12,11,pr
Reforestation,29224,0,0,sierranevada,12,11,pr
RipF,2930,0,0,sierranevada,12,11,pr
RockScreeVeg,99119,0,0,sierranevada,12,11,pr
SMedMarF,16274,0,0,sierranevada,12,11,pr
Shrub,3805,0,0,sierranevada,12,11,pr
WaterSurf,246,0,0,sierranevada,12,11,pr
AlpConF,173767,0,0,sierranevada,12,12,pr
AlpScrGr,631026,0,0,sierranevada,12,12,pr
AridScr,763,0,0,sierranevada,12,12,pr
ArtSurf,8799,0,0,sierranevada,12,12,pr
BareArea,50,0,0,sierranevada,12,12,pr
Crop,1432,0,0,sierranevada,12,12,pr
Grass,77879,0,0,sierranevada,12,12,pr
HaloVeg,90,0,0,sierranevada,12,12,pr
HydroRipVeg,1442,0,0,sierranevada,12,12,pr
MedConF,2985,0,0,sierranevada,12,12,pr
MedSclF,38375,0,0,sierranevada,12,12,pr
MedScrub,110617,0,0,sierranevada,12,12,pr
Reforestation,29221,0,0,sierranevada,12,12,pr
RipF,2928,0,0,sierranevada,12,12,pr
RockScreeVeg,99098,0,0,sierranevada,12,12,pr
SMedMarF,16272,0,0,sierranevada,12,12,pr
Shrub,3805,0,0,sierranevada,12,12,pr
WaterSurf,246,0,0,sierranevada,12,12,pr
AlpConF,47119,0,0,aiguestortes,1,1,tmax
AlpScrGr,90179,0,0,aiguestortes,1,1,tmax
Grass,649,0,0,aiguestortes,1,1,tmax
HydroRipVeg,599,0,0,aiguestortes,1,1,tmax
RipF,223,0,0,aiguestortes,1,1,tmax
RockScreeVeg,60305,0,0,aiguestortes,1,1,tmax
Shrub,528,0,0,aiguestortes,1,1,tmax
TempDecF,913,0,0,aiguestortes,1,1,tmax
WaterSurf,4432,0,0,aiguestortes,1,1,tmax
AlpConF,47129,1,0,aiguestortes,1,2,tmax
AlpScrGr,90472,27,0.03,aiguestortes,1,2,tmax
Grass,647,0,0,aiguestortes,1,2,tmax
HydroRipVeg,599,0,0,aiguestortes,1,2,tmax
RipF,223,0,0,aiguestortes,1,2,tmax
RockScreeVeg,60535,21,0.03,aiguestortes,1,2,tmax
Shrub,528,0,0,aiguestortes,1,2,tmax
TempDecF,913,0,0,aiguestortes,1,2,tmax
WaterSurf,4432,0,0,aiguestortes,1,2,tmax
AlpConF,47131,0,0,aiguestortes,1,3,tmax
AlpScrGr,90046,0,0,aiguestortes,1,3,tmax
Grass,650,0,0,aiguestortes,1,3,tmax
HydroRipVeg,599,0,0,aiguestortes,1,3,tmax
RipF,223,0,0,aiguestortes,1,3,tmax
RockScreeVeg,59792,0,0,aiguestortes,1,3,tmax
Shrub,528,0,0,aiguestortes,1,3,tmax
TempDecF,913,0,0,aiguestortes,1,3,tmax
WaterSurf,4426,0,0,aiguestortes,1,3,tmax
AlpConF,47129,0,0,aiguestortes,1,4,tmax
AlpScrGr,89976,0,0,aiguestortes,1,4,tmax
Grass,650,0,0,aiguestortes,1,4,tmax
HydroRipVeg,599,0,0,aiguestortes,1,4,tmax
RipF,223,0,0,aiguestortes,1,4,tmax
RockScreeVeg,59380,0,0,aiguestortes,1,4,tmax
Shrub,528,0,0,aiguestortes,1,4,tmax
TempDecF,913,0,0,aiguestortes,1,4,tmax
WaterSurf,4420,0,0,aiguestortes,1,4,tmax
AlpConF,47125,0,0,aiguestortes,1,5,tmax
AlpScrGr,89502,0,0,aiguestortes,1,5,tmax
Grass,650,0,0,aiguestortes,1,5,tmax
HydroRipVeg,599,0,0,aiguestortes,1,5,tmax
RipF,223,0,0,aiguestortes,1,5,tmax
RockScreeVeg,58338,0,0,aiguestortes,1,5,tmax
Shrub,528,0,0,aiguestortes,1,5,tmax
TempDecF,913,0,0,aiguestortes,1,5,tmax
WaterSurf,4420,0,0,aiguestortes,1,5,tmax
AlpConF,47156,0,0,aiguestortes,1,6,tmax
AlpScrGr,89985,0,0,aiguestortes,1,6,tmax
Grass,650,0,0,aiguestortes,1,6,tmax
HydroRipVeg,599,0,0,aiguestortes,1,6,tmax
RipF,223,0,0,aiguestortes,1,6,tmax
RockScreeVeg,59389,0,0,aiguestortes,1,6,tmax
Shrub,528,0,0,aiguestortes,1,6,tmax
TempDecF,913,0,0,aiguestortes,1,6,tmax
WaterSurf,4420,0,0,aiguestortes,1,6,tmax
AlpConF,47156,0,0,aiguestortes,1,7,tmax
AlpScrGr,90194,0,0,aiguestortes,1,7,tmax
Grass,650,0,0,aiguestortes,1,7,tmax
HydroRipVeg,599,0,0,aiguestortes,1,7,tmax
RipF,223,0,0,aiguestortes,1,7,tmax
RockScreeVeg,59993,0,0,aiguestortes,1,7,tmax
Shrub,528,0,0,aiguestortes,1,7,tmax
TempDecF,913,0,0,aiguestortes,1,7,tmax
WaterSurf,4420,0,0,aiguestortes,1,7,tmax
AlpConF,47156,0,0,aiguestortes,1,8,tmax
AlpScrGr,90902,0,0,aiguestortes,1,8,tmax
Grass,650,0,0,aiguestortes,1,8,tmax
HydroRipVeg,599,0,0,aiguestortes,1,8,tmax
RipF,223,0,0,aiguestortes,1,8,tmax
RockScreeVeg,61591,0,0,aiguestortes,1,8,tmax
Shrub,528,0,0,aiguestortes,1,8,tmax
TempDecF,913,0,0,aiguestortes,1,8,tmax
WaterSurf,4420,0,0,aiguestortes,1,8,tmax
AlpConF,47133,0,0,aiguestortes,1,9,tmax
AlpScrGr,91031,0,0,aiguestortes,1,9,tmax
Grass,650,0,0,aiguestortes,1,9,tmax
HydroRipVeg,599,0,0,aiguestortes,1,9,tmax
RipF,223,0,0,aiguestortes,1,9,tmax
RockScreeVeg,61732,0,0,aiguestortes,1,9,tmax
Shrub,528,0,0,aiguestortes,1,9,tmax
TempDecF,913,0,0,aiguestortes,1,9,tmax
WaterSurf,4423,0,0,aiguestortes,1,9,tmax
AlpConF,47131,0,0,aiguestortes,1,10,tmax
AlpScrGr,90476,0,0,aiguestortes,1,10,tmax
Grass,650,0,0,aiguestortes,1,10,tmax
HydroRipVeg,599,0,0,aiguestortes,1,10,tmax
RipF,223,0,0,aiguestortes,1,10,tmax
RockScreeVeg,60534,0,0,aiguestortes,1,10,tmax
Shrub,528,0,0,aiguestortes,1,10,tmax
TempDecF,913,0,0,aiguestortes,1,10,tmax
WaterSurf,4420,0,0,aiguestortes,1,10,tmax
AlpConF,47073,2,0,aiguestortes,1,11,tmax
AlpScrGr,89988,88,0.1,aiguestortes,1,11,tmax
Grass,648,0,0,aiguestortes,1,11,tmax
HydroRipVeg,599,0,0,aiguestortes,1,11,tmax
RipF,223,0,0,aiguestortes,1,11,tmax
RockScreeVeg,59406,85,0.14,aiguestortes,1,11,tmax
Shrub,528,0,0,aiguestortes,1,11,tmax
TempDecF,913,0,0,aiguestortes,1,11,tmax
WaterSurf,4420,8,0.18,aiguestortes,1,11,tmax
AlpConF,46858,0,0,aiguestortes,1,12,tmax
AlpScrGr,89999,0,0,aiguestortes,1,12,tmax
Grass,643,0,0,aiguestortes,1,12,tmax
HydroRipVeg,599,0,0,aiguestortes,1,12,tmax
RipF,223,0,0,aiguestortes,1,12,tmax
RockScreeVeg,59577,0,0,aiguestortes,1,12,tmax
Shrub,528,0,0,aiguestortes,1,12,tmax
TempDecF,904,0,0,aiguestortes,1,12,tmax
WaterSurf,4422,0,0,aiguestortes,1,12,tmax
AlpConF,47119,0,0,aiguestortes,3,1,tmax
AlpScrGr,90179,0,0,aiguestortes,3,1,tmax
Grass,649,0,0,aiguestortes,3,1,tmax
HydroRipVeg,599,0,0,aiguestortes,3,1,tmax
RipF,223,0,0,aiguestortes,3,1,tmax
RockScreeVeg,60305,0,0,aiguestortes,3,1,tmax
Shrub,528,0,0,aiguestortes,3,1,tmax
TempDecF,913,0,0,aiguestortes,3,1,tmax
WaterSurf,4432,0,0,aiguestortes,3,1,tmax
AlpConF,47129,3,0.01,aiguestortes,3,2,tmax
AlpScrGr,90472,143,0.16,aiguestortes,3,2,tmax
Grass,647,0,0,aiguestortes,3,2,tmax
HydroRipVeg,599,0,0,aiguestortes,3,2,tmax
RipF,223,0,0,aiguestortes,3,2,tmax
RockScreeVeg,60535,66,0.11,aiguestortes,3,2,tmax
Shrub,528,0,0,aiguestortes,3,2,tmax
TempDecF,913,0,0,aiguestortes,3,2,tmax
WaterSurf,4432,1,0.02,aiguestortes,3,2,tmax
AlpConF,47131,0,0,aiguestortes,3,3,tmax
AlpScrGr,90046,0,0,aiguestortes,3,3,tmax
Grass,650,0,0,aiguestortes,3,3,tmax
HydroRipVeg,599,0,0,aiguestortes,3,3,tmax
RipF,223,0,0,aiguestortes,3,3,tmax
RockScreeVeg,59792,0,0,aiguestortes,3,3,tmax
Shrub,528,0,0,aiguestortes,3,3,tmax
TempDecF,913,0,0,aiguestortes,3,3,tmax
WaterSurf,4426,0,0,aiguestortes,3,3,tmax
AlpConF,47129,0,0,aiguestortes,3,4,tmax
AlpScrGr,89976,0,0,aiguestortes,3,4,tmax
Grass,650,0,0,aiguestortes,3,4,tmax
HydroRipVeg,599,0,0,aiguestortes,3,4,tmax
RipF,223,0,0,aiguestortes,3,4,tmax
RockScreeVeg,59380,0,0,aiguestortes,3,4,tmax
Shrub,528,0,0,aiguestortes,3,4,tmax
TempDecF,913,0,0,aiguestortes,3,4,tmax
WaterSurf,4420,0,0,aiguestortes,3,4,tmax
AlpConF,47125,0,0,aiguestortes,3,5,tmax
AlpScrGr,89502,9,0.01,aiguestortes,3,5,tmax
Grass,650,0,0,aiguestortes,3,5,tmax
HydroRipVeg,599,0,0,aiguestortes,3,5,tmax
RipF,223,0,0,aiguestortes,3,5,tmax
RockScreeVeg,58338,1,0,aiguestortes,3,5,tmax
Shrub,528,0,0,aiguestortes,3,5,tmax
TempDecF,913,0,0,aiguestortes,3,5,tmax
WaterSurf,4420,0,0,aiguestortes,3,5,tmax
AlpConF,47156,0,0,aiguestortes,3,6,tmax
AlpScrGr,89985,0,0,aiguestortes,3,6,tmax
Grass,650,0,0,aiguestortes,3,6,tmax
HydroRipVeg,599,0,0,aiguestortes,3,6,tmax
RipF,223,0,0,aiguestortes,3,6,tmax
RockScreeVeg,59389,0,0,aiguestortes,3,6,tmax
Shrub,528,0,0,aiguestortes,3,6,tmax
TempDecF,913,0,0,aiguestortes,3,6,tmax
WaterSurf,4420,0,0,aiguestortes,3,6,tmax
AlpConF,47156,0,0,aiguestortes,3,7,tmax
AlpScrGr,90194,0,0,aiguestortes,3,7,tmax
Grass,650,0,0,aiguestortes,3,7,tmax
HydroRipVeg,599,0,0,aiguestortes,3,7,tmax
RipF,223,0,0,aiguestortes,3,7,tmax
RockScreeVeg,59993,0,0,aiguestortes,3,7,tmax
Shrub,528,0,0,aiguestortes,3,7,tmax
TempDecF,913,0,0,aiguestortes,3,7,tmax
WaterSurf,4420,0,0,aiguestortes,3,7,tmax
AlpConF,47156,4431,9.4,aiguestortes,3,8,tmax
AlpScrGr,90902,13122,14.44,aiguestortes,3,8,tmax
Grass,650,244,37.54,aiguestortes,3,8,tmax
HydroRipVeg,599,98,16.36,aiguestortes,3,8,tmax
RipF,223,7,3.14,aiguestortes,3,8,tmax
RockScreeVeg,61591,10399,16.88,aiguestortes,3,8,tmax
Shrub,528,48,9.09,aiguestortes,3,8,tmax
TempDecF,913,39,4.27,aiguestortes,3,8,tmax
WaterSurf,4420,508,11.49,aiguestortes,3,8,tmax
AlpConF,47133,0,0,aiguestortes,3,9,tmax
AlpScrGr,91031,0,0,aiguestortes,3,9,tmax
Grass,650,0,0,aiguestortes,3,9,tmax
HydroRipVeg,599,0,0,aiguestortes,3,9,tmax
RipF,223,0,0,aiguestortes,3,9,tmax
RockScreeVeg,61732,0,0,aiguestortes,3,9,tmax
Shrub,528,0,0,aiguestortes,3,9,tmax
TempDecF,913,0,0,aiguestortes,3,9,tmax
WaterSurf,4423,0,0,aiguestortes,3,9,tmax
AlpConF,47131,0,0,aiguestortes,3,10,tmax
AlpScrGr,90476,0,0,aiguestortes,3,10,tmax
Grass,650,0,0,aiguestortes,3,10,tmax
HydroRipVeg,599,0,0,aiguestortes,3,10,tmax
RipF,223,0,0,aiguestortes,3,10,tmax
RockScreeVeg,60534,0,0,aiguestortes,3,10,tmax
Shrub,528,0,0,aiguestortes,3,10,tmax
TempDecF,913,0,0,aiguestortes,3,10,tmax
WaterSurf,4420,0,0,aiguestortes,3,10,tmax
AlpConF,47073,0,0,aiguestortes,3,11,tmax
AlpScrGr,89988,0,0,aiguestortes,3,11,tmax
Grass,648,0,0,aiguestortes,3,11,tmax
HydroRipVeg,599,0,0,aiguestortes,3,11,tmax
RipF,223,0,0,aiguestortes,3,11,tmax
RockScreeVeg,59406,0,0,aiguestortes,3,11,tmax
Shrub,528,0,0,aiguestortes,3,11,tmax
TempDecF,913,0,0,aiguestortes,3,11,tmax
WaterSurf,4420,0,0,aiguestortes,3,11,tmax
AlpConF,46858,0,0,aiguestortes,3,12,tmax
AlpScrGr,89999,0,0,aiguestortes,3,12,tmax
Grass,643,0,0,aiguestortes,3,12,tmax
HydroRipVeg,599,0,0,aiguestortes,3,12,tmax
RipF,223,0,0,aiguestortes,3,12,tmax
RockScreeVeg,59577,0,0,aiguestortes,3,12,tmax
Shrub,528,0,0,aiguestortes,3,12,tmax
TempDecF,904,0,0,aiguestortes,3,12,tmax
WaterSurf,4422,0,0,aiguestortes,3,12,tmax
AlpConF,47119,0,0,aiguestortes,6,1,tmax
AlpScrGr,90179,14,0.02,aiguestortes,6,1,tmax
Grass,649,0,0,aiguestortes,6,1,tmax
HydroRipVeg,599,0,0,aiguestortes,6,1,tmax
RipF,223,0,0,aiguestortes,6,1,tmax
RockScreeVeg,60305,8,0.01,aiguestortes,6,1,tmax
Shrub,528,0,0,aiguestortes,6,1,tmax
TempDecF,913,0,0,aiguestortes,6,1,tmax
WaterSurf,4432,1,0.02,aiguestortes,6,1,tmax
AlpConF,47129,0,0,aiguestortes,6,2,tmax
AlpScrGr,90472,0,0,aiguestortes,6,2,tmax
Grass,647,0,0,aiguestortes,6,2,tmax
HydroRipVeg,599,0,0,aiguestortes,6,2,tmax
RipF,223,0,0,aiguestortes,6,2,tmax
RockScreeVeg,60535,0,0,aiguestortes,6,2,tmax
Shrub,528,0,0,aiguestortes,6,2,tmax
TempDecF,913,0,0,aiguestortes,6,2,tmax
WaterSurf,4432,0,0,aiguestortes,6,2,tmax
AlpConF,47131,0,0,aiguestortes,6,3,tmax
AlpScrGr,90046,0,0,aiguestortes,6,3,tmax
Grass,650,0,0,aiguestortes,6,3,tmax
HydroRipVeg,599,0,0,aiguestortes,6,3,tmax
RipF,223,0,0,aiguestortes,6,3,tmax
RockScreeVeg,59792,0,0,aiguestortes,6,3,tmax
Shrub,528,0,0,aiguestortes,6,3,tmax
TempDecF,913,0,0,aiguestortes,6,3,tmax
WaterSurf,4426,0,0,aiguestortes,6,3,tmax
AlpConF,47129,0,0,aiguestortes,6,4,tmax
AlpScrGr,89976,0,0,aiguestortes,6,4,tmax
Grass,650,0,0,aiguestortes,6,4,tmax
HydroRipVeg,599,0,0,aiguestortes,6,4,tmax
RipF,223,0,0,aiguestortes,6,4,tmax
RockScreeVeg,59380,0,0,aiguestortes,6,4,tmax
Shrub,528,0,0,aiguestortes,6,4,tmax
TempDecF,913,0,0,aiguestortes,6,4,tmax
WaterSurf,4420,0,0,aiguestortes,6,4,tmax
AlpConF,47125,0,0,aiguestortes,6,5,tmax
AlpScrGr,89502,0,0,aiguestortes,6,5,tmax
Grass,650,0,0,aiguestortes,6,5,tmax
HydroRipVeg,599,0,0,aiguestortes,6,5,tmax
RipF,223,0,0,aiguestortes,6,5,tmax
RockScreeVeg,58338,0,0,aiguestortes,6,5,tmax
Shrub,528,0,0,aiguestortes,6,5,tmax
TempDecF,913,0,0,aiguestortes,6,5,tmax
WaterSurf,4420,0,0,aiguestortes,6,5,tmax
AlpConF,47156,6,0.01,aiguestortes,6,6,tmax
AlpScrGr,89985,5,0.01,aiguestortes,6,6,tmax
Grass,650,0,0,aiguestortes,6,6,tmax
HydroRipVeg,599,0,0,aiguestortes,6,6,tmax
RipF,223,0,0,aiguestortes,6,6,tmax
RockScreeVeg,59389,19,0.03,aiguestortes,6,6,tmax
Shrub,528,0,0,aiguestortes,6,6,tmax
TempDecF,913,0,0,aiguestortes,6,6,tmax
WaterSurf,4420,1,0.02,aiguestortes,6,6,tmax
AlpConF,47156,0,0,aiguestortes,6,7,tmax
AlpScrGr,90194,0,0,aiguestortes,6,7,tmax
Grass,650,0,0,aiguestortes,6,7,tmax
HydroRipVeg,599,0,0,aiguestortes,6,7,tmax
RipF,223,0,0,aiguestortes,6,7,tmax
RockScreeVeg,59993,0,0,aiguestortes,6,7,tmax
Shrub,528,0,0,aiguestortes,6,7,tmax
TempDecF,913,0,0,aiguestortes,6,7,tmax
WaterSurf,4420,0,0,aiguestortes,6,7,tmax
AlpConF,47156,2,0,aiguestortes,6,8,tmax
AlpScrGr,90902,6,0.01,aiguestortes,6,8,tmax
Grass,650,0,0,aiguestortes,6,8,tmax
HydroRipVeg,599,0,0,aiguestortes,6,8,tmax
RipF,223,0,0,aiguestortes,6,8,tmax
RockScreeVeg,61591,15,0.02,aiguestortes,6,8,tmax
Shrub,528,0,0,aiguestortes,6,8,tmax
TempDecF,913,0,0,aiguestortes,6,8,tmax
WaterSurf,4420,2,0.05,aiguestortes,6,8,tmax
AlpConF,47133,0,0,aiguestortes,6,9,tmax
AlpScrGr,91031,4,0,aiguestortes,6,9,tmax
Grass,650,0,0,aiguestortes,6,9,tmax
HydroRipVeg,599,0,0,aiguestortes,6,9,tmax
RipF,223,0,0,aiguestortes,6,9,tmax
RockScreeVeg,61732,2,0,aiguestortes,6,9,tmax
Shrub,528,0,0,aiguestortes,6,9,tmax
TempDecF,913,0,0,aiguestortes,6,9,tmax
WaterSurf,4423,0,0,aiguestortes,6,9,tmax
AlpConF,47131,0,0,aiguestortes,6,10,tmax
AlpScrGr,90476,0,0,aiguestortes,6,10,tmax
Grass,650,0,0,aiguestortes,6,10,tmax
HydroRipVeg,599,0,0,aiguestortes,6,10,tmax
RipF,223,0,0,aiguestortes,6,10,tmax
RockScreeVeg,60534,0,0,aiguestortes,6,10,tmax
Shrub,528,0,0,aiguestortes,6,10,tmax
TempDecF,913,0,0,aiguestortes,6,10,tmax
WaterSurf,4420,0,0,aiguestortes,6,10,tmax
AlpConF,47073,0,0,aiguestortes,6,11,tmax
AlpScrGr,89988,0,0,aiguestortes,6,11,tmax
Grass,648,0,0,aiguestortes,6,11,tmax
HydroRipVeg,599,0,0,aiguestortes,6,11,tmax
RipF,223,0,0,aiguestortes,6,11,tmax
RockScreeVeg,59406,0,0,aiguestortes,6,11,tmax
Shrub,528,0,0,aiguestortes,6,11,tmax
TempDecF,913,0,0,aiguestortes,6,11,tmax
WaterSurf,4420,0,0,aiguestortes,6,11,tmax
AlpConF,46858,0,0,aiguestortes,6,12,tmax
AlpScrGr,89999,8,0.01,aiguestortes,6,12,tmax
Grass,643,0,0,aiguestortes,6,12,tmax
HydroRipVeg,599,0,0,aiguestortes,6,12,tmax
RipF,223,0,0,aiguestortes,6,12,tmax
RockScreeVeg,59577,0,0,aiguestortes,6,12,tmax
Shrub,528,0,0,aiguestortes,6,12,tmax
TempDecF,904,0,0,aiguestortes,6,12,tmax
WaterSurf,4422,0,0,aiguestortes,6,12,tmax
AlpConF,47119,0,0,aiguestortes,9,1,tmax
AlpScrGr,90179,15,0.02,aiguestortes,9,1,tmax
Grass,649,0,0,aiguestortes,9,1,tmax
HydroRipVeg,599,0,0,aiguestortes,9,1,tmax
RipF,223,0,0,aiguestortes,9,1,tmax
RockScreeVeg,60305,20,0.03,aiguestortes,9,1,tmax
Shrub,528,0,0,aiguestortes,9,1,tmax
TempDecF,913,0,0,aiguestortes,9,1,tmax
WaterSurf,4432,1,0.02,aiguestortes,9,1,tmax
AlpConF,47129,0,0,aiguestortes,9,2,tmax
AlpScrGr,90472,0,0,aiguestortes,9,2,tmax
Grass,647,0,0,aiguestortes,9,2,tmax
HydroRipVeg,599,0,0,aiguestortes,9,2,tmax
RipF,223,0,0,aiguestortes,9,2,tmax
RockScreeVeg,60535,0,0,aiguestortes,9,2,tmax
Shrub,528,0,0,aiguestortes,9,2,tmax
TempDecF,913,0,0,aiguestortes,9,2,tmax
WaterSurf,4432,0,0,aiguestortes,9,2,tmax
AlpConF,47131,0,0,aiguestortes,9,3,tmax
AlpScrGr,90046,0,0,aiguestortes,9,3,tmax
Grass,650,0,0,aiguestortes,9,3,tmax
HydroRipVeg,599,0,0,aiguestortes,9,3,tmax
RipF,223,0,0,aiguestortes,9,3,tmax
RockScreeVeg,59792,0,0,aiguestortes,9,3,tmax
Shrub,528,0,0,aiguestortes,9,3,tmax
TempDecF,913,0,0,aiguestortes,9,3,tmax
WaterSurf,4426,0,0,aiguestortes,9,3,tmax
AlpConF,47129,0,0,aiguestortes,9,4,tmax
AlpScrGr,89976,0,0,aiguestortes,9,4,tmax
Grass,650,0,0,aiguestortes,9,4,tmax
HydroRipVeg,599,0,0,aiguestortes,9,4,tmax
RipF,223,0,0,aiguestortes,9,4,tmax
RockScreeVeg,59380,0,0,aiguestortes,9,4,tmax
Shrub,528,0,0,aiguestortes,9,4,tmax
TempDecF,913,0,0,aiguestortes,9,4,tmax
WaterSurf,4420,0,0,aiguestortes,9,4,tmax
AlpConF,47125,0,0,aiguestortes,9,5,tmax
AlpScrGr,89502,0,0,aiguestortes,9,5,tmax
Grass,650,0,0,aiguestortes,9,5,tmax
HydroRipVeg,599,0,0,aiguestortes,9,5,tmax
RipF,223,0,0,aiguestortes,9,5,tmax
RockScreeVeg,58338,0,0,aiguestortes,9,5,tmax
Shrub,528,0,0,aiguestortes,9,5,tmax
TempDecF,913,0,0,aiguestortes,9,5,tmax
WaterSurf,4420,0,0,aiguestortes,9,5,tmax
AlpConF,47156,0,0,aiguestortes,9,6,tmax
AlpScrGr,89985,0,0,aiguestortes,9,6,tmax
Grass,650,0,0,aiguestortes,9,6,tmax
HydroRipVeg,599,0,0,aiguestortes,9,6,tmax
RipF,223,0,0,aiguestortes,9,6,tmax
RockScreeVeg,59389,0,0,aiguestortes,9,6,tmax
Shrub,528,0,0,aiguestortes,9,6,tmax
TempDecF,913,0,0,aiguestortes,9,6,tmax
WaterSurf,4420,0,0,aiguestortes,9,6,tmax
AlpConF,47156,0,0,aiguestortes,9,7,tmax
AlpScrGr,90194,0,0,aiguestortes,9,7,tmax
Grass,650,0,0,aiguestortes,9,7,tmax
HydroRipVeg,599,0,0,aiguestortes,9,7,tmax
RipF,223,0,0,aiguestortes,9,7,tmax
RockScreeVeg,59993,0,0,aiguestortes,9,7,tmax
Shrub,528,0,0,aiguestortes,9,7,tmax
TempDecF,913,0,0,aiguestortes,9,7,tmax
WaterSurf,4420,0,0,aiguestortes,9,7,tmax
AlpConF,47156,1,0,aiguestortes,9,8,tmax
AlpScrGr,90902,1,0,aiguestortes,9,8,tmax
Grass,650,0,0,aiguestortes,9,8,tmax
HydroRipVeg,599,0,0,aiguestortes,9,8,tmax
RipF,223,0,0,aiguestortes,9,8,tmax
RockScreeVeg,61591,6,0.01,aiguestortes,9,8,tmax
Shrub,528,0,0,aiguestortes,9,8,tmax
TempDecF,913,0,0,aiguestortes,9,8,tmax
WaterSurf,4420,0,0,aiguestortes,9,8,tmax
AlpConF,47133,0,0,aiguestortes,9,9,tmax
AlpScrGr,91031,0,0,aiguestortes,9,9,tmax
Grass,650,0,0,aiguestortes,9,9,tmax
HydroRipVeg,599,0,0,aiguestortes,9,9,tmax
RipF,223,0,0,aiguestortes,9,9,tmax
RockScreeVeg,61732,0,0,aiguestortes,9,9,tmax
Shrub,528,0,0,aiguestortes,9,9,tmax
TempDecF,913,0,0,aiguestortes,9,9,tmax
WaterSurf,4423,0,0,aiguestortes,9,9,tmax
AlpConF,47131,0,0,aiguestortes,9,10,tmax
AlpScrGr,90476,0,0,aiguestortes,9,10,tmax
Grass,650,0,0,aiguestortes,9,10,tmax
HydroRipVeg,599,0,0,aiguestortes,9,10,tmax
RipF,223,0,0,aiguestortes,9,10,tmax
RockScreeVeg,60534,0,0,aiguestortes,9,10,tmax
Shrub,528,0,0,aiguestortes,9,10,tmax
TempDecF,913,0,0,aiguestortes,9,10,tmax
WaterSurf,4420,0,0,aiguestortes,9,10,tmax
AlpConF,47073,0,0,aiguestortes,9,11,tmax
AlpScrGr,89988,0,0,aiguestortes,9,11,tmax
Grass,648,0,0,aiguestortes,9,11,tmax
HydroRipVeg,599,0,0,aiguestortes,9,11,tmax
RipF,223,0,0,aiguestortes,9,11,tmax
RockScreeVeg,59406,0,0,aiguestortes,9,11,tmax
Shrub,528,0,0,aiguestortes,9,11,tmax
TempDecF,913,0,0,aiguestortes,9,11,tmax
WaterSurf,4420,0,0,aiguestortes,9,11,tmax
AlpConF,46858,0,0,aiguestortes,9,12,tmax
AlpScrGr,89999,17,0.02,aiguestortes,9,12,tmax
Grass,643,0,0,aiguestortes,9,12,tmax
HydroRipVeg,599,0,0,aiguestortes,9,12,tmax
RipF,223,0,0,aiguestortes,9,12,tmax
RockScreeVeg,59577,11,0.02,aiguestortes,9,12,tmax
Shrub,528,0,0,aiguestortes,9,12,tmax
TempDecF,904,0,0,aiguestortes,9,12,tmax
WaterSurf,4422,0,0,aiguestortes,9,12,tmax
AlpConF,47119,0,0,aiguestortes,12,1,tmax
AlpScrGr,90179,2,0,aiguestortes,12,1,tmax
Grass,649,0,0,aiguestortes,12,1,tmax
HydroRipVeg,599,0,0,aiguestortes,12,1,tmax
RipF,223,0,0,aiguestortes,12,1,tmax
RockScreeVeg,60305,4,0.01,aiguestortes,12,1,tmax
Shrub,528,0,0,aiguestortes,12,1,tmax
TempDecF,913,0,0,aiguestortes,12,1,tmax
WaterSurf,4432,0,0,aiguestortes,12,1,tmax
AlpConF,47129,0,0,aiguestortes,12,2,tmax
AlpScrGr,90472,0,0,aiguestortes,12,2,tmax
Grass,647,0,0,aiguestortes,12,2,tmax
HydroRipVeg,599,0,0,aiguestortes,12,2,tmax
RipF,223,0,0,aiguestortes,12,2,tmax
RockScreeVeg,60535,0,0,aiguestortes,12,2,tmax
Shrub,528,0,0,aiguestortes,12,2,tmax
TempDecF,913,0,0,aiguestortes,12,2,tmax
WaterSurf,4432,0,0,aiguestortes,12,2,tmax
AlpConF,47131,0,0,aiguestortes,12,3,tmax
AlpScrGr,90046,0,0,aiguestortes,12,3,tmax
Grass,650,0,0,aiguestortes,12,3,tmax
HydroRipVeg,599,0,0,aiguestortes,12,3,tmax
RipF,223,0,0,aiguestortes,12,3,tmax
RockScreeVeg,59792,0,0,aiguestortes,12,3,tmax
Shrub,528,0,0,aiguestortes,12,3,tmax
TempDecF,913,0,0,aiguestortes,12,3,tmax
WaterSurf,4426,0,0,aiguestortes,12,3,tmax
AlpConF,47129,0,0,aiguestortes,12,4,tmax
AlpScrGr,89976,0,0,aiguestortes,12,4,tmax
Grass,650,0,0,aiguestortes,12,4,tmax
HydroRipVeg,599,0,0,aiguestortes,12,4,tmax
RipF,223,0,0,aiguestortes,12,4,tmax
RockScreeVeg,59380,0,0,aiguestortes,12,4,tmax
Shrub,528,0,0,aiguestortes,12,4,tmax
TempDecF,913,0,0,aiguestortes,12,4,tmax
WaterSurf,4420,0,0,aiguestortes,12,4,tmax
AlpConF,47125,0,0,aiguestortes,12,5,tmax
AlpScrGr,89502,0,0,aiguestortes,12,5,tmax
Grass,650,0,0,aiguestortes,12,5,tmax
HydroRipVeg,599,0,0,aiguestortes,12,5,tmax
RipF,223,0,0,aiguestortes,12,5,tmax
RockScreeVeg,58338,0,0,aiguestortes,12,5,tmax
Shrub,528,0,0,aiguestortes,12,5,tmax
TempDecF,913,0,0,aiguestortes,12,5,tmax
WaterSurf,4420,0,0,aiguestortes,12,5,tmax
AlpConF,47156,0,0,aiguestortes,12,6,tmax
AlpScrGr,89985,0,0,aiguestortes,12,6,tmax
Grass,650,0,0,aiguestortes,12,6,tmax
HydroRipVeg,599,0,0,aiguestortes,12,6,tmax
RipF,223,0,0,aiguestortes,12,6,tmax
RockScreeVeg,59389,0,0,aiguestortes,12,6,tmax
Shrub,528,0,0,aiguestortes,12,6,tmax
TempDecF,913,0,0,aiguestortes,12,6,tmax
WaterSurf,4420,0,0,aiguestortes,12,6,tmax
AlpConF,47156,0,0,aiguestortes,12,7,tmax
AlpScrGr,90194,1,0,aiguestortes,12,7,tmax
Grass,650,0,0,aiguestortes,12,7,tmax
HydroRipVeg,599,0,0,aiguestortes,12,7,tmax
RipF,223,0,0,aiguestortes,12,7,tmax
RockScreeVeg,59993,0,0,aiguestortes,12,7,tmax
Shrub,528,0,0,aiguestortes,12,7,tmax
TempDecF,913,0,0,aiguestortes,12,7,tmax
WaterSurf,4420,0,0,aiguestortes,12,7,tmax
AlpConF,47156,126,0.27,aiguestortes,12,8,tmax
AlpScrGr,90902,437,0.48,aiguestortes,12,8,tmax
Grass,650,6,0.92,aiguestortes,12,8,tmax
HydroRipVeg,599,5,0.83,aiguestortes,12,8,tmax
RipF,223,0,0,aiguestortes,12,8,tmax
RockScreeVeg,61591,521,0.85,aiguestortes,12,8,tmax
Shrub,528,2,0.38,aiguestortes,12,8,tmax
TempDecF,913,7,0.77,aiguestortes,12,8,tmax
WaterSurf,4420,32,0.72,aiguestortes,12,8,tmax
AlpConF,47133,0,0,aiguestortes,12,9,tmax
AlpScrGr,91031,0,0,aiguestortes,12,9,tmax
Grass,650,0,0,aiguestortes,12,9,tmax
HydroRipVeg,599,0,0,aiguestortes,12,9,tmax
RipF,223,0,0,aiguestortes,12,9,tmax
RockScreeVeg,61732,0,0,aiguestortes,12,9,tmax
Shrub,528,0,0,aiguestortes,12,9,tmax
TempDecF,913,0,0,aiguestortes,12,9,tmax
WaterSurf,4423,0,0,aiguestortes,12,9,tmax
AlpConF,47131,0,0,aiguestortes,12,10,tmax
AlpScrGr,90476,0,0,aiguestortes,12,10,tmax
Grass,650,0,0,aiguestortes,12,10,tmax
HydroRipVeg,599,0,0,aiguestortes,12,10,tmax
RipF,223,0,0,aiguestortes,12,10,tmax
RockScreeVeg,60534,0,0,aiguestortes,12,10,tmax
Shrub,528,0,0,aiguestortes,12,10,tmax
TempDecF,913,0,0,aiguestortes,12,10,tmax
WaterSurf,4420,0,0,aiguestortes,12,10,tmax
AlpConF,47073,0,0,aiguestortes,12,11,tmax
AlpScrGr,89988,0,0,aiguestortes,12,11,tmax
Grass,648,0,0,aiguestortes,12,11,tmax
HydroRipVeg,599,0,0,aiguestortes,12,11,tmax
RipF,223,0,0,aiguestortes,12,11,tmax
RockScreeVeg,59406,0,0,aiguestortes,12,11,tmax
Shrub,528,0,0,aiguestortes,12,11,tmax
TempDecF,913,0,0,aiguestortes,12,11,tmax
WaterSurf,4420,0,0,aiguestortes,12,11,tmax
AlpConF,46858,0,0,aiguestortes,12,12,tmax
AlpScrGr,89999,0,0,aiguestortes,12,12,tmax
Grass,643,0,0,aiguestortes,12,12,tmax
HydroRipVeg,599,0,0,aiguestortes,12,12,tmax
RipF,223,0,0,aiguestortes,12,12,tmax
RockScreeVeg,59577,0,0,aiguestortes,12,12,tmax
Shrub,528,0,0,aiguestortes,12,12,tmax
TempDecF,904,0,0,aiguestortes,12,12,tmax
WaterSurf,4422,0,0,aiguestortes,12,12,tmax
ArtSurf,7418,0,0,cabaneros,1,1,tmax
Crop,2473,0,0,cabaneros,1,1,tmax
Dehesa,36272,0,0,cabaneros,1,1,tmax
Grass,52784,0,0,cabaneros,1,1,tmax
HydroRipVeg,554,0,0,cabaneros,1,1,tmax
MedConF,35896,0,0,cabaneros,1,1,tmax
MedSclF,158690,0,0,cabaneros,1,1,tmax
MedScrub,187005,0,0,cabaneros,1,1,tmax
Reforestation,57,0,0,cabaneros,1,1,tmax
RipF,4764,0,0,cabaneros,1,1,tmax
RockScreeVeg,11067,0,0,cabaneros,1,1,tmax
SMedMarF,69447,0,0,cabaneros,1,1,tmax
Shrub,21978,0,0,cabaneros,1,1,tmax
WaterSurf,177,0,0,cabaneros,1,1,tmax
ArtSurf,7418,0,0,cabaneros,1,2,tmax
Crop,2473,0,0,cabaneros,1,2,tmax
Dehesa,36272,0,0,cabaneros,1,2,tmax
Grass,52784,0,0,cabaneros,1,2,tmax
HydroRipVeg,554,0,0,cabaneros,1,2,tmax
MedConF,35896,0,0,cabaneros,1,2,tmax
MedSclF,158690,0,0,cabaneros,1,2,tmax
MedScrub,187005,0,0,cabaneros,1,2,tmax
Reforestation,57,0,0,cabaneros,1,2,tmax
RipF,4764,0,0,cabaneros,1,2,tmax
RockScreeVeg,11067,0,0,cabaneros,1,2,tmax
SMedMarF,69447,0,0,cabaneros,1,2,tmax
Shrub,21978,0,0,cabaneros,1,2,tmax
WaterSurf,177,0,0,cabaneros,1,2,tmax
ArtSurf,7418,0,0,cabaneros,1,3,tmax
Crop,2473,0,0,cabaneros,1,3,tmax
Dehesa,36272,0,0,cabaneros,1,3,tmax
Grass,52784,0,0,cabaneros,1,3,tmax
HydroRipVeg,554,0,0,cabaneros,1,3,tmax
MedConF,35896,0,0,cabaneros,1,3,tmax
MedSclF,158690,0,0,cabaneros,1,3,tmax
MedScrub,187005,0,0,cabaneros,1,3,tmax
Reforestation,57,0,0,cabaneros,1,3,tmax
RipF,4764,0,0,cabaneros,1,3,tmax
RockScreeVeg,11067,0,0,cabaneros,1,3,tmax
SMedMarF,69447,0,0,cabaneros,1,3,tmax
Shrub,21978,0,0,cabaneros,1,3,tmax
WaterSurf,177,0,0,cabaneros,1,3,tmax
ArtSurf,7418,0,0,cabaneros,1,4,tmax
Crop,2473,0,0,cabaneros,1,4,tmax
Dehesa,36272,0,0,cabaneros,1,4,tmax
Grass,52784,0,0,cabaneros,1,4,tmax
HydroRipVeg,554,0,0,cabaneros,1,4,tmax
MedConF,35896,0,0,cabaneros,1,4,tmax
MedSclF,158690,0,0,cabaneros,1,4,tmax
MedScrub,187005,0,0,cabaneros,1,4,tmax
Reforestation,57,0,0,cabaneros,1,4,tmax
RipF,4764,0,0,cabaneros,1,4,tmax
RockScreeVeg,11067,0,0,cabaneros,1,4,tmax
SMedMarF,69447,0,0,cabaneros,1,4,tmax
Shrub,21978,0,0,cabaneros,1,4,tmax
WaterSurf,177,0,0,cabaneros,1,4,tmax
ArtSurf,7418,151,2.04,cabaneros,1,5,tmax
Crop,2473,268,10.84,cabaneros,1,5,tmax
Dehesa,36272,3403,9.38,cabaneros,1,5,tmax
Grass,52784,4695,8.89,cabaneros,1,5,tmax
HydroRipVeg,554,9,1.62,cabaneros,1,5,tmax
MedConF,35896,35,0.1,cabaneros,1,5,tmax
MedSclF,158690,1448,0.91,cabaneros,1,5,tmax
MedScrub,187005,2508,1.34,cabaneros,1,5,tmax
Reforestation,57,0,0,cabaneros,1,5,tmax
RipF,4764,21,0.44,cabaneros,1,5,tmax
RockScreeVeg,11067,91,0.82,cabaneros,1,5,tmax
SMedMarF,69447,188,0.27,cabaneros,1,5,tmax
Shrub,21978,188,0.86,cabaneros,1,5,tmax
WaterSurf,177,0,0,cabaneros,1,5,tmax
ArtSurf,7418,0,0,cabaneros,1,6,tmax
Crop,2473,0,0,cabaneros,1,6,tmax
Dehesa,36272,0,0,cabaneros,1,6,tmax
Grass,52784,0,0,cabaneros,1,6,tmax
HydroRipVeg,554,0,0,cabaneros,1,6,tmax
MedConF,35896,0,0,cabaneros,1,6,tmax
MedSclF,158690,0,0,cabaneros,1,6,tmax
MedScrub,187005,0,0,cabaneros,1,6,tmax
Reforestation,57,0,0,cabaneros,1,6,tmax
RipF,4764,0,0,cabaneros,1,6,tmax
RockScreeVeg,11067,0,0,cabaneros,1,6,tmax
SMedMarF,69447,0,0,cabaneros,1,6,tmax
Shrub,21978,0,0,cabaneros,1,6,tmax
WaterSurf,177,0,0,cabaneros,1,6,tmax
ArtSurf,7418,0,0,cabaneros,1,7,tmax
Crop,2473,0,0,cabaneros,1,7,tmax
Dehesa,36272,0,0,cabaneros,1,7,tmax
Grass,52784,0,0,cabaneros,1,7,tmax
HydroRipVeg,554,0,0,cabaneros,1,7,tmax
MedConF,35896,0,0,cabaneros,1,7,tmax
MedSclF,158690,0,0,cabaneros,1,7,tmax
MedScrub,187005,0,0,cabaneros,1,7,tmax
Reforestation,57,0,0,cabaneros,1,7,tmax
RipF,4764,0,0,cabaneros,1,7,tmax
RockScreeVeg,11067,0,0,cabaneros,1,7,tmax
SMedMarF,69447,0,0,cabaneros,1,7,tmax
Shrub,21978,0,0,cabaneros,1,7,tmax
WaterSurf,177,0,0,cabaneros,1,7,tmax
ArtSurf,7418,419,5.65,cabaneros,1,8,tmax
Crop,2473,3,0.12,cabaneros,1,8,tmax
Dehesa,36272,123,0.34,cabaneros,1,8,tmax
Grass,52784,53,0.1,cabaneros,1,8,tmax
HydroRipVeg,554,5,0.9,cabaneros,1,8,tmax
MedConF,35896,12275,34.2,cabaneros,1,8,tmax
MedSclF,158690,4227,2.66,cabaneros,1,8,tmax
MedScrub,187005,10850,5.8,cabaneros,1,8,tmax
Reforestation,57,2,3.51,cabaneros,1,8,tmax
RipF,4764,138,2.9,cabaneros,1,8,tmax
RockScreeVeg,11067,182,1.64,cabaneros,1,8,tmax
SMedMarF,69447,1725,2.48,cabaneros,1,8,tmax
Shrub,21978,599,2.73,cabaneros,1,8,tmax
WaterSurf,177,4,2.26,cabaneros,1,8,tmax
ArtSurf,7418,0,0,cabaneros,1,9,tmax
Crop,2473,0,0,cabaneros,1,9,tmax
Dehesa,36272,0,0,cabaneros,1,9,tmax
Grass,52784,0,0,cabaneros,1,9,tmax
HydroRipVeg,554,0,0,cabaneros,1,9,tmax
MedConF,35896,0,0,cabaneros,1,9,tmax
MedSclF,158690,0,0,cabaneros,1,9,tmax
MedScrub,187005,0,0,cabaneros,1,9,tmax
Reforestation,57,0,0,cabaneros,1,9,tmax
RipF,4764,0,0,cabaneros,1,9,tmax
RockScreeVeg,11067,0,0,cabaneros,1,9,tmax
SMedMarF,69447,0,0,cabaneros,1,9,tmax
Shrub,21978,0,0,cabaneros,1,9,tmax
WaterSurf,177,0,0,cabaneros,1,9,tmax
ArtSurf,7418,0,0,cabaneros,1,10,tmax
Crop,2473,0,0,cabaneros,1,10,tmax
Dehesa,36272,0,0,cabaneros,1,10,tmax
Grass,52784,0,0,cabaneros,1,10,tmax
HydroRipVeg,554,0,0,cabaneros,1,10,tmax
MedConF,35896,0,0,cabaneros,1,10,tmax
MedSclF,158690,0,0,cabaneros,1,10,tmax
MedScrub,187005,0,0,cabaneros,1,10,tmax
Reforestation,57,0,0,cabaneros,1,10,tmax
RipF,4764,0,0,cabaneros,1,10,tmax
RockScreeVeg,11067,0,0,cabaneros,1,10,tmax
SMedMarF,69447,0,0,cabaneros,1,10,tmax
Shrub,21978,0,0,cabaneros,1,10,tmax
WaterSurf,177,0,0,cabaneros,1,10,tmax
ArtSurf,7418,0,0,cabaneros,1,11,tmax
Crop,2473,0,0,cabaneros,1,11,tmax
Dehesa,36272,0,0,cabaneros,1,11,tmax
Grass,52784,0,0,cabaneros,1,11,tmax
HydroRipVeg,554,0,0,cabaneros,1,11,tmax
MedConF,35896,0,0,cabaneros,1,11,tmax
MedSclF,158690,0,0,cabaneros,1,11,tmax
MedScrub,187005,0,0,cabaneros,1,11,tmax
Reforestation,57,0,0,cabaneros,1,11,tmax
RipF,4764,0,0,cabaneros,1,11,tmax
RockScreeVeg,11067,0,0,cabaneros,1,11,tmax
SMedMarF,69447,0,0,cabaneros,1,11,tmax
Shrub,21978,0,0,cabaneros,1,11,tmax
WaterSurf,177,0,0,cabaneros,1,11,tmax
ArtSurf,7418,0,0,cabaneros,1,12,tmax
Crop,2473,0,0,cabaneros,1,12,tmax
Dehesa,36272,0,0,cabaneros,1,12,tmax
Grass,52784,0,0,cabaneros,1,12,tmax
HydroRipVeg,554,0,0,cabaneros,1,12,tmax
MedConF,35896,0,0,cabaneros,1,12,tmax
MedSclF,158688,0,0,cabaneros,1,12,tmax
MedScrub,187005,0,0,cabaneros,1,12,tmax
Reforestation,57,0,0,cabaneros,1,12,tmax
RipF,4764,0,0,cabaneros,1,12,tmax
RockScreeVeg,11067,0,0,cabaneros,1,12,tmax
SMedMarF,69447,0,0,cabaneros,1,12,tmax
Shrub,21978,0,0,cabaneros,1,12,tmax
WaterSurf,177,0,0,cabaneros,1,12,tmax
ArtSurf,7418,0,0,cabaneros,3,1,tmax
Crop,2473,0,0,cabaneros,3,1,tmax
Dehesa,36272,0,0,cabaneros,3,1,tmax
Grass,52784,0,0,cabaneros,3,1,tmax
HydroRipVeg,554,0,0,cabaneros,3,1,tmax
MedConF,35896,0,0,cabaneros,3,1,tmax
MedSclF,158690,0,0,cabaneros,3,1,tmax
MedScrub,187005,0,0,cabaneros,3,1,tmax
Reforestation,57,0,0,cabaneros,3,1,tmax
RipF,4764,0,0,cabaneros,3,1,tmax
RockScreeVeg,11067,0,0,cabaneros,3,1,tmax
SMedMarF,69447,0,0,cabaneros,3,1,tmax
Shrub,21978,0,0,cabaneros,3,1,tmax
WaterSurf,177,0,0,cabaneros,3,1,tmax
ArtSurf,7418,0,0,cabaneros,3,2,tmax
Crop,2473,0,0,cabaneros,3,2,tmax
Dehesa,36272,0,0,cabaneros,3,2,tmax
Grass,52784,0,0,cabaneros,3,2,tmax
HydroRipVeg,554,0,0,cabaneros,3,2,tmax
MedConF,35896,0,0,cabaneros,3,2,tmax
MedSclF,158690,0,0,cabaneros,3,2,tmax
MedScrub,187005,0,0,cabaneros,3,2,tmax
Reforestation,57,0,0,cabaneros,3,2,tmax
RipF,4764,0,0,cabaneros,3,2,tmax
RockScreeVeg,11067,0,0,cabaneros,3,2,tmax
SMedMarF,69447,0,0,cabaneros,3,2,tmax
Shrub,21978,0,0,cabaneros,3,2,tmax
WaterSurf,177,0,0,cabaneros,3,2,tmax
ArtSurf,7418,0,0,cabaneros,3,3,tmax
Crop,2473,0,0,cabaneros,3,3,tmax
Dehesa,36272,0,0,cabaneros,3,3,tmax
Grass,52784,0,0,cabaneros,3,3,tmax
HydroRipVeg,554,0,0,cabaneros,3,3,tmax
MedConF,35896,0,0,cabaneros,3,3,tmax
MedSclF,158690,0,0,cabaneros,3,3,tmax
MedScrub,187005,0,0,cabaneros,3,3,tmax
Reforestation,57,0,0,cabaneros,3,3,tmax
RipF,4764,0,0,cabaneros,3,3,tmax
RockScreeVeg,11067,0,0,cabaneros,3,3,tmax
SMedMarF,69447,0,0,cabaneros,3,3,tmax
Shrub,21978,0,0,cabaneros,3,3,tmax
WaterSurf,177,0,0,cabaneros,3,3,tmax
ArtSurf,7418,0,0,cabaneros,3,4,tmax
Crop,2473,0,0,cabaneros,3,4,tmax
Dehesa,36272,0,0,cabaneros,3,4,tmax
Grass,52784,0,0,cabaneros,3,4,tmax
HydroRipVeg,554,0,0,cabaneros,3,4,tmax
MedConF,35896,0,0,cabaneros,3,4,tmax
MedSclF,158690,0,0,cabaneros,3,4,tmax
MedScrub,187005,0,0,cabaneros,3,4,tmax
Reforestation,57,0,0,cabaneros,3,4,tmax
RipF,4764,0,0,cabaneros,3,4,tmax
RockScreeVeg,11067,0,0,cabaneros,3,4,tmax
SMedMarF,69447,0,0,cabaneros,3,4,tmax
Shrub,21978,0,0,cabaneros,3,4,tmax
WaterSurf,177,0,0,cabaneros,3,4,tmax
ArtSurf,7418,1401,18.89,cabaneros,3,5,tmax
Crop,2473,1948,78.77,cabaneros,3,5,tmax
Dehesa,36272,22683,62.54,cabaneros,3,5,tmax
Grass,52784,45942,87.04,cabaneros,3,5,tmax
HydroRipVeg,554,107,19.31,cabaneros,3,5,tmax
MedConF,35896,249,0.69,cabaneros,3,5,tmax
MedSclF,158690,13067,8.23,cabaneros,3,5,tmax
MedScrub,187005,32403,17.33,cabaneros,3,5,tmax
Reforestation,57,10,17.54,cabaneros,3,5,tmax
RipF,4764,589,12.36,cabaneros,3,5,tmax
RockScreeVeg,11067,1234,11.15,cabaneros,3,5,tmax
SMedMarF,69447,3880,5.59,cabaneros,3,5,tmax
Shrub,21978,2209,10.05,cabaneros,3,5,tmax
WaterSurf,177,29,16.38,cabaneros,3,5,tmax
ArtSurf,7418,2382,32.11,cabaneros,3,6,tmax
Crop,2473,2026,81.92,cabaneros,3,6,tmax
Dehesa,36272,21520,59.33,cabaneros,3,6,tmax
Grass,52784,42535,80.58,cabaneros,3,6,tmax
HydroRipVeg,554,208,37.55,cabaneros,3,6,tmax
MedConF,35896,569,1.59,cabaneros,3,6,tmax
MedSclF,158690,55743,35.13,cabaneros,3,6,tmax
MedScrub,187005,86546,46.28,cabaneros,3,6,tmax
Reforestation,57,1,1.75,cabaneros,3,6,tmax
RipF,4764,1553,32.6,cabaneros,3,6,tmax
RockScreeVeg,11067,1512,13.66,cabaneros,3,6,tmax
SMedMarF,69447,15803,22.76,cabaneros,3,6,tmax
Shrub,21978,8979,40.85,cabaneros,3,6,tmax
WaterSurf,177,25,14.12,cabaneros,3,6,tmax
ArtSurf,7418,1913,25.79,cabaneros,3,7,tmax
Crop,2473,924,37.36,cabaneros,3,7,tmax
Dehesa,36272,9170,25.28,cabaneros,3,7,tmax
Grass,52784,19010,36.01,cabaneros,3,7,tmax
HydroRipVeg,554,133,24.01,cabaneros,3,7,tmax
MedConF,35896,1381,3.85,cabaneros,3,7,tmax
MedSclF,158690,34602,21.8,cabaneros,3,7,tmax
MedScrub,187005,85146,45.53,cabaneros,3,7,tmax
Reforestation,57,8,14.04,cabaneros,3,7,tmax
RipF,4764,774,16.25,cabaneros,3,7,tmax
RockScreeVeg,11067,1034,9.34,cabaneros,3,7,tmax
SMedMarF,69447,9486,13.66,cabaneros,3,7,tmax
Shrub,21978,6669,30.34,cabaneros,3,7,tmax
WaterSurf,177,14,7.91,cabaneros,3,7,tmax
ArtSurf,7418,0,0,cabaneros,3,8,tmax
Crop,2473,0,0,cabaneros,3,8,tmax
Dehesa,36272,0,0,cabaneros,3,8,tmax
Grass,52784,0,0,cabaneros,3,8,tmax
HydroRipVeg,554,0,0,cabaneros,3,8,tmax
MedConF,35896,1,0,cabaneros,3,8,tmax
MedSclF,158690,2,0,cabaneros,3,8,tmax
MedScrub,187005,38,0.02,cabaneros,3,8,tmax
Reforestation,57,0,0,cabaneros,3,8,tmax
RipF,4764,0,0,cabaneros,3,8,tmax
RockScreeVeg,11067,0,0,cabaneros,3,8,tmax
SMedMarF,69447,4,0.01,cabaneros,3,8,tmax
Shrub,21978,0,0,cabaneros,3,8,tmax
WaterSurf,177,0,0,cabaneros,3,8,tmax
ArtSurf,7418,376,5.07,cabaneros,3,9,tmax
Crop,2473,10,0.4,cabaneros,3,9,tmax
Dehesa,36272,234,0.65,cabaneros,3,9,tmax
Grass,52784,56,0.11,cabaneros,3,9,tmax
HydroRipVeg,554,9,1.62,cabaneros,3,9,tmax
MedConF,35896,21919,61.06,cabaneros,3,9,tmax
MedSclF,158690,5318,3.35,cabaneros,3,9,tmax
MedScrub,187005,10192,5.45,cabaneros,3,9,tmax
Reforestation,57,0,0,cabaneros,3,9,tmax
RipF,4764,297,6.23,cabaneros,3,9,tmax
RockScreeVeg,11067,264,2.39,cabaneros,3,9,tmax
SMedMarF,69447,3677,5.29,cabaneros,3,9,tmax
Shrub,21978,342,1.56,cabaneros,3,9,tmax
WaterSurf,177,9,5.08,cabaneros,3,9,tmax
ArtSurf,7418,282,3.8,cabaneros,3,10,tmax
Crop,2473,20,0.81,cabaneros,3,10,tmax
Dehesa,36272,351,0.97,cabaneros,3,10,tmax
Grass,52784,286,0.54,cabaneros,3,10,tmax
HydroRipVeg,554,36,6.5,cabaneros,3,10,tmax
MedConF,35896,4852,13.52,cabaneros,3,10,tmax
MedSclF,158690,2338,1.47,cabaneros,3,10,tmax
MedScrub,187005,8735,4.67,cabaneros,3,10,tmax
Reforestation,57,0,0,cabaneros,3,10,tmax
RipF,4764,176,3.69,cabaneros,3,10,tmax
RockScreeVeg,11067,159,1.44,cabaneros,3,10,tmax
SMedMarF,69447,718,1.03,cabaneros,3,10,tmax
Shrub,21978,194,0.88,cabaneros,3,10,tmax
WaterSurf,177,5,2.82,cabaneros,3,10,tmax
ArtSurf,7418,0,0,cabaneros,3,11,tmax
Crop,2473,0,0,cabaneros,3,11,tmax
Dehesa,36272,0,0,cabaneros,3,11,tmax
Grass,52784,0,0,cabaneros,3,11,tmax
HydroRipVeg,554,0,0,cabaneros,3,11,tmax
MedConF,35896,0,0,cabaneros,3,11,tmax
MedSclF,158690,0,0,cabaneros,3,11,tmax
MedScrub,187005,0,0,cabaneros,3,11,tmax
Reforestation,57,0,0,cabaneros,3,11,tmax
RipF,4764,0,0,cabaneros,3,11,tmax
RockScreeVeg,11067,0,0,cabaneros,3,11,tmax
SMedMarF,69447,0,0,cabaneros,3,11,tmax
Shrub,21978,0,0,cabaneros,3,11,tmax
WaterSurf,177,0,0,cabaneros,3,11,tmax
ArtSurf,7418,0,0,cabaneros,3,12,tmax
Crop,2473,0,0,cabaneros,3,12,tmax
Dehesa,36272,0,0,cabaneros,3,12,tmax
Grass,52784,0,0,cabaneros,3,12,tmax
HydroRipVeg,554,0,0,cabaneros,3,12,tmax
MedConF,35896,0,0,cabaneros,3,12,tmax
MedSclF,158688,0,0,cabaneros,3,12,tmax
MedScrub,187005,0,0,cabaneros,3,12,tmax
Reforestation,57,0,0,cabaneros,3,12,tmax
RipF,4764,0,0,cabaneros,3,12,tmax
RockScreeVeg,11067,0,0,cabaneros,3,12,tmax
SMedMarF,69447,0,0,cabaneros,3,12,tmax
Shrub,21978,0,0,cabaneros,3,12,tmax
WaterSurf,177,0,0,cabaneros,3,12,tmax
ArtSurf,7418,0,0,cabaneros,6,1,tmax
Crop,2473,0,0,cabaneros,6,1,tmax
Dehesa,36272,0,0,cabaneros,6,1,tmax
Grass,52784,0,0,cabaneros,6,1,tmax
HydroRipVeg,554,0,0,cabaneros,6,1,tmax
MedConF,35896,0,0,cabaneros,6,1,tmax
MedSclF,158690,0,0,cabaneros,6,1,tmax
MedScrub,187005,0,0,cabaneros,6,1,tmax
Reforestation,57,0,0,cabaneros,6,1,tmax
RipF,4764,0,0,cabaneros,6,1,tmax
RockScreeVeg,11067,0,0,cabaneros,6,1,tmax
SMedMarF,69447,0,0,cabaneros,6,1,tmax
Shrub,21978,0,0,cabaneros,6,1,tmax
WaterSurf,177,0,0,cabaneros,6,1,tmax
ArtSurf,7418,0,0,cabaneros,6,2,tmax
Crop,2473,0,0,cabaneros,6,2,tmax
Dehesa,36272,0,0,cabaneros,6,2,tmax
Grass,52784,0,0,cabaneros,6,2,tmax
HydroRipVeg,554,0,0,cabaneros,6,2,tmax
MedConF,35896,0,0,cabaneros,6,2,tmax
MedSclF,158690,0,0,cabaneros,6,2,tmax
MedScrub,187005,0,0,cabaneros,6,2,tmax
Reforestation,57,0,0,cabaneros,6,2,tmax
RipF,4764,0,0,cabaneros,6,2,tmax
RockScreeVeg,11067,0,0,cabaneros,6,2,tmax
SMedMarF,69447,0,0,cabaneros,6,2,tmax
Shrub,21978,0,0,cabaneros,6,2,tmax
WaterSurf,177,0,0,cabaneros,6,2,tmax
ArtSurf,7418,0,0,cabaneros,6,3,tmax
Crop,2473,0,0,cabaneros,6,3,tmax
Dehesa,36272,0,0,cabaneros,6,3,tmax
Grass,52784,0,0,cabaneros,6,3,tmax
HydroRipVeg,554,0,0,cabaneros,6,3,tmax
MedConF,35896,0,0,cabaneros,6,3,tmax
MedSclF,158690,0,0,cabaneros,6,3,tmax
MedScrub,187005,0,0,cabaneros,6,3,tmax
Reforestation,57,0,0,cabaneros,6,3,tmax
RipF,4764,0,0,cabaneros,6,3,tmax
RockScreeVeg,11067,0,0,cabaneros,6,3,tmax
SMedMarF,69447,0,0,cabaneros,6,3,tmax
Shrub,21978,0,0,cabaneros,6,3,tmax
WaterSurf,177,0,0,cabaneros,6,3,tmax
ArtSurf,7418,0,0,cabaneros,6,4,tmax
Crop,2473,0,0,cabaneros,6,4,tmax
Dehesa,36272,0,0,cabaneros,6,4,tmax
Grass,52784,0,0,cabaneros,6,4,tmax
HydroRipVeg,554,0,0,cabaneros,6,4,tmax
MedConF,35896,0,0,cabaneros,6,4,tmax
MedSclF,158690,0,0,cabaneros,6,4,tmax
MedScrub,187005,0,0,cabaneros,6,4,tmax
Reforestation,57,0,0,cabaneros,6,4,tmax
RipF,4764,0,0,cabaneros,6,4,tmax
RockScreeVeg,11067,0,0,cabaneros,6,4,tmax
SMedMarF,69447,0,0,cabaneros,6,4,tmax
Shrub,21978,0,0,cabaneros,6,4,tmax
WaterSurf,177,0,0,cabaneros,6,4,tmax
ArtSurf,7418,414,5.58,cabaneros,6,5,tmax
Crop,2473,1486,60.09,cabaneros,6,5,tmax
Dehesa,36272,16561,45.66,cabaneros,6,5,tmax
Grass,52784,31782,60.21,cabaneros,6,5,tmax
HydroRipVeg,554,18,3.25,cabaneros,6,5,tmax
MedConF,35896,119,0.33,cabaneros,6,5,tmax
MedSclF,158690,3110,1.96,cabaneros,6,5,tmax
MedScrub,187005,5949,3.18,cabaneros,6,5,tmax
Reforestation,57,1,1.75,cabaneros,6,5,tmax
RipF,4764,137,2.88,cabaneros,6,5,tmax
RockScreeVeg,11067,262,2.37,cabaneros,6,5,tmax
SMedMarF,69447,797,1.15,cabaneros,6,5,tmax
Shrub,21978,892,4.06,cabaneros,6,5,tmax
WaterSurf,177,5,2.82,cabaneros,6,5,tmax
ArtSurf,7418,1732,23.35,cabaneros,6,6,tmax
Crop,2473,2231,90.21,cabaneros,6,6,tmax
Dehesa,36272,22069,60.84,cabaneros,6,6,tmax
Grass,52784,41594,78.8,cabaneros,6,6,tmax
HydroRipVeg,554,132,23.83,cabaneros,6,6,tmax
MedConF,35896,509,1.42,cabaneros,6,6,tmax
MedSclF,158690,46535,29.32,cabaneros,6,6,tmax
MedScrub,187005,63068,33.73,cabaneros,6,6,tmax
Reforestation,57,5,8.77,cabaneros,6,6,tmax
RipF,4764,908,19.06,cabaneros,6,6,tmax
RockScreeVeg,11067,950,8.58,cabaneros,6,6,tmax
SMedMarF,69447,11623,16.74,cabaneros,6,6,tmax
Shrub,21978,7929,36.08,cabaneros,6,6,tmax
WaterSurf,177,34,19.21,cabaneros,6,6,tmax
ArtSurf,7418,1481,19.96,cabaneros,6,7,tmax
Crop,2473,1622,65.59,cabaneros,6,7,tmax
Dehesa,36272,13076,36.05,cabaneros,6,7,tmax
Grass,52784,26761,50.7,cabaneros,6,7,tmax
HydroRipVeg,554,137,24.73,cabaneros,6,7,tmax
MedConF,35896,702,1.96,cabaneros,6,7,tmax
MedSclF,158690,41241,25.99,cabaneros,6,7,tmax
MedScrub,187005,57976,31,cabaneros,6,7,tmax
Reforestation,57,25,43.86,cabaneros,6,7,tmax
RipF,4764,738,15.49,cabaneros,6,7,tmax
RockScreeVeg,11067,645,5.83,cabaneros,6,7,tmax
SMedMarF,69447,9466,13.63,cabaneros,6,7,tmax
Shrub,21978,6898,31.39,cabaneros,6,7,tmax
WaterSurf,177,32,18.08,cabaneros,6,7,tmax
ArtSurf,7418,4222,56.92,cabaneros,6,8,tmax
Crop,2473,2192,88.64,cabaneros,6,8,tmax
Dehesa,36272,21738,59.93,cabaneros,6,8,tmax
Grass,52784,40203,76.17,cabaneros,6,8,tmax
HydroRipVeg,554,241,43.5,cabaneros,6,8,tmax
MedConF,35896,5696,15.87,cabaneros,6,8,tmax
MedSclF,158690,76879,48.45,cabaneros,6,8,tmax
MedScrub,187005,129338,69.16,cabaneros,6,8,tmax
Reforestation,57,23,40.35,cabaneros,6,8,tmax
RipF,4764,1194,25.06,cabaneros,6,8,tmax
RockScreeVeg,11067,3246,29.33,cabaneros,6,8,tmax
SMedMarF,69447,21163,30.47,cabaneros,6,8,tmax
Shrub,21978,13668,62.19,cabaneros,6,8,tmax
WaterSurf,177,49,27.68,cabaneros,6,8,tmax
ArtSurf,7418,117,1.58,cabaneros,6,9,tmax
Crop,2473,25,1.01,cabaneros,6,9,tmax
Dehesa,36272,321,0.88,cabaneros,6,9,tmax
Grass,52784,676,1.28,cabaneros,6,9,tmax
HydroRipVeg,554,3,0.54,cabaneros,6,9,tmax
MedConF,35896,4535,12.63,cabaneros,6,9,tmax
MedSclF,158690,2262,1.43,cabaneros,6,9,tmax
MedScrub,187005,3901,2.09,cabaneros,6,9,tmax
Reforestation,57,0,0,cabaneros,6,9,tmax
RipF,4764,149,3.13,cabaneros,6,9,tmax
RockScreeVeg,11067,76,0.69,cabaneros,6,9,tmax
SMedMarF,69447,1286,1.85,cabaneros,6,9,tmax
Shrub,21978,346,1.57,cabaneros,6,9,tmax
WaterSurf,177,3,1.69,cabaneros,6,9,tmax
ArtSurf,7418,672,9.06,cabaneros,6,10,tmax
Crop,2473,18,0.73,cabaneros,6,10,tmax
Dehesa,36272,451,1.24,cabaneros,6,10,tmax
Grass,52784,671,1.27,cabaneros,6,10,tmax
HydroRipVeg,554,71,12.82,cabaneros,6,10,tmax
MedConF,35896,5856,16.31,cabaneros,6,10,tmax
MedSclF,158690,9279,5.85,cabaneros,6,10,tmax
MedScrub,187005,22125,11.83,cabaneros,6,10,tmax
Reforestation,57,0,0,cabaneros,6,10,tmax
RipF,4764,425,8.92,cabaneros,6,10,tmax
RockScreeVeg,11067,567,5.12,cabaneros,6,10,tmax
SMedMarF,69447,2472,3.56,cabaneros,6,10,tmax
Shrub,21978,677,3.08,cabaneros,6,10,tmax
WaterSurf,177,9,5.08,cabaneros,6,10,tmax
ArtSurf,7418,0,0,cabaneros,6,11,tmax
Crop,2473,0,0,cabaneros,6,11,tmax
Dehesa,36272,0,0,cabaneros,6,11,tmax
Grass,52784,0,0,cabaneros,6,11,tmax
HydroRipVeg,554,0,0,cabaneros,6,11,tmax
MedConF,35896,0,0,cabaneros,6,11,tmax
MedSclF,158690,0,0,cabaneros,6,11,tmax
MedScrub,187005,0,0,cabaneros,6,11,tmax
Reforestation,57,0,0,cabaneros,6,11,tmax
RipF,4764,0,0,cabaneros,6,11,tmax
RockScreeVeg,11067,0,0,cabaneros,6,11,tmax
SMedMarF,69447,0,0,cabaneros,6,11,tmax
Shrub,21978,0,0,cabaneros,6,11,tmax
WaterSurf,177,0,0,cabaneros,6,11,tmax
ArtSurf,7418,6,0.08,cabaneros,6,12,tmax
Crop,2473,0,0,cabaneros,6,12,tmax
Dehesa,36272,1,0,cabaneros,6,12,tmax
Grass,52784,1,0,cabaneros,6,12,tmax
HydroRipVeg,554,1,0.18,cabaneros,6,12,tmax
MedConF,35896,668,1.86,cabaneros,6,12,tmax
MedSclF,158688,14,0.01,cabaneros,6,12,tmax
MedScrub,187005,80,0.04,cabaneros,6,12,tmax
Reforestation,57,0,0,cabaneros,6,12,tmax
RipF,4764,0,0,cabaneros,6,12,tmax
RockScreeVeg,11067,2,0.02,cabaneros,6,12,tmax
SMedMarF,69447,4,0.01,cabaneros,6,12,tmax
Shrub,21978,0,0,cabaneros,6,12,tmax
WaterSurf,177,0,0,cabaneros,6,12,tmax
ArtSurf,7418,0,0,cabaneros,9,1,tmax
Crop,2473,0,0,cabaneros,9,1,tmax
Dehesa,36272,0,0,cabaneros,9,1,tmax
Grass,52784,0,0,cabaneros,9,1,tmax
HydroRipVeg,554,0,0,cabaneros,9,1,tmax
MedConF,35896,0,0,cabaneros,9,1,tmax
MedSclF,158690,0,0,cabaneros,9,1,tmax
MedScrub,187005,0,0,cabaneros,9,1,tmax
Reforestation,57,0,0,cabaneros,9,1,tmax
RipF,4764,0,0,cabaneros,9,1,tmax
RockScreeVeg,11067,0,0,cabaneros,9,1,tmax
SMedMarF,69447,0,0,cabaneros,9,1,tmax
Shrub,21978,0,0,cabaneros,9,1,tmax
WaterSurf,177,0,0,cabaneros,9,1,tmax
ArtSurf,7418,0,0,cabaneros,9,2,tmax
Crop,2473,0,0,cabaneros,9,2,tmax
Dehesa,36272,0,0,cabaneros,9,2,tmax
Grass,52784,0,0,cabaneros,9,2,tmax
HydroRipVeg,554,0,0,cabaneros,9,2,tmax
MedConF,35896,0,0,cabaneros,9,2,tmax
MedSclF,158690,0,0,cabaneros,9,2,tmax
MedScrub,187005,0,0,cabaneros,9,2,tmax
Reforestation,57,0,0,cabaneros,9,2,tmax
RipF,4764,0,0,cabaneros,9,2,tmax
RockScreeVeg,11067,0,0,cabaneros,9,2,tmax
SMedMarF,69447,0,0,cabaneros,9,2,tmax
Shrub,21978,0,0,cabaneros,9,2,tmax
WaterSurf,177,0,0,cabaneros,9,2,tmax
ArtSurf,7418,5,0.07,cabaneros,9,3,tmax
Crop,2473,0,0,cabaneros,9,3,tmax
Dehesa,36272,0,0,cabaneros,9,3,tmax
Grass,52784,0,0,cabaneros,9,3,tmax
HydroRipVeg,554,0,0,cabaneros,9,3,tmax
MedConF,35896,194,0.54,cabaneros,9,3,tmax
MedSclF,158690,0,0,cabaneros,9,3,tmax
MedScrub,187005,1,0,cabaneros,9,3,tmax
Reforestation,57,0,0,cabaneros,9,3,tmax
RipF,4764,0,0,cabaneros,9,3,tmax
RockScreeVeg,11067,0,0,cabaneros,9,3,tmax
SMedMarF,69447,1,0,cabaneros,9,3,tmax
Shrub,21978,0,0,cabaneros,9,3,tmax
WaterSurf,177,0,0,cabaneros,9,3,tmax
ArtSurf,7418,0,0,cabaneros,9,4,tmax
Crop,2473,0,0,cabaneros,9,4,tmax
Dehesa,36272,0,0,cabaneros,9,4,tmax
Grass,52784,0,0,cabaneros,9,4,tmax
HydroRipVeg,554,0,0,cabaneros,9,4,tmax
MedConF,35896,0,0,cabaneros,9,4,tmax
MedSclF,158690,0,0,cabaneros,9,4,tmax
MedScrub,187005,0,0,cabaneros,9,4,tmax
Reforestation,57,0,0,cabaneros,9,4,tmax
RipF,4764,0,0,cabaneros,9,4,tmax
RockScreeVeg,11067,0,0,cabaneros,9,4,tmax
SMedMarF,69447,0,0,cabaneros,9,4,tmax
Shrub,21978,0,0,cabaneros,9,4,tmax
WaterSurf,177,0,0,cabaneros,9,4,tmax
ArtSurf,7418,0,0,cabaneros,9,5,tmax
Crop,2473,0,0,cabaneros,9,5,tmax
Dehesa,36272,0,0,cabaneros,9,5,tmax
Grass,52784,0,0,cabaneros,9,5,tmax
HydroRipVeg,554,0,0,cabaneros,9,5,tmax
MedConF,35896,0,0,cabaneros,9,5,tmax
MedSclF,158690,0,0,cabaneros,9,5,tmax
MedScrub,187005,0,0,cabaneros,9,5,tmax
Reforestation,57,0,0,cabaneros,9,5,tmax
RipF,4764,0,0,cabaneros,9,5,tmax
RockScreeVeg,11067,0,0,cabaneros,9,5,tmax
SMedMarF,69447,0,0,cabaneros,9,5,tmax
Shrub,21978,0,0,cabaneros,9,5,tmax
WaterSurf,177,0,0,cabaneros,9,5,tmax
ArtSurf,7418,0,0,cabaneros,9,6,tmax
Crop,2473,1,0.04,cabaneros,9,6,tmax
Dehesa,36272,3,0.01,cabaneros,9,6,tmax
Grass,52784,9,0.02,cabaneros,9,6,tmax
HydroRipVeg,554,0,0,cabaneros,9,6,tmax
MedConF,35896,0,0,cabaneros,9,6,tmax
MedSclF,158690,0,0,cabaneros,9,6,tmax
MedScrub,187005,5,0,cabaneros,9,6,tmax
Reforestation,57,0,0,cabaneros,9,6,tmax
RipF,4764,0,0,cabaneros,9,6,tmax
RockScreeVeg,11067,0,0,cabaneros,9,6,tmax
SMedMarF,69447,0,0,cabaneros,9,6,tmax
Shrub,21978,0,0,cabaneros,9,6,tmax
WaterSurf,177,0,0,cabaneros,9,6,tmax
ArtSurf,7418,328,4.42,cabaneros,9,7,tmax
Crop,2473,296,11.97,cabaneros,9,7,tmax
Dehesa,36272,1120,3.09,cabaneros,9,7,tmax
Grass,52784,2359,4.47,cabaneros,9,7,tmax
HydroRipVeg,554,22,3.97,cabaneros,9,7,tmax
MedConF,35896,1165,3.25,cabaneros,9,7,tmax
MedSclF,158690,11150,7.03,cabaneros,9,7,tmax
MedScrub,187005,9600,5.13,cabaneros,9,7,tmax
Reforestation,57,1,1.75,cabaneros,9,7,tmax
RipF,4764,77,1.62,cabaneros,9,7,tmax
RockScreeVeg,11067,96,0.87,cabaneros,9,7,tmax
SMedMarF,69447,1487,2.14,cabaneros,9,7,tmax
Shrub,21978,1625,7.39,cabaneros,9,7,tmax
WaterSurf,177,7,3.95,cabaneros,9,7,tmax
ArtSurf,7418,1405,18.94,cabaneros,9,8,tmax
Crop,2473,1179,47.67,cabaneros,9,8,tmax
Dehesa,36272,6126,16.89,cabaneros,9,8,tmax
Grass,52784,13622,25.81,cabaneros,9,8,tmax
HydroRipVeg,554,62,11.19,cabaneros,9,8,tmax
MedConF,35896,4516,12.58,cabaneros,9,8,tmax
MedSclF,158690,21253,13.39,cabaneros,9,8,tmax
MedScrub,187005,34529,18.46,cabaneros,9,8,tmax
Reforestation,57,10,17.54,cabaneros,9,8,tmax
RipF,4764,293,6.15,cabaneros,9,8,tmax
RockScreeVeg,11067,798,7.21,cabaneros,9,8,tmax
SMedMarF,69447,5095,7.34,cabaneros,9,8,tmax
Shrub,21978,3717,16.91,cabaneros,9,8,tmax
WaterSurf,177,18,10.17,cabaneros,9,8,tmax
ArtSurf,7418,2758,37.18,cabaneros,9,9,tmax
Crop,2473,945,38.21,cabaneros,9,9,tmax
Dehesa,36272,11274,31.08,cabaneros,9,9,tmax
Grass,52784,23482,44.49,cabaneros,9,9,tmax
HydroRipVeg,554,146,26.35,cabaneros,9,9,tmax
MedConF,35896,18793,52.35,cabaneros,9,9,tmax
MedSclF,158690,78837,49.68,cabaneros,9,9,tmax
MedScrub,187005,92874,49.66,cabaneros,9,9,tmax
Reforestation,57,3,5.26,cabaneros,9,9,tmax
RipF,4764,1853,38.9,cabaneros,9,9,tmax
RockScreeVeg,11067,2664,24.07,cabaneros,9,9,tmax
SMedMarF,69447,28245,40.67,cabaneros,9,9,tmax
Shrub,21978,12138,55.23,cabaneros,9,9,tmax
WaterSurf,177,46,25.99,cabaneros,9,9,tmax
ArtSurf,7418,1223,16.49,cabaneros,9,10,tmax
Crop,2473,42,1.7,cabaneros,9,10,tmax
Dehesa,36272,1133,3.12,cabaneros,9,10,tmax
Grass,52784,1188,2.25,cabaneros,9,10,tmax
HydroRipVeg,554,86,15.52,cabaneros,9,10,tmax
MedConF,35896,6224,17.34,cabaneros,9,10,tmax
MedSclF,158690,28730,18.1,cabaneros,9,10,tmax
MedScrub,187005,43703,23.37,cabaneros,9,10,tmax
Reforestation,57,3,5.26,cabaneros,9,10,tmax
RipF,4764,628,13.18,cabaneros,9,10,tmax
RockScreeVeg,11067,1002,9.05,cabaneros,9,10,tmax
SMedMarF,69447,10995,15.83,cabaneros,9,10,tmax
Shrub,21978,3596,16.36,cabaneros,9,10,tmax
WaterSurf,177,13,7.34,cabaneros,9,10,tmax
ArtSurf,7418,0,0,cabaneros,9,11,tmax
Crop,2473,0,0,cabaneros,9,11,tmax
Dehesa,36272,0,0,cabaneros,9,11,tmax
Grass,52784,0,0,cabaneros,9,11,tmax
HydroRipVeg,554,0,0,cabaneros,9,11,tmax
MedConF,35896,0,0,cabaneros,9,11,tmax
MedSclF,158690,0,0,cabaneros,9,11,tmax
MedScrub,187005,0,0,cabaneros,9,11,tmax
Reforestation,57,0,0,cabaneros,9,11,tmax
RipF,4764,0,0,cabaneros,9,11,tmax
RockScreeVeg,11067,0,0,cabaneros,9,11,tmax
SMedMarF,69447,0,0,cabaneros,9,11,tmax
Shrub,21978,0,0,cabaneros,9,11,tmax
WaterSurf,177,0,0,cabaneros,9,11,tmax
ArtSurf,7418,0,0,cabaneros,9,12,tmax
Crop,2473,0,0,cabaneros,9,12,tmax
Dehesa,36272,0,0,cabaneros,9,12,tmax
Grass,52784,0,0,cabaneros,9,12,tmax
HydroRipVeg,554,0,0,cabaneros,9,12,tmax
MedConF,35896,0,0,cabaneros,9,12,tmax
MedSclF,158688,0,0,cabaneros,9,12,tmax
MedScrub,187005,0,0,cabaneros,9,12,tmax
Reforestation,57,0,0,cabaneros,9,12,tmax
RipF,4764,0,0,cabaneros,9,12,tmax
RockScreeVeg,11067,0,0,cabaneros,9,12,tmax
SMedMarF,69447,0,0,cabaneros,9,12,tmax
Shrub,21978,0,0,cabaneros,9,12,tmax
WaterSurf,177,0,0,cabaneros,9,12,tmax
ArtSurf,7418,0,0,cabaneros,12,1,tmax
Crop,2473,0,0,cabaneros,12,1,tmax
Dehesa,36272,0,0,cabaneros,12,1,tmax
Grass,52784,0,0,cabaneros,12,1,tmax
HydroRipVeg,554,0,0,cabaneros,12,1,tmax
MedConF,35896,0,0,cabaneros,12,1,tmax
MedSclF,158690,0,0,cabaneros,12,1,tmax
MedScrub,187005,0,0,cabaneros,12,1,tmax
Reforestation,57,0,0,cabaneros,12,1,tmax
RipF,4764,0,0,cabaneros,12,1,tmax
RockScreeVeg,11067,0,0,cabaneros,12,1,tmax
SMedMarF,69447,0,0,cabaneros,12,1,tmax
Shrub,21978,0,0,cabaneros,12,1,tmax
WaterSurf,177,0,0,cabaneros,12,1,tmax
ArtSurf,7418,0,0,cabaneros,12,2,tmax
Crop,2473,0,0,cabaneros,12,2,tmax
Dehesa,36272,0,0,cabaneros,12,2,tmax
Grass,52784,0,0,cabaneros,12,2,tmax
HydroRipVeg,554,0,0,cabaneros,12,2,tmax
MedConF,35896,0,0,cabaneros,12,2,tmax
MedSclF,158690,0,0,cabaneros,12,2,tmax
MedScrub,187005,0,0,cabaneros,12,2,tmax
Reforestation,57,0,0,cabaneros,12,2,tmax
RipF,4764,0,0,cabaneros,12,2,tmax
RockScreeVeg,11067,0,0,cabaneros,12,2,tmax
SMedMarF,69447,0,0,cabaneros,12,2,tmax
Shrub,21978,0,0,cabaneros,12,2,tmax
WaterSurf,177,0,0,cabaneros,12,2,tmax
ArtSurf,7418,0,0,cabaneros,12,3,tmax
Crop,2473,0,0,cabaneros,12,3,tmax
Dehesa,36272,0,0,cabaneros,12,3,tmax
Grass,52784,0,0,cabaneros,12,3,tmax
HydroRipVeg,554,0,0,cabaneros,12,3,tmax
MedConF,35896,0,0,cabaneros,12,3,tmax
MedSclF,158690,0,0,cabaneros,12,3,tmax
MedScrub,187005,0,0,cabaneros,12,3,tmax
Reforestation,57,0,0,cabaneros,12,3,tmax
RipF,4764,0,0,cabaneros,12,3,tmax
RockScreeVeg,11067,0,0,cabaneros,12,3,tmax
SMedMarF,69447,0,0,cabaneros,12,3,tmax
Shrub,21978,0,0,cabaneros,12,3,tmax
WaterSurf,177,0,0,cabaneros,12,3,tmax
ArtSurf,7418,0,0,cabaneros,12,4,tmax
Crop,2473,0,0,cabaneros,12,4,tmax
Dehesa,36272,0,0,cabaneros,12,4,tmax
Grass,52784,0,0,cabaneros,12,4,tmax
HydroRipVeg,554,0,0,cabaneros,12,4,tmax
MedConF,35896,0,0,cabaneros,12,4,tmax
MedSclF,158690,0,0,cabaneros,12,4,tmax
MedScrub,187005,0,0,cabaneros,12,4,tmax
Reforestation,57,0,0,cabaneros,12,4,tmax
RipF,4764,0,0,cabaneros,12,4,tmax
RockScreeVeg,11067,0,0,cabaneros,12,4,tmax
SMedMarF,69447,0,0,cabaneros,12,4,tmax
Shrub,21978,0,0,cabaneros,12,4,tmax
WaterSurf,177,0,0,cabaneros,12,4,tmax
ArtSurf,7418,0,0,cabaneros,12,5,tmax
Crop,2473,0,0,cabaneros,12,5,tmax
Dehesa,36272,0,0,cabaneros,12,5,tmax
Grass,52784,0,0,cabaneros,12,5,tmax
HydroRipVeg,554,0,0,cabaneros,12,5,tmax
MedConF,35896,0,0,cabaneros,12,5,tmax
MedSclF,158690,0,0,cabaneros,12,5,tmax
MedScrub,187005,0,0,cabaneros,12,5,tmax
Reforestation,57,0,0,cabaneros,12,5,tmax
RipF,4764,0,0,cabaneros,12,5,tmax
RockScreeVeg,11067,0,0,cabaneros,12,5,tmax
SMedMarF,69447,0,0,cabaneros,12,5,tmax
Shrub,21978,0,0,cabaneros,12,5,tmax
WaterSurf,177,0,0,cabaneros,12,5,tmax
ArtSurf,7418,127,1.71,cabaneros,12,6,tmax
Crop,2473,19,0.77,cabaneros,12,6,tmax
Dehesa,36272,155,0.43,cabaneros,12,6,tmax
Grass,52784,191,0.36,cabaneros,12,6,tmax
HydroRipVeg,554,0,0,cabaneros,12,6,tmax
MedConF,35896,2583,7.2,cabaneros,12,6,tmax
MedSclF,158690,1945,1.23,cabaneros,12,6,tmax
MedScrub,187005,2813,1.5,cabaneros,12,6,tmax
Reforestation,57,0,0,cabaneros,12,6,tmax
RipF,4764,37,0.78,cabaneros,12,6,tmax
RockScreeVeg,11067,16,0.14,cabaneros,12,6,tmax
SMedMarF,69447,371,0.53,cabaneros,12,6,tmax
Shrub,21978,232,1.06,cabaneros,12,6,tmax
WaterSurf,177,5,2.82,cabaneros,12,6,tmax
ArtSurf,7418,0,0,cabaneros,12,7,tmax
Crop,2473,0,0,cabaneros,12,7,tmax
Dehesa,36272,0,0,cabaneros,12,7,tmax
Grass,52784,0,0,cabaneros,12,7,tmax
HydroRipVeg,554,0,0,cabaneros,12,7,tmax
MedConF,35896,0,0,cabaneros,12,7,tmax
MedSclF,158690,0,0,cabaneros,12,7,tmax
MedScrub,187005,0,0,cabaneros,12,7,tmax
Reforestation,57,0,0,cabaneros,12,7,tmax
RipF,4764,0,0,cabaneros,12,7,tmax
RockScreeVeg,11067,0,0,cabaneros,12,7,tmax
SMedMarF,69447,0,0,cabaneros,12,7,tmax
Shrub,21978,0,0,cabaneros,12,7,tmax
WaterSurf,177,0,0,cabaneros,12,7,tmax
ArtSurf,7418,388,5.23,cabaneros,12,8,tmax
Crop,2473,224,9.06,cabaneros,12,8,tmax
Dehesa,36272,667,1.84,cabaneros,12,8,tmax
Grass,52784,1418,2.69,cabaneros,12,8,tmax
HydroRipVeg,554,12,2.17,cabaneros,12,8,tmax
MedConF,35896,7727,21.53,cabaneros,12,8,tmax
MedSclF,158690,5001,3.15,cabaneros,12,8,tmax
MedScrub,187005,9522,5.09,cabaneros,12,8,tmax
Reforestation,57,3,5.26,cabaneros,12,8,tmax
RipF,4764,68,1.43,cabaneros,12,8,tmax
RockScreeVeg,11067,68,0.61,cabaneros,12,8,tmax
SMedMarF,69447,1074,1.55,cabaneros,12,8,tmax
Shrub,21978,1057,4.81,cabaneros,12,8,tmax
WaterSurf,177,0,0,cabaneros,12,8,tmax
ArtSurf,7418,91,1.23,cabaneros,12,9,tmax
Crop,2473,16,0.65,cabaneros,12,9,tmax
Dehesa,36272,123,0.34,cabaneros,12,9,tmax
Grass,52784,120,0.23,cabaneros,12,9,tmax
HydroRipVeg,554,3,0.54,cabaneros,12,9,tmax
MedConF,35896,8073,22.49,cabaneros,12,9,tmax
MedSclF,158690,541,0.34,cabaneros,12,9,tmax
MedScrub,187005,1186,0.63,cabaneros,12,9,tmax
Reforestation,57,0,0,cabaneros,12,9,tmax
RipF,4764,19,0.4,cabaneros,12,9,tmax
RockScreeVeg,11067,26,0.23,cabaneros,12,9,tmax
SMedMarF,69447,232,0.33,cabaneros,12,9,tmax
Shrub,21978,88,0.4,cabaneros,12,9,tmax
WaterSurf,177,6,3.39,cabaneros,12,9,tmax
ArtSurf,7418,2761,37.22,cabaneros,12,10,tmax
Crop,2473,379,15.33,cabaneros,12,10,tmax
Dehesa,36272,2341,6.45,cabaneros,12,10,tmax
Grass,52784,4076,7.72,cabaneros,12,10,tmax
HydroRipVeg,554,152,27.44,cabaneros,12,10,tmax
MedConF,35896,19493,54.3,cabaneros,12,10,tmax
MedSclF,158690,74883,47.19,cabaneros,12,10,tmax
MedScrub,187005,96245,51.47,cabaneros,12,10,tmax
Reforestation,57,25,43.86,cabaneros,12,10,tmax
RipF,4764,1437,30.16,cabaneros,12,10,tmax
RockScreeVeg,11067,2479,22.4,cabaneros,12,10,tmax
SMedMarF,69447,27095,39.02,cabaneros,12,10,tmax
Shrub,21978,10356,47.12,cabaneros,12,10,tmax
WaterSurf,177,33,18.64,cabaneros,12,10,tmax
ArtSurf,7418,0,0,cabaneros,12,11,tmax
Crop,2473,0,0,cabaneros,12,11,tmax
Dehesa,36272,0,0,cabaneros,12,11,tmax
Grass,52784,0,0,cabaneros,12,11,tmax
HydroRipVeg,554,0,0,cabaneros,12,11,tmax
MedConF,35896,10,0.03,cabaneros,12,11,tmax
MedSclF,158690,2,0,cabaneros,12,11,tmax
MedScrub,187005,6,0,cabaneros,12,11,tmax
Reforestation,57,0,0,cabaneros,12,11,tmax
RipF,4764,0,0,cabaneros,12,11,tmax
RockScreeVeg,11067,2,0.02,cabaneros,12,11,tmax
SMedMarF,69447,2,0,cabaneros,12,11,tmax
Shrub,21978,0,0,cabaneros,12,11,tmax
WaterSurf,177,0,0,cabaneros,12,11,tmax
ArtSurf,7418,0,0,cabaneros,12,12,tmax
Crop,2473,0,0,cabaneros,12,12,tmax
Dehesa,36272,0,0,cabaneros,12,12,tmax
Grass,52784,0,0,cabaneros,12,12,tmax
HydroRipVeg,554,0,0,cabaneros,12,12,tmax
MedConF,35896,0,0,cabaneros,12,12,tmax
MedSclF,158688,0,0,cabaneros,12,12,tmax
MedScrub,187005,0,0,cabaneros,12,12,tmax
Reforestation,57,0,0,cabaneros,12,12,tmax
RipF,4764,0,0,cabaneros,12,12,tmax
RockScreeVeg,11067,0,0,cabaneros,12,12,tmax
SMedMarF,69447,0,0,cabaneros,12,12,tmax
Shrub,21978,0,0,cabaneros,12,12,tmax
WaterSurf,177,0,0,cabaneros,12,12,tmax
AridScr,7823,0,0,cabrera,1,1,tmax
ArtSurf,94,0,0,cabrera,1,1,tmax
BareArea,1122,0,0,cabrera,1,1,tmax
Crop,4,0,0,cabrera,1,1,tmax
Grass,13,0,0,cabrera,1,1,tmax
HaloVeg,52,0,0,cabrera,1,1,tmax
MedConF,8797,0,0,cabrera,1,1,tmax
MedScrub,486,0,0,cabrera,1,1,tmax
SaltMar,276,0,0,cabrera,1,1,tmax
AridScr,7823,0,0,cabrera,1,2,tmax
ArtSurf,94,0,0,cabrera,1,2,tmax
BareArea,1122,0,0,cabrera,1,2,tmax
Crop,4,0,0,cabrera,1,2,tmax
Grass,13,0,0,cabrera,1,2,tmax
HaloVeg,52,0,0,cabrera,1,2,tmax
MedConF,8797,0,0,cabrera,1,2,tmax
MedScrub,486,0,0,cabrera,1,2,tmax
SaltMar,276,0,0,cabrera,1,2,tmax
AridScr,7823,0,0,cabrera,1,3,tmax
ArtSurf,94,0,0,cabrera,1,3,tmax
BareArea,1122,0,0,cabrera,1,3,tmax
Crop,4,0,0,cabrera,1,3,tmax
Grass,13,0,0,cabrera,1,3,tmax
HaloVeg,52,0,0,cabrera,1,3,tmax
MedConF,8797,0,0,cabrera,1,3,tmax
MedScrub,486,0,0,cabrera,1,3,tmax
SaltMar,276,0,0,cabrera,1,3,tmax
AridScr,7823,0,0,cabrera,1,4,tmax
ArtSurf,94,0,0,cabrera,1,4,tmax
BareArea,1122,0,0,cabrera,1,4,tmax
Crop,4,0,0,cabrera,1,4,tmax
Grass,13,0,0,cabrera,1,4,tmax
HaloVeg,52,0,0,cabrera,1,4,tmax
MedConF,8797,0,0,cabrera,1,4,tmax
MedScrub,486,0,0,cabrera,1,4,tmax
SaltMar,276,0,0,cabrera,1,4,tmax
AridScr,7823,0,0,cabrera,1,5,tmax
ArtSurf,94,0,0,cabrera,1,5,tmax
BareArea,1122,0,0,cabrera,1,5,tmax
Crop,4,0,0,cabrera,1,5,tmax
Grass,13,0,0,cabrera,1,5,tmax
HaloVeg,52,0,0,cabrera,1,5,tmax
MedConF,8797,0,0,cabrera,1,5,tmax
MedScrub,486,0,0,cabrera,1,5,tmax
SaltMar,276,0,0,cabrera,1,5,tmax
AridScr,7823,4784,61.15,cabrera,1,6,tmax
ArtSurf,94,47,50,cabrera,1,6,tmax
BareArea,1122,87,7.75,cabrera,1,6,tmax
Crop,4,0,0,cabrera,1,6,tmax
Grass,13,4,30.77,cabrera,1,6,tmax
HaloVeg,52,2,3.85,cabrera,1,6,tmax
MedConF,8797,6788,77.16,cabrera,1,6,tmax
MedScrub,486,415,85.39,cabrera,1,6,tmax
SaltMar,276,26,9.42,cabrera,1,6,tmax
AridScr,7823,0,0,cabrera,1,7,tmax
ArtSurf,94,0,0,cabrera,1,7,tmax
BareArea,1122,0,0,cabrera,1,7,tmax
Crop,4,0,0,cabrera,1,7,tmax
Grass,13,0,0,cabrera,1,7,tmax
HaloVeg,52,0,0,cabrera,1,7,tmax
MedConF,8797,0,0,cabrera,1,7,tmax
MedScrub,486,0,0,cabrera,1,7,tmax
SaltMar,276,0,0,cabrera,1,7,tmax
AridScr,7823,0,0,cabrera,1,8,tmax
ArtSurf,94,0,0,cabrera,1,8,tmax
BareArea,1122,0,0,cabrera,1,8,tmax
Crop,4,0,0,cabrera,1,8,tmax
Grass,13,0,0,cabrera,1,8,tmax
HaloVeg,52,0,0,cabrera,1,8,tmax
MedConF,8797,0,0,cabrera,1,8,tmax
MedScrub,486,0,0,cabrera,1,8,tmax
SaltMar,276,0,0,cabrera,1,8,tmax
AridScr,7823,0,0,cabrera,1,9,tmax
ArtSurf,94,0,0,cabrera,1,9,tmax
BareArea,1122,0,0,cabrera,1,9,tmax
Crop,4,0,0,cabrera,1,9,tmax
Grass,13,0,0,cabrera,1,9,tmax
HaloVeg,52,0,0,cabrera,1,9,tmax
MedConF,8797,0,0,cabrera,1,9,tmax
MedScrub,486,0,0,cabrera,1,9,tmax
SaltMar,276,0,0,cabrera,1,9,tmax
AridScr,7823,0,0,cabrera,1,10,tmax
ArtSurf,94,0,0,cabrera,1,10,tmax
BareArea,1122,0,0,cabrera,1,10,tmax
Crop,4,0,0,cabrera,1,10,tmax
Grass,13,0,0,cabrera,1,10,tmax
HaloVeg,52,0,0,cabrera,1,10,tmax
MedConF,8797,0,0,cabrera,1,10,tmax
MedScrub,486,0,0,cabrera,1,10,tmax
SaltMar,276,0,0,cabrera,1,10,tmax
AridScr,7823,0,0,cabrera,1,11,tmax
ArtSurf,94,0,0,cabrera,1,11,tmax
BareArea,1122,0,0,cabrera,1,11,tmax
Crop,4,0,0,cabrera,1,11,tmax
Grass,13,0,0,cabrera,1,11,tmax
HaloVeg,52,0,0,cabrera,1,11,tmax
MedConF,8797,0,0,cabrera,1,11,tmax
MedScrub,486,0,0,cabrera,1,11,tmax
SaltMar,276,0,0,cabrera,1,11,tmax
AridScr,7823,0,0,cabrera,1,12,tmax
ArtSurf,94,0,0,cabrera,1,12,tmax
BareArea,1122,0,0,cabrera,1,12,tmax
Crop,4,0,0,cabrera,1,12,tmax
Grass,13,0,0,cabrera,1,12,tmax
HaloVeg,52,0,0,cabrera,1,12,tmax
MedConF,8797,0,0,cabrera,1,12,tmax
MedScrub,486,0,0,cabrera,1,12,tmax
SaltMar,276,0,0,cabrera,1,12,tmax
AridScr,7823,0,0,cabrera,3,1,tmax
ArtSurf,94,0,0,cabrera,3,1,tmax
BareArea,1122,0,0,cabrera,3,1,tmax
Crop,4,0,0,cabrera,3,1,tmax
Grass,13,0,0,cabrera,3,1,tmax
HaloVeg,52,0,0,cabrera,3,1,tmax
MedConF,8797,0,0,cabrera,3,1,tmax
MedScrub,486,0,0,cabrera,3,1,tmax
SaltMar,276,0,0,cabrera,3,1,tmax
AridScr,7823,0,0,cabrera,3,2,tmax
ArtSurf,94,0,0,cabrera,3,2,tmax
BareArea,1122,0,0,cabrera,3,2,tmax
Crop,4,0,0,cabrera,3,2,tmax
Grass,13,0,0,cabrera,3,2,tmax
HaloVeg,52,0,0,cabrera,3,2,tmax
MedConF,8797,0,0,cabrera,3,2,tmax
MedScrub,486,0,0,cabrera,3,2,tmax
SaltMar,276,0,0,cabrera,3,2,tmax
AridScr,7823,0,0,cabrera,3,3,tmax
ArtSurf,94,0,0,cabrera,3,3,tmax
BareArea,1122,0,0,cabrera,3,3,tmax
Crop,4,0,0,cabrera,3,3,tmax
Grass,13,0,0,cabrera,3,3,tmax
HaloVeg,52,0,0,cabrera,3,3,tmax
MedConF,8797,0,0,cabrera,3,3,tmax
MedScrub,486,0,0,cabrera,3,3,tmax
SaltMar,276,0,0,cabrera,3,3,tmax
AridScr,7823,5,0.06,cabrera,3,4,tmax
ArtSurf,94,0,0,cabrera,3,4,tmax
BareArea,1122,0,0,cabrera,3,4,tmax
Crop,4,0,0,cabrera,3,4,tmax
Grass,13,0,0,cabrera,3,4,tmax
HaloVeg,52,0,0,cabrera,3,4,tmax
MedConF,8797,0,0,cabrera,3,4,tmax
MedScrub,486,0,0,cabrera,3,4,tmax
SaltMar,276,0,0,cabrera,3,4,tmax
AridScr,7823,2746,35.1,cabrera,3,5,tmax
ArtSurf,94,18,19.15,cabrera,3,5,tmax
BareArea,1122,118,10.52,cabrera,3,5,tmax
Crop,4,0,0,cabrera,3,5,tmax
Grass,13,5,38.46,cabrera,3,5,tmax
HaloVeg,52,19,36.54,cabrera,3,5,tmax
MedConF,8797,1505,17.11,cabrera,3,5,tmax
MedScrub,486,98,20.16,cabrera,3,5,tmax
SaltMar,276,45,16.3,cabrera,3,5,tmax
AridScr,7823,5803,74.18,cabrera,3,6,tmax
ArtSurf,94,49,52.13,cabrera,3,6,tmax
BareArea,1122,202,18,cabrera,3,6,tmax
Crop,4,2,50,cabrera,3,6,tmax
Grass,13,2,15.38,cabrera,3,6,tmax
HaloVeg,52,30,57.69,cabrera,3,6,tmax
MedConF,8797,7150,81.28,cabrera,3,6,tmax
MedScrub,486,401,82.51,cabrera,3,6,tmax
SaltMar,276,113,40.94,cabrera,3,6,tmax
AridScr,7823,3267,41.76,cabrera,3,7,tmax
ArtSurf,94,21,22.34,cabrera,3,7,tmax
BareArea,1122,132,11.76,cabrera,3,7,tmax
Crop,4,0,0,cabrera,3,7,tmax
Grass,13,0,0,cabrera,3,7,tmax
HaloVeg,52,2,3.85,cabrera,3,7,tmax
MedConF,8797,5488,62.38,cabrera,3,7,tmax
MedScrub,486,331,68.11,cabrera,3,7,tmax
SaltMar,276,23,8.33,cabrera,3,7,tmax
AridScr,7823,0,0,cabrera,3,8,tmax
ArtSurf,94,0,0,cabrera,3,8,tmax
BareArea,1122,0,0,cabrera,3,8,tmax
Crop,4,0,0,cabrera,3,8,tmax
Grass,13,0,0,cabrera,3,8,tmax
HaloVeg,52,0,0,cabrera,3,8,tmax
MedConF,8797,0,0,cabrera,3,8,tmax
MedScrub,486,0,0,cabrera,3,8,tmax
SaltMar,276,0,0,cabrera,3,8,tmax
AridScr,7823,0,0,cabrera,3,9,tmax
ArtSurf,94,0,0,cabrera,3,9,tmax
BareArea,1122,0,0,cabrera,3,9,tmax
Crop,4,0,0,cabrera,3,9,tmax
Grass,13,0,0,cabrera,3,9,tmax
HaloVeg,52,0,0,cabrera,3,9,tmax
MedConF,8797,0,0,cabrera,3,9,tmax
MedScrub,486,0,0,cabrera,3,9,tmax
SaltMar,276,0,0,cabrera,3,9,tmax
AridScr,7823,0,0,cabrera,3,10,tmax
ArtSurf,94,0,0,cabrera,3,10,tmax
BareArea,1122,0,0,cabrera,3,10,tmax
Crop,4,0,0,cabrera,3,10,tmax
Grass,13,0,0,cabrera,3,10,tmax
HaloVeg,52,0,0,cabrera,3,10,tmax
MedConF,8797,0,0,cabrera,3,10,tmax
MedScrub,486,0,0,cabrera,3,10,tmax
SaltMar,276,0,0,cabrera,3,10,tmax
AridScr,7823,0,0,cabrera,3,11,tmax
ArtSurf,94,0,0,cabrera,3,11,tmax
BareArea,1122,0,0,cabrera,3,11,tmax
Crop,4,0,0,cabrera,3,11,tmax
Grass,13,0,0,cabrera,3,11,tmax
HaloVeg,52,0,0,cabrera,3,11,tmax
MedConF,8797,0,0,cabrera,3,11,tmax
MedScrub,486,0,0,cabrera,3,11,tmax
SaltMar,276,0,0,cabrera,3,11,tmax
AridScr,7823,0,0,cabrera,3,12,tmax
ArtSurf,94,0,0,cabrera,3,12,tmax
BareArea,1122,0,0,cabrera,3,12,tmax
Crop,4,0,0,cabrera,3,12,tmax
Grass,13,0,0,cabrera,3,12,tmax
HaloVeg,52,0,0,cabrera,3,12,tmax
MedConF,8797,0,0,cabrera,3,12,tmax
MedScrub,486,0,0,cabrera,3,12,tmax
SaltMar,276,0,0,cabrera,3,12,tmax
AridScr,7823,0,0,cabrera,6,1,tmax
ArtSurf,94,0,0,cabrera,6,1,tmax
BareArea,1122,0,0,cabrera,6,1,tmax
Crop,4,0,0,cabrera,6,1,tmax
Grass,13,0,0,cabrera,6,1,tmax
HaloVeg,52,0,0,cabrera,6,1,tmax
MedConF,8797,0,0,cabrera,6,1,tmax
MedScrub,486,0,0,cabrera,6,1,tmax
SaltMar,276,0,0,cabrera,6,1,tmax
AridScr,7823,0,0,cabrera,6,2,tmax
ArtSurf,94,0,0,cabrera,6,2,tmax
BareArea,1122,0,0,cabrera,6,2,tmax
Crop,4,0,0,cabrera,6,2,tmax
Grass,13,0,0,cabrera,6,2,tmax
HaloVeg,52,0,0,cabrera,6,2,tmax
MedConF,8797,0,0,cabrera,6,2,tmax
MedScrub,486,0,0,cabrera,6,2,tmax
SaltMar,276,0,0,cabrera,6,2,tmax
AridScr,7823,0,0,cabrera,6,3,tmax
ArtSurf,94,0,0,cabrera,6,3,tmax
BareArea,1122,0,0,cabrera,6,3,tmax
Crop,4,0,0,cabrera,6,3,tmax
Grass,13,0,0,cabrera,6,3,tmax
HaloVeg,52,0,0,cabrera,6,3,tmax
MedConF,8797,0,0,cabrera,6,3,tmax
MedScrub,486,0,0,cabrera,6,3,tmax
SaltMar,276,0,0,cabrera,6,3,tmax
AridScr,7823,0,0,cabrera,6,4,tmax
ArtSurf,94,0,0,cabrera,6,4,tmax
BareArea,1122,0,0,cabrera,6,4,tmax
Crop,4,0,0,cabrera,6,4,tmax
Grass,13,0,0,cabrera,6,4,tmax
HaloVeg,52,0,0,cabrera,6,4,tmax
MedConF,8797,0,0,cabrera,6,4,tmax
MedScrub,486,0,0,cabrera,6,4,tmax
SaltMar,276,0,0,cabrera,6,4,tmax
AridScr,7823,0,0,cabrera,6,5,tmax
ArtSurf,94,0,0,cabrera,6,5,tmax
BareArea,1122,0,0,cabrera,6,5,tmax
Crop,4,0,0,cabrera,6,5,tmax
Grass,13,0,0,cabrera,6,5,tmax
HaloVeg,52,0,0,cabrera,6,5,tmax
MedConF,8797,0,0,cabrera,6,5,tmax
MedScrub,486,0,0,cabrera,6,5,tmax
SaltMar,276,0,0,cabrera,6,5,tmax
AridScr,7823,0,0,cabrera,6,6,tmax
ArtSurf,94,0,0,cabrera,6,6,tmax
BareArea,1122,0,0,cabrera,6,6,tmax
Crop,4,0,0,cabrera,6,6,tmax
Grass,13,0,0,cabrera,6,6,tmax
HaloVeg,52,0,0,cabrera,6,6,tmax
MedConF,8797,0,0,cabrera,6,6,tmax
MedScrub,486,0,0,cabrera,6,6,tmax
SaltMar,276,0,0,cabrera,6,6,tmax
AridScr,7823,0,0,cabrera,6,7,tmax
ArtSurf,94,0,0,cabrera,6,7,tmax
BareArea,1122,0,0,cabrera,6,7,tmax
Crop,4,0,0,cabrera,6,7,tmax
Grass,13,0,0,cabrera,6,7,tmax
HaloVeg,52,0,0,cabrera,6,7,tmax
MedConF,8797,0,0,cabrera,6,7,tmax
MedScrub,486,0,0,cabrera,6,7,tmax
SaltMar,276,0,0,cabrera,6,7,tmax
AridScr,7823,0,0,cabrera,6,8,tmax
ArtSurf,94,0,0,cabrera,6,8,tmax
BareArea,1122,0,0,cabrera,6,8,tmax
Crop,4,0,0,cabrera,6,8,tmax
Grass,13,0,0,cabrera,6,8,tmax
HaloVeg,52,0,0,cabrera,6,8,tmax
MedConF,8797,0,0,cabrera,6,8,tmax
MedScrub,486,0,0,cabrera,6,8,tmax
SaltMar,276,0,0,cabrera,6,8,tmax
AridScr,7823,0,0,cabrera,6,9,tmax
ArtSurf,94,0,0,cabrera,6,9,tmax
BareArea,1122,0,0,cabrera,6,9,tmax
Crop,4,0,0,cabrera,6,9,tmax
Grass,13,0,0,cabrera,6,9,tmax
HaloVeg,52,0,0,cabrera,6,9,tmax
MedConF,8797,0,0,cabrera,6,9,tmax
MedScrub,486,0,0,cabrera,6,9,tmax
SaltMar,276,0,0,cabrera,6,9,tmax
AridScr,7823,0,0,cabrera,6,10,tmax
ArtSurf,94,0,0,cabrera,6,10,tmax
BareArea,1122,0,0,cabrera,6,10,tmax
Crop,4,0,0,cabrera,6,10,tmax
Grass,13,0,0,cabrera,6,10,tmax
HaloVeg,52,0,0,cabrera,6,10,tmax
MedConF,8797,0,0,cabrera,6,10,tmax
MedScrub,486,0,0,cabrera,6,10,tmax
SaltMar,276,0,0,cabrera,6,10,tmax
AridScr,7823,0,0,cabrera,6,11,tmax
ArtSurf,94,0,0,cabrera,6,11,tmax
BareArea,1122,0,0,cabrera,6,11,tmax
Crop,4,0,0,cabrera,6,11,tmax
Grass,13,0,0,cabrera,6,11,tmax
HaloVeg,52,0,0,cabrera,6,11,tmax
MedConF,8797,0,0,cabrera,6,11,tmax
MedScrub,486,0,0,cabrera,6,11,tmax
SaltMar,276,0,0,cabrera,6,11,tmax
AridScr,7823,0,0,cabrera,6,12,tmax
ArtSurf,94,0,0,cabrera,6,12,tmax
BareArea,1122,0,0,cabrera,6,12,tmax
Crop,4,0,0,cabrera,6,12,tmax
Grass,13,0,0,cabrera,6,12,tmax
HaloVeg,52,0,0,cabrera,6,12,tmax
MedConF,8797,0,0,cabrera,6,12,tmax
MedScrub,486,0,0,cabrera,6,12,tmax
SaltMar,276,0,0,cabrera,6,12,tmax
AridScr,7823,0,0,cabrera,9,1,tmax
ArtSurf,94,0,0,cabrera,9,1,tmax
BareArea,1122,0,0,cabrera,9,1,tmax
Crop,4,0,0,cabrera,9,1,tmax
Grass,13,0,0,cabrera,9,1,tmax
HaloVeg,52,0,0,cabrera,9,1,tmax
MedConF,8797,0,0,cabrera,9,1,tmax
MedScrub,486,0,0,cabrera,9,1,tmax
SaltMar,276,0,0,cabrera,9,1,tmax
AridScr,7823,0,0,cabrera,9,2,tmax
ArtSurf,94,0,0,cabrera,9,2,tmax
BareArea,1122,0,0,cabrera,9,2,tmax
Crop,4,0,0,cabrera,9,2,tmax
Grass,13,0,0,cabrera,9,2,tmax
HaloVeg,52,0,0,cabrera,9,2,tmax
MedConF,8797,0,0,cabrera,9,2,tmax
MedScrub,486,0,0,cabrera,9,2,tmax
SaltMar,276,0,0,cabrera,9,2,tmax
AridScr,7823,1,0.01,cabrera,9,3,tmax
ArtSurf,94,0,0,cabrera,9,3,tmax
BareArea,1122,0,0,cabrera,9,3,tmax
Crop,4,0,0,cabrera,9,3,tmax
Grass,13,0,0,cabrera,9,3,tmax
HaloVeg,52,0,0,cabrera,9,3,tmax
MedConF,8797,0,0,cabrera,9,3,tmax
MedScrub,486,0,0,cabrera,9,3,tmax
SaltMar,276,0,0,cabrera,9,3,tmax
AridScr,7823,0,0,cabrera,9,4,tmax
ArtSurf,94,0,0,cabrera,9,4,tmax
BareArea,1122,0,0,cabrera,9,4,tmax
Crop,4,0,0,cabrera,9,4,tmax
Grass,13,0,0,cabrera,9,4,tmax
HaloVeg,52,0,0,cabrera,9,4,tmax
MedConF,8797,0,0,cabrera,9,4,tmax
MedScrub,486,0,0,cabrera,9,4,tmax
SaltMar,276,0,0,cabrera,9,4,tmax
AridScr,7823,0,0,cabrera,9,5,tmax
ArtSurf,94,0,0,cabrera,9,5,tmax
BareArea,1122,0,0,cabrera,9,5,tmax
Crop,4,0,0,cabrera,9,5,tmax
Grass,13,0,0,cabrera,9,5,tmax
HaloVeg,52,0,0,cabrera,9,5,tmax
MedConF,8797,0,0,cabrera,9,5,tmax
MedScrub,486,0,0,cabrera,9,5,tmax
SaltMar,276,0,0,cabrera,9,5,tmax
AridScr,7823,0,0,cabrera,9,6,tmax
ArtSurf,94,0,0,cabrera,9,6,tmax
BareArea,1122,0,0,cabrera,9,6,tmax
Crop,4,0,0,cabrera,9,6,tmax
Grass,13,0,0,cabrera,9,6,tmax
HaloVeg,52,0,0,cabrera,9,6,tmax
MedConF,8797,0,0,cabrera,9,6,tmax
MedScrub,486,0,0,cabrera,9,6,tmax
SaltMar,276,0,0,cabrera,9,6,tmax
AridScr,7823,0,0,cabrera,9,7,tmax
ArtSurf,94,0,0,cabrera,9,7,tmax
BareArea,1122,0,0,cabrera,9,7,tmax
Crop,4,0,0,cabrera,9,7,tmax
Grass,13,0,0,cabrera,9,7,tmax
HaloVeg,52,0,0,cabrera,9,7,tmax
MedConF,8797,0,0,cabrera,9,7,tmax
MedScrub,486,0,0,cabrera,9,7,tmax
SaltMar,276,0,0,cabrera,9,7,tmax
AridScr,7823,0,0,cabrera,9,8,tmax
ArtSurf,94,0,0,cabrera,9,8,tmax
BareArea,1122,0,0,cabrera,9,8,tmax
Crop,4,0,0,cabrera,9,8,tmax
Grass,13,0,0,cabrera,9,8,tmax
HaloVeg,52,0,0,cabrera,9,8,tmax
MedConF,8797,0,0,cabrera,9,8,tmax
MedScrub,486,0,0,cabrera,9,8,tmax
SaltMar,276,0,0,cabrera,9,8,tmax
AridScr,7823,0,0,cabrera,9,9,tmax
ArtSurf,94,0,0,cabrera,9,9,tmax
BareArea,1122,0,0,cabrera,9,9,tmax
Crop,4,0,0,cabrera,9,9,tmax
Grass,13,0,0,cabrera,9,9,tmax
HaloVeg,52,0,0,cabrera,9,9,tmax
MedConF,8797,0,0,cabrera,9,9,tmax
MedScrub,486,0,0,cabrera,9,9,tmax
SaltMar,276,0,0,cabrera,9,9,tmax
AridScr,7823,0,0,cabrera,9,10,tmax
ArtSurf,94,0,0,cabrera,9,10,tmax
BareArea,1122,0,0,cabrera,9,10,tmax
Crop,4,0,0,cabrera,9,10,tmax
Grass,13,0,0,cabrera,9,10,tmax
HaloVeg,52,0,0,cabrera,9,10,tmax
MedConF,8797,0,0,cabrera,9,10,tmax
MedScrub,486,0,0,cabrera,9,10,tmax
SaltMar,276,0,0,cabrera,9,10,tmax
AridScr,7823,0,0,cabrera,9,11,tmax
ArtSurf,94,0,0,cabrera,9,11,tmax
BareArea,1122,0,0,cabrera,9,11,tmax
Crop,4,0,0,cabrera,9,11,tmax
Grass,13,0,0,cabrera,9,11,tmax
HaloVeg,52,0,0,cabrera,9,11,tmax
MedConF,8797,0,0,cabrera,9,11,tmax
MedScrub,486,0,0,cabrera,9,11,tmax
SaltMar,276,0,0,cabrera,9,11,tmax
AridScr,7823,0,0,cabrera,9,12,tmax
ArtSurf,94,0,0,cabrera,9,12,tmax
BareArea,1122,0,0,cabrera,9,12,tmax
Crop,4,0,0,cabrera,9,12,tmax
Grass,13,0,0,cabrera,9,12,tmax
HaloVeg,52,0,0,cabrera,9,12,tmax
MedConF,8797,0,0,cabrera,9,12,tmax
MedScrub,486,0,0,cabrera,9,12,tmax
SaltMar,276,0,0,cabrera,9,12,tmax
AridScr,7823,0,0,cabrera,12,1,tmax
ArtSurf,94,0,0,cabrera,12,1,tmax
BareArea,1122,0,0,cabrera,12,1,tmax
Crop,4,0,0,cabrera,12,1,tmax
Grass,13,0,0,cabrera,12,1,tmax
HaloVeg,52,0,0,cabrera,12,1,tmax
MedConF,8797,0,0,cabrera,12,1,tmax
MedScrub,486,0,0,cabrera,12,1,tmax
SaltMar,276,0,0,cabrera,12,1,tmax
AridScr,7823,0,0,cabrera,12,2,tmax
ArtSurf,94,0,0,cabrera,12,2,tmax
BareArea,1122,0,0,cabrera,12,2,tmax
Crop,4,0,0,cabrera,12,2,tmax
Grass,13,0,0,cabrera,12,2,tmax
HaloVeg,52,0,0,cabrera,12,2,tmax
MedConF,8797,0,0,cabrera,12,2,tmax
MedScrub,486,0,0,cabrera,12,2,tmax
SaltMar,276,0,0,cabrera,12,2,tmax
AridScr,7823,0,0,cabrera,12,3,tmax
ArtSurf,94,0,0,cabrera,12,3,tmax
BareArea,1122,0,0,cabrera,12,3,tmax
Crop,4,0,0,cabrera,12,3,tmax
Grass,13,0,0,cabrera,12,3,tmax
HaloVeg,52,0,0,cabrera,12,3,tmax
MedConF,8797,0,0,cabrera,12,3,tmax
MedScrub,486,0,0,cabrera,12,3,tmax
SaltMar,276,0,0,cabrera,12,3,tmax
AridScr,7823,0,0,cabrera,12,4,tmax
ArtSurf,94,0,0,cabrera,12,4,tmax
BareArea,1122,0,0,cabrera,12,4,tmax
Crop,4,0,0,cabrera,12,4,tmax
Grass,13,0,0,cabrera,12,4,tmax
HaloVeg,52,0,0,cabrera,12,4,tmax
MedConF,8797,0,0,cabrera,12,4,tmax
MedScrub,486,0,0,cabrera,12,4,tmax
SaltMar,276,0,0,cabrera,12,4,tmax
AridScr,7823,0,0,cabrera,12,5,tmax
ArtSurf,94,0,0,cabrera,12,5,tmax
BareArea,1122,0,0,cabrera,12,5,tmax
Crop,4,0,0,cabrera,12,5,tmax
Grass,13,0,0,cabrera,12,5,tmax
HaloVeg,52,0,0,cabrera,12,5,tmax
MedConF,8797,0,0,cabrera,12,5,tmax
MedScrub,486,0,0,cabrera,12,5,tmax
SaltMar,276,0,0,cabrera,12,5,tmax
AridScr,7823,0,0,cabrera,12,6,tmax
ArtSurf,94,0,0,cabrera,12,6,tmax
BareArea,1122,0,0,cabrera,12,6,tmax
Crop,4,0,0,cabrera,12,6,tmax
Grass,13,0,0,cabrera,12,6,tmax
HaloVeg,52,0,0,cabrera,12,6,tmax
MedConF,8797,0,0,cabrera,12,6,tmax
MedScrub,486,0,0,cabrera,12,6,tmax
SaltMar,276,0,0,cabrera,12,6,tmax
AridScr,7823,0,0,cabrera,12,7,tmax
ArtSurf,94,0,0,cabrera,12,7,tmax
BareArea,1122,0,0,cabrera,12,7,tmax
Crop,4,0,0,cabrera,12,7,tmax
Grass,13,0,0,cabrera,12,7,tmax
HaloVeg,52,0,0,cabrera,12,7,tmax
MedConF,8797,0,0,cabrera,12,7,tmax
MedScrub,486,0,0,cabrera,12,7,tmax
SaltMar,276,0,0,cabrera,12,7,tmax
AridScr,7823,0,0,cabrera,12,8,tmax
ArtSurf,94,0,0,cabrera,12,8,tmax
BareArea,1122,0,0,cabrera,12,8,tmax
Crop,4,0,0,cabrera,12,8,tmax
Grass,13,0,0,cabrera,12,8,tmax
HaloVeg,52,0,0,cabrera,12,8,tmax
MedConF,8797,0,0,cabrera,12,8,tmax
MedScrub,486,0,0,cabrera,12,8,tmax
SaltMar,276,0,0,cabrera,12,8,tmax
AridScr,7823,0,0,cabrera,12,9,tmax
ArtSurf,94,0,0,cabrera,12,9,tmax
BareArea,1122,0,0,cabrera,12,9,tmax
Crop,4,0,0,cabrera,12,9,tmax
Grass,13,0,0,cabrera,12,9,tmax
HaloVeg,52,0,0,cabrera,12,9,tmax
MedConF,8797,0,0,cabrera,12,9,tmax
MedScrub,486,0,0,cabrera,12,9,tmax
SaltMar,276,0,0,cabrera,12,9,tmax
AridScr,7823,0,0,cabrera,12,10,tmax
ArtSurf,94,0,0,cabrera,12,10,tmax
BareArea,1122,0,0,cabrera,12,10,tmax
Crop,4,0,0,cabrera,12,10,tmax
Grass,13,0,0,cabrera,12,10,tmax
HaloVeg,52,0,0,cabrera,12,10,tmax
MedConF,8797,0,0,cabrera,12,10,tmax
MedScrub,486,0,0,cabrera,12,10,tmax
SaltMar,276,0,0,cabrera,12,10,tmax
AridScr,7823,0,0,cabrera,12,11,tmax
ArtSurf,94,0,0,cabrera,12,11,tmax
BareArea,1122,0,0,cabrera,12,11,tmax
Crop,4,0,0,cabrera,12,11,tmax
Grass,13,0,0,cabrera,12,11,tmax
HaloVeg,52,0,0,cabrera,12,11,tmax
MedConF,8797,0,0,cabrera,12,11,tmax
MedScrub,486,0,0,cabrera,12,11,tmax
SaltMar,276,0,0,cabrera,12,11,tmax
AridScr,7823,0,0,cabrera,12,12,tmax
ArtSurf,94,0,0,cabrera,12,12,tmax
BareArea,1122,0,0,cabrera,12,12,tmax
Crop,4,0,0,cabrera,12,12,tmax
Grass,13,0,0,cabrera,12,12,tmax
HaloVeg,52,0,0,cabrera,12,12,tmax
MedConF,8797,0,0,cabrera,12,12,tmax
MedScrub,486,0,0,cabrera,12,12,tmax
SaltMar,276,0,0,cabrera,12,12,tmax
ArtSurf,247,0,0,daimiel,1,1,tmax
Crop,2273,0,0,daimiel,1,1,tmax
Dehesa,2601,0,0,daimiel,1,1,tmax
Grass,8172,0,0,daimiel,1,1,tmax
HaloVeg,2543,0,0,daimiel,1,1,tmax
HydroRipVeg,16350,0,0,daimiel,1,1,tmax
MedSclF,623,0,0,daimiel,1,1,tmax
Reforestation,25,0,0,daimiel,1,1,tmax
RipF,1501,0,0,daimiel,1,1,tmax
WaterSurf,8869,0,0,daimiel,1,1,tmax
ArtSurf,247,0,0,daimiel,1,2,tmax
Crop,2273,0,0,daimiel,1,2,tmax
Dehesa,2601,0,0,daimiel,1,2,tmax
Grass,8172,0,0,daimiel,1,2,tmax
HaloVeg,2543,0,0,daimiel,1,2,tmax
HydroRipVeg,16350,0,0,daimiel,1,2,tmax
MedSclF,623,0,0,daimiel,1,2,tmax
Reforestation,25,0,0,daimiel,1,2,tmax
RipF,1501,0,0,daimiel,1,2,tmax
WaterSurf,8869,0,0,daimiel,1,2,tmax
ArtSurf,247,0,0,daimiel,1,3,tmax
Crop,2273,0,0,daimiel,1,3,tmax
Dehesa,2601,0,0,daimiel,1,3,tmax
Grass,8172,0,0,daimiel,1,3,tmax
HaloVeg,2543,0,0,daimiel,1,3,tmax
HydroRipVeg,16350,0,0,daimiel,1,3,tmax
MedSclF,623,0,0,daimiel,1,3,tmax
Reforestation,25,0,0,daimiel,1,3,tmax
RipF,1501,0,0,daimiel,1,3,tmax
WaterSurf,8869,0,0,daimiel,1,3,tmax
ArtSurf,247,0,0,daimiel,1,4,tmax
Crop,2273,0,0,daimiel,1,4,tmax
Dehesa,2601,0,0,daimiel,1,4,tmax
Grass,8172,0,0,daimiel,1,4,tmax
HaloVeg,2543,0,0,daimiel,1,4,tmax
HydroRipVeg,16350,0,0,daimiel,1,4,tmax
MedSclF,623,0,0,daimiel,1,4,tmax
Reforestation,25,0,0,daimiel,1,4,tmax
RipF,1501,0,0,daimiel,1,4,tmax
WaterSurf,8869,0,0,daimiel,1,4,tmax
ArtSurf,247,5,2.02,daimiel,1,5,tmax
Crop,2273,14,0.62,daimiel,1,5,tmax
Dehesa,2601,846,32.53,daimiel,1,5,tmax
Grass,8172,122,1.49,daimiel,1,5,tmax
HaloVeg,2543,462,18.17,daimiel,1,5,tmax
HydroRipVeg,16350,107,0.65,daimiel,1,5,tmax
MedSclF,623,154,24.72,daimiel,1,5,tmax
Reforestation,25,0,0,daimiel,1,5,tmax
RipF,1501,41,2.73,daimiel,1,5,tmax
WaterSurf,8869,1,0.01,daimiel,1,5,tmax
ArtSurf,247,0,0,daimiel,1,6,tmax
Crop,2273,0,0,daimiel,1,6,tmax
Dehesa,2601,0,0,daimiel,1,6,tmax
Grass,8172,0,0,daimiel,1,6,tmax
HaloVeg,2543,0,0,daimiel,1,6,tmax
HydroRipVeg,16350,0,0,daimiel,1,6,tmax
MedSclF,623,0,0,daimiel,1,6,tmax
Reforestation,25,0,0,daimiel,1,6,tmax
RipF,1501,0,0,daimiel,1,6,tmax
WaterSurf,8869,0,0,daimiel,1,6,tmax
ArtSurf,247,0,0,daimiel,1,7,tmax
Crop,2273,0,0,daimiel,1,7,tmax
Dehesa,2601,0,0,daimiel,1,7,tmax
Grass,8172,0,0,daimiel,1,7,tmax
HaloVeg,2543,0,0,daimiel,1,7,tmax
HydroRipVeg,16350,0,0,daimiel,1,7,tmax
MedSclF,623,0,0,daimiel,1,7,tmax
Reforestation,25,0,0,daimiel,1,7,tmax
RipF,1501,0,0,daimiel,1,7,tmax
WaterSurf,8869,0,0,daimiel,1,7,tmax
ArtSurf,247,0,0,daimiel,1,8,tmax
Crop,2273,0,0,daimiel,1,8,tmax
Dehesa,2601,0,0,daimiel,1,8,tmax
Grass,8172,0,0,daimiel,1,8,tmax
HaloVeg,2543,0,0,daimiel,1,8,tmax
HydroRipVeg,16350,0,0,daimiel,1,8,tmax
MedSclF,623,0,0,daimiel,1,8,tmax
Reforestation,25,0,0,daimiel,1,8,tmax
RipF,1501,0,0,daimiel,1,8,tmax
WaterSurf,8869,0,0,daimiel,1,8,tmax
ArtSurf,247,0,0,daimiel,1,9,tmax
Crop,2273,0,0,daimiel,1,9,tmax
Dehesa,2601,0,0,daimiel,1,9,tmax
Grass,8172,0,0,daimiel,1,9,tmax
HaloVeg,2543,0,0,daimiel,1,9,tmax
HydroRipVeg,16350,0,0,daimiel,1,9,tmax
MedSclF,623,0,0,daimiel,1,9,tmax
Reforestation,25,0,0,daimiel,1,9,tmax
RipF,1501,0,0,daimiel,1,9,tmax
WaterSurf,8869,0,0,daimiel,1,9,tmax
ArtSurf,247,0,0,daimiel,1,10,tmax
Crop,2273,0,0,daimiel,1,10,tmax
Dehesa,2601,0,0,daimiel,1,10,tmax
Grass,8172,0,0,daimiel,1,10,tmax
HaloVeg,2543,0,0,daimiel,1,10,tmax
HydroRipVeg,16350,0,0,daimiel,1,10,tmax
MedSclF,623,0,0,daimiel,1,10,tmax
Reforestation,25,0,0,daimiel,1,10,tmax
RipF,1501,0,0,daimiel,1,10,tmax
WaterSurf,8869,0,0,daimiel,1,10,tmax
ArtSurf,247,0,0,daimiel,1,11,tmax
Crop,2273,0,0,daimiel,1,11,tmax
Dehesa,2601,0,0,daimiel,1,11,tmax
Grass,8172,0,0,daimiel,1,11,tmax
HaloVeg,2543,0,0,daimiel,1,11,tmax
HydroRipVeg,16350,0,0,daimiel,1,11,tmax
MedSclF,623,0,0,daimiel,1,11,tmax
Reforestation,25,0,0,daimiel,1,11,tmax
RipF,1501,0,0,daimiel,1,11,tmax
WaterSurf,8869,0,0,daimiel,1,11,tmax
ArtSurf,247,0,0,daimiel,1,12,tmax
Crop,2273,0,0,daimiel,1,12,tmax
Dehesa,2601,0,0,daimiel,1,12,tmax
Grass,8172,0,0,daimiel,1,12,tmax
HaloVeg,2543,0,0,daimiel,1,12,tmax
HydroRipVeg,16350,0,0,daimiel,1,12,tmax
MedSclF,623,0,0,daimiel,1,12,tmax
Reforestation,25,0,0,daimiel,1,12,tmax
RipF,1501,0,0,daimiel,1,12,tmax
WaterSurf,8869,0,0,daimiel,1,12,tmax
ArtSurf,247,0,0,daimiel,3,1,tmax
Crop,2273,0,0,daimiel,3,1,tmax
Dehesa,2601,0,0,daimiel,3,1,tmax
Grass,8172,0,0,daimiel,3,1,tmax
HaloVeg,2543,0,0,daimiel,3,1,tmax
HydroRipVeg,16350,0,0,daimiel,3,1,tmax
MedSclF,623,0,0,daimiel,3,1,tmax
Reforestation,25,0,0,daimiel,3,1,tmax
RipF,1501,0,0,daimiel,3,1,tmax
WaterSurf,8869,0,0,daimiel,3,1,tmax
ArtSurf,247,0,0,daimiel,3,2,tmax
Crop,2273,0,0,daimiel,3,2,tmax
Dehesa,2601,0,0,daimiel,3,2,tmax
Grass,8172,0,0,daimiel,3,2,tmax
HaloVeg,2543,0,0,daimiel,3,2,tmax
HydroRipVeg,16350,0,0,daimiel,3,2,tmax
MedSclF,623,0,0,daimiel,3,2,tmax
Reforestation,25,0,0,daimiel,3,2,tmax
RipF,1501,0,0,daimiel,3,2,tmax
WaterSurf,8869,0,0,daimiel,3,2,tmax
ArtSurf,247,0,0,daimiel,3,3,tmax
Crop,2273,0,0,daimiel,3,3,tmax
Dehesa,2601,0,0,daimiel,3,3,tmax
Grass,8172,0,0,daimiel,3,3,tmax
HaloVeg,2543,0,0,daimiel,3,3,tmax
HydroRipVeg,16350,0,0,daimiel,3,3,tmax
MedSclF,623,0,0,daimiel,3,3,tmax
Reforestation,25,0,0,daimiel,3,3,tmax
RipF,1501,0,0,daimiel,3,3,tmax
WaterSurf,8869,0,0,daimiel,3,3,tmax
ArtSurf,247,0,0,daimiel,3,4,tmax
Crop,2273,0,0,daimiel,3,4,tmax
Dehesa,2601,0,0,daimiel,3,4,tmax
Grass,8172,0,0,daimiel,3,4,tmax
HaloVeg,2543,0,0,daimiel,3,4,tmax
HydroRipVeg,16350,0,0,daimiel,3,4,tmax
MedSclF,623,0,0,daimiel,3,4,tmax
Reforestation,25,0,0,daimiel,3,4,tmax
RipF,1501,0,0,daimiel,3,4,tmax
WaterSurf,8869,0,0,daimiel,3,4,tmax
ArtSurf,247,32,12.96,daimiel,3,5,tmax
Crop,2273,147,6.47,daimiel,3,5,tmax
Dehesa,2601,1313,50.48,daimiel,3,5,tmax
Grass,8172,604,7.39,daimiel,3,5,tmax
HaloVeg,2543,740,29.1,daimiel,3,5,tmax
HydroRipVeg,16350,177,1.08,daimiel,3,5,tmax
MedSclF,623,414,66.45,daimiel,3,5,tmax
Reforestation,25,8,32,daimiel,3,5,tmax
RipF,1501,123,8.19,daimiel,3,5,tmax
WaterSurf,8869,0,0,daimiel,3,5,tmax
ArtSurf,247,20,8.1,daimiel,3,6,tmax
Crop,2273,112,4.93,daimiel,3,6,tmax
Dehesa,2601,348,13.38,daimiel,3,6,tmax
Grass,8172,624,7.64,daimiel,3,6,tmax
HaloVeg,2543,1033,40.62,daimiel,3,6,tmax
HydroRipVeg,16350,294,1.8,daimiel,3,6,tmax
MedSclF,623,493,79.13,daimiel,3,6,tmax
Reforestation,25,1,4,daimiel,3,6,tmax
RipF,1501,136,9.06,daimiel,3,6,tmax
WaterSurf,8869,0,0,daimiel,3,6,tmax
ArtSurf,247,7,2.83,daimiel,3,7,tmax
Crop,2273,96,4.22,daimiel,3,7,tmax
Dehesa,2601,108,4.15,daimiel,3,7,tmax
Grass,8172,472,5.78,daimiel,3,7,tmax
HaloVeg,2543,1137,44.71,daimiel,3,7,tmax
HydroRipVeg,16350,796,4.87,daimiel,3,7,tmax
MedSclF,623,368,59.07,daimiel,3,7,tmax
Reforestation,25,3,12,daimiel,3,7,tmax
RipF,1501,251,16.72,daimiel,3,7,tmax
WaterSurf,8869,5,0.06,daimiel,3,7,tmax
ArtSurf,247,0,0,daimiel,3,8,tmax
Crop,2273,0,0,daimiel,3,8,tmax
Dehesa,2601,0,0,daimiel,3,8,tmax
Grass,8172,0,0,daimiel,3,8,tmax
HaloVeg,2543,0,0,daimiel,3,8,tmax
HydroRipVeg,16350,0,0,daimiel,3,8,tmax
MedSclF,623,0,0,daimiel,3,8,tmax
Reforestation,25,0,0,daimiel,3,8,tmax
RipF,1501,0,0,daimiel,3,8,tmax
WaterSurf,8869,0,0,daimiel,3,8,tmax
ArtSurf,247,0,0,daimiel,3,9,tmax
Crop,2273,0,0,daimiel,3,9,tmax
Dehesa,2601,0,0,daimiel,3,9,tmax
Grass,8172,0,0,daimiel,3,9,tmax
HaloVeg,2543,0,0,daimiel,3,9,tmax
HydroRipVeg,16350,0,0,daimiel,3,9,tmax
MedSclF,623,0,0,daimiel,3,9,tmax
Reforestation,25,0,0,daimiel,3,9,tmax
RipF,1501,0,0,daimiel,3,9,tmax
WaterSurf,8869,0,0,daimiel,3,9,tmax
ArtSurf,247,0,0,daimiel,3,10,tmax
Crop,2273,0,0,daimiel,3,10,tmax
Dehesa,2601,0,0,daimiel,3,10,tmax
Grass,8172,0,0,daimiel,3,10,tmax
HaloVeg,2543,0,0,daimiel,3,10,tmax
HydroRipVeg,16350,0,0,daimiel,3,10,tmax
MedSclF,623,0,0,daimiel,3,10,tmax
Reforestation,25,0,0,daimiel,3,10,tmax
RipF,1501,0,0,daimiel,3,10,tmax
WaterSurf,8869,0,0,daimiel,3,10,tmax
ArtSurf,247,0,0,daimiel,3,11,tmax
Crop,2273,0,0,daimiel,3,11,tmax
Dehesa,2601,0,0,daimiel,3,11,tmax
Grass,8172,0,0,daimiel,3,11,tmax
HaloVeg,2543,0,0,daimiel,3,11,tmax
HydroRipVeg,16350,0,0,daimiel,3,11,tmax
MedSclF,623,0,0,daimiel,3,11,tmax
Reforestation,25,0,0,daimiel,3,11,tmax
RipF,1501,0,0,daimiel,3,11,tmax
WaterSurf,8869,0,0,daimiel,3,11,tmax
ArtSurf,247,0,0,daimiel,3,12,tmax
Crop,2273,0,0,daimiel,3,12,tmax
Dehesa,2601,0,0,daimiel,3,12,tmax
Grass,8172,0,0,daimiel,3,12,tmax
HaloVeg,2543,0,0,daimiel,3,12,tmax
HydroRipVeg,16350,0,0,daimiel,3,12,tmax
MedSclF,623,0,0,daimiel,3,12,tmax
Reforestation,25,0,0,daimiel,3,12,tmax
RipF,1501,0,0,daimiel,3,12,tmax
WaterSurf,8869,0,0,daimiel,3,12,tmax
ArtSurf,247,0,0,daimiel,6,1,tmax
Crop,2273,0,0,daimiel,6,1,tmax
Dehesa,2601,0,0,daimiel,6,1,tmax
Grass,8172,0,0,daimiel,6,1,tmax
HaloVeg,2543,0,0,daimiel,6,1,tmax
HydroRipVeg,16350,0,0,daimiel,6,1,tmax
MedSclF,623,0,0,daimiel,6,1,tmax
Reforestation,25,0,0,daimiel,6,1,tmax
RipF,1501,0,0,daimiel,6,1,tmax
WaterSurf,8869,0,0,daimiel,6,1,tmax
ArtSurf,247,0,0,daimiel,6,2,tmax
Crop,2273,0,0,daimiel,6,2,tmax
Dehesa,2601,0,0,daimiel,6,2,tmax
Grass,8172,0,0,daimiel,6,2,tmax
HaloVeg,2543,0,0,daimiel,6,2,tmax
HydroRipVeg,16350,0,0,daimiel,6,2,tmax
MedSclF,623,0,0,daimiel,6,2,tmax
Reforestation,25,0,0,daimiel,6,2,tmax
RipF,1501,0,0,daimiel,6,2,tmax
WaterSurf,8869,0,0,daimiel,6,2,tmax
ArtSurf,247,0,0,daimiel,6,3,tmax
Crop,2273,0,0,daimiel,6,3,tmax
Dehesa,2601,0,0,daimiel,6,3,tmax
Grass,8172,0,0,daimiel,6,3,tmax
HaloVeg,2543,0,0,daimiel,6,3,tmax
HydroRipVeg,16350,0,0,daimiel,6,3,tmax
MedSclF,623,0,0,daimiel,6,3,tmax
Reforestation,25,0,0,daimiel,6,3,tmax
RipF,1501,0,0,daimiel,6,3,tmax
WaterSurf,8869,0,0,daimiel,6,3,tmax
ArtSurf,247,0,0,daimiel,6,4,tmax
Crop,2273,0,0,daimiel,6,4,tmax
Dehesa,2601,0,0,daimiel,6,4,tmax
Grass,8172,0,0,daimiel,6,4,tmax
HaloVeg,2543,0,0,daimiel,6,4,tmax
HydroRipVeg,16350,0,0,daimiel,6,4,tmax
MedSclF,623,0,0,daimiel,6,4,tmax
Reforestation,25,0,0,daimiel,6,4,tmax
RipF,1501,0,0,daimiel,6,4,tmax
WaterSurf,8869,0,0,daimiel,6,4,tmax
ArtSurf,247,0,0,daimiel,6,5,tmax
Crop,2273,0,0,daimiel,6,5,tmax
Dehesa,2601,0,0,daimiel,6,5,tmax
Grass,8172,0,0,daimiel,6,5,tmax
HaloVeg,2543,0,0,daimiel,6,5,tmax
HydroRipVeg,16350,0,0,daimiel,6,5,tmax
MedSclF,623,0,0,daimiel,6,5,tmax
Reforestation,25,0,0,daimiel,6,5,tmax
RipF,1501,0,0,daimiel,6,5,tmax
WaterSurf,8869,0,0,daimiel,6,5,tmax
ArtSurf,247,10,4.05,daimiel,6,6,tmax
Crop,2273,68,2.99,daimiel,6,6,tmax
Dehesa,2601,169,6.5,daimiel,6,6,tmax
Grass,8172,561,6.86,daimiel,6,6,tmax
HaloVeg,2543,1022,40.19,daimiel,6,6,tmax
HydroRipVeg,16350,511,3.13,daimiel,6,6,tmax
MedSclF,623,420,67.42,daimiel,6,6,tmax
Reforestation,25,4,16,daimiel,6,6,tmax
RipF,1501,149,9.93,daimiel,6,6,tmax
WaterSurf,8869,19,0.21,daimiel,6,6,tmax
ArtSurf,247,6,2.43,daimiel,6,7,tmax
Crop,2273,76,3.34,daimiel,6,7,tmax
Dehesa,2601,105,4.04,daimiel,6,7,tmax
Grass,8172,821,10.05,daimiel,6,7,tmax
HaloVeg,2543,1277,50.22,daimiel,6,7,tmax
HydroRipVeg,16350,1456,8.91,daimiel,6,7,tmax
MedSclF,623,396,63.56,daimiel,6,7,tmax
Reforestation,25,4,16,daimiel,6,7,tmax
RipF,1501,275,18.32,daimiel,6,7,tmax
WaterSurf,8869,24,0.27,daimiel,6,7,tmax
ArtSurf,247,1,0.4,daimiel,6,8,tmax
Crop,2273,20,0.88,daimiel,6,8,tmax
Dehesa,2601,17,0.65,daimiel,6,8,tmax
Grass,8172,142,1.74,daimiel,6,8,tmax
HaloVeg,2543,556,21.86,daimiel,6,8,tmax
HydroRipVeg,16350,510,3.12,daimiel,6,8,tmax
MedSclF,623,47,7.54,daimiel,6,8,tmax
Reforestation,25,0,0,daimiel,6,8,tmax
RipF,1501,49,3.26,daimiel,6,8,tmax
WaterSurf,8869,13,0.15,daimiel,6,8,tmax
ArtSurf,247,0,0,daimiel,6,9,tmax
Crop,2273,0,0,daimiel,6,9,tmax
Dehesa,2601,0,0,daimiel,6,9,tmax
Grass,8172,0,0,daimiel,6,9,tmax
HaloVeg,2543,0,0,daimiel,6,9,tmax
HydroRipVeg,16350,0,0,daimiel,6,9,tmax
MedSclF,623,0,0,daimiel,6,9,tmax
Reforestation,25,0,0,daimiel,6,9,tmax
RipF,1501,0,0,daimiel,6,9,tmax
WaterSurf,8869,0,0,daimiel,6,9,tmax
ArtSurf,247,0,0,daimiel,6,10,tmax
Crop,2273,0,0,daimiel,6,10,tmax
Dehesa,2601,0,0,daimiel,6,10,tmax
Grass,8172,0,0,daimiel,6,10,tmax
HaloVeg,2543,0,0,daimiel,6,10,tmax
HydroRipVeg,16350,0,0,daimiel,6,10,tmax
MedSclF,623,0,0,daimiel,6,10,tmax
Reforestation,25,0,0,daimiel,6,10,tmax
RipF,1501,0,0,daimiel,6,10,tmax
WaterSurf,8869,0,0,daimiel,6,10,tmax
ArtSurf,247,0,0,daimiel,6,11,tmax
Crop,2273,0,0,daimiel,6,11,tmax
Dehesa,2601,0,0,daimiel,6,11,tmax
Grass,8172,0,0,daimiel,6,11,tmax
HaloVeg,2543,0,0,daimiel,6,11,tmax
HydroRipVeg,16350,0,0,daimiel,6,11,tmax
MedSclF,623,0,0,daimiel,6,11,tmax
Reforestation,25,0,0,daimiel,6,11,tmax
RipF,1501,0,0,daimiel,6,11,tmax
WaterSurf,8869,0,0,daimiel,6,11,tmax
ArtSurf,247,0,0,daimiel,6,12,tmax
Crop,2273,0,0,daimiel,6,12,tmax
Dehesa,2601,0,0,daimiel,6,12,tmax
Grass,8172,0,0,daimiel,6,12,tmax
HaloVeg,2543,0,0,daimiel,6,12,tmax
HydroRipVeg,16350,0,0,daimiel,6,12,tmax
MedSclF,623,0,0,daimiel,6,12,tmax
Reforestation,25,0,0,daimiel,6,12,tmax
RipF,1501,0,0,daimiel,6,12,tmax
WaterSurf,8869,0,0,daimiel,6,12,tmax
ArtSurf,247,0,0,daimiel,9,1,tmax
Crop,2273,0,0,daimiel,9,1,tmax
Dehesa,2601,0,0,daimiel,9,1,tmax
Grass,8172,0,0,daimiel,9,1,tmax
HaloVeg,2543,0,0,daimiel,9,1,tmax
HydroRipVeg,16350,0,0,daimiel,9,1,tmax
MedSclF,623,0,0,daimiel,9,1,tmax
Reforestation,25,0,0,daimiel,9,1,tmax
RipF,1501,0,0,daimiel,9,1,tmax
WaterSurf,8869,0,0,daimiel,9,1,tmax
ArtSurf,247,0,0,daimiel,9,2,tmax
Crop,2273,0,0,daimiel,9,2,tmax
Dehesa,2601,0,0,daimiel,9,2,tmax
Grass,8172,0,0,daimiel,9,2,tmax
HaloVeg,2543,0,0,daimiel,9,2,tmax
HydroRipVeg,16350,0,0,daimiel,9,2,tmax
MedSclF,623,0,0,daimiel,9,2,tmax
Reforestation,25,0,0,daimiel,9,2,tmax
RipF,1501,0,0,daimiel,9,2,tmax
WaterSurf,8869,0,0,daimiel,9,2,tmax
ArtSurf,247,0,0,daimiel,9,3,tmax
Crop,2273,0,0,daimiel,9,3,tmax
Dehesa,2601,0,0,daimiel,9,3,tmax
Grass,8172,0,0,daimiel,9,3,tmax
HaloVeg,2543,0,0,daimiel,9,3,tmax
HydroRipVeg,16350,0,0,daimiel,9,3,tmax
MedSclF,623,0,0,daimiel,9,3,tmax
Reforestation,25,0,0,daimiel,9,3,tmax
RipF,1501,0,0,daimiel,9,3,tmax
WaterSurf,8869,0,0,daimiel,9,3,tmax
ArtSurf,247,0,0,daimiel,9,4,tmax
Crop,2273,0,0,daimiel,9,4,tmax
Dehesa,2601,0,0,daimiel,9,4,tmax
Grass,8172,0,0,daimiel,9,4,tmax
HaloVeg,2543,0,0,daimiel,9,4,tmax
HydroRipVeg,16350,0,0,daimiel,9,4,tmax
MedSclF,623,0,0,daimiel,9,4,tmax
Reforestation,25,0,0,daimiel,9,4,tmax
RipF,1501,0,0,daimiel,9,4,tmax
WaterSurf,8869,0,0,daimiel,9,4,tmax
ArtSurf,247,0,0,daimiel,9,5,tmax
Crop,2273,0,0,daimiel,9,5,tmax
Dehesa,2601,0,0,daimiel,9,5,tmax
Grass,8172,0,0,daimiel,9,5,tmax
HaloVeg,2543,0,0,daimiel,9,5,tmax
HydroRipVeg,16350,0,0,daimiel,9,5,tmax
MedSclF,623,0,0,daimiel,9,5,tmax
Reforestation,25,0,0,daimiel,9,5,tmax
RipF,1501,0,0,daimiel,9,5,tmax
WaterSurf,8869,0,0,daimiel,9,5,tmax
ArtSurf,247,0,0,daimiel,9,6,tmax
Crop,2273,0,0,daimiel,9,6,tmax
Dehesa,2601,0,0,daimiel,9,6,tmax
Grass,8172,0,0,daimiel,9,6,tmax
HaloVeg,2543,0,0,daimiel,9,6,tmax
HydroRipVeg,16350,0,0,daimiel,9,6,tmax
MedSclF,623,0,0,daimiel,9,6,tmax
Reforestation,25,0,0,daimiel,9,6,tmax
RipF,1501,0,0,daimiel,9,6,tmax
WaterSurf,8869,0,0,daimiel,9,6,tmax
ArtSurf,247,1,0.4,daimiel,9,7,tmax
Crop,2273,4,0.18,daimiel,9,7,tmax
Dehesa,2601,2,0.08,daimiel,9,7,tmax
Grass,8172,15,0.18,daimiel,9,7,tmax
HaloVeg,2543,177,6.96,daimiel,9,7,tmax
HydroRipVeg,16350,121,0.74,daimiel,9,7,tmax
MedSclF,623,100,16.05,daimiel,9,7,tmax
Reforestation,25,0,0,daimiel,9,7,tmax
RipF,1501,28,1.87,daimiel,9,7,tmax
WaterSurf,8869,6,0.07,daimiel,9,7,tmax
ArtSurf,247,0,0,daimiel,9,8,tmax
Crop,2273,0,0,daimiel,9,8,tmax
Dehesa,2601,0,0,daimiel,9,8,tmax
Grass,8172,1,0.01,daimiel,9,8,tmax
HaloVeg,2543,0,0,daimiel,9,8,tmax
HydroRipVeg,16350,0,0,daimiel,9,8,tmax
MedSclF,623,0,0,daimiel,9,8,tmax
Reforestation,25,0,0,daimiel,9,8,tmax
RipF,1501,0,0,daimiel,9,8,tmax
WaterSurf,8869,0,0,daimiel,9,8,tmax
ArtSurf,247,0,0,daimiel,9,9,tmax
Crop,2273,0,0,daimiel,9,9,tmax
Dehesa,2601,0,0,daimiel,9,9,tmax
Grass,8172,0,0,daimiel,9,9,tmax
HaloVeg,2543,0,0,daimiel,9,9,tmax
HydroRipVeg,16350,0,0,daimiel,9,9,tmax
MedSclF,623,0,0,daimiel,9,9,tmax
Reforestation,25,0,0,daimiel,9,9,tmax
RipF,1501,0,0,daimiel,9,9,tmax
WaterSurf,8869,0,0,daimiel,9,9,tmax
ArtSurf,247,0,0,daimiel,9,10,tmax
Crop,2273,0,0,daimiel,9,10,tmax
Dehesa,2601,0,0,daimiel,9,10,tmax
Grass,8172,0,0,daimiel,9,10,tmax
HaloVeg,2543,0,0,daimiel,9,10,tmax
HydroRipVeg,16350,0,0,daimiel,9,10,tmax
MedSclF,623,0,0,daimiel,9,10,tmax
Reforestation,25,0,0,daimiel,9,10,tmax
RipF,1501,0,0,daimiel,9,10,tmax
WaterSurf,8869,0,0,daimiel,9,10,tmax
ArtSurf,247,0,0,daimiel,9,11,tmax
Crop,2273,0,0,daimiel,9,11,tmax
Dehesa,2601,0,0,daimiel,9,11,tmax
Grass,8172,0,0,daimiel,9,11,tmax
HaloVeg,2543,0,0,daimiel,9,11,tmax
HydroRipVeg,16350,0,0,daimiel,9,11,tmax
MedSclF,623,0,0,daimiel,9,11,tmax
Reforestation,25,0,0,daimiel,9,11,tmax
RipF,1501,0,0,daimiel,9,11,tmax
WaterSurf,8869,0,0,daimiel,9,11,tmax
ArtSurf,247,0,0,daimiel,9,12,tmax
Crop,2273,0,0,daimiel,9,12,tmax
Dehesa,2601,0,0,daimiel,9,12,tmax
Grass,8172,0,0,daimiel,9,12,tmax
HaloVeg,2543,0,0,daimiel,9,12,tmax
HydroRipVeg,16350,0,0,daimiel,9,12,tmax
MedSclF,623,0,0,daimiel,9,12,tmax
Reforestation,25,0,0,daimiel,9,12,tmax
RipF,1501,0,0,daimiel,9,12,tmax
WaterSurf,8869,0,0,daimiel,9,12,tmax
ArtSurf,247,0,0,daimiel,12,1,tmax
Crop,2273,0,0,daimiel,12,1,tmax
Dehesa,2601,0,0,daimiel,12,1,tmax
Grass,8172,0,0,daimiel,12,1,tmax
HaloVeg,2543,0,0,daimiel,12,1,tmax
HydroRipVeg,16350,0,0,daimiel,12,1,tmax
MedSclF,623,0,0,daimiel,12,1,tmax
Reforestation,25,0,0,daimiel,12,1,tmax
RipF,1501,0,0,daimiel,12,1,tmax
WaterSurf,8869,0,0,daimiel,12,1,tmax
ArtSurf,247,0,0,daimiel,12,2,tmax
Crop,2273,0,0,daimiel,12,2,tmax
Dehesa,2601,0,0,daimiel,12,2,tmax
Grass,8172,0,0,daimiel,12,2,tmax
HaloVeg,2543,0,0,daimiel,12,2,tmax
HydroRipVeg,16350,0,0,daimiel,12,2,tmax
MedSclF,623,0,0,daimiel,12,2,tmax
Reforestation,25,0,0,daimiel,12,2,tmax
RipF,1501,0,0,daimiel,12,2,tmax
WaterSurf,8869,0,0,daimiel,12,2,tmax
ArtSurf,247,0,0,daimiel,12,3,tmax
Crop,2273,0,0,daimiel,12,3,tmax
Dehesa,2601,0,0,daimiel,12,3,tmax
Grass,8172,0,0,daimiel,12,3,tmax
HaloVeg,2543,0,0,daimiel,12,3,tmax
HydroRipVeg,16350,0,0,daimiel,12,3,tmax
MedSclF,623,0,0,daimiel,12,3,tmax
Reforestation,25,0,0,daimiel,12,3,tmax
RipF,1501,0,0,daimiel,12,3,tmax
WaterSurf,8869,0,0,daimiel,12,3,tmax
ArtSurf,247,0,0,daimiel,12,4,tmax
Crop,2273,0,0,daimiel,12,4,tmax
Dehesa,2601,0,0,daimiel,12,4,tmax
Grass,8172,0,0,daimiel,12,4,tmax
HaloVeg,2543,0,0,daimiel,12,4,tmax
HydroRipVeg,16350,0,0,daimiel,12,4,tmax
MedSclF,623,0,0,daimiel,12,4,tmax
Reforestation,25,0,0,daimiel,12,4,tmax
RipF,1501,0,0,daimiel,12,4,tmax
WaterSurf,8869,0,0,daimiel,12,4,tmax
ArtSurf,247,0,0,daimiel,12,5,tmax
Crop,2273,0,0,daimiel,12,5,tmax
Dehesa,2601,0,0,daimiel,12,5,tmax
Grass,8172,0,0,daimiel,12,5,tmax
HaloVeg,2543,0,0,daimiel,12,5,tmax
HydroRipVeg,16350,0,0,daimiel,12,5,tmax
MedSclF,623,0,0,daimiel,12,5,tmax
Reforestation,25,0,0,daimiel,12,5,tmax
RipF,1501,0,0,daimiel,12,5,tmax
WaterSurf,8869,0,0,daimiel,12,5,tmax
ArtSurf,247,0,0,daimiel,12,6,tmax
Crop,2273,0,0,daimiel,12,6,tmax
Dehesa,2601,0,0,daimiel,12,6,tmax
Grass,8172,0,0,daimiel,12,6,tmax
HaloVeg,2543,0,0,daimiel,12,6,tmax
HydroRipVeg,16350,0,0,daimiel,12,6,tmax
MedSclF,623,0,0,daimiel,12,6,tmax
Reforestation,25,0,0,daimiel,12,6,tmax
RipF,1501,0,0,daimiel,12,6,tmax
WaterSurf,8869,0,0,daimiel,12,6,tmax
ArtSurf,247,0,0,daimiel,12,7,tmax
Crop,2273,0,0,daimiel,12,7,tmax
Dehesa,2601,0,0,daimiel,12,7,tmax
Grass,8172,0,0,daimiel,12,7,tmax
HaloVeg,2543,0,0,daimiel,12,7,tmax
HydroRipVeg,16350,0,0,daimiel,12,7,tmax
MedSclF,623,0,0,daimiel,12,7,tmax
Reforestation,25,0,0,daimiel,12,7,tmax
RipF,1501,0,0,daimiel,12,7,tmax
WaterSurf,8869,0,0,daimiel,12,7,tmax
ArtSurf,247,0,0,daimiel,12,8,tmax
Crop,2273,5,0.22,daimiel,12,8,tmax
Dehesa,2601,0,0,daimiel,12,8,tmax
Grass,8172,0,0,daimiel,12,8,tmax
HaloVeg,2543,0,0,daimiel,12,8,tmax
HydroRipVeg,16350,0,0,daimiel,12,8,tmax
MedSclF,623,0,0,daimiel,12,8,tmax
Reforestation,25,0,0,daimiel,12,8,tmax
RipF,1501,0,0,daimiel,12,8,tmax
WaterSurf,8869,0,0,daimiel,12,8,tmax
ArtSurf,247,0,0,daimiel,12,9,tmax
Crop,2273,0,0,daimiel,12,9,tmax
Dehesa,2601,0,0,daimiel,12,9,tmax
Grass,8172,0,0,daimiel,12,9,tmax
HaloVeg,2543,0,0,daimiel,12,9,tmax
HydroRipVeg,16350,0,0,daimiel,12,9,tmax
MedSclF,623,0,0,daimiel,12,9,tmax
Reforestation,25,0,0,daimiel,12,9,tmax
RipF,1501,0,0,daimiel,12,9,tmax
WaterSurf,8869,0,0,daimiel,12,9,tmax
ArtSurf,247,0,0,daimiel,12,10,tmax
Crop,2273,0,0,daimiel,12,10,tmax
Dehesa,2601,0,0,daimiel,12,10,tmax
Grass,8172,0,0,daimiel,12,10,tmax
HaloVeg,2543,0,0,daimiel,12,10,tmax
HydroRipVeg,16350,0,0,daimiel,12,10,tmax
MedSclF,623,0,0,daimiel,12,10,tmax
Reforestation,25,0,0,daimiel,12,10,tmax
RipF,1501,0,0,daimiel,12,10,tmax
WaterSurf,8869,0,0,daimiel,12,10,tmax
ArtSurf,247,0,0,daimiel,12,11,tmax
Crop,2273,0,0,daimiel,12,11,tmax
Dehesa,2601,0,0,daimiel,12,11,tmax
Grass,8172,0,0,daimiel,12,11,tmax
HaloVeg,2543,0,0,daimiel,12,11,tmax
HydroRipVeg,16350,0,0,daimiel,12,11,tmax
MedSclF,623,0,0,daimiel,12,11,tmax
Reforestation,25,0,0,daimiel,12,11,tmax
RipF,1501,0,0,daimiel,12,11,tmax
WaterSurf,8869,0,0,daimiel,12,11,tmax
ArtSurf,247,0,0,daimiel,12,12,tmax
Crop,2273,0,0,daimiel,12,12,tmax
Dehesa,2601,0,0,daimiel,12,12,tmax
Grass,8172,0,0,daimiel,12,12,tmax
HaloVeg,2543,0,0,daimiel,12,12,tmax
HydroRipVeg,16350,0,0,daimiel,12,12,tmax
MedSclF,623,0,0,daimiel,12,12,tmax
Reforestation,25,0,0,daimiel,12,12,tmax
RipF,1501,0,0,daimiel,12,12,tmax
WaterSurf,8869,0,0,daimiel,12,12,tmax
ArtSurf,12613,0,0,donana,1,1,tmax
BareArea,6426,0,0,donana,1,1,tmax
DuneSand,52133,0,0,donana,1,1,tmax
Grass,23898,0,0,donana,1,1,tmax
HydroRipVeg,39646,0,0,donana,1,1,tmax
MedConF,76259,0,0,donana,1,1,tmax
MedSclF,6483,0,0,donana,1,1,tmax
MedScrub,129201,0,0,donana,1,1,tmax
Reforestation,2747,0,0,donana,1,1,tmax
RipF,418,0,0,donana,1,1,tmax
SaltMar,344960,0,0,donana,1,1,tmax
Shrub,6017,0,0,donana,1,1,tmax
WaterSurf,41748,0,0,donana,1,1,tmax
ArtSurf,12613,0,0,donana,1,2,tmax
BareArea,6426,0,0,donana,1,2,tmax
DuneSand,52133,0,0,donana,1,2,tmax
Grass,23898,0,0,donana,1,2,tmax
HydroRipVeg,39646,0,0,donana,1,2,tmax
MedConF,76259,0,0,donana,1,2,tmax
MedSclF,6483,0,0,donana,1,2,tmax
MedScrub,129201,0,0,donana,1,2,tmax
Reforestation,2747,0,0,donana,1,2,tmax
RipF,418,0,0,donana,1,2,tmax
SaltMar,344960,0,0,donana,1,2,tmax
Shrub,6017,0,0,donana,1,2,tmax
WaterSurf,41748,0,0,donana,1,2,tmax
ArtSurf,12613,0,0,donana,1,3,tmax
BareArea,6426,0,0,donana,1,3,tmax
DuneSand,52133,0,0,donana,1,3,tmax
Grass,23898,0,0,donana,1,3,tmax
HydroRipVeg,39646,0,0,donana,1,3,tmax
MedConF,76259,0,0,donana,1,3,tmax
MedSclF,6483,0,0,donana,1,3,tmax
MedScrub,129201,0,0,donana,1,3,tmax
Reforestation,2747,0,0,donana,1,3,tmax
RipF,418,0,0,donana,1,3,tmax
SaltMar,344960,0,0,donana,1,3,tmax
Shrub,6017,0,0,donana,1,3,tmax
WaterSurf,41748,0,0,donana,1,3,tmax
ArtSurf,12613,0,0,donana,1,4,tmax
BareArea,6426,0,0,donana,1,4,tmax
DuneSand,52133,0,0,donana,1,4,tmax
Grass,23898,0,0,donana,1,4,tmax
HydroRipVeg,39646,0,0,donana,1,4,tmax
MedConF,76259,0,0,donana,1,4,tmax
MedSclF,6483,0,0,donana,1,4,tmax
MedScrub,129201,0,0,donana,1,4,tmax
Reforestation,2747,0,0,donana,1,4,tmax
RipF,418,0,0,donana,1,4,tmax
SaltMar,344960,0,0,donana,1,4,tmax
Shrub,6017,0,0,donana,1,4,tmax
WaterSurf,41748,0,0,donana,1,4,tmax
ArtSurf,12613,0,0,donana,1,5,tmax
BareArea,6426,0,0,donana,1,5,tmax
DuneSand,52133,0,0,donana,1,5,tmax
Grass,23898,0,0,donana,1,5,tmax
HydroRipVeg,39646,0,0,donana,1,5,tmax
MedConF,76259,0,0,donana,1,5,tmax
MedSclF,6483,0,0,donana,1,5,tmax
MedScrub,129201,0,0,donana,1,5,tmax
Reforestation,2747,0,0,donana,1,5,tmax
RipF,418,0,0,donana,1,5,tmax
SaltMar,344960,0,0,donana,1,5,tmax
Shrub,6017,0,0,donana,1,5,tmax
WaterSurf,41748,0,0,donana,1,5,tmax
ArtSurf,12613,0,0,donana,1,6,tmax
BareArea,6426,0,0,donana,1,6,tmax
DuneSand,52133,0,0,donana,1,6,tmax
Grass,23898,0,0,donana,1,6,tmax
HydroRipVeg,39646,0,0,donana,1,6,tmax
MedConF,76259,0,0,donana,1,6,tmax
MedSclF,6483,0,0,donana,1,6,tmax
MedScrub,129201,0,0,donana,1,6,tmax
Reforestation,2747,0,0,donana,1,6,tmax
RipF,418,0,0,donana,1,6,tmax
SaltMar,344960,0,0,donana,1,6,tmax
Shrub,6017,0,0,donana,1,6,tmax
WaterSurf,41748,0,0,donana,1,6,tmax
ArtSurf,12613,0,0,donana,1,7,tmax
BareArea,6426,0,0,donana,1,7,tmax
DuneSand,52133,0,0,donana,1,7,tmax
Grass,23898,0,0,donana,1,7,tmax
HydroRipVeg,39646,0,0,donana,1,7,tmax
MedConF,76259,0,0,donana,1,7,tmax
MedSclF,6483,0,0,donana,1,7,tmax
MedScrub,129201,0,0,donana,1,7,tmax
Reforestation,2747,0,0,donana,1,7,tmax
RipF,418,0,0,donana,1,7,tmax
SaltMar,344960,0,0,donana,1,7,tmax
Shrub,6017,0,0,donana,1,7,tmax
WaterSurf,41748,0,0,donana,1,7,tmax
ArtSurf,12613,0,0,donana,1,8,tmax
BareArea,6426,0,0,donana,1,8,tmax
DuneSand,52133,0,0,donana,1,8,tmax
Grass,23898,0,0,donana,1,8,tmax
HydroRipVeg,39646,0,0,donana,1,8,tmax
MedConF,76259,0,0,donana,1,8,tmax
MedSclF,6483,0,0,donana,1,8,tmax
MedScrub,129201,0,0,donana,1,8,tmax
Reforestation,2747,0,0,donana,1,8,tmax
RipF,418,0,0,donana,1,8,tmax
SaltMar,344960,0,0,donana,1,8,tmax
Shrub,6017,0,0,donana,1,8,tmax
WaterSurf,41748,0,0,donana,1,8,tmax
ArtSurf,12613,10,0.08,donana,1,9,tmax
BareArea,6426,34,0.53,donana,1,9,tmax
DuneSand,52133,105,0.2,donana,1,9,tmax
Grass,23898,19,0.08,donana,1,9,tmax
HydroRipVeg,39646,0,0,donana,1,9,tmax
MedConF,76259,77,0.1,donana,1,9,tmax
MedSclF,6483,1,0.02,donana,1,9,tmax
MedScrub,129201,39,0.03,donana,1,9,tmax
Reforestation,2747,2,0.07,donana,1,9,tmax
RipF,418,0,0,donana,1,9,tmax
SaltMar,344960,101,0.03,donana,1,9,tmax
Shrub,6017,0,0,donana,1,9,tmax
WaterSurf,41748,61,0.15,donana,1,9,tmax
ArtSurf,12613,0,0,donana,1,10,tmax
BareArea,6426,0,0,donana,1,10,tmax
DuneSand,52133,0,0,donana,1,10,tmax
Grass,23898,0,0,donana,1,10,tmax
HydroRipVeg,39646,0,0,donana,1,10,tmax
MedConF,76259,0,0,donana,1,10,tmax
MedSclF,6483,0,0,donana,1,10,tmax
MedScrub,129201,0,0,donana,1,10,tmax
Reforestation,2747,0,0,donana,1,10,tmax
RipF,418,0,0,donana,1,10,tmax
SaltMar,344960,0,0,donana,1,10,tmax
Shrub,6017,0,0,donana,1,10,tmax
WaterSurf,41748,0,0,donana,1,10,tmax
ArtSurf,12613,0,0,donana,1,11,tmax
BareArea,6426,0,0,donana,1,11,tmax
DuneSand,52133,0,0,donana,1,11,tmax
Grass,23898,0,0,donana,1,11,tmax
HydroRipVeg,39646,0,0,donana,1,11,tmax
MedConF,76259,0,0,donana,1,11,tmax
MedSclF,6483,0,0,donana,1,11,tmax
MedScrub,129201,0,0,donana,1,11,tmax
Reforestation,2747,0,0,donana,1,11,tmax
RipF,418,0,0,donana,1,11,tmax
SaltMar,344960,0,0,donana,1,11,tmax
Shrub,6017,0,0,donana,1,11,tmax
WaterSurf,41748,0,0,donana,1,11,tmax
ArtSurf,12613,0,0,donana,1,12,tmax
BareArea,6426,0,0,donana,1,12,tmax
DuneSand,52133,0,0,donana,1,12,tmax
Grass,23898,0,0,donana,1,12,tmax
HydroRipVeg,39646,0,0,donana,1,12,tmax
MedConF,76259,0,0,donana,1,12,tmax
MedSclF,6483,0,0,donana,1,12,tmax
MedScrub,129201,0,0,donana,1,12,tmax
Reforestation,2747,0,0,donana,1,12,tmax
RipF,418,0,0,donana,1,12,tmax
SaltMar,344960,0,0,donana,1,12,tmax
Shrub,6017,0,0,donana,1,12,tmax
WaterSurf,41748,0,0,donana,1,12,tmax
ArtSurf,12613,0,0,donana,3,1,tmax
BareArea,6426,0,0,donana,3,1,tmax
DuneSand,52133,0,0,donana,3,1,tmax
Grass,23898,0,0,donana,3,1,tmax
HydroRipVeg,39646,0,0,donana,3,1,tmax
MedConF,76259,0,0,donana,3,1,tmax
MedSclF,6483,0,0,donana,3,1,tmax
MedScrub,129201,0,0,donana,3,1,tmax
Reforestation,2747,0,0,donana,3,1,tmax
RipF,418,0,0,donana,3,1,tmax
SaltMar,344960,0,0,donana,3,1,tmax
Shrub,6017,0,0,donana,3,1,tmax
WaterSurf,41748,0,0,donana,3,1,tmax
ArtSurf,12613,0,0,donana,3,2,tmax
BareArea,6426,0,0,donana,3,2,tmax
DuneSand,52133,0,0,donana,3,2,tmax
Grass,23898,0,0,donana,3,2,tmax
HydroRipVeg,39646,0,0,donana,3,2,tmax
MedConF,76259,0,0,donana,3,2,tmax
MedSclF,6483,0,0,donana,3,2,tmax
MedScrub,129201,0,0,donana,3,2,tmax
Reforestation,2747,0,0,donana,3,2,tmax
RipF,418,0,0,donana,3,2,tmax
SaltMar,344960,0,0,donana,3,2,tmax
Shrub,6017,0,0,donana,3,2,tmax
WaterSurf,41748,0,0,donana,3,2,tmax
ArtSurf,12613,0,0,donana,3,3,tmax
BareArea,6426,0,0,donana,3,3,tmax
DuneSand,52133,0,0,donana,3,3,tmax
Grass,23898,0,0,donana,3,3,tmax
HydroRipVeg,39646,0,0,donana,3,3,tmax
MedConF,76259,0,0,donana,3,3,tmax
MedSclF,6483,0,0,donana,3,3,tmax
MedScrub,129201,0,0,donana,3,3,tmax
Reforestation,2747,0,0,donana,3,3,tmax
RipF,418,0,0,donana,3,3,tmax
SaltMar,344960,0,0,donana,3,3,tmax
Shrub,6017,0,0,donana,3,3,tmax
WaterSurf,41748,0,0,donana,3,3,tmax
ArtSurf,12613,0,0,donana,3,4,tmax
BareArea,6426,0,0,donana,3,4,tmax
DuneSand,52133,0,0,donana,3,4,tmax
Grass,23898,0,0,donana,3,4,tmax
HydroRipVeg,39646,0,0,donana,3,4,tmax
MedConF,76259,0,0,donana,3,4,tmax
MedSclF,6483,0,0,donana,3,4,tmax
MedScrub,129201,0,0,donana,3,4,tmax
Reforestation,2747,0,0,donana,3,4,tmax
RipF,418,0,0,donana,3,4,tmax
SaltMar,344960,0,0,donana,3,4,tmax
Shrub,6017,0,0,donana,3,4,tmax
WaterSurf,41748,0,0,donana,3,4,tmax
ArtSurf,12613,0,0,donana,3,5,tmax
BareArea,6426,0,0,donana,3,5,tmax
DuneSand,52133,0,0,donana,3,5,tmax
Grass,23898,0,0,donana,3,5,tmax
HydroRipVeg,39646,0,0,donana,3,5,tmax
MedConF,76259,0,0,donana,3,5,tmax
MedSclF,6483,0,0,donana,3,5,tmax
MedScrub,129201,0,0,donana,3,5,tmax
Reforestation,2747,0,0,donana,3,5,tmax
RipF,418,0,0,donana,3,5,tmax
SaltMar,344960,0,0,donana,3,5,tmax
Shrub,6017,0,0,donana,3,5,tmax
WaterSurf,41748,0,0,donana,3,5,tmax
ArtSurf,12613,0,0,donana,3,6,tmax
BareArea,6426,0,0,donana,3,6,tmax
DuneSand,52133,0,0,donana,3,6,tmax
Grass,23898,0,0,donana,3,6,tmax
HydroRipVeg,39646,0,0,donana,3,6,tmax
MedConF,76259,0,0,donana,3,6,tmax
MedSclF,6483,0,0,donana,3,6,tmax
MedScrub,129201,0,0,donana,3,6,tmax
Reforestation,2747,0,0,donana,3,6,tmax
RipF,418,0,0,donana,3,6,tmax
SaltMar,344960,0,0,donana,3,6,tmax
Shrub,6017,0,0,donana,3,6,tmax
WaterSurf,41748,0,0,donana,3,6,tmax
ArtSurf,12613,0,0,donana,3,7,tmax
BareArea,6426,0,0,donana,3,7,tmax
DuneSand,52133,0,0,donana,3,7,tmax
Grass,23898,0,0,donana,3,7,tmax
HydroRipVeg,39646,0,0,donana,3,7,tmax
MedConF,76259,0,0,donana,3,7,tmax
MedSclF,6483,0,0,donana,3,7,tmax
MedScrub,129201,0,0,donana,3,7,tmax
Reforestation,2747,0,0,donana,3,7,tmax
RipF,418,0,0,donana,3,7,tmax
SaltMar,344960,0,0,donana,3,7,tmax
Shrub,6017,0,0,donana,3,7,tmax
WaterSurf,41748,0,0,donana,3,7,tmax
ArtSurf,12613,0,0,donana,3,8,tmax
BareArea,6426,0,0,donana,3,8,tmax
DuneSand,52133,0,0,donana,3,8,tmax
Grass,23898,0,0,donana,3,8,tmax
HydroRipVeg,39646,0,0,donana,3,8,tmax
MedConF,76259,0,0,donana,3,8,tmax
MedSclF,6483,0,0,donana,3,8,tmax
MedScrub,129201,0,0,donana,3,8,tmax
Reforestation,2747,0,0,donana,3,8,tmax
RipF,418,0,0,donana,3,8,tmax
SaltMar,344960,0,0,donana,3,8,tmax
Shrub,6017,0,0,donana,3,8,tmax
WaterSurf,41748,0,0,donana,3,8,tmax
ArtSurf,12613,26,0.21,donana,3,9,tmax
BareArea,6426,0,0,donana,3,9,tmax
DuneSand,52133,5,0.01,donana,3,9,tmax
Grass,23898,45,0.19,donana,3,9,tmax
HydroRipVeg,39646,85,0.21,donana,3,9,tmax
MedConF,76259,639,0.84,donana,3,9,tmax
MedSclF,6483,7,0.11,donana,3,9,tmax
MedScrub,129201,436,0.34,donana,3,9,tmax
Reforestation,2747,3,0.11,donana,3,9,tmax
RipF,418,0,0,donana,3,9,tmax
SaltMar,344960,505,0.15,donana,3,9,tmax
Shrub,6017,10,0.17,donana,3,9,tmax
WaterSurf,41748,29,0.07,donana,3,9,tmax
ArtSurf,12613,0,0,donana,3,10,tmax
BareArea,6426,0,0,donana,3,10,tmax
DuneSand,52133,0,0,donana,3,10,tmax
Grass,23898,6,0.03,donana,3,10,tmax
HydroRipVeg,39646,0,0,donana,3,10,tmax
MedConF,76259,4,0.01,donana,3,10,tmax
MedSclF,6483,0,0,donana,3,10,tmax
MedScrub,129201,10,0.01,donana,3,10,tmax
Reforestation,2747,0,0,donana,3,10,tmax
RipF,418,0,0,donana,3,10,tmax
SaltMar,344960,1,0,donana,3,10,tmax
Shrub,6017,0,0,donana,3,10,tmax
WaterSurf,41748,0,0,donana,3,10,tmax
ArtSurf,12613,0,0,donana,3,11,tmax
BareArea,6426,0,0,donana,3,11,tmax
DuneSand,52133,0,0,donana,3,11,tmax
Grass,23898,0,0,donana,3,11,tmax
HydroRipVeg,39646,0,0,donana,3,11,tmax
MedConF,76259,0,0,donana,3,11,tmax
MedSclF,6483,0,0,donana,3,11,tmax
MedScrub,129201,0,0,donana,3,11,tmax
Reforestation,2747,0,0,donana,3,11,tmax
RipF,418,0,0,donana,3,11,tmax
SaltMar,344960,0,0,donana,3,11,tmax
Shrub,6017,0,0,donana,3,11,tmax
WaterSurf,41748,0,0,donana,3,11,tmax
ArtSurf,12613,0,0,donana,3,12,tmax
BareArea,6426,0,0,donana,3,12,tmax
DuneSand,52133,0,0,donana,3,12,tmax
Grass,23898,0,0,donana,3,12,tmax
HydroRipVeg,39646,0,0,donana,3,12,tmax
MedConF,76259,0,0,donana,3,12,tmax
MedSclF,6483,0,0,donana,3,12,tmax
MedScrub,129201,0,0,donana,3,12,tmax
Reforestation,2747,0,0,donana,3,12,tmax
RipF,418,0,0,donana,3,12,tmax
SaltMar,344960,0,0,donana,3,12,tmax
Shrub,6017,0,0,donana,3,12,tmax
WaterSurf,41748,0,0,donana,3,12,tmax
ArtSurf,12613,0,0,donana,6,1,tmax
BareArea,6426,0,0,donana,6,1,tmax
DuneSand,52133,0,0,donana,6,1,tmax
Grass,23898,0,0,donana,6,1,tmax
HydroRipVeg,39646,0,0,donana,6,1,tmax
MedConF,76259,0,0,donana,6,1,tmax
MedSclF,6483,0,0,donana,6,1,tmax
MedScrub,129201,0,0,donana,6,1,tmax
Reforestation,2747,0,0,donana,6,1,tmax
RipF,418,0,0,donana,6,1,tmax
SaltMar,344960,0,0,donana,6,1,tmax
Shrub,6017,0,0,donana,6,1,tmax
WaterSurf,41748,0,0,donana,6,1,tmax
ArtSurf,12613,0,0,donana,6,2,tmax
BareArea,6426,0,0,donana,6,2,tmax
DuneSand,52133,0,0,donana,6,2,tmax
Grass,23898,0,0,donana,6,2,tmax
HydroRipVeg,39646,0,0,donana,6,2,tmax
MedConF,76259,0,0,donana,6,2,tmax
MedSclF,6483,0,0,donana,6,2,tmax
MedScrub,129201,0,0,donana,6,2,tmax
Reforestation,2747,0,0,donana,6,2,tmax
RipF,418,0,0,donana,6,2,tmax
SaltMar,344960,0,0,donana,6,2,tmax
Shrub,6017,0,0,donana,6,2,tmax
WaterSurf,41748,0,0,donana,6,2,tmax
ArtSurf,12613,0,0,donana,6,3,tmax
BareArea,6426,0,0,donana,6,3,tmax
DuneSand,52133,0,0,donana,6,3,tmax
Grass,23898,0,0,donana,6,3,tmax
HydroRipVeg,39646,0,0,donana,6,3,tmax
MedConF,76259,0,0,donana,6,3,tmax
MedSclF,6483,0,0,donana,6,3,tmax
MedScrub,129201,0,0,donana,6,3,tmax
Reforestation,2747,0,0,donana,6,3,tmax
RipF,418,0,0,donana,6,3,tmax
SaltMar,344960,0,0,donana,6,3,tmax
Shrub,6017,0,0,donana,6,3,tmax
WaterSurf,41748,0,0,donana,6,3,tmax
ArtSurf,12613,3299,26.16,donana,6,4,tmax
BareArea,6426,360,5.6,donana,6,4,tmax
DuneSand,52133,1288,2.47,donana,6,4,tmax
Grass,23898,14791,61.89,donana,6,4,tmax
HydroRipVeg,39646,6037,15.23,donana,6,4,tmax
MedConF,76259,18370,24.09,donana,6,4,tmax
MedSclF,6483,2823,43.54,donana,6,4,tmax
MedScrub,129201,19963,15.45,donana,6,4,tmax
Reforestation,2747,571,20.79,donana,6,4,tmax
RipF,418,215,51.44,donana,6,4,tmax
SaltMar,344960,66975,19.42,donana,6,4,tmax
Shrub,6017,2240,37.23,donana,6,4,tmax
WaterSurf,41748,158,0.38,donana,6,4,tmax
ArtSurf,12613,0,0,donana,6,5,tmax
BareArea,6426,0,0,donana,6,5,tmax
DuneSand,52133,0,0,donana,6,5,tmax
Grass,23898,0,0,donana,6,5,tmax
HydroRipVeg,39646,0,0,donana,6,5,tmax
MedConF,76259,0,0,donana,6,5,tmax
MedSclF,6483,0,0,donana,6,5,tmax
MedScrub,129201,0,0,donana,6,5,tmax
Reforestation,2747,0,0,donana,6,5,tmax
RipF,418,0,0,donana,6,5,tmax
SaltMar,344960,0,0,donana,6,5,tmax
Shrub,6017,0,0,donana,6,5,tmax
WaterSurf,41748,0,0,donana,6,5,tmax
ArtSurf,12613,0,0,donana,6,6,tmax
BareArea,6426,0,0,donana,6,6,tmax
DuneSand,52133,0,0,donana,6,6,tmax
Grass,23898,0,0,donana,6,6,tmax
HydroRipVeg,39646,0,0,donana,6,6,tmax
MedConF,76259,0,0,donana,6,6,tmax
MedSclF,6483,0,0,donana,6,6,tmax
MedScrub,129201,0,0,donana,6,6,tmax
Reforestation,2747,0,0,donana,6,6,tmax
RipF,418,0,0,donana,6,6,tmax
SaltMar,344960,0,0,donana,6,6,tmax
Shrub,6017,0,0,donana,6,6,tmax
WaterSurf,41748,0,0,donana,6,6,tmax
ArtSurf,12613,0,0,donana,6,7,tmax
BareArea,6426,0,0,donana,6,7,tmax
DuneSand,52133,0,0,donana,6,7,tmax
Grass,23898,0,0,donana,6,7,tmax
HydroRipVeg,39646,0,0,donana,6,7,tmax
MedConF,76259,0,0,donana,6,7,tmax
MedSclF,6483,0,0,donana,6,7,tmax
MedScrub,129201,0,0,donana,6,7,tmax
Reforestation,2747,0,0,donana,6,7,tmax
RipF,418,0,0,donana,6,7,tmax
SaltMar,344960,0,0,donana,6,7,tmax
Shrub,6017,0,0,donana,6,7,tmax
WaterSurf,41748,0,0,donana,6,7,tmax
ArtSurf,12613,0,0,donana,6,8,tmax
BareArea,6426,0,0,donana,6,8,tmax
DuneSand,52133,0,0,donana,6,8,tmax
Grass,23898,0,0,donana,6,8,tmax
HydroRipVeg,39646,0,0,donana,6,8,tmax
MedConF,76259,0,0,donana,6,8,tmax
MedSclF,6483,0,0,donana,6,8,tmax
MedScrub,129201,0,0,donana,6,8,tmax
Reforestation,2747,0,0,donana,6,8,tmax
RipF,418,0,0,donana,6,8,tmax
SaltMar,344960,0,0,donana,6,8,tmax
Shrub,6017,0,0,donana,6,8,tmax
WaterSurf,41748,0,0,donana,6,8,tmax
ArtSurf,12613,0,0,donana,6,9,tmax
BareArea,6426,0,0,donana,6,9,tmax
DuneSand,52133,0,0,donana,6,9,tmax
Grass,23898,0,0,donana,6,9,tmax
HydroRipVeg,39646,0,0,donana,6,9,tmax
MedConF,76259,0,0,donana,6,9,tmax
MedSclF,6483,0,0,donana,6,9,tmax
MedScrub,129201,0,0,donana,6,9,tmax
Reforestation,2747,0,0,donana,6,9,tmax
RipF,418,0,0,donana,6,9,tmax
SaltMar,344960,0,0,donana,6,9,tmax
Shrub,6017,0,0,donana,6,9,tmax
WaterSurf,41748,0,0,donana,6,9,tmax
ArtSurf,12613,0,0,donana,6,10,tmax
BareArea,6426,0,0,donana,6,10,tmax
DuneSand,52133,0,0,donana,6,10,tmax
Grass,23898,0,0,donana,6,10,tmax
HydroRipVeg,39646,0,0,donana,6,10,tmax
MedConF,76259,0,0,donana,6,10,tmax
MedSclF,6483,0,0,donana,6,10,tmax
MedScrub,129201,0,0,donana,6,10,tmax
Reforestation,2747,0,0,donana,6,10,tmax
RipF,418,0,0,donana,6,10,tmax
SaltMar,344960,0,0,donana,6,10,tmax
Shrub,6017,0,0,donana,6,10,tmax
WaterSurf,41748,0,0,donana,6,10,tmax
ArtSurf,12613,0,0,donana,6,11,tmax
BareArea,6426,0,0,donana,6,11,tmax
DuneSand,52133,0,0,donana,6,11,tmax
Grass,23898,0,0,donana,6,11,tmax
HydroRipVeg,39646,0,0,donana,6,11,tmax
MedConF,76259,0,0,donana,6,11,tmax
MedSclF,6483,0,0,donana,6,11,tmax
MedScrub,129201,0,0,donana,6,11,tmax
Reforestation,2747,0,0,donana,6,11,tmax
RipF,418,0,0,donana,6,11,tmax
SaltMar,344960,0,0,donana,6,11,tmax
Shrub,6017,0,0,donana,6,11,tmax
WaterSurf,41748,0,0,donana,6,11,tmax
ArtSurf,12613,0,0,donana,6,12,tmax
BareArea,6426,0,0,donana,6,12,tmax
DuneSand,52133,0,0,donana,6,12,tmax
Grass,23898,0,0,donana,6,12,tmax
HydroRipVeg,39646,0,0,donana,6,12,tmax
MedConF,76259,0,0,donana,6,12,tmax
MedSclF,6483,0,0,donana,6,12,tmax
MedScrub,129201,0,0,donana,6,12,tmax
Reforestation,2747,0,0,donana,6,12,tmax
RipF,418,0,0,donana,6,12,tmax
SaltMar,344960,0,0,donana,6,12,tmax
Shrub,6017,0,0,donana,6,12,tmax
WaterSurf,41748,0,0,donana,6,12,tmax
ArtSurf,12613,0,0,donana,9,1,tmax
BareArea,6426,0,0,donana,9,1,tmax
DuneSand,52133,0,0,donana,9,1,tmax
Grass,23898,0,0,donana,9,1,tmax
HydroRipVeg,39646,0,0,donana,9,1,tmax
MedConF,76259,0,0,donana,9,1,tmax
MedSclF,6483,0,0,donana,9,1,tmax
MedScrub,129201,0,0,donana,9,1,tmax
Reforestation,2747,0,0,donana,9,1,tmax
RipF,418,0,0,donana,9,1,tmax
SaltMar,344960,0,0,donana,9,1,tmax
Shrub,6017,0,0,donana,9,1,tmax
WaterSurf,41748,0,0,donana,9,1,tmax
ArtSurf,12613,0,0,donana,9,2,tmax
BareArea,6426,0,0,donana,9,2,tmax
DuneSand,52133,0,0,donana,9,2,tmax
Grass,23898,0,0,donana,9,2,tmax
HydroRipVeg,39646,0,0,donana,9,2,tmax
MedConF,76259,0,0,donana,9,2,tmax
MedSclF,6483,0,0,donana,9,2,tmax
MedScrub,129201,0,0,donana,9,2,tmax
Reforestation,2747,0,0,donana,9,2,tmax
RipF,418,0,0,donana,9,2,tmax
SaltMar,344960,0,0,donana,9,2,tmax
Shrub,6017,0,0,donana,9,2,tmax
WaterSurf,41748,0,0,donana,9,2,tmax
ArtSurf,12613,0,0,donana,9,3,tmax
BareArea,6426,0,0,donana,9,3,tmax
DuneSand,52133,0,0,donana,9,3,tmax
Grass,23898,0,0,donana,9,3,tmax
HydroRipVeg,39646,0,0,donana,9,3,tmax
MedConF,76259,0,0,donana,9,3,tmax
MedSclF,6483,0,0,donana,9,3,tmax
MedScrub,129201,0,0,donana,9,3,tmax
Reforestation,2747,0,0,donana,9,3,tmax
RipF,418,0,0,donana,9,3,tmax
SaltMar,344960,0,0,donana,9,3,tmax
Shrub,6017,0,0,donana,9,3,tmax
WaterSurf,41748,0,0,donana,9,3,tmax
ArtSurf,12613,278,2.2,donana,9,4,tmax
BareArea,6426,17,0.26,donana,9,4,tmax
DuneSand,52133,523,1,donana,9,4,tmax
Grass,23898,1497,6.26,donana,9,4,tmax
HydroRipVeg,39646,449,1.13,donana,9,4,tmax
MedConF,76259,1982,2.6,donana,9,4,tmax
MedSclF,6483,360,5.55,donana,9,4,tmax
MedScrub,129201,5038,3.9,donana,9,4,tmax
Reforestation,2747,98,3.57,donana,9,4,tmax
RipF,418,29,6.94,donana,9,4,tmax
SaltMar,344960,2273,0.66,donana,9,4,tmax
Shrub,6017,335,5.57,donana,9,4,tmax
WaterSurf,41748,9,0.02,donana,9,4,tmax
ArtSurf,12613,0,0,donana,9,5,tmax
BareArea,6426,0,0,donana,9,5,tmax
DuneSand,52133,0,0,donana,9,5,tmax
Grass,23898,0,0,donana,9,5,tmax
HydroRipVeg,39646,0,0,donana,9,5,tmax
MedConF,76259,0,0,donana,9,5,tmax
MedSclF,6483,0,0,donana,9,5,tmax
MedScrub,129201,1,0,donana,9,5,tmax
Reforestation,2747,0,0,donana,9,5,tmax
RipF,418,0,0,donana,9,5,tmax
SaltMar,344960,0,0,donana,9,5,tmax
Shrub,6017,0,0,donana,9,5,tmax
WaterSurf,41748,0,0,donana,9,5,tmax
ArtSurf,12613,0,0,donana,9,6,tmax
BareArea,6426,0,0,donana,9,6,tmax
DuneSand,52133,0,0,donana,9,6,tmax
Grass,23898,0,0,donana,9,6,tmax
HydroRipVeg,39646,0,0,donana,9,6,tmax
MedConF,76259,0,0,donana,9,6,tmax
MedSclF,6483,0,0,donana,9,6,tmax
MedScrub,129201,0,0,donana,9,6,tmax
Reforestation,2747,0,0,donana,9,6,tmax
RipF,418,0,0,donana,9,6,tmax
SaltMar,344960,0,0,donana,9,6,tmax
Shrub,6017,0,0,donana,9,6,tmax
WaterSurf,41748,0,0,donana,9,6,tmax
ArtSurf,12613,759,6.02,donana,9,7,tmax
BareArea,6426,416,6.47,donana,9,7,tmax
DuneSand,52133,1095,2.1,donana,9,7,tmax
Grass,23898,4041,16.91,donana,9,7,tmax
HydroRipVeg,39646,4287,10.81,donana,9,7,tmax
MedConF,76259,5193,6.81,donana,9,7,tmax
MedSclF,6483,1251,19.3,donana,9,7,tmax
MedScrub,129201,8932,6.91,donana,9,7,tmax
Reforestation,2747,52,1.89,donana,9,7,tmax
RipF,418,169,40.43,donana,9,7,tmax
SaltMar,344960,96572,28,donana,9,7,tmax
Shrub,6017,1223,20.33,donana,9,7,tmax
WaterSurf,41748,594,1.42,donana,9,7,tmax
ArtSurf,12613,0,0,donana,9,8,tmax
BareArea,6426,0,0,donana,9,8,tmax
DuneSand,52133,0,0,donana,9,8,tmax
Grass,23898,0,0,donana,9,8,tmax
HydroRipVeg,39646,0,0,donana,9,8,tmax
MedConF,76259,0,0,donana,9,8,tmax
MedSclF,6483,0,0,donana,9,8,tmax
MedScrub,129201,0,0,donana,9,8,tmax
Reforestation,2747,0,0,donana,9,8,tmax
RipF,418,0,0,donana,9,8,tmax
SaltMar,344960,0,0,donana,9,8,tmax
Shrub,6017,0,0,donana,9,8,tmax
WaterSurf,41748,0,0,donana,9,8,tmax
ArtSurf,12613,0,0,donana,9,9,tmax
BareArea,6426,0,0,donana,9,9,tmax
DuneSand,52133,0,0,donana,9,9,tmax
Grass,23898,0,0,donana,9,9,tmax
HydroRipVeg,39646,0,0,donana,9,9,tmax
MedConF,76259,0,0,donana,9,9,tmax
MedSclF,6483,0,0,donana,9,9,tmax
MedScrub,129201,0,0,donana,9,9,tmax
Reforestation,2747,0,0,donana,9,9,tmax
RipF,418,0,0,donana,9,9,tmax
SaltMar,344960,0,0,donana,9,9,tmax
Shrub,6017,0,0,donana,9,9,tmax
WaterSurf,41748,0,0,donana,9,9,tmax
ArtSurf,12613,0,0,donana,9,10,tmax
BareArea,6426,0,0,donana,9,10,tmax
DuneSand,52133,0,0,donana,9,10,tmax
Grass,23898,0,0,donana,9,10,tmax
HydroRipVeg,39646,0,0,donana,9,10,tmax
MedConF,76259,0,0,donana,9,10,tmax
MedSclF,6483,0,0,donana,9,10,tmax
MedScrub,129201,0,0,donana,9,10,tmax
Reforestation,2747,0,0,donana,9,10,tmax
RipF,418,0,0,donana,9,10,tmax
SaltMar,344960,0,0,donana,9,10,tmax
Shrub,6017,0,0,donana,9,10,tmax
WaterSurf,41748,0,0,donana,9,10,tmax
ArtSurf,12613,0,0,donana,9,11,tmax
BareArea,6426,0,0,donana,9,11,tmax
DuneSand,52133,0,0,donana,9,11,tmax
Grass,23898,0,0,donana,9,11,tmax
HydroRipVeg,39646,0,0,donana,9,11,tmax
MedConF,76259,0,0,donana,9,11,tmax
MedSclF,6483,0,0,donana,9,11,tmax
MedScrub,129201,0,0,donana,9,11,tmax
Reforestation,2747,0,0,donana,9,11,tmax
RipF,418,0,0,donana,9,11,tmax
SaltMar,344960,0,0,donana,9,11,tmax
Shrub,6017,0,0,donana,9,11,tmax
WaterSurf,41748,0,0,donana,9,11,tmax
ArtSurf,12613,0,0,donana,9,12,tmax
BareArea,6426,0,0,donana,9,12,tmax
DuneSand,52133,0,0,donana,9,12,tmax
Grass,23898,0,0,donana,9,12,tmax
HydroRipVeg,39646,0,0,donana,9,12,tmax
MedConF,76259,0,0,donana,9,12,tmax
MedSclF,6483,0,0,donana,9,12,tmax
MedScrub,129201,0,0,donana,9,12,tmax
Reforestation,2747,0,0,donana,9,12,tmax
RipF,418,0,0,donana,9,12,tmax
SaltMar,344960,0,0,donana,9,12,tmax
Shrub,6017,0,0,donana,9,12,tmax
WaterSurf,41748,0,0,donana,9,12,tmax
ArtSurf,12613,0,0,donana,12,1,tmax
BareArea,6426,0,0,donana,12,1,tmax
DuneSand,52133,0,0,donana,12,1,tmax
Grass,23898,0,0,donana,12,1,tmax
HydroRipVeg,39646,0,0,donana,12,1,tmax
MedConF,76259,0,0,donana,12,1,tmax
MedSclF,6483,0,0,donana,12,1,tmax
MedScrub,129201,0,0,donana,12,1,tmax
Reforestation,2747,0,0,donana,12,1,tmax
RipF,418,0,0,donana,12,1,tmax
SaltMar,344960,0,0,donana,12,1,tmax
Shrub,6017,0,0,donana,12,1,tmax
WaterSurf,41748,0,0,donana,12,1,tmax
ArtSurf,12613,0,0,donana,12,2,tmax
BareArea,6426,0,0,donana,12,2,tmax
DuneSand,52133,0,0,donana,12,2,tmax
Grass,23898,0,0,donana,12,2,tmax
HydroRipVeg,39646,0,0,donana,12,2,tmax
MedConF,76259,0,0,donana,12,2,tmax
MedSclF,6483,0,0,donana,12,2,tmax
MedScrub,129201,0,0,donana,12,2,tmax
Reforestation,2747,0,0,donana,12,2,tmax
RipF,418,0,0,donana,12,2,tmax
SaltMar,344960,0,0,donana,12,2,tmax
Shrub,6017,0,0,donana,12,2,tmax
WaterSurf,41748,0,0,donana,12,2,tmax
ArtSurf,12613,0,0,donana,12,3,tmax
BareArea,6426,0,0,donana,12,3,tmax
DuneSand,52133,0,0,donana,12,3,tmax
Grass,23898,0,0,donana,12,3,tmax
HydroRipVeg,39646,0,0,donana,12,3,tmax
MedConF,76259,0,0,donana,12,3,tmax
MedSclF,6483,0,0,donana,12,3,tmax
MedScrub,129201,0,0,donana,12,3,tmax
Reforestation,2747,0,0,donana,12,3,tmax
RipF,418,0,0,donana,12,3,tmax
SaltMar,344960,0,0,donana,12,3,tmax
Shrub,6017,0,0,donana,12,3,tmax
WaterSurf,41748,0,0,donana,12,3,tmax
ArtSurf,12613,0,0,donana,12,4,tmax
BareArea,6426,0,0,donana,12,4,tmax
DuneSand,52133,0,0,donana,12,4,tmax
Grass,23898,0,0,donana,12,4,tmax
HydroRipVeg,39646,0,0,donana,12,4,tmax
MedConF,76259,0,0,donana,12,4,tmax
MedSclF,6483,0,0,donana,12,4,tmax
MedScrub,129201,0,0,donana,12,4,tmax
Reforestation,2747,0,0,donana,12,4,tmax
RipF,418,0,0,donana,12,4,tmax
SaltMar,344960,0,0,donana,12,4,tmax
Shrub,6017,0,0,donana,12,4,tmax
WaterSurf,41748,0,0,donana,12,4,tmax
ArtSurf,12613,58,0.46,donana,12,5,tmax
BareArea,6426,54,0.84,donana,12,5,tmax
DuneSand,52133,189,0.36,donana,12,5,tmax
Grass,23898,267,1.12,donana,12,5,tmax
HydroRipVeg,39646,523,1.32,donana,12,5,tmax
MedConF,76259,2899,3.8,donana,12,5,tmax
MedSclF,6483,626,9.66,donana,12,5,tmax
MedScrub,129201,4941,3.82,donana,12,5,tmax
Reforestation,2747,30,1.09,donana,12,5,tmax
RipF,418,19,4.55,donana,12,5,tmax
SaltMar,344960,488,0.14,donana,12,5,tmax
Shrub,6017,724,12.03,donana,12,5,tmax
WaterSurf,41748,27,0.06,donana,12,5,tmax
ArtSurf,12613,0,0,donana,12,6,tmax
BareArea,6426,0,0,donana,12,6,tmax
DuneSand,52133,0,0,donana,12,6,tmax
Grass,23898,0,0,donana,12,6,tmax
HydroRipVeg,39646,0,0,donana,12,6,tmax
MedConF,76259,0,0,donana,12,6,tmax
MedSclF,6483,0,0,donana,12,6,tmax
MedScrub,129201,0,0,donana,12,6,tmax
Reforestation,2747,0,0,donana,12,6,tmax
RipF,418,0,0,donana,12,6,tmax
SaltMar,344960,0,0,donana,12,6,tmax
Shrub,6017,0,0,donana,12,6,tmax
WaterSurf,41748,0,0,donana,12,6,tmax
ArtSurf,12613,0,0,donana,12,7,tmax
BareArea,6426,0,0,donana,12,7,tmax
DuneSand,52133,0,0,donana,12,7,tmax
Grass,23898,0,0,donana,12,7,tmax
HydroRipVeg,39646,0,0,donana,12,7,tmax
MedConF,76259,0,0,donana,12,7,tmax
MedSclF,6483,0,0,donana,12,7,tmax
MedScrub,129201,0,0,donana,12,7,tmax
Reforestation,2747,0,0,donana,12,7,tmax
RipF,418,0,0,donana,12,7,tmax
SaltMar,344960,0,0,donana,12,7,tmax
Shrub,6017,0,0,donana,12,7,tmax
WaterSurf,41748,0,0,donana,12,7,tmax
ArtSurf,12613,4,0.03,donana,12,8,tmax
BareArea,6426,6,0.09,donana,12,8,tmax
DuneSand,52133,2,0,donana,12,8,tmax
Grass,23898,15,0.06,donana,12,8,tmax
HydroRipVeg,39646,13,0.03,donana,12,8,tmax
MedConF,76259,35,0.05,donana,12,8,tmax
MedSclF,6483,7,0.11,donana,12,8,tmax
MedScrub,129201,21,0.02,donana,12,8,tmax
Reforestation,2747,0,0,donana,12,8,tmax
RipF,418,2,0.48,donana,12,8,tmax
SaltMar,344960,2136,0.62,donana,12,8,tmax
Shrub,6017,16,0.27,donana,12,8,tmax
WaterSurf,41748,0,0,donana,12,8,tmax
ArtSurf,12613,35,0.28,donana,12,9,tmax
BareArea,6426,50,0.78,donana,12,9,tmax
DuneSand,52133,74,0.14,donana,12,9,tmax
Grass,23898,357,1.49,donana,12,9,tmax
HydroRipVeg,39646,512,1.29,donana,12,9,tmax
MedConF,76259,2392,3.14,donana,12,9,tmax
MedSclF,6483,259,4,donana,12,9,tmax
MedScrub,129201,672,0.52,donana,12,9,tmax
Reforestation,2747,12,0.44,donana,12,9,tmax
RipF,418,34,8.13,donana,12,9,tmax
SaltMar,344960,4485,1.3,donana,12,9,tmax
Shrub,6017,450,7.48,donana,12,9,tmax
WaterSurf,41748,24,0.06,donana,12,9,tmax
ArtSurf,12613,0,0,donana,12,10,tmax
BareArea,6426,0,0,donana,12,10,tmax
DuneSand,52133,0,0,donana,12,10,tmax
Grass,23898,0,0,donana,12,10,tmax
HydroRipVeg,39646,0,0,donana,12,10,tmax
MedConF,76259,2,0,donana,12,10,tmax
MedSclF,6483,0,0,donana,12,10,tmax
MedScrub,129201,0,0,donana,12,10,tmax
Reforestation,2747,0,0,donana,12,10,tmax
RipF,418,0,0,donana,12,10,tmax
SaltMar,344960,0,0,donana,12,10,tmax
Shrub,6017,0,0,donana,12,10,tmax
WaterSurf,41748,0,0,donana,12,10,tmax
ArtSurf,12613,0,0,donana,12,11,tmax
BareArea,6426,0,0,donana,12,11,tmax
DuneSand,52133,0,0,donana,12,11,tmax
Grass,23898,0,0,donana,12,11,tmax
HydroRipVeg,39646,0,0,donana,12,11,tmax
MedConF,76259,0,0,donana,12,11,tmax
MedSclF,6483,0,0,donana,12,11,tmax
MedScrub,129201,0,0,donana,12,11,tmax
Reforestation,2747,0,0,donana,12,11,tmax
RipF,418,0,0,donana,12,11,tmax
SaltMar,344960,0,0,donana,12,11,tmax
Shrub,6017,0,0,donana,12,11,tmax
WaterSurf,41748,0,0,donana,12,11,tmax
ArtSurf,12613,0,0,donana,12,12,tmax
BareArea,6426,0,0,donana,12,12,tmax
DuneSand,52133,0,0,donana,12,12,tmax
Grass,23898,0,0,donana,12,12,tmax
HydroRipVeg,39646,0,0,donana,12,12,tmax
MedConF,76259,0,0,donana,12,12,tmax
MedSclF,6483,0,0,donana,12,12,tmax
MedScrub,129201,0,0,donana,12,12,tmax
Reforestation,2747,0,0,donana,12,12,tmax
RipF,418,0,0,donana,12,12,tmax
SaltMar,344960,0,0,donana,12,12,tmax
Shrub,6017,0,0,donana,12,12,tmax
WaterSurf,41748,0,0,donana,12,12,tmax
AlpConF,129960,1,0,guadarrama,1,1,tmax
AlpScrGr,172894,1,0,guadarrama,1,1,tmax
ArtSurf,1490,0,0,guadarrama,1,1,tmax
Grass,7028,0,0,guadarrama,1,1,tmax
MedSclF,3280,5,0.15,guadarrama,1,1,tmax
MedScrub,38947,3,0.01,guadarrama,1,1,tmax
Peatland,229,0,0,guadarrama,1,1,tmax
Reforestation,88147,2,0,guadarrama,1,1,tmax
RipF,529,1,0.19,guadarrama,1,1,tmax
RockScreeVeg,46691,11,0.02,guadarrama,1,1,tmax
SMedMarF,5314,0,0,guadarrama,1,1,tmax
Shrub,3703,0,0,guadarrama,1,1,tmax
TempDecF,1436,0,0,guadarrama,1,1,tmax
WaterSurf,30,0,0,guadarrama,1,1,tmax
AlpConF,129960,5,0,guadarrama,1,2,tmax
AlpScrGr,172894,10,0.01,guadarrama,1,2,tmax
ArtSurf,1490,0,0,guadarrama,1,2,tmax
Grass,7028,0,0,guadarrama,1,2,tmax
MedSclF,3280,17,0.52,guadarrama,1,2,tmax
MedScrub,38947,12,0.03,guadarrama,1,2,tmax
Peatland,229,0,0,guadarrama,1,2,tmax
Reforestation,88149,45,0.05,guadarrama,1,2,tmax
RipF,529,0,0,guadarrama,1,2,tmax
RockScreeVeg,46691,112,0.24,guadarrama,1,2,tmax
SMedMarF,5314,2,0.04,guadarrama,1,2,tmax
Shrub,3703,0,0,guadarrama,1,2,tmax
TempDecF,1436,6,0.42,guadarrama,1,2,tmax
WaterSurf,30,0,0,guadarrama,1,2,tmax
AlpConF,129960,0,0,guadarrama,1,3,tmax
AlpScrGr,172894,0,0,guadarrama,1,3,tmax
ArtSurf,1490,0,0,guadarrama,1,3,tmax
Grass,7028,1,0.01,guadarrama,1,3,tmax
MedSclF,3280,0,0,guadarrama,1,3,tmax
MedScrub,38947,7,0.02,guadarrama,1,3,tmax
Peatland,229,0,0,guadarrama,1,3,tmax
Reforestation,88149,0,0,guadarrama,1,3,tmax
RipF,529,0,0,guadarrama,1,3,tmax
RockScreeVeg,46691,6,0.01,guadarrama,1,3,tmax
SMedMarF,5314,0,0,guadarrama,1,3,tmax
Shrub,3703,0,0,guadarrama,1,3,tmax
TempDecF,1436,0,0,guadarrama,1,3,tmax
WaterSurf,30,0,0,guadarrama,1,3,tmax
AlpConF,129960,0,0,guadarrama,1,4,tmax
AlpScrGr,172894,0,0,guadarrama,1,4,tmax
ArtSurf,1490,0,0,guadarrama,1,4,tmax
Grass,7028,0,0,guadarrama,1,4,tmax
MedSclF,3280,0,0,guadarrama,1,4,tmax
MedScrub,38947,0,0,guadarrama,1,4,tmax
Peatland,229,0,0,guadarrama,1,4,tmax
Reforestation,88149,0,0,guadarrama,1,4,tmax
RipF,529,0,0,guadarrama,1,4,tmax
RockScreeVeg,46691,0,0,guadarrama,1,4,tmax
SMedMarF,5314,0,0,guadarrama,1,4,tmax
Shrub,3703,0,0,guadarrama,1,4,tmax
TempDecF,1436,0,0,guadarrama,1,4,tmax
WaterSurf,30,0,0,guadarrama,1,4,tmax
AlpConF,129960,0,0,guadarrama,1,5,tmax
AlpScrGr,172894,0,0,guadarrama,1,5,tmax
ArtSurf,1490,0,0,guadarrama,1,5,tmax
Grass,7028,0,0,guadarrama,1,5,tmax
MedSclF,3280,0,0,guadarrama,1,5,tmax
MedScrub,38947,0,0,guadarrama,1,5,tmax
Peatland,229,0,0,guadarrama,1,5,tmax
Reforestation,88149,0,0,guadarrama,1,5,tmax
RipF,529,0,0,guadarrama,1,5,tmax
RockScreeVeg,46691,0,0,guadarrama,1,5,tmax
SMedMarF,5314,0,0,guadarrama,1,5,tmax
Shrub,3703,0,0,guadarrama,1,5,tmax
TempDecF,1436,0,0,guadarrama,1,5,tmax
WaterSurf,30,0,0,guadarrama,1,5,tmax
AlpConF,129960,73,0.06,guadarrama,1,6,tmax
AlpScrGr,172894,795,0.46,guadarrama,1,6,tmax
ArtSurf,1490,23,1.54,guadarrama,1,6,tmax
Grass,7028,431,6.13,guadarrama,1,6,tmax
MedSclF,3280,11,0.34,guadarrama,1,6,tmax
MedScrub,38947,222,0.57,guadarrama,1,6,tmax
Peatland,229,0,0,guadarrama,1,6,tmax
Reforestation,88149,92,0.1,guadarrama,1,6,tmax
RipF,529,0,0,guadarrama,1,6,tmax
RockScreeVeg,46691,25,0.05,guadarrama,1,6,tmax
SMedMarF,5314,10,0.19,guadarrama,1,6,tmax
Shrub,3703,48,1.3,guadarrama,1,6,tmax
TempDecF,1436,0,0,guadarrama,1,6,tmax
WaterSurf,30,0,0,guadarrama,1,6,tmax
AlpConF,129960,2,0,guadarrama,1,7,tmax
AlpScrGr,172894,336,0.19,guadarrama,1,7,tmax
ArtSurf,1490,0,0,guadarrama,1,7,tmax
Grass,7028,3,0.04,guadarrama,1,7,tmax
MedSclF,3280,1,0.03,guadarrama,1,7,tmax
MedScrub,38947,137,0.35,guadarrama,1,7,tmax
Peatland,229,0,0,guadarrama,1,7,tmax
Reforestation,88149,27,0.03,guadarrama,1,7,tmax
RipF,529,0,0,guadarrama,1,7,tmax
RockScreeVeg,46691,49,0.1,guadarrama,1,7,tmax
SMedMarF,5314,1,0.02,guadarrama,1,7,tmax
Shrub,3703,6,0.16,guadarrama,1,7,tmax
TempDecF,1436,0,0,guadarrama,1,7,tmax
WaterSurf,30,1,3.33,guadarrama,1,7,tmax
AlpConF,129960,0,0,guadarrama,1,8,tmax
AlpScrGr,172894,0,0,guadarrama,1,8,tmax
ArtSurf,1490,0,0,guadarrama,1,8,tmax
Grass,7028,0,0,guadarrama,1,8,tmax
MedSclF,3280,0,0,guadarrama,1,8,tmax
MedScrub,38947,0,0,guadarrama,1,8,tmax
Peatland,229,0,0,guadarrama,1,8,tmax
Reforestation,88149,0,0,guadarrama,1,8,tmax
RipF,529,0,0,guadarrama,1,8,tmax
RockScreeVeg,46691,0,0,guadarrama,1,8,tmax
SMedMarF,5314,0,0,guadarrama,1,8,tmax
Shrub,3703,0,0,guadarrama,1,8,tmax
TempDecF,1436,0,0,guadarrama,1,8,tmax
WaterSurf,30,0,0,guadarrama,1,8,tmax
AlpConF,129960,0,0,guadarrama,1,9,tmax
AlpScrGr,172894,0,0,guadarrama,1,9,tmax
ArtSurf,1490,0,0,guadarrama,1,9,tmax
Grass,7028,0,0,guadarrama,1,9,tmax
MedSclF,3280,0,0,guadarrama,1,9,tmax
MedScrub,38947,0,0,guadarrama,1,9,tmax
Peatland,229,0,0,guadarrama,1,9,tmax
Reforestation,88149,0,0,guadarrama,1,9,tmax
RipF,529,0,0,guadarrama,1,9,tmax
RockScreeVeg,46691,0,0,guadarrama,1,9,tmax
SMedMarF,5314,0,0,guadarrama,1,9,tmax
Shrub,3703,0,0,guadarrama,1,9,tmax
TempDecF,1436,0,0,guadarrama,1,9,tmax
WaterSurf,30,0,0,guadarrama,1,9,tmax
AlpConF,129960,0,0,guadarrama,1,10,tmax
AlpScrGr,172894,0,0,guadarrama,1,10,tmax
ArtSurf,1490,0,0,guadarrama,1,10,tmax
Grass,7028,0,0,guadarrama,1,10,tmax
MedSclF,3280,0,0,guadarrama,1,10,tmax
MedScrub,38947,0,0,guadarrama,1,10,tmax
Peatland,229,0,0,guadarrama,1,10,tmax
Reforestation,88149,0,0,guadarrama,1,10,tmax
RipF,529,0,0,guadarrama,1,10,tmax
RockScreeVeg,46691,0,0,guadarrama,1,10,tmax
SMedMarF,5314,0,0,guadarrama,1,10,tmax
Shrub,3703,0,0,guadarrama,1,10,tmax
TempDecF,1436,0,0,guadarrama,1,10,tmax
WaterSurf,30,0,0,guadarrama,1,10,tmax
AlpConF,129960,0,0,guadarrama,1,11,tmax
AlpScrGr,172894,0,0,guadarrama,1,11,tmax
ArtSurf,1490,0,0,guadarrama,1,11,tmax
Grass,7028,0,0,guadarrama,1,11,tmax
MedSclF,3280,0,0,guadarrama,1,11,tmax
MedScrub,38947,0,0,guadarrama,1,11,tmax
Peatland,229,0,0,guadarrama,1,11,tmax
Reforestation,88149,0,0,guadarrama,1,11,tmax
RipF,529,0,0,guadarrama,1,11,tmax
RockScreeVeg,46691,0,0,guadarrama,1,11,tmax
SMedMarF,5314,0,0,guadarrama,1,11,tmax
Shrub,3703,0,0,guadarrama,1,11,tmax
TempDecF,1436,0,0,guadarrama,1,11,tmax
WaterSurf,30,0,0,guadarrama,1,11,tmax
AlpConF,129960,0,0,guadarrama,1,12,tmax
AlpScrGr,172894,0,0,guadarrama,1,12,tmax
ArtSurf,1490,0,0,guadarrama,1,12,tmax
Grass,7028,0,0,guadarrama,1,12,tmax
MedSclF,3280,0,0,guadarrama,1,12,tmax
MedScrub,38947,0,0,guadarrama,1,12,tmax
Peatland,229,0,0,guadarrama,1,12,tmax
Reforestation,88133,0,0,guadarrama,1,12,tmax
RipF,529,0,0,guadarrama,1,12,tmax
RockScreeVeg,46691,0,0,guadarrama,1,12,tmax
SMedMarF,5314,0,0,guadarrama,1,12,tmax
Shrub,3703,0,0,guadarrama,1,12,tmax
TempDecF,1436,0,0,guadarrama,1,12,tmax
WaterSurf,30,0,0,guadarrama,1,12,tmax
AlpConF,129960,10,0.01,guadarrama,3,1,tmax
AlpScrGr,172894,8,0,guadarrama,3,1,tmax
ArtSurf,1490,0,0,guadarrama,3,1,tmax
Grass,7028,3,0.04,guadarrama,3,1,tmax
MedSclF,3280,123,3.75,guadarrama,3,1,tmax
MedScrub,38947,308,0.79,guadarrama,3,1,tmax
Peatland,229,0,0,guadarrama,3,1,tmax
Reforestation,88147,160,0.18,guadarrama,3,1,tmax
RipF,529,0,0,guadarrama,3,1,tmax
RockScreeVeg,46691,538,1.15,guadarrama,3,1,tmax
SMedMarF,5314,2,0.04,guadarrama,3,1,tmax
Shrub,3703,74,2,guadarrama,3,1,tmax
TempDecF,1436,8,0.56,guadarrama,3,1,tmax
WaterSurf,30,0,0,guadarrama,3,1,tmax
AlpConF,129960,47,0.04,guadarrama,3,2,tmax
AlpScrGr,172894,14,0.01,guadarrama,3,2,tmax
ArtSurf,1490,0,0,guadarrama,3,2,tmax
Grass,7028,3,0.04,guadarrama,3,2,tmax
MedSclF,3280,185,5.64,guadarrama,3,2,tmax
MedScrub,38947,249,0.64,guadarrama,3,2,tmax
Peatland,229,0,0,guadarrama,3,2,tmax
Reforestation,88149,459,0.52,guadarrama,3,2,tmax
RipF,529,0,0,guadarrama,3,2,tmax
RockScreeVeg,46691,1155,2.47,guadarrama,3,2,tmax
SMedMarF,5314,10,0.19,guadarrama,3,2,tmax
Shrub,3703,38,1.03,guadarrama,3,2,tmax
TempDecF,1436,55,3.83,guadarrama,3,2,tmax
WaterSurf,30,0,0,guadarrama,3,2,tmax
AlpConF,129960,115,0.09,guadarrama,3,3,tmax
AlpScrGr,172894,11,0.01,guadarrama,3,3,tmax
ArtSurf,1490,0,0,guadarrama,3,3,tmax
Grass,7028,8,0.11,guadarrama,3,3,tmax
MedSclF,3280,141,4.3,guadarrama,3,3,tmax
MedScrub,38947,431,1.11,guadarrama,3,3,tmax
Peatland,229,0,0,guadarrama,3,3,tmax
Reforestation,88149,317,0.36,guadarrama,3,3,tmax
RipF,529,0,0,guadarrama,3,3,tmax
RockScreeVeg,46691,1269,2.72,guadarrama,3,3,tmax
SMedMarF,5314,22,0.41,guadarrama,3,3,tmax
Shrub,3703,3,0.08,guadarrama,3,3,tmax
TempDecF,1436,51,3.55,guadarrama,3,3,tmax
WaterSurf,30,0,0,guadarrama,3,3,tmax
AlpConF,129960,0,0,guadarrama,3,4,tmax
AlpScrGr,172894,0,0,guadarrama,3,4,tmax
ArtSurf,1490,0,0,guadarrama,3,4,tmax
Grass,7028,1,0.01,guadarrama,3,4,tmax
MedSclF,3280,0,0,guadarrama,3,4,tmax
MedScrub,38947,0,0,guadarrama,3,4,tmax
Peatland,229,0,0,guadarrama,3,4,tmax
Reforestation,88149,2,0,guadarrama,3,4,tmax
RipF,529,0,0,guadarrama,3,4,tmax
RockScreeVeg,46691,0,0,guadarrama,3,4,tmax
SMedMarF,5314,0,0,guadarrama,3,4,tmax
Shrub,3703,0,0,guadarrama,3,4,tmax
TempDecF,1436,0,0,guadarrama,3,4,tmax
WaterSurf,30,0,0,guadarrama,3,4,tmax
AlpConF,129960,0,0,guadarrama,3,5,tmax
AlpScrGr,172894,0,0,guadarrama,3,5,tmax
ArtSurf,1490,0,0,guadarrama,3,5,tmax
Grass,7028,0,0,guadarrama,3,5,tmax
MedSclF,3280,0,0,guadarrama,3,5,tmax
MedScrub,38947,0,0,guadarrama,3,5,tmax
Peatland,229,0,0,guadarrama,3,5,tmax
Reforestation,88149,0,0,guadarrama,3,5,tmax
RipF,529,0,0,guadarrama,3,5,tmax
RockScreeVeg,46691,0,0,guadarrama,3,5,tmax
SMedMarF,5314,0,0,guadarrama,3,5,tmax
Shrub,3703,0,0,guadarrama,3,5,tmax
TempDecF,1436,0,0,guadarrama,3,5,tmax
WaterSurf,30,0,0,guadarrama,3,5,tmax
AlpConF,129960,485,0.37,guadarrama,3,6,tmax
AlpScrGr,172894,1154,0.67,guadarrama,3,6,tmax
ArtSurf,1490,38,2.55,guadarrama,3,6,tmax
Grass,7028,2842,40.44,guadarrama,3,6,tmax
MedSclF,3280,179,5.46,guadarrama,3,6,tmax
MedScrub,38947,1545,3.97,guadarrama,3,6,tmax
Peatland,229,1,0.44,guadarrama,3,6,tmax
Reforestation,88149,591,0.67,guadarrama,3,6,tmax
RipF,529,30,5.67,guadarrama,3,6,tmax
RockScreeVeg,46691,437,0.94,guadarrama,3,6,tmax
SMedMarF,5314,180,3.39,guadarrama,3,6,tmax
Shrub,3703,725,19.58,guadarrama,3,6,tmax
TempDecF,1436,0,0,guadarrama,3,6,tmax
WaterSurf,30,0,0,guadarrama,3,6,tmax
AlpConF,129960,3788,2.91,guadarrama,3,7,tmax
AlpScrGr,172894,36612,21.18,guadarrama,3,7,tmax
ArtSurf,1490,169,11.34,guadarrama,3,7,tmax
Grass,7028,5309,75.54,guadarrama,3,7,tmax
MedSclF,3280,809,24.66,guadarrama,3,7,tmax
MedScrub,38947,11486,29.49,guadarrama,3,7,tmax
Peatland,229,32,13.97,guadarrama,3,7,tmax
Reforestation,88149,5451,6.18,guadarrama,3,7,tmax
RipF,529,107,20.23,guadarrama,3,7,tmax
RockScreeVeg,46691,4456,9.54,guadarrama,3,7,tmax
SMedMarF,5314,954,17.95,guadarrama,3,7,tmax
Shrub,3703,1748,47.2,guadarrama,3,7,tmax
TempDecF,1436,13,0.91,guadarrama,3,7,tmax
WaterSurf,30,3,10,guadarrama,3,7,tmax
AlpConF,129960,1190,0.92,guadarrama,3,8,tmax
AlpScrGr,172894,30833,17.83,guadarrama,3,8,tmax
ArtSurf,1490,111,7.45,guadarrama,3,8,tmax
Grass,7028,1797,25.57,guadarrama,3,8,tmax
MedSclF,3280,177,5.4,guadarrama,3,8,tmax
MedScrub,38947,6814,17.5,guadarrama,3,8,tmax
Peatland,229,48,20.96,guadarrama,3,8,tmax
Reforestation,88149,3295,3.74,guadarrama,3,8,tmax
RipF,529,28,5.29,guadarrama,3,8,tmax
RockScreeVeg,46691,2381,5.1,guadarrama,3,8,tmax
SMedMarF,5314,321,6.04,guadarrama,3,8,tmax
Shrub,3703,503,13.58,guadarrama,3,8,tmax
TempDecF,1436,10,0.7,guadarrama,3,8,tmax
WaterSurf,30,3,10,guadarrama,3,8,tmax
AlpConF,129960,5,0,guadarrama,3,9,tmax
AlpScrGr,172894,18,0.01,guadarrama,3,9,tmax
ArtSurf,1490,0,0,guadarrama,3,9,tmax
Grass,7028,0,0,guadarrama,3,9,tmax
MedSclF,3280,0,0,guadarrama,3,9,tmax
MedScrub,38947,145,0.37,guadarrama,3,9,tmax
Peatland,229,0,0,guadarrama,3,9,tmax
Reforestation,88149,17,0.02,guadarrama,3,9,tmax
RipF,529,0,0,guadarrama,3,9,tmax
RockScreeVeg,46691,15,0.03,guadarrama,3,9,tmax
SMedMarF,5314,0,0,guadarrama,3,9,tmax
Shrub,3703,0,0,guadarrama,3,9,tmax
TempDecF,1436,0,0,guadarrama,3,9,tmax
WaterSurf,30,0,0,guadarrama,3,9,tmax
AlpConF,129960,4,0,guadarrama,3,10,tmax
AlpScrGr,172894,40,0.02,guadarrama,3,10,tmax
ArtSurf,1490,1,0.07,guadarrama,3,10,tmax
Grass,7028,0,0,guadarrama,3,10,tmax
MedSclF,3280,2,0.06,guadarrama,3,10,tmax
MedScrub,38947,10,0.03,guadarrama,3,10,tmax
Peatland,229,0,0,guadarrama,3,10,tmax
Reforestation,88149,331,0.38,guadarrama,3,10,tmax
RipF,529,0,0,guadarrama,3,10,tmax
RockScreeVeg,46691,2,0,guadarrama,3,10,tmax
SMedMarF,5314,0,0,guadarrama,3,10,tmax
Shrub,3703,0,0,guadarrama,3,10,tmax
TempDecF,1436,0,0,guadarrama,3,10,tmax
WaterSurf,30,0,0,guadarrama,3,10,tmax
AlpConF,129960,0,0,guadarrama,3,11,tmax
AlpScrGr,172894,0,0,guadarrama,3,11,tmax
ArtSurf,1490,0,0,guadarrama,3,11,tmax
Grass,7028,0,0,guadarrama,3,11,tmax
MedSclF,3280,0,0,guadarrama,3,11,tmax
MedScrub,38947,0,0,guadarrama,3,11,tmax
Peatland,229,0,0,guadarrama,3,11,tmax
Reforestation,88149,0,0,guadarrama,3,11,tmax
RipF,529,0,0,guadarrama,3,11,tmax
RockScreeVeg,46691,0,0,guadarrama,3,11,tmax
SMedMarF,5314,0,0,guadarrama,3,11,tmax
Shrub,3703,0,0,guadarrama,3,11,tmax
TempDecF,1436,0,0,guadarrama,3,11,tmax
WaterSurf,30,0,0,guadarrama,3,11,tmax
AlpConF,129960,0,0,guadarrama,3,12,tmax
AlpScrGr,172894,0,0,guadarrama,3,12,tmax
ArtSurf,1490,0,0,guadarrama,3,12,tmax
Grass,7028,0,0,guadarrama,3,12,tmax
MedSclF,3280,0,0,guadarrama,3,12,tmax
MedScrub,38947,0,0,guadarrama,3,12,tmax
Peatland,229,0,0,guadarrama,3,12,tmax
Reforestation,88133,0,0,guadarrama,3,12,tmax
RipF,529,0,0,guadarrama,3,12,tmax
RockScreeVeg,46691,0,0,guadarrama,3,12,tmax
SMedMarF,5314,0,0,guadarrama,3,12,tmax
Shrub,3703,0,0,guadarrama,3,12,tmax
TempDecF,1436,0,0,guadarrama,3,12,tmax
WaterSurf,30,0,0,guadarrama,3,12,tmax
AlpConF,129960,0,0,guadarrama,6,1,tmax
AlpScrGr,172894,0,0,guadarrama,6,1,tmax
ArtSurf,1490,0,0,guadarrama,6,1,tmax
Grass,7028,0,0,guadarrama,6,1,tmax
MedSclF,3280,0,0,guadarrama,6,1,tmax
MedScrub,38947,0,0,guadarrama,6,1,tmax
Peatland,229,0,0,guadarrama,6,1,tmax
Reforestation,88147,0,0,guadarrama,6,1,tmax
RipF,529,0,0,guadarrama,6,1,tmax
RockScreeVeg,46691,0,0,guadarrama,6,1,tmax
SMedMarF,5314,0,0,guadarrama,6,1,tmax
Shrub,3703,0,0,guadarrama,6,1,tmax
TempDecF,1436,0,0,guadarrama,6,1,tmax
WaterSurf,30,0,0,guadarrama,6,1,tmax
AlpConF,129960,4,0,guadarrama,6,2,tmax
AlpScrGr,172894,0,0,guadarrama,6,2,tmax
ArtSurf,1490,0,0,guadarrama,6,2,tmax
Grass,7028,0,0,guadarrama,6,2,tmax
MedSclF,3280,0,0,guadarrama,6,2,tmax
MedScrub,38947,23,0.06,guadarrama,6,2,tmax
Peatland,229,0,0,guadarrama,6,2,tmax
Reforestation,88149,44,0.05,guadarrama,6,2,tmax
RipF,529,0,0,guadarrama,6,2,tmax
RockScreeVeg,46691,10,0.02,guadarrama,6,2,tmax
SMedMarF,5314,0,0,guadarrama,6,2,tmax
Shrub,3703,0,0,guadarrama,6,2,tmax
TempDecF,1436,0,0,guadarrama,6,2,tmax
WaterSurf,30,0,0,guadarrama,6,2,tmax
AlpConF,129960,475,0.37,guadarrama,6,3,tmax
AlpScrGr,172894,22,0.01,guadarrama,6,3,tmax
ArtSurf,1490,1,0.07,guadarrama,6,3,tmax
Grass,7028,9,0.13,guadarrama,6,3,tmax
MedSclF,3280,435,13.26,guadarrama,6,3,tmax
MedScrub,38947,2145,5.51,guadarrama,6,3,tmax
Peatland,229,0,0,guadarrama,6,3,tmax
Reforestation,88149,1429,1.62,guadarrama,6,3,tmax
RipF,529,2,0.38,guadarrama,6,3,tmax
RockScreeVeg,46691,3808,8.16,guadarrama,6,3,tmax
SMedMarF,5314,51,0.96,guadarrama,6,3,tmax
Shrub,3703,75,2.03,guadarrama,6,3,tmax
TempDecF,1436,88,6.13,guadarrama,6,3,tmax
WaterSurf,30,0,0,guadarrama,6,3,tmax
AlpConF,129960,11,0.01,guadarrama,6,4,tmax
AlpScrGr,172894,22,0.01,guadarrama,6,4,tmax
ArtSurf,1490,0,0,guadarrama,6,4,tmax
Grass,7028,10,0.14,guadarrama,6,4,tmax
MedSclF,3280,0,0,guadarrama,6,4,tmax
MedScrub,38947,13,0.03,guadarrama,6,4,tmax
Peatland,229,0,0,guadarrama,6,4,tmax
Reforestation,88149,17,0.02,guadarrama,6,4,tmax
RipF,529,0,0,guadarrama,6,4,tmax
RockScreeVeg,46691,32,0.07,guadarrama,6,4,tmax
SMedMarF,5314,0,0,guadarrama,6,4,tmax
Shrub,3703,6,0.16,guadarrama,6,4,tmax
TempDecF,1436,0,0,guadarrama,6,4,tmax
WaterSurf,30,0,0,guadarrama,6,4,tmax
AlpConF,129960,0,0,guadarrama,6,5,tmax
AlpScrGr,172894,0,0,guadarrama,6,5,tmax
ArtSurf,1490,0,0,guadarrama,6,5,tmax
Grass,7028,0,0,guadarrama,6,5,tmax
MedSclF,3280,0,0,guadarrama,6,5,tmax
MedScrub,38947,0,0,guadarrama,6,5,tmax
Peatland,229,0,0,guadarrama,6,5,tmax
Reforestation,88149,0,0,guadarrama,6,5,tmax
RipF,529,0,0,guadarrama,6,5,tmax
RockScreeVeg,46691,0,0,guadarrama,6,5,tmax
SMedMarF,5314,0,0,guadarrama,6,5,tmax
Shrub,3703,0,0,guadarrama,6,5,tmax
TempDecF,1436,0,0,guadarrama,6,5,tmax
WaterSurf,30,0,0,guadarrama,6,5,tmax
AlpConF,129960,0,0,guadarrama,6,6,tmax
AlpScrGr,172894,0,0,guadarrama,6,6,tmax
ArtSurf,1490,0,0,guadarrama,6,6,tmax
Grass,7028,1,0.01,guadarrama,6,6,tmax
MedSclF,3280,0,0,guadarrama,6,6,tmax
MedScrub,38947,1,0,guadarrama,6,6,tmax
Peatland,229,0,0,guadarrama,6,6,tmax
Reforestation,88149,0,0,guadarrama,6,6,tmax
RipF,529,0,0,guadarrama,6,6,tmax
RockScreeVeg,46691,0,0,guadarrama,6,6,tmax
SMedMarF,5314,0,0,guadarrama,6,6,tmax
Shrub,3703,0,0,guadarrama,6,6,tmax
TempDecF,1436,0,0,guadarrama,6,6,tmax
WaterSurf,30,0,0,guadarrama,6,6,tmax
AlpConF,129960,0,0,guadarrama,6,7,tmax
AlpScrGr,172894,0,0,guadarrama,6,7,tmax
ArtSurf,1490,0,0,guadarrama,6,7,tmax
Grass,7028,0,0,guadarrama,6,7,tmax
MedSclF,3280,0,0,guadarrama,6,7,tmax
MedScrub,38947,0,0,guadarrama,6,7,tmax
Peatland,229,0,0,guadarrama,6,7,tmax
Reforestation,88149,0,0,guadarrama,6,7,tmax
RipF,529,0,0,guadarrama,6,7,tmax
RockScreeVeg,46691,0,0,guadarrama,6,7,tmax
SMedMarF,5314,0,0,guadarrama,6,7,tmax
Shrub,3703,0,0,guadarrama,6,7,tmax
TempDecF,1436,0,0,guadarrama,6,7,tmax
WaterSurf,30,0,0,guadarrama,6,7,tmax
AlpConF,129960,0,0,guadarrama,6,8,tmax
AlpScrGr,172894,0,0,guadarrama,6,8,tmax
ArtSurf,1490,0,0,guadarrama,6,8,tmax
Grass,7028,0,0,guadarrama,6,8,tmax
MedSclF,3280,0,0,guadarrama,6,8,tmax
MedScrub,38947,0,0,guadarrama,6,8,tmax
Peatland,229,0,0,guadarrama,6,8,tmax
Reforestation,88149,0,0,guadarrama,6,8,tmax
RipF,529,0,0,guadarrama,6,8,tmax
RockScreeVeg,46691,0,0,guadarrama,6,8,tmax
SMedMarF,5314,0,0,guadarrama,6,8,tmax
Shrub,3703,0,0,guadarrama,6,8,tmax
TempDecF,1436,0,0,guadarrama,6,8,tmax
WaterSurf,30,0,0,guadarrama,6,8,tmax
AlpConF,129960,0,0,guadarrama,6,9,tmax
AlpScrGr,172894,0,0,guadarrama,6,9,tmax
ArtSurf,1490,0,0,guadarrama,6,9,tmax
Grass,7028,0,0,guadarrama,6,9,tmax
MedSclF,3280,0,0,guadarrama,6,9,tmax
MedScrub,38947,0,0,guadarrama,6,9,tmax
Peatland,229,0,0,guadarrama,6,9,tmax
Reforestation,88149,0,0,guadarrama,6,9,tmax
RipF,529,0,0,guadarrama,6,9,tmax
RockScreeVeg,46691,0,0,guadarrama,6,9,tmax
SMedMarF,5314,0,0,guadarrama,6,9,tmax
Shrub,3703,0,0,guadarrama,6,9,tmax
TempDecF,1436,0,0,guadarrama,6,9,tmax
WaterSurf,30,0,0,guadarrama,6,9,tmax
AlpConF,129960,0,0,guadarrama,6,10,tmax
AlpScrGr,172894,0,0,guadarrama,6,10,tmax
ArtSurf,1490,0,0,guadarrama,6,10,tmax
Grass,7028,0,0,guadarrama,6,10,tmax
MedSclF,3280,0,0,guadarrama,6,10,tmax
MedScrub,38947,0,0,guadarrama,6,10,tmax
Peatland,229,0,0,guadarrama,6,10,tmax
Reforestation,88149,0,0,guadarrama,6,10,tmax
RipF,529,0,0,guadarrama,6,10,tmax
RockScreeVeg,46691,0,0,guadarrama,6,10,tmax
SMedMarF,5314,0,0,guadarrama,6,10,tmax
Shrub,3703,0,0,guadarrama,6,10,tmax
TempDecF,1436,0,0,guadarrama,6,10,tmax
WaterSurf,30,0,0,guadarrama,6,10,tmax
AlpConF,129960,0,0,guadarrama,6,11,tmax
AlpScrGr,172894,0,0,guadarrama,6,11,tmax
ArtSurf,1490,0,0,guadarrama,6,11,tmax
Grass,7028,0,0,guadarrama,6,11,tmax
MedSclF,3280,0,0,guadarrama,6,11,tmax
MedScrub,38947,0,0,guadarrama,6,11,tmax
Peatland,229,0,0,guadarrama,6,11,tmax
Reforestation,88149,0,0,guadarrama,6,11,tmax
RipF,529,0,0,guadarrama,6,11,tmax
RockScreeVeg,46691,0,0,guadarrama,6,11,tmax
SMedMarF,5314,0,0,guadarrama,6,11,tmax
Shrub,3703,0,0,guadarrama,6,11,tmax
TempDecF,1436,0,0,guadarrama,6,11,tmax
WaterSurf,30,0,0,guadarrama,6,11,tmax
AlpConF,129960,0,0,guadarrama,6,12,tmax
AlpScrGr,172894,0,0,guadarrama,6,12,tmax
ArtSurf,1490,0,0,guadarrama,6,12,tmax
Grass,7028,0,0,guadarrama,6,12,tmax
MedSclF,3280,0,0,guadarrama,6,12,tmax
MedScrub,38947,0,0,guadarrama,6,12,tmax
Peatland,229,0,0,guadarrama,6,12,tmax
Reforestation,88133,0,0,guadarrama,6,12,tmax
RipF,529,0,0,guadarrama,6,12,tmax
RockScreeVeg,46691,0,0,guadarrama,6,12,tmax
SMedMarF,5314,0,0,guadarrama,6,12,tmax
Shrub,3703,0,0,guadarrama,6,12,tmax
TempDecF,1436,0,0,guadarrama,6,12,tmax
WaterSurf,30,0,0,guadarrama,6,12,tmax
AlpConF,129960,0,0,guadarrama,9,1,tmax
AlpScrGr,172894,0,0,guadarrama,9,1,tmax
ArtSurf,1490,0,0,guadarrama,9,1,tmax
Grass,7028,0,0,guadarrama,9,1,tmax
MedSclF,3280,0,0,guadarrama,9,1,tmax
MedScrub,38947,0,0,guadarrama,9,1,tmax
Peatland,229,0,0,guadarrama,9,1,tmax
Reforestation,88147,0,0,guadarrama,9,1,tmax
RipF,529,0,0,guadarrama,9,1,tmax
RockScreeVeg,46691,0,0,guadarrama,9,1,tmax
SMedMarF,5314,0,0,guadarrama,9,1,tmax
Shrub,3703,0,0,guadarrama,9,1,tmax
TempDecF,1436,0,0,guadarrama,9,1,tmax
WaterSurf,30,0,0,guadarrama,9,1,tmax
AlpConF,129960,2,0,guadarrama,9,2,tmax
AlpScrGr,172894,0,0,guadarrama,9,2,tmax
ArtSurf,1490,0,0,guadarrama,9,2,tmax
Grass,7028,0,0,guadarrama,9,2,tmax
MedSclF,3280,0,0,guadarrama,9,2,tmax
MedScrub,38947,60,0.15,guadarrama,9,2,tmax
Peatland,229,0,0,guadarrama,9,2,tmax
Reforestation,88149,51,0.06,guadarrama,9,2,tmax
RipF,529,0,0,guadarrama,9,2,tmax
RockScreeVeg,46691,7,0.01,guadarrama,9,2,tmax
SMedMarF,5314,0,0,guadarrama,9,2,tmax
Shrub,3703,0,0,guadarrama,9,2,tmax
TempDecF,1436,0,0,guadarrama,9,2,tmax
WaterSurf,30,0,0,guadarrama,9,2,tmax
AlpConF,129960,187,0.14,guadarrama,9,3,tmax
AlpScrGr,172894,6,0,guadarrama,9,3,tmax
ArtSurf,1490,0,0,guadarrama,9,3,tmax
Grass,7028,1,0.01,guadarrama,9,3,tmax
MedSclF,3280,77,2.35,guadarrama,9,3,tmax
MedScrub,38947,519,1.33,guadarrama,9,3,tmax
Peatland,229,0,0,guadarrama,9,3,tmax
Reforestation,88149,615,0.7,guadarrama,9,3,tmax
RipF,529,0,0,guadarrama,9,3,tmax
RockScreeVeg,46691,455,0.97,guadarrama,9,3,tmax
SMedMarF,5314,9,0.17,guadarrama,9,3,tmax
Shrub,3703,2,0.05,guadarrama,9,3,tmax
TempDecF,1436,8,0.56,guadarrama,9,3,tmax
WaterSurf,30,0,0,guadarrama,9,3,tmax
AlpConF,129960,0,0,guadarrama,9,4,tmax
AlpScrGr,172894,0,0,guadarrama,9,4,tmax
ArtSurf,1490,0,0,guadarrama,9,4,tmax
Grass,7028,0,0,guadarrama,9,4,tmax
MedSclF,3280,0,0,guadarrama,9,4,tmax
MedScrub,38947,0,0,guadarrama,9,4,tmax
Peatland,229,0,0,guadarrama,9,4,tmax
Reforestation,88149,0,0,guadarrama,9,4,tmax
RipF,529,0,0,guadarrama,9,4,tmax
RockScreeVeg,46691,0,0,guadarrama,9,4,tmax
SMedMarF,5314,0,0,guadarrama,9,4,tmax
Shrub,3703,0,0,guadarrama,9,4,tmax
TempDecF,1436,0,0,guadarrama,9,4,tmax
WaterSurf,30,0,0,guadarrama,9,4,tmax
AlpConF,129960,0,0,guadarrama,9,5,tmax
AlpScrGr,172894,0,0,guadarrama,9,5,tmax
ArtSurf,1490,0,0,guadarrama,9,5,tmax
Grass,7028,0,0,guadarrama,9,5,tmax
MedSclF,3280,0,0,guadarrama,9,5,tmax
MedScrub,38947,0,0,guadarrama,9,5,tmax
Peatland,229,0,0,guadarrama,9,5,tmax
Reforestation,88149,0,0,guadarrama,9,5,tmax
RipF,529,0,0,guadarrama,9,5,tmax
RockScreeVeg,46691,0,0,guadarrama,9,5,tmax
SMedMarF,5314,0,0,guadarrama,9,5,tmax
Shrub,3703,0,0,guadarrama,9,5,tmax
TempDecF,1436,0,0,guadarrama,9,5,tmax
WaterSurf,30,0,0,guadarrama,9,5,tmax
AlpConF,129960,0,0,guadarrama,9,6,tmax
AlpScrGr,172894,0,0,guadarrama,9,6,tmax
ArtSurf,1490,0,0,guadarrama,9,6,tmax
Grass,7028,0,0,guadarrama,9,6,tmax
MedSclF,3280,0,0,guadarrama,9,6,tmax
MedScrub,38947,0,0,guadarrama,9,6,tmax
Peatland,229,0,0,guadarrama,9,6,tmax
Reforestation,88149,0,0,guadarrama,9,6,tmax
RipF,529,0,0,guadarrama,9,6,tmax
RockScreeVeg,46691,0,0,guadarrama,9,6,tmax
SMedMarF,5314,0,0,guadarrama,9,6,tmax
Shrub,3703,0,0,guadarrama,9,6,tmax
TempDecF,1436,0,0,guadarrama,9,6,tmax
WaterSurf,30,0,0,guadarrama,9,6,tmax
AlpConF,129960,0,0,guadarrama,9,7,tmax
AlpScrGr,172894,0,0,guadarrama,9,7,tmax
ArtSurf,1490,0,0,guadarrama,9,7,tmax
Grass,7028,0,0,guadarrama,9,7,tmax
MedSclF,3280,0,0,guadarrama,9,7,tmax
MedScrub,38947,0,0,guadarrama,9,7,tmax
Peatland,229,0,0,guadarrama,9,7,tmax
Reforestation,88149,0,0,guadarrama,9,7,tmax
RipF,529,0,0,guadarrama,9,7,tmax
RockScreeVeg,46691,0,0,guadarrama,9,7,tmax
SMedMarF,5314,0,0,guadarrama,9,7,tmax
Shrub,3703,0,0,guadarrama,9,7,tmax
TempDecF,1436,0,0,guadarrama,9,7,tmax
WaterSurf,30,0,0,guadarrama,9,7,tmax
AlpConF,129960,0,0,guadarrama,9,8,tmax
AlpScrGr,172894,0,0,guadarrama,9,8,tmax
ArtSurf,1490,0,0,guadarrama,9,8,tmax
Grass,7028,0,0,guadarrama,9,8,tmax
MedSclF,3280,0,0,guadarrama,9,8,tmax
MedScrub,38947,0,0,guadarrama,9,8,tmax
Peatland,229,0,0,guadarrama,9,8,tmax
Reforestation,88149,0,0,guadarrama,9,8,tmax
RipF,529,0,0,guadarrama,9,8,tmax
RockScreeVeg,46691,0,0,guadarrama,9,8,tmax
SMedMarF,5314,0,0,guadarrama,9,8,tmax
Shrub,3703,0,0,guadarrama,9,8,tmax
TempDecF,1436,0,0,guadarrama,9,8,tmax
WaterSurf,30,0,0,guadarrama,9,8,tmax
AlpConF,129960,0,0,guadarrama,9,9,tmax
AlpScrGr,172894,0,0,guadarrama,9,9,tmax
ArtSurf,1490,0,0,guadarrama,9,9,tmax
Grass,7028,0,0,guadarrama,9,9,tmax
MedSclF,3280,0,0,guadarrama,9,9,tmax
MedScrub,38947,0,0,guadarrama,9,9,tmax
Peatland,229,0,0,guadarrama,9,9,tmax
Reforestation,88149,0,0,guadarrama,9,9,tmax
RipF,529,0,0,guadarrama,9,9,tmax
RockScreeVeg,46691,0,0,guadarrama,9,9,tmax
SMedMarF,5314,0,0,guadarrama,9,9,tmax
Shrub,3703,0,0,guadarrama,9,9,tmax
TempDecF,1436,0,0,guadarrama,9,9,tmax
WaterSurf,30,0,0,guadarrama,9,9,tmax
AlpConF,129960,0,0,guadarrama,9,10,tmax
AlpScrGr,172894,0,0,guadarrama,9,10,tmax
ArtSurf,1490,0,0,guadarrama,9,10,tmax
Grass,7028,0,0,guadarrama,9,10,tmax
MedSclF,3280,0,0,guadarrama,9,10,tmax
MedScrub,38947,0,0,guadarrama,9,10,tmax
Peatland,229,0,0,guadarrama,9,10,tmax
Reforestation,88149,0,0,guadarrama,9,10,tmax
RipF,529,0,0,guadarrama,9,10,tmax
RockScreeVeg,46691,0,0,guadarrama,9,10,tmax
SMedMarF,5314,0,0,guadarrama,9,10,tmax
Shrub,3703,0,0,guadarrama,9,10,tmax
TempDecF,1436,0,0,guadarrama,9,10,tmax
WaterSurf,30,0,0,guadarrama,9,10,tmax
AlpConF,129960,0,0,guadarrama,9,11,tmax
AlpScrGr,172894,0,0,guadarrama,9,11,tmax
ArtSurf,1490,0,0,guadarrama,9,11,tmax
Grass,7028,0,0,guadarrama,9,11,tmax
MedSclF,3280,0,0,guadarrama,9,11,tmax
MedScrub,38947,0,0,guadarrama,9,11,tmax
Peatland,229,0,0,guadarrama,9,11,tmax
Reforestation,88149,0,0,guadarrama,9,11,tmax
RipF,529,0,0,guadarrama,9,11,tmax
RockScreeVeg,46691,0,0,guadarrama,9,11,tmax
SMedMarF,5314,0,0,guadarrama,9,11,tmax
Shrub,3703,0,0,guadarrama,9,11,tmax
TempDecF,1436,0,0,guadarrama,9,11,tmax
WaterSurf,30,0,0,guadarrama,9,11,tmax
AlpConF,129960,0,0,guadarrama,9,12,tmax
AlpScrGr,172894,0,0,guadarrama,9,12,tmax
ArtSurf,1490,0,0,guadarrama,9,12,tmax
Grass,7028,0,0,guadarrama,9,12,tmax
MedSclF,3280,0,0,guadarrama,9,12,tmax
MedScrub,38947,0,0,guadarrama,9,12,tmax
Peatland,229,0,0,guadarrama,9,12,tmax
Reforestation,88133,0,0,guadarrama,9,12,tmax
RipF,529,0,0,guadarrama,9,12,tmax
RockScreeVeg,46691,0,0,guadarrama,9,12,tmax
SMedMarF,5314,0,0,guadarrama,9,12,tmax
Shrub,3703,0,0,guadarrama,9,12,tmax
TempDecF,1436,0,0,guadarrama,9,12,tmax
WaterSurf,30,0,0,guadarrama,9,12,tmax
AlpConF,129960,0,0,guadarrama,12,1,tmax
AlpScrGr,172894,0,0,guadarrama,12,1,tmax
ArtSurf,1490,0,0,guadarrama,12,1,tmax
Grass,7028,0,0,guadarrama,12,1,tmax
MedSclF,3280,0,0,guadarrama,12,1,tmax
MedScrub,38947,0,0,guadarrama,12,1,tmax
Peatland,229,0,0,guadarrama,12,1,tmax
Reforestation,88147,0,0,guadarrama,12,1,tmax
RipF,529,0,0,guadarrama,12,1,tmax
RockScreeVeg,46691,0,0,guadarrama,12,1,tmax
SMedMarF,5314,0,0,guadarrama,12,1,tmax
Shrub,3703,0,0,guadarrama,12,1,tmax
TempDecF,1436,0,0,guadarrama,12,1,tmax
WaterSurf,30,0,0,guadarrama,12,1,tmax
AlpConF,129960,0,0,guadarrama,12,2,tmax
AlpScrGr,172894,0,0,guadarrama,12,2,tmax
ArtSurf,1490,0,0,guadarrama,12,2,tmax
Grass,7028,0,0,guadarrama,12,2,tmax
MedSclF,3280,0,0,guadarrama,12,2,tmax
MedScrub,38947,0,0,guadarrama,12,2,tmax
Peatland,229,0,0,guadarrama,12,2,tmax
Reforestation,88149,0,0,guadarrama,12,2,tmax
RipF,529,0,0,guadarrama,12,2,tmax
RockScreeVeg,46691,0,0,guadarrama,12,2,tmax
SMedMarF,5314,0,0,guadarrama,12,2,tmax
Shrub,3703,0,0,guadarrama,12,2,tmax
TempDecF,1436,0,0,guadarrama,12,2,tmax
WaterSurf,30,0,0,guadarrama,12,2,tmax
AlpConF,129960,27,0.02,guadarrama,12,3,tmax
AlpScrGr,172894,1,0,guadarrama,12,3,tmax
ArtSurf,1490,0,0,guadarrama,12,3,tmax
Grass,7028,0,0,guadarrama,12,3,tmax
MedSclF,3280,5,0.15,guadarrama,12,3,tmax
MedScrub,38947,105,0.27,guadarrama,12,3,tmax
Peatland,229,0,0,guadarrama,12,3,tmax
Reforestation,88149,210,0.24,guadarrama,12,3,tmax
RipF,529,0,0,guadarrama,12,3,tmax
RockScreeVeg,46691,43,0.09,guadarrama,12,3,tmax
SMedMarF,5314,0,0,guadarrama,12,3,tmax
Shrub,3703,0,0,guadarrama,12,3,tmax
TempDecF,1436,5,0.35,guadarrama,12,3,tmax
WaterSurf,30,0,0,guadarrama,12,3,tmax
AlpConF,129960,0,0,guadarrama,12,4,tmax
AlpScrGr,172894,0,0,guadarrama,12,4,tmax
ArtSurf,1490,0,0,guadarrama,12,4,tmax
Grass,7028,0,0,guadarrama,12,4,tmax
MedSclF,3280,0,0,guadarrama,12,4,tmax
MedScrub,38947,0,0,guadarrama,12,4,tmax
Peatland,229,0,0,guadarrama,12,4,tmax
Reforestation,88149,0,0,guadarrama,12,4,tmax
RipF,529,0,0,guadarrama,12,4,tmax
RockScreeVeg,46691,0,0,guadarrama,12,4,tmax
SMedMarF,5314,0,0,guadarrama,12,4,tmax
Shrub,3703,0,0,guadarrama,12,4,tmax
TempDecF,1436,0,0,guadarrama,12,4,tmax
WaterSurf,30,0,0,guadarrama,12,4,tmax
AlpConF,129960,0,0,guadarrama,12,5,tmax
AlpScrGr,172894,0,0,guadarrama,12,5,tmax
ArtSurf,1490,0,0,guadarrama,12,5,tmax
Grass,7028,0,0,guadarrama,12,5,tmax
MedSclF,3280,0,0,guadarrama,12,5,tmax
MedScrub,38947,0,0,guadarrama,12,5,tmax
Peatland,229,0,0,guadarrama,12,5,tmax
Reforestation,88149,0,0,guadarrama,12,5,tmax
RipF,529,0,0,guadarrama,12,5,tmax
RockScreeVeg,46691,0,0,guadarrama,12,5,tmax
SMedMarF,5314,0,0,guadarrama,12,5,tmax
Shrub,3703,0,0,guadarrama,12,5,tmax
TempDecF,1436,0,0,guadarrama,12,5,tmax
WaterSurf,30,0,0,guadarrama,12,5,tmax
AlpConF,129960,0,0,guadarrama,12,6,tmax
AlpScrGr,172894,0,0,guadarrama,12,6,tmax
ArtSurf,1490,0,0,guadarrama,12,6,tmax
Grass,7028,0,0,guadarrama,12,6,tmax
MedSclF,3280,0,0,guadarrama,12,6,tmax
MedScrub,38947,0,0,guadarrama,12,6,tmax
Peatland,229,0,0,guadarrama,12,6,tmax
Reforestation,88149,0,0,guadarrama,12,6,tmax
RipF,529,0,0,guadarrama,12,6,tmax
RockScreeVeg,46691,0,0,guadarrama,12,6,tmax
SMedMarF,5314,0,0,guadarrama,12,6,tmax
Shrub,3703,0,0,guadarrama,12,6,tmax
TempDecF,1436,0,0,guadarrama,12,6,tmax
WaterSurf,30,0,0,guadarrama,12,6,tmax
AlpConF,129960,0,0,guadarrama,12,7,tmax
AlpScrGr,172894,0,0,guadarrama,12,7,tmax
ArtSurf,1490,0,0,guadarrama,12,7,tmax
Grass,7028,0,0,guadarrama,12,7,tmax
MedSclF,3280,0,0,guadarrama,12,7,tmax
MedScrub,38947,0,0,guadarrama,12,7,tmax
Peatland,229,0,0,guadarrama,12,7,tmax
Reforestation,88149,0,0,guadarrama,12,7,tmax
RipF,529,0,0,guadarrama,12,7,tmax
RockScreeVeg,46691,0,0,guadarrama,12,7,tmax
SMedMarF,5314,0,0,guadarrama,12,7,tmax
Shrub,3703,0,0,guadarrama,12,7,tmax
TempDecF,1436,0,0,guadarrama,12,7,tmax
WaterSurf,30,0,0,guadarrama,12,7,tmax
AlpConF,129960,0,0,guadarrama,12,8,tmax
AlpScrGr,172894,0,0,guadarrama,12,8,tmax
ArtSurf,1490,0,0,guadarrama,12,8,tmax
Grass,7028,0,0,guadarrama,12,8,tmax
MedSclF,3280,0,0,guadarrama,12,8,tmax
MedScrub,38947,0,0,guadarrama,12,8,tmax
Peatland,229,0,0,guadarrama,12,8,tmax
Reforestation,88149,0,0,guadarrama,12,8,tmax
RipF,529,0,0,guadarrama,12,8,tmax
RockScreeVeg,46691,0,0,guadarrama,12,8,tmax
SMedMarF,5314,0,0,guadarrama,12,8,tmax
Shrub,3703,0,0,guadarrama,12,8,tmax
TempDecF,1436,0,0,guadarrama,12,8,tmax
WaterSurf,30,0,0,guadarrama,12,8,tmax
AlpConF,129960,0,0,guadarrama,12,9,tmax
AlpScrGr,172894,0,0,guadarrama,12,9,tmax
ArtSurf,1490,0,0,guadarrama,12,9,tmax
Grass,7028,0,0,guadarrama,12,9,tmax
MedSclF,3280,0,0,guadarrama,12,9,tmax
MedScrub,38947,0,0,guadarrama,12,9,tmax
Peatland,229,0,0,guadarrama,12,9,tmax
Reforestation,88149,0,0,guadarrama,12,9,tmax
RipF,529,0,0,guadarrama,12,9,tmax
RockScreeVeg,46691,0,0,guadarrama,12,9,tmax
SMedMarF,5314,0,0,guadarrama,12,9,tmax
Shrub,3703,0,0,guadarrama,12,9,tmax
TempDecF,1436,0,0,guadarrama,12,9,tmax
WaterSurf,30,0,0,guadarrama,12,9,tmax
AlpConF,129960,0,0,guadarrama,12,10,tmax
AlpScrGr,172894,0,0,guadarrama,12,10,tmax
ArtSurf,1490,0,0,guadarrama,12,10,tmax
Grass,7028,0,0,guadarrama,12,10,tmax
MedSclF,3280,0,0,guadarrama,12,10,tmax
MedScrub,38947,0,0,guadarrama,12,10,tmax
Peatland,229,0,0,guadarrama,12,10,tmax
Reforestation,88149,0,0,guadarrama,12,10,tmax
RipF,529,0,0,guadarrama,12,10,tmax
RockScreeVeg,46691,0,0,guadarrama,12,10,tmax
SMedMarF,5314,0,0,guadarrama,12,10,tmax
Shrub,3703,0,0,guadarrama,12,10,tmax
TempDecF,1436,0,0,guadarrama,12,10,tmax
WaterSurf,30,0,0,guadarrama,12,10,tmax
AlpConF,129960,0,0,guadarrama,12,11,tmax
AlpScrGr,172894,0,0,guadarrama,12,11,tmax
ArtSurf,1490,0,0,guadarrama,12,11,tmax
Grass,7028,0,0,guadarrama,12,11,tmax
MedSclF,3280,0,0,guadarrama,12,11,tmax
MedScrub,38947,0,0,guadarrama,12,11,tmax
Peatland,229,0,0,guadarrama,12,11,tmax
Reforestation,88149,0,0,guadarrama,12,11,tmax
RipF,529,0,0,guadarrama,12,11,tmax
RockScreeVeg,46691,0,0,guadarrama,12,11,tmax
SMedMarF,5314,0,0,guadarrama,12,11,tmax
Shrub,3703,0,0,guadarrama,12,11,tmax
TempDecF,1436,0,0,guadarrama,12,11,tmax
WaterSurf,30,0,0,guadarrama,12,11,tmax
AlpConF,129960,0,0,guadarrama,12,12,tmax
AlpScrGr,172894,0,0,guadarrama,12,12,tmax
ArtSurf,1490,0,0,guadarrama,12,12,tmax
Grass,7028,0,0,guadarrama,12,12,tmax
MedSclF,3280,0,0,guadarrama,12,12,tmax
MedScrub,38947,0,0,guadarrama,12,12,tmax
Peatland,229,0,0,guadarrama,12,12,tmax
Reforestation,88133,0,0,guadarrama,12,12,tmax
RipF,529,0,0,guadarrama,12,12,tmax
RockScreeVeg,46691,0,0,guadarrama,12,12,tmax
SMedMarF,5314,0,0,guadarrama,12,12,tmax
Shrub,3703,0,0,guadarrama,12,12,tmax
TempDecF,1436,0,0,guadarrama,12,12,tmax
WaterSurf,30,0,0,guadarrama,12,12,tmax
ArtSurf,329,0,0,cies,1,1,tmax
AtlScrub,5686,0,0,cies,1,1,tmax
BareArea,3742,0,0,cies,1,1,tmax
Crop,3,0,0,cies,1,1,tmax
DuneSand,232,0,0,cies,1,1,tmax
Grass,1926,0,0,cies,1,1,tmax
HydroRipVeg,100,0,0,cies,1,1,tmax
MedSclF,18,0,0,cies,1,1,tmax
Reforestation,2902,0,0,cies,1,1,tmax
RipF,133,0,0,cies,1,1,tmax
RockScreeVeg,28,0,0,cies,1,1,tmax
SMedMarF,2,0,0,cies,1,1,tmax
SaltMar,253,0,0,cies,1,1,tmax
Shrub,772,0,0,cies,1,1,tmax
TempDecF,261,0,0,cies,1,1,tmax
WaterSurf,95,0,0,cies,1,1,tmax
ArtSurf,329,0,0,cies,1,2,tmax
AtlScrub,5686,0,0,cies,1,2,tmax
BareArea,3742,0,0,cies,1,2,tmax
Crop,3,0,0,cies,1,2,tmax
DuneSand,232,0,0,cies,1,2,tmax
Grass,1926,0,0,cies,1,2,tmax
HydroRipVeg,100,0,0,cies,1,2,tmax
MedSclF,18,0,0,cies,1,2,tmax
Reforestation,2902,0,0,cies,1,2,tmax
RipF,133,0,0,cies,1,2,tmax
RockScreeVeg,28,0,0,cies,1,2,tmax
SMedMarF,2,0,0,cies,1,2,tmax
SaltMar,253,0,0,cies,1,2,tmax
Shrub,772,0,0,cies,1,2,tmax
TempDecF,261,0,0,cies,1,2,tmax
WaterSurf,95,0,0,cies,1,2,tmax
ArtSurf,329,0,0,cies,1,3,tmax
AtlScrub,5686,0,0,cies,1,3,tmax
BareArea,3742,0,0,cies,1,3,tmax
Crop,3,0,0,cies,1,3,tmax
DuneSand,232,0,0,cies,1,3,tmax
Grass,1926,0,0,cies,1,3,tmax
HydroRipVeg,100,0,0,cies,1,3,tmax
MedSclF,18,0,0,cies,1,3,tmax
Reforestation,2902,0,0,cies,1,3,tmax
RipF,133,0,0,cies,1,3,tmax
RockScreeVeg,28,0,0,cies,1,3,tmax
SMedMarF,2,0,0,cies,1,3,tmax
SaltMar,253,0,0,cies,1,3,tmax
Shrub,772,0,0,cies,1,3,tmax
TempDecF,261,0,0,cies,1,3,tmax
WaterSurf,95,0,0,cies,1,3,tmax
ArtSurf,329,0,0,cies,1,4,tmax
AtlScrub,5686,0,0,cies,1,4,tmax
BareArea,3742,0,0,cies,1,4,tmax
Crop,3,0,0,cies,1,4,tmax
DuneSand,232,0,0,cies,1,4,tmax
Grass,1926,0,0,cies,1,4,tmax
HydroRipVeg,100,0,0,cies,1,4,tmax
MedSclF,18,0,0,cies,1,4,tmax
Reforestation,2902,0,0,cies,1,4,tmax
RipF,133,0,0,cies,1,4,tmax
RockScreeVeg,28,0,0,cies,1,4,tmax
SMedMarF,2,0,0,cies,1,4,tmax
SaltMar,253,0,0,cies,1,4,tmax
Shrub,772,0,0,cies,1,4,tmax
TempDecF,261,0,0,cies,1,4,tmax
WaterSurf,95,0,0,cies,1,4,tmax
ArtSurf,329,0,0,cies,1,5,tmax
AtlScrub,5686,0,0,cies,1,5,tmax
BareArea,3742,0,0,cies,1,5,tmax
Crop,3,0,0,cies,1,5,tmax
DuneSand,232,0,0,cies,1,5,tmax
Grass,1926,0,0,cies,1,5,tmax
HydroRipVeg,100,0,0,cies,1,5,tmax
MedSclF,18,0,0,cies,1,5,tmax
Reforestation,2902,0,0,cies,1,5,tmax
RipF,133,0,0,cies,1,5,tmax
RockScreeVeg,28,0,0,cies,1,5,tmax
SMedMarF,2,0,0,cies,1,5,tmax
SaltMar,253,0,0,cies,1,5,tmax
Shrub,772,0,0,cies,1,5,tmax
TempDecF,261,0,0,cies,1,5,tmax
WaterSurf,95,0,0,cies,1,5,tmax
ArtSurf,329,0,0,cies,1,6,tmax
AtlScrub,5686,0,0,cies,1,6,tmax
BareArea,3742,0,0,cies,1,6,tmax
Crop,3,0,0,cies,1,6,tmax
DuneSand,232,0,0,cies,1,6,tmax
Grass,1926,0,0,cies,1,6,tmax
HydroRipVeg,100,0,0,cies,1,6,tmax
MedSclF,18,0,0,cies,1,6,tmax
Reforestation,2902,0,0,cies,1,6,tmax
RipF,133,0,0,cies,1,6,tmax
RockScreeVeg,28,0,0,cies,1,6,tmax
SMedMarF,2,0,0,cies,1,6,tmax
SaltMar,253,0,0,cies,1,6,tmax
Shrub,772,0,0,cies,1,6,tmax
TempDecF,261,0,0,cies,1,6,tmax
WaterSurf,95,0,0,cies,1,6,tmax
ArtSurf,329,0,0,cies,1,7,tmax
AtlScrub,5686,0,0,cies,1,7,tmax
BareArea,3742,0,0,cies,1,7,tmax
Crop,3,0,0,cies,1,7,tmax
DuneSand,232,0,0,cies,1,7,tmax
Grass,1926,0,0,cies,1,7,tmax
HydroRipVeg,100,0,0,cies,1,7,tmax
MedSclF,18,0,0,cies,1,7,tmax
Reforestation,2902,0,0,cies,1,7,tmax
RipF,133,0,0,cies,1,7,tmax
RockScreeVeg,28,0,0,cies,1,7,tmax
SMedMarF,2,0,0,cies,1,7,tmax
SaltMar,253,0,0,cies,1,7,tmax
Shrub,772,0,0,cies,1,7,tmax
TempDecF,261,0,0,cies,1,7,tmax
WaterSurf,95,0,0,cies,1,7,tmax
ArtSurf,329,0,0,cies,1,8,tmax
AtlScrub,5686,0,0,cies,1,8,tmax
BareArea,3742,0,0,cies,1,8,tmax
Crop,3,0,0,cies,1,8,tmax
DuneSand,232,0,0,cies,1,8,tmax
Grass,1926,0,0,cies,1,8,tmax
HydroRipVeg,100,0,0,cies,1,8,tmax
MedSclF,18,0,0,cies,1,8,tmax
Reforestation,2902,0,0,cies,1,8,tmax
RipF,133,0,0,cies,1,8,tmax
RockScreeVeg,28,0,0,cies,1,8,tmax
SMedMarF,2,0,0,cies,1,8,tmax
SaltMar,253,0,0,cies,1,8,tmax
Shrub,772,0,0,cies,1,8,tmax
TempDecF,261,0,0,cies,1,8,tmax
WaterSurf,95,0,0,cies,1,8,tmax
ArtSurf,329,28,8.51,cies,1,9,tmax
AtlScrub,5686,277,4.87,cies,1,9,tmax
BareArea,3742,61,1.63,cies,1,9,tmax
Crop,3,1,33.33,cies,1,9,tmax
DuneSand,232,19,8.19,cies,1,9,tmax
Grass,1926,95,4.93,cies,1,9,tmax
HydroRipVeg,100,42,42,cies,1,9,tmax
MedSclF,18,3,16.67,cies,1,9,tmax
Reforestation,2902,117,4.03,cies,1,9,tmax
RipF,133,9,6.77,cies,1,9,tmax
RockScreeVeg,28,1,3.57,cies,1,9,tmax
SMedMarF,2,0,0,cies,1,9,tmax
SaltMar,253,15,5.93,cies,1,9,tmax
Shrub,772,124,16.06,cies,1,9,tmax
TempDecF,261,21,8.05,cies,1,9,tmax
WaterSurf,95,0,0,cies,1,9,tmax
ArtSurf,329,0,0,cies,1,10,tmax
AtlScrub,5686,0,0,cies,1,10,tmax
BareArea,3742,0,0,cies,1,10,tmax
Crop,3,0,0,cies,1,10,tmax
DuneSand,232,0,0,cies,1,10,tmax
Grass,1926,0,0,cies,1,10,tmax
HydroRipVeg,100,0,0,cies,1,10,tmax
MedSclF,18,0,0,cies,1,10,tmax
Reforestation,2902,0,0,cies,1,10,tmax
RipF,133,0,0,cies,1,10,tmax
RockScreeVeg,28,0,0,cies,1,10,tmax
SMedMarF,2,0,0,cies,1,10,tmax
SaltMar,253,0,0,cies,1,10,tmax
Shrub,772,0,0,cies,1,10,tmax
TempDecF,261,0,0,cies,1,10,tmax
WaterSurf,95,0,0,cies,1,10,tmax
ArtSurf,329,0,0,cies,1,11,tmax
AtlScrub,5686,0,0,cies,1,11,tmax
BareArea,3742,0,0,cies,1,11,tmax
Crop,3,0,0,cies,1,11,tmax
DuneSand,232,0,0,cies,1,11,tmax
Grass,1926,0,0,cies,1,11,tmax
HydroRipVeg,100,0,0,cies,1,11,tmax
MedSclF,18,0,0,cies,1,11,tmax
Reforestation,2902,0,0,cies,1,11,tmax
RipF,133,0,0,cies,1,11,tmax
RockScreeVeg,28,0,0,cies,1,11,tmax
SMedMarF,2,0,0,cies,1,11,tmax
SaltMar,253,0,0,cies,1,11,tmax
Shrub,772,0,0,cies,1,11,tmax
TempDecF,261,0,0,cies,1,11,tmax
WaterSurf,95,0,0,cies,1,11,tmax
ArtSurf,329,0,0,cies,1,12,tmax
AtlScrub,5686,0,0,cies,1,12,tmax
BareArea,3742,0,0,cies,1,12,tmax
Crop,3,0,0,cies,1,12,tmax
DuneSand,232,0,0,cies,1,12,tmax
Grass,1926,0,0,cies,1,12,tmax
HydroRipVeg,100,0,0,cies,1,12,tmax
MedSclF,18,0,0,cies,1,12,tmax
Reforestation,2902,0,0,cies,1,12,tmax
RipF,133,0,0,cies,1,12,tmax
RockScreeVeg,28,0,0,cies,1,12,tmax
SMedMarF,2,0,0,cies,1,12,tmax
SaltMar,253,0,0,cies,1,12,tmax
Shrub,772,0,0,cies,1,12,tmax
TempDecF,261,0,0,cies,1,12,tmax
WaterSurf,95,0,0,cies,1,12,tmax
ArtSurf,329,0,0,cies,3,1,tmax
AtlScrub,5686,0,0,cies,3,1,tmax
BareArea,3742,0,0,cies,3,1,tmax
Crop,3,0,0,cies,3,1,tmax
DuneSand,232,0,0,cies,3,1,tmax
Grass,1926,0,0,cies,3,1,tmax
HydroRipVeg,100,0,0,cies,3,1,tmax
MedSclF,18,0,0,cies,3,1,tmax
Reforestation,2902,0,0,cies,3,1,tmax
RipF,133,0,0,cies,3,1,tmax
RockScreeVeg,28,0,0,cies,3,1,tmax
SMedMarF,2,0,0,cies,3,1,tmax
SaltMar,253,0,0,cies,3,1,tmax
Shrub,772,0,0,cies,3,1,tmax
TempDecF,261,0,0,cies,3,1,tmax
WaterSurf,95,0,0,cies,3,1,tmax
ArtSurf,329,0,0,cies,3,2,tmax
AtlScrub,5686,0,0,cies,3,2,tmax
BareArea,3742,0,0,cies,3,2,tmax
Crop,3,0,0,cies,3,2,tmax
DuneSand,232,0,0,cies,3,2,tmax
Grass,1926,0,0,cies,3,2,tmax
HydroRipVeg,100,0,0,cies,3,2,tmax
MedSclF,18,0,0,cies,3,2,tmax
Reforestation,2902,0,0,cies,3,2,tmax
RipF,133,0,0,cies,3,2,tmax
RockScreeVeg,28,0,0,cies,3,2,tmax
SMedMarF,2,0,0,cies,3,2,tmax
SaltMar,253,0,0,cies,3,2,tmax
Shrub,772,0,0,cies,3,2,tmax
TempDecF,261,0,0,cies,3,2,tmax
WaterSurf,95,0,0,cies,3,2,tmax
ArtSurf,329,0,0,cies,3,3,tmax
AtlScrub,5686,0,0,cies,3,3,tmax
BareArea,3742,0,0,cies,3,3,tmax
Crop,3,0,0,cies,3,3,tmax
DuneSand,232,0,0,cies,3,3,tmax
Grass,1926,0,0,cies,3,3,tmax
HydroRipVeg,100,0,0,cies,3,3,tmax
MedSclF,18,0,0,cies,3,3,tmax
Reforestation,2902,0,0,cies,3,3,tmax
RipF,133,0,0,cies,3,3,tmax
RockScreeVeg,28,0,0,cies,3,3,tmax
SMedMarF,2,0,0,cies,3,3,tmax
SaltMar,253,0,0,cies,3,3,tmax
Shrub,772,0,0,cies,3,3,tmax
TempDecF,261,0,0,cies,3,3,tmax
WaterSurf,95,0,0,cies,3,3,tmax
ArtSurf,329,0,0,cies,3,4,tmax
AtlScrub,5686,0,0,cies,3,4,tmax
BareArea,3742,0,0,cies,3,4,tmax
Crop,3,0,0,cies,3,4,tmax
DuneSand,232,0,0,cies,3,4,tmax
Grass,1926,0,0,cies,3,4,tmax
HydroRipVeg,100,0,0,cies,3,4,tmax
MedSclF,18,0,0,cies,3,4,tmax
Reforestation,2902,0,0,cies,3,4,tmax
RipF,133,0,0,cies,3,4,tmax
RockScreeVeg,28,0,0,cies,3,4,tmax
SMedMarF,2,0,0,cies,3,4,tmax
SaltMar,253,0,0,cies,3,4,tmax
Shrub,772,0,0,cies,3,4,tmax
TempDecF,261,0,0,cies,3,4,tmax
WaterSurf,95,0,0,cies,3,4,tmax
ArtSurf,329,0,0,cies,3,5,tmax
AtlScrub,5686,0,0,cies,3,5,tmax
BareArea,3742,0,0,cies,3,5,tmax
Crop,3,0,0,cies,3,5,tmax
DuneSand,232,0,0,cies,3,5,tmax
Grass,1926,0,0,cies,3,5,tmax
HydroRipVeg,100,0,0,cies,3,5,tmax
MedSclF,18,0,0,cies,3,5,tmax
Reforestation,2902,0,0,cies,3,5,tmax
RipF,133,0,0,cies,3,5,tmax
RockScreeVeg,28,0,0,cies,3,5,tmax
SMedMarF,2,0,0,cies,3,5,tmax
SaltMar,253,0,0,cies,3,5,tmax
Shrub,772,0,0,cies,3,5,tmax
TempDecF,261,0,0,cies,3,5,tmax
WaterSurf,95,0,0,cies,3,5,tmax
ArtSurf,329,0,0,cies,3,6,tmax
AtlScrub,5686,0,0,cies,3,6,tmax
BareArea,3742,0,0,cies,3,6,tmax
Crop,3,0,0,cies,3,6,tmax
DuneSand,232,0,0,cies,3,6,tmax
Grass,1926,0,0,cies,3,6,tmax
HydroRipVeg,100,0,0,cies,3,6,tmax
MedSclF,18,0,0,cies,3,6,tmax
Reforestation,2902,0,0,cies,3,6,tmax
RipF,133,0,0,cies,3,6,tmax
RockScreeVeg,28,0,0,cies,3,6,tmax
SMedMarF,2,0,0,cies,3,6,tmax
SaltMar,253,0,0,cies,3,6,tmax
Shrub,772,0,0,cies,3,6,tmax
TempDecF,261,0,0,cies,3,6,tmax
WaterSurf,95,0,0,cies,3,6,tmax
ArtSurf,329,0,0,cies,3,7,tmax
AtlScrub,5686,1,0.02,cies,3,7,tmax
BareArea,3742,19,0.51,cies,3,7,tmax
Crop,3,0,0,cies,3,7,tmax
DuneSand,232,0,0,cies,3,7,tmax
Grass,1926,4,0.21,cies,3,7,tmax
HydroRipVeg,100,0,0,cies,3,7,tmax
MedSclF,18,0,0,cies,3,7,tmax
Reforestation,2902,2,0.07,cies,3,7,tmax
RipF,133,0,0,cies,3,7,tmax
RockScreeVeg,28,0,0,cies,3,7,tmax
SMedMarF,2,0,0,cies,3,7,tmax
SaltMar,253,0,0,cies,3,7,tmax
Shrub,772,2,0.26,cies,3,7,tmax
TempDecF,261,0,0,cies,3,7,tmax
WaterSurf,95,0,0,cies,3,7,tmax
ArtSurf,329,96,29.18,cies,3,8,tmax
AtlScrub,5686,2054,36.12,cies,3,8,tmax
BareArea,3742,1151,30.76,cies,3,8,tmax
Crop,3,2,66.67,cies,3,8,tmax
DuneSand,232,24,10.34,cies,3,8,tmax
Grass,1926,1030,53.48,cies,3,8,tmax
HydroRipVeg,100,54,54,cies,3,8,tmax
MedSclF,18,0,0,cies,3,8,tmax
Reforestation,2902,555,19.12,cies,3,8,tmax
RipF,133,32,24.06,cies,3,8,tmax
RockScreeVeg,28,19,67.86,cies,3,8,tmax
SMedMarF,2,0,0,cies,3,8,tmax
SaltMar,253,105,41.5,cies,3,8,tmax
Shrub,772,386,50,cies,3,8,tmax
TempDecF,261,7,2.68,cies,3,8,tmax
WaterSurf,95,7,7.37,cies,3,8,tmax
ArtSurf,329,115,34.95,cies,3,9,tmax
AtlScrub,5686,2238,39.36,cies,3,9,tmax
BareArea,3742,766,20.47,cies,3,9,tmax
Crop,3,1,33.33,cies,3,9,tmax
DuneSand,232,36,15.52,cies,3,9,tmax
Grass,1926,837,43.46,cies,3,9,tmax
HydroRipVeg,100,54,54,cies,3,9,tmax
MedSclF,18,1,5.56,cies,3,9,tmax
Reforestation,2902,390,13.44,cies,3,9,tmax
RipF,133,28,21.05,cies,3,9,tmax
RockScreeVeg,28,25,89.29,cies,3,9,tmax
SMedMarF,2,0,0,cies,3,9,tmax
SaltMar,253,93,36.76,cies,3,9,tmax
Shrub,772,350,45.34,cies,3,9,tmax
TempDecF,261,16,6.13,cies,3,9,tmax
WaterSurf,95,0,0,cies,3,9,tmax
ArtSurf,329,58,17.63,cies,3,10,tmax
AtlScrub,5686,795,13.98,cies,3,10,tmax
BareArea,3742,542,14.48,cies,3,10,tmax
Crop,3,0,0,cies,3,10,tmax
DuneSand,232,39,16.81,cies,3,10,tmax
Grass,1926,545,28.3,cies,3,10,tmax
HydroRipVeg,100,67,67,cies,3,10,tmax
MedSclF,18,0,0,cies,3,10,tmax
Reforestation,2902,113,3.89,cies,3,10,tmax
RipF,133,17,12.78,cies,3,10,tmax
RockScreeVeg,28,8,28.57,cies,3,10,tmax
SMedMarF,2,0,0,cies,3,10,tmax
SaltMar,253,92,36.36,cies,3,10,tmax
Shrub,772,264,34.2,cies,3,10,tmax
TempDecF,261,4,1.53,cies,3,10,tmax
WaterSurf,95,0,0,cies,3,10,tmax
ArtSurf,329,32,9.73,cies,3,11,tmax
AtlScrub,5686,834,14.67,cies,3,11,tmax
BareArea,3742,438,11.7,cies,3,11,tmax
Crop,3,0,0,cies,3,11,tmax
DuneSand,232,0,0,cies,3,11,tmax
Grass,1926,401,20.82,cies,3,11,tmax
HydroRipVeg,100,2,2,cies,3,11,tmax
MedSclF,18,0,0,cies,3,11,tmax
Reforestation,2902,67,2.31,cies,3,11,tmax
RipF,133,4,3.01,cies,3,11,tmax
RockScreeVeg,28,7,25,cies,3,11,tmax
SMedMarF,2,0,0,cies,3,11,tmax
SaltMar,253,58,22.92,cies,3,11,tmax
Shrub,772,72,9.33,cies,3,11,tmax
TempDecF,261,0,0,cies,3,11,tmax
WaterSurf,95,0,0,cies,3,11,tmax
ArtSurf,329,0,0,cies,3,12,tmax
AtlScrub,5686,0,0,cies,3,12,tmax
BareArea,3742,0,0,cies,3,12,tmax
Crop,3,0,0,cies,3,12,tmax
DuneSand,232,0,0,cies,3,12,tmax
Grass,1926,0,0,cies,3,12,tmax
HydroRipVeg,100,0,0,cies,3,12,tmax
MedSclF,18,0,0,cies,3,12,tmax
Reforestation,2902,0,0,cies,3,12,tmax
RipF,133,0,0,cies,3,12,tmax
RockScreeVeg,28,0,0,cies,3,12,tmax
SMedMarF,2,0,0,cies,3,12,tmax
SaltMar,253,0,0,cies,3,12,tmax
Shrub,772,0,0,cies,3,12,tmax
TempDecF,261,0,0,cies,3,12,tmax
WaterSurf,95,0,0,cies,3,12,tmax
ArtSurf,329,0,0,cies,6,1,tmax
AtlScrub,5686,0,0,cies,6,1,tmax
BareArea,3742,0,0,cies,6,1,tmax
Crop,3,0,0,cies,6,1,tmax
DuneSand,232,0,0,cies,6,1,tmax
Grass,1926,0,0,cies,6,1,tmax
HydroRipVeg,100,0,0,cies,6,1,tmax
MedSclF,18,0,0,cies,6,1,tmax
Reforestation,2902,0,0,cies,6,1,tmax
RipF,133,0,0,cies,6,1,tmax
RockScreeVeg,28,0,0,cies,6,1,tmax
SMedMarF,2,0,0,cies,6,1,tmax
SaltMar,253,0,0,cies,6,1,tmax
Shrub,772,0,0,cies,6,1,tmax
TempDecF,261,0,0,cies,6,1,tmax
WaterSurf,95,0,0,cies,6,1,tmax
ArtSurf,329,0,0,cies,6,2,tmax
AtlScrub,5686,0,0,cies,6,2,tmax
BareArea,3742,0,0,cies,6,2,tmax
Crop,3,0,0,cies,6,2,tmax
DuneSand,232,0,0,cies,6,2,tmax
Grass,1926,0,0,cies,6,2,tmax
HydroRipVeg,100,0,0,cies,6,2,tmax
MedSclF,18,0,0,cies,6,2,tmax
Reforestation,2902,0,0,cies,6,2,tmax
RipF,133,0,0,cies,6,2,tmax
RockScreeVeg,28,0,0,cies,6,2,tmax
SMedMarF,2,0,0,cies,6,2,tmax
SaltMar,253,0,0,cies,6,2,tmax
Shrub,772,0,0,cies,6,2,tmax
TempDecF,261,0,0,cies,6,2,tmax
WaterSurf,95,0,0,cies,6,2,tmax
ArtSurf,329,0,0,cies,6,3,tmax
AtlScrub,5686,0,0,cies,6,3,tmax
BareArea,3742,0,0,cies,6,3,tmax
Crop,3,0,0,cies,6,3,tmax
DuneSand,232,0,0,cies,6,3,tmax
Grass,1926,0,0,cies,6,3,tmax
HydroRipVeg,100,0,0,cies,6,3,tmax
MedSclF,18,0,0,cies,6,3,tmax
Reforestation,2902,0,0,cies,6,3,tmax
RipF,133,0,0,cies,6,3,tmax
RockScreeVeg,28,0,0,cies,6,3,tmax
SMedMarF,2,0,0,cies,6,3,tmax
SaltMar,253,0,0,cies,6,3,tmax
Shrub,772,0,0,cies,6,3,tmax
TempDecF,261,0,0,cies,6,3,tmax
WaterSurf,95,0,0,cies,6,3,tmax
ArtSurf,329,0,0,cies,6,4,tmax
AtlScrub,5686,0,0,cies,6,4,tmax
BareArea,3742,0,0,cies,6,4,tmax
Crop,3,0,0,cies,6,4,tmax
DuneSand,232,0,0,cies,6,4,tmax
Grass,1926,0,0,cies,6,4,tmax
HydroRipVeg,100,0,0,cies,6,4,tmax
MedSclF,18,0,0,cies,6,4,tmax
Reforestation,2902,0,0,cies,6,4,tmax
RipF,133,0,0,cies,6,4,tmax
RockScreeVeg,28,0,0,cies,6,4,tmax
SMedMarF,2,0,0,cies,6,4,tmax
SaltMar,253,0,0,cies,6,4,tmax
Shrub,772,0,0,cies,6,4,tmax
TempDecF,261,0,0,cies,6,4,tmax
WaterSurf,95,0,0,cies,6,4,tmax
ArtSurf,329,0,0,cies,6,5,tmax
AtlScrub,5686,0,0,cies,6,5,tmax
BareArea,3742,0,0,cies,6,5,tmax
Crop,3,0,0,cies,6,5,tmax
DuneSand,232,0,0,cies,6,5,tmax
Grass,1926,0,0,cies,6,5,tmax
HydroRipVeg,100,0,0,cies,6,5,tmax
MedSclF,18,0,0,cies,6,5,tmax
Reforestation,2902,0,0,cies,6,5,tmax
RipF,133,0,0,cies,6,5,tmax
RockScreeVeg,28,0,0,cies,6,5,tmax
SMedMarF,2,0,0,cies,6,5,tmax
SaltMar,253,0,0,cies,6,5,tmax
Shrub,772,0,0,cies,6,5,tmax
TempDecF,261,0,0,cies,6,5,tmax
WaterSurf,95,0,0,cies,6,5,tmax
ArtSurf,329,0,0,cies,6,6,tmax
AtlScrub,5686,0,0,cies,6,6,tmax
BareArea,3742,0,0,cies,6,6,tmax
Crop,3,0,0,cies,6,6,tmax
DuneSand,232,0,0,cies,6,6,tmax
Grass,1926,0,0,cies,6,6,tmax
HydroRipVeg,100,0,0,cies,6,6,tmax
MedSclF,18,0,0,cies,6,6,tmax
Reforestation,2902,0,0,cies,6,6,tmax
RipF,133,0,0,cies,6,6,tmax
RockScreeVeg,28,0,0,cies,6,6,tmax
SMedMarF,2,0,0,cies,6,6,tmax
SaltMar,253,0,0,cies,6,6,tmax
Shrub,772,0,0,cies,6,6,tmax
TempDecF,261,0,0,cies,6,6,tmax
WaterSurf,95,0,0,cies,6,6,tmax
ArtSurf,329,0,0,cies,6,7,tmax
AtlScrub,5686,0,0,cies,6,7,tmax
BareArea,3742,1,0.03,cies,6,7,tmax
Crop,3,0,0,cies,6,7,tmax
DuneSand,232,0,0,cies,6,7,tmax
Grass,1926,0,0,cies,6,7,tmax
HydroRipVeg,100,0,0,cies,6,7,tmax
MedSclF,18,0,0,cies,6,7,tmax
Reforestation,2902,0,0,cies,6,7,tmax
RipF,133,0,0,cies,6,7,tmax
RockScreeVeg,28,0,0,cies,6,7,tmax
SMedMarF,2,0,0,cies,6,7,tmax
SaltMar,253,0,0,cies,6,7,tmax
Shrub,772,0,0,cies,6,7,tmax
TempDecF,261,0,0,cies,6,7,tmax
WaterSurf,95,0,0,cies,6,7,tmax
ArtSurf,329,5,1.52,cies,6,8,tmax
AtlScrub,5686,103,1.81,cies,6,8,tmax
BareArea,3742,26,0.69,cies,6,8,tmax
Crop,3,0,0,cies,6,8,tmax
DuneSand,232,0,0,cies,6,8,tmax
Grass,1926,11,0.57,cies,6,8,tmax
HydroRipVeg,100,0,0,cies,6,8,tmax
MedSclF,18,0,0,cies,6,8,tmax
Reforestation,2902,5,0.17,cies,6,8,tmax
RipF,133,4,3.01,cies,6,8,tmax
RockScreeVeg,28,0,0,cies,6,8,tmax
SMedMarF,2,0,0,cies,6,8,tmax
SaltMar,253,3,1.19,cies,6,8,tmax
Shrub,772,9,1.17,cies,6,8,tmax
TempDecF,261,0,0,cies,6,8,tmax
WaterSurf,95,2,2.11,cies,6,8,tmax
ArtSurf,329,0,0,cies,6,9,tmax
AtlScrub,5686,2,0.04,cies,6,9,tmax
BareArea,3742,3,0.08,cies,6,9,tmax
Crop,3,0,0,cies,6,9,tmax
DuneSand,232,0,0,cies,6,9,tmax
Grass,1926,1,0.05,cies,6,9,tmax
HydroRipVeg,100,0,0,cies,6,9,tmax
MedSclF,18,0,0,cies,6,9,tmax
Reforestation,2902,0,0,cies,6,9,tmax
RipF,133,0,0,cies,6,9,tmax
RockScreeVeg,28,1,3.57,cies,6,9,tmax
SMedMarF,2,0,0,cies,6,9,tmax
SaltMar,253,1,0.4,cies,6,9,tmax
Shrub,772,0,0,cies,6,9,tmax
TempDecF,261,0,0,cies,6,9,tmax
WaterSurf,95,0,0,cies,6,9,tmax
ArtSurf,329,0,0,cies,6,10,tmax
AtlScrub,5686,1,0.02,cies,6,10,tmax
BareArea,3742,0,0,cies,6,10,tmax
Crop,3,0,0,cies,6,10,tmax
DuneSand,232,0,0,cies,6,10,tmax
Grass,1926,0,0,cies,6,10,tmax
HydroRipVeg,100,0,0,cies,6,10,tmax
MedSclF,18,0,0,cies,6,10,tmax
Reforestation,2902,0,0,cies,6,10,tmax
RipF,133,0,0,cies,6,10,tmax
RockScreeVeg,28,0,0,cies,6,10,tmax
SMedMarF,2,0,0,cies,6,10,tmax
SaltMar,253,0,0,cies,6,10,tmax
Shrub,772,0,0,cies,6,10,tmax
TempDecF,261,0,0,cies,6,10,tmax
WaterSurf,95,0,0,cies,6,10,tmax
ArtSurf,329,0,0,cies,6,11,tmax
AtlScrub,5686,0,0,cies,6,11,tmax
BareArea,3742,0,0,cies,6,11,tmax
Crop,3,0,0,cies,6,11,tmax
DuneSand,232,0,0,cies,6,11,tmax
Grass,1926,0,0,cies,6,11,tmax
HydroRipVeg,100,0,0,cies,6,11,tmax
MedSclF,18,0,0,cies,6,11,tmax
Reforestation,2902,0,0,cies,6,11,tmax
RipF,133,0,0,cies,6,11,tmax
RockScreeVeg,28,0,0,cies,6,11,tmax
SMedMarF,2,0,0,cies,6,11,tmax
SaltMar,253,0,0,cies,6,11,tmax
Shrub,772,0,0,cies,6,11,tmax
TempDecF,261,0,0,cies,6,11,tmax
WaterSurf,95,0,0,cies,6,11,tmax
ArtSurf,329,0,0,cies,6,12,tmax
AtlScrub,5686,0,0,cies,6,12,tmax
BareArea,3742,0,0,cies,6,12,tmax
Crop,3,0,0,cies,6,12,tmax
DuneSand,232,0,0,cies,6,12,tmax
Grass,1926,0,0,cies,6,12,tmax
HydroRipVeg,100,0,0,cies,6,12,tmax
MedSclF,18,0,0,cies,6,12,tmax
Reforestation,2902,0,0,cies,6,12,tmax
RipF,133,0,0,cies,6,12,tmax
RockScreeVeg,28,0,0,cies,6,12,tmax
SMedMarF,2,0,0,cies,6,12,tmax
SaltMar,253,0,0,cies,6,12,tmax
Shrub,772,0,0,cies,6,12,tmax
TempDecF,261,0,0,cies,6,12,tmax
WaterSurf,95,0,0,cies,6,12,tmax
ArtSurf,329,0,0,cies,9,1,tmax
AtlScrub,5686,0,0,cies,9,1,tmax
BareArea,3742,0,0,cies,9,1,tmax
Crop,3,0,0,cies,9,1,tmax
DuneSand,232,0,0,cies,9,1,tmax
Grass,1926,0,0,cies,9,1,tmax
HydroRipVeg,100,0,0,cies,9,1,tmax
MedSclF,18,0,0,cies,9,1,tmax
Reforestation,2902,0,0,cies,9,1,tmax
RipF,133,0,0,cies,9,1,tmax
RockScreeVeg,28,0,0,cies,9,1,tmax
SMedMarF,2,0,0,cies,9,1,tmax
SaltMar,253,0,0,cies,9,1,tmax
Shrub,772,0,0,cies,9,1,tmax
TempDecF,261,0,0,cies,9,1,tmax
WaterSurf,95,0,0,cies,9,1,tmax
ArtSurf,329,0,0,cies,9,2,tmax
AtlScrub,5686,0,0,cies,9,2,tmax
BareArea,3742,0,0,cies,9,2,tmax
Crop,3,0,0,cies,9,2,tmax
DuneSand,232,0,0,cies,9,2,tmax
Grass,1926,0,0,cies,9,2,tmax
HydroRipVeg,100,0,0,cies,9,2,tmax
MedSclF,18,0,0,cies,9,2,tmax
Reforestation,2902,0,0,cies,9,2,tmax
RipF,133,0,0,cies,9,2,tmax
RockScreeVeg,28,0,0,cies,9,2,tmax
SMedMarF,2,0,0,cies,9,2,tmax
SaltMar,253,0,0,cies,9,2,tmax
Shrub,772,0,0,cies,9,2,tmax
TempDecF,261,0,0,cies,9,2,tmax
WaterSurf,95,0,0,cies,9,2,tmax
ArtSurf,329,0,0,cies,9,3,tmax
AtlScrub,5686,0,0,cies,9,3,tmax
BareArea,3742,0,0,cies,9,3,tmax
Crop,3,0,0,cies,9,3,tmax
DuneSand,232,0,0,cies,9,3,tmax
Grass,1926,0,0,cies,9,3,tmax
HydroRipVeg,100,0,0,cies,9,3,tmax
MedSclF,18,0,0,cies,9,3,tmax
Reforestation,2902,0,0,cies,9,3,tmax
RipF,133,0,0,cies,9,3,tmax
RockScreeVeg,28,0,0,cies,9,3,tmax
SMedMarF,2,0,0,cies,9,3,tmax
SaltMar,253,0,0,cies,9,3,tmax
Shrub,772,0,0,cies,9,3,tmax
TempDecF,261,0,0,cies,9,3,tmax
WaterSurf,95,0,0,cies,9,3,tmax
ArtSurf,329,0,0,cies,9,4,tmax
AtlScrub,5686,0,0,cies,9,4,tmax
BareArea,3742,0,0,cies,9,4,tmax
Crop,3,0,0,cies,9,4,tmax
DuneSand,232,0,0,cies,9,4,tmax
Grass,1926,0,0,cies,9,4,tmax
HydroRipVeg,100,0,0,cies,9,4,tmax
MedSclF,18,0,0,cies,9,4,tmax
Reforestation,2902,0,0,cies,9,4,tmax
RipF,133,0,0,cies,9,4,tmax
RockScreeVeg,28,0,0,cies,9,4,tmax
SMedMarF,2,0,0,cies,9,4,tmax
SaltMar,253,0,0,cies,9,4,tmax
Shrub,772,0,0,cies,9,4,tmax
TempDecF,261,0,0,cies,9,4,tmax
WaterSurf,95,0,0,cies,9,4,tmax
ArtSurf,329,0,0,cies,9,5,tmax
AtlScrub,5686,0,0,cies,9,5,tmax
BareArea,3742,0,0,cies,9,5,tmax
Crop,3,0,0,cies,9,5,tmax
DuneSand,232,0,0,cies,9,5,tmax
Grass,1926,0,0,cies,9,5,tmax
HydroRipVeg,100,0,0,cies,9,5,tmax
MedSclF,18,0,0,cies,9,5,tmax
Reforestation,2902,0,0,cies,9,5,tmax
RipF,133,0,0,cies,9,5,tmax
RockScreeVeg,28,0,0,cies,9,5,tmax
SMedMarF,2,0,0,cies,9,5,tmax
SaltMar,253,0,0,cies,9,5,tmax
Shrub,772,0,0,cies,9,5,tmax
TempDecF,261,0,0,cies,9,5,tmax
WaterSurf,95,0,0,cies,9,5,tmax
ArtSurf,329,0,0,cies,9,6,tmax
AtlScrub,5686,0,0,cies,9,6,tmax
BareArea,3742,0,0,cies,9,6,tmax
Crop,3,0,0,cies,9,6,tmax
DuneSand,232,0,0,cies,9,6,tmax
Grass,1926,0,0,cies,9,6,tmax
HydroRipVeg,100,0,0,cies,9,6,tmax
MedSclF,18,0,0,cies,9,6,tmax
Reforestation,2902,0,0,cies,9,6,tmax
RipF,133,0,0,cies,9,6,tmax
RockScreeVeg,28,0,0,cies,9,6,tmax
SMedMarF,2,0,0,cies,9,6,tmax
SaltMar,253,0,0,cies,9,6,tmax
Shrub,772,0,0,cies,9,6,tmax
TempDecF,261,0,0,cies,9,6,tmax
WaterSurf,95,0,0,cies,9,6,tmax
ArtSurf,329,0,0,cies,9,7,tmax
AtlScrub,5686,0,0,cies,9,7,tmax
BareArea,3742,0,0,cies,9,7,tmax
Crop,3,0,0,cies,9,7,tmax
DuneSand,232,0,0,cies,9,7,tmax
Grass,1926,0,0,cies,9,7,tmax
HydroRipVeg,100,0,0,cies,9,7,tmax
MedSclF,18,0,0,cies,9,7,tmax
Reforestation,2902,0,0,cies,9,7,tmax
RipF,133,0,0,cies,9,7,tmax
RockScreeVeg,28,0,0,cies,9,7,tmax
SMedMarF,2,0,0,cies,9,7,tmax
SaltMar,253,0,0,cies,9,7,tmax
Shrub,772,0,0,cies,9,7,tmax
TempDecF,261,0,0,cies,9,7,tmax
WaterSurf,95,0,0,cies,9,7,tmax
ArtSurf,329,0,0,cies,9,8,tmax
AtlScrub,5686,32,0.56,cies,9,8,tmax
BareArea,3742,5,0.13,cies,9,8,tmax
Crop,3,0,0,cies,9,8,tmax
DuneSand,232,0,0,cies,9,8,tmax
Grass,1926,5,0.26,cies,9,8,tmax
HydroRipVeg,100,0,0,cies,9,8,tmax
MedSclF,18,0,0,cies,9,8,tmax
Reforestation,2902,0,0,cies,9,8,tmax
RipF,133,0,0,cies,9,8,tmax
RockScreeVeg,28,0,0,cies,9,8,tmax
SMedMarF,2,0,0,cies,9,8,tmax
SaltMar,253,0,0,cies,9,8,tmax
Shrub,772,1,0.13,cies,9,8,tmax
TempDecF,261,0,0,cies,9,8,tmax
WaterSurf,95,0,0,cies,9,8,tmax
ArtSurf,329,0,0,cies,9,9,tmax
AtlScrub,5686,0,0,cies,9,9,tmax
BareArea,3742,0,0,cies,9,9,tmax
Crop,3,0,0,cies,9,9,tmax
DuneSand,232,0,0,cies,9,9,tmax
Grass,1926,0,0,cies,9,9,tmax
HydroRipVeg,100,0,0,cies,9,9,tmax
MedSclF,18,0,0,cies,9,9,tmax
Reforestation,2902,0,0,cies,9,9,tmax
RipF,133,0,0,cies,9,9,tmax
RockScreeVeg,28,0,0,cies,9,9,tmax
SMedMarF,2,0,0,cies,9,9,tmax
SaltMar,253,0,0,cies,9,9,tmax
Shrub,772,0,0,cies,9,9,tmax
TempDecF,261,0,0,cies,9,9,tmax
WaterSurf,95,0,0,cies,9,9,tmax
ArtSurf,329,0,0,cies,9,10,tmax
AtlScrub,5686,1,0.02,cies,9,10,tmax
BareArea,3742,0,0,cies,9,10,tmax
Crop,3,0,0,cies,9,10,tmax
DuneSand,232,0,0,cies,9,10,tmax
Grass,1926,0,0,cies,9,10,tmax
HydroRipVeg,100,0,0,cies,9,10,tmax
MedSclF,18,0,0,cies,9,10,tmax
Reforestation,2902,1,0.03,cies,9,10,tmax
RipF,133,0,0,cies,9,10,tmax
RockScreeVeg,28,0,0,cies,9,10,tmax
SMedMarF,2,0,0,cies,9,10,tmax
SaltMar,253,0,0,cies,9,10,tmax
Shrub,772,0,0,cies,9,10,tmax
TempDecF,261,0,0,cies,9,10,tmax
WaterSurf,95,0,0,cies,9,10,tmax
ArtSurf,329,0,0,cies,9,11,tmax
AtlScrub,5686,0,0,cies,9,11,tmax
BareArea,3742,0,0,cies,9,11,tmax
Crop,3,0,0,cies,9,11,tmax
DuneSand,232,0,0,cies,9,11,tmax
Grass,1926,0,0,cies,9,11,tmax
HydroRipVeg,100,0,0,cies,9,11,tmax
MedSclF,18,0,0,cies,9,11,tmax
Reforestation,2902,0,0,cies,9,11,tmax
RipF,133,0,0,cies,9,11,tmax
RockScreeVeg,28,0,0,cies,9,11,tmax
SMedMarF,2,0,0,cies,9,11,tmax
SaltMar,253,0,0,cies,9,11,tmax
Shrub,772,0,0,cies,9,11,tmax
TempDecF,261,0,0,cies,9,11,tmax
WaterSurf,95,0,0,cies,9,11,tmax
ArtSurf,329,0,0,cies,9,12,tmax
AtlScrub,5686,0,0,cies,9,12,tmax
BareArea,3742,0,0,cies,9,12,tmax
Crop,3,0,0,cies,9,12,tmax
DuneSand,232,0,0,cies,9,12,tmax
Grass,1926,0,0,cies,9,12,tmax
HydroRipVeg,100,0,0,cies,9,12,tmax
MedSclF,18,0,0,cies,9,12,tmax
Reforestation,2902,0,0,cies,9,12,tmax
RipF,133,0,0,cies,9,12,tmax
RockScreeVeg,28,0,0,cies,9,12,tmax
SMedMarF,2,0,0,cies,9,12,tmax
SaltMar,253,0,0,cies,9,12,tmax
Shrub,772,0,0,cies,9,12,tmax
TempDecF,261,0,0,cies,9,12,tmax
WaterSurf,95,0,0,cies,9,12,tmax
ArtSurf,329,0,0,cies,12,1,tmax
AtlScrub,5686,0,0,cies,12,1,tmax
BareArea,3742,0,0,cies,12,1,tmax
Crop,3,0,0,cies,12,1,tmax
DuneSand,232,0,0,cies,12,1,tmax
Grass,1926,0,0,cies,12,1,tmax
HydroRipVeg,100,0,0,cies,12,1,tmax
MedSclF,18,0,0,cies,12,1,tmax
Reforestation,2902,0,0,cies,12,1,tmax
RipF,133,0,0,cies,12,1,tmax
RockScreeVeg,28,0,0,cies,12,1,tmax
SMedMarF,2,0,0,cies,12,1,tmax
SaltMar,253,0,0,cies,12,1,tmax
Shrub,772,0,0,cies,12,1,tmax
TempDecF,261,0,0,cies,12,1,tmax
WaterSurf,95,0,0,cies,12,1,tmax
ArtSurf,329,0,0,cies,12,2,tmax
AtlScrub,5686,0,0,cies,12,2,tmax
BareArea,3742,0,0,cies,12,2,tmax
Crop,3,0,0,cies,12,2,tmax
DuneSand,232,0,0,cies,12,2,tmax
Grass,1926,0,0,cies,12,2,tmax
HydroRipVeg,100,0,0,cies,12,2,tmax
MedSclF,18,0,0,cies,12,2,tmax
Reforestation,2902,0,0,cies,12,2,tmax
RipF,133,0,0,cies,12,2,tmax
RockScreeVeg,28,0,0,cies,12,2,tmax
SMedMarF,2,0,0,cies,12,2,tmax
SaltMar,253,0,0,cies,12,2,tmax
Shrub,772,0,0,cies,12,2,tmax
TempDecF,261,0,0,cies,12,2,tmax
WaterSurf,95,0,0,cies,12,2,tmax
ArtSurf,329,0,0,cies,12,3,tmax
AtlScrub,5686,0,0,cies,12,3,tmax
BareArea,3742,0,0,cies,12,3,tmax
Crop,3,0,0,cies,12,3,tmax
DuneSand,232,0,0,cies,12,3,tmax
Grass,1926,0,0,cies,12,3,tmax
HydroRipVeg,100,0,0,cies,12,3,tmax
MedSclF,18,0,0,cies,12,3,tmax
Reforestation,2902,0,0,cies,12,3,tmax
RipF,133,0,0,cies,12,3,tmax
RockScreeVeg,28,0,0,cies,12,3,tmax
SMedMarF,2,0,0,cies,12,3,tmax
SaltMar,253,0,0,cies,12,3,tmax
Shrub,772,0,0,cies,12,3,tmax
TempDecF,261,0,0,cies,12,3,tmax
WaterSurf,95,0,0,cies,12,3,tmax
ArtSurf,329,0,0,cies,12,4,tmax
AtlScrub,5686,0,0,cies,12,4,tmax
BareArea,3742,0,0,cies,12,4,tmax
Crop,3,0,0,cies,12,4,tmax
DuneSand,232,0,0,cies,12,4,tmax
Grass,1926,0,0,cies,12,4,tmax
HydroRipVeg,100,0,0,cies,12,4,tmax
MedSclF,18,0,0,cies,12,4,tmax
Reforestation,2902,0,0,cies,12,4,tmax
RipF,133,0,0,cies,12,4,tmax
RockScreeVeg,28,0,0,cies,12,4,tmax
SMedMarF,2,0,0,cies,12,4,tmax
SaltMar,253,0,0,cies,12,4,tmax
Shrub,772,0,0,cies,12,4,tmax
TempDecF,261,0,0,cies,12,4,tmax
WaterSurf,95,0,0,cies,12,4,tmax
ArtSurf,329,0,0,cies,12,5,tmax
AtlScrub,5686,0,0,cies,12,5,tmax
BareArea,3742,0,0,cies,12,5,tmax
Crop,3,0,0,cies,12,5,tmax
DuneSand,232,0,0,cies,12,5,tmax
Grass,1926,0,0,cies,12,5,tmax
HydroRipVeg,100,0,0,cies,12,5,tmax
MedSclF,18,0,0,cies,12,5,tmax
Reforestation,2902,0,0,cies,12,5,tmax
RipF,133,0,0,cies,12,5,tmax
RockScreeVeg,28,0,0,cies,12,5,tmax
SMedMarF,2,0,0,cies,12,5,tmax
SaltMar,253,0,0,cies,12,5,tmax
Shrub,772,0,0,cies,12,5,tmax
TempDecF,261,0,0,cies,12,5,tmax
WaterSurf,95,0,0,cies,12,5,tmax
ArtSurf,329,0,0,cies,12,6,tmax
AtlScrub,5686,0,0,cies,12,6,tmax
BareArea,3742,0,0,cies,12,6,tmax
Crop,3,0,0,cies,12,6,tmax
DuneSand,232,0,0,cies,12,6,tmax
Grass,1926,0,0,cies,12,6,tmax
HydroRipVeg,100,0,0,cies,12,6,tmax
MedSclF,18,0,0,cies,12,6,tmax
Reforestation,2902,0,0,cies,12,6,tmax
RipF,133,0,0,cies,12,6,tmax
RockScreeVeg,28,0,0,cies,12,6,tmax
SMedMarF,2,0,0,cies,12,6,tmax
SaltMar,253,0,0,cies,12,6,tmax
Shrub,772,0,0,cies,12,6,tmax
TempDecF,261,0,0,cies,12,6,tmax
WaterSurf,95,0,0,cies,12,6,tmax
ArtSurf,329,0,0,cies,12,7,tmax
AtlScrub,5686,0,0,cies,12,7,tmax
BareArea,3742,0,0,cies,12,7,tmax
Crop,3,0,0,cies,12,7,tmax
DuneSand,232,0,0,cies,12,7,tmax
Grass,1926,0,0,cies,12,7,tmax
HydroRipVeg,100,0,0,cies,12,7,tmax
MedSclF,18,0,0,cies,12,7,tmax
Reforestation,2902,0,0,cies,12,7,tmax
RipF,133,0,0,cies,12,7,tmax
RockScreeVeg,28,0,0,cies,12,7,tmax
SMedMarF,2,0,0,cies,12,7,tmax
SaltMar,253,0,0,cies,12,7,tmax
Shrub,772,0,0,cies,12,7,tmax
TempDecF,261,0,0,cies,12,7,tmax
WaterSurf,95,0,0,cies,12,7,tmax
ArtSurf,329,36,10.94,cies,12,8,tmax
AtlScrub,5686,1252,22.02,cies,12,8,tmax
BareArea,3742,421,11.25,cies,12,8,tmax
Crop,3,1,33.33,cies,12,8,tmax
DuneSand,232,15,6.47,cies,12,8,tmax
Grass,1926,448,23.26,cies,12,8,tmax
HydroRipVeg,100,33,33,cies,12,8,tmax
MedSclF,18,9,50,cies,12,8,tmax
Reforestation,2902,447,15.4,cies,12,8,tmax
RipF,133,18,13.53,cies,12,8,tmax
RockScreeVeg,28,19,67.86,cies,12,8,tmax
SMedMarF,2,0,0,cies,12,8,tmax
SaltMar,253,76,30.04,cies,12,8,tmax
Shrub,772,235,30.44,cies,12,8,tmax
TempDecF,261,95,36.4,cies,12,8,tmax
WaterSurf,95,0,0,cies,12,8,tmax
ArtSurf,329,0,0,cies,12,9,tmax
AtlScrub,5686,0,0,cies,12,9,tmax
BareArea,3742,0,0,cies,12,9,tmax
Crop,3,0,0,cies,12,9,tmax
DuneSand,232,0,0,cies,12,9,tmax
Grass,1926,0,0,cies,12,9,tmax
HydroRipVeg,100,0,0,cies,12,9,tmax
MedSclF,18,0,0,cies,12,9,tmax
Reforestation,2902,0,0,cies,12,9,tmax
RipF,133,0,0,cies,12,9,tmax
RockScreeVeg,28,0,0,cies,12,9,tmax
SMedMarF,2,0,0,cies,12,9,tmax
SaltMar,253,0,0,cies,12,9,tmax
Shrub,772,0,0,cies,12,9,tmax
TempDecF,261,0,0,cies,12,9,tmax
WaterSurf,95,0,0,cies,12,9,tmax
ArtSurf,329,0,0,cies,12,10,tmax
AtlScrub,5686,3,0.05,cies,12,10,tmax
BareArea,3742,0,0,cies,12,10,tmax
Crop,3,0,0,cies,12,10,tmax
DuneSand,232,0,0,cies,12,10,tmax
Grass,1926,0,0,cies,12,10,tmax
HydroRipVeg,100,0,0,cies,12,10,tmax
MedSclF,18,0,0,cies,12,10,tmax
Reforestation,2902,6,0.21,cies,12,10,tmax
RipF,133,0,0,cies,12,10,tmax
RockScreeVeg,28,0,0,cies,12,10,tmax
SMedMarF,2,0,0,cies,12,10,tmax
SaltMar,253,0,0,cies,12,10,tmax
Shrub,772,0,0,cies,12,10,tmax
TempDecF,261,0,0,cies,12,10,tmax
WaterSurf,95,0,0,cies,12,10,tmax
ArtSurf,329,0,0,cies,12,11,tmax
AtlScrub,5686,0,0,cies,12,11,tmax
BareArea,3742,0,0,cies,12,11,tmax
Crop,3,0,0,cies,12,11,tmax
DuneSand,232,0,0,cies,12,11,tmax
Grass,1926,0,0,cies,12,11,tmax
HydroRipVeg,100,0,0,cies,12,11,tmax
MedSclF,18,0,0,cies,12,11,tmax
Reforestation,2902,0,0,cies,12,11,tmax
RipF,133,0,0,cies,12,11,tmax
RockScreeVeg,28,0,0,cies,12,11,tmax
SMedMarF,2,0,0,cies,12,11,tmax
SaltMar,253,0,0,cies,12,11,tmax
Shrub,772,0,0,cies,12,11,tmax
TempDecF,261,0,0,cies,12,11,tmax
WaterSurf,95,0,0,cies,12,11,tmax
ArtSurf,329,0,0,cies,12,12,tmax
AtlScrub,5686,0,0,cies,12,12,tmax
BareArea,3742,0,0,cies,12,12,tmax
Crop,3,0,0,cies,12,12,tmax
DuneSand,232,0,0,cies,12,12,tmax
Grass,1926,0,0,cies,12,12,tmax
HydroRipVeg,100,0,0,cies,12,12,tmax
MedSclF,18,0,0,cies,12,12,tmax
Reforestation,2902,0,0,cies,12,12,tmax
RipF,133,0,0,cies,12,12,tmax
RockScreeVeg,28,0,0,cies,12,12,tmax
SMedMarF,2,0,0,cies,12,12,tmax
SaltMar,253,0,0,cies,12,12,tmax
Shrub,772,0,0,cies,12,12,tmax
TempDecF,261,0,0,cies,12,12,tmax
WaterSurf,95,0,0,cies,12,12,tmax
ArtSurf,2849,0,0,monfrague,1,1,tmax
Crop,1332,0,0,monfrague,1,1,tmax
Dehesa,17271,0,0,monfrague,1,1,tmax
Grass,5942,0,0,monfrague,1,1,tmax
HydroRipVeg,2264,0,0,monfrague,1,1,tmax
MedSclF,34504,0,0,monfrague,1,1,tmax
MedScrub,121317,0,0,monfrague,1,1,tmax
Reforestation,22719,0,0,monfrague,1,1,tmax
RipF,1179,0,0,monfrague,1,1,tmax
RockScreeVeg,16028,0,0,monfrague,1,1,tmax
SMedMarF,6002,0,0,monfrague,1,1,tmax
Shrub,13653,0,0,monfrague,1,1,tmax
WaterSurf,15572,0,0,monfrague,1,1,tmax
ArtSurf,2849,0,0,monfrague,1,2,tmax
Crop,1332,0,0,monfrague,1,2,tmax
Dehesa,17271,0,0,monfrague,1,2,tmax
Grass,5942,0,0,monfrague,1,2,tmax
HydroRipVeg,2264,0,0,monfrague,1,2,tmax
MedSclF,34504,0,0,monfrague,1,2,tmax
MedScrub,121317,0,0,monfrague,1,2,tmax
Reforestation,22719,0,0,monfrague,1,2,tmax
RipF,1179,0,0,monfrague,1,2,tmax
RockScreeVeg,16028,0,0,monfrague,1,2,tmax
SMedMarF,6002,0,0,monfrague,1,2,tmax
Shrub,13653,0,0,monfrague,1,2,tmax
WaterSurf,15572,0,0,monfrague,1,2,tmax
ArtSurf,2849,0,0,monfrague,1,3,tmax
Crop,1332,0,0,monfrague,1,3,tmax
Dehesa,17271,0,0,monfrague,1,3,tmax
Grass,5942,0,0,monfrague,1,3,tmax
HydroRipVeg,2264,0,0,monfrague,1,3,tmax
MedSclF,34504,0,0,monfrague,1,3,tmax
MedScrub,121317,0,0,monfrague,1,3,tmax
Reforestation,22719,0,0,monfrague,1,3,tmax
RipF,1179,0,0,monfrague,1,3,tmax
RockScreeVeg,16028,0,0,monfrague,1,3,tmax
SMedMarF,6002,0,0,monfrague,1,3,tmax
Shrub,13653,0,0,monfrague,1,3,tmax
WaterSurf,15572,0,0,monfrague,1,3,tmax
ArtSurf,2849,0,0,monfrague,1,4,tmax
Crop,1332,0,0,monfrague,1,4,tmax
Dehesa,17271,0,0,monfrague,1,4,tmax
Grass,5942,0,0,monfrague,1,4,tmax
HydroRipVeg,2264,0,0,monfrague,1,4,tmax
MedSclF,34504,0,0,monfrague,1,4,tmax
MedScrub,121317,0,0,monfrague,1,4,tmax
Reforestation,22719,0,0,monfrague,1,4,tmax
RipF,1179,0,0,monfrague,1,4,tmax
RockScreeVeg,16028,0,0,monfrague,1,4,tmax
SMedMarF,6002,0,0,monfrague,1,4,tmax
Shrub,13653,0,0,monfrague,1,4,tmax
WaterSurf,15572,0,0,monfrague,1,4,tmax
ArtSurf,2849,0,0,monfrague,1,5,tmax
Crop,1332,0,0,monfrague,1,5,tmax
Dehesa,17271,0,0,monfrague,1,5,tmax
Grass,5942,0,0,monfrague,1,5,tmax
HydroRipVeg,2264,0,0,monfrague,1,5,tmax
MedSclF,34504,0,0,monfrague,1,5,tmax
MedScrub,121317,0,0,monfrague,1,5,tmax
Reforestation,22719,0,0,monfrague,1,5,tmax
RipF,1179,0,0,monfrague,1,5,tmax
RockScreeVeg,16028,0,0,monfrague,1,5,tmax
SMedMarF,6002,0,0,monfrague,1,5,tmax
Shrub,13653,0,0,monfrague,1,5,tmax
WaterSurf,15572,0,0,monfrague,1,5,tmax
ArtSurf,2849,176,6.18,monfrague,1,6,tmax
Crop,1332,32,2.4,monfrague,1,6,tmax
Dehesa,17271,1559,9.03,monfrague,1,6,tmax
Grass,5942,1153,19.4,monfrague,1,6,tmax
HydroRipVeg,2264,42,1.86,monfrague,1,6,tmax
MedSclF,34504,1347,3.9,monfrague,1,6,tmax
MedScrub,121317,11615,9.57,monfrague,1,6,tmax
Reforestation,22719,421,1.85,monfrague,1,6,tmax
RipF,1179,33,2.8,monfrague,1,6,tmax
RockScreeVeg,16028,1578,9.85,monfrague,1,6,tmax
SMedMarF,6002,9,0.15,monfrague,1,6,tmax
Shrub,13653,88,0.64,monfrague,1,6,tmax
WaterSurf,15572,152,0.98,monfrague,1,6,tmax
ArtSurf,2849,133,4.67,monfrague,1,7,tmax
Crop,1332,17,1.28,monfrague,1,7,tmax
Dehesa,17271,1951,11.3,monfrague,1,7,tmax
Grass,5942,207,3.48,monfrague,1,7,tmax
HydroRipVeg,2264,48,2.12,monfrague,1,7,tmax
MedSclF,34504,3561,10.32,monfrague,1,7,tmax
MedScrub,121317,12614,10.4,monfrague,1,7,tmax
Reforestation,22719,625,2.75,monfrague,1,7,tmax
RipF,1179,42,3.56,monfrague,1,7,tmax
RockScreeVeg,16028,1038,6.48,monfrague,1,7,tmax
SMedMarF,6002,246,4.1,monfrague,1,7,tmax
Shrub,13653,1404,10.28,monfrague,1,7,tmax
WaterSurf,15572,356,2.29,monfrague,1,7,tmax
ArtSurf,2849,0,0,monfrague,1,8,tmax
Crop,1332,0,0,monfrague,1,8,tmax
Dehesa,17271,0,0,monfrague,1,8,tmax
Grass,5942,0,0,monfrague,1,8,tmax
HydroRipVeg,2264,0,0,monfrague,1,8,tmax
MedSclF,34504,0,0,monfrague,1,8,tmax
MedScrub,121317,0,0,monfrague,1,8,tmax
Reforestation,22719,0,0,monfrague,1,8,tmax
RipF,1179,0,0,monfrague,1,8,tmax
RockScreeVeg,16028,0,0,monfrague,1,8,tmax
SMedMarF,6002,0,0,monfrague,1,8,tmax
Shrub,13653,0,0,monfrague,1,8,tmax
WaterSurf,15572,0,0,monfrague,1,8,tmax
ArtSurf,2849,0,0,monfrague,1,9,tmax
Crop,1332,0,0,monfrague,1,9,tmax
Dehesa,17271,0,0,monfrague,1,9,tmax
Grass,5942,0,0,monfrague,1,9,tmax
HydroRipVeg,2264,0,0,monfrague,1,9,tmax
MedSclF,34504,0,0,monfrague,1,9,tmax
MedScrub,121317,0,0,monfrague,1,9,tmax
Reforestation,22719,0,0,monfrague,1,9,tmax
RipF,1179,0,0,monfrague,1,9,tmax
RockScreeVeg,16028,0,0,monfrague,1,9,tmax
SMedMarF,6002,0,0,monfrague,1,9,tmax
Shrub,13653,0,0,monfrague,1,9,tmax
WaterSurf,15572,0,0,monfrague,1,9,tmax
ArtSurf,2849,0,0,monfrague,1,10,tmax
Crop,1332,0,0,monfrague,1,10,tmax
Dehesa,17271,0,0,monfrague,1,10,tmax
Grass,5942,0,0,monfrague,1,10,tmax
HydroRipVeg,2264,0,0,monfrague,1,10,tmax
MedSclF,34504,0,0,monfrague,1,10,tmax
MedScrub,121317,0,0,monfrague,1,10,tmax
Reforestation,22719,0,0,monfrague,1,10,tmax
RipF,1179,0,0,monfrague,1,10,tmax
RockScreeVeg,16028,0,0,monfrague,1,10,tmax
SMedMarF,6002,0,0,monfrague,1,10,tmax
Shrub,13653,0,0,monfrague,1,10,tmax
WaterSurf,15572,0,0,monfrague,1,10,tmax
ArtSurf,2849,0,0,monfrague,1,11,tmax
Crop,1332,0,0,monfrague,1,11,tmax
Dehesa,17271,0,0,monfrague,1,11,tmax
Grass,5942,0,0,monfrague,1,11,tmax
HydroRipVeg,2264,0,0,monfrague,1,11,tmax
MedSclF,34504,0,0,monfrague,1,11,tmax
MedScrub,121317,0,0,monfrague,1,11,tmax
Reforestation,22719,0,0,monfrague,1,11,tmax
RipF,1179,0,0,monfrague,1,11,tmax
RockScreeVeg,16028,0,0,monfrague,1,11,tmax
SMedMarF,6002,0,0,monfrague,1,11,tmax
Shrub,13653,0,0,monfrague,1,11,tmax
WaterSurf,15572,0,0,monfrague,1,11,tmax
ArtSurf,2849,0,0,monfrague,1,12,tmax
Crop,1332,0,0,monfrague,1,12,tmax
Dehesa,17271,0,0,monfrague,1,12,tmax
Grass,5942,0,0,monfrague,1,12,tmax
HydroRipVeg,2264,0,0,monfrague,1,12,tmax
MedSclF,34504,0,0,monfrague,1,12,tmax
MedScrub,121317,2,0,monfrague,1,12,tmax
Reforestation,22719,0,0,monfrague,1,12,tmax
RipF,1179,0,0,monfrague,1,12,tmax
RockScreeVeg,16028,0,0,monfrague,1,12,tmax
SMedMarF,6002,0,0,monfrague,1,12,tmax
Shrub,13653,1,0.01,monfrague,1,12,tmax
WaterSurf,15572,0,0,monfrague,1,12,tmax
ArtSurf,2849,0,0,monfrague,3,1,tmax
Crop,1332,0,0,monfrague,3,1,tmax
Dehesa,17271,0,0,monfrague,3,1,tmax
Grass,5942,0,0,monfrague,3,1,tmax
HydroRipVeg,2264,0,0,monfrague,3,1,tmax
MedSclF,34504,0,0,monfrague,3,1,tmax
MedScrub,121317,0,0,monfrague,3,1,tmax
Reforestation,22719,0,0,monfrague,3,1,tmax
RipF,1179,0,0,monfrague,3,1,tmax
RockScreeVeg,16028,0,0,monfrague,3,1,tmax
SMedMarF,6002,0,0,monfrague,3,1,tmax
Shrub,13653,0,0,monfrague,3,1,tmax
WaterSurf,15572,0,0,monfrague,3,1,tmax
ArtSurf,2849,0,0,monfrague,3,2,tmax
Crop,1332,0,0,monfrague,3,2,tmax
Dehesa,17271,0,0,monfrague,3,2,tmax
Grass,5942,0,0,monfrague,3,2,tmax
HydroRipVeg,2264,0,0,monfrague,3,2,tmax
MedSclF,34504,0,0,monfrague,3,2,tmax
MedScrub,121317,0,0,monfrague,3,2,tmax
Reforestation,22719,0,0,monfrague,3,2,tmax
RipF,1179,0,0,monfrague,3,2,tmax
RockScreeVeg,16028,0,0,monfrague,3,2,tmax
SMedMarF,6002,0,0,monfrague,3,2,tmax
Shrub,13653,0,0,monfrague,3,2,tmax
WaterSurf,15572,0,0,monfrague,3,2,tmax
ArtSurf,2849,0,0,monfrague,3,3,tmax
Crop,1332,0,0,monfrague,3,3,tmax
Dehesa,17271,0,0,monfrague,3,3,tmax
Grass,5942,0,0,monfrague,3,3,tmax
HydroRipVeg,2264,0,0,monfrague,3,3,tmax
MedSclF,34504,0,0,monfrague,3,3,tmax
MedScrub,121317,0,0,monfrague,3,3,tmax
Reforestation,22719,0,0,monfrague,3,3,tmax
RipF,1179,0,0,monfrague,3,3,tmax
RockScreeVeg,16028,0,0,monfrague,3,3,tmax
SMedMarF,6002,0,0,monfrague,3,3,tmax
Shrub,13653,0,0,monfrague,3,3,tmax
WaterSurf,15572,0,0,monfrague,3,3,tmax
ArtSurf,2849,0,0,monfrague,3,4,tmax
Crop,1332,0,0,monfrague,3,4,tmax
Dehesa,17271,0,0,monfrague,3,4,tmax
Grass,5942,0,0,monfrague,3,4,tmax
HydroRipVeg,2264,0,0,monfrague,3,4,tmax
MedSclF,34504,0,0,monfrague,3,4,tmax
MedScrub,121317,0,0,monfrague,3,4,tmax
Reforestation,22719,0,0,monfrague,3,4,tmax
RipF,1179,0,0,monfrague,3,4,tmax
RockScreeVeg,16028,0,0,monfrague,3,4,tmax
SMedMarF,6002,0,0,monfrague,3,4,tmax
Shrub,13653,0,0,monfrague,3,4,tmax
WaterSurf,15572,0,0,monfrague,3,4,tmax
ArtSurf,2849,1133,39.77,monfrague,3,5,tmax
Crop,1332,408,30.63,monfrague,3,5,tmax
Dehesa,17271,15810,91.54,monfrague,3,5,tmax
Grass,5942,5278,88.83,monfrague,3,5,tmax
HydroRipVeg,2264,673,29.73,monfrague,3,5,tmax
MedSclF,34504,19069,55.27,monfrague,3,5,tmax
MedScrub,121317,65277,53.81,monfrague,3,5,tmax
Reforestation,22719,3750,16.51,monfrague,3,5,tmax
RipF,1179,537,45.55,monfrague,3,5,tmax
RockScreeVeg,16028,9948,62.07,monfrague,3,5,tmax
SMedMarF,6002,2314,38.55,monfrague,3,5,tmax
Shrub,13653,5991,43.88,monfrague,3,5,tmax
WaterSurf,15572,756,4.85,monfrague,3,5,tmax
ArtSurf,2849,1363,47.84,monfrague,3,6,tmax
Crop,1332,360,27.03,monfrague,3,6,tmax
Dehesa,17271,13785,79.82,monfrague,3,6,tmax
Grass,5942,4570,76.91,monfrague,3,6,tmax
HydroRipVeg,2264,724,31.98,monfrague,3,6,tmax
MedSclF,34504,21048,61,monfrague,3,6,tmax
MedScrub,121317,84586,69.72,monfrague,3,6,tmax
Reforestation,22719,6620,29.14,monfrague,3,6,tmax
RipF,1179,565,47.92,monfrague,3,6,tmax
RockScreeVeg,16028,10656,66.48,monfrague,3,6,tmax
SMedMarF,6002,2296,38.25,monfrague,3,6,tmax
Shrub,13653,6059,44.38,monfrague,3,6,tmax
WaterSurf,15572,1346,8.64,monfrague,3,6,tmax
ArtSurf,2849,1445,50.72,monfrague,3,7,tmax
Crop,1332,343,25.75,monfrague,3,7,tmax
Dehesa,17271,12271,71.05,monfrague,3,7,tmax
Grass,5942,3336,56.14,monfrague,3,7,tmax
HydroRipVeg,2264,586,25.88,monfrague,3,7,tmax
MedSclF,34504,29936,86.76,monfrague,3,7,tmax
MedScrub,121317,92464,76.22,monfrague,3,7,tmax
Reforestation,22719,7680,33.8,monfrague,3,7,tmax
RipF,1179,708,60.05,monfrague,3,7,tmax
RockScreeVeg,16028,12010,74.93,monfrague,3,7,tmax
SMedMarF,6002,4556,75.91,monfrague,3,7,tmax
Shrub,13653,11080,81.15,monfrague,3,7,tmax
WaterSurf,15572,1195,7.67,monfrague,3,7,tmax
ArtSurf,2849,61,2.14,monfrague,3,8,tmax
Crop,1332,3,0.23,monfrague,3,8,tmax
Dehesa,17271,349,2.02,monfrague,3,8,tmax
Grass,5942,108,1.82,monfrague,3,8,tmax
HydroRipVeg,2264,17,0.75,monfrague,3,8,tmax
MedSclF,34504,347,1.01,monfrague,3,8,tmax
MedScrub,121317,6424,5.3,monfrague,3,8,tmax
Reforestation,22719,150,0.66,monfrague,3,8,tmax
RipF,1179,14,1.19,monfrague,3,8,tmax
RockScreeVeg,16028,748,4.67,monfrague,3,8,tmax
SMedMarF,6002,5,0.08,monfrague,3,8,tmax
Shrub,13653,73,0.53,monfrague,3,8,tmax
WaterSurf,15572,312,2,monfrague,3,8,tmax
ArtSurf,2849,0,0,monfrague,3,9,tmax
Crop,1332,0,0,monfrague,3,9,tmax
Dehesa,17271,0,0,monfrague,3,9,tmax
Grass,5942,0,0,monfrague,3,9,tmax
HydroRipVeg,2264,0,0,monfrague,3,9,tmax
MedSclF,34504,0,0,monfrague,3,9,tmax
MedScrub,121317,0,0,monfrague,3,9,tmax
Reforestation,22719,0,0,monfrague,3,9,tmax
RipF,1179,0,0,monfrague,3,9,tmax
RockScreeVeg,16028,0,0,monfrague,3,9,tmax
SMedMarF,6002,0,0,monfrague,3,9,tmax
Shrub,13653,0,0,monfrague,3,9,tmax
WaterSurf,15572,0,0,monfrague,3,9,tmax
ArtSurf,2849,0,0,monfrague,3,10,tmax
Crop,1332,0,0,monfrague,3,10,tmax
Dehesa,17271,0,0,monfrague,3,10,tmax
Grass,5942,0,0,monfrague,3,10,tmax
HydroRipVeg,2264,0,0,monfrague,3,10,tmax
MedSclF,34504,0,0,monfrague,3,10,tmax
MedScrub,121317,0,0,monfrague,3,10,tmax
Reforestation,22719,0,0,monfrague,3,10,tmax
RipF,1179,0,0,monfrague,3,10,tmax
RockScreeVeg,16028,0,0,monfrague,3,10,tmax
SMedMarF,6002,0,0,monfrague,3,10,tmax
Shrub,13653,0,0,monfrague,3,10,tmax
WaterSurf,15572,0,0,monfrague,3,10,tmax
ArtSurf,2849,0,0,monfrague,3,11,tmax
Crop,1332,0,0,monfrague,3,11,tmax
Dehesa,17271,0,0,monfrague,3,11,tmax
Grass,5942,0,0,monfrague,3,11,tmax
HydroRipVeg,2264,0,0,monfrague,3,11,tmax
MedSclF,34504,0,0,monfrague,3,11,tmax
MedScrub,121317,0,0,monfrague,3,11,tmax
Reforestation,22719,0,0,monfrague,3,11,tmax
RipF,1179,0,0,monfrague,3,11,tmax
RockScreeVeg,16028,0,0,monfrague,3,11,tmax
SMedMarF,6002,0,0,monfrague,3,11,tmax
Shrub,13653,0,0,monfrague,3,11,tmax
WaterSurf,15572,0,0,monfrague,3,11,tmax
ArtSurf,2849,0,0,monfrague,3,12,tmax
Crop,1332,0,0,monfrague,3,12,tmax
Dehesa,17271,0,0,monfrague,3,12,tmax
Grass,5942,0,0,monfrague,3,12,tmax
HydroRipVeg,2264,0,0,monfrague,3,12,tmax
MedSclF,34504,0,0,monfrague,3,12,tmax
MedScrub,121317,0,0,monfrague,3,12,tmax
Reforestation,22719,0,0,monfrague,3,12,tmax
RipF,1179,0,0,monfrague,3,12,tmax
RockScreeVeg,16028,0,0,monfrague,3,12,tmax
SMedMarF,6002,0,0,monfrague,3,12,tmax
Shrub,13653,0,0,monfrague,3,12,tmax
WaterSurf,15572,0,0,monfrague,3,12,tmax
ArtSurf,2849,0,0,monfrague,6,1,tmax
Crop,1332,0,0,monfrague,6,1,tmax
Dehesa,17271,0,0,monfrague,6,1,tmax
Grass,5942,0,0,monfrague,6,1,tmax
HydroRipVeg,2264,0,0,monfrague,6,1,tmax
MedSclF,34504,0,0,monfrague,6,1,tmax
MedScrub,121317,0,0,monfrague,6,1,tmax
Reforestation,22719,0,0,monfrague,6,1,tmax
RipF,1179,0,0,monfrague,6,1,tmax
RockScreeVeg,16028,0,0,monfrague,6,1,tmax
SMedMarF,6002,0,0,monfrague,6,1,tmax
Shrub,13653,0,0,monfrague,6,1,tmax
WaterSurf,15572,0,0,monfrague,6,1,tmax
ArtSurf,2849,0,0,monfrague,6,2,tmax
Crop,1332,0,0,monfrague,6,2,tmax
Dehesa,17271,0,0,monfrague,6,2,tmax
Grass,5942,0,0,monfrague,6,2,tmax
HydroRipVeg,2264,0,0,monfrague,6,2,tmax
MedSclF,34504,0,0,monfrague,6,2,tmax
MedScrub,121317,0,0,monfrague,6,2,tmax
Reforestation,22719,0,0,monfrague,6,2,tmax
RipF,1179,0,0,monfrague,6,2,tmax
RockScreeVeg,16028,0,0,monfrague,6,2,tmax
SMedMarF,6002,0,0,monfrague,6,2,tmax
Shrub,13653,0,0,monfrague,6,2,tmax
WaterSurf,15572,0,0,monfrague,6,2,tmax
ArtSurf,2849,0,0,monfrague,6,3,tmax
Crop,1332,0,0,monfrague,6,3,tmax
Dehesa,17271,0,0,monfrague,6,3,tmax
Grass,5942,0,0,monfrague,6,3,tmax
HydroRipVeg,2264,0,0,monfrague,6,3,tmax
MedSclF,34504,0,0,monfrague,6,3,tmax
MedScrub,121317,0,0,monfrague,6,3,tmax
Reforestation,22719,0,0,monfrague,6,3,tmax
RipF,1179,0,0,monfrague,6,3,tmax
RockScreeVeg,16028,0,0,monfrague,6,3,tmax
SMedMarF,6002,0,0,monfrague,6,3,tmax
Shrub,13653,0,0,monfrague,6,3,tmax
WaterSurf,15572,0,0,monfrague,6,3,tmax
ArtSurf,2849,0,0,monfrague,6,4,tmax
Crop,1332,0,0,monfrague,6,4,tmax
Dehesa,17271,0,0,monfrague,6,4,tmax
Grass,5942,0,0,monfrague,6,4,tmax
HydroRipVeg,2264,0,0,monfrague,6,4,tmax
MedSclF,34504,0,0,monfrague,6,4,tmax
MedScrub,121317,0,0,monfrague,6,4,tmax
Reforestation,22719,0,0,monfrague,6,4,tmax
RipF,1179,0,0,monfrague,6,4,tmax
RockScreeVeg,16028,0,0,monfrague,6,4,tmax
SMedMarF,6002,0,0,monfrague,6,4,tmax
Shrub,13653,0,0,monfrague,6,4,tmax
WaterSurf,15572,0,0,monfrague,6,4,tmax
ArtSurf,2849,335,11.76,monfrague,6,5,tmax
Crop,1332,162,12.16,monfrague,6,5,tmax
Dehesa,17271,9160,53.04,monfrague,6,5,tmax
Grass,5942,3221,54.21,monfrague,6,5,tmax
HydroRipVeg,2264,361,15.95,monfrague,6,5,tmax
MedSclF,34504,4599,13.33,monfrague,6,5,tmax
MedScrub,121317,13614,11.22,monfrague,6,5,tmax
Reforestation,22719,359,1.58,monfrague,6,5,tmax
RipF,1179,131,11.11,monfrague,6,5,tmax
RockScreeVeg,16028,2419,15.09,monfrague,6,5,tmax
SMedMarF,6002,215,3.58,monfrague,6,5,tmax
Shrub,13653,663,4.86,monfrague,6,5,tmax
WaterSurf,15572,242,1.55,monfrague,6,5,tmax
ArtSurf,2849,106,3.72,monfrague,6,6,tmax
Crop,1332,93,6.98,monfrague,6,6,tmax
Dehesa,17271,2742,15.88,monfrague,6,6,tmax
Grass,5942,828,13.93,monfrague,6,6,tmax
HydroRipVeg,2264,389,17.18,monfrague,6,6,tmax
MedSclF,34504,2630,7.62,monfrague,6,6,tmax
MedScrub,121317,5721,4.72,monfrague,6,6,tmax
Reforestation,22719,204,0.9,monfrague,6,6,tmax
RipF,1179,31,2.63,monfrague,6,6,tmax
RockScreeVeg,16028,407,2.54,monfrague,6,6,tmax
SMedMarF,6002,96,1.6,monfrague,6,6,tmax
Shrub,13653,349,2.56,monfrague,6,6,tmax
WaterSurf,15572,123,0.79,monfrague,6,6,tmax
ArtSurf,2849,229,8.04,monfrague,6,7,tmax
Crop,1332,134,10.06,monfrague,6,7,tmax
Dehesa,17271,2697,15.62,monfrague,6,7,tmax
Grass,5942,977,16.44,monfrague,6,7,tmax
HydroRipVeg,2264,402,17.76,monfrague,6,7,tmax
MedSclF,34504,9090,26.34,monfrague,6,7,tmax
MedScrub,121317,19948,16.44,monfrague,6,7,tmax
Reforestation,22719,1592,7.01,monfrague,6,7,tmax
RipF,1179,68,5.77,monfrague,6,7,tmax
RockScreeVeg,16028,1692,10.56,monfrague,6,7,tmax
SMedMarF,6002,394,6.56,monfrague,6,7,tmax
Shrub,13653,1661,12.17,monfrague,6,7,tmax
WaterSurf,15572,209,1.34,monfrague,6,7,tmax
ArtSurf,2849,182,6.39,monfrague,6,8,tmax
Crop,1332,69,5.18,monfrague,6,8,tmax
Dehesa,17271,2336,13.53,monfrague,6,8,tmax
Grass,5942,687,11.56,monfrague,6,8,tmax
HydroRipVeg,2264,168,7.42,monfrague,6,8,tmax
MedSclF,34504,3110,9.01,monfrague,6,8,tmax
MedScrub,121317,17632,14.53,monfrague,6,8,tmax
Reforestation,22719,1066,4.69,monfrague,6,8,tmax
RipF,1179,48,4.07,monfrague,6,8,tmax
RockScreeVeg,16028,1193,7.44,monfrague,6,8,tmax
SMedMarF,6002,324,5.4,monfrague,6,8,tmax
Shrub,13653,848,6.21,monfrague,6,8,tmax
WaterSurf,15572,221,1.42,monfrague,6,8,tmax
ArtSurf,2849,0,0,monfrague,6,9,tmax
Crop,1332,0,0,monfrague,6,9,tmax
Dehesa,17271,0,0,monfrague,6,9,tmax
Grass,5942,0,0,monfrague,6,9,tmax
HydroRipVeg,2264,0,0,monfrague,6,9,tmax
MedSclF,34504,0,0,monfrague,6,9,tmax
MedScrub,121317,0,0,monfrague,6,9,tmax
Reforestation,22719,0,0,monfrague,6,9,tmax
RipF,1179,0,0,monfrague,6,9,tmax
RockScreeVeg,16028,0,0,monfrague,6,9,tmax
SMedMarF,6002,0,0,monfrague,6,9,tmax
Shrub,13653,0,0,monfrague,6,9,tmax
WaterSurf,15572,0,0,monfrague,6,9,tmax
ArtSurf,2849,917,32.19,monfrague,6,10,tmax
Crop,1332,186,13.96,monfrague,6,10,tmax
Dehesa,17271,5171,29.94,monfrague,6,10,tmax
Grass,5942,1972,33.19,monfrague,6,10,tmax
HydroRipVeg,2264,125,5.52,monfrague,6,10,tmax
MedSclF,34504,12156,35.23,monfrague,6,10,tmax
MedScrub,121317,50168,41.35,monfrague,6,10,tmax
Reforestation,22719,4324,19.03,monfrague,6,10,tmax
RipF,1179,109,9.25,monfrague,6,10,tmax
RockScreeVeg,16028,7671,47.86,monfrague,6,10,tmax
SMedMarF,6002,1467,24.44,monfrague,6,10,tmax
Shrub,13653,3290,24.1,monfrague,6,10,tmax
WaterSurf,15572,536,3.44,monfrague,6,10,tmax
ArtSurf,2849,0,0,monfrague,6,11,tmax
Crop,1332,0,0,monfrague,6,11,tmax
Dehesa,17271,0,0,monfrague,6,11,tmax
Grass,5942,0,0,monfrague,6,11,tmax
HydroRipVeg,2264,0,0,monfrague,6,11,tmax
MedSclF,34504,0,0,monfrague,6,11,tmax
MedScrub,121317,0,0,monfrague,6,11,tmax
Reforestation,22719,0,0,monfrague,6,11,tmax
RipF,1179,0,0,monfrague,6,11,tmax
RockScreeVeg,16028,0,0,monfrague,6,11,tmax
SMedMarF,6002,0,0,monfrague,6,11,tmax
Shrub,13653,0,0,monfrague,6,11,tmax
WaterSurf,15572,0,0,monfrague,6,11,tmax
ArtSurf,2849,0,0,monfrague,6,12,tmax
Crop,1332,0,0,monfrague,6,12,tmax
Dehesa,17271,0,0,monfrague,6,12,tmax
Grass,5942,0,0,monfrague,6,12,tmax
HydroRipVeg,2264,0,0,monfrague,6,12,tmax
MedSclF,34504,0,0,monfrague,6,12,tmax
MedScrub,121317,0,0,monfrague,6,12,tmax
Reforestation,22719,0,0,monfrague,6,12,tmax
RipF,1179,0,0,monfrague,6,12,tmax
RockScreeVeg,16028,0,0,monfrague,6,12,tmax
SMedMarF,6002,0,0,monfrague,6,12,tmax
Shrub,13653,0,0,monfrague,6,12,tmax
WaterSurf,15572,0,0,monfrague,6,12,tmax
ArtSurf,2849,0,0,monfrague,9,1,tmax
Crop,1332,0,0,monfrague,9,1,tmax
Dehesa,17271,0,0,monfrague,9,1,tmax
Grass,5942,0,0,monfrague,9,1,tmax
HydroRipVeg,2264,0,0,monfrague,9,1,tmax
MedSclF,34504,0,0,monfrague,9,1,tmax
MedScrub,121317,0,0,monfrague,9,1,tmax
Reforestation,22719,0,0,monfrague,9,1,tmax
RipF,1179,0,0,monfrague,9,1,tmax
RockScreeVeg,16028,0,0,monfrague,9,1,tmax
SMedMarF,6002,0,0,monfrague,9,1,tmax
Shrub,13653,0,0,monfrague,9,1,tmax
WaterSurf,15572,0,0,monfrague,9,1,tmax
ArtSurf,2849,0,0,monfrague,9,2,tmax
Crop,1332,0,0,monfrague,9,2,tmax
Dehesa,17271,0,0,monfrague,9,2,tmax
Grass,5942,0,0,monfrague,9,2,tmax
HydroRipVeg,2264,0,0,monfrague,9,2,tmax
MedSclF,34504,0,0,monfrague,9,2,tmax
MedScrub,121317,0,0,monfrague,9,2,tmax
Reforestation,22719,0,0,monfrague,9,2,tmax
RipF,1179,0,0,monfrague,9,2,tmax
RockScreeVeg,16028,0,0,monfrague,9,2,tmax
SMedMarF,6002,0,0,monfrague,9,2,tmax
Shrub,13653,0,0,monfrague,9,2,tmax
WaterSurf,15572,0,0,monfrague,9,2,tmax
ArtSurf,2849,0,0,monfrague,9,3,tmax
Crop,1332,0,0,monfrague,9,3,tmax
Dehesa,17271,0,0,monfrague,9,3,tmax
Grass,5942,0,0,monfrague,9,3,tmax
HydroRipVeg,2264,0,0,monfrague,9,3,tmax
MedSclF,34504,0,0,monfrague,9,3,tmax
MedScrub,121317,0,0,monfrague,9,3,tmax
Reforestation,22719,0,0,monfrague,9,3,tmax
RipF,1179,0,0,monfrague,9,3,tmax
RockScreeVeg,16028,0,0,monfrague,9,3,tmax
SMedMarF,6002,0,0,monfrague,9,3,tmax
Shrub,13653,0,0,monfrague,9,3,tmax
WaterSurf,15572,0,0,monfrague,9,3,tmax
ArtSurf,2849,0,0,monfrague,9,4,tmax
Crop,1332,0,0,monfrague,9,4,tmax
Dehesa,17271,0,0,monfrague,9,4,tmax
Grass,5942,0,0,monfrague,9,4,tmax
HydroRipVeg,2264,0,0,monfrague,9,4,tmax
MedSclF,34504,0,0,monfrague,9,4,tmax
MedScrub,121317,0,0,monfrague,9,4,tmax
Reforestation,22719,0,0,monfrague,9,4,tmax
RipF,1179,0,0,monfrague,9,4,tmax
RockScreeVeg,16028,0,0,monfrague,9,4,tmax
SMedMarF,6002,0,0,monfrague,9,4,tmax
Shrub,13653,0,0,monfrague,9,4,tmax
WaterSurf,15572,0,0,monfrague,9,4,tmax
ArtSurf,2849,0,0,monfrague,9,5,tmax
Crop,1332,0,0,monfrague,9,5,tmax
Dehesa,17271,0,0,monfrague,9,5,tmax
Grass,5942,0,0,monfrague,9,5,tmax
HydroRipVeg,2264,0,0,monfrague,9,5,tmax
MedSclF,34504,0,0,monfrague,9,5,tmax
MedScrub,121317,0,0,monfrague,9,5,tmax
Reforestation,22719,0,0,monfrague,9,5,tmax
RipF,1179,0,0,monfrague,9,5,tmax
RockScreeVeg,16028,0,0,monfrague,9,5,tmax
SMedMarF,6002,0,0,monfrague,9,5,tmax
Shrub,13653,0,0,monfrague,9,5,tmax
WaterSurf,15572,0,0,monfrague,9,5,tmax
ArtSurf,2849,0,0,monfrague,9,6,tmax
Crop,1332,0,0,monfrague,9,6,tmax
Dehesa,17271,0,0,monfrague,9,6,tmax
Grass,5942,0,0,monfrague,9,6,tmax
HydroRipVeg,2264,0,0,monfrague,9,6,tmax
MedSclF,34504,0,0,monfrague,9,6,tmax
MedScrub,121317,0,0,monfrague,9,6,tmax
Reforestation,22719,0,0,monfrague,9,6,tmax
RipF,1179,0,0,monfrague,9,6,tmax
RockScreeVeg,16028,0,0,monfrague,9,6,tmax
SMedMarF,6002,0,0,monfrague,9,6,tmax
Shrub,13653,0,0,monfrague,9,6,tmax
WaterSurf,15572,0,0,monfrague,9,6,tmax
ArtSurf,2849,0,0,monfrague,9,7,tmax
Crop,1332,0,0,monfrague,9,7,tmax
Dehesa,17271,0,0,monfrague,9,7,tmax
Grass,5942,0,0,monfrague,9,7,tmax
HydroRipVeg,2264,0,0,monfrague,9,7,tmax
MedSclF,34504,0,0,monfrague,9,7,tmax
MedScrub,121317,0,0,monfrague,9,7,tmax
Reforestation,22719,0,0,monfrague,9,7,tmax
RipF,1179,0,0,monfrague,9,7,tmax
RockScreeVeg,16028,0,0,monfrague,9,7,tmax
SMedMarF,6002,0,0,monfrague,9,7,tmax
Shrub,13653,0,0,monfrague,9,7,tmax
WaterSurf,15572,0,0,monfrague,9,7,tmax
ArtSurf,2849,0,0,monfrague,9,8,tmax
Crop,1332,0,0,monfrague,9,8,tmax
Dehesa,17271,0,0,monfrague,9,8,tmax
Grass,5942,0,0,monfrague,9,8,tmax
HydroRipVeg,2264,0,0,monfrague,9,8,tmax
MedSclF,34504,0,0,monfrague,9,8,tmax
MedScrub,121317,0,0,monfrague,9,8,tmax
Reforestation,22719,0,0,monfrague,9,8,tmax
RipF,1179,0,0,monfrague,9,8,tmax
RockScreeVeg,16028,0,0,monfrague,9,8,tmax
SMedMarF,6002,0,0,monfrague,9,8,tmax
Shrub,13653,0,0,monfrague,9,8,tmax
WaterSurf,15572,0,0,monfrague,9,8,tmax
ArtSurf,2849,0,0,monfrague,9,9,tmax
Crop,1332,0,0,monfrague,9,9,tmax
Dehesa,17271,0,0,monfrague,9,9,tmax
Grass,5942,0,0,monfrague,9,9,tmax
HydroRipVeg,2264,0,0,monfrague,9,9,tmax
MedSclF,34504,0,0,monfrague,9,9,tmax
MedScrub,121317,0,0,monfrague,9,9,tmax
Reforestation,22719,0,0,monfrague,9,9,tmax
RipF,1179,0,0,monfrague,9,9,tmax
RockScreeVeg,16028,0,0,monfrague,9,9,tmax
SMedMarF,6002,0,0,monfrague,9,9,tmax
Shrub,13653,0,0,monfrague,9,9,tmax
WaterSurf,15572,0,0,monfrague,9,9,tmax
ArtSurf,2849,506,17.76,monfrague,9,10,tmax
Crop,1332,66,4.95,monfrague,9,10,tmax
Dehesa,17271,2204,12.76,monfrague,9,10,tmax
Grass,5942,595,10.01,monfrague,9,10,tmax
HydroRipVeg,2264,119,5.26,monfrague,9,10,tmax
MedSclF,34504,9518,27.59,monfrague,9,10,tmax
MedScrub,121317,28831,23.77,monfrague,9,10,tmax
Reforestation,22719,2761,12.15,monfrague,9,10,tmax
RipF,1179,78,6.62,monfrague,9,10,tmax
RockScreeVeg,16028,4339,27.07,monfrague,9,10,tmax
SMedMarF,6002,1459,24.31,monfrague,9,10,tmax
Shrub,13653,2946,21.58,monfrague,9,10,tmax
WaterSurf,15572,372,2.39,monfrague,9,10,tmax
ArtSurf,2849,0,0,monfrague,9,11,tmax
Crop,1332,0,0,monfrague,9,11,tmax
Dehesa,17271,0,0,monfrague,9,11,tmax
Grass,5942,0,0,monfrague,9,11,tmax
HydroRipVeg,2264,0,0,monfrague,9,11,tmax
MedSclF,34504,1,0,monfrague,9,11,tmax
MedScrub,121317,5,0,monfrague,9,11,tmax
Reforestation,22719,0,0,monfrague,9,11,tmax
RipF,1179,0,0,monfrague,9,11,tmax
RockScreeVeg,16028,1,0.01,monfrague,9,11,tmax
SMedMarF,6002,0,0,monfrague,9,11,tmax
Shrub,13653,0,0,monfrague,9,11,tmax
WaterSurf,15572,0,0,monfrague,9,11,tmax
ArtSurf,2849,0,0,monfrague,9,12,tmax
Crop,1332,0,0,monfrague,9,12,tmax
Dehesa,17271,0,0,monfrague,9,12,tmax
Grass,5942,0,0,monfrague,9,12,tmax
HydroRipVeg,2264,0,0,monfrague,9,12,tmax
MedSclF,34504,0,0,monfrague,9,12,tmax
MedScrub,121317,0,0,monfrague,9,12,tmax
Reforestation,22719,0,0,monfrague,9,12,tmax
RipF,1179,0,0,monfrague,9,12,tmax
RockScreeVeg,16028,0,0,monfrague,9,12,tmax
SMedMarF,6002,0,0,monfrague,9,12,tmax
Shrub,13653,0,0,monfrague,9,12,tmax
WaterSurf,15572,0,0,monfrague,9,12,tmax
ArtSurf,2849,0,0,monfrague,12,1,tmax
Crop,1332,0,0,monfrague,12,1,tmax
Dehesa,17271,0,0,monfrague,12,1,tmax
Grass,5942,0,0,monfrague,12,1,tmax
HydroRipVeg,2264,0,0,monfrague,12,1,tmax
MedSclF,34504,0,0,monfrague,12,1,tmax
MedScrub,121317,0,0,monfrague,12,1,tmax
Reforestation,22719,0,0,monfrague,12,1,tmax
RipF,1179,0,0,monfrague,12,1,tmax
RockScreeVeg,16028,0,0,monfrague,12,1,tmax
SMedMarF,6002,0,0,monfrague,12,1,tmax
Shrub,13653,0,0,monfrague,12,1,tmax
WaterSurf,15572,0,0,monfrague,12,1,tmax
ArtSurf,2849,0,0,monfrague,12,2,tmax
Crop,1332,0,0,monfrague,12,2,tmax
Dehesa,17271,0,0,monfrague,12,2,tmax
Grass,5942,0,0,monfrague,12,2,tmax
HydroRipVeg,2264,0,0,monfrague,12,2,tmax
MedSclF,34504,0,0,monfrague,12,2,tmax
MedScrub,121317,0,0,monfrague,12,2,tmax
Reforestation,22719,0,0,monfrague,12,2,tmax
RipF,1179,0,0,monfrague,12,2,tmax
RockScreeVeg,16028,0,0,monfrague,12,2,tmax
SMedMarF,6002,0,0,monfrague,12,2,tmax
Shrub,13653,0,0,monfrague,12,2,tmax
WaterSurf,15572,0,0,monfrague,12,2,tmax
ArtSurf,2849,0,0,monfrague,12,3,tmax
Crop,1332,0,0,monfrague,12,3,tmax
Dehesa,17271,0,0,monfrague,12,3,tmax
Grass,5942,0,0,monfrague,12,3,tmax
HydroRipVeg,2264,0,0,monfrague,12,3,tmax
MedSclF,34504,0,0,monfrague,12,3,tmax
MedScrub,121317,0,0,monfrague,12,3,tmax
Reforestation,22719,0,0,monfrague,12,3,tmax
RipF,1179,0,0,monfrague,12,3,tmax
RockScreeVeg,16028,0,0,monfrague,12,3,tmax
SMedMarF,6002,0,0,monfrague,12,3,tmax
Shrub,13653,0,0,monfrague,12,3,tmax
WaterSurf,15572,0,0,monfrague,12,3,tmax
ArtSurf,2849,0,0,monfrague,12,4,tmax
Crop,1332,0,0,monfrague,12,4,tmax
Dehesa,17271,0,0,monfrague,12,4,tmax
Grass,5942,0,0,monfrague,12,4,tmax
HydroRipVeg,2264,0,0,monfrague,12,4,tmax
MedSclF,34504,0,0,monfrague,12,4,tmax
MedScrub,121317,0,0,monfrague,12,4,tmax
Reforestation,22719,0,0,monfrague,12,4,tmax
RipF,1179,0,0,monfrague,12,4,tmax
RockScreeVeg,16028,0,0,monfrague,12,4,tmax
SMedMarF,6002,0,0,monfrague,12,4,tmax
Shrub,13653,0,0,monfrague,12,4,tmax
WaterSurf,15572,0,0,monfrague,12,4,tmax
ArtSurf,2849,0,0,monfrague,12,5,tmax
Crop,1332,0,0,monfrague,12,5,tmax
Dehesa,17271,0,0,monfrague,12,5,tmax
Grass,5942,0,0,monfrague,12,5,tmax
HydroRipVeg,2264,0,0,monfrague,12,5,tmax
MedSclF,34504,0,0,monfrague,12,5,tmax
MedScrub,121317,0,0,monfrague,12,5,tmax
Reforestation,22719,0,0,monfrague,12,5,tmax
RipF,1179,0,0,monfrague,12,5,tmax
RockScreeVeg,16028,0,0,monfrague,12,5,tmax
SMedMarF,6002,0,0,monfrague,12,5,tmax
Shrub,13653,0,0,monfrague,12,5,tmax
WaterSurf,15572,0,0,monfrague,12,5,tmax
ArtSurf,2849,0,0,monfrague,12,6,tmax
Crop,1332,0,0,monfrague,12,6,tmax
Dehesa,17271,0,0,monfrague,12,6,tmax
Grass,5942,0,0,monfrague,12,6,tmax
HydroRipVeg,2264,0,0,monfrague,12,6,tmax
MedSclF,34504,0,0,monfrague,12,6,tmax
MedScrub,121317,0,0,monfrague,12,6,tmax
Reforestation,22719,0,0,monfrague,12,6,tmax
RipF,1179,0,0,monfrague,12,6,tmax
RockScreeVeg,16028,0,0,monfrague,12,6,tmax
SMedMarF,6002,0,0,monfrague,12,6,tmax
Shrub,13653,0,0,monfrague,12,6,tmax
WaterSurf,15572,0,0,monfrague,12,6,tmax
ArtSurf,2849,0,0,monfrague,12,7,tmax
Crop,1332,0,0,monfrague,12,7,tmax
Dehesa,17271,0,0,monfrague,12,7,tmax
Grass,5942,0,0,monfrague,12,7,tmax
HydroRipVeg,2264,0,0,monfrague,12,7,tmax
MedSclF,34504,0,0,monfrague,12,7,tmax
MedScrub,121317,0,0,monfrague,12,7,tmax
Reforestation,22719,0,0,monfrague,12,7,tmax
RipF,1179,0,0,monfrague,12,7,tmax
RockScreeVeg,16028,0,0,monfrague,12,7,tmax
SMedMarF,6002,0,0,monfrague,12,7,tmax
Shrub,13653,0,0,monfrague,12,7,tmax
WaterSurf,15572,0,0,monfrague,12,7,tmax
ArtSurf,2849,0,0,monfrague,12,8,tmax
Crop,1332,0,0,monfrague,12,8,tmax
Dehesa,17271,0,0,monfrague,12,8,tmax
Grass,5942,0,0,monfrague,12,8,tmax
HydroRipVeg,2264,0,0,monfrague,12,8,tmax
MedSclF,34504,0,0,monfrague,12,8,tmax
MedScrub,121317,0,0,monfrague,12,8,tmax
Reforestation,22719,0,0,monfrague,12,8,tmax
RipF,1179,0,0,monfrague,12,8,tmax
RockScreeVeg,16028,0,0,monfrague,12,8,tmax
SMedMarF,6002,0,0,monfrague,12,8,tmax
Shrub,13653,0,0,monfrague,12,8,tmax
WaterSurf,15572,0,0,monfrague,12,8,tmax
ArtSurf,2849,0,0,monfrague,12,9,tmax
Crop,1332,0,0,monfrague,12,9,tmax
Dehesa,17271,0,0,monfrague,12,9,tmax
Grass,5942,0,0,monfrague,12,9,tmax
HydroRipVeg,2264,0,0,monfrague,12,9,tmax
MedSclF,34504,0,0,monfrague,12,9,tmax
MedScrub,121317,0,0,monfrague,12,9,tmax
Reforestation,22719,0,0,monfrague,12,9,tmax
RipF,1179,0,0,monfrague,12,9,tmax
RockScreeVeg,16028,0,0,monfrague,12,9,tmax
SMedMarF,6002,0,0,monfrague,12,9,tmax
Shrub,13653,0,0,monfrague,12,9,tmax
WaterSurf,15572,0,0,monfrague,12,9,tmax
ArtSurf,2849,536,18.81,monfrague,12,10,tmax
Crop,1332,93,6.98,monfrague,12,10,tmax
Dehesa,17271,2800,16.21,monfrague,12,10,tmax
Grass,5942,796,13.4,monfrague,12,10,tmax
HydroRipVeg,2264,152,6.71,monfrague,12,10,tmax
MedSclF,34504,9375,27.17,monfrague,12,10,tmax
MedScrub,121317,32260,26.59,monfrague,12,10,tmax
Reforestation,22719,3359,14.78,monfrague,12,10,tmax
RipF,1179,94,7.97,monfrague,12,10,tmax
RockScreeVeg,16028,4991,31.14,monfrague,12,10,tmax
SMedMarF,6002,1393,23.21,monfrague,12,10,tmax
Shrub,13653,2733,20.02,monfrague,12,10,tmax
WaterSurf,15572,523,3.36,monfrague,12,10,tmax
ArtSurf,2849,1,0.04,monfrague,12,11,tmax
Crop,1332,0,0,monfrague,12,11,tmax
Dehesa,17271,2,0.01,monfrague,12,11,tmax
Grass,5942,1,0.02,monfrague,12,11,tmax
HydroRipVeg,2264,0,0,monfrague,12,11,tmax
MedSclF,34504,44,0.13,monfrague,12,11,tmax
MedScrub,121317,322,0.27,monfrague,12,11,tmax
Reforestation,22719,14,0.06,monfrague,12,11,tmax
RipF,1179,0,0,monfrague,12,11,tmax
RockScreeVeg,16028,31,0.19,monfrague,12,11,tmax
SMedMarF,6002,4,0.07,monfrague,12,11,tmax
Shrub,13653,7,0.05,monfrague,12,11,tmax
WaterSurf,15572,1,0.01,monfrague,12,11,tmax
ArtSurf,2849,0,0,monfrague,12,12,tmax
Crop,1332,0,0,monfrague,12,12,tmax
Dehesa,17271,0,0,monfrague,12,12,tmax
Grass,5942,0,0,monfrague,12,12,tmax
HydroRipVeg,2264,0,0,monfrague,12,12,tmax
MedSclF,34504,0,0,monfrague,12,12,tmax
MedScrub,121317,1,0,monfrague,12,12,tmax
Reforestation,22719,1,0,monfrague,12,12,tmax
RipF,1179,0,0,monfrague,12,12,tmax
RockScreeVeg,16028,0,0,monfrague,12,12,tmax
SMedMarF,6002,0,0,monfrague,12,12,tmax
Shrub,13653,0,0,monfrague,12,12,tmax
WaterSurf,15572,0,0,monfrague,12,12,tmax
AlpConF,27586,0,0,ordesa,1,1,tmax
AlpScrGr,100261,0,0,ordesa,1,1,tmax
ArtSurf,26,0,0,ordesa,1,1,tmax
BareArea,3,0,0,ordesa,1,1,tmax
Grass,21109,0,0,ordesa,1,1,tmax
HydroRipVeg,204,0,0,ordesa,1,1,tmax
MedSclF,4221,0,0,ordesa,1,1,tmax
RipF,860,0,0,ordesa,1,1,tmax
RockScreeVeg,8836,0,0,ordesa,1,1,tmax
SMedMarF,1656,0,0,ordesa,1,1,tmax
Shrub,7570,0,0,ordesa,1,1,tmax
TempDecF,20036,0,0,ordesa,1,1,tmax
WaterSurf,20,0,0,ordesa,1,1,tmax
AlpConF,27603,0,0,ordesa,1,2,tmax
AlpScrGr,102251,0,0,ordesa,1,2,tmax
ArtSurf,26,0,0,ordesa,1,2,tmax
BareArea,203,0,0,ordesa,1,2,tmax
Grass,21113,0,0,ordesa,1,2,tmax
HydroRipVeg,214,0,0,ordesa,1,2,tmax
MedSclF,4236,0,0,ordesa,1,2,tmax
RipF,860,0,0,ordesa,1,2,tmax
RockScreeVeg,13046,0,0,ordesa,1,2,tmax
SMedMarF,1671,0,0,ordesa,1,2,tmax
Shrub,7575,0,0,ordesa,1,2,tmax
TempDecF,20084,0,0,ordesa,1,2,tmax
WaterSurf,68,0,0,ordesa,1,2,tmax
AlpConF,27618,0,0,ordesa,1,3,tmax
AlpScrGr,101805,0,0,ordesa,1,3,tmax
ArtSurf,26,0,0,ordesa,1,3,tmax
BareArea,493,0,0,ordesa,1,3,tmax
Grass,21113,0,0,ordesa,1,3,tmax
HydroRipVeg,207,0,0,ordesa,1,3,tmax
MedSclF,4251,0,0,ordesa,1,3,tmax
RipF,860,0,0,ordesa,1,3,tmax
RockScreeVeg,11546,0,0,ordesa,1,3,tmax
SMedMarF,1671,0,0,ordesa,1,3,tmax
Shrub,7598,0,0,ordesa,1,3,tmax
TempDecF,20202,0,0,ordesa,1,3,tmax
WaterSurf,32,0,0,ordesa,1,3,tmax
AlpConF,27612,0,0,ordesa,1,4,tmax
AlpScrGr,99996,0,0,ordesa,1,4,tmax
ArtSurf,26,0,0,ordesa,1,4,tmax
Grass,21111,0,0,ordesa,1,4,tmax
HydroRipVeg,204,0,0,ordesa,1,4,tmax
MedSclF,4251,0,0,ordesa,1,4,tmax
RipF,860,0,0,ordesa,1,4,tmax
RockScreeVeg,8573,0,0,ordesa,1,4,tmax
SMedMarF,1671,0,0,ordesa,1,4,tmax
Shrub,7601,0,0,ordesa,1,4,tmax
TempDecF,20198,0,0,ordesa,1,4,tmax
WaterSurf,20,0,0,ordesa,1,4,tmax
AlpConF,28066,1,0,ordesa,1,5,tmax
AlpScrGr,98680,1,0,ordesa,1,5,tmax
ArtSurf,26,0,0,ordesa,1,5,tmax
Grass,21108,0,0,ordesa,1,5,tmax
HydroRipVeg,154,0,0,ordesa,1,5,tmax
MedSclF,4268,0,0,ordesa,1,5,tmax
RipF,865,0,0,ordesa,1,5,tmax
RockScreeVeg,8425,0,0,ordesa,1,5,tmax
SMedMarF,1749,0,0,ordesa,1,5,tmax
Shrub,7687,0,0,ordesa,1,5,tmax
TempDecF,20584,0,0,ordesa,1,5,tmax
WaterSurf,20,0,0,ordesa,1,5,tmax
AlpConF,28021,0,0,ordesa,1,6,tmax
AlpScrGr,100050,4,0,ordesa,1,6,tmax
ArtSurf,26,0,0,ordesa,1,6,tmax
Grass,21113,1,0,ordesa,1,6,tmax
HydroRipVeg,204,0,0,ordesa,1,6,tmax
MedSclF,4300,0,0,ordesa,1,6,tmax
RipF,866,0,0,ordesa,1,6,tmax
RockScreeVeg,8576,0,0,ordesa,1,6,tmax
SMedMarF,1746,0,0,ordesa,1,6,tmax
Shrub,7723,0,0,ordesa,1,6,tmax
TempDecF,20580,0,0,ordesa,1,6,tmax
WaterSurf,20,0,0,ordesa,1,6,tmax
AlpConF,28948,0,0,ordesa,1,7,tmax
AlpScrGr,104262,0,0,ordesa,1,7,tmax
ArtSurf,26,0,0,ordesa,1,7,tmax
Grass,21154,0,0,ordesa,1,7,tmax
HydroRipVeg,233,0,0,ordesa,1,7,tmax
MedSclF,4301,0,0,ordesa,1,7,tmax
RipF,874,0,0,ordesa,1,7,tmax
RockScreeVeg,9863,0,0,ordesa,1,7,tmax
SMedMarF,1812,0,0,ordesa,1,7,tmax
Shrub,7815,0,0,ordesa,1,7,tmax
TempDecF,21294,0,0,ordesa,1,7,tmax
WaterSurf,20,0,0,ordesa,1,7,tmax
AlpConF,28937,0,0,ordesa,1,8,tmax
AlpScrGr,104944,0,0,ordesa,1,8,tmax
ArtSurf,26,0,0,ordesa,1,8,tmax
Grass,21154,0,0,ordesa,1,8,tmax
HydroRipVeg,263,0,0,ordesa,1,8,tmax
MedSclF,4300,0,0,ordesa,1,8,tmax
RipF,874,0,0,ordesa,1,8,tmax
RockScreeVeg,11345,0,0,ordesa,1,8,tmax
SMedMarF,1810,0,0,ordesa,1,8,tmax
Shrub,7807,0,0,ordesa,1,8,tmax
TempDecF,21266,0,0,ordesa,1,8,tmax
WaterSurf,115,0,0,ordesa,1,8,tmax
AlpConF,28538,0,0,ordesa,1,9,tmax
AlpScrGr,105456,0,0,ordesa,1,9,tmax
ArtSurf,26,0,0,ordesa,1,9,tmax
Grass,21154,0,0,ordesa,1,9,tmax
HydroRipVeg,269,0,0,ordesa,1,9,tmax
MedSclF,4283,0,0,ordesa,1,9,tmax
RipF,870,0,0,ordesa,1,9,tmax
RockScreeVeg,11379,0,0,ordesa,1,9,tmax
SMedMarF,1757,0,0,ordesa,1,9,tmax
Shrub,7719,0,0,ordesa,1,9,tmax
TempDecF,20868,0,0,ordesa,1,9,tmax
WaterSurf,89,0,0,ordesa,1,9,tmax
AlpConF,27643,0,0,ordesa,1,10,tmax
AlpScrGr,100960,0,0,ordesa,1,10,tmax
ArtSurf,26,0,0,ordesa,1,10,tmax
Grass,21116,0,0,ordesa,1,10,tmax
HydroRipVeg,204,0,0,ordesa,1,10,tmax
MedSclF,4251,0,0,ordesa,1,10,tmax
RipF,860,0,0,ordesa,1,10,tmax
RockScreeVeg,8803,0,0,ordesa,1,10,tmax
SMedMarF,1672,0,0,ordesa,1,10,tmax
Shrub,7599,0,0,ordesa,1,10,tmax
TempDecF,20208,0,0,ordesa,1,10,tmax
WaterSurf,20,0,0,ordesa,1,10,tmax
AlpConF,27604,1,0,ordesa,1,11,tmax
AlpScrGr,100100,23,0.02,ordesa,1,11,tmax
ArtSurf,26,0,0,ordesa,1,11,tmax
BareArea,2,0,0,ordesa,1,11,tmax
Grass,21102,0,0,ordesa,1,11,tmax
HydroRipVeg,204,0,0,ordesa,1,11,tmax
MedSclF,4249,4,0.09,ordesa,1,11,tmax
RipF,860,0,0,ordesa,1,11,tmax
RockScreeVeg,8649,3,0.03,ordesa,1,11,tmax
SMedMarF,1645,0,0,ordesa,1,11,tmax
Shrub,7577,3,0.04,ordesa,1,11,tmax
TempDecF,20167,3,0.01,ordesa,1,11,tmax
WaterSurf,20,0,0,ordesa,1,11,tmax
AlpConF,27351,0,0,ordesa,1,12,tmax
AlpScrGr,99970,0,0,ordesa,1,12,tmax
ArtSurf,26,0,0,ordesa,1,12,tmax
Grass,21101,0,0,ordesa,1,12,tmax
HydroRipVeg,204,0,0,ordesa,1,12,tmax
MedSclF,4190,0,0,ordesa,1,12,tmax
RipF,854,0,0,ordesa,1,12,tmax
RockScreeVeg,8568,0,0,ordesa,1,12,tmax
SMedMarF,1625,0,0,ordesa,1,12,tmax
Shrub,7507,0,0,ordesa,1,12,tmax
TempDecF,19766,0,0,ordesa,1,12,tmax
WaterSurf,20,0,0,ordesa,1,12,tmax
AlpConF,27586,0,0,ordesa,3,1,tmax
AlpScrGr,100261,0,0,ordesa,3,1,tmax
ArtSurf,26,0,0,ordesa,3,1,tmax
BareArea,3,0,0,ordesa,3,1,tmax
Grass,21109,0,0,ordesa,3,1,tmax
HydroRipVeg,204,0,0,ordesa,3,1,tmax
MedSclF,4221,0,0,ordesa,3,1,tmax
RipF,860,0,0,ordesa,3,1,tmax
RockScreeVeg,8836,0,0,ordesa,3,1,tmax
SMedMarF,1656,0,0,ordesa,3,1,tmax
Shrub,7570,0,0,ordesa,3,1,tmax
TempDecF,20036,0,0,ordesa,3,1,tmax
WaterSurf,20,0,0,ordesa,3,1,tmax
AlpConF,27603,3,0.01,ordesa,3,2,tmax
AlpScrGr,102251,244,0.24,ordesa,3,2,tmax
ArtSurf,26,0,0,ordesa,3,2,tmax
BareArea,203,0,0,ordesa,3,2,tmax
Grass,21113,1,0,ordesa,3,2,tmax
HydroRipVeg,214,0,0,ordesa,3,2,tmax
MedSclF,4236,0,0,ordesa,3,2,tmax
RipF,860,0,0,ordesa,3,2,tmax
RockScreeVeg,13046,149,1.14,ordesa,3,2,tmax
SMedMarF,1671,0,0,ordesa,3,2,tmax
Shrub,7575,2,0.03,ordesa,3,2,tmax
TempDecF,20084,0,0,ordesa,3,2,tmax
WaterSurf,68,0,0,ordesa,3,2,tmax
AlpConF,27618,0,0,ordesa,3,3,tmax
AlpScrGr,101805,0,0,ordesa,3,3,tmax
ArtSurf,26,0,0,ordesa,3,3,tmax
BareArea,493,0,0,ordesa,3,3,tmax
Grass,21113,0,0,ordesa,3,3,tmax
HydroRipVeg,207,0,0,ordesa,3,3,tmax
MedSclF,4251,0,0,ordesa,3,3,tmax
RipF,860,0,0,ordesa,3,3,tmax
RockScreeVeg,11546,0,0,ordesa,3,3,tmax
SMedMarF,1671,0,0,ordesa,3,3,tmax
Shrub,7598,0,0,ordesa,3,3,tmax
TempDecF,20202,0,0,ordesa,3,3,tmax
WaterSurf,32,0,0,ordesa,3,3,tmax
AlpConF,27612,1,0,ordesa,3,4,tmax
AlpScrGr,99996,0,0,ordesa,3,4,tmax
ArtSurf,26,0,0,ordesa,3,4,tmax
Grass,21111,0,0,ordesa,3,4,tmax
HydroRipVeg,204,0,0,ordesa,3,4,tmax
MedSclF,4251,0,0,ordesa,3,4,tmax
RipF,860,0,0,ordesa,3,4,tmax
RockScreeVeg,8573,0,0,ordesa,3,4,tmax
SMedMarF,1671,0,0,ordesa,3,4,tmax
Shrub,7601,0,0,ordesa,3,4,tmax
TempDecF,20198,0,0,ordesa,3,4,tmax
WaterSurf,20,0,0,ordesa,3,4,tmax
AlpConF,28066,24,0.09,ordesa,3,5,tmax
AlpScrGr,98680,6,0.01,ordesa,3,5,tmax
ArtSurf,26,0,0,ordesa,3,5,tmax
Grass,21108,0,0,ordesa,3,5,tmax
HydroRipVeg,154,0,0,ordesa,3,5,tmax
MedSclF,4268,7,0.16,ordesa,3,5,tmax
RipF,865,0,0,ordesa,3,5,tmax
RockScreeVeg,8425,5,0.06,ordesa,3,5,tmax
SMedMarF,1749,2,0.11,ordesa,3,5,tmax
Shrub,7687,2,0.03,ordesa,3,5,tmax
TempDecF,20584,7,0.03,ordesa,3,5,tmax
WaterSurf,20,0,0,ordesa,3,5,tmax
AlpConF,28021,0,0,ordesa,3,6,tmax
AlpScrGr,100050,0,0,ordesa,3,6,tmax
ArtSurf,26,0,0,ordesa,3,6,tmax
Grass,21113,0,0,ordesa,3,6,tmax
HydroRipVeg,204,0,0,ordesa,3,6,tmax
MedSclF,4300,0,0,ordesa,3,6,tmax
RipF,866,0,0,ordesa,3,6,tmax
RockScreeVeg,8576,0,0,ordesa,3,6,tmax
SMedMarF,1746,0,0,ordesa,3,6,tmax
Shrub,7723,0,0,ordesa,3,6,tmax
TempDecF,20580,0,0,ordesa,3,6,tmax
WaterSurf,20,0,0,ordesa,3,6,tmax
AlpConF,28948,0,0,ordesa,3,7,tmax
AlpScrGr,104262,0,0,ordesa,3,7,tmax
ArtSurf,26,0,0,ordesa,3,7,tmax
Grass,21154,0,0,ordesa,3,7,tmax
HydroRipVeg,233,0,0,ordesa,3,7,tmax
MedSclF,4301,0,0,ordesa,3,7,tmax
RipF,874,0,0,ordesa,3,7,tmax
RockScreeVeg,9863,0,0,ordesa,3,7,tmax
SMedMarF,1812,0,0,ordesa,3,7,tmax
Shrub,7815,0,0,ordesa,3,7,tmax
TempDecF,21294,0,0,ordesa,3,7,tmax
WaterSurf,20,0,0,ordesa,3,7,tmax
AlpConF,28937,462,1.6,ordesa,3,8,tmax
AlpScrGr,104944,12049,11.48,ordesa,3,8,tmax
ArtSurf,26,1,3.85,ordesa,3,8,tmax
Grass,21154,4664,22.05,ordesa,3,8,tmax
HydroRipVeg,263,4,1.52,ordesa,3,8,tmax
MedSclF,4300,85,1.98,ordesa,3,8,tmax
RipF,874,7,0.8,ordesa,3,8,tmax
RockScreeVeg,11345,175,1.54,ordesa,3,8,tmax
SMedMarF,1810,26,1.44,ordesa,3,8,tmax
Shrub,7807,555,7.11,ordesa,3,8,tmax
TempDecF,21266,386,1.82,ordesa,3,8,tmax
WaterSurf,115,0,0,ordesa,3,8,tmax
AlpConF,28538,0,0,ordesa,3,9,tmax
AlpScrGr,105456,0,0,ordesa,3,9,tmax
ArtSurf,26,0,0,ordesa,3,9,tmax
Grass,21154,0,0,ordesa,3,9,tmax
HydroRipVeg,269,0,0,ordesa,3,9,tmax
MedSclF,4283,0,0,ordesa,3,9,tmax
RipF,870,0,0,ordesa,3,9,tmax
RockScreeVeg,11379,0,0,ordesa,3,9,tmax
SMedMarF,1757,0,0,ordesa,3,9,tmax
Shrub,7719,0,0,ordesa,3,9,tmax
TempDecF,20868,0,0,ordesa,3,9,tmax
WaterSurf,89,0,0,ordesa,3,9,tmax
AlpConF,27643,0,0,ordesa,3,10,tmax
AlpScrGr,100960,0,0,ordesa,3,10,tmax
ArtSurf,26,0,0,ordesa,3,10,tmax
Grass,21116,0,0,ordesa,3,10,tmax
HydroRipVeg,204,0,0,ordesa,3,10,tmax
MedSclF,4251,0,0,ordesa,3,10,tmax
RipF,860,0,0,ordesa,3,10,tmax
RockScreeVeg,8803,0,0,ordesa,3,10,tmax
SMedMarF,1672,0,0,ordesa,3,10,tmax
Shrub,7599,0,0,ordesa,3,10,tmax
TempDecF,20208,0,0,ordesa,3,10,tmax
WaterSurf,20,0,0,ordesa,3,10,tmax
AlpConF,27604,0,0,ordesa,3,11,tmax
AlpScrGr,100100,0,0,ordesa,3,11,tmax
ArtSurf,26,0,0,ordesa,3,11,tmax
BareArea,2,0,0,ordesa,3,11,tmax
Grass,21102,0,0,ordesa,3,11,tmax
HydroRipVeg,204,0,0,ordesa,3,11,tmax
MedSclF,4249,0,0,ordesa,3,11,tmax
RipF,860,0,0,ordesa,3,11,tmax
RockScreeVeg,8649,0,0,ordesa,3,11,tmax
SMedMarF,1645,0,0,ordesa,3,11,tmax
Shrub,7577,0,0,ordesa,3,11,tmax
TempDecF,20167,0,0,ordesa,3,11,tmax
WaterSurf,20,0,0,ordesa,3,11,tmax
AlpConF,27351,0,0,ordesa,3,12,tmax
AlpScrGr,99970,0,0,ordesa,3,12,tmax
ArtSurf,26,0,0,ordesa,3,12,tmax
Grass,21101,0,0,ordesa,3,12,tmax
HydroRipVeg,204,0,0,ordesa,3,12,tmax
MedSclF,4190,0,0,ordesa,3,12,tmax
RipF,854,0,0,ordesa,3,12,tmax
RockScreeVeg,8568,0,0,ordesa,3,12,tmax
SMedMarF,1625,0,0,ordesa,3,12,tmax
Shrub,7507,0,0,ordesa,3,12,tmax
TempDecF,19766,0,0,ordesa,3,12,tmax
WaterSurf,20,0,0,ordesa,3,12,tmax
AlpConF,27586,10,0.04,ordesa,6,1,tmax
AlpScrGr,100261,45,0.04,ordesa,6,1,tmax
ArtSurf,26,0,0,ordesa,6,1,tmax
BareArea,3,0,0,ordesa,6,1,tmax
Grass,21109,0,0,ordesa,6,1,tmax
HydroRipVeg,204,0,0,ordesa,6,1,tmax
MedSclF,4221,16,0.38,ordesa,6,1,tmax
RipF,860,0,0,ordesa,6,1,tmax
RockScreeVeg,8836,1,0.01,ordesa,6,1,tmax
SMedMarF,1656,0,0,ordesa,6,1,tmax
Shrub,7570,8,0.11,ordesa,6,1,tmax
TempDecF,20036,8,0.04,ordesa,6,1,tmax
WaterSurf,20,0,0,ordesa,6,1,tmax
AlpConF,27603,0,0,ordesa,6,2,tmax
AlpScrGr,102251,0,0,ordesa,6,2,tmax
ArtSurf,26,0,0,ordesa,6,2,tmax
BareArea,203,0,0,ordesa,6,2,tmax
Grass,21113,0,0,ordesa,6,2,tmax
HydroRipVeg,214,0,0,ordesa,6,2,tmax
MedSclF,4236,0,0,ordesa,6,2,tmax
RipF,860,0,0,ordesa,6,2,tmax
RockScreeVeg,13046,0,0,ordesa,6,2,tmax
SMedMarF,1671,0,0,ordesa,6,2,tmax
Shrub,7575,0,0,ordesa,6,2,tmax
TempDecF,20084,0,0,ordesa,6,2,tmax
WaterSurf,68,0,0,ordesa,6,2,tmax
AlpConF,27618,0,0,ordesa,6,3,tmax
AlpScrGr,101805,0,0,ordesa,6,3,tmax
ArtSurf,26,0,0,ordesa,6,3,tmax
BareArea,493,0,0,ordesa,6,3,tmax
Grass,21113,0,0,ordesa,6,3,tmax
HydroRipVeg,207,0,0,ordesa,6,3,tmax
MedSclF,4251,0,0,ordesa,6,3,tmax
RipF,860,0,0,ordesa,6,3,tmax
RockScreeVeg,11546,0,0,ordesa,6,3,tmax
SMedMarF,1671,0,0,ordesa,6,3,tmax
Shrub,7598,0,0,ordesa,6,3,tmax
TempDecF,20202,0,0,ordesa,6,3,tmax
WaterSurf,32,0,0,ordesa,6,3,tmax
AlpConF,27612,0,0,ordesa,6,4,tmax
AlpScrGr,99996,0,0,ordesa,6,4,tmax
ArtSurf,26,0,0,ordesa,6,4,tmax
Grass,21111,0,0,ordesa,6,4,tmax
HydroRipVeg,204,0,0,ordesa,6,4,tmax
MedSclF,4251,0,0,ordesa,6,4,tmax
RipF,860,0,0,ordesa,6,4,tmax
RockScreeVeg,8573,0,0,ordesa,6,4,tmax
SMedMarF,1671,0,0,ordesa,6,4,tmax
Shrub,7601,0,0,ordesa,6,4,tmax
TempDecF,20198,0,0,ordesa,6,4,tmax
WaterSurf,20,0,0,ordesa,6,4,tmax
AlpConF,28066,0,0,ordesa,6,5,tmax
AlpScrGr,98680,0,0,ordesa,6,5,tmax
ArtSurf,26,0,0,ordesa,6,5,tmax
Grass,21108,0,0,ordesa,6,5,tmax
HydroRipVeg,154,0,0,ordesa,6,5,tmax
MedSclF,4268,0,0,ordesa,6,5,tmax
RipF,865,0,0,ordesa,6,5,tmax
RockScreeVeg,8425,0,0,ordesa,6,5,tmax
SMedMarF,1749,0,0,ordesa,6,5,tmax
Shrub,7687,0,0,ordesa,6,5,tmax
TempDecF,20584,0,0,ordesa,6,5,tmax
WaterSurf,20,0,0,ordesa,6,5,tmax
AlpConF,28021,0,0,ordesa,6,6,tmax
AlpScrGr,100050,0,0,ordesa,6,6,tmax
ArtSurf,26,0,0,ordesa,6,6,tmax
Grass,21113,0,0,ordesa,6,6,tmax
HydroRipVeg,204,0,0,ordesa,6,6,tmax
MedSclF,4300,0,0,ordesa,6,6,tmax
RipF,866,0,0,ordesa,6,6,tmax
RockScreeVeg,8576,0,0,ordesa,6,6,tmax
SMedMarF,1746,0,0,ordesa,6,6,tmax
Shrub,7723,0,0,ordesa,6,6,tmax
TempDecF,20580,0,0,ordesa,6,6,tmax
WaterSurf,20,0,0,ordesa,6,6,tmax
AlpConF,28948,0,0,ordesa,6,7,tmax
AlpScrGr,104262,0,0,ordesa,6,7,tmax
ArtSurf,26,0,0,ordesa,6,7,tmax
Grass,21154,0,0,ordesa,6,7,tmax
HydroRipVeg,233,0,0,ordesa,6,7,tmax
MedSclF,4301,0,0,ordesa,6,7,tmax
RipF,874,0,0,ordesa,6,7,tmax
RockScreeVeg,9863,0,0,ordesa,6,7,tmax
SMedMarF,1812,0,0,ordesa,6,7,tmax
Shrub,7815,0,0,ordesa,6,7,tmax
TempDecF,21294,0,0,ordesa,6,7,tmax
WaterSurf,20,0,0,ordesa,6,7,tmax
AlpConF,28937,0,0,ordesa,6,8,tmax
AlpScrGr,104944,0,0,ordesa,6,8,tmax
ArtSurf,26,0,0,ordesa,6,8,tmax
Grass,21154,0,0,ordesa,6,8,tmax
HydroRipVeg,263,0,0,ordesa,6,8,tmax
MedSclF,4300,0,0,ordesa,6,8,tmax
RipF,874,0,0,ordesa,6,8,tmax
RockScreeVeg,11345,0,0,ordesa,6,8,tmax
SMedMarF,1810,0,0,ordesa,6,8,tmax
Shrub,7807,0,0,ordesa,6,8,tmax
TempDecF,21266,0,0,ordesa,6,8,tmax
WaterSurf,115,0,0,ordesa,6,8,tmax
AlpConF,28538,0,0,ordesa,6,9,tmax
AlpScrGr,105456,0,0,ordesa,6,9,tmax
ArtSurf,26,0,0,ordesa,6,9,tmax
Grass,21154,0,0,ordesa,6,9,tmax
HydroRipVeg,269,0,0,ordesa,6,9,tmax
MedSclF,4283,0,0,ordesa,6,9,tmax
RipF,870,0,0,ordesa,6,9,tmax
RockScreeVeg,11379,0,0,ordesa,6,9,tmax
SMedMarF,1757,0,0,ordesa,6,9,tmax
Shrub,7719,0,0,ordesa,6,9,tmax
TempDecF,20868,0,0,ordesa,6,9,tmax
WaterSurf,89,0,0,ordesa,6,9,tmax
AlpConF,27643,0,0,ordesa,6,10,tmax
AlpScrGr,100960,0,0,ordesa,6,10,tmax
ArtSurf,26,0,0,ordesa,6,10,tmax
Grass,21116,0,0,ordesa,6,10,tmax
HydroRipVeg,204,0,0,ordesa,6,10,tmax
MedSclF,4251,0,0,ordesa,6,10,tmax
RipF,860,0,0,ordesa,6,10,tmax
RockScreeVeg,8803,0,0,ordesa,6,10,tmax
SMedMarF,1672,0,0,ordesa,6,10,tmax
Shrub,7599,0,0,ordesa,6,10,tmax
TempDecF,20208,0,0,ordesa,6,10,tmax
WaterSurf,20,0,0,ordesa,6,10,tmax
AlpConF,27604,0,0,ordesa,6,11,tmax
AlpScrGr,100100,0,0,ordesa,6,11,tmax
ArtSurf,26,0,0,ordesa,6,11,tmax
BareArea,2,0,0,ordesa,6,11,tmax
Grass,21102,0,0,ordesa,6,11,tmax
HydroRipVeg,204,0,0,ordesa,6,11,tmax
MedSclF,4249,0,0,ordesa,6,11,tmax
RipF,860,0,0,ordesa,6,11,tmax
RockScreeVeg,8649,0,0,ordesa,6,11,tmax
SMedMarF,1645,0,0,ordesa,6,11,tmax
Shrub,7577,0,0,ordesa,6,11,tmax
TempDecF,20167,0,0,ordesa,6,11,tmax
WaterSurf,20,0,0,ordesa,6,11,tmax
AlpConF,27351,0,0,ordesa,6,12,tmax
AlpScrGr,99970,0,0,ordesa,6,12,tmax
ArtSurf,26,0,0,ordesa,6,12,tmax
Grass,21101,0,0,ordesa,6,12,tmax
HydroRipVeg,204,0,0,ordesa,6,12,tmax
MedSclF,4190,0,0,ordesa,6,12,tmax
RipF,854,0,0,ordesa,6,12,tmax
RockScreeVeg,8568,0,0,ordesa,6,12,tmax
SMedMarF,1625,0,0,ordesa,6,12,tmax
Shrub,7507,0,0,ordesa,6,12,tmax
TempDecF,19766,0,0,ordesa,6,12,tmax
WaterSurf,20,0,0,ordesa,6,12,tmax
AlpConF,27586,1,0,ordesa,9,1,tmax
AlpScrGr,100261,3,0,ordesa,9,1,tmax
ArtSurf,26,0,0,ordesa,9,1,tmax
BareArea,3,0,0,ordesa,9,1,tmax
Grass,21109,0,0,ordesa,9,1,tmax
HydroRipVeg,204,0,0,ordesa,9,1,tmax
MedSclF,4221,0,0,ordesa,9,1,tmax
RipF,860,0,0,ordesa,9,1,tmax
RockScreeVeg,8836,0,0,ordesa,9,1,tmax
SMedMarF,1656,0,0,ordesa,9,1,tmax
Shrub,7570,0,0,ordesa,9,1,tmax
TempDecF,20036,0,0,ordesa,9,1,tmax
WaterSurf,20,0,0,ordesa,9,1,tmax
AlpConF,27603,0,0,ordesa,9,2,tmax
AlpScrGr,102251,0,0,ordesa,9,2,tmax
ArtSurf,26,0,0,ordesa,9,2,tmax
BareArea,203,0,0,ordesa,9,2,tmax
Grass,21113,0,0,ordesa,9,2,tmax
HydroRipVeg,214,0,0,ordesa,9,2,tmax
MedSclF,4236,0,0,ordesa,9,2,tmax
RipF,860,0,0,ordesa,9,2,tmax
RockScreeVeg,13046,0,0,ordesa,9,2,tmax
SMedMarF,1671,0,0,ordesa,9,2,tmax
Shrub,7575,0,0,ordesa,9,2,tmax
TempDecF,20084,0,0,ordesa,9,2,tmax
WaterSurf,68,0,0,ordesa,9,2,tmax
AlpConF,27618,0,0,ordesa,9,3,tmax
AlpScrGr,101805,0,0,ordesa,9,3,tmax
ArtSurf,26,0,0,ordesa,9,3,tmax
BareArea,493,0,0,ordesa,9,3,tmax
Grass,21113,0,0,ordesa,9,3,tmax
HydroRipVeg,207,0,0,ordesa,9,3,tmax
MedSclF,4251,0,0,ordesa,9,3,tmax
RipF,860,0,0,ordesa,9,3,tmax
RockScreeVeg,11546,0,0,ordesa,9,3,tmax
SMedMarF,1671,0,0,ordesa,9,3,tmax
Shrub,7598,0,0,ordesa,9,3,tmax
TempDecF,20202,0,0,ordesa,9,3,tmax
WaterSurf,32,0,0,ordesa,9,3,tmax
AlpConF,27612,0,0,ordesa,9,4,tmax
AlpScrGr,99996,0,0,ordesa,9,4,tmax
ArtSurf,26,0,0,ordesa,9,4,tmax
Grass,21111,0,0,ordesa,9,4,tmax
HydroRipVeg,204,0,0,ordesa,9,4,tmax
MedSclF,4251,0,0,ordesa,9,4,tmax
RipF,860,0,0,ordesa,9,4,tmax
RockScreeVeg,8573,0,0,ordesa,9,4,tmax
SMedMarF,1671,0,0,ordesa,9,4,tmax
Shrub,7601,0,0,ordesa,9,4,tmax
TempDecF,20198,0,0,ordesa,9,4,tmax
WaterSurf,20,0,0,ordesa,9,4,tmax
AlpConF,28066,0,0,ordesa,9,5,tmax
AlpScrGr,98680,0,0,ordesa,9,5,tmax
ArtSurf,26,0,0,ordesa,9,5,tmax
Grass,21108,0,0,ordesa,9,5,tmax
HydroRipVeg,154,0,0,ordesa,9,5,tmax
MedSclF,4268,0,0,ordesa,9,5,tmax
RipF,865,0,0,ordesa,9,5,tmax
RockScreeVeg,8425,0,0,ordesa,9,5,tmax
SMedMarF,1749,0,0,ordesa,9,5,tmax
Shrub,7687,0,0,ordesa,9,5,tmax
TempDecF,20584,0,0,ordesa,9,5,tmax
WaterSurf,20,0,0,ordesa,9,5,tmax
AlpConF,28021,0,0,ordesa,9,6,tmax
AlpScrGr,100050,0,0,ordesa,9,6,tmax
ArtSurf,26,0,0,ordesa,9,6,tmax
Grass,21113,0,0,ordesa,9,6,tmax
HydroRipVeg,204,0,0,ordesa,9,6,tmax
MedSclF,4300,0,0,ordesa,9,6,tmax
RipF,866,0,0,ordesa,9,6,tmax
RockScreeVeg,8576,0,0,ordesa,9,6,tmax
SMedMarF,1746,0,0,ordesa,9,6,tmax
Shrub,7723,0,0,ordesa,9,6,tmax
TempDecF,20580,0,0,ordesa,9,6,tmax
WaterSurf,20,0,0,ordesa,9,6,tmax
AlpConF,28948,0,0,ordesa,9,7,tmax
AlpScrGr,104262,0,0,ordesa,9,7,tmax
ArtSurf,26,0,0,ordesa,9,7,tmax
Grass,21154,0,0,ordesa,9,7,tmax
HydroRipVeg,233,0,0,ordesa,9,7,tmax
MedSclF,4301,0,0,ordesa,9,7,tmax
RipF,874,0,0,ordesa,9,7,tmax
RockScreeVeg,9863,0,0,ordesa,9,7,tmax
SMedMarF,1812,0,0,ordesa,9,7,tmax
Shrub,7815,0,0,ordesa,9,7,tmax
TempDecF,21294,0,0,ordesa,9,7,tmax
WaterSurf,20,0,0,ordesa,9,7,tmax
AlpConF,28937,0,0,ordesa,9,8,tmax
AlpScrGr,104944,0,0,ordesa,9,8,tmax
ArtSurf,26,0,0,ordesa,9,8,tmax
Grass,21154,0,0,ordesa,9,8,tmax
HydroRipVeg,263,0,0,ordesa,9,8,tmax
MedSclF,4300,0,0,ordesa,9,8,tmax
RipF,874,0,0,ordesa,9,8,tmax
RockScreeVeg,11345,0,0,ordesa,9,8,tmax
SMedMarF,1810,0,0,ordesa,9,8,tmax
Shrub,7807,0,0,ordesa,9,8,tmax
TempDecF,21266,0,0,ordesa,9,8,tmax
WaterSurf,115,0,0,ordesa,9,8,tmax
AlpConF,28538,0,0,ordesa,9,9,tmax
AlpScrGr,105456,0,0,ordesa,9,9,tmax
ArtSurf,26,0,0,ordesa,9,9,tmax
Grass,21154,0,0,ordesa,9,9,tmax
HydroRipVeg,269,0,0,ordesa,9,9,tmax
MedSclF,4283,0,0,ordesa,9,9,tmax
RipF,870,0,0,ordesa,9,9,tmax
RockScreeVeg,11379,0,0,ordesa,9,9,tmax
SMedMarF,1757,0,0,ordesa,9,9,tmax
Shrub,7719,0,0,ordesa,9,9,tmax
TempDecF,20868,0,0,ordesa,9,9,tmax
WaterSurf,89,0,0,ordesa,9,9,tmax
AlpConF,27643,0,0,ordesa,9,10,tmax
AlpScrGr,100960,0,0,ordesa,9,10,tmax
ArtSurf,26,0,0,ordesa,9,10,tmax
Grass,21116,0,0,ordesa,9,10,tmax
HydroRipVeg,204,0,0,ordesa,9,10,tmax
MedSclF,4251,0,0,ordesa,9,10,tmax
RipF,860,0,0,ordesa,9,10,tmax
RockScreeVeg,8803,0,0,ordesa,9,10,tmax
SMedMarF,1672,0,0,ordesa,9,10,tmax
Shrub,7599,0,0,ordesa,9,10,tmax
TempDecF,20208,0,0,ordesa,9,10,tmax
WaterSurf,20,0,0,ordesa,9,10,tmax
AlpConF,27604,0,0,ordesa,9,11,tmax
AlpScrGr,100100,0,0,ordesa,9,11,tmax
ArtSurf,26,0,0,ordesa,9,11,tmax
BareArea,2,0,0,ordesa,9,11,tmax
Grass,21102,0,0,ordesa,9,11,tmax
HydroRipVeg,204,0,0,ordesa,9,11,tmax
MedSclF,4249,0,0,ordesa,9,11,tmax
RipF,860,0,0,ordesa,9,11,tmax
RockScreeVeg,8649,0,0,ordesa,9,11,tmax
SMedMarF,1645,0,0,ordesa,9,11,tmax
Shrub,7577,0,0,ordesa,9,11,tmax
TempDecF,20167,0,0,ordesa,9,11,tmax
WaterSurf,20,0,0,ordesa,9,11,tmax
AlpConF,27351,0,0,ordesa,9,12,tmax
AlpScrGr,99970,0,0,ordesa,9,12,tmax
ArtSurf,26,0,0,ordesa,9,12,tmax
Grass,21101,0,0,ordesa,9,12,tmax
HydroRipVeg,204,0,0,ordesa,9,12,tmax
MedSclF,4190,0,0,ordesa,9,12,tmax
RipF,854,0,0,ordesa,9,12,tmax
RockScreeVeg,8568,0,0,ordesa,9,12,tmax
SMedMarF,1625,0,0,ordesa,9,12,tmax
Shrub,7507,0,0,ordesa,9,12,tmax
TempDecF,19766,0,0,ordesa,9,12,tmax
WaterSurf,20,0,0,ordesa,9,12,tmax
AlpConF,27586,2,0.01,ordesa,12,1,tmax
AlpScrGr,100261,0,0,ordesa,12,1,tmax
ArtSurf,26,0,0,ordesa,12,1,tmax
BareArea,3,0,0,ordesa,12,1,tmax
Grass,21109,0,0,ordesa,12,1,tmax
HydroRipVeg,204,0,0,ordesa,12,1,tmax
MedSclF,4221,0,0,ordesa,12,1,tmax
RipF,860,0,0,ordesa,12,1,tmax
RockScreeVeg,8836,0,0,ordesa,12,1,tmax
SMedMarF,1656,0,0,ordesa,12,1,tmax
Shrub,7570,0,0,ordesa,12,1,tmax
TempDecF,20036,0,0,ordesa,12,1,tmax
WaterSurf,20,0,0,ordesa,12,1,tmax
AlpConF,27603,0,0,ordesa,12,2,tmax
AlpScrGr,102251,0,0,ordesa,12,2,tmax
ArtSurf,26,0,0,ordesa,12,2,tmax
BareArea,203,0,0,ordesa,12,2,tmax
Grass,21113,0,0,ordesa,12,2,tmax
HydroRipVeg,214,0,0,ordesa,12,2,tmax
MedSclF,4236,0,0,ordesa,12,2,tmax
RipF,860,0,0,ordesa,12,2,tmax
RockScreeVeg,13046,0,0,ordesa,12,2,tmax
SMedMarF,1671,0,0,ordesa,12,2,tmax
Shrub,7575,0,0,ordesa,12,2,tmax
TempDecF,20084,0,0,ordesa,12,2,tmax
WaterSurf,68,0,0,ordesa,12,2,tmax
AlpConF,27618,0,0,ordesa,12,3,tmax
AlpScrGr,101805,0,0,ordesa,12,3,tmax
ArtSurf,26,0,0,ordesa,12,3,tmax
BareArea,493,0,0,ordesa,12,3,tmax
Grass,21113,0,0,ordesa,12,3,tmax
HydroRipVeg,207,0,0,ordesa,12,3,tmax
MedSclF,4251,0,0,ordesa,12,3,tmax
RipF,860,0,0,ordesa,12,3,tmax
RockScreeVeg,11546,0,0,ordesa,12,3,tmax
SMedMarF,1671,0,0,ordesa,12,3,tmax
Shrub,7598,0,0,ordesa,12,3,tmax
TempDecF,20202,0,0,ordesa,12,3,tmax
WaterSurf,32,0,0,ordesa,12,3,tmax
AlpConF,27612,0,0,ordesa,12,4,tmax
AlpScrGr,99996,0,0,ordesa,12,4,tmax
ArtSurf,26,0,0,ordesa,12,4,tmax
Grass,21111,0,0,ordesa,12,4,tmax
HydroRipVeg,204,0,0,ordesa,12,4,tmax
MedSclF,4251,0,0,ordesa,12,4,tmax
RipF,860,0,0,ordesa,12,4,tmax
RockScreeVeg,8573,0,0,ordesa,12,4,tmax
SMedMarF,1671,0,0,ordesa,12,4,tmax
Shrub,7601,0,0,ordesa,12,4,tmax
TempDecF,20198,0,0,ordesa,12,4,tmax
WaterSurf,20,0,0,ordesa,12,4,tmax
AlpConF,28066,0,0,ordesa,12,5,tmax
AlpScrGr,98680,0,0,ordesa,12,5,tmax
ArtSurf,26,0,0,ordesa,12,5,tmax
Grass,21108,0,0,ordesa,12,5,tmax
HydroRipVeg,154,0,0,ordesa,12,5,tmax
MedSclF,4268,0,0,ordesa,12,5,tmax
RipF,865,0,0,ordesa,12,5,tmax
RockScreeVeg,8425,0,0,ordesa,12,5,tmax
SMedMarF,1749,0,0,ordesa,12,5,tmax
Shrub,7687,0,0,ordesa,12,5,tmax
TempDecF,20584,0,0,ordesa,12,5,tmax
WaterSurf,20,0,0,ordesa,12,5,tmax
AlpConF,28021,0,0,ordesa,12,6,tmax
AlpScrGr,100050,0,0,ordesa,12,6,tmax
ArtSurf,26,0,0,ordesa,12,6,tmax
Grass,21113,0,0,ordesa,12,6,tmax
HydroRipVeg,204,0,0,ordesa,12,6,tmax
MedSclF,4300,0,0,ordesa,12,6,tmax
RipF,866,0,0,ordesa,12,6,tmax
RockScreeVeg,8576,0,0,ordesa,12,6,tmax
SMedMarF,1746,0,0,ordesa,12,6,tmax
Shrub,7723,0,0,ordesa,12,6,tmax
TempDecF,20580,0,0,ordesa,12,6,tmax
WaterSurf,20,0,0,ordesa,12,6,tmax
AlpConF,28948,0,0,ordesa,12,7,tmax
AlpScrGr,104262,0,0,ordesa,12,7,tmax
ArtSurf,26,0,0,ordesa,12,7,tmax
Grass,21154,0,0,ordesa,12,7,tmax
HydroRipVeg,233,0,0,ordesa,12,7,tmax
MedSclF,4301,0,0,ordesa,12,7,tmax
RipF,874,0,0,ordesa,12,7,tmax
RockScreeVeg,9863,0,0,ordesa,12,7,tmax
SMedMarF,1812,0,0,ordesa,12,7,tmax
Shrub,7815,0,0,ordesa,12,7,tmax
TempDecF,21294,0,0,ordesa,12,7,tmax
WaterSurf,20,0,0,ordesa,12,7,tmax
AlpConF,28937,0,0,ordesa,12,8,tmax
AlpScrGr,104944,0,0,ordesa,12,8,tmax
ArtSurf,26,0,0,ordesa,12,8,tmax
Grass,21154,0,0,ordesa,12,8,tmax
HydroRipVeg,263,0,0,ordesa,12,8,tmax
MedSclF,4300,0,0,ordesa,12,8,tmax
RipF,874,0,0,ordesa,12,8,tmax
RockScreeVeg,11345,0,0,ordesa,12,8,tmax
SMedMarF,1810,0,0,ordesa,12,8,tmax
Shrub,7807,0,0,ordesa,12,8,tmax
TempDecF,21266,0,0,ordesa,12,8,tmax
WaterSurf,115,0,0,ordesa,12,8,tmax
AlpConF,28538,0,0,ordesa,12,9,tmax
AlpScrGr,105456,0,0,ordesa,12,9,tmax
ArtSurf,26,0,0,ordesa,12,9,tmax
Grass,21154,0,0,ordesa,12,9,tmax
HydroRipVeg,269,0,0,ordesa,12,9,tmax
MedSclF,4283,0,0,ordesa,12,9,tmax
RipF,870,0,0,ordesa,12,9,tmax
RockScreeVeg,11379,0,0,ordesa,12,9,tmax
SMedMarF,1757,0,0,ordesa,12,9,tmax
Shrub,7719,0,0,ordesa,12,9,tmax
TempDecF,20868,0,0,ordesa,12,9,tmax
WaterSurf,89,0,0,ordesa,12,9,tmax
AlpConF,27643,0,0,ordesa,12,10,tmax
AlpScrGr,100960,0,0,ordesa,12,10,tmax
ArtSurf,26,0,0,ordesa,12,10,tmax
Grass,21116,0,0,ordesa,12,10,tmax
HydroRipVeg,204,0,0,ordesa,12,10,tmax
MedSclF,4251,0,0,ordesa,12,10,tmax
RipF,860,0,0,ordesa,12,10,tmax
RockScreeVeg,8803,0,0,ordesa,12,10,tmax
SMedMarF,1672,0,0,ordesa,12,10,tmax
Shrub,7599,0,0,ordesa,12,10,tmax
TempDecF,20208,0,0,ordesa,12,10,tmax
WaterSurf,20,0,0,ordesa,12,10,tmax
AlpConF,27604,0,0,ordesa,12,11,tmax
AlpScrGr,100100,0,0,ordesa,12,11,tmax
ArtSurf,26,0,0,ordesa,12,11,tmax
BareArea,2,0,0,ordesa,12,11,tmax
Grass,21102,0,0,ordesa,12,11,tmax
HydroRipVeg,204,0,0,ordesa,12,11,tmax
MedSclF,4249,0,0,ordesa,12,11,tmax
RipF,860,0,0,ordesa,12,11,tmax
RockScreeVeg,8649,0,0,ordesa,12,11,tmax
SMedMarF,1645,0,0,ordesa,12,11,tmax
Shrub,7577,0,0,ordesa,12,11,tmax
TempDecF,20167,0,0,ordesa,12,11,tmax
WaterSurf,20,0,0,ordesa,12,11,tmax
AlpConF,27351,0,0,ordesa,12,12,tmax
AlpScrGr,99970,0,0,ordesa,12,12,tmax
ArtSurf,26,0,0,ordesa,12,12,tmax
Grass,21101,0,0,ordesa,12,12,tmax
HydroRipVeg,204,0,0,ordesa,12,12,tmax
MedSclF,4190,0,0,ordesa,12,12,tmax
RipF,854,0,0,ordesa,12,12,tmax
RockScreeVeg,8568,0,0,ordesa,12,12,tmax
SMedMarF,1625,0,0,ordesa,12,12,tmax
Shrub,7507,0,0,ordesa,12,12,tmax
TempDecF,19766,0,0,ordesa,12,12,tmax
WaterSurf,20,0,0,ordesa,12,12,tmax
AlpScrGr,483629,0,0,picoseuropa,1,1,tmax
ArtSurf,2496,0,0,picoseuropa,1,1,tmax
AtlScrub,36465,0,0,picoseuropa,1,1,tmax
Crop,230,0,0,picoseuropa,1,1,tmax
Dehesa,60,0,0,picoseuropa,1,1,tmax
Grass,143161,0,0,picoseuropa,1,1,tmax
HydroRipVeg,808,0,0,picoseuropa,1,1,tmax
MedSclF,4576,0,0,picoseuropa,1,1,tmax
MedScrub,14993,0,0,picoseuropa,1,1,tmax
Reforestation,1264,0,0,picoseuropa,1,1,tmax
RipF,952,0,0,picoseuropa,1,1,tmax
RockScreeVeg,1117,0,0,picoseuropa,1,1,tmax
SMedMarF,8457,0,0,picoseuropa,1,1,tmax
Shrub,1579,0,0,picoseuropa,1,1,tmax
TempDecF,253477,0,0,picoseuropa,1,1,tmax
WaterSurf,715,0,0,picoseuropa,1,1,tmax
AlpScrGr,487132,4879,1,picoseuropa,1,2,tmax
ArtSurf,2509,0,0,picoseuropa,1,2,tmax
AtlScrub,36902,29,0.08,picoseuropa,1,2,tmax
Crop,230,0,0,picoseuropa,1,2,tmax
Dehesa,71,2,2.82,picoseuropa,1,2,tmax
Grass,144344,162,0.11,picoseuropa,1,2,tmax
HydroRipVeg,811,1,0.12,picoseuropa,1,2,tmax
MedSclF,5374,307,5.71,picoseuropa,1,2,tmax
MedScrub,15105,26,0.17,picoseuropa,1,2,tmax
Reforestation,1269,12,0.95,picoseuropa,1,2,tmax
RipF,953,0,0,picoseuropa,1,2,tmax
RockScreeVeg,1134,9,0.79,picoseuropa,1,2,tmax
SMedMarF,8552,10,0.12,picoseuropa,1,2,tmax
Shrub,1597,0,0,picoseuropa,1,2,tmax
TempDecF,256029,198,0.08,picoseuropa,1,2,tmax
WaterSurf,737,0,0,picoseuropa,1,2,tmax
AlpScrGr,487768,0,0,picoseuropa,1,3,tmax
ArtSurf,2510,0,0,picoseuropa,1,3,tmax
AtlScrub,36927,0,0,picoseuropa,1,3,tmax
Crop,230,0,0,picoseuropa,1,3,tmax
Dehesa,71,0,0,picoseuropa,1,3,tmax
Grass,144481,0,0,picoseuropa,1,3,tmax
HydroRipVeg,811,0,0,picoseuropa,1,3,tmax
MedSclF,5590,0,0,picoseuropa,1,3,tmax
MedScrub,15115,0,0,picoseuropa,1,3,tmax
Reforestation,1269,0,0,picoseuropa,1,3,tmax
RipF,953,0,0,picoseuropa,1,3,tmax
RockScreeVeg,1135,0,0,picoseuropa,1,3,tmax
SMedMarF,8558,0,0,picoseuropa,1,3,tmax
Shrub,1599,0,0,picoseuropa,1,3,tmax
TempDecF,256357,0,0,picoseuropa,1,3,tmax
WaterSurf,760,0,0,picoseuropa,1,3,tmax
AlpScrGr,487876,0,0,picoseuropa,1,4,tmax
ArtSurf,2511,0,0,picoseuropa,1,4,tmax
AtlScrub,36929,0,0,picoseuropa,1,4,tmax
Crop,230,0,0,picoseuropa,1,4,tmax
Dehesa,71,0,0,picoseuropa,1,4,tmax
Grass,144505,0,0,picoseuropa,1,4,tmax
HydroRipVeg,811,0,0,picoseuropa,1,4,tmax
MedSclF,5591,0,0,picoseuropa,1,4,tmax
MedScrub,15118,0,0,picoseuropa,1,4,tmax
Reforestation,1269,0,0,picoseuropa,1,4,tmax
RipF,953,0,0,picoseuropa,1,4,tmax
RockScreeVeg,1135,0,0,picoseuropa,1,4,tmax
SMedMarF,8558,0,0,picoseuropa,1,4,tmax
Shrub,1599,0,0,picoseuropa,1,4,tmax
TempDecF,256516,0,0,picoseuropa,1,4,tmax
WaterSurf,763,0,0,picoseuropa,1,4,tmax
AlpScrGr,487848,0,0,picoseuropa,1,5,tmax
ArtSurf,2511,0,0,picoseuropa,1,5,tmax
AtlScrub,36969,0,0,picoseuropa,1,5,tmax
Crop,230,0,0,picoseuropa,1,5,tmax
Dehesa,71,0,0,picoseuropa,1,5,tmax
Grass,144570,0,0,picoseuropa,1,5,tmax
HydroRipVeg,815,0,0,picoseuropa,1,5,tmax
MedSclF,5631,0,0,picoseuropa,1,5,tmax
MedScrub,15123,0,0,picoseuropa,1,5,tmax
Reforestation,1269,0,0,picoseuropa,1,5,tmax
RipF,953,0,0,picoseuropa,1,5,tmax
RockScreeVeg,1135,0,0,picoseuropa,1,5,tmax
SMedMarF,8558,0,0,picoseuropa,1,5,tmax
Shrub,1599,0,0,picoseuropa,1,5,tmax
TempDecF,256687,0,0,picoseuropa,1,5,tmax
WaterSurf,773,0,0,picoseuropa,1,5,tmax
AlpScrGr,487273,0,0,picoseuropa,1,6,tmax
ArtSurf,2511,0,0,picoseuropa,1,6,tmax
AtlScrub,36969,0,0,picoseuropa,1,6,tmax
Crop,230,0,0,picoseuropa,1,6,tmax
Dehesa,71,0,0,picoseuropa,1,6,tmax
Grass,144593,0,0,picoseuropa,1,6,tmax
HydroRipVeg,815,0,0,picoseuropa,1,6,tmax
MedSclF,5631,0,0,picoseuropa,1,6,tmax
MedScrub,15123,0,0,picoseuropa,1,6,tmax
Reforestation,1269,0,0,picoseuropa,1,6,tmax
RipF,953,0,0,picoseuropa,1,6,tmax
RockScreeVeg,1135,0,0,picoseuropa,1,6,tmax
SMedMarF,8558,0,0,picoseuropa,1,6,tmax
Shrub,1599,0,0,picoseuropa,1,6,tmax
TempDecF,256695,0,0,picoseuropa,1,6,tmax
WaterSurf,774,0,0,picoseuropa,1,6,tmax
AlpScrGr,497696,194,0.04,picoseuropa,1,7,tmax
ArtSurf,2619,0,0,picoseuropa,1,7,tmax
AtlScrub,36969,0,0,picoseuropa,1,7,tmax
Crop,230,0,0,picoseuropa,1,7,tmax
Dehesa,71,0,0,picoseuropa,1,7,tmax
Grass,144792,28,0.02,picoseuropa,1,7,tmax
HydroRipVeg,815,0,0,picoseuropa,1,7,tmax
MedSclF,5631,0,0,picoseuropa,1,7,tmax
MedScrub,15123,0,0,picoseuropa,1,7,tmax
Reforestation,1269,0,0,picoseuropa,1,7,tmax
RipF,953,0,0,picoseuropa,1,7,tmax
RockScreeVeg,1135,0,0,picoseuropa,1,7,tmax
SMedMarF,8558,0,0,picoseuropa,1,7,tmax
Shrub,1599,0,0,picoseuropa,1,7,tmax
TempDecF,256697,15,0.01,picoseuropa,1,7,tmax
WaterSurf,774,0,0,picoseuropa,1,7,tmax
AlpScrGr,504321,0,0,picoseuropa,1,8,tmax
ArtSurf,2548,0,0,picoseuropa,1,8,tmax
AtlScrub,36969,0,0,picoseuropa,1,8,tmax
Crop,230,0,0,picoseuropa,1,8,tmax
Dehesa,71,0,0,picoseuropa,1,8,tmax
Grass,144733,0,0,picoseuropa,1,8,tmax
HydroRipVeg,815,0,0,picoseuropa,1,8,tmax
MedSclF,5631,0,0,picoseuropa,1,8,tmax
MedScrub,15121,0,0,picoseuropa,1,8,tmax
Reforestation,1269,0,0,picoseuropa,1,8,tmax
RipF,953,0,0,picoseuropa,1,8,tmax
RockScreeVeg,1135,0,0,picoseuropa,1,8,tmax
SMedMarF,8558,0,0,picoseuropa,1,8,tmax
Shrub,1599,0,0,picoseuropa,1,8,tmax
TempDecF,256675,0,0,picoseuropa,1,8,tmax
WaterSurf,771,0,0,picoseuropa,1,8,tmax
AlpScrGr,522100,0,0,picoseuropa,1,9,tmax
ArtSurf,2727,0,0,picoseuropa,1,9,tmax
AtlScrub,36964,0,0,picoseuropa,1,9,tmax
Crop,230,0,0,picoseuropa,1,9,tmax
Dehesa,71,0,0,picoseuropa,1,9,tmax
Grass,144813,0,0,picoseuropa,1,9,tmax
HydroRipVeg,811,0,0,picoseuropa,1,9,tmax
MedSclF,5617,0,0,picoseuropa,1,9,tmax
MedScrub,15119,0,0,picoseuropa,1,9,tmax
Reforestation,1269,0,0,picoseuropa,1,9,tmax
RipF,953,0,0,picoseuropa,1,9,tmax
RockScreeVeg,1135,0,0,picoseuropa,1,9,tmax
SMedMarF,8558,0,0,picoseuropa,1,9,tmax
Shrub,1599,0,0,picoseuropa,1,9,tmax
TempDecF,256510,0,0,picoseuropa,1,9,tmax
WaterSurf,761,0,0,picoseuropa,1,9,tmax
AlpScrGr,503669,0,0,picoseuropa,1,10,tmax
ArtSurf,2512,0,0,picoseuropa,1,10,tmax
AtlScrub,36927,0,0,picoseuropa,1,10,tmax
Crop,230,0,0,picoseuropa,1,10,tmax
Dehesa,71,0,0,picoseuropa,1,10,tmax
Grass,144539,0,0,picoseuropa,1,10,tmax
HydroRipVeg,811,0,0,picoseuropa,1,10,tmax
MedSclF,5580,0,0,picoseuropa,1,10,tmax
MedScrub,15115,0,0,picoseuropa,1,10,tmax
Reforestation,1269,0,0,picoseuropa,1,10,tmax
RipF,953,0,0,picoseuropa,1,10,tmax
RockScreeVeg,1135,0,0,picoseuropa,1,10,tmax
SMedMarF,8558,0,0,picoseuropa,1,10,tmax
Shrub,1599,0,0,picoseuropa,1,10,tmax
TempDecF,256336,0,0,picoseuropa,1,10,tmax
WaterSurf,752,0,0,picoseuropa,1,10,tmax
AlpScrGr,486719,0,0,picoseuropa,1,11,tmax
ArtSurf,2510,0,0,picoseuropa,1,11,tmax
AtlScrub,36869,0,0,picoseuropa,1,11,tmax
Crop,230,0,0,picoseuropa,1,11,tmax
Dehesa,71,0,0,picoseuropa,1,11,tmax
Grass,144253,0,0,picoseuropa,1,11,tmax
HydroRipVeg,811,0,0,picoseuropa,1,11,tmax
MedSclF,5373,0,0,picoseuropa,1,11,tmax
MedScrub,15082,0,0,picoseuropa,1,11,tmax
Reforestation,1269,0,0,picoseuropa,1,11,tmax
RipF,953,0,0,picoseuropa,1,11,tmax
RockScreeVeg,1132,0,0,picoseuropa,1,11,tmax
SMedMarF,8555,0,0,picoseuropa,1,11,tmax
Shrub,1598,0,0,picoseuropa,1,11,tmax
TempDecF,255911,0,0,picoseuropa,1,11,tmax
WaterSurf,745,0,0,picoseuropa,1,11,tmax
AlpScrGr,482406,0,0,picoseuropa,1,12,tmax
ArtSurf,2498,0,0,picoseuropa,1,12,tmax
AtlScrub,36212,0,0,picoseuropa,1,12,tmax
Crop,230,0,0,picoseuropa,1,12,tmax
Dehesa,57,0,0,picoseuropa,1,12,tmax
Grass,142707,0,0,picoseuropa,1,12,tmax
HydroRipVeg,802,0,0,picoseuropa,1,12,tmax
MedSclF,4578,0,0,picoseuropa,1,12,tmax
MedScrub,14918,0,0,picoseuropa,1,12,tmax
Reforestation,1266,0,0,picoseuropa,1,12,tmax
RipF,953,0,0,picoseuropa,1,12,tmax
RockScreeVeg,1099,0,0,picoseuropa,1,12,tmax
SMedMarF,8419,0,0,picoseuropa,1,12,tmax
Shrub,1532,0,0,picoseuropa,1,12,tmax
TempDecF,252908,0,0,picoseuropa,1,12,tmax
WaterSurf,708,0,0,picoseuropa,1,12,tmax
AlpScrGr,483629,0,0,picoseuropa,3,1,tmax
ArtSurf,2496,0,0,picoseuropa,3,1,tmax
AtlScrub,36465,0,0,picoseuropa,3,1,tmax
Crop,230,0,0,picoseuropa,3,1,tmax
Dehesa,60,0,0,picoseuropa,3,1,tmax
Grass,143161,0,0,picoseuropa,3,1,tmax
HydroRipVeg,808,0,0,picoseuropa,3,1,tmax
MedSclF,4576,0,0,picoseuropa,3,1,tmax
MedScrub,14993,0,0,picoseuropa,3,1,tmax
Reforestation,1264,0,0,picoseuropa,3,1,tmax
RipF,952,0,0,picoseuropa,3,1,tmax
RockScreeVeg,1117,0,0,picoseuropa,3,1,tmax
SMedMarF,8457,0,0,picoseuropa,3,1,tmax
Shrub,1579,0,0,picoseuropa,3,1,tmax
TempDecF,253477,0,0,picoseuropa,3,1,tmax
WaterSurf,715,0,0,picoseuropa,3,1,tmax
AlpScrGr,487132,1569,0.32,picoseuropa,3,2,tmax
ArtSurf,2509,2,0.08,picoseuropa,3,2,tmax
AtlScrub,36902,3,0.01,picoseuropa,3,2,tmax
Crop,230,0,0,picoseuropa,3,2,tmax
Dehesa,71,0,0,picoseuropa,3,2,tmax
Grass,144344,42,0.03,picoseuropa,3,2,tmax
HydroRipVeg,811,0,0,picoseuropa,3,2,tmax
MedSclF,5374,52,0.97,picoseuropa,3,2,tmax
MedScrub,15105,12,0.08,picoseuropa,3,2,tmax
Reforestation,1269,0,0,picoseuropa,3,2,tmax
RipF,953,0,0,picoseuropa,3,2,tmax
RockScreeVeg,1134,2,0.18,picoseuropa,3,2,tmax
SMedMarF,8552,0,0,picoseuropa,3,2,tmax
Shrub,1597,0,0,picoseuropa,3,2,tmax
TempDecF,256029,35,0.01,picoseuropa,3,2,tmax
WaterSurf,737,0,0,picoseuropa,3,2,tmax
AlpScrGr,487768,2182,0.45,picoseuropa,3,3,tmax
ArtSurf,2510,1,0.04,picoseuropa,3,3,tmax
AtlScrub,36927,9,0.02,picoseuropa,3,3,tmax
Crop,230,0,0,picoseuropa,3,3,tmax
Dehesa,71,0,0,picoseuropa,3,3,tmax
Grass,144481,70,0.05,picoseuropa,3,3,tmax
HydroRipVeg,811,0,0,picoseuropa,3,3,tmax
MedSclF,5590,100,1.79,picoseuropa,3,3,tmax
MedScrub,15115,29,0.19,picoseuropa,3,3,tmax
Reforestation,1269,0,0,picoseuropa,3,3,tmax
RipF,953,0,0,picoseuropa,3,3,tmax
RockScreeVeg,1135,9,0.79,picoseuropa,3,3,tmax
SMedMarF,8558,15,0.18,picoseuropa,3,3,tmax
Shrub,1599,1,0.06,picoseuropa,3,3,tmax
TempDecF,256357,79,0.03,picoseuropa,3,3,tmax
WaterSurf,760,0,0,picoseuropa,3,3,tmax
AlpScrGr,487876,4319,0.89,picoseuropa,3,4,tmax
ArtSurf,2511,0,0,picoseuropa,3,4,tmax
AtlScrub,36929,49,0.13,picoseuropa,3,4,tmax
Crop,230,0,0,picoseuropa,3,4,tmax
Dehesa,71,0,0,picoseuropa,3,4,tmax
Grass,144505,343,0.24,picoseuropa,3,4,tmax
HydroRipVeg,811,1,0.12,picoseuropa,3,4,tmax
MedSclF,5591,374,6.69,picoseuropa,3,4,tmax
MedScrub,15118,151,1,picoseuropa,3,4,tmax
Reforestation,1269,3,0.24,picoseuropa,3,4,tmax
RipF,953,0,0,picoseuropa,3,4,tmax
RockScreeVeg,1135,35,3.08,picoseuropa,3,4,tmax
SMedMarF,8558,15,0.18,picoseuropa,3,4,tmax
Shrub,1599,0,0,picoseuropa,3,4,tmax
TempDecF,256516,121,0.05,picoseuropa,3,4,tmax
WaterSurf,763,2,0.26,picoseuropa,3,4,tmax
AlpScrGr,487848,1193,0.24,picoseuropa,3,5,tmax
ArtSurf,2511,0,0,picoseuropa,3,5,tmax
AtlScrub,36969,52,0.14,picoseuropa,3,5,tmax
Crop,230,0,0,picoseuropa,3,5,tmax
Dehesa,71,0,0,picoseuropa,3,5,tmax
Grass,144570,59,0.04,picoseuropa,3,5,tmax
HydroRipVeg,815,0,0,picoseuropa,3,5,tmax
MedSclF,5631,97,1.72,picoseuropa,3,5,tmax
MedScrub,15123,30,0.2,picoseuropa,3,5,tmax
Reforestation,1269,5,0.39,picoseuropa,3,5,tmax
RipF,953,0,0,picoseuropa,3,5,tmax
RockScreeVeg,1135,2,0.18,picoseuropa,3,5,tmax
SMedMarF,8558,0,0,picoseuropa,3,5,tmax
Shrub,1599,0,0,picoseuropa,3,5,tmax
TempDecF,256687,29,0.01,picoseuropa,3,5,tmax
WaterSurf,773,0,0,picoseuropa,3,5,tmax
AlpScrGr,487273,0,0,picoseuropa,3,6,tmax
ArtSurf,2511,0,0,picoseuropa,3,6,tmax
AtlScrub,36969,0,0,picoseuropa,3,6,tmax
Crop,230,0,0,picoseuropa,3,6,tmax
Dehesa,71,0,0,picoseuropa,3,6,tmax
Grass,144593,0,0,picoseuropa,3,6,tmax
HydroRipVeg,815,0,0,picoseuropa,3,6,tmax
MedSclF,5631,0,0,picoseuropa,3,6,tmax
MedScrub,15123,0,0,picoseuropa,3,6,tmax
Reforestation,1269,0,0,picoseuropa,3,6,tmax
RipF,953,0,0,picoseuropa,3,6,tmax
RockScreeVeg,1135,0,0,picoseuropa,3,6,tmax
SMedMarF,8558,0,0,picoseuropa,3,6,tmax
Shrub,1599,0,0,picoseuropa,3,6,tmax
TempDecF,256695,0,0,picoseuropa,3,6,tmax
WaterSurf,774,0,0,picoseuropa,3,6,tmax
AlpScrGr,497696,20292,4.08,picoseuropa,3,7,tmax
ArtSurf,2619,68,2.6,picoseuropa,3,7,tmax
AtlScrub,36969,438,1.18,picoseuropa,3,7,tmax
Crop,230,2,0.87,picoseuropa,3,7,tmax
Dehesa,71,0,0,picoseuropa,3,7,tmax
Grass,144792,9379,6.48,picoseuropa,3,7,tmax
HydroRipVeg,815,15,1.84,picoseuropa,3,7,tmax
MedSclF,5631,32,0.57,picoseuropa,3,7,tmax
MedScrub,15123,268,1.77,picoseuropa,3,7,tmax
Reforestation,1269,0,0,picoseuropa,3,7,tmax
RipF,953,8,0.84,picoseuropa,3,7,tmax
RockScreeVeg,1135,10,0.88,picoseuropa,3,7,tmax
SMedMarF,8558,32,0.37,picoseuropa,3,7,tmax
Shrub,1599,10,0.63,picoseuropa,3,7,tmax
TempDecF,256697,502,0.2,picoseuropa,3,7,tmax
WaterSurf,774,0,0,picoseuropa,3,7,tmax
AlpScrGr,504321,67958,13.48,picoseuropa,3,8,tmax
ArtSurf,2548,413,16.21,picoseuropa,3,8,tmax
AtlScrub,36969,3478,9.41,picoseuropa,3,8,tmax
Crop,230,27,11.74,picoseuropa,3,8,tmax
Dehesa,71,0,0,picoseuropa,3,8,tmax
Grass,144733,25484,17.61,picoseuropa,3,8,tmax
HydroRipVeg,815,90,11.04,picoseuropa,3,8,tmax
MedSclF,5631,161,2.86,picoseuropa,3,8,tmax
MedScrub,15121,2132,14.1,picoseuropa,3,8,tmax
Reforestation,1269,0,0,picoseuropa,3,8,tmax
RipF,953,40,4.2,picoseuropa,3,8,tmax
RockScreeVeg,1135,177,15.59,picoseuropa,3,8,tmax
SMedMarF,8558,310,3.62,picoseuropa,3,8,tmax
Shrub,1599,61,3.81,picoseuropa,3,8,tmax
TempDecF,256675,2910,1.13,picoseuropa,3,8,tmax
WaterSurf,771,5,0.65,picoseuropa,3,8,tmax
AlpScrGr,522100,0,0,picoseuropa,3,9,tmax
ArtSurf,2727,0,0,picoseuropa,3,9,tmax
AtlScrub,36964,0,0,picoseuropa,3,9,tmax
Crop,230,0,0,picoseuropa,3,9,tmax
Dehesa,71,0,0,picoseuropa,3,9,tmax
Grass,144813,0,0,picoseuropa,3,9,tmax
HydroRipVeg,811,0,0,picoseuropa,3,9,tmax
MedSclF,5617,0,0,picoseuropa,3,9,tmax
MedScrub,15119,0,0,picoseuropa,3,9,tmax
Reforestation,1269,0,0,picoseuropa,3,9,tmax
RipF,953,0,0,picoseuropa,3,9,tmax
RockScreeVeg,1135,0,0,picoseuropa,3,9,tmax
SMedMarF,8558,0,0,picoseuropa,3,9,tmax
Shrub,1599,0,0,picoseuropa,3,9,tmax
TempDecF,256510,0,0,picoseuropa,3,9,tmax
WaterSurf,761,0,0,picoseuropa,3,9,tmax
AlpScrGr,503669,0,0,picoseuropa,3,10,tmax
ArtSurf,2512,0,0,picoseuropa,3,10,tmax
AtlScrub,36927,0,0,picoseuropa,3,10,tmax
Crop,230,0,0,picoseuropa,3,10,tmax
Dehesa,71,0,0,picoseuropa,3,10,tmax
Grass,144539,0,0,picoseuropa,3,10,tmax
HydroRipVeg,811,0,0,picoseuropa,3,10,tmax
MedSclF,5580,0,0,picoseuropa,3,10,tmax
MedScrub,15115,0,0,picoseuropa,3,10,tmax
Reforestation,1269,0,0,picoseuropa,3,10,tmax
RipF,953,0,0,picoseuropa,3,10,tmax
RockScreeVeg,1135,0,0,picoseuropa,3,10,tmax
SMedMarF,8558,0,0,picoseuropa,3,10,tmax
Shrub,1599,0,0,picoseuropa,3,10,tmax
TempDecF,256336,0,0,picoseuropa,3,10,tmax
WaterSurf,752,0,0,picoseuropa,3,10,tmax
AlpScrGr,486719,0,0,picoseuropa,3,11,tmax
ArtSurf,2510,0,0,picoseuropa,3,11,tmax
AtlScrub,36869,0,0,picoseuropa,3,11,tmax
Crop,230,0,0,picoseuropa,3,11,tmax
Dehesa,71,0,0,picoseuropa,3,11,tmax
Grass,144253,0,0,picoseuropa,3,11,tmax
HydroRipVeg,811,0,0,picoseuropa,3,11,tmax
MedSclF,5373,0,0,picoseuropa,3,11,tmax
MedScrub,15082,0,0,picoseuropa,3,11,tmax
Reforestation,1269,0,0,picoseuropa,3,11,tmax
RipF,953,0,0,picoseuropa,3,11,tmax
RockScreeVeg,1132,0,0,picoseuropa,3,11,tmax
SMedMarF,8555,0,0,picoseuropa,3,11,tmax
Shrub,1598,0,0,picoseuropa,3,11,tmax
TempDecF,255911,0,0,picoseuropa,3,11,tmax
WaterSurf,745,0,0,picoseuropa,3,11,tmax
AlpScrGr,482406,3,0,picoseuropa,3,12,tmax
ArtSurf,2498,0,0,picoseuropa,3,12,tmax
AtlScrub,36212,0,0,picoseuropa,3,12,tmax
Crop,230,0,0,picoseuropa,3,12,tmax
Dehesa,57,0,0,picoseuropa,3,12,tmax
Grass,142707,1,0,picoseuropa,3,12,tmax
HydroRipVeg,802,0,0,picoseuropa,3,12,tmax
MedSclF,4578,0,0,picoseuropa,3,12,tmax
MedScrub,14918,0,0,picoseuropa,3,12,tmax
Reforestation,1266,0,0,picoseuropa,3,12,tmax
RipF,953,0,0,picoseuropa,3,12,tmax
RockScreeVeg,1099,0,0,picoseuropa,3,12,tmax
SMedMarF,8419,0,0,picoseuropa,3,12,tmax
Shrub,1532,0,0,picoseuropa,3,12,tmax
TempDecF,252908,0,0,picoseuropa,3,12,tmax
WaterSurf,708,0,0,picoseuropa,3,12,tmax
AlpScrGr,483629,0,0,picoseuropa,6,1,tmax
ArtSurf,2496,0,0,picoseuropa,6,1,tmax
AtlScrub,36465,0,0,picoseuropa,6,1,tmax
Crop,230,0,0,picoseuropa,6,1,tmax
Dehesa,60,0,0,picoseuropa,6,1,tmax
Grass,143161,0,0,picoseuropa,6,1,tmax
HydroRipVeg,808,0,0,picoseuropa,6,1,tmax
MedSclF,4576,0,0,picoseuropa,6,1,tmax
MedScrub,14993,0,0,picoseuropa,6,1,tmax
Reforestation,1264,0,0,picoseuropa,6,1,tmax
RipF,952,0,0,picoseuropa,6,1,tmax
RockScreeVeg,1117,0,0,picoseuropa,6,1,tmax
SMedMarF,8457,0,0,picoseuropa,6,1,tmax
Shrub,1579,0,0,picoseuropa,6,1,tmax
TempDecF,253477,0,0,picoseuropa,6,1,tmax
WaterSurf,715,0,0,picoseuropa,6,1,tmax
AlpScrGr,487132,0,0,picoseuropa,6,2,tmax
ArtSurf,2509,0,0,picoseuropa,6,2,tmax
AtlScrub,36902,0,0,picoseuropa,6,2,tmax
Crop,230,0,0,picoseuropa,6,2,tmax
Dehesa,71,0,0,picoseuropa,6,2,tmax
Grass,144344,0,0,picoseuropa,6,2,tmax
HydroRipVeg,811,0,0,picoseuropa,6,2,tmax
MedSclF,5374,0,0,picoseuropa,6,2,tmax
MedScrub,15105,0,0,picoseuropa,6,2,tmax
Reforestation,1269,0,0,picoseuropa,6,2,tmax
RipF,953,0,0,picoseuropa,6,2,tmax
RockScreeVeg,1134,0,0,picoseuropa,6,2,tmax
SMedMarF,8552,0,0,picoseuropa,6,2,tmax
Shrub,1597,0,0,picoseuropa,6,2,tmax
TempDecF,256029,0,0,picoseuropa,6,2,tmax
WaterSurf,737,0,0,picoseuropa,6,2,tmax
AlpScrGr,487768,29,0.01,picoseuropa,6,3,tmax
ArtSurf,2510,0,0,picoseuropa,6,3,tmax
AtlScrub,36927,0,0,picoseuropa,6,3,tmax
Crop,230,0,0,picoseuropa,6,3,tmax
Dehesa,71,0,0,picoseuropa,6,3,tmax
Grass,144481,5,0,picoseuropa,6,3,tmax
HydroRipVeg,811,0,0,picoseuropa,6,3,tmax
MedSclF,5590,0,0,picoseuropa,6,3,tmax
MedScrub,15115,0,0,picoseuropa,6,3,tmax
Reforestation,1269,0,0,picoseuropa,6,3,tmax
RipF,953,0,0,picoseuropa,6,3,tmax
RockScreeVeg,1135,0,0,picoseuropa,6,3,tmax
SMedMarF,8558,4,0.05,picoseuropa,6,3,tmax
Shrub,1599,0,0,picoseuropa,6,3,tmax
TempDecF,256357,2,0,picoseuropa,6,3,tmax
WaterSurf,760,0,0,picoseuropa,6,3,tmax
AlpScrGr,487876,764,0.16,picoseuropa,6,4,tmax
ArtSurf,2511,0,0,picoseuropa,6,4,tmax
AtlScrub,36929,3,0.01,picoseuropa,6,4,tmax
Crop,230,0,0,picoseuropa,6,4,tmax
Dehesa,71,0,0,picoseuropa,6,4,tmax
Grass,144505,88,0.06,picoseuropa,6,4,tmax
HydroRipVeg,811,0,0,picoseuropa,6,4,tmax
MedSclF,5591,51,0.91,picoseuropa,6,4,tmax
MedScrub,15118,19,0.13,picoseuropa,6,4,tmax
Reforestation,1269,2,0.16,picoseuropa,6,4,tmax
RipF,953,0,0,picoseuropa,6,4,tmax
RockScreeVeg,1135,2,0.18,picoseuropa,6,4,tmax
SMedMarF,8558,0,0,picoseuropa,6,4,tmax
Shrub,1599,0,0,picoseuropa,6,4,tmax
TempDecF,256516,33,0.01,picoseuropa,6,4,tmax
WaterSurf,763,0,0,picoseuropa,6,4,tmax
AlpScrGr,487848,1790,0.37,picoseuropa,6,5,tmax
ArtSurf,2511,0,0,picoseuropa,6,5,tmax
AtlScrub,36969,72,0.19,picoseuropa,6,5,tmax
Crop,230,0,0,picoseuropa,6,5,tmax
Dehesa,71,0,0,picoseuropa,6,5,tmax
Grass,144570,153,0.11,picoseuropa,6,5,tmax
HydroRipVeg,815,0,0,picoseuropa,6,5,tmax
MedSclF,5631,205,3.64,picoseuropa,6,5,tmax
MedScrub,15123,60,0.4,picoseuropa,6,5,tmax
Reforestation,1269,5,0.39,picoseuropa,6,5,tmax
RipF,953,0,0,picoseuropa,6,5,tmax
RockScreeVeg,1135,2,0.18,picoseuropa,6,5,tmax
SMedMarF,8558,9,0.11,picoseuropa,6,5,tmax
Shrub,1599,0,0,picoseuropa,6,5,tmax
TempDecF,256687,92,0.04,picoseuropa,6,5,tmax
WaterSurf,773,3,0.39,picoseuropa,6,5,tmax
AlpScrGr,487273,91,0.02,picoseuropa,6,6,tmax
ArtSurf,2511,0,0,picoseuropa,6,6,tmax
AtlScrub,36969,1,0,picoseuropa,6,6,tmax
Crop,230,0,0,picoseuropa,6,6,tmax
Dehesa,71,0,0,picoseuropa,6,6,tmax
Grass,144593,11,0.01,picoseuropa,6,6,tmax
HydroRipVeg,815,0,0,picoseuropa,6,6,tmax
MedSclF,5631,10,0.18,picoseuropa,6,6,tmax
MedScrub,15123,0,0,picoseuropa,6,6,tmax
Reforestation,1269,0,0,picoseuropa,6,6,tmax
RipF,953,0,0,picoseuropa,6,6,tmax
RockScreeVeg,1135,0,0,picoseuropa,6,6,tmax
SMedMarF,8558,0,0,picoseuropa,6,6,tmax
Shrub,1599,0,0,picoseuropa,6,6,tmax
TempDecF,256695,0,0,picoseuropa,6,6,tmax
WaterSurf,774,0,0,picoseuropa,6,6,tmax
AlpScrGr,497696,0,0,picoseuropa,6,7,tmax
ArtSurf,2619,0,0,picoseuropa,6,7,tmax
AtlScrub,36969,0,0,picoseuropa,6,7,tmax
Crop,230,0,0,picoseuropa,6,7,tmax
Dehesa,71,0,0,picoseuropa,6,7,tmax
Grass,144792,0,0,picoseuropa,6,7,tmax
HydroRipVeg,815,0,0,picoseuropa,6,7,tmax
MedSclF,5631,0,0,picoseuropa,6,7,tmax
MedScrub,15123,0,0,picoseuropa,6,7,tmax
Reforestation,1269,0,0,picoseuropa,6,7,tmax
RipF,953,0,0,picoseuropa,6,7,tmax
RockScreeVeg,1135,0,0,picoseuropa,6,7,tmax
SMedMarF,8558,0,0,picoseuropa,6,7,tmax
Shrub,1599,0,0,picoseuropa,6,7,tmax
TempDecF,256697,0,0,picoseuropa,6,7,tmax
WaterSurf,774,0,0,picoseuropa,6,7,tmax
AlpScrGr,504321,89,0.02,picoseuropa,6,8,tmax
ArtSurf,2548,0,0,picoseuropa,6,8,tmax
AtlScrub,36969,12,0.03,picoseuropa,6,8,tmax
Crop,230,0,0,picoseuropa,6,8,tmax
Dehesa,71,0,0,picoseuropa,6,8,tmax
Grass,144733,6,0,picoseuropa,6,8,tmax
HydroRipVeg,815,0,0,picoseuropa,6,8,tmax
MedSclF,5631,0,0,picoseuropa,6,8,tmax
MedScrub,15121,1,0.01,picoseuropa,6,8,tmax
Reforestation,1269,0,0,picoseuropa,6,8,tmax
RipF,953,0,0,picoseuropa,6,8,tmax
RockScreeVeg,1135,0,0,picoseuropa,6,8,tmax
SMedMarF,8558,1,0.01,picoseuropa,6,8,tmax
Shrub,1599,0,0,picoseuropa,6,8,tmax
TempDecF,256675,3,0,picoseuropa,6,8,tmax
WaterSurf,771,0,0,picoseuropa,6,8,tmax
AlpScrGr,522100,0,0,picoseuropa,6,9,tmax
ArtSurf,2727,0,0,picoseuropa,6,9,tmax
AtlScrub,36964,0,0,picoseuropa,6,9,tmax
Crop,230,0,0,picoseuropa,6,9,tmax
Dehesa,71,0,0,picoseuropa,6,9,tmax
Grass,144813,0,0,picoseuropa,6,9,tmax
HydroRipVeg,811,0,0,picoseuropa,6,9,tmax
MedSclF,5617,0,0,picoseuropa,6,9,tmax
MedScrub,15119,0,0,picoseuropa,6,9,tmax
Reforestation,1269,0,0,picoseuropa,6,9,tmax
RipF,953,0,0,picoseuropa,6,9,tmax
RockScreeVeg,1135,0,0,picoseuropa,6,9,tmax
SMedMarF,8558,0,0,picoseuropa,6,9,tmax
Shrub,1599,0,0,picoseuropa,6,9,tmax
TempDecF,256510,0,0,picoseuropa,6,9,tmax
WaterSurf,761,0,0,picoseuropa,6,9,tmax
AlpScrGr,503669,1,0,picoseuropa,6,10,tmax
ArtSurf,2512,0,0,picoseuropa,6,10,tmax
AtlScrub,36927,0,0,picoseuropa,6,10,tmax
Crop,230,0,0,picoseuropa,6,10,tmax
Dehesa,71,0,0,picoseuropa,6,10,tmax
Grass,144539,0,0,picoseuropa,6,10,tmax
HydroRipVeg,811,0,0,picoseuropa,6,10,tmax
MedSclF,5580,0,0,picoseuropa,6,10,tmax
MedScrub,15115,0,0,picoseuropa,6,10,tmax
Reforestation,1269,0,0,picoseuropa,6,10,tmax
RipF,953,0,0,picoseuropa,6,10,tmax
RockScreeVeg,1135,0,0,picoseuropa,6,10,tmax
SMedMarF,8558,0,0,picoseuropa,6,10,tmax
Shrub,1599,0,0,picoseuropa,6,10,tmax
TempDecF,256336,0,0,picoseuropa,6,10,tmax
WaterSurf,752,0,0,picoseuropa,6,10,tmax
AlpScrGr,486719,0,0,picoseuropa,6,11,tmax
ArtSurf,2510,0,0,picoseuropa,6,11,tmax
AtlScrub,36869,0,0,picoseuropa,6,11,tmax
Crop,230,0,0,picoseuropa,6,11,tmax
Dehesa,71,0,0,picoseuropa,6,11,tmax
Grass,144253,0,0,picoseuropa,6,11,tmax
HydroRipVeg,811,0,0,picoseuropa,6,11,tmax
MedSclF,5373,0,0,picoseuropa,6,11,tmax
MedScrub,15082,0,0,picoseuropa,6,11,tmax
Reforestation,1269,0,0,picoseuropa,6,11,tmax
RipF,953,0,0,picoseuropa,6,11,tmax
RockScreeVeg,1132,0,0,picoseuropa,6,11,tmax
SMedMarF,8555,0,0,picoseuropa,6,11,tmax
Shrub,1598,0,0,picoseuropa,6,11,tmax
TempDecF,255911,0,0,picoseuropa,6,11,tmax
WaterSurf,745,0,0,picoseuropa,6,11,tmax
AlpScrGr,482406,0,0,picoseuropa,6,12,tmax
ArtSurf,2498,0,0,picoseuropa,6,12,tmax
AtlScrub,36212,0,0,picoseuropa,6,12,tmax
Crop,230,0,0,picoseuropa,6,12,tmax
Dehesa,57,0,0,picoseuropa,6,12,tmax
Grass,142707,0,0,picoseuropa,6,12,tmax
HydroRipVeg,802,0,0,picoseuropa,6,12,tmax
MedSclF,4578,0,0,picoseuropa,6,12,tmax
MedScrub,14918,0,0,picoseuropa,6,12,tmax
Reforestation,1266,0,0,picoseuropa,6,12,tmax
RipF,953,0,0,picoseuropa,6,12,tmax
RockScreeVeg,1099,0,0,picoseuropa,6,12,tmax
SMedMarF,8419,0,0,picoseuropa,6,12,tmax
Shrub,1532,0,0,picoseuropa,6,12,tmax
TempDecF,252908,0,0,picoseuropa,6,12,tmax
WaterSurf,708,0,0,picoseuropa,6,12,tmax
AlpScrGr,483629,0,0,picoseuropa,9,1,tmax
ArtSurf,2496,0,0,picoseuropa,9,1,tmax
AtlScrub,36465,0,0,picoseuropa,9,1,tmax
Crop,230,0,0,picoseuropa,9,1,tmax
Dehesa,60,0,0,picoseuropa,9,1,tmax
Grass,143161,0,0,picoseuropa,9,1,tmax
HydroRipVeg,808,0,0,picoseuropa,9,1,tmax
MedSclF,4576,0,0,picoseuropa,9,1,tmax
MedScrub,14993,0,0,picoseuropa,9,1,tmax
Reforestation,1264,0,0,picoseuropa,9,1,tmax
RipF,952,0,0,picoseuropa,9,1,tmax
RockScreeVeg,1117,0,0,picoseuropa,9,1,tmax
SMedMarF,8457,0,0,picoseuropa,9,1,tmax
Shrub,1579,0,0,picoseuropa,9,1,tmax
TempDecF,253477,0,0,picoseuropa,9,1,tmax
WaterSurf,715,0,0,picoseuropa,9,1,tmax
AlpScrGr,487132,0,0,picoseuropa,9,2,tmax
ArtSurf,2509,0,0,picoseuropa,9,2,tmax
AtlScrub,36902,0,0,picoseuropa,9,2,tmax
Crop,230,0,0,picoseuropa,9,2,tmax
Dehesa,71,0,0,picoseuropa,9,2,tmax
Grass,144344,0,0,picoseuropa,9,2,tmax
HydroRipVeg,811,0,0,picoseuropa,9,2,tmax
MedSclF,5374,0,0,picoseuropa,9,2,tmax
MedScrub,15105,0,0,picoseuropa,9,2,tmax
Reforestation,1269,0,0,picoseuropa,9,2,tmax
RipF,953,0,0,picoseuropa,9,2,tmax
RockScreeVeg,1134,0,0,picoseuropa,9,2,tmax
SMedMarF,8552,0,0,picoseuropa,9,2,tmax
Shrub,1597,0,0,picoseuropa,9,2,tmax
TempDecF,256029,0,0,picoseuropa,9,2,tmax
WaterSurf,737,0,0,picoseuropa,9,2,tmax
AlpScrGr,487768,0,0,picoseuropa,9,3,tmax
ArtSurf,2510,0,0,picoseuropa,9,3,tmax
AtlScrub,36927,0,0,picoseuropa,9,3,tmax
Crop,230,0,0,picoseuropa,9,3,tmax
Dehesa,71,0,0,picoseuropa,9,3,tmax
Grass,144481,0,0,picoseuropa,9,3,tmax
HydroRipVeg,811,0,0,picoseuropa,9,3,tmax
MedSclF,5590,0,0,picoseuropa,9,3,tmax
MedScrub,15115,0,0,picoseuropa,9,3,tmax
Reforestation,1269,0,0,picoseuropa,9,3,tmax
RipF,953,0,0,picoseuropa,9,3,tmax
RockScreeVeg,1135,0,0,picoseuropa,9,3,tmax
SMedMarF,8558,0,0,picoseuropa,9,3,tmax
Shrub,1599,0,0,picoseuropa,9,3,tmax
TempDecF,256357,0,0,picoseuropa,9,3,tmax
WaterSurf,760,0,0,picoseuropa,9,3,tmax
AlpScrGr,487876,0,0,picoseuropa,9,4,tmax
ArtSurf,2511,0,0,picoseuropa,9,4,tmax
AtlScrub,36929,0,0,picoseuropa,9,4,tmax
Crop,230,0,0,picoseuropa,9,4,tmax
Dehesa,71,0,0,picoseuropa,9,4,tmax
Grass,144505,0,0,picoseuropa,9,4,tmax
HydroRipVeg,811,0,0,picoseuropa,9,4,tmax
MedSclF,5591,0,0,picoseuropa,9,4,tmax
MedScrub,15118,0,0,picoseuropa,9,4,tmax
Reforestation,1269,0,0,picoseuropa,9,4,tmax
RipF,953,0,0,picoseuropa,9,4,tmax
RockScreeVeg,1135,0,0,picoseuropa,9,4,tmax
SMedMarF,8558,0,0,picoseuropa,9,4,tmax
Shrub,1599,0,0,picoseuropa,9,4,tmax
TempDecF,256516,0,0,picoseuropa,9,4,tmax
WaterSurf,763,0,0,picoseuropa,9,4,tmax
AlpScrGr,487848,707,0.14,picoseuropa,9,5,tmax
ArtSurf,2511,0,0,picoseuropa,9,5,tmax
AtlScrub,36969,29,0.08,picoseuropa,9,5,tmax
Crop,230,0,0,picoseuropa,9,5,tmax
Dehesa,71,0,0,picoseuropa,9,5,tmax
Grass,144570,95,0.07,picoseuropa,9,5,tmax
HydroRipVeg,815,0,0,picoseuropa,9,5,tmax
MedSclF,5631,49,0.87,picoseuropa,9,5,tmax
MedScrub,15123,16,0.11,picoseuropa,9,5,tmax
Reforestation,1269,4,0.32,picoseuropa,9,5,tmax
RipF,953,0,0,picoseuropa,9,5,tmax
RockScreeVeg,1135,0,0,picoseuropa,9,5,tmax
SMedMarF,8558,2,0.02,picoseuropa,9,5,tmax
Shrub,1599,0,0,picoseuropa,9,5,tmax
TempDecF,256687,47,0.02,picoseuropa,9,5,tmax
WaterSurf,773,1,0.13,picoseuropa,9,5,tmax
AlpScrGr,487273,0,0,picoseuropa,9,6,tmax
ArtSurf,2511,0,0,picoseuropa,9,6,tmax
AtlScrub,36969,0,0,picoseuropa,9,6,tmax
Crop,230,0,0,picoseuropa,9,6,tmax
Dehesa,71,0,0,picoseuropa,9,6,tmax
Grass,144593,0,0,picoseuropa,9,6,tmax
HydroRipVeg,815,0,0,picoseuropa,9,6,tmax
MedSclF,5631,0,0,picoseuropa,9,6,tmax
MedScrub,15123,0,0,picoseuropa,9,6,tmax
Reforestation,1269,0,0,picoseuropa,9,6,tmax
RipF,953,0,0,picoseuropa,9,6,tmax
RockScreeVeg,1135,0,0,picoseuropa,9,6,tmax
SMedMarF,8558,0,0,picoseuropa,9,6,tmax
Shrub,1599,0,0,picoseuropa,9,6,tmax
TempDecF,256695,0,0,picoseuropa,9,6,tmax
WaterSurf,774,0,0,picoseuropa,9,6,tmax
AlpScrGr,497696,0,0,picoseuropa,9,7,tmax
ArtSurf,2619,0,0,picoseuropa,9,7,tmax
AtlScrub,36969,0,0,picoseuropa,9,7,tmax
Crop,230,0,0,picoseuropa,9,7,tmax
Dehesa,71,0,0,picoseuropa,9,7,tmax
Grass,144792,0,0,picoseuropa,9,7,tmax
HydroRipVeg,815,0,0,picoseuropa,9,7,tmax
MedSclF,5631,0,0,picoseuropa,9,7,tmax
MedScrub,15123,0,0,picoseuropa,9,7,tmax
Reforestation,1269,0,0,picoseuropa,9,7,tmax
RipF,953,0,0,picoseuropa,9,7,tmax
RockScreeVeg,1135,0,0,picoseuropa,9,7,tmax
SMedMarF,8558,0,0,picoseuropa,9,7,tmax
Shrub,1599,0,0,picoseuropa,9,7,tmax
TempDecF,256697,0,0,picoseuropa,9,7,tmax
WaterSurf,774,0,0,picoseuropa,9,7,tmax
AlpScrGr,504321,0,0,picoseuropa,9,8,tmax
ArtSurf,2548,0,0,picoseuropa,9,8,tmax
AtlScrub,36969,0,0,picoseuropa,9,8,tmax
Crop,230,0,0,picoseuropa,9,8,tmax
Dehesa,71,0,0,picoseuropa,9,8,tmax
Grass,144733,0,0,picoseuropa,9,8,tmax
HydroRipVeg,815,0,0,picoseuropa,9,8,tmax
MedSclF,5631,0,0,picoseuropa,9,8,tmax
MedScrub,15121,0,0,picoseuropa,9,8,tmax
Reforestation,1269,0,0,picoseuropa,9,8,tmax
RipF,953,0,0,picoseuropa,9,8,tmax
RockScreeVeg,1135,0,0,picoseuropa,9,8,tmax
SMedMarF,8558,0,0,picoseuropa,9,8,tmax
Shrub,1599,0,0,picoseuropa,9,8,tmax
TempDecF,256675,0,0,picoseuropa,9,8,tmax
WaterSurf,771,0,0,picoseuropa,9,8,tmax
AlpScrGr,522100,0,0,picoseuropa,9,9,tmax
ArtSurf,2727,0,0,picoseuropa,9,9,tmax
AtlScrub,36964,0,0,picoseuropa,9,9,tmax
Crop,230,0,0,picoseuropa,9,9,tmax
Dehesa,71,0,0,picoseuropa,9,9,tmax
Grass,144813,0,0,picoseuropa,9,9,tmax
HydroRipVeg,811,0,0,picoseuropa,9,9,tmax
MedSclF,5617,0,0,picoseuropa,9,9,tmax
MedScrub,15119,0,0,picoseuropa,9,9,tmax
Reforestation,1269,0,0,picoseuropa,9,9,tmax
RipF,953,0,0,picoseuropa,9,9,tmax
RockScreeVeg,1135,0,0,picoseuropa,9,9,tmax
SMedMarF,8558,0,0,picoseuropa,9,9,tmax
Shrub,1599,0,0,picoseuropa,9,9,tmax
TempDecF,256510,1,0,picoseuropa,9,9,tmax
WaterSurf,761,0,0,picoseuropa,9,9,tmax
AlpScrGr,503669,0,0,picoseuropa,9,10,tmax
ArtSurf,2512,0,0,picoseuropa,9,10,tmax
AtlScrub,36927,0,0,picoseuropa,9,10,tmax
Crop,230,0,0,picoseuropa,9,10,tmax
Dehesa,71,0,0,picoseuropa,9,10,tmax
Grass,144539,0,0,picoseuropa,9,10,tmax
HydroRipVeg,811,0,0,picoseuropa,9,10,tmax
MedSclF,5580,0,0,picoseuropa,9,10,tmax
MedScrub,15115,0,0,picoseuropa,9,10,tmax
Reforestation,1269,0,0,picoseuropa,9,10,tmax
RipF,953,0,0,picoseuropa,9,10,tmax
RockScreeVeg,1135,0,0,picoseuropa,9,10,tmax
SMedMarF,8558,0,0,picoseuropa,9,10,tmax
Shrub,1599,0,0,picoseuropa,9,10,tmax
TempDecF,256336,0,0,picoseuropa,9,10,tmax
WaterSurf,752,0,0,picoseuropa,9,10,tmax
AlpScrGr,486719,0,0,picoseuropa,9,11,tmax
ArtSurf,2510,0,0,picoseuropa,9,11,tmax
AtlScrub,36869,0,0,picoseuropa,9,11,tmax
Crop,230,0,0,picoseuropa,9,11,tmax
Dehesa,71,0,0,picoseuropa,9,11,tmax
Grass,144253,0,0,picoseuropa,9,11,tmax
HydroRipVeg,811,0,0,picoseuropa,9,11,tmax
MedSclF,5373,0,0,picoseuropa,9,11,tmax
MedScrub,15082,0,0,picoseuropa,9,11,tmax
Reforestation,1269,0,0,picoseuropa,9,11,tmax
RipF,953,0,0,picoseuropa,9,11,tmax
RockScreeVeg,1132,0,0,picoseuropa,9,11,tmax
SMedMarF,8555,0,0,picoseuropa,9,11,tmax
Shrub,1598,0,0,picoseuropa,9,11,tmax
TempDecF,255911,0,0,picoseuropa,9,11,tmax
WaterSurf,745,0,0,picoseuropa,9,11,tmax
AlpScrGr,482406,0,0,picoseuropa,9,12,tmax
ArtSurf,2498,0,0,picoseuropa,9,12,tmax
AtlScrub,36212,0,0,picoseuropa,9,12,tmax
Crop,230,0,0,picoseuropa,9,12,tmax
Dehesa,57,0,0,picoseuropa,9,12,tmax
Grass,142707,0,0,picoseuropa,9,12,tmax
HydroRipVeg,802,0,0,picoseuropa,9,12,tmax
MedSclF,4578,0,0,picoseuropa,9,12,tmax
MedScrub,14918,0,0,picoseuropa,9,12,tmax
Reforestation,1266,0,0,picoseuropa,9,12,tmax
RipF,953,0,0,picoseuropa,9,12,tmax
RockScreeVeg,1099,0,0,picoseuropa,9,12,tmax
SMedMarF,8419,0,0,picoseuropa,9,12,tmax
Shrub,1532,0,0,picoseuropa,9,12,tmax
TempDecF,252908,0,0,picoseuropa,9,12,tmax
WaterSurf,708,0,0,picoseuropa,9,12,tmax
AlpScrGr,483629,0,0,picoseuropa,12,1,tmax
ArtSurf,2496,0,0,picoseuropa,12,1,tmax
AtlScrub,36465,0,0,picoseuropa,12,1,tmax
Crop,230,0,0,picoseuropa,12,1,tmax
Dehesa,60,0,0,picoseuropa,12,1,tmax
Grass,143161,0,0,picoseuropa,12,1,tmax
HydroRipVeg,808,0,0,picoseuropa,12,1,tmax
MedSclF,4576,0,0,picoseuropa,12,1,tmax
MedScrub,14993,0,0,picoseuropa,12,1,tmax
Reforestation,1264,0,0,picoseuropa,12,1,tmax
RipF,952,0,0,picoseuropa,12,1,tmax
RockScreeVeg,1117,0,0,picoseuropa,12,1,tmax
SMedMarF,8457,0,0,picoseuropa,12,1,tmax
Shrub,1579,0,0,picoseuropa,12,1,tmax
TempDecF,253477,0,0,picoseuropa,12,1,tmax
WaterSurf,715,0,0,picoseuropa,12,1,tmax
AlpScrGr,487132,0,0,picoseuropa,12,2,tmax
ArtSurf,2509,0,0,picoseuropa,12,2,tmax
AtlScrub,36902,0,0,picoseuropa,12,2,tmax
Crop,230,0,0,picoseuropa,12,2,tmax
Dehesa,71,0,0,picoseuropa,12,2,tmax
Grass,144344,0,0,picoseuropa,12,2,tmax
HydroRipVeg,811,0,0,picoseuropa,12,2,tmax
MedSclF,5374,0,0,picoseuropa,12,2,tmax
MedScrub,15105,0,0,picoseuropa,12,2,tmax
Reforestation,1269,0,0,picoseuropa,12,2,tmax
RipF,953,0,0,picoseuropa,12,2,tmax
RockScreeVeg,1134,0,0,picoseuropa,12,2,tmax
SMedMarF,8552,0,0,picoseuropa,12,2,tmax
Shrub,1597,0,0,picoseuropa,12,2,tmax
TempDecF,256029,0,0,picoseuropa,12,2,tmax
WaterSurf,737,0,0,picoseuropa,12,2,tmax
AlpScrGr,487768,0,0,picoseuropa,12,3,tmax
ArtSurf,2510,0,0,picoseuropa,12,3,tmax
AtlScrub,36927,0,0,picoseuropa,12,3,tmax
Crop,230,0,0,picoseuropa,12,3,tmax
Dehesa,71,0,0,picoseuropa,12,3,tmax
Grass,144481,0,0,picoseuropa,12,3,tmax
HydroRipVeg,811,0,0,picoseuropa,12,3,tmax
MedSclF,5590,0,0,picoseuropa,12,3,tmax
MedScrub,15115,0,0,picoseuropa,12,3,tmax
Reforestation,1269,0,0,picoseuropa,12,3,tmax
RipF,953,0,0,picoseuropa,12,3,tmax
RockScreeVeg,1135,0,0,picoseuropa,12,3,tmax
SMedMarF,8558,0,0,picoseuropa,12,3,tmax
Shrub,1599,0,0,picoseuropa,12,3,tmax
TempDecF,256357,0,0,picoseuropa,12,3,tmax
WaterSurf,760,0,0,picoseuropa,12,3,tmax
AlpScrGr,487876,0,0,picoseuropa,12,4,tmax
ArtSurf,2511,0,0,picoseuropa,12,4,tmax
AtlScrub,36929,0,0,picoseuropa,12,4,tmax
Crop,230,0,0,picoseuropa,12,4,tmax
Dehesa,71,0,0,picoseuropa,12,4,tmax
Grass,144505,0,0,picoseuropa,12,4,tmax
HydroRipVeg,811,0,0,picoseuropa,12,4,tmax
MedSclF,5591,0,0,picoseuropa,12,4,tmax
MedScrub,15118,0,0,picoseuropa,12,4,tmax
Reforestation,1269,0,0,picoseuropa,12,4,tmax
RipF,953,0,0,picoseuropa,12,4,tmax
RockScreeVeg,1135,0,0,picoseuropa,12,4,tmax
SMedMarF,8558,0,0,picoseuropa,12,4,tmax
Shrub,1599,0,0,picoseuropa,12,4,tmax
TempDecF,256516,0,0,picoseuropa,12,4,tmax
WaterSurf,763,0,0,picoseuropa,12,4,tmax
AlpScrGr,487848,0,0,picoseuropa,12,5,tmax
ArtSurf,2511,0,0,picoseuropa,12,5,tmax
AtlScrub,36969,0,0,picoseuropa,12,5,tmax
Crop,230,0,0,picoseuropa,12,5,tmax
Dehesa,71,0,0,picoseuropa,12,5,tmax
Grass,144570,0,0,picoseuropa,12,5,tmax
HydroRipVeg,815,0,0,picoseuropa,12,5,tmax
MedSclF,5631,0,0,picoseuropa,12,5,tmax
MedScrub,15123,0,0,picoseuropa,12,5,tmax
Reforestation,1269,0,0,picoseuropa,12,5,tmax
RipF,953,0,0,picoseuropa,12,5,tmax
RockScreeVeg,1135,0,0,picoseuropa,12,5,tmax
SMedMarF,8558,0,0,picoseuropa,12,5,tmax
Shrub,1599,0,0,picoseuropa,12,5,tmax
TempDecF,256687,0,0,picoseuropa,12,5,tmax
WaterSurf,773,0,0,picoseuropa,12,5,tmax
AlpScrGr,487273,0,0,picoseuropa,12,6,tmax
ArtSurf,2511,0,0,picoseuropa,12,6,tmax
AtlScrub,36969,0,0,picoseuropa,12,6,tmax
Crop,230,0,0,picoseuropa,12,6,tmax
Dehesa,71,0,0,picoseuropa,12,6,tmax
Grass,144593,0,0,picoseuropa,12,6,tmax
HydroRipVeg,815,0,0,picoseuropa,12,6,tmax
MedSclF,5631,0,0,picoseuropa,12,6,tmax
MedScrub,15123,0,0,picoseuropa,12,6,tmax
Reforestation,1269,0,0,picoseuropa,12,6,tmax
RipF,953,0,0,picoseuropa,12,6,tmax
RockScreeVeg,1135,0,0,picoseuropa,12,6,tmax
SMedMarF,8558,0,0,picoseuropa,12,6,tmax
Shrub,1599,0,0,picoseuropa,12,6,tmax
TempDecF,256695,0,0,picoseuropa,12,6,tmax
WaterSurf,774,0,0,picoseuropa,12,6,tmax
AlpScrGr,497696,0,0,picoseuropa,12,7,tmax
ArtSurf,2619,0,0,picoseuropa,12,7,tmax
AtlScrub,36969,0,0,picoseuropa,12,7,tmax
Crop,230,0,0,picoseuropa,12,7,tmax
Dehesa,71,0,0,picoseuropa,12,7,tmax
Grass,144792,0,0,picoseuropa,12,7,tmax
HydroRipVeg,815,0,0,picoseuropa,12,7,tmax
MedSclF,5631,0,0,picoseuropa,12,7,tmax
MedScrub,15123,0,0,picoseuropa,12,7,tmax
Reforestation,1269,0,0,picoseuropa,12,7,tmax
RipF,953,0,0,picoseuropa,12,7,tmax
RockScreeVeg,1135,0,0,picoseuropa,12,7,tmax
SMedMarF,8558,0,0,picoseuropa,12,7,tmax
Shrub,1599,0,0,picoseuropa,12,7,tmax
TempDecF,256697,0,0,picoseuropa,12,7,tmax
WaterSurf,774,0,0,picoseuropa,12,7,tmax
AlpScrGr,504321,0,0,picoseuropa,12,8,tmax
ArtSurf,2548,0,0,picoseuropa,12,8,tmax
AtlScrub,36969,0,0,picoseuropa,12,8,tmax
Crop,230,0,0,picoseuropa,12,8,tmax
Dehesa,71,0,0,picoseuropa,12,8,tmax
Grass,144733,0,0,picoseuropa,12,8,tmax
HydroRipVeg,815,0,0,picoseuropa,12,8,tmax
MedSclF,5631,0,0,picoseuropa,12,8,tmax
MedScrub,15121,0,0,picoseuropa,12,8,tmax
Reforestation,1269,0,0,picoseuropa,12,8,tmax
RipF,953,0,0,picoseuropa,12,8,tmax
RockScreeVeg,1135,0,0,picoseuropa,12,8,tmax
SMedMarF,8558,0,0,picoseuropa,12,8,tmax
Shrub,1599,0,0,picoseuropa,12,8,tmax
TempDecF,256675,0,0,picoseuropa,12,8,tmax
WaterSurf,771,0,0,picoseuropa,12,8,tmax
AlpScrGr,522100,0,0,picoseuropa,12,9,tmax
ArtSurf,2727,0,0,picoseuropa,12,9,tmax
AtlScrub,36964,0,0,picoseuropa,12,9,tmax
Crop,230,0,0,picoseuropa,12,9,tmax
Dehesa,71,0,0,picoseuropa,12,9,tmax
Grass,144813,0,0,picoseuropa,12,9,tmax
HydroRipVeg,811,0,0,picoseuropa,12,9,tmax
MedSclF,5617,0,0,picoseuropa,12,9,tmax
MedScrub,15119,0,0,picoseuropa,12,9,tmax
Reforestation,1269,0,0,picoseuropa,12,9,tmax
RipF,953,0,0,picoseuropa,12,9,tmax
RockScreeVeg,1135,0,0,picoseuropa,12,9,tmax
SMedMarF,8558,0,0,picoseuropa,12,9,tmax
Shrub,1599,0,0,picoseuropa,12,9,tmax
TempDecF,256510,0,0,picoseuropa,12,9,tmax
WaterSurf,761,0,0,picoseuropa,12,9,tmax
AlpScrGr,503669,0,0,picoseuropa,12,10,tmax
ArtSurf,2512,0,0,picoseuropa,12,10,tmax
AtlScrub,36927,0,0,picoseuropa,12,10,tmax
Crop,230,0,0,picoseuropa,12,10,tmax
Dehesa,71,0,0,picoseuropa,12,10,tmax
Grass,144539,0,0,picoseuropa,12,10,tmax
HydroRipVeg,811,0,0,picoseuropa,12,10,tmax
MedSclF,5580,0,0,picoseuropa,12,10,tmax
MedScrub,15115,0,0,picoseuropa,12,10,tmax
Reforestation,1269,0,0,picoseuropa,12,10,tmax
RipF,953,0,0,picoseuropa,12,10,tmax
RockScreeVeg,1135,0,0,picoseuropa,12,10,tmax
SMedMarF,8558,0,0,picoseuropa,12,10,tmax
Shrub,1599,0,0,picoseuropa,12,10,tmax
TempDecF,256336,0,0,picoseuropa,12,10,tmax
WaterSurf,752,0,0,picoseuropa,12,10,tmax
AlpScrGr,486719,0,0,picoseuropa,12,11,tmax
ArtSurf,2510,0,0,picoseuropa,12,11,tmax
AtlScrub,36869,0,0,picoseuropa,12,11,tmax
Crop,230,0,0,picoseuropa,12,11,tmax
Dehesa,71,0,0,picoseuropa,12,11,tmax
Grass,144253,0,0,picoseuropa,12,11,tmax
HydroRipVeg,811,0,0,picoseuropa,12,11,tmax
MedSclF,5373,0,0,picoseuropa,12,11,tmax
MedScrub,15082,0,0,picoseuropa,12,11,tmax
Reforestation,1269,0,0,picoseuropa,12,11,tmax
RipF,953,0,0,picoseuropa,12,11,tmax
RockScreeVeg,1132,0,0,picoseuropa,12,11,tmax
SMedMarF,8555,0,0,picoseuropa,12,11,tmax
Shrub,1598,0,0,picoseuropa,12,11,tmax
TempDecF,255911,0,0,picoseuropa,12,11,tmax
WaterSurf,745,0,0,picoseuropa,12,11,tmax
AlpScrGr,482406,0,0,picoseuropa,12,12,tmax
ArtSurf,2498,0,0,picoseuropa,12,12,tmax
AtlScrub,36212,0,0,picoseuropa,12,12,tmax
Crop,230,0,0,picoseuropa,12,12,tmax
Dehesa,57,0,0,picoseuropa,12,12,tmax
Grass,142707,0,0,picoseuropa,12,12,tmax
HydroRipVeg,802,0,0,picoseuropa,12,12,tmax
MedSclF,4578,0,0,picoseuropa,12,12,tmax
MedScrub,14918,0,0,picoseuropa,12,12,tmax
Reforestation,1266,0,0,picoseuropa,12,12,tmax
RipF,953,0,0,picoseuropa,12,12,tmax
RockScreeVeg,1099,0,0,picoseuropa,12,12,tmax
SMedMarF,8419,0,0,picoseuropa,12,12,tmax
Shrub,1532,0,0,picoseuropa,12,12,tmax
TempDecF,252908,0,0,picoseuropa,12,12,tmax
WaterSurf,708,0,0,picoseuropa,12,12,tmax
AlpConF,173794,0,0,sierranevada,1,1,tmax
AlpScrGr,631034,0,0,sierranevada,1,1,tmax
AridScr,766,0,0,sierranevada,1,1,tmax
ArtSurf,8799,0,0,sierranevada,1,1,tmax
BareArea,50,0,0,sierranevada,1,1,tmax
Crop,1432,0,0,sierranevada,1,1,tmax
Grass,77894,0,0,sierranevada,1,1,tmax
HaloVeg,90,0,0,sierranevada,1,1,tmax
HydroRipVeg,1442,0,0,sierranevada,1,1,tmax
MedConF,2985,0,0,sierranevada,1,1,tmax
MedSclF,38403,0,0,sierranevada,1,1,tmax
MedScrub,110649,0,0,sierranevada,1,1,tmax
Reforestation,29222,0,0,sierranevada,1,1,tmax
RipF,2926,0,0,sierranevada,1,1,tmax
RockScreeVeg,99111,0,0,sierranevada,1,1,tmax
SMedMarF,16274,0,0,sierranevada,1,1,tmax
Shrub,3805,0,0,sierranevada,1,1,tmax
WaterSurf,246,0,0,sierranevada,1,1,tmax
AlpConF,173794,3,0,sierranevada,1,2,tmax
AlpScrGr,631149,2972,0.47,sierranevada,1,2,tmax
AridScr,773,0,0,sierranevada,1,2,tmax
ArtSurf,8799,4,0.05,sierranevada,1,2,tmax
BareArea,50,0,0,sierranevada,1,2,tmax
Crop,1432,0,0,sierranevada,1,2,tmax
Grass,77900,203,0.26,sierranevada,1,2,tmax
HaloVeg,90,0,0,sierranevada,1,2,tmax
HydroRipVeg,1447,0,0,sierranevada,1,2,tmax
MedConF,2985,0,0,sierranevada,1,2,tmax
MedSclF,38437,23,0.06,sierranevada,1,2,tmax
MedScrub,110663,66,0.06,sierranevada,1,2,tmax
Reforestation,29226,1,0,sierranevada,1,2,tmax
RipF,2930,0,0,sierranevada,1,2,tmax
RockScreeVeg,99119,3980,4.02,sierranevada,1,2,tmax
SMedMarF,16274,0,0,sierranevada,1,2,tmax
Shrub,3805,0,0,sierranevada,1,2,tmax
WaterSurf,246,24,9.76,sierranevada,1,2,tmax
AlpConF,173796,0,0,sierranevada,1,3,tmax
AlpScrGr,631177,0,0,sierranevada,1,3,tmax
AridScr,774,0,0,sierranevada,1,3,tmax
ArtSurf,8799,0,0,sierranevada,1,3,tmax
BareArea,50,0,0,sierranevada,1,3,tmax
Crop,1432,0,0,sierranevada,1,3,tmax
Grass,77900,0,0,sierranevada,1,3,tmax
HaloVeg,90,0,0,sierranevada,1,3,tmax
HydroRipVeg,1448,0,0,sierranevada,1,3,tmax
MedConF,2985,0,0,sierranevada,1,3,tmax
MedSclF,38437,0,0,sierranevada,1,3,tmax
MedScrub,110663,0,0,sierranevada,1,3,tmax
Reforestation,29226,0,0,sierranevada,1,3,tmax
RipF,2930,0,0,sierranevada,1,3,tmax
RockScreeVeg,99121,0,0,sierranevada,1,3,tmax
SMedMarF,16274,0,0,sierranevada,1,3,tmax
Shrub,3805,0,0,sierranevada,1,3,tmax
WaterSurf,246,0,0,sierranevada,1,3,tmax
AlpConF,173796,0,0,sierranevada,1,4,tmax
AlpScrGr,631177,0,0,sierranevada,1,4,tmax
AridScr,774,0,0,sierranevada,1,4,tmax
ArtSurf,8799,0,0,sierranevada,1,4,tmax
BareArea,50,0,0,sierranevada,1,4,tmax
Crop,1432,0,0,sierranevada,1,4,tmax
Grass,77900,0,0,sierranevada,1,4,tmax
HaloVeg,90,0,0,sierranevada,1,4,tmax
HydroRipVeg,1448,0,0,sierranevada,1,4,tmax
MedConF,2985,0,0,sierranevada,1,4,tmax
MedSclF,38437,0,0,sierranevada,1,4,tmax
MedScrub,110663,0,0,sierranevada,1,4,tmax
Reforestation,29226,0,0,sierranevada,1,4,tmax
RipF,2930,0,0,sierranevada,1,4,tmax
RockScreeVeg,99121,0,0,sierranevada,1,4,tmax
SMedMarF,16274,0,0,sierranevada,1,4,tmax
Shrub,3805,0,0,sierranevada,1,4,tmax
WaterSurf,246,0,0,sierranevada,1,4,tmax
AlpConF,173796,0,0,sierranevada,1,5,tmax
AlpScrGr,631177,0,0,sierranevada,1,5,tmax
AridScr,774,0,0,sierranevada,1,5,tmax
ArtSurf,8799,0,0,sierranevada,1,5,tmax
BareArea,50,0,0,sierranevada,1,5,tmax
Crop,1432,0,0,sierranevada,1,5,tmax
Grass,77900,0,0,sierranevada,1,5,tmax
HaloVeg,90,0,0,sierranevada,1,5,tmax
HydroRipVeg,1448,0,0,sierranevada,1,5,tmax
MedConF,2985,0,0,sierranevada,1,5,tmax
MedSclF,38437,0,0,sierranevada,1,5,tmax
MedScrub,110663,0,0,sierranevada,1,5,tmax
Reforestation,29226,0,0,sierranevada,1,5,tmax
RipF,2930,0,0,sierranevada,1,5,tmax
RockScreeVeg,99121,0,0,sierranevada,1,5,tmax
SMedMarF,16274,0,0,sierranevada,1,5,tmax
Shrub,3805,0,0,sierranevada,1,5,tmax
WaterSurf,246,0,0,sierranevada,1,5,tmax
AlpConF,173796,0,0,sierranevada,1,6,tmax
AlpScrGr,631177,0,0,sierranevada,1,6,tmax
AridScr,774,0,0,sierranevada,1,6,tmax
ArtSurf,8799,0,0,sierranevada,1,6,tmax
BareArea,50,0,0,sierranevada,1,6,tmax
Crop,1432,0,0,sierranevada,1,6,tmax
Grass,77900,0,0,sierranevada,1,6,tmax
HaloVeg,90,0,0,sierranevada,1,6,tmax
HydroRipVeg,1448,0,0,sierranevada,1,6,tmax
MedConF,2985,0,0,sierranevada,1,6,tmax
MedSclF,38437,0,0,sierranevada,1,6,tmax
MedScrub,110663,0,0,sierranevada,1,6,tmax
Reforestation,29226,0,0,sierranevada,1,6,tmax
RipF,2930,0,0,sierranevada,1,6,tmax
RockScreeVeg,99121,0,0,sierranevada,1,6,tmax
SMedMarF,16274,0,0,sierranevada,1,6,tmax
Shrub,3805,0,0,sierranevada,1,6,tmax
WaterSurf,246,0,0,sierranevada,1,6,tmax
AlpConF,173796,0,0,sierranevada,1,7,tmax
AlpScrGr,631181,0,0,sierranevada,1,7,tmax
AridScr,774,0,0,sierranevada,1,7,tmax
ArtSurf,8799,0,0,sierranevada,1,7,tmax
BareArea,50,0,0,sierranevada,1,7,tmax
Crop,1432,0,0,sierranevada,1,7,tmax
Grass,77900,0,0,sierranevada,1,7,tmax
HaloVeg,90,0,0,sierranevada,1,7,tmax
HydroRipVeg,1448,0,0,sierranevada,1,7,tmax
MedConF,2985,0,0,sierranevada,1,7,tmax
MedSclF,38437,0,0,sierranevada,1,7,tmax
MedScrub,110663,0,0,sierranevada,1,7,tmax
Reforestation,29226,0,0,sierranevada,1,7,tmax
RipF,2930,0,0,sierranevada,1,7,tmax
RockScreeVeg,99121,0,0,sierranevada,1,7,tmax
SMedMarF,16274,0,0,sierranevada,1,7,tmax
Shrub,3805,0,0,sierranevada,1,7,tmax
WaterSurf,246,0,0,sierranevada,1,7,tmax
AlpConF,173796,0,0,sierranevada,1,8,tmax
AlpScrGr,631178,0,0,sierranevada,1,8,tmax
AridScr,774,0,0,sierranevada,1,8,tmax
ArtSurf,8799,0,0,sierranevada,1,8,tmax
BareArea,50,0,0,sierranevada,1,8,tmax
Crop,1432,0,0,sierranevada,1,8,tmax
Grass,77900,0,0,sierranevada,1,8,tmax
HaloVeg,90,0,0,sierranevada,1,8,tmax
HydroRipVeg,1448,0,0,sierranevada,1,8,tmax
MedConF,2985,0,0,sierranevada,1,8,tmax
MedSclF,38437,0,0,sierranevada,1,8,tmax
MedScrub,110663,0,0,sierranevada,1,8,tmax
Reforestation,29226,0,0,sierranevada,1,8,tmax
RipF,2930,2,0.07,sierranevada,1,8,tmax
RockScreeVeg,99121,0,0,sierranevada,1,8,tmax
SMedMarF,16274,0,0,sierranevada,1,8,tmax
Shrub,3805,0,0,sierranevada,1,8,tmax
WaterSurf,246,0,0,sierranevada,1,8,tmax
AlpConF,173796,0,0,sierranevada,1,9,tmax
AlpScrGr,631177,0,0,sierranevada,1,9,tmax
AridScr,774,0,0,sierranevada,1,9,tmax
ArtSurf,8799,0,0,sierranevada,1,9,tmax
BareArea,50,0,0,sierranevada,1,9,tmax
Crop,1432,0,0,sierranevada,1,9,tmax
Grass,77900,0,0,sierranevada,1,9,tmax
HaloVeg,90,0,0,sierranevada,1,9,tmax
HydroRipVeg,1448,0,0,sierranevada,1,9,tmax
MedConF,2985,0,0,sierranevada,1,9,tmax
MedSclF,38437,0,0,sierranevada,1,9,tmax
MedScrub,110663,0,0,sierranevada,1,9,tmax
Reforestation,29226,0,0,sierranevada,1,9,tmax
RipF,2930,0,0,sierranevada,1,9,tmax
RockScreeVeg,99121,0,0,sierranevada,1,9,tmax
SMedMarF,16274,0,0,sierranevada,1,9,tmax
Shrub,3805,0,0,sierranevada,1,9,tmax
WaterSurf,246,0,0,sierranevada,1,9,tmax
AlpConF,173796,0,0,sierranevada,1,10,tmax
AlpScrGr,631178,0,0,sierranevada,1,10,tmax
AridScr,774,0,0,sierranevada,1,10,tmax
ArtSurf,8799,0,0,sierranevada,1,10,tmax
BareArea,50,0,0,sierranevada,1,10,tmax
Crop,1432,0,0,sierranevada,1,10,tmax
Grass,77900,0,0,sierranevada,1,10,tmax
HaloVeg,90,0,0,sierranevada,1,10,tmax
HydroRipVeg,1448,0,0,sierranevada,1,10,tmax
MedConF,2985,0,0,sierranevada,1,10,tmax
MedSclF,38437,0,0,sierranevada,1,10,tmax
MedScrub,110663,0,0,sierranevada,1,10,tmax
Reforestation,29226,0,0,sierranevada,1,10,tmax
RipF,2930,0,0,sierranevada,1,10,tmax
RockScreeVeg,99121,0,0,sierranevada,1,10,tmax
SMedMarF,16274,0,0,sierranevada,1,10,tmax
Shrub,3805,0,0,sierranevada,1,10,tmax
WaterSurf,246,0,0,sierranevada,1,10,tmax
AlpConF,173794,12,0.01,sierranevada,1,11,tmax
AlpScrGr,631149,63,0.01,sierranevada,1,11,tmax
AridScr,772,10,1.3,sierranevada,1,11,tmax
ArtSurf,8799,1,0.01,sierranevada,1,11,tmax
BareArea,50,0,0,sierranevada,1,11,tmax
Crop,1432,0,0,sierranevada,1,11,tmax
Grass,77897,10,0.01,sierranevada,1,11,tmax
HaloVeg,90,0,0,sierranevada,1,11,tmax
HydroRipVeg,1448,0,0,sierranevada,1,11,tmax
MedConF,2985,2,0.07,sierranevada,1,11,tmax
MedSclF,38428,13,0.03,sierranevada,1,11,tmax
MedScrub,110657,38,0.03,sierranevada,1,11,tmax
Reforestation,29224,2,0.01,sierranevada,1,11,tmax
RipF,2930,0,0,sierranevada,1,11,tmax
RockScreeVeg,99119,3,0,sierranevada,1,11,tmax
SMedMarF,16274,0,0,sierranevada,1,11,tmax
Shrub,3805,0,0,sierranevada,1,11,tmax
WaterSurf,246,0,0,sierranevada,1,11,tmax
AlpConF,173767,4,0,sierranevada,1,12,tmax
AlpScrGr,631026,53,0.01,sierranevada,1,12,tmax
AridScr,763,0,0,sierranevada,1,12,tmax
ArtSurf,8799,4,0.05,sierranevada,1,12,tmax
BareArea,50,0,0,sierranevada,1,12,tmax
Crop,1432,0,0,sierranevada,1,12,tmax
Grass,77879,12,0.02,sierranevada,1,12,tmax
HaloVeg,90,0,0,sierranevada,1,12,tmax
HydroRipVeg,1442,0,0,sierranevada,1,12,tmax
MedConF,2985,2,0.07,sierranevada,1,12,tmax
MedSclF,38375,5,0.01,sierranevada,1,12,tmax
MedScrub,110617,6,0.01,sierranevada,1,12,tmax
Reforestation,29221,15,0.05,sierranevada,1,12,tmax
RipF,2928,0,0,sierranevada,1,12,tmax
RockScreeVeg,99098,69,0.07,sierranevada,1,12,tmax
SMedMarF,16272,0,0,sierranevada,1,12,tmax
Shrub,3805,0,0,sierranevada,1,12,tmax
WaterSurf,246,0,0,sierranevada,1,12,tmax
AlpConF,173794,1,0,sierranevada,3,1,tmax
AlpScrGr,631034,77,0.01,sierranevada,3,1,tmax
AridScr,766,1,0.13,sierranevada,3,1,tmax
ArtSurf,8799,2,0.02,sierranevada,3,1,tmax
BareArea,50,0,0,sierranevada,3,1,tmax
Crop,1432,0,0,sierranevada,3,1,tmax
Grass,77894,5,0.01,sierranevada,3,1,tmax
HaloVeg,90,0,0,sierranevada,3,1,tmax
HydroRipVeg,1442,1,0.07,sierranevada,3,1,tmax
MedConF,2985,7,0.23,sierranevada,3,1,tmax
MedSclF,38403,3,0.01,sierranevada,3,1,tmax
MedScrub,110649,22,0.02,sierranevada,3,1,tmax
Reforestation,29222,0,0,sierranevada,3,1,tmax
RipF,2926,0,0,sierranevada,3,1,tmax
RockScreeVeg,99111,58,0.06,sierranevada,3,1,tmax
SMedMarF,16274,0,0,sierranevada,3,1,tmax
Shrub,3805,0,0,sierranevada,3,1,tmax
WaterSurf,246,0,0,sierranevada,3,1,tmax
AlpConF,173794,27,0.02,sierranevada,3,2,tmax
AlpScrGr,631149,1482,0.23,sierranevada,3,2,tmax
AridScr,773,21,2.72,sierranevada,3,2,tmax
ArtSurf,8799,27,0.31,sierranevada,3,2,tmax
BareArea,50,0,0,sierranevada,3,2,tmax
Crop,1432,0,0,sierranevada,3,2,tmax
Grass,77900,207,0.27,sierranevada,3,2,tmax
HaloVeg,90,0,0,sierranevada,3,2,tmax
HydroRipVeg,1447,0,0,sierranevada,3,2,tmax
MedConF,2985,12,0.4,sierranevada,3,2,tmax
MedSclF,38437,157,0.41,sierranevada,3,2,tmax
MedScrub,110663,490,0.44,sierranevada,3,2,tmax
Reforestation,29226,38,0.13,sierranevada,3,2,tmax
RipF,2930,0,0,sierranevada,3,2,tmax
RockScreeVeg,99119,2582,2.6,sierranevada,3,2,tmax
SMedMarF,16274,0,0,sierranevada,3,2,tmax
Shrub,3805,0,0,sierranevada,3,2,tmax
WaterSurf,246,17,6.91,sierranevada,3,2,tmax
AlpConF,173796,52,0.03,sierranevada,3,3,tmax
AlpScrGr,631177,393,0.06,sierranevada,3,3,tmax
AridScr,774,0,0,sierranevada,3,3,tmax
ArtSurf,8799,11,0.13,sierranevada,3,3,tmax
BareArea,50,0,0,sierranevada,3,3,tmax
Crop,1432,0,0,sierranevada,3,3,tmax
Grass,77900,105,0.13,sierranevada,3,3,tmax
HaloVeg,90,0,0,sierranevada,3,3,tmax
HydroRipVeg,1448,0,0,sierranevada,3,3,tmax
MedConF,2985,3,0.1,sierranevada,3,3,tmax
MedSclF,38437,135,0.35,sierranevada,3,3,tmax
MedScrub,110663,145,0.13,sierranevada,3,3,tmax
Reforestation,29226,0,0,sierranevada,3,3,tmax
RipF,2930,0,0,sierranevada,3,3,tmax
RockScreeVeg,99121,806,0.81,sierranevada,3,3,tmax
SMedMarF,16274,0,0,sierranevada,3,3,tmax
Shrub,3805,0,0,sierranevada,3,3,tmax
WaterSurf,246,0,0,sierranevada,3,3,tmax
AlpConF,173796,0,0,sierranevada,3,4,tmax
AlpScrGr,631177,0,0,sierranevada,3,4,tmax
AridScr,774,0,0,sierranevada,3,4,tmax
ArtSurf,8799,0,0,sierranevada,3,4,tmax
BareArea,50,0,0,sierranevada,3,4,tmax
Crop,1432,0,0,sierranevada,3,4,tmax
Grass,77900,0,0,sierranevada,3,4,tmax
HaloVeg,90,0,0,sierranevada,3,4,tmax
HydroRipVeg,1448,0,0,sierranevada,3,4,tmax
MedConF,2985,0,0,sierranevada,3,4,tmax
MedSclF,38437,0,0,sierranevada,3,4,tmax
MedScrub,110663,0,0,sierranevada,3,4,tmax
Reforestation,29226,0,0,sierranevada,3,4,tmax
RipF,2930,0,0,sierranevada,3,4,tmax
RockScreeVeg,99121,0,0,sierranevada,3,4,tmax
SMedMarF,16274,0,0,sierranevada,3,4,tmax
Shrub,3805,0,0,sierranevada,3,4,tmax
WaterSurf,246,0,0,sierranevada,3,4,tmax
AlpConF,173796,5,0,sierranevada,3,5,tmax
AlpScrGr,631177,128,0.02,sierranevada,3,5,tmax
AridScr,774,0,0,sierranevada,3,5,tmax
ArtSurf,8799,4,0.05,sierranevada,3,5,tmax
BareArea,50,0,0,sierranevada,3,5,tmax
Crop,1432,0,0,sierranevada,3,5,tmax
Grass,77900,34,0.04,sierranevada,3,5,tmax
HaloVeg,90,0,0,sierranevada,3,5,tmax
HydroRipVeg,1448,2,0.14,sierranevada,3,5,tmax
MedConF,2985,0,0,sierranevada,3,5,tmax
MedSclF,38437,17,0.04,sierranevada,3,5,tmax
MedScrub,110663,229,0.21,sierranevada,3,5,tmax
Reforestation,29226,1,0,sierranevada,3,5,tmax
RipF,2930,1,0.03,sierranevada,3,5,tmax
RockScreeVeg,99121,42,0.04,sierranevada,3,5,tmax
SMedMarF,16274,1,0.01,sierranevada,3,5,tmax
Shrub,3805,0,0,sierranevada,3,5,tmax
WaterSurf,246,0,0,sierranevada,3,5,tmax
AlpConF,173796,8795,5.06,sierranevada,3,6,tmax
AlpScrGr,631177,143046,22.66,sierranevada,3,6,tmax
AridScr,774,303,39.15,sierranevada,3,6,tmax
ArtSurf,8799,1196,13.59,sierranevada,3,6,tmax
BareArea,50,3,6,sierranevada,3,6,tmax
Crop,1432,526,36.73,sierranevada,3,6,tmax
Grass,77900,18817,24.16,sierranevada,3,6,tmax
HaloVeg,90,43,47.78,sierranevada,3,6,tmax
HydroRipVeg,1448,399,27.56,sierranevada,3,6,tmax
MedConF,2985,24,0.8,sierranevada,3,6,tmax
MedSclF,38437,5089,13.24,sierranevada,3,6,tmax
MedScrub,110663,37764,34.13,sierranevada,3,6,tmax
Reforestation,29226,3571,12.22,sierranevada,3,6,tmax
RipF,2930,491,16.76,sierranevada,3,6,tmax
RockScreeVeg,99121,9062,9.14,sierranevada,3,6,tmax
SMedMarF,16274,1912,11.75,sierranevada,3,6,tmax
Shrub,3805,1455,38.24,sierranevada,3,6,tmax
WaterSurf,246,0,0,sierranevada,3,6,tmax
AlpConF,173796,22147,12.74,sierranevada,3,7,tmax
AlpScrGr,631181,439354,69.61,sierranevada,3,7,tmax
AridScr,774,344,44.44,sierranevada,3,7,tmax
ArtSurf,8799,2338,26.57,sierranevada,3,7,tmax
BareArea,50,11,22,sierranevada,3,7,tmax
Crop,1432,778,54.33,sierranevada,3,7,tmax
Grass,77900,27873,35.78,sierranevada,3,7,tmax
HaloVeg,90,63,70,sierranevada,3,7,tmax
HydroRipVeg,1448,967,66.78,sierranevada,3,7,tmax
MedConF,2985,266,8.91,sierranevada,3,7,tmax
MedSclF,38437,12544,32.64,sierranevada,3,7,tmax
MedScrub,110663,63159,57.07,sierranevada,3,7,tmax
Reforestation,29226,3186,10.9,sierranevada,3,7,tmax
RipF,2930,1158,39.52,sierranevada,3,7,tmax
RockScreeVeg,99121,17611,17.77,sierranevada,3,7,tmax
SMedMarF,16274,6988,42.94,sierranevada,3,7,tmax
Shrub,3805,2857,75.09,sierranevada,3,7,tmax
WaterSurf,246,5,2.03,sierranevada,3,7,tmax
AlpConF,173796,6515,3.75,sierranevada,3,8,tmax
AlpScrGr,631178,222110,35.19,sierranevada,3,8,tmax
AridScr,774,20,2.58,sierranevada,3,8,tmax
ArtSurf,8799,415,4.72,sierranevada,3,8,tmax
BareArea,50,3,6,sierranevada,3,8,tmax
Crop,1432,103,7.19,sierranevada,3,8,tmax
Grass,77900,4916,6.31,sierranevada,3,8,tmax
HaloVeg,90,6,6.67,sierranevada,3,8,tmax
HydroRipVeg,1448,304,20.99,sierranevada,3,8,tmax
MedConF,2985,35,1.17,sierranevada,3,8,tmax
MedSclF,38437,599,1.56,sierranevada,3,8,tmax
MedScrub,110663,10850,9.8,sierranevada,3,8,tmax
Reforestation,29226,713,2.44,sierranevada,3,8,tmax
RipF,2930,425,14.51,sierranevada,3,8,tmax
RockScreeVeg,99121,19791,19.97,sierranevada,3,8,tmax
SMedMarF,16274,1117,6.86,sierranevada,3,8,tmax
Shrub,3805,384,10.09,sierranevada,3,8,tmax
WaterSurf,246,16,6.5,sierranevada,3,8,tmax
AlpConF,173796,0,0,sierranevada,3,9,tmax
AlpScrGr,631177,0,0,sierranevada,3,9,tmax
AridScr,774,0,0,sierranevada,3,9,tmax
ArtSurf,8799,0,0,sierranevada,3,9,tmax
BareArea,50,0,0,sierranevada,3,9,tmax
Crop,1432,0,0,sierranevada,3,9,tmax
Grass,77900,0,0,sierranevada,3,9,tmax
HaloVeg,90,0,0,sierranevada,3,9,tmax
HydroRipVeg,1448,0,0,sierranevada,3,9,tmax
MedConF,2985,0,0,sierranevada,3,9,tmax
MedSclF,38437,0,0,sierranevada,3,9,tmax
MedScrub,110663,0,0,sierranevada,3,9,tmax
Reforestation,29226,0,0,sierranevada,3,9,tmax
RipF,2930,0,0,sierranevada,3,9,tmax
RockScreeVeg,99121,0,0,sierranevada,3,9,tmax
SMedMarF,16274,0,0,sierranevada,3,9,tmax
Shrub,3805,0,0,sierranevada,3,9,tmax
WaterSurf,246,0,0,sierranevada,3,9,tmax
AlpConF,173796,12,0.01,sierranevada,3,10,tmax
AlpScrGr,631178,199,0.03,sierranevada,3,10,tmax
AridScr,774,0,0,sierranevada,3,10,tmax
ArtSurf,8799,5,0.06,sierranevada,3,10,tmax
BareArea,50,0,0,sierranevada,3,10,tmax
Crop,1432,1,0.07,sierranevada,3,10,tmax
Grass,77900,21,0.03,sierranevada,3,10,tmax
HaloVeg,90,0,0,sierranevada,3,10,tmax
HydroRipVeg,1448,0,0,sierranevada,3,10,tmax
MedConF,2985,0,0,sierranevada,3,10,tmax
MedSclF,38437,0,0,sierranevada,3,10,tmax
MedScrub,110663,28,0.03,sierranevada,3,10,tmax
Reforestation,29226,3,0.01,sierranevada,3,10,tmax
RipF,2930,1,0.03,sierranevada,3,10,tmax
RockScreeVeg,99121,1,0,sierranevada,3,10,tmax
SMedMarF,16274,0,0,sierranevada,3,10,tmax
Shrub,3805,0,0,sierranevada,3,10,tmax
WaterSurf,246,0,0,sierranevada,3,10,tmax
AlpConF,173794,0,0,sierranevada,3,11,tmax
AlpScrGr,631149,0,0,sierranevada,3,11,tmax
AridScr,772,0,0,sierranevada,3,11,tmax
ArtSurf,8799,0,0,sierranevada,3,11,tmax
BareArea,50,0,0,sierranevada,3,11,tmax
Crop,1432,0,0,sierranevada,3,11,tmax
Grass,77897,0,0,sierranevada,3,11,tmax
HaloVeg,90,0,0,sierranevada,3,11,tmax
HydroRipVeg,1448,0,0,sierranevada,3,11,tmax
MedConF,2985,0,0,sierranevada,3,11,tmax
MedSclF,38428,0,0,sierranevada,3,11,tmax
MedScrub,110657,0,0,sierranevada,3,11,tmax
Reforestation,29224,0,0,sierranevada,3,11,tmax
RipF,2930,0,0,sierranevada,3,11,tmax
RockScreeVeg,99119,0,0,sierranevada,3,11,tmax
SMedMarF,16274,0,0,sierranevada,3,11,tmax
Shrub,3805,0,0,sierranevada,3,11,tmax
WaterSurf,246,0,0,sierranevada,3,11,tmax
AlpConF,173767,0,0,sierranevada,3,12,tmax
AlpScrGr,631026,0,0,sierranevada,3,12,tmax
AridScr,763,0,0,sierranevada,3,12,tmax
ArtSurf,8799,0,0,sierranevada,3,12,tmax
BareArea,50,0,0,sierranevada,3,12,tmax
Crop,1432,0,0,sierranevada,3,12,tmax
Grass,77879,0,0,sierranevada,3,12,tmax
HaloVeg,90,0,0,sierranevada,3,12,tmax
HydroRipVeg,1442,0,0,sierranevada,3,12,tmax
MedConF,2985,0,0,sierranevada,3,12,tmax
MedSclF,38375,0,0,sierranevada,3,12,tmax
MedScrub,110617,0,0,sierranevada,3,12,tmax
Reforestation,29221,0,0,sierranevada,3,12,tmax
RipF,2928,0,0,sierranevada,3,12,tmax
RockScreeVeg,99098,0,0,sierranevada,3,12,tmax
SMedMarF,16272,0,0,sierranevada,3,12,tmax
Shrub,3805,0,0,sierranevada,3,12,tmax
WaterSurf,246,0,0,sierranevada,3,12,tmax
AlpConF,173794,1,0,sierranevada,6,1,tmax
AlpScrGr,631034,7,0,sierranevada,6,1,tmax
AridScr,766,0,0,sierranevada,6,1,tmax
ArtSurf,8799,0,0,sierranevada,6,1,tmax
BareArea,50,0,0,sierranevada,6,1,tmax
Crop,1432,0,0,sierranevada,6,1,tmax
Grass,77894,2,0,sierranevada,6,1,tmax
HaloVeg,90,0,0,sierranevada,6,1,tmax
HydroRipVeg,1442,2,0.14,sierranevada,6,1,tmax
MedConF,2985,0,0,sierranevada,6,1,tmax
MedSclF,38403,1,0,sierranevada,6,1,tmax
MedScrub,110649,26,0.02,sierranevada,6,1,tmax
Reforestation,29222,3,0.01,sierranevada,6,1,tmax
RipF,2926,0,0,sierranevada,6,1,tmax
RockScreeVeg,99111,10,0.01,sierranevada,6,1,tmax
SMedMarF,16274,0,0,sierranevada,6,1,tmax
Shrub,3805,0,0,sierranevada,6,1,tmax
WaterSurf,246,0,0,sierranevada,6,1,tmax
AlpConF,173794,32,0.02,sierranevada,6,2,tmax
AlpScrGr,631149,231,0.04,sierranevada,6,2,tmax
AridScr,773,19,2.46,sierranevada,6,2,tmax
ArtSurf,8799,72,0.82,sierranevada,6,2,tmax
BareArea,50,0,0,sierranevada,6,2,tmax
Crop,1432,11,0.77,sierranevada,6,2,tmax
Grass,77900,239,0.31,sierranevada,6,2,tmax
HaloVeg,90,0,0,sierranevada,6,2,tmax
HydroRipVeg,1447,0,0,sierranevada,6,2,tmax
MedConF,2985,22,0.74,sierranevada,6,2,tmax
MedSclF,38437,242,0.63,sierranevada,6,2,tmax
MedScrub,110663,1201,1.09,sierranevada,6,2,tmax
Reforestation,29226,189,0.65,sierranevada,6,2,tmax
RipF,2930,1,0.03,sierranevada,6,2,tmax
RockScreeVeg,99119,237,0.24,sierranevada,6,2,tmax
SMedMarF,16274,0,0,sierranevada,6,2,tmax
Shrub,3805,0,0,sierranevada,6,2,tmax
WaterSurf,246,1,0.41,sierranevada,6,2,tmax
AlpConF,173796,47,0.03,sierranevada,6,3,tmax
AlpScrGr,631177,17,0,sierranevada,6,3,tmax
AridScr,774,0,0,sierranevada,6,3,tmax
ArtSurf,8799,17,0.19,sierranevada,6,3,tmax
BareArea,50,1,2,sierranevada,6,3,tmax
Crop,1432,0,0,sierranevada,6,3,tmax
Grass,77900,41,0.05,sierranevada,6,3,tmax
HaloVeg,90,0,0,sierranevada,6,3,tmax
HydroRipVeg,1448,0,0,sierranevada,6,3,tmax
MedConF,2985,1,0.03,sierranevada,6,3,tmax
MedSclF,38437,66,0.17,sierranevada,6,3,tmax
MedScrub,110663,314,0.28,sierranevada,6,3,tmax
Reforestation,29226,17,0.06,sierranevada,6,3,tmax
RipF,2930,0,0,sierranevada,6,3,tmax
RockScreeVeg,99121,113,0.11,sierranevada,6,3,tmax
SMedMarF,16274,0,0,sierranevada,6,3,tmax
Shrub,3805,1,0.03,sierranevada,6,3,tmax
WaterSurf,246,0,0,sierranevada,6,3,tmax
AlpConF,173796,0,0,sierranevada,6,4,tmax
AlpScrGr,631177,0,0,sierranevada,6,4,tmax
AridScr,774,0,0,sierranevada,6,4,tmax
ArtSurf,8799,0,0,sierranevada,6,4,tmax
BareArea,50,0,0,sierranevada,6,4,tmax
Crop,1432,0,0,sierranevada,6,4,tmax
Grass,77900,0,0,sierranevada,6,4,tmax
HaloVeg,90,0,0,sierranevada,6,4,tmax
HydroRipVeg,1448,0,0,sierranevada,6,4,tmax
MedConF,2985,0,0,sierranevada,6,4,tmax
MedSclF,38437,0,0,sierranevada,6,4,tmax
MedScrub,110663,0,0,sierranevada,6,4,tmax
Reforestation,29226,0,0,sierranevada,6,4,tmax
RipF,2930,0,0,sierranevada,6,4,tmax
RockScreeVeg,99121,0,0,sierranevada,6,4,tmax
SMedMarF,16274,0,0,sierranevada,6,4,tmax
Shrub,3805,0,0,sierranevada,6,4,tmax
WaterSurf,246,0,0,sierranevada,6,4,tmax
AlpConF,173796,79,0.05,sierranevada,6,5,tmax
AlpScrGr,631177,58,0.01,sierranevada,6,5,tmax
AridScr,774,1,0.13,sierranevada,6,5,tmax
ArtSurf,8799,8,0.09,sierranevada,6,5,tmax
BareArea,50,0,0,sierranevada,6,5,tmax
Crop,1432,1,0.07,sierranevada,6,5,tmax
Grass,77900,14,0.02,sierranevada,6,5,tmax
HaloVeg,90,0,0,sierranevada,6,5,tmax
HydroRipVeg,1448,1,0.07,sierranevada,6,5,tmax
MedConF,2985,0,0,sierranevada,6,5,tmax
MedSclF,38437,29,0.08,sierranevada,6,5,tmax
MedScrub,110663,49,0.04,sierranevada,6,5,tmax
Reforestation,29226,9,0.03,sierranevada,6,5,tmax
RipF,2930,1,0.03,sierranevada,6,5,tmax
RockScreeVeg,99121,9,0.01,sierranevada,6,5,tmax
SMedMarF,16274,4,0.02,sierranevada,6,5,tmax
Shrub,3805,0,0,sierranevada,6,5,tmax
WaterSurf,246,0,0,sierranevada,6,5,tmax
AlpConF,173796,0,0,sierranevada,6,6,tmax
AlpScrGr,631177,0,0,sierranevada,6,6,tmax
AridScr,774,0,0,sierranevada,6,6,tmax
ArtSurf,8799,0,0,sierranevada,6,6,tmax
BareArea,50,0,0,sierranevada,6,6,tmax
Crop,1432,0,0,sierranevada,6,6,tmax
Grass,77900,0,0,sierranevada,6,6,tmax
HaloVeg,90,0,0,sierranevada,6,6,tmax
HydroRipVeg,1448,0,0,sierranevada,6,6,tmax
MedConF,2985,0,0,sierranevada,6,6,tmax
MedSclF,38437,0,0,sierranevada,6,6,tmax
MedScrub,110663,0,0,sierranevada,6,6,tmax
Reforestation,29226,0,0,sierranevada,6,6,tmax
RipF,2930,0,0,sierranevada,6,6,tmax
RockScreeVeg,99121,0,0,sierranevada,6,6,tmax
SMedMarF,16274,0,0,sierranevada,6,6,tmax
Shrub,3805,0,0,sierranevada,6,6,tmax
WaterSurf,246,0,0,sierranevada,6,6,tmax
AlpConF,173796,718,0.41,sierranevada,6,7,tmax
AlpScrGr,631181,25369,4.02,sierranevada,6,7,tmax
AridScr,774,6,0.78,sierranevada,6,7,tmax
ArtSurf,8799,120,1.36,sierranevada,6,7,tmax
BareArea,50,2,4,sierranevada,6,7,tmax
Crop,1432,130,9.08,sierranevada,6,7,tmax
Grass,77900,1934,2.48,sierranevada,6,7,tmax
HaloVeg,90,12,13.33,sierranevada,6,7,tmax
HydroRipVeg,1448,40,2.76,sierranevada,6,7,tmax
MedConF,2985,6,0.2,sierranevada,6,7,tmax
MedSclF,38437,648,1.69,sierranevada,6,7,tmax
MedScrub,110663,6231,5.63,sierranevada,6,7,tmax
Reforestation,29226,99,0.34,sierranevada,6,7,tmax
RipF,2930,70,2.39,sierranevada,6,7,tmax
RockScreeVeg,99121,800,0.81,sierranevada,6,7,tmax
SMedMarF,16274,480,2.95,sierranevada,6,7,tmax
Shrub,3805,238,6.25,sierranevada,6,7,tmax
WaterSurf,246,0,0,sierranevada,6,7,tmax
AlpConF,173796,6686,3.85,sierranevada,6,8,tmax
AlpScrGr,631178,121643,19.27,sierranevada,6,8,tmax
AridScr,774,63,8.14,sierranevada,6,8,tmax
ArtSurf,8799,596,6.77,sierranevada,6,8,tmax
BareArea,50,8,16,sierranevada,6,8,tmax
Crop,1432,207,14.46,sierranevada,6,8,tmax
Grass,77900,7906,10.15,sierranevada,6,8,tmax
HaloVeg,90,20,22.22,sierranevada,6,8,tmax
HydroRipVeg,1448,355,24.52,sierranevada,6,8,tmax
MedConF,2985,93,3.12,sierranevada,6,8,tmax
MedSclF,38437,4134,10.76,sierranevada,6,8,tmax
MedScrub,110663,20080,18.15,sierranevada,6,8,tmax
Reforestation,29226,674,2.31,sierranevada,6,8,tmax
RipF,2930,567,19.35,sierranevada,6,8,tmax
RockScreeVeg,99121,10707,10.8,sierranevada,6,8,tmax
SMedMarF,16274,3110,19.11,sierranevada,6,8,tmax
Shrub,3805,726,19.08,sierranevada,6,8,tmax
WaterSurf,246,14,5.69,sierranevada,6,8,tmax
AlpConF,173796,0,0,sierranevada,6,9,tmax
AlpScrGr,631177,3,0,sierranevada,6,9,tmax
AridScr,774,0,0,sierranevada,6,9,tmax
ArtSurf,8799,0,0,sierranevada,6,9,tmax
BareArea,50,0,0,sierranevada,6,9,tmax
Crop,1432,0,0,sierranevada,6,9,tmax
Grass,77900,0,0,sierranevada,6,9,tmax
HaloVeg,90,0,0,sierranevada,6,9,tmax
HydroRipVeg,1448,0,0,sierranevada,6,9,tmax
MedConF,2985,0,0,sierranevada,6,9,tmax
MedSclF,38437,0,0,sierranevada,6,9,tmax
MedScrub,110663,1,0,sierranevada,6,9,tmax
Reforestation,29226,0,0,sierranevada,6,9,tmax
RipF,2930,0,0,sierranevada,6,9,tmax
RockScreeVeg,99121,0,0,sierranevada,6,9,tmax
SMedMarF,16274,0,0,sierranevada,6,9,tmax
Shrub,3805,0,0,sierranevada,6,9,tmax
WaterSurf,246,0,0,sierranevada,6,9,tmax
AlpConF,173796,0,0,sierranevada,6,10,tmax
AlpScrGr,631178,0,0,sierranevada,6,10,tmax
AridScr,774,0,0,sierranevada,6,10,tmax
ArtSurf,8799,0,0,sierranevada,6,10,tmax
BareArea,50,0,0,sierranevada,6,10,tmax
Crop,1432,0,0,sierranevada,6,10,tmax
Grass,77900,0,0,sierranevada,6,10,tmax
HaloVeg,90,0,0,sierranevada,6,10,tmax
HydroRipVeg,1448,0,0,sierranevada,6,10,tmax
MedConF,2985,0,0,sierranevada,6,10,tmax
MedSclF,38437,0,0,sierranevada,6,10,tmax
MedScrub,110663,0,0,sierranevada,6,10,tmax
Reforestation,29226,0,0,sierranevada,6,10,tmax
RipF,2930,0,0,sierranevada,6,10,tmax
RockScreeVeg,99121,0,0,sierranevada,6,10,tmax
SMedMarF,16274,0,0,sierranevada,6,10,tmax
Shrub,3805,0,0,sierranevada,6,10,tmax
WaterSurf,246,0,0,sierranevada,6,10,tmax
AlpConF,173794,0,0,sierranevada,6,11,tmax
AlpScrGr,631149,0,0,sierranevada,6,11,tmax
AridScr,772,0,0,sierranevada,6,11,tmax
ArtSurf,8799,0,0,sierranevada,6,11,tmax
BareArea,50,0,0,sierranevada,6,11,tmax
Crop,1432,0,0,sierranevada,6,11,tmax
Grass,77897,0,0,sierranevada,6,11,tmax
HaloVeg,90,0,0,sierranevada,6,11,tmax
HydroRipVeg,1448,0,0,sierranevada,6,11,tmax
MedConF,2985,0,0,sierranevada,6,11,tmax
MedSclF,38428,0,0,sierranevada,6,11,tmax
MedScrub,110657,0,0,sierranevada,6,11,tmax
Reforestation,29224,0,0,sierranevada,6,11,tmax
RipF,2930,0,0,sierranevada,6,11,tmax
RockScreeVeg,99119,0,0,sierranevada,6,11,tmax
SMedMarF,16274,0,0,sierranevada,6,11,tmax
Shrub,3805,0,0,sierranevada,6,11,tmax
WaterSurf,246,0,0,sierranevada,6,11,tmax
AlpConF,173767,0,0,sierranevada,6,12,tmax
AlpScrGr,631026,0,0,sierranevada,6,12,tmax
AridScr,763,0,0,sierranevada,6,12,tmax
ArtSurf,8799,0,0,sierranevada,6,12,tmax
BareArea,50,0,0,sierranevada,6,12,tmax
Crop,1432,0,0,sierranevada,6,12,tmax
Grass,77879,0,0,sierranevada,6,12,tmax
HaloVeg,90,0,0,sierranevada,6,12,tmax
HydroRipVeg,1442,0,0,sierranevada,6,12,tmax
MedConF,2985,0,0,sierranevada,6,12,tmax
MedSclF,38375,0,0,sierranevada,6,12,tmax
MedScrub,110617,0,0,sierranevada,6,12,tmax
Reforestation,29221,0,0,sierranevada,6,12,tmax
RipF,2928,0,0,sierranevada,6,12,tmax
RockScreeVeg,99098,0,0,sierranevada,6,12,tmax
SMedMarF,16272,0,0,sierranevada,6,12,tmax
Shrub,3805,0,0,sierranevada,6,12,tmax
WaterSurf,246,0,0,sierranevada,6,12,tmax
AlpConF,173794,0,0,sierranevada,9,1,tmax
AlpScrGr,631034,14,0,sierranevada,9,1,tmax
AridScr,766,0,0,sierranevada,9,1,tmax
ArtSurf,8799,0,0,sierranevada,9,1,tmax
BareArea,50,0,0,sierranevada,9,1,tmax
Crop,1432,0,0,sierranevada,9,1,tmax
Grass,77894,5,0.01,sierranevada,9,1,tmax
HaloVeg,90,0,0,sierranevada,9,1,tmax
HydroRipVeg,1442,2,0.14,sierranevada,9,1,tmax
MedConF,2985,1,0.03,sierranevada,9,1,tmax
MedSclF,38403,0,0,sierranevada,9,1,tmax
MedScrub,110649,18,0.02,sierranevada,9,1,tmax
Reforestation,29222,2,0.01,sierranevada,9,1,tmax
RipF,2926,0,0,sierranevada,9,1,tmax
RockScreeVeg,99111,19,0.02,sierranevada,9,1,tmax
SMedMarF,16274,0,0,sierranevada,9,1,tmax
Shrub,3805,0,0,sierranevada,9,1,tmax
WaterSurf,246,0,0,sierranevada,9,1,tmax
AlpConF,173794,36,0.02,sierranevada,9,2,tmax
AlpScrGr,631149,535,0.08,sierranevada,9,2,tmax
AridScr,773,54,6.99,sierranevada,9,2,tmax
ArtSurf,8799,42,0.48,sierranevada,9,2,tmax
BareArea,50,0,0,sierranevada,9,2,tmax
Crop,1432,2,0.14,sierranevada,9,2,tmax
Grass,77900,137,0.18,sierranevada,9,2,tmax
HaloVeg,90,0,0,sierranevada,9,2,tmax
HydroRipVeg,1447,4,0.28,sierranevada,9,2,tmax
MedConF,2985,36,1.21,sierranevada,9,2,tmax
MedSclF,38437,119,0.31,sierranevada,9,2,tmax
MedScrub,110663,703,0.64,sierranevada,9,2,tmax
Reforestation,29226,139,0.48,sierranevada,9,2,tmax
RipF,2930,2,0.07,sierranevada,9,2,tmax
RockScreeVeg,99119,224,0.23,sierranevada,9,2,tmax
SMedMarF,16274,0,0,sierranevada,9,2,tmax
Shrub,3805,0,0,sierranevada,9,2,tmax
WaterSurf,246,1,0.41,sierranevada,9,2,tmax
AlpConF,173796,128,0.07,sierranevada,9,3,tmax
AlpScrGr,631177,143,0.02,sierranevada,9,3,tmax
AridScr,774,4,0.52,sierranevada,9,3,tmax
ArtSurf,8799,46,0.52,sierranevada,9,3,tmax
BareArea,50,1,2,sierranevada,9,3,tmax
Crop,1432,3,0.21,sierranevada,9,3,tmax
Grass,77900,147,0.19,sierranevada,9,3,tmax
HaloVeg,90,0,0,sierranevada,9,3,tmax
HydroRipVeg,1448,2,0.14,sierranevada,9,3,tmax
MedConF,2985,2,0.07,sierranevada,9,3,tmax
MedSclF,38437,166,0.43,sierranevada,9,3,tmax
MedScrub,110663,1000,0.9,sierranevada,9,3,tmax
Reforestation,29226,117,0.4,sierranevada,9,3,tmax
RipF,2930,2,0.07,sierranevada,9,3,tmax
RockScreeVeg,99121,223,0.22,sierranevada,9,3,tmax
SMedMarF,16274,0,0,sierranevada,9,3,tmax
Shrub,3805,5,0.13,sierranevada,9,3,tmax
WaterSurf,246,0,0,sierranevada,9,3,tmax
AlpConF,173796,1,0,sierranevada,9,4,tmax
AlpScrGr,631177,0,0,sierranevada,9,4,tmax
AridScr,774,0,0,sierranevada,9,4,tmax
ArtSurf,8799,0,0,sierranevada,9,4,tmax
BareArea,50,0,0,sierranevada,9,4,tmax
Crop,1432,0,0,sierranevada,9,4,tmax
Grass,77900,1,0,sierranevada,9,4,tmax
HaloVeg,90,0,0,sierranevada,9,4,tmax
HydroRipVeg,1448,0,0,sierranevada,9,4,tmax
MedConF,2985,0,0,sierranevada,9,4,tmax
MedSclF,38437,0,0,sierranevada,9,4,tmax
MedScrub,110663,1,0,sierranevada,9,4,tmax
Reforestation,29226,0,0,sierranevada,9,4,tmax
RipF,2930,0,0,sierranevada,9,4,tmax
RockScreeVeg,99121,0,0,sierranevada,9,4,tmax
SMedMarF,16274,0,0,sierranevada,9,4,tmax
Shrub,3805,0,0,sierranevada,9,4,tmax
WaterSurf,246,0,0,sierranevada,9,4,tmax
AlpConF,173796,1005,0.58,sierranevada,9,5,tmax
AlpScrGr,631177,554,0.09,sierranevada,9,5,tmax
AridScr,774,19,2.45,sierranevada,9,5,tmax
ArtSurf,8799,37,0.42,sierranevada,9,5,tmax
BareArea,50,1,2,sierranevada,9,5,tmax
Crop,1432,15,1.05,sierranevada,9,5,tmax
Grass,77900,182,0.23,sierranevada,9,5,tmax
HaloVeg,90,0,0,sierranevada,9,5,tmax
HydroRipVeg,1448,2,0.14,sierranevada,9,5,tmax
MedConF,2985,0,0,sierranevada,9,5,tmax
MedSclF,38437,276,0.72,sierranevada,9,5,tmax
MedScrub,110663,568,0.51,sierranevada,9,5,tmax
Reforestation,29226,94,0.32,sierranevada,9,5,tmax
RipF,2930,11,0.38,sierranevada,9,5,tmax
RockScreeVeg,99121,131,0.13,sierranevada,9,5,tmax
SMedMarF,16274,9,0.06,sierranevada,9,5,tmax
Shrub,3805,0,0,sierranevada,9,5,tmax
WaterSurf,246,0,0,sierranevada,9,5,tmax
AlpConF,173796,0,0,sierranevada,9,6,tmax
AlpScrGr,631177,0,0,sierranevada,9,6,tmax
AridScr,774,0,0,sierranevada,9,6,tmax
ArtSurf,8799,0,0,sierranevada,9,6,tmax
BareArea,50,0,0,sierranevada,9,6,tmax
Crop,1432,0,0,sierranevada,9,6,tmax
Grass,77900,0,0,sierranevada,9,6,tmax
HaloVeg,90,0,0,sierranevada,9,6,tmax
HydroRipVeg,1448,0,0,sierranevada,9,6,tmax
MedConF,2985,0,0,sierranevada,9,6,tmax
MedSclF,38437,0,0,sierranevada,9,6,tmax
MedScrub,110663,0,0,sierranevada,9,6,tmax
Reforestation,29226,0,0,sierranevada,9,6,tmax
RipF,2930,0,0,sierranevada,9,6,tmax
RockScreeVeg,99121,0,0,sierranevada,9,6,tmax
SMedMarF,16274,0,0,sierranevada,9,6,tmax
Shrub,3805,0,0,sierranevada,9,6,tmax
WaterSurf,246,0,0,sierranevada,9,6,tmax
AlpConF,173796,3671,2.11,sierranevada,9,7,tmax
AlpScrGr,631181,14209,2.25,sierranevada,9,7,tmax
AridScr,774,55,7.11,sierranevada,9,7,tmax
ArtSurf,8799,209,2.38,sierranevada,9,7,tmax
BareArea,50,3,6,sierranevada,9,7,tmax
Crop,1432,168,11.73,sierranevada,9,7,tmax
Grass,77900,2022,2.6,sierranevada,9,7,tmax
HaloVeg,90,6,6.67,sierranevada,9,7,tmax
HydroRipVeg,1448,48,3.31,sierranevada,9,7,tmax
MedConF,2985,5,0.17,sierranevada,9,7,tmax
MedSclF,38437,2625,6.83,sierranevada,9,7,tmax
MedScrub,110663,6174,5.58,sierranevada,9,7,tmax
Reforestation,29226,434,1.48,sierranevada,9,7,tmax
RipF,2930,46,1.57,sierranevada,9,7,tmax
RockScreeVeg,99121,829,0.84,sierranevada,9,7,tmax
SMedMarF,16274,364,2.24,sierranevada,9,7,tmax
Shrub,3805,143,3.76,sierranevada,9,7,tmax
WaterSurf,246,0,0,sierranevada,9,7,tmax
AlpConF,173796,963,0.55,sierranevada,9,8,tmax
AlpScrGr,631178,10705,1.7,sierranevada,9,8,tmax
AridScr,774,16,2.07,sierranevada,9,8,tmax
ArtSurf,8799,109,1.24,sierranevada,9,8,tmax
BareArea,50,5,10,sierranevada,9,8,tmax
Crop,1432,57,3.98,sierranevada,9,8,tmax
Grass,77900,816,1.05,sierranevada,9,8,tmax
HaloVeg,90,3,3.33,sierranevada,9,8,tmax
HydroRipVeg,1448,42,2.9,sierranevada,9,8,tmax
MedConF,2985,0,0,sierranevada,9,8,tmax
MedSclF,38437,354,0.92,sierranevada,9,8,tmax
MedScrub,110663,1815,1.64,sierranevada,9,8,tmax
Reforestation,29226,72,0.25,sierranevada,9,8,tmax
RipF,2930,51,1.74,sierranevada,9,8,tmax
RockScreeVeg,99121,3220,3.25,sierranevada,9,8,tmax
SMedMarF,16274,256,1.57,sierranevada,9,8,tmax
Shrub,3805,8,0.21,sierranevada,9,8,tmax
WaterSurf,246,3,1.22,sierranevada,9,8,tmax
AlpConF,173796,6,0,sierranevada,9,9,tmax
AlpScrGr,631177,155,0.02,sierranevada,9,9,tmax
AridScr,774,0,0,sierranevada,9,9,tmax
ArtSurf,8799,2,0.02,sierranevada,9,9,tmax
BareArea,50,0,0,sierranevada,9,9,tmax
Crop,1432,5,0.35,sierranevada,9,9,tmax
Grass,77900,31,0.04,sierranevada,9,9,tmax
HaloVeg,90,0,0,sierranevada,9,9,tmax
HydroRipVeg,1448,0,0,sierranevada,9,9,tmax
MedConF,2985,0,0,sierranevada,9,9,tmax
MedSclF,38437,0,0,sierranevada,9,9,tmax
MedScrub,110663,22,0.02,sierranevada,9,9,tmax
Reforestation,29226,2,0.01,sierranevada,9,9,tmax
RipF,2930,2,0.07,sierranevada,9,9,tmax
RockScreeVeg,99121,17,0.02,sierranevada,9,9,tmax
SMedMarF,16274,32,0.2,sierranevada,9,9,tmax
Shrub,3805,1,0.03,sierranevada,9,9,tmax
WaterSurf,246,0,0,sierranevada,9,9,tmax
AlpConF,173796,0,0,sierranevada,9,10,tmax
AlpScrGr,631178,0,0,sierranevada,9,10,tmax
AridScr,774,0,0,sierranevada,9,10,tmax
ArtSurf,8799,0,0,sierranevada,9,10,tmax
BareArea,50,0,0,sierranevada,9,10,tmax
Crop,1432,0,0,sierranevada,9,10,tmax
Grass,77900,0,0,sierranevada,9,10,tmax
HaloVeg,90,0,0,sierranevada,9,10,tmax
HydroRipVeg,1448,0,0,sierranevada,9,10,tmax
MedConF,2985,0,0,sierranevada,9,10,tmax
MedSclF,38437,0,0,sierranevada,9,10,tmax
MedScrub,110663,0,0,sierranevada,9,10,tmax
Reforestation,29226,0,0,sierranevada,9,10,tmax
RipF,2930,0,0,sierranevada,9,10,tmax
RockScreeVeg,99121,0,0,sierranevada,9,10,tmax
SMedMarF,16274,0,0,sierranevada,9,10,tmax
Shrub,3805,0,0,sierranevada,9,10,tmax
WaterSurf,246,0,0,sierranevada,9,10,tmax
AlpConF,173794,0,0,sierranevada,9,11,tmax
AlpScrGr,631149,0,0,sierranevada,9,11,tmax
AridScr,772,0,0,sierranevada,9,11,tmax
ArtSurf,8799,0,0,sierranevada,9,11,tmax
BareArea,50,0,0,sierranevada,9,11,tmax
Crop,1432,0,0,sierranevada,9,11,tmax
Grass,77897,0,0,sierranevada,9,11,tmax
HaloVeg,90,0,0,sierranevada,9,11,tmax
HydroRipVeg,1448,0,0,sierranevada,9,11,tmax
MedConF,2985,0,0,sierranevada,9,11,tmax
MedSclF,38428,0,0,sierranevada,9,11,tmax
MedScrub,110657,0,0,sierranevada,9,11,tmax
Reforestation,29224,0,0,sierranevada,9,11,tmax
RipF,2930,0,0,sierranevada,9,11,tmax
RockScreeVeg,99119,0,0,sierranevada,9,11,tmax
SMedMarF,16274,0,0,sierranevada,9,11,tmax
Shrub,3805,0,0,sierranevada,9,11,tmax
WaterSurf,246,0,0,sierranevada,9,11,tmax
AlpConF,173767,0,0,sierranevada,9,12,tmax
AlpScrGr,631026,0,0,sierranevada,9,12,tmax
AridScr,763,0,0,sierranevada,9,12,tmax
ArtSurf,8799,0,0,sierranevada,9,12,tmax
BareArea,50,0,0,sierranevada,9,12,tmax
Crop,1432,0,0,sierranevada,9,12,tmax
Grass,77879,0,0,sierranevada,9,12,tmax
HaloVeg,90,0,0,sierranevada,9,12,tmax
HydroRipVeg,1442,0,0,sierranevada,9,12,tmax
MedConF,2985,0,0,sierranevada,9,12,tmax
MedSclF,38375,0,0,sierranevada,9,12,tmax
MedScrub,110617,0,0,sierranevada,9,12,tmax
Reforestation,29221,0,0,sierranevada,9,12,tmax
RipF,2928,0,0,sierranevada,9,12,tmax
RockScreeVeg,99098,0,0,sierranevada,9,12,tmax
SMedMarF,16272,0,0,sierranevada,9,12,tmax
Shrub,3805,0,0,sierranevada,9,12,tmax
WaterSurf,246,0,0,sierranevada,9,12,tmax
AlpConF,173794,0,0,sierranevada,12,1,tmax
AlpScrGr,631034,0,0,sierranevada,12,1,tmax
AridScr,766,0,0,sierranevada,12,1,tmax
ArtSurf,8799,0,0,sierranevada,12,1,tmax
BareArea,50,0,0,sierranevada,12,1,tmax
Crop,1432,0,0,sierranevada,12,1,tmax
Grass,77894,0,0,sierranevada,12,1,tmax
HaloVeg,90,0,0,sierranevada,12,1,tmax
HydroRipVeg,1442,0,0,sierranevada,12,1,tmax
MedConF,2985,0,0,sierranevada,12,1,tmax
MedSclF,38403,0,0,sierranevada,12,1,tmax
MedScrub,110649,0,0,sierranevada,12,1,tmax
Reforestation,29222,0,0,sierranevada,12,1,tmax
RipF,2926,0,0,sierranevada,12,1,tmax
RockScreeVeg,99111,0,0,sierranevada,12,1,tmax
SMedMarF,16274,0,0,sierranevada,12,1,tmax
Shrub,3805,0,0,sierranevada,12,1,tmax
WaterSurf,246,0,0,sierranevada,12,1,tmax
AlpConF,173794,0,0,sierranevada,12,2,tmax
AlpScrGr,631149,214,0.03,sierranevada,12,2,tmax
AridScr,773,11,1.42,sierranevada,12,2,tmax
ArtSurf,8799,5,0.06,sierranevada,12,2,tmax
BareArea,50,0,0,sierranevada,12,2,tmax
Crop,1432,0,0,sierranevada,12,2,tmax
Grass,77900,22,0.03,sierranevada,12,2,tmax
HaloVeg,90,0,0,sierranevada,12,2,tmax
HydroRipVeg,1447,0,0,sierranevada,12,2,tmax
MedConF,2985,9,0.3,sierranevada,12,2,tmax
MedSclF,38437,4,0.01,sierranevada,12,2,tmax
MedScrub,110663,56,0.05,sierranevada,12,2,tmax
Reforestation,29226,5,0.02,sierranevada,12,2,tmax
RipF,2930,0,0,sierranevada,12,2,tmax
RockScreeVeg,99119,193,0.19,sierranevada,12,2,tmax
SMedMarF,16274,0,0,sierranevada,12,2,tmax
Shrub,3805,0,0,sierranevada,12,2,tmax
WaterSurf,246,3,1.22,sierranevada,12,2,tmax
AlpConF,173796,0,0,sierranevada,12,3,tmax
AlpScrGr,631177,9,0,sierranevada,12,3,tmax
AridScr,774,0,0,sierranevada,12,3,tmax
ArtSurf,8799,0,0,sierranevada,12,3,tmax
BareArea,50,0,0,sierranevada,12,3,tmax
Crop,1432,0,0,sierranevada,12,3,tmax
Grass,77900,3,0,sierranevada,12,3,tmax
HaloVeg,90,0,0,sierranevada,12,3,tmax
HydroRipVeg,1448,0,0,sierranevada,12,3,tmax
MedConF,2985,0,0,sierranevada,12,3,tmax
MedSclF,38437,1,0,sierranevada,12,3,tmax
MedScrub,110663,5,0,sierranevada,12,3,tmax
Reforestation,29226,2,0.01,sierranevada,12,3,tmax
RipF,2930,0,0,sierranevada,12,3,tmax
RockScreeVeg,99121,9,0.01,sierranevada,12,3,tmax
SMedMarF,16274,0,0,sierranevada,12,3,tmax
Shrub,3805,0,0,sierranevada,12,3,tmax
WaterSurf,246,0,0,sierranevada,12,3,tmax
AlpConF,173796,0,0,sierranevada,12,4,tmax
AlpScrGr,631177,0,0,sierranevada,12,4,tmax
AridScr,774,0,0,sierranevada,12,4,tmax
ArtSurf,8799,0,0,sierranevada,12,4,tmax
BareArea,50,0,0,sierranevada,12,4,tmax
Crop,1432,0,0,sierranevada,12,4,tmax
Grass,77900,0,0,sierranevada,12,4,tmax
HaloVeg,90,0,0,sierranevada,12,4,tmax
HydroRipVeg,1448,0,0,sierranevada,12,4,tmax
MedConF,2985,0,0,sierranevada,12,4,tmax
MedSclF,38437,0,0,sierranevada,12,4,tmax
MedScrub,110663,0,0,sierranevada,12,4,tmax
Reforestation,29226,0,0,sierranevada,12,4,tmax
RipF,2930,0,0,sierranevada,12,4,tmax
RockScreeVeg,99121,0,0,sierranevada,12,4,tmax
SMedMarF,16274,0,0,sierranevada,12,4,tmax
Shrub,3805,0,0,sierranevada,12,4,tmax
WaterSurf,246,0,0,sierranevada,12,4,tmax
AlpConF,173796,90,0.05,sierranevada,12,5,tmax
AlpScrGr,631177,65,0.01,sierranevada,12,5,tmax
AridScr,774,0,0,sierranevada,12,5,tmax
ArtSurf,8799,1,0.01,sierranevada,12,5,tmax
BareArea,50,0,0,sierranevada,12,5,tmax
Crop,1432,1,0.07,sierranevada,12,5,tmax
Grass,77900,10,0.01,sierranevada,12,5,tmax
HaloVeg,90,0,0,sierranevada,12,5,tmax
HydroRipVeg,1448,0,0,sierranevada,12,5,tmax
MedConF,2985,0,0,sierranevada,12,5,tmax
MedSclF,38437,28,0.07,sierranevada,12,5,tmax
MedScrub,110663,18,0.02,sierranevada,12,5,tmax
Reforestation,29226,4,0.01,sierranevada,12,5,tmax
RipF,2930,4,0.14,sierranevada,12,5,tmax
RockScreeVeg,99121,2,0,sierranevada,12,5,tmax
SMedMarF,16274,1,0.01,sierranevada,12,5,tmax
Shrub,3805,0,0,sierranevada,12,5,tmax
WaterSurf,246,0,0,sierranevada,12,5,tmax
AlpConF,173796,0,0,sierranevada,12,6,tmax
AlpScrGr,631177,0,0,sierranevada,12,6,tmax
AridScr,774,0,0,sierranevada,12,6,tmax
ArtSurf,8799,0,0,sierranevada,12,6,tmax
BareArea,50,0,0,sierranevada,12,6,tmax
Crop,1432,0,0,sierranevada,12,6,tmax
Grass,77900,0,0,sierranevada,12,6,tmax
HaloVeg,90,0,0,sierranevada,12,6,tmax
HydroRipVeg,1448,0,0,sierranevada,12,6,tmax
MedConF,2985,0,0,sierranevada,12,6,tmax
MedSclF,38437,0,0,sierranevada,12,6,tmax
MedScrub,110663,0,0,sierranevada,12,6,tmax
Reforestation,29226,0,0,sierranevada,12,6,tmax
RipF,2930,0,0,sierranevada,12,6,tmax
RockScreeVeg,99121,0,0,sierranevada,12,6,tmax
SMedMarF,16274,0,0,sierranevada,12,6,tmax
Shrub,3805,0,0,sierranevada,12,6,tmax
WaterSurf,246,0,0,sierranevada,12,6,tmax
AlpConF,173796,1480,0.85,sierranevada,12,7,tmax
AlpScrGr,631181,3741,0.59,sierranevada,12,7,tmax
AridScr,774,6,0.78,sierranevada,12,7,tmax
ArtSurf,8799,45,0.51,sierranevada,12,7,tmax
BareArea,50,0,0,sierranevada,12,7,tmax
Crop,1432,12,0.84,sierranevada,12,7,tmax
Grass,77900,337,0.43,sierranevada,12,7,tmax
HaloVeg,90,0,0,sierranevada,12,7,tmax
HydroRipVeg,1448,9,0.62,sierranevada,12,7,tmax
MedConF,2985,0,0,sierranevada,12,7,tmax
MedSclF,38437,236,0.61,sierranevada,12,7,tmax
MedScrub,110663,1181,1.07,sierranevada,12,7,tmax
Reforestation,29226,94,0.32,sierranevada,12,7,tmax
RipF,2930,3,0.1,sierranevada,12,7,tmax
RockScreeVeg,99121,81,0.08,sierranevada,12,7,tmax
SMedMarF,16274,72,0.44,sierranevada,12,7,tmax
Shrub,3805,8,0.21,sierranevada,12,7,tmax
WaterSurf,246,0,0,sierranevada,12,7,tmax
AlpConF,173796,1568,0.9,sierranevada,12,8,tmax
AlpScrGr,631178,4472,0.71,sierranevada,12,8,tmax
AridScr,774,17,2.2,sierranevada,12,8,tmax
ArtSurf,8799,66,0.75,sierranevada,12,8,tmax
BareArea,50,1,2,sierranevada,12,8,tmax
Crop,1432,22,1.54,sierranevada,12,8,tmax
Grass,77900,435,0.56,sierranevada,12,8,tmax
HaloVeg,90,0,0,sierranevada,12,8,tmax
HydroRipVeg,1448,14,0.97,sierranevada,12,8,tmax
MedConF,2985,0,0,sierranevada,12,8,tmax
MedSclF,38437,117,0.3,sierranevada,12,8,tmax
MedScrub,110663,1121,1.01,sierranevada,12,8,tmax
Reforestation,29226,94,0.32,sierranevada,12,8,tmax
RipF,2930,20,0.68,sierranevada,12,8,tmax
RockScreeVeg,99121,1985,2,sierranevada,12,8,tmax
SMedMarF,16274,191,1.17,sierranevada,12,8,tmax
Shrub,3805,3,0.08,sierranevada,12,8,tmax
WaterSurf,246,2,0.81,sierranevada,12,8,tmax
AlpConF,173796,0,0,sierranevada,12,9,tmax
AlpScrGr,631177,0,0,sierranevada,12,9,tmax
AridScr,774,0,0,sierranevada,12,9,tmax
ArtSurf,8799,0,0,sierranevada,12,9,tmax
BareArea,50,0,0,sierranevada,12,9,tmax
Crop,1432,0,0,sierranevada,12,9,tmax
Grass,77900,0,0,sierranevada,12,9,tmax
HaloVeg,90,0,0,sierranevada,12,9,tmax
HydroRipVeg,1448,0,0,sierranevada,12,9,tmax
MedConF,2985,0,0,sierranevada,12,9,tmax
MedSclF,38437,0,0,sierranevada,12,9,tmax
MedScrub,110663,0,0,sierranevada,12,9,tmax
Reforestation,29226,0,0,sierranevada,12,9,tmax
RipF,2930,0,0,sierranevada,12,9,tmax
RockScreeVeg,99121,0,0,sierranevada,12,9,tmax
SMedMarF,16274,0,0,sierranevada,12,9,tmax
Shrub,3805,0,0,sierranevada,12,9,tmax
WaterSurf,246,0,0,sierranevada,12,9,tmax
AlpConF,173796,0,0,sierranevada,12,10,tmax
AlpScrGr,631178,0,0,sierranevada,12,10,tmax
AridScr,774,0,0,sierranevada,12,10,tmax
ArtSurf,8799,0,0,sierranevada,12,10,tmax
BareArea,50,0,0,sierranevada,12,10,tmax
Crop,1432,0,0,sierranevada,12,10,tmax
Grass,77900,0,0,sierranevada,12,10,tmax
HaloVeg,90,0,0,sierranevada,12,10,tmax
HydroRipVeg,1448,0,0,sierranevada,12,10,tmax
MedConF,2985,0,0,sierranevada,12,10,tmax
MedSclF,38437,0,0,sierranevada,12,10,tmax
MedScrub,110663,0,0,sierranevada,12,10,tmax
Reforestation,29226,0,0,sierranevada,12,10,tmax
RipF,2930,0,0,sierranevada,12,10,tmax
RockScreeVeg,99121,0,0,sierranevada,12,10,tmax
SMedMarF,16274,0,0,sierranevada,12,10,tmax
Shrub,3805,0,0,sierranevada,12,10,tmax
WaterSurf,246,0,0,sierranevada,12,10,tmax
AlpConF,173794,0,0,sierranevada,12,11,tmax
AlpScrGr,631149,0,0,sierranevada,12,11,tmax
AridScr,772,0,0,sierranevada,12,11,tmax
ArtSurf,8799,0,0,sierranevada,12,11,tmax
BareArea,50,0,0,sierranevada,12,11,tmax
Crop,1432,0,0,sierranevada,12,11,tmax
Grass,77897,0,0,sierranevada,12,11,tmax
HaloVeg,90,0,0,sierranevada,12,11,tmax
HydroRipVeg,1448,0,0,sierranevada,12,11,tmax
MedConF,2985,0,0,sierranevada,12,11,tmax
MedSclF,38428,0,0,sierranevada,12,11,tmax
MedScrub,110657,0,0,sierranevada,12,11,tmax
Reforestation,29224,0,0,sierranevada,12,11,tmax
RipF,2930,0,0,sierranevada,12,11,tmax
RockScreeVeg,99119,0,0,sierranevada,12,11,tmax
SMedMarF,16274,0,0,sierranevada,12,11,tmax
Shrub,3805,0,0,sierranevada,12,11,tmax
WaterSurf,246,0,0,sierranevada,12,11,tmax
AlpConF,173767,0,0,sierranevada,12,12,tmax
AlpScrGr,631026,0,0,sierranevada,12,12,tmax
AridScr,763,0,0,sierranevada,12,12,tmax
ArtSurf,8799,0,0,sierranevada,12,12,tmax
BareArea,50,0,0,sierranevada,12,12,tmax
Crop,1432,0,0,sierranevada,12,12,tmax
Grass,77879,0,0,sierranevada,12,12,tmax
HaloVeg,90,0,0,sierranevada,12,12,tmax
HydroRipVeg,1442,0,0,sierranevada,12,12,tmax
MedConF,2985,0,0,sierranevada,12,12,tmax
MedSclF,38375,0,0,sierranevada,12,12,tmax
MedScrub,110617,0,0,sierranevada,12,12,tmax
Reforestation,29221,0,0,sierranevada,12,12,tmax
RipF,2928,0,0,sierranevada,12,12,tmax
RockScreeVeg,99098,0,0,sierranevada,12,12,tmax
SMedMarF,16272,0,0,sierranevada,12,12,tmax
Shrub,3805,0,0,sierranevada,12,12,tmax
WaterSurf,246,0,0,sierranevada,12,12,tmax
AlpConF,47119,0,0,aiguestortes,1,1,tmin
AlpScrGr,90179,0,0,aiguestortes,1,1,tmin
Grass,649,0,0,aiguestortes,1,1,tmin
HydroRipVeg,599,0,0,aiguestortes,1,1,tmin
RipF,223,0,0,aiguestortes,1,1,tmin
RockScreeVeg,60305,0,0,aiguestortes,1,1,tmin
Shrub,528,0,0,aiguestortes,1,1,tmin
TempDecF,913,0,0,aiguestortes,1,1,tmin
WaterSurf,4432,0,0,aiguestortes,1,1,tmin
AlpConF,47129,0,0,aiguestortes,1,2,tmin
AlpScrGr,90472,11,0.01,aiguestortes,1,2,tmin
Grass,647,0,0,aiguestortes,1,2,tmin
HydroRipVeg,599,0,0,aiguestortes,1,2,tmin
RipF,223,0,0,aiguestortes,1,2,tmin
RockScreeVeg,60535,6,0.01,aiguestortes,1,2,tmin
Shrub,528,0,0,aiguestortes,1,2,tmin
TempDecF,913,0,0,aiguestortes,1,2,tmin
WaterSurf,4432,0,0,aiguestortes,1,2,tmin
AlpConF,47131,0,0,aiguestortes,1,3,tmin
AlpScrGr,90046,0,0,aiguestortes,1,3,tmin
Grass,650,0,0,aiguestortes,1,3,tmin
HydroRipVeg,599,0,0,aiguestortes,1,3,tmin
RipF,223,0,0,aiguestortes,1,3,tmin
RockScreeVeg,59792,0,0,aiguestortes,1,3,tmin
Shrub,528,0,0,aiguestortes,1,3,tmin
TempDecF,913,0,0,aiguestortes,1,3,tmin
WaterSurf,4426,0,0,aiguestortes,1,3,tmin
AlpConF,47129,0,0,aiguestortes,1,4,tmin
AlpScrGr,89976,0,0,aiguestortes,1,4,tmin
Grass,650,0,0,aiguestortes,1,4,tmin
HydroRipVeg,599,0,0,aiguestortes,1,4,tmin
RipF,223,0,0,aiguestortes,1,4,tmin
RockScreeVeg,59380,0,0,aiguestortes,1,4,tmin
Shrub,528,0,0,aiguestortes,1,4,tmin
TempDecF,913,0,0,aiguestortes,1,4,tmin
WaterSurf,4420,0,0,aiguestortes,1,4,tmin
AlpConF,47125,0,0,aiguestortes,1,5,tmin
AlpScrGr,89502,0,0,aiguestortes,1,5,tmin
Grass,650,0,0,aiguestortes,1,5,tmin
HydroRipVeg,599,0,0,aiguestortes,1,5,tmin
RipF,223,0,0,aiguestortes,1,5,tmin
RockScreeVeg,58338,0,0,aiguestortes,1,5,tmin
Shrub,528,0,0,aiguestortes,1,5,tmin
TempDecF,913,0,0,aiguestortes,1,5,tmin
WaterSurf,4420,0,0,aiguestortes,1,5,tmin
AlpConF,47156,0,0,aiguestortes,1,6,tmin
AlpScrGr,89985,0,0,aiguestortes,1,6,tmin
Grass,650,0,0,aiguestortes,1,6,tmin
HydroRipVeg,599,0,0,aiguestortes,1,6,tmin
RipF,223,0,0,aiguestortes,1,6,tmin
RockScreeVeg,59389,0,0,aiguestortes,1,6,tmin
Shrub,528,0,0,aiguestortes,1,6,tmin
TempDecF,913,0,0,aiguestortes,1,6,tmin
WaterSurf,4420,0,0,aiguestortes,1,6,tmin
AlpConF,47156,0,0,aiguestortes,1,7,tmin
AlpScrGr,90194,0,0,aiguestortes,1,7,tmin
Grass,650,0,0,aiguestortes,1,7,tmin
HydroRipVeg,599,0,0,aiguestortes,1,7,tmin
RipF,223,0,0,aiguestortes,1,7,tmin
RockScreeVeg,59993,0,0,aiguestortes,1,7,tmin
Shrub,528,0,0,aiguestortes,1,7,tmin
TempDecF,913,0,0,aiguestortes,1,7,tmin
WaterSurf,4420,0,0,aiguestortes,1,7,tmin
AlpConF,47156,0,0,aiguestortes,1,8,tmin
AlpScrGr,90902,0,0,aiguestortes,1,8,tmin
Grass,650,0,0,aiguestortes,1,8,tmin
HydroRipVeg,599,0,0,aiguestortes,1,8,tmin
RipF,223,0,0,aiguestortes,1,8,tmin
RockScreeVeg,61591,0,0,aiguestortes,1,8,tmin
Shrub,528,0,0,aiguestortes,1,8,tmin
TempDecF,913,0,0,aiguestortes,1,8,tmin
WaterSurf,4420,0,0,aiguestortes,1,8,tmin
AlpConF,47133,0,0,aiguestortes,1,9,tmin
AlpScrGr,91031,0,0,aiguestortes,1,9,tmin
Grass,650,0,0,aiguestortes,1,9,tmin
HydroRipVeg,599,0,0,aiguestortes,1,9,tmin
RipF,223,0,0,aiguestortes,1,9,tmin
RockScreeVeg,61732,0,0,aiguestortes,1,9,tmin
Shrub,528,0,0,aiguestortes,1,9,tmin
TempDecF,913,0,0,aiguestortes,1,9,tmin
WaterSurf,4423,0,0,aiguestortes,1,9,tmin
AlpConF,47131,0,0,aiguestortes,1,10,tmin
AlpScrGr,90476,0,0,aiguestortes,1,10,tmin
Grass,650,0,0,aiguestortes,1,10,tmin
HydroRipVeg,599,0,0,aiguestortes,1,10,tmin
RipF,223,0,0,aiguestortes,1,10,tmin
RockScreeVeg,60534,0,0,aiguestortes,1,10,tmin
Shrub,528,0,0,aiguestortes,1,10,tmin
TempDecF,913,0,0,aiguestortes,1,10,tmin
WaterSurf,4420,0,0,aiguestortes,1,10,tmin
AlpConF,47073,0,0,aiguestortes,1,11,tmin
AlpScrGr,89988,49,0.05,aiguestortes,1,11,tmin
Grass,648,0,0,aiguestortes,1,11,tmin
HydroRipVeg,599,0,0,aiguestortes,1,11,tmin
RipF,223,0,0,aiguestortes,1,11,tmin
RockScreeVeg,59406,21,0.04,aiguestortes,1,11,tmin
Shrub,528,0,0,aiguestortes,1,11,tmin
TempDecF,913,0,0,aiguestortes,1,11,tmin
WaterSurf,4420,1,0.02,aiguestortes,1,11,tmin
AlpConF,46858,0,0,aiguestortes,1,12,tmin
AlpScrGr,89999,0,0,aiguestortes,1,12,tmin
Grass,643,0,0,aiguestortes,1,12,tmin
HydroRipVeg,599,0,0,aiguestortes,1,12,tmin
RipF,223,0,0,aiguestortes,1,12,tmin
RockScreeVeg,59577,0,0,aiguestortes,1,12,tmin
Shrub,528,0,0,aiguestortes,1,12,tmin
TempDecF,904,0,0,aiguestortes,1,12,tmin
WaterSurf,4422,0,0,aiguestortes,1,12,tmin
AlpConF,47119,0,0,aiguestortes,3,1,tmin
AlpScrGr,90179,0,0,aiguestortes,3,1,tmin
Grass,649,0,0,aiguestortes,3,1,tmin
HydroRipVeg,599,0,0,aiguestortes,3,1,tmin
RipF,223,0,0,aiguestortes,3,1,tmin
RockScreeVeg,60305,0,0,aiguestortes,3,1,tmin
Shrub,528,0,0,aiguestortes,3,1,tmin
TempDecF,913,0,0,aiguestortes,3,1,tmin
WaterSurf,4432,0,0,aiguestortes,3,1,tmin
AlpConF,47129,0,0,aiguestortes,3,2,tmin
AlpScrGr,90472,1,0,aiguestortes,3,2,tmin
Grass,647,0,0,aiguestortes,3,2,tmin
HydroRipVeg,599,0,0,aiguestortes,3,2,tmin
RipF,223,0,0,aiguestortes,3,2,tmin
RockScreeVeg,60535,0,0,aiguestortes,3,2,tmin
Shrub,528,0,0,aiguestortes,3,2,tmin
TempDecF,913,0,0,aiguestortes,3,2,tmin
WaterSurf,4432,0,0,aiguestortes,3,2,tmin
AlpConF,47131,0,0,aiguestortes,3,3,tmin
AlpScrGr,90046,0,0,aiguestortes,3,3,tmin
Grass,650,0,0,aiguestortes,3,3,tmin
HydroRipVeg,599,0,0,aiguestortes,3,3,tmin
RipF,223,0,0,aiguestortes,3,3,tmin
RockScreeVeg,59792,0,0,aiguestortes,3,3,tmin
Shrub,528,0,0,aiguestortes,3,3,tmin
TempDecF,913,0,0,aiguestortes,3,3,tmin
WaterSurf,4426,0,0,aiguestortes,3,3,tmin
AlpConF,47129,0,0,aiguestortes,3,4,tmin
AlpScrGr,89976,0,0,aiguestortes,3,4,tmin
Grass,650,0,0,aiguestortes,3,4,tmin
HydroRipVeg,599,0,0,aiguestortes,3,4,tmin
RipF,223,0,0,aiguestortes,3,4,tmin
RockScreeVeg,59380,0,0,aiguestortes,3,4,tmin
Shrub,528,0,0,aiguestortes,3,4,tmin
TempDecF,913,0,0,aiguestortes,3,4,tmin
WaterSurf,4420,0,0,aiguestortes,3,4,tmin
AlpConF,47125,0,0,aiguestortes,3,5,tmin
AlpScrGr,89502,0,0,aiguestortes,3,5,tmin
Grass,650,0,0,aiguestortes,3,5,tmin
HydroRipVeg,599,0,0,aiguestortes,3,5,tmin
RipF,223,0,0,aiguestortes,3,5,tmin
RockScreeVeg,58338,0,0,aiguestortes,3,5,tmin
Shrub,528,0,0,aiguestortes,3,5,tmin
TempDecF,913,0,0,aiguestortes,3,5,tmin
WaterSurf,4420,0,0,aiguestortes,3,5,tmin
AlpConF,47156,0,0,aiguestortes,3,6,tmin
AlpScrGr,89985,2,0,aiguestortes,3,6,tmin
Grass,650,0,0,aiguestortes,3,6,tmin
HydroRipVeg,599,0,0,aiguestortes,3,6,tmin
RipF,223,0,0,aiguestortes,3,6,tmin
RockScreeVeg,59389,2,0,aiguestortes,3,6,tmin
Shrub,528,0,0,aiguestortes,3,6,tmin
TempDecF,913,0,0,aiguestortes,3,6,tmin
WaterSurf,4420,0,0,aiguestortes,3,6,tmin
AlpConF,47156,0,0,aiguestortes,3,7,tmin
AlpScrGr,90194,0,0,aiguestortes,3,7,tmin
Grass,650,0,0,aiguestortes,3,7,tmin
HydroRipVeg,599,0,0,aiguestortes,3,7,tmin
RipF,223,0,0,aiguestortes,3,7,tmin
RockScreeVeg,59993,0,0,aiguestortes,3,7,tmin
Shrub,528,0,0,aiguestortes,3,7,tmin
TempDecF,913,0,0,aiguestortes,3,7,tmin
WaterSurf,4420,0,0,aiguestortes,3,7,tmin
AlpConF,47156,4,0.01,aiguestortes,3,8,tmin
AlpScrGr,90902,3,0,aiguestortes,3,8,tmin
Grass,650,0,0,aiguestortes,3,8,tmin
HydroRipVeg,599,0,0,aiguestortes,3,8,tmin
RipF,223,0,0,aiguestortes,3,8,tmin
RockScreeVeg,61591,9,0.01,aiguestortes,3,8,tmin
Shrub,528,0,0,aiguestortes,3,8,tmin
TempDecF,913,0,0,aiguestortes,3,8,tmin
WaterSurf,4420,2,0.05,aiguestortes,3,8,tmin
AlpConF,47133,0,0,aiguestortes,3,9,tmin
AlpScrGr,91031,0,0,aiguestortes,3,9,tmin
Grass,650,0,0,aiguestortes,3,9,tmin
HydroRipVeg,599,0,0,aiguestortes,3,9,tmin
RipF,223,0,0,aiguestortes,3,9,tmin
RockScreeVeg,61732,0,0,aiguestortes,3,9,tmin
Shrub,528,0,0,aiguestortes,3,9,tmin
TempDecF,913,0,0,aiguestortes,3,9,tmin
WaterSurf,4423,0,0,aiguestortes,3,9,tmin
AlpConF,47131,0,0,aiguestortes,3,10,tmin
AlpScrGr,90476,0,0,aiguestortes,3,10,tmin
Grass,650,0,0,aiguestortes,3,10,tmin
HydroRipVeg,599,0,0,aiguestortes,3,10,tmin
RipF,223,0,0,aiguestortes,3,10,tmin
RockScreeVeg,60534,0,0,aiguestortes,3,10,tmin
Shrub,528,0,0,aiguestortes,3,10,tmin
TempDecF,913,0,0,aiguestortes,3,10,tmin
WaterSurf,4420,0,0,aiguestortes,3,10,tmin
AlpConF,47073,0,0,aiguestortes,3,11,tmin
AlpScrGr,89988,0,0,aiguestortes,3,11,tmin
Grass,648,0,0,aiguestortes,3,11,tmin
HydroRipVeg,599,0,0,aiguestortes,3,11,tmin
RipF,223,0,0,aiguestortes,3,11,tmin
RockScreeVeg,59406,0,0,aiguestortes,3,11,tmin
Shrub,528,0,0,aiguestortes,3,11,tmin
TempDecF,913,0,0,aiguestortes,3,11,tmin
WaterSurf,4420,0,0,aiguestortes,3,11,tmin
AlpConF,46858,0,0,aiguestortes,3,12,tmin
AlpScrGr,89999,0,0,aiguestortes,3,12,tmin
Grass,643,0,0,aiguestortes,3,12,tmin
HydroRipVeg,599,0,0,aiguestortes,3,12,tmin
RipF,223,0,0,aiguestortes,3,12,tmin
RockScreeVeg,59577,0,0,aiguestortes,3,12,tmin
Shrub,528,0,0,aiguestortes,3,12,tmin
TempDecF,904,0,0,aiguestortes,3,12,tmin
WaterSurf,4422,0,0,aiguestortes,3,12,tmin
AlpConF,47119,0,0,aiguestortes,6,1,tmin
AlpScrGr,90179,0,0,aiguestortes,6,1,tmin
Grass,649,0,0,aiguestortes,6,1,tmin
HydroRipVeg,599,0,0,aiguestortes,6,1,tmin
RipF,223,0,0,aiguestortes,6,1,tmin
RockScreeVeg,60305,0,0,aiguestortes,6,1,tmin
Shrub,528,0,0,aiguestortes,6,1,tmin
TempDecF,913,0,0,aiguestortes,6,1,tmin
WaterSurf,4432,0,0,aiguestortes,6,1,tmin
AlpConF,47129,0,0,aiguestortes,6,2,tmin
AlpScrGr,90472,0,0,aiguestortes,6,2,tmin
Grass,647,0,0,aiguestortes,6,2,tmin
HydroRipVeg,599,0,0,aiguestortes,6,2,tmin
RipF,223,0,0,aiguestortes,6,2,tmin
RockScreeVeg,60535,0,0,aiguestortes,6,2,tmin
Shrub,528,0,0,aiguestortes,6,2,tmin
TempDecF,913,0,0,aiguestortes,6,2,tmin
WaterSurf,4432,0,0,aiguestortes,6,2,tmin
AlpConF,47131,0,0,aiguestortes,6,3,tmin
AlpScrGr,90046,0,0,aiguestortes,6,3,tmin
Grass,650,0,0,aiguestortes,6,3,tmin
HydroRipVeg,599,0,0,aiguestortes,6,3,tmin
RipF,223,0,0,aiguestortes,6,3,tmin
RockScreeVeg,59792,0,0,aiguestortes,6,3,tmin
Shrub,528,0,0,aiguestortes,6,3,tmin
TempDecF,913,0,0,aiguestortes,6,3,tmin
WaterSurf,4426,0,0,aiguestortes,6,3,tmin
AlpConF,47129,0,0,aiguestortes,6,4,tmin
AlpScrGr,89976,0,0,aiguestortes,6,4,tmin
Grass,650,0,0,aiguestortes,6,4,tmin
HydroRipVeg,599,0,0,aiguestortes,6,4,tmin
RipF,223,0,0,aiguestortes,6,4,tmin
RockScreeVeg,59380,0,0,aiguestortes,6,4,tmin
Shrub,528,0,0,aiguestortes,6,4,tmin
TempDecF,913,0,0,aiguestortes,6,4,tmin
WaterSurf,4420,0,0,aiguestortes,6,4,tmin
AlpConF,47125,0,0,aiguestortes,6,5,tmin
AlpScrGr,89502,0,0,aiguestortes,6,5,tmin
Grass,650,0,0,aiguestortes,6,5,tmin
HydroRipVeg,599,0,0,aiguestortes,6,5,tmin
RipF,223,0,0,aiguestortes,6,5,tmin
RockScreeVeg,58338,0,0,aiguestortes,6,5,tmin
Shrub,528,0,0,aiguestortes,6,5,tmin
TempDecF,913,0,0,aiguestortes,6,5,tmin
WaterSurf,4420,0,0,aiguestortes,6,5,tmin
AlpConF,47156,0,0,aiguestortes,6,6,tmin
AlpScrGr,89985,1,0,aiguestortes,6,6,tmin
Grass,650,0,0,aiguestortes,6,6,tmin
HydroRipVeg,599,0,0,aiguestortes,6,6,tmin
RipF,223,0,0,aiguestortes,6,6,tmin
RockScreeVeg,59389,1,0,aiguestortes,6,6,tmin
Shrub,528,0,0,aiguestortes,6,6,tmin
TempDecF,913,0,0,aiguestortes,6,6,tmin
WaterSurf,4420,0,0,aiguestortes,6,6,tmin
AlpConF,47156,0,0,aiguestortes,6,7,tmin
AlpScrGr,90194,0,0,aiguestortes,6,7,tmin
Grass,650,0,0,aiguestortes,6,7,tmin
HydroRipVeg,599,0,0,aiguestortes,6,7,tmin
RipF,223,0,0,aiguestortes,6,7,tmin
RockScreeVeg,59993,0,0,aiguestortes,6,7,tmin
Shrub,528,0,0,aiguestortes,6,7,tmin
TempDecF,913,0,0,aiguestortes,6,7,tmin
WaterSurf,4420,0,0,aiguestortes,6,7,tmin
AlpConF,47156,0,0,aiguestortes,6,8,tmin
AlpScrGr,90902,0,0,aiguestortes,6,8,tmin
Grass,650,0,0,aiguestortes,6,8,tmin
HydroRipVeg,599,0,0,aiguestortes,6,8,tmin
RipF,223,0,0,aiguestortes,6,8,tmin
RockScreeVeg,61591,0,0,aiguestortes,6,8,tmin
Shrub,528,0,0,aiguestortes,6,8,tmin
TempDecF,913,0,0,aiguestortes,6,8,tmin
WaterSurf,4420,0,0,aiguestortes,6,8,tmin
AlpConF,47133,0,0,aiguestortes,6,9,tmin
AlpScrGr,91031,0,0,aiguestortes,6,9,tmin
Grass,650,0,0,aiguestortes,6,9,tmin
HydroRipVeg,599,0,0,aiguestortes,6,9,tmin
RipF,223,0,0,aiguestortes,6,9,tmin
RockScreeVeg,61732,0,0,aiguestortes,6,9,tmin
Shrub,528,0,0,aiguestortes,6,9,tmin
TempDecF,913,0,0,aiguestortes,6,9,tmin
WaterSurf,4423,0,0,aiguestortes,6,9,tmin
AlpConF,47131,0,0,aiguestortes,6,10,tmin
AlpScrGr,90476,0,0,aiguestortes,6,10,tmin
Grass,650,0,0,aiguestortes,6,10,tmin
HydroRipVeg,599,0,0,aiguestortes,6,10,tmin
RipF,223,0,0,aiguestortes,6,10,tmin
RockScreeVeg,60534,0,0,aiguestortes,6,10,tmin
Shrub,528,0,0,aiguestortes,6,10,tmin
TempDecF,913,0,0,aiguestortes,6,10,tmin
WaterSurf,4420,0,0,aiguestortes,6,10,tmin
AlpConF,47073,0,0,aiguestortes,6,11,tmin
AlpScrGr,89988,0,0,aiguestortes,6,11,tmin
Grass,648,0,0,aiguestortes,6,11,tmin
HydroRipVeg,599,0,0,aiguestortes,6,11,tmin
RipF,223,0,0,aiguestortes,6,11,tmin
RockScreeVeg,59406,0,0,aiguestortes,6,11,tmin
Shrub,528,0,0,aiguestortes,6,11,tmin
TempDecF,913,0,0,aiguestortes,6,11,tmin
WaterSurf,4420,0,0,aiguestortes,6,11,tmin
AlpConF,46858,0,0,aiguestortes,6,12,tmin
AlpScrGr,89999,8,0.01,aiguestortes,6,12,tmin
Grass,643,0,0,aiguestortes,6,12,tmin
HydroRipVeg,599,0,0,aiguestortes,6,12,tmin
RipF,223,0,0,aiguestortes,6,12,tmin
RockScreeVeg,59577,0,0,aiguestortes,6,12,tmin
Shrub,528,0,0,aiguestortes,6,12,tmin
TempDecF,904,0,0,aiguestortes,6,12,tmin
WaterSurf,4422,0,0,aiguestortes,6,12,tmin
AlpConF,47119,0,0,aiguestortes,9,1,tmin
AlpScrGr,90179,0,0,aiguestortes,9,1,tmin
Grass,649,0,0,aiguestortes,9,1,tmin
HydroRipVeg,599,0,0,aiguestortes,9,1,tmin
RipF,223,0,0,aiguestortes,9,1,tmin
RockScreeVeg,60305,0,0,aiguestortes,9,1,tmin
Shrub,528,0,0,aiguestortes,9,1,tmin
TempDecF,913,0,0,aiguestortes,9,1,tmin
WaterSurf,4432,0,0,aiguestortes,9,1,tmin
AlpConF,47129,0,0,aiguestortes,9,2,tmin
AlpScrGr,90472,0,0,aiguestortes,9,2,tmin
Grass,647,0,0,aiguestortes,9,2,tmin
HydroRipVeg,599,0,0,aiguestortes,9,2,tmin
RipF,223,0,0,aiguestortes,9,2,tmin
RockScreeVeg,60535,0,0,aiguestortes,9,2,tmin
Shrub,528,0,0,aiguestortes,9,2,tmin
TempDecF,913,0,0,aiguestortes,9,2,tmin
WaterSurf,4432,0,0,aiguestortes,9,2,tmin
AlpConF,47131,0,0,aiguestortes,9,3,tmin
AlpScrGr,90046,0,0,aiguestortes,9,3,tmin
Grass,650,0,0,aiguestortes,9,3,tmin
HydroRipVeg,599,0,0,aiguestortes,9,3,tmin
RipF,223,0,0,aiguestortes,9,3,tmin
RockScreeVeg,59792,0,0,aiguestortes,9,3,tmin
Shrub,528,0,0,aiguestortes,9,3,tmin
TempDecF,913,0,0,aiguestortes,9,3,tmin
WaterSurf,4426,0,0,aiguestortes,9,3,tmin
AlpConF,47129,0,0,aiguestortes,9,4,tmin
AlpScrGr,89976,0,0,aiguestortes,9,4,tmin
Grass,650,0,0,aiguestortes,9,4,tmin
HydroRipVeg,599,0,0,aiguestortes,9,4,tmin
RipF,223,0,0,aiguestortes,9,4,tmin
RockScreeVeg,59380,0,0,aiguestortes,9,4,tmin
Shrub,528,0,0,aiguestortes,9,4,tmin
TempDecF,913,0,0,aiguestortes,9,4,tmin
WaterSurf,4420,0,0,aiguestortes,9,4,tmin
AlpConF,47125,0,0,aiguestortes,9,5,tmin
AlpScrGr,89502,0,0,aiguestortes,9,5,tmin
Grass,650,0,0,aiguestortes,9,5,tmin
HydroRipVeg,599,0,0,aiguestortes,9,5,tmin
RipF,223,0,0,aiguestortes,9,5,tmin
RockScreeVeg,58338,0,0,aiguestortes,9,5,tmin
Shrub,528,0,0,aiguestortes,9,5,tmin
TempDecF,913,0,0,aiguestortes,9,5,tmin
WaterSurf,4420,0,0,aiguestortes,9,5,tmin
AlpConF,47156,0,0,aiguestortes,9,6,tmin
AlpScrGr,89985,0,0,aiguestortes,9,6,tmin
Grass,650,0,0,aiguestortes,9,6,tmin
HydroRipVeg,599,0,0,aiguestortes,9,6,tmin
RipF,223,0,0,aiguestortes,9,6,tmin
RockScreeVeg,59389,0,0,aiguestortes,9,6,tmin
Shrub,528,0,0,aiguestortes,9,6,tmin
TempDecF,913,0,0,aiguestortes,9,6,tmin
WaterSurf,4420,0,0,aiguestortes,9,6,tmin
AlpConF,47156,0,0,aiguestortes,9,7,tmin
AlpScrGr,90194,0,0,aiguestortes,9,7,tmin
Grass,650,0,0,aiguestortes,9,7,tmin
HydroRipVeg,599,0,0,aiguestortes,9,7,tmin
RipF,223,0,0,aiguestortes,9,7,tmin
RockScreeVeg,59993,0,0,aiguestortes,9,7,tmin
Shrub,528,0,0,aiguestortes,9,7,tmin
TempDecF,913,0,0,aiguestortes,9,7,tmin
WaterSurf,4420,0,0,aiguestortes,9,7,tmin
AlpConF,47156,0,0,aiguestortes,9,8,tmin
AlpScrGr,90902,0,0,aiguestortes,9,8,tmin
Grass,650,0,0,aiguestortes,9,8,tmin
HydroRipVeg,599,0,0,aiguestortes,9,8,tmin
RipF,223,0,0,aiguestortes,9,8,tmin
RockScreeVeg,61591,0,0,aiguestortes,9,8,tmin
Shrub,528,0,0,aiguestortes,9,8,tmin
TempDecF,913,0,0,aiguestortes,9,8,tmin
WaterSurf,4420,0,0,aiguestortes,9,8,tmin
AlpConF,47133,0,0,aiguestortes,9,9,tmin
AlpScrGr,91031,0,0,aiguestortes,9,9,tmin
Grass,650,0,0,aiguestortes,9,9,tmin
HydroRipVeg,599,0,0,aiguestortes,9,9,tmin
RipF,223,0,0,aiguestortes,9,9,tmin
RockScreeVeg,61732,0,0,aiguestortes,9,9,tmin
Shrub,528,0,0,aiguestortes,9,9,tmin
TempDecF,913,0,0,aiguestortes,9,9,tmin
WaterSurf,4423,0,0,aiguestortes,9,9,tmin
AlpConF,47131,0,0,aiguestortes,9,10,tmin
AlpScrGr,90476,0,0,aiguestortes,9,10,tmin
Grass,650,0,0,aiguestortes,9,10,tmin
HydroRipVeg,599,0,0,aiguestortes,9,10,tmin
RipF,223,0,0,aiguestortes,9,10,tmin
RockScreeVeg,60534,0,0,aiguestortes,9,10,tmin
Shrub,528,0,0,aiguestortes,9,10,tmin
TempDecF,913,0,0,aiguestortes,9,10,tmin
WaterSurf,4420,0,0,aiguestortes,9,10,tmin
AlpConF,47073,0,0,aiguestortes,9,11,tmin
AlpScrGr,89988,0,0,aiguestortes,9,11,tmin
Grass,648,0,0,aiguestortes,9,11,tmin
HydroRipVeg,599,0,0,aiguestortes,9,11,tmin
RipF,223,0,0,aiguestortes,9,11,tmin
RockScreeVeg,59406,0,0,aiguestortes,9,11,tmin
Shrub,528,0,0,aiguestortes,9,11,tmin
TempDecF,913,0,0,aiguestortes,9,11,tmin
WaterSurf,4420,0,0,aiguestortes,9,11,tmin
AlpConF,46858,0,0,aiguestortes,9,12,tmin
AlpScrGr,89999,0,0,aiguestortes,9,12,tmin
Grass,643,0,0,aiguestortes,9,12,tmin
HydroRipVeg,599,0,0,aiguestortes,9,12,tmin
RipF,223,0,0,aiguestortes,9,12,tmin
RockScreeVeg,59577,0,0,aiguestortes,9,12,tmin
Shrub,528,0,0,aiguestortes,9,12,tmin
TempDecF,904,0,0,aiguestortes,9,12,tmin
WaterSurf,4422,0,0,aiguestortes,9,12,tmin
AlpConF,47119,0,0,aiguestortes,12,1,tmin
AlpScrGr,90179,0,0,aiguestortes,12,1,tmin
Grass,649,0,0,aiguestortes,12,1,tmin
HydroRipVeg,599,0,0,aiguestortes,12,1,tmin
RipF,223,0,0,aiguestortes,12,1,tmin
RockScreeVeg,60305,0,0,aiguestortes,12,1,tmin
Shrub,528,0,0,aiguestortes,12,1,tmin
TempDecF,913,0,0,aiguestortes,12,1,tmin
WaterSurf,4432,0,0,aiguestortes,12,1,tmin
AlpConF,47129,0,0,aiguestortes,12,2,tmin
AlpScrGr,90472,0,0,aiguestortes,12,2,tmin
Grass,647,0,0,aiguestortes,12,2,tmin
HydroRipVeg,599,0,0,aiguestortes,12,2,tmin
RipF,223,0,0,aiguestortes,12,2,tmin
RockScreeVeg,60535,0,0,aiguestortes,12,2,tmin
Shrub,528,0,0,aiguestortes,12,2,tmin
TempDecF,913,0,0,aiguestortes,12,2,tmin
WaterSurf,4432,0,0,aiguestortes,12,2,tmin
AlpConF,47131,0,0,aiguestortes,12,3,tmin
AlpScrGr,90046,0,0,aiguestortes,12,3,tmin
Grass,650,0,0,aiguestortes,12,3,tmin
HydroRipVeg,599,0,0,aiguestortes,12,3,tmin
RipF,223,0,0,aiguestortes,12,3,tmin
RockScreeVeg,59792,0,0,aiguestortes,12,3,tmin
Shrub,528,0,0,aiguestortes,12,3,tmin
TempDecF,913,0,0,aiguestortes,12,3,tmin
WaterSurf,4426,0,0,aiguestortes,12,3,tmin
AlpConF,47129,0,0,aiguestortes,12,4,tmin
AlpScrGr,89976,0,0,aiguestortes,12,4,tmin
Grass,650,0,0,aiguestortes,12,4,tmin
HydroRipVeg,599,0,0,aiguestortes,12,4,tmin
RipF,223,0,0,aiguestortes,12,4,tmin
RockScreeVeg,59380,0,0,aiguestortes,12,4,tmin
Shrub,528,0,0,aiguestortes,12,4,tmin
TempDecF,913,0,0,aiguestortes,12,4,tmin
WaterSurf,4420,0,0,aiguestortes,12,4,tmin
AlpConF,47125,0,0,aiguestortes,12,5,tmin
AlpScrGr,89502,0,0,aiguestortes,12,5,tmin
Grass,650,0,0,aiguestortes,12,5,tmin
HydroRipVeg,599,0,0,aiguestortes,12,5,tmin
RipF,223,0,0,aiguestortes,12,5,tmin
RockScreeVeg,58338,0,0,aiguestortes,12,5,tmin
Shrub,528,0,0,aiguestortes,12,5,tmin
TempDecF,913,0,0,aiguestortes,12,5,tmin
WaterSurf,4420,0,0,aiguestortes,12,5,tmin
AlpConF,47156,0,0,aiguestortes,12,6,tmin
AlpScrGr,89985,0,0,aiguestortes,12,6,tmin
Grass,650,0,0,aiguestortes,12,6,tmin
HydroRipVeg,599,0,0,aiguestortes,12,6,tmin
RipF,223,0,0,aiguestortes,12,6,tmin
RockScreeVeg,59389,0,0,aiguestortes,12,6,tmin
Shrub,528,0,0,aiguestortes,12,6,tmin
TempDecF,913,0,0,aiguestortes,12,6,tmin
WaterSurf,4420,0,0,aiguestortes,12,6,tmin
AlpConF,47156,0,0,aiguestortes,12,7,tmin
AlpScrGr,90194,0,0,aiguestortes,12,7,tmin
Grass,650,0,0,aiguestortes,12,7,tmin
HydroRipVeg,599,0,0,aiguestortes,12,7,tmin
RipF,223,0,0,aiguestortes,12,7,tmin
RockScreeVeg,59993,0,0,aiguestortes,12,7,tmin
Shrub,528,0,0,aiguestortes,12,7,tmin
TempDecF,913,0,0,aiguestortes,12,7,tmin
WaterSurf,4420,0,0,aiguestortes,12,7,tmin
AlpConF,47156,0,0,aiguestortes,12,8,tmin
AlpScrGr,90902,0,0,aiguestortes,12,8,tmin
Grass,650,0,0,aiguestortes,12,8,tmin
HydroRipVeg,599,0,0,aiguestortes,12,8,tmin
RipF,223,0,0,aiguestortes,12,8,tmin
RockScreeVeg,61591,0,0,aiguestortes,12,8,tmin
Shrub,528,0,0,aiguestortes,12,8,tmin
TempDecF,913,0,0,aiguestortes,12,8,tmin
WaterSurf,4420,0,0,aiguestortes,12,8,tmin
AlpConF,47133,0,0,aiguestortes,12,9,tmin
AlpScrGr,91031,0,0,aiguestortes,12,9,tmin
Grass,650,0,0,aiguestortes,12,9,tmin
HydroRipVeg,599,0,0,aiguestortes,12,9,tmin
RipF,223,0,0,aiguestortes,12,9,tmin
RockScreeVeg,61732,0,0,aiguestortes,12,9,tmin
Shrub,528,0,0,aiguestortes,12,9,tmin
TempDecF,913,0,0,aiguestortes,12,9,tmin
WaterSurf,4423,0,0,aiguestortes,12,9,tmin
AlpConF,47131,0,0,aiguestortes,12,10,tmin
AlpScrGr,90476,0,0,aiguestortes,12,10,tmin
Grass,650,0,0,aiguestortes,12,10,tmin
HydroRipVeg,599,0,0,aiguestortes,12,10,tmin
RipF,223,0,0,aiguestortes,12,10,tmin
RockScreeVeg,60534,0,0,aiguestortes,12,10,tmin
Shrub,528,0,0,aiguestortes,12,10,tmin
TempDecF,913,0,0,aiguestortes,12,10,tmin
WaterSurf,4420,0,0,aiguestortes,12,10,tmin
AlpConF,47073,0,0,aiguestortes,12,11,tmin
AlpScrGr,89988,0,0,aiguestortes,12,11,tmin
Grass,648,0,0,aiguestortes,12,11,tmin
HydroRipVeg,599,0,0,aiguestortes,12,11,tmin
RipF,223,0,0,aiguestortes,12,11,tmin
RockScreeVeg,59406,0,0,aiguestortes,12,11,tmin
Shrub,528,0,0,aiguestortes,12,11,tmin
TempDecF,913,0,0,aiguestortes,12,11,tmin
WaterSurf,4420,0,0,aiguestortes,12,11,tmin
AlpConF,46858,0,0,aiguestortes,12,12,tmin
AlpScrGr,89999,0,0,aiguestortes,12,12,tmin
Grass,643,0,0,aiguestortes,12,12,tmin
HydroRipVeg,599,0,0,aiguestortes,12,12,tmin
RipF,223,0,0,aiguestortes,12,12,tmin
RockScreeVeg,59577,0,0,aiguestortes,12,12,tmin
Shrub,528,0,0,aiguestortes,12,12,tmin
TempDecF,904,0,0,aiguestortes,12,12,tmin
WaterSurf,4422,0,0,aiguestortes,12,12,tmin
ArtSurf,7418,0,0,cabaneros,1,1,tmin
Crop,2473,0,0,cabaneros,1,1,tmin
Dehesa,36272,0,0,cabaneros,1,1,tmin
Grass,52784,0,0,cabaneros,1,1,tmin
HydroRipVeg,554,0,0,cabaneros,1,1,tmin
MedConF,35896,0,0,cabaneros,1,1,tmin
MedSclF,158690,0,0,cabaneros,1,1,tmin
MedScrub,187005,0,0,cabaneros,1,1,tmin
Reforestation,57,0,0,cabaneros,1,1,tmin
RipF,4764,0,0,cabaneros,1,1,tmin
RockScreeVeg,11067,0,0,cabaneros,1,1,tmin
SMedMarF,69447,0,0,cabaneros,1,1,tmin
Shrub,21978,0,0,cabaneros,1,1,tmin
WaterSurf,177,0,0,cabaneros,1,1,tmin
ArtSurf,7418,0,0,cabaneros,1,2,tmin
Crop,2473,0,0,cabaneros,1,2,tmin
Dehesa,36272,0,0,cabaneros,1,2,tmin
Grass,52784,0,0,cabaneros,1,2,tmin
HydroRipVeg,554,0,0,cabaneros,1,2,tmin
MedConF,35896,0,0,cabaneros,1,2,tmin
MedSclF,158690,0,0,cabaneros,1,2,tmin
MedScrub,187005,0,0,cabaneros,1,2,tmin
Reforestation,57,0,0,cabaneros,1,2,tmin
RipF,4764,0,0,cabaneros,1,2,tmin
RockScreeVeg,11067,0,0,cabaneros,1,2,tmin
SMedMarF,69447,0,0,cabaneros,1,2,tmin
Shrub,21978,0,0,cabaneros,1,2,tmin
WaterSurf,177,0,0,cabaneros,1,2,tmin
ArtSurf,7418,0,0,cabaneros,1,3,tmin
Crop,2473,0,0,cabaneros,1,3,tmin
Dehesa,36272,0,0,cabaneros,1,3,tmin
Grass,52784,0,0,cabaneros,1,3,tmin
HydroRipVeg,554,0,0,cabaneros,1,3,tmin
MedConF,35896,0,0,cabaneros,1,3,tmin
MedSclF,158690,0,0,cabaneros,1,3,tmin
MedScrub,187005,0,0,cabaneros,1,3,tmin
Reforestation,57,0,0,cabaneros,1,3,tmin
RipF,4764,0,0,cabaneros,1,3,tmin
RockScreeVeg,11067,0,0,cabaneros,1,3,tmin
SMedMarF,69447,0,0,cabaneros,1,3,tmin
Shrub,21978,0,0,cabaneros,1,3,tmin
WaterSurf,177,0,0,cabaneros,1,3,tmin
ArtSurf,7418,0,0,cabaneros,1,4,tmin
Crop,2473,0,0,cabaneros,1,4,tmin
Dehesa,36272,0,0,cabaneros,1,4,tmin
Grass,52784,0,0,cabaneros,1,4,tmin
HydroRipVeg,554,0,0,cabaneros,1,4,tmin
MedConF,35896,0,0,cabaneros,1,4,tmin
MedSclF,158690,0,0,cabaneros,1,4,tmin
MedScrub,187005,0,0,cabaneros,1,4,tmin
Reforestation,57,0,0,cabaneros,1,4,tmin
RipF,4764,0,0,cabaneros,1,4,tmin
RockScreeVeg,11067,0,0,cabaneros,1,4,tmin
SMedMarF,69447,0,0,cabaneros,1,4,tmin
Shrub,21978,0,0,cabaneros,1,4,tmin
WaterSurf,177,0,0,cabaneros,1,4,tmin
ArtSurf,7418,0,0,cabaneros,1,5,tmin
Crop,2473,0,0,cabaneros,1,5,tmin
Dehesa,36272,0,0,cabaneros,1,5,tmin
Grass,52784,0,0,cabaneros,1,5,tmin
HydroRipVeg,554,0,0,cabaneros,1,5,tmin
MedConF,35896,0,0,cabaneros,1,5,tmin
MedSclF,158690,0,0,cabaneros,1,5,tmin
MedScrub,187005,0,0,cabaneros,1,5,tmin
Reforestation,57,0,0,cabaneros,1,5,tmin
RipF,4764,0,0,cabaneros,1,5,tmin
RockScreeVeg,11067,0,0,cabaneros,1,5,tmin
SMedMarF,69447,0,0,cabaneros,1,5,tmin
Shrub,21978,0,0,cabaneros,1,5,tmin
WaterSurf,177,0,0,cabaneros,1,5,tmin
ArtSurf,7418,0,0,cabaneros,1,6,tmin
Crop,2473,0,0,cabaneros,1,6,tmin
Dehesa,36272,0,0,cabaneros,1,6,tmin
Grass,52784,0,0,cabaneros,1,6,tmin
HydroRipVeg,554,0,0,cabaneros,1,6,tmin
MedConF,35896,0,0,cabaneros,1,6,tmin
MedSclF,158690,0,0,cabaneros,1,6,tmin
MedScrub,187005,0,0,cabaneros,1,6,tmin
Reforestation,57,0,0,cabaneros,1,6,tmin
RipF,4764,0,0,cabaneros,1,6,tmin
RockScreeVeg,11067,0,0,cabaneros,1,6,tmin
SMedMarF,69447,0,0,cabaneros,1,6,tmin
Shrub,21978,0,0,cabaneros,1,6,tmin
WaterSurf,177,0,0,cabaneros,1,6,tmin
ArtSurf,7418,0,0,cabaneros,1,7,tmin
Crop,2473,0,0,cabaneros,1,7,tmin
Dehesa,36272,0,0,cabaneros,1,7,tmin
Grass,52784,0,0,cabaneros,1,7,tmin
HydroRipVeg,554,0,0,cabaneros,1,7,tmin
MedConF,35896,0,0,cabaneros,1,7,tmin
MedSclF,158690,0,0,cabaneros,1,7,tmin
MedScrub,187005,0,0,cabaneros,1,7,tmin
Reforestation,57,0,0,cabaneros,1,7,tmin
RipF,4764,0,0,cabaneros,1,7,tmin
RockScreeVeg,11067,0,0,cabaneros,1,7,tmin
SMedMarF,69447,0,0,cabaneros,1,7,tmin
Shrub,21978,0,0,cabaneros,1,7,tmin
WaterSurf,177,0,0,cabaneros,1,7,tmin
ArtSurf,7418,0,0,cabaneros,1,8,tmin
Crop,2473,0,0,cabaneros,1,8,tmin
Dehesa,36272,0,0,cabaneros,1,8,tmin
Grass,52784,0,0,cabaneros,1,8,tmin
HydroRipVeg,554,0,0,cabaneros,1,8,tmin
MedConF,35896,0,0,cabaneros,1,8,tmin
MedSclF,158690,0,0,cabaneros,1,8,tmin
MedScrub,187005,0,0,cabaneros,1,8,tmin
Reforestation,57,0,0,cabaneros,1,8,tmin
RipF,4764,0,0,cabaneros,1,8,tmin
RockScreeVeg,11067,0,0,cabaneros,1,8,tmin
SMedMarF,69447,0,0,cabaneros,1,8,tmin
Shrub,21978,0,0,cabaneros,1,8,tmin
WaterSurf,177,0,0,cabaneros,1,8,tmin
ArtSurf,7418,0,0,cabaneros,1,9,tmin
Crop,2473,0,0,cabaneros,1,9,tmin
Dehesa,36272,0,0,cabaneros,1,9,tmin
Grass,52784,0,0,cabaneros,1,9,tmin
HydroRipVeg,554,0,0,cabaneros,1,9,tmin
MedConF,35896,0,0,cabaneros,1,9,tmin
MedSclF,158690,0,0,cabaneros,1,9,tmin
MedScrub,187005,0,0,cabaneros,1,9,tmin
Reforestation,57,0,0,cabaneros,1,9,tmin
RipF,4764,0,0,cabaneros,1,9,tmin
RockScreeVeg,11067,0,0,cabaneros,1,9,tmin
SMedMarF,69447,0,0,cabaneros,1,9,tmin
Shrub,21978,0,0,cabaneros,1,9,tmin
WaterSurf,177,0,0,cabaneros,1,9,tmin
ArtSurf,7418,0,0,cabaneros,1,10,tmin
Crop,2473,0,0,cabaneros,1,10,tmin
Dehesa,36272,0,0,cabaneros,1,10,tmin
Grass,52784,0,0,cabaneros,1,10,tmin
HydroRipVeg,554,0,0,cabaneros,1,10,tmin
MedConF,35896,0,0,cabaneros,1,10,tmin
MedSclF,158690,0,0,cabaneros,1,10,tmin
MedScrub,187005,0,0,cabaneros,1,10,tmin
Reforestation,57,0,0,cabaneros,1,10,tmin
RipF,4764,0,0,cabaneros,1,10,tmin
RockScreeVeg,11067,0,0,cabaneros,1,10,tmin
SMedMarF,69447,0,0,cabaneros,1,10,tmin
Shrub,21978,0,0,cabaneros,1,10,tmin
WaterSurf,177,0,0,cabaneros,1,10,tmin
ArtSurf,7418,0,0,cabaneros,1,11,tmin
Crop,2473,0,0,cabaneros,1,11,tmin
Dehesa,36272,0,0,cabaneros,1,11,tmin
Grass,52784,0,0,cabaneros,1,11,tmin
HydroRipVeg,554,0,0,cabaneros,1,11,tmin
MedConF,35896,0,0,cabaneros,1,11,tmin
MedSclF,158690,0,0,cabaneros,1,11,tmin
MedScrub,187005,0,0,cabaneros,1,11,tmin
Reforestation,57,0,0,cabaneros,1,11,tmin
RipF,4764,0,0,cabaneros,1,11,tmin
RockScreeVeg,11067,0,0,cabaneros,1,11,tmin
SMedMarF,69447,0,0,cabaneros,1,11,tmin
Shrub,21978,0,0,cabaneros,1,11,tmin
WaterSurf,177,0,0,cabaneros,1,11,tmin
ArtSurf,7418,0,0,cabaneros,1,12,tmin
Crop,2473,0,0,cabaneros,1,12,tmin
Dehesa,36272,0,0,cabaneros,1,12,tmin
Grass,52784,0,0,cabaneros,1,12,tmin
HydroRipVeg,554,0,0,cabaneros,1,12,tmin
MedConF,35896,0,0,cabaneros,1,12,tmin
MedSclF,158688,0,0,cabaneros,1,12,tmin
MedScrub,187005,0,0,cabaneros,1,12,tmin
Reforestation,57,0,0,cabaneros,1,12,tmin
RipF,4764,0,0,cabaneros,1,12,tmin
RockScreeVeg,11067,0,0,cabaneros,1,12,tmin
SMedMarF,69447,0,0,cabaneros,1,12,tmin
Shrub,21978,0,0,cabaneros,1,12,tmin
WaterSurf,177,0,0,cabaneros,1,12,tmin
ArtSurf,7418,0,0,cabaneros,3,1,tmin
Crop,2473,0,0,cabaneros,3,1,tmin
Dehesa,36272,0,0,cabaneros,3,1,tmin
Grass,52784,0,0,cabaneros,3,1,tmin
HydroRipVeg,554,0,0,cabaneros,3,1,tmin
MedConF,35896,0,0,cabaneros,3,1,tmin
MedSclF,158690,0,0,cabaneros,3,1,tmin
MedScrub,187005,0,0,cabaneros,3,1,tmin
Reforestation,57,0,0,cabaneros,3,1,tmin
RipF,4764,0,0,cabaneros,3,1,tmin
RockScreeVeg,11067,0,0,cabaneros,3,1,tmin
SMedMarF,69447,0,0,cabaneros,3,1,tmin
Shrub,21978,0,0,cabaneros,3,1,tmin
WaterSurf,177,0,0,cabaneros,3,1,tmin
ArtSurf,7418,0,0,cabaneros,3,2,tmin
Crop,2473,0,0,cabaneros,3,2,tmin
Dehesa,36272,0,0,cabaneros,3,2,tmin
Grass,52784,0,0,cabaneros,3,2,tmin
HydroRipVeg,554,0,0,cabaneros,3,2,tmin
MedConF,35896,2,0.01,cabaneros,3,2,tmin
MedSclF,158690,0,0,cabaneros,3,2,tmin
MedScrub,187005,15,0.01,cabaneros,3,2,tmin
Reforestation,57,0,0,cabaneros,3,2,tmin
RipF,4764,4,0.08,cabaneros,3,2,tmin
RockScreeVeg,11067,0,0,cabaneros,3,2,tmin
SMedMarF,69447,15,0.02,cabaneros,3,2,tmin
Shrub,21978,0,0,cabaneros,3,2,tmin
WaterSurf,177,0,0,cabaneros,3,2,tmin
ArtSurf,7418,0,0,cabaneros,3,3,tmin
Crop,2473,0,0,cabaneros,3,3,tmin
Dehesa,36272,0,0,cabaneros,3,3,tmin
Grass,52784,0,0,cabaneros,3,3,tmin
HydroRipVeg,554,0,0,cabaneros,3,3,tmin
MedConF,35896,0,0,cabaneros,3,3,tmin
MedSclF,158690,0,0,cabaneros,3,3,tmin
MedScrub,187005,0,0,cabaneros,3,3,tmin
Reforestation,57,0,0,cabaneros,3,3,tmin
RipF,4764,0,0,cabaneros,3,3,tmin
RockScreeVeg,11067,0,0,cabaneros,3,3,tmin
SMedMarF,69447,0,0,cabaneros,3,3,tmin
Shrub,21978,0,0,cabaneros,3,3,tmin
WaterSurf,177,0,0,cabaneros,3,3,tmin
ArtSurf,7418,0,0,cabaneros,3,4,tmin
Crop,2473,0,0,cabaneros,3,4,tmin
Dehesa,36272,0,0,cabaneros,3,4,tmin
Grass,52784,0,0,cabaneros,3,4,tmin
HydroRipVeg,554,0,0,cabaneros,3,4,tmin
MedConF,35896,0,0,cabaneros,3,4,tmin
MedSclF,158690,0,0,cabaneros,3,4,tmin
MedScrub,187005,0,0,cabaneros,3,4,tmin
Reforestation,57,0,0,cabaneros,3,4,tmin
RipF,4764,0,0,cabaneros,3,4,tmin
RockScreeVeg,11067,0,0,cabaneros,3,4,tmin
SMedMarF,69447,0,0,cabaneros,3,4,tmin
Shrub,21978,0,0,cabaneros,3,4,tmin
WaterSurf,177,0,0,cabaneros,3,4,tmin
ArtSurf,7418,0,0,cabaneros,3,5,tmin
Crop,2473,0,0,cabaneros,3,5,tmin
Dehesa,36272,0,0,cabaneros,3,5,tmin
Grass,52784,0,0,cabaneros,3,5,tmin
HydroRipVeg,554,0,0,cabaneros,3,5,tmin
MedConF,35896,0,0,cabaneros,3,5,tmin
MedSclF,158690,0,0,cabaneros,3,5,tmin
MedScrub,187005,0,0,cabaneros,3,5,tmin
Reforestation,57,0,0,cabaneros,3,5,tmin
RipF,4764,0,0,cabaneros,3,5,tmin
RockScreeVeg,11067,0,0,cabaneros,3,5,tmin
SMedMarF,69447,0,0,cabaneros,3,5,tmin
Shrub,21978,0,0,cabaneros,3,5,tmin
WaterSurf,177,0,0,cabaneros,3,5,tmin
ArtSurf,7418,0,0,cabaneros,3,6,tmin
Crop,2473,0,0,cabaneros,3,6,tmin
Dehesa,36272,0,0,cabaneros,3,6,tmin
Grass,52784,0,0,cabaneros,3,6,tmin
HydroRipVeg,554,0,0,cabaneros,3,6,tmin
MedConF,35896,0,0,cabaneros,3,6,tmin
MedSclF,158690,0,0,cabaneros,3,6,tmin
MedScrub,187005,0,0,cabaneros,3,6,tmin
Reforestation,57,0,0,cabaneros,3,6,tmin
RipF,4764,0,0,cabaneros,3,6,tmin
RockScreeVeg,11067,0,0,cabaneros,3,6,tmin
SMedMarF,69447,0,0,cabaneros,3,6,tmin
Shrub,21978,0,0,cabaneros,3,6,tmin
WaterSurf,177,0,0,cabaneros,3,6,tmin
ArtSurf,7418,1284,17.31,cabaneros,3,7,tmin
Crop,2473,1188,48.04,cabaneros,3,7,tmin
Dehesa,36272,8266,22.79,cabaneros,3,7,tmin
Grass,52784,16850,31.92,cabaneros,3,7,tmin
HydroRipVeg,554,114,20.58,cabaneros,3,7,tmin
MedConF,35896,585,1.63,cabaneros,3,7,tmin
MedSclF,158690,28355,17.87,cabaneros,3,7,tmin
MedScrub,187005,60575,32.39,cabaneros,3,7,tmin
Reforestation,57,9,15.79,cabaneros,3,7,tmin
RipF,4764,517,10.85,cabaneros,3,7,tmin
RockScreeVeg,11067,567,5.12,cabaneros,3,7,tmin
SMedMarF,69447,7388,10.64,cabaneros,3,7,tmin
Shrub,21978,5359,24.38,cabaneros,3,7,tmin
WaterSurf,177,23,12.99,cabaneros,3,7,tmin
ArtSurf,7418,0,0,cabaneros,3,8,tmin
Crop,2473,0,0,cabaneros,3,8,tmin
Dehesa,36272,0,0,cabaneros,3,8,tmin
Grass,52784,0,0,cabaneros,3,8,tmin
HydroRipVeg,554,0,0,cabaneros,3,8,tmin
MedConF,35896,0,0,cabaneros,3,8,tmin
MedSclF,158690,0,0,cabaneros,3,8,tmin
MedScrub,187005,0,0,cabaneros,3,8,tmin
Reforestation,57,0,0,cabaneros,3,8,tmin
RipF,4764,0,0,cabaneros,3,8,tmin
RockScreeVeg,11067,0,0,cabaneros,3,8,tmin
SMedMarF,69447,0,0,cabaneros,3,8,tmin
Shrub,21978,0,0,cabaneros,3,8,tmin
WaterSurf,177,0,0,cabaneros,3,8,tmin
ArtSurf,7418,0,0,cabaneros,3,9,tmin
Crop,2473,0,0,cabaneros,3,9,tmin
Dehesa,36272,0,0,cabaneros,3,9,tmin
Grass,52784,0,0,cabaneros,3,9,tmin
HydroRipVeg,554,0,0,cabaneros,3,9,tmin
MedConF,35896,0,0,cabaneros,3,9,tmin
MedSclF,158690,0,0,cabaneros,3,9,tmin
MedScrub,187005,0,0,cabaneros,3,9,tmin
Reforestation,57,0,0,cabaneros,3,9,tmin
RipF,4764,0,0,cabaneros,3,9,tmin
RockScreeVeg,11067,0,0,cabaneros,3,9,tmin
SMedMarF,69447,0,0,cabaneros,3,9,tmin
Shrub,21978,0,0,cabaneros,3,9,tmin
WaterSurf,177,0,0,cabaneros,3,9,tmin
ArtSurf,7418,0,0,cabaneros,3,10,tmin
Crop,2473,0,0,cabaneros,3,10,tmin
Dehesa,36272,0,0,cabaneros,3,10,tmin
Grass,52784,0,0,cabaneros,3,10,tmin
HydroRipVeg,554,0,0,cabaneros,3,10,tmin
MedConF,35896,0,0,cabaneros,3,10,tmin
MedSclF,158690,0,0,cabaneros,3,10,tmin
MedScrub,187005,0,0,cabaneros,3,10,tmin
Reforestation,57,0,0,cabaneros,3,10,tmin
RipF,4764,0,0,cabaneros,3,10,tmin
RockScreeVeg,11067,0,0,cabaneros,3,10,tmin
SMedMarF,69447,0,0,cabaneros,3,10,tmin
Shrub,21978,0,0,cabaneros,3,10,tmin
WaterSurf,177,0,0,cabaneros,3,10,tmin
ArtSurf,7418,0,0,cabaneros,3,11,tmin
Crop,2473,0,0,cabaneros,3,11,tmin
Dehesa,36272,0,0,cabaneros,3,11,tmin
Grass,52784,0,0,cabaneros,3,11,tmin
HydroRipVeg,554,0,0,cabaneros,3,11,tmin
MedConF,35896,0,0,cabaneros,3,11,tmin
MedSclF,158690,0,0,cabaneros,3,11,tmin
MedScrub,187005,0,0,cabaneros,3,11,tmin
Reforestation,57,0,0,cabaneros,3,11,tmin
RipF,4764,0,0,cabaneros,3,11,tmin
RockScreeVeg,11067,0,0,cabaneros,3,11,tmin
SMedMarF,69447,0,0,cabaneros,3,11,tmin
Shrub,21978,0,0,cabaneros,3,11,tmin
WaterSurf,177,0,0,cabaneros,3,11,tmin
ArtSurf,7418,0,0,cabaneros,3,12,tmin
Crop,2473,0,0,cabaneros,3,12,tmin
Dehesa,36272,0,0,cabaneros,3,12,tmin
Grass,52784,0,0,cabaneros,3,12,tmin
HydroRipVeg,554,0,0,cabaneros,3,12,tmin
MedConF,35896,0,0,cabaneros,3,12,tmin
MedSclF,158688,0,0,cabaneros,3,12,tmin
MedScrub,187005,0,0,cabaneros,3,12,tmin
Reforestation,57,0,0,cabaneros,3,12,tmin
RipF,4764,0,0,cabaneros,3,12,tmin
RockScreeVeg,11067,0,0,cabaneros,3,12,tmin
SMedMarF,69447,0,0,cabaneros,3,12,tmin
Shrub,21978,0,0,cabaneros,3,12,tmin
WaterSurf,177,0,0,cabaneros,3,12,tmin
ArtSurf,7418,0,0,cabaneros,6,1,tmin
Crop,2473,0,0,cabaneros,6,1,tmin
Dehesa,36272,0,0,cabaneros,6,1,tmin
Grass,52784,0,0,cabaneros,6,1,tmin
HydroRipVeg,554,0,0,cabaneros,6,1,tmin
MedConF,35896,0,0,cabaneros,6,1,tmin
MedSclF,158690,0,0,cabaneros,6,1,tmin
MedScrub,187005,0,0,cabaneros,6,1,tmin
Reforestation,57,0,0,cabaneros,6,1,tmin
RipF,4764,0,0,cabaneros,6,1,tmin
RockScreeVeg,11067,0,0,cabaneros,6,1,tmin
SMedMarF,69447,0,0,cabaneros,6,1,tmin
Shrub,21978,0,0,cabaneros,6,1,tmin
WaterSurf,177,0,0,cabaneros,6,1,tmin
ArtSurf,7418,4,0.05,cabaneros,6,2,tmin
Crop,2473,0,0,cabaneros,6,2,tmin
Dehesa,36272,0,0,cabaneros,6,2,tmin
Grass,52784,0,0,cabaneros,6,2,tmin
HydroRipVeg,554,0,0,cabaneros,6,2,tmin
MedConF,35896,4,0.01,cabaneros,6,2,tmin
MedSclF,158690,8,0.01,cabaneros,6,2,tmin
MedScrub,187005,43,0.02,cabaneros,6,2,tmin
Reforestation,57,0,0,cabaneros,6,2,tmin
RipF,4764,5,0.1,cabaneros,6,2,tmin
RockScreeVeg,11067,1,0.01,cabaneros,6,2,tmin
SMedMarF,69447,24,0.03,cabaneros,6,2,tmin
Shrub,21978,0,0,cabaneros,6,2,tmin
WaterSurf,177,0,0,cabaneros,6,2,tmin
ArtSurf,7418,0,0,cabaneros,6,3,tmin
Crop,2473,0,0,cabaneros,6,3,tmin
Dehesa,36272,0,0,cabaneros,6,3,tmin
Grass,52784,0,0,cabaneros,6,3,tmin
HydroRipVeg,554,0,0,cabaneros,6,3,tmin
MedConF,35896,0,0,cabaneros,6,3,tmin
MedSclF,158690,0,0,cabaneros,6,3,tmin
MedScrub,187005,0,0,cabaneros,6,3,tmin
Reforestation,57,0,0,cabaneros,6,3,tmin
RipF,4764,0,0,cabaneros,6,3,tmin
RockScreeVeg,11067,0,0,cabaneros,6,3,tmin
SMedMarF,69447,0,0,cabaneros,6,3,tmin
Shrub,21978,0,0,cabaneros,6,3,tmin
WaterSurf,177,0,0,cabaneros,6,3,tmin
ArtSurf,7418,0,0,cabaneros,6,4,tmin
Crop,2473,0,0,cabaneros,6,4,tmin
Dehesa,36272,0,0,cabaneros,6,4,tmin
Grass,52784,0,0,cabaneros,6,4,tmin
HydroRipVeg,554,0,0,cabaneros,6,4,tmin
MedConF,35896,0,0,cabaneros,6,4,tmin
MedSclF,158690,0,0,cabaneros,6,4,tmin
MedScrub,187005,0,0,cabaneros,6,4,tmin
Reforestation,57,0,0,cabaneros,6,4,tmin
RipF,4764,0,0,cabaneros,6,4,tmin
RockScreeVeg,11067,0,0,cabaneros,6,4,tmin
SMedMarF,69447,0,0,cabaneros,6,4,tmin
Shrub,21978,0,0,cabaneros,6,4,tmin
WaterSurf,177,0,0,cabaneros,6,4,tmin
ArtSurf,7418,0,0,cabaneros,6,5,tmin
Crop,2473,0,0,cabaneros,6,5,tmin
Dehesa,36272,0,0,cabaneros,6,5,tmin
Grass,52784,0,0,cabaneros,6,5,tmin
HydroRipVeg,554,0,0,cabaneros,6,5,tmin
MedConF,35896,0,0,cabaneros,6,5,tmin
MedSclF,158690,0,0,cabaneros,6,5,tmin
MedScrub,187005,0,0,cabaneros,6,5,tmin
Reforestation,57,0,0,cabaneros,6,5,tmin
RipF,4764,0,0,cabaneros,6,5,tmin
RockScreeVeg,11067,0,0,cabaneros,6,5,tmin
SMedMarF,69447,0,0,cabaneros,6,5,tmin
Shrub,21978,0,0,cabaneros,6,5,tmin
WaterSurf,177,0,0,cabaneros,6,5,tmin
ArtSurf,7418,0,0,cabaneros,6,6,tmin
Crop,2473,0,0,cabaneros,6,6,tmin
Dehesa,36272,0,0,cabaneros,6,6,tmin
Grass,52784,0,0,cabaneros,6,6,tmin
HydroRipVeg,554,0,0,cabaneros,6,6,tmin
MedConF,35896,0,0,cabaneros,6,6,tmin
MedSclF,158690,0,0,cabaneros,6,6,tmin
MedScrub,187005,0,0,cabaneros,6,6,tmin
Reforestation,57,0,0,cabaneros,6,6,tmin
RipF,4764,0,0,cabaneros,6,6,tmin
RockScreeVeg,11067,0,0,cabaneros,6,6,tmin
SMedMarF,69447,0,0,cabaneros,6,6,tmin
Shrub,21978,0,0,cabaneros,6,6,tmin
WaterSurf,177,0,0,cabaneros,6,6,tmin
ArtSurf,7418,0,0,cabaneros,6,7,tmin
Crop,2473,0,0,cabaneros,6,7,tmin
Dehesa,36272,0,0,cabaneros,6,7,tmin
Grass,52784,0,0,cabaneros,6,7,tmin
HydroRipVeg,554,0,0,cabaneros,6,7,tmin
MedConF,35896,0,0,cabaneros,6,7,tmin
MedSclF,158690,0,0,cabaneros,6,7,tmin
MedScrub,187005,0,0,cabaneros,6,7,tmin
Reforestation,57,0,0,cabaneros,6,7,tmin
RipF,4764,0,0,cabaneros,6,7,tmin
RockScreeVeg,11067,0,0,cabaneros,6,7,tmin
SMedMarF,69447,0,0,cabaneros,6,7,tmin
Shrub,21978,0,0,cabaneros,6,7,tmin
WaterSurf,177,0,0,cabaneros,6,7,tmin
ArtSurf,7418,0,0,cabaneros,6,8,tmin
Crop,2473,0,0,cabaneros,6,8,tmin
Dehesa,36272,0,0,cabaneros,6,8,tmin
Grass,52784,0,0,cabaneros,6,8,tmin
HydroRipVeg,554,0,0,cabaneros,6,8,tmin
MedConF,35896,0,0,cabaneros,6,8,tmin
MedSclF,158690,0,0,cabaneros,6,8,tmin
MedScrub,187005,0,0,cabaneros,6,8,tmin
Reforestation,57,0,0,cabaneros,6,8,tmin
RipF,4764,0,0,cabaneros,6,8,tmin
RockScreeVeg,11067,0,0,cabaneros,6,8,tmin
SMedMarF,69447,0,0,cabaneros,6,8,tmin
Shrub,21978,0,0,cabaneros,6,8,tmin
WaterSurf,177,0,0,cabaneros,6,8,tmin
ArtSurf,7418,0,0,cabaneros,6,9,tmin
Crop,2473,0,0,cabaneros,6,9,tmin
Dehesa,36272,0,0,cabaneros,6,9,tmin
Grass,52784,0,0,cabaneros,6,9,tmin
HydroRipVeg,554,0,0,cabaneros,6,9,tmin
MedConF,35896,0,0,cabaneros,6,9,tmin
MedSclF,158690,0,0,cabaneros,6,9,tmin
MedScrub,187005,0,0,cabaneros,6,9,tmin
Reforestation,57,0,0,cabaneros,6,9,tmin
RipF,4764,0,0,cabaneros,6,9,tmin
RockScreeVeg,11067,0,0,cabaneros,6,9,tmin
SMedMarF,69447,0,0,cabaneros,6,9,tmin
Shrub,21978,0,0,cabaneros,6,9,tmin
WaterSurf,177,0,0,cabaneros,6,9,tmin
ArtSurf,7418,0,0,cabaneros,6,10,tmin
Crop,2473,0,0,cabaneros,6,10,tmin
Dehesa,36272,0,0,cabaneros,6,10,tmin
Grass,52784,0,0,cabaneros,6,10,tmin
HydroRipVeg,554,0,0,cabaneros,6,10,tmin
MedConF,35896,0,0,cabaneros,6,10,tmin
MedSclF,158690,0,0,cabaneros,6,10,tmin
MedScrub,187005,0,0,cabaneros,6,10,tmin
Reforestation,57,0,0,cabaneros,6,10,tmin
RipF,4764,0,0,cabaneros,6,10,tmin
RockScreeVeg,11067,0,0,cabaneros,6,10,tmin
SMedMarF,69447,0,0,cabaneros,6,10,tmin
Shrub,21978,0,0,cabaneros,6,10,tmin
WaterSurf,177,0,0,cabaneros,6,10,tmin
ArtSurf,7418,0,0,cabaneros,6,11,tmin
Crop,2473,0,0,cabaneros,6,11,tmin
Dehesa,36272,0,0,cabaneros,6,11,tmin
Grass,52784,0,0,cabaneros,6,11,tmin
HydroRipVeg,554,0,0,cabaneros,6,11,tmin
MedConF,35896,0,0,cabaneros,6,11,tmin
MedSclF,158690,0,0,cabaneros,6,11,tmin
MedScrub,187005,0,0,cabaneros,6,11,tmin
Reforestation,57,0,0,cabaneros,6,11,tmin
RipF,4764,0,0,cabaneros,6,11,tmin
RockScreeVeg,11067,0,0,cabaneros,6,11,tmin
SMedMarF,69447,0,0,cabaneros,6,11,tmin
Shrub,21978,0,0,cabaneros,6,11,tmin
WaterSurf,177,0,0,cabaneros,6,11,tmin
ArtSurf,7418,0,0,cabaneros,6,12,tmin
Crop,2473,0,0,cabaneros,6,12,tmin
Dehesa,36272,0,0,cabaneros,6,12,tmin
Grass,52784,0,0,cabaneros,6,12,tmin
HydroRipVeg,554,0,0,cabaneros,6,12,tmin
MedConF,35896,0,0,cabaneros,6,12,tmin
MedSclF,158688,0,0,cabaneros,6,12,tmin
MedScrub,187005,0,0,cabaneros,6,12,tmin
Reforestation,57,0,0,cabaneros,6,12,tmin
RipF,4764,0,0,cabaneros,6,12,tmin
RockScreeVeg,11067,0,0,cabaneros,6,12,tmin
SMedMarF,69447,0,0,cabaneros,6,12,tmin
Shrub,21978,0,0,cabaneros,6,12,tmin
WaterSurf,177,0,0,cabaneros,6,12,tmin
ArtSurf,7418,0,0,cabaneros,9,1,tmin
Crop,2473,0,0,cabaneros,9,1,tmin
Dehesa,36272,0,0,cabaneros,9,1,tmin
Grass,52784,0,0,cabaneros,9,1,tmin
HydroRipVeg,554,0,0,cabaneros,9,1,tmin
MedConF,35896,0,0,cabaneros,9,1,tmin
MedSclF,158690,0,0,cabaneros,9,1,tmin
MedScrub,187005,0,0,cabaneros,9,1,tmin
Reforestation,57,0,0,cabaneros,9,1,tmin
RipF,4764,0,0,cabaneros,9,1,tmin
RockScreeVeg,11067,0,0,cabaneros,9,1,tmin
SMedMarF,69447,0,0,cabaneros,9,1,tmin
Shrub,21978,0,0,cabaneros,9,1,tmin
WaterSurf,177,0,0,cabaneros,9,1,tmin
ArtSurf,7418,1,0.01,cabaneros,9,2,tmin
Crop,2473,0,0,cabaneros,9,2,tmin
Dehesa,36272,0,0,cabaneros,9,2,tmin
Grass,52784,0,0,cabaneros,9,2,tmin
HydroRipVeg,554,1,0.18,cabaneros,9,2,tmin
MedConF,35896,6,0.02,cabaneros,9,2,tmin
MedSclF,158690,7,0,cabaneros,9,2,tmin
MedScrub,187005,32,0.02,cabaneros,9,2,tmin
Reforestation,57,0,0,cabaneros,9,2,tmin
RipF,4764,8,0.17,cabaneros,9,2,tmin
RockScreeVeg,11067,0,0,cabaneros,9,2,tmin
SMedMarF,69447,3,0,cabaneros,9,2,tmin
Shrub,21978,0,0,cabaneros,9,2,tmin
WaterSurf,177,0,0,cabaneros,9,2,tmin
ArtSurf,7418,0,0,cabaneros,9,3,tmin
Crop,2473,0,0,cabaneros,9,3,tmin
Dehesa,36272,0,0,cabaneros,9,3,tmin
Grass,52784,0,0,cabaneros,9,3,tmin
HydroRipVeg,554,0,0,cabaneros,9,3,tmin
MedConF,35896,0,0,cabaneros,9,3,tmin
MedSclF,158690,1,0,cabaneros,9,3,tmin
MedScrub,187005,5,0,cabaneros,9,3,tmin
Reforestation,57,0,0,cabaneros,9,3,tmin
RipF,4764,0,0,cabaneros,9,3,tmin
RockScreeVeg,11067,0,0,cabaneros,9,3,tmin
SMedMarF,69447,2,0,cabaneros,9,3,tmin
Shrub,21978,0,0,cabaneros,9,3,tmin
WaterSurf,177,0,0,cabaneros,9,3,tmin
ArtSurf,7418,0,0,cabaneros,9,4,tmin
Crop,2473,0,0,cabaneros,9,4,tmin
Dehesa,36272,0,0,cabaneros,9,4,tmin
Grass,52784,0,0,cabaneros,9,4,tmin
HydroRipVeg,554,0,0,cabaneros,9,4,tmin
MedConF,35896,0,0,cabaneros,9,4,tmin
MedSclF,158690,0,0,cabaneros,9,4,tmin
MedScrub,187005,0,0,cabaneros,9,4,tmin
Reforestation,57,0,0,cabaneros,9,4,tmin
RipF,4764,0,0,cabaneros,9,4,tmin
RockScreeVeg,11067,0,0,cabaneros,9,4,tmin
SMedMarF,69447,0,0,cabaneros,9,4,tmin
Shrub,21978,0,0,cabaneros,9,4,tmin
WaterSurf,177,0,0,cabaneros,9,4,tmin
ArtSurf,7418,0,0,cabaneros,9,5,tmin
Crop,2473,0,0,cabaneros,9,5,tmin
Dehesa,36272,0,0,cabaneros,9,5,tmin
Grass,52784,0,0,cabaneros,9,5,tmin
HydroRipVeg,554,0,0,cabaneros,9,5,tmin
MedConF,35896,0,0,cabaneros,9,5,tmin
MedSclF,158690,0,0,cabaneros,9,5,tmin
MedScrub,187005,0,0,cabaneros,9,5,tmin
Reforestation,57,0,0,cabaneros,9,5,tmin
RipF,4764,0,0,cabaneros,9,5,tmin
RockScreeVeg,11067,0,0,cabaneros,9,5,tmin
SMedMarF,69447,0,0,cabaneros,9,5,tmin
Shrub,21978,0,0,cabaneros,9,5,tmin
WaterSurf,177,0,0,cabaneros,9,5,tmin
ArtSurf,7418,0,0,cabaneros,9,6,tmin
Crop,2473,0,0,cabaneros,9,6,tmin
Dehesa,36272,0,0,cabaneros,9,6,tmin
Grass,52784,0,0,cabaneros,9,6,tmin
HydroRipVeg,554,0,0,cabaneros,9,6,tmin
MedConF,35896,0,0,cabaneros,9,6,tmin
MedSclF,158690,0,0,cabaneros,9,6,tmin
MedScrub,187005,0,0,cabaneros,9,6,tmin
Reforestation,57,0,0,cabaneros,9,6,tmin
RipF,4764,0,0,cabaneros,9,6,tmin
RockScreeVeg,11067,0,0,cabaneros,9,6,tmin
SMedMarF,69447,0,0,cabaneros,9,6,tmin
Shrub,21978,0,0,cabaneros,9,6,tmin
WaterSurf,177,0,0,cabaneros,9,6,tmin
ArtSurf,7418,0,0,cabaneros,9,7,tmin
Crop,2473,0,0,cabaneros,9,7,tmin
Dehesa,36272,0,0,cabaneros,9,7,tmin
Grass,52784,0,0,cabaneros,9,7,tmin
HydroRipVeg,554,0,0,cabaneros,9,7,tmin
MedConF,35896,0,0,cabaneros,9,7,tmin
MedSclF,158690,0,0,cabaneros,9,7,tmin
MedScrub,187005,0,0,cabaneros,9,7,tmin
Reforestation,57,0,0,cabaneros,9,7,tmin
RipF,4764,0,0,cabaneros,9,7,tmin
RockScreeVeg,11067,0,0,cabaneros,9,7,tmin
SMedMarF,69447,0,0,cabaneros,9,7,tmin
Shrub,21978,0,0,cabaneros,9,7,tmin
WaterSurf,177,0,0,cabaneros,9,7,tmin
ArtSurf,7418,0,0,cabaneros,9,8,tmin
Crop,2473,0,0,cabaneros,9,8,tmin
Dehesa,36272,0,0,cabaneros,9,8,tmin
Grass,52784,0,0,cabaneros,9,8,tmin
HydroRipVeg,554,0,0,cabaneros,9,8,tmin
MedConF,35896,0,0,cabaneros,9,8,tmin
MedSclF,158690,0,0,cabaneros,9,8,tmin
MedScrub,187005,0,0,cabaneros,9,8,tmin
Reforestation,57,0,0,cabaneros,9,8,tmin
RipF,4764,0,0,cabaneros,9,8,tmin
RockScreeVeg,11067,0,0,cabaneros,9,8,tmin
SMedMarF,69447,0,0,cabaneros,9,8,tmin
Shrub,21978,0,0,cabaneros,9,8,tmin
WaterSurf,177,0,0,cabaneros,9,8,tmin
ArtSurf,7418,0,0,cabaneros,9,9,tmin
Crop,2473,0,0,cabaneros,9,9,tmin
Dehesa,36272,0,0,cabaneros,9,9,tmin
Grass,52784,0,0,cabaneros,9,9,tmin
HydroRipVeg,554,0,0,cabaneros,9,9,tmin
MedConF,35896,0,0,cabaneros,9,9,tmin
MedSclF,158690,0,0,cabaneros,9,9,tmin
MedScrub,187005,0,0,cabaneros,9,9,tmin
Reforestation,57,0,0,cabaneros,9,9,tmin
RipF,4764,0,0,cabaneros,9,9,tmin
RockScreeVeg,11067,0,0,cabaneros,9,9,tmin
SMedMarF,69447,0,0,cabaneros,9,9,tmin
Shrub,21978,0,0,cabaneros,9,9,tmin
WaterSurf,177,0,0,cabaneros,9,9,tmin
ArtSurf,7418,0,0,cabaneros,9,10,tmin
Crop,2473,0,0,cabaneros,9,10,tmin
Dehesa,36272,0,0,cabaneros,9,10,tmin
Grass,52784,0,0,cabaneros,9,10,tmin
HydroRipVeg,554,0,0,cabaneros,9,10,tmin
MedConF,35896,0,0,cabaneros,9,10,tmin
MedSclF,158690,0,0,cabaneros,9,10,tmin
MedScrub,187005,0,0,cabaneros,9,10,tmin
Reforestation,57,0,0,cabaneros,9,10,tmin
RipF,4764,0,0,cabaneros,9,10,tmin
RockScreeVeg,11067,0,0,cabaneros,9,10,tmin
SMedMarF,69447,0,0,cabaneros,9,10,tmin
Shrub,21978,0,0,cabaneros,9,10,tmin
WaterSurf,177,0,0,cabaneros,9,10,tmin
ArtSurf,7418,0,0,cabaneros,9,11,tmin
Crop,2473,0,0,cabaneros,9,11,tmin
Dehesa,36272,0,0,cabaneros,9,11,tmin
Grass,52784,0,0,cabaneros,9,11,tmin
HydroRipVeg,554,0,0,cabaneros,9,11,tmin
MedConF,35896,0,0,cabaneros,9,11,tmin
MedSclF,158690,0,0,cabaneros,9,11,tmin
MedScrub,187005,0,0,cabaneros,9,11,tmin
Reforestation,57,0,0,cabaneros,9,11,tmin
RipF,4764,0,0,cabaneros,9,11,tmin
RockScreeVeg,11067,0,0,cabaneros,9,11,tmin
SMedMarF,69447,0,0,cabaneros,9,11,tmin
Shrub,21978,0,0,cabaneros,9,11,tmin
WaterSurf,177,0,0,cabaneros,9,11,tmin
ArtSurf,7418,0,0,cabaneros,9,12,tmin
Crop,2473,0,0,cabaneros,9,12,tmin
Dehesa,36272,0,0,cabaneros,9,12,tmin
Grass,52784,0,0,cabaneros,9,12,tmin
HydroRipVeg,554,0,0,cabaneros,9,12,tmin
MedConF,35896,0,0,cabaneros,9,12,tmin
MedSclF,158688,0,0,cabaneros,9,12,tmin
MedScrub,187005,0,0,cabaneros,9,12,tmin
Reforestation,57,0,0,cabaneros,9,12,tmin
RipF,4764,0,0,cabaneros,9,12,tmin
RockScreeVeg,11067,0,0,cabaneros,9,12,tmin
SMedMarF,69447,0,0,cabaneros,9,12,tmin
Shrub,21978,0,0,cabaneros,9,12,tmin
WaterSurf,177,0,0,cabaneros,9,12,tmin
ArtSurf,7418,0,0,cabaneros,12,1,tmin
Crop,2473,0,0,cabaneros,12,1,tmin
Dehesa,36272,0,0,cabaneros,12,1,tmin
Grass,52784,0,0,cabaneros,12,1,tmin
HydroRipVeg,554,0,0,cabaneros,12,1,tmin
MedConF,35896,0,0,cabaneros,12,1,tmin
MedSclF,158690,0,0,cabaneros,12,1,tmin
MedScrub,187005,0,0,cabaneros,12,1,tmin
Reforestation,57,0,0,cabaneros,12,1,tmin
RipF,4764,0,0,cabaneros,12,1,tmin
RockScreeVeg,11067,0,0,cabaneros,12,1,tmin
SMedMarF,69447,0,0,cabaneros,12,1,tmin
Shrub,21978,0,0,cabaneros,12,1,tmin
WaterSurf,177,0,0,cabaneros,12,1,tmin
ArtSurf,7418,1,0.01,cabaneros,12,2,tmin
Crop,2473,0,0,cabaneros,12,2,tmin
Dehesa,36272,0,0,cabaneros,12,2,tmin
Grass,52784,0,0,cabaneros,12,2,tmin
HydroRipVeg,554,1,0.18,cabaneros,12,2,tmin
MedConF,35896,1,0,cabaneros,12,2,tmin
MedSclF,158690,7,0,cabaneros,12,2,tmin
MedScrub,187005,13,0.01,cabaneros,12,2,tmin
Reforestation,57,0,0,cabaneros,12,2,tmin
RipF,4764,5,0.1,cabaneros,12,2,tmin
RockScreeVeg,11067,0,0,cabaneros,12,2,tmin
SMedMarF,69447,11,0.02,cabaneros,12,2,tmin
Shrub,21978,0,0,cabaneros,12,2,tmin
WaterSurf,177,0,0,cabaneros,12,2,tmin
ArtSurf,7418,0,0,cabaneros,12,3,tmin
Crop,2473,0,0,cabaneros,12,3,tmin
Dehesa,36272,0,0,cabaneros,12,3,tmin
Grass,52784,0,0,cabaneros,12,3,tmin
HydroRipVeg,554,0,0,cabaneros,12,3,tmin
MedConF,35896,0,0,cabaneros,12,3,tmin
MedSclF,158690,1,0,cabaneros,12,3,tmin
MedScrub,187005,1,0,cabaneros,12,3,tmin
Reforestation,57,0,0,cabaneros,12,3,tmin
RipF,4764,0,0,cabaneros,12,3,tmin
RockScreeVeg,11067,0,0,cabaneros,12,3,tmin
SMedMarF,69447,4,0.01,cabaneros,12,3,tmin
Shrub,21978,0,0,cabaneros,12,3,tmin
WaterSurf,177,0,0,cabaneros,12,3,tmin
ArtSurf,7418,0,0,cabaneros,12,4,tmin
Crop,2473,0,0,cabaneros,12,4,tmin
Dehesa,36272,0,0,cabaneros,12,4,tmin
Grass,52784,0,0,cabaneros,12,4,tmin
HydroRipVeg,554,0,0,cabaneros,12,4,tmin
MedConF,35896,0,0,cabaneros,12,4,tmin
MedSclF,158690,0,0,cabaneros,12,4,tmin
MedScrub,187005,0,0,cabaneros,12,4,tmin
Reforestation,57,0,0,cabaneros,12,4,tmin
RipF,4764,0,0,cabaneros,12,4,tmin
RockScreeVeg,11067,0,0,cabaneros,12,4,tmin
SMedMarF,69447,0,0,cabaneros,12,4,tmin
Shrub,21978,0,0,cabaneros,12,4,tmin
WaterSurf,177,0,0,cabaneros,12,4,tmin
ArtSurf,7418,0,0,cabaneros,12,5,tmin
Crop,2473,0,0,cabaneros,12,5,tmin
Dehesa,36272,0,0,cabaneros,12,5,tmin
Grass,52784,0,0,cabaneros,12,5,tmin
HydroRipVeg,554,0,0,cabaneros,12,5,tmin
MedConF,35896,0,0,cabaneros,12,5,tmin
MedSclF,158690,0,0,cabaneros,12,5,tmin
MedScrub,187005,0,0,cabaneros,12,5,tmin
Reforestation,57,0,0,cabaneros,12,5,tmin
RipF,4764,0,0,cabaneros,12,5,tmin
RockScreeVeg,11067,0,0,cabaneros,12,5,tmin
SMedMarF,69447,0,0,cabaneros,12,5,tmin
Shrub,21978,0,0,cabaneros,12,5,tmin
WaterSurf,177,0,0,cabaneros,12,5,tmin
ArtSurf,7418,0,0,cabaneros,12,6,tmin
Crop,2473,0,0,cabaneros,12,6,tmin
Dehesa,36272,0,0,cabaneros,12,6,tmin
Grass,52784,0,0,cabaneros,12,6,tmin
HydroRipVeg,554,0,0,cabaneros,12,6,tmin
MedConF,35896,0,0,cabaneros,12,6,tmin
MedSclF,158690,0,0,cabaneros,12,6,tmin
MedScrub,187005,0,0,cabaneros,12,6,tmin
Reforestation,57,0,0,cabaneros,12,6,tmin
RipF,4764,0,0,cabaneros,12,6,tmin
RockScreeVeg,11067,0,0,cabaneros,12,6,tmin
SMedMarF,69447,0,0,cabaneros,12,6,tmin
Shrub,21978,0,0,cabaneros,12,6,tmin
WaterSurf,177,0,0,cabaneros,12,6,tmin
ArtSurf,7418,0,0,cabaneros,12,7,tmin
Crop,2473,0,0,cabaneros,12,7,tmin
Dehesa,36272,0,0,cabaneros,12,7,tmin
Grass,52784,0,0,cabaneros,12,7,tmin
HydroRipVeg,554,0,0,cabaneros,12,7,tmin
MedConF,35896,0,0,cabaneros,12,7,tmin
MedSclF,158690,0,0,cabaneros,12,7,tmin
MedScrub,187005,0,0,cabaneros,12,7,tmin
Reforestation,57,0,0,cabaneros,12,7,tmin
RipF,4764,0,0,cabaneros,12,7,tmin
RockScreeVeg,11067,0,0,cabaneros,12,7,tmin
SMedMarF,69447,0,0,cabaneros,12,7,tmin
Shrub,21978,0,0,cabaneros,12,7,tmin
WaterSurf,177,0,0,cabaneros,12,7,tmin
ArtSurf,7418,0,0,cabaneros,12,8,tmin
Crop,2473,0,0,cabaneros,12,8,tmin
Dehesa,36272,0,0,cabaneros,12,8,tmin
Grass,52784,0,0,cabaneros,12,8,tmin
HydroRipVeg,554,0,0,cabaneros,12,8,tmin
MedConF,35896,0,0,cabaneros,12,8,tmin
MedSclF,158690,0,0,cabaneros,12,8,tmin
MedScrub,187005,0,0,cabaneros,12,8,tmin
Reforestation,57,0,0,cabaneros,12,8,tmin
RipF,4764,0,0,cabaneros,12,8,tmin
RockScreeVeg,11067,0,0,cabaneros,12,8,tmin
SMedMarF,69447,0,0,cabaneros,12,8,tmin
Shrub,21978,0,0,cabaneros,12,8,tmin
WaterSurf,177,0,0,cabaneros,12,8,tmin
ArtSurf,7418,0,0,cabaneros,12,9,tmin
Crop,2473,0,0,cabaneros,12,9,tmin
Dehesa,36272,0,0,cabaneros,12,9,tmin
Grass,52784,0,0,cabaneros,12,9,tmin
HydroRipVeg,554,0,0,cabaneros,12,9,tmin
MedConF,35896,0,0,cabaneros,12,9,tmin
MedSclF,158690,0,0,cabaneros,12,9,tmin
MedScrub,187005,0,0,cabaneros,12,9,tmin
Reforestation,57,0,0,cabaneros,12,9,tmin
RipF,4764,0,0,cabaneros,12,9,tmin
RockScreeVeg,11067,0,0,cabaneros,12,9,tmin
SMedMarF,69447,0,0,cabaneros,12,9,tmin
Shrub,21978,0,0,cabaneros,12,9,tmin
WaterSurf,177,0,0,cabaneros,12,9,tmin
ArtSurf,7418,0,0,cabaneros,12,10,tmin
Crop,2473,0,0,cabaneros,12,10,tmin
Dehesa,36272,0,0,cabaneros,12,10,tmin
Grass,52784,0,0,cabaneros,12,10,tmin
HydroRipVeg,554,0,0,cabaneros,12,10,tmin
MedConF,35896,0,0,cabaneros,12,10,tmin
MedSclF,158690,0,0,cabaneros,12,10,tmin
MedScrub,187005,0,0,cabaneros,12,10,tmin
Reforestation,57,0,0,cabaneros,12,10,tmin
RipF,4764,0,0,cabaneros,12,10,tmin
RockScreeVeg,11067,0,0,cabaneros,12,10,tmin
SMedMarF,69447,0,0,cabaneros,12,10,tmin
Shrub,21978,0,0,cabaneros,12,10,tmin
WaterSurf,177,0,0,cabaneros,12,10,tmin
ArtSurf,7418,0,0,cabaneros,12,11,tmin
Crop,2473,0,0,cabaneros,12,11,tmin
Dehesa,36272,0,0,cabaneros,12,11,tmin
Grass,52784,0,0,cabaneros,12,11,tmin
HydroRipVeg,554,0,0,cabaneros,12,11,tmin
MedConF,35896,0,0,cabaneros,12,11,tmin
MedSclF,158690,0,0,cabaneros,12,11,tmin
MedScrub,187005,0,0,cabaneros,12,11,tmin
Reforestation,57,0,0,cabaneros,12,11,tmin
RipF,4764,0,0,cabaneros,12,11,tmin
RockScreeVeg,11067,0,0,cabaneros,12,11,tmin
SMedMarF,69447,0,0,cabaneros,12,11,tmin
Shrub,21978,0,0,cabaneros,12,11,tmin
WaterSurf,177,0,0,cabaneros,12,11,tmin
ArtSurf,7418,0,0,cabaneros,12,12,tmin
Crop,2473,0,0,cabaneros,12,12,tmin
Dehesa,36272,0,0,cabaneros,12,12,tmin
Grass,52784,0,0,cabaneros,12,12,tmin
HydroRipVeg,554,0,0,cabaneros,12,12,tmin
MedConF,35896,0,0,cabaneros,12,12,tmin
MedSclF,158688,0,0,cabaneros,12,12,tmin
MedScrub,187005,0,0,cabaneros,12,12,tmin
Reforestation,57,0,0,cabaneros,12,12,tmin
RipF,4764,0,0,cabaneros,12,12,tmin
RockScreeVeg,11067,0,0,cabaneros,12,12,tmin
SMedMarF,69447,0,0,cabaneros,12,12,tmin
Shrub,21978,0,0,cabaneros,12,12,tmin
WaterSurf,177,0,0,cabaneros,12,12,tmin
AridScr,7823,0,0,cabrera,1,1,tmin
ArtSurf,94,0,0,cabrera,1,1,tmin
BareArea,1122,0,0,cabrera,1,1,tmin
Crop,4,0,0,cabrera,1,1,tmin
Grass,13,0,0,cabrera,1,1,tmin
HaloVeg,52,0,0,cabrera,1,1,tmin
MedConF,8797,0,0,cabrera,1,1,tmin
MedScrub,486,0,0,cabrera,1,1,tmin
SaltMar,276,0,0,cabrera,1,1,tmin
AridScr,7823,0,0,cabrera,1,2,tmin
ArtSurf,94,0,0,cabrera,1,2,tmin
BareArea,1122,0,0,cabrera,1,2,tmin
Crop,4,0,0,cabrera,1,2,tmin
Grass,13,0,0,cabrera,1,2,tmin
HaloVeg,52,0,0,cabrera,1,2,tmin
MedConF,8797,0,0,cabrera,1,2,tmin
MedScrub,486,0,0,cabrera,1,2,tmin
SaltMar,276,0,0,cabrera,1,2,tmin
AridScr,7823,809,10.34,cabrera,1,3,tmin
ArtSurf,94,2,2.13,cabrera,1,3,tmin
BareArea,1122,12,1.07,cabrera,1,3,tmin
Crop,4,0,0,cabrera,1,3,tmin
Grass,13,0,0,cabrera,1,3,tmin
HaloVeg,52,0,0,cabrera,1,3,tmin
MedConF,8797,546,6.21,cabrera,1,3,tmin
MedScrub,486,119,24.49,cabrera,1,3,tmin
SaltMar,276,12,4.35,cabrera,1,3,tmin
AridScr,7823,643,8.22,cabrera,1,4,tmin
ArtSurf,94,14,14.89,cabrera,1,4,tmin
BareArea,1122,22,1.96,cabrera,1,4,tmin
Crop,4,0,0,cabrera,1,4,tmin
Grass,13,3,23.08,cabrera,1,4,tmin
HaloVeg,52,10,19.23,cabrera,1,4,tmin
MedConF,8797,848,9.64,cabrera,1,4,tmin
MedScrub,486,1,0.21,cabrera,1,4,tmin
SaltMar,276,19,6.88,cabrera,1,4,tmin
AridScr,7823,0,0,cabrera,1,5,tmin
ArtSurf,94,0,0,cabrera,1,5,tmin
BareArea,1122,0,0,cabrera,1,5,tmin
Crop,4,0,0,cabrera,1,5,tmin
Grass,13,0,0,cabrera,1,5,tmin
HaloVeg,52,0,0,cabrera,1,5,tmin
MedConF,8797,0,0,cabrera,1,5,tmin
MedScrub,486,0,0,cabrera,1,5,tmin
SaltMar,276,0,0,cabrera,1,5,tmin
AridScr,7823,5274,67.42,cabrera,1,6,tmin
ArtSurf,94,41,43.62,cabrera,1,6,tmin
BareArea,1122,123,10.96,cabrera,1,6,tmin
Crop,4,0,0,cabrera,1,6,tmin
Grass,13,10,76.92,cabrera,1,6,tmin
HaloVeg,52,4,7.69,cabrera,1,6,tmin
MedConF,8797,7308,83.07,cabrera,1,6,tmin
MedScrub,486,440,90.53,cabrera,1,6,tmin
SaltMar,276,26,9.42,cabrera,1,6,tmin
AridScr,7823,3796,48.52,cabrera,1,7,tmin
ArtSurf,94,31,32.98,cabrera,1,7,tmin
BareArea,1122,141,12.57,cabrera,1,7,tmin
Crop,4,0,0,cabrera,1,7,tmin
Grass,13,0,0,cabrera,1,7,tmin
HaloVeg,52,25,48.08,cabrera,1,7,tmin
MedConF,8797,6498,73.87,cabrera,1,7,tmin
MedScrub,486,385,79.22,cabrera,1,7,tmin
SaltMar,276,64,23.19,cabrera,1,7,tmin
AridScr,7823,0,0,cabrera,1,8,tmin
ArtSurf,94,0,0,cabrera,1,8,tmin
BareArea,1122,0,0,cabrera,1,8,tmin
Crop,4,0,0,cabrera,1,8,tmin
Grass,13,0,0,cabrera,1,8,tmin
HaloVeg,52,0,0,cabrera,1,8,tmin
MedConF,8797,0,0,cabrera,1,8,tmin
MedScrub,486,0,0,cabrera,1,8,tmin
SaltMar,276,0,0,cabrera,1,8,tmin
AridScr,7823,0,0,cabrera,1,9,tmin
ArtSurf,94,0,0,cabrera,1,9,tmin
BareArea,1122,0,0,cabrera,1,9,tmin
Crop,4,0,0,cabrera,1,9,tmin
Grass,13,0,0,cabrera,1,9,tmin
HaloVeg,52,0,0,cabrera,1,9,tmin
MedConF,8797,0,0,cabrera,1,9,tmin
MedScrub,486,0,0,cabrera,1,9,tmin
SaltMar,276,0,0,cabrera,1,9,tmin
AridScr,7823,0,0,cabrera,1,10,tmin
ArtSurf,94,0,0,cabrera,1,10,tmin
BareArea,1122,0,0,cabrera,1,10,tmin
Crop,4,0,0,cabrera,1,10,tmin
Grass,13,0,0,cabrera,1,10,tmin
HaloVeg,52,0,0,cabrera,1,10,tmin
MedConF,8797,0,0,cabrera,1,10,tmin
MedScrub,486,0,0,cabrera,1,10,tmin
SaltMar,276,0,0,cabrera,1,10,tmin
AridScr,7823,0,0,cabrera,1,11,tmin
ArtSurf,94,0,0,cabrera,1,11,tmin
BareArea,1122,0,0,cabrera,1,11,tmin
Crop,4,0,0,cabrera,1,11,tmin
Grass,13,0,0,cabrera,1,11,tmin
HaloVeg,52,0,0,cabrera,1,11,tmin
MedConF,8797,0,0,cabrera,1,11,tmin
MedScrub,486,0,0,cabrera,1,11,tmin
SaltMar,276,0,0,cabrera,1,11,tmin
AridScr,7823,0,0,cabrera,1,12,tmin
ArtSurf,94,0,0,cabrera,1,12,tmin
BareArea,1122,0,0,cabrera,1,12,tmin
Crop,4,0,0,cabrera,1,12,tmin
Grass,13,0,0,cabrera,1,12,tmin
HaloVeg,52,0,0,cabrera,1,12,tmin
MedConF,8797,0,0,cabrera,1,12,tmin
MedScrub,486,0,0,cabrera,1,12,tmin
SaltMar,276,0,0,cabrera,1,12,tmin
AridScr,7823,0,0,cabrera,3,1,tmin
ArtSurf,94,0,0,cabrera,3,1,tmin
BareArea,1122,0,0,cabrera,3,1,tmin
Crop,4,0,0,cabrera,3,1,tmin
Grass,13,0,0,cabrera,3,1,tmin
HaloVeg,52,0,0,cabrera,3,1,tmin
MedConF,8797,0,0,cabrera,3,1,tmin
MedScrub,486,0,0,cabrera,3,1,tmin
SaltMar,276,0,0,cabrera,3,1,tmin
AridScr,7823,0,0,cabrera,3,2,tmin
ArtSurf,94,0,0,cabrera,3,2,tmin
BareArea,1122,0,0,cabrera,3,2,tmin
Crop,4,0,0,cabrera,3,2,tmin
Grass,13,0,0,cabrera,3,2,tmin
HaloVeg,52,0,0,cabrera,3,2,tmin
MedConF,8797,0,0,cabrera,3,2,tmin
MedScrub,486,0,0,cabrera,3,2,tmin
SaltMar,276,0,0,cabrera,3,2,tmin
AridScr,7823,0,0,cabrera,3,3,tmin
ArtSurf,94,0,0,cabrera,3,3,tmin
BareArea,1122,0,0,cabrera,3,3,tmin
Crop,4,0,0,cabrera,3,3,tmin
Grass,13,0,0,cabrera,3,3,tmin
HaloVeg,52,0,0,cabrera,3,3,tmin
MedConF,8797,0,0,cabrera,3,3,tmin
MedScrub,486,0,0,cabrera,3,3,tmin
SaltMar,276,0,0,cabrera,3,3,tmin
AridScr,7823,1186,15.16,cabrera,3,4,tmin
ArtSurf,94,5,5.32,cabrera,3,4,tmin
BareArea,1122,38,3.39,cabrera,3,4,tmin
Crop,4,1,25,cabrera,3,4,tmin
Grass,13,0,0,cabrera,3,4,tmin
HaloVeg,52,1,1.92,cabrera,3,4,tmin
MedConF,8797,731,8.31,cabrera,3,4,tmin
MedScrub,486,50,10.29,cabrera,3,4,tmin
SaltMar,276,12,4.35,cabrera,3,4,tmin
AridScr,7823,547,6.99,cabrera,3,5,tmin
ArtSurf,94,3,3.19,cabrera,3,5,tmin
BareArea,1122,17,1.52,cabrera,3,5,tmin
Crop,4,0,0,cabrera,3,5,tmin
Grass,13,3,23.08,cabrera,3,5,tmin
HaloVeg,52,2,3.85,cabrera,3,5,tmin
MedConF,8797,200,2.27,cabrera,3,5,tmin
MedScrub,486,5,1.03,cabrera,3,5,tmin
SaltMar,276,5,1.81,cabrera,3,5,tmin
AridScr,7823,5874,75.09,cabrera,3,6,tmin
ArtSurf,94,42,44.68,cabrera,3,6,tmin
BareArea,1122,197,17.56,cabrera,3,6,tmin
Crop,4,0,0,cabrera,3,6,tmin
Grass,13,10,76.92,cabrera,3,6,tmin
HaloVeg,52,29,55.77,cabrera,3,6,tmin
MedConF,8797,7505,85.31,cabrera,3,6,tmin
MedScrub,486,427,87.86,cabrera,3,6,tmin
SaltMar,276,67,24.28,cabrera,3,6,tmin
AridScr,7823,5253,67.15,cabrera,3,7,tmin
ArtSurf,94,37,39.36,cabrera,3,7,tmin
BareArea,1122,306,27.27,cabrera,3,7,tmin
Crop,4,2,50,cabrera,3,7,tmin
Grass,13,11,84.62,cabrera,3,7,tmin
HaloVeg,52,22,42.31,cabrera,3,7,tmin
MedConF,8797,7121,80.95,cabrera,3,7,tmin
MedScrub,486,432,88.89,cabrera,3,7,tmin
SaltMar,276,66,23.91,cabrera,3,7,tmin
AridScr,7823,0,0,cabrera,3,8,tmin
ArtSurf,94,0,0,cabrera,3,8,tmin
BareArea,1122,1,0.09,cabrera,3,8,tmin
Crop,4,0,0,cabrera,3,8,tmin
Grass,13,0,0,cabrera,3,8,tmin
HaloVeg,52,0,0,cabrera,3,8,tmin
MedConF,8797,7,0.08,cabrera,3,8,tmin
MedScrub,486,0,0,cabrera,3,8,tmin
SaltMar,276,0,0,cabrera,3,8,tmin
AridScr,7823,0,0,cabrera,3,9,tmin
ArtSurf,94,0,0,cabrera,3,9,tmin
BareArea,1122,0,0,cabrera,3,9,tmin
Crop,4,0,0,cabrera,3,9,tmin
Grass,13,0,0,cabrera,3,9,tmin
HaloVeg,52,0,0,cabrera,3,9,tmin
MedConF,8797,0,0,cabrera,3,9,tmin
MedScrub,486,0,0,cabrera,3,9,tmin
SaltMar,276,0,0,cabrera,3,9,tmin
AridScr,7823,0,0,cabrera,3,10,tmin
ArtSurf,94,0,0,cabrera,3,10,tmin
BareArea,1122,0,0,cabrera,3,10,tmin
Crop,4,0,0,cabrera,3,10,tmin
Grass,13,0,0,cabrera,3,10,tmin
HaloVeg,52,0,0,cabrera,3,10,tmin
MedConF,8797,4,0.05,cabrera,3,10,tmin
MedScrub,486,0,0,cabrera,3,10,tmin
SaltMar,276,0,0,cabrera,3,10,tmin
AridScr,7823,0,0,cabrera,3,11,tmin
ArtSurf,94,0,0,cabrera,3,11,tmin
BareArea,1122,0,0,cabrera,3,11,tmin
Crop,4,0,0,cabrera,3,11,tmin
Grass,13,0,0,cabrera,3,11,tmin
HaloVeg,52,0,0,cabrera,3,11,tmin
MedConF,8797,0,0,cabrera,3,11,tmin
MedScrub,486,0,0,cabrera,3,11,tmin
SaltMar,276,0,0,cabrera,3,11,tmin
AridScr,7823,0,0,cabrera,3,12,tmin
ArtSurf,94,0,0,cabrera,3,12,tmin
BareArea,1122,0,0,cabrera,3,12,tmin
Crop,4,0,0,cabrera,3,12,tmin
Grass,13,0,0,cabrera,3,12,tmin
HaloVeg,52,0,0,cabrera,3,12,tmin
MedConF,8797,0,0,cabrera,3,12,tmin
MedScrub,486,0,0,cabrera,3,12,tmin
SaltMar,276,0,0,cabrera,3,12,tmin
AridScr,7823,0,0,cabrera,6,1,tmin
ArtSurf,94,0,0,cabrera,6,1,tmin
BareArea,1122,0,0,cabrera,6,1,tmin
Crop,4,0,0,cabrera,6,1,tmin
Grass,13,0,0,cabrera,6,1,tmin
HaloVeg,52,0,0,cabrera,6,1,tmin
MedConF,8797,0,0,cabrera,6,1,tmin
MedScrub,486,0,0,cabrera,6,1,tmin
SaltMar,276,0,0,cabrera,6,1,tmin
AridScr,7823,0,0,cabrera,6,2,tmin
ArtSurf,94,0,0,cabrera,6,2,tmin
BareArea,1122,0,0,cabrera,6,2,tmin
Crop,4,0,0,cabrera,6,2,tmin
Grass,13,0,0,cabrera,6,2,tmin
HaloVeg,52,0,0,cabrera,6,2,tmin
MedConF,8797,0,0,cabrera,6,2,tmin
MedScrub,486,0,0,cabrera,6,2,tmin
SaltMar,276,0,0,cabrera,6,2,tmin
AridScr,7823,0,0,cabrera,6,3,tmin
ArtSurf,94,0,0,cabrera,6,3,tmin
BareArea,1122,0,0,cabrera,6,3,tmin
Crop,4,0,0,cabrera,6,3,tmin
Grass,13,0,0,cabrera,6,3,tmin
HaloVeg,52,0,0,cabrera,6,3,tmin
MedConF,8797,0,0,cabrera,6,3,tmin
MedScrub,486,0,0,cabrera,6,3,tmin
SaltMar,276,0,0,cabrera,6,3,tmin
AridScr,7823,0,0,cabrera,6,4,tmin
ArtSurf,94,0,0,cabrera,6,4,tmin
BareArea,1122,0,0,cabrera,6,4,tmin
Crop,4,0,0,cabrera,6,4,tmin
Grass,13,0,0,cabrera,6,4,tmin
HaloVeg,52,0,0,cabrera,6,4,tmin
MedConF,8797,0,0,cabrera,6,4,tmin
MedScrub,486,0,0,cabrera,6,4,tmin
SaltMar,276,0,0,cabrera,6,4,tmin
AridScr,7823,0,0,cabrera,6,5,tmin
ArtSurf,94,0,0,cabrera,6,5,tmin
BareArea,1122,0,0,cabrera,6,5,tmin
Crop,4,0,0,cabrera,6,5,tmin
Grass,13,0,0,cabrera,6,5,tmin
HaloVeg,52,0,0,cabrera,6,5,tmin
MedConF,8797,0,0,cabrera,6,5,tmin
MedScrub,486,0,0,cabrera,6,5,tmin
SaltMar,276,0,0,cabrera,6,5,tmin
AridScr,7823,0,0,cabrera,6,6,tmin
ArtSurf,94,0,0,cabrera,6,6,tmin
BareArea,1122,0,0,cabrera,6,6,tmin
Crop,4,0,0,cabrera,6,6,tmin
Grass,13,0,0,cabrera,6,6,tmin
HaloVeg,52,0,0,cabrera,6,6,tmin
MedConF,8797,0,0,cabrera,6,6,tmin
MedScrub,486,0,0,cabrera,6,6,tmin
SaltMar,276,0,0,cabrera,6,6,tmin
AridScr,7823,0,0,cabrera,6,7,tmin
ArtSurf,94,0,0,cabrera,6,7,tmin
BareArea,1122,0,0,cabrera,6,7,tmin
Crop,4,0,0,cabrera,6,7,tmin
Grass,13,0,0,cabrera,6,7,tmin
HaloVeg,52,0,0,cabrera,6,7,tmin
MedConF,8797,0,0,cabrera,6,7,tmin
MedScrub,486,0,0,cabrera,6,7,tmin
SaltMar,276,0,0,cabrera,6,7,tmin
AridScr,7823,0,0,cabrera,6,8,tmin
ArtSurf,94,0,0,cabrera,6,8,tmin
BareArea,1122,0,0,cabrera,6,8,tmin
Crop,4,0,0,cabrera,6,8,tmin
Grass,13,0,0,cabrera,6,8,tmin
HaloVeg,52,0,0,cabrera,6,8,tmin
MedConF,8797,0,0,cabrera,6,8,tmin
MedScrub,486,0,0,cabrera,6,8,tmin
SaltMar,276,0,0,cabrera,6,8,tmin
AridScr,7823,0,0,cabrera,6,9,tmin
ArtSurf,94,0,0,cabrera,6,9,tmin
BareArea,1122,0,0,cabrera,6,9,tmin
Crop,4,0,0,cabrera,6,9,tmin
Grass,13,0,0,cabrera,6,9,tmin
HaloVeg,52,0,0,cabrera,6,9,tmin
MedConF,8797,0,0,cabrera,6,9,tmin
MedScrub,486,0,0,cabrera,6,9,tmin
SaltMar,276,0,0,cabrera,6,9,tmin
AridScr,7823,2,0.03,cabrera,6,10,tmin
ArtSurf,94,0,0,cabrera,6,10,tmin
BareArea,1122,0,0,cabrera,6,10,tmin
Crop,4,0,0,cabrera,6,10,tmin
Grass,13,0,0,cabrera,6,10,tmin
HaloVeg,52,0,0,cabrera,6,10,tmin
MedConF,8797,2,0.02,cabrera,6,10,tmin
MedScrub,486,0,0,cabrera,6,10,tmin
SaltMar,276,0,0,cabrera,6,10,tmin
AridScr,7823,0,0,cabrera,6,11,tmin
ArtSurf,94,0,0,cabrera,6,11,tmin
BareArea,1122,0,0,cabrera,6,11,tmin
Crop,4,0,0,cabrera,6,11,tmin
Grass,13,0,0,cabrera,6,11,tmin
HaloVeg,52,0,0,cabrera,6,11,tmin
MedConF,8797,0,0,cabrera,6,11,tmin
MedScrub,486,0,0,cabrera,6,11,tmin
SaltMar,276,0,0,cabrera,6,11,tmin
AridScr,7823,0,0,cabrera,6,12,tmin
ArtSurf,94,0,0,cabrera,6,12,tmin
BareArea,1122,0,0,cabrera,6,12,tmin
Crop,4,0,0,cabrera,6,12,tmin
Grass,13,0,0,cabrera,6,12,tmin
HaloVeg,52,0,0,cabrera,6,12,tmin
MedConF,8797,0,0,cabrera,6,12,tmin
MedScrub,486,2,0.41,cabrera,6,12,tmin
SaltMar,276,0,0,cabrera,6,12,tmin
AridScr,7823,2,0.03,cabrera,9,1,tmin
ArtSurf,94,0,0,cabrera,9,1,tmin
BareArea,1122,0,0,cabrera,9,1,tmin
Crop,4,0,0,cabrera,9,1,tmin
Grass,13,0,0,cabrera,9,1,tmin
HaloVeg,52,0,0,cabrera,9,1,tmin
MedConF,8797,4,0.05,cabrera,9,1,tmin
MedScrub,486,0,0,cabrera,9,1,tmin
SaltMar,276,0,0,cabrera,9,1,tmin
AridScr,7823,0,0,cabrera,9,2,tmin
ArtSurf,94,0,0,cabrera,9,2,tmin
BareArea,1122,0,0,cabrera,9,2,tmin
Crop,4,0,0,cabrera,9,2,tmin
Grass,13,0,0,cabrera,9,2,tmin
HaloVeg,52,0,0,cabrera,9,2,tmin
MedConF,8797,0,0,cabrera,9,2,tmin
MedScrub,486,0,0,cabrera,9,2,tmin
SaltMar,276,0,0,cabrera,9,2,tmin
AridScr,7823,0,0,cabrera,9,3,tmin
ArtSurf,94,0,0,cabrera,9,3,tmin
BareArea,1122,0,0,cabrera,9,3,tmin
Crop,4,0,0,cabrera,9,3,tmin
Grass,13,0,0,cabrera,9,3,tmin
HaloVeg,52,0,0,cabrera,9,3,tmin
MedConF,8797,0,0,cabrera,9,3,tmin
MedScrub,486,0,0,cabrera,9,3,tmin
SaltMar,276,0,0,cabrera,9,3,tmin
AridScr,7823,0,0,cabrera,9,4,tmin
ArtSurf,94,0,0,cabrera,9,4,tmin
BareArea,1122,0,0,cabrera,9,4,tmin
Crop,4,0,0,cabrera,9,4,tmin
Grass,13,0,0,cabrera,9,4,tmin
HaloVeg,52,0,0,cabrera,9,4,tmin
MedConF,8797,0,0,cabrera,9,4,tmin
MedScrub,486,0,0,cabrera,9,4,tmin
SaltMar,276,0,0,cabrera,9,4,tmin
AridScr,7823,0,0,cabrera,9,5,tmin
ArtSurf,94,0,0,cabrera,9,5,tmin
BareArea,1122,0,0,cabrera,9,5,tmin
Crop,4,0,0,cabrera,9,5,tmin
Grass,13,0,0,cabrera,9,5,tmin
HaloVeg,52,0,0,cabrera,9,5,tmin
MedConF,8797,0,0,cabrera,9,5,tmin
MedScrub,486,0,0,cabrera,9,5,tmin
SaltMar,276,0,0,cabrera,9,5,tmin
AridScr,7823,0,0,cabrera,9,6,tmin
ArtSurf,94,0,0,cabrera,9,6,tmin
BareArea,1122,0,0,cabrera,9,6,tmin
Crop,4,0,0,cabrera,9,6,tmin
Grass,13,0,0,cabrera,9,6,tmin
HaloVeg,52,0,0,cabrera,9,6,tmin
MedConF,8797,0,0,cabrera,9,6,tmin
MedScrub,486,0,0,cabrera,9,6,tmin
SaltMar,276,0,0,cabrera,9,6,tmin
AridScr,7823,0,0,cabrera,9,7,tmin
ArtSurf,94,0,0,cabrera,9,7,tmin
BareArea,1122,0,0,cabrera,9,7,tmin
Crop,4,0,0,cabrera,9,7,tmin
Grass,13,0,0,cabrera,9,7,tmin
HaloVeg,52,0,0,cabrera,9,7,tmin
MedConF,8797,0,0,cabrera,9,7,tmin
MedScrub,486,0,0,cabrera,9,7,tmin
SaltMar,276,0,0,cabrera,9,7,tmin
AridScr,7823,0,0,cabrera,9,8,tmin
ArtSurf,94,0,0,cabrera,9,8,tmin
BareArea,1122,0,0,cabrera,9,8,tmin
Crop,4,0,0,cabrera,9,8,tmin
Grass,13,0,0,cabrera,9,8,tmin
HaloVeg,52,0,0,cabrera,9,8,tmin
MedConF,8797,0,0,cabrera,9,8,tmin
MedScrub,486,0,0,cabrera,9,8,tmin
SaltMar,276,0,0,cabrera,9,8,tmin
AridScr,7823,0,0,cabrera,9,9,tmin
ArtSurf,94,0,0,cabrera,9,9,tmin
BareArea,1122,0,0,cabrera,9,9,tmin
Crop,4,0,0,cabrera,9,9,tmin
Grass,13,0,0,cabrera,9,9,tmin
HaloVeg,52,0,0,cabrera,9,9,tmin
MedConF,8797,0,0,cabrera,9,9,tmin
MedScrub,486,0,0,cabrera,9,9,tmin
SaltMar,276,0,0,cabrera,9,9,tmin
AridScr,7823,0,0,cabrera,9,10,tmin
ArtSurf,94,0,0,cabrera,9,10,tmin
BareArea,1122,0,0,cabrera,9,10,tmin
Crop,4,0,0,cabrera,9,10,tmin
Grass,13,0,0,cabrera,9,10,tmin
HaloVeg,52,0,0,cabrera,9,10,tmin
MedConF,8797,0,0,cabrera,9,10,tmin
MedScrub,486,0,0,cabrera,9,10,tmin
SaltMar,276,0,0,cabrera,9,10,tmin
AridScr,7823,0,0,cabrera,9,11,tmin
ArtSurf,94,0,0,cabrera,9,11,tmin
BareArea,1122,0,0,cabrera,9,11,tmin
Crop,4,0,0,cabrera,9,11,tmin
Grass,13,0,0,cabrera,9,11,tmin
HaloVeg,52,0,0,cabrera,9,11,tmin
MedConF,8797,0,0,cabrera,9,11,tmin
MedScrub,486,0,0,cabrera,9,11,tmin
SaltMar,276,0,0,cabrera,9,11,tmin
AridScr,7823,0,0,cabrera,9,12,tmin
ArtSurf,94,0,0,cabrera,9,12,tmin
BareArea,1122,0,0,cabrera,9,12,tmin
Crop,4,0,0,cabrera,9,12,tmin
Grass,13,0,0,cabrera,9,12,tmin
HaloVeg,52,0,0,cabrera,9,12,tmin
MedConF,8797,0,0,cabrera,9,12,tmin
MedScrub,486,0,0,cabrera,9,12,tmin
SaltMar,276,0,0,cabrera,9,12,tmin
AridScr,7823,0,0,cabrera,12,1,tmin
ArtSurf,94,0,0,cabrera,12,1,tmin
BareArea,1122,0,0,cabrera,12,1,tmin
Crop,4,0,0,cabrera,12,1,tmin
Grass,13,0,0,cabrera,12,1,tmin
HaloVeg,52,0,0,cabrera,12,1,tmin
MedConF,8797,0,0,cabrera,12,1,tmin
MedScrub,486,0,0,cabrera,12,1,tmin
SaltMar,276,0,0,cabrera,12,1,tmin
AridScr,7823,0,0,cabrera,12,2,tmin
ArtSurf,94,0,0,cabrera,12,2,tmin
BareArea,1122,0,0,cabrera,12,2,tmin
Crop,4,0,0,cabrera,12,2,tmin
Grass,13,0,0,cabrera,12,2,tmin
HaloVeg,52,0,0,cabrera,12,2,tmin
MedConF,8797,0,0,cabrera,12,2,tmin
MedScrub,486,0,0,cabrera,12,2,tmin
SaltMar,276,0,0,cabrera,12,2,tmin
AridScr,7823,0,0,cabrera,12,3,tmin
ArtSurf,94,0,0,cabrera,12,3,tmin
BareArea,1122,0,0,cabrera,12,3,tmin
Crop,4,0,0,cabrera,12,3,tmin
Grass,13,0,0,cabrera,12,3,tmin
HaloVeg,52,0,0,cabrera,12,3,tmin
MedConF,8797,0,0,cabrera,12,3,tmin
MedScrub,486,0,0,cabrera,12,3,tmin
SaltMar,276,0,0,cabrera,12,3,tmin
AridScr,7823,0,0,cabrera,12,4,tmin
ArtSurf,94,0,0,cabrera,12,4,tmin
BareArea,1122,0,0,cabrera,12,4,tmin
Crop,4,0,0,cabrera,12,4,tmin
Grass,13,0,0,cabrera,12,4,tmin
HaloVeg,52,0,0,cabrera,12,4,tmin
MedConF,8797,0,0,cabrera,12,4,tmin
MedScrub,486,0,0,cabrera,12,4,tmin
SaltMar,276,0,0,cabrera,12,4,tmin
AridScr,7823,0,0,cabrera,12,5,tmin
ArtSurf,94,0,0,cabrera,12,5,tmin
BareArea,1122,0,0,cabrera,12,5,tmin
Crop,4,0,0,cabrera,12,5,tmin
Grass,13,0,0,cabrera,12,5,tmin
HaloVeg,52,0,0,cabrera,12,5,tmin
MedConF,8797,0,0,cabrera,12,5,tmin
MedScrub,486,0,0,cabrera,12,5,tmin
SaltMar,276,0,0,cabrera,12,5,tmin
AridScr,7823,0,0,cabrera,12,6,tmin
ArtSurf,94,0,0,cabrera,12,6,tmin
BareArea,1122,0,0,cabrera,12,6,tmin
Crop,4,0,0,cabrera,12,6,tmin
Grass,13,0,0,cabrera,12,6,tmin
HaloVeg,52,0,0,cabrera,12,6,tmin
MedConF,8797,0,0,cabrera,12,6,tmin
MedScrub,486,0,0,cabrera,12,6,tmin
SaltMar,276,0,0,cabrera,12,6,tmin
AridScr,7823,0,0,cabrera,12,7,tmin
ArtSurf,94,0,0,cabrera,12,7,tmin
BareArea,1122,0,0,cabrera,12,7,tmin
Crop,4,0,0,cabrera,12,7,tmin
Grass,13,0,0,cabrera,12,7,tmin
HaloVeg,52,0,0,cabrera,12,7,tmin
MedConF,8797,0,0,cabrera,12,7,tmin
MedScrub,486,0,0,cabrera,12,7,tmin
SaltMar,276,0,0,cabrera,12,7,tmin
AridScr,7823,0,0,cabrera,12,8,tmin
ArtSurf,94,0,0,cabrera,12,8,tmin
BareArea,1122,0,0,cabrera,12,8,tmin
Crop,4,0,0,cabrera,12,8,tmin
Grass,13,0,0,cabrera,12,8,tmin
HaloVeg,52,0,0,cabrera,12,8,tmin
MedConF,8797,0,0,cabrera,12,8,tmin
MedScrub,486,0,0,cabrera,12,8,tmin
SaltMar,276,0,0,cabrera,12,8,tmin
AridScr,7823,0,0,cabrera,12,9,tmin
ArtSurf,94,0,0,cabrera,12,9,tmin
BareArea,1122,0,0,cabrera,12,9,tmin
Crop,4,0,0,cabrera,12,9,tmin
Grass,13,0,0,cabrera,12,9,tmin
HaloVeg,52,0,0,cabrera,12,9,tmin
MedConF,8797,0,0,cabrera,12,9,tmin
MedScrub,486,0,0,cabrera,12,9,tmin
SaltMar,276,0,0,cabrera,12,9,tmin
AridScr,7823,0,0,cabrera,12,10,tmin
ArtSurf,94,0,0,cabrera,12,10,tmin
BareArea,1122,0,0,cabrera,12,10,tmin
Crop,4,0,0,cabrera,12,10,tmin
Grass,13,0,0,cabrera,12,10,tmin
HaloVeg,52,0,0,cabrera,12,10,tmin
MedConF,8797,0,0,cabrera,12,10,tmin
MedScrub,486,0,0,cabrera,12,10,tmin
SaltMar,276,0,0,cabrera,12,10,tmin
AridScr,7823,0,0,cabrera,12,11,tmin
ArtSurf,94,0,0,cabrera,12,11,tmin
BareArea,1122,0,0,cabrera,12,11,tmin
Crop,4,0,0,cabrera,12,11,tmin
Grass,13,0,0,cabrera,12,11,tmin
HaloVeg,52,0,0,cabrera,12,11,tmin
MedConF,8797,0,0,cabrera,12,11,tmin
MedScrub,486,0,0,cabrera,12,11,tmin
SaltMar,276,0,0,cabrera,12,11,tmin
AridScr,7823,0,0,cabrera,12,12,tmin
ArtSurf,94,0,0,cabrera,12,12,tmin
BareArea,1122,0,0,cabrera,12,12,tmin
Crop,4,0,0,cabrera,12,12,tmin
Grass,13,0,0,cabrera,12,12,tmin
HaloVeg,52,0,0,cabrera,12,12,tmin
MedConF,8797,0,0,cabrera,12,12,tmin
MedScrub,486,0,0,cabrera,12,12,tmin
SaltMar,276,0,0,cabrera,12,12,tmin
ArtSurf,247,0,0,daimiel,1,1,tmin
Crop,2273,0,0,daimiel,1,1,tmin
Dehesa,2601,0,0,daimiel,1,1,tmin
Grass,8172,0,0,daimiel,1,1,tmin
HaloVeg,2543,0,0,daimiel,1,1,tmin
HydroRipVeg,16350,0,0,daimiel,1,1,tmin
MedSclF,623,0,0,daimiel,1,1,tmin
Reforestation,25,0,0,daimiel,1,1,tmin
RipF,1501,0,0,daimiel,1,1,tmin
WaterSurf,8869,0,0,daimiel,1,1,tmin
ArtSurf,247,0,0,daimiel,1,2,tmin
Crop,2273,0,0,daimiel,1,2,tmin
Dehesa,2601,0,0,daimiel,1,2,tmin
Grass,8172,0,0,daimiel,1,2,tmin
HaloVeg,2543,0,0,daimiel,1,2,tmin
HydroRipVeg,16350,0,0,daimiel,1,2,tmin
MedSclF,623,0,0,daimiel,1,2,tmin
Reforestation,25,0,0,daimiel,1,2,tmin
RipF,1501,0,0,daimiel,1,2,tmin
WaterSurf,8869,0,0,daimiel,1,2,tmin
ArtSurf,247,0,0,daimiel,1,3,tmin
Crop,2273,0,0,daimiel,1,3,tmin
Dehesa,2601,0,0,daimiel,1,3,tmin
Grass,8172,0,0,daimiel,1,3,tmin
HaloVeg,2543,0,0,daimiel,1,3,tmin
HydroRipVeg,16350,0,0,daimiel,1,3,tmin
MedSclF,623,0,0,daimiel,1,3,tmin
Reforestation,25,0,0,daimiel,1,3,tmin
RipF,1501,0,0,daimiel,1,3,tmin
WaterSurf,8869,0,0,daimiel,1,3,tmin
ArtSurf,247,0,0,daimiel,1,4,tmin
Crop,2273,0,0,daimiel,1,4,tmin
Dehesa,2601,0,0,daimiel,1,4,tmin
Grass,8172,0,0,daimiel,1,4,tmin
HaloVeg,2543,0,0,daimiel,1,4,tmin
HydroRipVeg,16350,0,0,daimiel,1,4,tmin
MedSclF,623,0,0,daimiel,1,4,tmin
Reforestation,25,0,0,daimiel,1,4,tmin
RipF,1501,0,0,daimiel,1,4,tmin
WaterSurf,8869,0,0,daimiel,1,4,tmin
ArtSurf,247,0,0,daimiel,1,5,tmin
Crop,2273,0,0,daimiel,1,5,tmin
Dehesa,2601,0,0,daimiel,1,5,tmin
Grass,8172,0,0,daimiel,1,5,tmin
HaloVeg,2543,0,0,daimiel,1,5,tmin
HydroRipVeg,16350,0,0,daimiel,1,5,tmin
MedSclF,623,0,0,daimiel,1,5,tmin
Reforestation,25,0,0,daimiel,1,5,tmin
RipF,1501,0,0,daimiel,1,5,tmin
WaterSurf,8869,0,0,daimiel,1,5,tmin
ArtSurf,247,0,0,daimiel,1,6,tmin
Crop,2273,0,0,daimiel,1,6,tmin
Dehesa,2601,0,0,daimiel,1,6,tmin
Grass,8172,0,0,daimiel,1,6,tmin
HaloVeg,2543,0,0,daimiel,1,6,tmin
HydroRipVeg,16350,0,0,daimiel,1,6,tmin
MedSclF,623,0,0,daimiel,1,6,tmin
Reforestation,25,0,0,daimiel,1,6,tmin
RipF,1501,0,0,daimiel,1,6,tmin
WaterSurf,8869,0,0,daimiel,1,6,tmin
ArtSurf,247,0,0,daimiel,1,7,tmin
Crop,2273,0,0,daimiel,1,7,tmin
Dehesa,2601,0,0,daimiel,1,7,tmin
Grass,8172,0,0,daimiel,1,7,tmin
HaloVeg,2543,0,0,daimiel,1,7,tmin
HydroRipVeg,16350,0,0,daimiel,1,7,tmin
MedSclF,623,0,0,daimiel,1,7,tmin
Reforestation,25,0,0,daimiel,1,7,tmin
RipF,1501,0,0,daimiel,1,7,tmin
WaterSurf,8869,0,0,daimiel,1,7,tmin
ArtSurf,247,0,0,daimiel,1,8,tmin
Crop,2273,0,0,daimiel,1,8,tmin
Dehesa,2601,0,0,daimiel,1,8,tmin
Grass,8172,0,0,daimiel,1,8,tmin
HaloVeg,2543,0,0,daimiel,1,8,tmin
HydroRipVeg,16350,0,0,daimiel,1,8,tmin
MedSclF,623,0,0,daimiel,1,8,tmin
Reforestation,25,0,0,daimiel,1,8,tmin
RipF,1501,0,0,daimiel,1,8,tmin
WaterSurf,8869,0,0,daimiel,1,8,tmin
ArtSurf,247,0,0,daimiel,1,9,tmin
Crop,2273,0,0,daimiel,1,9,tmin
Dehesa,2601,0,0,daimiel,1,9,tmin
Grass,8172,0,0,daimiel,1,9,tmin
HaloVeg,2543,0,0,daimiel,1,9,tmin
HydroRipVeg,16350,0,0,daimiel,1,9,tmin
MedSclF,623,0,0,daimiel,1,9,tmin
Reforestation,25,0,0,daimiel,1,9,tmin
RipF,1501,0,0,daimiel,1,9,tmin
WaterSurf,8869,0,0,daimiel,1,9,tmin
ArtSurf,247,0,0,daimiel,1,10,tmin
Crop,2273,0,0,daimiel,1,10,tmin
Dehesa,2601,0,0,daimiel,1,10,tmin
Grass,8172,0,0,daimiel,1,10,tmin
HaloVeg,2543,0,0,daimiel,1,10,tmin
HydroRipVeg,16350,0,0,daimiel,1,10,tmin
MedSclF,623,0,0,daimiel,1,10,tmin
Reforestation,25,0,0,daimiel,1,10,tmin
RipF,1501,0,0,daimiel,1,10,tmin
WaterSurf,8869,0,0,daimiel,1,10,tmin
ArtSurf,247,0,0,daimiel,1,11,tmin
Crop,2273,0,0,daimiel,1,11,tmin
Dehesa,2601,0,0,daimiel,1,11,tmin
Grass,8172,0,0,daimiel,1,11,tmin
HaloVeg,2543,0,0,daimiel,1,11,tmin
HydroRipVeg,16350,0,0,daimiel,1,11,tmin
MedSclF,623,0,0,daimiel,1,11,tmin
Reforestation,25,0,0,daimiel,1,11,tmin
RipF,1501,0,0,daimiel,1,11,tmin
WaterSurf,8869,0,0,daimiel,1,11,tmin
ArtSurf,247,0,0,daimiel,1,12,tmin
Crop,2273,0,0,daimiel,1,12,tmin
Dehesa,2601,0,0,daimiel,1,12,tmin
Grass,8172,0,0,daimiel,1,12,tmin
HaloVeg,2543,0,0,daimiel,1,12,tmin
HydroRipVeg,16350,0,0,daimiel,1,12,tmin
MedSclF,623,0,0,daimiel,1,12,tmin
Reforestation,25,0,0,daimiel,1,12,tmin
RipF,1501,0,0,daimiel,1,12,tmin
WaterSurf,8869,0,0,daimiel,1,12,tmin
ArtSurf,247,0,0,daimiel,3,1,tmin
Crop,2273,0,0,daimiel,3,1,tmin
Dehesa,2601,0,0,daimiel,3,1,tmin
Grass,8172,0,0,daimiel,3,1,tmin
HaloVeg,2543,0,0,daimiel,3,1,tmin
HydroRipVeg,16350,0,0,daimiel,3,1,tmin
MedSclF,623,0,0,daimiel,3,1,tmin
Reforestation,25,0,0,daimiel,3,1,tmin
RipF,1501,0,0,daimiel,3,1,tmin
WaterSurf,8869,0,0,daimiel,3,1,tmin
ArtSurf,247,0,0,daimiel,3,2,tmin
Crop,2273,0,0,daimiel,3,2,tmin
Dehesa,2601,0,0,daimiel,3,2,tmin
Grass,8172,0,0,daimiel,3,2,tmin
HaloVeg,2543,0,0,daimiel,3,2,tmin
HydroRipVeg,16350,0,0,daimiel,3,2,tmin
MedSclF,623,0,0,daimiel,3,2,tmin
Reforestation,25,0,0,daimiel,3,2,tmin
RipF,1501,0,0,daimiel,3,2,tmin
WaterSurf,8869,0,0,daimiel,3,2,tmin
ArtSurf,247,0,0,daimiel,3,3,tmin
Crop,2273,0,0,daimiel,3,3,tmin
Dehesa,2601,0,0,daimiel,3,3,tmin
Grass,8172,0,0,daimiel,3,3,tmin
HaloVeg,2543,0,0,daimiel,3,3,tmin
HydroRipVeg,16350,0,0,daimiel,3,3,tmin
MedSclF,623,0,0,daimiel,3,3,tmin
Reforestation,25,0,0,daimiel,3,3,tmin
RipF,1501,0,0,daimiel,3,3,tmin
WaterSurf,8869,0,0,daimiel,3,3,tmin
ArtSurf,247,0,0,daimiel,3,4,tmin
Crop,2273,0,0,daimiel,3,4,tmin
Dehesa,2601,0,0,daimiel,3,4,tmin
Grass,8172,0,0,daimiel,3,4,tmin
HaloVeg,2543,0,0,daimiel,3,4,tmin
HydroRipVeg,16350,0,0,daimiel,3,4,tmin
MedSclF,623,0,0,daimiel,3,4,tmin
Reforestation,25,0,0,daimiel,3,4,tmin
RipF,1501,0,0,daimiel,3,4,tmin
WaterSurf,8869,0,0,daimiel,3,4,tmin
ArtSurf,247,0,0,daimiel,3,5,tmin
Crop,2273,0,0,daimiel,3,5,tmin
Dehesa,2601,0,0,daimiel,3,5,tmin
Grass,8172,0,0,daimiel,3,5,tmin
HaloVeg,2543,0,0,daimiel,3,5,tmin
HydroRipVeg,16350,0,0,daimiel,3,5,tmin
MedSclF,623,0,0,daimiel,3,5,tmin
Reforestation,25,0,0,daimiel,3,5,tmin
RipF,1501,0,0,daimiel,3,5,tmin
WaterSurf,8869,0,0,daimiel,3,5,tmin
ArtSurf,247,0,0,daimiel,3,6,tmin
Crop,2273,0,0,daimiel,3,6,tmin
Dehesa,2601,0,0,daimiel,3,6,tmin
Grass,8172,0,0,daimiel,3,6,tmin
HaloVeg,2543,0,0,daimiel,3,6,tmin
HydroRipVeg,16350,0,0,daimiel,3,6,tmin
MedSclF,623,0,0,daimiel,3,6,tmin
Reforestation,25,0,0,daimiel,3,6,tmin
RipF,1501,0,0,daimiel,3,6,tmin
WaterSurf,8869,0,0,daimiel,3,6,tmin
ArtSurf,247,0,0,daimiel,3,7,tmin
Crop,2273,43,1.89,daimiel,3,7,tmin
Dehesa,2601,86,3.31,daimiel,3,7,tmin
Grass,8172,204,2.5,daimiel,3,7,tmin
HaloVeg,2543,508,19.98,daimiel,3,7,tmin
HydroRipVeg,16350,249,1.52,daimiel,3,7,tmin
MedSclF,623,395,63.4,daimiel,3,7,tmin
Reforestation,25,3,12,daimiel,3,7,tmin
RipF,1501,80,5.33,daimiel,3,7,tmin
WaterSurf,8869,4,0.05,daimiel,3,7,tmin
ArtSurf,247,0,0,daimiel,3,8,tmin
Crop,2273,0,0,daimiel,3,8,tmin
Dehesa,2601,0,0,daimiel,3,8,tmin
Grass,8172,0,0,daimiel,3,8,tmin
HaloVeg,2543,0,0,daimiel,3,8,tmin
HydroRipVeg,16350,0,0,daimiel,3,8,tmin
MedSclF,623,0,0,daimiel,3,8,tmin
Reforestation,25,0,0,daimiel,3,8,tmin
RipF,1501,0,0,daimiel,3,8,tmin
WaterSurf,8869,0,0,daimiel,3,8,tmin
ArtSurf,247,0,0,daimiel,3,9,tmin
Crop,2273,0,0,daimiel,3,9,tmin
Dehesa,2601,0,0,daimiel,3,9,tmin
Grass,8172,0,0,daimiel,3,9,tmin
HaloVeg,2543,0,0,daimiel,3,9,tmin
HydroRipVeg,16350,0,0,daimiel,3,9,tmin
MedSclF,623,0,0,daimiel,3,9,tmin
Reforestation,25,0,0,daimiel,3,9,tmin
RipF,1501,0,0,daimiel,3,9,tmin
WaterSurf,8869,0,0,daimiel,3,9,tmin
ArtSurf,247,0,0,daimiel,3,10,tmin
Crop,2273,0,0,daimiel,3,10,tmin
Dehesa,2601,0,0,daimiel,3,10,tmin
Grass,8172,0,0,daimiel,3,10,tmin
HaloVeg,2543,0,0,daimiel,3,10,tmin
HydroRipVeg,16350,0,0,daimiel,3,10,tmin
MedSclF,623,0,0,daimiel,3,10,tmin
Reforestation,25,0,0,daimiel,3,10,tmin
RipF,1501,0,0,daimiel,3,10,tmin
WaterSurf,8869,0,0,daimiel,3,10,tmin
ArtSurf,247,0,0,daimiel,3,11,tmin
Crop,2273,0,0,daimiel,3,11,tmin
Dehesa,2601,0,0,daimiel,3,11,tmin
Grass,8172,0,0,daimiel,3,11,tmin
HaloVeg,2543,0,0,daimiel,3,11,tmin
HydroRipVeg,16350,0,0,daimiel,3,11,tmin
MedSclF,623,0,0,daimiel,3,11,tmin
Reforestation,25,0,0,daimiel,3,11,tmin
RipF,1501,0,0,daimiel,3,11,tmin
WaterSurf,8869,0,0,daimiel,3,11,tmin
ArtSurf,247,0,0,daimiel,3,12,tmin
Crop,2273,0,0,daimiel,3,12,tmin
Dehesa,2601,0,0,daimiel,3,12,tmin
Grass,8172,0,0,daimiel,3,12,tmin
HaloVeg,2543,0,0,daimiel,3,12,tmin
HydroRipVeg,16350,0,0,daimiel,3,12,tmin
MedSclF,623,0,0,daimiel,3,12,tmin
Reforestation,25,0,0,daimiel,3,12,tmin
RipF,1501,0,0,daimiel,3,12,tmin
WaterSurf,8869,0,0,daimiel,3,12,tmin
ArtSurf,247,0,0,daimiel,6,1,tmin
Crop,2273,0,0,daimiel,6,1,tmin
Dehesa,2601,0,0,daimiel,6,1,tmin
Grass,8172,0,0,daimiel,6,1,tmin
HaloVeg,2543,0,0,daimiel,6,1,tmin
HydroRipVeg,16350,0,0,daimiel,6,1,tmin
MedSclF,623,0,0,daimiel,6,1,tmin
Reforestation,25,0,0,daimiel,6,1,tmin
RipF,1501,0,0,daimiel,6,1,tmin
WaterSurf,8869,0,0,daimiel,6,1,tmin
ArtSurf,247,0,0,daimiel,6,2,tmin
Crop,2273,0,0,daimiel,6,2,tmin
Dehesa,2601,0,0,daimiel,6,2,tmin
Grass,8172,0,0,daimiel,6,2,tmin
HaloVeg,2543,0,0,daimiel,6,2,tmin
HydroRipVeg,16350,0,0,daimiel,6,2,tmin
MedSclF,623,0,0,daimiel,6,2,tmin
Reforestation,25,0,0,daimiel,6,2,tmin
RipF,1501,0,0,daimiel,6,2,tmin
WaterSurf,8869,0,0,daimiel,6,2,tmin
ArtSurf,247,0,0,daimiel,6,3,tmin
Crop,2273,0,0,daimiel,6,3,tmin
Dehesa,2601,0,0,daimiel,6,3,tmin
Grass,8172,0,0,daimiel,6,3,tmin
HaloVeg,2543,0,0,daimiel,6,3,tmin
HydroRipVeg,16350,0,0,daimiel,6,3,tmin
MedSclF,623,0,0,daimiel,6,3,tmin
Reforestation,25,0,0,daimiel,6,3,tmin
RipF,1501,0,0,daimiel,6,3,tmin
WaterSurf,8869,0,0,daimiel,6,3,tmin
ArtSurf,247,0,0,daimiel,6,4,tmin
Crop,2273,0,0,daimiel,6,4,tmin
Dehesa,2601,0,0,daimiel,6,4,tmin
Grass,8172,0,0,daimiel,6,4,tmin
HaloVeg,2543,0,0,daimiel,6,4,tmin
HydroRipVeg,16350,0,0,daimiel,6,4,tmin
MedSclF,623,0,0,daimiel,6,4,tmin
Reforestation,25,0,0,daimiel,6,4,tmin
RipF,1501,0,0,daimiel,6,4,tmin
WaterSurf,8869,0,0,daimiel,6,4,tmin
ArtSurf,247,0,0,daimiel,6,5,tmin
Crop,2273,0,0,daimiel,6,5,tmin
Dehesa,2601,0,0,daimiel,6,5,tmin
Grass,8172,0,0,daimiel,6,5,tmin
HaloVeg,2543,0,0,daimiel,6,5,tmin
HydroRipVeg,16350,0,0,daimiel,6,5,tmin
MedSclF,623,0,0,daimiel,6,5,tmin
Reforestation,25,0,0,daimiel,6,5,tmin
RipF,1501,0,0,daimiel,6,5,tmin
WaterSurf,8869,0,0,daimiel,6,5,tmin
ArtSurf,247,0,0,daimiel,6,6,tmin
Crop,2273,0,0,daimiel,6,6,tmin
Dehesa,2601,0,0,daimiel,6,6,tmin
Grass,8172,0,0,daimiel,6,6,tmin
HaloVeg,2543,0,0,daimiel,6,6,tmin
HydroRipVeg,16350,0,0,daimiel,6,6,tmin
MedSclF,623,0,0,daimiel,6,6,tmin
Reforestation,25,0,0,daimiel,6,6,tmin
RipF,1501,0,0,daimiel,6,6,tmin
WaterSurf,8869,0,0,daimiel,6,6,tmin
ArtSurf,247,0,0,daimiel,6,7,tmin
Crop,2273,0,0,daimiel,6,7,tmin
Dehesa,2601,0,0,daimiel,6,7,tmin
Grass,8172,0,0,daimiel,6,7,tmin
HaloVeg,2543,0,0,daimiel,6,7,tmin
HydroRipVeg,16350,0,0,daimiel,6,7,tmin
MedSclF,623,0,0,daimiel,6,7,tmin
Reforestation,25,0,0,daimiel,6,7,tmin
RipF,1501,0,0,daimiel,6,7,tmin
WaterSurf,8869,0,0,daimiel,6,7,tmin
ArtSurf,247,0,0,daimiel,6,8,tmin
Crop,2273,0,0,daimiel,6,8,tmin
Dehesa,2601,0,0,daimiel,6,8,tmin
Grass,8172,0,0,daimiel,6,8,tmin
HaloVeg,2543,0,0,daimiel,6,8,tmin
HydroRipVeg,16350,0,0,daimiel,6,8,tmin
MedSclF,623,0,0,daimiel,6,8,tmin
Reforestation,25,0,0,daimiel,6,8,tmin
RipF,1501,0,0,daimiel,6,8,tmin
WaterSurf,8869,0,0,daimiel,6,8,tmin
ArtSurf,247,0,0,daimiel,6,9,tmin
Crop,2273,0,0,daimiel,6,9,tmin
Dehesa,2601,0,0,daimiel,6,9,tmin
Grass,8172,0,0,daimiel,6,9,tmin
HaloVeg,2543,0,0,daimiel,6,9,tmin
HydroRipVeg,16350,0,0,daimiel,6,9,tmin
MedSclF,623,0,0,daimiel,6,9,tmin
Reforestation,25,0,0,daimiel,6,9,tmin
RipF,1501,0,0,daimiel,6,9,tmin
WaterSurf,8869,0,0,daimiel,6,9,tmin
ArtSurf,247,0,0,daimiel,6,10,tmin
Crop,2273,0,0,daimiel,6,10,tmin
Dehesa,2601,0,0,daimiel,6,10,tmin
Grass,8172,0,0,daimiel,6,10,tmin
HaloVeg,2543,0,0,daimiel,6,10,tmin
HydroRipVeg,16350,0,0,daimiel,6,10,tmin
MedSclF,623,0,0,daimiel,6,10,tmin
Reforestation,25,0,0,daimiel,6,10,tmin
RipF,1501,0,0,daimiel,6,10,tmin
WaterSurf,8869,0,0,daimiel,6,10,tmin
ArtSurf,247,0,0,daimiel,6,11,tmin
Crop,2273,0,0,daimiel,6,11,tmin
Dehesa,2601,0,0,daimiel,6,11,tmin
Grass,8172,0,0,daimiel,6,11,tmin
HaloVeg,2543,0,0,daimiel,6,11,tmin
HydroRipVeg,16350,0,0,daimiel,6,11,tmin
MedSclF,623,0,0,daimiel,6,11,tmin
Reforestation,25,0,0,daimiel,6,11,tmin
RipF,1501,0,0,daimiel,6,11,tmin
WaterSurf,8869,0,0,daimiel,6,11,tmin
ArtSurf,247,0,0,daimiel,6,12,tmin
Crop,2273,0,0,daimiel,6,12,tmin
Dehesa,2601,0,0,daimiel,6,12,tmin
Grass,8172,0,0,daimiel,6,12,tmin
HaloVeg,2543,0,0,daimiel,6,12,tmin
HydroRipVeg,16350,0,0,daimiel,6,12,tmin
MedSclF,623,0,0,daimiel,6,12,tmin
Reforestation,25,0,0,daimiel,6,12,tmin
RipF,1501,0,0,daimiel,6,12,tmin
WaterSurf,8869,0,0,daimiel,6,12,tmin
ArtSurf,247,0,0,daimiel,9,1,tmin
Crop,2273,0,0,daimiel,9,1,tmin
Dehesa,2601,0,0,daimiel,9,1,tmin
Grass,8172,0,0,daimiel,9,1,tmin
HaloVeg,2543,0,0,daimiel,9,1,tmin
HydroRipVeg,16350,0,0,daimiel,9,1,tmin
MedSclF,623,0,0,daimiel,9,1,tmin
Reforestation,25,0,0,daimiel,9,1,tmin
RipF,1501,0,0,daimiel,9,1,tmin
WaterSurf,8869,0,0,daimiel,9,1,tmin
ArtSurf,247,0,0,daimiel,9,2,tmin
Crop,2273,0,0,daimiel,9,2,tmin
Dehesa,2601,0,0,daimiel,9,2,tmin
Grass,8172,0,0,daimiel,9,2,tmin
HaloVeg,2543,0,0,daimiel,9,2,tmin
HydroRipVeg,16350,0,0,daimiel,9,2,tmin
MedSclF,623,0,0,daimiel,9,2,tmin
Reforestation,25,0,0,daimiel,9,2,tmin
RipF,1501,0,0,daimiel,9,2,tmin
WaterSurf,8869,0,0,daimiel,9,2,tmin
ArtSurf,247,0,0,daimiel,9,3,tmin
Crop,2273,0,0,daimiel,9,3,tmin
Dehesa,2601,0,0,daimiel,9,3,tmin
Grass,8172,0,0,daimiel,9,3,tmin
HaloVeg,2543,0,0,daimiel,9,3,tmin
HydroRipVeg,16350,0,0,daimiel,9,3,tmin
MedSclF,623,0,0,daimiel,9,3,tmin
Reforestation,25,0,0,daimiel,9,3,tmin
RipF,1501,0,0,daimiel,9,3,tmin
WaterSurf,8869,0,0,daimiel,9,3,tmin
ArtSurf,247,0,0,daimiel,9,4,tmin
Crop,2273,0,0,daimiel,9,4,tmin
Dehesa,2601,0,0,daimiel,9,4,tmin
Grass,8172,0,0,daimiel,9,4,tmin
HaloVeg,2543,0,0,daimiel,9,4,tmin
HydroRipVeg,16350,0,0,daimiel,9,4,tmin
MedSclF,623,0,0,daimiel,9,4,tmin
Reforestation,25,0,0,daimiel,9,4,tmin
RipF,1501,0,0,daimiel,9,4,tmin
WaterSurf,8869,0,0,daimiel,9,4,tmin
ArtSurf,247,0,0,daimiel,9,5,tmin
Crop,2273,0,0,daimiel,9,5,tmin
Dehesa,2601,0,0,daimiel,9,5,tmin
Grass,8172,2,0.02,daimiel,9,5,tmin
HaloVeg,2543,0,0,daimiel,9,5,tmin
HydroRipVeg,16350,0,0,daimiel,9,5,tmin
MedSclF,623,0,0,daimiel,9,5,tmin
Reforestation,25,0,0,daimiel,9,5,tmin
RipF,1501,0,0,daimiel,9,5,tmin
WaterSurf,8869,0,0,daimiel,9,5,tmin
ArtSurf,247,0,0,daimiel,9,6,tmin
Crop,2273,0,0,daimiel,9,6,tmin
Dehesa,2601,0,0,daimiel,9,6,tmin
Grass,8172,0,0,daimiel,9,6,tmin
HaloVeg,2543,0,0,daimiel,9,6,tmin
HydroRipVeg,16350,0,0,daimiel,9,6,tmin
MedSclF,623,0,0,daimiel,9,6,tmin
Reforestation,25,0,0,daimiel,9,6,tmin
RipF,1501,0,0,daimiel,9,6,tmin
WaterSurf,8869,0,0,daimiel,9,6,tmin
ArtSurf,247,0,0,daimiel,9,7,tmin
Crop,2273,0,0,daimiel,9,7,tmin
Dehesa,2601,0,0,daimiel,9,7,tmin
Grass,8172,0,0,daimiel,9,7,tmin
HaloVeg,2543,0,0,daimiel,9,7,tmin
HydroRipVeg,16350,0,0,daimiel,9,7,tmin
MedSclF,623,0,0,daimiel,9,7,tmin
Reforestation,25,0,0,daimiel,9,7,tmin
RipF,1501,0,0,daimiel,9,7,tmin
WaterSurf,8869,0,0,daimiel,9,7,tmin
ArtSurf,247,0,0,daimiel,9,8,tmin
Crop,2273,0,0,daimiel,9,8,tmin
Dehesa,2601,0,0,daimiel,9,8,tmin
Grass,8172,0,0,daimiel,9,8,tmin
HaloVeg,2543,0,0,daimiel,9,8,tmin
HydroRipVeg,16350,0,0,daimiel,9,8,tmin
MedSclF,623,0,0,daimiel,9,8,tmin
Reforestation,25,0,0,daimiel,9,8,tmin
RipF,1501,0,0,daimiel,9,8,tmin
WaterSurf,8869,0,0,daimiel,9,8,tmin
ArtSurf,247,0,0,daimiel,9,9,tmin
Crop,2273,0,0,daimiel,9,9,tmin
Dehesa,2601,0,0,daimiel,9,9,tmin
Grass,8172,0,0,daimiel,9,9,tmin
HaloVeg,2543,0,0,daimiel,9,9,tmin
HydroRipVeg,16350,0,0,daimiel,9,9,tmin
MedSclF,623,0,0,daimiel,9,9,tmin
Reforestation,25,0,0,daimiel,9,9,tmin
RipF,1501,0,0,daimiel,9,9,tmin
WaterSurf,8869,0,0,daimiel,9,9,tmin
ArtSurf,247,0,0,daimiel,9,10,tmin
Crop,2273,0,0,daimiel,9,10,tmin
Dehesa,2601,0,0,daimiel,9,10,tmin
Grass,8172,0,0,daimiel,9,10,tmin
HaloVeg,2543,0,0,daimiel,9,10,tmin
HydroRipVeg,16350,0,0,daimiel,9,10,tmin
MedSclF,623,0,0,daimiel,9,10,tmin
Reforestation,25,0,0,daimiel,9,10,tmin
RipF,1501,0,0,daimiel,9,10,tmin
WaterSurf,8869,0,0,daimiel,9,10,tmin
ArtSurf,247,0,0,daimiel,9,11,tmin
Crop,2273,0,0,daimiel,9,11,tmin
Dehesa,2601,0,0,daimiel,9,11,tmin
Grass,8172,0,0,daimiel,9,11,tmin
HaloVeg,2543,0,0,daimiel,9,11,tmin
HydroRipVeg,16350,0,0,daimiel,9,11,tmin
MedSclF,623,0,0,daimiel,9,11,tmin
Reforestation,25,0,0,daimiel,9,11,tmin
RipF,1501,0,0,daimiel,9,11,tmin
WaterSurf,8869,0,0,daimiel,9,11,tmin
ArtSurf,247,0,0,daimiel,9,12,tmin
Crop,2273,0,0,daimiel,9,12,tmin
Dehesa,2601,0,0,daimiel,9,12,tmin
Grass,8172,0,0,daimiel,9,12,tmin
HaloVeg,2543,0,0,daimiel,9,12,tmin
HydroRipVeg,16350,0,0,daimiel,9,12,tmin
MedSclF,623,0,0,daimiel,9,12,tmin
Reforestation,25,0,0,daimiel,9,12,tmin
RipF,1501,0,0,daimiel,9,12,tmin
WaterSurf,8869,0,0,daimiel,9,12,tmin
ArtSurf,247,0,0,daimiel,12,1,tmin
Crop,2273,0,0,daimiel,12,1,tmin
Dehesa,2601,0,0,daimiel,12,1,tmin
Grass,8172,0,0,daimiel,12,1,tmin
HaloVeg,2543,0,0,daimiel,12,1,tmin
HydroRipVeg,16350,0,0,daimiel,12,1,tmin
MedSclF,623,0,0,daimiel,12,1,tmin
Reforestation,25,0,0,daimiel,12,1,tmin
RipF,1501,0,0,daimiel,12,1,tmin
WaterSurf,8869,0,0,daimiel,12,1,tmin
ArtSurf,247,0,0,daimiel,12,2,tmin
Crop,2273,0,0,daimiel,12,2,tmin
Dehesa,2601,0,0,daimiel,12,2,tmin
Grass,8172,0,0,daimiel,12,2,tmin
HaloVeg,2543,0,0,daimiel,12,2,tmin
HydroRipVeg,16350,0,0,daimiel,12,2,tmin
MedSclF,623,0,0,daimiel,12,2,tmin
Reforestation,25,0,0,daimiel,12,2,tmin
RipF,1501,0,0,daimiel,12,2,tmin
WaterSurf,8869,0,0,daimiel,12,2,tmin
ArtSurf,247,0,0,daimiel,12,3,tmin
Crop,2273,0,0,daimiel,12,3,tmin
Dehesa,2601,0,0,daimiel,12,3,tmin
Grass,8172,0,0,daimiel,12,3,tmin
HaloVeg,2543,0,0,daimiel,12,3,tmin
HydroRipVeg,16350,0,0,daimiel,12,3,tmin
MedSclF,623,0,0,daimiel,12,3,tmin
Reforestation,25,0,0,daimiel,12,3,tmin
RipF,1501,0,0,daimiel,12,3,tmin
WaterSurf,8869,0,0,daimiel,12,3,tmin
ArtSurf,247,0,0,daimiel,12,4,tmin
Crop,2273,0,0,daimiel,12,4,tmin
Dehesa,2601,0,0,daimiel,12,4,tmin
Grass,8172,0,0,daimiel,12,4,tmin
HaloVeg,2543,0,0,daimiel,12,4,tmin
HydroRipVeg,16350,0,0,daimiel,12,4,tmin
MedSclF,623,0,0,daimiel,12,4,tmin
Reforestation,25,0,0,daimiel,12,4,tmin
RipF,1501,0,0,daimiel,12,4,tmin
WaterSurf,8869,0,0,daimiel,12,4,tmin
ArtSurf,247,0,0,daimiel,12,5,tmin
Crop,2273,0,0,daimiel,12,5,tmin
Dehesa,2601,0,0,daimiel,12,5,tmin
Grass,8172,0,0,daimiel,12,5,tmin
HaloVeg,2543,0,0,daimiel,12,5,tmin
HydroRipVeg,16350,0,0,daimiel,12,5,tmin
MedSclF,623,0,0,daimiel,12,5,tmin
Reforestation,25,0,0,daimiel,12,5,tmin
RipF,1501,0,0,daimiel,12,5,tmin
WaterSurf,8869,0,0,daimiel,12,5,tmin
ArtSurf,247,0,0,daimiel,12,6,tmin
Crop,2273,0,0,daimiel,12,6,tmin
Dehesa,2601,0,0,daimiel,12,6,tmin
Grass,8172,0,0,daimiel,12,6,tmin
HaloVeg,2543,0,0,daimiel,12,6,tmin
HydroRipVeg,16350,0,0,daimiel,12,6,tmin
MedSclF,623,0,0,daimiel,12,6,tmin
Reforestation,25,0,0,daimiel,12,6,tmin
RipF,1501,0,0,daimiel,12,6,tmin
WaterSurf,8869,0,0,daimiel,12,6,tmin
ArtSurf,247,0,0,daimiel,12,7,tmin
Crop,2273,0,0,daimiel,12,7,tmin
Dehesa,2601,0,0,daimiel,12,7,tmin
Grass,8172,0,0,daimiel,12,7,tmin
HaloVeg,2543,0,0,daimiel,12,7,tmin
HydroRipVeg,16350,0,0,daimiel,12,7,tmin
MedSclF,623,0,0,daimiel,12,7,tmin
Reforestation,25,0,0,daimiel,12,7,tmin
RipF,1501,0,0,daimiel,12,7,tmin
WaterSurf,8869,0,0,daimiel,12,7,tmin
ArtSurf,247,0,0,daimiel,12,8,tmin
Crop,2273,0,0,daimiel,12,8,tmin
Dehesa,2601,0,0,daimiel,12,8,tmin
Grass,8172,0,0,daimiel,12,8,tmin
HaloVeg,2543,0,0,daimiel,12,8,tmin
HydroRipVeg,16350,0,0,daimiel,12,8,tmin
MedSclF,623,0,0,daimiel,12,8,tmin
Reforestation,25,0,0,daimiel,12,8,tmin
RipF,1501,0,0,daimiel,12,8,tmin
WaterSurf,8869,0,0,daimiel,12,8,tmin
ArtSurf,247,0,0,daimiel,12,9,tmin
Crop,2273,0,0,daimiel,12,9,tmin
Dehesa,2601,0,0,daimiel,12,9,tmin
Grass,8172,0,0,daimiel,12,9,tmin
HaloVeg,2543,0,0,daimiel,12,9,tmin
HydroRipVeg,16350,0,0,daimiel,12,9,tmin
MedSclF,623,0,0,daimiel,12,9,tmin
Reforestation,25,0,0,daimiel,12,9,tmin
RipF,1501,0,0,daimiel,12,9,tmin
WaterSurf,8869,0,0,daimiel,12,9,tmin
ArtSurf,247,0,0,daimiel,12,10,tmin
Crop,2273,0,0,daimiel,12,10,tmin
Dehesa,2601,0,0,daimiel,12,10,tmin
Grass,8172,0,0,daimiel,12,10,tmin
HaloVeg,2543,0,0,daimiel,12,10,tmin
HydroRipVeg,16350,0,0,daimiel,12,10,tmin
MedSclF,623,0,0,daimiel,12,10,tmin
Reforestation,25,0,0,daimiel,12,10,tmin
RipF,1501,0,0,daimiel,12,10,tmin
WaterSurf,8869,0,0,daimiel,12,10,tmin
ArtSurf,247,0,0,daimiel,12,11,tmin
Crop,2273,0,0,daimiel,12,11,tmin
Dehesa,2601,0,0,daimiel,12,11,tmin
Grass,8172,0,0,daimiel,12,11,tmin
HaloVeg,2543,0,0,daimiel,12,11,tmin
HydroRipVeg,16350,0,0,daimiel,12,11,tmin
MedSclF,623,0,0,daimiel,12,11,tmin
Reforestation,25,0,0,daimiel,12,11,tmin
RipF,1501,0,0,daimiel,12,11,tmin
WaterSurf,8869,0,0,daimiel,12,11,tmin
ArtSurf,247,0,0,daimiel,12,12,tmin
Crop,2273,0,0,daimiel,12,12,tmin
Dehesa,2601,0,0,daimiel,12,12,tmin
Grass,8172,0,0,daimiel,12,12,tmin
HaloVeg,2543,0,0,daimiel,12,12,tmin
HydroRipVeg,16350,0,0,daimiel,12,12,tmin
MedSclF,623,0,0,daimiel,12,12,tmin
Reforestation,25,0,0,daimiel,12,12,tmin
RipF,1501,0,0,daimiel,12,12,tmin
WaterSurf,8869,0,0,daimiel,12,12,tmin
ArtSurf,12613,0,0,donana,1,1,tmin
BareArea,6426,0,0,donana,1,1,tmin
DuneSand,52133,0,0,donana,1,1,tmin
Grass,23898,0,0,donana,1,1,tmin
HydroRipVeg,39646,0,0,donana,1,1,tmin
MedConF,76259,0,0,donana,1,1,tmin
MedSclF,6483,0,0,donana,1,1,tmin
MedScrub,129201,0,0,donana,1,1,tmin
Reforestation,2747,0,0,donana,1,1,tmin
RipF,418,0,0,donana,1,1,tmin
SaltMar,344960,0,0,donana,1,1,tmin
Shrub,6017,0,0,donana,1,1,tmin
WaterSurf,41748,0,0,donana,1,1,tmin
ArtSurf,12613,0,0,donana,1,2,tmin
BareArea,6426,0,0,donana,1,2,tmin
DuneSand,52133,0,0,donana,1,2,tmin
Grass,23898,0,0,donana,1,2,tmin
HydroRipVeg,39646,0,0,donana,1,2,tmin
MedConF,76259,0,0,donana,1,2,tmin
MedSclF,6483,0,0,donana,1,2,tmin
MedScrub,129201,0,0,donana,1,2,tmin
Reforestation,2747,0,0,donana,1,2,tmin
RipF,418,0,0,donana,1,2,tmin
SaltMar,344960,0,0,donana,1,2,tmin
Shrub,6017,0,0,donana,1,2,tmin
WaterSurf,41748,0,0,donana,1,2,tmin
ArtSurf,12613,0,0,donana,1,3,tmin
BareArea,6426,0,0,donana,1,3,tmin
DuneSand,52133,0,0,donana,1,3,tmin
Grass,23898,0,0,donana,1,3,tmin
HydroRipVeg,39646,0,0,donana,1,3,tmin
MedConF,76259,0,0,donana,1,3,tmin
MedSclF,6483,0,0,donana,1,3,tmin
MedScrub,129201,0,0,donana,1,3,tmin
Reforestation,2747,0,0,donana,1,3,tmin
RipF,418,0,0,donana,1,3,tmin
SaltMar,344960,0,0,donana,1,3,tmin
Shrub,6017,0,0,donana,1,3,tmin
WaterSurf,41748,0,0,donana,1,3,tmin
ArtSurf,12613,0,0,donana,1,4,tmin
BareArea,6426,0,0,donana,1,4,tmin
DuneSand,52133,0,0,donana,1,4,tmin
Grass,23898,0,0,donana,1,4,tmin
HydroRipVeg,39646,0,0,donana,1,4,tmin
MedConF,76259,0,0,donana,1,4,tmin
MedSclF,6483,0,0,donana,1,4,tmin
MedScrub,129201,0,0,donana,1,4,tmin
Reforestation,2747,0,0,donana,1,4,tmin
RipF,418,0,0,donana,1,4,tmin
SaltMar,344960,0,0,donana,1,4,tmin
Shrub,6017,0,0,donana,1,4,tmin
WaterSurf,41748,0,0,donana,1,4,tmin
ArtSurf,12613,0,0,donana,1,5,tmin
BareArea,6426,0,0,donana,1,5,tmin
DuneSand,52133,0,0,donana,1,5,tmin
Grass,23898,0,0,donana,1,5,tmin
HydroRipVeg,39646,0,0,donana,1,5,tmin
MedConF,76259,0,0,donana,1,5,tmin
MedSclF,6483,0,0,donana,1,5,tmin
MedScrub,129201,0,0,donana,1,5,tmin
Reforestation,2747,0,0,donana,1,5,tmin
RipF,418,0,0,donana,1,5,tmin
SaltMar,344960,0,0,donana,1,5,tmin
Shrub,6017,0,0,donana,1,5,tmin
WaterSurf,41748,0,0,donana,1,5,tmin
ArtSurf,12613,0,0,donana,1,6,tmin
BareArea,6426,0,0,donana,1,6,tmin
DuneSand,52133,0,0,donana,1,6,tmin
Grass,23898,0,0,donana,1,6,tmin
HydroRipVeg,39646,0,0,donana,1,6,tmin
MedConF,76259,0,0,donana,1,6,tmin
MedSclF,6483,0,0,donana,1,6,tmin
MedScrub,129201,0,0,donana,1,6,tmin
Reforestation,2747,0,0,donana,1,6,tmin
RipF,418,0,0,donana,1,6,tmin
SaltMar,344960,0,0,donana,1,6,tmin
Shrub,6017,0,0,donana,1,6,tmin
WaterSurf,41748,0,0,donana,1,6,tmin
ArtSurf,12613,0,0,donana,1,7,tmin
BareArea,6426,0,0,donana,1,7,tmin
DuneSand,52133,0,0,donana,1,7,tmin
Grass,23898,0,0,donana,1,7,tmin
HydroRipVeg,39646,0,0,donana,1,7,tmin
MedConF,76259,0,0,donana,1,7,tmin
MedSclF,6483,0,0,donana,1,7,tmin
MedScrub,129201,0,0,donana,1,7,tmin
Reforestation,2747,0,0,donana,1,7,tmin
RipF,418,0,0,donana,1,7,tmin
SaltMar,344960,0,0,donana,1,7,tmin
Shrub,6017,0,0,donana,1,7,tmin
WaterSurf,41748,0,0,donana,1,7,tmin
ArtSurf,12613,0,0,donana,1,8,tmin
BareArea,6426,0,0,donana,1,8,tmin
DuneSand,52133,0,0,donana,1,8,tmin
Grass,23898,0,0,donana,1,8,tmin
HydroRipVeg,39646,0,0,donana,1,8,tmin
MedConF,76259,0,0,donana,1,8,tmin
MedSclF,6483,0,0,donana,1,8,tmin
MedScrub,129201,0,0,donana,1,8,tmin
Reforestation,2747,0,0,donana,1,8,tmin
RipF,418,0,0,donana,1,8,tmin
SaltMar,344960,0,0,donana,1,8,tmin
Shrub,6017,0,0,donana,1,8,tmin
WaterSurf,41748,0,0,donana,1,8,tmin
ArtSurf,12613,0,0,donana,1,9,tmin
BareArea,6426,144,2.24,donana,1,9,tmin
DuneSand,52133,39,0.07,donana,1,9,tmin
Grass,23898,0,0,donana,1,9,tmin
HydroRipVeg,39646,0,0,donana,1,9,tmin
MedConF,76259,0,0,donana,1,9,tmin
MedSclF,6483,0,0,donana,1,9,tmin
MedScrub,129201,0,0,donana,1,9,tmin
Reforestation,2747,0,0,donana,1,9,tmin
RipF,418,0,0,donana,1,9,tmin
SaltMar,344960,13,0,donana,1,9,tmin
Shrub,6017,0,0,donana,1,9,tmin
WaterSurf,41748,121,0.29,donana,1,9,tmin
ArtSurf,12613,0,0,donana,1,10,tmin
BareArea,6426,0,0,donana,1,10,tmin
DuneSand,52133,0,0,donana,1,10,tmin
Grass,23898,0,0,donana,1,10,tmin
HydroRipVeg,39646,0,0,donana,1,10,tmin
MedConF,76259,0,0,donana,1,10,tmin
MedSclF,6483,0,0,donana,1,10,tmin
MedScrub,129201,0,0,donana,1,10,tmin
Reforestation,2747,0,0,donana,1,10,tmin
RipF,418,0,0,donana,1,10,tmin
SaltMar,344960,0,0,donana,1,10,tmin
Shrub,6017,0,0,donana,1,10,tmin
WaterSurf,41748,0,0,donana,1,10,tmin
ArtSurf,12613,0,0,donana,1,11,tmin
BareArea,6426,0,0,donana,1,11,tmin
DuneSand,52133,0,0,donana,1,11,tmin
Grass,23898,0,0,donana,1,11,tmin
HydroRipVeg,39646,0,0,donana,1,11,tmin
MedConF,76259,0,0,donana,1,11,tmin
MedSclF,6483,0,0,donana,1,11,tmin
MedScrub,129201,0,0,donana,1,11,tmin
Reforestation,2747,0,0,donana,1,11,tmin
RipF,418,0,0,donana,1,11,tmin
SaltMar,344960,0,0,donana,1,11,tmin
Shrub,6017,0,0,donana,1,11,tmin
WaterSurf,41748,0,0,donana,1,11,tmin
ArtSurf,12613,0,0,donana,1,12,tmin
BareArea,6426,0,0,donana,1,12,tmin
DuneSand,52133,0,0,donana,1,12,tmin
Grass,23898,0,0,donana,1,12,tmin
HydroRipVeg,39646,0,0,donana,1,12,tmin
MedConF,76259,0,0,donana,1,12,tmin
MedSclF,6483,0,0,donana,1,12,tmin
MedScrub,129201,0,0,donana,1,12,tmin
Reforestation,2747,0,0,donana,1,12,tmin
RipF,418,0,0,donana,1,12,tmin
SaltMar,344960,0,0,donana,1,12,tmin
Shrub,6017,0,0,donana,1,12,tmin
WaterSurf,41748,0,0,donana,1,12,tmin
ArtSurf,12613,2,0.02,donana,3,1,tmin
BareArea,6426,15,0.23,donana,3,1,tmin
DuneSand,52133,1,0,donana,3,1,tmin
Grass,23898,0,0,donana,3,1,tmin
HydroRipVeg,39646,89,0.22,donana,3,1,tmin
MedConF,76259,1,0,donana,3,1,tmin
MedSclF,6483,0,0,donana,3,1,tmin
MedScrub,129201,0,0,donana,3,1,tmin
Reforestation,2747,0,0,donana,3,1,tmin
RipF,418,0,0,donana,3,1,tmin
SaltMar,344960,878,0.25,donana,3,1,tmin
Shrub,6017,0,0,donana,3,1,tmin
WaterSurf,41748,46,0.11,donana,3,1,tmin
ArtSurf,12613,347,2.75,donana,3,2,tmin
BareArea,6426,266,4.14,donana,3,2,tmin
DuneSand,52133,54,0.1,donana,3,2,tmin
Grass,23898,70,0.29,donana,3,2,tmin
HydroRipVeg,39646,1904,4.8,donana,3,2,tmin
MedConF,76259,32,0.04,donana,3,2,tmin
MedSclF,6483,10,0.15,donana,3,2,tmin
MedScrub,129201,6,0,donana,3,2,tmin
Reforestation,2747,0,0,donana,3,2,tmin
RipF,418,7,1.67,donana,3,2,tmin
SaltMar,344960,77524,22.47,donana,3,2,tmin
Shrub,6017,1,0.02,donana,3,2,tmin
WaterSurf,41748,1464,3.51,donana,3,2,tmin
ArtSurf,12613,1,0.01,donana,3,3,tmin
BareArea,6426,30,0.47,donana,3,3,tmin
DuneSand,52133,11,0.02,donana,3,3,tmin
Grass,23898,1,0,donana,3,3,tmin
HydroRipVeg,39646,309,0.78,donana,3,3,tmin
MedConF,76259,0,0,donana,3,3,tmin
MedSclF,6483,0,0,donana,3,3,tmin
MedScrub,129201,1,0,donana,3,3,tmin
Reforestation,2747,0,0,donana,3,3,tmin
RipF,418,0,0,donana,3,3,tmin
SaltMar,344960,633,0.18,donana,3,3,tmin
Shrub,6017,0,0,donana,3,3,tmin
WaterSurf,41748,83,0.2,donana,3,3,tmin
ArtSurf,12613,0,0,donana,3,4,tmin
BareArea,6426,0,0,donana,3,4,tmin
DuneSand,52133,0,0,donana,3,4,tmin
Grass,23898,0,0,donana,3,4,tmin
HydroRipVeg,39646,2,0.01,donana,3,4,tmin
MedConF,76259,0,0,donana,3,4,tmin
MedSclF,6483,0,0,donana,3,4,tmin
MedScrub,129201,0,0,donana,3,4,tmin
Reforestation,2747,0,0,donana,3,4,tmin
RipF,418,0,0,donana,3,4,tmin
SaltMar,344960,17,0,donana,3,4,tmin
Shrub,6017,0,0,donana,3,4,tmin
WaterSurf,41748,0,0,donana,3,4,tmin
ArtSurf,12613,0,0,donana,3,5,tmin
BareArea,6426,0,0,donana,3,5,tmin
DuneSand,52133,0,0,donana,3,5,tmin
Grass,23898,0,0,donana,3,5,tmin
HydroRipVeg,39646,0,0,donana,3,5,tmin
MedConF,76259,0,0,donana,3,5,tmin
MedSclF,6483,0,0,donana,3,5,tmin
MedScrub,129201,0,0,donana,3,5,tmin
Reforestation,2747,0,0,donana,3,5,tmin
RipF,418,0,0,donana,3,5,tmin
SaltMar,344960,0,0,donana,3,5,tmin
Shrub,6017,0,0,donana,3,5,tmin
WaterSurf,41748,0,0,donana,3,5,tmin
ArtSurf,12613,0,0,donana,3,6,tmin
BareArea,6426,0,0,donana,3,6,tmin
DuneSand,52133,0,0,donana,3,6,tmin
Grass,23898,0,0,donana,3,6,tmin
HydroRipVeg,39646,0,0,donana,3,6,tmin
MedConF,76259,0,0,donana,3,6,tmin
MedSclF,6483,0,0,donana,3,6,tmin
MedScrub,129201,0,0,donana,3,6,tmin
Reforestation,2747,0,0,donana,3,6,tmin
RipF,418,0,0,donana,3,6,tmin
SaltMar,344960,0,0,donana,3,6,tmin
Shrub,6017,0,0,donana,3,6,tmin
WaterSurf,41748,0,0,donana,3,6,tmin
ArtSurf,12613,0,0,donana,3,7,tmin
BareArea,6426,0,0,donana,3,7,tmin
DuneSand,52133,0,0,donana,3,7,tmin
Grass,23898,0,0,donana,3,7,tmin
HydroRipVeg,39646,0,0,donana,3,7,tmin
MedConF,76259,0,0,donana,3,7,tmin
MedSclF,6483,0,0,donana,3,7,tmin
MedScrub,129201,0,0,donana,3,7,tmin
Reforestation,2747,0,0,donana,3,7,tmin
RipF,418,0,0,donana,3,7,tmin
SaltMar,344960,0,0,donana,3,7,tmin
Shrub,6017,0,0,donana,3,7,tmin
WaterSurf,41748,0,0,donana,3,7,tmin
ArtSurf,12613,0,0,donana,3,8,tmin
BareArea,6426,0,0,donana,3,8,tmin
DuneSand,52133,0,0,donana,3,8,tmin
Grass,23898,0,0,donana,3,8,tmin
HydroRipVeg,39646,0,0,donana,3,8,tmin
MedConF,76259,0,0,donana,3,8,tmin
MedSclF,6483,0,0,donana,3,8,tmin
MedScrub,129201,0,0,donana,3,8,tmin
Reforestation,2747,0,0,donana,3,8,tmin
RipF,418,0,0,donana,3,8,tmin
SaltMar,344960,0,0,donana,3,8,tmin
Shrub,6017,0,0,donana,3,8,tmin
WaterSurf,41748,0,0,donana,3,8,tmin
ArtSurf,12613,0,0,donana,3,9,tmin
BareArea,6426,0,0,donana,3,9,tmin
DuneSand,52133,0,0,donana,3,9,tmin
Grass,23898,0,0,donana,3,9,tmin
HydroRipVeg,39646,0,0,donana,3,9,tmin
MedConF,76259,0,0,donana,3,9,tmin
MedSclF,6483,0,0,donana,3,9,tmin
MedScrub,129201,0,0,donana,3,9,tmin
Reforestation,2747,0,0,donana,3,9,tmin
RipF,418,0,0,donana,3,9,tmin
SaltMar,344960,0,0,donana,3,9,tmin
Shrub,6017,0,0,donana,3,9,tmin
WaterSurf,41748,0,0,donana,3,9,tmin
ArtSurf,12613,0,0,donana,3,10,tmin
BareArea,6426,0,0,donana,3,10,tmin
DuneSand,52133,0,0,donana,3,10,tmin
Grass,23898,0,0,donana,3,10,tmin
HydroRipVeg,39646,0,0,donana,3,10,tmin
MedConF,76259,0,0,donana,3,10,tmin
MedSclF,6483,0,0,donana,3,10,tmin
MedScrub,129201,0,0,donana,3,10,tmin
Reforestation,2747,0,0,donana,3,10,tmin
RipF,418,0,0,donana,3,10,tmin
SaltMar,344960,0,0,donana,3,10,tmin
Shrub,6017,0,0,donana,3,10,tmin
WaterSurf,41748,0,0,donana,3,10,tmin
ArtSurf,12613,0,0,donana,3,11,tmin
BareArea,6426,0,0,donana,3,11,tmin
DuneSand,52133,0,0,donana,3,11,tmin
Grass,23898,0,0,donana,3,11,tmin
HydroRipVeg,39646,0,0,donana,3,11,tmin
MedConF,76259,0,0,donana,3,11,tmin
MedSclF,6483,0,0,donana,3,11,tmin
MedScrub,129201,0,0,donana,3,11,tmin
Reforestation,2747,0,0,donana,3,11,tmin
RipF,418,0,0,donana,3,11,tmin
SaltMar,344960,0,0,donana,3,11,tmin
Shrub,6017,0,0,donana,3,11,tmin
WaterSurf,41748,0,0,donana,3,11,tmin
ArtSurf,12613,129,1.02,donana,3,12,tmin
BareArea,6426,40,0.62,donana,3,12,tmin
DuneSand,52133,0,0,donana,3,12,tmin
Grass,23898,16,0.07,donana,3,12,tmin
HydroRipVeg,39646,417,1.05,donana,3,12,tmin
MedConF,76259,60,0.08,donana,3,12,tmin
MedSclF,6483,0,0,donana,3,12,tmin
MedScrub,129201,0,0,donana,3,12,tmin
Reforestation,2747,0,0,donana,3,12,tmin
RipF,418,0,0,donana,3,12,tmin
SaltMar,344960,31247,9.06,donana,3,12,tmin
Shrub,6017,0,0,donana,3,12,tmin
WaterSurf,41748,897,2.15,donana,3,12,tmin
ArtSurf,12613,0,0,donana,6,1,tmin
BareArea,6426,0,0,donana,6,1,tmin
DuneSand,52133,0,0,donana,6,1,tmin
Grass,23898,0,0,donana,6,1,tmin
HydroRipVeg,39646,0,0,donana,6,1,tmin
MedConF,76259,0,0,donana,6,1,tmin
MedSclF,6483,0,0,donana,6,1,tmin
MedScrub,129201,0,0,donana,6,1,tmin
Reforestation,2747,0,0,donana,6,1,tmin
RipF,418,0,0,donana,6,1,tmin
SaltMar,344960,0,0,donana,6,1,tmin
Shrub,6017,0,0,donana,6,1,tmin
WaterSurf,41748,0,0,donana,6,1,tmin
ArtSurf,12613,9,0.07,donana,6,2,tmin
BareArea,6426,139,2.16,donana,6,2,tmin
DuneSand,52133,6,0.01,donana,6,2,tmin
Grass,23898,1,0,donana,6,2,tmin
HydroRipVeg,39646,399,1.01,donana,6,2,tmin
MedConF,76259,5,0.01,donana,6,2,tmin
MedSclF,6483,0,0,donana,6,2,tmin
MedScrub,129201,0,0,donana,6,2,tmin
Reforestation,2747,0,0,donana,6,2,tmin
RipF,418,0,0,donana,6,2,tmin
SaltMar,344960,13871,4.02,donana,6,2,tmin
Shrub,6017,0,0,donana,6,2,tmin
WaterSurf,41748,296,0.71,donana,6,2,tmin
ArtSurf,12613,0,0,donana,6,3,tmin
BareArea,6426,4,0.06,donana,6,3,tmin
DuneSand,52133,4,0.01,donana,6,3,tmin
Grass,23898,0,0,donana,6,3,tmin
HydroRipVeg,39646,195,0.49,donana,6,3,tmin
MedConF,76259,0,0,donana,6,3,tmin
MedSclF,6483,0,0,donana,6,3,tmin
MedScrub,129201,0,0,donana,6,3,tmin
Reforestation,2747,0,0,donana,6,3,tmin
RipF,418,0,0,donana,6,3,tmin
SaltMar,344960,667,0.19,donana,6,3,tmin
Shrub,6017,0,0,donana,6,3,tmin
WaterSurf,41748,20,0.05,donana,6,3,tmin
ArtSurf,12613,2,0.02,donana,6,4,tmin
BareArea,6426,18,0.28,donana,6,4,tmin
DuneSand,52133,0,0,donana,6,4,tmin
Grass,23898,1,0,donana,6,4,tmin
HydroRipVeg,39646,22,0.06,donana,6,4,tmin
MedConF,76259,19,0.02,donana,6,4,tmin
MedSclF,6483,0,0,donana,6,4,tmin
MedScrub,129201,1,0,donana,6,4,tmin
Reforestation,2747,0,0,donana,6,4,tmin
RipF,418,0,0,donana,6,4,tmin
SaltMar,344960,851,0.25,donana,6,4,tmin
Shrub,6017,2,0.03,donana,6,4,tmin
WaterSurf,41748,47,0.11,donana,6,4,tmin
ArtSurf,12613,29,0.23,donana,6,5,tmin
BareArea,6426,36,0.56,donana,6,5,tmin
DuneSand,52133,2,0,donana,6,5,tmin
Grass,23898,0,0,donana,6,5,tmin
HydroRipVeg,39646,18,0.05,donana,6,5,tmin
MedConF,76259,0,0,donana,6,5,tmin
MedSclF,6483,0,0,donana,6,5,tmin
MedScrub,129201,3,0,donana,6,5,tmin
Reforestation,2747,0,0,donana,6,5,tmin
RipF,418,0,0,donana,6,5,tmin
SaltMar,344960,1573,0.46,donana,6,5,tmin
Shrub,6017,0,0,donana,6,5,tmin
WaterSurf,41748,1730,4.14,donana,6,5,tmin
ArtSurf,12613,4,0.03,donana,6,6,tmin
BareArea,6426,0,0,donana,6,6,tmin
DuneSand,52133,0,0,donana,6,6,tmin
Grass,23898,0,0,donana,6,6,tmin
HydroRipVeg,39646,4,0.01,donana,6,6,tmin
MedConF,76259,0,0,donana,6,6,tmin
MedSclF,6483,0,0,donana,6,6,tmin
MedScrub,129201,0,0,donana,6,6,tmin
Reforestation,2747,0,0,donana,6,6,tmin
RipF,418,0,0,donana,6,6,tmin
SaltMar,344960,102,0.03,donana,6,6,tmin
Shrub,6017,0,0,donana,6,6,tmin
WaterSurf,41748,386,0.92,donana,6,6,tmin
ArtSurf,12613,0,0,donana,6,7,tmin
BareArea,6426,0,0,donana,6,7,tmin
DuneSand,52133,0,0,donana,6,7,tmin
Grass,23898,0,0,donana,6,7,tmin
HydroRipVeg,39646,0,0,donana,6,7,tmin
MedConF,76259,0,0,donana,6,7,tmin
MedSclF,6483,0,0,donana,6,7,tmin
MedScrub,129201,0,0,donana,6,7,tmin
Reforestation,2747,0,0,donana,6,7,tmin
RipF,418,0,0,donana,6,7,tmin
SaltMar,344960,0,0,donana,6,7,tmin
Shrub,6017,0,0,donana,6,7,tmin
WaterSurf,41748,0,0,donana,6,7,tmin
ArtSurf,12613,0,0,donana,6,8,tmin
BareArea,6426,0,0,donana,6,8,tmin
DuneSand,52133,0,0,donana,6,8,tmin
Grass,23898,0,0,donana,6,8,tmin
HydroRipVeg,39646,0,0,donana,6,8,tmin
MedConF,76259,0,0,donana,6,8,tmin
MedSclF,6483,0,0,donana,6,8,tmin
MedScrub,129201,0,0,donana,6,8,tmin
Reforestation,2747,0,0,donana,6,8,tmin
RipF,418,0,0,donana,6,8,tmin
SaltMar,344960,0,0,donana,6,8,tmin
Shrub,6017,0,0,donana,6,8,tmin
WaterSurf,41748,0,0,donana,6,8,tmin
ArtSurf,12613,0,0,donana,6,9,tmin
BareArea,6426,0,0,donana,6,9,tmin
DuneSand,52133,0,0,donana,6,9,tmin
Grass,23898,0,0,donana,6,9,tmin
HydroRipVeg,39646,0,0,donana,6,9,tmin
MedConF,76259,0,0,donana,6,9,tmin
MedSclF,6483,0,0,donana,6,9,tmin
MedScrub,129201,0,0,donana,6,9,tmin
Reforestation,2747,0,0,donana,6,9,tmin
RipF,418,0,0,donana,6,9,tmin
SaltMar,344960,0,0,donana,6,9,tmin
Shrub,6017,0,0,donana,6,9,tmin
WaterSurf,41748,0,0,donana,6,9,tmin
ArtSurf,12613,0,0,donana,6,10,tmin
BareArea,6426,0,0,donana,6,10,tmin
DuneSand,52133,0,0,donana,6,10,tmin
Grass,23898,0,0,donana,6,10,tmin
HydroRipVeg,39646,0,0,donana,6,10,tmin
MedConF,76259,0,0,donana,6,10,tmin
MedSclF,6483,0,0,donana,6,10,tmin
MedScrub,129201,0,0,donana,6,10,tmin
Reforestation,2747,0,0,donana,6,10,tmin
RipF,418,0,0,donana,6,10,tmin
SaltMar,344960,0,0,donana,6,10,tmin
Shrub,6017,0,0,donana,6,10,tmin
WaterSurf,41748,0,0,donana,6,10,tmin
ArtSurf,12613,97,0.77,donana,6,11,tmin
BareArea,6426,16,0.25,donana,6,11,tmin
DuneSand,52133,2,0,donana,6,11,tmin
Grass,23898,6,0.03,donana,6,11,tmin
HydroRipVeg,39646,2,0.01,donana,6,11,tmin
MedConF,76259,16,0.02,donana,6,11,tmin
MedSclF,6483,0,0,donana,6,11,tmin
MedScrub,129201,0,0,donana,6,11,tmin
Reforestation,2747,0,0,donana,6,11,tmin
RipF,418,0,0,donana,6,11,tmin
SaltMar,344960,13957,4.05,donana,6,11,tmin
Shrub,6017,0,0,donana,6,11,tmin
WaterSurf,41748,2250,5.39,donana,6,11,tmin
ArtSurf,12613,215,1.7,donana,6,12,tmin
BareArea,6426,94,1.46,donana,6,12,tmin
DuneSand,52133,2,0,donana,6,12,tmin
Grass,23898,77,0.32,donana,6,12,tmin
HydroRipVeg,39646,679,1.71,donana,6,12,tmin
MedConF,76259,164,0.22,donana,6,12,tmin
MedSclF,6483,5,0.08,donana,6,12,tmin
MedScrub,129201,2,0,donana,6,12,tmin
Reforestation,2747,0,0,donana,6,12,tmin
RipF,418,1,0.24,donana,6,12,tmin
SaltMar,344960,51354,14.89,donana,6,12,tmin
Shrub,6017,0,0,donana,6,12,tmin
WaterSurf,41748,2505,6,donana,6,12,tmin
ArtSurf,12613,0,0,donana,9,1,tmin
BareArea,6426,0,0,donana,9,1,tmin
DuneSand,52133,0,0,donana,9,1,tmin
Grass,23898,0,0,donana,9,1,tmin
HydroRipVeg,39646,0,0,donana,9,1,tmin
MedConF,76259,0,0,donana,9,1,tmin
MedSclF,6483,0,0,donana,9,1,tmin
MedScrub,129201,0,0,donana,9,1,tmin
Reforestation,2747,0,0,donana,9,1,tmin
RipF,418,0,0,donana,9,1,tmin
SaltMar,344960,0,0,donana,9,1,tmin
Shrub,6017,0,0,donana,9,1,tmin
WaterSurf,41748,0,0,donana,9,1,tmin
ArtSurf,12613,27,0.21,donana,9,2,tmin
BareArea,6426,138,2.15,donana,9,2,tmin
DuneSand,52133,8,0.02,donana,9,2,tmin
Grass,23898,2,0.01,donana,9,2,tmin
HydroRipVeg,39646,208,0.52,donana,9,2,tmin
MedConF,76259,5,0.01,donana,9,2,tmin
MedSclF,6483,7,0.11,donana,9,2,tmin
MedScrub,129201,0,0,donana,9,2,tmin
Reforestation,2747,0,0,donana,9,2,tmin
RipF,418,0,0,donana,9,2,tmin
SaltMar,344960,19880,5.76,donana,9,2,tmin
Shrub,6017,0,0,donana,9,2,tmin
WaterSurf,41748,201,0.48,donana,9,2,tmin
ArtSurf,12613,0,0,donana,9,3,tmin
BareArea,6426,1,0.02,donana,9,3,tmin
DuneSand,52133,0,0,donana,9,3,tmin
Grass,23898,0,0,donana,9,3,tmin
HydroRipVeg,39646,46,0.12,donana,9,3,tmin
MedConF,76259,0,0,donana,9,3,tmin
MedSclF,6483,0,0,donana,9,3,tmin
MedScrub,129201,0,0,donana,9,3,tmin
Reforestation,2747,0,0,donana,9,3,tmin
RipF,418,0,0,donana,9,3,tmin
SaltMar,344960,85,0.02,donana,9,3,tmin
Shrub,6017,0,0,donana,9,3,tmin
WaterSurf,41748,4,0.01,donana,9,3,tmin
ArtSurf,12613,0,0,donana,9,4,tmin
BareArea,6426,8,0.12,donana,9,4,tmin
DuneSand,52133,2,0,donana,9,4,tmin
Grass,23898,1,0,donana,9,4,tmin
HydroRipVeg,39646,28,0.07,donana,9,4,tmin
MedConF,76259,4,0.01,donana,9,4,tmin
MedSclF,6483,0,0,donana,9,4,tmin
MedScrub,129201,7,0.01,donana,9,4,tmin
Reforestation,2747,0,0,donana,9,4,tmin
RipF,418,0,0,donana,9,4,tmin
SaltMar,344960,540,0.16,donana,9,4,tmin
Shrub,6017,0,0,donana,9,4,tmin
WaterSurf,41748,25,0.06,donana,9,4,tmin
ArtSurf,12613,1,0.01,donana,9,5,tmin
BareArea,6426,5,0.08,donana,9,5,tmin
DuneSand,52133,1,0,donana,9,5,tmin
Grass,23898,0,0,donana,9,5,tmin
HydroRipVeg,39646,25,0.06,donana,9,5,tmin
MedConF,76259,0,0,donana,9,5,tmin
MedSclF,6483,0,0,donana,9,5,tmin
MedScrub,129201,4,0,donana,9,5,tmin
Reforestation,2747,0,0,donana,9,5,tmin
RipF,418,0,0,donana,9,5,tmin
SaltMar,344960,446,0.13,donana,9,5,tmin
Shrub,6017,0,0,donana,9,5,tmin
WaterSurf,41748,248,0.59,donana,9,5,tmin
ArtSurf,12613,9,0.07,donana,9,6,tmin
BareArea,6426,0,0,donana,9,6,tmin
DuneSand,52133,0,0,donana,9,6,tmin
Grass,23898,0,0,donana,9,6,tmin
HydroRipVeg,39646,26,0.07,donana,9,6,tmin
MedConF,76259,0,0,donana,9,6,tmin
MedSclF,6483,0,0,donana,9,6,tmin
MedScrub,129201,1,0,donana,9,6,tmin
Reforestation,2747,0,0,donana,9,6,tmin
RipF,418,0,0,donana,9,6,tmin
SaltMar,344960,335,0.1,donana,9,6,tmin
Shrub,6017,0,0,donana,9,6,tmin
WaterSurf,41748,686,1.64,donana,9,6,tmin
ArtSurf,12613,43,0.34,donana,9,7,tmin
BareArea,6426,0,0,donana,9,7,tmin
DuneSand,52133,0,0,donana,9,7,tmin
Grass,23898,0,0,donana,9,7,tmin
HydroRipVeg,39646,9,0.02,donana,9,7,tmin
MedConF,76259,0,0,donana,9,7,tmin
MedSclF,6483,0,0,donana,9,7,tmin
MedScrub,129201,0,0,donana,9,7,tmin
Reforestation,2747,0,0,donana,9,7,tmin
RipF,418,0,0,donana,9,7,tmin
SaltMar,344960,41,0.01,donana,9,7,tmin
Shrub,6017,0,0,donana,9,7,tmin
WaterSurf,41748,0,0,donana,9,7,tmin
ArtSurf,12613,0,0,donana,9,8,tmin
BareArea,6426,0,0,donana,9,8,tmin
DuneSand,52133,0,0,donana,9,8,tmin
Grass,23898,0,0,donana,9,8,tmin
HydroRipVeg,39646,3,0.01,donana,9,8,tmin
MedConF,76259,0,0,donana,9,8,tmin
MedSclF,6483,0,0,donana,9,8,tmin
MedScrub,129201,0,0,donana,9,8,tmin
Reforestation,2747,0,0,donana,9,8,tmin
RipF,418,0,0,donana,9,8,tmin
SaltMar,344960,2,0,donana,9,8,tmin
Shrub,6017,0,0,donana,9,8,tmin
WaterSurf,41748,29,0.07,donana,9,8,tmin
ArtSurf,12613,0,0,donana,9,9,tmin
BareArea,6426,0,0,donana,9,9,tmin
DuneSand,52133,0,0,donana,9,9,tmin
Grass,23898,0,0,donana,9,9,tmin
HydroRipVeg,39646,0,0,donana,9,9,tmin
MedConF,76259,0,0,donana,9,9,tmin
MedSclF,6483,0,0,donana,9,9,tmin
MedScrub,129201,0,0,donana,9,9,tmin
Reforestation,2747,0,0,donana,9,9,tmin
RipF,418,0,0,donana,9,9,tmin
SaltMar,344960,0,0,donana,9,9,tmin
Shrub,6017,0,0,donana,9,9,tmin
WaterSurf,41748,0,0,donana,9,9,tmin
ArtSurf,12613,0,0,donana,9,10,tmin
BareArea,6426,0,0,donana,9,10,tmin
DuneSand,52133,0,0,donana,9,10,tmin
Grass,23898,0,0,donana,9,10,tmin
HydroRipVeg,39646,0,0,donana,9,10,tmin
MedConF,76259,0,0,donana,9,10,tmin
MedSclF,6483,0,0,donana,9,10,tmin
MedScrub,129201,0,0,donana,9,10,tmin
Reforestation,2747,0,0,donana,9,10,tmin
RipF,418,0,0,donana,9,10,tmin
SaltMar,344960,0,0,donana,9,10,tmin
Shrub,6017,0,0,donana,9,10,tmin
WaterSurf,41748,0,0,donana,9,10,tmin
ArtSurf,12613,107,0.85,donana,9,11,tmin
BareArea,6426,20,0.31,donana,9,11,tmin
DuneSand,52133,0,0,donana,9,11,tmin
Grass,23898,22,0.09,donana,9,11,tmin
HydroRipVeg,39646,20,0.05,donana,9,11,tmin
MedConF,76259,21,0.03,donana,9,11,tmin
MedSclF,6483,0,0,donana,9,11,tmin
MedScrub,129201,0,0,donana,9,11,tmin
Reforestation,2747,0,0,donana,9,11,tmin
RipF,418,0,0,donana,9,11,tmin
SaltMar,344960,16988,4.92,donana,9,11,tmin
Shrub,6017,0,0,donana,9,11,tmin
WaterSurf,41748,3061,7.33,donana,9,11,tmin
ArtSurf,12613,316,2.51,donana,9,12,tmin
BareArea,6426,328,5.1,donana,9,12,tmin
DuneSand,52133,3,0.01,donana,9,12,tmin
Grass,23898,169,0.71,donana,9,12,tmin
HydroRipVeg,39646,2283,5.76,donana,9,12,tmin
MedConF,76259,76,0.1,donana,9,12,tmin
MedSclF,6483,5,0.08,donana,9,12,tmin
MedScrub,129201,4,0,donana,9,12,tmin
Reforestation,2747,0,0,donana,9,12,tmin
RipF,418,4,0.96,donana,9,12,tmin
SaltMar,344960,84312,24.44,donana,9,12,tmin
Shrub,6017,3,0.05,donana,9,12,tmin
WaterSurf,41748,3086,7.39,donana,9,12,tmin
ArtSurf,12613,17,0.13,donana,12,1,tmin
BareArea,6426,134,2.09,donana,12,1,tmin
DuneSand,52133,0,0,donana,12,1,tmin
Grass,23898,4,0.02,donana,12,1,tmin
HydroRipVeg,39646,319,0.8,donana,12,1,tmin
MedConF,76259,1,0,donana,12,1,tmin
MedSclF,6483,3,0.05,donana,12,1,tmin
MedScrub,129201,0,0,donana,12,1,tmin
Reforestation,2747,0,0,donana,12,1,tmin
RipF,418,2,0.48,donana,12,1,tmin
SaltMar,344960,6832,1.98,donana,12,1,tmin
Shrub,6017,0,0,donana,12,1,tmin
WaterSurf,41748,90,0.22,donana,12,1,tmin
ArtSurf,12613,69,0.55,donana,12,2,tmin
BareArea,6426,176,2.74,donana,12,2,tmin
DuneSand,52133,10,0.02,donana,12,2,tmin
Grass,23898,16,0.07,donana,12,2,tmin
HydroRipVeg,39646,257,0.65,donana,12,2,tmin
MedConF,76259,11,0.01,donana,12,2,tmin
MedSclF,6483,14,0.22,donana,12,2,tmin
MedScrub,129201,0,0,donana,12,2,tmin
Reforestation,2747,0,0,donana,12,2,tmin
RipF,418,3,0.72,donana,12,2,tmin
SaltMar,344960,34472,9.99,donana,12,2,tmin
Shrub,6017,0,0,donana,12,2,tmin
WaterSurf,41748,550,1.32,donana,12,2,tmin
ArtSurf,12613,16,0.13,donana,12,3,tmin
BareArea,6426,43,0.67,donana,12,3,tmin
DuneSand,52133,3,0.01,donana,12,3,tmin
Grass,23898,15,0.06,donana,12,3,tmin
HydroRipVeg,39646,208,0.52,donana,12,3,tmin
MedConF,76259,0,0,donana,12,3,tmin
MedSclF,6483,1,0.02,donana,12,3,tmin
MedScrub,129201,0,0,donana,12,3,tmin
Reforestation,2747,0,0,donana,12,3,tmin
RipF,418,0,0,donana,12,3,tmin
SaltMar,344960,8610,2.5,donana,12,3,tmin
Shrub,6017,0,0,donana,12,3,tmin
WaterSurf,41748,405,0.97,donana,12,3,tmin
ArtSurf,12613,0,0,donana,12,4,tmin
BareArea,6426,7,0.11,donana,12,4,tmin
DuneSand,52133,2,0,donana,12,4,tmin
Grass,23898,10,0.04,donana,12,4,tmin
HydroRipVeg,39646,34,0.09,donana,12,4,tmin
MedConF,76259,3,0,donana,12,4,tmin
MedSclF,6483,0,0,donana,12,4,tmin
MedScrub,129201,6,0,donana,12,4,tmin
Reforestation,2747,0,0,donana,12,4,tmin
RipF,418,0,0,donana,12,4,tmin
SaltMar,344960,886,0.26,donana,12,4,tmin
Shrub,6017,0,0,donana,12,4,tmin
WaterSurf,41748,38,0.09,donana,12,4,tmin
ArtSurf,12613,7,0.06,donana,12,5,tmin
BareArea,6426,13,0.2,donana,12,5,tmin
DuneSand,52133,6,0.01,donana,12,5,tmin
Grass,23898,2,0.01,donana,12,5,tmin
HydroRipVeg,39646,53,0.13,donana,12,5,tmin
MedConF,76259,1,0,donana,12,5,tmin
MedSclF,6483,0,0,donana,12,5,tmin
MedScrub,129201,9,0.01,donana,12,5,tmin
Reforestation,2747,0,0,donana,12,5,tmin
RipF,418,0,0,donana,12,5,tmin
SaltMar,344960,1311,0.38,donana,12,5,tmin
Shrub,6017,0,0,donana,12,5,tmin
WaterSurf,41748,821,1.97,donana,12,5,tmin
ArtSurf,12613,15,0.12,donana,12,6,tmin
BareArea,6426,5,0.08,donana,12,6,tmin
DuneSand,52133,0,0,donana,12,6,tmin
Grass,23898,0,0,donana,12,6,tmin
HydroRipVeg,39646,39,0.1,donana,12,6,tmin
MedConF,76259,0,0,donana,12,6,tmin
MedSclF,6483,0,0,donana,12,6,tmin
MedScrub,129201,1,0,donana,12,6,tmin
Reforestation,2747,0,0,donana,12,6,tmin
RipF,418,0,0,donana,12,6,tmin
SaltMar,344960,948,0.27,donana,12,6,tmin
Shrub,6017,0,0,donana,12,6,tmin
WaterSurf,41748,1152,2.76,donana,12,6,tmin
ArtSurf,12613,33,0.26,donana,12,7,tmin
BareArea,6426,0,0,donana,12,7,tmin
DuneSand,52133,0,0,donana,12,7,tmin
Grass,23898,0,0,donana,12,7,tmin
HydroRipVeg,39646,10,0.03,donana,12,7,tmin
MedConF,76259,0,0,donana,12,7,tmin
MedSclF,6483,0,0,donana,12,7,tmin
MedScrub,129201,0,0,donana,12,7,tmin
Reforestation,2747,0,0,donana,12,7,tmin
RipF,418,0,0,donana,12,7,tmin
SaltMar,344960,104,0.03,donana,12,7,tmin
Shrub,6017,0,0,donana,12,7,tmin
WaterSurf,41748,1,0,donana,12,7,tmin
ArtSurf,12613,0,0,donana,12,8,tmin
BareArea,6426,0,0,donana,12,8,tmin
DuneSand,52133,0,0,donana,12,8,tmin
Grass,23898,0,0,donana,12,8,tmin
HydroRipVeg,39646,0,0,donana,12,8,tmin
MedConF,76259,0,0,donana,12,8,tmin
MedSclF,6483,0,0,donana,12,8,tmin
MedScrub,129201,0,0,donana,12,8,tmin
Reforestation,2747,0,0,donana,12,8,tmin
RipF,418,0,0,donana,12,8,tmin
SaltMar,344960,1,0,donana,12,8,tmin
Shrub,6017,0,0,donana,12,8,tmin
WaterSurf,41748,0,0,donana,12,8,tmin
ArtSurf,12613,0,0,donana,12,9,tmin
BareArea,6426,0,0,donana,12,9,tmin
DuneSand,52133,0,0,donana,12,9,tmin
Grass,23898,0,0,donana,12,9,tmin
HydroRipVeg,39646,0,0,donana,12,9,tmin
MedConF,76259,0,0,donana,12,9,tmin
MedSclF,6483,0,0,donana,12,9,tmin
MedScrub,129201,0,0,donana,12,9,tmin
Reforestation,2747,0,0,donana,12,9,tmin
RipF,418,0,0,donana,12,9,tmin
SaltMar,344960,1,0,donana,12,9,tmin
Shrub,6017,0,0,donana,12,9,tmin
WaterSurf,41748,0,0,donana,12,9,tmin
ArtSurf,12613,0,0,donana,12,10,tmin
BareArea,6426,0,0,donana,12,10,tmin
DuneSand,52133,0,0,donana,12,10,tmin
Grass,23898,0,0,donana,12,10,tmin
HydroRipVeg,39646,0,0,donana,12,10,tmin
MedConF,76259,0,0,donana,12,10,tmin
MedSclF,6483,0,0,donana,12,10,tmin
MedScrub,129201,0,0,donana,12,10,tmin
Reforestation,2747,0,0,donana,12,10,tmin
RipF,418,0,0,donana,12,10,tmin
SaltMar,344960,0,0,donana,12,10,tmin
Shrub,6017,0,0,donana,12,10,tmin
WaterSurf,41748,0,0,donana,12,10,tmin
ArtSurf,12613,0,0,donana,12,11,tmin
BareArea,6426,0,0,donana,12,11,tmin
DuneSand,52133,0,0,donana,12,11,tmin
Grass,23898,1,0,donana,12,11,tmin
HydroRipVeg,39646,0,0,donana,12,11,tmin
MedConF,76259,0,0,donana,12,11,tmin
MedSclF,6483,0,0,donana,12,11,tmin
MedScrub,129201,0,0,donana,12,11,tmin
Reforestation,2747,0,0,donana,12,11,tmin
RipF,418,0,0,donana,12,11,tmin
SaltMar,344960,26,0.01,donana,12,11,tmin
Shrub,6017,0,0,donana,12,11,tmin
WaterSurf,41748,11,0.03,donana,12,11,tmin
ArtSurf,12613,369,2.93,donana,12,12,tmin
BareArea,6426,580,9.03,donana,12,12,tmin
DuneSand,52133,3,0.01,donana,12,12,tmin
Grass,23898,355,1.49,donana,12,12,tmin
HydroRipVeg,39646,3832,9.67,donana,12,12,tmin
MedConF,76259,33,0.04,donana,12,12,tmin
MedSclF,6483,4,0.06,donana,12,12,tmin
MedScrub,129201,2,0,donana,12,12,tmin
Reforestation,2747,0,0,donana,12,12,tmin
RipF,418,7,1.67,donana,12,12,tmin
SaltMar,344960,97837,28.36,donana,12,12,tmin
Shrub,6017,6,0.1,donana,12,12,tmin
WaterSurf,41748,2710,6.49,donana,12,12,tmin
AlpConF,129960,0,0,guadarrama,1,1,tmin
AlpScrGr,172894,0,0,guadarrama,1,1,tmin
ArtSurf,1490,0,0,guadarrama,1,1,tmin
Grass,7028,0,0,guadarrama,1,1,tmin
MedSclF,3280,0,0,guadarrama,1,1,tmin
MedScrub,38947,0,0,guadarrama,1,1,tmin
Peatland,229,0,0,guadarrama,1,1,tmin
Reforestation,88147,0,0,guadarrama,1,1,tmin
RipF,529,0,0,guadarrama,1,1,tmin
RockScreeVeg,46691,0,0,guadarrama,1,1,tmin
SMedMarF,5314,0,0,guadarrama,1,1,tmin
Shrub,3703,0,0,guadarrama,1,1,tmin
TempDecF,1436,0,0,guadarrama,1,1,tmin
WaterSurf,30,0,0,guadarrama,1,1,tmin
AlpConF,129960,0,0,guadarrama,1,2,tmin
AlpScrGr,172894,0,0,guadarrama,1,2,tmin
ArtSurf,1490,0,0,guadarrama,1,2,tmin
Grass,7028,0,0,guadarrama,1,2,tmin
MedSclF,3280,0,0,guadarrama,1,2,tmin
MedScrub,38947,0,0,guadarrama,1,2,tmin
Peatland,229,0,0,guadarrama,1,2,tmin
Reforestation,88149,4,0,guadarrama,1,2,tmin
RipF,529,0,0,guadarrama,1,2,tmin
RockScreeVeg,46691,1,0,guadarrama,1,2,tmin
SMedMarF,5314,0,0,guadarrama,1,2,tmin
Shrub,3703,0,0,guadarrama,1,2,tmin
TempDecF,1436,0,0,guadarrama,1,2,tmin
WaterSurf,30,0,0,guadarrama,1,2,tmin
AlpConF,129960,0,0,guadarrama,1,3,tmin
AlpScrGr,172894,0,0,guadarrama,1,3,tmin
ArtSurf,1490,0,0,guadarrama,1,3,tmin
Grass,7028,0,0,guadarrama,1,3,tmin
MedSclF,3280,0,0,guadarrama,1,3,tmin
MedScrub,38947,0,0,guadarrama,1,3,tmin
Peatland,229,0,0,guadarrama,1,3,tmin
Reforestation,88149,0,0,guadarrama,1,3,tmin
RipF,529,0,0,guadarrama,1,3,tmin
RockScreeVeg,46691,0,0,guadarrama,1,3,tmin
SMedMarF,5314,0,0,guadarrama,1,3,tmin
Shrub,3703,0,0,guadarrama,1,3,tmin
TempDecF,1436,0,0,guadarrama,1,3,tmin
WaterSurf,30,0,0,guadarrama,1,3,tmin
AlpConF,129960,0,0,guadarrama,1,4,tmin
AlpScrGr,172894,0,0,guadarrama,1,4,tmin
ArtSurf,1490,0,0,guadarrama,1,4,tmin
Grass,7028,0,0,guadarrama,1,4,tmin
MedSclF,3280,0,0,guadarrama,1,4,tmin
MedScrub,38947,0,0,guadarrama,1,4,tmin
Peatland,229,0,0,guadarrama,1,4,tmin
Reforestation,88149,0,0,guadarrama,1,4,tmin
RipF,529,0,0,guadarrama,1,4,tmin
RockScreeVeg,46691,0,0,guadarrama,1,4,tmin
SMedMarF,5314,0,0,guadarrama,1,4,tmin
Shrub,3703,0,0,guadarrama,1,4,tmin
TempDecF,1436,0,0,guadarrama,1,4,tmin
WaterSurf,30,0,0,guadarrama,1,4,tmin
AlpConF,129960,0,0,guadarrama,1,5,tmin
AlpScrGr,172894,0,0,guadarrama,1,5,tmin
ArtSurf,1490,0,0,guadarrama,1,5,tmin
Grass,7028,0,0,guadarrama,1,5,tmin
MedSclF,3280,0,0,guadarrama,1,5,tmin
MedScrub,38947,0,0,guadarrama,1,5,tmin
Peatland,229,0,0,guadarrama,1,5,tmin
Reforestation,88149,0,0,guadarrama,1,5,tmin
RipF,529,0,0,guadarrama,1,5,tmin
RockScreeVeg,46691,0,0,guadarrama,1,5,tmin
SMedMarF,5314,0,0,guadarrama,1,5,tmin
Shrub,3703,0,0,guadarrama,1,5,tmin
TempDecF,1436,0,0,guadarrama,1,5,tmin
WaterSurf,30,0,0,guadarrama,1,5,tmin
AlpConF,129960,0,0,guadarrama,1,6,tmin
AlpScrGr,172894,0,0,guadarrama,1,6,tmin
ArtSurf,1490,0,0,guadarrama,1,6,tmin
Grass,7028,0,0,guadarrama,1,6,tmin
MedSclF,3280,0,0,guadarrama,1,6,tmin
MedScrub,38947,0,0,guadarrama,1,6,tmin
Peatland,229,0,0,guadarrama,1,6,tmin
Reforestation,88149,0,0,guadarrama,1,6,tmin
RipF,529,0,0,guadarrama,1,6,tmin
RockScreeVeg,46691,0,0,guadarrama,1,6,tmin
SMedMarF,5314,0,0,guadarrama,1,6,tmin
Shrub,3703,0,0,guadarrama,1,6,tmin
TempDecF,1436,0,0,guadarrama,1,6,tmin
WaterSurf,30,0,0,guadarrama,1,6,tmin
AlpConF,129960,0,0,guadarrama,1,7,tmin
AlpScrGr,172894,1,0,guadarrama,1,7,tmin
ArtSurf,1490,0,0,guadarrama,1,7,tmin
Grass,7028,0,0,guadarrama,1,7,tmin
MedSclF,3280,0,0,guadarrama,1,7,tmin
MedScrub,38947,0,0,guadarrama,1,7,tmin
Peatland,229,0,0,guadarrama,1,7,tmin
Reforestation,88149,0,0,guadarrama,1,7,tmin
RipF,529,0,0,guadarrama,1,7,tmin
RockScreeVeg,46691,0,0,guadarrama,1,7,tmin
SMedMarF,5314,0,0,guadarrama,1,7,tmin
Shrub,3703,0,0,guadarrama,1,7,tmin
TempDecF,1436,0,0,guadarrama,1,7,tmin
WaterSurf,30,0,0,guadarrama,1,7,tmin
AlpConF,129960,0,0,guadarrama,1,8,tmin
AlpScrGr,172894,0,0,guadarrama,1,8,tmin
ArtSurf,1490,0,0,guadarrama,1,8,tmin
Grass,7028,0,0,guadarrama,1,8,tmin
MedSclF,3280,0,0,guadarrama,1,8,tmin
MedScrub,38947,0,0,guadarrama,1,8,tmin
Peatland,229,0,0,guadarrama,1,8,tmin
Reforestation,88149,0,0,guadarrama,1,8,tmin
RipF,529,0,0,guadarrama,1,8,tmin
RockScreeVeg,46691,0,0,guadarrama,1,8,tmin
SMedMarF,5314,0,0,guadarrama,1,8,tmin
Shrub,3703,0,0,guadarrama,1,8,tmin
TempDecF,1436,0,0,guadarrama,1,8,tmin
WaterSurf,30,0,0,guadarrama,1,8,tmin
AlpConF,129960,0,0,guadarrama,1,9,tmin
AlpScrGr,172894,0,0,guadarrama,1,9,tmin
ArtSurf,1490,0,0,guadarrama,1,9,tmin
Grass,7028,0,0,guadarrama,1,9,tmin
MedSclF,3280,0,0,guadarrama,1,9,tmin
MedScrub,38947,0,0,guadarrama,1,9,tmin
Peatland,229,0,0,guadarrama,1,9,tmin
Reforestation,88149,0,0,guadarrama,1,9,tmin
RipF,529,0,0,guadarrama,1,9,tmin
RockScreeVeg,46691,0,0,guadarrama,1,9,tmin
SMedMarF,5314,0,0,guadarrama,1,9,tmin
Shrub,3703,0,0,guadarrama,1,9,tmin
TempDecF,1436,0,0,guadarrama,1,9,tmin
WaterSurf,30,0,0,guadarrama,1,9,tmin
AlpConF,129960,0,0,guadarrama,1,10,tmin
AlpScrGr,172894,0,0,guadarrama,1,10,tmin
ArtSurf,1490,0,0,guadarrama,1,10,tmin
Grass,7028,0,0,guadarrama,1,10,tmin
MedSclF,3280,0,0,guadarrama,1,10,tmin
MedScrub,38947,0,0,guadarrama,1,10,tmin
Peatland,229,0,0,guadarrama,1,10,tmin
Reforestation,88149,0,0,guadarrama,1,10,tmin
RipF,529,0,0,guadarrama,1,10,tmin
RockScreeVeg,46691,0,0,guadarrama,1,10,tmin
SMedMarF,5314,0,0,guadarrama,1,10,tmin
Shrub,3703,0,0,guadarrama,1,10,tmin
TempDecF,1436,0,0,guadarrama,1,10,tmin
WaterSurf,30,0,0,guadarrama,1,10,tmin
AlpConF,129960,3,0,guadarrama,1,11,tmin
AlpScrGr,172894,0,0,guadarrama,1,11,tmin
ArtSurf,1490,0,0,guadarrama,1,11,tmin
Grass,7028,0,0,guadarrama,1,11,tmin
MedSclF,3280,0,0,guadarrama,1,11,tmin
MedScrub,38947,3,0.01,guadarrama,1,11,tmin
Peatland,229,0,0,guadarrama,1,11,tmin
Reforestation,88149,5,0.01,guadarrama,1,11,tmin
RipF,529,0,0,guadarrama,1,11,tmin
RockScreeVeg,46691,0,0,guadarrama,1,11,tmin
SMedMarF,5314,0,0,guadarrama,1,11,tmin
Shrub,3703,0,0,guadarrama,1,11,tmin
TempDecF,1436,0,0,guadarrama,1,11,tmin
WaterSurf,30,0,0,guadarrama,1,11,tmin
AlpConF,129960,0,0,guadarrama,1,12,tmin
AlpScrGr,172894,0,0,guadarrama,1,12,tmin
ArtSurf,1490,0,0,guadarrama,1,12,tmin
Grass,7028,0,0,guadarrama,1,12,tmin
MedSclF,3280,0,0,guadarrama,1,12,tmin
MedScrub,38947,0,0,guadarrama,1,12,tmin
Peatland,229,0,0,guadarrama,1,12,tmin
Reforestation,88133,0,0,guadarrama,1,12,tmin
RipF,529,0,0,guadarrama,1,12,tmin
RockScreeVeg,46691,0,0,guadarrama,1,12,tmin
SMedMarF,5314,0,0,guadarrama,1,12,tmin
Shrub,3703,0,0,guadarrama,1,12,tmin
TempDecF,1436,0,0,guadarrama,1,12,tmin
WaterSurf,30,0,0,guadarrama,1,12,tmin
AlpConF,129960,0,0,guadarrama,3,1,tmin
AlpScrGr,172894,0,0,guadarrama,3,1,tmin
ArtSurf,1490,0,0,guadarrama,3,1,tmin
Grass,7028,0,0,guadarrama,3,1,tmin
MedSclF,3280,0,0,guadarrama,3,1,tmin
MedScrub,38947,0,0,guadarrama,3,1,tmin
Peatland,229,0,0,guadarrama,3,1,tmin
Reforestation,88147,0,0,guadarrama,3,1,tmin
RipF,529,0,0,guadarrama,3,1,tmin
RockScreeVeg,46691,0,0,guadarrama,3,1,tmin
SMedMarF,5314,0,0,guadarrama,3,1,tmin
Shrub,3703,0,0,guadarrama,3,1,tmin
TempDecF,1436,0,0,guadarrama,3,1,tmin
WaterSurf,30,0,0,guadarrama,3,1,tmin
AlpConF,129960,0,0,guadarrama,3,2,tmin
AlpScrGr,172894,0,0,guadarrama,3,2,tmin
ArtSurf,1490,0,0,guadarrama,3,2,tmin
Grass,7028,0,0,guadarrama,3,2,tmin
MedSclF,3280,0,0,guadarrama,3,2,tmin
MedScrub,38947,0,0,guadarrama,3,2,tmin
Peatland,229,0,0,guadarrama,3,2,tmin
Reforestation,88149,0,0,guadarrama,3,2,tmin
RipF,529,0,0,guadarrama,3,2,tmin
RockScreeVeg,46691,0,0,guadarrama,3,2,tmin
SMedMarF,5314,0,0,guadarrama,3,2,tmin
Shrub,3703,0,0,guadarrama,3,2,tmin
TempDecF,1436,0,0,guadarrama,3,2,tmin
WaterSurf,30,0,0,guadarrama,3,2,tmin
AlpConF,129960,1,0,guadarrama,3,3,tmin
AlpScrGr,172894,0,0,guadarrama,3,3,tmin
ArtSurf,1490,0,0,guadarrama,3,3,tmin
Grass,7028,0,0,guadarrama,3,3,tmin
MedSclF,3280,0,0,guadarrama,3,3,tmin
MedScrub,38947,0,0,guadarrama,3,3,tmin
Peatland,229,0,0,guadarrama,3,3,tmin
Reforestation,88149,0,0,guadarrama,3,3,tmin
RipF,529,0,0,guadarrama,3,3,tmin
RockScreeVeg,46691,0,0,guadarrama,3,3,tmin
SMedMarF,5314,0,0,guadarrama,3,3,tmin
Shrub,3703,0,0,guadarrama,3,3,tmin
TempDecF,1436,0,0,guadarrama,3,3,tmin
WaterSurf,30,0,0,guadarrama,3,3,tmin
AlpConF,129960,0,0,guadarrama,3,4,tmin
AlpScrGr,172894,0,0,guadarrama,3,4,tmin
ArtSurf,1490,0,0,guadarrama,3,4,tmin
Grass,7028,0,0,guadarrama,3,4,tmin
MedSclF,3280,0,0,guadarrama,3,4,tmin
MedScrub,38947,0,0,guadarrama,3,4,tmin
Peatland,229,0,0,guadarrama,3,4,tmin
Reforestation,88149,0,0,guadarrama,3,4,tmin
RipF,529,0,0,guadarrama,3,4,tmin
RockScreeVeg,46691,0,0,guadarrama,3,4,tmin
SMedMarF,5314,0,0,guadarrama,3,4,tmin
Shrub,3703,0,0,guadarrama,3,4,tmin
TempDecF,1436,0,0,guadarrama,3,4,tmin
WaterSurf,30,0,0,guadarrama,3,4,tmin
AlpConF,129960,0,0,guadarrama,3,5,tmin
AlpScrGr,172894,0,0,guadarrama,3,5,tmin
ArtSurf,1490,0,0,guadarrama,3,5,tmin
Grass,7028,0,0,guadarrama,3,5,tmin
MedSclF,3280,0,0,guadarrama,3,5,tmin
MedScrub,38947,0,0,guadarrama,3,5,tmin
Peatland,229,0,0,guadarrama,3,5,tmin
Reforestation,88149,0,0,guadarrama,3,5,tmin
RipF,529,0,0,guadarrama,3,5,tmin
RockScreeVeg,46691,0,0,guadarrama,3,5,tmin
SMedMarF,5314,0,0,guadarrama,3,5,tmin
Shrub,3703,0,0,guadarrama,3,5,tmin
TempDecF,1436,0,0,guadarrama,3,5,tmin
WaterSurf,30,0,0,guadarrama,3,5,tmin
AlpConF,129960,0,0,guadarrama,3,6,tmin
AlpScrGr,172894,0,0,guadarrama,3,6,tmin
ArtSurf,1490,0,0,guadarrama,3,6,tmin
Grass,7028,0,0,guadarrama,3,6,tmin
MedSclF,3280,0,0,guadarrama,3,6,tmin
MedScrub,38947,0,0,guadarrama,3,6,tmin
Peatland,229,0,0,guadarrama,3,6,tmin
Reforestation,88149,0,0,guadarrama,3,6,tmin
RipF,529,0,0,guadarrama,3,6,tmin
RockScreeVeg,46691,0,0,guadarrama,3,6,tmin
SMedMarF,5314,0,0,guadarrama,3,6,tmin
Shrub,3703,0,0,guadarrama,3,6,tmin
TempDecF,1436,0,0,guadarrama,3,6,tmin
WaterSurf,30,0,0,guadarrama,3,6,tmin
AlpConF,129960,34,0.03,guadarrama,3,7,tmin
AlpScrGr,172894,352,0.2,guadarrama,3,7,tmin
ArtSurf,1490,1,0.07,guadarrama,3,7,tmin
Grass,7028,239,3.4,guadarrama,3,7,tmin
MedSclF,3280,23,0.7,guadarrama,3,7,tmin
MedScrub,38947,61,0.16,guadarrama,3,7,tmin
Peatland,229,1,0.44,guadarrama,3,7,tmin
Reforestation,88149,6,0.01,guadarrama,3,7,tmin
RipF,529,0,0,guadarrama,3,7,tmin
RockScreeVeg,46691,14,0.03,guadarrama,3,7,tmin
SMedMarF,5314,15,0.28,guadarrama,3,7,tmin
Shrub,3703,43,1.16,guadarrama,3,7,tmin
TempDecF,1436,0,0,guadarrama,3,7,tmin
WaterSurf,30,0,0,guadarrama,3,7,tmin
AlpConF,129960,173,0.13,guadarrama,3,8,tmin
AlpScrGr,172894,4324,2.5,guadarrama,3,8,tmin
ArtSurf,1490,8,0.54,guadarrama,3,8,tmin
Grass,7028,296,4.21,guadarrama,3,8,tmin
MedSclF,3280,13,0.4,guadarrama,3,8,tmin
MedScrub,38947,793,2.04,guadarrama,3,8,tmin
Peatland,229,7,3.06,guadarrama,3,8,tmin
Reforestation,88149,481,0.55,guadarrama,3,8,tmin
RipF,529,4,0.76,guadarrama,3,8,tmin
RockScreeVeg,46691,365,0.78,guadarrama,3,8,tmin
SMedMarF,5314,45,0.85,guadarrama,3,8,tmin
Shrub,3703,131,3.54,guadarrama,3,8,tmin
TempDecF,1436,3,0.21,guadarrama,3,8,tmin
WaterSurf,30,0,0,guadarrama,3,8,tmin
AlpConF,129960,0,0,guadarrama,3,9,tmin
AlpScrGr,172894,0,0,guadarrama,3,9,tmin
ArtSurf,1490,0,0,guadarrama,3,9,tmin
Grass,7028,0,0,guadarrama,3,9,tmin
MedSclF,3280,0,0,guadarrama,3,9,tmin
MedScrub,38947,0,0,guadarrama,3,9,tmin
Peatland,229,0,0,guadarrama,3,9,tmin
Reforestation,88149,0,0,guadarrama,3,9,tmin
RipF,529,0,0,guadarrama,3,9,tmin
RockScreeVeg,46691,0,0,guadarrama,3,9,tmin
SMedMarF,5314,0,0,guadarrama,3,9,tmin
Shrub,3703,0,0,guadarrama,3,9,tmin
TempDecF,1436,0,0,guadarrama,3,9,tmin
WaterSurf,30,0,0,guadarrama,3,9,tmin
AlpConF,129960,0,0,guadarrama,3,10,tmin
AlpScrGr,172894,0,0,guadarrama,3,10,tmin
ArtSurf,1490,0,0,guadarrama,3,10,tmin
Grass,7028,0,0,guadarrama,3,10,tmin
MedSclF,3280,0,0,guadarrama,3,10,tmin
MedScrub,38947,0,0,guadarrama,3,10,tmin
Peatland,229,0,0,guadarrama,3,10,tmin
Reforestation,88149,0,0,guadarrama,3,10,tmin
RipF,529,0,0,guadarrama,3,10,tmin
RockScreeVeg,46691,0,0,guadarrama,3,10,tmin
SMedMarF,5314,0,0,guadarrama,3,10,tmin
Shrub,3703,0,0,guadarrama,3,10,tmin
TempDecF,1436,0,0,guadarrama,3,10,tmin
WaterSurf,30,0,0,guadarrama,3,10,tmin
AlpConF,129960,0,0,guadarrama,3,11,tmin
AlpScrGr,172894,0,0,guadarrama,3,11,tmin
ArtSurf,1490,0,0,guadarrama,3,11,tmin
Grass,7028,0,0,guadarrama,3,11,tmin
MedSclF,3280,0,0,guadarrama,3,11,tmin
MedScrub,38947,0,0,guadarrama,3,11,tmin
Peatland,229,0,0,guadarrama,3,11,tmin
Reforestation,88149,0,0,guadarrama,3,11,tmin
RipF,529,0,0,guadarrama,3,11,tmin
RockScreeVeg,46691,0,0,guadarrama,3,11,tmin
SMedMarF,5314,0,0,guadarrama,3,11,tmin
Shrub,3703,0,0,guadarrama,3,11,tmin
TempDecF,1436,0,0,guadarrama,3,11,tmin
WaterSurf,30,0,0,guadarrama,3,11,tmin
AlpConF,129960,0,0,guadarrama,3,12,tmin
AlpScrGr,172894,0,0,guadarrama,3,12,tmin
ArtSurf,1490,0,0,guadarrama,3,12,tmin
Grass,7028,0,0,guadarrama,3,12,tmin
MedSclF,3280,0,0,guadarrama,3,12,tmin
MedScrub,38947,0,0,guadarrama,3,12,tmin
Peatland,229,0,0,guadarrama,3,12,tmin
Reforestation,88133,0,0,guadarrama,3,12,tmin
RipF,529,0,0,guadarrama,3,12,tmin
RockScreeVeg,46691,0,0,guadarrama,3,12,tmin
SMedMarF,5314,0,0,guadarrama,3,12,tmin
Shrub,3703,0,0,guadarrama,3,12,tmin
TempDecF,1436,0,0,guadarrama,3,12,tmin
WaterSurf,30,0,0,guadarrama,3,12,tmin
AlpConF,129960,0,0,guadarrama,6,1,tmin
AlpScrGr,172894,0,0,guadarrama,6,1,tmin
ArtSurf,1490,0,0,guadarrama,6,1,tmin
Grass,7028,0,0,guadarrama,6,1,tmin
MedSclF,3280,0,0,guadarrama,6,1,tmin
MedScrub,38947,0,0,guadarrama,6,1,tmin
Peatland,229,0,0,guadarrama,6,1,tmin
Reforestation,88147,0,0,guadarrama,6,1,tmin
RipF,529,0,0,guadarrama,6,1,tmin
RockScreeVeg,46691,0,0,guadarrama,6,1,tmin
SMedMarF,5314,0,0,guadarrama,6,1,tmin
Shrub,3703,0,0,guadarrama,6,1,tmin
TempDecF,1436,0,0,guadarrama,6,1,tmin
WaterSurf,30,0,0,guadarrama,6,1,tmin
AlpConF,129960,0,0,guadarrama,6,2,tmin
AlpScrGr,172894,0,0,guadarrama,6,2,tmin
ArtSurf,1490,0,0,guadarrama,6,2,tmin
Grass,7028,0,0,guadarrama,6,2,tmin
MedSclF,3280,0,0,guadarrama,6,2,tmin
MedScrub,38947,0,0,guadarrama,6,2,tmin
Peatland,229,0,0,guadarrama,6,2,tmin
Reforestation,88149,0,0,guadarrama,6,2,tmin
RipF,529,0,0,guadarrama,6,2,tmin
RockScreeVeg,46691,0,0,guadarrama,6,2,tmin
SMedMarF,5314,0,0,guadarrama,6,2,tmin
Shrub,3703,0,0,guadarrama,6,2,tmin
TempDecF,1436,0,0,guadarrama,6,2,tmin
WaterSurf,30,0,0,guadarrama,6,2,tmin
AlpConF,129960,0,0,guadarrama,6,3,tmin
AlpScrGr,172894,0,0,guadarrama,6,3,tmin
ArtSurf,1490,0,0,guadarrama,6,3,tmin
Grass,7028,0,0,guadarrama,6,3,tmin
MedSclF,3280,0,0,guadarrama,6,3,tmin
MedScrub,38947,3,0.01,guadarrama,6,3,tmin
Peatland,229,0,0,guadarrama,6,3,tmin
Reforestation,88149,6,0.01,guadarrama,6,3,tmin
RipF,529,0,0,guadarrama,6,3,tmin
RockScreeVeg,46691,0,0,guadarrama,6,3,tmin
SMedMarF,5314,0,0,guadarrama,6,3,tmin
Shrub,3703,0,0,guadarrama,6,3,tmin
TempDecF,1436,0,0,guadarrama,6,3,tmin
WaterSurf,30,0,0,guadarrama,6,3,tmin
AlpConF,129960,0,0,guadarrama,6,4,tmin
AlpScrGr,172894,0,0,guadarrama,6,4,tmin
ArtSurf,1490,0,0,guadarrama,6,4,tmin
Grass,7028,0,0,guadarrama,6,4,tmin
MedSclF,3280,0,0,guadarrama,6,4,tmin
MedScrub,38947,0,0,guadarrama,6,4,tmin
Peatland,229,0,0,guadarrama,6,4,tmin
Reforestation,88149,0,0,guadarrama,6,4,tmin
RipF,529,0,0,guadarrama,6,4,tmin
RockScreeVeg,46691,0,0,guadarrama,6,4,tmin
SMedMarF,5314,0,0,guadarrama,6,4,tmin
Shrub,3703,0,0,guadarrama,6,4,tmin
TempDecF,1436,0,0,guadarrama,6,4,tmin
WaterSurf,30,0,0,guadarrama,6,4,tmin
AlpConF,129960,0,0,guadarrama,6,5,tmin
AlpScrGr,172894,0,0,guadarrama,6,5,tmin
ArtSurf,1490,0,0,guadarrama,6,5,tmin
Grass,7028,0,0,guadarrama,6,5,tmin
MedSclF,3280,0,0,guadarrama,6,5,tmin
MedScrub,38947,0,0,guadarrama,6,5,tmin
Peatland,229,0,0,guadarrama,6,5,tmin
Reforestation,88149,0,0,guadarrama,6,5,tmin
RipF,529,0,0,guadarrama,6,5,tmin
RockScreeVeg,46691,0,0,guadarrama,6,5,tmin
SMedMarF,5314,0,0,guadarrama,6,5,tmin
Shrub,3703,0,0,guadarrama,6,5,tmin
TempDecF,1436,0,0,guadarrama,6,5,tmin
WaterSurf,30,0,0,guadarrama,6,5,tmin
AlpConF,129960,0,0,guadarrama,6,6,tmin
AlpScrGr,172894,0,0,guadarrama,6,6,tmin
ArtSurf,1490,0,0,guadarrama,6,6,tmin
Grass,7028,0,0,guadarrama,6,6,tmin
MedSclF,3280,0,0,guadarrama,6,6,tmin
MedScrub,38947,0,0,guadarrama,6,6,tmin
Peatland,229,0,0,guadarrama,6,6,tmin
Reforestation,88149,0,0,guadarrama,6,6,tmin
RipF,529,0,0,guadarrama,6,6,tmin
RockScreeVeg,46691,0,0,guadarrama,6,6,tmin
SMedMarF,5314,0,0,guadarrama,6,6,tmin
Shrub,3703,0,0,guadarrama,6,6,tmin
TempDecF,1436,0,0,guadarrama,6,6,tmin
WaterSurf,30,0,0,guadarrama,6,6,tmin
AlpConF,129960,0,0,guadarrama,6,7,tmin
AlpScrGr,172894,0,0,guadarrama,6,7,tmin
ArtSurf,1490,0,0,guadarrama,6,7,tmin
Grass,7028,0,0,guadarrama,6,7,tmin
MedSclF,3280,0,0,guadarrama,6,7,tmin
MedScrub,38947,0,0,guadarrama,6,7,tmin
Peatland,229,0,0,guadarrama,6,7,tmin
Reforestation,88149,0,0,guadarrama,6,7,tmin
RipF,529,0,0,guadarrama,6,7,tmin
RockScreeVeg,46691,0,0,guadarrama,6,7,tmin
SMedMarF,5314,0,0,guadarrama,6,7,tmin
Shrub,3703,0,0,guadarrama,6,7,tmin
TempDecF,1436,0,0,guadarrama,6,7,tmin
WaterSurf,30,0,0,guadarrama,6,7,tmin
AlpConF,129960,0,0,guadarrama,6,8,tmin
AlpScrGr,172894,0,0,guadarrama,6,8,tmin
ArtSurf,1490,0,0,guadarrama,6,8,tmin
Grass,7028,0,0,guadarrama,6,8,tmin
MedSclF,3280,0,0,guadarrama,6,8,tmin
MedScrub,38947,1,0,guadarrama,6,8,tmin
Peatland,229,0,0,guadarrama,6,8,tmin
Reforestation,88149,0,0,guadarrama,6,8,tmin
RipF,529,0,0,guadarrama,6,8,tmin
RockScreeVeg,46691,2,0,guadarrama,6,8,tmin
SMedMarF,5314,0,0,guadarrama,6,8,tmin
Shrub,3703,0,0,guadarrama,6,8,tmin
TempDecF,1436,0,0,guadarrama,6,8,tmin
WaterSurf,30,0,0,guadarrama,6,8,tmin
AlpConF,129960,0,0,guadarrama,6,9,tmin
AlpScrGr,172894,0,0,guadarrama,6,9,tmin
ArtSurf,1490,0,0,guadarrama,6,9,tmin
Grass,7028,0,0,guadarrama,6,9,tmin
MedSclF,3280,0,0,guadarrama,6,9,tmin
MedScrub,38947,0,0,guadarrama,6,9,tmin
Peatland,229,0,0,guadarrama,6,9,tmin
Reforestation,88149,0,0,guadarrama,6,9,tmin
RipF,529,0,0,guadarrama,6,9,tmin
RockScreeVeg,46691,0,0,guadarrama,6,9,tmin
SMedMarF,5314,0,0,guadarrama,6,9,tmin
Shrub,3703,0,0,guadarrama,6,9,tmin
TempDecF,1436,0,0,guadarrama,6,9,tmin
WaterSurf,30,0,0,guadarrama,6,9,tmin
AlpConF,129960,0,0,guadarrama,6,10,tmin
AlpScrGr,172894,0,0,guadarrama,6,10,tmin
ArtSurf,1490,0,0,guadarrama,6,10,tmin
Grass,7028,0,0,guadarrama,6,10,tmin
MedSclF,3280,0,0,guadarrama,6,10,tmin
MedScrub,38947,0,0,guadarrama,6,10,tmin
Peatland,229,0,0,guadarrama,6,10,tmin
Reforestation,88149,0,0,guadarrama,6,10,tmin
RipF,529,0,0,guadarrama,6,10,tmin
RockScreeVeg,46691,0,0,guadarrama,6,10,tmin
SMedMarF,5314,0,0,guadarrama,6,10,tmin
Shrub,3703,0,0,guadarrama,6,10,tmin
TempDecF,1436,0,0,guadarrama,6,10,tmin
WaterSurf,30,0,0,guadarrama,6,10,tmin
AlpConF,129960,0,0,guadarrama,6,11,tmin
AlpScrGr,172894,0,0,guadarrama,6,11,tmin
ArtSurf,1490,0,0,guadarrama,6,11,tmin
Grass,7028,0,0,guadarrama,6,11,tmin
MedSclF,3280,0,0,guadarrama,6,11,tmin
MedScrub,38947,0,0,guadarrama,6,11,tmin
Peatland,229,0,0,guadarrama,6,11,tmin
Reforestation,88149,0,0,guadarrama,6,11,tmin
RipF,529,0,0,guadarrama,6,11,tmin
RockScreeVeg,46691,0,0,guadarrama,6,11,tmin
SMedMarF,5314,0,0,guadarrama,6,11,tmin
Shrub,3703,0,0,guadarrama,6,11,tmin
TempDecF,1436,0,0,guadarrama,6,11,tmin
WaterSurf,30,0,0,guadarrama,6,11,tmin
AlpConF,129960,0,0,guadarrama,6,12,tmin
AlpScrGr,172894,0,0,guadarrama,6,12,tmin
ArtSurf,1490,0,0,guadarrama,6,12,tmin
Grass,7028,0,0,guadarrama,6,12,tmin
MedSclF,3280,0,0,guadarrama,6,12,tmin
MedScrub,38947,0,0,guadarrama,6,12,tmin
Peatland,229,0,0,guadarrama,6,12,tmin
Reforestation,88133,0,0,guadarrama,6,12,tmin
RipF,529,0,0,guadarrama,6,12,tmin
RockScreeVeg,46691,0,0,guadarrama,6,12,tmin
SMedMarF,5314,0,0,guadarrama,6,12,tmin
Shrub,3703,0,0,guadarrama,6,12,tmin
TempDecF,1436,0,0,guadarrama,6,12,tmin
WaterSurf,30,0,0,guadarrama,6,12,tmin
AlpConF,129960,0,0,guadarrama,9,1,tmin
AlpScrGr,172894,0,0,guadarrama,9,1,tmin
ArtSurf,1490,0,0,guadarrama,9,1,tmin
Grass,7028,0,0,guadarrama,9,1,tmin
MedSclF,3280,0,0,guadarrama,9,1,tmin
MedScrub,38947,0,0,guadarrama,9,1,tmin
Peatland,229,0,0,guadarrama,9,1,tmin
Reforestation,88147,0,0,guadarrama,9,1,tmin
RipF,529,0,0,guadarrama,9,1,tmin
RockScreeVeg,46691,0,0,guadarrama,9,1,tmin
SMedMarF,5314,0,0,guadarrama,9,1,tmin
Shrub,3703,0,0,guadarrama,9,1,tmin
TempDecF,1436,0,0,guadarrama,9,1,tmin
WaterSurf,30,0,0,guadarrama,9,1,tmin
AlpConF,129960,0,0,guadarrama,9,2,tmin
AlpScrGr,172894,0,0,guadarrama,9,2,tmin
ArtSurf,1490,0,0,guadarrama,9,2,tmin
Grass,7028,0,0,guadarrama,9,2,tmin
MedSclF,3280,0,0,guadarrama,9,2,tmin
MedScrub,38947,0,0,guadarrama,9,2,tmin
Peatland,229,0,0,guadarrama,9,2,tmin
Reforestation,88149,0,0,guadarrama,9,2,tmin
RipF,529,0,0,guadarrama,9,2,tmin
RockScreeVeg,46691,0,0,guadarrama,9,2,tmin
SMedMarF,5314,0,0,guadarrama,9,2,tmin
Shrub,3703,0,0,guadarrama,9,2,tmin
TempDecF,1436,0,0,guadarrama,9,2,tmin
WaterSurf,30,0,0,guadarrama,9,2,tmin
AlpConF,129960,0,0,guadarrama,9,3,tmin
AlpScrGr,172894,0,0,guadarrama,9,3,tmin
ArtSurf,1490,0,0,guadarrama,9,3,tmin
Grass,7028,0,0,guadarrama,9,3,tmin
MedSclF,3280,0,0,guadarrama,9,3,tmin
MedScrub,38947,0,0,guadarrama,9,3,tmin
Peatland,229,0,0,guadarrama,9,3,tmin
Reforestation,88149,0,0,guadarrama,9,3,tmin
RipF,529,0,0,guadarrama,9,3,tmin
RockScreeVeg,46691,0,0,guadarrama,9,3,tmin
SMedMarF,5314,0,0,guadarrama,9,3,tmin
Shrub,3703,0,0,guadarrama,9,3,tmin
TempDecF,1436,0,0,guadarrama,9,3,tmin
WaterSurf,30,0,0,guadarrama,9,3,tmin
AlpConF,129960,0,0,guadarrama,9,4,tmin
AlpScrGr,172894,0,0,guadarrama,9,4,tmin
ArtSurf,1490,0,0,guadarrama,9,4,tmin
Grass,7028,0,0,guadarrama,9,4,tmin
MedSclF,3280,0,0,guadarrama,9,4,tmin
MedScrub,38947,0,0,guadarrama,9,4,tmin
Peatland,229,0,0,guadarrama,9,4,tmin
Reforestation,88149,0,0,guadarrama,9,4,tmin
RipF,529,0,0,guadarrama,9,4,tmin
RockScreeVeg,46691,0,0,guadarrama,9,4,tmin
SMedMarF,5314,0,0,guadarrama,9,4,tmin
Shrub,3703,0,0,guadarrama,9,4,tmin
TempDecF,1436,0,0,guadarrama,9,4,tmin
WaterSurf,30,0,0,guadarrama,9,4,tmin
AlpConF,129960,0,0,guadarrama,9,5,tmin
AlpScrGr,172894,0,0,guadarrama,9,5,tmin
ArtSurf,1490,0,0,guadarrama,9,5,tmin
Grass,7028,0,0,guadarrama,9,5,tmin
MedSclF,3280,0,0,guadarrama,9,5,tmin
MedScrub,38947,0,0,guadarrama,9,5,tmin
Peatland,229,0,0,guadarrama,9,5,tmin
Reforestation,88149,0,0,guadarrama,9,5,tmin
RipF,529,0,0,guadarrama,9,5,tmin
RockScreeVeg,46691,1,0,guadarrama,9,5,tmin
SMedMarF,5314,0,0,guadarrama,9,5,tmin
Shrub,3703,0,0,guadarrama,9,5,tmin
TempDecF,1436,0,0,guadarrama,9,5,tmin
WaterSurf,30,0,0,guadarrama,9,5,tmin
AlpConF,129960,0,0,guadarrama,9,6,tmin
AlpScrGr,172894,0,0,guadarrama,9,6,tmin
ArtSurf,1490,0,0,guadarrama,9,6,tmin
Grass,7028,0,0,guadarrama,9,6,tmin
MedSclF,3280,0,0,guadarrama,9,6,tmin
MedScrub,38947,0,0,guadarrama,9,6,tmin
Peatland,229,0,0,guadarrama,9,6,tmin
Reforestation,88149,0,0,guadarrama,9,6,tmin
RipF,529,0,0,guadarrama,9,6,tmin
RockScreeVeg,46691,0,0,guadarrama,9,6,tmin
SMedMarF,5314,0,0,guadarrama,9,6,tmin
Shrub,3703,0,0,guadarrama,9,6,tmin
TempDecF,1436,0,0,guadarrama,9,6,tmin
WaterSurf,30,0,0,guadarrama,9,6,tmin
AlpConF,129960,0,0,guadarrama,9,7,tmin
AlpScrGr,172894,0,0,guadarrama,9,7,tmin
ArtSurf,1490,0,0,guadarrama,9,7,tmin
Grass,7028,0,0,guadarrama,9,7,tmin
MedSclF,3280,0,0,guadarrama,9,7,tmin
MedScrub,38947,0,0,guadarrama,9,7,tmin
Peatland,229,0,0,guadarrama,9,7,tmin
Reforestation,88149,0,0,guadarrama,9,7,tmin
RipF,529,0,0,guadarrama,9,7,tmin
RockScreeVeg,46691,0,0,guadarrama,9,7,tmin
SMedMarF,5314,0,0,guadarrama,9,7,tmin
Shrub,3703,0,0,guadarrama,9,7,tmin
TempDecF,1436,0,0,guadarrama,9,7,tmin
WaterSurf,30,0,0,guadarrama,9,7,tmin
AlpConF,129960,0,0,guadarrama,9,8,tmin
AlpScrGr,172894,0,0,guadarrama,9,8,tmin
ArtSurf,1490,0,0,guadarrama,9,8,tmin
Grass,7028,0,0,guadarrama,9,8,tmin
MedSclF,3280,0,0,guadarrama,9,8,tmin
MedScrub,38947,0,0,guadarrama,9,8,tmin
Peatland,229,0,0,guadarrama,9,8,tmin
Reforestation,88149,0,0,guadarrama,9,8,tmin
RipF,529,0,0,guadarrama,9,8,tmin
RockScreeVeg,46691,0,0,guadarrama,9,8,tmin
SMedMarF,5314,0,0,guadarrama,9,8,tmin
Shrub,3703,0,0,guadarrama,9,8,tmin
TempDecF,1436,0,0,guadarrama,9,8,tmin
WaterSurf,30,0,0,guadarrama,9,8,tmin
AlpConF,129960,0,0,guadarrama,9,9,tmin
AlpScrGr,172894,0,0,guadarrama,9,9,tmin
ArtSurf,1490,0,0,guadarrama,9,9,tmin
Grass,7028,0,0,guadarrama,9,9,tmin
MedSclF,3280,0,0,guadarrama,9,9,tmin
MedScrub,38947,0,0,guadarrama,9,9,tmin
Peatland,229,0,0,guadarrama,9,9,tmin
Reforestation,88149,0,0,guadarrama,9,9,tmin
RipF,529,0,0,guadarrama,9,9,tmin
RockScreeVeg,46691,0,0,guadarrama,9,9,tmin
SMedMarF,5314,0,0,guadarrama,9,9,tmin
Shrub,3703,0,0,guadarrama,9,9,tmin
TempDecF,1436,0,0,guadarrama,9,9,tmin
WaterSurf,30,0,0,guadarrama,9,9,tmin
AlpConF,129960,0,0,guadarrama,9,10,tmin
AlpScrGr,172894,0,0,guadarrama,9,10,tmin
ArtSurf,1490,0,0,guadarrama,9,10,tmin
Grass,7028,0,0,guadarrama,9,10,tmin
MedSclF,3280,0,0,guadarrama,9,10,tmin
MedScrub,38947,0,0,guadarrama,9,10,tmin
Peatland,229,0,0,guadarrama,9,10,tmin
Reforestation,88149,0,0,guadarrama,9,10,tmin
RipF,529,0,0,guadarrama,9,10,tmin
RockScreeVeg,46691,0,0,guadarrama,9,10,tmin
SMedMarF,5314,0,0,guadarrama,9,10,tmin
Shrub,3703,0,0,guadarrama,9,10,tmin
TempDecF,1436,0,0,guadarrama,9,10,tmin
WaterSurf,30,0,0,guadarrama,9,10,tmin
AlpConF,129960,0,0,guadarrama,9,11,tmin
AlpScrGr,172894,0,0,guadarrama,9,11,tmin
ArtSurf,1490,0,0,guadarrama,9,11,tmin
Grass,7028,0,0,guadarrama,9,11,tmin
MedSclF,3280,0,0,guadarrama,9,11,tmin
MedScrub,38947,0,0,guadarrama,9,11,tmin
Peatland,229,0,0,guadarrama,9,11,tmin
Reforestation,88149,0,0,guadarrama,9,11,tmin
RipF,529,0,0,guadarrama,9,11,tmin
RockScreeVeg,46691,0,0,guadarrama,9,11,tmin
SMedMarF,5314,0,0,guadarrama,9,11,tmin
Shrub,3703,0,0,guadarrama,9,11,tmin
TempDecF,1436,0,0,guadarrama,9,11,tmin
WaterSurf,30,0,0,guadarrama,9,11,tmin
AlpConF,129960,0,0,guadarrama,9,12,tmin
AlpScrGr,172894,0,0,guadarrama,9,12,tmin
ArtSurf,1490,0,0,guadarrama,9,12,tmin
Grass,7028,0,0,guadarrama,9,12,tmin
MedSclF,3280,0,0,guadarrama,9,12,tmin
MedScrub,38947,0,0,guadarrama,9,12,tmin
Peatland,229,0,0,guadarrama,9,12,tmin
Reforestation,88133,0,0,guadarrama,9,12,tmin
RipF,529,0,0,guadarrama,9,12,tmin
RockScreeVeg,46691,0,0,guadarrama,9,12,tmin
SMedMarF,5314,0,0,guadarrama,9,12,tmin
Shrub,3703,0,0,guadarrama,9,12,tmin
TempDecF,1436,0,0,guadarrama,9,12,tmin
WaterSurf,30,0,0,guadarrama,9,12,tmin
AlpConF,129960,0,0,guadarrama,12,1,tmin
AlpScrGr,172894,0,0,guadarrama,12,1,tmin
ArtSurf,1490,0,0,guadarrama,12,1,tmin
Grass,7028,0,0,guadarrama,12,1,tmin
MedSclF,3280,0,0,guadarrama,12,1,tmin
MedScrub,38947,0,0,guadarrama,12,1,tmin
Peatland,229,0,0,guadarrama,12,1,tmin
Reforestation,88147,0,0,guadarrama,12,1,tmin
RipF,529,0,0,guadarrama,12,1,tmin
RockScreeVeg,46691,0,0,guadarrama,12,1,tmin
SMedMarF,5314,0,0,guadarrama,12,1,tmin
Shrub,3703,0,0,guadarrama,12,1,tmin
TempDecF,1436,0,0,guadarrama,12,1,tmin
WaterSurf,30,0,0,guadarrama,12,1,tmin
AlpConF,129960,0,0,guadarrama,12,2,tmin
AlpScrGr,172894,0,0,guadarrama,12,2,tmin
ArtSurf,1490,0,0,guadarrama,12,2,tmin
Grass,7028,0,0,guadarrama,12,2,tmin
MedSclF,3280,0,0,guadarrama,12,2,tmin
MedScrub,38947,0,0,guadarrama,12,2,tmin
Peatland,229,0,0,guadarrama,12,2,tmin
Reforestation,88149,0,0,guadarrama,12,2,tmin
RipF,529,0,0,guadarrama,12,2,tmin
RockScreeVeg,46691,0,0,guadarrama,12,2,tmin
SMedMarF,5314,0,0,guadarrama,12,2,tmin
Shrub,3703,0,0,guadarrama,12,2,tmin
TempDecF,1436,0,0,guadarrama,12,2,tmin
WaterSurf,30,0,0,guadarrama,12,2,tmin
AlpConF,129960,0,0,guadarrama,12,3,tmin
AlpScrGr,172894,0,0,guadarrama,12,3,tmin
ArtSurf,1490,0,0,guadarrama,12,3,tmin
Grass,7028,0,0,guadarrama,12,3,tmin
MedSclF,3280,0,0,guadarrama,12,3,tmin
MedScrub,38947,0,0,guadarrama,12,3,tmin
Peatland,229,0,0,guadarrama,12,3,tmin
Reforestation,88149,0,0,guadarrama,12,3,tmin
RipF,529,0,0,guadarrama,12,3,tmin
RockScreeVeg,46691,0,0,guadarrama,12,3,tmin
SMedMarF,5314,0,0,guadarrama,12,3,tmin
Shrub,3703,0,0,guadarrama,12,3,tmin
TempDecF,1436,0,0,guadarrama,12,3,tmin
WaterSurf,30,0,0,guadarrama,12,3,tmin
AlpConF,129960,0,0,guadarrama,12,4,tmin
AlpScrGr,172894,0,0,guadarrama,12,4,tmin
ArtSurf,1490,0,0,guadarrama,12,4,tmin
Grass,7028,0,0,guadarrama,12,4,tmin
MedSclF,3280,0,0,guadarrama,12,4,tmin
MedScrub,38947,0,0,guadarrama,12,4,tmin
Peatland,229,0,0,guadarrama,12,4,tmin
Reforestation,88149,0,0,guadarrama,12,4,tmin
RipF,529,0,0,guadarrama,12,4,tmin
RockScreeVeg,46691,0,0,guadarrama,12,4,tmin
SMedMarF,5314,0,0,guadarrama,12,4,tmin
Shrub,3703,0,0,guadarrama,12,4,tmin
TempDecF,1436,0,0,guadarrama,12,4,tmin
WaterSurf,30,0,0,guadarrama,12,4,tmin
AlpConF,129960,0,0,guadarrama,12,5,tmin
AlpScrGr,172894,0,0,guadarrama,12,5,tmin
ArtSurf,1490,0,0,guadarrama,12,5,tmin
Grass,7028,0,0,guadarrama,12,5,tmin
MedSclF,3280,0,0,guadarrama,12,5,tmin
MedScrub,38947,0,0,guadarrama,12,5,tmin
Peatland,229,0,0,guadarrama,12,5,tmin
Reforestation,88149,0,0,guadarrama,12,5,tmin
RipF,529,0,0,guadarrama,12,5,tmin
RockScreeVeg,46691,0,0,guadarrama,12,5,tmin
SMedMarF,5314,0,0,guadarrama,12,5,tmin
Shrub,3703,0,0,guadarrama,12,5,tmin
TempDecF,1436,0,0,guadarrama,12,5,tmin
WaterSurf,30,0,0,guadarrama,12,5,tmin
AlpConF,129960,0,0,guadarrama,12,6,tmin
AlpScrGr,172894,0,0,guadarrama,12,6,tmin
ArtSurf,1490,0,0,guadarrama,12,6,tmin
Grass,7028,0,0,guadarrama,12,6,tmin
MedSclF,3280,0,0,guadarrama,12,6,tmin
MedScrub,38947,0,0,guadarrama,12,6,tmin
Peatland,229,0,0,guadarrama,12,6,tmin
Reforestation,88149,0,0,guadarrama,12,6,tmin
RipF,529,0,0,guadarrama,12,6,tmin
RockScreeVeg,46691,0,0,guadarrama,12,6,tmin
SMedMarF,5314,0,0,guadarrama,12,6,tmin
Shrub,3703,0,0,guadarrama,12,6,tmin
TempDecF,1436,0,0,guadarrama,12,6,tmin
WaterSurf,30,0,0,guadarrama,12,6,tmin
AlpConF,129960,0,0,guadarrama,12,7,tmin
AlpScrGr,172894,0,0,guadarrama,12,7,tmin
ArtSurf,1490,0,0,guadarrama,12,7,tmin
Grass,7028,0,0,guadarrama,12,7,tmin
MedSclF,3280,0,0,guadarrama,12,7,tmin
MedScrub,38947,0,0,guadarrama,12,7,tmin
Peatland,229,0,0,guadarrama,12,7,tmin
Reforestation,88149,0,0,guadarrama,12,7,tmin
RipF,529,0,0,guadarrama,12,7,tmin
RockScreeVeg,46691,0,0,guadarrama,12,7,tmin
SMedMarF,5314,0,0,guadarrama,12,7,tmin
Shrub,3703,0,0,guadarrama,12,7,tmin
TempDecF,1436,0,0,guadarrama,12,7,tmin
WaterSurf,30,0,0,guadarrama,12,7,tmin
AlpConF,129960,0,0,guadarrama,12,8,tmin
AlpScrGr,172894,0,0,guadarrama,12,8,tmin
ArtSurf,1490,0,0,guadarrama,12,8,tmin
Grass,7028,0,0,guadarrama,12,8,tmin
MedSclF,3280,0,0,guadarrama,12,8,tmin
MedScrub,38947,0,0,guadarrama,12,8,tmin
Peatland,229,0,0,guadarrama,12,8,tmin
Reforestation,88149,0,0,guadarrama,12,8,tmin
RipF,529,0,0,guadarrama,12,8,tmin
RockScreeVeg,46691,0,0,guadarrama,12,8,tmin
SMedMarF,5314,0,0,guadarrama,12,8,tmin
Shrub,3703,0,0,guadarrama,12,8,tmin
TempDecF,1436,0,0,guadarrama,12,8,tmin
WaterSurf,30,0,0,guadarrama,12,8,tmin
AlpConF,129960,0,0,guadarrama,12,9,tmin
AlpScrGr,172894,0,0,guadarrama,12,9,tmin
ArtSurf,1490,0,0,guadarrama,12,9,tmin
Grass,7028,0,0,guadarrama,12,9,tmin
MedSclF,3280,0,0,guadarrama,12,9,tmin
MedScrub,38947,0,0,guadarrama,12,9,tmin
Peatland,229,0,0,guadarrama,12,9,tmin
Reforestation,88149,0,0,guadarrama,12,9,tmin
RipF,529,0,0,guadarrama,12,9,tmin
RockScreeVeg,46691,1,0,guadarrama,12,9,tmin
SMedMarF,5314,0,0,guadarrama,12,9,tmin
Shrub,3703,0,0,guadarrama,12,9,tmin
TempDecF,1436,0,0,guadarrama,12,9,tmin
WaterSurf,30,0,0,guadarrama,12,9,tmin
AlpConF,129960,0,0,guadarrama,12,10,tmin
AlpScrGr,172894,0,0,guadarrama,12,10,tmin
ArtSurf,1490,0,0,guadarrama,12,10,tmin
Grass,7028,0,0,guadarrama,12,10,tmin
MedSclF,3280,0,0,guadarrama,12,10,tmin
MedScrub,38947,0,0,guadarrama,12,10,tmin
Peatland,229,0,0,guadarrama,12,10,tmin
Reforestation,88149,0,0,guadarrama,12,10,tmin
RipF,529,0,0,guadarrama,12,10,tmin
RockScreeVeg,46691,0,0,guadarrama,12,10,tmin
SMedMarF,5314,0,0,guadarrama,12,10,tmin
Shrub,3703,0,0,guadarrama,12,10,tmin
TempDecF,1436,0,0,guadarrama,12,10,tmin
WaterSurf,30,0,0,guadarrama,12,10,tmin
AlpConF,129960,0,0,guadarrama,12,11,tmin
AlpScrGr,172894,0,0,guadarrama,12,11,tmin
ArtSurf,1490,0,0,guadarrama,12,11,tmin
Grass,7028,0,0,guadarrama,12,11,tmin
MedSclF,3280,0,0,guadarrama,12,11,tmin
MedScrub,38947,0,0,guadarrama,12,11,tmin
Peatland,229,0,0,guadarrama,12,11,tmin
Reforestation,88149,0,0,guadarrama,12,11,tmin
RipF,529,0,0,guadarrama,12,11,tmin
RockScreeVeg,46691,0,0,guadarrama,12,11,tmin
SMedMarF,5314,0,0,guadarrama,12,11,tmin
Shrub,3703,0,0,guadarrama,12,11,tmin
TempDecF,1436,0,0,guadarrama,12,11,tmin
WaterSurf,30,0,0,guadarrama,12,11,tmin
AlpConF,129960,0,0,guadarrama,12,12,tmin
AlpScrGr,172894,0,0,guadarrama,12,12,tmin
ArtSurf,1490,0,0,guadarrama,12,12,tmin
Grass,7028,0,0,guadarrama,12,12,tmin
MedSclF,3280,0,0,guadarrama,12,12,tmin
MedScrub,38947,0,0,guadarrama,12,12,tmin
Peatland,229,0,0,guadarrama,12,12,tmin
Reforestation,88133,0,0,guadarrama,12,12,tmin
RipF,529,0,0,guadarrama,12,12,tmin
RockScreeVeg,46691,0,0,guadarrama,12,12,tmin
SMedMarF,5314,0,0,guadarrama,12,12,tmin
Shrub,3703,0,0,guadarrama,12,12,tmin
TempDecF,1436,0,0,guadarrama,12,12,tmin
WaterSurf,30,0,0,guadarrama,12,12,tmin
ArtSurf,329,0,0,cies,1,1,tmin
AtlScrub,5686,0,0,cies,1,1,tmin
BareArea,3742,0,0,cies,1,1,tmin
Crop,3,0,0,cies,1,1,tmin
DuneSand,232,0,0,cies,1,1,tmin
Grass,1926,0,0,cies,1,1,tmin
HydroRipVeg,100,0,0,cies,1,1,tmin
MedSclF,18,0,0,cies,1,1,tmin
Reforestation,2902,0,0,cies,1,1,tmin
RipF,133,0,0,cies,1,1,tmin
RockScreeVeg,28,0,0,cies,1,1,tmin
SMedMarF,2,0,0,cies,1,1,tmin
SaltMar,253,0,0,cies,1,1,tmin
Shrub,772,0,0,cies,1,1,tmin
TempDecF,261,0,0,cies,1,1,tmin
WaterSurf,95,0,0,cies,1,1,tmin
ArtSurf,329,0,0,cies,1,2,tmin
AtlScrub,5686,0,0,cies,1,2,tmin
BareArea,3742,0,0,cies,1,2,tmin
Crop,3,0,0,cies,1,2,tmin
DuneSand,232,0,0,cies,1,2,tmin
Grass,1926,0,0,cies,1,2,tmin
HydroRipVeg,100,0,0,cies,1,2,tmin
MedSclF,18,0,0,cies,1,2,tmin
Reforestation,2902,0,0,cies,1,2,tmin
RipF,133,0,0,cies,1,2,tmin
RockScreeVeg,28,0,0,cies,1,2,tmin
SMedMarF,2,0,0,cies,1,2,tmin
SaltMar,253,0,0,cies,1,2,tmin
Shrub,772,0,0,cies,1,2,tmin
TempDecF,261,0,0,cies,1,2,tmin
WaterSurf,95,0,0,cies,1,2,tmin
ArtSurf,329,0,0,cies,1,3,tmin
AtlScrub,5686,0,0,cies,1,3,tmin
BareArea,3742,0,0,cies,1,3,tmin
Crop,3,0,0,cies,1,3,tmin
DuneSand,232,0,0,cies,1,3,tmin
Grass,1926,0,0,cies,1,3,tmin
HydroRipVeg,100,0,0,cies,1,3,tmin
MedSclF,18,0,0,cies,1,3,tmin
Reforestation,2902,0,0,cies,1,3,tmin
RipF,133,0,0,cies,1,3,tmin
RockScreeVeg,28,0,0,cies,1,3,tmin
SMedMarF,2,0,0,cies,1,3,tmin
SaltMar,253,0,0,cies,1,3,tmin
Shrub,772,0,0,cies,1,3,tmin
TempDecF,261,0,0,cies,1,3,tmin
WaterSurf,95,0,0,cies,1,3,tmin
ArtSurf,329,0,0,cies,1,4,tmin
AtlScrub,5686,0,0,cies,1,4,tmin
BareArea,3742,0,0,cies,1,4,tmin
Crop,3,0,0,cies,1,4,tmin
DuneSand,232,0,0,cies,1,4,tmin
Grass,1926,0,0,cies,1,4,tmin
HydroRipVeg,100,0,0,cies,1,4,tmin
MedSclF,18,0,0,cies,1,4,tmin
Reforestation,2902,0,0,cies,1,4,tmin
RipF,133,0,0,cies,1,4,tmin
RockScreeVeg,28,0,0,cies,1,4,tmin
SMedMarF,2,0,0,cies,1,4,tmin
SaltMar,253,0,0,cies,1,4,tmin
Shrub,772,0,0,cies,1,4,tmin
TempDecF,261,0,0,cies,1,4,tmin
WaterSurf,95,0,0,cies,1,4,tmin
ArtSurf,329,0,0,cies,1,5,tmin
AtlScrub,5686,0,0,cies,1,5,tmin
BareArea,3742,0,0,cies,1,5,tmin
Crop,3,0,0,cies,1,5,tmin
DuneSand,232,0,0,cies,1,5,tmin
Grass,1926,0,0,cies,1,5,tmin
HydroRipVeg,100,0,0,cies,1,5,tmin
MedSclF,18,0,0,cies,1,5,tmin
Reforestation,2902,0,0,cies,1,5,tmin
RipF,133,0,0,cies,1,5,tmin
RockScreeVeg,28,0,0,cies,1,5,tmin
SMedMarF,2,0,0,cies,1,5,tmin
SaltMar,253,0,0,cies,1,5,tmin
Shrub,772,0,0,cies,1,5,tmin
TempDecF,261,0,0,cies,1,5,tmin
WaterSurf,95,0,0,cies,1,5,tmin
ArtSurf,329,0,0,cies,1,6,tmin
AtlScrub,5686,0,0,cies,1,6,tmin
BareArea,3742,0,0,cies,1,6,tmin
Crop,3,0,0,cies,1,6,tmin
DuneSand,232,0,0,cies,1,6,tmin
Grass,1926,0,0,cies,1,6,tmin
HydroRipVeg,100,0,0,cies,1,6,tmin
MedSclF,18,0,0,cies,1,6,tmin
Reforestation,2902,0,0,cies,1,6,tmin
RipF,133,0,0,cies,1,6,tmin
RockScreeVeg,28,0,0,cies,1,6,tmin
SMedMarF,2,0,0,cies,1,6,tmin
SaltMar,253,0,0,cies,1,6,tmin
Shrub,772,0,0,cies,1,6,tmin
TempDecF,261,0,0,cies,1,6,tmin
WaterSurf,95,0,0,cies,1,6,tmin
ArtSurf,329,0,0,cies,1,7,tmin
AtlScrub,5686,0,0,cies,1,7,tmin
BareArea,3742,0,0,cies,1,7,tmin
Crop,3,0,0,cies,1,7,tmin
DuneSand,232,0,0,cies,1,7,tmin
Grass,1926,0,0,cies,1,7,tmin
HydroRipVeg,100,0,0,cies,1,7,tmin
MedSclF,18,0,0,cies,1,7,tmin
Reforestation,2902,0,0,cies,1,7,tmin
RipF,133,0,0,cies,1,7,tmin
RockScreeVeg,28,0,0,cies,1,7,tmin
SMedMarF,2,0,0,cies,1,7,tmin
SaltMar,253,0,0,cies,1,7,tmin
Shrub,772,0,0,cies,1,7,tmin
TempDecF,261,0,0,cies,1,7,tmin
WaterSurf,95,0,0,cies,1,7,tmin
ArtSurf,329,0,0,cies,1,8,tmin
AtlScrub,5686,0,0,cies,1,8,tmin
BareArea,3742,0,0,cies,1,8,tmin
Crop,3,0,0,cies,1,8,tmin
DuneSand,232,0,0,cies,1,8,tmin
Grass,1926,0,0,cies,1,8,tmin
HydroRipVeg,100,0,0,cies,1,8,tmin
MedSclF,18,0,0,cies,1,8,tmin
Reforestation,2902,0,0,cies,1,8,tmin
RipF,133,0,0,cies,1,8,tmin
RockScreeVeg,28,0,0,cies,1,8,tmin
SMedMarF,2,0,0,cies,1,8,tmin
SaltMar,253,0,0,cies,1,8,tmin
Shrub,772,0,0,cies,1,8,tmin
TempDecF,261,0,0,cies,1,8,tmin
WaterSurf,95,0,0,cies,1,8,tmin
ArtSurf,329,0,0,cies,1,9,tmin
AtlScrub,5686,0,0,cies,1,9,tmin
BareArea,3742,0,0,cies,1,9,tmin
Crop,3,0,0,cies,1,9,tmin
DuneSand,232,0,0,cies,1,9,tmin
Grass,1926,0,0,cies,1,9,tmin
HydroRipVeg,100,0,0,cies,1,9,tmin
MedSclF,18,0,0,cies,1,9,tmin
Reforestation,2902,0,0,cies,1,9,tmin
RipF,133,0,0,cies,1,9,tmin
RockScreeVeg,28,0,0,cies,1,9,tmin
SMedMarF,2,0,0,cies,1,9,tmin
SaltMar,253,0,0,cies,1,9,tmin
Shrub,772,0,0,cies,1,9,tmin
TempDecF,261,0,0,cies,1,9,tmin
WaterSurf,95,0,0,cies,1,9,tmin
ArtSurf,329,0,0,cies,1,10,tmin
AtlScrub,5686,0,0,cies,1,10,tmin
BareArea,3742,0,0,cies,1,10,tmin
Crop,3,0,0,cies,1,10,tmin
DuneSand,232,0,0,cies,1,10,tmin
Grass,1926,0,0,cies,1,10,tmin
HydroRipVeg,100,0,0,cies,1,10,tmin
MedSclF,18,0,0,cies,1,10,tmin
Reforestation,2902,0,0,cies,1,10,tmin
RipF,133,0,0,cies,1,10,tmin
RockScreeVeg,28,0,0,cies,1,10,tmin
SMedMarF,2,0,0,cies,1,10,tmin
SaltMar,253,0,0,cies,1,10,tmin
Shrub,772,0,0,cies,1,10,tmin
TempDecF,261,0,0,cies,1,10,tmin
WaterSurf,95,0,0,cies,1,10,tmin
ArtSurf,329,0,0,cies,1,11,tmin
AtlScrub,5686,0,0,cies,1,11,tmin
BareArea,3742,0,0,cies,1,11,tmin
Crop,3,0,0,cies,1,11,tmin
DuneSand,232,0,0,cies,1,11,tmin
Grass,1926,0,0,cies,1,11,tmin
HydroRipVeg,100,0,0,cies,1,11,tmin
MedSclF,18,0,0,cies,1,11,tmin
Reforestation,2902,0,0,cies,1,11,tmin
RipF,133,0,0,cies,1,11,tmin
RockScreeVeg,28,0,0,cies,1,11,tmin
SMedMarF,2,0,0,cies,1,11,tmin
SaltMar,253,0,0,cies,1,11,tmin
Shrub,772,0,0,cies,1,11,tmin
TempDecF,261,0,0,cies,1,11,tmin
WaterSurf,95,0,0,cies,1,11,tmin
ArtSurf,329,0,0,cies,1,12,tmin
AtlScrub,5686,0,0,cies,1,12,tmin
BareArea,3742,0,0,cies,1,12,tmin
Crop,3,0,0,cies,1,12,tmin
DuneSand,232,0,0,cies,1,12,tmin
Grass,1926,0,0,cies,1,12,tmin
HydroRipVeg,100,0,0,cies,1,12,tmin
MedSclF,18,0,0,cies,1,12,tmin
Reforestation,2902,0,0,cies,1,12,tmin
RipF,133,0,0,cies,1,12,tmin
RockScreeVeg,28,0,0,cies,1,12,tmin
SMedMarF,2,0,0,cies,1,12,tmin
SaltMar,253,0,0,cies,1,12,tmin
Shrub,772,0,0,cies,1,12,tmin
TempDecF,261,0,0,cies,1,12,tmin
WaterSurf,95,0,0,cies,1,12,tmin
ArtSurf,329,0,0,cies,3,1,tmin
AtlScrub,5686,0,0,cies,3,1,tmin
BareArea,3742,0,0,cies,3,1,tmin
Crop,3,0,0,cies,3,1,tmin
DuneSand,232,0,0,cies,3,1,tmin
Grass,1926,0,0,cies,3,1,tmin
HydroRipVeg,100,0,0,cies,3,1,tmin
MedSclF,18,0,0,cies,3,1,tmin
Reforestation,2902,0,0,cies,3,1,tmin
RipF,133,0,0,cies,3,1,tmin
RockScreeVeg,28,0,0,cies,3,1,tmin
SMedMarF,2,0,0,cies,3,1,tmin
SaltMar,253,0,0,cies,3,1,tmin
Shrub,772,0,0,cies,3,1,tmin
TempDecF,261,0,0,cies,3,1,tmin
WaterSurf,95,0,0,cies,3,1,tmin
ArtSurf,329,0,0,cies,3,2,tmin
AtlScrub,5686,0,0,cies,3,2,tmin
BareArea,3742,0,0,cies,3,2,tmin
Crop,3,0,0,cies,3,2,tmin
DuneSand,232,0,0,cies,3,2,tmin
Grass,1926,0,0,cies,3,2,tmin
HydroRipVeg,100,0,0,cies,3,2,tmin
MedSclF,18,0,0,cies,3,2,tmin
Reforestation,2902,0,0,cies,3,2,tmin
RipF,133,0,0,cies,3,2,tmin
RockScreeVeg,28,0,0,cies,3,2,tmin
SMedMarF,2,0,0,cies,3,2,tmin
SaltMar,253,0,0,cies,3,2,tmin
Shrub,772,0,0,cies,3,2,tmin
TempDecF,261,0,0,cies,3,2,tmin
WaterSurf,95,0,0,cies,3,2,tmin
ArtSurf,329,0,0,cies,3,3,tmin
AtlScrub,5686,0,0,cies,3,3,tmin
BareArea,3742,0,0,cies,3,3,tmin
Crop,3,0,0,cies,3,3,tmin
DuneSand,232,0,0,cies,3,3,tmin
Grass,1926,0,0,cies,3,3,tmin
HydroRipVeg,100,0,0,cies,3,3,tmin
MedSclF,18,0,0,cies,3,3,tmin
Reforestation,2902,0,0,cies,3,3,tmin
RipF,133,0,0,cies,3,3,tmin
RockScreeVeg,28,0,0,cies,3,3,tmin
SMedMarF,2,0,0,cies,3,3,tmin
SaltMar,253,0,0,cies,3,3,tmin
Shrub,772,0,0,cies,3,3,tmin
TempDecF,261,0,0,cies,3,3,tmin
WaterSurf,95,0,0,cies,3,3,tmin
ArtSurf,329,0,0,cies,3,4,tmin
AtlScrub,5686,0,0,cies,3,4,tmin
BareArea,3742,0,0,cies,3,4,tmin
Crop,3,0,0,cies,3,4,tmin
DuneSand,232,0,0,cies,3,4,tmin
Grass,1926,0,0,cies,3,4,tmin
HydroRipVeg,100,0,0,cies,3,4,tmin
MedSclF,18,0,0,cies,3,4,tmin
Reforestation,2902,0,0,cies,3,4,tmin
RipF,133,0,0,cies,3,4,tmin
RockScreeVeg,28,0,0,cies,3,4,tmin
SMedMarF,2,0,0,cies,3,4,tmin
SaltMar,253,0,0,cies,3,4,tmin
Shrub,772,0,0,cies,3,4,tmin
TempDecF,261,0,0,cies,3,4,tmin
WaterSurf,95,0,0,cies,3,4,tmin
ArtSurf,329,0,0,cies,3,5,tmin
AtlScrub,5686,0,0,cies,3,5,tmin
BareArea,3742,0,0,cies,3,5,tmin
Crop,3,0,0,cies,3,5,tmin
DuneSand,232,0,0,cies,3,5,tmin
Grass,1926,0,0,cies,3,5,tmin
HydroRipVeg,100,0,0,cies,3,5,tmin
MedSclF,18,0,0,cies,3,5,tmin
Reforestation,2902,0,0,cies,3,5,tmin
RipF,133,0,0,cies,3,5,tmin
RockScreeVeg,28,0,0,cies,3,5,tmin
SMedMarF,2,0,0,cies,3,5,tmin
SaltMar,253,0,0,cies,3,5,tmin
Shrub,772,0,0,cies,3,5,tmin
TempDecF,261,0,0,cies,3,5,tmin
WaterSurf,95,0,0,cies,3,5,tmin
ArtSurf,329,0,0,cies,3,6,tmin
AtlScrub,5686,0,0,cies,3,6,tmin
BareArea,3742,0,0,cies,3,6,tmin
Crop,3,0,0,cies,3,6,tmin
DuneSand,232,0,0,cies,3,6,tmin
Grass,1926,0,0,cies,3,6,tmin
HydroRipVeg,100,0,0,cies,3,6,tmin
MedSclF,18,0,0,cies,3,6,tmin
Reforestation,2902,0,0,cies,3,6,tmin
RipF,133,0,0,cies,3,6,tmin
RockScreeVeg,28,0,0,cies,3,6,tmin
SMedMarF,2,0,0,cies,3,6,tmin
SaltMar,253,0,0,cies,3,6,tmin
Shrub,772,0,0,cies,3,6,tmin
TempDecF,261,0,0,cies,3,6,tmin
WaterSurf,95,0,0,cies,3,6,tmin
ArtSurf,329,0,0,cies,3,7,tmin
AtlScrub,5686,0,0,cies,3,7,tmin
BareArea,3742,0,0,cies,3,7,tmin
Crop,3,0,0,cies,3,7,tmin
DuneSand,232,0,0,cies,3,7,tmin
Grass,1926,0,0,cies,3,7,tmin
HydroRipVeg,100,0,0,cies,3,7,tmin
MedSclF,18,0,0,cies,3,7,tmin
Reforestation,2902,0,0,cies,3,7,tmin
RipF,133,0,0,cies,3,7,tmin
RockScreeVeg,28,0,0,cies,3,7,tmin
SMedMarF,2,0,0,cies,3,7,tmin
SaltMar,253,0,0,cies,3,7,tmin
Shrub,772,0,0,cies,3,7,tmin
TempDecF,261,0,0,cies,3,7,tmin
WaterSurf,95,0,0,cies,3,7,tmin
ArtSurf,329,2,0.61,cies,3,8,tmin
AtlScrub,5686,100,1.76,cies,3,8,tmin
BareArea,3742,11,0.29,cies,3,8,tmin
Crop,3,0,0,cies,3,8,tmin
DuneSand,232,0,0,cies,3,8,tmin
Grass,1926,1,0.05,cies,3,8,tmin
HydroRipVeg,100,15,15,cies,3,8,tmin
MedSclF,18,0,0,cies,3,8,tmin
Reforestation,2902,38,1.31,cies,3,8,tmin
RipF,133,2,1.5,cies,3,8,tmin
RockScreeVeg,28,0,0,cies,3,8,tmin
SMedMarF,2,0,0,cies,3,8,tmin
SaltMar,253,0,0,cies,3,8,tmin
Shrub,772,10,1.3,cies,3,8,tmin
TempDecF,261,0,0,cies,3,8,tmin
WaterSurf,95,0,0,cies,3,8,tmin
ArtSurf,329,0,0,cies,3,9,tmin
AtlScrub,5686,0,0,cies,3,9,tmin
BareArea,3742,0,0,cies,3,9,tmin
Crop,3,0,0,cies,3,9,tmin
DuneSand,232,0,0,cies,3,9,tmin
Grass,1926,0,0,cies,3,9,tmin
HydroRipVeg,100,0,0,cies,3,9,tmin
MedSclF,18,0,0,cies,3,9,tmin
Reforestation,2902,0,0,cies,3,9,tmin
RipF,133,0,0,cies,3,9,tmin
RockScreeVeg,28,0,0,cies,3,9,tmin
SMedMarF,2,0,0,cies,3,9,tmin
SaltMar,253,0,0,cies,3,9,tmin
Shrub,772,0,0,cies,3,9,tmin
TempDecF,261,0,0,cies,3,9,tmin
WaterSurf,95,0,0,cies,3,9,tmin
ArtSurf,329,0,0,cies,3,10,tmin
AtlScrub,5686,0,0,cies,3,10,tmin
BareArea,3742,0,0,cies,3,10,tmin
Crop,3,0,0,cies,3,10,tmin
DuneSand,232,0,0,cies,3,10,tmin
Grass,1926,0,0,cies,3,10,tmin
HydroRipVeg,100,0,0,cies,3,10,tmin
MedSclF,18,0,0,cies,3,10,tmin
Reforestation,2902,0,0,cies,3,10,tmin
RipF,133,0,0,cies,3,10,tmin
RockScreeVeg,28,0,0,cies,3,10,tmin
SMedMarF,2,0,0,cies,3,10,tmin
SaltMar,253,0,0,cies,3,10,tmin
Shrub,772,0,0,cies,3,10,tmin
TempDecF,261,0,0,cies,3,10,tmin
WaterSurf,95,0,0,cies,3,10,tmin
ArtSurf,329,0,0,cies,3,11,tmin
AtlScrub,5686,0,0,cies,3,11,tmin
BareArea,3742,1,0.03,cies,3,11,tmin
Crop,3,0,0,cies,3,11,tmin
DuneSand,232,0,0,cies,3,11,tmin
Grass,1926,0,0,cies,3,11,tmin
HydroRipVeg,100,0,0,cies,3,11,tmin
MedSclF,18,0,0,cies,3,11,tmin
Reforestation,2902,0,0,cies,3,11,tmin
RipF,133,0,0,cies,3,11,tmin
RockScreeVeg,28,0,0,cies,3,11,tmin
SMedMarF,2,0,0,cies,3,11,tmin
SaltMar,253,0,0,cies,3,11,tmin
Shrub,772,0,0,cies,3,11,tmin
TempDecF,261,0,0,cies,3,11,tmin
WaterSurf,95,0,0,cies,3,11,tmin
ArtSurf,329,0,0,cies,3,12,tmin
AtlScrub,5686,0,0,cies,3,12,tmin
BareArea,3742,0,0,cies,3,12,tmin
Crop,3,0,0,cies,3,12,tmin
DuneSand,232,0,0,cies,3,12,tmin
Grass,1926,0,0,cies,3,12,tmin
HydroRipVeg,100,0,0,cies,3,12,tmin
MedSclF,18,0,0,cies,3,12,tmin
Reforestation,2902,0,0,cies,3,12,tmin
RipF,133,0,0,cies,3,12,tmin
RockScreeVeg,28,0,0,cies,3,12,tmin
SMedMarF,2,0,0,cies,3,12,tmin
SaltMar,253,0,0,cies,3,12,tmin
Shrub,772,0,0,cies,3,12,tmin
TempDecF,261,0,0,cies,3,12,tmin
WaterSurf,95,0,0,cies,3,12,tmin
ArtSurf,329,0,0,cies,6,1,tmin
AtlScrub,5686,0,0,cies,6,1,tmin
BareArea,3742,0,0,cies,6,1,tmin
Crop,3,0,0,cies,6,1,tmin
DuneSand,232,0,0,cies,6,1,tmin
Grass,1926,0,0,cies,6,1,tmin
HydroRipVeg,100,0,0,cies,6,1,tmin
MedSclF,18,0,0,cies,6,1,tmin
Reforestation,2902,0,0,cies,6,1,tmin
RipF,133,0,0,cies,6,1,tmin
RockScreeVeg,28,0,0,cies,6,1,tmin
SMedMarF,2,0,0,cies,6,1,tmin
SaltMar,253,0,0,cies,6,1,tmin
Shrub,772,0,0,cies,6,1,tmin
TempDecF,261,0,0,cies,6,1,tmin
WaterSurf,95,0,0,cies,6,1,tmin
ArtSurf,329,0,0,cies,6,2,tmin
AtlScrub,5686,0,0,cies,6,2,tmin
BareArea,3742,0,0,cies,6,2,tmin
Crop,3,0,0,cies,6,2,tmin
DuneSand,232,0,0,cies,6,2,tmin
Grass,1926,0,0,cies,6,2,tmin
HydroRipVeg,100,0,0,cies,6,2,tmin
MedSclF,18,0,0,cies,6,2,tmin
Reforestation,2902,0,0,cies,6,2,tmin
RipF,133,0,0,cies,6,2,tmin
RockScreeVeg,28,0,0,cies,6,2,tmin
SMedMarF,2,0,0,cies,6,2,tmin
SaltMar,253,0,0,cies,6,2,tmin
Shrub,772,0,0,cies,6,2,tmin
TempDecF,261,0,0,cies,6,2,tmin
WaterSurf,95,0,0,cies,6,2,tmin
ArtSurf,329,0,0,cies,6,3,tmin
AtlScrub,5686,0,0,cies,6,3,tmin
BareArea,3742,2,0.05,cies,6,3,tmin
Crop,3,0,0,cies,6,3,tmin
DuneSand,232,0,0,cies,6,3,tmin
Grass,1926,1,0.05,cies,6,3,tmin
HydroRipVeg,100,0,0,cies,6,3,tmin
MedSclF,18,0,0,cies,6,3,tmin
Reforestation,2902,0,0,cies,6,3,tmin
RipF,133,0,0,cies,6,3,tmin
RockScreeVeg,28,0,0,cies,6,3,tmin
SMedMarF,2,0,0,cies,6,3,tmin
SaltMar,253,0,0,cies,6,3,tmin
Shrub,772,0,0,cies,6,3,tmin
TempDecF,261,0,0,cies,6,3,tmin
WaterSurf,95,0,0,cies,6,3,tmin
ArtSurf,329,0,0,cies,6,4,tmin
AtlScrub,5686,0,0,cies,6,4,tmin
BareArea,3742,0,0,cies,6,4,tmin
Crop,3,0,0,cies,6,4,tmin
DuneSand,232,0,0,cies,6,4,tmin
Grass,1926,0,0,cies,6,4,tmin
HydroRipVeg,100,0,0,cies,6,4,tmin
MedSclF,18,0,0,cies,6,4,tmin
Reforestation,2902,0,0,cies,6,4,tmin
RipF,133,0,0,cies,6,4,tmin
RockScreeVeg,28,0,0,cies,6,4,tmin
SMedMarF,2,0,0,cies,6,4,tmin
SaltMar,253,0,0,cies,6,4,tmin
Shrub,772,0,0,cies,6,4,tmin
TempDecF,261,0,0,cies,6,4,tmin
WaterSurf,95,0,0,cies,6,4,tmin
ArtSurf,329,0,0,cies,6,5,tmin
AtlScrub,5686,0,0,cies,6,5,tmin
BareArea,3742,0,0,cies,6,5,tmin
Crop,3,0,0,cies,6,5,tmin
DuneSand,232,0,0,cies,6,5,tmin
Grass,1926,0,0,cies,6,5,tmin
HydroRipVeg,100,0,0,cies,6,5,tmin
MedSclF,18,0,0,cies,6,5,tmin
Reforestation,2902,0,0,cies,6,5,tmin
RipF,133,0,0,cies,6,5,tmin
RockScreeVeg,28,0,0,cies,6,5,tmin
SMedMarF,2,0,0,cies,6,5,tmin
SaltMar,253,0,0,cies,6,5,tmin
Shrub,772,0,0,cies,6,5,tmin
TempDecF,261,0,0,cies,6,5,tmin
WaterSurf,95,0,0,cies,6,5,tmin
ArtSurf,329,0,0,cies,6,6,tmin
AtlScrub,5686,0,0,cies,6,6,tmin
BareArea,3742,0,0,cies,6,6,tmin
Crop,3,0,0,cies,6,6,tmin
DuneSand,232,0,0,cies,6,6,tmin
Grass,1926,0,0,cies,6,6,tmin
HydroRipVeg,100,0,0,cies,6,6,tmin
MedSclF,18,0,0,cies,6,6,tmin
Reforestation,2902,0,0,cies,6,6,tmin
RipF,133,0,0,cies,6,6,tmin
RockScreeVeg,28,0,0,cies,6,6,tmin
SMedMarF,2,0,0,cies,6,6,tmin
SaltMar,253,0,0,cies,6,6,tmin
Shrub,772,0,0,cies,6,6,tmin
TempDecF,261,0,0,cies,6,6,tmin
WaterSurf,95,0,0,cies,6,6,tmin
ArtSurf,329,0,0,cies,6,7,tmin
AtlScrub,5686,0,0,cies,6,7,tmin
BareArea,3742,0,0,cies,6,7,tmin
Crop,3,0,0,cies,6,7,tmin
DuneSand,232,0,0,cies,6,7,tmin
Grass,1926,0,0,cies,6,7,tmin
HydroRipVeg,100,0,0,cies,6,7,tmin
MedSclF,18,0,0,cies,6,7,tmin
Reforestation,2902,0,0,cies,6,7,tmin
RipF,133,0,0,cies,6,7,tmin
RockScreeVeg,28,0,0,cies,6,7,tmin
SMedMarF,2,0,0,cies,6,7,tmin
SaltMar,253,0,0,cies,6,7,tmin
Shrub,772,0,0,cies,6,7,tmin
TempDecF,261,0,0,cies,6,7,tmin
WaterSurf,95,0,0,cies,6,7,tmin
ArtSurf,329,2,0.61,cies,6,8,tmin
AtlScrub,5686,27,0.47,cies,6,8,tmin
BareArea,3742,14,0.37,cies,6,8,tmin
Crop,3,0,0,cies,6,8,tmin
DuneSand,232,0,0,cies,6,8,tmin
Grass,1926,2,0.1,cies,6,8,tmin
HydroRipVeg,100,0,0,cies,6,8,tmin
MedSclF,18,0,0,cies,6,8,tmin
Reforestation,2902,7,0.24,cies,6,8,tmin
RipF,133,0,0,cies,6,8,tmin
RockScreeVeg,28,0,0,cies,6,8,tmin
SMedMarF,2,0,0,cies,6,8,tmin
SaltMar,253,0,0,cies,6,8,tmin
Shrub,772,4,0.52,cies,6,8,tmin
TempDecF,261,0,0,cies,6,8,tmin
WaterSurf,95,0,0,cies,6,8,tmin
ArtSurf,329,0,0,cies,6,9,tmin
AtlScrub,5686,0,0,cies,6,9,tmin
BareArea,3742,0,0,cies,6,9,tmin
Crop,3,0,0,cies,6,9,tmin
DuneSand,232,0,0,cies,6,9,tmin
Grass,1926,0,0,cies,6,9,tmin
HydroRipVeg,100,0,0,cies,6,9,tmin
MedSclF,18,0,0,cies,6,9,tmin
Reforestation,2902,0,0,cies,6,9,tmin
RipF,133,0,0,cies,6,9,tmin
RockScreeVeg,28,0,0,cies,6,9,tmin
SMedMarF,2,0,0,cies,6,9,tmin
SaltMar,253,0,0,cies,6,9,tmin
Shrub,772,0,0,cies,6,9,tmin
TempDecF,261,0,0,cies,6,9,tmin
WaterSurf,95,0,0,cies,6,9,tmin
ArtSurf,329,0,0,cies,6,10,tmin
AtlScrub,5686,0,0,cies,6,10,tmin
BareArea,3742,0,0,cies,6,10,tmin
Crop,3,0,0,cies,6,10,tmin
DuneSand,232,0,0,cies,6,10,tmin
Grass,1926,0,0,cies,6,10,tmin
HydroRipVeg,100,0,0,cies,6,10,tmin
MedSclF,18,0,0,cies,6,10,tmin
Reforestation,2902,0,0,cies,6,10,tmin
RipF,133,0,0,cies,6,10,tmin
RockScreeVeg,28,0,0,cies,6,10,tmin
SMedMarF,2,0,0,cies,6,10,tmin
SaltMar,253,0,0,cies,6,10,tmin
Shrub,772,0,0,cies,6,10,tmin
TempDecF,261,0,0,cies,6,10,tmin
WaterSurf,95,0,0,cies,6,10,tmin
ArtSurf,329,0,0,cies,6,11,tmin
AtlScrub,5686,0,0,cies,6,11,tmin
BareArea,3742,0,0,cies,6,11,tmin
Crop,3,0,0,cies,6,11,tmin
DuneSand,232,0,0,cies,6,11,tmin
Grass,1926,0,0,cies,6,11,tmin
HydroRipVeg,100,0,0,cies,6,11,tmin
MedSclF,18,0,0,cies,6,11,tmin
Reforestation,2902,0,0,cies,6,11,tmin
RipF,133,0,0,cies,6,11,tmin
RockScreeVeg,28,0,0,cies,6,11,tmin
SMedMarF,2,0,0,cies,6,11,tmin
SaltMar,253,0,0,cies,6,11,tmin
Shrub,772,0,0,cies,6,11,tmin
TempDecF,261,0,0,cies,6,11,tmin
WaterSurf,95,0,0,cies,6,11,tmin
ArtSurf,329,0,0,cies,6,12,tmin
AtlScrub,5686,0,0,cies,6,12,tmin
BareArea,3742,0,0,cies,6,12,tmin
Crop,3,0,0,cies,6,12,tmin
DuneSand,232,0,0,cies,6,12,tmin
Grass,1926,0,0,cies,6,12,tmin
HydroRipVeg,100,0,0,cies,6,12,tmin
MedSclF,18,0,0,cies,6,12,tmin
Reforestation,2902,0,0,cies,6,12,tmin
RipF,133,0,0,cies,6,12,tmin
RockScreeVeg,28,0,0,cies,6,12,tmin
SMedMarF,2,0,0,cies,6,12,tmin
SaltMar,253,0,0,cies,6,12,tmin
Shrub,772,0,0,cies,6,12,tmin
TempDecF,261,0,0,cies,6,12,tmin
WaterSurf,95,0,0,cies,6,12,tmin
ArtSurf,329,0,0,cies,9,1,tmin
AtlScrub,5686,0,0,cies,9,1,tmin
BareArea,3742,0,0,cies,9,1,tmin
Crop,3,0,0,cies,9,1,tmin
DuneSand,232,0,0,cies,9,1,tmin
Grass,1926,0,0,cies,9,1,tmin
HydroRipVeg,100,0,0,cies,9,1,tmin
MedSclF,18,0,0,cies,9,1,tmin
Reforestation,2902,0,0,cies,9,1,tmin
RipF,133,0,0,cies,9,1,tmin
RockScreeVeg,28,0,0,cies,9,1,tmin
SMedMarF,2,0,0,cies,9,1,tmin
SaltMar,253,0,0,cies,9,1,tmin
Shrub,772,0,0,cies,9,1,tmin
TempDecF,261,0,0,cies,9,1,tmin
WaterSurf,95,0,0,cies,9,1,tmin
ArtSurf,329,0,0,cies,9,2,tmin
AtlScrub,5686,0,0,cies,9,2,tmin
BareArea,3742,0,0,cies,9,2,tmin
Crop,3,0,0,cies,9,2,tmin
DuneSand,232,0,0,cies,9,2,tmin
Grass,1926,0,0,cies,9,2,tmin
HydroRipVeg,100,0,0,cies,9,2,tmin
MedSclF,18,0,0,cies,9,2,tmin
Reforestation,2902,0,0,cies,9,2,tmin
RipF,133,0,0,cies,9,2,tmin
RockScreeVeg,28,0,0,cies,9,2,tmin
SMedMarF,2,0,0,cies,9,2,tmin
SaltMar,253,0,0,cies,9,2,tmin
Shrub,772,0,0,cies,9,2,tmin
TempDecF,261,0,0,cies,9,2,tmin
WaterSurf,95,0,0,cies,9,2,tmin
ArtSurf,329,0,0,cies,9,3,tmin
AtlScrub,5686,0,0,cies,9,3,tmin
BareArea,3742,0,0,cies,9,3,tmin
Crop,3,0,0,cies,9,3,tmin
DuneSand,232,0,0,cies,9,3,tmin
Grass,1926,0,0,cies,9,3,tmin
HydroRipVeg,100,0,0,cies,9,3,tmin
MedSclF,18,0,0,cies,9,3,tmin
Reforestation,2902,0,0,cies,9,3,tmin
RipF,133,0,0,cies,9,3,tmin
RockScreeVeg,28,0,0,cies,9,3,tmin
SMedMarF,2,0,0,cies,9,3,tmin
SaltMar,253,0,0,cies,9,3,tmin
Shrub,772,0,0,cies,9,3,tmin
TempDecF,261,0,0,cies,9,3,tmin
WaterSurf,95,0,0,cies,9,3,tmin
ArtSurf,329,0,0,cies,9,4,tmin
AtlScrub,5686,0,0,cies,9,4,tmin
BareArea,3742,0,0,cies,9,4,tmin
Crop,3,0,0,cies,9,4,tmin
DuneSand,232,0,0,cies,9,4,tmin
Grass,1926,0,0,cies,9,4,tmin
HydroRipVeg,100,0,0,cies,9,4,tmin
MedSclF,18,0,0,cies,9,4,tmin
Reforestation,2902,0,0,cies,9,4,tmin
RipF,133,0,0,cies,9,4,tmin
RockScreeVeg,28,0,0,cies,9,4,tmin
SMedMarF,2,0,0,cies,9,4,tmin
SaltMar,253,0,0,cies,9,4,tmin
Shrub,772,0,0,cies,9,4,tmin
TempDecF,261,0,0,cies,9,4,tmin
WaterSurf,95,0,0,cies,9,4,tmin
ArtSurf,329,0,0,cies,9,5,tmin
AtlScrub,5686,0,0,cies,9,5,tmin
BareArea,3742,0,0,cies,9,5,tmin
Crop,3,0,0,cies,9,5,tmin
DuneSand,232,0,0,cies,9,5,tmin
Grass,1926,0,0,cies,9,5,tmin
HydroRipVeg,100,0,0,cies,9,5,tmin
MedSclF,18,0,0,cies,9,5,tmin
Reforestation,2902,0,0,cies,9,5,tmin
RipF,133,0,0,cies,9,5,tmin
RockScreeVeg,28,0,0,cies,9,5,tmin
SMedMarF,2,0,0,cies,9,5,tmin
SaltMar,253,0,0,cies,9,5,tmin
Shrub,772,0,0,cies,9,5,tmin
TempDecF,261,0,0,cies,9,5,tmin
WaterSurf,95,0,0,cies,9,5,tmin
ArtSurf,329,0,0,cies,9,6,tmin
AtlScrub,5686,0,0,cies,9,6,tmin
BareArea,3742,0,0,cies,9,6,tmin
Crop,3,0,0,cies,9,6,tmin
DuneSand,232,0,0,cies,9,6,tmin
Grass,1926,0,0,cies,9,6,tmin
HydroRipVeg,100,0,0,cies,9,6,tmin
MedSclF,18,0,0,cies,9,6,tmin
Reforestation,2902,0,0,cies,9,6,tmin
RipF,133,0,0,cies,9,6,tmin
RockScreeVeg,28,0,0,cies,9,6,tmin
SMedMarF,2,0,0,cies,9,6,tmin
SaltMar,253,0,0,cies,9,6,tmin
Shrub,772,0,0,cies,9,6,tmin
TempDecF,261,0,0,cies,9,6,tmin
WaterSurf,95,0,0,cies,9,6,tmin
ArtSurf,329,0,0,cies,9,7,tmin
AtlScrub,5686,0,0,cies,9,7,tmin
BareArea,3742,0,0,cies,9,7,tmin
Crop,3,0,0,cies,9,7,tmin
DuneSand,232,0,0,cies,9,7,tmin
Grass,1926,0,0,cies,9,7,tmin
HydroRipVeg,100,0,0,cies,9,7,tmin
MedSclF,18,0,0,cies,9,7,tmin
Reforestation,2902,0,0,cies,9,7,tmin
RipF,133,0,0,cies,9,7,tmin
RockScreeVeg,28,0,0,cies,9,7,tmin
SMedMarF,2,0,0,cies,9,7,tmin
SaltMar,253,0,0,cies,9,7,tmin
Shrub,772,0,0,cies,9,7,tmin
TempDecF,261,0,0,cies,9,7,tmin
WaterSurf,95,0,0,cies,9,7,tmin
ArtSurf,329,0,0,cies,9,8,tmin
AtlScrub,5686,0,0,cies,9,8,tmin
BareArea,3742,0,0,cies,9,8,tmin
Crop,3,0,0,cies,9,8,tmin
DuneSand,232,0,0,cies,9,8,tmin
Grass,1926,0,0,cies,9,8,tmin
HydroRipVeg,100,0,0,cies,9,8,tmin
MedSclF,18,0,0,cies,9,8,tmin
Reforestation,2902,0,0,cies,9,8,tmin
RipF,133,0,0,cies,9,8,tmin
RockScreeVeg,28,0,0,cies,9,8,tmin
SMedMarF,2,0,0,cies,9,8,tmin
SaltMar,253,0,0,cies,9,8,tmin
Shrub,772,0,0,cies,9,8,tmin
TempDecF,261,0,0,cies,9,8,tmin
WaterSurf,95,0,0,cies,9,8,tmin
ArtSurf,329,0,0,cies,9,9,tmin
AtlScrub,5686,0,0,cies,9,9,tmin
BareArea,3742,0,0,cies,9,9,tmin
Crop,3,0,0,cies,9,9,tmin
DuneSand,232,0,0,cies,9,9,tmin
Grass,1926,0,0,cies,9,9,tmin
HydroRipVeg,100,0,0,cies,9,9,tmin
MedSclF,18,0,0,cies,9,9,tmin
Reforestation,2902,0,0,cies,9,9,tmin
RipF,133,0,0,cies,9,9,tmin
RockScreeVeg,28,0,0,cies,9,9,tmin
SMedMarF,2,0,0,cies,9,9,tmin
SaltMar,253,0,0,cies,9,9,tmin
Shrub,772,0,0,cies,9,9,tmin
TempDecF,261,0,0,cies,9,9,tmin
WaterSurf,95,0,0,cies,9,9,tmin
ArtSurf,329,0,0,cies,9,10,tmin
AtlScrub,5686,0,0,cies,9,10,tmin
BareArea,3742,0,0,cies,9,10,tmin
Crop,3,0,0,cies,9,10,tmin
DuneSand,232,0,0,cies,9,10,tmin
Grass,1926,0,0,cies,9,10,tmin
HydroRipVeg,100,0,0,cies,9,10,tmin
MedSclF,18,0,0,cies,9,10,tmin
Reforestation,2902,0,0,cies,9,10,tmin
RipF,133,0,0,cies,9,10,tmin
RockScreeVeg,28,0,0,cies,9,10,tmin
SMedMarF,2,0,0,cies,9,10,tmin
SaltMar,253,0,0,cies,9,10,tmin
Shrub,772,0,0,cies,9,10,tmin
TempDecF,261,0,0,cies,9,10,tmin
WaterSurf,95,0,0,cies,9,10,tmin
ArtSurf,329,0,0,cies,9,11,tmin
AtlScrub,5686,0,0,cies,9,11,tmin
BareArea,3742,0,0,cies,9,11,tmin
Crop,3,0,0,cies,9,11,tmin
DuneSand,232,0,0,cies,9,11,tmin
Grass,1926,0,0,cies,9,11,tmin
HydroRipVeg,100,0,0,cies,9,11,tmin
MedSclF,18,0,0,cies,9,11,tmin
Reforestation,2902,0,0,cies,9,11,tmin
RipF,133,0,0,cies,9,11,tmin
RockScreeVeg,28,0,0,cies,9,11,tmin
SMedMarF,2,0,0,cies,9,11,tmin
SaltMar,253,0,0,cies,9,11,tmin
Shrub,772,0,0,cies,9,11,tmin
TempDecF,261,0,0,cies,9,11,tmin
WaterSurf,95,0,0,cies,9,11,tmin
ArtSurf,329,0,0,cies,9,12,tmin
AtlScrub,5686,0,0,cies,9,12,tmin
BareArea,3742,0,0,cies,9,12,tmin
Crop,3,0,0,cies,9,12,tmin
DuneSand,232,0,0,cies,9,12,tmin
Grass,1926,0,0,cies,9,12,tmin
HydroRipVeg,100,0,0,cies,9,12,tmin
MedSclF,18,0,0,cies,9,12,tmin
Reforestation,2902,0,0,cies,9,12,tmin
RipF,133,0,0,cies,9,12,tmin
RockScreeVeg,28,0,0,cies,9,12,tmin
SMedMarF,2,0,0,cies,9,12,tmin
SaltMar,253,0,0,cies,9,12,tmin
Shrub,772,0,0,cies,9,12,tmin
TempDecF,261,0,0,cies,9,12,tmin
WaterSurf,95,0,0,cies,9,12,tmin
ArtSurf,329,0,0,cies,12,1,tmin
AtlScrub,5686,0,0,cies,12,1,tmin
BareArea,3742,0,0,cies,12,1,tmin
Crop,3,0,0,cies,12,1,tmin
DuneSand,232,0,0,cies,12,1,tmin
Grass,1926,0,0,cies,12,1,tmin
HydroRipVeg,100,0,0,cies,12,1,tmin
MedSclF,18,0,0,cies,12,1,tmin
Reforestation,2902,0,0,cies,12,1,tmin
RipF,133,0,0,cies,12,1,tmin
RockScreeVeg,28,0,0,cies,12,1,tmin
SMedMarF,2,0,0,cies,12,1,tmin
SaltMar,253,0,0,cies,12,1,tmin
Shrub,772,0,0,cies,12,1,tmin
TempDecF,261,0,0,cies,12,1,tmin
WaterSurf,95,0,0,cies,12,1,tmin
ArtSurf,329,0,0,cies,12,2,tmin
AtlScrub,5686,0,0,cies,12,2,tmin
BareArea,3742,0,0,cies,12,2,tmin
Crop,3,0,0,cies,12,2,tmin
DuneSand,232,0,0,cies,12,2,tmin
Grass,1926,0,0,cies,12,2,tmin
HydroRipVeg,100,0,0,cies,12,2,tmin
MedSclF,18,0,0,cies,12,2,tmin
Reforestation,2902,0,0,cies,12,2,tmin
RipF,133,0,0,cies,12,2,tmin
RockScreeVeg,28,0,0,cies,12,2,tmin
SMedMarF,2,0,0,cies,12,2,tmin
SaltMar,253,0,0,cies,12,2,tmin
Shrub,772,0,0,cies,12,2,tmin
TempDecF,261,0,0,cies,12,2,tmin
WaterSurf,95,0,0,cies,12,2,tmin
ArtSurf,329,0,0,cies,12,3,tmin
AtlScrub,5686,0,0,cies,12,3,tmin
BareArea,3742,0,0,cies,12,3,tmin
Crop,3,0,0,cies,12,3,tmin
DuneSand,232,0,0,cies,12,3,tmin
Grass,1926,0,0,cies,12,3,tmin
HydroRipVeg,100,0,0,cies,12,3,tmin
MedSclF,18,0,0,cies,12,3,tmin
Reforestation,2902,0,0,cies,12,3,tmin
RipF,133,0,0,cies,12,3,tmin
RockScreeVeg,28,0,0,cies,12,3,tmin
SMedMarF,2,0,0,cies,12,3,tmin
SaltMar,253,0,0,cies,12,3,tmin
Shrub,772,0,0,cies,12,3,tmin
TempDecF,261,0,0,cies,12,3,tmin
WaterSurf,95,0,0,cies,12,3,tmin
ArtSurf,329,0,0,cies,12,4,tmin
AtlScrub,5686,0,0,cies,12,4,tmin
BareArea,3742,0,0,cies,12,4,tmin
Crop,3,0,0,cies,12,4,tmin
DuneSand,232,0,0,cies,12,4,tmin
Grass,1926,0,0,cies,12,4,tmin
HydroRipVeg,100,0,0,cies,12,4,tmin
MedSclF,18,0,0,cies,12,4,tmin
Reforestation,2902,0,0,cies,12,4,tmin
RipF,133,0,0,cies,12,4,tmin
RockScreeVeg,28,0,0,cies,12,4,tmin
SMedMarF,2,0,0,cies,12,4,tmin
SaltMar,253,0,0,cies,12,4,tmin
Shrub,772,0,0,cies,12,4,tmin
TempDecF,261,0,0,cies,12,4,tmin
WaterSurf,95,0,0,cies,12,4,tmin
ArtSurf,329,0,0,cies,12,5,tmin
AtlScrub,5686,0,0,cies,12,5,tmin
BareArea,3742,0,0,cies,12,5,tmin
Crop,3,0,0,cies,12,5,tmin
DuneSand,232,0,0,cies,12,5,tmin
Grass,1926,0,0,cies,12,5,tmin
HydroRipVeg,100,0,0,cies,12,5,tmin
MedSclF,18,0,0,cies,12,5,tmin
Reforestation,2902,0,0,cies,12,5,tmin
RipF,133,0,0,cies,12,5,tmin
RockScreeVeg,28,0,0,cies,12,5,tmin
SMedMarF,2,0,0,cies,12,5,tmin
SaltMar,253,0,0,cies,12,5,tmin
Shrub,772,0,0,cies,12,5,tmin
TempDecF,261,0,0,cies,12,5,tmin
WaterSurf,95,0,0,cies,12,5,tmin
ArtSurf,329,0,0,cies,12,6,tmin
AtlScrub,5686,0,0,cies,12,6,tmin
BareArea,3742,0,0,cies,12,6,tmin
Crop,3,0,0,cies,12,6,tmin
DuneSand,232,0,0,cies,12,6,tmin
Grass,1926,0,0,cies,12,6,tmin
HydroRipVeg,100,0,0,cies,12,6,tmin
MedSclF,18,0,0,cies,12,6,tmin
Reforestation,2902,0,0,cies,12,6,tmin
RipF,133,0,0,cies,12,6,tmin
RockScreeVeg,28,0,0,cies,12,6,tmin
SMedMarF,2,0,0,cies,12,6,tmin
SaltMar,253,0,0,cies,12,6,tmin
Shrub,772,0,0,cies,12,6,tmin
TempDecF,261,0,0,cies,12,6,tmin
WaterSurf,95,0,0,cies,12,6,tmin
ArtSurf,329,0,0,cies,12,7,tmin
AtlScrub,5686,0,0,cies,12,7,tmin
BareArea,3742,0,0,cies,12,7,tmin
Crop,3,0,0,cies,12,7,tmin
DuneSand,232,0,0,cies,12,7,tmin
Grass,1926,0,0,cies,12,7,tmin
HydroRipVeg,100,0,0,cies,12,7,tmin
MedSclF,18,0,0,cies,12,7,tmin
Reforestation,2902,0,0,cies,12,7,tmin
RipF,133,0,0,cies,12,7,tmin
RockScreeVeg,28,0,0,cies,12,7,tmin
SMedMarF,2,0,0,cies,12,7,tmin
SaltMar,253,0,0,cies,12,7,tmin
Shrub,772,0,0,cies,12,7,tmin
TempDecF,261,0,0,cies,12,7,tmin
WaterSurf,95,0,0,cies,12,7,tmin
ArtSurf,329,0,0,cies,12,8,tmin
AtlScrub,5686,0,0,cies,12,8,tmin
BareArea,3742,0,0,cies,12,8,tmin
Crop,3,0,0,cies,12,8,tmin
DuneSand,232,0,0,cies,12,8,tmin
Grass,1926,0,0,cies,12,8,tmin
HydroRipVeg,100,0,0,cies,12,8,tmin
MedSclF,18,0,0,cies,12,8,tmin
Reforestation,2902,0,0,cies,12,8,tmin
RipF,133,0,0,cies,12,8,tmin
RockScreeVeg,28,0,0,cies,12,8,tmin
SMedMarF,2,0,0,cies,12,8,tmin
SaltMar,253,0,0,cies,12,8,tmin
Shrub,772,0,0,cies,12,8,tmin
TempDecF,261,0,0,cies,12,8,tmin
WaterSurf,95,0,0,cies,12,8,tmin
ArtSurf,329,0,0,cies,12,9,tmin
AtlScrub,5686,0,0,cies,12,9,tmin
BareArea,3742,0,0,cies,12,9,tmin
Crop,3,0,0,cies,12,9,tmin
DuneSand,232,0,0,cies,12,9,tmin
Grass,1926,0,0,cies,12,9,tmin
HydroRipVeg,100,0,0,cies,12,9,tmin
MedSclF,18,0,0,cies,12,9,tmin
Reforestation,2902,0,0,cies,12,9,tmin
RipF,133,0,0,cies,12,9,tmin
RockScreeVeg,28,0,0,cies,12,9,tmin
SMedMarF,2,0,0,cies,12,9,tmin
SaltMar,253,0,0,cies,12,9,tmin
Shrub,772,0,0,cies,12,9,tmin
TempDecF,261,0,0,cies,12,9,tmin
WaterSurf,95,0,0,cies,12,9,tmin
ArtSurf,329,0,0,cies,12,10,tmin
AtlScrub,5686,0,0,cies,12,10,tmin
BareArea,3742,0,0,cies,12,10,tmin
Crop,3,0,0,cies,12,10,tmin
DuneSand,232,0,0,cies,12,10,tmin
Grass,1926,0,0,cies,12,10,tmin
HydroRipVeg,100,0,0,cies,12,10,tmin
MedSclF,18,0,0,cies,12,10,tmin
Reforestation,2902,0,0,cies,12,10,tmin
RipF,133,0,0,cies,12,10,tmin
RockScreeVeg,28,0,0,cies,12,10,tmin
SMedMarF,2,0,0,cies,12,10,tmin
SaltMar,253,0,0,cies,12,10,tmin
Shrub,772,0,0,cies,12,10,tmin
TempDecF,261,0,0,cies,12,10,tmin
WaterSurf,95,0,0,cies,12,10,tmin
ArtSurf,329,0,0,cies,12,11,tmin
AtlScrub,5686,0,0,cies,12,11,tmin
BareArea,3742,0,0,cies,12,11,tmin
Crop,3,0,0,cies,12,11,tmin
DuneSand,232,0,0,cies,12,11,tmin
Grass,1926,0,0,cies,12,11,tmin
HydroRipVeg,100,0,0,cies,12,11,tmin
MedSclF,18,0,0,cies,12,11,tmin
Reforestation,2902,0,0,cies,12,11,tmin
RipF,133,0,0,cies,12,11,tmin
RockScreeVeg,28,0,0,cies,12,11,tmin
SMedMarF,2,0,0,cies,12,11,tmin
SaltMar,253,0,0,cies,12,11,tmin
Shrub,772,0,0,cies,12,11,tmin
TempDecF,261,0,0,cies,12,11,tmin
WaterSurf,95,0,0,cies,12,11,tmin
ArtSurf,329,0,0,cies,12,12,tmin
AtlScrub,5686,0,0,cies,12,12,tmin
BareArea,3742,0,0,cies,12,12,tmin
Crop,3,0,0,cies,12,12,tmin
DuneSand,232,0,0,cies,12,12,tmin
Grass,1926,0,0,cies,12,12,tmin
HydroRipVeg,100,0,0,cies,12,12,tmin
MedSclF,18,0,0,cies,12,12,tmin
Reforestation,2902,0,0,cies,12,12,tmin
RipF,133,0,0,cies,12,12,tmin
RockScreeVeg,28,0,0,cies,12,12,tmin
SMedMarF,2,0,0,cies,12,12,tmin
SaltMar,253,0,0,cies,12,12,tmin
Shrub,772,0,0,cies,12,12,tmin
TempDecF,261,0,0,cies,12,12,tmin
WaterSurf,95,0,0,cies,12,12,tmin
ArtSurf,2849,0,0,monfrague,1,1,tmin
Crop,1332,0,0,monfrague,1,1,tmin
Dehesa,17271,0,0,monfrague,1,1,tmin
Grass,5942,0,0,monfrague,1,1,tmin
HydroRipVeg,2264,0,0,monfrague,1,1,tmin
MedSclF,34504,0,0,monfrague,1,1,tmin
MedScrub,121317,0,0,monfrague,1,1,tmin
Reforestation,22719,0,0,monfrague,1,1,tmin
RipF,1179,0,0,monfrague,1,1,tmin
RockScreeVeg,16028,0,0,monfrague,1,1,tmin
SMedMarF,6002,0,0,monfrague,1,1,tmin
Shrub,13653,0,0,monfrague,1,1,tmin
WaterSurf,15572,0,0,monfrague,1,1,tmin
ArtSurf,2849,1,0.04,monfrague,1,2,tmin
Crop,1332,0,0,monfrague,1,2,tmin
Dehesa,17271,0,0,monfrague,1,2,tmin
Grass,5942,0,0,monfrague,1,2,tmin
HydroRipVeg,2264,0,0,monfrague,1,2,tmin
MedSclF,34504,0,0,monfrague,1,2,tmin
MedScrub,121317,0,0,monfrague,1,2,tmin
Reforestation,22719,0,0,monfrague,1,2,tmin
RipF,1179,0,0,monfrague,1,2,tmin
RockScreeVeg,16028,0,0,monfrague,1,2,tmin
SMedMarF,6002,0,0,monfrague,1,2,tmin
Shrub,13653,0,0,monfrague,1,2,tmin
WaterSurf,15572,251,1.61,monfrague,1,2,tmin
ArtSurf,2849,0,0,monfrague,1,3,tmin
Crop,1332,0,0,monfrague,1,3,tmin
Dehesa,17271,0,0,monfrague,1,3,tmin
Grass,5942,0,0,monfrague,1,3,tmin
HydroRipVeg,2264,0,0,monfrague,1,3,tmin
MedSclF,34504,0,0,monfrague,1,3,tmin
MedScrub,121317,0,0,monfrague,1,3,tmin
Reforestation,22719,0,0,monfrague,1,3,tmin
RipF,1179,0,0,monfrague,1,3,tmin
RockScreeVeg,16028,0,0,monfrague,1,3,tmin
SMedMarF,6002,0,0,monfrague,1,3,tmin
Shrub,13653,0,0,monfrague,1,3,tmin
WaterSurf,15572,0,0,monfrague,1,3,tmin
ArtSurf,2849,0,0,monfrague,1,4,tmin
Crop,1332,0,0,monfrague,1,4,tmin
Dehesa,17271,0,0,monfrague,1,4,tmin
Grass,5942,0,0,monfrague,1,4,tmin
HydroRipVeg,2264,0,0,monfrague,1,4,tmin
MedSclF,34504,0,0,monfrague,1,4,tmin
MedScrub,121317,0,0,monfrague,1,4,tmin
Reforestation,22719,0,0,monfrague,1,4,tmin
RipF,1179,0,0,monfrague,1,4,tmin
RockScreeVeg,16028,0,0,monfrague,1,4,tmin
SMedMarF,6002,0,0,monfrague,1,4,tmin
Shrub,13653,0,0,monfrague,1,4,tmin
WaterSurf,15572,0,0,monfrague,1,4,tmin
ArtSurf,2849,0,0,monfrague,1,5,tmin
Crop,1332,0,0,monfrague,1,5,tmin
Dehesa,17271,0,0,monfrague,1,5,tmin
Grass,5942,0,0,monfrague,1,5,tmin
HydroRipVeg,2264,0,0,monfrague,1,5,tmin
MedSclF,34504,0,0,monfrague,1,5,tmin
MedScrub,121317,0,0,monfrague,1,5,tmin
Reforestation,22719,0,0,monfrague,1,5,tmin
RipF,1179,0,0,monfrague,1,5,tmin
RockScreeVeg,16028,0,0,monfrague,1,5,tmin
SMedMarF,6002,0,0,monfrague,1,5,tmin
Shrub,13653,0,0,monfrague,1,5,tmin
WaterSurf,15572,0,0,monfrague,1,5,tmin
ArtSurf,2849,0,0,monfrague,1,6,tmin
Crop,1332,0,0,monfrague,1,6,tmin
Dehesa,17271,0,0,monfrague,1,6,tmin
Grass,5942,0,0,monfrague,1,6,tmin
HydroRipVeg,2264,0,0,monfrague,1,6,tmin
MedSclF,34504,0,0,monfrague,1,6,tmin
MedScrub,121317,0,0,monfrague,1,6,tmin
Reforestation,22719,0,0,monfrague,1,6,tmin
RipF,1179,0,0,monfrague,1,6,tmin
RockScreeVeg,16028,0,0,monfrague,1,6,tmin
SMedMarF,6002,0,0,monfrague,1,6,tmin
Shrub,13653,0,0,monfrague,1,6,tmin
WaterSurf,15572,0,0,monfrague,1,6,tmin
ArtSurf,2849,0,0,monfrague,1,7,tmin
Crop,1332,0,0,monfrague,1,7,tmin
Dehesa,17271,0,0,monfrague,1,7,tmin
Grass,5942,0,0,monfrague,1,7,tmin
HydroRipVeg,2264,0,0,monfrague,1,7,tmin
MedSclF,34504,0,0,monfrague,1,7,tmin
MedScrub,121317,0,0,monfrague,1,7,tmin
Reforestation,22719,0,0,monfrague,1,7,tmin
RipF,1179,0,0,monfrague,1,7,tmin
RockScreeVeg,16028,0,0,monfrague,1,7,tmin
SMedMarF,6002,0,0,monfrague,1,7,tmin
Shrub,13653,0,0,monfrague,1,7,tmin
WaterSurf,15572,0,0,monfrague,1,7,tmin
ArtSurf,2849,0,0,monfrague,1,8,tmin
Crop,1332,0,0,monfrague,1,8,tmin
Dehesa,17271,0,0,monfrague,1,8,tmin
Grass,5942,0,0,monfrague,1,8,tmin
HydroRipVeg,2264,0,0,monfrague,1,8,tmin
MedSclF,34504,0,0,monfrague,1,8,tmin
MedScrub,121317,0,0,monfrague,1,8,tmin
Reforestation,22719,0,0,monfrague,1,8,tmin
RipF,1179,0,0,monfrague,1,8,tmin
RockScreeVeg,16028,0,0,monfrague,1,8,tmin
SMedMarF,6002,0,0,monfrague,1,8,tmin
Shrub,13653,0,0,monfrague,1,8,tmin
WaterSurf,15572,0,0,monfrague,1,8,tmin
ArtSurf,2849,0,0,monfrague,1,9,tmin
Crop,1332,0,0,monfrague,1,9,tmin
Dehesa,17271,0,0,monfrague,1,9,tmin
Grass,5942,0,0,monfrague,1,9,tmin
HydroRipVeg,2264,0,0,monfrague,1,9,tmin
MedSclF,34504,0,0,monfrague,1,9,tmin
MedScrub,121317,0,0,monfrague,1,9,tmin
Reforestation,22719,0,0,monfrague,1,9,tmin
RipF,1179,0,0,monfrague,1,9,tmin
RockScreeVeg,16028,0,0,monfrague,1,9,tmin
SMedMarF,6002,0,0,monfrague,1,9,tmin
Shrub,13653,0,0,monfrague,1,9,tmin
WaterSurf,15572,0,0,monfrague,1,9,tmin
ArtSurf,2849,0,0,monfrague,1,10,tmin
Crop,1332,0,0,monfrague,1,10,tmin
Dehesa,17271,0,0,monfrague,1,10,tmin
Grass,5942,0,0,monfrague,1,10,tmin
HydroRipVeg,2264,0,0,monfrague,1,10,tmin
MedSclF,34504,0,0,monfrague,1,10,tmin
MedScrub,121317,0,0,monfrague,1,10,tmin
Reforestation,22719,0,0,monfrague,1,10,tmin
RipF,1179,0,0,monfrague,1,10,tmin
RockScreeVeg,16028,0,0,monfrague,1,10,tmin
SMedMarF,6002,0,0,monfrague,1,10,tmin
Shrub,13653,0,0,monfrague,1,10,tmin
WaterSurf,15572,0,0,monfrague,1,10,tmin
ArtSurf,2849,0,0,monfrague,1,11,tmin
Crop,1332,0,0,monfrague,1,11,tmin
Dehesa,17271,0,0,monfrague,1,11,tmin
Grass,5942,0,0,monfrague,1,11,tmin
HydroRipVeg,2264,0,0,monfrague,1,11,tmin
MedSclF,34504,0,0,monfrague,1,11,tmin
MedScrub,121317,0,0,monfrague,1,11,tmin
Reforestation,22719,0,0,monfrague,1,11,tmin
RipF,1179,0,0,monfrague,1,11,tmin
RockScreeVeg,16028,0,0,monfrague,1,11,tmin
SMedMarF,6002,0,0,monfrague,1,11,tmin
Shrub,13653,0,0,monfrague,1,11,tmin
WaterSurf,15572,0,0,monfrague,1,11,tmin
ArtSurf,2849,0,0,monfrague,1,12,tmin
Crop,1332,0,0,monfrague,1,12,tmin
Dehesa,17271,0,0,monfrague,1,12,tmin
Grass,5942,0,0,monfrague,1,12,tmin
HydroRipVeg,2264,0,0,monfrague,1,12,tmin
MedSclF,34504,0,0,monfrague,1,12,tmin
MedScrub,121317,0,0,monfrague,1,12,tmin
Reforestation,22719,0,0,monfrague,1,12,tmin
RipF,1179,0,0,monfrague,1,12,tmin
RockScreeVeg,16028,0,0,monfrague,1,12,tmin
SMedMarF,6002,0,0,monfrague,1,12,tmin
Shrub,13653,0,0,monfrague,1,12,tmin
WaterSurf,15572,0,0,monfrague,1,12,tmin
ArtSurf,2849,0,0,monfrague,3,1,tmin
Crop,1332,0,0,monfrague,3,1,tmin
Dehesa,17271,0,0,monfrague,3,1,tmin
Grass,5942,0,0,monfrague,3,1,tmin
HydroRipVeg,2264,2,0.09,monfrague,3,1,tmin
MedSclF,34504,0,0,monfrague,3,1,tmin
MedScrub,121317,0,0,monfrague,3,1,tmin
Reforestation,22719,0,0,monfrague,3,1,tmin
RipF,1179,0,0,monfrague,3,1,tmin
RockScreeVeg,16028,1,0.01,monfrague,3,1,tmin
SMedMarF,6002,0,0,monfrague,3,1,tmin
Shrub,13653,0,0,monfrague,3,1,tmin
WaterSurf,15572,85,0.55,monfrague,3,1,tmin
ArtSurf,2849,3,0.11,monfrague,3,2,tmin
Crop,1332,0,0,monfrague,3,2,tmin
Dehesa,17271,0,0,monfrague,3,2,tmin
Grass,5942,14,0.24,monfrague,3,2,tmin
HydroRipVeg,2264,218,9.63,monfrague,3,2,tmin
MedSclF,34504,7,0.02,monfrague,3,2,tmin
MedScrub,121317,2,0,monfrague,3,2,tmin
Reforestation,22719,0,0,monfrague,3,2,tmin
RipF,1179,0,0,monfrague,3,2,tmin
RockScreeVeg,16028,2,0.01,monfrague,3,2,tmin
SMedMarF,6002,0,0,monfrague,3,2,tmin
Shrub,13653,2,0.01,monfrague,3,2,tmin
WaterSurf,15572,5052,32.44,monfrague,3,2,tmin
ArtSurf,2849,0,0,monfrague,3,3,tmin
Crop,1332,0,0,monfrague,3,3,tmin
Dehesa,17271,0,0,monfrague,3,3,tmin
Grass,5942,0,0,monfrague,3,3,tmin
HydroRipVeg,2264,0,0,monfrague,3,3,tmin
MedSclF,34504,0,0,monfrague,3,3,tmin
MedScrub,121317,0,0,monfrague,3,3,tmin
Reforestation,22719,0,0,monfrague,3,3,tmin
RipF,1179,0,0,monfrague,3,3,tmin
RockScreeVeg,16028,0,0,monfrague,3,3,tmin
SMedMarF,6002,0,0,monfrague,3,3,tmin
Shrub,13653,2,0.01,monfrague,3,3,tmin
WaterSurf,15572,4,0.03,monfrague,3,3,tmin
ArtSurf,2849,0,0,monfrague,3,4,tmin
Crop,1332,0,0,monfrague,3,4,tmin
Dehesa,17271,0,0,monfrague,3,4,tmin
Grass,5942,0,0,monfrague,3,4,tmin
HydroRipVeg,2264,0,0,monfrague,3,4,tmin
MedSclF,34504,0,0,monfrague,3,4,tmin
MedScrub,121317,0,0,monfrague,3,4,tmin
Reforestation,22719,0,0,monfrague,3,4,tmin
RipF,1179,0,0,monfrague,3,4,tmin
RockScreeVeg,16028,0,0,monfrague,3,4,tmin
SMedMarF,6002,0,0,monfrague,3,4,tmin
Shrub,13653,0,0,monfrague,3,4,tmin
WaterSurf,15572,0,0,monfrague,3,4,tmin
ArtSurf,2849,0,0,monfrague,3,5,tmin
Crop,1332,0,0,monfrague,3,5,tmin
Dehesa,17271,0,0,monfrague,3,5,tmin
Grass,5942,0,0,monfrague,3,5,tmin
HydroRipVeg,2264,0,0,monfrague,3,5,tmin
MedSclF,34504,0,0,monfrague,3,5,tmin
MedScrub,121317,0,0,monfrague,3,5,tmin
Reforestation,22719,0,0,monfrague,3,5,tmin
RipF,1179,0,0,monfrague,3,5,tmin
RockScreeVeg,16028,0,0,monfrague,3,5,tmin
SMedMarF,6002,0,0,monfrague,3,5,tmin
Shrub,13653,0,0,monfrague,3,5,tmin
WaterSurf,15572,0,0,monfrague,3,5,tmin
ArtSurf,2849,0,0,monfrague,3,6,tmin
Crop,1332,0,0,monfrague,3,6,tmin
Dehesa,17271,0,0,monfrague,3,6,tmin
Grass,5942,0,0,monfrague,3,6,tmin
HydroRipVeg,2264,0,0,monfrague,3,6,tmin
MedSclF,34504,0,0,monfrague,3,6,tmin
MedScrub,121317,0,0,monfrague,3,6,tmin
Reforestation,22719,0,0,monfrague,3,6,tmin
RipF,1179,0,0,monfrague,3,6,tmin
RockScreeVeg,16028,0,0,monfrague,3,6,tmin
SMedMarF,6002,0,0,monfrague,3,6,tmin
Shrub,13653,0,0,monfrague,3,6,tmin
WaterSurf,15572,0,0,monfrague,3,6,tmin
ArtSurf,2849,281,9.86,monfrague,3,7,tmin
Crop,1332,145,10.89,monfrague,3,7,tmin
Dehesa,17271,3164,18.32,monfrague,3,7,tmin
Grass,5942,1097,18.46,monfrague,3,7,tmin
HydroRipVeg,2264,148,6.54,monfrague,3,7,tmin
MedSclF,34504,8447,24.48,monfrague,3,7,tmin
MedScrub,121317,26904,22.18,monfrague,3,7,tmin
Reforestation,22719,723,3.18,monfrague,3,7,tmin
RipF,1179,122,10.35,monfrague,3,7,tmin
RockScreeVeg,16028,3071,19.16,monfrague,3,7,tmin
SMedMarF,6002,271,4.52,monfrague,3,7,tmin
Shrub,13653,1391,10.19,monfrague,3,7,tmin
WaterSurf,15572,265,1.7,monfrague,3,7,tmin
ArtSurf,2849,0,0,monfrague,3,8,tmin
Crop,1332,0,0,monfrague,3,8,tmin
Dehesa,17271,0,0,monfrague,3,8,tmin
Grass,5942,0,0,monfrague,3,8,tmin
HydroRipVeg,2264,0,0,monfrague,3,8,tmin
MedSclF,34504,0,0,monfrague,3,8,tmin
MedScrub,121317,0,0,monfrague,3,8,tmin
Reforestation,22719,0,0,monfrague,3,8,tmin
RipF,1179,0,0,monfrague,3,8,tmin
RockScreeVeg,16028,0,0,monfrague,3,8,tmin
SMedMarF,6002,0,0,monfrague,3,8,tmin
Shrub,13653,0,0,monfrague,3,8,tmin
WaterSurf,15572,0,0,monfrague,3,8,tmin
ArtSurf,2849,0,0,monfrague,3,9,tmin
Crop,1332,0,0,monfrague,3,9,tmin
Dehesa,17271,0,0,monfrague,3,9,tmin
Grass,5942,0,0,monfrague,3,9,tmin
HydroRipVeg,2264,0,0,monfrague,3,9,tmin
MedSclF,34504,0,0,monfrague,3,9,tmin
MedScrub,121317,0,0,monfrague,3,9,tmin
Reforestation,22719,0,0,monfrague,3,9,tmin
RipF,1179,0,0,monfrague,3,9,tmin
RockScreeVeg,16028,0,0,monfrague,3,9,tmin
SMedMarF,6002,0,0,monfrague,3,9,tmin
Shrub,13653,0,0,monfrague,3,9,tmin
WaterSurf,15572,0,0,monfrague,3,9,tmin
ArtSurf,2849,0,0,monfrague,3,10,tmin
Crop,1332,0,0,monfrague,3,10,tmin
Dehesa,17271,0,0,monfrague,3,10,tmin
Grass,5942,0,0,monfrague,3,10,tmin
HydroRipVeg,2264,0,0,monfrague,3,10,tmin
MedSclF,34504,0,0,monfrague,3,10,tmin
MedScrub,121317,0,0,monfrague,3,10,tmin
Reforestation,22719,0,0,monfrague,3,10,tmin
RipF,1179,0,0,monfrague,3,10,tmin
RockScreeVeg,16028,0,0,monfrague,3,10,tmin
SMedMarF,6002,0,0,monfrague,3,10,tmin
Shrub,13653,0,0,monfrague,3,10,tmin
WaterSurf,15572,0,0,monfrague,3,10,tmin
ArtSurf,2849,0,0,monfrague,3,11,tmin
Crop,1332,0,0,monfrague,3,11,tmin
Dehesa,17271,0,0,monfrague,3,11,tmin
Grass,5942,0,0,monfrague,3,11,tmin
HydroRipVeg,2264,0,0,monfrague,3,11,tmin
MedSclF,34504,0,0,monfrague,3,11,tmin
MedScrub,121317,0,0,monfrague,3,11,tmin
Reforestation,22719,0,0,monfrague,3,11,tmin
RipF,1179,0,0,monfrague,3,11,tmin
RockScreeVeg,16028,0,0,monfrague,3,11,tmin
SMedMarF,6002,0,0,monfrague,3,11,tmin
Shrub,13653,0,0,monfrague,3,11,tmin
WaterSurf,15572,0,0,monfrague,3,11,tmin
ArtSurf,2849,0,0,monfrague,3,12,tmin
Crop,1332,0,0,monfrague,3,12,tmin
Dehesa,17271,0,0,monfrague,3,12,tmin
Grass,5942,0,0,monfrague,3,12,tmin
HydroRipVeg,2264,0,0,monfrague,3,12,tmin
MedSclF,34504,0,0,monfrague,3,12,tmin
MedScrub,121317,0,0,monfrague,3,12,tmin
Reforestation,22719,0,0,monfrague,3,12,tmin
RipF,1179,0,0,monfrague,3,12,tmin
RockScreeVeg,16028,0,0,monfrague,3,12,tmin
SMedMarF,6002,0,0,monfrague,3,12,tmin
Shrub,13653,0,0,monfrague,3,12,tmin
WaterSurf,15572,1,0.01,monfrague,3,12,tmin
ArtSurf,2849,0,0,monfrague,6,1,tmin
Crop,1332,0,0,monfrague,6,1,tmin
Dehesa,17271,0,0,monfrague,6,1,tmin
Grass,5942,0,0,monfrague,6,1,tmin
HydroRipVeg,2264,1,0.04,monfrague,6,1,tmin
MedSclF,34504,0,0,monfrague,6,1,tmin
MedScrub,121317,0,0,monfrague,6,1,tmin
Reforestation,22719,0,0,monfrague,6,1,tmin
RipF,1179,0,0,monfrague,6,1,tmin
RockScreeVeg,16028,0,0,monfrague,6,1,tmin
SMedMarF,6002,0,0,monfrague,6,1,tmin
Shrub,13653,0,0,monfrague,6,1,tmin
WaterSurf,15572,8,0.05,monfrague,6,1,tmin
ArtSurf,2849,2,0.07,monfrague,6,2,tmin
Crop,1332,0,0,monfrague,6,2,tmin
Dehesa,17271,0,0,monfrague,6,2,tmin
Grass,5942,7,0.12,monfrague,6,2,tmin
HydroRipVeg,2264,94,4.15,monfrague,6,2,tmin
MedSclF,34504,6,0.02,monfrague,6,2,tmin
MedScrub,121317,2,0,monfrague,6,2,tmin
Reforestation,22719,0,0,monfrague,6,2,tmin
RipF,1179,0,0,monfrague,6,2,tmin
RockScreeVeg,16028,2,0.01,monfrague,6,2,tmin
SMedMarF,6002,0,0,monfrague,6,2,tmin
Shrub,13653,2,0.01,monfrague,6,2,tmin
WaterSurf,15572,2286,14.68,monfrague,6,2,tmin
ArtSurf,2849,0,0,monfrague,6,3,tmin
Crop,1332,0,0,monfrague,6,3,tmin
Dehesa,17271,0,0,monfrague,6,3,tmin
Grass,5942,0,0,monfrague,6,3,tmin
HydroRipVeg,2264,1,0.04,monfrague,6,3,tmin
MedSclF,34504,3,0.01,monfrague,6,3,tmin
MedScrub,121317,0,0,monfrague,6,3,tmin
Reforestation,22719,0,0,monfrague,6,3,tmin
RipF,1179,0,0,monfrague,6,3,tmin
RockScreeVeg,16028,1,0.01,monfrague,6,3,tmin
SMedMarF,6002,0,0,monfrague,6,3,tmin
Shrub,13653,2,0.01,monfrague,6,3,tmin
WaterSurf,15572,234,1.5,monfrague,6,3,tmin
ArtSurf,2849,0,0,monfrague,6,4,tmin
Crop,1332,0,0,monfrague,6,4,tmin
Dehesa,17271,0,0,monfrague,6,4,tmin
Grass,5942,0,0,monfrague,6,4,tmin
HydroRipVeg,2264,9,0.4,monfrague,6,4,tmin
MedSclF,34504,0,0,monfrague,6,4,tmin
MedScrub,121317,0,0,monfrague,6,4,tmin
Reforestation,22719,0,0,monfrague,6,4,tmin
RipF,1179,0,0,monfrague,6,4,tmin
RockScreeVeg,16028,1,0.01,monfrague,6,4,tmin
SMedMarF,6002,0,0,monfrague,6,4,tmin
Shrub,13653,0,0,monfrague,6,4,tmin
WaterSurf,15572,3,0.02,monfrague,6,4,tmin
ArtSurf,2849,0,0,monfrague,6,5,tmin
Crop,1332,0,0,monfrague,6,5,tmin
Dehesa,17271,0,0,monfrague,6,5,tmin
Grass,5942,0,0,monfrague,6,5,tmin
HydroRipVeg,2264,0,0,monfrague,6,5,tmin
MedSclF,34504,0,0,monfrague,6,5,tmin
MedScrub,121317,0,0,monfrague,6,5,tmin
Reforestation,22719,0,0,monfrague,6,5,tmin
RipF,1179,0,0,monfrague,6,5,tmin
RockScreeVeg,16028,0,0,monfrague,6,5,tmin
SMedMarF,6002,0,0,monfrague,6,5,tmin
Shrub,13653,0,0,monfrague,6,5,tmin
WaterSurf,15572,0,0,monfrague,6,5,tmin
ArtSurf,2849,0,0,monfrague,6,6,tmin
Crop,1332,0,0,monfrague,6,6,tmin
Dehesa,17271,0,0,monfrague,6,6,tmin
Grass,5942,0,0,monfrague,6,6,tmin
HydroRipVeg,2264,0,0,monfrague,6,6,tmin
MedSclF,34504,0,0,monfrague,6,6,tmin
MedScrub,121317,0,0,monfrague,6,6,tmin
Reforestation,22719,0,0,monfrague,6,6,tmin
RipF,1179,0,0,monfrague,6,6,tmin
RockScreeVeg,16028,0,0,monfrague,6,6,tmin
SMedMarF,6002,0,0,monfrague,6,6,tmin
Shrub,13653,0,0,monfrague,6,6,tmin
WaterSurf,15572,0,0,monfrague,6,6,tmin
ArtSurf,2849,0,0,monfrague,6,7,tmin
Crop,1332,0,0,monfrague,6,7,tmin
Dehesa,17271,0,0,monfrague,6,7,tmin
Grass,5942,0,0,monfrague,6,7,tmin
HydroRipVeg,2264,0,0,monfrague,6,7,tmin
MedSclF,34504,0,0,monfrague,6,7,tmin
MedScrub,121317,0,0,monfrague,6,7,tmin
Reforestation,22719,0,0,monfrague,6,7,tmin
RipF,1179,0,0,monfrague,6,7,tmin
RockScreeVeg,16028,0,0,monfrague,6,7,tmin
SMedMarF,6002,0,0,monfrague,6,7,tmin
Shrub,13653,0,0,monfrague,6,7,tmin
WaterSurf,15572,0,0,monfrague,6,7,tmin
ArtSurf,2849,0,0,monfrague,6,8,tmin
Crop,1332,0,0,monfrague,6,8,tmin
Dehesa,17271,0,0,monfrague,6,8,tmin
Grass,5942,0,0,monfrague,6,8,tmin
HydroRipVeg,2264,0,0,monfrague,6,8,tmin
MedSclF,34504,0,0,monfrague,6,8,tmin
MedScrub,121317,0,0,monfrague,6,8,tmin
Reforestation,22719,0,0,monfrague,6,8,tmin
RipF,1179,0,0,monfrague,6,8,tmin
RockScreeVeg,16028,0,0,monfrague,6,8,tmin
SMedMarF,6002,0,0,monfrague,6,8,tmin
Shrub,13653,0,0,monfrague,6,8,tmin
WaterSurf,15572,0,0,monfrague,6,8,tmin
ArtSurf,2849,0,0,monfrague,6,9,tmin
Crop,1332,0,0,monfrague,6,9,tmin
Dehesa,17271,0,0,monfrague,6,9,tmin
Grass,5942,0,0,monfrague,6,9,tmin
HydroRipVeg,2264,0,0,monfrague,6,9,tmin
MedSclF,34504,0,0,monfrague,6,9,tmin
MedScrub,121317,0,0,monfrague,6,9,tmin
Reforestation,22719,0,0,monfrague,6,9,tmin
RipF,1179,0,0,monfrague,6,9,tmin
RockScreeVeg,16028,0,0,monfrague,6,9,tmin
SMedMarF,6002,0,0,monfrague,6,9,tmin
Shrub,13653,0,0,monfrague,6,9,tmin
WaterSurf,15572,0,0,monfrague,6,9,tmin
ArtSurf,2849,572,20.08,monfrague,6,10,tmin
Crop,1332,58,4.35,monfrague,6,10,tmin
Dehesa,17271,1655,9.58,monfrague,6,10,tmin
Grass,5942,391,6.58,monfrague,6,10,tmin
HydroRipVeg,2264,50,2.21,monfrague,6,10,tmin
MedSclF,34504,10645,30.85,monfrague,6,10,tmin
MedScrub,121317,37550,30.95,monfrague,6,10,tmin
Reforestation,22719,3233,14.23,monfrague,6,10,tmin
RipF,1179,87,7.38,monfrague,6,10,tmin
RockScreeVeg,16028,5953,37.14,monfrague,6,10,tmin
SMedMarF,6002,1606,26.76,monfrague,6,10,tmin
Shrub,13653,3228,23.64,monfrague,6,10,tmin
WaterSurf,15572,276,1.77,monfrague,6,10,tmin
ArtSurf,2849,0,0,monfrague,6,11,tmin
Crop,1332,0,0,monfrague,6,11,tmin
Dehesa,17271,0,0,monfrague,6,11,tmin
Grass,5942,0,0,monfrague,6,11,tmin
HydroRipVeg,2264,0,0,monfrague,6,11,tmin
MedSclF,34504,0,0,monfrague,6,11,tmin
MedScrub,121317,0,0,monfrague,6,11,tmin
Reforestation,22719,0,0,monfrague,6,11,tmin
RipF,1179,0,0,monfrague,6,11,tmin
RockScreeVeg,16028,0,0,monfrague,6,11,tmin
SMedMarF,6002,0,0,monfrague,6,11,tmin
Shrub,13653,0,0,monfrague,6,11,tmin
WaterSurf,15572,0,0,monfrague,6,11,tmin
ArtSurf,2849,0,0,monfrague,6,12,tmin
Crop,1332,0,0,monfrague,6,12,tmin
Dehesa,17271,0,0,monfrague,6,12,tmin
Grass,5942,0,0,monfrague,6,12,tmin
HydroRipVeg,2264,0,0,monfrague,6,12,tmin
MedSclF,34504,0,0,monfrague,6,12,tmin
MedScrub,121317,0,0,monfrague,6,12,tmin
Reforestation,22719,0,0,monfrague,6,12,tmin
RipF,1179,0,0,monfrague,6,12,tmin
RockScreeVeg,16028,0,0,monfrague,6,12,tmin
SMedMarF,6002,0,0,monfrague,6,12,tmin
Shrub,13653,0,0,monfrague,6,12,tmin
WaterSurf,15572,0,0,monfrague,6,12,tmin
ArtSurf,2849,0,0,monfrague,9,1,tmin
Crop,1332,0,0,monfrague,9,1,tmin
Dehesa,17271,0,0,monfrague,9,1,tmin
Grass,5942,0,0,monfrague,9,1,tmin
HydroRipVeg,2264,0,0,monfrague,9,1,tmin
MedSclF,34504,0,0,monfrague,9,1,tmin
MedScrub,121317,0,0,monfrague,9,1,tmin
Reforestation,22719,0,0,monfrague,9,1,tmin
RipF,1179,0,0,monfrague,9,1,tmin
RockScreeVeg,16028,0,0,monfrague,9,1,tmin
SMedMarF,6002,0,0,monfrague,9,1,tmin
Shrub,13653,0,0,monfrague,9,1,tmin
WaterSurf,15572,0,0,monfrague,9,1,tmin
ArtSurf,2849,1,0.04,monfrague,9,2,tmin
Crop,1332,0,0,monfrague,9,2,tmin
Dehesa,17271,1,0.01,monfrague,9,2,tmin
Grass,5942,1,0.02,monfrague,9,2,tmin
HydroRipVeg,2264,29,1.28,monfrague,9,2,tmin
MedSclF,34504,9,0.03,monfrague,9,2,tmin
MedScrub,121317,3,0,monfrague,9,2,tmin
Reforestation,22719,0,0,monfrague,9,2,tmin
RipF,1179,0,0,monfrague,9,2,tmin
RockScreeVeg,16028,1,0.01,monfrague,9,2,tmin
SMedMarF,6002,0,0,monfrague,9,2,tmin
Shrub,13653,0,0,monfrague,9,2,tmin
WaterSurf,15572,370,2.38,monfrague,9,2,tmin
ArtSurf,2849,0,0,monfrague,9,3,tmin
Crop,1332,0,0,monfrague,9,3,tmin
Dehesa,17271,0,0,monfrague,9,3,tmin
Grass,5942,0,0,monfrague,9,3,tmin
HydroRipVeg,2264,0,0,monfrague,9,3,tmin
MedSclF,34504,3,0.01,monfrague,9,3,tmin
MedScrub,121317,0,0,monfrague,9,3,tmin
Reforestation,22719,0,0,monfrague,9,3,tmin
RipF,1179,0,0,monfrague,9,3,tmin
RockScreeVeg,16028,1,0.01,monfrague,9,3,tmin
SMedMarF,6002,0,0,monfrague,9,3,tmin
Shrub,13653,1,0.01,monfrague,9,3,tmin
WaterSurf,15572,271,1.74,monfrague,9,3,tmin
ArtSurf,2849,0,0,monfrague,9,4,tmin
Crop,1332,0,0,monfrague,9,4,tmin
Dehesa,17271,0,0,monfrague,9,4,tmin
Grass,5942,0,0,monfrague,9,4,tmin
HydroRipVeg,2264,0,0,monfrague,9,4,tmin
MedSclF,34504,0,0,monfrague,9,4,tmin
MedScrub,121317,0,0,monfrague,9,4,tmin
Reforestation,22719,0,0,monfrague,9,4,tmin
RipF,1179,0,0,monfrague,9,4,tmin
RockScreeVeg,16028,0,0,monfrague,9,4,tmin
SMedMarF,6002,0,0,monfrague,9,4,tmin
Shrub,13653,0,0,monfrague,9,4,tmin
WaterSurf,15572,0,0,monfrague,9,4,tmin
ArtSurf,2849,0,0,monfrague,9,5,tmin
Crop,1332,0,0,monfrague,9,5,tmin
Dehesa,17271,0,0,monfrague,9,5,tmin
Grass,5942,0,0,monfrague,9,5,tmin
HydroRipVeg,2264,0,0,monfrague,9,5,tmin
MedSclF,34504,0,0,monfrague,9,5,tmin
MedScrub,121317,0,0,monfrague,9,5,tmin
Reforestation,22719,0,0,monfrague,9,5,tmin
RipF,1179,0,0,monfrague,9,5,tmin
RockScreeVeg,16028,0,0,monfrague,9,5,tmin
SMedMarF,6002,0,0,monfrague,9,5,tmin
Shrub,13653,0,0,monfrague,9,5,tmin
WaterSurf,15572,0,0,monfrague,9,5,tmin
ArtSurf,2849,0,0,monfrague,9,6,tmin
Crop,1332,0,0,monfrague,9,6,tmin
Dehesa,17271,0,0,monfrague,9,6,tmin
Grass,5942,0,0,monfrague,9,6,tmin
HydroRipVeg,2264,0,0,monfrague,9,6,tmin
MedSclF,34504,0,0,monfrague,9,6,tmin
MedScrub,121317,0,0,monfrague,9,6,tmin
Reforestation,22719,0,0,monfrague,9,6,tmin
RipF,1179,0,0,monfrague,9,6,tmin
RockScreeVeg,16028,0,0,monfrague,9,6,tmin
SMedMarF,6002,0,0,monfrague,9,6,tmin
Shrub,13653,0,0,monfrague,9,6,tmin
WaterSurf,15572,0,0,monfrague,9,6,tmin
ArtSurf,2849,0,0,monfrague,9,7,tmin
Crop,1332,0,0,monfrague,9,7,tmin
Dehesa,17271,0,0,monfrague,9,7,tmin
Grass,5942,0,0,monfrague,9,7,tmin
HydroRipVeg,2264,0,0,monfrague,9,7,tmin
MedSclF,34504,0,0,monfrague,9,7,tmin
MedScrub,121317,0,0,monfrague,9,7,tmin
Reforestation,22719,0,0,monfrague,9,7,tmin
RipF,1179,0,0,monfrague,9,7,tmin
RockScreeVeg,16028,0,0,monfrague,9,7,tmin
SMedMarF,6002,0,0,monfrague,9,7,tmin
Shrub,13653,0,0,monfrague,9,7,tmin
WaterSurf,15572,0,0,monfrague,9,7,tmin
ArtSurf,2849,0,0,monfrague,9,8,tmin
Crop,1332,0,0,monfrague,9,8,tmin
Dehesa,17271,0,0,monfrague,9,8,tmin
Grass,5942,0,0,monfrague,9,8,tmin
HydroRipVeg,2264,0,0,monfrague,9,8,tmin
MedSclF,34504,0,0,monfrague,9,8,tmin
MedScrub,121317,0,0,monfrague,9,8,tmin
Reforestation,22719,0,0,monfrague,9,8,tmin
RipF,1179,0,0,monfrague,9,8,tmin
RockScreeVeg,16028,0,0,monfrague,9,8,tmin
SMedMarF,6002,0,0,monfrague,9,8,tmin
Shrub,13653,0,0,monfrague,9,8,tmin
WaterSurf,15572,0,0,monfrague,9,8,tmin
ArtSurf,2849,0,0,monfrague,9,9,tmin
Crop,1332,0,0,monfrague,9,9,tmin
Dehesa,17271,0,0,monfrague,9,9,tmin
Grass,5942,0,0,monfrague,9,9,tmin
HydroRipVeg,2264,0,0,monfrague,9,9,tmin
MedSclF,34504,0,0,monfrague,9,9,tmin
MedScrub,121317,0,0,monfrague,9,9,tmin
Reforestation,22719,0,0,monfrague,9,9,tmin
RipF,1179,0,0,monfrague,9,9,tmin
RockScreeVeg,16028,0,0,monfrague,9,9,tmin
SMedMarF,6002,0,0,monfrague,9,9,tmin
Shrub,13653,0,0,monfrague,9,9,tmin
WaterSurf,15572,0,0,monfrague,9,9,tmin
ArtSurf,2849,0,0,monfrague,9,10,tmin
Crop,1332,0,0,monfrague,9,10,tmin
Dehesa,17271,0,0,monfrague,9,10,tmin
Grass,5942,0,0,monfrague,9,10,tmin
HydroRipVeg,2264,0,0,monfrague,9,10,tmin
MedSclF,34504,0,0,monfrague,9,10,tmin
MedScrub,121317,0,0,monfrague,9,10,tmin
Reforestation,22719,0,0,monfrague,9,10,tmin
RipF,1179,0,0,monfrague,9,10,tmin
RockScreeVeg,16028,0,0,monfrague,9,10,tmin
SMedMarF,6002,0,0,monfrague,9,10,tmin
Shrub,13653,0,0,monfrague,9,10,tmin
WaterSurf,15572,0,0,monfrague,9,10,tmin
ArtSurf,2849,0,0,monfrague,9,11,tmin
Crop,1332,0,0,monfrague,9,11,tmin
Dehesa,17271,0,0,monfrague,9,11,tmin
Grass,5942,0,0,monfrague,9,11,tmin
HydroRipVeg,2264,0,0,monfrague,9,11,tmin
MedSclF,34504,0,0,monfrague,9,11,tmin
MedScrub,121317,0,0,monfrague,9,11,tmin
Reforestation,22719,0,0,monfrague,9,11,tmin
RipF,1179,0,0,monfrague,9,11,tmin
RockScreeVeg,16028,0,0,monfrague,9,11,tmin
SMedMarF,6002,0,0,monfrague,9,11,tmin
Shrub,13653,0,0,monfrague,9,11,tmin
WaterSurf,15572,0,0,monfrague,9,11,tmin
ArtSurf,2849,0,0,monfrague,9,12,tmin
Crop,1332,0,0,monfrague,9,12,tmin
Dehesa,17271,0,0,monfrague,9,12,tmin
Grass,5942,0,0,monfrague,9,12,tmin
HydroRipVeg,2264,0,0,monfrague,9,12,tmin
MedSclF,34504,0,0,monfrague,9,12,tmin
MedScrub,121317,0,0,monfrague,9,12,tmin
Reforestation,22719,0,0,monfrague,9,12,tmin
RipF,1179,0,0,monfrague,9,12,tmin
RockScreeVeg,16028,0,0,monfrague,9,12,tmin
SMedMarF,6002,0,0,monfrague,9,12,tmin
Shrub,13653,0,0,monfrague,9,12,tmin
WaterSurf,15572,0,0,monfrague,9,12,tmin
ArtSurf,2849,0,0,monfrague,12,1,tmin
Crop,1332,0,0,monfrague,12,1,tmin
Dehesa,17271,0,0,monfrague,12,1,tmin
Grass,5942,0,0,monfrague,12,1,tmin
HydroRipVeg,2264,0,0,monfrague,12,1,tmin
MedSclF,34504,0,0,monfrague,12,1,tmin
MedScrub,121317,0,0,monfrague,12,1,tmin
Reforestation,22719,0,0,monfrague,12,1,tmin
RipF,1179,0,0,monfrague,12,1,tmin
RockScreeVeg,16028,0,0,monfrague,12,1,tmin
SMedMarF,6002,0,0,monfrague,12,1,tmin
Shrub,13653,0,0,monfrague,12,1,tmin
WaterSurf,15572,0,0,monfrague,12,1,tmin
ArtSurf,2849,0,0,monfrague,12,2,tmin
Crop,1332,0,0,monfrague,12,2,tmin
Dehesa,17271,0,0,monfrague,12,2,tmin
Grass,5942,0,0,monfrague,12,2,tmin
HydroRipVeg,2264,0,0,monfrague,12,2,tmin
MedSclF,34504,0,0,monfrague,12,2,tmin
MedScrub,121317,0,0,monfrague,12,2,tmin
Reforestation,22719,0,0,monfrague,12,2,tmin
RipF,1179,0,0,monfrague,12,2,tmin
RockScreeVeg,16028,0,0,monfrague,12,2,tmin
SMedMarF,6002,0,0,monfrague,12,2,tmin
Shrub,13653,0,0,monfrague,12,2,tmin
WaterSurf,15572,0,0,monfrague,12,2,tmin
ArtSurf,2849,0,0,monfrague,12,3,tmin
Crop,1332,0,0,monfrague,12,3,tmin
Dehesa,17271,0,0,monfrague,12,3,tmin
Grass,5942,0,0,monfrague,12,3,tmin
HydroRipVeg,2264,0,0,monfrague,12,3,tmin
MedSclF,34504,0,0,monfrague,12,3,tmin
MedScrub,121317,0,0,monfrague,12,3,tmin
Reforestation,22719,0,0,monfrague,12,3,tmin
RipF,1179,0,0,monfrague,12,3,tmin
RockScreeVeg,16028,0,0,monfrague,12,3,tmin
SMedMarF,6002,0,0,monfrague,12,3,tmin
Shrub,13653,0,0,monfrague,12,3,tmin
WaterSurf,15572,0,0,monfrague,12,3,tmin
ArtSurf,2849,0,0,monfrague,12,4,tmin
Crop,1332,0,0,monfrague,12,4,tmin
Dehesa,17271,0,0,monfrague,12,4,tmin
Grass,5942,0,0,monfrague,12,4,tmin
HydroRipVeg,2264,0,0,monfrague,12,4,tmin
MedSclF,34504,0,0,monfrague,12,4,tmin
MedScrub,121317,0,0,monfrague,12,4,tmin
Reforestation,22719,0,0,monfrague,12,4,tmin
RipF,1179,0,0,monfrague,12,4,tmin
RockScreeVeg,16028,0,0,monfrague,12,4,tmin
SMedMarF,6002,0,0,monfrague,12,4,tmin
Shrub,13653,0,0,monfrague,12,4,tmin
WaterSurf,15572,0,0,monfrague,12,4,tmin
ArtSurf,2849,0,0,monfrague,12,5,tmin
Crop,1332,0,0,monfrague,12,5,tmin
Dehesa,17271,0,0,monfrague,12,5,tmin
Grass,5942,0,0,monfrague,12,5,tmin
HydroRipVeg,2264,0,0,monfrague,12,5,tmin
MedSclF,34504,0,0,monfrague,12,5,tmin
MedScrub,121317,0,0,monfrague,12,5,tmin
Reforestation,22719,0,0,monfrague,12,5,tmin
RipF,1179,0,0,monfrague,12,5,tmin
RockScreeVeg,16028,0,0,monfrague,12,5,tmin
SMedMarF,6002,0,0,monfrague,12,5,tmin
Shrub,13653,0,0,monfrague,12,5,tmin
WaterSurf,15572,0,0,monfrague,12,5,tmin
ArtSurf,2849,0,0,monfrague,12,6,tmin
Crop,1332,0,0,monfrague,12,6,tmin
Dehesa,17271,0,0,monfrague,12,6,tmin
Grass,5942,0,0,monfrague,12,6,tmin
HydroRipVeg,2264,0,0,monfrague,12,6,tmin
MedSclF,34504,0,0,monfrague,12,6,tmin
MedScrub,121317,0,0,monfrague,12,6,tmin
Reforestation,22719,0,0,monfrague,12,6,tmin
RipF,1179,0,0,monfrague,12,6,tmin
RockScreeVeg,16028,0,0,monfrague,12,6,tmin
SMedMarF,6002,0,0,monfrague,12,6,tmin
Shrub,13653,0,0,monfrague,12,6,tmin
WaterSurf,15572,0,0,monfrague,12,6,tmin
ArtSurf,2849,0,0,monfrague,12,7,tmin
Crop,1332,0,0,monfrague,12,7,tmin
Dehesa,17271,0,0,monfrague,12,7,tmin
Grass,5942,0,0,monfrague,12,7,tmin
HydroRipVeg,2264,0,0,monfrague,12,7,tmin
MedSclF,34504,0,0,monfrague,12,7,tmin
MedScrub,121317,0,0,monfrague,12,7,tmin
Reforestation,22719,0,0,monfrague,12,7,tmin
RipF,1179,0,0,monfrague,12,7,tmin
RockScreeVeg,16028,0,0,monfrague,12,7,tmin
SMedMarF,6002,0,0,monfrague,12,7,tmin
Shrub,13653,0,0,monfrague,12,7,tmin
WaterSurf,15572,0,0,monfrague,12,7,tmin
ArtSurf,2849,0,0,monfrague,12,8,tmin
Crop,1332,0,0,monfrague,12,8,tmin
Dehesa,17271,0,0,monfrague,12,8,tmin
Grass,5942,0,0,monfrague,12,8,tmin
HydroRipVeg,2264,0,0,monfrague,12,8,tmin
MedSclF,34504,0,0,monfrague,12,8,tmin
MedScrub,121317,0,0,monfrague,12,8,tmin
Reforestation,22719,0,0,monfrague,12,8,tmin
RipF,1179,0,0,monfrague,12,8,tmin
RockScreeVeg,16028,0,0,monfrague,12,8,tmin
SMedMarF,6002,0,0,monfrague,12,8,tmin
Shrub,13653,0,0,monfrague,12,8,tmin
WaterSurf,15572,0,0,monfrague,12,8,tmin
ArtSurf,2849,0,0,monfrague,12,9,tmin
Crop,1332,0,0,monfrague,12,9,tmin
Dehesa,17271,0,0,monfrague,12,9,tmin
Grass,5942,0,0,monfrague,12,9,tmin
HydroRipVeg,2264,0,0,monfrague,12,9,tmin
MedSclF,34504,0,0,monfrague,12,9,tmin
MedScrub,121317,0,0,monfrague,12,9,tmin
Reforestation,22719,0,0,monfrague,12,9,tmin
RipF,1179,0,0,monfrague,12,9,tmin
RockScreeVeg,16028,0,0,monfrague,12,9,tmin
SMedMarF,6002,0,0,monfrague,12,9,tmin
Shrub,13653,0,0,monfrague,12,9,tmin
WaterSurf,15572,0,0,monfrague,12,9,tmin
ArtSurf,2849,0,0,monfrague,12,10,tmin
Crop,1332,0,0,monfrague,12,10,tmin
Dehesa,17271,0,0,monfrague,12,10,tmin
Grass,5942,0,0,monfrague,12,10,tmin
HydroRipVeg,2264,0,0,monfrague,12,10,tmin
MedSclF,34504,0,0,monfrague,12,10,tmin
MedScrub,121317,0,0,monfrague,12,10,tmin
Reforestation,22719,0,0,monfrague,12,10,tmin
RipF,1179,0,0,monfrague,12,10,tmin
RockScreeVeg,16028,0,0,monfrague,12,10,tmin
SMedMarF,6002,0,0,monfrague,12,10,tmin
Shrub,13653,0,0,monfrague,12,10,tmin
WaterSurf,15572,0,0,monfrague,12,10,tmin
ArtSurf,2849,0,0,monfrague,12,11,tmin
Crop,1332,0,0,monfrague,12,11,tmin
Dehesa,17271,0,0,monfrague,12,11,tmin
Grass,5942,0,0,monfrague,12,11,tmin
HydroRipVeg,2264,0,0,monfrague,12,11,tmin
MedSclF,34504,0,0,monfrague,12,11,tmin
MedScrub,121317,0,0,monfrague,12,11,tmin
Reforestation,22719,0,0,monfrague,12,11,tmin
RipF,1179,0,0,monfrague,12,11,tmin
RockScreeVeg,16028,0,0,monfrague,12,11,tmin
SMedMarF,6002,0,0,monfrague,12,11,tmin
Shrub,13653,0,0,monfrague,12,11,tmin
WaterSurf,15572,0,0,monfrague,12,11,tmin
ArtSurf,2849,0,0,monfrague,12,12,tmin
Crop,1332,0,0,monfrague,12,12,tmin
Dehesa,17271,0,0,monfrague,12,12,tmin
Grass,5942,0,0,monfrague,12,12,tmin
HydroRipVeg,2264,0,0,monfrague,12,12,tmin
MedSclF,34504,0,0,monfrague,12,12,tmin
MedScrub,121317,0,0,monfrague,12,12,tmin
Reforestation,22719,0,0,monfrague,12,12,tmin
RipF,1179,0,0,monfrague,12,12,tmin
RockScreeVeg,16028,0,0,monfrague,12,12,tmin
SMedMarF,6002,0,0,monfrague,12,12,tmin
Shrub,13653,0,0,monfrague,12,12,tmin
WaterSurf,15572,0,0,monfrague,12,12,tmin
AlpConF,27586,0,0,ordesa,1,1,tmin
AlpScrGr,100261,0,0,ordesa,1,1,tmin
ArtSurf,26,0,0,ordesa,1,1,tmin
BareArea,3,0,0,ordesa,1,1,tmin
Grass,21109,0,0,ordesa,1,1,tmin
HydroRipVeg,204,0,0,ordesa,1,1,tmin
MedSclF,4221,0,0,ordesa,1,1,tmin
RipF,860,0,0,ordesa,1,1,tmin
RockScreeVeg,8836,0,0,ordesa,1,1,tmin
SMedMarF,1656,0,0,ordesa,1,1,tmin
Shrub,7570,0,0,ordesa,1,1,tmin
TempDecF,20036,0,0,ordesa,1,1,tmin
WaterSurf,20,0,0,ordesa,1,1,tmin
AlpConF,27603,0,0,ordesa,1,2,tmin
AlpScrGr,102251,0,0,ordesa,1,2,tmin
ArtSurf,26,0,0,ordesa,1,2,tmin
BareArea,203,0,0,ordesa,1,2,tmin
Grass,21113,0,0,ordesa,1,2,tmin
HydroRipVeg,214,0,0,ordesa,1,2,tmin
MedSclF,4236,0,0,ordesa,1,2,tmin
RipF,860,0,0,ordesa,1,2,tmin
RockScreeVeg,13046,0,0,ordesa,1,2,tmin
SMedMarF,1671,0,0,ordesa,1,2,tmin
Shrub,7575,0,0,ordesa,1,2,tmin
TempDecF,20084,0,0,ordesa,1,2,tmin
WaterSurf,68,0,0,ordesa,1,2,tmin
AlpConF,27618,0,0,ordesa,1,3,tmin
AlpScrGr,101805,0,0,ordesa,1,3,tmin
ArtSurf,26,0,0,ordesa,1,3,tmin
BareArea,493,0,0,ordesa,1,3,tmin
Grass,21113,0,0,ordesa,1,3,tmin
HydroRipVeg,207,0,0,ordesa,1,3,tmin
MedSclF,4251,0,0,ordesa,1,3,tmin
RipF,860,0,0,ordesa,1,3,tmin
RockScreeVeg,11546,0,0,ordesa,1,3,tmin
SMedMarF,1671,0,0,ordesa,1,3,tmin
Shrub,7598,0,0,ordesa,1,3,tmin
TempDecF,20202,0,0,ordesa,1,3,tmin
WaterSurf,32,0,0,ordesa,1,3,tmin
AlpConF,27612,0,0,ordesa,1,4,tmin
AlpScrGr,99996,0,0,ordesa,1,4,tmin
ArtSurf,26,0,0,ordesa,1,4,tmin
Grass,21111,0,0,ordesa,1,4,tmin
HydroRipVeg,204,0,0,ordesa,1,4,tmin
MedSclF,4251,0,0,ordesa,1,4,tmin
RipF,860,0,0,ordesa,1,4,tmin
RockScreeVeg,8573,0,0,ordesa,1,4,tmin
SMedMarF,1671,0,0,ordesa,1,4,tmin
Shrub,7601,0,0,ordesa,1,4,tmin
TempDecF,20198,0,0,ordesa,1,4,tmin
WaterSurf,20,0,0,ordesa,1,4,tmin
AlpConF,28066,0,0,ordesa,1,5,tmin
AlpScrGr,98680,0,0,ordesa,1,5,tmin
ArtSurf,26,0,0,ordesa,1,5,tmin
Grass,21108,0,0,ordesa,1,5,tmin
HydroRipVeg,154,0,0,ordesa,1,5,tmin
MedSclF,4268,0,0,ordesa,1,5,tmin
RipF,865,0,0,ordesa,1,5,tmin
RockScreeVeg,8425,0,0,ordesa,1,5,tmin
SMedMarF,1749,0,0,ordesa,1,5,tmin
Shrub,7687,0,0,ordesa,1,5,tmin
TempDecF,20584,0,0,ordesa,1,5,tmin
WaterSurf,20,0,0,ordesa,1,5,tmin
AlpConF,28021,0,0,ordesa,1,6,tmin
AlpScrGr,100050,0,0,ordesa,1,6,tmin
ArtSurf,26,0,0,ordesa,1,6,tmin
Grass,21113,0,0,ordesa,1,6,tmin
HydroRipVeg,204,0,0,ordesa,1,6,tmin
MedSclF,4300,0,0,ordesa,1,6,tmin
RipF,866,0,0,ordesa,1,6,tmin
RockScreeVeg,8576,0,0,ordesa,1,6,tmin
SMedMarF,1746,0,0,ordesa,1,6,tmin
Shrub,7723,0,0,ordesa,1,6,tmin
TempDecF,20580,0,0,ordesa,1,6,tmin
WaterSurf,20,0,0,ordesa,1,6,tmin
AlpConF,28948,0,0,ordesa,1,7,tmin
AlpScrGr,104262,0,0,ordesa,1,7,tmin
ArtSurf,26,0,0,ordesa,1,7,tmin
Grass,21154,0,0,ordesa,1,7,tmin
HydroRipVeg,233,0,0,ordesa,1,7,tmin
MedSclF,4301,0,0,ordesa,1,7,tmin
RipF,874,0,0,ordesa,1,7,tmin
RockScreeVeg,9863,0,0,ordesa,1,7,tmin
SMedMarF,1812,0,0,ordesa,1,7,tmin
Shrub,7815,0,0,ordesa,1,7,tmin
TempDecF,21294,0,0,ordesa,1,7,tmin
WaterSurf,20,0,0,ordesa,1,7,tmin
AlpConF,28937,0,0,ordesa,1,8,tmin
AlpScrGr,104944,0,0,ordesa,1,8,tmin
ArtSurf,26,0,0,ordesa,1,8,tmin
Grass,21154,0,0,ordesa,1,8,tmin
HydroRipVeg,263,0,0,ordesa,1,8,tmin
MedSclF,4300,0,0,ordesa,1,8,tmin
RipF,874,0,0,ordesa,1,8,tmin
RockScreeVeg,11345,0,0,ordesa,1,8,tmin
SMedMarF,1810,0,0,ordesa,1,8,tmin
Shrub,7807,0,0,ordesa,1,8,tmin
TempDecF,21266,0,0,ordesa,1,8,tmin
WaterSurf,115,0,0,ordesa,1,8,tmin
AlpConF,28538,0,0,ordesa,1,9,tmin
AlpScrGr,105456,0,0,ordesa,1,9,tmin
ArtSurf,26,0,0,ordesa,1,9,tmin
Grass,21154,0,0,ordesa,1,9,tmin
HydroRipVeg,269,0,0,ordesa,1,9,tmin
MedSclF,4283,0,0,ordesa,1,9,tmin
RipF,870,0,0,ordesa,1,9,tmin
RockScreeVeg,11379,0,0,ordesa,1,9,tmin
SMedMarF,1757,0,0,ordesa,1,9,tmin
Shrub,7719,0,0,ordesa,1,9,tmin
TempDecF,20868,0,0,ordesa,1,9,tmin
WaterSurf,89,0,0,ordesa,1,9,tmin
AlpConF,27643,0,0,ordesa,1,10,tmin
AlpScrGr,100960,0,0,ordesa,1,10,tmin
ArtSurf,26,0,0,ordesa,1,10,tmin
Grass,21116,0,0,ordesa,1,10,tmin
HydroRipVeg,204,0,0,ordesa,1,10,tmin
MedSclF,4251,0,0,ordesa,1,10,tmin
RipF,860,0,0,ordesa,1,10,tmin
RockScreeVeg,8803,0,0,ordesa,1,10,tmin
SMedMarF,1672,0,0,ordesa,1,10,tmin
Shrub,7599,0,0,ordesa,1,10,tmin
TempDecF,20208,0,0,ordesa,1,10,tmin
WaterSurf,20,0,0,ordesa,1,10,tmin
AlpConF,27604,0,0,ordesa,1,11,tmin
AlpScrGr,100100,0,0,ordesa,1,11,tmin
ArtSurf,26,0,0,ordesa,1,11,tmin
BareArea,2,0,0,ordesa,1,11,tmin
Grass,21102,0,0,ordesa,1,11,tmin
HydroRipVeg,204,0,0,ordesa,1,11,tmin
MedSclF,4249,0,0,ordesa,1,11,tmin
RipF,860,0,0,ordesa,1,11,tmin
RockScreeVeg,8649,0,0,ordesa,1,11,tmin
SMedMarF,1645,0,0,ordesa,1,11,tmin
Shrub,7577,0,0,ordesa,1,11,tmin
TempDecF,20167,0,0,ordesa,1,11,tmin
WaterSurf,20,0,0,ordesa,1,11,tmin
AlpConF,27351,0,0,ordesa,1,12,tmin
AlpScrGr,99970,0,0,ordesa,1,12,tmin
ArtSurf,26,0,0,ordesa,1,12,tmin
Grass,21101,0,0,ordesa,1,12,tmin
HydroRipVeg,204,0,0,ordesa,1,12,tmin
MedSclF,4190,0,0,ordesa,1,12,tmin
RipF,854,0,0,ordesa,1,12,tmin
RockScreeVeg,8568,0,0,ordesa,1,12,tmin
SMedMarF,1625,0,0,ordesa,1,12,tmin
Shrub,7507,0,0,ordesa,1,12,tmin
TempDecF,19766,0,0,ordesa,1,12,tmin
WaterSurf,20,0,0,ordesa,1,12,tmin
AlpConF,27586,0,0,ordesa,3,1,tmin
AlpScrGr,100261,0,0,ordesa,3,1,tmin
ArtSurf,26,0,0,ordesa,3,1,tmin
BareArea,3,0,0,ordesa,3,1,tmin
Grass,21109,0,0,ordesa,3,1,tmin
HydroRipVeg,204,0,0,ordesa,3,1,tmin
MedSclF,4221,0,0,ordesa,3,1,tmin
RipF,860,0,0,ordesa,3,1,tmin
RockScreeVeg,8836,0,0,ordesa,3,1,tmin
SMedMarF,1656,0,0,ordesa,3,1,tmin
Shrub,7570,0,0,ordesa,3,1,tmin
TempDecF,20036,0,0,ordesa,3,1,tmin
WaterSurf,20,0,0,ordesa,3,1,tmin
AlpConF,27603,0,0,ordesa,3,2,tmin
AlpScrGr,102251,4,0,ordesa,3,2,tmin
ArtSurf,26,0,0,ordesa,3,2,tmin
BareArea,203,0,0,ordesa,3,2,tmin
Grass,21113,0,0,ordesa,3,2,tmin
HydroRipVeg,214,0,0,ordesa,3,2,tmin
MedSclF,4236,0,0,ordesa,3,2,tmin
RipF,860,0,0,ordesa,3,2,tmin
RockScreeVeg,13046,0,0,ordesa,3,2,tmin
SMedMarF,1671,0,0,ordesa,3,2,tmin
Shrub,7575,0,0,ordesa,3,2,tmin
TempDecF,20084,0,0,ordesa,3,2,tmin
WaterSurf,68,0,0,ordesa,3,2,tmin
AlpConF,27618,0,0,ordesa,3,3,tmin
AlpScrGr,101805,0,0,ordesa,3,3,tmin
ArtSurf,26,0,0,ordesa,3,3,tmin
BareArea,493,0,0,ordesa,3,3,tmin
Grass,21113,0,0,ordesa,3,3,tmin
HydroRipVeg,207,0,0,ordesa,3,3,tmin
MedSclF,4251,0,0,ordesa,3,3,tmin
RipF,860,0,0,ordesa,3,3,tmin
RockScreeVeg,11546,0,0,ordesa,3,3,tmin
SMedMarF,1671,0,0,ordesa,3,3,tmin
Shrub,7598,0,0,ordesa,3,3,tmin
TempDecF,20202,0,0,ordesa,3,3,tmin
WaterSurf,32,0,0,ordesa,3,3,tmin
AlpConF,27612,0,0,ordesa,3,4,tmin
AlpScrGr,99996,0,0,ordesa,3,4,tmin
ArtSurf,26,0,0,ordesa,3,4,tmin
Grass,21111,0,0,ordesa,3,4,tmin
HydroRipVeg,204,0,0,ordesa,3,4,tmin
MedSclF,4251,0,0,ordesa,3,4,tmin
RipF,860,0,0,ordesa,3,4,tmin
RockScreeVeg,8573,2,0.02,ordesa,3,4,tmin
SMedMarF,1671,0,0,ordesa,3,4,tmin
Shrub,7601,0,0,ordesa,3,4,tmin
TempDecF,20198,0,0,ordesa,3,4,tmin
WaterSurf,20,0,0,ordesa,3,4,tmin
AlpConF,28066,1,0,ordesa,3,5,tmin
AlpScrGr,98680,7,0.01,ordesa,3,5,tmin
ArtSurf,26,0,0,ordesa,3,5,tmin
Grass,21108,0,0,ordesa,3,5,tmin
HydroRipVeg,154,0,0,ordesa,3,5,tmin
MedSclF,4268,1,0.02,ordesa,3,5,tmin
RipF,865,0,0,ordesa,3,5,tmin
RockScreeVeg,8425,0,0,ordesa,3,5,tmin
SMedMarF,1749,0,0,ordesa,3,5,tmin
Shrub,7687,0,0,ordesa,3,5,tmin
TempDecF,20584,0,0,ordesa,3,5,tmin
WaterSurf,20,0,0,ordesa,3,5,tmin
AlpConF,28021,0,0,ordesa,3,6,tmin
AlpScrGr,100050,0,0,ordesa,3,6,tmin
ArtSurf,26,0,0,ordesa,3,6,tmin
Grass,21113,0,0,ordesa,3,6,tmin
HydroRipVeg,204,0,0,ordesa,3,6,tmin
MedSclF,4300,0,0,ordesa,3,6,tmin
RipF,866,0,0,ordesa,3,6,tmin
RockScreeVeg,8576,0,0,ordesa,3,6,tmin
SMedMarF,1746,0,0,ordesa,3,6,tmin
Shrub,7723,0,0,ordesa,3,6,tmin
TempDecF,20580,0,0,ordesa,3,6,tmin
WaterSurf,20,0,0,ordesa,3,6,tmin
AlpConF,28948,0,0,ordesa,3,7,tmin
AlpScrGr,104262,0,0,ordesa,3,7,tmin
ArtSurf,26,0,0,ordesa,3,7,tmin
Grass,21154,0,0,ordesa,3,7,tmin
HydroRipVeg,233,0,0,ordesa,3,7,tmin
MedSclF,4301,0,0,ordesa,3,7,tmin
RipF,874,0,0,ordesa,3,7,tmin
RockScreeVeg,9863,0,0,ordesa,3,7,tmin
SMedMarF,1812,0,0,ordesa,3,7,tmin
Shrub,7815,0,0,ordesa,3,7,tmin
TempDecF,21294,0,0,ordesa,3,7,tmin
WaterSurf,20,0,0,ordesa,3,7,tmin
AlpConF,28937,0,0,ordesa,3,8,tmin
AlpScrGr,104944,0,0,ordesa,3,8,tmin
ArtSurf,26,0,0,ordesa,3,8,tmin
Grass,21154,0,0,ordesa,3,8,tmin
HydroRipVeg,263,0,0,ordesa,3,8,tmin
MedSclF,4300,0,0,ordesa,3,8,tmin
RipF,874,0,0,ordesa,3,8,tmin
RockScreeVeg,11345,0,0,ordesa,3,8,tmin
SMedMarF,1810,0,0,ordesa,3,8,tmin
Shrub,7807,0,0,ordesa,3,8,tmin
TempDecF,21266,0,0,ordesa,3,8,tmin
WaterSurf,115,0,0,ordesa,3,8,tmin
AlpConF,28538,0,0,ordesa,3,9,tmin
AlpScrGr,105456,0,0,ordesa,3,9,tmin
ArtSurf,26,0,0,ordesa,3,9,tmin
Grass,21154,0,0,ordesa,3,9,tmin
HydroRipVeg,269,0,0,ordesa,3,9,tmin
MedSclF,4283,0,0,ordesa,3,9,tmin
RipF,870,0,0,ordesa,3,9,tmin
RockScreeVeg,11379,0,0,ordesa,3,9,tmin
SMedMarF,1757,0,0,ordesa,3,9,tmin
Shrub,7719,0,0,ordesa,3,9,tmin
TempDecF,20868,0,0,ordesa,3,9,tmin
WaterSurf,89,0,0,ordesa,3,9,tmin
AlpConF,27643,0,0,ordesa,3,10,tmin
AlpScrGr,100960,0,0,ordesa,3,10,tmin
ArtSurf,26,0,0,ordesa,3,10,tmin
Grass,21116,0,0,ordesa,3,10,tmin
HydroRipVeg,204,0,0,ordesa,3,10,tmin
MedSclF,4251,0,0,ordesa,3,10,tmin
RipF,860,0,0,ordesa,3,10,tmin
RockScreeVeg,8803,0,0,ordesa,3,10,tmin
SMedMarF,1672,0,0,ordesa,3,10,tmin
Shrub,7599,0,0,ordesa,3,10,tmin
TempDecF,20208,0,0,ordesa,3,10,tmin
WaterSurf,20,0,0,ordesa,3,10,tmin
AlpConF,27604,0,0,ordesa,3,11,tmin
AlpScrGr,100100,0,0,ordesa,3,11,tmin
ArtSurf,26,0,0,ordesa,3,11,tmin
BareArea,2,0,0,ordesa,3,11,tmin
Grass,21102,0,0,ordesa,3,11,tmin
HydroRipVeg,204,0,0,ordesa,3,11,tmin
MedSclF,4249,0,0,ordesa,3,11,tmin
RipF,860,0,0,ordesa,3,11,tmin
RockScreeVeg,8649,0,0,ordesa,3,11,tmin
SMedMarF,1645,0,0,ordesa,3,11,tmin
Shrub,7577,0,0,ordesa,3,11,tmin
TempDecF,20167,0,0,ordesa,3,11,tmin
WaterSurf,20,0,0,ordesa,3,11,tmin
AlpConF,27351,0,0,ordesa,3,12,tmin
AlpScrGr,99970,2,0,ordesa,3,12,tmin
ArtSurf,26,0,0,ordesa,3,12,tmin
Grass,21101,0,0,ordesa,3,12,tmin
HydroRipVeg,204,0,0,ordesa,3,12,tmin
MedSclF,4190,0,0,ordesa,3,12,tmin
RipF,854,0,0,ordesa,3,12,tmin
RockScreeVeg,8568,0,0,ordesa,3,12,tmin
SMedMarF,1625,0,0,ordesa,3,12,tmin
Shrub,7507,0,0,ordesa,3,12,tmin
TempDecF,19766,0,0,ordesa,3,12,tmin
WaterSurf,20,0,0,ordesa,3,12,tmin
AlpConF,27586,4,0.01,ordesa,6,1,tmin
AlpScrGr,100261,0,0,ordesa,6,1,tmin
ArtSurf,26,0,0,ordesa,6,1,tmin
BareArea,3,0,0,ordesa,6,1,tmin
Grass,21109,0,0,ordesa,6,1,tmin
HydroRipVeg,204,0,0,ordesa,6,1,tmin
MedSclF,4221,1,0.02,ordesa,6,1,tmin
RipF,860,0,0,ordesa,6,1,tmin
RockScreeVeg,8836,0,0,ordesa,6,1,tmin
SMedMarF,1656,0,0,ordesa,6,1,tmin
Shrub,7570,1,0.01,ordesa,6,1,tmin
TempDecF,20036,0,0,ordesa,6,1,tmin
WaterSurf,20,0,0,ordesa,6,1,tmin
AlpConF,27603,0,0,ordesa,6,2,tmin
AlpScrGr,102251,0,0,ordesa,6,2,tmin
ArtSurf,26,0,0,ordesa,6,2,tmin
BareArea,203,0,0,ordesa,6,2,tmin
Grass,21113,0,0,ordesa,6,2,tmin
HydroRipVeg,214,0,0,ordesa,6,2,tmin
MedSclF,4236,0,0,ordesa,6,2,tmin
RipF,860,0,0,ordesa,6,2,tmin
RockScreeVeg,13046,0,0,ordesa,6,2,tmin
SMedMarF,1671,0,0,ordesa,6,2,tmin
Shrub,7575,0,0,ordesa,6,2,tmin
TempDecF,20084,0,0,ordesa,6,2,tmin
WaterSurf,68,0,0,ordesa,6,2,tmin
AlpConF,27618,0,0,ordesa,6,3,tmin
AlpScrGr,101805,0,0,ordesa,6,3,tmin
ArtSurf,26,0,0,ordesa,6,3,tmin
BareArea,493,0,0,ordesa,6,3,tmin
Grass,21113,0,0,ordesa,6,3,tmin
HydroRipVeg,207,0,0,ordesa,6,3,tmin
MedSclF,4251,0,0,ordesa,6,3,tmin
RipF,860,0,0,ordesa,6,3,tmin
RockScreeVeg,11546,0,0,ordesa,6,3,tmin
SMedMarF,1671,0,0,ordesa,6,3,tmin
Shrub,7598,0,0,ordesa,6,3,tmin
TempDecF,20202,0,0,ordesa,6,3,tmin
WaterSurf,32,0,0,ordesa,6,3,tmin
AlpConF,27612,0,0,ordesa,6,4,tmin
AlpScrGr,99996,0,0,ordesa,6,4,tmin
ArtSurf,26,0,0,ordesa,6,4,tmin
Grass,21111,0,0,ordesa,6,4,tmin
HydroRipVeg,204,0,0,ordesa,6,4,tmin
MedSclF,4251,0,0,ordesa,6,4,tmin
RipF,860,0,0,ordesa,6,4,tmin
RockScreeVeg,8573,0,0,ordesa,6,4,tmin
SMedMarF,1671,0,0,ordesa,6,4,tmin
Shrub,7601,0,0,ordesa,6,4,tmin
TempDecF,20198,0,0,ordesa,6,4,tmin
WaterSurf,20,0,0,ordesa,6,4,tmin
AlpConF,28066,0,0,ordesa,6,5,tmin
AlpScrGr,98680,0,0,ordesa,6,5,tmin
ArtSurf,26,0,0,ordesa,6,5,tmin
Grass,21108,0,0,ordesa,6,5,tmin
HydroRipVeg,154,0,0,ordesa,6,5,tmin
MedSclF,4268,0,0,ordesa,6,5,tmin
RipF,865,0,0,ordesa,6,5,tmin
RockScreeVeg,8425,0,0,ordesa,6,5,tmin
SMedMarF,1749,0,0,ordesa,6,5,tmin
Shrub,7687,0,0,ordesa,6,5,tmin
TempDecF,20584,0,0,ordesa,6,5,tmin
WaterSurf,20,0,0,ordesa,6,5,tmin
AlpConF,28021,0,0,ordesa,6,6,tmin
AlpScrGr,100050,0,0,ordesa,6,6,tmin
ArtSurf,26,0,0,ordesa,6,6,tmin
Grass,21113,0,0,ordesa,6,6,tmin
HydroRipVeg,204,0,0,ordesa,6,6,tmin
MedSclF,4300,0,0,ordesa,6,6,tmin
RipF,866,0,0,ordesa,6,6,tmin
RockScreeVeg,8576,0,0,ordesa,6,6,tmin
SMedMarF,1746,0,0,ordesa,6,6,tmin
Shrub,7723,0,0,ordesa,6,6,tmin
TempDecF,20580,0,0,ordesa,6,6,tmin
WaterSurf,20,0,0,ordesa,6,6,tmin
AlpConF,28948,0,0,ordesa,6,7,tmin
AlpScrGr,104262,2,0,ordesa,6,7,tmin
ArtSurf,26,0,0,ordesa,6,7,tmin
Grass,21154,0,0,ordesa,6,7,tmin
HydroRipVeg,233,0,0,ordesa,6,7,tmin
MedSclF,4301,0,0,ordesa,6,7,tmin
RipF,874,0,0,ordesa,6,7,tmin
RockScreeVeg,9863,0,0,ordesa,6,7,tmin
SMedMarF,1812,0,0,ordesa,6,7,tmin
Shrub,7815,0,0,ordesa,6,7,tmin
TempDecF,21294,0,0,ordesa,6,7,tmin
WaterSurf,20,0,0,ordesa,6,7,tmin
AlpConF,28937,0,0,ordesa,6,8,tmin
AlpScrGr,104944,0,0,ordesa,6,8,tmin
ArtSurf,26,0,0,ordesa,6,8,tmin
Grass,21154,0,0,ordesa,6,8,tmin
HydroRipVeg,263,0,0,ordesa,6,8,tmin
MedSclF,4300,0,0,ordesa,6,8,tmin
RipF,874,0,0,ordesa,6,8,tmin
RockScreeVeg,11345,0,0,ordesa,6,8,tmin
SMedMarF,1810,0,0,ordesa,6,8,tmin
Shrub,7807,0,0,ordesa,6,8,tmin
TempDecF,21266,0,0,ordesa,6,8,tmin
WaterSurf,115,0,0,ordesa,6,8,tmin
AlpConF,28538,0,0,ordesa,6,9,tmin
AlpScrGr,105456,0,0,ordesa,6,9,tmin
ArtSurf,26,0,0,ordesa,6,9,tmin
Grass,21154,0,0,ordesa,6,9,tmin
HydroRipVeg,269,0,0,ordesa,6,9,tmin
MedSclF,4283,0,0,ordesa,6,9,tmin
RipF,870,0,0,ordesa,6,9,tmin
RockScreeVeg,11379,0,0,ordesa,6,9,tmin
SMedMarF,1757,0,0,ordesa,6,9,tmin
Shrub,7719,0,0,ordesa,6,9,tmin
TempDecF,20868,0,0,ordesa,6,9,tmin
WaterSurf,89,0,0,ordesa,6,9,tmin
AlpConF,27643,0,0,ordesa,6,10,tmin
AlpScrGr,100960,0,0,ordesa,6,10,tmin
ArtSurf,26,0,0,ordesa,6,10,tmin
Grass,21116,0,0,ordesa,6,10,tmin
HydroRipVeg,204,0,0,ordesa,6,10,tmin
MedSclF,4251,0,0,ordesa,6,10,tmin
RipF,860,0,0,ordesa,6,10,tmin
RockScreeVeg,8803,0,0,ordesa,6,10,tmin
SMedMarF,1672,0,0,ordesa,6,10,tmin
Shrub,7599,0,0,ordesa,6,10,tmin
TempDecF,20208,0,0,ordesa,6,10,tmin
WaterSurf,20,0,0,ordesa,6,10,tmin
AlpConF,27604,0,0,ordesa,6,11,tmin
AlpScrGr,100100,0,0,ordesa,6,11,tmin
ArtSurf,26,0,0,ordesa,6,11,tmin
BareArea,2,0,0,ordesa,6,11,tmin
Grass,21102,0,0,ordesa,6,11,tmin
HydroRipVeg,204,0,0,ordesa,6,11,tmin
MedSclF,4249,0,0,ordesa,6,11,tmin
RipF,860,0,0,ordesa,6,11,tmin
RockScreeVeg,8649,0,0,ordesa,6,11,tmin
SMedMarF,1645,0,0,ordesa,6,11,tmin
Shrub,7577,0,0,ordesa,6,11,tmin
TempDecF,20167,0,0,ordesa,6,11,tmin
WaterSurf,20,0,0,ordesa,6,11,tmin
AlpConF,27351,1,0,ordesa,6,12,tmin
AlpScrGr,99970,1,0,ordesa,6,12,tmin
ArtSurf,26,0,0,ordesa,6,12,tmin
Grass,21101,0,0,ordesa,6,12,tmin
HydroRipVeg,204,0,0,ordesa,6,12,tmin
MedSclF,4190,0,0,ordesa,6,12,tmin
RipF,854,0,0,ordesa,6,12,tmin
RockScreeVeg,8568,0,0,ordesa,6,12,tmin
SMedMarF,1625,0,0,ordesa,6,12,tmin
Shrub,7507,0,0,ordesa,6,12,tmin
TempDecF,19766,0,0,ordesa,6,12,tmin
WaterSurf,20,0,0,ordesa,6,12,tmin
AlpConF,27586,0,0,ordesa,9,1,tmin
AlpScrGr,100261,0,0,ordesa,9,1,tmin
ArtSurf,26,0,0,ordesa,9,1,tmin
BareArea,3,0,0,ordesa,9,1,tmin
Grass,21109,0,0,ordesa,9,1,tmin
HydroRipVeg,204,0,0,ordesa,9,1,tmin
MedSclF,4221,0,0,ordesa,9,1,tmin
RipF,860,0,0,ordesa,9,1,tmin
RockScreeVeg,8836,0,0,ordesa,9,1,tmin
SMedMarF,1656,0,0,ordesa,9,1,tmin
Shrub,7570,0,0,ordesa,9,1,tmin
TempDecF,20036,0,0,ordesa,9,1,tmin
WaterSurf,20,0,0,ordesa,9,1,tmin
AlpConF,27603,0,0,ordesa,9,2,tmin
AlpScrGr,102251,0,0,ordesa,9,2,tmin
ArtSurf,26,0,0,ordesa,9,2,tmin
BareArea,203,0,0,ordesa,9,2,tmin
Grass,21113,0,0,ordesa,9,2,tmin
HydroRipVeg,214,0,0,ordesa,9,2,tmin
MedSclF,4236,0,0,ordesa,9,2,tmin
RipF,860,0,0,ordesa,9,2,tmin
RockScreeVeg,13046,0,0,ordesa,9,2,tmin
SMedMarF,1671,0,0,ordesa,9,2,tmin
Shrub,7575,0,0,ordesa,9,2,tmin
TempDecF,20084,0,0,ordesa,9,2,tmin
WaterSurf,68,0,0,ordesa,9,2,tmin
AlpConF,27618,0,0,ordesa,9,3,tmin
AlpScrGr,101805,0,0,ordesa,9,3,tmin
ArtSurf,26,0,0,ordesa,9,3,tmin
BareArea,493,0,0,ordesa,9,3,tmin
Grass,21113,0,0,ordesa,9,3,tmin
HydroRipVeg,207,0,0,ordesa,9,3,tmin
MedSclF,4251,0,0,ordesa,9,3,tmin
RipF,860,0,0,ordesa,9,3,tmin
RockScreeVeg,11546,0,0,ordesa,9,3,tmin
SMedMarF,1671,0,0,ordesa,9,3,tmin
Shrub,7598,0,0,ordesa,9,3,tmin
TempDecF,20202,0,0,ordesa,9,3,tmin
WaterSurf,32,0,0,ordesa,9,3,tmin
AlpConF,27612,0,0,ordesa,9,4,tmin
AlpScrGr,99996,0,0,ordesa,9,4,tmin
ArtSurf,26,0,0,ordesa,9,4,tmin
Grass,21111,0,0,ordesa,9,4,tmin
HydroRipVeg,204,0,0,ordesa,9,4,tmin
MedSclF,4251,0,0,ordesa,9,4,tmin
RipF,860,0,0,ordesa,9,4,tmin
RockScreeVeg,8573,0,0,ordesa,9,4,tmin
SMedMarF,1671,0,0,ordesa,9,4,tmin
Shrub,7601,0,0,ordesa,9,4,tmin
TempDecF,20198,0,0,ordesa,9,4,tmin
WaterSurf,20,0,0,ordesa,9,4,tmin
AlpConF,28066,0,0,ordesa,9,5,tmin
AlpScrGr,98680,0,0,ordesa,9,5,tmin
ArtSurf,26,0,0,ordesa,9,5,tmin
Grass,21108,0,0,ordesa,9,5,tmin
HydroRipVeg,154,0,0,ordesa,9,5,tmin
MedSclF,4268,0,0,ordesa,9,5,tmin
RipF,865,0,0,ordesa,9,5,tmin
RockScreeVeg,8425,0,0,ordesa,9,5,tmin
SMedMarF,1749,0,0,ordesa,9,5,tmin
Shrub,7687,0,0,ordesa,9,5,tmin
TempDecF,20584,0,0,ordesa,9,5,tmin
WaterSurf,20,0,0,ordesa,9,5,tmin
AlpConF,28021,0,0,ordesa,9,6,tmin
AlpScrGr,100050,0,0,ordesa,9,6,tmin
ArtSurf,26,0,0,ordesa,9,6,tmin
Grass,21113,0,0,ordesa,9,6,tmin
HydroRipVeg,204,0,0,ordesa,9,6,tmin
MedSclF,4300,0,0,ordesa,9,6,tmin
RipF,866,0,0,ordesa,9,6,tmin
RockScreeVeg,8576,0,0,ordesa,9,6,tmin
SMedMarF,1746,0,0,ordesa,9,6,tmin
Shrub,7723,0,0,ordesa,9,6,tmin
TempDecF,20580,0,0,ordesa,9,6,tmin
WaterSurf,20,0,0,ordesa,9,6,tmin
AlpConF,28948,0,0,ordesa,9,7,tmin
AlpScrGr,104262,3,0,ordesa,9,7,tmin
ArtSurf,26,0,0,ordesa,9,7,tmin
Grass,21154,0,0,ordesa,9,7,tmin
HydroRipVeg,233,0,0,ordesa,9,7,tmin
MedSclF,4301,0,0,ordesa,9,7,tmin
RipF,874,0,0,ordesa,9,7,tmin
RockScreeVeg,9863,0,0,ordesa,9,7,tmin
SMedMarF,1812,0,0,ordesa,9,7,tmin
Shrub,7815,0,0,ordesa,9,7,tmin
TempDecF,21294,0,0,ordesa,9,7,tmin
WaterSurf,20,0,0,ordesa,9,7,tmin
AlpConF,28937,0,0,ordesa,9,8,tmin
AlpScrGr,104944,0,0,ordesa,9,8,tmin
ArtSurf,26,0,0,ordesa,9,8,tmin
Grass,21154,0,0,ordesa,9,8,tmin
HydroRipVeg,263,0,0,ordesa,9,8,tmin
MedSclF,4300,0,0,ordesa,9,8,tmin
RipF,874,0,0,ordesa,9,8,tmin
RockScreeVeg,11345,0,0,ordesa,9,8,tmin
SMedMarF,1810,0,0,ordesa,9,8,tmin
Shrub,7807,0,0,ordesa,9,8,tmin
TempDecF,21266,0,0,ordesa,9,8,tmin
WaterSurf,115,0,0,ordesa,9,8,tmin
AlpConF,28538,0,0,ordesa,9,9,tmin
AlpScrGr,105456,0,0,ordesa,9,9,tmin
ArtSurf,26,0,0,ordesa,9,9,tmin
Grass,21154,0,0,ordesa,9,9,tmin
HydroRipVeg,269,0,0,ordesa,9,9,tmin
MedSclF,4283,0,0,ordesa,9,9,tmin
RipF,870,0,0,ordesa,9,9,tmin
RockScreeVeg,11379,0,0,ordesa,9,9,tmin
SMedMarF,1757,0,0,ordesa,9,9,tmin
Shrub,7719,0,0,ordesa,9,9,tmin
TempDecF,20868,0,0,ordesa,9,9,tmin
WaterSurf,89,0,0,ordesa,9,9,tmin
AlpConF,27643,0,0,ordesa,9,10,tmin
AlpScrGr,100960,0,0,ordesa,9,10,tmin
ArtSurf,26,0,0,ordesa,9,10,tmin
Grass,21116,0,0,ordesa,9,10,tmin
HydroRipVeg,204,0,0,ordesa,9,10,tmin
MedSclF,4251,0,0,ordesa,9,10,tmin
RipF,860,0,0,ordesa,9,10,tmin
RockScreeVeg,8803,0,0,ordesa,9,10,tmin
SMedMarF,1672,0,0,ordesa,9,10,tmin
Shrub,7599,0,0,ordesa,9,10,tmin
TempDecF,20208,0,0,ordesa,9,10,tmin
WaterSurf,20,0,0,ordesa,9,10,tmin
AlpConF,27604,0,0,ordesa,9,11,tmin
AlpScrGr,100100,0,0,ordesa,9,11,tmin
ArtSurf,26,0,0,ordesa,9,11,tmin
BareArea,2,0,0,ordesa,9,11,tmin
Grass,21102,0,0,ordesa,9,11,tmin
HydroRipVeg,204,0,0,ordesa,9,11,tmin
MedSclF,4249,0,0,ordesa,9,11,tmin
RipF,860,0,0,ordesa,9,11,tmin
RockScreeVeg,8649,0,0,ordesa,9,11,tmin
SMedMarF,1645,0,0,ordesa,9,11,tmin
Shrub,7577,0,0,ordesa,9,11,tmin
TempDecF,20167,0,0,ordesa,9,11,tmin
WaterSurf,20,0,0,ordesa,9,11,tmin
AlpConF,27351,0,0,ordesa,9,12,tmin
AlpScrGr,99970,0,0,ordesa,9,12,tmin
ArtSurf,26,0,0,ordesa,9,12,tmin
Grass,21101,0,0,ordesa,9,12,tmin
HydroRipVeg,204,0,0,ordesa,9,12,tmin
MedSclF,4190,0,0,ordesa,9,12,tmin
RipF,854,0,0,ordesa,9,12,tmin
RockScreeVeg,8568,0,0,ordesa,9,12,tmin
SMedMarF,1625,0,0,ordesa,9,12,tmin
Shrub,7507,0,0,ordesa,9,12,tmin
TempDecF,19766,0,0,ordesa,9,12,tmin
WaterSurf,20,0,0,ordesa,9,12,tmin
AlpConF,27586,0,0,ordesa,12,1,tmin
AlpScrGr,100261,0,0,ordesa,12,1,tmin
ArtSurf,26,0,0,ordesa,12,1,tmin
BareArea,3,0,0,ordesa,12,1,tmin
Grass,21109,0,0,ordesa,12,1,tmin
HydroRipVeg,204,0,0,ordesa,12,1,tmin
MedSclF,4221,0,0,ordesa,12,1,tmin
RipF,860,0,0,ordesa,12,1,tmin
RockScreeVeg,8836,0,0,ordesa,12,1,tmin
SMedMarF,1656,0,0,ordesa,12,1,tmin
Shrub,7570,0,0,ordesa,12,1,tmin
TempDecF,20036,0,0,ordesa,12,1,tmin
WaterSurf,20,0,0,ordesa,12,1,tmin
AlpConF,27603,0,0,ordesa,12,2,tmin
AlpScrGr,102251,0,0,ordesa,12,2,tmin
ArtSurf,26,0,0,ordesa,12,2,tmin
BareArea,203,0,0,ordesa,12,2,tmin
Grass,21113,0,0,ordesa,12,2,tmin
HydroRipVeg,214,0,0,ordesa,12,2,tmin
MedSclF,4236,0,0,ordesa,12,2,tmin
RipF,860,0,0,ordesa,12,2,tmin
RockScreeVeg,13046,0,0,ordesa,12,2,tmin
SMedMarF,1671,0,0,ordesa,12,2,tmin
Shrub,7575,0,0,ordesa,12,2,tmin
TempDecF,20084,0,0,ordesa,12,2,tmin
WaterSurf,68,0,0,ordesa,12,2,tmin
AlpConF,27618,0,0,ordesa,12,3,tmin
AlpScrGr,101805,0,0,ordesa,12,3,tmin
ArtSurf,26,0,0,ordesa,12,3,tmin
BareArea,493,0,0,ordesa,12,3,tmin
Grass,21113,0,0,ordesa,12,3,tmin
HydroRipVeg,207,0,0,ordesa,12,3,tmin
MedSclF,4251,0,0,ordesa,12,3,tmin
RipF,860,0,0,ordesa,12,3,tmin
RockScreeVeg,11546,0,0,ordesa,12,3,tmin
SMedMarF,1671,0,0,ordesa,12,3,tmin
Shrub,7598,0,0,ordesa,12,3,tmin
TempDecF,20202,0,0,ordesa,12,3,tmin
WaterSurf,32,0,0,ordesa,12,3,tmin
AlpConF,27612,0,0,ordesa,12,4,tmin
AlpScrGr,99996,0,0,ordesa,12,4,tmin
ArtSurf,26,0,0,ordesa,12,4,tmin
Grass,21111,0,0,ordesa,12,4,tmin
HydroRipVeg,204,0,0,ordesa,12,4,tmin
MedSclF,4251,0,0,ordesa,12,4,tmin
RipF,860,0,0,ordesa,12,4,tmin
RockScreeVeg,8573,0,0,ordesa,12,4,tmin
SMedMarF,1671,0,0,ordesa,12,4,tmin
Shrub,7601,0,0,ordesa,12,4,tmin
TempDecF,20198,0,0,ordesa,12,4,tmin
WaterSurf,20,0,0,ordesa,12,4,tmin
AlpConF,28066,0,0,ordesa,12,5,tmin
AlpScrGr,98680,0,0,ordesa,12,5,tmin
ArtSurf,26,0,0,ordesa,12,5,tmin
Grass,21108,0,0,ordesa,12,5,tmin
HydroRipVeg,154,0,0,ordesa,12,5,tmin
MedSclF,4268,0,0,ordesa,12,5,tmin
RipF,865,0,0,ordesa,12,5,tmin
RockScreeVeg,8425,0,0,ordesa,12,5,tmin
SMedMarF,1749,0,0,ordesa,12,5,tmin
Shrub,7687,0,0,ordesa,12,5,tmin
TempDecF,20584,0,0,ordesa,12,5,tmin
WaterSurf,20,0,0,ordesa,12,5,tmin
AlpConF,28021,0,0,ordesa,12,6,tmin
AlpScrGr,100050,0,0,ordesa,12,6,tmin
ArtSurf,26,0,0,ordesa,12,6,tmin
Grass,21113,0,0,ordesa,12,6,tmin
HydroRipVeg,204,0,0,ordesa,12,6,tmin
MedSclF,4300,0,0,ordesa,12,6,tmin
RipF,866,0,0,ordesa,12,6,tmin
RockScreeVeg,8576,0,0,ordesa,12,6,tmin
SMedMarF,1746,0,0,ordesa,12,6,tmin
Shrub,7723,0,0,ordesa,12,6,tmin
TempDecF,20580,0,0,ordesa,12,6,tmin
WaterSurf,20,0,0,ordesa,12,6,tmin
AlpConF,28948,0,0,ordesa,12,7,tmin
AlpScrGr,104262,0,0,ordesa,12,7,tmin
ArtSurf,26,0,0,ordesa,12,7,tmin
Grass,21154,0,0,ordesa,12,7,tmin
HydroRipVeg,233,0,0,ordesa,12,7,tmin
MedSclF,4301,0,0,ordesa,12,7,tmin
RipF,874,0,0,ordesa,12,7,tmin
RockScreeVeg,9863,0,0,ordesa,12,7,tmin
SMedMarF,1812,0,0,ordesa,12,7,tmin
Shrub,7815,0,0,ordesa,12,7,tmin
TempDecF,21294,0,0,ordesa,12,7,tmin
WaterSurf,20,0,0,ordesa,12,7,tmin
AlpConF,28937,0,0,ordesa,12,8,tmin
AlpScrGr,104944,0,0,ordesa,12,8,tmin
ArtSurf,26,0,0,ordesa,12,8,tmin
Grass,21154,0,0,ordesa,12,8,tmin
HydroRipVeg,263,0,0,ordesa,12,8,tmin
MedSclF,4300,0,0,ordesa,12,8,tmin
RipF,874,0,0,ordesa,12,8,tmin
RockScreeVeg,11345,0,0,ordesa,12,8,tmin
SMedMarF,1810,0,0,ordesa,12,8,tmin
Shrub,7807,0,0,ordesa,12,8,tmin
TempDecF,21266,0,0,ordesa,12,8,tmin
WaterSurf,115,0,0,ordesa,12,8,tmin
AlpConF,28538,0,0,ordesa,12,9,tmin
AlpScrGr,105456,0,0,ordesa,12,9,tmin
ArtSurf,26,0,0,ordesa,12,9,tmin
Grass,21154,0,0,ordesa,12,9,tmin
HydroRipVeg,269,0,0,ordesa,12,9,tmin
MedSclF,4283,0,0,ordesa,12,9,tmin
RipF,870,0,0,ordesa,12,9,tmin
RockScreeVeg,11379,0,0,ordesa,12,9,tmin
SMedMarF,1757,0,0,ordesa,12,9,tmin
Shrub,7719,0,0,ordesa,12,9,tmin
TempDecF,20868,0,0,ordesa,12,9,tmin
WaterSurf,89,0,0,ordesa,12,9,tmin
AlpConF,27643,0,0,ordesa,12,10,tmin
AlpScrGr,100960,0,0,ordesa,12,10,tmin
ArtSurf,26,0,0,ordesa,12,10,tmin
Grass,21116,0,0,ordesa,12,10,tmin
HydroRipVeg,204,0,0,ordesa,12,10,tmin
MedSclF,4251,0,0,ordesa,12,10,tmin
RipF,860,0,0,ordesa,12,10,tmin
RockScreeVeg,8803,0,0,ordesa,12,10,tmin
SMedMarF,1672,0,0,ordesa,12,10,tmin
Shrub,7599,0,0,ordesa,12,10,tmin
TempDecF,20208,0,0,ordesa,12,10,tmin
WaterSurf,20,0,0,ordesa,12,10,tmin
AlpConF,27604,0,0,ordesa,12,11,tmin
AlpScrGr,100100,0,0,ordesa,12,11,tmin
ArtSurf,26,0,0,ordesa,12,11,tmin
BareArea,2,0,0,ordesa,12,11,tmin
Grass,21102,0,0,ordesa,12,11,tmin
HydroRipVeg,204,0,0,ordesa,12,11,tmin
MedSclF,4249,0,0,ordesa,12,11,tmin
RipF,860,0,0,ordesa,12,11,tmin
RockScreeVeg,8649,0,0,ordesa,12,11,tmin
SMedMarF,1645,0,0,ordesa,12,11,tmin
Shrub,7577,0,0,ordesa,12,11,tmin
TempDecF,20167,0,0,ordesa,12,11,tmin
WaterSurf,20,0,0,ordesa,12,11,tmin
AlpConF,27351,0,0,ordesa,12,12,tmin
AlpScrGr,99970,0,0,ordesa,12,12,tmin
ArtSurf,26,0,0,ordesa,12,12,tmin
Grass,21101,0,0,ordesa,12,12,tmin
HydroRipVeg,204,0,0,ordesa,12,12,tmin
MedSclF,4190,0,0,ordesa,12,12,tmin
RipF,854,0,0,ordesa,12,12,tmin
RockScreeVeg,8568,0,0,ordesa,12,12,tmin
SMedMarF,1625,0,0,ordesa,12,12,tmin
Shrub,7507,0,0,ordesa,12,12,tmin
TempDecF,19766,0,0,ordesa,12,12,tmin
WaterSurf,20,0,0,ordesa,12,12,tmin
AlpScrGr,483629,0,0,picoseuropa,1,1,tmin
ArtSurf,2496,0,0,picoseuropa,1,1,tmin
AtlScrub,36465,0,0,picoseuropa,1,1,tmin
Crop,230,0,0,picoseuropa,1,1,tmin
Dehesa,60,0,0,picoseuropa,1,1,tmin
Grass,143161,0,0,picoseuropa,1,1,tmin
HydroRipVeg,808,0,0,picoseuropa,1,1,tmin
MedSclF,4576,0,0,picoseuropa,1,1,tmin
MedScrub,14993,0,0,picoseuropa,1,1,tmin
Reforestation,1264,0,0,picoseuropa,1,1,tmin
RipF,952,0,0,picoseuropa,1,1,tmin
RockScreeVeg,1117,0,0,picoseuropa,1,1,tmin
SMedMarF,8457,0,0,picoseuropa,1,1,tmin
Shrub,1579,0,0,picoseuropa,1,1,tmin
TempDecF,253477,0,0,picoseuropa,1,1,tmin
WaterSurf,715,0,0,picoseuropa,1,1,tmin
AlpScrGr,487132,1136,0.23,picoseuropa,1,2,tmin
ArtSurf,2509,0,0,picoseuropa,1,2,tmin
AtlScrub,36902,7,0.02,picoseuropa,1,2,tmin
Crop,230,0,0,picoseuropa,1,2,tmin
Dehesa,71,0,0,picoseuropa,1,2,tmin
Grass,144344,72,0.05,picoseuropa,1,2,tmin
HydroRipVeg,811,0,0,picoseuropa,1,2,tmin
MedSclF,5374,101,1.88,picoseuropa,1,2,tmin
MedScrub,15105,10,0.07,picoseuropa,1,2,tmin
Reforestation,1269,3,0.24,picoseuropa,1,2,tmin
RipF,953,0,0,picoseuropa,1,2,tmin
RockScreeVeg,1134,6,0.53,picoseuropa,1,2,tmin
SMedMarF,8552,0,0,picoseuropa,1,2,tmin
Shrub,1597,0,0,picoseuropa,1,2,tmin
TempDecF,256029,58,0.02,picoseuropa,1,2,tmin
WaterSurf,737,0,0,picoseuropa,1,2,tmin
AlpScrGr,487768,0,0,picoseuropa,1,3,tmin
ArtSurf,2510,0,0,picoseuropa,1,3,tmin
AtlScrub,36927,0,0,picoseuropa,1,3,tmin
Crop,230,0,0,picoseuropa,1,3,tmin
Dehesa,71,0,0,picoseuropa,1,3,tmin
Grass,144481,0,0,picoseuropa,1,3,tmin
HydroRipVeg,811,0,0,picoseuropa,1,3,tmin
MedSclF,5590,0,0,picoseuropa,1,3,tmin
MedScrub,15115,0,0,picoseuropa,1,3,tmin
Reforestation,1269,0,0,picoseuropa,1,3,tmin
RipF,953,0,0,picoseuropa,1,3,tmin
RockScreeVeg,1135,0,0,picoseuropa,1,3,tmin
SMedMarF,8558,0,0,picoseuropa,1,3,tmin
Shrub,1599,0,0,picoseuropa,1,3,tmin
TempDecF,256357,0,0,picoseuropa,1,3,tmin
WaterSurf,760,0,0,picoseuropa,1,3,tmin
AlpScrGr,487876,0,0,picoseuropa,1,4,tmin
ArtSurf,2511,0,0,picoseuropa,1,4,tmin
AtlScrub,36929,0,0,picoseuropa,1,4,tmin
Crop,230,0,0,picoseuropa,1,4,tmin
Dehesa,71,0,0,picoseuropa,1,4,tmin
Grass,144505,0,0,picoseuropa,1,4,tmin
HydroRipVeg,811,0,0,picoseuropa,1,4,tmin
MedSclF,5591,0,0,picoseuropa,1,4,tmin
MedScrub,15118,0,0,picoseuropa,1,4,tmin
Reforestation,1269,0,0,picoseuropa,1,4,tmin
RipF,953,0,0,picoseuropa,1,4,tmin
RockScreeVeg,1135,0,0,picoseuropa,1,4,tmin
SMedMarF,8558,0,0,picoseuropa,1,4,tmin
Shrub,1599,0,0,picoseuropa,1,4,tmin
TempDecF,256516,0,0,picoseuropa,1,4,tmin
WaterSurf,763,0,0,picoseuropa,1,4,tmin
AlpScrGr,487848,0,0,picoseuropa,1,5,tmin
ArtSurf,2511,0,0,picoseuropa,1,5,tmin
AtlScrub,36969,0,0,picoseuropa,1,5,tmin
Crop,230,0,0,picoseuropa,1,5,tmin
Dehesa,71,0,0,picoseuropa,1,5,tmin
Grass,144570,0,0,picoseuropa,1,5,tmin
HydroRipVeg,815,0,0,picoseuropa,1,5,tmin
MedSclF,5631,0,0,picoseuropa,1,5,tmin
MedScrub,15123,0,0,picoseuropa,1,5,tmin
Reforestation,1269,0,0,picoseuropa,1,5,tmin
RipF,953,0,0,picoseuropa,1,5,tmin
RockScreeVeg,1135,0,0,picoseuropa,1,5,tmin
SMedMarF,8558,0,0,picoseuropa,1,5,tmin
Shrub,1599,0,0,picoseuropa,1,5,tmin
TempDecF,256687,0,0,picoseuropa,1,5,tmin
WaterSurf,773,0,0,picoseuropa,1,5,tmin
AlpScrGr,487273,0,0,picoseuropa,1,6,tmin
ArtSurf,2511,0,0,picoseuropa,1,6,tmin
AtlScrub,36969,0,0,picoseuropa,1,6,tmin
Crop,230,0,0,picoseuropa,1,6,tmin
Dehesa,71,0,0,picoseuropa,1,6,tmin
Grass,144593,0,0,picoseuropa,1,6,tmin
HydroRipVeg,815,0,0,picoseuropa,1,6,tmin
MedSclF,5631,0,0,picoseuropa,1,6,tmin
MedScrub,15123,0,0,picoseuropa,1,6,tmin
Reforestation,1269,0,0,picoseuropa,1,6,tmin
RipF,953,0,0,picoseuropa,1,6,tmin
RockScreeVeg,1135,0,0,picoseuropa,1,6,tmin
SMedMarF,8558,0,0,picoseuropa,1,6,tmin
Shrub,1599,0,0,picoseuropa,1,6,tmin
TempDecF,256695,0,0,picoseuropa,1,6,tmin
WaterSurf,774,0,0,picoseuropa,1,6,tmin
AlpScrGr,497696,0,0,picoseuropa,1,7,tmin
ArtSurf,2619,0,0,picoseuropa,1,7,tmin
AtlScrub,36969,0,0,picoseuropa,1,7,tmin
Crop,230,0,0,picoseuropa,1,7,tmin
Dehesa,71,0,0,picoseuropa,1,7,tmin
Grass,144792,0,0,picoseuropa,1,7,tmin
HydroRipVeg,815,0,0,picoseuropa,1,7,tmin
MedSclF,5631,0,0,picoseuropa,1,7,tmin
MedScrub,15123,0,0,picoseuropa,1,7,tmin
Reforestation,1269,0,0,picoseuropa,1,7,tmin
RipF,953,0,0,picoseuropa,1,7,tmin
RockScreeVeg,1135,0,0,picoseuropa,1,7,tmin
SMedMarF,8558,0,0,picoseuropa,1,7,tmin
Shrub,1599,0,0,picoseuropa,1,7,tmin
TempDecF,256697,0,0,picoseuropa,1,7,tmin
WaterSurf,774,0,0,picoseuropa,1,7,tmin
AlpScrGr,504321,0,0,picoseuropa,1,8,tmin
ArtSurf,2548,0,0,picoseuropa,1,8,tmin
AtlScrub,36969,0,0,picoseuropa,1,8,tmin
Crop,230,0,0,picoseuropa,1,8,tmin
Dehesa,71,0,0,picoseuropa,1,8,tmin
Grass,144733,0,0,picoseuropa,1,8,tmin
HydroRipVeg,815,0,0,picoseuropa,1,8,tmin
MedSclF,5631,0,0,picoseuropa,1,8,tmin
MedScrub,15121,0,0,picoseuropa,1,8,tmin
Reforestation,1269,0,0,picoseuropa,1,8,tmin
RipF,953,0,0,picoseuropa,1,8,tmin
RockScreeVeg,1135,0,0,picoseuropa,1,8,tmin
SMedMarF,8558,0,0,picoseuropa,1,8,tmin
Shrub,1599,0,0,picoseuropa,1,8,tmin
TempDecF,256675,0,0,picoseuropa,1,8,tmin
WaterSurf,771,0,0,picoseuropa,1,8,tmin
AlpScrGr,522100,0,0,picoseuropa,1,9,tmin
ArtSurf,2727,0,0,picoseuropa,1,9,tmin
AtlScrub,36964,0,0,picoseuropa,1,9,tmin
Crop,230,0,0,picoseuropa,1,9,tmin
Dehesa,71,0,0,picoseuropa,1,9,tmin
Grass,144813,0,0,picoseuropa,1,9,tmin
HydroRipVeg,811,0,0,picoseuropa,1,9,tmin
MedSclF,5617,0,0,picoseuropa,1,9,tmin
MedScrub,15119,0,0,picoseuropa,1,9,tmin
Reforestation,1269,0,0,picoseuropa,1,9,tmin
RipF,953,0,0,picoseuropa,1,9,tmin
RockScreeVeg,1135,0,0,picoseuropa,1,9,tmin
SMedMarF,8558,0,0,picoseuropa,1,9,tmin
Shrub,1599,0,0,picoseuropa,1,9,tmin
TempDecF,256510,0,0,picoseuropa,1,9,tmin
WaterSurf,761,0,0,picoseuropa,1,9,tmin
AlpScrGr,503669,0,0,picoseuropa,1,10,tmin
ArtSurf,2512,0,0,picoseuropa,1,10,tmin
AtlScrub,36927,0,0,picoseuropa,1,10,tmin
Crop,230,0,0,picoseuropa,1,10,tmin
Dehesa,71,0,0,picoseuropa,1,10,tmin
Grass,144539,0,0,picoseuropa,1,10,tmin
HydroRipVeg,811,0,0,picoseuropa,1,10,tmin
MedSclF,5580,0,0,picoseuropa,1,10,tmin
MedScrub,15115,0,0,picoseuropa,1,10,tmin
Reforestation,1269,0,0,picoseuropa,1,10,tmin
RipF,953,0,0,picoseuropa,1,10,tmin
RockScreeVeg,1135,0,0,picoseuropa,1,10,tmin
SMedMarF,8558,0,0,picoseuropa,1,10,tmin
Shrub,1599,0,0,picoseuropa,1,10,tmin
TempDecF,256336,0,0,picoseuropa,1,10,tmin
WaterSurf,752,0,0,picoseuropa,1,10,tmin
AlpScrGr,486719,0,0,picoseuropa,1,11,tmin
ArtSurf,2510,0,0,picoseuropa,1,11,tmin
AtlScrub,36869,0,0,picoseuropa,1,11,tmin
Crop,230,0,0,picoseuropa,1,11,tmin
Dehesa,71,0,0,picoseuropa,1,11,tmin
Grass,144253,0,0,picoseuropa,1,11,tmin
HydroRipVeg,811,0,0,picoseuropa,1,11,tmin
MedSclF,5373,0,0,picoseuropa,1,11,tmin
MedScrub,15082,0,0,picoseuropa,1,11,tmin
Reforestation,1269,0,0,picoseuropa,1,11,tmin
RipF,953,0,0,picoseuropa,1,11,tmin
RockScreeVeg,1132,0,0,picoseuropa,1,11,tmin
SMedMarF,8555,0,0,picoseuropa,1,11,tmin
Shrub,1598,0,0,picoseuropa,1,11,tmin
TempDecF,255911,0,0,picoseuropa,1,11,tmin
WaterSurf,745,0,0,picoseuropa,1,11,tmin
AlpScrGr,482406,0,0,picoseuropa,1,12,tmin
ArtSurf,2498,0,0,picoseuropa,1,12,tmin
AtlScrub,36212,0,0,picoseuropa,1,12,tmin
Crop,230,0,0,picoseuropa,1,12,tmin
Dehesa,57,0,0,picoseuropa,1,12,tmin
Grass,142707,0,0,picoseuropa,1,12,tmin
HydroRipVeg,802,0,0,picoseuropa,1,12,tmin
MedSclF,4578,0,0,picoseuropa,1,12,tmin
MedScrub,14918,0,0,picoseuropa,1,12,tmin
Reforestation,1266,0,0,picoseuropa,1,12,tmin
RipF,953,0,0,picoseuropa,1,12,tmin
RockScreeVeg,1099,0,0,picoseuropa,1,12,tmin
SMedMarF,8419,0,0,picoseuropa,1,12,tmin
Shrub,1532,0,0,picoseuropa,1,12,tmin
TempDecF,252908,0,0,picoseuropa,1,12,tmin
WaterSurf,708,0,0,picoseuropa,1,12,tmin
AlpScrGr,483629,0,0,picoseuropa,3,1,tmin
ArtSurf,2496,0,0,picoseuropa,3,1,tmin
AtlScrub,36465,0,0,picoseuropa,3,1,tmin
Crop,230,0,0,picoseuropa,3,1,tmin
Dehesa,60,0,0,picoseuropa,3,1,tmin
Grass,143161,0,0,picoseuropa,3,1,tmin
HydroRipVeg,808,0,0,picoseuropa,3,1,tmin
MedSclF,4576,0,0,picoseuropa,3,1,tmin
MedScrub,14993,0,0,picoseuropa,3,1,tmin
Reforestation,1264,0,0,picoseuropa,3,1,tmin
RipF,952,0,0,picoseuropa,3,1,tmin
RockScreeVeg,1117,0,0,picoseuropa,3,1,tmin
SMedMarF,8457,0,0,picoseuropa,3,1,tmin
Shrub,1579,0,0,picoseuropa,3,1,tmin
TempDecF,253477,0,0,picoseuropa,3,1,tmin
WaterSurf,715,0,0,picoseuropa,3,1,tmin
AlpScrGr,487132,0,0,picoseuropa,3,2,tmin
ArtSurf,2509,0,0,picoseuropa,3,2,tmin
AtlScrub,36902,0,0,picoseuropa,3,2,tmin
Crop,230,0,0,picoseuropa,3,2,tmin
Dehesa,71,0,0,picoseuropa,3,2,tmin
Grass,144344,0,0,picoseuropa,3,2,tmin
HydroRipVeg,811,0,0,picoseuropa,3,2,tmin
MedSclF,5374,0,0,picoseuropa,3,2,tmin
MedScrub,15105,0,0,picoseuropa,3,2,tmin
Reforestation,1269,0,0,picoseuropa,3,2,tmin
RipF,953,0,0,picoseuropa,3,2,tmin
RockScreeVeg,1134,0,0,picoseuropa,3,2,tmin
SMedMarF,8552,0,0,picoseuropa,3,2,tmin
Shrub,1597,0,0,picoseuropa,3,2,tmin
TempDecF,256029,0,0,picoseuropa,3,2,tmin
WaterSurf,737,0,0,picoseuropa,3,2,tmin
AlpScrGr,487768,0,0,picoseuropa,3,3,tmin
ArtSurf,2510,0,0,picoseuropa,3,3,tmin
AtlScrub,36927,0,0,picoseuropa,3,3,tmin
Crop,230,0,0,picoseuropa,3,3,tmin
Dehesa,71,0,0,picoseuropa,3,3,tmin
Grass,144481,0,0,picoseuropa,3,3,tmin
HydroRipVeg,811,0,0,picoseuropa,3,3,tmin
MedSclF,5590,0,0,picoseuropa,3,3,tmin
MedScrub,15115,0,0,picoseuropa,3,3,tmin
Reforestation,1269,0,0,picoseuropa,3,3,tmin
RipF,953,0,0,picoseuropa,3,3,tmin
RockScreeVeg,1135,0,0,picoseuropa,3,3,tmin
SMedMarF,8558,0,0,picoseuropa,3,3,tmin
Shrub,1599,0,0,picoseuropa,3,3,tmin
TempDecF,256357,0,0,picoseuropa,3,3,tmin
WaterSurf,760,0,0,picoseuropa,3,3,tmin
AlpScrGr,487876,139,0.03,picoseuropa,3,4,tmin
ArtSurf,2511,0,0,picoseuropa,3,4,tmin
AtlScrub,36929,2,0.01,picoseuropa,3,4,tmin
Crop,230,0,0,picoseuropa,3,4,tmin
Dehesa,71,0,0,picoseuropa,3,4,tmin
Grass,144505,5,0,picoseuropa,3,4,tmin
HydroRipVeg,811,0,0,picoseuropa,3,4,tmin
MedSclF,5591,12,0.21,picoseuropa,3,4,tmin
MedScrub,15118,3,0.02,picoseuropa,3,4,tmin
Reforestation,1269,0,0,picoseuropa,3,4,tmin
RipF,953,0,0,picoseuropa,3,4,tmin
RockScreeVeg,1135,1,0.09,picoseuropa,3,4,tmin
SMedMarF,8558,0,0,picoseuropa,3,4,tmin
Shrub,1599,0,0,picoseuropa,3,4,tmin
TempDecF,256516,4,0,picoseuropa,3,4,tmin
WaterSurf,763,0,0,picoseuropa,3,4,tmin
AlpScrGr,487848,168,0.03,picoseuropa,3,5,tmin
ArtSurf,2511,0,0,picoseuropa,3,5,tmin
AtlScrub,36969,2,0.01,picoseuropa,3,5,tmin
Crop,230,0,0,picoseuropa,3,5,tmin
Dehesa,71,0,0,picoseuropa,3,5,tmin
Grass,144570,5,0,picoseuropa,3,5,tmin
HydroRipVeg,815,0,0,picoseuropa,3,5,tmin
MedSclF,5631,13,0.23,picoseuropa,3,5,tmin
MedScrub,15123,1,0.01,picoseuropa,3,5,tmin
Reforestation,1269,0,0,picoseuropa,3,5,tmin
RipF,953,0,0,picoseuropa,3,5,tmin
RockScreeVeg,1135,0,0,picoseuropa,3,5,tmin
SMedMarF,8558,0,0,picoseuropa,3,5,tmin
Shrub,1599,0,0,picoseuropa,3,5,tmin
TempDecF,256687,2,0,picoseuropa,3,5,tmin
WaterSurf,773,1,0.13,picoseuropa,3,5,tmin
AlpScrGr,487273,0,0,picoseuropa,3,6,tmin
ArtSurf,2511,0,0,picoseuropa,3,6,tmin
AtlScrub,36969,0,0,picoseuropa,3,6,tmin
Crop,230,0,0,picoseuropa,3,6,tmin
Dehesa,71,0,0,picoseuropa,3,6,tmin
Grass,144593,0,0,picoseuropa,3,6,tmin
HydroRipVeg,815,0,0,picoseuropa,3,6,tmin
MedSclF,5631,0,0,picoseuropa,3,6,tmin
MedScrub,15123,0,0,picoseuropa,3,6,tmin
Reforestation,1269,0,0,picoseuropa,3,6,tmin
RipF,953,0,0,picoseuropa,3,6,tmin
RockScreeVeg,1135,0,0,picoseuropa,3,6,tmin
SMedMarF,8558,0,0,picoseuropa,3,6,tmin
Shrub,1599,0,0,picoseuropa,3,6,tmin
TempDecF,256695,0,0,picoseuropa,3,6,tmin
WaterSurf,774,0,0,picoseuropa,3,6,tmin
AlpScrGr,497696,0,0,picoseuropa,3,7,tmin
ArtSurf,2619,0,0,picoseuropa,3,7,tmin
AtlScrub,36969,0,0,picoseuropa,3,7,tmin
Crop,230,0,0,picoseuropa,3,7,tmin
Dehesa,71,0,0,picoseuropa,3,7,tmin
Grass,144792,0,0,picoseuropa,3,7,tmin
HydroRipVeg,815,0,0,picoseuropa,3,7,tmin
MedSclF,5631,0,0,picoseuropa,3,7,tmin
MedScrub,15123,0,0,picoseuropa,3,7,tmin
Reforestation,1269,0,0,picoseuropa,3,7,tmin
RipF,953,0,0,picoseuropa,3,7,tmin
RockScreeVeg,1135,0,0,picoseuropa,3,7,tmin
SMedMarF,8558,0,0,picoseuropa,3,7,tmin
Shrub,1599,0,0,picoseuropa,3,7,tmin
TempDecF,256697,0,0,picoseuropa,3,7,tmin
WaterSurf,774,0,0,picoseuropa,3,7,tmin
AlpScrGr,504321,0,0,picoseuropa,3,8,tmin
ArtSurf,2548,0,0,picoseuropa,3,8,tmin
AtlScrub,36969,0,0,picoseuropa,3,8,tmin
Crop,230,0,0,picoseuropa,3,8,tmin
Dehesa,71,0,0,picoseuropa,3,8,tmin
Grass,144733,0,0,picoseuropa,3,8,tmin
HydroRipVeg,815,0,0,picoseuropa,3,8,tmin
MedSclF,5631,0,0,picoseuropa,3,8,tmin
MedScrub,15121,0,0,picoseuropa,3,8,tmin
Reforestation,1269,0,0,picoseuropa,3,8,tmin
RipF,953,0,0,picoseuropa,3,8,tmin
RockScreeVeg,1135,0,0,picoseuropa,3,8,tmin
SMedMarF,8558,0,0,picoseuropa,3,8,tmin
Shrub,1599,0,0,picoseuropa,3,8,tmin
TempDecF,256675,0,0,picoseuropa,3,8,tmin
WaterSurf,771,0,0,picoseuropa,3,8,tmin
AlpScrGr,522100,0,0,picoseuropa,3,9,tmin
ArtSurf,2727,0,0,picoseuropa,3,9,tmin
AtlScrub,36964,0,0,picoseuropa,3,9,tmin
Crop,230,0,0,picoseuropa,3,9,tmin
Dehesa,71,0,0,picoseuropa,3,9,tmin
Grass,144813,0,0,picoseuropa,3,9,tmin
HydroRipVeg,811,0,0,picoseuropa,3,9,tmin
MedSclF,5617,0,0,picoseuropa,3,9,tmin
MedScrub,15119,0,0,picoseuropa,3,9,tmin
Reforestation,1269,0,0,picoseuropa,3,9,tmin
RipF,953,0,0,picoseuropa,3,9,tmin
RockScreeVeg,1135,0,0,picoseuropa,3,9,tmin
SMedMarF,8558,0,0,picoseuropa,3,9,tmin
Shrub,1599,0,0,picoseuropa,3,9,tmin
TempDecF,256510,0,0,picoseuropa,3,9,tmin
WaterSurf,761,0,0,picoseuropa,3,9,tmin
AlpScrGr,503669,0,0,picoseuropa,3,10,tmin
ArtSurf,2512,0,0,picoseuropa,3,10,tmin
AtlScrub,36927,0,0,picoseuropa,3,10,tmin
Crop,230,0,0,picoseuropa,3,10,tmin
Dehesa,71,0,0,picoseuropa,3,10,tmin
Grass,144539,0,0,picoseuropa,3,10,tmin
HydroRipVeg,811,0,0,picoseuropa,3,10,tmin
MedSclF,5580,0,0,picoseuropa,3,10,tmin
MedScrub,15115,0,0,picoseuropa,3,10,tmin
Reforestation,1269,0,0,picoseuropa,3,10,tmin
RipF,953,0,0,picoseuropa,3,10,tmin
RockScreeVeg,1135,0,0,picoseuropa,3,10,tmin
SMedMarF,8558,0,0,picoseuropa,3,10,tmin
Shrub,1599,0,0,picoseuropa,3,10,tmin
TempDecF,256336,0,0,picoseuropa,3,10,tmin
WaterSurf,752,0,0,picoseuropa,3,10,tmin
AlpScrGr,486719,0,0,picoseuropa,3,11,tmin
ArtSurf,2510,0,0,picoseuropa,3,11,tmin
AtlScrub,36869,0,0,picoseuropa,3,11,tmin
Crop,230,0,0,picoseuropa,3,11,tmin
Dehesa,71,0,0,picoseuropa,3,11,tmin
Grass,144253,0,0,picoseuropa,3,11,tmin
HydroRipVeg,811,0,0,picoseuropa,3,11,tmin
MedSclF,5373,0,0,picoseuropa,3,11,tmin
MedScrub,15082,0,0,picoseuropa,3,11,tmin
Reforestation,1269,0,0,picoseuropa,3,11,tmin
RipF,953,0,0,picoseuropa,3,11,tmin
RockScreeVeg,1132,0,0,picoseuropa,3,11,tmin
SMedMarF,8555,0,0,picoseuropa,3,11,tmin
Shrub,1598,0,0,picoseuropa,3,11,tmin
TempDecF,255911,0,0,picoseuropa,3,11,tmin
WaterSurf,745,0,0,picoseuropa,3,11,tmin
AlpScrGr,482406,0,0,picoseuropa,3,12,tmin
ArtSurf,2498,0,0,picoseuropa,3,12,tmin
AtlScrub,36212,0,0,picoseuropa,3,12,tmin
Crop,230,0,0,picoseuropa,3,12,tmin
Dehesa,57,0,0,picoseuropa,3,12,tmin
Grass,142707,0,0,picoseuropa,3,12,tmin
HydroRipVeg,802,0,0,picoseuropa,3,12,tmin
MedSclF,4578,0,0,picoseuropa,3,12,tmin
MedScrub,14918,0,0,picoseuropa,3,12,tmin
Reforestation,1266,0,0,picoseuropa,3,12,tmin
RipF,953,0,0,picoseuropa,3,12,tmin
RockScreeVeg,1099,0,0,picoseuropa,3,12,tmin
SMedMarF,8419,0,0,picoseuropa,3,12,tmin
Shrub,1532,0,0,picoseuropa,3,12,tmin
TempDecF,252908,0,0,picoseuropa,3,12,tmin
WaterSurf,708,0,0,picoseuropa,3,12,tmin
AlpScrGr,483629,0,0,picoseuropa,6,1,tmin
ArtSurf,2496,0,0,picoseuropa,6,1,tmin
AtlScrub,36465,0,0,picoseuropa,6,1,tmin
Crop,230,0,0,picoseuropa,6,1,tmin
Dehesa,60,0,0,picoseuropa,6,1,tmin
Grass,143161,0,0,picoseuropa,6,1,tmin
HydroRipVeg,808,0,0,picoseuropa,6,1,tmin
MedSclF,4576,0,0,picoseuropa,6,1,tmin
MedScrub,14993,0,0,picoseuropa,6,1,tmin
Reforestation,1264,0,0,picoseuropa,6,1,tmin
RipF,952,0,0,picoseuropa,6,1,tmin
RockScreeVeg,1117,0,0,picoseuropa,6,1,tmin
SMedMarF,8457,0,0,picoseuropa,6,1,tmin
Shrub,1579,0,0,picoseuropa,6,1,tmin
TempDecF,253477,0,0,picoseuropa,6,1,tmin
WaterSurf,715,0,0,picoseuropa,6,1,tmin
AlpScrGr,487132,0,0,picoseuropa,6,2,tmin
ArtSurf,2509,0,0,picoseuropa,6,2,tmin
AtlScrub,36902,0,0,picoseuropa,6,2,tmin
Crop,230,0,0,picoseuropa,6,2,tmin
Dehesa,71,0,0,picoseuropa,6,2,tmin
Grass,144344,0,0,picoseuropa,6,2,tmin
HydroRipVeg,811,0,0,picoseuropa,6,2,tmin
MedSclF,5374,0,0,picoseuropa,6,2,tmin
MedScrub,15105,0,0,picoseuropa,6,2,tmin
Reforestation,1269,0,0,picoseuropa,6,2,tmin
RipF,953,0,0,picoseuropa,6,2,tmin
RockScreeVeg,1134,0,0,picoseuropa,6,2,tmin
SMedMarF,8552,0,0,picoseuropa,6,2,tmin
Shrub,1597,0,0,picoseuropa,6,2,tmin
TempDecF,256029,0,0,picoseuropa,6,2,tmin
WaterSurf,737,0,0,picoseuropa,6,2,tmin
AlpScrGr,487768,0,0,picoseuropa,6,3,tmin
ArtSurf,2510,0,0,picoseuropa,6,3,tmin
AtlScrub,36927,0,0,picoseuropa,6,3,tmin
Crop,230,0,0,picoseuropa,6,3,tmin
Dehesa,71,0,0,picoseuropa,6,3,tmin
Grass,144481,0,0,picoseuropa,6,3,tmin
HydroRipVeg,811,0,0,picoseuropa,6,3,tmin
MedSclF,5590,0,0,picoseuropa,6,3,tmin
MedScrub,15115,0,0,picoseuropa,6,3,tmin
Reforestation,1269,0,0,picoseuropa,6,3,tmin
RipF,953,0,0,picoseuropa,6,3,tmin
RockScreeVeg,1135,0,0,picoseuropa,6,3,tmin
SMedMarF,8558,0,0,picoseuropa,6,3,tmin
Shrub,1599,0,0,picoseuropa,6,3,tmin
TempDecF,256357,0,0,picoseuropa,6,3,tmin
WaterSurf,760,0,0,picoseuropa,6,3,tmin
AlpScrGr,487876,0,0,picoseuropa,6,4,tmin
ArtSurf,2511,0,0,picoseuropa,6,4,tmin
AtlScrub,36929,0,0,picoseuropa,6,4,tmin
Crop,230,0,0,picoseuropa,6,4,tmin
Dehesa,71,0,0,picoseuropa,6,4,tmin
Grass,144505,0,0,picoseuropa,6,4,tmin
HydroRipVeg,811,0,0,picoseuropa,6,4,tmin
MedSclF,5591,0,0,picoseuropa,6,4,tmin
MedScrub,15118,0,0,picoseuropa,6,4,tmin
Reforestation,1269,0,0,picoseuropa,6,4,tmin
RipF,953,0,0,picoseuropa,6,4,tmin
RockScreeVeg,1135,0,0,picoseuropa,6,4,tmin
SMedMarF,8558,0,0,picoseuropa,6,4,tmin
Shrub,1599,0,0,picoseuropa,6,4,tmin
TempDecF,256516,0,0,picoseuropa,6,4,tmin
WaterSurf,763,0,0,picoseuropa,6,4,tmin
AlpScrGr,487848,0,0,picoseuropa,6,5,tmin
ArtSurf,2511,0,0,picoseuropa,6,5,tmin
AtlScrub,36969,0,0,picoseuropa,6,5,tmin
Crop,230,0,0,picoseuropa,6,5,tmin
Dehesa,71,0,0,picoseuropa,6,5,tmin
Grass,144570,0,0,picoseuropa,6,5,tmin
HydroRipVeg,815,0,0,picoseuropa,6,5,tmin
MedSclF,5631,0,0,picoseuropa,6,5,tmin
MedScrub,15123,0,0,picoseuropa,6,5,tmin
Reforestation,1269,0,0,picoseuropa,6,5,tmin
RipF,953,0,0,picoseuropa,6,5,tmin
RockScreeVeg,1135,0,0,picoseuropa,6,5,tmin
SMedMarF,8558,0,0,picoseuropa,6,5,tmin
Shrub,1599,0,0,picoseuropa,6,5,tmin
TempDecF,256687,0,0,picoseuropa,6,5,tmin
WaterSurf,773,0,0,picoseuropa,6,5,tmin
AlpScrGr,487273,0,0,picoseuropa,6,6,tmin
ArtSurf,2511,0,0,picoseuropa,6,6,tmin
AtlScrub,36969,0,0,picoseuropa,6,6,tmin
Crop,230,0,0,picoseuropa,6,6,tmin
Dehesa,71,0,0,picoseuropa,6,6,tmin
Grass,144593,0,0,picoseuropa,6,6,tmin
HydroRipVeg,815,0,0,picoseuropa,6,6,tmin
MedSclF,5631,0,0,picoseuropa,6,6,tmin
MedScrub,15123,0,0,picoseuropa,6,6,tmin
Reforestation,1269,0,0,picoseuropa,6,6,tmin
RipF,953,0,0,picoseuropa,6,6,tmin
RockScreeVeg,1135,0,0,picoseuropa,6,6,tmin
SMedMarF,8558,0,0,picoseuropa,6,6,tmin
Shrub,1599,0,0,picoseuropa,6,6,tmin
TempDecF,256695,0,0,picoseuropa,6,6,tmin
WaterSurf,774,0,0,picoseuropa,6,6,tmin
AlpScrGr,497696,0,0,picoseuropa,6,7,tmin
ArtSurf,2619,0,0,picoseuropa,6,7,tmin
AtlScrub,36969,0,0,picoseuropa,6,7,tmin
Crop,230,0,0,picoseuropa,6,7,tmin
Dehesa,71,0,0,picoseuropa,6,7,tmin
Grass,144792,0,0,picoseuropa,6,7,tmin
HydroRipVeg,815,0,0,picoseuropa,6,7,tmin
MedSclF,5631,0,0,picoseuropa,6,7,tmin
MedScrub,15123,0,0,picoseuropa,6,7,tmin
Reforestation,1269,0,0,picoseuropa,6,7,tmin
RipF,953,0,0,picoseuropa,6,7,tmin
RockScreeVeg,1135,0,0,picoseuropa,6,7,tmin
SMedMarF,8558,0,0,picoseuropa,6,7,tmin
Shrub,1599,0,0,picoseuropa,6,7,tmin
TempDecF,256697,0,0,picoseuropa,6,7,tmin
WaterSurf,774,0,0,picoseuropa,6,7,tmin
AlpScrGr,504321,0,0,picoseuropa,6,8,tmin
ArtSurf,2548,0,0,picoseuropa,6,8,tmin
AtlScrub,36969,0,0,picoseuropa,6,8,tmin
Crop,230,0,0,picoseuropa,6,8,tmin
Dehesa,71,0,0,picoseuropa,6,8,tmin
Grass,144733,0,0,picoseuropa,6,8,tmin
HydroRipVeg,815,0,0,picoseuropa,6,8,tmin
MedSclF,5631,0,0,picoseuropa,6,8,tmin
MedScrub,15121,0,0,picoseuropa,6,8,tmin
Reforestation,1269,0,0,picoseuropa,6,8,tmin
RipF,953,0,0,picoseuropa,6,8,tmin
RockScreeVeg,1135,0,0,picoseuropa,6,8,tmin
SMedMarF,8558,0,0,picoseuropa,6,8,tmin
Shrub,1599,0,0,picoseuropa,6,8,tmin
TempDecF,256675,0,0,picoseuropa,6,8,tmin
WaterSurf,771,0,0,picoseuropa,6,8,tmin
AlpScrGr,522100,0,0,picoseuropa,6,9,tmin
ArtSurf,2727,0,0,picoseuropa,6,9,tmin
AtlScrub,36964,0,0,picoseuropa,6,9,tmin
Crop,230,0,0,picoseuropa,6,9,tmin
Dehesa,71,0,0,picoseuropa,6,9,tmin
Grass,144813,0,0,picoseuropa,6,9,tmin
HydroRipVeg,811,0,0,picoseuropa,6,9,tmin
MedSclF,5617,0,0,picoseuropa,6,9,tmin
MedScrub,15119,0,0,picoseuropa,6,9,tmin
Reforestation,1269,0,0,picoseuropa,6,9,tmin
RipF,953,0,0,picoseuropa,6,9,tmin
RockScreeVeg,1135,0,0,picoseuropa,6,9,tmin
SMedMarF,8558,0,0,picoseuropa,6,9,tmin
Shrub,1599,0,0,picoseuropa,6,9,tmin
TempDecF,256510,0,0,picoseuropa,6,9,tmin
WaterSurf,761,0,0,picoseuropa,6,9,tmin
AlpScrGr,503669,0,0,picoseuropa,6,10,tmin
ArtSurf,2512,0,0,picoseuropa,6,10,tmin
AtlScrub,36927,0,0,picoseuropa,6,10,tmin
Crop,230,0,0,picoseuropa,6,10,tmin
Dehesa,71,0,0,picoseuropa,6,10,tmin
Grass,144539,0,0,picoseuropa,6,10,tmin
HydroRipVeg,811,0,0,picoseuropa,6,10,tmin
MedSclF,5580,0,0,picoseuropa,6,10,tmin
MedScrub,15115,0,0,picoseuropa,6,10,tmin
Reforestation,1269,0,0,picoseuropa,6,10,tmin
RipF,953,0,0,picoseuropa,6,10,tmin
RockScreeVeg,1135,0,0,picoseuropa,6,10,tmin
SMedMarF,8558,0,0,picoseuropa,6,10,tmin
Shrub,1599,0,0,picoseuropa,6,10,tmin
TempDecF,256336,0,0,picoseuropa,6,10,tmin
WaterSurf,752,0,0,picoseuropa,6,10,tmin
AlpScrGr,486719,0,0,picoseuropa,6,11,tmin
ArtSurf,2510,0,0,picoseuropa,6,11,tmin
AtlScrub,36869,0,0,picoseuropa,6,11,tmin
Crop,230,0,0,picoseuropa,6,11,tmin
Dehesa,71,0,0,picoseuropa,6,11,tmin
Grass,144253,0,0,picoseuropa,6,11,tmin
HydroRipVeg,811,0,0,picoseuropa,6,11,tmin
MedSclF,5373,0,0,picoseuropa,6,11,tmin
MedScrub,15082,0,0,picoseuropa,6,11,tmin
Reforestation,1269,0,0,picoseuropa,6,11,tmin
RipF,953,0,0,picoseuropa,6,11,tmin
RockScreeVeg,1132,0,0,picoseuropa,6,11,tmin
SMedMarF,8555,0,0,picoseuropa,6,11,tmin
Shrub,1598,0,0,picoseuropa,6,11,tmin
TempDecF,255911,0,0,picoseuropa,6,11,tmin
WaterSurf,745,0,0,picoseuropa,6,11,tmin
AlpScrGr,482406,0,0,picoseuropa,6,12,tmin
ArtSurf,2498,0,0,picoseuropa,6,12,tmin
AtlScrub,36212,0,0,picoseuropa,6,12,tmin
Crop,230,0,0,picoseuropa,6,12,tmin
Dehesa,57,0,0,picoseuropa,6,12,tmin
Grass,142707,0,0,picoseuropa,6,12,tmin
HydroRipVeg,802,0,0,picoseuropa,6,12,tmin
MedSclF,4578,0,0,picoseuropa,6,12,tmin
MedScrub,14918,0,0,picoseuropa,6,12,tmin
Reforestation,1266,0,0,picoseuropa,6,12,tmin
RipF,953,0,0,picoseuropa,6,12,tmin
RockScreeVeg,1099,0,0,picoseuropa,6,12,tmin
SMedMarF,8419,0,0,picoseuropa,6,12,tmin
Shrub,1532,0,0,picoseuropa,6,12,tmin
TempDecF,252908,0,0,picoseuropa,6,12,tmin
WaterSurf,708,0,0,picoseuropa,6,12,tmin
AlpScrGr,483629,0,0,picoseuropa,9,1,tmin
ArtSurf,2496,0,0,picoseuropa,9,1,tmin
AtlScrub,36465,0,0,picoseuropa,9,1,tmin
Crop,230,0,0,picoseuropa,9,1,tmin
Dehesa,60,0,0,picoseuropa,9,1,tmin
Grass,143161,0,0,picoseuropa,9,1,tmin
HydroRipVeg,808,0,0,picoseuropa,9,1,tmin
MedSclF,4576,0,0,picoseuropa,9,1,tmin
MedScrub,14993,0,0,picoseuropa,9,1,tmin
Reforestation,1264,0,0,picoseuropa,9,1,tmin
RipF,952,0,0,picoseuropa,9,1,tmin
RockScreeVeg,1117,0,0,picoseuropa,9,1,tmin
SMedMarF,8457,0,0,picoseuropa,9,1,tmin
Shrub,1579,0,0,picoseuropa,9,1,tmin
TempDecF,253477,0,0,picoseuropa,9,1,tmin
WaterSurf,715,0,0,picoseuropa,9,1,tmin
AlpScrGr,487132,0,0,picoseuropa,9,2,tmin
ArtSurf,2509,0,0,picoseuropa,9,2,tmin
AtlScrub,36902,0,0,picoseuropa,9,2,tmin
Crop,230,0,0,picoseuropa,9,2,tmin
Dehesa,71,0,0,picoseuropa,9,2,tmin
Grass,144344,0,0,picoseuropa,9,2,tmin
HydroRipVeg,811,0,0,picoseuropa,9,2,tmin
MedSclF,5374,0,0,picoseuropa,9,2,tmin
MedScrub,15105,0,0,picoseuropa,9,2,tmin
Reforestation,1269,0,0,picoseuropa,9,2,tmin
RipF,953,0,0,picoseuropa,9,2,tmin
RockScreeVeg,1134,0,0,picoseuropa,9,2,tmin
SMedMarF,8552,0,0,picoseuropa,9,2,tmin
Shrub,1597,0,0,picoseuropa,9,2,tmin
TempDecF,256029,0,0,picoseuropa,9,2,tmin
WaterSurf,737,0,0,picoseuropa,9,2,tmin
AlpScrGr,487768,0,0,picoseuropa,9,3,tmin
ArtSurf,2510,0,0,picoseuropa,9,3,tmin
AtlScrub,36927,0,0,picoseuropa,9,3,tmin
Crop,230,0,0,picoseuropa,9,3,tmin
Dehesa,71,0,0,picoseuropa,9,3,tmin
Grass,144481,0,0,picoseuropa,9,3,tmin
HydroRipVeg,811,0,0,picoseuropa,9,3,tmin
MedSclF,5590,0,0,picoseuropa,9,3,tmin
MedScrub,15115,0,0,picoseuropa,9,3,tmin
Reforestation,1269,0,0,picoseuropa,9,3,tmin
RipF,953,0,0,picoseuropa,9,3,tmin
RockScreeVeg,1135,0,0,picoseuropa,9,3,tmin
SMedMarF,8558,0,0,picoseuropa,9,3,tmin
Shrub,1599,0,0,picoseuropa,9,3,tmin
TempDecF,256357,0,0,picoseuropa,9,3,tmin
WaterSurf,760,0,0,picoseuropa,9,3,tmin
AlpScrGr,487876,0,0,picoseuropa,9,4,tmin
ArtSurf,2511,0,0,picoseuropa,9,4,tmin
AtlScrub,36929,0,0,picoseuropa,9,4,tmin
Crop,230,0,0,picoseuropa,9,4,tmin
Dehesa,71,0,0,picoseuropa,9,4,tmin
Grass,144505,0,0,picoseuropa,9,4,tmin
HydroRipVeg,811,0,0,picoseuropa,9,4,tmin
MedSclF,5591,0,0,picoseuropa,9,4,tmin
MedScrub,15118,0,0,picoseuropa,9,4,tmin
Reforestation,1269,0,0,picoseuropa,9,4,tmin
RipF,953,0,0,picoseuropa,9,4,tmin
RockScreeVeg,1135,0,0,picoseuropa,9,4,tmin
SMedMarF,8558,0,0,picoseuropa,9,4,tmin
Shrub,1599,0,0,picoseuropa,9,4,tmin
TempDecF,256516,0,0,picoseuropa,9,4,tmin
WaterSurf,763,0,0,picoseuropa,9,4,tmin
AlpScrGr,487848,0,0,picoseuropa,9,5,tmin
ArtSurf,2511,0,0,picoseuropa,9,5,tmin
AtlScrub,36969,0,0,picoseuropa,9,5,tmin
Crop,230,0,0,picoseuropa,9,5,tmin
Dehesa,71,0,0,picoseuropa,9,5,tmin
Grass,144570,0,0,picoseuropa,9,5,tmin
HydroRipVeg,815,0,0,picoseuropa,9,5,tmin
MedSclF,5631,0,0,picoseuropa,9,5,tmin
MedScrub,15123,0,0,picoseuropa,9,5,tmin
Reforestation,1269,0,0,picoseuropa,9,5,tmin
RipF,953,0,0,picoseuropa,9,5,tmin
RockScreeVeg,1135,0,0,picoseuropa,9,5,tmin
SMedMarF,8558,0,0,picoseuropa,9,5,tmin
Shrub,1599,0,0,picoseuropa,9,5,tmin
TempDecF,256687,0,0,picoseuropa,9,5,tmin
WaterSurf,773,0,0,picoseuropa,9,5,tmin
AlpScrGr,487273,0,0,picoseuropa,9,6,tmin
ArtSurf,2511,0,0,picoseuropa,9,6,tmin
AtlScrub,36969,0,0,picoseuropa,9,6,tmin
Crop,230,0,0,picoseuropa,9,6,tmin
Dehesa,71,0,0,picoseuropa,9,6,tmin
Grass,144593,0,0,picoseuropa,9,6,tmin
HydroRipVeg,815,0,0,picoseuropa,9,6,tmin
MedSclF,5631,0,0,picoseuropa,9,6,tmin
MedScrub,15123,0,0,picoseuropa,9,6,tmin
Reforestation,1269,0,0,picoseuropa,9,6,tmin
RipF,953,0,0,picoseuropa,9,6,tmin
RockScreeVeg,1135,0,0,picoseuropa,9,6,tmin
SMedMarF,8558,0,0,picoseuropa,9,6,tmin
Shrub,1599,0,0,picoseuropa,9,6,tmin
TempDecF,256695,0,0,picoseuropa,9,6,tmin
WaterSurf,774,0,0,picoseuropa,9,6,tmin
AlpScrGr,497696,0,0,picoseuropa,9,7,tmin
ArtSurf,2619,0,0,picoseuropa,9,7,tmin
AtlScrub,36969,0,0,picoseuropa,9,7,tmin
Crop,230,0,0,picoseuropa,9,7,tmin
Dehesa,71,0,0,picoseuropa,9,7,tmin
Grass,144792,0,0,picoseuropa,9,7,tmin
HydroRipVeg,815,0,0,picoseuropa,9,7,tmin
MedSclF,5631,0,0,picoseuropa,9,7,tmin
MedScrub,15123,0,0,picoseuropa,9,7,tmin
Reforestation,1269,0,0,picoseuropa,9,7,tmin
RipF,953,0,0,picoseuropa,9,7,tmin
RockScreeVeg,1135,0,0,picoseuropa,9,7,tmin
SMedMarF,8558,0,0,picoseuropa,9,7,tmin
Shrub,1599,0,0,picoseuropa,9,7,tmin
TempDecF,256697,0,0,picoseuropa,9,7,tmin
WaterSurf,774,0,0,picoseuropa,9,7,tmin
AlpScrGr,504321,0,0,picoseuropa,9,8,tmin
ArtSurf,2548,0,0,picoseuropa,9,8,tmin
AtlScrub,36969,0,0,picoseuropa,9,8,tmin
Crop,230,0,0,picoseuropa,9,8,tmin
Dehesa,71,0,0,picoseuropa,9,8,tmin
Grass,144733,0,0,picoseuropa,9,8,tmin
HydroRipVeg,815,0,0,picoseuropa,9,8,tmin
MedSclF,5631,0,0,picoseuropa,9,8,tmin
MedScrub,15121,0,0,picoseuropa,9,8,tmin
Reforestation,1269,0,0,picoseuropa,9,8,tmin
RipF,953,0,0,picoseuropa,9,8,tmin
RockScreeVeg,1135,0,0,picoseuropa,9,8,tmin
SMedMarF,8558,0,0,picoseuropa,9,8,tmin
Shrub,1599,0,0,picoseuropa,9,8,tmin
TempDecF,256675,0,0,picoseuropa,9,8,tmin
WaterSurf,771,0,0,picoseuropa,9,8,tmin
AlpScrGr,522100,0,0,picoseuropa,9,9,tmin
ArtSurf,2727,0,0,picoseuropa,9,9,tmin
AtlScrub,36964,0,0,picoseuropa,9,9,tmin
Crop,230,0,0,picoseuropa,9,9,tmin
Dehesa,71,0,0,picoseuropa,9,9,tmin
Grass,144813,0,0,picoseuropa,9,9,tmin
HydroRipVeg,811,0,0,picoseuropa,9,9,tmin
MedSclF,5617,0,0,picoseuropa,9,9,tmin
MedScrub,15119,0,0,picoseuropa,9,9,tmin
Reforestation,1269,0,0,picoseuropa,9,9,tmin
RipF,953,0,0,picoseuropa,9,9,tmin
RockScreeVeg,1135,0,0,picoseuropa,9,9,tmin
SMedMarF,8558,0,0,picoseuropa,9,9,tmin
Shrub,1599,0,0,picoseuropa,9,9,tmin
TempDecF,256510,0,0,picoseuropa,9,9,tmin
WaterSurf,761,0,0,picoseuropa,9,9,tmin
AlpScrGr,503669,0,0,picoseuropa,9,10,tmin
ArtSurf,2512,0,0,picoseuropa,9,10,tmin
AtlScrub,36927,0,0,picoseuropa,9,10,tmin
Crop,230,0,0,picoseuropa,9,10,tmin
Dehesa,71,0,0,picoseuropa,9,10,tmin
Grass,144539,0,0,picoseuropa,9,10,tmin
HydroRipVeg,811,0,0,picoseuropa,9,10,tmin
MedSclF,5580,0,0,picoseuropa,9,10,tmin
MedScrub,15115,0,0,picoseuropa,9,10,tmin
Reforestation,1269,0,0,picoseuropa,9,10,tmin
RipF,953,0,0,picoseuropa,9,10,tmin
RockScreeVeg,1135,0,0,picoseuropa,9,10,tmin
SMedMarF,8558,0,0,picoseuropa,9,10,tmin
Shrub,1599,0,0,picoseuropa,9,10,tmin
TempDecF,256336,0,0,picoseuropa,9,10,tmin
WaterSurf,752,0,0,picoseuropa,9,10,tmin
AlpScrGr,486719,0,0,picoseuropa,9,11,tmin
ArtSurf,2510,0,0,picoseuropa,9,11,tmin
AtlScrub,36869,0,0,picoseuropa,9,11,tmin
Crop,230,0,0,picoseuropa,9,11,tmin
Dehesa,71,0,0,picoseuropa,9,11,tmin
Grass,144253,0,0,picoseuropa,9,11,tmin
HydroRipVeg,811,0,0,picoseuropa,9,11,tmin
MedSclF,5373,0,0,picoseuropa,9,11,tmin
MedScrub,15082,0,0,picoseuropa,9,11,tmin
Reforestation,1269,0,0,picoseuropa,9,11,tmin
RipF,953,0,0,picoseuropa,9,11,tmin
RockScreeVeg,1132,0,0,picoseuropa,9,11,tmin
SMedMarF,8555,0,0,picoseuropa,9,11,tmin
Shrub,1598,0,0,picoseuropa,9,11,tmin
TempDecF,255911,0,0,picoseuropa,9,11,tmin
WaterSurf,745,0,0,picoseuropa,9,11,tmin
AlpScrGr,482406,0,0,picoseuropa,9,12,tmin
ArtSurf,2498,0,0,picoseuropa,9,12,tmin
AtlScrub,36212,0,0,picoseuropa,9,12,tmin
Crop,230,0,0,picoseuropa,9,12,tmin
Dehesa,57,0,0,picoseuropa,9,12,tmin
Grass,142707,0,0,picoseuropa,9,12,tmin
HydroRipVeg,802,0,0,picoseuropa,9,12,tmin
MedSclF,4578,0,0,picoseuropa,9,12,tmin
MedScrub,14918,0,0,picoseuropa,9,12,tmin
Reforestation,1266,0,0,picoseuropa,9,12,tmin
RipF,953,0,0,picoseuropa,9,12,tmin
RockScreeVeg,1099,0,0,picoseuropa,9,12,tmin
SMedMarF,8419,0,0,picoseuropa,9,12,tmin
Shrub,1532,0,0,picoseuropa,9,12,tmin
TempDecF,252908,0,0,picoseuropa,9,12,tmin
WaterSurf,708,0,0,picoseuropa,9,12,tmin
AlpScrGr,483629,0,0,picoseuropa,12,1,tmin
ArtSurf,2496,0,0,picoseuropa,12,1,tmin
AtlScrub,36465,0,0,picoseuropa,12,1,tmin
Crop,230,0,0,picoseuropa,12,1,tmin
Dehesa,60,0,0,picoseuropa,12,1,tmin
Grass,143161,0,0,picoseuropa,12,1,tmin
HydroRipVeg,808,0,0,picoseuropa,12,1,tmin
MedSclF,4576,0,0,picoseuropa,12,1,tmin
MedScrub,14993,0,0,picoseuropa,12,1,tmin
Reforestation,1264,0,0,picoseuropa,12,1,tmin
RipF,952,0,0,picoseuropa,12,1,tmin
RockScreeVeg,1117,0,0,picoseuropa,12,1,tmin
SMedMarF,8457,0,0,picoseuropa,12,1,tmin
Shrub,1579,0,0,picoseuropa,12,1,tmin
TempDecF,253477,0,0,picoseuropa,12,1,tmin
WaterSurf,715,0,0,picoseuropa,12,1,tmin
AlpScrGr,487132,0,0,picoseuropa,12,2,tmin
ArtSurf,2509,0,0,picoseuropa,12,2,tmin
AtlScrub,36902,0,0,picoseuropa,12,2,tmin
Crop,230,0,0,picoseuropa,12,2,tmin
Dehesa,71,0,0,picoseuropa,12,2,tmin
Grass,144344,0,0,picoseuropa,12,2,tmin
HydroRipVeg,811,0,0,picoseuropa,12,2,tmin
MedSclF,5374,0,0,picoseuropa,12,2,tmin
MedScrub,15105,0,0,picoseuropa,12,2,tmin
Reforestation,1269,0,0,picoseuropa,12,2,tmin
RipF,953,0,0,picoseuropa,12,2,tmin
RockScreeVeg,1134,0,0,picoseuropa,12,2,tmin
SMedMarF,8552,0,0,picoseuropa,12,2,tmin
Shrub,1597,0,0,picoseuropa,12,2,tmin
TempDecF,256029,0,0,picoseuropa,12,2,tmin
WaterSurf,737,0,0,picoseuropa,12,2,tmin
AlpScrGr,487768,0,0,picoseuropa,12,3,tmin
ArtSurf,2510,0,0,picoseuropa,12,3,tmin
AtlScrub,36927,0,0,picoseuropa,12,3,tmin
Crop,230,0,0,picoseuropa,12,3,tmin
Dehesa,71,0,0,picoseuropa,12,3,tmin
Grass,144481,0,0,picoseuropa,12,3,tmin
HydroRipVeg,811,0,0,picoseuropa,12,3,tmin
MedSclF,5590,0,0,picoseuropa,12,3,tmin
MedScrub,15115,0,0,picoseuropa,12,3,tmin
Reforestation,1269,0,0,picoseuropa,12,3,tmin
RipF,953,0,0,picoseuropa,12,3,tmin
RockScreeVeg,1135,0,0,picoseuropa,12,3,tmin
SMedMarF,8558,0,0,picoseuropa,12,3,tmin
Shrub,1599,0,0,picoseuropa,12,3,tmin
TempDecF,256357,0,0,picoseuropa,12,3,tmin
WaterSurf,760,0,0,picoseuropa,12,3,tmin
AlpScrGr,487876,0,0,picoseuropa,12,4,tmin
ArtSurf,2511,0,0,picoseuropa,12,4,tmin
AtlScrub,36929,0,0,picoseuropa,12,4,tmin
Crop,230,0,0,picoseuropa,12,4,tmin
Dehesa,71,0,0,picoseuropa,12,4,tmin
Grass,144505,0,0,picoseuropa,12,4,tmin
HydroRipVeg,811,0,0,picoseuropa,12,4,tmin
MedSclF,5591,0,0,picoseuropa,12,4,tmin
MedScrub,15118,0,0,picoseuropa,12,4,tmin
Reforestation,1269,0,0,picoseuropa,12,4,tmin
RipF,953,0,0,picoseuropa,12,4,tmin
RockScreeVeg,1135,0,0,picoseuropa,12,4,tmin
SMedMarF,8558,0,0,picoseuropa,12,4,tmin
Shrub,1599,0,0,picoseuropa,12,4,tmin
TempDecF,256516,0,0,picoseuropa,12,4,tmin
WaterSurf,763,0,0,picoseuropa,12,4,tmin
AlpScrGr,487848,0,0,picoseuropa,12,5,tmin
ArtSurf,2511,0,0,picoseuropa,12,5,tmin
AtlScrub,36969,0,0,picoseuropa,12,5,tmin
Crop,230,0,0,picoseuropa,12,5,tmin
Dehesa,71,0,0,picoseuropa,12,5,tmin
Grass,144570,0,0,picoseuropa,12,5,tmin
HydroRipVeg,815,0,0,picoseuropa,12,5,tmin
MedSclF,5631,0,0,picoseuropa,12,5,tmin
MedScrub,15123,0,0,picoseuropa,12,5,tmin
Reforestation,1269,0,0,picoseuropa,12,5,tmin
RipF,953,0,0,picoseuropa,12,5,tmin
RockScreeVeg,1135,0,0,picoseuropa,12,5,tmin
SMedMarF,8558,0,0,picoseuropa,12,5,tmin
Shrub,1599,0,0,picoseuropa,12,5,tmin
TempDecF,256687,0,0,picoseuropa,12,5,tmin
WaterSurf,773,0,0,picoseuropa,12,5,tmin
AlpScrGr,487273,0,0,picoseuropa,12,6,tmin
ArtSurf,2511,0,0,picoseuropa,12,6,tmin
AtlScrub,36969,0,0,picoseuropa,12,6,tmin
Crop,230,0,0,picoseuropa,12,6,tmin
Dehesa,71,0,0,picoseuropa,12,6,tmin
Grass,144593,0,0,picoseuropa,12,6,tmin
HydroRipVeg,815,0,0,picoseuropa,12,6,tmin
MedSclF,5631,0,0,picoseuropa,12,6,tmin
MedScrub,15123,0,0,picoseuropa,12,6,tmin
Reforestation,1269,0,0,picoseuropa,12,6,tmin
RipF,953,0,0,picoseuropa,12,6,tmin
RockScreeVeg,1135,0,0,picoseuropa,12,6,tmin
SMedMarF,8558,0,0,picoseuropa,12,6,tmin
Shrub,1599,0,0,picoseuropa,12,6,tmin
TempDecF,256695,0,0,picoseuropa,12,6,tmin
WaterSurf,774,0,0,picoseuropa,12,6,tmin
AlpScrGr,497696,0,0,picoseuropa,12,7,tmin
ArtSurf,2619,0,0,picoseuropa,12,7,tmin
AtlScrub,36969,0,0,picoseuropa,12,7,tmin
Crop,230,0,0,picoseuropa,12,7,tmin
Dehesa,71,0,0,picoseuropa,12,7,tmin
Grass,144792,0,0,picoseuropa,12,7,tmin
HydroRipVeg,815,0,0,picoseuropa,12,7,tmin
MedSclF,5631,0,0,picoseuropa,12,7,tmin
MedScrub,15123,0,0,picoseuropa,12,7,tmin
Reforestation,1269,0,0,picoseuropa,12,7,tmin
RipF,953,0,0,picoseuropa,12,7,tmin
RockScreeVeg,1135,0,0,picoseuropa,12,7,tmin
SMedMarF,8558,0,0,picoseuropa,12,7,tmin
Shrub,1599,0,0,picoseuropa,12,7,tmin
TempDecF,256697,0,0,picoseuropa,12,7,tmin
WaterSurf,774,0,0,picoseuropa,12,7,tmin
AlpScrGr,504321,0,0,picoseuropa,12,8,tmin
ArtSurf,2548,0,0,picoseuropa,12,8,tmin
AtlScrub,36969,0,0,picoseuropa,12,8,tmin
Crop,230,0,0,picoseuropa,12,8,tmin
Dehesa,71,0,0,picoseuropa,12,8,tmin
Grass,144733,0,0,picoseuropa,12,8,tmin
HydroRipVeg,815,0,0,picoseuropa,12,8,tmin
MedSclF,5631,0,0,picoseuropa,12,8,tmin
MedScrub,15121,0,0,picoseuropa,12,8,tmin
Reforestation,1269,0,0,picoseuropa,12,8,tmin
RipF,953,0,0,picoseuropa,12,8,tmin
RockScreeVeg,1135,0,0,picoseuropa,12,8,tmin
SMedMarF,8558,0,0,picoseuropa,12,8,tmin
Shrub,1599,0,0,picoseuropa,12,8,tmin
TempDecF,256675,0,0,picoseuropa,12,8,tmin
WaterSurf,771,0,0,picoseuropa,12,8,tmin
AlpScrGr,522100,0,0,picoseuropa,12,9,tmin
ArtSurf,2727,0,0,picoseuropa,12,9,tmin
AtlScrub,36964,0,0,picoseuropa,12,9,tmin
Crop,230,0,0,picoseuropa,12,9,tmin
Dehesa,71,0,0,picoseuropa,12,9,tmin
Grass,144813,0,0,picoseuropa,12,9,tmin
HydroRipVeg,811,0,0,picoseuropa,12,9,tmin
MedSclF,5617,0,0,picoseuropa,12,9,tmin
MedScrub,15119,0,0,picoseuropa,12,9,tmin
Reforestation,1269,0,0,picoseuropa,12,9,tmin
RipF,953,0,0,picoseuropa,12,9,tmin
RockScreeVeg,1135,0,0,picoseuropa,12,9,tmin
SMedMarF,8558,0,0,picoseuropa,12,9,tmin
Shrub,1599,0,0,picoseuropa,12,9,tmin
TempDecF,256510,0,0,picoseuropa,12,9,tmin
WaterSurf,761,0,0,picoseuropa,12,9,tmin
AlpScrGr,503669,0,0,picoseuropa,12,10,tmin
ArtSurf,2512,0,0,picoseuropa,12,10,tmin
AtlScrub,36927,0,0,picoseuropa,12,10,tmin
Crop,230,0,0,picoseuropa,12,10,tmin
Dehesa,71,0,0,picoseuropa,12,10,tmin
Grass,144539,0,0,picoseuropa,12,10,tmin
HydroRipVeg,811,0,0,picoseuropa,12,10,tmin
MedSclF,5580,0,0,picoseuropa,12,10,tmin
MedScrub,15115,0,0,picoseuropa,12,10,tmin
Reforestation,1269,0,0,picoseuropa,12,10,tmin
RipF,953,0,0,picoseuropa,12,10,tmin
RockScreeVeg,1135,0,0,picoseuropa,12,10,tmin
SMedMarF,8558,0,0,picoseuropa,12,10,tmin
Shrub,1599,0,0,picoseuropa,12,10,tmin
TempDecF,256336,0,0,picoseuropa,12,10,tmin
WaterSurf,752,0,0,picoseuropa,12,10,tmin
AlpScrGr,486719,0,0,picoseuropa,12,11,tmin
ArtSurf,2510,0,0,picoseuropa,12,11,tmin
AtlScrub,36869,0,0,picoseuropa,12,11,tmin
Crop,230,0,0,picoseuropa,12,11,tmin
Dehesa,71,0,0,picoseuropa,12,11,tmin
Grass,144253,0,0,picoseuropa,12,11,tmin
HydroRipVeg,811,0,0,picoseuropa,12,11,tmin
MedSclF,5373,0,0,picoseuropa,12,11,tmin
MedScrub,15082,0,0,picoseuropa,12,11,tmin
Reforestation,1269,0,0,picoseuropa,12,11,tmin
RipF,953,0,0,picoseuropa,12,11,tmin
RockScreeVeg,1132,0,0,picoseuropa,12,11,tmin
SMedMarF,8555,0,0,picoseuropa,12,11,tmin
Shrub,1598,0,0,picoseuropa,12,11,tmin
TempDecF,255911,0,0,picoseuropa,12,11,tmin
WaterSurf,745,0,0,picoseuropa,12,11,tmin
AlpScrGr,482406,0,0,picoseuropa,12,12,tmin
ArtSurf,2498,0,0,picoseuropa,12,12,tmin
AtlScrub,36212,0,0,picoseuropa,12,12,tmin
Crop,230,0,0,picoseuropa,12,12,tmin
Dehesa,57,0,0,picoseuropa,12,12,tmin
Grass,142707,0,0,picoseuropa,12,12,tmin
HydroRipVeg,802,0,0,picoseuropa,12,12,tmin
MedSclF,4578,0,0,picoseuropa,12,12,tmin
MedScrub,14918,0,0,picoseuropa,12,12,tmin
Reforestation,1266,0,0,picoseuropa,12,12,tmin
RipF,953,0,0,picoseuropa,12,12,tmin
RockScreeVeg,1099,0,0,picoseuropa,12,12,tmin
SMedMarF,8419,0,0,picoseuropa,12,12,tmin
Shrub,1532,0,0,picoseuropa,12,12,tmin
TempDecF,252908,0,0,picoseuropa,12,12,tmin
WaterSurf,708,0,0,picoseuropa,12,12,tmin
AlpConF,173794,0,0,sierranevada,1,1,tmin
AlpScrGr,631034,0,0,sierranevada,1,1,tmin
AridScr,766,0,0,sierranevada,1,1,tmin
ArtSurf,8799,0,0,sierranevada,1,1,tmin
BareArea,50,0,0,sierranevada,1,1,tmin
Crop,1432,0,0,sierranevada,1,1,tmin
Grass,77894,0,0,sierranevada,1,1,tmin
HaloVeg,90,0,0,sierranevada,1,1,tmin
HydroRipVeg,1442,0,0,sierranevada,1,1,tmin
MedConF,2985,0,0,sierranevada,1,1,tmin
MedSclF,38403,0,0,sierranevada,1,1,tmin
MedScrub,110649,0,0,sierranevada,1,1,tmin
Reforestation,29222,0,0,sierranevada,1,1,tmin
RipF,2926,0,0,sierranevada,1,1,tmin
RockScreeVeg,99111,0,0,sierranevada,1,1,tmin
SMedMarF,16274,0,0,sierranevada,1,1,tmin
Shrub,3805,0,0,sierranevada,1,1,tmin
WaterSurf,246,0,0,sierranevada,1,1,tmin
AlpConF,173794,12,0.01,sierranevada,1,2,tmin
AlpScrGr,631149,1684,0.27,sierranevada,1,2,tmin
AridScr,773,0,0,sierranevada,1,2,tmin
ArtSurf,8799,10,0.11,sierranevada,1,2,tmin
BareArea,50,0,0,sierranevada,1,2,tmin
Crop,1432,0,0,sierranevada,1,2,tmin
Grass,77900,153,0.2,sierranevada,1,2,tmin
HaloVeg,90,0,0,sierranevada,1,2,tmin
HydroRipVeg,1447,0,0,sierranevada,1,2,tmin
MedConF,2985,0,0,sierranevada,1,2,tmin
MedSclF,38437,61,0.16,sierranevada,1,2,tmin
MedScrub,110663,231,0.21,sierranevada,1,2,tmin
Reforestation,29226,2,0.01,sierranevada,1,2,tmin
RipF,2930,0,0,sierranevada,1,2,tmin
RockScreeVeg,99119,2107,2.13,sierranevada,1,2,tmin
SMedMarF,16274,0,0,sierranevada,1,2,tmin
Shrub,3805,0,0,sierranevada,1,2,tmin
WaterSurf,246,24,9.76,sierranevada,1,2,tmin
AlpConF,173796,0,0,sierranevada,1,3,tmin
AlpScrGr,631177,0,0,sierranevada,1,3,tmin
AridScr,774,0,0,sierranevada,1,3,tmin
ArtSurf,8799,0,0,sierranevada,1,3,tmin
BareArea,50,0,0,sierranevada,1,3,tmin
Crop,1432,0,0,sierranevada,1,3,tmin
Grass,77900,0,0,sierranevada,1,3,tmin
HaloVeg,90,0,0,sierranevada,1,3,tmin
HydroRipVeg,1448,0,0,sierranevada,1,3,tmin
MedConF,2985,0,0,sierranevada,1,3,tmin
MedSclF,38437,0,0,sierranevada,1,3,tmin
MedScrub,110663,0,0,sierranevada,1,3,tmin
Reforestation,29226,0,0,sierranevada,1,3,tmin
RipF,2930,0,0,sierranevada,1,3,tmin
RockScreeVeg,99121,0,0,sierranevada,1,3,tmin
SMedMarF,16274,0,0,sierranevada,1,3,tmin
Shrub,3805,0,0,sierranevada,1,3,tmin
WaterSurf,246,0,0,sierranevada,1,3,tmin
AlpConF,173796,0,0,sierranevada,1,4,tmin
AlpScrGr,631177,0,0,sierranevada,1,4,tmin
AridScr,774,0,0,sierranevada,1,4,tmin
ArtSurf,8799,0,0,sierranevada,1,4,tmin
BareArea,50,0,0,sierranevada,1,4,tmin
Crop,1432,0,0,sierranevada,1,4,tmin
Grass,77900,0,0,sierranevada,1,4,tmin
HaloVeg,90,0,0,sierranevada,1,4,tmin
HydroRipVeg,1448,0,0,sierranevada,1,4,tmin
MedConF,2985,0,0,sierranevada,1,4,tmin
MedSclF,38437,0,0,sierranevada,1,4,tmin
MedScrub,110663,0,0,sierranevada,1,4,tmin
Reforestation,29226,0,0,sierranevada,1,4,tmin
RipF,2930,0,0,sierranevada,1,4,tmin
RockScreeVeg,99121,0,0,sierranevada,1,4,tmin
SMedMarF,16274,0,0,sierranevada,1,4,tmin
Shrub,3805,0,0,sierranevada,1,4,tmin
WaterSurf,246,0,0,sierranevada,1,4,tmin
AlpConF,173796,0,0,sierranevada,1,5,tmin
AlpScrGr,631177,0,0,sierranevada,1,5,tmin
AridScr,774,0,0,sierranevada,1,5,tmin
ArtSurf,8799,0,0,sierranevada,1,5,tmin
BareArea,50,0,0,sierranevada,1,5,tmin
Crop,1432,0,0,sierranevada,1,5,tmin
Grass,77900,0,0,sierranevada,1,5,tmin
HaloVeg,90,0,0,sierranevada,1,5,tmin
HydroRipVeg,1448,0,0,sierranevada,1,5,tmin
MedConF,2985,0,0,sierranevada,1,5,tmin
MedSclF,38437,0,0,sierranevada,1,5,tmin
MedScrub,110663,0,0,sierranevada,1,5,tmin
Reforestation,29226,0,0,sierranevada,1,5,tmin
RipF,2930,0,0,sierranevada,1,5,tmin
RockScreeVeg,99121,0,0,sierranevada,1,5,tmin
SMedMarF,16274,0,0,sierranevada,1,5,tmin
Shrub,3805,0,0,sierranevada,1,5,tmin
WaterSurf,246,0,0,sierranevada,1,5,tmin
AlpConF,173796,0,0,sierranevada,1,6,tmin
AlpScrGr,631177,0,0,sierranevada,1,6,tmin
AridScr,774,0,0,sierranevada,1,6,tmin
ArtSurf,8799,0,0,sierranevada,1,6,tmin
BareArea,50,0,0,sierranevada,1,6,tmin
Crop,1432,0,0,sierranevada,1,6,tmin
Grass,77900,0,0,sierranevada,1,6,tmin
HaloVeg,90,0,0,sierranevada,1,6,tmin
HydroRipVeg,1448,0,0,sierranevada,1,6,tmin
MedConF,2985,0,0,sierranevada,1,6,tmin
MedSclF,38437,0,0,sierranevada,1,6,tmin
MedScrub,110663,0,0,sierranevada,1,6,tmin
Reforestation,29226,0,0,sierranevada,1,6,tmin
RipF,2930,0,0,sierranevada,1,6,tmin
RockScreeVeg,99121,0,0,sierranevada,1,6,tmin
SMedMarF,16274,0,0,sierranevada,1,6,tmin
Shrub,3805,0,0,sierranevada,1,6,tmin
WaterSurf,246,0,0,sierranevada,1,6,tmin
AlpConF,173796,0,0,sierranevada,1,7,tmin
AlpScrGr,631181,0,0,sierranevada,1,7,tmin
AridScr,774,0,0,sierranevada,1,7,tmin
ArtSurf,8799,0,0,sierranevada,1,7,tmin
BareArea,50,0,0,sierranevada,1,7,tmin
Crop,1432,0,0,sierranevada,1,7,tmin
Grass,77900,0,0,sierranevada,1,7,tmin
HaloVeg,90,0,0,sierranevada,1,7,tmin
HydroRipVeg,1448,0,0,sierranevada,1,7,tmin
MedConF,2985,0,0,sierranevada,1,7,tmin
MedSclF,38437,0,0,sierranevada,1,7,tmin
MedScrub,110663,0,0,sierranevada,1,7,tmin
Reforestation,29226,0,0,sierranevada,1,7,tmin
RipF,2930,0,0,sierranevada,1,7,tmin
RockScreeVeg,99121,0,0,sierranevada,1,7,tmin
SMedMarF,16274,0,0,sierranevada,1,7,tmin
Shrub,3805,0,0,sierranevada,1,7,tmin
WaterSurf,246,0,0,sierranevada,1,7,tmin
AlpConF,173796,0,0,sierranevada,1,8,tmin
AlpScrGr,631178,0,0,sierranevada,1,8,tmin
AridScr,774,0,0,sierranevada,1,8,tmin
ArtSurf,8799,0,0,sierranevada,1,8,tmin
BareArea,50,0,0,sierranevada,1,8,tmin
Crop,1432,0,0,sierranevada,1,8,tmin
Grass,77900,0,0,sierranevada,1,8,tmin
HaloVeg,90,0,0,sierranevada,1,8,tmin
HydroRipVeg,1448,0,0,sierranevada,1,8,tmin
MedConF,2985,0,0,sierranevada,1,8,tmin
MedSclF,38437,0,0,sierranevada,1,8,tmin
MedScrub,110663,0,0,sierranevada,1,8,tmin
Reforestation,29226,0,0,sierranevada,1,8,tmin
RipF,2930,0,0,sierranevada,1,8,tmin
RockScreeVeg,99121,0,0,sierranevada,1,8,tmin
SMedMarF,16274,0,0,sierranevada,1,8,tmin
Shrub,3805,0,0,sierranevada,1,8,tmin
WaterSurf,246,0,0,sierranevada,1,8,tmin
AlpConF,173796,438,0.25,sierranevada,1,9,tmin
AlpScrGr,631177,12,0,sierranevada,1,9,tmin
AridScr,774,0,0,sierranevada,1,9,tmin
ArtSurf,8799,1,0.01,sierranevada,1,9,tmin
BareArea,50,0,0,sierranevada,1,9,tmin
Crop,1432,0,0,sierranevada,1,9,tmin
Grass,77900,2,0,sierranevada,1,9,tmin
HaloVeg,90,0,0,sierranevada,1,9,tmin
HydroRipVeg,1448,0,0,sierranevada,1,9,tmin
MedConF,2985,0,0,sierranevada,1,9,tmin
MedSclF,38437,0,0,sierranevada,1,9,tmin
MedScrub,110663,0,0,sierranevada,1,9,tmin
Reforestation,29226,14,0.05,sierranevada,1,9,tmin
RipF,2930,0,0,sierranevada,1,9,tmin
RockScreeVeg,99121,0,0,sierranevada,1,9,tmin
SMedMarF,16274,0,0,sierranevada,1,9,tmin
Shrub,3805,1,0.03,sierranevada,1,9,tmin
WaterSurf,246,0,0,sierranevada,1,9,tmin
AlpConF,173796,0,0,sierranevada,1,10,tmin
AlpScrGr,631178,0,0,sierranevada,1,10,tmin
AridScr,774,0,0,sierranevada,1,10,tmin
ArtSurf,8799,0,0,sierranevada,1,10,tmin
BareArea,50,0,0,sierranevada,1,10,tmin
Crop,1432,0,0,sierranevada,1,10,tmin
Grass,77900,0,0,sierranevada,1,10,tmin
HaloVeg,90,0,0,sierranevada,1,10,tmin
HydroRipVeg,1448,0,0,sierranevada,1,10,tmin
MedConF,2985,0,0,sierranevada,1,10,tmin
MedSclF,38437,0,0,sierranevada,1,10,tmin
MedScrub,110663,0,0,sierranevada,1,10,tmin
Reforestation,29226,0,0,sierranevada,1,10,tmin
RipF,2930,0,0,sierranevada,1,10,tmin
RockScreeVeg,99121,0,0,sierranevada,1,10,tmin
SMedMarF,16274,0,0,sierranevada,1,10,tmin
Shrub,3805,0,0,sierranevada,1,10,tmin
WaterSurf,246,0,0,sierranevada,1,10,tmin
AlpConF,173794,0,0,sierranevada,1,11,tmin
AlpScrGr,631149,0,0,sierranevada,1,11,tmin
AridScr,772,0,0,sierranevada,1,11,tmin
ArtSurf,8799,0,0,sierranevada,1,11,tmin
BareArea,50,0,0,sierranevada,1,11,tmin
Crop,1432,0,0,sierranevada,1,11,tmin
Grass,77897,0,0,sierranevada,1,11,tmin
HaloVeg,90,0,0,sierranevada,1,11,tmin
HydroRipVeg,1448,0,0,sierranevada,1,11,tmin
MedConF,2985,0,0,sierranevada,1,11,tmin
MedSclF,38428,0,0,sierranevada,1,11,tmin
MedScrub,110657,0,0,sierranevada,1,11,tmin
Reforestation,29224,0,0,sierranevada,1,11,tmin
RipF,2930,0,0,sierranevada,1,11,tmin
RockScreeVeg,99119,0,0,sierranevada,1,11,tmin
SMedMarF,16274,0,0,sierranevada,1,11,tmin
Shrub,3805,0,0,sierranevada,1,11,tmin
WaterSurf,246,0,0,sierranevada,1,11,tmin
AlpConF,173767,0,0,sierranevada,1,12,tmin
AlpScrGr,631026,0,0,sierranevada,1,12,tmin
AridScr,763,0,0,sierranevada,1,12,tmin
ArtSurf,8799,0,0,sierranevada,1,12,tmin
BareArea,50,0,0,sierranevada,1,12,tmin
Crop,1432,0,0,sierranevada,1,12,tmin
Grass,77879,0,0,sierranevada,1,12,tmin
HaloVeg,90,0,0,sierranevada,1,12,tmin
HydroRipVeg,1442,0,0,sierranevada,1,12,tmin
MedConF,2985,0,0,sierranevada,1,12,tmin
MedSclF,38375,0,0,sierranevada,1,12,tmin
MedScrub,110617,0,0,sierranevada,1,12,tmin
Reforestation,29221,0,0,sierranevada,1,12,tmin
RipF,2928,0,0,sierranevada,1,12,tmin
RockScreeVeg,99098,0,0,sierranevada,1,12,tmin
SMedMarF,16272,0,0,sierranevada,1,12,tmin
Shrub,3805,0,0,sierranevada,1,12,tmin
WaterSurf,246,0,0,sierranevada,1,12,tmin
AlpConF,173794,0,0,sierranevada,3,1,tmin
AlpScrGr,631034,0,0,sierranevada,3,1,tmin
AridScr,766,0,0,sierranevada,3,1,tmin
ArtSurf,8799,0,0,sierranevada,3,1,tmin
BareArea,50,0,0,sierranevada,3,1,tmin
Crop,1432,0,0,sierranevada,3,1,tmin
Grass,77894,0,0,sierranevada,3,1,tmin
HaloVeg,90,0,0,sierranevada,3,1,tmin
HydroRipVeg,1442,0,0,sierranevada,3,1,tmin
MedConF,2985,0,0,sierranevada,3,1,tmin
MedSclF,38403,0,0,sierranevada,3,1,tmin
MedScrub,110649,0,0,sierranevada,3,1,tmin
Reforestation,29222,0,0,sierranevada,3,1,tmin
RipF,2926,0,0,sierranevada,3,1,tmin
RockScreeVeg,99111,0,0,sierranevada,3,1,tmin
SMedMarF,16274,0,0,sierranevada,3,1,tmin
Shrub,3805,0,0,sierranevada,3,1,tmin
WaterSurf,246,0,0,sierranevada,3,1,tmin
AlpConF,173794,2,0,sierranevada,3,2,tmin
AlpScrGr,631149,82,0.01,sierranevada,3,2,tmin
AridScr,773,0,0,sierranevada,3,2,tmin
ArtSurf,8799,4,0.05,sierranevada,3,2,tmin
BareArea,50,0,0,sierranevada,3,2,tmin
Crop,1432,0,0,sierranevada,3,2,tmin
Grass,77900,11,0.01,sierranevada,3,2,tmin
HaloVeg,90,0,0,sierranevada,3,2,tmin
HydroRipVeg,1447,0,0,sierranevada,3,2,tmin
MedConF,2985,0,0,sierranevada,3,2,tmin
MedSclF,38437,7,0.02,sierranevada,3,2,tmin
MedScrub,110663,87,0.08,sierranevada,3,2,tmin
Reforestation,29226,0,0,sierranevada,3,2,tmin
RipF,2930,0,0,sierranevada,3,2,tmin
RockScreeVeg,99119,189,0.19,sierranevada,3,2,tmin
SMedMarF,16274,0,0,sierranevada,3,2,tmin
Shrub,3805,0,0,sierranevada,3,2,tmin
WaterSurf,246,0,0,sierranevada,3,2,tmin
AlpConF,173796,12,0.01,sierranevada,3,3,tmin
AlpScrGr,631177,1222,0.19,sierranevada,3,3,tmin
AridScr,774,0,0,sierranevada,3,3,tmin
ArtSurf,8799,3,0.03,sierranevada,3,3,tmin
BareArea,50,0,0,sierranevada,3,3,tmin
Crop,1432,0,0,sierranevada,3,3,tmin
Grass,77900,66,0.08,sierranevada,3,3,tmin
HaloVeg,90,0,0,sierranevada,3,3,tmin
HydroRipVeg,1448,1,0.07,sierranevada,3,3,tmin
MedConF,2985,0,0,sierranevada,3,3,tmin
MedSclF,38437,5,0.01,sierranevada,3,3,tmin
MedScrub,110663,9,0.01,sierranevada,3,3,tmin
Reforestation,29226,0,0,sierranevada,3,3,tmin
RipF,2930,0,0,sierranevada,3,3,tmin
RockScreeVeg,99121,868,0.88,sierranevada,3,3,tmin
SMedMarF,16274,0,0,sierranevada,3,3,tmin
Shrub,3805,0,0,sierranevada,3,3,tmin
WaterSurf,246,1,0.41,sierranevada,3,3,tmin
AlpConF,173796,0,0,sierranevada,3,4,tmin
AlpScrGr,631177,0,0,sierranevada,3,4,tmin
AridScr,774,0,0,sierranevada,3,4,tmin
ArtSurf,8799,0,0,sierranevada,3,4,tmin
BareArea,50,0,0,sierranevada,3,4,tmin
Crop,1432,0,0,sierranevada,3,4,tmin
Grass,77900,0,0,sierranevada,3,4,tmin
HaloVeg,90,0,0,sierranevada,3,4,tmin
HydroRipVeg,1448,0,0,sierranevada,3,4,tmin
MedConF,2985,0,0,sierranevada,3,4,tmin
MedSclF,38437,0,0,sierranevada,3,4,tmin
MedScrub,110663,0,0,sierranevada,3,4,tmin
Reforestation,29226,0,0,sierranevada,3,4,tmin
RipF,2930,0,0,sierranevada,3,4,tmin
RockScreeVeg,99121,0,0,sierranevada,3,4,tmin
SMedMarF,16274,0,0,sierranevada,3,4,tmin
Shrub,3805,0,0,sierranevada,3,4,tmin
WaterSurf,246,0,0,sierranevada,3,4,tmin
AlpConF,173796,0,0,sierranevada,3,5,tmin
AlpScrGr,631177,0,0,sierranevada,3,5,tmin
AridScr,774,0,0,sierranevada,3,5,tmin
ArtSurf,8799,0,0,sierranevada,3,5,tmin
BareArea,50,0,0,sierranevada,3,5,tmin
Crop,1432,0,0,sierranevada,3,5,tmin
Grass,77900,0,0,sierranevada,3,5,tmin
HaloVeg,90,0,0,sierranevada,3,5,tmin
HydroRipVeg,1448,0,0,sierranevada,3,5,tmin
MedConF,2985,0,0,sierranevada,3,5,tmin
MedSclF,38437,0,0,sierranevada,3,5,tmin
MedScrub,110663,0,0,sierranevada,3,5,tmin
Reforestation,29226,0,0,sierranevada,3,5,tmin
RipF,2930,0,0,sierranevada,3,5,tmin
RockScreeVeg,99121,0,0,sierranevada,3,5,tmin
SMedMarF,16274,0,0,sierranevada,3,5,tmin
Shrub,3805,0,0,sierranevada,3,5,tmin
WaterSurf,246,0,0,sierranevada,3,5,tmin
AlpConF,173796,0,0,sierranevada,3,6,tmin
AlpScrGr,631177,0,0,sierranevada,3,6,tmin
AridScr,774,0,0,sierranevada,3,6,tmin
ArtSurf,8799,0,0,sierranevada,3,6,tmin
BareArea,50,0,0,sierranevada,3,6,tmin
Crop,1432,0,0,sierranevada,3,6,tmin
Grass,77900,0,0,sierranevada,3,6,tmin
HaloVeg,90,0,0,sierranevada,3,6,tmin
HydroRipVeg,1448,0,0,sierranevada,3,6,tmin
MedConF,2985,0,0,sierranevada,3,6,tmin
MedSclF,38437,0,0,sierranevada,3,6,tmin
MedScrub,110663,0,0,sierranevada,3,6,tmin
Reforestation,29226,0,0,sierranevada,3,6,tmin
RipF,2930,0,0,sierranevada,3,6,tmin
RockScreeVeg,99121,0,0,sierranevada,3,6,tmin
SMedMarF,16274,0,0,sierranevada,3,6,tmin
Shrub,3805,0,0,sierranevada,3,6,tmin
WaterSurf,246,0,0,sierranevada,3,6,tmin
AlpConF,173796,3637,2.09,sierranevada,3,7,tmin
AlpScrGr,631181,154771,24.52,sierranevada,3,7,tmin
AridScr,774,63,8.14,sierranevada,3,7,tmin
ArtSurf,8799,507,5.76,sierranevada,3,7,tmin
BareArea,50,7,14,sierranevada,3,7,tmin
Crop,1432,239,16.69,sierranevada,3,7,tmin
Grass,77900,5921,7.6,sierranevada,3,7,tmin
HaloVeg,90,31,34.44,sierranevada,3,7,tmin
HydroRipVeg,1448,254,17.54,sierranevada,3,7,tmin
MedConF,2985,22,0.74,sierranevada,3,7,tmin
MedSclF,38437,2041,5.31,sierranevada,3,7,tmin
MedScrub,110663,16969,15.33,sierranevada,3,7,tmin
Reforestation,29226,827,2.83,sierranevada,3,7,tmin
RipF,2930,225,7.68,sierranevada,3,7,tmin
RockScreeVeg,99121,3261,3.29,sierranevada,3,7,tmin
SMedMarF,16274,439,2.7,sierranevada,3,7,tmin
Shrub,3805,816,21.45,sierranevada,3,7,tmin
WaterSurf,246,1,0.41,sierranevada,3,7,tmin
AlpConF,173796,0,0,sierranevada,3,8,tmin
AlpScrGr,631178,0,0,sierranevada,3,8,tmin
AridScr,774,0,0,sierranevada,3,8,tmin
ArtSurf,8799,0,0,sierranevada,3,8,tmin
BareArea,50,0,0,sierranevada,3,8,tmin
Crop,1432,0,0,sierranevada,3,8,tmin
Grass,77900,0,0,sierranevada,3,8,tmin
HaloVeg,90,0,0,sierranevada,3,8,tmin
HydroRipVeg,1448,0,0,sierranevada,3,8,tmin
MedConF,2985,0,0,sierranevada,3,8,tmin
MedSclF,38437,0,0,sierranevada,3,8,tmin
MedScrub,110663,0,0,sierranevada,3,8,tmin
Reforestation,29226,0,0,sierranevada,3,8,tmin
RipF,2930,0,0,sierranevada,3,8,tmin
RockScreeVeg,99121,0,0,sierranevada,3,8,tmin
SMedMarF,16274,0,0,sierranevada,3,8,tmin
Shrub,3805,0,0,sierranevada,3,8,tmin
WaterSurf,246,0,0,sierranevada,3,8,tmin
AlpConF,173796,0,0,sierranevada,3,9,tmin
AlpScrGr,631177,0,0,sierranevada,3,9,tmin
AridScr,774,0,0,sierranevada,3,9,tmin
ArtSurf,8799,0,0,sierranevada,3,9,tmin
BareArea,50,0,0,sierranevada,3,9,tmin
Crop,1432,0,0,sierranevada,3,9,tmin
Grass,77900,0,0,sierranevada,3,9,tmin
HaloVeg,90,0,0,sierranevada,3,9,tmin
HydroRipVeg,1448,0,0,sierranevada,3,9,tmin
MedConF,2985,0,0,sierranevada,3,9,tmin
MedSclF,38437,0,0,sierranevada,3,9,tmin
MedScrub,110663,0,0,sierranevada,3,9,tmin
Reforestation,29226,0,0,sierranevada,3,9,tmin
RipF,2930,0,0,sierranevada,3,9,tmin
RockScreeVeg,99121,0,0,sierranevada,3,9,tmin
SMedMarF,16274,0,0,sierranevada,3,9,tmin
Shrub,3805,0,0,sierranevada,3,9,tmin
WaterSurf,246,0,0,sierranevada,3,9,tmin
AlpConF,173796,0,0,sierranevada,3,10,tmin
AlpScrGr,631178,0,0,sierranevada,3,10,tmin
AridScr,774,0,0,sierranevada,3,10,tmin
ArtSurf,8799,0,0,sierranevada,3,10,tmin
BareArea,50,0,0,sierranevada,3,10,tmin
Crop,1432,0,0,sierranevada,3,10,tmin
Grass,77900,0,0,sierranevada,3,10,tmin
HaloVeg,90,0,0,sierranevada,3,10,tmin
HydroRipVeg,1448,0,0,sierranevada,3,10,tmin
MedConF,2985,0,0,sierranevada,3,10,tmin
MedSclF,38437,0,0,sierranevada,3,10,tmin
MedScrub,110663,0,0,sierranevada,3,10,tmin
Reforestation,29226,0,0,sierranevada,3,10,tmin
RipF,2930,0,0,sierranevada,3,10,tmin
RockScreeVeg,99121,0,0,sierranevada,3,10,tmin
SMedMarF,16274,0,0,sierranevada,3,10,tmin
Shrub,3805,0,0,sierranevada,3,10,tmin
WaterSurf,246,0,0,sierranevada,3,10,tmin
AlpConF,173794,0,0,sierranevada,3,11,tmin
AlpScrGr,631149,0,0,sierranevada,3,11,tmin
AridScr,772,0,0,sierranevada,3,11,tmin
ArtSurf,8799,0,0,sierranevada,3,11,tmin
BareArea,50,0,0,sierranevada,3,11,tmin
Crop,1432,0,0,sierranevada,3,11,tmin
Grass,77897,0,0,sierranevada,3,11,tmin
HaloVeg,90,0,0,sierranevada,3,11,tmin
HydroRipVeg,1448,0,0,sierranevada,3,11,tmin
MedConF,2985,0,0,sierranevada,3,11,tmin
MedSclF,38428,0,0,sierranevada,3,11,tmin
MedScrub,110657,0,0,sierranevada,3,11,tmin
Reforestation,29224,0,0,sierranevada,3,11,tmin
RipF,2930,0,0,sierranevada,3,11,tmin
RockScreeVeg,99119,0,0,sierranevada,3,11,tmin
SMedMarF,16274,0,0,sierranevada,3,11,tmin
Shrub,3805,0,0,sierranevada,3,11,tmin
WaterSurf,246,0,0,sierranevada,3,11,tmin
AlpConF,173767,0,0,sierranevada,3,12,tmin
AlpScrGr,631026,0,0,sierranevada,3,12,tmin
AridScr,763,0,0,sierranevada,3,12,tmin
ArtSurf,8799,0,0,sierranevada,3,12,tmin
BareArea,50,0,0,sierranevada,3,12,tmin
Crop,1432,0,0,sierranevada,3,12,tmin
Grass,77879,0,0,sierranevada,3,12,tmin
HaloVeg,90,0,0,sierranevada,3,12,tmin
HydroRipVeg,1442,0,0,sierranevada,3,12,tmin
MedConF,2985,0,0,sierranevada,3,12,tmin
MedSclF,38375,0,0,sierranevada,3,12,tmin
MedScrub,110617,0,0,sierranevada,3,12,tmin
Reforestation,29221,0,0,sierranevada,3,12,tmin
RipF,2928,0,0,sierranevada,3,12,tmin
RockScreeVeg,99098,0,0,sierranevada,3,12,tmin
SMedMarF,16272,0,0,sierranevada,3,12,tmin
Shrub,3805,0,0,sierranevada,3,12,tmin
WaterSurf,246,0,0,sierranevada,3,12,tmin
AlpConF,173794,0,0,sierranevada,6,1,tmin
AlpScrGr,631034,0,0,sierranevada,6,1,tmin
AridScr,766,0,0,sierranevada,6,1,tmin
ArtSurf,8799,0,0,sierranevada,6,1,tmin
BareArea,50,0,0,sierranevada,6,1,tmin
Crop,1432,0,0,sierranevada,6,1,tmin
Grass,77894,0,0,sierranevada,6,1,tmin
HaloVeg,90,0,0,sierranevada,6,1,tmin
HydroRipVeg,1442,0,0,sierranevada,6,1,tmin
MedConF,2985,0,0,sierranevada,6,1,tmin
MedSclF,38403,0,0,sierranevada,6,1,tmin
MedScrub,110649,0,0,sierranevada,6,1,tmin
Reforestation,29222,0,0,sierranevada,6,1,tmin
RipF,2926,0,0,sierranevada,6,1,tmin
RockScreeVeg,99111,0,0,sierranevada,6,1,tmin
SMedMarF,16274,0,0,sierranevada,6,1,tmin
Shrub,3805,0,0,sierranevada,6,1,tmin
WaterSurf,246,0,0,sierranevada,6,1,tmin
AlpConF,173794,0,0,sierranevada,6,2,tmin
AlpScrGr,631149,0,0,sierranevada,6,2,tmin
AridScr,773,0,0,sierranevada,6,2,tmin
ArtSurf,8799,0,0,sierranevada,6,2,tmin
BareArea,50,0,0,sierranevada,6,2,tmin
Crop,1432,0,0,sierranevada,6,2,tmin
Grass,77900,0,0,sierranevada,6,2,tmin
HaloVeg,90,0,0,sierranevada,6,2,tmin
HydroRipVeg,1447,0,0,sierranevada,6,2,tmin
MedConF,2985,0,0,sierranevada,6,2,tmin
MedSclF,38437,0,0,sierranevada,6,2,tmin
MedScrub,110663,0,0,sierranevada,6,2,tmin
Reforestation,29226,0,0,sierranevada,6,2,tmin
RipF,2930,0,0,sierranevada,6,2,tmin
RockScreeVeg,99119,0,0,sierranevada,6,2,tmin
SMedMarF,16274,0,0,sierranevada,6,2,tmin
Shrub,3805,0,0,sierranevada,6,2,tmin
WaterSurf,246,0,0,sierranevada,6,2,tmin
AlpConF,173796,0,0,sierranevada,6,3,tmin
AlpScrGr,631177,0,0,sierranevada,6,3,tmin
AridScr,774,0,0,sierranevada,6,3,tmin
ArtSurf,8799,0,0,sierranevada,6,3,tmin
BareArea,50,0,0,sierranevada,6,3,tmin
Crop,1432,0,0,sierranevada,6,3,tmin
Grass,77900,0,0,sierranevada,6,3,tmin
HaloVeg,90,0,0,sierranevada,6,3,tmin
HydroRipVeg,1448,0,0,sierranevada,6,3,tmin
MedConF,2985,0,0,sierranevada,6,3,tmin
MedSclF,38437,0,0,sierranevada,6,3,tmin
MedScrub,110663,0,0,sierranevada,6,3,tmin
Reforestation,29226,0,0,sierranevada,6,3,tmin
RipF,2930,0,0,sierranevada,6,3,tmin
RockScreeVeg,99121,0,0,sierranevada,6,3,tmin
SMedMarF,16274,0,0,sierranevada,6,3,tmin
Shrub,3805,0,0,sierranevada,6,3,tmin
WaterSurf,246,0,0,sierranevada,6,3,tmin
AlpConF,173796,0,0,sierranevada,6,4,tmin
AlpScrGr,631177,0,0,sierranevada,6,4,tmin
AridScr,774,0,0,sierranevada,6,4,tmin
ArtSurf,8799,0,0,sierranevada,6,4,tmin
BareArea,50,0,0,sierranevada,6,4,tmin
Crop,1432,0,0,sierranevada,6,4,tmin
Grass,77900,0,0,sierranevada,6,4,tmin
HaloVeg,90,0,0,sierranevada,6,4,tmin
HydroRipVeg,1448,0,0,sierranevada,6,4,tmin
MedConF,2985,0,0,sierranevada,6,4,tmin
MedSclF,38437,0,0,sierranevada,6,4,tmin
MedScrub,110663,0,0,sierranevada,6,4,tmin
Reforestation,29226,0,0,sierranevada,6,4,tmin
RipF,2930,0,0,sierranevada,6,4,tmin
RockScreeVeg,99121,0,0,sierranevada,6,4,tmin
SMedMarF,16274,0,0,sierranevada,6,4,tmin
Shrub,3805,0,0,sierranevada,6,4,tmin
WaterSurf,246,0,0,sierranevada,6,4,tmin
AlpConF,173796,7,0,sierranevada,6,5,tmin
AlpScrGr,631177,3,0,sierranevada,6,5,tmin
AridScr,774,0,0,sierranevada,6,5,tmin
ArtSurf,8799,0,0,sierranevada,6,5,tmin
BareArea,50,0,0,sierranevada,6,5,tmin
Crop,1432,0,0,sierranevada,6,5,tmin
Grass,77900,0,0,sierranevada,6,5,tmin
HaloVeg,90,0,0,sierranevada,6,5,tmin
HydroRipVeg,1448,0,0,sierranevada,6,5,tmin
MedConF,2985,0,0,sierranevada,6,5,tmin
MedSclF,38437,0,0,sierranevada,6,5,tmin
MedScrub,110663,0,0,sierranevada,6,5,tmin
Reforestation,29226,0,0,sierranevada,6,5,tmin
RipF,2930,0,0,sierranevada,6,5,tmin
RockScreeVeg,99121,0,0,sierranevada,6,5,tmin
SMedMarF,16274,0,0,sierranevada,6,5,tmin
Shrub,3805,0,0,sierranevada,6,5,tmin
WaterSurf,246,0,0,sierranevada,6,5,tmin
AlpConF,173796,0,0,sierranevada,6,6,tmin
AlpScrGr,631177,0,0,sierranevada,6,6,tmin
AridScr,774,0,0,sierranevada,6,6,tmin
ArtSurf,8799,0,0,sierranevada,6,6,tmin
BareArea,50,0,0,sierranevada,6,6,tmin
Crop,1432,0,0,sierranevada,6,6,tmin
Grass,77900,0,0,sierranevada,6,6,tmin
HaloVeg,90,0,0,sierranevada,6,6,tmin
HydroRipVeg,1448,0,0,sierranevada,6,6,tmin
MedConF,2985,0,0,sierranevada,6,6,tmin
MedSclF,38437,0,0,sierranevada,6,6,tmin
MedScrub,110663,0,0,sierranevada,6,6,tmin
Reforestation,29226,0,0,sierranevada,6,6,tmin
RipF,2930,0,0,sierranevada,6,6,tmin
RockScreeVeg,99121,0,0,sierranevada,6,6,tmin
SMedMarF,16274,0,0,sierranevada,6,6,tmin
Shrub,3805,0,0,sierranevada,6,6,tmin
WaterSurf,246,0,0,sierranevada,6,6,tmin
AlpConF,173796,0,0,sierranevada,6,7,tmin
AlpScrGr,631181,0,0,sierranevada,6,7,tmin
AridScr,774,0,0,sierranevada,6,7,tmin
ArtSurf,8799,0,0,sierranevada,6,7,tmin
BareArea,50,0,0,sierranevada,6,7,tmin
Crop,1432,0,0,sierranevada,6,7,tmin
Grass,77900,0,0,sierranevada,6,7,tmin
HaloVeg,90,0,0,sierranevada,6,7,tmin
HydroRipVeg,1448,0,0,sierranevada,6,7,tmin
MedConF,2985,0,0,sierranevada,6,7,tmin
MedSclF,38437,0,0,sierranevada,6,7,tmin
MedScrub,110663,0,0,sierranevada,6,7,tmin
Reforestation,29226,0,0,sierranevada,6,7,tmin
RipF,2930,0,0,sierranevada,6,7,tmin
RockScreeVeg,99121,0,0,sierranevada,6,7,tmin
SMedMarF,16274,0,0,sierranevada,6,7,tmin
Shrub,3805,0,0,sierranevada,6,7,tmin
WaterSurf,246,0,0,sierranevada,6,7,tmin
AlpConF,173796,0,0,sierranevada,6,8,tmin
AlpScrGr,631178,0,0,sierranevada,6,8,tmin
AridScr,774,0,0,sierranevada,6,8,tmin
ArtSurf,8799,0,0,sierranevada,6,8,tmin
BareArea,50,0,0,sierranevada,6,8,tmin
Crop,1432,0,0,sierranevada,6,8,tmin
Grass,77900,0,0,sierranevada,6,8,tmin
HaloVeg,90,0,0,sierranevada,6,8,tmin
HydroRipVeg,1448,0,0,sierranevada,6,8,tmin
MedConF,2985,0,0,sierranevada,6,8,tmin
MedSclF,38437,0,0,sierranevada,6,8,tmin
MedScrub,110663,0,0,sierranevada,6,8,tmin
Reforestation,29226,0,0,sierranevada,6,8,tmin
RipF,2930,0,0,sierranevada,6,8,tmin
RockScreeVeg,99121,0,0,sierranevada,6,8,tmin
SMedMarF,16274,0,0,sierranevada,6,8,tmin
Shrub,3805,0,0,sierranevada,6,8,tmin
WaterSurf,246,0,0,sierranevada,6,8,tmin
AlpConF,173796,0,0,sierranevada,6,9,tmin
AlpScrGr,631177,0,0,sierranevada,6,9,tmin
AridScr,774,0,0,sierranevada,6,9,tmin
ArtSurf,8799,0,0,sierranevada,6,9,tmin
BareArea,50,0,0,sierranevada,6,9,tmin
Crop,1432,0,0,sierranevada,6,9,tmin
Grass,77900,0,0,sierranevada,6,9,tmin
HaloVeg,90,0,0,sierranevada,6,9,tmin
HydroRipVeg,1448,0,0,sierranevada,6,9,tmin
MedConF,2985,0,0,sierranevada,6,9,tmin
MedSclF,38437,0,0,sierranevada,6,9,tmin
MedScrub,110663,0,0,sierranevada,6,9,tmin
Reforestation,29226,0,0,sierranevada,6,9,tmin
RipF,2930,0,0,sierranevada,6,9,tmin
RockScreeVeg,99121,0,0,sierranevada,6,9,tmin
SMedMarF,16274,0,0,sierranevada,6,9,tmin
Shrub,3805,0,0,sierranevada,6,9,tmin
WaterSurf,246,0,0,sierranevada,6,9,tmin
AlpConF,173796,0,0,sierranevada,6,10,tmin
AlpScrGr,631178,0,0,sierranevada,6,10,tmin
AridScr,774,0,0,sierranevada,6,10,tmin
ArtSurf,8799,0,0,sierranevada,6,10,tmin
BareArea,50,0,0,sierranevada,6,10,tmin
Crop,1432,0,0,sierranevada,6,10,tmin
Grass,77900,0,0,sierranevada,6,10,tmin
HaloVeg,90,0,0,sierranevada,6,10,tmin
HydroRipVeg,1448,0,0,sierranevada,6,10,tmin
MedConF,2985,0,0,sierranevada,6,10,tmin
MedSclF,38437,0,0,sierranevada,6,10,tmin
MedScrub,110663,0,0,sierranevada,6,10,tmin
Reforestation,29226,0,0,sierranevada,6,10,tmin
RipF,2930,0,0,sierranevada,6,10,tmin
RockScreeVeg,99121,0,0,sierranevada,6,10,tmin
SMedMarF,16274,0,0,sierranevada,6,10,tmin
Shrub,3805,0,0,sierranevada,6,10,tmin
WaterSurf,246,0,0,sierranevada,6,10,tmin
AlpConF,173794,0,0,sierranevada,6,11,tmin
AlpScrGr,631149,0,0,sierranevada,6,11,tmin
AridScr,772,0,0,sierranevada,6,11,tmin
ArtSurf,8799,0,0,sierranevada,6,11,tmin
BareArea,50,0,0,sierranevada,6,11,tmin
Crop,1432,0,0,sierranevada,6,11,tmin
Grass,77897,0,0,sierranevada,6,11,tmin
HaloVeg,90,0,0,sierranevada,6,11,tmin
HydroRipVeg,1448,0,0,sierranevada,6,11,tmin
MedConF,2985,0,0,sierranevada,6,11,tmin
MedSclF,38428,0,0,sierranevada,6,11,tmin
MedScrub,110657,0,0,sierranevada,6,11,tmin
Reforestation,29224,0,0,sierranevada,6,11,tmin
RipF,2930,0,0,sierranevada,6,11,tmin
RockScreeVeg,99119,0,0,sierranevada,6,11,tmin
SMedMarF,16274,0,0,sierranevada,6,11,tmin
Shrub,3805,0,0,sierranevada,6,11,tmin
WaterSurf,246,0,0,sierranevada,6,11,tmin
AlpConF,173767,0,0,sierranevada,6,12,tmin
AlpScrGr,631026,0,0,sierranevada,6,12,tmin
AridScr,763,0,0,sierranevada,6,12,tmin
ArtSurf,8799,0,0,sierranevada,6,12,tmin
BareArea,50,0,0,sierranevada,6,12,tmin
Crop,1432,0,0,sierranevada,6,12,tmin
Grass,77879,0,0,sierranevada,6,12,tmin
HaloVeg,90,0,0,sierranevada,6,12,tmin
HydroRipVeg,1442,0,0,sierranevada,6,12,tmin
MedConF,2985,0,0,sierranevada,6,12,tmin
MedSclF,38375,0,0,sierranevada,6,12,tmin
MedScrub,110617,0,0,sierranevada,6,12,tmin
Reforestation,29221,0,0,sierranevada,6,12,tmin
RipF,2928,0,0,sierranevada,6,12,tmin
RockScreeVeg,99098,0,0,sierranevada,6,12,tmin
SMedMarF,16272,0,0,sierranevada,6,12,tmin
Shrub,3805,0,0,sierranevada,6,12,tmin
WaterSurf,246,0,0,sierranevada,6,12,tmin
AlpConF,173794,0,0,sierranevada,9,1,tmin
AlpScrGr,631034,0,0,sierranevada,9,1,tmin
AridScr,766,0,0,sierranevada,9,1,tmin
ArtSurf,8799,0,0,sierranevada,9,1,tmin
BareArea,50,0,0,sierranevada,9,1,tmin
Crop,1432,0,0,sierranevada,9,1,tmin
Grass,77894,0,0,sierranevada,9,1,tmin
HaloVeg,90,0,0,sierranevada,9,1,tmin
HydroRipVeg,1442,0,0,sierranevada,9,1,tmin
MedConF,2985,0,0,sierranevada,9,1,tmin
MedSclF,38403,0,0,sierranevada,9,1,tmin
MedScrub,110649,0,0,sierranevada,9,1,tmin
Reforestation,29222,0,0,sierranevada,9,1,tmin
RipF,2926,0,0,sierranevada,9,1,tmin
RockScreeVeg,99111,0,0,sierranevada,9,1,tmin
SMedMarF,16274,0,0,sierranevada,9,1,tmin
Shrub,3805,0,0,sierranevada,9,1,tmin
WaterSurf,246,0,0,sierranevada,9,1,tmin
AlpConF,173794,0,0,sierranevada,9,2,tmin
AlpScrGr,631149,0,0,sierranevada,9,2,tmin
AridScr,773,0,0,sierranevada,9,2,tmin
ArtSurf,8799,0,0,sierranevada,9,2,tmin
BareArea,50,0,0,sierranevada,9,2,tmin
Crop,1432,0,0,sierranevada,9,2,tmin
Grass,77900,0,0,sierranevada,9,2,tmin
HaloVeg,90,0,0,sierranevada,9,2,tmin
HydroRipVeg,1447,0,0,sierranevada,9,2,tmin
MedConF,2985,0,0,sierranevada,9,2,tmin
MedSclF,38437,0,0,sierranevada,9,2,tmin
MedScrub,110663,0,0,sierranevada,9,2,tmin
Reforestation,29226,0,0,sierranevada,9,2,tmin
RipF,2930,0,0,sierranevada,9,2,tmin
RockScreeVeg,99119,0,0,sierranevada,9,2,tmin
SMedMarF,16274,0,0,sierranevada,9,2,tmin
Shrub,3805,0,0,sierranevada,9,2,tmin
WaterSurf,246,0,0,sierranevada,9,2,tmin
AlpConF,173796,0,0,sierranevada,9,3,tmin
AlpScrGr,631177,0,0,sierranevada,9,3,tmin
AridScr,774,0,0,sierranevada,9,3,tmin
ArtSurf,8799,0,0,sierranevada,9,3,tmin
BareArea,50,0,0,sierranevada,9,3,tmin
Crop,1432,0,0,sierranevada,9,3,tmin
Grass,77900,0,0,sierranevada,9,3,tmin
HaloVeg,90,0,0,sierranevada,9,3,tmin
HydroRipVeg,1448,0,0,sierranevada,9,3,tmin
MedConF,2985,0,0,sierranevada,9,3,tmin
MedSclF,38437,0,0,sierranevada,9,3,tmin
MedScrub,110663,0,0,sierranevada,9,3,tmin
Reforestation,29226,0,0,sierranevada,9,3,tmin
RipF,2930,0,0,sierranevada,9,3,tmin
RockScreeVeg,99121,0,0,sierranevada,9,3,tmin
SMedMarF,16274,0,0,sierranevada,9,3,tmin
Shrub,3805,0,0,sierranevada,9,3,tmin
WaterSurf,246,0,0,sierranevada,9,3,tmin
AlpConF,173796,0,0,sierranevada,9,4,tmin
AlpScrGr,631177,0,0,sierranevada,9,4,tmin
AridScr,774,0,0,sierranevada,9,4,tmin
ArtSurf,8799,0,0,sierranevada,9,4,tmin
BareArea,50,0,0,sierranevada,9,4,tmin
Crop,1432,0,0,sierranevada,9,4,tmin
Grass,77900,0,0,sierranevada,9,4,tmin
HaloVeg,90,0,0,sierranevada,9,4,tmin
HydroRipVeg,1448,0,0,sierranevada,9,4,tmin
MedConF,2985,0,0,sierranevada,9,4,tmin
MedSclF,38437,0,0,sierranevada,9,4,tmin
MedScrub,110663,0,0,sierranevada,9,4,tmin
Reforestation,29226,0,0,sierranevada,9,4,tmin
RipF,2930,0,0,sierranevada,9,4,tmin
RockScreeVeg,99121,0,0,sierranevada,9,4,tmin
SMedMarF,16274,0,0,sierranevada,9,4,tmin
Shrub,3805,0,0,sierranevada,9,4,tmin
WaterSurf,246,0,0,sierranevada,9,4,tmin
AlpConF,173796,520,0.3,sierranevada,9,5,tmin
AlpScrGr,631177,19,0,sierranevada,9,5,tmin
AridScr,774,0,0,sierranevada,9,5,tmin
ArtSurf,8799,4,0.05,sierranevada,9,5,tmin
BareArea,50,0,0,sierranevada,9,5,tmin
Crop,1432,0,0,sierranevada,9,5,tmin
Grass,77900,1,0,sierranevada,9,5,tmin
HaloVeg,90,0,0,sierranevada,9,5,tmin
HydroRipVeg,1448,0,0,sierranevada,9,5,tmin
MedConF,2985,0,0,sierranevada,9,5,tmin
MedSclF,38437,1,0,sierranevada,9,5,tmin
MedScrub,110663,0,0,sierranevada,9,5,tmin
Reforestation,29226,3,0.01,sierranevada,9,5,tmin
RipF,2930,0,0,sierranevada,9,5,tmin
RockScreeVeg,99121,0,0,sierranevada,9,5,tmin
SMedMarF,16274,0,0,sierranevada,9,5,tmin
Shrub,3805,0,0,sierranevada,9,5,tmin
WaterSurf,246,0,0,sierranevada,9,5,tmin
AlpConF,173796,0,0,sierranevada,9,6,tmin
AlpScrGr,631177,0,0,sierranevada,9,6,tmin
AridScr,774,0,0,sierranevada,9,6,tmin
ArtSurf,8799,0,0,sierranevada,9,6,tmin
BareArea,50,0,0,sierranevada,9,6,tmin
Crop,1432,0,0,sierranevada,9,6,tmin
Grass,77900,0,0,sierranevada,9,6,tmin
HaloVeg,90,0,0,sierranevada,9,6,tmin
HydroRipVeg,1448,0,0,sierranevada,9,6,tmin
MedConF,2985,0,0,sierranevada,9,6,tmin
MedSclF,38437,0,0,sierranevada,9,6,tmin
MedScrub,110663,0,0,sierranevada,9,6,tmin
Reforestation,29226,0,0,sierranevada,9,6,tmin
RipF,2930,0,0,sierranevada,9,6,tmin
RockScreeVeg,99121,0,0,sierranevada,9,6,tmin
SMedMarF,16274,0,0,sierranevada,9,6,tmin
Shrub,3805,0,0,sierranevada,9,6,tmin
WaterSurf,246,0,0,sierranevada,9,6,tmin
AlpConF,173796,0,0,sierranevada,9,7,tmin
AlpScrGr,631181,0,0,sierranevada,9,7,tmin
AridScr,774,0,0,sierranevada,9,7,tmin
ArtSurf,8799,0,0,sierranevada,9,7,tmin
BareArea,50,0,0,sierranevada,9,7,tmin
Crop,1432,0,0,sierranevada,9,7,tmin
Grass,77900,0,0,sierranevada,9,7,tmin
HaloVeg,90,0,0,sierranevada,9,7,tmin
HydroRipVeg,1448,0,0,sierranevada,9,7,tmin
MedConF,2985,0,0,sierranevada,9,7,tmin
MedSclF,38437,0,0,sierranevada,9,7,tmin
MedScrub,110663,0,0,sierranevada,9,7,tmin
Reforestation,29226,0,0,sierranevada,9,7,tmin
RipF,2930,0,0,sierranevada,9,7,tmin
RockScreeVeg,99121,0,0,sierranevada,9,7,tmin
SMedMarF,16274,0,0,sierranevada,9,7,tmin
Shrub,3805,0,0,sierranevada,9,7,tmin
WaterSurf,246,0,0,sierranevada,9,7,tmin
AlpConF,173796,0,0,sierranevada,9,8,tmin
AlpScrGr,631178,0,0,sierranevada,9,8,tmin
AridScr,774,0,0,sierranevada,9,8,tmin
ArtSurf,8799,0,0,sierranevada,9,8,tmin
BareArea,50,0,0,sierranevada,9,8,tmin
Crop,1432,0,0,sierranevada,9,8,tmin
Grass,77900,0,0,sierranevada,9,8,tmin
HaloVeg,90,0,0,sierranevada,9,8,tmin
HydroRipVeg,1448,0,0,sierranevada,9,8,tmin
MedConF,2985,0,0,sierranevada,9,8,tmin
MedSclF,38437,0,0,sierranevada,9,8,tmin
MedScrub,110663,0,0,sierranevada,9,8,tmin
Reforestation,29226,0,0,sierranevada,9,8,tmin
RipF,2930,0,0,sierranevada,9,8,tmin
RockScreeVeg,99121,0,0,sierranevada,9,8,tmin
SMedMarF,16274,0,0,sierranevada,9,8,tmin
Shrub,3805,0,0,sierranevada,9,8,tmin
WaterSurf,246,0,0,sierranevada,9,8,tmin
AlpConF,173796,0,0,sierranevada,9,9,tmin
AlpScrGr,631177,0,0,sierranevada,9,9,tmin
AridScr,774,0,0,sierranevada,9,9,tmin
ArtSurf,8799,0,0,sierranevada,9,9,tmin
BareArea,50,0,0,sierranevada,9,9,tmin
Crop,1432,0,0,sierranevada,9,9,tmin
Grass,77900,0,0,sierranevada,9,9,tmin
HaloVeg,90,0,0,sierranevada,9,9,tmin
HydroRipVeg,1448,0,0,sierranevada,9,9,tmin
MedConF,2985,0,0,sierranevada,9,9,tmin
MedSclF,38437,0,0,sierranevada,9,9,tmin
MedScrub,110663,0,0,sierranevada,9,9,tmin
Reforestation,29226,0,0,sierranevada,9,9,tmin
RipF,2930,0,0,sierranevada,9,9,tmin
RockScreeVeg,99121,0,0,sierranevada,9,9,tmin
SMedMarF,16274,0,0,sierranevada,9,9,tmin
Shrub,3805,0,0,sierranevada,9,9,tmin
WaterSurf,246,0,0,sierranevada,9,9,tmin
AlpConF,173796,0,0,sierranevada,9,10,tmin
AlpScrGr,631178,0,0,sierranevada,9,10,tmin
AridScr,774,0,0,sierranevada,9,10,tmin
ArtSurf,8799,0,0,sierranevada,9,10,tmin
BareArea,50,0,0,sierranevada,9,10,tmin
Crop,1432,0,0,sierranevada,9,10,tmin
Grass,77900,0,0,sierranevada,9,10,tmin
HaloVeg,90,0,0,sierranevada,9,10,tmin
HydroRipVeg,1448,0,0,sierranevada,9,10,tmin
MedConF,2985,0,0,sierranevada,9,10,tmin
MedSclF,38437,0,0,sierranevada,9,10,tmin
MedScrub,110663,0,0,sierranevada,9,10,tmin
Reforestation,29226,0,0,sierranevada,9,10,tmin
RipF,2930,0,0,sierranevada,9,10,tmin
RockScreeVeg,99121,0,0,sierranevada,9,10,tmin
SMedMarF,16274,0,0,sierranevada,9,10,tmin
Shrub,3805,0,0,sierranevada,9,10,tmin
WaterSurf,246,0,0,sierranevada,9,10,tmin
AlpConF,173794,0,0,sierranevada,9,11,tmin
AlpScrGr,631149,0,0,sierranevada,9,11,tmin
AridScr,772,0,0,sierranevada,9,11,tmin
ArtSurf,8799,0,0,sierranevada,9,11,tmin
BareArea,50,0,0,sierranevada,9,11,tmin
Crop,1432,0,0,sierranevada,9,11,tmin
Grass,77897,0,0,sierranevada,9,11,tmin
HaloVeg,90,0,0,sierranevada,9,11,tmin
HydroRipVeg,1448,0,0,sierranevada,9,11,tmin
MedConF,2985,0,0,sierranevada,9,11,tmin
MedSclF,38428,0,0,sierranevada,9,11,tmin
MedScrub,110657,0,0,sierranevada,9,11,tmin
Reforestation,29224,0,0,sierranevada,9,11,tmin
RipF,2930,0,0,sierranevada,9,11,tmin
RockScreeVeg,99119,0,0,sierranevada,9,11,tmin
SMedMarF,16274,0,0,sierranevada,9,11,tmin
Shrub,3805,0,0,sierranevada,9,11,tmin
WaterSurf,246,0,0,sierranevada,9,11,tmin
AlpConF,173767,0,0,sierranevada,9,12,tmin
AlpScrGr,631026,0,0,sierranevada,9,12,tmin
AridScr,763,0,0,sierranevada,9,12,tmin
ArtSurf,8799,0,0,sierranevada,9,12,tmin
BareArea,50,0,0,sierranevada,9,12,tmin
Crop,1432,0,0,sierranevada,9,12,tmin
Grass,77879,0,0,sierranevada,9,12,tmin
HaloVeg,90,0,0,sierranevada,9,12,tmin
HydroRipVeg,1442,0,0,sierranevada,9,12,tmin
MedConF,2985,0,0,sierranevada,9,12,tmin
MedSclF,38375,0,0,sierranevada,9,12,tmin
MedScrub,110617,0,0,sierranevada,9,12,tmin
Reforestation,29221,0,0,sierranevada,9,12,tmin
RipF,2928,0,0,sierranevada,9,12,tmin
RockScreeVeg,99098,0,0,sierranevada,9,12,tmin
SMedMarF,16272,0,0,sierranevada,9,12,tmin
Shrub,3805,0,0,sierranevada,9,12,tmin
WaterSurf,246,0,0,sierranevada,9,12,tmin
AlpConF,173794,0,0,sierranevada,12,1,tmin
AlpScrGr,631034,0,0,sierranevada,12,1,tmin
AridScr,766,0,0,sierranevada,12,1,tmin
ArtSurf,8799,0,0,sierranevada,12,1,tmin
BareArea,50,0,0,sierranevada,12,1,tmin
Crop,1432,0,0,sierranevada,12,1,tmin
Grass,77894,0,0,sierranevada,12,1,tmin
HaloVeg,90,0,0,sierranevada,12,1,tmin
HydroRipVeg,1442,0,0,sierranevada,12,1,tmin
MedConF,2985,0,0,sierranevada,12,1,tmin
MedSclF,38403,0,0,sierranevada,12,1,tmin
MedScrub,110649,0,0,sierranevada,12,1,tmin
Reforestation,29222,0,0,sierranevada,12,1,tmin
RipF,2926,0,0,sierranevada,12,1,tmin
RockScreeVeg,99111,0,0,sierranevada,12,1,tmin
SMedMarF,16274,0,0,sierranevada,12,1,tmin
Shrub,3805,0,0,sierranevada,12,1,tmin
WaterSurf,246,0,0,sierranevada,12,1,tmin
AlpConF,173794,0,0,sierranevada,12,2,tmin
AlpScrGr,631149,0,0,sierranevada,12,2,tmin
AridScr,773,0,0,sierranevada,12,2,tmin
ArtSurf,8799,0,0,sierranevada,12,2,tmin
BareArea,50,0,0,sierranevada,12,2,tmin
Crop,1432,0,0,sierranevada,12,2,tmin
Grass,77900,0,0,sierranevada,12,2,tmin
HaloVeg,90,0,0,sierranevada,12,2,tmin
HydroRipVeg,1447,0,0,sierranevada,12,2,tmin
MedConF,2985,0,0,sierranevada,12,2,tmin
MedSclF,38437,0,0,sierranevada,12,2,tmin
MedScrub,110663,0,0,sierranevada,12,2,tmin
Reforestation,29226,0,0,sierranevada,12,2,tmin
RipF,2930,0,0,sierranevada,12,2,tmin
RockScreeVeg,99119,0,0,sierranevada,12,2,tmin
SMedMarF,16274,0,0,sierranevada,12,2,tmin
Shrub,3805,0,0,sierranevada,12,2,tmin
WaterSurf,246,0,0,sierranevada,12,2,tmin
AlpConF,173796,0,0,sierranevada,12,3,tmin
AlpScrGr,631177,0,0,sierranevada,12,3,tmin
AridScr,774,0,0,sierranevada,12,3,tmin
ArtSurf,8799,0,0,sierranevada,12,3,tmin
BareArea,50,0,0,sierranevada,12,3,tmin
Crop,1432,0,0,sierranevada,12,3,tmin
Grass,77900,0,0,sierranevada,12,3,tmin
HaloVeg,90,0,0,sierranevada,12,3,tmin
HydroRipVeg,1448,0,0,sierranevada,12,3,tmin
MedConF,2985,0,0,sierranevada,12,3,tmin
MedSclF,38437,0,0,sierranevada,12,3,tmin
MedScrub,110663,0,0,sierranevada,12,3,tmin
Reforestation,29226,0,0,sierranevada,12,3,tmin
RipF,2930,0,0,sierranevada,12,3,tmin
RockScreeVeg,99121,0,0,sierranevada,12,3,tmin
SMedMarF,16274,0,0,sierranevada,12,3,tmin
Shrub,3805,0,0,sierranevada,12,3,tmin
WaterSurf,246,0,0,sierranevada,12,3,tmin
AlpConF,173796,0,0,sierranevada,12,4,tmin
AlpScrGr,631177,0,0,sierranevada,12,4,tmin
AridScr,774,0,0,sierranevada,12,4,tmin
ArtSurf,8799,0,0,sierranevada,12,4,tmin
BareArea,50,0,0,sierranevada,12,4,tmin
Crop,1432,0,0,sierranevada,12,4,tmin
Grass,77900,0,0,sierranevada,12,4,tmin
HaloVeg,90,0,0,sierranevada,12,4,tmin
HydroRipVeg,1448,0,0,sierranevada,12,4,tmin
MedConF,2985,0,0,sierranevada,12,4,tmin
MedSclF,38437,0,0,sierranevada,12,4,tmin
MedScrub,110663,0,0,sierranevada,12,4,tmin
Reforestation,29226,0,0,sierranevada,12,4,tmin
RipF,2930,0,0,sierranevada,12,4,tmin
RockScreeVeg,99121,0,0,sierranevada,12,4,tmin
SMedMarF,16274,0,0,sierranevada,12,4,tmin
Shrub,3805,0,0,sierranevada,12,4,tmin
WaterSurf,246,0,0,sierranevada,12,4,tmin
AlpConF,173796,11,0.01,sierranevada,12,5,tmin
AlpScrGr,631177,2,0,sierranevada,12,5,tmin
AridScr,774,0,0,sierranevada,12,5,tmin
ArtSurf,8799,0,0,sierranevada,12,5,tmin
BareArea,50,0,0,sierranevada,12,5,tmin
Crop,1432,0,0,sierranevada,12,5,tmin
Grass,77900,0,0,sierranevada,12,5,tmin
HaloVeg,90,0,0,sierranevada,12,5,tmin
HydroRipVeg,1448,0,0,sierranevada,12,5,tmin
MedConF,2985,0,0,sierranevada,12,5,tmin
MedSclF,38437,0,0,sierranevada,12,5,tmin
MedScrub,110663,0,0,sierranevada,12,5,tmin
Reforestation,29226,0,0,sierranevada,12,5,tmin
RipF,2930,0,0,sierranevada,12,5,tmin
RockScreeVeg,99121,0,0,sierranevada,12,5,tmin
SMedMarF,16274,0,0,sierranevada,12,5,tmin
Shrub,3805,0,0,sierranevada,12,5,tmin
WaterSurf,246,0,0,sierranevada,12,5,tmin
AlpConF,173796,0,0,sierranevada,12,6,tmin
AlpScrGr,631177,0,0,sierranevada,12,6,tmin
AridScr,774,0,0,sierranevada,12,6,tmin
ArtSurf,8799,0,0,sierranevada,12,6,tmin
BareArea,50,0,0,sierranevada,12,6,tmin
Crop,1432,0,0,sierranevada,12,6,tmin
Grass,77900,0,0,sierranevada,12,6,tmin
HaloVeg,90,0,0,sierranevada,12,6,tmin
HydroRipVeg,1448,0,0,sierranevada,12,6,tmin
MedConF,2985,0,0,sierranevada,12,6,tmin
MedSclF,38437,0,0,sierranevada,12,6,tmin
MedScrub,110663,0,0,sierranevada,12,6,tmin
Reforestation,29226,0,0,sierranevada,12,6,tmin
RipF,2930,0,0,sierranevada,12,6,tmin
RockScreeVeg,99121,0,0,sierranevada,12,6,tmin
SMedMarF,16274,0,0,sierranevada,12,6,tmin
Shrub,3805,0,0,sierranevada,12,6,tmin
WaterSurf,246,0,0,sierranevada,12,6,tmin
AlpConF,173796,0,0,sierranevada,12,7,tmin
AlpScrGr,631181,0,0,sierranevada,12,7,tmin
AridScr,774,0,0,sierranevada,12,7,tmin
ArtSurf,8799,0,0,sierranevada,12,7,tmin
BareArea,50,0,0,sierranevada,12,7,tmin
Crop,1432,0,0,sierranevada,12,7,tmin
Grass,77900,0,0,sierranevada,12,7,tmin
HaloVeg,90,0,0,sierranevada,12,7,tmin
HydroRipVeg,1448,0,0,sierranevada,12,7,tmin
MedConF,2985,0,0,sierranevada,12,7,tmin
MedSclF,38437,0,0,sierranevada,12,7,tmin
MedScrub,110663,0,0,sierranevada,12,7,tmin
Reforestation,29226,0,0,sierranevada,12,7,tmin
RipF,2930,0,0,sierranevada,12,7,tmin
RockScreeVeg,99121,0,0,sierranevada,12,7,tmin
SMedMarF,16274,0,0,sierranevada,12,7,tmin
Shrub,3805,0,0,sierranevada,12,7,tmin
WaterSurf,246,0,0,sierranevada,12,7,tmin
AlpConF,173796,0,0,sierranevada,12,8,tmin
AlpScrGr,631178,0,0,sierranevada,12,8,tmin
AridScr,774,0,0,sierranevada,12,8,tmin
ArtSurf,8799,0,0,sierranevada,12,8,tmin
BareArea,50,0,0,sierranevada,12,8,tmin
Crop,1432,0,0,sierranevada,12,8,tmin
Grass,77900,0,0,sierranevada,12,8,tmin
HaloVeg,90,0,0,sierranevada,12,8,tmin
HydroRipVeg,1448,0,0,sierranevada,12,8,tmin
MedConF,2985,0,0,sierranevada,12,8,tmin
MedSclF,38437,0,0,sierranevada,12,8,tmin
MedScrub,110663,0,0,sierranevada,12,8,tmin
Reforestation,29226,0,0,sierranevada,12,8,tmin
RipF,2930,0,0,sierranevada,12,8,tmin
RockScreeVeg,99121,0,0,sierranevada,12,8,tmin
SMedMarF,16274,0,0,sierranevada,12,8,tmin
Shrub,3805,0,0,sierranevada,12,8,tmin
WaterSurf,246,0,0,sierranevada,12,8,tmin
AlpConF,173796,0,0,sierranevada,12,9,tmin
AlpScrGr,631177,0,0,sierranevada,12,9,tmin
AridScr,774,0,0,sierranevada,12,9,tmin
ArtSurf,8799,0,0,sierranevada,12,9,tmin
BareArea,50,0,0,sierranevada,12,9,tmin
Crop,1432,0,0,sierranevada,12,9,tmin
Grass,77900,0,0,sierranevada,12,9,tmin
HaloVeg,90,0,0,sierranevada,12,9,tmin
HydroRipVeg,1448,0,0,sierranevada,12,9,tmin
MedConF,2985,0,0,sierranevada,12,9,tmin
MedSclF,38437,0,0,sierranevada,12,9,tmin
MedScrub,110663,0,0,sierranevada,12,9,tmin
Reforestation,29226,0,0,sierranevada,12,9,tmin
RipF,2930,0,0,sierranevada,12,9,tmin
RockScreeVeg,99121,0,0,sierranevada,12,9,tmin
SMedMarF,16274,0,0,sierranevada,12,9,tmin
Shrub,3805,0,0,sierranevada,12,9,tmin
WaterSurf,246,0,0,sierranevada,12,9,tmin
AlpConF,173796,0,0,sierranevada,12,10,tmin
AlpScrGr,631178,0,0,sierranevada,12,10,tmin
AridScr,774,0,0,sierranevada,12,10,tmin
ArtSurf,8799,0,0,sierranevada,12,10,tmin
BareArea,50,0,0,sierranevada,12,10,tmin
Crop,1432,0,0,sierranevada,12,10,tmin
Grass,77900,0,0,sierranevada,12,10,tmin
HaloVeg,90,0,0,sierranevada,12,10,tmin
HydroRipVeg,1448,0,0,sierranevada,12,10,tmin
MedConF,2985,0,0,sierranevada,12,10,tmin
MedSclF,38437,0,0,sierranevada,12,10,tmin
MedScrub,110663,0,0,sierranevada,12,10,tmin
Reforestation,29226,0,0,sierranevada,12,10,tmin
RipF,2930,0,0,sierranevada,12,10,tmin
RockScreeVeg,99121,0,0,sierranevada,12,10,tmin
SMedMarF,16274,0,0,sierranevada,12,10,tmin
Shrub,3805,0,0,sierranevada,12,10,tmin
WaterSurf,246,0,0,sierranevada,12,10,tmin
AlpConF,173794,0,0,sierranevada,12,11,tmin
AlpScrGr,631149,0,0,sierranevada,12,11,tmin
AridScr,772,0,0,sierranevada,12,11,tmin
ArtSurf,8799,0,0,sierranevada,12,11,tmin
BareArea,50,0,0,sierranevada,12,11,tmin
Crop,1432,0,0,sierranevada,12,11,tmin
Grass,77897,0,0,sierranevada,12,11,tmin
HaloVeg,90,0,0,sierranevada,12,11,tmin
HydroRipVeg,1448,0,0,sierranevada,12,11,tmin
MedConF,2985,0,0,sierranevada,12,11,tmin
MedSclF,38428,0,0,sierranevada,12,11,tmin
MedScrub,110657,0,0,sierranevada,12,11,tmin
Reforestation,29224,0,0,sierranevada,12,11,tmin
RipF,2930,0,0,sierranevada,12,11,tmin
RockScreeVeg,99119,0,0,sierranevada,12,11,tmin
SMedMarF,16274,0,0,sierranevada,12,11,tmin
Shrub,3805,0,0,sierranevada,12,11,tmin
WaterSurf,246,0,0,sierranevada,12,11,tmin
AlpConF,173767,0,0,sierranevada,12,12,tmin
AlpScrGr,631026,0,0,sierranevada,12,12,tmin
AridScr,763,0,0,sierranevada,12,12,tmin
ArtSurf,8799,0,0,sierranevada,12,12,tmin
BareArea,50,0,0,sierranevada,12,12,tmin
Crop,1432,0,0,sierranevada,12,12,tmin
Grass,77879,0,0,sierranevada,12,12,tmin
HaloVeg,90,0,0,sierranevada,12,12,tmin
HydroRipVeg,1442,0,0,sierranevada,12,12,tmin
MedConF,2985,0,0,sierranevada,12,12,tmin
MedSclF,38375,0,0,sierranevada,12,12,tmin
MedScrub,110617,0,0,sierranevada,12,12,tmin
Reforestation,29221,0,0,sierranevada,12,12,tmin
RipF,2928,0,0,sierranevada,12,12,tmin
RockScreeVeg,99098,0,0,sierranevada,12,12,tmin
SMedMarF,16272,0,0,sierranevada,12,12,tmin
Shrub,3805,0,0,sierranevada,12,12,tmin
WaterSurf,246,0,0,sierranevada,12,12,tmin
