"Id_SNVeg","n_total","n_sig","prop_sig","parque","escala","mes"
"AlpConF",47119,0,0,"aiguestortes",1,1
"AlpScrGr",90179,0,0,"aiguestortes",1,1
"Grass",649,0,0,"aiguestortes",1,1
"HydroRipVeg",599,0,0,"aiguestortes",1,1
"RipF",223,0,0,"aiguestortes",1,1
"RockScreeVeg",60305,0,0,"aiguestortes",1,1
"Shrub",528,0,0,"aiguestortes",1,1
"TempDecF",913,0,0,"aiguestortes",1,1
"WaterSurf",4432,0,0,"aiguestortes",1,1
"AlpConF",47129,0,0,"aiguestortes",1,2
"AlpScrGr",90472,4,0,"aiguestortes",1,2
"Grass",647,0,0,"aiguestortes",1,2
"HydroRipVeg",599,0,0,"aiguestortes",1,2
"RipF",223,0,0,"aiguestortes",1,2
"RockScreeVeg",60535,0,0,"aiguestortes",1,2
"Shrub",528,0,0,"aiguestortes",1,2
"TempDecF",913,0,0,"aiguestortes",1,2
"WaterSurf",4432,0,0,"aiguestortes",1,2
"AlpConF",47131,0,0,"aiguestortes",1,3
"AlpScrGr",90046,0,0,"aiguestortes",1,3
"Grass",650,0,0,"aiguestortes",1,3
"HydroRipVeg",599,0,0,"aiguestortes",1,3
"RipF",223,0,0,"aiguestortes",1,3
"RockScreeVeg",59792,0,0,"aiguestortes",1,3
"Shrub",528,0,0,"aiguestortes",1,3
"TempDecF",913,0,0,"aiguestortes",1,3
"WaterSurf",4426,0,0,"aiguestortes",1,3
"AlpConF",47129,0,0,"aiguestortes",1,4
"AlpScrGr",89976,0,0,"aiguestortes",1,4
"Grass",650,0,0,"aiguestortes",1,4
"HydroRipVeg",599,0,0,"aiguestortes",1,4
"RipF",223,0,0,"aiguestortes",1,4
"RockScreeVeg",59380,0,0,"aiguestortes",1,4
"Shrub",528,0,0,"aiguestortes",1,4
"TempDecF",913,0,0,"aiguestortes",1,4
"WaterSurf",4420,0,0,"aiguestortes",1,4
"AlpConF",47125,0,0,"aiguestortes",1,5
"AlpScrGr",89502,0,0,"aiguestortes",1,5
"Grass",650,0,0,"aiguestortes",1,5
"HydroRipVeg",599,0,0,"aiguestortes",1,5
"RipF",223,0,0,"aiguestortes",1,5
"RockScreeVeg",58338,0,0,"aiguestortes",1,5
"Shrub",528,0,0,"aiguestortes",1,5
"TempDecF",913,0,0,"aiguestortes",1,5
"WaterSurf",4420,0,0,"aiguestortes",1,5
"AlpConF",47156,0,0,"aiguestortes",1,6
"AlpScrGr",89985,0,0,"aiguestortes",1,6
"Grass",650,0,0,"aiguestortes",1,6
"HydroRipVeg",599,0,0,"aiguestortes",1,6
"RipF",223,0,0,"aiguestortes",1,6
"RockScreeVeg",59389,0,0,"aiguestortes",1,6
"Shrub",528,0,0,"aiguestortes",1,6
"TempDecF",913,0,0,"aiguestortes",1,6
"WaterSurf",4420,0,0,"aiguestortes",1,6
"AlpConF",47156,0,0,"aiguestortes",1,7
"AlpScrGr",90194,0,0,"aiguestortes",1,7
"Grass",650,0,0,"aiguestortes",1,7
"HydroRipVeg",599,0,0,"aiguestortes",1,7
"RipF",223,0,0,"aiguestortes",1,7
"RockScreeVeg",59993,0,0,"aiguestortes",1,7
"Shrub",528,0,0,"aiguestortes",1,7
"TempDecF",913,0,0,"aiguestortes",1,7
"WaterSurf",4420,0,0,"aiguestortes",1,7
"AlpConF",47156,0,0,"aiguestortes",1,8
"AlpScrGr",90902,0,0,"aiguestortes",1,8
"Grass",650,0,0,"aiguestortes",1,8
"HydroRipVeg",599,0,0,"aiguestortes",1,8
"RipF",223,0,0,"aiguestortes",1,8
"RockScreeVeg",61591,0,0,"aiguestortes",1,8
"Shrub",528,0,0,"aiguestortes",1,8
"TempDecF",913,0,0,"aiguestortes",1,8
"WaterSurf",4420,0,0,"aiguestortes",1,8
"AlpConF",47133,0,0,"aiguestortes",1,9
"AlpScrGr",91031,0,0,"aiguestortes",1,9
"Grass",650,0,0,"aiguestortes",1,9
"HydroRipVeg",599,0,0,"aiguestortes",1,9
"RipF",223,0,0,"aiguestortes",1,9
"RockScreeVeg",61732,0,0,"aiguestortes",1,9
"Shrub",528,0,0,"aiguestortes",1,9
"TempDecF",913,0,0,"aiguestortes",1,9
"WaterSurf",4423,0,0,"aiguestortes",1,9
"AlpConF",47131,0,0,"aiguestortes",1,10
"AlpScrGr",90476,0,0,"aiguestortes",1,10
"Grass",650,0,0,"aiguestortes",1,10
"HydroRipVeg",599,0,0,"aiguestortes",1,10
"RipF",223,0,0,"aiguestortes",1,10
"RockScreeVeg",60534,0,0,"aiguestortes",1,10
"Shrub",528,0,0,"aiguestortes",1,10
"TempDecF",913,0,0,"aiguestortes",1,10
"WaterSurf",4420,0,0,"aiguestortes",1,10
"AlpConF",47073,0,0,"aiguestortes",1,11
"AlpScrGr",89988,0,0,"aiguestortes",1,11
"Grass",648,0,0,"aiguestortes",1,11
"HydroRipVeg",599,0,0,"aiguestortes",1,11
"RipF",223,0,0,"aiguestortes",1,11
"RockScreeVeg",59406,0,0,"aiguestortes",1,11
"Shrub",528,0,0,"aiguestortes",1,11
"TempDecF",913,0,0,"aiguestortes",1,11
"WaterSurf",4420,0,0,"aiguestortes",1,11
"AlpConF",46858,0,0,"aiguestortes",1,12
"AlpScrGr",89999,0,0,"aiguestortes",1,12
"Grass",643,0,0,"aiguestortes",1,12
"HydroRipVeg",599,0,0,"aiguestortes",1,12
"RipF",223,0,0,"aiguestortes",1,12
"RockScreeVeg",59577,0,0,"aiguestortes",1,12
"Shrub",528,0,0,"aiguestortes",1,12
"TempDecF",904,0,0,"aiguestortes",1,12
"WaterSurf",4422,0,0,"aiguestortes",1,12
"AlpConF",47119,0,0,"aiguestortes",3,1
"AlpScrGr",90179,0,0,"aiguestortes",3,1
"Grass",649,0,0,"aiguestortes",3,1
"HydroRipVeg",599,0,0,"aiguestortes",3,1
"RipF",223,0,0,"aiguestortes",3,1
"RockScreeVeg",60305,0,0,"aiguestortes",3,1
"Shrub",528,0,0,"aiguestortes",3,1
"TempDecF",913,0,0,"aiguestortes",3,1
"WaterSurf",4432,0,0,"aiguestortes",3,1
"AlpConF",47129,0,0,"aiguestortes",3,2
"AlpScrGr",90472,0,0,"aiguestortes",3,2
"Grass",647,0,0,"aiguestortes",3,2
"HydroRipVeg",599,0,0,"aiguestortes",3,2
"RipF",223,0,0,"aiguestortes",3,2
"RockScreeVeg",60535,0,0,"aiguestortes",3,2
"Shrub",528,0,0,"aiguestortes",3,2
"TempDecF",913,0,0,"aiguestortes",3,2
"WaterSurf",4432,0,0,"aiguestortes",3,2
"AlpConF",47131,0,0,"aiguestortes",3,3
"AlpScrGr",90046,0,0,"aiguestortes",3,3
"Grass",650,0,0,"aiguestortes",3,3
"HydroRipVeg",599,0,0,"aiguestortes",3,3
"RipF",223,0,0,"aiguestortes",3,3
"RockScreeVeg",59792,0,0,"aiguestortes",3,3
"Shrub",528,0,0,"aiguestortes",3,3
"TempDecF",913,0,0,"aiguestortes",3,3
"WaterSurf",4426,0,0,"aiguestortes",3,3
"AlpConF",47129,0,0,"aiguestortes",3,4
"AlpScrGr",89976,0,0,"aiguestortes",3,4
"Grass",650,0,0,"aiguestortes",3,4
"HydroRipVeg",599,0,0,"aiguestortes",3,4
"RipF",223,0,0,"aiguestortes",3,4
"RockScreeVeg",59380,0,0,"aiguestortes",3,4
"Shrub",528,0,0,"aiguestortes",3,4
"TempDecF",913,0,0,"aiguestortes",3,4
"WaterSurf",4420,0,0,"aiguestortes",3,4
"AlpConF",47125,0,0,"aiguestortes",3,5
"AlpScrGr",89502,0,0,"aiguestortes",3,5
"Grass",650,0,0,"aiguestortes",3,5
"HydroRipVeg",599,0,0,"aiguestortes",3,5
"RipF",223,0,0,"aiguestortes",3,5
"RockScreeVeg",58338,0,0,"aiguestortes",3,5
"Shrub",528,0,0,"aiguestortes",3,5
"TempDecF",913,0,0,"aiguestortes",3,5
"WaterSurf",4420,0,0,"aiguestortes",3,5
"AlpConF",47156,0,0,"aiguestortes",3,6
"AlpScrGr",89985,0,0,"aiguestortes",3,6
"Grass",650,0,0,"aiguestortes",3,6
"HydroRipVeg",599,0,0,"aiguestortes",3,6
"RipF",223,0,0,"aiguestortes",3,6
"RockScreeVeg",59389,0,0,"aiguestortes",3,6
"Shrub",528,0,0,"aiguestortes",3,6
"TempDecF",913,0,0,"aiguestortes",3,6
"WaterSurf",4420,0,0,"aiguestortes",3,6
"AlpConF",47156,0,0,"aiguestortes",3,7
"AlpScrGr",90194,0,0,"aiguestortes",3,7
"Grass",650,0,0,"aiguestortes",3,7
"HydroRipVeg",599,0,0,"aiguestortes",3,7
"RipF",223,0,0,"aiguestortes",3,7
"RockScreeVeg",59993,0,0,"aiguestortes",3,7
"Shrub",528,0,0,"aiguestortes",3,7
"TempDecF",913,0,0,"aiguestortes",3,7
"WaterSurf",4420,0,0,"aiguestortes",3,7
"AlpConF",47156,11645,24.69,"aiguestortes",3,8
"AlpScrGr",90902,25540,28.1,"aiguestortes",3,8
"Grass",650,461,70.92,"aiguestortes",3,8
"HydroRipVeg",599,259,43.24,"aiguestortes",3,8
"RipF",223,39,17.49,"aiguestortes",3,8
"RockScreeVeg",61591,18918,30.72,"aiguestortes",3,8
"Shrub",528,210,39.77,"aiguestortes",3,8
"TempDecF",913,68,7.45,"aiguestortes",3,8
"WaterSurf",4420,760,17.19,"aiguestortes",3,8
"AlpConF",47133,51,0.11,"aiguestortes",3,9
"AlpScrGr",91031,1069,1.17,"aiguestortes",3,9
"Grass",650,112,17.23,"aiguestortes",3,9
"HydroRipVeg",599,23,3.84,"aiguestortes",3,9
"RipF",223,0,0,"aiguestortes",3,9
"RockScreeVeg",61732,6,0.01,"aiguestortes",3,9
"Shrub",528,1,0.19,"aiguestortes",3,9
"TempDecF",913,0,0,"aiguestortes",3,9
"WaterSurf",4423,5,0.11,"aiguestortes",3,9
"AlpConF",47131,0,0,"aiguestortes",3,10
"AlpScrGr",90476,0,0,"aiguestortes",3,10
"Grass",650,0,0,"aiguestortes",3,10
"HydroRipVeg",599,0,0,"aiguestortes",3,10
"RipF",223,0,0,"aiguestortes",3,10
"RockScreeVeg",60534,0,0,"aiguestortes",3,10
"Shrub",528,0,0,"aiguestortes",3,10
"TempDecF",913,0,0,"aiguestortes",3,10
"WaterSurf",4420,0,0,"aiguestortes",3,10
"AlpConF",47073,0,0,"aiguestortes",3,11
"AlpScrGr",89988,0,0,"aiguestortes",3,11
"Grass",648,0,0,"aiguestortes",3,11
"HydroRipVeg",599,0,0,"aiguestortes",3,11
"RipF",223,0,0,"aiguestortes",3,11
"RockScreeVeg",59406,0,0,"aiguestortes",3,11
"Shrub",528,0,0,"aiguestortes",3,11
"TempDecF",913,0,0,"aiguestortes",3,11
"WaterSurf",4420,0,0,"aiguestortes",3,11
"AlpConF",46858,0,0,"aiguestortes",3,12
"AlpScrGr",89999,0,0,"aiguestortes",3,12
"Grass",643,0,0,"aiguestortes",3,12
"HydroRipVeg",599,0,0,"aiguestortes",3,12
"RipF",223,0,0,"aiguestortes",3,12
"RockScreeVeg",59577,0,0,"aiguestortes",3,12
"Shrub",528,0,0,"aiguestortes",3,12
"TempDecF",904,0,0,"aiguestortes",3,12
"WaterSurf",4422,0,0,"aiguestortes",3,12
"AlpConF",47119,0,0,"aiguestortes",6,1
"AlpScrGr",90179,0,0,"aiguestortes",6,1
"Grass",649,0,0,"aiguestortes",6,1
"HydroRipVeg",599,0,0,"aiguestortes",6,1
"RipF",223,0,0,"aiguestortes",6,1
"RockScreeVeg",60305,0,0,"aiguestortes",6,1
"Shrub",528,0,0,"aiguestortes",6,1
"TempDecF",913,0,0,"aiguestortes",6,1
"WaterSurf",4432,0,0,"aiguestortes",6,1
"AlpConF",47129,0,0,"aiguestortes",6,2
"AlpScrGr",90472,0,0,"aiguestortes",6,2
"Grass",647,0,0,"aiguestortes",6,2
"HydroRipVeg",599,0,0,"aiguestortes",6,2
"RipF",223,0,0,"aiguestortes",6,2
"RockScreeVeg",60535,0,0,"aiguestortes",6,2
"Shrub",528,0,0,"aiguestortes",6,2
"TempDecF",913,0,0,"aiguestortes",6,2
"WaterSurf",4432,7,0.16,"aiguestortes",6,2
"AlpConF",47131,0,0,"aiguestortes",6,3
"AlpScrGr",90046,0,0,"aiguestortes",6,3
"Grass",650,0,0,"aiguestortes",6,3
"HydroRipVeg",599,0,0,"aiguestortes",6,3
"RipF",223,0,0,"aiguestortes",6,3
"RockScreeVeg",59792,0,0,"aiguestortes",6,3
"Shrub",528,0,0,"aiguestortes",6,3
"TempDecF",913,0,0,"aiguestortes",6,3
"WaterSurf",4426,0,0,"aiguestortes",6,3
"AlpConF",47129,0,0,"aiguestortes",6,4
"AlpScrGr",89976,0,0,"aiguestortes",6,4
"Grass",650,0,0,"aiguestortes",6,4
"HydroRipVeg",599,0,0,"aiguestortes",6,4
"RipF",223,0,0,"aiguestortes",6,4
"RockScreeVeg",59380,0,0,"aiguestortes",6,4
"Shrub",528,0,0,"aiguestortes",6,4
"TempDecF",913,0,0,"aiguestortes",6,4
"WaterSurf",4420,0,0,"aiguestortes",6,4
"AlpConF",47125,0,0,"aiguestortes",6,5
"AlpScrGr",89502,0,0,"aiguestortes",6,5
"Grass",650,0,0,"aiguestortes",6,5
"HydroRipVeg",599,0,0,"aiguestortes",6,5
"RipF",223,0,0,"aiguestortes",6,5
"RockScreeVeg",58338,0,0,"aiguestortes",6,5
"Shrub",528,0,0,"aiguestortes",6,5
"TempDecF",913,0,0,"aiguestortes",6,5
"WaterSurf",4420,0,0,"aiguestortes",6,5
"AlpConF",47156,155,0.33,"aiguestortes",6,6
"AlpScrGr",89985,63,0.07,"aiguestortes",6,6
"Grass",650,4,0.62,"aiguestortes",6,6
"HydroRipVeg",599,1,0.17,"aiguestortes",6,6
"RipF",223,0,0,"aiguestortes",6,6
"RockScreeVeg",59389,161,0.27,"aiguestortes",6,6
"Shrub",528,6,1.14,"aiguestortes",6,6
"TempDecF",913,3,0.33,"aiguestortes",6,6
"WaterSurf",4420,1,0.02,"aiguestortes",6,6
"AlpConF",47156,0,0,"aiguestortes",6,7
"AlpScrGr",90194,0,0,"aiguestortes",6,7
"Grass",650,0,0,"aiguestortes",6,7
"HydroRipVeg",599,0,0,"aiguestortes",6,7
"RipF",223,0,0,"aiguestortes",6,7
"RockScreeVeg",59993,0,0,"aiguestortes",6,7
"Shrub",528,0,0,"aiguestortes",6,7
"TempDecF",913,0,0,"aiguestortes",6,7
"WaterSurf",4420,0,0,"aiguestortes",6,7
"AlpConF",47156,0,0,"aiguestortes",6,8
"AlpScrGr",90902,0,0,"aiguestortes",6,8
"Grass",650,0,0,"aiguestortes",6,8
"HydroRipVeg",599,0,0,"aiguestortes",6,8
"RipF",223,0,0,"aiguestortes",6,8
"RockScreeVeg",61591,0,0,"aiguestortes",6,8
"Shrub",528,0,0,"aiguestortes",6,8
"TempDecF",913,0,0,"aiguestortes",6,8
"WaterSurf",4420,0,0,"aiguestortes",6,8
"AlpConF",47133,0,0,"aiguestortes",6,9
"AlpScrGr",91031,0,0,"aiguestortes",6,9
"Grass",650,0,0,"aiguestortes",6,9
"HydroRipVeg",599,0,0,"aiguestortes",6,9
"RipF",223,0,0,"aiguestortes",6,9
"RockScreeVeg",61732,0,0,"aiguestortes",6,9
"Shrub",528,0,0,"aiguestortes",6,9
"TempDecF",913,0,0,"aiguestortes",6,9
"WaterSurf",4423,0,0,"aiguestortes",6,9
"AlpConF",47131,0,0,"aiguestortes",6,10
"AlpScrGr",90476,0,0,"aiguestortes",6,10
"Grass",650,0,0,"aiguestortes",6,10
"HydroRipVeg",599,0,0,"aiguestortes",6,10
"RipF",223,0,0,"aiguestortes",6,10
"RockScreeVeg",60534,0,0,"aiguestortes",6,10
"Shrub",528,0,0,"aiguestortes",6,10
"TempDecF",913,0,0,"aiguestortes",6,10
"WaterSurf",4420,0,0,"aiguestortes",6,10
"AlpConF",47073,0,0,"aiguestortes",6,11
"AlpScrGr",89988,0,0,"aiguestortes",6,11
"Grass",648,0,0,"aiguestortes",6,11
"HydroRipVeg",599,0,0,"aiguestortes",6,11
"RipF",223,0,0,"aiguestortes",6,11
"RockScreeVeg",59406,0,0,"aiguestortes",6,11
"Shrub",528,0,0,"aiguestortes",6,11
"TempDecF",913,0,0,"aiguestortes",6,11
"WaterSurf",4420,0,0,"aiguestortes",6,11
"AlpConF",46858,0,0,"aiguestortes",6,12
"AlpScrGr",89999,0,0,"aiguestortes",6,12
"Grass",643,0,0,"aiguestortes",6,12
"HydroRipVeg",599,0,0,"aiguestortes",6,12
"RipF",223,0,0,"aiguestortes",6,12
"RockScreeVeg",59577,0,0,"aiguestortes",6,12
"Shrub",528,0,0,"aiguestortes",6,12
"TempDecF",904,0,0,"aiguestortes",6,12
"WaterSurf",4422,0,0,"aiguestortes",6,12
"AlpConF",47119,0,0,"aiguestortes",9,1
"AlpScrGr",90179,0,0,"aiguestortes",9,1
"Grass",649,0,0,"aiguestortes",9,1
"HydroRipVeg",599,0,0,"aiguestortes",9,1
"RipF",223,0,0,"aiguestortes",9,1
"RockScreeVeg",60305,0,0,"aiguestortes",9,1
"Shrub",528,0,0,"aiguestortes",9,1
"TempDecF",913,0,0,"aiguestortes",9,1
"WaterSurf",4432,0,0,"aiguestortes",9,1
"AlpConF",47129,0,0,"aiguestortes",9,2
"AlpScrGr",90472,0,0,"aiguestortes",9,2
"Grass",647,0,0,"aiguestortes",9,2
"HydroRipVeg",599,0,0,"aiguestortes",9,2
"RipF",223,0,0,"aiguestortes",9,2
"RockScreeVeg",60535,0,0,"aiguestortes",9,2
"Shrub",528,0,0,"aiguestortes",9,2
"TempDecF",913,0,0,"aiguestortes",9,2
"WaterSurf",4432,9,0.2,"aiguestortes",9,2
"AlpConF",47131,0,0,"aiguestortes",9,3
"AlpScrGr",90046,0,0,"aiguestortes",9,3
"Grass",650,0,0,"aiguestortes",9,3
"HydroRipVeg",599,0,0,"aiguestortes",9,3
"RipF",223,0,0,"aiguestortes",9,3
"RockScreeVeg",59792,0,0,"aiguestortes",9,3
"Shrub",528,0,0,"aiguestortes",9,3
"TempDecF",913,0,0,"aiguestortes",9,3
"WaterSurf",4426,0,0,"aiguestortes",9,3
"AlpConF",47129,0,0,"aiguestortes",9,4
"AlpScrGr",89976,0,0,"aiguestortes",9,4
"Grass",650,0,0,"aiguestortes",9,4
"HydroRipVeg",599,0,0,"aiguestortes",9,4
"RipF",223,0,0,"aiguestortes",9,4
"RockScreeVeg",59380,0,0,"aiguestortes",9,4
"Shrub",528,0,0,"aiguestortes",9,4
"TempDecF",913,0,0,"aiguestortes",9,4
"WaterSurf",4420,0,0,"aiguestortes",9,4
"AlpConF",47125,0,0,"aiguestortes",9,5
"AlpScrGr",89502,0,0,"aiguestortes",9,5
"Grass",650,0,0,"aiguestortes",9,5
"HydroRipVeg",599,0,0,"aiguestortes",9,5
"RipF",223,0,0,"aiguestortes",9,5
"RockScreeVeg",58338,0,0,"aiguestortes",9,5
"Shrub",528,0,0,"aiguestortes",9,5
"TempDecF",913,0,0,"aiguestortes",9,5
"WaterSurf",4420,0,0,"aiguestortes",9,5
"AlpConF",47156,2,0,"aiguestortes",9,6
"AlpScrGr",89985,0,0,"aiguestortes",9,6
"Grass",650,0,0,"aiguestortes",9,6
"HydroRipVeg",599,0,0,"aiguestortes",9,6
"RipF",223,0,0,"aiguestortes",9,6
"RockScreeVeg",59389,0,0,"aiguestortes",9,6
"Shrub",528,0,0,"aiguestortes",9,6
"TempDecF",913,0,0,"aiguestortes",9,6
"WaterSurf",4420,0,0,"aiguestortes",9,6
"AlpConF",47156,0,0,"aiguestortes",9,7
"AlpScrGr",90194,0,0,"aiguestortes",9,7
"Grass",650,0,0,"aiguestortes",9,7
"HydroRipVeg",599,0,0,"aiguestortes",9,7
"RipF",223,0,0,"aiguestortes",9,7
"RockScreeVeg",59993,0,0,"aiguestortes",9,7
"Shrub",528,0,0,"aiguestortes",9,7
"TempDecF",913,0,0,"aiguestortes",9,7
"WaterSurf",4420,0,0,"aiguestortes",9,7
"AlpConF",47156,4,0.01,"aiguestortes",9,8
"AlpScrGr",90902,45,0.05,"aiguestortes",9,8
"Grass",650,0,0,"aiguestortes",9,8
"HydroRipVeg",599,0,0,"aiguestortes",9,8
"RipF",223,0,0,"aiguestortes",9,8
"RockScreeVeg",61591,31,0.05,"aiguestortes",9,8
"Shrub",528,0,0,"aiguestortes",9,8
"TempDecF",913,0,0,"aiguestortes",9,8
"WaterSurf",4420,4,0.09,"aiguestortes",9,8
"AlpConF",47133,0,0,"aiguestortes",9,9
"AlpScrGr",91031,0,0,"aiguestortes",9,9
"Grass",650,0,0,"aiguestortes",9,9
"HydroRipVeg",599,0,0,"aiguestortes",9,9
"RipF",223,0,0,"aiguestortes",9,9
"RockScreeVeg",61732,0,0,"aiguestortes",9,9
"Shrub",528,0,0,"aiguestortes",9,9
"TempDecF",913,0,0,"aiguestortes",9,9
"WaterSurf",4423,0,0,"aiguestortes",9,9
"AlpConF",47131,0,0,"aiguestortes",9,10
"AlpScrGr",90476,0,0,"aiguestortes",9,10
"Grass",650,0,0,"aiguestortes",9,10
"HydroRipVeg",599,0,0,"aiguestortes",9,10
"RipF",223,0,0,"aiguestortes",9,10
"RockScreeVeg",60534,0,0,"aiguestortes",9,10
"Shrub",528,0,0,"aiguestortes",9,10
"TempDecF",913,0,0,"aiguestortes",9,10
"WaterSurf",4420,0,0,"aiguestortes",9,10
"AlpConF",47073,0,0,"aiguestortes",9,11
"AlpScrGr",89988,0,0,"aiguestortes",9,11
"Grass",648,0,0,"aiguestortes",9,11
"HydroRipVeg",599,0,0,"aiguestortes",9,11
"RipF",223,0,0,"aiguestortes",9,11
"RockScreeVeg",59406,0,0,"aiguestortes",9,11
"Shrub",528,0,0,"aiguestortes",9,11
"TempDecF",913,0,0,"aiguestortes",9,11
"WaterSurf",4420,0,0,"aiguestortes",9,11
"AlpConF",46858,0,0,"aiguestortes",9,12
"AlpScrGr",89999,0,0,"aiguestortes",9,12
"Grass",643,0,0,"aiguestortes",9,12
"HydroRipVeg",599,0,0,"aiguestortes",9,12
"RipF",223,0,0,"aiguestortes",9,12
"RockScreeVeg",59577,0,0,"aiguestortes",9,12
"Shrub",528,0,0,"aiguestortes",9,12
"TempDecF",904,0,0,"aiguestortes",9,12
"WaterSurf",4422,0,0,"aiguestortes",9,12
"AlpConF",47119,0,0,"aiguestortes",12,1
"AlpScrGr",90179,0,0,"aiguestortes",12,1
"Grass",649,0,0,"aiguestortes",12,1
"HydroRipVeg",599,0,0,"aiguestortes",12,1
"RipF",223,0,0,"aiguestortes",12,1
"RockScreeVeg",60305,0,0,"aiguestortes",12,1
"Shrub",528,0,0,"aiguestortes",12,1
"TempDecF",913,0,0,"aiguestortes",12,1
"WaterSurf",4432,0,0,"aiguestortes",12,1
"AlpConF",47129,0,0,"aiguestortes",12,2
"AlpScrGr",90472,0,0,"aiguestortes",12,2
"Grass",647,0,0,"aiguestortes",12,2
"HydroRipVeg",599,0,0,"aiguestortes",12,2
"RipF",223,0,0,"aiguestortes",12,2
"RockScreeVeg",60535,0,0,"aiguestortes",12,2
"Shrub",528,0,0,"aiguestortes",12,2
"TempDecF",913,0,0,"aiguestortes",12,2
"WaterSurf",4432,9,0.2,"aiguestortes",12,2
"AlpConF",47131,2,0,"aiguestortes",12,3
"AlpScrGr",90046,0,0,"aiguestortes",12,3
"Grass",650,0,0,"aiguestortes",12,3
"HydroRipVeg",599,0,0,"aiguestortes",12,3
"RipF",223,0,0,"aiguestortes",12,3
"RockScreeVeg",59792,0,0,"aiguestortes",12,3
"Shrub",528,0,0,"aiguestortes",12,3
"TempDecF",913,0,0,"aiguestortes",12,3
"WaterSurf",4426,0,0,"aiguestortes",12,3
"AlpConF",47129,0,0,"aiguestortes",12,4
"AlpScrGr",89976,0,0,"aiguestortes",12,4
"Grass",650,0,0,"aiguestortes",12,4
"HydroRipVeg",599,0,0,"aiguestortes",12,4
"RipF",223,0,0,"aiguestortes",12,4
"RockScreeVeg",59380,0,0,"aiguestortes",12,4
"Shrub",528,0,0,"aiguestortes",12,4
"TempDecF",913,0,0,"aiguestortes",12,4
"WaterSurf",4420,0,0,"aiguestortes",12,4
"AlpConF",47125,0,0,"aiguestortes",12,5
"AlpScrGr",89502,0,0,"aiguestortes",12,5
"Grass",650,0,0,"aiguestortes",12,5
"HydroRipVeg",599,0,0,"aiguestortes",12,5
"RipF",223,0,0,"aiguestortes",12,5
"RockScreeVeg",58338,0,0,"aiguestortes",12,5
"Shrub",528,0,0,"aiguestortes",12,5
"TempDecF",913,0,0,"aiguestortes",12,5
"WaterSurf",4420,0,0,"aiguestortes",12,5
"AlpConF",47156,0,0,"aiguestortes",12,6
"AlpScrGr",89985,0,0,"aiguestortes",12,6
"Grass",650,0,0,"aiguestortes",12,6
"HydroRipVeg",599,0,0,"aiguestortes",12,6
"RipF",223,0,0,"aiguestortes",12,6
"RockScreeVeg",59389,0,0,"aiguestortes",12,6
"Shrub",528,0,0,"aiguestortes",12,6
"TempDecF",913,0,0,"aiguestortes",12,6
"WaterSurf",4420,0,0,"aiguestortes",12,6
"AlpConF",47156,0,0,"aiguestortes",12,7
"AlpScrGr",90194,0,0,"aiguestortes",12,7
"Grass",650,0,0,"aiguestortes",12,7
"HydroRipVeg",599,0,0,"aiguestortes",12,7
"RipF",223,0,0,"aiguestortes",12,7
"RockScreeVeg",59993,0,0,"aiguestortes",12,7
"Shrub",528,0,0,"aiguestortes",12,7
"TempDecF",913,0,0,"aiguestortes",12,7
"WaterSurf",4420,0,0,"aiguestortes",12,7
"AlpConF",47156,4212,8.93,"aiguestortes",12,8
"AlpScrGr",90902,10336,11.37,"aiguestortes",12,8
"Grass",650,119,18.31,"aiguestortes",12,8
"HydroRipVeg",599,83,13.86,"aiguestortes",12,8
"RipF",223,13,5.83,"aiguestortes",12,8
"RockScreeVeg",61591,4362,7.08,"aiguestortes",12,8
"Shrub",528,89,16.86,"aiguestortes",12,8
"TempDecF",913,41,4.49,"aiguestortes",12,8
"WaterSurf",4420,383,8.67,"aiguestortes",12,8
"AlpConF",47133,0,0,"aiguestortes",12,9
"AlpScrGr",91031,0,0,"aiguestortes",12,9
"Grass",650,0,0,"aiguestortes",12,9
"HydroRipVeg",599,0,0,"aiguestortes",12,9
"RipF",223,0,0,"aiguestortes",12,9
"RockScreeVeg",61732,0,0,"aiguestortes",12,9
"Shrub",528,0,0,"aiguestortes",12,9
"TempDecF",913,0,0,"aiguestortes",12,9
"WaterSurf",4423,0,0,"aiguestortes",12,9
"AlpConF",47131,0,0,"aiguestortes",12,10
"AlpScrGr",90476,0,0,"aiguestortes",12,10
"Grass",650,0,0,"aiguestortes",12,10
"HydroRipVeg",599,0,0,"aiguestortes",12,10
"RipF",223,0,0,"aiguestortes",12,10
"RockScreeVeg",60534,0,0,"aiguestortes",12,10
"Shrub",528,0,0,"aiguestortes",12,10
"TempDecF",913,0,0,"aiguestortes",12,10
"WaterSurf",4420,0,0,"aiguestortes",12,10
"AlpConF",47073,0,0,"aiguestortes",12,11
"AlpScrGr",89988,0,0,"aiguestortes",12,11
"Grass",648,0,0,"aiguestortes",12,11
"HydroRipVeg",599,0,0,"aiguestortes",12,11
"RipF",223,0,0,"aiguestortes",12,11
"RockScreeVeg",59406,0,0,"aiguestortes",12,11
"Shrub",528,0,0,"aiguestortes",12,11
"TempDecF",913,0,0,"aiguestortes",12,11
"WaterSurf",4420,0,0,"aiguestortes",12,11
"AlpConF",46858,0,0,"aiguestortes",12,12
"AlpScrGr",89999,0,0,"aiguestortes",12,12
"Grass",643,0,0,"aiguestortes",12,12
"HydroRipVeg",599,0,0,"aiguestortes",12,12
"RipF",223,0,0,"aiguestortes",12,12
"RockScreeVeg",59577,0,0,"aiguestortes",12,12
"Shrub",528,0,0,"aiguestortes",12,12
"TempDecF",904,0,0,"aiguestortes",12,12
"WaterSurf",4422,0,0,"aiguestortes",12,12
"ArtSurf",7418,0,0,"cabaneros",1,1
"Crop",2473,0,0,"cabaneros",1,1
"Dehesa",36272,0,0,"cabaneros",1,1
"Grass",52784,0,0,"cabaneros",1,1
"HydroRipVeg",554,0,0,"cabaneros",1,1
"MedConF",35896,0,0,"cabaneros",1,1
"MedSclF",158690,0,0,"cabaneros",1,1
"MedScrub",187005,0,0,"cabaneros",1,1
"Reforestation",57,0,0,"cabaneros",1,1
"RipF",4764,0,0,"cabaneros",1,1
"RockScreeVeg",11067,0,0,"cabaneros",1,1
"SMedMarF",69447,0,0,"cabaneros",1,1
"Shrub",21978,0,0,"cabaneros",1,1
"WaterSurf",177,0,0,"cabaneros",1,1
"ArtSurf",7418,0,0,"cabaneros",1,2
"Crop",2473,0,0,"cabaneros",1,2
"Dehesa",36272,0,0,"cabaneros",1,2
"Grass",52784,0,0,"cabaneros",1,2
"HydroRipVeg",554,0,0,"cabaneros",1,2
"MedConF",35896,0,0,"cabaneros",1,2
"MedSclF",158690,0,0,"cabaneros",1,2
"MedScrub",187005,0,0,"cabaneros",1,2
"Reforestation",57,0,0,"cabaneros",1,2
"RipF",4764,0,0,"cabaneros",1,2
"RockScreeVeg",11067,0,0,"cabaneros",1,2
"SMedMarF",69447,0,0,"cabaneros",1,2
"Shrub",21978,0,0,"cabaneros",1,2
"WaterSurf",177,0,0,"cabaneros",1,2
"ArtSurf",7418,0,0,"cabaneros",1,3
"Crop",2473,0,0,"cabaneros",1,3
"Dehesa",36272,0,0,"cabaneros",1,3
"Grass",52784,0,0,"cabaneros",1,3
"HydroRipVeg",554,0,0,"cabaneros",1,3
"MedConF",35896,0,0,"cabaneros",1,3
"MedSclF",158690,0,0,"cabaneros",1,3
"MedScrub",187005,0,0,"cabaneros",1,3
"Reforestation",57,0,0,"cabaneros",1,3
"RipF",4764,0,0,"cabaneros",1,3
"RockScreeVeg",11067,0,0,"cabaneros",1,3
"SMedMarF",69447,0,0,"cabaneros",1,3
"Shrub",21978,0,0,"cabaneros",1,3
"WaterSurf",177,0,0,"cabaneros",1,3
"ArtSurf",7418,0,0,"cabaneros",1,4
"Crop",2473,0,0,"cabaneros",1,4
"Dehesa",36272,0,0,"cabaneros",1,4
"Grass",52784,0,0,"cabaneros",1,4
"HydroRipVeg",554,0,0,"cabaneros",1,4
"MedConF",35896,0,0,"cabaneros",1,4
"MedSclF",158690,0,0,"cabaneros",1,4
"MedScrub",187005,0,0,"cabaneros",1,4
"Reforestation",57,0,0,"cabaneros",1,4
"RipF",4764,0,0,"cabaneros",1,4
"RockScreeVeg",11067,0,0,"cabaneros",1,4
"SMedMarF",69447,0,0,"cabaneros",1,4
"Shrub",21978,0,0,"cabaneros",1,4
"WaterSurf",177,0,0,"cabaneros",1,4
"ArtSurf",7418,0,0,"cabaneros",1,5
"Crop",2473,0,0,"cabaneros",1,5
"Dehesa",36272,0,0,"cabaneros",1,5
"Grass",52784,0,0,"cabaneros",1,5
"HydroRipVeg",554,0,0,"cabaneros",1,5
"MedConF",35896,0,0,"cabaneros",1,5
"MedSclF",158690,0,0,"cabaneros",1,5
"MedScrub",187005,0,0,"cabaneros",1,5
"Reforestation",57,0,0,"cabaneros",1,5
"RipF",4764,0,0,"cabaneros",1,5
"RockScreeVeg",11067,0,0,"cabaneros",1,5
"SMedMarF",69447,0,0,"cabaneros",1,5
"Shrub",21978,0,0,"cabaneros",1,5
"WaterSurf",177,0,0,"cabaneros",1,5
"ArtSurf",7418,0,0,"cabaneros",1,6
"Crop",2473,0,0,"cabaneros",1,6
"Dehesa",36272,0,0,"cabaneros",1,6
"Grass",52784,0,0,"cabaneros",1,6
"HydroRipVeg",554,0,0,"cabaneros",1,6
"MedConF",35896,0,0,"cabaneros",1,6
"MedSclF",158690,1,0,"cabaneros",1,6
"MedScrub",187005,1,0,"cabaneros",1,6
"Reforestation",57,0,0,"cabaneros",1,6
"RipF",4764,0,0,"cabaneros",1,6
"RockScreeVeg",11067,2,0.02,"cabaneros",1,6
"SMedMarF",69447,0,0,"cabaneros",1,6
"Shrub",21978,0,0,"cabaneros",1,6
"WaterSurf",177,0,0,"cabaneros",1,6
"ArtSurf",7418,0,0,"cabaneros",1,7
"Crop",2473,0,0,"cabaneros",1,7
"Dehesa",36272,0,0,"cabaneros",1,7
"Grass",52784,0,0,"cabaneros",1,7
"HydroRipVeg",554,0,0,"cabaneros",1,7
"MedConF",35896,0,0,"cabaneros",1,7
"MedSclF",158690,0,0,"cabaneros",1,7
"MedScrub",187005,0,0,"cabaneros",1,7
"Reforestation",57,0,0,"cabaneros",1,7
"RipF",4764,0,0,"cabaneros",1,7
"RockScreeVeg",11067,0,0,"cabaneros",1,7
"SMedMarF",69447,0,0,"cabaneros",1,7
"Shrub",21978,0,0,"cabaneros",1,7
"WaterSurf",177,0,0,"cabaneros",1,7
"ArtSurf",7418,0,0,"cabaneros",1,8
"Crop",2473,0,0,"cabaneros",1,8
"Dehesa",36272,0,0,"cabaneros",1,8
"Grass",52784,0,0,"cabaneros",1,8
"HydroRipVeg",554,0,0,"cabaneros",1,8
"MedConF",35896,0,0,"cabaneros",1,8
"MedSclF",158690,0,0,"cabaneros",1,8
"MedScrub",187005,0,0,"cabaneros",1,8
"Reforestation",57,0,0,"cabaneros",1,8
"RipF",4764,0,0,"cabaneros",1,8
"RockScreeVeg",11067,0,0,"cabaneros",1,8
"SMedMarF",69447,0,0,"cabaneros",1,8
"Shrub",21978,0,0,"cabaneros",1,8
"WaterSurf",177,0,0,"cabaneros",1,8
"ArtSurf",7418,0,0,"cabaneros",1,9
"Crop",2473,0,0,"cabaneros",1,9
"Dehesa",36272,0,0,"cabaneros",1,9
"Grass",52784,0,0,"cabaneros",1,9
"HydroRipVeg",554,0,0,"cabaneros",1,9
"MedConF",35896,0,0,"cabaneros",1,9
"MedSclF",158690,0,0,"cabaneros",1,9
"MedScrub",187005,0,0,"cabaneros",1,9
"Reforestation",57,0,0,"cabaneros",1,9
"RipF",4764,0,0,"cabaneros",1,9
"RockScreeVeg",11067,3,0.03,"cabaneros",1,9
"SMedMarF",69447,10,0.01,"cabaneros",1,9
"Shrub",21978,0,0,"cabaneros",1,9
"WaterSurf",177,0,0,"cabaneros",1,9
"ArtSurf",7418,0,0,"cabaneros",1,10
"Crop",2473,0,0,"cabaneros",1,10
"Dehesa",36272,0,0,"cabaneros",1,10
"Grass",52784,0,0,"cabaneros",1,10
"HydroRipVeg",554,0,0,"cabaneros",1,10
"MedConF",35896,0,0,"cabaneros",1,10
"MedSclF",158690,0,0,"cabaneros",1,10
"MedScrub",187005,0,0,"cabaneros",1,10
"Reforestation",57,0,0,"cabaneros",1,10
"RipF",4764,0,0,"cabaneros",1,10
"RockScreeVeg",11067,0,0,"cabaneros",1,10
"SMedMarF",69447,0,0,"cabaneros",1,10
"Shrub",21978,0,0,"cabaneros",1,10
"WaterSurf",177,0,0,"cabaneros",1,10
"ArtSurf",7418,0,0,"cabaneros",1,11
"Crop",2473,0,0,"cabaneros",1,11
"Dehesa",36272,0,0,"cabaneros",1,11
"Grass",52784,0,0,"cabaneros",1,11
"HydroRipVeg",554,0,0,"cabaneros",1,11
"MedConF",35896,0,0,"cabaneros",1,11
"MedSclF",158690,0,0,"cabaneros",1,11
"MedScrub",187005,0,0,"cabaneros",1,11
"Reforestation",57,0,0,"cabaneros",1,11
"RipF",4764,0,0,"cabaneros",1,11
"RockScreeVeg",11067,0,0,"cabaneros",1,11
"SMedMarF",69447,0,0,"cabaneros",1,11
"Shrub",21978,0,0,"cabaneros",1,11
"WaterSurf",177,0,0,"cabaneros",1,11
"ArtSurf",7418,0,0,"cabaneros",1,12
"Crop",2473,0,0,"cabaneros",1,12
"Dehesa",36272,0,0,"cabaneros",1,12
"Grass",52784,0,0,"cabaneros",1,12
"HydroRipVeg",554,0,0,"cabaneros",1,12
"MedConF",35896,0,0,"cabaneros",1,12
"MedSclF",158688,0,0,"cabaneros",1,12
"MedScrub",187005,0,0,"cabaneros",1,12
"Reforestation",57,0,0,"cabaneros",1,12
"RipF",4764,0,0,"cabaneros",1,12
"RockScreeVeg",11067,0,0,"cabaneros",1,12
"SMedMarF",69447,0,0,"cabaneros",1,12
"Shrub",21978,0,0,"cabaneros",1,12
"WaterSurf",177,0,0,"cabaneros",1,12
"ArtSurf",7418,0,0,"cabaneros",3,1
"Crop",2473,0,0,"cabaneros",3,1
"Dehesa",36272,0,0,"cabaneros",3,1
"Grass",52784,0,0,"cabaneros",3,1
"HydroRipVeg",554,0,0,"cabaneros",3,1
"MedConF",35896,0,0,"cabaneros",3,1
"MedSclF",158690,0,0,"cabaneros",3,1
"MedScrub",187005,0,0,"cabaneros",3,1
"Reforestation",57,0,0,"cabaneros",3,1
"RipF",4764,0,0,"cabaneros",3,1
"RockScreeVeg",11067,0,0,"cabaneros",3,1
"SMedMarF",69447,0,0,"cabaneros",3,1
"Shrub",21978,0,0,"cabaneros",3,1
"WaterSurf",177,0,0,"cabaneros",3,1
"ArtSurf",7418,0,0,"cabaneros",3,2
"Crop",2473,0,0,"cabaneros",3,2
"Dehesa",36272,0,0,"cabaneros",3,2
"Grass",52784,0,0,"cabaneros",3,2
"HydroRipVeg",554,0,0,"cabaneros",3,2
"MedConF",35896,0,0,"cabaneros",3,2
"MedSclF",158690,0,0,"cabaneros",3,2
"MedScrub",187005,0,0,"cabaneros",3,2
"Reforestation",57,0,0,"cabaneros",3,2
"RipF",4764,0,0,"cabaneros",3,2
"RockScreeVeg",11067,0,0,"cabaneros",3,2
"SMedMarF",69447,0,0,"cabaneros",3,2
"Shrub",21978,0,0,"cabaneros",3,2
"WaterSurf",177,0,0,"cabaneros",3,2
"ArtSurf",7418,0,0,"cabaneros",3,3
"Crop",2473,0,0,"cabaneros",3,3
"Dehesa",36272,15,0.04,"cabaneros",3,3
"Grass",52784,24,0.05,"cabaneros",3,3
"HydroRipVeg",554,0,0,"cabaneros",3,3
"MedConF",35896,0,0,"cabaneros",3,3
"MedSclF",158690,4,0,"cabaneros",3,3
"MedScrub",187005,20,0.01,"cabaneros",3,3
"Reforestation",57,0,0,"cabaneros",3,3
"RipF",4764,0,0,"cabaneros",3,3
"RockScreeVeg",11067,2,0.02,"cabaneros",3,3
"SMedMarF",69447,2,0,"cabaneros",3,3
"Shrub",21978,3,0.01,"cabaneros",3,3
"WaterSurf",177,0,0,"cabaneros",3,3
"ArtSurf",7418,495,6.67,"cabaneros",3,4
"Crop",2473,459,18.56,"cabaneros",3,4
"Dehesa",36272,15339,42.29,"cabaneros",3,4
"Grass",52784,30454,57.7,"cabaneros",3,4
"HydroRipVeg",554,33,5.96,"cabaneros",3,4
"MedConF",35896,79,0.22,"cabaneros",3,4
"MedSclF",158690,3975,2.5,"cabaneros",3,4
"MedScrub",187005,9920,5.3,"cabaneros",3,4
"Reforestation",57,0,0,"cabaneros",3,4
"RipF",4764,184,3.86,"cabaneros",3,4
"RockScreeVeg",11067,342,3.09,"cabaneros",3,4
"SMedMarF",69447,1411,2.03,"cabaneros",3,4
"Shrub",21978,1166,5.31,"cabaneros",3,4
"WaterSurf",177,21,11.86,"cabaneros",3,4
"ArtSurf",7418,1022,13.78,"cabaneros",3,5
"Crop",2473,1442,58.31,"cabaneros",3,5
"Dehesa",36272,21774,60.03,"cabaneros",3,5
"Grass",52784,43900,83.17,"cabaneros",3,5
"HydroRipVeg",554,69,12.45,"cabaneros",3,5
"MedConF",35896,147,0.41,"cabaneros",3,5
"MedSclF",158690,7823,4.93,"cabaneros",3,5
"MedScrub",187005,20987,11.22,"cabaneros",3,5
"Reforestation",57,0,0,"cabaneros",3,5
"RipF",4764,369,7.75,"cabaneros",3,5
"RockScreeVeg",11067,632,5.71,"cabaneros",3,5
"SMedMarF",69447,1956,2.82,"cabaneros",3,5
"Shrub",21978,1578,7.18,"cabaneros",3,5
"WaterSurf",177,28,15.82,"cabaneros",3,5
"ArtSurf",7418,1330,17.93,"cabaneros",3,6
"Crop",2473,1252,50.63,"cabaneros",3,6
"Dehesa",36272,15522,42.79,"cabaneros",3,6
"Grass",52784,33545,63.55,"cabaneros",3,6
"HydroRipVeg",554,136,24.55,"cabaneros",3,6
"MedConF",35896,96,0.27,"cabaneros",3,6
"MedSclF",158690,16413,10.34,"cabaneros",3,6
"MedScrub",187005,44456,23.77,"cabaneros",3,6
"Reforestation",57,0,0,"cabaneros",3,6
"RipF",4764,621,13.04,"cabaneros",3,6
"RockScreeVeg",11067,723,6.53,"cabaneros",3,6
"SMedMarF",69447,4482,6.45,"cabaneros",3,6
"Shrub",21978,3675,16.72,"cabaneros",3,6
"WaterSurf",177,19,10.73,"cabaneros",3,6
"ArtSurf",7418,825,11.12,"cabaneros",3,7
"Crop",2473,373,15.08,"cabaneros",3,7
"Dehesa",36272,9157,25.25,"cabaneros",3,7
"Grass",52784,19731,37.38,"cabaneros",3,7
"HydroRipVeg",554,78,14.08,"cabaneros",3,7
"MedConF",35896,129,0.36,"cabaneros",3,7
"MedSclF",158690,8364,5.27,"cabaneros",3,7
"MedScrub",187005,41988,22.45,"cabaneros",3,7
"Reforestation",57,0,0,"cabaneros",3,7
"RipF",4764,300,6.3,"cabaneros",3,7
"RockScreeVeg",11067,523,4.73,"cabaneros",3,7
"SMedMarF",69447,3670,5.28,"cabaneros",3,7
"Shrub",21978,2526,11.49,"cabaneros",3,7
"WaterSurf",177,0,0,"cabaneros",3,7
"ArtSurf",7418,0,0,"cabaneros",3,8
"Crop",2473,0,0,"cabaneros",3,8
"Dehesa",36272,0,0,"cabaneros",3,8
"Grass",52784,0,0,"cabaneros",3,8
"HydroRipVeg",554,0,0,"cabaneros",3,8
"MedConF",35896,0,0,"cabaneros",3,8
"MedSclF",158690,0,0,"cabaneros",3,8
"MedScrub",187005,0,0,"cabaneros",3,8
"Reforestation",57,0,0,"cabaneros",3,8
"RipF",4764,0,0,"cabaneros",3,8
"RockScreeVeg",11067,0,0,"cabaneros",3,8
"SMedMarF",69447,0,0,"cabaneros",3,8
"Shrub",21978,0,0,"cabaneros",3,8
"WaterSurf",177,0,0,"cabaneros",3,8
"ArtSurf",7418,0,0,"cabaneros",3,9
"Crop",2473,0,0,"cabaneros",3,9
"Dehesa",36272,0,0,"cabaneros",3,9
"Grass",52784,0,0,"cabaneros",3,9
"HydroRipVeg",554,0,0,"cabaneros",3,9
"MedConF",35896,0,0,"cabaneros",3,9
"MedSclF",158690,0,0,"cabaneros",3,9
"MedScrub",187005,0,0,"cabaneros",3,9
"Reforestation",57,0,0,"cabaneros",3,9
"RipF",4764,0,0,"cabaneros",3,9
"RockScreeVeg",11067,0,0,"cabaneros",3,9
"SMedMarF",69447,0,0,"cabaneros",3,9
"Shrub",21978,0,0,"cabaneros",3,9
"WaterSurf",177,0,0,"cabaneros",3,9
"ArtSurf",7418,0,0,"cabaneros",3,10
"Crop",2473,0,0,"cabaneros",3,10
"Dehesa",36272,0,0,"cabaneros",3,10
"Grass",52784,0,0,"cabaneros",3,10
"HydroRipVeg",554,0,0,"cabaneros",3,10
"MedConF",35896,0,0,"cabaneros",3,10
"MedSclF",158690,0,0,"cabaneros",3,10
"MedScrub",187005,0,0,"cabaneros",3,10
"Reforestation",57,0,0,"cabaneros",3,10
"RipF",4764,0,0,"cabaneros",3,10
"RockScreeVeg",11067,0,0,"cabaneros",3,10
"SMedMarF",69447,0,0,"cabaneros",3,10
"Shrub",21978,0,0,"cabaneros",3,10
"WaterSurf",177,0,0,"cabaneros",3,10
"ArtSurf",7418,0,0,"cabaneros",3,11
"Crop",2473,0,0,"cabaneros",3,11
"Dehesa",36272,0,0,"cabaneros",3,11
"Grass",52784,0,0,"cabaneros",3,11
"HydroRipVeg",554,0,0,"cabaneros",3,11
"MedConF",35896,0,0,"cabaneros",3,11
"MedSclF",158690,0,0,"cabaneros",3,11
"MedScrub",187005,0,0,"cabaneros",3,11
"Reforestation",57,0,0,"cabaneros",3,11
"RipF",4764,0,0,"cabaneros",3,11
"RockScreeVeg",11067,0,0,"cabaneros",3,11
"SMedMarF",69447,0,0,"cabaneros",3,11
"Shrub",21978,0,0,"cabaneros",3,11
"WaterSurf",177,0,0,"cabaneros",3,11
"ArtSurf",7418,0,0,"cabaneros",3,12
"Crop",2473,0,0,"cabaneros",3,12
"Dehesa",36272,0,0,"cabaneros",3,12
"Grass",52784,0,0,"cabaneros",3,12
"HydroRipVeg",554,0,0,"cabaneros",3,12
"MedConF",35896,0,0,"cabaneros",3,12
"MedSclF",158688,0,0,"cabaneros",3,12
"MedScrub",187005,0,0,"cabaneros",3,12
"Reforestation",57,0,0,"cabaneros",3,12
"RipF",4764,0,0,"cabaneros",3,12
"RockScreeVeg",11067,0,0,"cabaneros",3,12
"SMedMarF",69447,0,0,"cabaneros",3,12
"Shrub",21978,0,0,"cabaneros",3,12
"WaterSurf",177,0,0,"cabaneros",3,12
"ArtSurf",7418,0,0,"cabaneros",6,1
"Crop",2473,0,0,"cabaneros",6,1
"Dehesa",36272,0,0,"cabaneros",6,1
"Grass",52784,0,0,"cabaneros",6,1
"HydroRipVeg",554,0,0,"cabaneros",6,1
"MedConF",35896,0,0,"cabaneros",6,1
"MedSclF",158690,0,0,"cabaneros",6,1
"MedScrub",187005,0,0,"cabaneros",6,1
"Reforestation",57,0,0,"cabaneros",6,1
"RipF",4764,0,0,"cabaneros",6,1
"RockScreeVeg",11067,0,0,"cabaneros",6,1
"SMedMarF",69447,0,0,"cabaneros",6,1
"Shrub",21978,0,0,"cabaneros",6,1
"WaterSurf",177,0,0,"cabaneros",6,1
"ArtSurf",7418,1,0.01,"cabaneros",6,2
"Crop",2473,0,0,"cabaneros",6,2
"Dehesa",36272,1,0,"cabaneros",6,2
"Grass",52784,3,0.01,"cabaneros",6,2
"HydroRipVeg",554,0,0,"cabaneros",6,2
"MedConF",35896,0,0,"cabaneros",6,2
"MedSclF",158690,0,0,"cabaneros",6,2
"MedScrub",187005,2,0,"cabaneros",6,2
"Reforestation",57,0,0,"cabaneros",6,2
"RipF",4764,0,0,"cabaneros",6,2
"RockScreeVeg",11067,0,0,"cabaneros",6,2
"SMedMarF",69447,4,0.01,"cabaneros",6,2
"Shrub",21978,0,0,"cabaneros",6,2
"WaterSurf",177,0,0,"cabaneros",6,2
"ArtSurf",7418,0,0,"cabaneros",6,3
"Crop",2473,0,0,"cabaneros",6,3
"Dehesa",36272,153,0.42,"cabaneros",6,3
"Grass",52784,148,0.28,"cabaneros",6,3
"HydroRipVeg",554,0,0,"cabaneros",6,3
"MedConF",35896,0,0,"cabaneros",6,3
"MedSclF",158690,7,0,"cabaneros",6,3
"MedScrub",187005,18,0.01,"cabaneros",6,3
"Reforestation",57,0,0,"cabaneros",6,3
"RipF",4764,1,0.02,"cabaneros",6,3
"RockScreeVeg",11067,0,0,"cabaneros",6,3
"SMedMarF",69447,4,0.01,"cabaneros",6,3
"Shrub",21978,19,0.09,"cabaneros",6,3
"WaterSurf",177,0,0,"cabaneros",6,3
"ArtSurf",7418,160,2.16,"cabaneros",6,4
"Crop",2473,1085,43.87,"cabaneros",6,4
"Dehesa",36272,8839,24.37,"cabaneros",6,4
"Grass",52784,20039,37.96,"cabaneros",6,4
"HydroRipVeg",554,40,7.22,"cabaneros",6,4
"MedConF",35896,10,0.03,"cabaneros",6,4
"MedSclF",158690,1400,0.88,"cabaneros",6,4
"MedScrub",187005,2079,1.11,"cabaneros",6,4
"Reforestation",57,2,3.51,"cabaneros",6,4
"RipF",4764,82,1.72,"cabaneros",6,4
"RockScreeVeg",11067,57,0.52,"cabaneros",6,4
"SMedMarF",69447,1024,1.47,"cabaneros",6,4
"Shrub",21978,900,4.1,"cabaneros",6,4
"WaterSurf",177,4,2.26,"cabaneros",6,4
"ArtSurf",7418,342,4.61,"cabaneros",6,5
"Crop",2473,949,38.37,"cabaneros",6,5
"Dehesa",36272,6578,18.14,"cabaneros",6,5
"Grass",52784,11573,21.93,"cabaneros",6,5
"HydroRipVeg",554,56,10.11,"cabaneros",6,5
"MedConF",35896,26,0.07,"cabaneros",6,5
"MedSclF",158690,5871,3.7,"cabaneros",6,5
"MedScrub",187005,9451,5.05,"cabaneros",6,5
"Reforestation",57,9,15.79,"cabaneros",6,5
"RipF",4764,282,5.92,"cabaneros",6,5
"RockScreeVeg",11067,212,1.92,"cabaneros",6,5
"SMedMarF",69447,2861,4.12,"cabaneros",6,5
"Shrub",21978,1141,5.19,"cabaneros",6,5
"WaterSurf",177,6,3.39,"cabaneros",6,5
"ArtSurf",7418,3188,42.98,"cabaneros",6,6
"Crop",2473,2206,89.2,"cabaneros",6,6
"Dehesa",36272,25714,70.89,"cabaneros",6,6
"Grass",52784,44938,85.14,"cabaneros",6,6
"HydroRipVeg",554,238,42.96,"cabaneros",6,6
"MedConF",35896,503,1.4,"cabaneros",6,6
"MedSclF",158690,86587,54.56,"cabaneros",6,6
"MedScrub",187005,120497,64.44,"cabaneros",6,6
"Reforestation",57,13,22.81,"cabaneros",6,6
"RipF",4764,1644,34.51,"cabaneros",6,6
"RockScreeVeg",11067,1654,14.95,"cabaneros",6,6
"SMedMarF",69447,25524,36.75,"cabaneros",6,6
"Shrub",21978,14478,65.87,"cabaneros",6,6
"WaterSurf",177,66,37.29,"cabaneros",6,6
"ArtSurf",7418,3530,47.59,"cabaneros",6,7
"Crop",2473,2135,86.33,"cabaneros",6,7
"Dehesa",36272,26203,72.24,"cabaneros",6,7
"Grass",52784,45886,86.93,"cabaneros",6,7
"HydroRipVeg",554,269,48.56,"cabaneros",6,7
"MedConF",35896,459,1.28,"cabaneros",6,7
"MedSclF",158690,77393,48.77,"cabaneros",6,7
"MedScrub",187005,121035,64.72,"cabaneros",6,7
"Reforestation",57,26,45.61,"cabaneros",6,7
"RipF",4764,975,20.47,"cabaneros",6,7
"RockScreeVeg",11067,1422,12.85,"cabaneros",6,7
"SMedMarF",69447,19297,27.79,"cabaneros",6,7
"Shrub",21978,14793,67.31,"cabaneros",6,7
"WaterSurf",177,64,36.16,"cabaneros",6,7
"ArtSurf",7418,3482,46.94,"cabaneros",6,8
"Crop",2473,1461,59.08,"cabaneros",6,8
"Dehesa",36272,18043,49.74,"cabaneros",6,8
"Grass",52784,34591,65.53,"cabaneros",6,8
"HydroRipVeg",554,223,40.25,"cabaneros",6,8
"MedConF",35896,433,1.21,"cabaneros",6,8
"MedSclF",158690,48950,30.85,"cabaneros",6,8
"MedScrub",187005,101954,54.52,"cabaneros",6,8
"Reforestation",57,1,1.75,"cabaneros",6,8
"RipF",4764,811,17.02,"cabaneros",6,8
"RockScreeVeg",11067,1956,17.67,"cabaneros",6,8
"SMedMarF",69447,9398,13.53,"cabaneros",6,8
"Shrub",21978,10486,47.71,"cabaneros",6,8
"WaterSurf",177,41,23.16,"cabaneros",6,8
"ArtSurf",7418,0,0,"cabaneros",6,9
"Crop",2473,0,0,"cabaneros",6,9
"Dehesa",36272,0,0,"cabaneros",6,9
"Grass",52784,0,0,"cabaneros",6,9
"HydroRipVeg",554,0,0,"cabaneros",6,9
"MedConF",35896,0,0,"cabaneros",6,9
"MedSclF",158690,0,0,"cabaneros",6,9
"MedScrub",187005,0,0,"cabaneros",6,9
"Reforestation",57,0,0,"cabaneros",6,9
"RipF",4764,0,0,"cabaneros",6,9
"RockScreeVeg",11067,0,0,"cabaneros",6,9
"SMedMarF",69447,0,0,"cabaneros",6,9
"Shrub",21978,0,0,"cabaneros",6,9
"WaterSurf",177,0,0,"cabaneros",6,9
"ArtSurf",7418,0,0,"cabaneros",6,10
"Crop",2473,0,0,"cabaneros",6,10
"Dehesa",36272,0,0,"cabaneros",6,10
"Grass",52784,0,0,"cabaneros",6,10
"HydroRipVeg",554,0,0,"cabaneros",6,10
"MedConF",35896,0,0,"cabaneros",6,10
"MedSclF",158690,0,0,"cabaneros",6,10
"MedScrub",187005,0,0,"cabaneros",6,10
"Reforestation",57,0,0,"cabaneros",6,10
"RipF",4764,0,0,"cabaneros",6,10
"RockScreeVeg",11067,0,0,"cabaneros",6,10
"SMedMarF",69447,0,0,"cabaneros",6,10
"Shrub",21978,0,0,"cabaneros",6,10
"WaterSurf",177,0,0,"cabaneros",6,10
"ArtSurf",7418,0,0,"cabaneros",6,11
"Crop",2473,0,0,"cabaneros",6,11
"Dehesa",36272,0,0,"cabaneros",6,11
"Grass",52784,0,0,"cabaneros",6,11
"HydroRipVeg",554,0,0,"cabaneros",6,11
"MedConF",35896,0,0,"cabaneros",6,11
"MedSclF",158690,0,0,"cabaneros",6,11
"MedScrub",187005,0,0,"cabaneros",6,11
"Reforestation",57,0,0,"cabaneros",6,11
"RipF",4764,0,0,"cabaneros",6,11
"RockScreeVeg",11067,0,0,"cabaneros",6,11
"SMedMarF",69447,0,0,"cabaneros",6,11
"Shrub",21978,0,0,"cabaneros",6,11
"WaterSurf",177,0,0,"cabaneros",6,11
"ArtSurf",7418,0,0,"cabaneros",6,12
"Crop",2473,0,0,"cabaneros",6,12
"Dehesa",36272,1,0,"cabaneros",6,12
"Grass",52784,0,0,"cabaneros",6,12
"HydroRipVeg",554,0,0,"cabaneros",6,12
"MedConF",35896,0,0,"cabaneros",6,12
"MedSclF",158688,0,0,"cabaneros",6,12
"MedScrub",187005,0,0,"cabaneros",6,12
"Reforestation",57,0,0,"cabaneros",6,12
"RipF",4764,0,0,"cabaneros",6,12
"RockScreeVeg",11067,0,0,"cabaneros",6,12
"SMedMarF",69447,0,0,"cabaneros",6,12
"Shrub",21978,0,0,"cabaneros",6,12
"WaterSurf",177,0,0,"cabaneros",6,12
"ArtSurf",7418,0,0,"cabaneros",9,1
"Crop",2473,0,0,"cabaneros",9,1
"Dehesa",36272,0,0,"cabaneros",9,1
"Grass",52784,0,0,"cabaneros",9,1
"HydroRipVeg",554,0,0,"cabaneros",9,1
"MedConF",35896,0,0,"cabaneros",9,1
"MedSclF",158690,0,0,"cabaneros",9,1
"MedScrub",187005,0,0,"cabaneros",9,1
"Reforestation",57,0,0,"cabaneros",9,1
"RipF",4764,0,0,"cabaneros",9,1
"RockScreeVeg",11067,0,0,"cabaneros",9,1
"SMedMarF",69447,0,0,"cabaneros",9,1
"Shrub",21978,0,0,"cabaneros",9,1
"WaterSurf",177,0,0,"cabaneros",9,1
"ArtSurf",7418,0,0,"cabaneros",9,2
"Crop",2473,0,0,"cabaneros",9,2
"Dehesa",36272,0,0,"cabaneros",9,2
"Grass",52784,0,0,"cabaneros",9,2
"HydroRipVeg",554,0,0,"cabaneros",9,2
"MedConF",35896,0,0,"cabaneros",9,2
"MedSclF",158690,0,0,"cabaneros",9,2
"MedScrub",187005,0,0,"cabaneros",9,2
"Reforestation",57,0,0,"cabaneros",9,2
"RipF",4764,0,0,"cabaneros",9,2
"RockScreeVeg",11067,0,0,"cabaneros",9,2
"SMedMarF",69447,0,0,"cabaneros",9,2
"Shrub",21978,0,0,"cabaneros",9,2
"WaterSurf",177,0,0,"cabaneros",9,2
"ArtSurf",7418,1,0.01,"cabaneros",9,3
"Crop",2473,13,0.53,"cabaneros",9,3
"Dehesa",36272,411,1.13,"cabaneros",9,3
"Grass",52784,574,1.09,"cabaneros",9,3
"HydroRipVeg",554,0,0,"cabaneros",9,3
"MedConF",35896,3,0.01,"cabaneros",9,3
"MedSclF",158690,34,0.02,"cabaneros",9,3
"MedScrub",187005,65,0.03,"cabaneros",9,3
"Reforestation",57,0,0,"cabaneros",9,3
"RipF",4764,4,0.08,"cabaneros",9,3
"RockScreeVeg",11067,0,0,"cabaneros",9,3
"SMedMarF",69447,27,0.04,"cabaneros",9,3
"Shrub",21978,58,0.26,"cabaneros",9,3
"WaterSurf",177,0,0,"cabaneros",9,3
"ArtSurf",7418,367,4.95,"cabaneros",9,4
"Crop",2473,1664,67.29,"cabaneros",9,4
"Dehesa",36272,16507,45.51,"cabaneros",9,4
"Grass",52784,34160,64.72,"cabaneros",9,4
"HydroRipVeg",554,77,13.9,"cabaneros",9,4
"MedConF",35896,83,0.23,"cabaneros",9,4
"MedSclF",158690,4319,2.72,"cabaneros",9,4
"MedScrub",187005,8387,4.48,"cabaneros",9,4
"Reforestation",57,9,15.79,"cabaneros",9,4
"RipF",4764,248,5.21,"cabaneros",9,4
"RockScreeVeg",11067,300,2.71,"cabaneros",9,4
"SMedMarF",69447,2419,3.48,"cabaneros",9,4
"Shrub",21978,1723,7.84,"cabaneros",9,4
"WaterSurf",177,15,8.47,"cabaneros",9,4
"ArtSurf",7418,1187,16,"cabaneros",9,5
"Crop",2473,1839,74.36,"cabaneros",9,5
"Dehesa",36272,17878,49.29,"cabaneros",9,5
"Grass",52784,30964,58.66,"cabaneros",9,5
"HydroRipVeg",554,105,18.95,"cabaneros",9,5
"MedConF",35896,195,0.54,"cabaneros",9,5
"MedSclF",158690,18891,11.9,"cabaneros",9,5
"MedScrub",187005,29578,15.82,"cabaneros",9,5
"Reforestation",57,23,40.35,"cabaneros",9,5
"RipF",4764,757,15.89,"cabaneros",9,5
"RockScreeVeg",11067,743,6.71,"cabaneros",9,5
"SMedMarF",69447,6219,8.96,"cabaneros",9,5
"Shrub",21978,2973,13.53,"cabaneros",9,5
"WaterSurf",177,26,14.69,"cabaneros",9,5
"ArtSurf",7418,3359,45.28,"cabaneros",9,6
"Crop",2473,2023,81.8,"cabaneros",9,6
"Dehesa",36272,17747,48.93,"cabaneros",9,6
"Grass",52784,33496,63.46,"cabaneros",9,6
"HydroRipVeg",554,173,31.23,"cabaneros",9,6
"MedConF",35896,1126,3.14,"cabaneros",9,6
"MedSclF",158690,81011,51.05,"cabaneros",9,6
"MedScrub",187005,112850,60.35,"cabaneros",9,6
"Reforestation",57,7,12.28,"cabaneros",9,6
"RipF",4764,1593,33.44,"cabaneros",9,6
"RockScreeVeg",11067,2000,18.07,"cabaneros",9,6
"SMedMarF",69447,21698,31.24,"cabaneros",9,6
"Shrub",21978,12385,56.35,"cabaneros",9,6
"WaterSurf",177,62,35.03,"cabaneros",9,6
"ArtSurf",7418,4363,58.82,"cabaneros",9,7
"Crop",2473,1931,78.08,"cabaneros",9,7
"Dehesa",36272,22772,62.78,"cabaneros",9,7
"Grass",52784,41899,79.38,"cabaneros",9,7
"HydroRipVeg",554,262,47.29,"cabaneros",9,7
"MedConF",35896,1945,5.42,"cabaneros",9,7
"MedSclF",158690,118484,74.66,"cabaneros",9,7
"MedScrub",187005,153196,81.92,"cabaneros",9,7
"Reforestation",57,40,70.18,"cabaneros",9,7
"RipF",4764,1920,40.3,"cabaneros",9,7
"RockScreeVeg",11067,3100,28.01,"cabaneros",9,7
"SMedMarF",69447,39230,56.49,"cabaneros",9,7
"Shrub",21978,18989,86.4,"cabaneros",9,7
"WaterSurf",177,55,31.07,"cabaneros",9,7
"ArtSurf",7418,3871,52.18,"cabaneros",9,8
"Crop",2473,1757,71.05,"cabaneros",9,8
"Dehesa",36272,21029,57.98,"cabaneros",9,8
"Grass",52784,38116,72.21,"cabaneros",9,8
"HydroRipVeg",554,246,44.4,"cabaneros",9,8
"MedConF",35896,1005,2.8,"cabaneros",9,8
"MedSclF",158690,101276,63.82,"cabaneros",9,8
"MedScrub",187005,140095,74.92,"cabaneros",9,8
"Reforestation",57,25,43.86,"cabaneros",9,8
"RipF",4764,1296,27.2,"cabaneros",9,8
"RockScreeVeg",11067,2779,25.11,"cabaneros",9,8
"SMedMarF",69447,26762,38.54,"cabaneros",9,8
"Shrub",21978,16939,77.07,"cabaneros",9,8
"WaterSurf",177,42,23.73,"cabaneros",9,8
"ArtSurf",7418,4225,56.96,"cabaneros",9,9
"Crop",2473,1125,45.49,"cabaneros",9,9
"Dehesa",36272,15600,43.01,"cabaneros",9,9
"Grass",52784,28114,53.26,"cabaneros",9,9
"HydroRipVeg",554,290,52.35,"cabaneros",9,9
"MedConF",35896,8919,24.85,"cabaneros",9,9
"MedSclF",158690,130231,82.07,"cabaneros",9,9
"MedScrub",187005,149170,79.77,"cabaneros",9,9
"Reforestation",57,20,35.09,"cabaneros",9,9
"RipF",4764,2338,49.08,"cabaneros",9,9
"RockScreeVeg",11067,3973,35.9,"cabaneros",9,9
"SMedMarF",69447,46817,67.41,"cabaneros",9,9
"Shrub",21978,20044,91.2,"cabaneros",9,9
"WaterSurf",177,52,29.38,"cabaneros",9,9
"ArtSurf",7418,0,0,"cabaneros",9,10
"Crop",2473,0,0,"cabaneros",9,10
"Dehesa",36272,0,0,"cabaneros",9,10
"Grass",52784,0,0,"cabaneros",9,10
"HydroRipVeg",554,0,0,"cabaneros",9,10
"MedConF",35896,0,0,"cabaneros",9,10
"MedSclF",158690,0,0,"cabaneros",9,10
"MedScrub",187005,0,0,"cabaneros",9,10
"Reforestation",57,0,0,"cabaneros",9,10
"RipF",4764,0,0,"cabaneros",9,10
"RockScreeVeg",11067,0,0,"cabaneros",9,10
"SMedMarF",69447,0,0,"cabaneros",9,10
"Shrub",21978,0,0,"cabaneros",9,10
"WaterSurf",177,0,0,"cabaneros",9,10
"ArtSurf",7418,0,0,"cabaneros",9,11
"Crop",2473,0,0,"cabaneros",9,11
"Dehesa",36272,0,0,"cabaneros",9,11
"Grass",52784,0,0,"cabaneros",9,11
"HydroRipVeg",554,0,0,"cabaneros",9,11
"MedConF",35896,0,0,"cabaneros",9,11
"MedSclF",158690,0,0,"cabaneros",9,11
"MedScrub",187005,0,0,"cabaneros",9,11
"Reforestation",57,0,0,"cabaneros",9,11
"RipF",4764,0,0,"cabaneros",9,11
"RockScreeVeg",11067,0,0,"cabaneros",9,11
"SMedMarF",69447,0,0,"cabaneros",9,11
"Shrub",21978,0,0,"cabaneros",9,11
"WaterSurf",177,0,0,"cabaneros",9,11
"ArtSurf",7418,0,0,"cabaneros",9,12
"Crop",2473,0,0,"cabaneros",9,12
"Dehesa",36272,0,0,"cabaneros",9,12
"Grass",52784,0,0,"cabaneros",9,12
"HydroRipVeg",554,0,0,"cabaneros",9,12
"MedConF",35896,0,0,"cabaneros",9,12
"MedSclF",158688,0,0,"cabaneros",9,12
"MedScrub",187005,0,0,"cabaneros",9,12
"Reforestation",57,0,0,"cabaneros",9,12
"RipF",4764,0,0,"cabaneros",9,12
"RockScreeVeg",11067,0,0,"cabaneros",9,12
"SMedMarF",69447,0,0,"cabaneros",9,12
"Shrub",21978,0,0,"cabaneros",9,12
"WaterSurf",177,0,0,"cabaneros",9,12
"ArtSurf",7418,0,0,"cabaneros",12,1
"Crop",2473,0,0,"cabaneros",12,1
"Dehesa",36272,0,0,"cabaneros",12,1
"Grass",52784,0,0,"cabaneros",12,1
"HydroRipVeg",554,0,0,"cabaneros",12,1
"MedConF",35896,0,0,"cabaneros",12,1
"MedSclF",158690,3,0,"cabaneros",12,1
"MedScrub",187005,0,0,"cabaneros",12,1
"Reforestation",57,0,0,"cabaneros",12,1
"RipF",4764,0,0,"cabaneros",12,1
"RockScreeVeg",11067,0,0,"cabaneros",12,1
"SMedMarF",69447,0,0,"cabaneros",12,1
"Shrub",21978,0,0,"cabaneros",12,1
"WaterSurf",177,0,0,"cabaneros",12,1
"ArtSurf",7418,0,0,"cabaneros",12,2
"Crop",2473,0,0,"cabaneros",12,2
"Dehesa",36272,0,0,"cabaneros",12,2
"Grass",52784,0,0,"cabaneros",12,2
"HydroRipVeg",554,0,0,"cabaneros",12,2
"MedConF",35896,0,0,"cabaneros",12,2
"MedSclF",158690,0,0,"cabaneros",12,2
"MedScrub",187005,0,0,"cabaneros",12,2
"Reforestation",57,0,0,"cabaneros",12,2
"RipF",4764,0,0,"cabaneros",12,2
"RockScreeVeg",11067,0,0,"cabaneros",12,2
"SMedMarF",69447,0,0,"cabaneros",12,2
"Shrub",21978,0,0,"cabaneros",12,2
"WaterSurf",177,0,0,"cabaneros",12,2
"ArtSurf",7418,0,0,"cabaneros",12,3
"Crop",2473,0,0,"cabaneros",12,3
"Dehesa",36272,0,0,"cabaneros",12,3
"Grass",52784,0,0,"cabaneros",12,3
"HydroRipVeg",554,0,0,"cabaneros",12,3
"MedConF",35896,0,0,"cabaneros",12,3
"MedSclF",158690,0,0,"cabaneros",12,3
"MedScrub",187005,0,0,"cabaneros",12,3
"Reforestation",57,0,0,"cabaneros",12,3
"RipF",4764,0,0,"cabaneros",12,3
"RockScreeVeg",11067,0,0,"cabaneros",12,3
"SMedMarF",69447,0,0,"cabaneros",12,3
"Shrub",21978,0,0,"cabaneros",12,3
"WaterSurf",177,0,0,"cabaneros",12,3
"ArtSurf",7418,182,2.45,"cabaneros",12,4
"Crop",2473,1265,51.15,"cabaneros",12,4
"Dehesa",36272,7697,21.22,"cabaneros",12,4
"Grass",52784,17511,33.17,"cabaneros",12,4
"HydroRipVeg",554,27,4.87,"cabaneros",12,4
"MedConF",35896,32,0.09,"cabaneros",12,4
"MedSclF",158690,1809,1.14,"cabaneros",12,4
"MedScrub",187005,3763,2.01,"cabaneros",12,4
"Reforestation",57,3,5.26,"cabaneros",12,4
"RipF",4764,110,2.31,"cabaneros",12,4
"RockScreeVeg",11067,91,0.82,"cabaneros",12,4
"SMedMarF",69447,1150,1.66,"cabaneros",12,4
"Shrub",21978,1001,4.55,"cabaneros",12,4
"WaterSurf",177,3,1.69,"cabaneros",12,4
"ArtSurf",7418,1360,18.33,"cabaneros",12,5
"Crop",2473,1913,77.36,"cabaneros",12,5
"Dehesa",36272,20438,56.35,"cabaneros",12,5
"Grass",52784,37648,71.32,"cabaneros",12,5
"HydroRipVeg",554,123,22.2,"cabaneros",12,5
"MedConF",35896,201,0.56,"cabaneros",12,5
"MedSclF",158690,21035,13.26,"cabaneros",12,5
"MedScrub",187005,35580,19.03,"cabaneros",12,5
"Reforestation",57,26,45.61,"cabaneros",12,5
"RipF",4764,823,17.28,"cabaneros",12,5
"RockScreeVeg",11067,874,7.9,"cabaneros",12,5
"SMedMarF",69447,7079,10.19,"cabaneros",12,5
"Shrub",21978,3282,14.93,"cabaneros",12,5
"WaterSurf",177,27,15.25,"cabaneros",12,5
"ArtSurf",7418,3280,44.22,"cabaneros",12,6
"Crop",2473,2065,83.5,"cabaneros",12,6
"Dehesa",36272,17821,49.13,"cabaneros",12,6
"Grass",52784,33621,63.7,"cabaneros",12,6
"HydroRipVeg",554,184,33.21,"cabaneros",12,6
"MedConF",35896,1329,3.7,"cabaneros",12,6
"MedSclF",158690,82735,52.14,"cabaneros",12,6
"MedScrub",187005,113550,60.72,"cabaneros",12,6
"Reforestation",57,10,17.54,"cabaneros",12,6
"RipF",4764,1683,35.33,"cabaneros",12,6
"RockScreeVeg",11067,2096,18.94,"cabaneros",12,6
"SMedMarF",69447,23141,33.32,"cabaneros",12,6
"Shrub",21978,12362,56.25,"cabaneros",12,6
"WaterSurf",177,57,32.2,"cabaneros",12,6
"ArtSurf",7418,4369,58.9,"cabaneros",12,7
"Crop",2473,1997,80.75,"cabaneros",12,7
"Dehesa",36272,23188,63.93,"cabaneros",12,7
"Grass",52784,42577,80.66,"cabaneros",12,7
"HydroRipVeg",554,269,48.56,"cabaneros",12,7
"MedConF",35896,3220,8.97,"cabaneros",12,7
"MedSclF",158690,115992,73.09,"cabaneros",12,7
"MedScrub",187005,152617,81.61,"cabaneros",12,7
"Reforestation",57,36,63.16,"cabaneros",12,7
"RipF",4764,1801,37.8,"cabaneros",12,7
"RockScreeVeg",11067,2938,26.55,"cabaneros",12,7
"SMedMarF",69447,37207,53.58,"cabaneros",12,7
"Shrub",21978,18925,86.11,"cabaneros",12,7
"WaterSurf",177,57,32.2,"cabaneros",12,7
"ArtSurf",7418,4158,56.05,"cabaneros",12,8
"Crop",2473,2050,82.9,"cabaneros",12,8
"Dehesa",36272,21414,59.04,"cabaneros",12,8
"Grass",52784,38921,73.74,"cabaneros",12,8
"HydroRipVeg",554,252,45.49,"cabaneros",12,8
"MedConF",35896,1921,5.35,"cabaneros",12,8
"MedSclF",158690,99557,62.74,"cabaneros",12,8
"MedScrub",187005,141880,75.87,"cabaneros",12,8
"Reforestation",57,29,50.88,"cabaneros",12,8
"RipF",4764,1198,25.15,"cabaneros",12,8
"RockScreeVeg",11067,2751,24.86,"cabaneros",12,8
"SMedMarF",69447,25087,36.12,"cabaneros",12,8
"Shrub",21978,16999,77.35,"cabaneros",12,8
"WaterSurf",177,45,25.42,"cabaneros",12,8
"ArtSurf",7418,4241,57.17,"cabaneros",12,9
"Crop",2473,805,32.55,"cabaneros",12,9
"Dehesa",36272,9268,25.55,"cabaneros",12,9
"Grass",52784,19060,36.11,"cabaneros",12,9
"HydroRipVeg",554,240,43.32,"cabaneros",12,9
"MedConF",35896,8698,24.23,"cabaneros",12,9
"MedSclF",158690,125381,79.01,"cabaneros",12,9
"MedScrub",187005,146773,78.49,"cabaneros",12,9
"Reforestation",57,18,31.58,"cabaneros",12,9
"RipF",4764,2090,43.87,"cabaneros",12,9
"RockScreeVeg",11067,3816,34.48,"cabaneros",12,9
"SMedMarF",69447,41977,60.44,"cabaneros",12,9
"Shrub",21978,19032,86.6,"cabaneros",12,9
"WaterSurf",177,40,22.6,"cabaneros",12,9
"ArtSurf",7418,3294,44.41,"cabaneros",12,10
"Crop",2473,231,9.34,"cabaneros",12,10
"Dehesa",36272,1838,5.07,"cabaneros",12,10
"Grass",52784,2358,4.47,"cabaneros",12,10
"HydroRipVeg",554,228,41.16,"cabaneros",12,10
"MedConF",35896,6157,17.15,"cabaneros",12,10
"MedSclF",158690,123870,78.06,"cabaneros",12,10
"MedScrub",187005,139974,74.85,"cabaneros",12,10
"Reforestation",57,37,64.91,"cabaneros",12,10
"RipF",4764,1974,41.44,"cabaneros",12,10
"RockScreeVeg",11067,3592,32.46,"cabaneros",12,10
"SMedMarF",69447,43497,62.63,"cabaneros",12,10
"Shrub",21978,17106,77.83,"cabaneros",12,10
"WaterSurf",177,34,19.21,"cabaneros",12,10
"ArtSurf",7418,1948,26.26,"cabaneros",12,11
"Crop",2473,191,7.72,"cabaneros",12,11
"Dehesa",36272,1271,3.5,"cabaneros",12,11
"Grass",52784,2234,4.23,"cabaneros",12,11
"HydroRipVeg",554,104,18.77,"cabaneros",12,11
"MedConF",35896,2702,7.53,"cabaneros",12,11
"MedSclF",158690,64352,40.55,"cabaneros",12,11
"MedScrub",187005,76049,40.67,"cabaneros",12,11
"Reforestation",57,2,3.51,"cabaneros",12,11
"RipF",4764,1008,21.16,"cabaneros",12,11
"RockScreeVeg",11067,2558,23.11,"cabaneros",12,11
"SMedMarF",69447,23867,34.37,"cabaneros",12,11
"Shrub",21978,6632,30.18,"cabaneros",12,11
"WaterSurf",177,20,11.3,"cabaneros",12,11
"ArtSurf",7418,0,0,"cabaneros",12,12
"Crop",2473,0,0,"cabaneros",12,12
"Dehesa",36272,0,0,"cabaneros",12,12
"Grass",52784,0,0,"cabaneros",12,12
"HydroRipVeg",554,0,0,"cabaneros",12,12
"MedConF",35896,0,0,"cabaneros",12,12
"MedSclF",158688,0,0,"cabaneros",12,12
"MedScrub",187005,0,0,"cabaneros",12,12
"Reforestation",57,0,0,"cabaneros",12,12
"RipF",4764,0,0,"cabaneros",12,12
"RockScreeVeg",11067,0,0,"cabaneros",12,12
"SMedMarF",69447,0,0,"cabaneros",12,12
"Shrub",21978,0,0,"cabaneros",12,12
"WaterSurf",177,0,0,"cabaneros",12,12
"AridScr",7823,0,0,"cabrera",1,1
"ArtSurf",94,0,0,"cabrera",1,1
"BareArea",1122,0,0,"cabrera",1,1
"Crop",4,0,0,"cabrera",1,1
"Grass",13,0,0,"cabrera",1,1
"HaloVeg",52,0,0,"cabrera",1,1
"MedConF",8797,0,0,"cabrera",1,1
"MedScrub",486,0,0,"cabrera",1,1
"SaltMar",276,0,0,"cabrera",1,1
"AridScr",7823,0,0,"cabrera",1,2
"ArtSurf",94,0,0,"cabrera",1,2
"BareArea",1122,0,0,"cabrera",1,2
"Crop",4,0,0,"cabrera",1,2
"Grass",13,0,0,"cabrera",1,2
"HaloVeg",52,0,0,"cabrera",1,2
"MedConF",8797,0,0,"cabrera",1,2
"MedScrub",486,0,0,"cabrera",1,2
"SaltMar",276,0,0,"cabrera",1,2
"AridScr",7823,0,0,"cabrera",1,3
"ArtSurf",94,0,0,"cabrera",1,3
"BareArea",1122,0,0,"cabrera",1,3
"Crop",4,0,0,"cabrera",1,3
"Grass",13,0,0,"cabrera",1,3
"HaloVeg",52,0,0,"cabrera",1,3
"MedConF",8797,0,0,"cabrera",1,3
"MedScrub",486,0,0,"cabrera",1,3
"SaltMar",276,0,0,"cabrera",1,3
"AridScr",7823,0,0,"cabrera",1,4
"ArtSurf",94,0,0,"cabrera",1,4
"BareArea",1122,0,0,"cabrera",1,4
"Crop",4,0,0,"cabrera",1,4
"Grass",13,0,0,"cabrera",1,4
"HaloVeg",52,0,0,"cabrera",1,4
"MedConF",8797,0,0,"cabrera",1,4
"MedScrub",486,0,0,"cabrera",1,4
"SaltMar",276,0,0,"cabrera",1,4
"AridScr",7823,0,0,"cabrera",1,5
"ArtSurf",94,0,0,"cabrera",1,5
"BareArea",1122,0,0,"cabrera",1,5
"Crop",4,0,0,"cabrera",1,5
"Grass",13,0,0,"cabrera",1,5
"HaloVeg",52,0,0,"cabrera",1,5
"MedConF",8797,0,0,"cabrera",1,5
"MedScrub",486,0,0,"cabrera",1,5
"SaltMar",276,0,0,"cabrera",1,5
"AridScr",7823,0,0,"cabrera",1,6
"ArtSurf",94,0,0,"cabrera",1,6
"BareArea",1122,0,0,"cabrera",1,6
"Crop",4,0,0,"cabrera",1,6
"Grass",13,0,0,"cabrera",1,6
"HaloVeg",52,0,0,"cabrera",1,6
"MedConF",8797,0,0,"cabrera",1,6
"MedScrub",486,0,0,"cabrera",1,6
"SaltMar",276,0,0,"cabrera",1,6
"AridScr",7823,0,0,"cabrera",1,7
"ArtSurf",94,0,0,"cabrera",1,7
"BareArea",1122,0,0,"cabrera",1,7
"Crop",4,0,0,"cabrera",1,7
"Grass",13,0,0,"cabrera",1,7
"HaloVeg",52,0,0,"cabrera",1,7
"MedConF",8797,0,0,"cabrera",1,7
"MedScrub",486,0,0,"cabrera",1,7
"SaltMar",276,0,0,"cabrera",1,7
"AridScr",7823,2421,30.95,"cabrera",1,8
"ArtSurf",94,35,37.23,"cabrera",1,8
"BareArea",1122,65,5.79,"cabrera",1,8
"Crop",4,3,75,"cabrera",1,8
"Grass",13,0,0,"cabrera",1,8
"HaloVeg",52,33,63.46,"cabrera",1,8
"MedConF",8797,3046,34.63,"cabrera",1,8
"MedScrub",486,253,52.06,"cabrera",1,8
"SaltMar",276,70,25.36,"cabrera",1,8
"AridScr",7823,0,0,"cabrera",1,9
"ArtSurf",94,0,0,"cabrera",1,9
"BareArea",1122,0,0,"cabrera",1,9
"Crop",4,0,0,"cabrera",1,9
"Grass",13,0,0,"cabrera",1,9
"HaloVeg",52,0,0,"cabrera",1,9
"MedConF",8797,0,0,"cabrera",1,9
"MedScrub",486,0,0,"cabrera",1,9
"SaltMar",276,0,0,"cabrera",1,9
"AridScr",7823,0,0,"cabrera",1,10
"ArtSurf",94,0,0,"cabrera",1,10
"BareArea",1122,0,0,"cabrera",1,10
"Crop",4,0,0,"cabrera",1,10
"Grass",13,0,0,"cabrera",1,10
"HaloVeg",52,0,0,"cabrera",1,10
"MedConF",8797,0,0,"cabrera",1,10
"MedScrub",486,0,0,"cabrera",1,10
"SaltMar",276,0,0,"cabrera",1,10
"AridScr",7823,0,0,"cabrera",1,11
"ArtSurf",94,0,0,"cabrera",1,11
"BareArea",1122,0,0,"cabrera",1,11
"Crop",4,0,0,"cabrera",1,11
"Grass",13,0,0,"cabrera",1,11
"HaloVeg",52,0,0,"cabrera",1,11
"MedConF",8797,0,0,"cabrera",1,11
"MedScrub",486,0,0,"cabrera",1,11
"SaltMar",276,0,0,"cabrera",1,11
"AridScr",7823,0,0,"cabrera",1,12
"ArtSurf",94,0,0,"cabrera",1,12
"BareArea",1122,0,0,"cabrera",1,12
"Crop",4,0,0,"cabrera",1,12
"Grass",13,0,0,"cabrera",1,12
"HaloVeg",52,0,0,"cabrera",1,12
"MedConF",8797,0,0,"cabrera",1,12
"MedScrub",486,0,0,"cabrera",1,12
"SaltMar",276,0,0,"cabrera",1,12
"AridScr",7823,0,0,"cabrera",3,1
"ArtSurf",94,0,0,"cabrera",3,1
"BareArea",1122,0,0,"cabrera",3,1
"Crop",4,0,0,"cabrera",3,1
"Grass",13,0,0,"cabrera",3,1
"HaloVeg",52,0,0,"cabrera",3,1
"MedConF",8797,0,0,"cabrera",3,1
"MedScrub",486,0,0,"cabrera",3,1
"SaltMar",276,0,0,"cabrera",3,1
"AridScr",7823,0,0,"cabrera",3,2
"ArtSurf",94,0,0,"cabrera",3,2
"BareArea",1122,1,0.09,"cabrera",3,2
"Crop",4,0,0,"cabrera",3,2
"Grass",13,0,0,"cabrera",3,2
"HaloVeg",52,0,0,"cabrera",3,2
"MedConF",8797,0,0,"cabrera",3,2
"MedScrub",486,0,0,"cabrera",3,2
"SaltMar",276,0,0,"cabrera",3,2
"AridScr",7823,157,2.01,"cabrera",3,3
"ArtSurf",94,7,7.45,"cabrera",3,3
"BareArea",1122,3,0.27,"cabrera",3,3
"Crop",4,1,25,"cabrera",3,3
"Grass",13,10,76.92,"cabrera",3,3
"HaloVeg",52,2,3.85,"cabrera",3,3
"MedConF",8797,104,1.18,"cabrera",3,3
"MedScrub",486,0,0,"cabrera",3,3
"SaltMar",276,14,5.07,"cabrera",3,3
"AridScr",7823,0,0,"cabrera",3,4
"ArtSurf",94,0,0,"cabrera",3,4
"BareArea",1122,0,0,"cabrera",3,4
"Crop",4,0,0,"cabrera",3,4
"Grass",13,0,0,"cabrera",3,4
"HaloVeg",52,0,0,"cabrera",3,4
"MedConF",8797,0,0,"cabrera",3,4
"MedScrub",486,0,0,"cabrera",3,4
"SaltMar",276,0,0,"cabrera",3,4
"AridScr",7823,3811,48.72,"cabrera",3,5
"ArtSurf",94,36,38.3,"cabrera",3,5
"BareArea",1122,128,11.41,"cabrera",3,5
"Crop",4,4,100,"cabrera",3,5
"Grass",13,13,100,"cabrera",3,5
"HaloVeg",52,38,73.08,"cabrera",3,5
"MedConF",8797,3257,37.02,"cabrera",3,5
"MedScrub",486,150,30.86,"cabrera",3,5
"SaltMar",276,115,41.67,"cabrera",3,5
"AridScr",7823,5058,64.66,"cabrera",3,6
"ArtSurf",94,54,57.45,"cabrera",3,6
"BareArea",1122,232,20.68,"cabrera",3,6
"Crop",4,4,100,"cabrera",3,6
"Grass",13,13,100,"cabrera",3,6
"HaloVeg",52,11,21.15,"cabrera",3,6
"MedConF",8797,5272,59.93,"cabrera",3,6
"MedScrub",486,284,58.44,"cabrera",3,6
"SaltMar",276,125,45.29,"cabrera",3,6
"AridScr",7823,6486,82.91,"cabrera",3,7
"ArtSurf",94,66,70.21,"cabrera",3,7
"BareArea",1122,272,24.24,"cabrera",3,7
"Crop",4,4,100,"cabrera",3,7
"Grass",13,8,61.54,"cabrera",3,7
"HaloVeg",52,7,13.46,"cabrera",3,7
"MedConF",8797,7143,81.2,"cabrera",3,7
"MedScrub",486,433,89.09,"cabrera",3,7
"SaltMar",276,83,30.07,"cabrera",3,7
"AridScr",7823,5113,65.36,"cabrera",3,8
"ArtSurf",94,65,69.15,"cabrera",3,8
"BareArea",1122,161,14.35,"cabrera",3,8
"Crop",4,3,75,"cabrera",3,8
"Grass",13,2,15.38,"cabrera",3,8
"HaloVeg",52,44,84.62,"cabrera",3,8
"MedConF",8797,6639,75.47,"cabrera",3,8
"MedScrub",486,434,89.3,"cabrera",3,8
"SaltMar",276,109,39.49,"cabrera",3,8
"AridScr",7823,0,0,"cabrera",3,9
"ArtSurf",94,0,0,"cabrera",3,9
"BareArea",1122,0,0,"cabrera",3,9
"Crop",4,0,0,"cabrera",3,9
"Grass",13,0,0,"cabrera",3,9
"HaloVeg",52,0,0,"cabrera",3,9
"MedConF",8797,0,0,"cabrera",3,9
"MedScrub",486,0,0,"cabrera",3,9
"SaltMar",276,0,0,"cabrera",3,9
"AridScr",7823,0,0,"cabrera",3,10
"ArtSurf",94,0,0,"cabrera",3,10
"BareArea",1122,0,0,"cabrera",3,10
"Crop",4,0,0,"cabrera",3,10
"Grass",13,0,0,"cabrera",3,10
"HaloVeg",52,0,0,"cabrera",3,10
"MedConF",8797,0,0,"cabrera",3,10
"MedScrub",486,0,0,"cabrera",3,10
"SaltMar",276,0,0,"cabrera",3,10
"AridScr",7823,0,0,"cabrera",3,11
"ArtSurf",94,0,0,"cabrera",3,11
"BareArea",1122,0,0,"cabrera",3,11
"Crop",4,0,0,"cabrera",3,11
"Grass",13,0,0,"cabrera",3,11
"HaloVeg",52,0,0,"cabrera",3,11
"MedConF",8797,0,0,"cabrera",3,11
"MedScrub",486,0,0,"cabrera",3,11
"SaltMar",276,0,0,"cabrera",3,11
"AridScr",7823,0,0,"cabrera",3,12
"ArtSurf",94,0,0,"cabrera",3,12
"BareArea",1122,0,0,"cabrera",3,12
"Crop",4,0,0,"cabrera",3,12
"Grass",13,0,0,"cabrera",3,12
"HaloVeg",52,0,0,"cabrera",3,12
"MedConF",8797,0,0,"cabrera",3,12
"MedScrub",486,0,0,"cabrera",3,12
"SaltMar",276,0,0,"cabrera",3,12
"AridScr",7823,0,0,"cabrera",6,1
"ArtSurf",94,0,0,"cabrera",6,1
"BareArea",1122,0,0,"cabrera",6,1
"Crop",4,0,0,"cabrera",6,1
"Grass",13,0,0,"cabrera",6,1
"HaloVeg",52,0,0,"cabrera",6,1
"MedConF",8797,0,0,"cabrera",6,1
"MedScrub",486,0,0,"cabrera",6,1
"SaltMar",276,0,0,"cabrera",6,1
"AridScr",7823,0,0,"cabrera",6,2
"ArtSurf",94,0,0,"cabrera",6,2
"BareArea",1122,0,0,"cabrera",6,2
"Crop",4,0,0,"cabrera",6,2
"Grass",13,0,0,"cabrera",6,2
"HaloVeg",52,0,0,"cabrera",6,2
"MedConF",8797,0,0,"cabrera",6,2
"MedScrub",486,0,0,"cabrera",6,2
"SaltMar",276,0,0,"cabrera",6,2
"AridScr",7823,38,0.49,"cabrera",6,3
"ArtSurf",94,3,3.19,"cabrera",6,3
"BareArea",1122,0,0,"cabrera",6,3
"Crop",4,3,75,"cabrera",6,3
"Grass",13,8,61.54,"cabrera",6,3
"HaloVeg",52,4,7.69,"cabrera",6,3
"MedConF",8797,69,0.78,"cabrera",6,3
"MedScrub",486,0,0,"cabrera",6,3
"SaltMar",276,3,1.09,"cabrera",6,3
"AridScr",7823,116,1.48,"cabrera",6,4
"ArtSurf",94,3,3.19,"cabrera",6,4
"BareArea",1122,0,0,"cabrera",6,4
"Crop",4,3,75,"cabrera",6,4
"Grass",13,5,38.46,"cabrera",6,4
"HaloVeg",52,0,0,"cabrera",6,4
"MedConF",8797,135,1.53,"cabrera",6,4
"MedScrub",486,1,0.21,"cabrera",6,4
"SaltMar",276,1,0.36,"cabrera",6,4
"AridScr",7823,4795,61.29,"cabrera",6,5
"ArtSurf",94,29,30.85,"cabrera",6,5
"BareArea",1122,208,18.54,"cabrera",6,5
"Crop",4,4,100,"cabrera",6,5
"Grass",13,11,84.62,"cabrera",6,5
"HaloVeg",52,37,71.15,"cabrera",6,5
"MedConF",8797,4135,47,"cabrera",6,5
"MedScrub",486,231,47.53,"cabrera",6,5
"SaltMar",276,132,47.83,"cabrera",6,5
"AridScr",7823,5036,64.37,"cabrera",6,6
"ArtSurf",94,36,38.3,"cabrera",6,6
"BareArea",1122,203,18.09,"cabrera",6,6
"Crop",4,2,50,"cabrera",6,6
"Grass",13,13,100,"cabrera",6,6
"HaloVeg",52,18,34.62,"cabrera",6,6
"MedConF",8797,3558,40.45,"cabrera",6,6
"MedScrub",486,246,50.62,"cabrera",6,6
"SaltMar",276,119,43.12,"cabrera",6,6
"AridScr",7823,7436,95.05,"cabrera",6,7
"ArtSurf",94,69,73.4,"cabrera",6,7
"BareArea",1122,468,41.71,"cabrera",6,7
"Crop",4,4,100,"cabrera",6,7
"Grass",13,13,100,"cabrera",6,7
"HaloVeg",52,12,23.08,"cabrera",6,7
"MedConF",8797,7697,87.5,"cabrera",6,7
"MedScrub",486,467,96.09,"cabrera",6,7
"SaltMar",276,113,40.94,"cabrera",6,7
"AridScr",7823,7454,95.28,"cabrera",6,8
"ArtSurf",94,85,90.43,"cabrera",6,8
"BareArea",1122,529,47.15,"cabrera",6,8
"Crop",4,4,100,"cabrera",6,8
"Grass",13,12,92.31,"cabrera",6,8
"HaloVeg",52,50,96.15,"cabrera",6,8
"MedConF",8797,8462,96.19,"cabrera",6,8
"MedScrub",486,470,96.71,"cabrera",6,8
"SaltMar",276,176,63.77,"cabrera",6,8
"AridScr",7823,0,0,"cabrera",6,9
"ArtSurf",94,0,0,"cabrera",6,9
"BareArea",1122,0,0,"cabrera",6,9
"Crop",4,0,0,"cabrera",6,9
"Grass",13,0,0,"cabrera",6,9
"HaloVeg",52,0,0,"cabrera",6,9
"MedConF",8797,0,0,"cabrera",6,9
"MedScrub",486,0,0,"cabrera",6,9
"SaltMar",276,0,0,"cabrera",6,9
"AridScr",7823,3435,43.91,"cabrera",6,10
"ArtSurf",94,15,15.96,"cabrera",6,10
"BareArea",1122,76,6.77,"cabrera",6,10
"Crop",4,0,0,"cabrera",6,10
"Grass",13,0,0,"cabrera",6,10
"HaloVeg",52,2,3.85,"cabrera",6,10
"MedConF",8797,3837,43.62,"cabrera",6,10
"MedScrub",486,301,61.93,"cabrera",6,10
"SaltMar",276,5,1.81,"cabrera",6,10
"AridScr",7823,0,0,"cabrera",6,11
"ArtSurf",94,0,0,"cabrera",6,11
"BareArea",1122,0,0,"cabrera",6,11
"Crop",4,0,0,"cabrera",6,11
"Grass",13,0,0,"cabrera",6,11
"HaloVeg",52,0,0,"cabrera",6,11
"MedConF",8797,0,0,"cabrera",6,11
"MedScrub",486,0,0,"cabrera",6,11
"SaltMar",276,0,0,"cabrera",6,11
"AridScr",7823,0,0,"cabrera",6,12
"ArtSurf",94,0,0,"cabrera",6,12
"BareArea",1122,0,0,"cabrera",6,12
"Crop",4,0,0,"cabrera",6,12
"Grass",13,0,0,"cabrera",6,12
"HaloVeg",52,0,0,"cabrera",6,12
"MedConF",8797,0,0,"cabrera",6,12
"MedScrub",486,0,0,"cabrera",6,12
"SaltMar",276,0,0,"cabrera",6,12
"AridScr",7823,0,0,"cabrera",9,1
"ArtSurf",94,0,0,"cabrera",9,1
"BareArea",1122,0,0,"cabrera",9,1
"Crop",4,0,0,"cabrera",9,1
"Grass",13,0,0,"cabrera",9,1
"HaloVeg",52,0,0,"cabrera",9,1
"MedConF",8797,0,0,"cabrera",9,1
"MedScrub",486,0,0,"cabrera",9,1
"SaltMar",276,0,0,"cabrera",9,1
"AridScr",7823,0,0,"cabrera",9,2
"ArtSurf",94,0,0,"cabrera",9,2
"BareArea",1122,0,0,"cabrera",9,2
"Crop",4,0,0,"cabrera",9,2
"Grass",13,0,0,"cabrera",9,2
"HaloVeg",52,0,0,"cabrera",9,2
"MedConF",8797,0,0,"cabrera",9,2
"MedScrub",486,0,0,"cabrera",9,2
"SaltMar",276,0,0,"cabrera",9,2
"AridScr",7823,0,0,"cabrera",9,3
"ArtSurf",94,0,0,"cabrera",9,3
"BareArea",1122,0,0,"cabrera",9,3
"Crop",4,0,0,"cabrera",9,3
"Grass",13,0,0,"cabrera",9,3
"HaloVeg",52,0,0,"cabrera",9,3
"MedConF",8797,0,0,"cabrera",9,3
"MedScrub",486,0,0,"cabrera",9,3
"SaltMar",276,0,0,"cabrera",9,3
"AridScr",7823,3329,42.55,"cabrera",9,4
"ArtSurf",94,28,29.79,"cabrera",9,4
"BareArea",1122,96,8.56,"cabrera",9,4
"Crop",4,4,100,"cabrera",9,4
"Grass",13,12,92.31,"cabrera",9,4
"HaloVeg",52,19,36.54,"cabrera",9,4
"MedConF",8797,2975,33.82,"cabrera",9,4
"MedScrub",486,123,25.31,"cabrera",9,4
"SaltMar",276,50,18.12,"cabrera",9,4
"AridScr",7823,4621,59.07,"cabrera",9,5
"ArtSurf",94,27,28.72,"cabrera",9,5
"BareArea",1122,202,18,"cabrera",9,5
"Crop",4,2,50,"cabrera",9,5
"Grass",13,10,76.92,"cabrera",9,5
"HaloVeg",52,25,48.08,"cabrera",9,5
"MedConF",8797,4816,54.75,"cabrera",9,5
"MedScrub",486,382,78.6,"cabrera",9,5
"SaltMar",276,70,25.36,"cabrera",9,5
"AridScr",7823,6154,78.67,"cabrera",9,6
"ArtSurf",94,44,46.81,"cabrera",9,6
"BareArea",1122,221,19.7,"cabrera",9,6
"Crop",4,4,100,"cabrera",9,6
"Grass",13,10,76.92,"cabrera",9,6
"HaloVeg",52,20,38.46,"cabrera",9,6
"MedConF",8797,5147,58.51,"cabrera",9,6
"MedScrub",486,368,75.72,"cabrera",9,6
"SaltMar",276,84,30.43,"cabrera",9,6
"AridScr",7823,7455,95.3,"cabrera",9,7
"ArtSurf",94,78,82.98,"cabrera",9,7
"BareArea",1122,428,38.15,"cabrera",9,7
"Crop",4,4,100,"cabrera",9,7
"Grass",13,8,61.54,"cabrera",9,7
"HaloVeg",52,30,57.69,"cabrera",9,7
"MedConF",8797,8375,95.2,"cabrera",9,7
"MedScrub",486,485,99.79,"cabrera",9,7
"SaltMar",276,131,47.46,"cabrera",9,7
"AridScr",7823,7477,95.58,"cabrera",9,8
"ArtSurf",94,79,84.04,"cabrera",9,8
"BareArea",1122,436,38.86,"cabrera",9,8
"Crop",4,4,100,"cabrera",9,8
"Grass",13,8,61.54,"cabrera",9,8
"HaloVeg",52,44,84.62,"cabrera",9,8
"MedConF",8797,8507,96.7,"cabrera",9,8
"MedScrub",486,481,98.97,"cabrera",9,8
"SaltMar",276,167,60.51,"cabrera",9,8
"AridScr",7823,1157,14.79,"cabrera",9,9
"ArtSurf",94,8,8.51,"cabrera",9,9
"BareArea",1122,51,4.55,"cabrera",9,9
"Crop",4,1,25,"cabrera",9,9
"Grass",13,2,15.38,"cabrera",9,9
"HaloVeg",52,0,0,"cabrera",9,9
"MedConF",8797,597,6.79,"cabrera",9,9
"MedScrub",486,29,5.97,"cabrera",9,9
"SaltMar",276,13,4.71,"cabrera",9,9
"AridScr",7823,4967,63.49,"cabrera",9,10
"ArtSurf",94,34,36.17,"cabrera",9,10
"BareArea",1122,121,10.78,"cabrera",9,10
"Crop",4,0,0,"cabrera",9,10
"Grass",13,3,23.08,"cabrera",9,10
"HaloVeg",52,6,11.54,"cabrera",9,10
"MedConF",8797,5532,62.89,"cabrera",9,10
"MedScrub",486,400,82.3,"cabrera",9,10
"SaltMar",276,17,6.16,"cabrera",9,10
"AridScr",7823,0,0,"cabrera",9,11
"ArtSurf",94,0,0,"cabrera",9,11
"BareArea",1122,0,0,"cabrera",9,11
"Crop",4,0,0,"cabrera",9,11
"Grass",13,0,0,"cabrera",9,11
"HaloVeg",52,0,0,"cabrera",9,11
"MedConF",8797,0,0,"cabrera",9,11
"MedScrub",486,0,0,"cabrera",9,11
"SaltMar",276,0,0,"cabrera",9,11
"AridScr",7823,0,0,"cabrera",9,12
"ArtSurf",94,0,0,"cabrera",9,12
"BareArea",1122,0,0,"cabrera",9,12
"Crop",4,0,0,"cabrera",9,12
"Grass",13,0,0,"cabrera",9,12
"HaloVeg",52,0,0,"cabrera",9,12
"MedConF",8797,0,0,"cabrera",9,12
"MedScrub",486,0,0,"cabrera",9,12
"SaltMar",276,0,0,"cabrera",9,12
"AridScr",7823,0,0,"cabrera",12,1
"ArtSurf",94,0,0,"cabrera",12,1
"BareArea",1122,0,0,"cabrera",12,1
"Crop",4,0,0,"cabrera",12,1
"Grass",13,0,0,"cabrera",12,1
"HaloVeg",52,0,0,"cabrera",12,1
"MedConF",8797,0,0,"cabrera",12,1
"MedScrub",486,0,0,"cabrera",12,1
"SaltMar",276,0,0,"cabrera",12,1
"AridScr",7823,930,11.89,"cabrera",12,2
"ArtSurf",94,0,0,"cabrera",12,2
"BareArea",1122,24,2.14,"cabrera",12,2
"Crop",4,0,0,"cabrera",12,2
"Grass",13,0,0,"cabrera",12,2
"HaloVeg",52,2,3.85,"cabrera",12,2
"MedConF",8797,374,4.25,"cabrera",12,2
"MedScrub",486,19,3.91,"cabrera",12,2
"SaltMar",276,11,3.99,"cabrera",12,2
"AridScr",7823,33,0.42,"cabrera",12,3
"ArtSurf",94,0,0,"cabrera",12,3
"BareArea",1122,0,0,"cabrera",12,3
"Crop",4,0,0,"cabrera",12,3
"Grass",13,1,7.69,"cabrera",12,3
"HaloVeg",52,1,1.92,"cabrera",12,3
"MedConF",8797,29,0.33,"cabrera",12,3
"MedScrub",486,0,0,"cabrera",12,3
"SaltMar",276,0,0,"cabrera",12,3
"AridScr",7823,5098,65.17,"cabrera",12,4
"ArtSurf",94,47,50,"cabrera",12,4
"BareArea",1122,182,16.22,"cabrera",12,4
"Crop",4,4,100,"cabrera",12,4
"Grass",13,12,92.31,"cabrera",12,4
"HaloVeg",52,28,53.85,"cabrera",12,4
"MedConF",8797,5044,57.34,"cabrera",12,4
"MedScrub",486,271,55.76,"cabrera",12,4
"SaltMar",276,87,31.52,"cabrera",12,4
"AridScr",7823,5140,65.7,"cabrera",12,5
"ArtSurf",94,33,35.11,"cabrera",12,5
"BareArea",1122,221,19.7,"cabrera",12,5
"Crop",4,2,50,"cabrera",12,5
"Grass",13,10,76.92,"cabrera",12,5
"HaloVeg",52,35,67.31,"cabrera",12,5
"MedConF",8797,5399,61.37,"cabrera",12,5
"MedScrub",486,411,84.57,"cabrera",12,5
"SaltMar",276,75,27.17,"cabrera",12,5
"AridScr",7823,5119,65.44,"cabrera",12,6
"ArtSurf",94,24,25.53,"cabrera",12,6
"BareArea",1122,144,12.83,"cabrera",12,6
"Crop",4,4,100,"cabrera",12,6
"Grass",13,6,46.15,"cabrera",12,6
"HaloVeg",52,17,32.69,"cabrera",12,6
"MedConF",8797,3404,38.7,"cabrera",12,6
"MedScrub",486,257,52.88,"cabrera",12,6
"SaltMar",276,57,20.65,"cabrera",12,6
"AridScr",7823,7564,96.69,"cabrera",12,7
"ArtSurf",94,78,82.98,"cabrera",12,7
"BareArea",1122,493,43.94,"cabrera",12,7
"Crop",4,4,100,"cabrera",12,7
"Grass",13,9,69.23,"cabrera",12,7
"HaloVeg",52,35,67.31,"cabrera",12,7
"MedConF",8797,8608,97.85,"cabrera",12,7
"MedScrub",486,486,100,"cabrera",12,7
"SaltMar",276,150,54.35,"cabrera",12,7
"AridScr",7823,7444,95.16,"cabrera",12,8
"ArtSurf",94,79,84.04,"cabrera",12,8
"BareArea",1122,370,32.98,"cabrera",12,8
"Crop",4,4,100,"cabrera",12,8
"Grass",13,7,53.85,"cabrera",12,8
"HaloVeg",52,37,71.15,"cabrera",12,8
"MedConF",8797,8554,97.24,"cabrera",12,8
"MedScrub",486,480,98.77,"cabrera",12,8
"SaltMar",276,152,55.07,"cabrera",12,8
"AridScr",7823,4217,53.91,"cabrera",12,9
"ArtSurf",94,50,53.19,"cabrera",12,9
"BareArea",1122,121,10.78,"cabrera",12,9
"Crop",4,4,100,"cabrera",12,9
"Grass",13,5,38.46,"cabrera",12,9
"HaloVeg",52,1,1.92,"cabrera",12,9
"MedConF",8797,4879,55.46,"cabrera",12,9
"MedScrub",486,256,52.67,"cabrera",12,9
"SaltMar",276,44,15.94,"cabrera",12,9
"AridScr",7823,4177,53.39,"cabrera",12,10
"ArtSurf",94,37,39.36,"cabrera",12,10
"BareArea",1122,80,7.13,"cabrera",12,10
"Crop",4,1,25,"cabrera",12,10
"Grass",13,0,0,"cabrera",12,10
"HaloVeg",52,1,1.92,"cabrera",12,10
"MedConF",8797,6333,71.99,"cabrera",12,10
"MedScrub",486,404,83.13,"cabrera",12,10
"SaltMar",276,7,2.54,"cabrera",12,10
"AridScr",7823,0,0,"cabrera",12,11
"ArtSurf",94,0,0,"cabrera",12,11
"BareArea",1122,0,0,"cabrera",12,11
"Crop",4,0,0,"cabrera",12,11
"Grass",13,0,0,"cabrera",12,11
"HaloVeg",52,0,0,"cabrera",12,11
"MedConF",8797,0,0,"cabrera",12,11
"MedScrub",486,0,0,"cabrera",12,11
"SaltMar",276,0,0,"cabrera",12,11
"AridScr",7823,2,0.03,"cabrera",12,12
"ArtSurf",94,0,0,"cabrera",12,12
"BareArea",1122,0,0,"cabrera",12,12
"Crop",4,0,0,"cabrera",12,12
"Grass",13,0,0,"cabrera",12,12
"HaloVeg",52,0,0,"cabrera",12,12
"MedConF",8797,0,0,"cabrera",12,12
"MedScrub",486,0,0,"cabrera",12,12
"SaltMar",276,0,0,"cabrera",12,12
"ArtSurf",247,0,0,"daimiel",1,1
"Crop",2273,0,0,"daimiel",1,1
"Dehesa",2601,0,0,"daimiel",1,1
"Grass",8172,0,0,"daimiel",1,1
"HaloVeg",2543,0,0,"daimiel",1,1
"HydroRipVeg",16350,0,0,"daimiel",1,1
"MedSclF",623,0,0,"daimiel",1,1
"Reforestation",25,0,0,"daimiel",1,1
"RipF",1501,0,0,"daimiel",1,1
"WaterSurf",8869,0,0,"daimiel",1,1
"ArtSurf",247,0,0,"daimiel",1,2
"Crop",2273,0,0,"daimiel",1,2
"Dehesa",2601,0,0,"daimiel",1,2
"Grass",8172,0,0,"daimiel",1,2
"HaloVeg",2543,0,0,"daimiel",1,2
"HydroRipVeg",16350,0,0,"daimiel",1,2
"MedSclF",623,0,0,"daimiel",1,2
"Reforestation",25,0,0,"daimiel",1,2
"RipF",1501,0,0,"daimiel",1,2
"WaterSurf",8869,0,0,"daimiel",1,2
"ArtSurf",247,0,0,"daimiel",1,3
"Crop",2273,0,0,"daimiel",1,3
"Dehesa",2601,0,0,"daimiel",1,3
"Grass",8172,0,0,"daimiel",1,3
"HaloVeg",2543,0,0,"daimiel",1,3
"HydroRipVeg",16350,0,0,"daimiel",1,3
"MedSclF",623,0,0,"daimiel",1,3
"Reforestation",25,0,0,"daimiel",1,3
"RipF",1501,0,0,"daimiel",1,3
"WaterSurf",8869,0,0,"daimiel",1,3
"ArtSurf",247,0,0,"daimiel",1,4
"Crop",2273,0,0,"daimiel",1,4
"Dehesa",2601,0,0,"daimiel",1,4
"Grass",8172,0,0,"daimiel",1,4
"HaloVeg",2543,0,0,"daimiel",1,4
"HydroRipVeg",16350,0,0,"daimiel",1,4
"MedSclF",623,0,0,"daimiel",1,4
"Reforestation",25,0,0,"daimiel",1,4
"RipF",1501,0,0,"daimiel",1,4
"WaterSurf",8869,0,0,"daimiel",1,4
"ArtSurf",247,8,3.24,"daimiel",1,5
"Crop",2273,8,0.35,"daimiel",1,5
"Dehesa",2601,11,0.42,"daimiel",1,5
"Grass",8172,67,0.82,"daimiel",1,5
"HaloVeg",2543,324,12.74,"daimiel",1,5
"HydroRipVeg",16350,53,0.32,"daimiel",1,5
"MedSclF",623,12,1.93,"daimiel",1,5
"Reforestation",25,0,0,"daimiel",1,5
"RipF",1501,5,0.33,"daimiel",1,5
"WaterSurf",8869,0,0,"daimiel",1,5
"ArtSurf",247,0,0,"daimiel",1,6
"Crop",2273,0,0,"daimiel",1,6
"Dehesa",2601,0,0,"daimiel",1,6
"Grass",8172,0,0,"daimiel",1,6
"HaloVeg",2543,0,0,"daimiel",1,6
"HydroRipVeg",16350,0,0,"daimiel",1,6
"MedSclF",623,0,0,"daimiel",1,6
"Reforestation",25,0,0,"daimiel",1,6
"RipF",1501,0,0,"daimiel",1,6
"WaterSurf",8869,0,0,"daimiel",1,6
"ArtSurf",247,0,0,"daimiel",1,7
"Crop",2273,0,0,"daimiel",1,7
"Dehesa",2601,4,0.15,"daimiel",1,7
"Grass",8172,1,0.01,"daimiel",1,7
"HaloVeg",2543,0,0,"daimiel",1,7
"HydroRipVeg",16350,0,0,"daimiel",1,7
"MedSclF",623,0,0,"daimiel",1,7
"Reforestation",25,0,0,"daimiel",1,7
"RipF",1501,0,0,"daimiel",1,7
"WaterSurf",8869,0,0,"daimiel",1,7
"ArtSurf",247,0,0,"daimiel",1,8
"Crop",2273,0,0,"daimiel",1,8
"Dehesa",2601,0,0,"daimiel",1,8
"Grass",8172,0,0,"daimiel",1,8
"HaloVeg",2543,0,0,"daimiel",1,8
"HydroRipVeg",16350,0,0,"daimiel",1,8
"MedSclF",623,0,0,"daimiel",1,8
"Reforestation",25,0,0,"daimiel",1,8
"RipF",1501,0,0,"daimiel",1,8
"WaterSurf",8869,0,0,"daimiel",1,8
"ArtSurf",247,0,0,"daimiel",1,9
"Crop",2273,0,0,"daimiel",1,9
"Dehesa",2601,0,0,"daimiel",1,9
"Grass",8172,0,0,"daimiel",1,9
"HaloVeg",2543,0,0,"daimiel",1,9
"HydroRipVeg",16350,46,0.28,"daimiel",1,9
"MedSclF",623,0,0,"daimiel",1,9
"Reforestation",25,0,0,"daimiel",1,9
"RipF",1501,0,0,"daimiel",1,9
"WaterSurf",8869,31,0.35,"daimiel",1,9
"ArtSurf",247,0,0,"daimiel",1,10
"Crop",2273,0,0,"daimiel",1,10
"Dehesa",2601,0,0,"daimiel",1,10
"Grass",8172,0,0,"daimiel",1,10
"HaloVeg",2543,0,0,"daimiel",1,10
"HydroRipVeg",16350,0,0,"daimiel",1,10
"MedSclF",623,0,0,"daimiel",1,10
"Reforestation",25,0,0,"daimiel",1,10
"RipF",1501,0,0,"daimiel",1,10
"WaterSurf",8869,0,0,"daimiel",1,10
"ArtSurf",247,0,0,"daimiel",1,11
"Crop",2273,0,0,"daimiel",1,11
"Dehesa",2601,0,0,"daimiel",1,11
"Grass",8172,0,0,"daimiel",1,11
"HaloVeg",2543,0,0,"daimiel",1,11
"HydroRipVeg",16350,0,0,"daimiel",1,11
"MedSclF",623,0,0,"daimiel",1,11
"Reforestation",25,0,0,"daimiel",1,11
"RipF",1501,0,0,"daimiel",1,11
"WaterSurf",8869,0,0,"daimiel",1,11
"ArtSurf",247,0,0,"daimiel",1,12
"Crop",2273,0,0,"daimiel",1,12
"Dehesa",2601,0,0,"daimiel",1,12
"Grass",8172,0,0,"daimiel",1,12
"HaloVeg",2543,0,0,"daimiel",1,12
"HydroRipVeg",16350,0,0,"daimiel",1,12
"MedSclF",623,0,0,"daimiel",1,12
"Reforestation",25,0,0,"daimiel",1,12
"RipF",1501,0,0,"daimiel",1,12
"WaterSurf",8869,0,0,"daimiel",1,12
"ArtSurf",247,0,0,"daimiel",3,1
"Crop",2273,0,0,"daimiel",3,1
"Dehesa",2601,0,0,"daimiel",3,1
"Grass",8172,0,0,"daimiel",3,1
"HaloVeg",2543,0,0,"daimiel",3,1
"HydroRipVeg",16350,0,0,"daimiel",3,1
"MedSclF",623,0,0,"daimiel",3,1
"Reforestation",25,0,0,"daimiel",3,1
"RipF",1501,0,0,"daimiel",3,1
"WaterSurf",8869,0,0,"daimiel",3,1
"ArtSurf",247,0,0,"daimiel",3,2
"Crop",2273,0,0,"daimiel",3,2
"Dehesa",2601,0,0,"daimiel",3,2
"Grass",8172,0,0,"daimiel",3,2
"HaloVeg",2543,0,0,"daimiel",3,2
"HydroRipVeg",16350,0,0,"daimiel",3,2
"MedSclF",623,0,0,"daimiel",3,2
"Reforestation",25,0,0,"daimiel",3,2
"RipF",1501,0,0,"daimiel",3,2
"WaterSurf",8869,0,0,"daimiel",3,2
"ArtSurf",247,0,0,"daimiel",3,3
"Crop",2273,0,0,"daimiel",3,3
"Dehesa",2601,0,0,"daimiel",3,3
"Grass",8172,0,0,"daimiel",3,3
"HaloVeg",2543,0,0,"daimiel",3,3
"HydroRipVeg",16350,0,0,"daimiel",3,3
"MedSclF",623,0,0,"daimiel",3,3
"Reforestation",25,0,0,"daimiel",3,3
"RipF",1501,0,0,"daimiel",3,3
"WaterSurf",8869,0,0,"daimiel",3,3
"ArtSurf",247,15,6.07,"daimiel",3,4
"Crop",2273,41,1.8,"daimiel",3,4
"Dehesa",2601,250,9.61,"daimiel",3,4
"Grass",8172,172,2.1,"daimiel",3,4
"HaloVeg",2543,406,15.97,"daimiel",3,4
"HydroRipVeg",16350,94,0.57,"daimiel",3,4
"MedSclF",623,64,10.27,"daimiel",3,4
"Reforestation",25,4,16,"daimiel",3,4
"RipF",1501,44,2.93,"daimiel",3,4
"WaterSurf",8869,8,0.09,"daimiel",3,4
"ArtSurf",247,70,28.34,"daimiel",3,5
"Crop",2273,203,8.93,"daimiel",3,5
"Dehesa",2601,1585,60.94,"daimiel",3,5
"Grass",8172,1964,24.03,"daimiel",3,5
"HaloVeg",2543,1128,44.36,"daimiel",3,5
"HydroRipVeg",16350,502,3.07,"daimiel",3,5
"MedSclF",623,455,73.03,"daimiel",3,5
"Reforestation",25,21,84,"daimiel",3,5
"RipF",1501,244,16.26,"daimiel",3,5
"WaterSurf",8869,15,0.17,"daimiel",3,5
"ArtSurf",247,24,9.72,"daimiel",3,6
"Crop",2273,221,9.72,"daimiel",3,6
"Dehesa",2601,812,31.22,"daimiel",3,6
"Grass",8172,1118,13.68,"daimiel",3,6
"HaloVeg",2543,855,33.62,"daimiel",3,6
"HydroRipVeg",16350,243,1.49,"daimiel",3,6
"MedSclF",623,435,69.82,"daimiel",3,6
"Reforestation",25,4,16,"daimiel",3,6
"RipF",1501,78,5.2,"daimiel",3,6
"WaterSurf",8869,0,0,"daimiel",3,6
"ArtSurf",247,6,2.43,"daimiel",3,7
"Crop",2273,324,14.25,"daimiel",3,7
"Dehesa",2601,219,8.42,"daimiel",3,7
"Grass",8172,584,7.15,"daimiel",3,7
"HaloVeg",2543,438,17.22,"daimiel",3,7
"HydroRipVeg",16350,30,0.18,"daimiel",3,7
"MedSclF",623,41,6.58,"daimiel",3,7
"Reforestation",25,2,8,"daimiel",3,7
"RipF",1501,76,5.06,"daimiel",3,7
"WaterSurf",8869,0,0,"daimiel",3,7
"ArtSurf",247,0,0,"daimiel",3,8
"Crop",2273,7,0.31,"daimiel",3,8
"Dehesa",2601,257,9.88,"daimiel",3,8
"Grass",8172,140,1.71,"daimiel",3,8
"HaloVeg",2543,0,0,"daimiel",3,8
"HydroRipVeg",16350,2,0.01,"daimiel",3,8
"MedSclF",623,0,0,"daimiel",3,8
"Reforestation",25,0,0,"daimiel",3,8
"RipF",1501,5,0.33,"daimiel",3,8
"WaterSurf",8869,0,0,"daimiel",3,8
"ArtSurf",247,0,0,"daimiel",3,9
"Crop",2273,0,0,"daimiel",3,9
"Dehesa",2601,0,0,"daimiel",3,9
"Grass",8172,0,0,"daimiel",3,9
"HaloVeg",2543,0,0,"daimiel",3,9
"HydroRipVeg",16350,0,0,"daimiel",3,9
"MedSclF",623,0,0,"daimiel",3,9
"Reforestation",25,0,0,"daimiel",3,9
"RipF",1501,0,0,"daimiel",3,9
"WaterSurf",8869,0,0,"daimiel",3,9
"ArtSurf",247,0,0,"daimiel",3,10
"Crop",2273,0,0,"daimiel",3,10
"Dehesa",2601,0,0,"daimiel",3,10
"Grass",8172,0,0,"daimiel",3,10
"HaloVeg",2543,0,0,"daimiel",3,10
"HydroRipVeg",16350,0,0,"daimiel",3,10
"MedSclF",623,0,0,"daimiel",3,10
"Reforestation",25,0,0,"daimiel",3,10
"RipF",1501,0,0,"daimiel",3,10
"WaterSurf",8869,0,0,"daimiel",3,10
"ArtSurf",247,55,22.27,"daimiel",3,11
"Crop",2273,692,30.44,"daimiel",3,11
"Dehesa",2601,1335,51.33,"daimiel",3,11
"Grass",8172,1873,22.92,"daimiel",3,11
"HaloVeg",2543,827,32.52,"daimiel",3,11
"HydroRipVeg",16350,464,2.84,"daimiel",3,11
"MedSclF",623,98,15.73,"daimiel",3,11
"Reforestation",25,11,44,"daimiel",3,11
"RipF",1501,185,12.33,"daimiel",3,11
"WaterSurf",8869,548,6.18,"daimiel",3,11
"ArtSurf",247,0,0,"daimiel",3,12
"Crop",2273,0,0,"daimiel",3,12
"Dehesa",2601,0,0,"daimiel",3,12
"Grass",8172,0,0,"daimiel",3,12
"HaloVeg",2543,0,0,"daimiel",3,12
"HydroRipVeg",16350,0,0,"daimiel",3,12
"MedSclF",623,0,0,"daimiel",3,12
"Reforestation",25,0,0,"daimiel",3,12
"RipF",1501,0,0,"daimiel",3,12
"WaterSurf",8869,0,0,"daimiel",3,12
"ArtSurf",247,0,0,"daimiel",6,1
"Crop",2273,5,0.22,"daimiel",6,1
"Dehesa",2601,0,0,"daimiel",6,1
"Grass",8172,19,0.23,"daimiel",6,1
"HaloVeg",2543,6,0.24,"daimiel",6,1
"HydroRipVeg",16350,21,0.13,"daimiel",6,1
"MedSclF",623,4,0.64,"daimiel",6,1
"Reforestation",25,0,0,"daimiel",6,1
"RipF",1501,1,0.07,"daimiel",6,1
"WaterSurf",8869,0,0,"daimiel",6,1
"ArtSurf",247,15,6.07,"daimiel",6,2
"Crop",2273,36,1.58,"daimiel",6,2
"Dehesa",2601,29,1.11,"daimiel",6,2
"Grass",8172,196,2.4,"daimiel",6,2
"HaloVeg",2543,307,12.07,"daimiel",6,2
"HydroRipVeg",16350,559,3.42,"daimiel",6,2
"MedSclF",623,36,5.78,"daimiel",6,2
"Reforestation",25,5,20,"daimiel",6,2
"RipF",1501,125,8.33,"daimiel",6,2
"WaterSurf",8869,34,0.38,"daimiel",6,2
"ArtSurf",247,26,10.53,"daimiel",6,3
"Crop",2273,28,1.23,"daimiel",6,3
"Dehesa",2601,183,7.04,"daimiel",6,3
"Grass",8172,257,3.14,"daimiel",6,3
"HaloVeg",2543,560,22.02,"daimiel",6,3
"HydroRipVeg",16350,788,4.82,"daimiel",6,3
"MedSclF",623,65,10.43,"daimiel",6,3
"Reforestation",25,4,16,"daimiel",6,3
"RipF",1501,205,13.66,"daimiel",6,3
"WaterSurf",8869,15,0.17,"daimiel",6,3
"ArtSurf",247,48,19.43,"daimiel",6,4
"Crop",2273,86,3.78,"daimiel",6,4
"Dehesa",2601,326,12.53,"daimiel",6,4
"Grass",8172,474,5.8,"daimiel",6,4
"HaloVeg",2543,1279,50.29,"daimiel",6,4
"HydroRipVeg",16350,1673,10.23,"daimiel",6,4
"MedSclF",623,221,35.47,"daimiel",6,4
"Reforestation",25,4,16,"daimiel",6,4
"RipF",1501,444,29.58,"daimiel",6,4
"WaterSurf",8869,66,0.74,"daimiel",6,4
"ArtSurf",247,76,30.77,"daimiel",6,5
"Crop",2273,198,8.71,"daimiel",6,5
"Dehesa",2601,404,15.53,"daimiel",6,5
"Grass",8172,1063,13.01,"daimiel",6,5
"HaloVeg",2543,2126,83.6,"daimiel",6,5
"HydroRipVeg",16350,2950,18.04,"daimiel",6,5
"MedSclF",623,491,78.81,"daimiel",6,5
"Reforestation",25,21,84,"daimiel",6,5
"RipF",1501,811,54.03,"daimiel",6,5
"WaterSurf",8869,70,0.79,"daimiel",6,5
"ArtSurf",247,57,23.08,"daimiel",6,6
"Crop",2273,228,10.03,"daimiel",6,6
"Dehesa",2601,458,17.61,"daimiel",6,6
"Grass",8172,1781,21.79,"daimiel",6,6
"HaloVeg",2543,1988,78.18,"daimiel",6,6
"HydroRipVeg",16350,2194,13.42,"daimiel",6,6
"MedSclF",623,539,86.52,"daimiel",6,6
"Reforestation",25,20,80,"daimiel",6,6
"RipF",1501,565,37.64,"daimiel",6,6
"WaterSurf",8869,42,0.47,"daimiel",6,6
"ArtSurf",247,45,18.22,"daimiel",6,7
"Crop",2273,581,25.56,"daimiel",6,7
"Dehesa",2601,578,22.22,"daimiel",6,7
"Grass",8172,2668,32.65,"daimiel",6,7
"HaloVeg",2543,1756,69.05,"daimiel",6,7
"HydroRipVeg",16350,2022,12.37,"daimiel",6,7
"MedSclF",623,518,83.15,"daimiel",6,7
"Reforestation",25,18,72,"daimiel",6,7
"RipF",1501,472,31.45,"daimiel",6,7
"WaterSurf",8869,11,0.12,"daimiel",6,7
"ArtSurf",247,21,8.5,"daimiel",6,8
"Crop",2273,800,35.2,"daimiel",6,8
"Dehesa",2601,883,33.95,"daimiel",6,8
"Grass",8172,1859,22.75,"daimiel",6,8
"HaloVeg",2543,750,29.49,"daimiel",6,8
"HydroRipVeg",16350,286,1.75,"daimiel",6,8
"MedSclF",623,188,30.18,"daimiel",6,8
"Reforestation",25,5,20,"daimiel",6,8
"RipF",1501,134,8.93,"daimiel",6,8
"WaterSurf",8869,1,0.01,"daimiel",6,8
"ArtSurf",247,18,7.29,"daimiel",6,9
"Crop",2273,161,7.08,"daimiel",6,9
"Dehesa",2601,811,31.18,"daimiel",6,9
"Grass",8172,999,12.22,"daimiel",6,9
"HaloVeg",2543,332,13.06,"daimiel",6,9
"HydroRipVeg",16350,13,0.08,"daimiel",6,9
"MedSclF",623,115,18.46,"daimiel",6,9
"Reforestation",25,1,4,"daimiel",6,9
"RipF",1501,86,5.73,"daimiel",6,9
"WaterSurf",8869,0,0,"daimiel",6,9
"ArtSurf",247,0,0,"daimiel",6,10
"Crop",2273,0,0,"daimiel",6,10
"Dehesa",2601,0,0,"daimiel",6,10
"Grass",8172,0,0,"daimiel",6,10
"HaloVeg",2543,0,0,"daimiel",6,10
"HydroRipVeg",16350,0,0,"daimiel",6,10
"MedSclF",623,0,0,"daimiel",6,10
"Reforestation",25,0,0,"daimiel",6,10
"RipF",1501,0,0,"daimiel",6,10
"WaterSurf",8869,0,0,"daimiel",6,10
"ArtSurf",247,34,13.77,"daimiel",6,11
"Crop",2273,513,22.57,"daimiel",6,11
"Dehesa",2601,892,34.29,"daimiel",6,11
"Grass",8172,1310,16.03,"daimiel",6,11
"HaloVeg",2543,621,24.42,"daimiel",6,11
"HydroRipVeg",16350,479,2.93,"daimiel",6,11
"MedSclF",623,81,13,"daimiel",6,11
"Reforestation",25,11,44,"daimiel",6,11
"RipF",1501,154,10.26,"daimiel",6,11
"WaterSurf",8869,105,1.18,"daimiel",6,11
"ArtSurf",247,0,0,"daimiel",6,12
"Crop",2273,0,0,"daimiel",6,12
"Dehesa",2601,0,0,"daimiel",6,12
"Grass",8172,0,0,"daimiel",6,12
"HaloVeg",2543,0,0,"daimiel",6,12
"HydroRipVeg",16350,0,0,"daimiel",6,12
"MedSclF",623,0,0,"daimiel",6,12
"Reforestation",25,0,0,"daimiel",6,12
"RipF",1501,0,0,"daimiel",6,12
"WaterSurf",8869,0,0,"daimiel",6,12
"ArtSurf",247,0,0,"daimiel",9,1
"Crop",2273,0,0,"daimiel",9,1
"Dehesa",2601,0,0,"daimiel",9,1
"Grass",8172,0,0,"daimiel",9,1
"HaloVeg",2543,0,0,"daimiel",9,1
"HydroRipVeg",16350,0,0,"daimiel",9,1
"MedSclF",623,0,0,"daimiel",9,1
"Reforestation",25,0,0,"daimiel",9,1
"RipF",1501,0,0,"daimiel",9,1
"WaterSurf",8869,0,0,"daimiel",9,1
"ArtSurf",247,12,4.86,"daimiel",9,2
"Crop",2273,36,1.58,"daimiel",9,2
"Dehesa",2601,17,0.65,"daimiel",9,2
"Grass",8172,206,2.52,"daimiel",9,2
"HaloVeg",2543,347,13.65,"daimiel",9,2
"HydroRipVeg",16350,668,4.09,"daimiel",9,2
"MedSclF",623,27,4.33,"daimiel",9,2
"Reforestation",25,8,32,"daimiel",9,2
"RipF",1501,108,7.2,"daimiel",9,2
"WaterSurf",8869,36,0.41,"daimiel",9,2
"ArtSurf",247,39,15.79,"daimiel",9,3
"Crop",2273,99,4.36,"daimiel",9,3
"Dehesa",2601,353,13.57,"daimiel",9,3
"Grass",8172,495,6.06,"daimiel",9,3
"HaloVeg",2543,955,37.55,"daimiel",9,3
"HydroRipVeg",16350,1674,10.24,"daimiel",9,3
"MedSclF",623,166,26.65,"daimiel",9,3
"Reforestation",25,17,68,"daimiel",9,3
"RipF",1501,411,27.38,"daimiel",9,3
"WaterSurf",8869,80,0.9,"daimiel",9,3
"ArtSurf",247,80,32.39,"daimiel",9,4
"Crop",2273,166,7.3,"daimiel",9,4
"Dehesa",2601,621,23.88,"daimiel",9,4
"Grass",8172,1021,12.49,"daimiel",9,4
"HaloVeg",2543,1847,72.63,"daimiel",9,4
"HydroRipVeg",16350,2421,14.81,"daimiel",9,4
"MedSclF",623,317,50.88,"daimiel",9,4
"Reforestation",25,21,84,"daimiel",9,4
"RipF",1501,719,47.9,"daimiel",9,4
"WaterSurf",8869,101,1.14,"daimiel",9,4
"ArtSurf",247,114,46.15,"daimiel",9,5
"Crop",2273,244,10.73,"daimiel",9,5
"Dehesa",2601,1500,57.67,"daimiel",9,5
"Grass",8172,1854,22.69,"daimiel",9,5
"HaloVeg",2543,2297,90.33,"daimiel",9,5
"HydroRipVeg",16350,3798,23.23,"daimiel",9,5
"MedSclF",623,538,86.36,"daimiel",9,5
"Reforestation",25,22,88,"daimiel",9,5
"RipF",1501,1034,68.89,"daimiel",9,5
"WaterSurf",8869,115,1.3,"daimiel",9,5
"ArtSurf",247,94,38.06,"daimiel",9,6
"Crop",2273,266,11.7,"daimiel",9,6
"Dehesa",2601,470,18.07,"daimiel",9,6
"Grass",8172,1696,20.75,"daimiel",9,6
"HaloVeg",2543,2200,86.51,"daimiel",9,6
"HydroRipVeg",16350,3528,21.58,"daimiel",9,6
"MedSclF",623,541,86.84,"daimiel",9,6
"Reforestation",25,21,84,"daimiel",9,6
"RipF",1501,807,53.76,"daimiel",9,6
"WaterSurf",8869,60,0.68,"daimiel",9,6
"ArtSurf",247,93,37.65,"daimiel",9,7
"Crop",2273,800,35.2,"daimiel",9,7
"Dehesa",2601,821,31.56,"daimiel",9,7
"Grass",8172,3433,42.01,"daimiel",9,7
"HaloVeg",2543,2422,95.24,"daimiel",9,7
"HydroRipVeg",16350,4752,29.06,"daimiel",9,7
"MedSclF",623,594,95.35,"daimiel",9,7
"Reforestation",25,22,88,"daimiel",9,7
"RipF",1501,832,55.43,"daimiel",9,7
"WaterSurf",8869,99,1.12,"daimiel",9,7
"ArtSurf",247,42,17,"daimiel",9,8
"Crop",2273,622,27.36,"daimiel",9,8
"Dehesa",2601,185,7.11,"daimiel",9,8
"Grass",8172,1303,15.94,"daimiel",9,8
"HaloVeg",2543,1696,66.69,"daimiel",9,8
"HydroRipVeg",16350,3013,18.43,"daimiel",9,8
"MedSclF",623,273,43.82,"daimiel",9,8
"Reforestation",25,4,16,"daimiel",9,8
"RipF",1501,366,24.38,"daimiel",9,8
"WaterSurf",8869,42,0.47,"daimiel",9,8
"ArtSurf",247,60,24.29,"daimiel",9,9
"Crop",2273,324,14.25,"daimiel",9,9
"Dehesa",2601,429,16.49,"daimiel",9,9
"Grass",8172,1732,21.19,"daimiel",9,9
"HaloVeg",2543,1641,64.53,"daimiel",9,9
"HydroRipVeg",16350,3684,22.53,"daimiel",9,9
"MedSclF",623,396,63.56,"daimiel",9,9
"Reforestation",25,1,4,"daimiel",9,9
"RipF",1501,497,33.11,"daimiel",9,9
"WaterSurf",8869,107,1.21,"daimiel",9,9
"ArtSurf",247,0,0,"daimiel",9,10
"Crop",2273,0,0,"daimiel",9,10
"Dehesa",2601,0,0,"daimiel",9,10
"Grass",8172,0,0,"daimiel",9,10
"HaloVeg",2543,0,0,"daimiel",9,10
"HydroRipVeg",16350,0,0,"daimiel",9,10
"MedSclF",623,0,0,"daimiel",9,10
"Reforestation",25,0,0,"daimiel",9,10
"RipF",1501,0,0,"daimiel",9,10
"WaterSurf",8869,0,0,"daimiel",9,10
"ArtSurf",247,2,0.81,"daimiel",9,11
"Crop",2273,16,0.7,"daimiel",9,11
"Dehesa",2601,62,2.38,"daimiel",9,11
"Grass",8172,87,1.06,"daimiel",9,11
"HaloVeg",2543,14,0.55,"daimiel",9,11
"HydroRipVeg",16350,19,0.12,"daimiel",9,11
"MedSclF",623,9,1.44,"daimiel",9,11
"Reforestation",25,2,8,"daimiel",9,11
"RipF",1501,10,0.67,"daimiel",9,11
"WaterSurf",8869,0,0,"daimiel",9,11
"ArtSurf",247,0,0,"daimiel",9,12
"Crop",2273,0,0,"daimiel",9,12
"Dehesa",2601,0,0,"daimiel",9,12
"Grass",8172,0,0,"daimiel",9,12
"HaloVeg",2543,0,0,"daimiel",9,12
"HydroRipVeg",16350,0,0,"daimiel",9,12
"MedSclF",623,0,0,"daimiel",9,12
"Reforestation",25,0,0,"daimiel",9,12
"RipF",1501,0,0,"daimiel",9,12
"WaterSurf",8869,0,0,"daimiel",9,12
"ArtSurf",247,0,0,"daimiel",12,1
"Crop",2273,0,0,"daimiel",12,1
"Dehesa",2601,0,0,"daimiel",12,1
"Grass",8172,0,0,"daimiel",12,1
"HaloVeg",2543,0,0,"daimiel",12,1
"HydroRipVeg",16350,0,0,"daimiel",12,1
"MedSclF",623,0,0,"daimiel",12,1
"Reforestation",25,0,0,"daimiel",12,1
"RipF",1501,0,0,"daimiel",12,1
"WaterSurf",8869,0,0,"daimiel",12,1
"ArtSurf",247,0,0,"daimiel",12,2
"Crop",2273,0,0,"daimiel",12,2
"Dehesa",2601,0,0,"daimiel",12,2
"Grass",8172,0,0,"daimiel",12,2
"HaloVeg",2543,0,0,"daimiel",12,2
"HydroRipVeg",16350,0,0,"daimiel",12,2
"MedSclF",623,0,0,"daimiel",12,2
"Reforestation",25,0,0,"daimiel",12,2
"RipF",1501,0,0,"daimiel",12,2
"WaterSurf",8869,0,0,"daimiel",12,2
"ArtSurf",247,24,9.72,"daimiel",12,3
"Crop",2273,38,1.67,"daimiel",12,3
"Dehesa",2601,97,3.73,"daimiel",12,3
"Grass",8172,241,2.95,"daimiel",12,3
"HaloVeg",2543,573,22.53,"daimiel",12,3
"HydroRipVeg",16350,1066,6.52,"daimiel",12,3
"MedSclF",623,47,7.54,"daimiel",12,3
"Reforestation",25,7,28,"daimiel",12,3
"RipF",1501,217,14.46,"daimiel",12,3
"WaterSurf",8869,61,0.69,"daimiel",12,3
"ArtSurf",247,39,15.79,"daimiel",12,4
"Crop",2273,70,3.08,"daimiel",12,4
"Dehesa",2601,270,10.38,"daimiel",12,4
"Grass",8172,508,6.22,"daimiel",12,4
"HaloVeg",2543,1356,53.32,"daimiel",12,4
"HydroRipVeg",16350,1533,9.38,"daimiel",12,4
"MedSclF",623,138,22.15,"daimiel",12,4
"Reforestation",25,6,24,"daimiel",12,4
"RipF",1501,479,31.91,"daimiel",12,4
"WaterSurf",8869,42,0.47,"daimiel",12,4
"ArtSurf",247,100,40.49,"daimiel",12,5
"Crop",2273,259,11.39,"daimiel",12,5
"Dehesa",2601,1527,58.71,"daimiel",12,5
"Grass",8172,1894,23.18,"daimiel",12,5
"HaloVeg",2543,2250,88.48,"daimiel",12,5
"HydroRipVeg",16350,3300,20.18,"daimiel",12,5
"MedSclF",623,540,86.68,"daimiel",12,5
"Reforestation",25,22,88,"daimiel",12,5
"RipF",1501,944,62.89,"daimiel",12,5
"WaterSurf",8869,52,0.59,"daimiel",12,5
"ArtSurf",247,96,38.87,"daimiel",12,6
"Crop",2273,287,12.63,"daimiel",12,6
"Dehesa",2601,544,20.92,"daimiel",12,6
"Grass",8172,1909,23.36,"daimiel",12,6
"HaloVeg",2543,2224,87.46,"daimiel",12,6
"HydroRipVeg",16350,3666,22.42,"daimiel",12,6
"MedSclF",623,556,89.25,"daimiel",12,6
"Reforestation",25,21,84,"daimiel",12,6
"RipF",1501,800,53.3,"daimiel",12,6
"WaterSurf",8869,57,0.64,"daimiel",12,6
"ArtSurf",247,83,33.6,"daimiel",12,7
"Crop",2273,636,27.98,"daimiel",12,7
"Dehesa",2601,613,23.57,"daimiel",12,7
"Grass",8172,2478,30.32,"daimiel",12,7
"HaloVeg",2543,2283,89.78,"daimiel",12,7
"HydroRipVeg",16350,3825,23.39,"daimiel",12,7
"MedSclF",623,576,92.46,"daimiel",12,7
"Reforestation",25,15,60,"daimiel",12,7
"RipF",1501,734,48.9,"daimiel",12,7
"WaterSurf",8869,57,0.64,"daimiel",12,7
"ArtSurf",247,60,24.29,"daimiel",12,8
"Crop",2273,902,39.68,"daimiel",12,8
"Dehesa",2601,366,14.07,"daimiel",12,8
"Grass",8172,2114,25.87,"daimiel",12,8
"HaloVeg",2543,2077,81.68,"daimiel",12,8
"HydroRipVeg",16350,3752,22.95,"daimiel",12,8
"MedSclF",623,431,69.18,"daimiel",12,8
"Reforestation",25,7,28,"daimiel",12,8
"RipF",1501,525,34.98,"daimiel",12,8
"WaterSurf",8869,67,0.76,"daimiel",12,8
"ArtSurf",247,78,31.58,"daimiel",12,9
"Crop",2273,732,32.2,"daimiel",12,9
"Dehesa",2601,328,12.61,"daimiel",12,9
"Grass",8172,1734,21.22,"daimiel",12,9
"HaloVeg",2543,2122,83.44,"daimiel",12,9
"HydroRipVeg",16350,6321,38.66,"daimiel",12,9
"MedSclF",623,454,72.87,"daimiel",12,9
"Reforestation",25,7,28,"daimiel",12,9
"RipF",1501,709,47.24,"daimiel",12,9
"WaterSurf",8869,239,2.69,"daimiel",12,9
"ArtSurf",247,118,47.77,"daimiel",12,10
"Crop",2273,326,14.34,"daimiel",12,10
"Dehesa",2601,128,4.92,"daimiel",12,10
"Grass",8172,1593,19.49,"daimiel",12,10
"HaloVeg",2543,2049,80.57,"daimiel",12,10
"HydroRipVeg",16350,11727,71.72,"daimiel",12,10
"MedSclF",623,431,69.18,"daimiel",12,10
"Reforestation",25,21,84,"daimiel",12,10
"RipF",1501,1116,74.35,"daimiel",12,10
"WaterSurf",8869,1539,17.35,"daimiel",12,10
"ArtSurf",247,84,34.01,"daimiel",12,11
"Crop",2273,365,16.06,"daimiel",12,11
"Dehesa",2601,934,35.91,"daimiel",12,11
"Grass",8172,1732,21.19,"daimiel",12,11
"HaloVeg",2543,1414,55.6,"daimiel",12,11
"HydroRipVeg",16350,4044,24.73,"daimiel",12,11
"MedSclF",623,361,57.95,"daimiel",12,11
"Reforestation",25,21,84,"daimiel",12,11
"RipF",1501,496,33.04,"daimiel",12,11
"WaterSurf",8869,636,7.17,"daimiel",12,11
"ArtSurf",247,0,0,"daimiel",12,12
"Crop",2273,0,0,"daimiel",12,12
"Dehesa",2601,0,0,"daimiel",12,12
"Grass",8172,5,0.06,"daimiel",12,12
"HaloVeg",2543,13,0.51,"daimiel",12,12
"HydroRipVeg",16350,9,0.06,"daimiel",12,12
"MedSclF",623,13,2.09,"daimiel",12,12
"Reforestation",25,0,0,"daimiel",12,12
"RipF",1501,0,0,"daimiel",12,12
"WaterSurf",8869,3,0.03,"daimiel",12,12
"ArtSurf",12613,0,0,"donana",1,1
"BareArea",6426,0,0,"donana",1,1
"DuneSand",52133,0,0,"donana",1,1
"Grass",23898,0,0,"donana",1,1
"HydroRipVeg",39646,0,0,"donana",1,1
"MedConF",76259,0,0,"donana",1,1
"MedSclF",6483,0,0,"donana",1,1
"MedScrub",129201,0,0,"donana",1,1
"Reforestation",2747,0,0,"donana",1,1
"RipF",418,0,0,"donana",1,1
"SaltMar",344960,0,0,"donana",1,1
"Shrub",6017,0,0,"donana",1,1
"WaterSurf",41748,0,0,"donana",1,1
"ArtSurf",12613,0,0,"donana",1,2
"BareArea",6426,0,0,"donana",1,2
"DuneSand",52133,0,0,"donana",1,2
"Grass",23898,0,0,"donana",1,2
"HydroRipVeg",39646,0,0,"donana",1,2
"MedConF",76259,0,0,"donana",1,2
"MedSclF",6483,0,0,"donana",1,2
"MedScrub",129201,0,0,"donana",1,2
"Reforestation",2747,0,0,"donana",1,2
"RipF",418,0,0,"donana",1,2
"SaltMar",344960,0,0,"donana",1,2
"Shrub",6017,0,0,"donana",1,2
"WaterSurf",41748,0,0,"donana",1,2
"ArtSurf",12613,0,0,"donana",1,3
"BareArea",6426,0,0,"donana",1,3
"DuneSand",52133,0,0,"donana",1,3
"Grass",23898,0,0,"donana",1,3
"HydroRipVeg",39646,0,0,"donana",1,3
"MedConF",76259,0,0,"donana",1,3
"MedSclF",6483,0,0,"donana",1,3
"MedScrub",129201,0,0,"donana",1,3
"Reforestation",2747,0,0,"donana",1,3
"RipF",418,0,0,"donana",1,3
"SaltMar",344960,0,0,"donana",1,3
"Shrub",6017,0,0,"donana",1,3
"WaterSurf",41748,0,0,"donana",1,3
"ArtSurf",12613,0,0,"donana",1,4
"BareArea",6426,0,0,"donana",1,4
"DuneSand",52133,0,0,"donana",1,4
"Grass",23898,0,0,"donana",1,4
"HydroRipVeg",39646,0,0,"donana",1,4
"MedConF",76259,0,0,"donana",1,4
"MedSclF",6483,0,0,"donana",1,4
"MedScrub",129201,0,0,"donana",1,4
"Reforestation",2747,0,0,"donana",1,4
"RipF",418,0,0,"donana",1,4
"SaltMar",344960,0,0,"donana",1,4
"Shrub",6017,0,0,"donana",1,4
"WaterSurf",41748,0,0,"donana",1,4
"ArtSurf",12613,0,0,"donana",1,5
"BareArea",6426,0,0,"donana",1,5
"DuneSand",52133,0,0,"donana",1,5
"Grass",23898,0,0,"donana",1,5
"HydroRipVeg",39646,0,0,"donana",1,5
"MedConF",76259,0,0,"donana",1,5
"MedSclF",6483,0,0,"donana",1,5
"MedScrub",129201,0,0,"donana",1,5
"Reforestation",2747,0,0,"donana",1,5
"RipF",418,0,0,"donana",1,5
"SaltMar",344960,0,0,"donana",1,5
"Shrub",6017,0,0,"donana",1,5
"WaterSurf",41748,0,0,"donana",1,5
"ArtSurf",12613,0,0,"donana",1,6
"BareArea",6426,0,0,"donana",1,6
"DuneSand",52133,0,0,"donana",1,6
"Grass",23898,0,0,"donana",1,6
"HydroRipVeg",39646,0,0,"donana",1,6
"MedConF",76259,0,0,"donana",1,6
"MedSclF",6483,0,0,"donana",1,6
"MedScrub",129201,0,0,"donana",1,6
"Reforestation",2747,0,0,"donana",1,6
"RipF",418,0,0,"donana",1,6
"SaltMar",344960,0,0,"donana",1,6
"Shrub",6017,0,0,"donana",1,6
"WaterSurf",41748,0,0,"donana",1,6
"ArtSurf",12613,0,0,"donana",1,7
"BareArea",6426,0,0,"donana",1,7
"DuneSand",52133,0,0,"donana",1,7
"Grass",23898,0,0,"donana",1,7
"HydroRipVeg",39646,0,0,"donana",1,7
"MedConF",76259,0,0,"donana",1,7
"MedSclF",6483,0,0,"donana",1,7
"MedScrub",129201,0,0,"donana",1,7
"Reforestation",2747,0,0,"donana",1,7
"RipF",418,0,0,"donana",1,7
"SaltMar",344960,0,0,"donana",1,7
"Shrub",6017,0,0,"donana",1,7
"WaterSurf",41748,0,0,"donana",1,7
"ArtSurf",12613,0,0,"donana",1,8
"BareArea",6426,0,0,"donana",1,8
"DuneSand",52133,0,0,"donana",1,8
"Grass",23898,0,0,"donana",1,8
"HydroRipVeg",39646,0,0,"donana",1,8
"MedConF",76259,0,0,"donana",1,8
"MedSclF",6483,0,0,"donana",1,8
"MedScrub",129201,0,0,"donana",1,8
"Reforestation",2747,0,0,"donana",1,8
"RipF",418,0,0,"donana",1,8
"SaltMar",344960,0,0,"donana",1,8
"Shrub",6017,0,0,"donana",1,8
"WaterSurf",41748,0,0,"donana",1,8
"ArtSurf",12613,0,0,"donana",1,9
"BareArea",6426,0,0,"donana",1,9
"DuneSand",52133,0,0,"donana",1,9
"Grass",23898,0,0,"donana",1,9
"HydroRipVeg",39646,0,0,"donana",1,9
"MedConF",76259,0,0,"donana",1,9
"MedSclF",6483,0,0,"donana",1,9
"MedScrub",129201,0,0,"donana",1,9
"Reforestation",2747,0,0,"donana",1,9
"RipF",418,0,0,"donana",1,9
"SaltMar",344960,0,0,"donana",1,9
"Shrub",6017,0,0,"donana",1,9
"WaterSurf",41748,0,0,"donana",1,9
"ArtSurf",12613,29,0.23,"donana",1,10
"BareArea",6426,16,0.25,"donana",1,10
"DuneSand",52133,3,0.01,"donana",1,10
"Grass",23898,111,0.46,"donana",1,10
"HydroRipVeg",39646,32,0.08,"donana",1,10
"MedConF",76259,19,0.02,"donana",1,10
"MedSclF",6483,8,0.12,"donana",1,10
"MedScrub",129201,12,0.01,"donana",1,10
"Reforestation",2747,5,0.18,"donana",1,10
"RipF",418,0,0,"donana",1,10
"SaltMar",344960,2904,0.84,"donana",1,10
"Shrub",6017,1,0.02,"donana",1,10
"WaterSurf",41748,5,0.01,"donana",1,10
"ArtSurf",12613,0,0,"donana",1,11
"BareArea",6426,0,0,"donana",1,11
"DuneSand",52133,0,0,"donana",1,11
"Grass",23898,0,0,"donana",1,11
"HydroRipVeg",39646,0,0,"donana",1,11
"MedConF",76259,0,0,"donana",1,11
"MedSclF",6483,0,0,"donana",1,11
"MedScrub",129201,0,0,"donana",1,11
"Reforestation",2747,0,0,"donana",1,11
"RipF",418,0,0,"donana",1,11
"SaltMar",344960,0,0,"donana",1,11
"Shrub",6017,0,0,"donana",1,11
"WaterSurf",41748,0,0,"donana",1,11
"ArtSurf",12613,174,1.38,"donana",1,12
"BareArea",6426,75,1.17,"donana",1,12
"DuneSand",52133,458,0.88,"donana",1,12
"Grass",23898,55,0.23,"donana",1,12
"HydroRipVeg",39646,332,0.84,"donana",1,12
"MedConF",76259,504,0.66,"donana",1,12
"MedSclF",6483,12,0.19,"donana",1,12
"MedScrub",129201,1094,0.85,"donana",1,12
"Reforestation",2747,3,0.11,"donana",1,12
"RipF",418,1,0.24,"donana",1,12
"SaltMar",344960,82,0.02,"donana",1,12
"Shrub",6017,8,0.13,"donana",1,12
"WaterSurf",41748,10,0.02,"donana",1,12
"ArtSurf",12613,1585,12.57,"donana",3,1
"BareArea",6426,9,0.14,"donana",3,1
"DuneSand",52133,1879,3.6,"donana",3,1
"Grass",23898,1604,6.71,"donana",3,1
"HydroRipVeg",39646,5737,14.47,"donana",3,1
"MedConF",76259,7196,9.44,"donana",3,1
"MedSclF",6483,850,13.11,"donana",3,1
"MedScrub",129201,21597,16.72,"donana",3,1
"Reforestation",2747,201,7.32,"donana",3,1
"RipF",418,16,3.83,"donana",3,1
"SaltMar",344960,1618,0.47,"donana",3,1
"Shrub",6017,833,13.84,"donana",3,1
"WaterSurf",41748,169,0.4,"donana",3,1
"ArtSurf",12613,1673,13.26,"donana",3,2
"BareArea",6426,43,0.67,"donana",3,2
"DuneSand",52133,2905,5.57,"donana",3,2
"Grass",23898,910,3.81,"donana",3,2
"HydroRipVeg",39646,3614,9.12,"donana",3,2
"MedConF",76259,3570,4.68,"donana",3,2
"MedSclF",6483,578,8.92,"donana",3,2
"MedScrub",129201,22774,17.63,"donana",3,2
"Reforestation",2747,427,15.54,"donana",3,2
"RipF",418,8,1.91,"donana",3,2
"SaltMar",344960,1440,0.42,"donana",3,2
"Shrub",6017,576,9.57,"donana",3,2
"WaterSurf",41748,160,0.38,"donana",3,2
"ArtSurf",12613,1,0.01,"donana",3,3
"BareArea",6426,0,0,"donana",3,3
"DuneSand",52133,1,0,"donana",3,3
"Grass",23898,0,0,"donana",3,3
"HydroRipVeg",39646,0,0,"donana",3,3
"MedConF",76259,0,0,"donana",3,3
"MedSclF",6483,0,0,"donana",3,3
"MedScrub",129201,5,0,"donana",3,3
"Reforestation",2747,0,0,"donana",3,3
"RipF",418,0,0,"donana",3,3
"SaltMar",344960,0,0,"donana",3,3
"Shrub",6017,0,0,"donana",3,3
"WaterSurf",41748,0,0,"donana",3,3
"ArtSurf",12613,2396,19,"donana",3,4
"BareArea",6426,130,2.02,"donana",3,4
"DuneSand",52133,890,1.71,"donana",3,4
"Grass",23898,11361,47.54,"donana",3,4
"HydroRipVeg",39646,5668,14.3,"donana",3,4
"MedConF",76259,7113,9.33,"donana",3,4
"MedSclF",6483,2437,37.59,"donana",3,4
"MedScrub",129201,31822,24.63,"donana",3,4
"Reforestation",2747,1068,38.88,"donana",3,4
"RipF",418,77,18.42,"donana",3,4
"SaltMar",344960,35787,10.37,"donana",3,4
"Shrub",6017,1768,29.38,"donana",3,4
"WaterSurf",41748,225,0.54,"donana",3,4
"ArtSurf",12613,3465,27.47,"donana",3,5
"BareArea",6426,310,4.82,"donana",3,5
"DuneSand",52133,730,1.4,"donana",3,5
"Grass",23898,15659,65.52,"donana",3,5
"HydroRipVeg",39646,9891,24.95,"donana",3,5
"MedConF",76259,7753,10.17,"donana",3,5
"MedSclF",6483,3505,54.06,"donana",3,5
"MedScrub",129201,32745,25.34,"donana",3,5
"Reforestation",2747,628,22.86,"donana",3,5
"RipF",418,218,52.15,"donana",3,5
"SaltMar",344960,80862,23.44,"donana",3,5
"Shrub",6017,3002,49.89,"donana",3,5
"WaterSurf",41748,312,0.75,"donana",3,5
"ArtSurf",12613,145,1.15,"donana",3,6
"BareArea",6426,105,1.63,"donana",3,6
"DuneSand",52133,44,0.08,"donana",3,6
"Grass",23898,2521,10.55,"donana",3,6
"HydroRipVeg",39646,3831,9.66,"donana",3,6
"MedConF",76259,208,0.27,"donana",3,6
"MedSclF",6483,252,3.89,"donana",3,6
"MedScrub",129201,5446,4.22,"donana",3,6
"Reforestation",2747,6,0.22,"donana",3,6
"RipF",418,3,0.72,"donana",3,6
"SaltMar",344960,2215,0.64,"donana",3,6
"Shrub",6017,125,2.08,"donana",3,6
"WaterSurf",41748,98,0.23,"donana",3,6
"ArtSurf",12613,0,0,"donana",3,7
"BareArea",6426,0,0,"donana",3,7
"DuneSand",52133,0,0,"donana",3,7
"Grass",23898,0,0,"donana",3,7
"HydroRipVeg",39646,0,0,"donana",3,7
"MedConF",76259,0,0,"donana",3,7
"MedSclF",6483,0,0,"donana",3,7
"MedScrub",129201,0,0,"donana",3,7
"Reforestation",2747,0,0,"donana",3,7
"RipF",418,0,0,"donana",3,7
"SaltMar",344960,0,0,"donana",3,7
"Shrub",6017,0,0,"donana",3,7
"WaterSurf",41748,0,0,"donana",3,7
"ArtSurf",12613,0,0,"donana",3,8
"BareArea",6426,0,0,"donana",3,8
"DuneSand",52133,0,0,"donana",3,8
"Grass",23898,0,0,"donana",3,8
"HydroRipVeg",39646,0,0,"donana",3,8
"MedConF",76259,0,0,"donana",3,8
"MedSclF",6483,0,0,"donana",3,8
"MedScrub",129201,0,0,"donana",3,8
"Reforestation",2747,0,0,"donana",3,8
"RipF",418,0,0,"donana",3,8
"SaltMar",344960,0,0,"donana",3,8
"Shrub",6017,0,0,"donana",3,8
"WaterSurf",41748,0,0,"donana",3,8
"ArtSurf",12613,0,0,"donana",3,9
"BareArea",6426,0,0,"donana",3,9
"DuneSand",52133,0,0,"donana",3,9
"Grass",23898,0,0,"donana",3,9
"HydroRipVeg",39646,0,0,"donana",3,9
"MedConF",76259,0,0,"donana",3,9
"MedSclF",6483,0,0,"donana",3,9
"MedScrub",129201,0,0,"donana",3,9
"Reforestation",2747,0,0,"donana",3,9
"RipF",418,0,0,"donana",3,9
"SaltMar",344960,0,0,"donana",3,9
"Shrub",6017,0,0,"donana",3,9
"WaterSurf",41748,0,0,"donana",3,9
"ArtSurf",12613,78,0.62,"donana",3,10
"BareArea",6426,9,0.14,"donana",3,10
"DuneSand",52133,9,0.02,"donana",3,10
"Grass",23898,359,1.5,"donana",3,10
"HydroRipVeg",39646,163,0.41,"donana",3,10
"MedConF",76259,216,0.28,"donana",3,10
"MedSclF",6483,28,0.43,"donana",3,10
"MedScrub",129201,72,0.06,"donana",3,10
"Reforestation",2747,10,0.36,"donana",3,10
"RipF",418,0,0,"donana",3,10
"SaltMar",344960,3578,1.04,"donana",3,10
"Shrub",6017,7,0.12,"donana",3,10
"WaterSurf",41748,12,0.03,"donana",3,10
"ArtSurf",12613,213,1.69,"donana",3,11
"BareArea",6426,6,0.09,"donana",3,11
"DuneSand",52133,69,0.13,"donana",3,11
"Grass",23898,2232,9.34,"donana",3,11
"HydroRipVeg",39646,501,1.26,"donana",3,11
"MedConF",76259,51,0.07,"donana",3,11
"MedSclF",6483,365,5.63,"donana",3,11
"MedScrub",129201,647,0.5,"donana",3,11
"Reforestation",2747,14,0.51,"donana",3,11
"RipF",418,21,5.02,"donana",3,11
"SaltMar",344960,6093,1.77,"donana",3,11
"Shrub",6017,179,2.97,"donana",3,11
"WaterSurf",41748,23,0.06,"donana",3,11
"ArtSurf",12613,1081,8.57,"donana",3,12
"BareArea",6426,68,1.06,"donana",3,12
"DuneSand",52133,1009,1.94,"donana",3,12
"Grass",23898,1758,7.36,"donana",3,12
"HydroRipVeg",39646,2522,6.36,"donana",3,12
"MedConF",76259,2318,3.04,"donana",3,12
"MedSclF",6483,699,10.78,"donana",3,12
"MedScrub",129201,12103,9.37,"donana",3,12
"Reforestation",2747,81,2.95,"donana",3,12
"RipF",418,17,4.07,"donana",3,12
"SaltMar",344960,1519,0.44,"donana",3,12
"Shrub",6017,381,6.33,"donana",3,12
"WaterSurf",41748,70,0.17,"donana",3,12
"ArtSurf",12613,2156,17.09,"donana",6,1
"BareArea",6426,12,0.19,"donana",6,1
"DuneSand",52133,1832,3.51,"donana",6,1
"Grass",23898,3744,15.67,"donana",6,1
"HydroRipVeg",39646,8815,22.23,"donana",6,1
"MedConF",76259,10338,13.56,"donana",6,1
"MedSclF",6483,1793,27.66,"donana",6,1
"MedScrub",129201,35353,27.36,"donana",6,1
"Reforestation",2747,319,11.61,"donana",6,1
"RipF",418,31,7.42,"donana",6,1
"SaltMar",344960,3077,0.89,"donana",6,1
"Shrub",6017,1725,28.67,"donana",6,1
"WaterSurf",41748,218,0.52,"donana",6,1
"ArtSurf",12613,2638,20.91,"donana",6,2
"BareArea",6426,42,0.65,"donana",6,2
"DuneSand",52133,2094,4.02,"donana",6,2
"Grass",23898,5300,22.18,"donana",6,2
"HydroRipVeg",39646,9421,23.76,"donana",6,2
"MedConF",76259,7585,9.95,"donana",6,2
"MedSclF",6483,2256,34.8,"donana",6,2
"MedScrub",129201,43854,33.94,"donana",6,2
"Reforestation",2747,694,25.26,"donana",6,2
"RipF",418,47,11.24,"donana",6,2
"SaltMar",344960,4213,1.22,"donana",6,2
"Shrub",6017,2213,36.78,"donana",6,2
"WaterSurf",41748,284,0.68,"donana",6,2
"ArtSurf",12613,2841,22.52,"donana",6,3
"BareArea",6426,35,0.54,"donana",6,3
"DuneSand",52133,2038,3.91,"donana",6,3
"Grass",23898,4990,20.88,"donana",6,3
"HydroRipVeg",39646,7654,19.31,"donana",6,3
"MedConF",76259,6905,9.05,"donana",6,3
"MedSclF",6483,1721,26.55,"donana",6,3
"MedScrub",129201,45825,35.47,"donana",6,3
"Reforestation",2747,1121,40.81,"donana",6,3
"RipF",418,23,5.5,"donana",6,3
"SaltMar",344960,4474,1.3,"donana",6,3
"Shrub",6017,1571,26.11,"donana",6,3
"WaterSurf",41748,160,0.38,"donana",6,3
"ArtSurf",12613,3753,29.76,"donana",6,4
"BareArea",6426,7,0.11,"donana",6,4
"DuneSand",52133,2704,5.19,"donana",6,4
"Grass",23898,8327,34.84,"donana",6,4
"HydroRipVeg",39646,12385,31.24,"donana",6,4
"MedConF",76259,13746,18.03,"donana",6,4
"MedSclF",6483,2797,43.14,"donana",6,4
"MedScrub",129201,75262,58.25,"donana",6,4
"Reforestation",2747,1894,68.95,"donana",6,4
"RipF",418,84,20.1,"donana",6,4
"SaltMar",344960,6652,1.93,"donana",6,4
"Shrub",6017,2989,49.68,"donana",6,4
"WaterSurf",41748,247,0.59,"donana",6,4
"ArtSurf",12613,4528,35.9,"donana",6,5
"BareArea",6426,75,1.17,"donana",6,5
"DuneSand",52133,4880,9.36,"donana",6,5
"Grass",23898,13829,57.87,"donana",6,5
"HydroRipVeg",39646,20099,50.7,"donana",6,5
"MedConF",76259,39374,51.63,"donana",6,5
"MedSclF",6483,5556,85.7,"donana",6,5
"MedScrub",129201,103852,80.38,"donana",6,5
"Reforestation",2747,2481,90.32,"donana",6,5
"RipF",418,212,50.72,"donana",6,5
"SaltMar",344960,35268,10.22,"donana",6,5
"Shrub",6017,5187,86.21,"donana",6,5
"WaterSurf",41748,437,1.05,"donana",6,5
"ArtSurf",12613,5097,40.41,"donana",6,6
"BareArea",6426,761,11.84,"donana",6,6
"DuneSand",52133,3506,6.73,"donana",6,6
"Grass",23898,15779,66.03,"donana",6,6
"HydroRipVeg",39646,25162,63.47,"donana",6,6
"MedConF",76259,13969,18.32,"donana",6,6
"MedSclF",6483,4380,67.56,"donana",6,6
"MedScrub",129201,65809,50.94,"donana",6,6
"Reforestation",2747,924,33.64,"donana",6,6
"RipF",418,284,67.94,"donana",6,6
"SaltMar",344960,110961,32.17,"donana",6,6
"Shrub",6017,3903,64.87,"donana",6,6
"WaterSurf",41748,1548,3.71,"donana",6,6
"ArtSurf",12613,3049,24.17,"donana",6,7
"BareArea",6426,1001,15.58,"donana",6,7
"DuneSand",52133,3763,7.22,"donana",6,7
"Grass",23898,10901,45.61,"donana",6,7
"HydroRipVeg",39646,15239,38.44,"donana",6,7
"MedConF",76259,4808,6.3,"donana",6,7
"MedSclF",6483,1756,27.09,"donana",6,7
"MedScrub",129201,23429,18.13,"donana",6,7
"Reforestation",2747,191,6.95,"donana",6,7
"RipF",418,189,45.22,"donana",6,7
"SaltMar",344960,132974,38.55,"donana",6,7
"Shrub",6017,1604,26.66,"donana",6,7
"WaterSurf",41748,3563,8.53,"donana",6,7
"ArtSurf",12613,3525,27.95,"donana",6,8
"BareArea",6426,1175,18.29,"donana",6,8
"DuneSand",52133,1976,3.79,"donana",6,8
"Grass",23898,15838,66.27,"donana",6,8
"HydroRipVeg",39646,19441,49.04,"donana",6,8
"MedConF",76259,8965,11.76,"donana",6,8
"MedSclF",6483,4540,70.03,"donana",6,8
"MedScrub",129201,54471,42.16,"donana",6,8
"Reforestation",2747,416,15.14,"donana",6,8
"RipF",418,215,51.44,"donana",6,8
"SaltMar",344960,121742,35.29,"donana",6,8
"Shrub",6017,4487,74.57,"donana",6,8
"WaterSurf",41748,3893,9.32,"donana",6,8
"ArtSurf",12613,0,0,"donana",6,9
"BareArea",6426,0,0,"donana",6,9
"DuneSand",52133,0,0,"donana",6,9
"Grass",23898,0,0,"donana",6,9
"HydroRipVeg",39646,0,0,"donana",6,9
"MedConF",76259,0,0,"donana",6,9
"MedSclF",6483,0,0,"donana",6,9
"MedScrub",129201,0,0,"donana",6,9
"Reforestation",2747,0,0,"donana",6,9
"RipF",418,0,0,"donana",6,9
"SaltMar",344960,0,0,"donana",6,9
"Shrub",6017,0,0,"donana",6,9
"WaterSurf",41748,0,0,"donana",6,9
"ArtSurf",12613,0,0,"donana",6,10
"BareArea",6426,0,0,"donana",6,10
"DuneSand",52133,0,0,"donana",6,10
"Grass",23898,0,0,"donana",6,10
"HydroRipVeg",39646,0,0,"donana",6,10
"MedConF",76259,0,0,"donana",6,10
"MedSclF",6483,0,0,"donana",6,10
"MedScrub",129201,0,0,"donana",6,10
"Reforestation",2747,0,0,"donana",6,10
"RipF",418,0,0,"donana",6,10
"SaltMar",344960,0,0,"donana",6,10
"Shrub",6017,0,0,"donana",6,10
"WaterSurf",41748,0,0,"donana",6,10
"ArtSurf",12613,289,2.29,"donana",6,11
"BareArea",6426,11,0.17,"donana",6,11
"DuneSand",52133,103,0.2,"donana",6,11
"Grass",23898,2388,9.99,"donana",6,11
"HydroRipVeg",39646,646,1.63,"donana",6,11
"MedConF",76259,104,0.14,"donana",6,11
"MedSclF",6483,340,5.24,"donana",6,11
"MedScrub",129201,780,0.6,"donana",6,11
"Reforestation",2747,15,0.55,"donana",6,11
"RipF",418,19,4.55,"donana",6,11
"SaltMar",344960,7876,2.28,"donana",6,11
"Shrub",6017,146,2.43,"donana",6,11
"WaterSurf",41748,28,0.07,"donana",6,11
"ArtSurf",12613,1100,8.72,"donana",6,12
"BareArea",6426,65,1.01,"donana",6,12
"DuneSand",52133,1080,2.07,"donana",6,12
"Grass",23898,1734,7.26,"donana",6,12
"HydroRipVeg",39646,2711,6.84,"donana",6,12
"MedConF",76259,2385,3.13,"donana",6,12
"MedSclF",6483,657,10.13,"donana",6,12
"MedScrub",129201,12886,9.97,"donana",6,12
"Reforestation",2747,85,3.09,"donana",6,12
"RipF",418,17,4.07,"donana",6,12
"SaltMar",344960,1741,0.5,"donana",6,12
"Shrub",6017,372,6.18,"donana",6,12
"WaterSurf",41748,70,0.17,"donana",6,12
"ArtSurf",12613,1888,14.97,"donana",9,1
"BareArea",6426,7,0.11,"donana",9,1
"DuneSand",52133,1842,3.53,"donana",9,1
"Grass",23898,2810,11.76,"donana",9,1
"HydroRipVeg",39646,7859,19.82,"donana",9,1
"MedConF",76259,8684,11.39,"donana",9,1
"MedSclF",6483,1280,19.74,"donana",9,1
"MedScrub",129201,27318,21.14,"donana",9,1
"Reforestation",2747,210,7.64,"donana",9,1
"RipF",418,30,7.18,"donana",9,1
"SaltMar",344960,2665,0.77,"donana",9,1
"Shrub",6017,1197,19.89,"donana",9,1
"WaterSurf",41748,178,0.43,"donana",9,1
"ArtSurf",12613,2627,20.83,"donana",9,2
"BareArea",6426,43,0.67,"donana",9,2
"DuneSand",52133,2112,4.05,"donana",9,2
"Grass",23898,5172,21.64,"donana",9,2
"HydroRipVeg",39646,9389,23.68,"donana",9,2
"MedConF",76259,7528,9.87,"donana",9,2
"MedSclF",6483,2163,33.36,"donana",9,2
"MedScrub",129201,43450,33.63,"donana",9,2
"Reforestation",2747,697,25.37,"donana",9,2
"RipF",418,45,10.77,"donana",9,2
"SaltMar",344960,4237,1.23,"donana",9,2
"Shrub",6017,2130,35.4,"donana",9,2
"WaterSurf",41748,286,0.69,"donana",9,2
"ArtSurf",12613,2789,22.11,"donana",9,3
"BareArea",6426,27,0.42,"donana",9,3
"DuneSand",52133,2096,4.02,"donana",9,3
"Grass",23898,4744,19.85,"donana",9,3
"HydroRipVeg",39646,7687,19.39,"donana",9,3
"MedConF",76259,6873,9.01,"donana",9,3
"MedSclF",6483,1633,25.19,"donana",9,3
"MedScrub",129201,45127,34.93,"donana",9,3
"Reforestation",2747,1092,39.75,"donana",9,3
"RipF",418,20,4.78,"donana",9,3
"SaltMar",344960,4265,1.24,"donana",9,3
"Shrub",6017,1481,24.61,"donana",9,3
"WaterSurf",41748,162,0.39,"donana",9,3
"ArtSurf",12613,3967,31.45,"donana",9,4
"BareArea",6426,21,0.33,"donana",9,4
"DuneSand",52133,2417,4.64,"donana",9,4
"Grass",23898,9776,40.91,"donana",9,4
"HydroRipVeg",39646,13314,33.58,"donana",9,4
"MedConF",76259,14057,18.43,"donana",9,4
"MedSclF",6483,3440,53.06,"donana",9,4
"MedScrub",129201,81077,62.75,"donana",9,4
"Reforestation",2747,2242,81.62,"donana",9,4
"RipF",418,118,28.23,"donana",9,4
"SaltMar",344960,8147,2.36,"donana",9,4
"Shrub",6017,3600,59.83,"donana",9,4
"WaterSurf",41748,280,0.67,"donana",9,4
"ArtSurf",12613,6260,49.63,"donana",9,5
"BareArea",6426,201,3.13,"donana",9,5
"DuneSand",52133,6808,13.06,"donana",9,5
"Grass",23898,15938,66.69,"donana",9,5
"HydroRipVeg",39646,25000,63.06,"donana",9,5
"MedConF",76259,52008,68.2,"donana",9,5
"MedSclF",6483,6141,94.72,"donana",9,5
"MedScrub",129201,111606,86.38,"donana",9,5
"Reforestation",2747,2512,91.45,"donana",9,5
"RipF",418,247,59.09,"donana",9,5
"SaltMar",344960,74173,21.5,"donana",9,5
"Shrub",6017,5656,94,"donana",9,5
"WaterSurf",41748,546,1.31,"donana",9,5
"ArtSurf",12613,5098,40.42,"donana",9,6
"BareArea",6426,701,10.91,"donana",9,6
"DuneSand",52133,4490,8.61,"donana",9,6
"Grass",23898,16711,69.93,"donana",9,6
"HydroRipVeg",39646,30626,77.25,"donana",9,6
"MedConF",76259,28549,37.44,"donana",9,6
"MedSclF",6483,5919,91.3,"donana",9,6
"MedScrub",129201,95431,73.86,"donana",9,6
"Reforestation",2747,2204,80.23,"donana",9,6
"RipF",418,291,69.62,"donana",9,6
"SaltMar",344960,140791,40.81,"donana",9,6
"Shrub",6017,5310,88.25,"donana",9,6
"WaterSurf",41748,1540,3.69,"donana",9,6
"ArtSurf",12613,6727,53.33,"donana",9,7
"BareArea",6426,995,15.48,"donana",9,7
"DuneSand",52133,12269,23.53,"donana",9,7
"Grass",23898,18667,78.11,"donana",9,7
"HydroRipVeg",39646,32745,82.59,"donana",9,7
"MedConF",76259,51336,67.32,"donana",9,7
"MedSclF",6483,6274,96.78,"donana",9,7
"MedScrub",129201,114971,88.99,"donana",9,7
"Reforestation",2747,2256,82.13,"donana",9,7
"RipF",418,336,80.38,"donana",9,7
"SaltMar",344960,136417,39.55,"donana",9,7
"Shrub",6017,5710,94.9,"donana",9,7
"WaterSurf",41748,4836,11.58,"donana",9,7
"ArtSurf",12613,4662,36.96,"donana",9,8
"BareArea",6426,543,8.45,"donana",9,8
"DuneSand",52133,7019,13.46,"donana",9,8
"Grass",23898,16531,69.17,"donana",9,8
"HydroRipVeg",39646,28668,72.31,"donana",9,8
"MedConF",76259,58607,76.85,"donana",9,8
"MedSclF",6483,6290,97.02,"donana",9,8
"MedScrub",129201,111527,86.32,"donana",9,8
"Reforestation",2747,2371,86.31,"donana",9,8
"RipF",418,321,76.79,"donana",9,8
"SaltMar",344960,51443,14.91,"donana",9,8
"Shrub",6017,5831,96.91,"donana",9,8
"WaterSurf",41748,2866,6.86,"donana",9,8
"ArtSurf",12613,4223,33.48,"donana",9,9
"BareArea",6426,663,10.32,"donana",9,9
"DuneSand",52133,5673,10.88,"donana",9,9
"Grass",23898,16175,67.68,"donana",9,9
"HydroRipVeg",39646,25631,64.65,"donana",9,9
"MedConF",76259,52670,69.07,"donana",9,9
"MedSclF",6483,6107,94.2,"donana",9,9
"MedScrub",129201,105852,81.93,"donana",9,9
"Reforestation",2747,1426,51.91,"donana",9,9
"RipF",418,294,70.33,"donana",9,9
"SaltMar",344960,50424,14.62,"donana",9,9
"Shrub",6017,5744,95.46,"donana",9,9
"WaterSurf",41748,1544,3.7,"donana",9,9
"ArtSurf",12613,0,0,"donana",9,10
"BareArea",6426,0,0,"donana",9,10
"DuneSand",52133,0,0,"donana",9,10
"Grass",23898,0,0,"donana",9,10
"HydroRipVeg",39646,0,0,"donana",9,10
"MedConF",76259,0,0,"donana",9,10
"MedSclF",6483,0,0,"donana",9,10
"MedScrub",129201,0,0,"donana",9,10
"Reforestation",2747,0,0,"donana",9,10
"RipF",418,0,0,"donana",9,10
"SaltMar",344960,0,0,"donana",9,10
"Shrub",6017,0,0,"donana",9,10
"WaterSurf",41748,0,0,"donana",9,10
"ArtSurf",12613,0,0,"donana",9,11
"BareArea",6426,0,0,"donana",9,11
"DuneSand",52133,0,0,"donana",9,11
"Grass",23898,0,0,"donana",9,11
"HydroRipVeg",39646,0,0,"donana",9,11
"MedConF",76259,0,0,"donana",9,11
"MedSclF",6483,0,0,"donana",9,11
"MedScrub",129201,0,0,"donana",9,11
"Reforestation",2747,0,0,"donana",9,11
"RipF",418,0,0,"donana",9,11
"SaltMar",344960,0,0,"donana",9,11
"Shrub",6017,0,0,"donana",9,11
"WaterSurf",41748,0,0,"donana",9,11
"ArtSurf",12613,1248,9.89,"donana",9,12
"BareArea",6426,23,0.36,"donana",9,12
"DuneSand",52133,1339,2.57,"donana",9,12
"Grass",23898,2242,9.38,"donana",9,12
"HydroRipVeg",39646,3274,8.26,"donana",9,12
"MedConF",76259,3681,4.83,"donana",9,12
"MedSclF",6483,918,14.16,"donana",9,12
"MedScrub",129201,20365,15.76,"donana",9,12
"Reforestation",2747,101,3.68,"donana",9,12
"RipF",418,17,4.07,"donana",9,12
"SaltMar",344960,1924,0.56,"donana",9,12
"Shrub",6017,657,10.92,"donana",9,12
"WaterSurf",41748,88,0.21,"donana",9,12
"ArtSurf",12613,2217,17.58,"donana",12,1
"BareArea",6426,5,0.08,"donana",12,1
"DuneSand",52133,2242,4.3,"donana",12,1
"Grass",23898,2216,9.27,"donana",12,1
"HydroRipVeg",39646,7934,20.01,"donana",12,1
"MedConF",76259,10412,13.65,"donana",12,1
"MedSclF",6483,1080,16.66,"donana",12,1
"MedScrub",129201,36081,27.93,"donana",12,1
"Reforestation",2747,153,5.57,"donana",12,1
"RipF",418,26,6.22,"donana",12,1
"SaltMar",344960,2642,0.77,"donana",12,1
"Shrub",6017,1352,22.47,"donana",12,1
"WaterSurf",41748,163,0.39,"donana",12,1
"ArtSurf",12613,2796,22.17,"donana",12,2
"BareArea",6426,32,0.5,"donana",12,2
"DuneSand",52133,2086,4,"donana",12,2
"Grass",23898,4856,20.32,"donana",12,2
"HydroRipVeg",39646,9771,24.65,"donana",12,2
"MedConF",76259,9958,13.06,"donana",12,2
"MedSclF",6483,2413,37.22,"donana",12,2
"MedScrub",129201,50363,38.98,"donana",12,2
"Reforestation",2747,580,21.11,"donana",12,2
"RipF",418,44,10.53,"donana",12,2
"SaltMar",344960,4884,1.42,"donana",12,2
"Shrub",6017,2668,44.34,"donana",12,2
"WaterSurf",41748,281,0.67,"donana",12,2
"ArtSurf",12613,3008,23.85,"donana",12,3
"BareArea",6426,19,0.3,"donana",12,3
"DuneSand",52133,2624,5.03,"donana",12,3
"Grass",23898,5332,22.31,"donana",12,3
"HydroRipVeg",39646,8672,21.87,"donana",12,3
"MedConF",76259,8748,11.47,"donana",12,3
"MedSclF",6483,1911,29.48,"donana",12,3
"MedScrub",129201,52161,40.37,"donana",12,3
"Reforestation",2747,1290,46.96,"donana",12,3
"RipF",418,31,7.42,"donana",12,3
"SaltMar",344960,4853,1.41,"donana",12,3
"Shrub",6017,1925,31.99,"donana",12,3
"WaterSurf",41748,176,0.42,"donana",12,3
"ArtSurf",12613,3835,30.41,"donana",12,4
"BareArea",6426,16,0.25,"donana",12,4
"DuneSand",52133,2728,5.23,"donana",12,4
"Grass",23898,9146,38.27,"donana",12,4
"HydroRipVeg",39646,13083,33,"donana",12,4
"MedConF",76259,14008,18.37,"donana",12,4
"MedSclF",6483,3093,47.71,"donana",12,4
"MedScrub",129201,77800,60.22,"donana",12,4
"Reforestation",2747,2124,77.32,"donana",12,4
"RipF",418,109,26.08,"donana",12,4
"SaltMar",344960,7332,2.13,"donana",12,4
"Shrub",6017,3293,54.73,"donana",12,4
"WaterSurf",41748,261,0.63,"donana",12,4
"ArtSurf",12613,6515,51.65,"donana",12,5
"BareArea",6426,255,3.97,"donana",12,5
"DuneSand",52133,7394,14.18,"donana",12,5
"Grass",23898,16339,68.37,"donana",12,5
"HydroRipVeg",39646,26039,65.68,"donana",12,5
"MedConF",76259,54814,71.88,"donana",12,5
"MedSclF",6483,6188,95.45,"donana",12,5
"MedScrub",129201,113354,87.73,"donana",12,5
"Reforestation",2747,2529,92.06,"donana",12,5
"RipF",418,255,61,"donana",12,5
"SaltMar",344960,79066,22.92,"donana",12,5
"Shrub",6017,5687,94.52,"donana",12,5
"WaterSurf",41748,569,1.36,"donana",12,5
"ArtSurf",12613,4814,38.17,"donana",12,6
"BareArea",6426,662,10.3,"donana",12,6
"DuneSand",52133,4627,8.88,"donana",12,6
"Grass",23898,16089,67.32,"donana",12,6
"HydroRipVeg",39646,29886,75.38,"donana",12,6
"MedConF",76259,27956,36.66,"donana",12,6
"MedSclF",6483,5938,91.59,"donana",12,6
"MedScrub",129201,95123,73.62,"donana",12,6
"Reforestation",2747,2213,80.56,"donana",12,6
"RipF",418,288,68.9,"donana",12,6
"SaltMar",344960,128221,37.17,"donana",12,6
"Shrub",6017,5337,88.7,"donana",12,6
"WaterSurf",41748,1328,3.18,"donana",12,6
"ArtSurf",12613,6804,53.94,"donana",12,7
"BareArea",6426,1150,17.9,"donana",12,7
"DuneSand",52133,9328,17.89,"donana",12,7
"Grass",23898,20026,83.8,"donana",12,7
"HydroRipVeg",39646,33400,84.25,"donana",12,7
"MedConF",76259,59005,77.37,"donana",12,7
"MedSclF",6483,6388,98.53,"donana",12,7
"MedScrub",129201,114685,88.76,"donana",12,7
"Reforestation",2747,2544,92.61,"donana",12,7
"RipF",418,349,83.49,"donana",12,7
"SaltMar",344960,153169,44.4,"donana",12,7
"Shrub",6017,5882,97.76,"donana",12,7
"WaterSurf",41748,4030,9.65,"donana",12,7
"ArtSurf",12613,5520,43.76,"donana",12,8
"BareArea",6426,866,13.48,"donana",12,8
"DuneSand",52133,8597,16.49,"donana",12,8
"Grass",23898,18093,75.71,"donana",12,8
"HydroRipVeg",39646,31359,79.1,"donana",12,8
"MedConF",76259,60162,78.89,"donana",12,8
"MedSclF",6483,6331,97.66,"donana",12,8
"MedScrub",129201,107846,83.47,"donana",12,8
"Reforestation",2747,2370,86.28,"donana",12,8
"RipF",418,323,77.27,"donana",12,8
"SaltMar",344960,83128,24.1,"donana",12,8
"Shrub",6017,5894,97.96,"donana",12,8
"WaterSurf",41748,3214,7.7,"donana",12,8
"ArtSurf",12613,4402,34.9,"donana",12,9
"BareArea",6426,516,8.03,"donana",12,9
"DuneSand",52133,5986,11.48,"donana",12,9
"Grass",23898,15154,63.41,"donana",12,9
"HydroRipVeg",39646,26845,67.71,"donana",12,9
"MedConF",76259,58486,76.69,"donana",12,9
"MedSclF",6483,6171,95.19,"donana",12,9
"MedScrub",129201,105006,81.27,"donana",12,9
"Reforestation",2747,2081,75.76,"donana",12,9
"RipF",418,274,65.55,"donana",12,9
"SaltMar",344960,32509,9.42,"donana",12,9
"Shrub",6017,5814,96.63,"donana",12,9
"WaterSurf",41748,733,1.76,"donana",12,9
"ArtSurf",12613,3118,24.72,"donana",12,10
"BareArea",6426,28,0.44,"donana",12,10
"DuneSand",52133,4865,9.33,"donana",12,10
"Grass",23898,3546,14.84,"donana",12,10
"HydroRipVeg",39646,12850,32.41,"donana",12,10
"MedConF",76259,26242,34.41,"donana",12,10
"MedSclF",6483,4139,63.84,"donana",12,10
"MedScrub",129201,75293,58.28,"donana",12,10
"Reforestation",2747,1204,43.83,"donana",12,10
"RipF",418,91,21.77,"donana",12,10
"SaltMar",344960,5624,1.63,"donana",12,10
"Shrub",6017,4180,69.47,"donana",12,10
"WaterSurf",41748,404,0.97,"donana",12,10
"ArtSurf",12613,766,6.07,"donana",12,11
"BareArea",6426,0,0,"donana",12,11
"DuneSand",52133,276,0.53,"donana",12,11
"Grass",23898,1094,4.58,"donana",12,11
"HydroRipVeg",39646,2278,5.75,"donana",12,11
"MedConF",76259,2487,3.26,"donana",12,11
"MedSclF",6483,1000,15.42,"donana",12,11
"MedScrub",129201,23369,18.09,"donana",12,11
"Reforestation",2747,22,0.8,"donana",12,11
"RipF",418,14,3.35,"donana",12,11
"SaltMar",344960,1472,0.43,"donana",12,11
"Shrub",6017,895,14.87,"donana",12,11
"WaterSurf",41748,107,0.26,"donana",12,11
"ArtSurf",12613,1371,10.87,"donana",12,12
"BareArea",6426,15,0.23,"donana",12,12
"DuneSand",52133,1715,3.29,"donana",12,12
"Grass",23898,1433,6,"donana",12,12
"HydroRipVeg",39646,4037,10.18,"donana",12,12
"MedConF",76259,5261,6.9,"donana",12,12
"MedSclF",6483,800,12.34,"donana",12,12
"MedScrub",129201,23871,18.48,"donana",12,12
"Reforestation",2747,85,3.09,"donana",12,12
"RipF",418,9,2.15,"donana",12,12
"SaltMar",344960,1305,0.38,"donana",12,12
"Shrub",6017,739,12.28,"donana",12,12
"WaterSurf",41748,82,0.2,"donana",12,12
"AlpConF",129960,0,0,"guadarrama",1,1
"AlpScrGr",172894,0,0,"guadarrama",1,1
"ArtSurf",1490,0,0,"guadarrama",1,1
"Grass",7028,2,0.03,"guadarrama",1,1
"MedSclF",3280,34,1.04,"guadarrama",1,1
"MedScrub",38947,63,0.16,"guadarrama",1,1
"Peatland",229,0,0,"guadarrama",1,1
"Reforestation",88147,12,0.01,"guadarrama",1,1
"RipF",529,1,0.19,"guadarrama",1,1
"RockScreeVeg",46691,486,1.04,"guadarrama",1,1
"SMedMarF",5314,0,0,"guadarrama",1,1
"Shrub",3703,13,0.35,"guadarrama",1,1
"TempDecF",1436,0,0,"guadarrama",1,1
"WaterSurf",30,0,0,"guadarrama",1,1
"AlpConF",129960,0,0,"guadarrama",1,2
"AlpScrGr",172894,0,0,"guadarrama",1,2
"ArtSurf",1490,0,0,"guadarrama",1,2
"Grass",7028,0,0,"guadarrama",1,2
"MedSclF",3280,0,0,"guadarrama",1,2
"MedScrub",38947,0,0,"guadarrama",1,2
"Peatland",229,0,0,"guadarrama",1,2
"Reforestation",88149,0,0,"guadarrama",1,2
"RipF",529,0,0,"guadarrama",1,2
"RockScreeVeg",46691,0,0,"guadarrama",1,2
"SMedMarF",5314,0,0,"guadarrama",1,2
"Shrub",3703,0,0,"guadarrama",1,2
"TempDecF",1436,0,0,"guadarrama",1,2
"WaterSurf",30,0,0,"guadarrama",1,2
"AlpConF",129960,3,0,"guadarrama",1,3
"AlpScrGr",172894,1,0,"guadarrama",1,3
"ArtSurf",1490,0,0,"guadarrama",1,3
"Grass",7028,0,0,"guadarrama",1,3
"MedSclF",3280,0,0,"guadarrama",1,3
"MedScrub",38947,11,0.03,"guadarrama",1,3
"Peatland",229,0,0,"guadarrama",1,3
"Reforestation",88149,5,0.01,"guadarrama",1,3
"RipF",529,0,0,"guadarrama",1,3
"RockScreeVeg",46691,26,0.06,"guadarrama",1,3
"SMedMarF",5314,0,0,"guadarrama",1,3
"Shrub",3703,0,0,"guadarrama",1,3
"TempDecF",1436,0,0,"guadarrama",1,3
"WaterSurf",30,0,0,"guadarrama",1,3
"AlpConF",129960,0,0,"guadarrama",1,4
"AlpScrGr",172894,0,0,"guadarrama",1,4
"ArtSurf",1490,0,0,"guadarrama",1,4
"Grass",7028,0,0,"guadarrama",1,4
"MedSclF",3280,0,0,"guadarrama",1,4
"MedScrub",38947,0,0,"guadarrama",1,4
"Peatland",229,0,0,"guadarrama",1,4
"Reforestation",88149,0,0,"guadarrama",1,4
"RipF",529,0,0,"guadarrama",1,4
"RockScreeVeg",46691,0,0,"guadarrama",1,4
"SMedMarF",5314,0,0,"guadarrama",1,4
"Shrub",3703,0,0,"guadarrama",1,4
"TempDecF",1436,0,0,"guadarrama",1,4
"WaterSurf",30,0,0,"guadarrama",1,4
"AlpConF",129960,0,0,"guadarrama",1,5
"AlpScrGr",172894,0,0,"guadarrama",1,5
"ArtSurf",1490,0,0,"guadarrama",1,5
"Grass",7028,0,0,"guadarrama",1,5
"MedSclF",3280,0,0,"guadarrama",1,5
"MedScrub",38947,0,0,"guadarrama",1,5
"Peatland",229,0,0,"guadarrama",1,5
"Reforestation",88149,0,0,"guadarrama",1,5
"RipF",529,0,0,"guadarrama",1,5
"RockScreeVeg",46691,0,0,"guadarrama",1,5
"SMedMarF",5314,0,0,"guadarrama",1,5
"Shrub",3703,0,0,"guadarrama",1,5
"TempDecF",1436,0,0,"guadarrama",1,5
"WaterSurf",30,0,0,"guadarrama",1,5
"AlpConF",129960,0,0,"guadarrama",1,6
"AlpScrGr",172894,0,0,"guadarrama",1,6
"ArtSurf",1490,0,0,"guadarrama",1,6
"Grass",7028,0,0,"guadarrama",1,6
"MedSclF",3280,0,0,"guadarrama",1,6
"MedScrub",38947,0,0,"guadarrama",1,6
"Peatland",229,0,0,"guadarrama",1,6
"Reforestation",88149,0,0,"guadarrama",1,6
"RipF",529,0,0,"guadarrama",1,6
"RockScreeVeg",46691,0,0,"guadarrama",1,6
"SMedMarF",5314,0,0,"guadarrama",1,6
"Shrub",3703,0,0,"guadarrama",1,6
"TempDecF",1436,0,0,"guadarrama",1,6
"WaterSurf",30,0,0,"guadarrama",1,6
"AlpConF",129960,0,0,"guadarrama",1,7
"AlpScrGr",172894,0,0,"guadarrama",1,7
"ArtSurf",1490,0,0,"guadarrama",1,7
"Grass",7028,0,0,"guadarrama",1,7
"MedSclF",3280,0,0,"guadarrama",1,7
"MedScrub",38947,0,0,"guadarrama",1,7
"Peatland",229,0,0,"guadarrama",1,7
"Reforestation",88149,0,0,"guadarrama",1,7
"RipF",529,0,0,"guadarrama",1,7
"RockScreeVeg",46691,0,0,"guadarrama",1,7
"SMedMarF",5314,0,0,"guadarrama",1,7
"Shrub",3703,0,0,"guadarrama",1,7
"TempDecF",1436,0,0,"guadarrama",1,7
"WaterSurf",30,0,0,"guadarrama",1,7
"AlpConF",129960,0,0,"guadarrama",1,8
"AlpScrGr",172894,0,0,"guadarrama",1,8
"ArtSurf",1490,0,0,"guadarrama",1,8
"Grass",7028,0,0,"guadarrama",1,8
"MedSclF",3280,0,0,"guadarrama",1,8
"MedScrub",38947,0,0,"guadarrama",1,8
"Peatland",229,0,0,"guadarrama",1,8
"Reforestation",88149,0,0,"guadarrama",1,8
"RipF",529,0,0,"guadarrama",1,8
"RockScreeVeg",46691,0,0,"guadarrama",1,8
"SMedMarF",5314,0,0,"guadarrama",1,8
"Shrub",3703,0,0,"guadarrama",1,8
"TempDecF",1436,0,0,"guadarrama",1,8
"WaterSurf",30,0,0,"guadarrama",1,8
"AlpConF",129960,544,0.42,"guadarrama",1,9
"AlpScrGr",172894,2695,1.56,"guadarrama",1,9
"ArtSurf",1490,65,4.36,"guadarrama",1,9
"Grass",7028,306,4.35,"guadarrama",1,9
"MedSclF",3280,34,1.04,"guadarrama",1,9
"MedScrub",38947,1247,3.2,"guadarrama",1,9
"Peatland",229,0,0,"guadarrama",1,9
"Reforestation",88149,777,0.88,"guadarrama",1,9
"RipF",529,8,1.51,"guadarrama",1,9
"RockScreeVeg",46691,1510,3.23,"guadarrama",1,9
"SMedMarF",5314,71,1.34,"guadarrama",1,9
"Shrub",3703,31,0.84,"guadarrama",1,9
"TempDecF",1436,38,2.65,"guadarrama",1,9
"WaterSurf",30,0,0,"guadarrama",1,9
"AlpConF",129960,0,0,"guadarrama",1,10
"AlpScrGr",172894,0,0,"guadarrama",1,10
"ArtSurf",1490,0,0,"guadarrama",1,10
"Grass",7028,0,0,"guadarrama",1,10
"MedSclF",3280,0,0,"guadarrama",1,10
"MedScrub",38947,0,0,"guadarrama",1,10
"Peatland",229,0,0,"guadarrama",1,10
"Reforestation",88149,0,0,"guadarrama",1,10
"RipF",529,0,0,"guadarrama",1,10
"RockScreeVeg",46691,0,0,"guadarrama",1,10
"SMedMarF",5314,0,0,"guadarrama",1,10
"Shrub",3703,0,0,"guadarrama",1,10
"TempDecF",1436,0,0,"guadarrama",1,10
"WaterSurf",30,0,0,"guadarrama",1,10
"AlpConF",129960,0,0,"guadarrama",1,11
"AlpScrGr",172894,0,0,"guadarrama",1,11
"ArtSurf",1490,0,0,"guadarrama",1,11
"Grass",7028,0,0,"guadarrama",1,11
"MedSclF",3280,0,0,"guadarrama",1,11
"MedScrub",38947,0,0,"guadarrama",1,11
"Peatland",229,0,0,"guadarrama",1,11
"Reforestation",88149,0,0,"guadarrama",1,11
"RipF",529,0,0,"guadarrama",1,11
"RockScreeVeg",46691,0,0,"guadarrama",1,11
"SMedMarF",5314,0,0,"guadarrama",1,11
"Shrub",3703,0,0,"guadarrama",1,11
"TempDecF",1436,0,0,"guadarrama",1,11
"WaterSurf",30,0,0,"guadarrama",1,11
"AlpConF",129960,0,0,"guadarrama",1,12
"AlpScrGr",172894,0,0,"guadarrama",1,12
"ArtSurf",1490,0,0,"guadarrama",1,12
"Grass",7028,0,0,"guadarrama",1,12
"MedSclF",3280,0,0,"guadarrama",1,12
"MedScrub",38947,0,0,"guadarrama",1,12
"Peatland",229,0,0,"guadarrama",1,12
"Reforestation",88133,0,0,"guadarrama",1,12
"RipF",529,0,0,"guadarrama",1,12
"RockScreeVeg",46691,0,0,"guadarrama",1,12
"SMedMarF",5314,0,0,"guadarrama",1,12
"Shrub",3703,0,0,"guadarrama",1,12
"TempDecF",1436,0,0,"guadarrama",1,12
"WaterSurf",30,0,0,"guadarrama",1,12
"AlpConF",129960,1,0,"guadarrama",3,1
"AlpScrGr",172894,0,0,"guadarrama",3,1
"ArtSurf",1490,0,0,"guadarrama",3,1
"Grass",7028,0,0,"guadarrama",3,1
"MedSclF",3280,2,0.06,"guadarrama",3,1
"MedScrub",38947,4,0.01,"guadarrama",3,1
"Peatland",229,0,0,"guadarrama",3,1
"Reforestation",88147,3,0,"guadarrama",3,1
"RipF",529,0,0,"guadarrama",3,1
"RockScreeVeg",46691,2,0,"guadarrama",3,1
"SMedMarF",5314,0,0,"guadarrama",3,1
"Shrub",3703,0,0,"guadarrama",3,1
"TempDecF",1436,0,0,"guadarrama",3,1
"WaterSurf",30,0,0,"guadarrama",3,1
"AlpConF",129960,125,0.1,"guadarrama",3,2
"AlpScrGr",172894,18,0.01,"guadarrama",3,2
"ArtSurf",1490,0,0,"guadarrama",3,2
"Grass",7028,155,2.21,"guadarrama",3,2
"MedSclF",3280,675,20.58,"guadarrama",3,2
"MedScrub",38947,1956,5.02,"guadarrama",3,2
"Peatland",229,0,0,"guadarrama",3,2
"Reforestation",88149,654,0.74,"guadarrama",3,2
"RipF",529,14,2.65,"guadarrama",3,2
"RockScreeVeg",46691,4304,9.22,"guadarrama",3,2
"SMedMarF",5314,89,1.67,"guadarrama",3,2
"Shrub",3703,545,14.72,"guadarrama",3,2
"TempDecF",1436,96,6.69,"guadarrama",3,2
"WaterSurf",30,0,0,"guadarrama",3,2
"AlpConF",129960,331,0.25,"guadarrama",3,3
"AlpScrGr",172894,8,0,"guadarrama",3,3
"ArtSurf",1490,0,0,"guadarrama",3,3
"Grass",7028,12,0.17,"guadarrama",3,3
"MedSclF",3280,100,3.05,"guadarrama",3,3
"MedScrub",38947,357,0.92,"guadarrama",3,3
"Peatland",229,0,0,"guadarrama",3,3
"Reforestation",88149,360,0.41,"guadarrama",3,3
"RipF",529,0,0,"guadarrama",3,3
"RockScreeVeg",46691,496,1.06,"guadarrama",3,3
"SMedMarF",5314,88,1.66,"guadarrama",3,3
"Shrub",3703,11,0.3,"guadarrama",3,3
"TempDecF",1436,27,1.88,"guadarrama",3,3
"WaterSurf",30,0,0,"guadarrama",3,3
"AlpConF",129960,0,0,"guadarrama",3,4
"AlpScrGr",172894,0,0,"guadarrama",3,4
"ArtSurf",1490,0,0,"guadarrama",3,4
"Grass",7028,0,0,"guadarrama",3,4
"MedSclF",3280,0,0,"guadarrama",3,4
"MedScrub",38947,0,0,"guadarrama",3,4
"Peatland",229,0,0,"guadarrama",3,4
"Reforestation",88149,0,0,"guadarrama",3,4
"RipF",529,0,0,"guadarrama",3,4
"RockScreeVeg",46691,0,0,"guadarrama",3,4
"SMedMarF",5314,0,0,"guadarrama",3,4
"Shrub",3703,0,0,"guadarrama",3,4
"TempDecF",1436,0,0,"guadarrama",3,4
"WaterSurf",30,0,0,"guadarrama",3,4
"AlpConF",129960,17,0.01,"guadarrama",3,5
"AlpScrGr",172894,33,0.02,"guadarrama",3,5
"ArtSurf",1490,0,0,"guadarrama",3,5
"Grass",7028,38,0.54,"guadarrama",3,5
"MedSclF",3280,8,0.24,"guadarrama",3,5
"MedScrub",38947,61,0.16,"guadarrama",3,5
"Peatland",229,0,0,"guadarrama",3,5
"Reforestation",88149,7,0.01,"guadarrama",3,5
"RipF",529,0,0,"guadarrama",3,5
"RockScreeVeg",46691,42,0.09,"guadarrama",3,5
"SMedMarF",5314,1,0.02,"guadarrama",3,5
"Shrub",3703,1,0.03,"guadarrama",3,5
"TempDecF",1436,0,0,"guadarrama",3,5
"WaterSurf",30,0,0,"guadarrama",3,5
"AlpConF",129960,5932,4.56,"guadarrama",3,6
"AlpScrGr",172894,46700,27.01,"guadarrama",3,6
"ArtSurf",1490,159,10.67,"guadarrama",3,6
"Grass",7028,4970,70.72,"guadarrama",3,6
"MedSclF",3280,794,24.21,"guadarrama",3,6
"MedScrub",38947,11759,30.19,"guadarrama",3,6
"Peatland",229,24,10.48,"guadarrama",3,6
"Reforestation",88149,8112,9.2,"guadarrama",3,6
"RipF",529,130,24.57,"guadarrama",3,6
"RockScreeVeg",46691,9192,19.69,"guadarrama",3,6
"SMedMarF",5314,1650,31.05,"guadarrama",3,6
"Shrub",3703,1986,53.63,"guadarrama",3,6
"TempDecF",1436,7,0.49,"guadarrama",3,6
"WaterSurf",30,1,3.33,"guadarrama",3,6
"AlpConF",129960,9416,7.25,"guadarrama",3,7
"AlpScrGr",172894,64636,37.38,"guadarrama",3,7
"ArtSurf",1490,276,18.52,"guadarrama",3,7
"Grass",7028,5570,79.25,"guadarrama",3,7
"MedSclF",3280,1475,44.97,"guadarrama",3,7
"MedScrub",38947,18682,47.97,"guadarrama",3,7
"Peatland",229,52,22.71,"guadarrama",3,7
"Reforestation",88149,16560,18.79,"guadarrama",3,7
"RipF",529,154,29.11,"guadarrama",3,7
"RockScreeVeg",46691,11789,25.25,"guadarrama",3,7
"SMedMarF",5314,1464,27.55,"guadarrama",3,7
"Shrub",3703,2288,61.79,"guadarrama",3,7
"TempDecF",1436,19,1.32,"guadarrama",3,7
"WaterSurf",30,3,10,"guadarrama",3,7
"AlpConF",129960,0,0,"guadarrama",3,8
"AlpScrGr",172894,1,0,"guadarrama",3,8
"ArtSurf",1490,0,0,"guadarrama",3,8
"Grass",7028,0,0,"guadarrama",3,8
"MedSclF",3280,0,0,"guadarrama",3,8
"MedScrub",38947,0,0,"guadarrama",3,8
"Peatland",229,0,0,"guadarrama",3,8
"Reforestation",88149,0,0,"guadarrama",3,8
"RipF",529,0,0,"guadarrama",3,8
"RockScreeVeg",46691,0,0,"guadarrama",3,8
"SMedMarF",5314,0,0,"guadarrama",3,8
"Shrub",3703,0,0,"guadarrama",3,8
"TempDecF",1436,0,0,"guadarrama",3,8
"WaterSurf",30,0,0,"guadarrama",3,8
"AlpConF",129960,386,0.3,"guadarrama",3,9
"AlpScrGr",172894,7680,4.44,"guadarrama",3,9
"ArtSurf",1490,58,3.89,"guadarrama",3,9
"Grass",7028,1198,17.05,"guadarrama",3,9
"MedSclF",3280,102,3.11,"guadarrama",3,9
"MedScrub",38947,2512,6.45,"guadarrama",3,9
"Peatland",229,0,0,"guadarrama",3,9
"Reforestation",88149,740,0.84,"guadarrama",3,9
"RipF",529,2,0.38,"guadarrama",3,9
"RockScreeVeg",46691,1484,3.18,"guadarrama",3,9
"SMedMarF",5314,54,1.02,"guadarrama",3,9
"Shrub",3703,72,1.94,"guadarrama",3,9
"TempDecF",1436,37,2.58,"guadarrama",3,9
"WaterSurf",30,2,6.67,"guadarrama",3,9
"AlpConF",129960,3,0,"guadarrama",3,10
"AlpScrGr",172894,264,0.15,"guadarrama",3,10
"ArtSurf",1490,10,0.67,"guadarrama",3,10
"Grass",7028,360,5.12,"guadarrama",3,10
"MedSclF",3280,0,0,"guadarrama",3,10
"MedScrub",38947,135,0.35,"guadarrama",3,10
"Peatland",229,0,0,"guadarrama",3,10
"Reforestation",88149,149,0.17,"guadarrama",3,10
"RipF",529,2,0.38,"guadarrama",3,10
"RockScreeVeg",46691,34,0.07,"guadarrama",3,10
"SMedMarF",5314,6,0.11,"guadarrama",3,10
"Shrub",3703,40,1.08,"guadarrama",3,10
"TempDecF",1436,0,0,"guadarrama",3,10
"WaterSurf",30,0,0,"guadarrama",3,10
"AlpConF",129960,0,0,"guadarrama",3,11
"AlpScrGr",172894,0,0,"guadarrama",3,11
"ArtSurf",1490,0,0,"guadarrama",3,11
"Grass",7028,0,0,"guadarrama",3,11
"MedSclF",3280,0,0,"guadarrama",3,11
"MedScrub",38947,0,0,"guadarrama",3,11
"Peatland",229,0,0,"guadarrama",3,11
"Reforestation",88149,0,0,"guadarrama",3,11
"RipF",529,0,0,"guadarrama",3,11
"RockScreeVeg",46691,0,0,"guadarrama",3,11
"SMedMarF",5314,0,0,"guadarrama",3,11
"Shrub",3703,0,0,"guadarrama",3,11
"TempDecF",1436,0,0,"guadarrama",3,11
"WaterSurf",30,0,0,"guadarrama",3,11
"AlpConF",129960,0,0,"guadarrama",3,12
"AlpScrGr",172894,0,0,"guadarrama",3,12
"ArtSurf",1490,0,0,"guadarrama",3,12
"Grass",7028,0,0,"guadarrama",3,12
"MedSclF",3280,0,0,"guadarrama",3,12
"MedScrub",38947,0,0,"guadarrama",3,12
"Peatland",229,0,0,"guadarrama",3,12
"Reforestation",88133,0,0,"guadarrama",3,12
"RipF",529,0,0,"guadarrama",3,12
"RockScreeVeg",46691,0,0,"guadarrama",3,12
"SMedMarF",5314,0,0,"guadarrama",3,12
"Shrub",3703,0,0,"guadarrama",3,12
"TempDecF",1436,0,0,"guadarrama",3,12
"WaterSurf",30,0,0,"guadarrama",3,12
"AlpConF",129960,0,0,"guadarrama",6,1
"AlpScrGr",172894,0,0,"guadarrama",6,1
"ArtSurf",1490,0,0,"guadarrama",6,1
"Grass",7028,0,0,"guadarrama",6,1
"MedSclF",3280,1,0.03,"guadarrama",6,1
"MedScrub",38947,2,0.01,"guadarrama",6,1
"Peatland",229,0,0,"guadarrama",6,1
"Reforestation",88147,7,0.01,"guadarrama",6,1
"RipF",529,0,0,"guadarrama",6,1
"RockScreeVeg",46691,1,0,"guadarrama",6,1
"SMedMarF",5314,0,0,"guadarrama",6,1
"Shrub",3703,4,0.11,"guadarrama",6,1
"TempDecF",1436,0,0,"guadarrama",6,1
"WaterSurf",30,0,0,"guadarrama",6,1
"AlpConF",129960,0,0,"guadarrama",6,2
"AlpScrGr",172894,0,0,"guadarrama",6,2
"ArtSurf",1490,0,0,"guadarrama",6,2
"Grass",7028,0,0,"guadarrama",6,2
"MedSclF",3280,0,0,"guadarrama",6,2
"MedScrub",38947,0,0,"guadarrama",6,2
"Peatland",229,0,0,"guadarrama",6,2
"Reforestation",88149,0,0,"guadarrama",6,2
"RipF",529,0,0,"guadarrama",6,2
"RockScreeVeg",46691,0,0,"guadarrama",6,2
"SMedMarF",5314,0,0,"guadarrama",6,2
"Shrub",3703,0,0,"guadarrama",6,2
"TempDecF",1436,0,0,"guadarrama",6,2
"WaterSurf",30,0,0,"guadarrama",6,2
"AlpConF",129960,0,0,"guadarrama",6,3
"AlpScrGr",172894,0,0,"guadarrama",6,3
"ArtSurf",1490,0,0,"guadarrama",6,3
"Grass",7028,0,0,"guadarrama",6,3
"MedSclF",3280,0,0,"guadarrama",6,3
"MedScrub",38947,0,0,"guadarrama",6,3
"Peatland",229,0,0,"guadarrama",6,3
"Reforestation",88149,0,0,"guadarrama",6,3
"RipF",529,0,0,"guadarrama",6,3
"RockScreeVeg",46691,0,0,"guadarrama",6,3
"SMedMarF",5314,0,0,"guadarrama",6,3
"Shrub",3703,0,0,"guadarrama",6,3
"TempDecF",1436,0,0,"guadarrama",6,3
"WaterSurf",30,0,0,"guadarrama",6,3
"AlpConF",129960,0,0,"guadarrama",6,4
"AlpScrGr",172894,0,0,"guadarrama",6,4
"ArtSurf",1490,0,0,"guadarrama",6,4
"Grass",7028,0,0,"guadarrama",6,4
"MedSclF",3280,0,0,"guadarrama",6,4
"MedScrub",38947,0,0,"guadarrama",6,4
"Peatland",229,0,0,"guadarrama",6,4
"Reforestation",88149,0,0,"guadarrama",6,4
"RipF",529,0,0,"guadarrama",6,4
"RockScreeVeg",46691,0,0,"guadarrama",6,4
"SMedMarF",5314,0,0,"guadarrama",6,4
"Shrub",3703,0,0,"guadarrama",6,4
"TempDecF",1436,0,0,"guadarrama",6,4
"WaterSurf",30,0,0,"guadarrama",6,4
"AlpConF",129960,0,0,"guadarrama",6,5
"AlpScrGr",172894,0,0,"guadarrama",6,5
"ArtSurf",1490,0,0,"guadarrama",6,5
"Grass",7028,0,0,"guadarrama",6,5
"MedSclF",3280,0,0,"guadarrama",6,5
"MedScrub",38947,0,0,"guadarrama",6,5
"Peatland",229,0,0,"guadarrama",6,5
"Reforestation",88149,0,0,"guadarrama",6,5
"RipF",529,0,0,"guadarrama",6,5
"RockScreeVeg",46691,0,0,"guadarrama",6,5
"SMedMarF",5314,0,0,"guadarrama",6,5
"Shrub",3703,0,0,"guadarrama",6,5
"TempDecF",1436,0,0,"guadarrama",6,5
"WaterSurf",30,0,0,"guadarrama",6,5
"AlpConF",129960,1823,1.4,"guadarrama",6,6
"AlpScrGr",172894,3302,1.91,"guadarrama",6,6
"ArtSurf",1490,31,2.08,"guadarrama",6,6
"Grass",7028,2766,39.36,"guadarrama",6,6
"MedSclF",3280,327,9.97,"guadarrama",6,6
"MedScrub",38947,4268,10.96,"guadarrama",6,6
"Peatland",229,12,5.24,"guadarrama",6,6
"Reforestation",88149,1189,1.35,"guadarrama",6,6
"RipF",529,108,20.42,"guadarrama",6,6
"RockScreeVeg",46691,1671,3.58,"guadarrama",6,6
"SMedMarF",5314,361,6.79,"guadarrama",6,6
"Shrub",3703,1401,37.83,"guadarrama",6,6
"TempDecF",1436,1,0.07,"guadarrama",6,6
"WaterSurf",30,0,0,"guadarrama",6,6
"AlpConF",129960,61,0.05,"guadarrama",6,7
"AlpScrGr",172894,80,0.05,"guadarrama",6,7
"ArtSurf",1490,1,0.07,"guadarrama",6,7
"Grass",7028,331,4.71,"guadarrama",6,7
"MedSclF",3280,48,1.46,"guadarrama",6,7
"MedScrub",38947,186,0.48,"guadarrama",6,7
"Peatland",229,3,1.31,"guadarrama",6,7
"Reforestation",88149,22,0.02,"guadarrama",6,7
"RipF",529,5,0.95,"guadarrama",6,7
"RockScreeVeg",46691,88,0.19,"guadarrama",6,7
"SMedMarF",5314,31,0.58,"guadarrama",6,7
"Shrub",3703,85,2.3,"guadarrama",6,7
"TempDecF",1436,0,0,"guadarrama",6,7
"WaterSurf",30,0,0,"guadarrama",6,7
"AlpConF",129960,0,0,"guadarrama",6,8
"AlpScrGr",172894,0,0,"guadarrama",6,8
"ArtSurf",1490,0,0,"guadarrama",6,8
"Grass",7028,0,0,"guadarrama",6,8
"MedSclF",3280,0,0,"guadarrama",6,8
"MedScrub",38947,0,0,"guadarrama",6,8
"Peatland",229,0,0,"guadarrama",6,8
"Reforestation",88149,0,0,"guadarrama",6,8
"RipF",529,0,0,"guadarrama",6,8
"RockScreeVeg",46691,0,0,"guadarrama",6,8
"SMedMarF",5314,0,0,"guadarrama",6,8
"Shrub",3703,0,0,"guadarrama",6,8
"TempDecF",1436,0,0,"guadarrama",6,8
"WaterSurf",30,0,0,"guadarrama",6,8
"AlpConF",129960,0,0,"guadarrama",6,9
"AlpScrGr",172894,0,0,"guadarrama",6,9
"ArtSurf",1490,0,0,"guadarrama",6,9
"Grass",7028,0,0,"guadarrama",6,9
"MedSclF",3280,0,0,"guadarrama",6,9
"MedScrub",38947,0,0,"guadarrama",6,9
"Peatland",229,0,0,"guadarrama",6,9
"Reforestation",88149,0,0,"guadarrama",6,9
"RipF",529,0,0,"guadarrama",6,9
"RockScreeVeg",46691,0,0,"guadarrama",6,9
"SMedMarF",5314,0,0,"guadarrama",6,9
"Shrub",3703,0,0,"guadarrama",6,9
"TempDecF",1436,0,0,"guadarrama",6,9
"WaterSurf",30,0,0,"guadarrama",6,9
"AlpConF",129960,0,0,"guadarrama",6,10
"AlpScrGr",172894,0,0,"guadarrama",6,10
"ArtSurf",1490,0,0,"guadarrama",6,10
"Grass",7028,0,0,"guadarrama",6,10
"MedSclF",3280,0,0,"guadarrama",6,10
"MedScrub",38947,0,0,"guadarrama",6,10
"Peatland",229,0,0,"guadarrama",6,10
"Reforestation",88149,0,0,"guadarrama",6,10
"RipF",529,0,0,"guadarrama",6,10
"RockScreeVeg",46691,0,0,"guadarrama",6,10
"SMedMarF",5314,0,0,"guadarrama",6,10
"Shrub",3703,0,0,"guadarrama",6,10
"TempDecF",1436,0,0,"guadarrama",6,10
"WaterSurf",30,0,0,"guadarrama",6,10
"AlpConF",129960,0,0,"guadarrama",6,11
"AlpScrGr",172894,0,0,"guadarrama",6,11
"ArtSurf",1490,0,0,"guadarrama",6,11
"Grass",7028,0,0,"guadarrama",6,11
"MedSclF",3280,0,0,"guadarrama",6,11
"MedScrub",38947,0,0,"guadarrama",6,11
"Peatland",229,0,0,"guadarrama",6,11
"Reforestation",88149,0,0,"guadarrama",6,11
"RipF",529,0,0,"guadarrama",6,11
"RockScreeVeg",46691,0,0,"guadarrama",6,11
"SMedMarF",5314,0,0,"guadarrama",6,11
"Shrub",3703,0,0,"guadarrama",6,11
"TempDecF",1436,0,0,"guadarrama",6,11
"WaterSurf",30,0,0,"guadarrama",6,11
"AlpConF",129960,0,0,"guadarrama",6,12
"AlpScrGr",172894,0,0,"guadarrama",6,12
"ArtSurf",1490,0,0,"guadarrama",6,12
"Grass",7028,0,0,"guadarrama",6,12
"MedSclF",3280,0,0,"guadarrama",6,12
"MedScrub",38947,0,0,"guadarrama",6,12
"Peatland",229,0,0,"guadarrama",6,12
"Reforestation",88133,0,0,"guadarrama",6,12
"RipF",529,0,0,"guadarrama",6,12
"RockScreeVeg",46691,0,0,"guadarrama",6,12
"SMedMarF",5314,0,0,"guadarrama",6,12
"Shrub",3703,0,0,"guadarrama",6,12
"TempDecF",1436,0,0,"guadarrama",6,12
"WaterSurf",30,0,0,"guadarrama",6,12
"AlpConF",129960,0,0,"guadarrama",9,1
"AlpScrGr",172894,0,0,"guadarrama",9,1
"ArtSurf",1490,0,0,"guadarrama",9,1
"Grass",7028,0,0,"guadarrama",9,1
"MedSclF",3280,0,0,"guadarrama",9,1
"MedScrub",38947,0,0,"guadarrama",9,1
"Peatland",229,0,0,"guadarrama",9,1
"Reforestation",88147,0,0,"guadarrama",9,1
"RipF",529,0,0,"guadarrama",9,1
"RockScreeVeg",46691,0,0,"guadarrama",9,1
"SMedMarF",5314,0,0,"guadarrama",9,1
"Shrub",3703,0,0,"guadarrama",9,1
"TempDecF",1436,0,0,"guadarrama",9,1
"WaterSurf",30,0,0,"guadarrama",9,1
"AlpConF",129960,0,0,"guadarrama",9,2
"AlpScrGr",172894,0,0,"guadarrama",9,2
"ArtSurf",1490,0,0,"guadarrama",9,2
"Grass",7028,0,0,"guadarrama",9,2
"MedSclF",3280,0,0,"guadarrama",9,2
"MedScrub",38947,0,0,"guadarrama",9,2
"Peatland",229,0,0,"guadarrama",9,2
"Reforestation",88149,0,0,"guadarrama",9,2
"RipF",529,0,0,"guadarrama",9,2
"RockScreeVeg",46691,0,0,"guadarrama",9,2
"SMedMarF",5314,0,0,"guadarrama",9,2
"Shrub",3703,0,0,"guadarrama",9,2
"TempDecF",1436,0,0,"guadarrama",9,2
"WaterSurf",30,0,0,"guadarrama",9,2
"AlpConF",129960,0,0,"guadarrama",9,3
"AlpScrGr",172894,0,0,"guadarrama",9,3
"ArtSurf",1490,0,0,"guadarrama",9,3
"Grass",7028,0,0,"guadarrama",9,3
"MedSclF",3280,0,0,"guadarrama",9,3
"MedScrub",38947,0,0,"guadarrama",9,3
"Peatland",229,0,0,"guadarrama",9,3
"Reforestation",88149,0,0,"guadarrama",9,3
"RipF",529,0,0,"guadarrama",9,3
"RockScreeVeg",46691,0,0,"guadarrama",9,3
"SMedMarF",5314,0,0,"guadarrama",9,3
"Shrub",3703,0,0,"guadarrama",9,3
"TempDecF",1436,0,0,"guadarrama",9,3
"WaterSurf",30,0,0,"guadarrama",9,3
"AlpConF",129960,0,0,"guadarrama",9,4
"AlpScrGr",172894,0,0,"guadarrama",9,4
"ArtSurf",1490,0,0,"guadarrama",9,4
"Grass",7028,0,0,"guadarrama",9,4
"MedSclF",3280,0,0,"guadarrama",9,4
"MedScrub",38947,0,0,"guadarrama",9,4
"Peatland",229,0,0,"guadarrama",9,4
"Reforestation",88149,0,0,"guadarrama",9,4
"RipF",529,0,0,"guadarrama",9,4
"RockScreeVeg",46691,0,0,"guadarrama",9,4
"SMedMarF",5314,0,0,"guadarrama",9,4
"Shrub",3703,0,0,"guadarrama",9,4
"TempDecF",1436,0,0,"guadarrama",9,4
"WaterSurf",30,0,0,"guadarrama",9,4
"AlpConF",129960,0,0,"guadarrama",9,5
"AlpScrGr",172894,0,0,"guadarrama",9,5
"ArtSurf",1490,0,0,"guadarrama",9,5
"Grass",7028,0,0,"guadarrama",9,5
"MedSclF",3280,0,0,"guadarrama",9,5
"MedScrub",38947,0,0,"guadarrama",9,5
"Peatland",229,0,0,"guadarrama",9,5
"Reforestation",88149,0,0,"guadarrama",9,5
"RipF",529,0,0,"guadarrama",9,5
"RockScreeVeg",46691,0,0,"guadarrama",9,5
"SMedMarF",5314,0,0,"guadarrama",9,5
"Shrub",3703,0,0,"guadarrama",9,5
"TempDecF",1436,0,0,"guadarrama",9,5
"WaterSurf",30,0,0,"guadarrama",9,5
"AlpConF",129960,925,0.71,"guadarrama",9,6
"AlpScrGr",172894,2600,1.5,"guadarrama",9,6
"ArtSurf",1490,12,0.81,"guadarrama",9,6
"Grass",7028,1832,26.07,"guadarrama",9,6
"MedSclF",3280,297,9.05,"guadarrama",9,6
"MedScrub",38947,2452,6.3,"guadarrama",9,6
"Peatland",229,2,0.87,"guadarrama",9,6
"Reforestation",88149,511,0.58,"guadarrama",9,6
"RipF",529,51,9.64,"guadarrama",9,6
"RockScreeVeg",46691,1717,3.68,"guadarrama",9,6
"SMedMarF",5314,269,5.06,"guadarrama",9,6
"Shrub",3703,1135,30.65,"guadarrama",9,6
"TempDecF",1436,0,0,"guadarrama",9,6
"WaterSurf",30,0,0,"guadarrama",9,6
"AlpConF",129960,0,0,"guadarrama",9,7
"AlpScrGr",172894,0,0,"guadarrama",9,7
"ArtSurf",1490,0,0,"guadarrama",9,7
"Grass",7028,0,0,"guadarrama",9,7
"MedSclF",3280,0,0,"guadarrama",9,7
"MedScrub",38947,0,0,"guadarrama",9,7
"Peatland",229,0,0,"guadarrama",9,7
"Reforestation",88149,0,0,"guadarrama",9,7
"RipF",529,0,0,"guadarrama",9,7
"RockScreeVeg",46691,0,0,"guadarrama",9,7
"SMedMarF",5314,0,0,"guadarrama",9,7
"Shrub",3703,0,0,"guadarrama",9,7
"TempDecF",1436,0,0,"guadarrama",9,7
"WaterSurf",30,0,0,"guadarrama",9,7
"AlpConF",129960,0,0,"guadarrama",9,8
"AlpScrGr",172894,2,0,"guadarrama",9,8
"ArtSurf",1490,0,0,"guadarrama",9,8
"Grass",7028,2,0.03,"guadarrama",9,8
"MedSclF",3280,0,0,"guadarrama",9,8
"MedScrub",38947,11,0.03,"guadarrama",9,8
"Peatland",229,0,0,"guadarrama",9,8
"Reforestation",88149,2,0,"guadarrama",9,8
"RipF",529,0,0,"guadarrama",9,8
"RockScreeVeg",46691,13,0.03,"guadarrama",9,8
"SMedMarF",5314,0,0,"guadarrama",9,8
"Shrub",3703,3,0.08,"guadarrama",9,8
"TempDecF",1436,0,0,"guadarrama",9,8
"WaterSurf",30,0,0,"guadarrama",9,8
"AlpConF",129960,0,0,"guadarrama",9,9
"AlpScrGr",172894,0,0,"guadarrama",9,9
"ArtSurf",1490,0,0,"guadarrama",9,9
"Grass",7028,0,0,"guadarrama",9,9
"MedSclF",3280,0,0,"guadarrama",9,9
"MedScrub",38947,0,0,"guadarrama",9,9
"Peatland",229,0,0,"guadarrama",9,9
"Reforestation",88149,0,0,"guadarrama",9,9
"RipF",529,0,0,"guadarrama",9,9
"RockScreeVeg",46691,0,0,"guadarrama",9,9
"SMedMarF",5314,0,0,"guadarrama",9,9
"Shrub",3703,0,0,"guadarrama",9,9
"TempDecF",1436,0,0,"guadarrama",9,9
"WaterSurf",30,0,0,"guadarrama",9,9
"AlpConF",129960,0,0,"guadarrama",9,10
"AlpScrGr",172894,0,0,"guadarrama",9,10
"ArtSurf",1490,0,0,"guadarrama",9,10
"Grass",7028,0,0,"guadarrama",9,10
"MedSclF",3280,0,0,"guadarrama",9,10
"MedScrub",38947,0,0,"guadarrama",9,10
"Peatland",229,0,0,"guadarrama",9,10
"Reforestation",88149,0,0,"guadarrama",9,10
"RipF",529,0,0,"guadarrama",9,10
"RockScreeVeg",46691,0,0,"guadarrama",9,10
"SMedMarF",5314,0,0,"guadarrama",9,10
"Shrub",3703,0,0,"guadarrama",9,10
"TempDecF",1436,0,0,"guadarrama",9,10
"WaterSurf",30,0,0,"guadarrama",9,10
"AlpConF",129960,0,0,"guadarrama",9,11
"AlpScrGr",172894,0,0,"guadarrama",9,11
"ArtSurf",1490,0,0,"guadarrama",9,11
"Grass",7028,0,0,"guadarrama",9,11
"MedSclF",3280,0,0,"guadarrama",9,11
"MedScrub",38947,0,0,"guadarrama",9,11
"Peatland",229,0,0,"guadarrama",9,11
"Reforestation",88149,0,0,"guadarrama",9,11
"RipF",529,0,0,"guadarrama",9,11
"RockScreeVeg",46691,0,0,"guadarrama",9,11
"SMedMarF",5314,0,0,"guadarrama",9,11
"Shrub",3703,0,0,"guadarrama",9,11
"TempDecF",1436,0,0,"guadarrama",9,11
"WaterSurf",30,0,0,"guadarrama",9,11
"AlpConF",129960,0,0,"guadarrama",9,12
"AlpScrGr",172894,0,0,"guadarrama",9,12
"ArtSurf",1490,0,0,"guadarrama",9,12
"Grass",7028,0,0,"guadarrama",9,12
"MedSclF",3280,0,0,"guadarrama",9,12
"MedScrub",38947,0,0,"guadarrama",9,12
"Peatland",229,0,0,"guadarrama",9,12
"Reforestation",88133,0,0,"guadarrama",9,12
"RipF",529,0,0,"guadarrama",9,12
"RockScreeVeg",46691,0,0,"guadarrama",9,12
"SMedMarF",5314,0,0,"guadarrama",9,12
"Shrub",3703,0,0,"guadarrama",9,12
"TempDecF",1436,0,0,"guadarrama",9,12
"WaterSurf",30,0,0,"guadarrama",9,12
"AlpConF",129960,0,0,"guadarrama",12,1
"AlpScrGr",172894,0,0,"guadarrama",12,1
"ArtSurf",1490,0,0,"guadarrama",12,1
"Grass",7028,0,0,"guadarrama",12,1
"MedSclF",3280,0,0,"guadarrama",12,1
"MedScrub",38947,0,0,"guadarrama",12,1
"Peatland",229,0,0,"guadarrama",12,1
"Reforestation",88147,0,0,"guadarrama",12,1
"RipF",529,0,0,"guadarrama",12,1
"RockScreeVeg",46691,0,0,"guadarrama",12,1
"SMedMarF",5314,0,0,"guadarrama",12,1
"Shrub",3703,0,0,"guadarrama",12,1
"TempDecF",1436,0,0,"guadarrama",12,1
"WaterSurf",30,0,0,"guadarrama",12,1
"AlpConF",129960,0,0,"guadarrama",12,2
"AlpScrGr",172894,0,0,"guadarrama",12,2
"ArtSurf",1490,0,0,"guadarrama",12,2
"Grass",7028,0,0,"guadarrama",12,2
"MedSclF",3280,0,0,"guadarrama",12,2
"MedScrub",38947,0,0,"guadarrama",12,2
"Peatland",229,0,0,"guadarrama",12,2
"Reforestation",88149,0,0,"guadarrama",12,2
"RipF",529,0,0,"guadarrama",12,2
"RockScreeVeg",46691,0,0,"guadarrama",12,2
"SMedMarF",5314,0,0,"guadarrama",12,2
"Shrub",3703,0,0,"guadarrama",12,2
"TempDecF",1436,0,0,"guadarrama",12,2
"WaterSurf",30,0,0,"guadarrama",12,2
"AlpConF",129960,0,0,"guadarrama",12,3
"AlpScrGr",172894,0,0,"guadarrama",12,3
"ArtSurf",1490,0,0,"guadarrama",12,3
"Grass",7028,0,0,"guadarrama",12,3
"MedSclF",3280,0,0,"guadarrama",12,3
"MedScrub",38947,0,0,"guadarrama",12,3
"Peatland",229,0,0,"guadarrama",12,3
"Reforestation",88149,0,0,"guadarrama",12,3
"RipF",529,0,0,"guadarrama",12,3
"RockScreeVeg",46691,0,0,"guadarrama",12,3
"SMedMarF",5314,0,0,"guadarrama",12,3
"Shrub",3703,0,0,"guadarrama",12,3
"TempDecF",1436,0,0,"guadarrama",12,3
"WaterSurf",30,0,0,"guadarrama",12,3
"AlpConF",129960,0,0,"guadarrama",12,4
"AlpScrGr",172894,0,0,"guadarrama",12,4
"ArtSurf",1490,0,0,"guadarrama",12,4
"Grass",7028,0,0,"guadarrama",12,4
"MedSclF",3280,0,0,"guadarrama",12,4
"MedScrub",38947,0,0,"guadarrama",12,4
"Peatland",229,0,0,"guadarrama",12,4
"Reforestation",88149,0,0,"guadarrama",12,4
"RipF",529,0,0,"guadarrama",12,4
"RockScreeVeg",46691,0,0,"guadarrama",12,4
"SMedMarF",5314,0,0,"guadarrama",12,4
"Shrub",3703,0,0,"guadarrama",12,4
"TempDecF",1436,0,0,"guadarrama",12,4
"WaterSurf",30,0,0,"guadarrama",12,4
"AlpConF",129960,0,0,"guadarrama",12,5
"AlpScrGr",172894,0,0,"guadarrama",12,5
"ArtSurf",1490,0,0,"guadarrama",12,5
"Grass",7028,0,0,"guadarrama",12,5
"MedSclF",3280,0,0,"guadarrama",12,5
"MedScrub",38947,0,0,"guadarrama",12,5
"Peatland",229,0,0,"guadarrama",12,5
"Reforestation",88149,0,0,"guadarrama",12,5
"RipF",529,0,0,"guadarrama",12,5
"RockScreeVeg",46691,0,0,"guadarrama",12,5
"SMedMarF",5314,0,0,"guadarrama",12,5
"Shrub",3703,0,0,"guadarrama",12,5
"TempDecF",1436,0,0,"guadarrama",12,5
"WaterSurf",30,0,0,"guadarrama",12,5
"AlpConF",129960,2221,1.71,"guadarrama",12,6
"AlpScrGr",172894,11749,6.8,"guadarrama",12,6
"ArtSurf",1490,43,2.89,"guadarrama",12,6
"Grass",7028,3139,44.66,"guadarrama",12,6
"MedSclF",3280,504,15.37,"guadarrama",12,6
"MedScrub",38947,4879,12.53,"guadarrama",12,6
"Peatland",229,6,2.62,"guadarrama",12,6
"Reforestation",88149,2129,2.42,"guadarrama",12,6
"RipF",529,88,16.64,"guadarrama",12,6
"RockScreeVeg",46691,3802,8.14,"guadarrama",12,6
"SMedMarF",5314,602,11.33,"guadarrama",12,6
"Shrub",3703,1631,44.05,"guadarrama",12,6
"TempDecF",1436,4,0.28,"guadarrama",12,6
"WaterSurf",30,0,0,"guadarrama",12,6
"AlpConF",129960,0,0,"guadarrama",12,7
"AlpScrGr",172894,0,0,"guadarrama",12,7
"ArtSurf",1490,0,0,"guadarrama",12,7
"Grass",7028,0,0,"guadarrama",12,7
"MedSclF",3280,0,0,"guadarrama",12,7
"MedScrub",38947,0,0,"guadarrama",12,7
"Peatland",229,0,0,"guadarrama",12,7
"Reforestation",88149,0,0,"guadarrama",12,7
"RipF",529,0,0,"guadarrama",12,7
"RockScreeVeg",46691,0,0,"guadarrama",12,7
"SMedMarF",5314,0,0,"guadarrama",12,7
"Shrub",3703,0,0,"guadarrama",12,7
"TempDecF",1436,0,0,"guadarrama",12,7
"WaterSurf",30,0,0,"guadarrama",12,7
"AlpConF",129960,0,0,"guadarrama",12,8
"AlpScrGr",172894,0,0,"guadarrama",12,8
"ArtSurf",1490,0,0,"guadarrama",12,8
"Grass",7028,0,0,"guadarrama",12,8
"MedSclF",3280,0,0,"guadarrama",12,8
"MedScrub",38947,0,0,"guadarrama",12,8
"Peatland",229,0,0,"guadarrama",12,8
"Reforestation",88149,0,0,"guadarrama",12,8
"RipF",529,0,0,"guadarrama",12,8
"RockScreeVeg",46691,0,0,"guadarrama",12,8
"SMedMarF",5314,0,0,"guadarrama",12,8
"Shrub",3703,0,0,"guadarrama",12,8
"TempDecF",1436,0,0,"guadarrama",12,8
"WaterSurf",30,0,0,"guadarrama",12,8
"AlpConF",129960,0,0,"guadarrama",12,9
"AlpScrGr",172894,0,0,"guadarrama",12,9
"ArtSurf",1490,0,0,"guadarrama",12,9
"Grass",7028,0,0,"guadarrama",12,9
"MedSclF",3280,0,0,"guadarrama",12,9
"MedScrub",38947,0,0,"guadarrama",12,9
"Peatland",229,0,0,"guadarrama",12,9
"Reforestation",88149,0,0,"guadarrama",12,9
"RipF",529,0,0,"guadarrama",12,9
"RockScreeVeg",46691,0,0,"guadarrama",12,9
"SMedMarF",5314,0,0,"guadarrama",12,9
"Shrub",3703,0,0,"guadarrama",12,9
"TempDecF",1436,0,0,"guadarrama",12,9
"WaterSurf",30,0,0,"guadarrama",12,9
"AlpConF",129960,0,0,"guadarrama",12,10
"AlpScrGr",172894,0,0,"guadarrama",12,10
"ArtSurf",1490,0,0,"guadarrama",12,10
"Grass",7028,0,0,"guadarrama",12,10
"MedSclF",3280,0,0,"guadarrama",12,10
"MedScrub",38947,0,0,"guadarrama",12,10
"Peatland",229,0,0,"guadarrama",12,10
"Reforestation",88149,0,0,"guadarrama",12,10
"RipF",529,0,0,"guadarrama",12,10
"RockScreeVeg",46691,0,0,"guadarrama",12,10
"SMedMarF",5314,0,0,"guadarrama",12,10
"Shrub",3703,0,0,"guadarrama",12,10
"TempDecF",1436,0,0,"guadarrama",12,10
"WaterSurf",30,0,0,"guadarrama",12,10
"AlpConF",129960,0,0,"guadarrama",12,11
"AlpScrGr",172894,0,0,"guadarrama",12,11
"ArtSurf",1490,0,0,"guadarrama",12,11
"Grass",7028,0,0,"guadarrama",12,11
"MedSclF",3280,0,0,"guadarrama",12,11
"MedScrub",38947,0,0,"guadarrama",12,11
"Peatland",229,0,0,"guadarrama",12,11
"Reforestation",88149,0,0,"guadarrama",12,11
"RipF",529,0,0,"guadarrama",12,11
"RockScreeVeg",46691,0,0,"guadarrama",12,11
"SMedMarF",5314,0,0,"guadarrama",12,11
"Shrub",3703,0,0,"guadarrama",12,11
"TempDecF",1436,0,0,"guadarrama",12,11
"WaterSurf",30,0,0,"guadarrama",12,11
"AlpConF",129960,0,0,"guadarrama",12,12
"AlpScrGr",172894,0,0,"guadarrama",12,12
"ArtSurf",1490,0,0,"guadarrama",12,12
"Grass",7028,0,0,"guadarrama",12,12
"MedSclF",3280,0,0,"guadarrama",12,12
"MedScrub",38947,0,0,"guadarrama",12,12
"Peatland",229,0,0,"guadarrama",12,12
"Reforestation",88133,0,0,"guadarrama",12,12
"RipF",529,0,0,"guadarrama",12,12
"RockScreeVeg",46691,0,0,"guadarrama",12,12
"SMedMarF",5314,0,0,"guadarrama",12,12
"Shrub",3703,0,0,"guadarrama",12,12
"TempDecF",1436,0,0,"guadarrama",12,12
"WaterSurf",30,0,0,"guadarrama",12,12
"ArtSurf",329,0,0,"cies",1,1
"AtlScrub",5686,0,0,"cies",1,1
"BareArea",3742,0,0,"cies",1,1
"Crop",3,0,0,"cies",1,1
"DuneSand",232,0,0,"cies",1,1
"Grass",1926,0,0,"cies",1,1
"HydroRipVeg",100,0,0,"cies",1,1
"MedSclF",18,0,0,"cies",1,1
"Reforestation",2902,0,0,"cies",1,1
"RipF",133,0,0,"cies",1,1
"RockScreeVeg",28,0,0,"cies",1,1
"SMedMarF",2,0,0,"cies",1,1
"SaltMar",253,0,0,"cies",1,1
"Shrub",772,0,0,"cies",1,1
"TempDecF",261,0,0,"cies",1,1
"WaterSurf",95,0,0,"cies",1,1
"ArtSurf",329,0,0,"cies",1,2
"AtlScrub",5686,0,0,"cies",1,2
"BareArea",3742,0,0,"cies",1,2
"Crop",3,0,0,"cies",1,2
"DuneSand",232,0,0,"cies",1,2
"Grass",1926,0,0,"cies",1,2
"HydroRipVeg",100,0,0,"cies",1,2
"MedSclF",18,0,0,"cies",1,2
"Reforestation",2902,0,0,"cies",1,2
"RipF",133,0,0,"cies",1,2
"RockScreeVeg",28,0,0,"cies",1,2
"SMedMarF",2,0,0,"cies",1,2
"SaltMar",253,0,0,"cies",1,2
"Shrub",772,0,0,"cies",1,2
"TempDecF",261,0,0,"cies",1,2
"WaterSurf",95,0,0,"cies",1,2
"ArtSurf",329,0,0,"cies",1,3
"AtlScrub",5686,0,0,"cies",1,3
"BareArea",3742,0,0,"cies",1,3
"Crop",3,0,0,"cies",1,3
"DuneSand",232,0,0,"cies",1,3
"Grass",1926,0,0,"cies",1,3
"HydroRipVeg",100,0,0,"cies",1,3
"MedSclF",18,0,0,"cies",1,3
"Reforestation",2902,0,0,"cies",1,3
"RipF",133,0,0,"cies",1,3
"RockScreeVeg",28,0,0,"cies",1,3
"SMedMarF",2,0,0,"cies",1,3
"SaltMar",253,0,0,"cies",1,3
"Shrub",772,0,0,"cies",1,3
"TempDecF",261,0,0,"cies",1,3
"WaterSurf",95,0,0,"cies",1,3
"ArtSurf",329,0,0,"cies",1,4
"AtlScrub",5686,0,0,"cies",1,4
"BareArea",3742,0,0,"cies",1,4
"Crop",3,0,0,"cies",1,4
"DuneSand",232,0,0,"cies",1,4
"Grass",1926,0,0,"cies",1,4
"HydroRipVeg",100,0,0,"cies",1,4
"MedSclF",18,0,0,"cies",1,4
"Reforestation",2902,0,0,"cies",1,4
"RipF",133,0,0,"cies",1,4
"RockScreeVeg",28,0,0,"cies",1,4
"SMedMarF",2,0,0,"cies",1,4
"SaltMar",253,0,0,"cies",1,4
"Shrub",772,0,0,"cies",1,4
"TempDecF",261,0,0,"cies",1,4
"WaterSurf",95,0,0,"cies",1,4
"ArtSurf",329,0,0,"cies",1,5
"AtlScrub",5686,0,0,"cies",1,5
"BareArea",3742,0,0,"cies",1,5
"Crop",3,0,0,"cies",1,5
"DuneSand",232,0,0,"cies",1,5
"Grass",1926,0,0,"cies",1,5
"HydroRipVeg",100,0,0,"cies",1,5
"MedSclF",18,0,0,"cies",1,5
"Reforestation",2902,0,0,"cies",1,5
"RipF",133,0,0,"cies",1,5
"RockScreeVeg",28,0,0,"cies",1,5
"SMedMarF",2,0,0,"cies",1,5
"SaltMar",253,0,0,"cies",1,5
"Shrub",772,0,0,"cies",1,5
"TempDecF",261,0,0,"cies",1,5
"WaterSurf",95,0,0,"cies",1,5
"ArtSurf",329,0,0,"cies",1,6
"AtlScrub",5686,0,0,"cies",1,6
"BareArea",3742,0,0,"cies",1,6
"Crop",3,0,0,"cies",1,6
"DuneSand",232,0,0,"cies",1,6
"Grass",1926,0,0,"cies",1,6
"HydroRipVeg",100,0,0,"cies",1,6
"MedSclF",18,0,0,"cies",1,6
"Reforestation",2902,0,0,"cies",1,6
"RipF",133,0,0,"cies",1,6
"RockScreeVeg",28,0,0,"cies",1,6
"SMedMarF",2,0,0,"cies",1,6
"SaltMar",253,0,0,"cies",1,6
"Shrub",772,0,0,"cies",1,6
"TempDecF",261,0,0,"cies",1,6
"WaterSurf",95,0,0,"cies",1,6
"ArtSurf",329,0,0,"cies",1,7
"AtlScrub",5686,0,0,"cies",1,7
"BareArea",3742,0,0,"cies",1,7
"Crop",3,0,0,"cies",1,7
"DuneSand",232,0,0,"cies",1,7
"Grass",1926,0,0,"cies",1,7
"HydroRipVeg",100,0,0,"cies",1,7
"MedSclF",18,0,0,"cies",1,7
"Reforestation",2902,0,0,"cies",1,7
"RipF",133,0,0,"cies",1,7
"RockScreeVeg",28,0,0,"cies",1,7
"SMedMarF",2,0,0,"cies",1,7
"SaltMar",253,0,0,"cies",1,7
"Shrub",772,0,0,"cies",1,7
"TempDecF",261,0,0,"cies",1,7
"WaterSurf",95,0,0,"cies",1,7
"ArtSurf",329,0,0,"cies",1,8
"AtlScrub",5686,0,0,"cies",1,8
"BareArea",3742,0,0,"cies",1,8
"Crop",3,0,0,"cies",1,8
"DuneSand",232,0,0,"cies",1,8
"Grass",1926,0,0,"cies",1,8
"HydroRipVeg",100,0,0,"cies",1,8
"MedSclF",18,0,0,"cies",1,8
"Reforestation",2902,0,0,"cies",1,8
"RipF",133,0,0,"cies",1,8
"RockScreeVeg",28,0,0,"cies",1,8
"SMedMarF",2,0,0,"cies",1,8
"SaltMar",253,0,0,"cies",1,8
"Shrub",772,0,0,"cies",1,8
"TempDecF",261,0,0,"cies",1,8
"WaterSurf",95,0,0,"cies",1,8
"ArtSurf",329,0,0,"cies",1,9
"AtlScrub",5686,0,0,"cies",1,9
"BareArea",3742,0,0,"cies",1,9
"Crop",3,0,0,"cies",1,9
"DuneSand",232,0,0,"cies",1,9
"Grass",1926,0,0,"cies",1,9
"HydroRipVeg",100,0,0,"cies",1,9
"MedSclF",18,0,0,"cies",1,9
"Reforestation",2902,0,0,"cies",1,9
"RipF",133,0,0,"cies",1,9
"RockScreeVeg",28,0,0,"cies",1,9
"SMedMarF",2,0,0,"cies",1,9
"SaltMar",253,0,0,"cies",1,9
"Shrub",772,0,0,"cies",1,9
"TempDecF",261,0,0,"cies",1,9
"WaterSurf",95,0,0,"cies",1,9
"ArtSurf",329,0,0,"cies",1,10
"AtlScrub",5686,0,0,"cies",1,10
"BareArea",3742,0,0,"cies",1,10
"Crop",3,0,0,"cies",1,10
"DuneSand",232,0,0,"cies",1,10
"Grass",1926,0,0,"cies",1,10
"HydroRipVeg",100,0,0,"cies",1,10
"MedSclF",18,0,0,"cies",1,10
"Reforestation",2902,0,0,"cies",1,10
"RipF",133,0,0,"cies",1,10
"RockScreeVeg",28,0,0,"cies",1,10
"SMedMarF",2,0,0,"cies",1,10
"SaltMar",253,0,0,"cies",1,10
"Shrub",772,0,0,"cies",1,10
"TempDecF",261,0,0,"cies",1,10
"WaterSurf",95,0,0,"cies",1,10
"ArtSurf",329,0,0,"cies",1,11
"AtlScrub",5686,0,0,"cies",1,11
"BareArea",3742,0,0,"cies",1,11
"Crop",3,0,0,"cies",1,11
"DuneSand",232,0,0,"cies",1,11
"Grass",1926,0,0,"cies",1,11
"HydroRipVeg",100,0,0,"cies",1,11
"MedSclF",18,0,0,"cies",1,11
"Reforestation",2902,0,0,"cies",1,11
"RipF",133,0,0,"cies",1,11
"RockScreeVeg",28,0,0,"cies",1,11
"SMedMarF",2,0,0,"cies",1,11
"SaltMar",253,0,0,"cies",1,11
"Shrub",772,0,0,"cies",1,11
"TempDecF",261,0,0,"cies",1,11
"WaterSurf",95,0,0,"cies",1,11
"ArtSurf",329,0,0,"cies",1,12
"AtlScrub",5686,0,0,"cies",1,12
"BareArea",3742,0,0,"cies",1,12
"Crop",3,0,0,"cies",1,12
"DuneSand",232,0,0,"cies",1,12
"Grass",1926,0,0,"cies",1,12
"HydroRipVeg",100,0,0,"cies",1,12
"MedSclF",18,0,0,"cies",1,12
"Reforestation",2902,0,0,"cies",1,12
"RipF",133,0,0,"cies",1,12
"RockScreeVeg",28,0,0,"cies",1,12
"SMedMarF",2,0,0,"cies",1,12
"SaltMar",253,0,0,"cies",1,12
"Shrub",772,0,0,"cies",1,12
"TempDecF",261,0,0,"cies",1,12
"WaterSurf",95,0,0,"cies",1,12
"ArtSurf",329,0,0,"cies",3,1
"AtlScrub",5686,0,0,"cies",3,1
"BareArea",3742,1,0.03,"cies",3,1
"Crop",3,0,0,"cies",3,1
"DuneSand",232,0,0,"cies",3,1
"Grass",1926,0,0,"cies",3,1
"HydroRipVeg",100,0,0,"cies",3,1
"MedSclF",18,0,0,"cies",3,1
"Reforestation",2902,0,0,"cies",3,1
"RipF",133,0,0,"cies",3,1
"RockScreeVeg",28,0,0,"cies",3,1
"SMedMarF",2,0,0,"cies",3,1
"SaltMar",253,0,0,"cies",3,1
"Shrub",772,0,0,"cies",3,1
"TempDecF",261,0,0,"cies",3,1
"WaterSurf",95,0,0,"cies",3,1
"ArtSurf",329,0,0,"cies",3,2
"AtlScrub",5686,0,0,"cies",3,2
"BareArea",3742,0,0,"cies",3,2
"Crop",3,0,0,"cies",3,2
"DuneSand",232,0,0,"cies",3,2
"Grass",1926,0,0,"cies",3,2
"HydroRipVeg",100,0,0,"cies",3,2
"MedSclF",18,0,0,"cies",3,2
"Reforestation",2902,0,0,"cies",3,2
"RipF",133,0,0,"cies",3,2
"RockScreeVeg",28,0,0,"cies",3,2
"SMedMarF",2,0,0,"cies",3,2
"SaltMar",253,0,0,"cies",3,2
"Shrub",772,0,0,"cies",3,2
"TempDecF",261,0,0,"cies",3,2
"WaterSurf",95,0,0,"cies",3,2
"ArtSurf",329,0,0,"cies",3,3
"AtlScrub",5686,0,0,"cies",3,3
"BareArea",3742,0,0,"cies",3,3
"Crop",3,0,0,"cies",3,3
"DuneSand",232,0,0,"cies",3,3
"Grass",1926,0,0,"cies",3,3
"HydroRipVeg",100,0,0,"cies",3,3
"MedSclF",18,0,0,"cies",3,3
"Reforestation",2902,0,0,"cies",3,3
"RipF",133,0,0,"cies",3,3
"RockScreeVeg",28,0,0,"cies",3,3
"SMedMarF",2,0,0,"cies",3,3
"SaltMar",253,0,0,"cies",3,3
"Shrub",772,0,0,"cies",3,3
"TempDecF",261,0,0,"cies",3,3
"WaterSurf",95,0,0,"cies",3,3
"ArtSurf",329,0,0,"cies",3,4
"AtlScrub",5686,0,0,"cies",3,4
"BareArea",3742,0,0,"cies",3,4
"Crop",3,0,0,"cies",3,4
"DuneSand",232,0,0,"cies",3,4
"Grass",1926,0,0,"cies",3,4
"HydroRipVeg",100,0,0,"cies",3,4
"MedSclF",18,0,0,"cies",3,4
"Reforestation",2902,0,0,"cies",3,4
"RipF",133,0,0,"cies",3,4
"RockScreeVeg",28,0,0,"cies",3,4
"SMedMarF",2,0,0,"cies",3,4
"SaltMar",253,0,0,"cies",3,4
"Shrub",772,0,0,"cies",3,4
"TempDecF",261,0,0,"cies",3,4
"WaterSurf",95,0,0,"cies",3,4
"ArtSurf",329,0,0,"cies",3,5
"AtlScrub",5686,0,0,"cies",3,5
"BareArea",3742,0,0,"cies",3,5
"Crop",3,0,0,"cies",3,5
"DuneSand",232,0,0,"cies",3,5
"Grass",1926,0,0,"cies",3,5
"HydroRipVeg",100,0,0,"cies",3,5
"MedSclF",18,0,0,"cies",3,5
"Reforestation",2902,0,0,"cies",3,5
"RipF",133,0,0,"cies",3,5
"RockScreeVeg",28,0,0,"cies",3,5
"SMedMarF",2,0,0,"cies",3,5
"SaltMar",253,0,0,"cies",3,5
"Shrub",772,0,0,"cies",3,5
"TempDecF",261,0,0,"cies",3,5
"WaterSurf",95,0,0,"cies",3,5
"ArtSurf",329,15,4.56,"cies",3,6
"AtlScrub",5686,406,7.14,"cies",3,6
"BareArea",3742,345,9.22,"cies",3,6
"Crop",3,0,0,"cies",3,6
"DuneSand",232,3,1.29,"cies",3,6
"Grass",1926,326,16.93,"cies",3,6
"HydroRipVeg",100,9,9,"cies",3,6
"MedSclF",18,0,0,"cies",3,6
"Reforestation",2902,40,1.38,"cies",3,6
"RipF",133,0,0,"cies",3,6
"RockScreeVeg",28,12,42.86,"cies",3,6
"SMedMarF",2,0,0,"cies",3,6
"SaltMar",253,64,25.3,"cies",3,6
"Shrub",772,119,15.41,"cies",3,6
"TempDecF",261,0,0,"cies",3,6
"WaterSurf",95,0,0,"cies",3,6
"ArtSurf",329,2,0.61,"cies",3,7
"AtlScrub",5686,302,5.31,"cies",3,7
"BareArea",3742,308,8.23,"cies",3,7
"Crop",3,0,0,"cies",3,7
"DuneSand",232,12,5.17,"cies",3,7
"Grass",1926,198,10.28,"cies",3,7
"HydroRipVeg",100,17,17,"cies",3,7
"MedSclF",18,0,0,"cies",3,7
"Reforestation",2902,70,2.41,"cies",3,7
"RipF",133,0,0,"cies",3,7
"RockScreeVeg",28,0,0,"cies",3,7
"SMedMarF",2,0,0,"cies",3,7
"SaltMar",253,13,5.14,"cies",3,7
"Shrub",772,66,8.55,"cies",3,7
"TempDecF",261,1,0.38,"cies",3,7
"WaterSurf",95,0,0,"cies",3,7
"ArtSurf",329,105,31.91,"cies",3,8
"AtlScrub",5686,1670,29.37,"cies",3,8
"BareArea",3742,1313,35.09,"cies",3,8
"Crop",3,1,33.33,"cies",3,8
"DuneSand",232,38,16.38,"cies",3,8
"Grass",1926,1045,54.26,"cies",3,8
"HydroRipVeg",100,9,9,"cies",3,8
"MedSclF",18,0,0,"cies",3,8
"Reforestation",2902,172,5.93,"cies",3,8
"RipF",133,11,8.27,"cies",3,8
"RockScreeVeg",28,28,100,"cies",3,8
"SMedMarF",2,0,0,"cies",3,8
"SaltMar",253,138,54.55,"cies",3,8
"Shrub",772,265,34.33,"cies",3,8
"TempDecF",261,1,0.38,"cies",3,8
"WaterSurf",95,0,0,"cies",3,8
"ArtSurf",329,1,0.3,"cies",3,9
"AtlScrub",5686,25,0.44,"cies",3,9
"BareArea",3742,18,0.48,"cies",3,9
"Crop",3,0,0,"cies",3,9
"DuneSand",232,0,0,"cies",3,9
"Grass",1926,10,0.52,"cies",3,9
"HydroRipVeg",100,0,0,"cies",3,9
"MedSclF",18,0,0,"cies",3,9
"Reforestation",2902,0,0,"cies",3,9
"RipF",133,0,0,"cies",3,9
"RockScreeVeg",28,0,0,"cies",3,9
"SMedMarF",2,0,0,"cies",3,9
"SaltMar",253,7,2.77,"cies",3,9
"Shrub",772,1,0.13,"cies",3,9
"TempDecF",261,0,0,"cies",3,9
"WaterSurf",95,0,0,"cies",3,9
"ArtSurf",329,0,0,"cies",3,10
"AtlScrub",5686,0,0,"cies",3,10
"BareArea",3742,0,0,"cies",3,10
"Crop",3,0,0,"cies",3,10
"DuneSand",232,0,0,"cies",3,10
"Grass",1926,0,0,"cies",3,10
"HydroRipVeg",100,0,0,"cies",3,10
"MedSclF",18,0,0,"cies",3,10
"Reforestation",2902,0,0,"cies",3,10
"RipF",133,0,0,"cies",3,10
"RockScreeVeg",28,0,0,"cies",3,10
"SMedMarF",2,0,0,"cies",3,10
"SaltMar",253,0,0,"cies",3,10
"Shrub",772,0,0,"cies",3,10
"TempDecF",261,0,0,"cies",3,10
"WaterSurf",95,0,0,"cies",3,10
"ArtSurf",329,0,0,"cies",3,11
"AtlScrub",5686,0,0,"cies",3,11
"BareArea",3742,0,0,"cies",3,11
"Crop",3,0,0,"cies",3,11
"DuneSand",232,0,0,"cies",3,11
"Grass",1926,0,0,"cies",3,11
"HydroRipVeg",100,0,0,"cies",3,11
"MedSclF",18,0,0,"cies",3,11
"Reforestation",2902,0,0,"cies",3,11
"RipF",133,0,0,"cies",3,11
"RockScreeVeg",28,0,0,"cies",3,11
"SMedMarF",2,0,0,"cies",3,11
"SaltMar",253,0,0,"cies",3,11
"Shrub",772,0,0,"cies",3,11
"TempDecF",261,0,0,"cies",3,11
"WaterSurf",95,0,0,"cies",3,11
"ArtSurf",329,0,0,"cies",3,12
"AtlScrub",5686,0,0,"cies",3,12
"BareArea",3742,0,0,"cies",3,12
"Crop",3,0,0,"cies",3,12
"DuneSand",232,0,0,"cies",3,12
"Grass",1926,0,0,"cies",3,12
"HydroRipVeg",100,0,0,"cies",3,12
"MedSclF",18,0,0,"cies",3,12
"Reforestation",2902,0,0,"cies",3,12
"RipF",133,0,0,"cies",3,12
"RockScreeVeg",28,0,0,"cies",3,12
"SMedMarF",2,0,0,"cies",3,12
"SaltMar",253,0,0,"cies",3,12
"Shrub",772,0,0,"cies",3,12
"TempDecF",261,0,0,"cies",3,12
"WaterSurf",95,0,0,"cies",3,12
"ArtSurf",329,0,0,"cies",6,1
"AtlScrub",5686,0,0,"cies",6,1
"BareArea",3742,0,0,"cies",6,1
"Crop",3,0,0,"cies",6,1
"DuneSand",232,0,0,"cies",6,1
"Grass",1926,0,0,"cies",6,1
"HydroRipVeg",100,0,0,"cies",6,1
"MedSclF",18,0,0,"cies",6,1
"Reforestation",2902,0,0,"cies",6,1
"RipF",133,0,0,"cies",6,1
"RockScreeVeg",28,0,0,"cies",6,1
"SMedMarF",2,0,0,"cies",6,1
"SaltMar",253,0,0,"cies",6,1
"Shrub",772,0,0,"cies",6,1
"TempDecF",261,0,0,"cies",6,1
"WaterSurf",95,0,0,"cies",6,1
"ArtSurf",329,0,0,"cies",6,2
"AtlScrub",5686,0,0,"cies",6,2
"BareArea",3742,0,0,"cies",6,2
"Crop",3,0,0,"cies",6,2
"DuneSand",232,0,0,"cies",6,2
"Grass",1926,0,0,"cies",6,2
"HydroRipVeg",100,0,0,"cies",6,2
"MedSclF",18,0,0,"cies",6,2
"Reforestation",2902,0,0,"cies",6,2
"RipF",133,0,0,"cies",6,2
"RockScreeVeg",28,0,0,"cies",6,2
"SMedMarF",2,0,0,"cies",6,2
"SaltMar",253,0,0,"cies",6,2
"Shrub",772,0,0,"cies",6,2
"TempDecF",261,0,0,"cies",6,2
"WaterSurf",95,0,0,"cies",6,2
"ArtSurf",329,0,0,"cies",6,3
"AtlScrub",5686,0,0,"cies",6,3
"BareArea",3742,0,0,"cies",6,3
"Crop",3,0,0,"cies",6,3
"DuneSand",232,0,0,"cies",6,3
"Grass",1926,0,0,"cies",6,3
"HydroRipVeg",100,0,0,"cies",6,3
"MedSclF",18,0,0,"cies",6,3
"Reforestation",2902,0,0,"cies",6,3
"RipF",133,0,0,"cies",6,3
"RockScreeVeg",28,0,0,"cies",6,3
"SMedMarF",2,0,0,"cies",6,3
"SaltMar",253,0,0,"cies",6,3
"Shrub",772,0,0,"cies",6,3
"TempDecF",261,0,0,"cies",6,3
"WaterSurf",95,0,0,"cies",6,3
"ArtSurf",329,0,0,"cies",6,4
"AtlScrub",5686,0,0,"cies",6,4
"BareArea",3742,3,0.08,"cies",6,4
"Crop",3,0,0,"cies",6,4
"DuneSand",232,1,0.43,"cies",6,4
"Grass",1926,0,0,"cies",6,4
"HydroRipVeg",100,0,0,"cies",6,4
"MedSclF",18,0,0,"cies",6,4
"Reforestation",2902,0,0,"cies",6,4
"RipF",133,0,0,"cies",6,4
"RockScreeVeg",28,0,0,"cies",6,4
"SMedMarF",2,0,0,"cies",6,4
"SaltMar",253,0,0,"cies",6,4
"Shrub",772,0,0,"cies",6,4
"TempDecF",261,0,0,"cies",6,4
"WaterSurf",95,0,0,"cies",6,4
"ArtSurf",329,0,0,"cies",6,5
"AtlScrub",5686,0,0,"cies",6,5
"BareArea",3742,0,0,"cies",6,5
"Crop",3,0,0,"cies",6,5
"DuneSand",232,0,0,"cies",6,5
"Grass",1926,0,0,"cies",6,5
"HydroRipVeg",100,0,0,"cies",6,5
"MedSclF",18,0,0,"cies",6,5
"Reforestation",2902,0,0,"cies",6,5
"RipF",133,0,0,"cies",6,5
"RockScreeVeg",28,0,0,"cies",6,5
"SMedMarF",2,0,0,"cies",6,5
"SaltMar",253,0,0,"cies",6,5
"Shrub",772,0,0,"cies",6,5
"TempDecF",261,0,0,"cies",6,5
"WaterSurf",95,0,0,"cies",6,5
"ArtSurf",329,0,0,"cies",6,6
"AtlScrub",5686,0,0,"cies",6,6
"BareArea",3742,0,0,"cies",6,6
"Crop",3,0,0,"cies",6,6
"DuneSand",232,0,0,"cies",6,6
"Grass",1926,0,0,"cies",6,6
"HydroRipVeg",100,0,0,"cies",6,6
"MedSclF",18,0,0,"cies",6,6
"Reforestation",2902,0,0,"cies",6,6
"RipF",133,0,0,"cies",6,6
"RockScreeVeg",28,0,0,"cies",6,6
"SMedMarF",2,0,0,"cies",6,6
"SaltMar",253,0,0,"cies",6,6
"Shrub",772,0,0,"cies",6,6
"TempDecF",261,0,0,"cies",6,6
"WaterSurf",95,0,0,"cies",6,6
"ArtSurf",329,0,0,"cies",6,7
"AtlScrub",5686,0,0,"cies",6,7
"BareArea",3742,0,0,"cies",6,7
"Crop",3,0,0,"cies",6,7
"DuneSand",232,0,0,"cies",6,7
"Grass",1926,0,0,"cies",6,7
"HydroRipVeg",100,0,0,"cies",6,7
"MedSclF",18,0,0,"cies",6,7
"Reforestation",2902,0,0,"cies",6,7
"RipF",133,0,0,"cies",6,7
"RockScreeVeg",28,0,0,"cies",6,7
"SMedMarF",2,0,0,"cies",6,7
"SaltMar",253,0,0,"cies",6,7
"Shrub",772,0,0,"cies",6,7
"TempDecF",261,0,0,"cies",6,7
"WaterSurf",95,0,0,"cies",6,7
"ArtSurf",329,0,0,"cies",6,8
"AtlScrub",5686,0,0,"cies",6,8
"BareArea",3742,0,0,"cies",6,8
"Crop",3,0,0,"cies",6,8
"DuneSand",232,0,0,"cies",6,8
"Grass",1926,0,0,"cies",6,8
"HydroRipVeg",100,0,0,"cies",6,8
"MedSclF",18,0,0,"cies",6,8
"Reforestation",2902,0,0,"cies",6,8
"RipF",133,0,0,"cies",6,8
"RockScreeVeg",28,0,0,"cies",6,8
"SMedMarF",2,0,0,"cies",6,8
"SaltMar",253,0,0,"cies",6,8
"Shrub",772,0,0,"cies",6,8
"TempDecF",261,0,0,"cies",6,8
"WaterSurf",95,0,0,"cies",6,8
"ArtSurf",329,1,0.3,"cies",6,9
"AtlScrub",5686,31,0.55,"cies",6,9
"BareArea",3742,18,0.48,"cies",6,9
"Crop",3,0,0,"cies",6,9
"DuneSand",232,0,0,"cies",6,9
"Grass",1926,12,0.62,"cies",6,9
"HydroRipVeg",100,2,2,"cies",6,9
"MedSclF",18,0,0,"cies",6,9
"Reforestation",2902,1,0.03,"cies",6,9
"RipF",133,0,0,"cies",6,9
"RockScreeVeg",28,0,0,"cies",6,9
"SMedMarF",2,0,0,"cies",6,9
"SaltMar",253,1,0.4,"cies",6,9
"Shrub",772,11,1.42,"cies",6,9
"TempDecF",261,0,0,"cies",6,9
"WaterSurf",95,0,0,"cies",6,9
"ArtSurf",329,0,0,"cies",6,10
"AtlScrub",5686,0,0,"cies",6,10
"BareArea",3742,0,0,"cies",6,10
"Crop",3,0,0,"cies",6,10
"DuneSand",232,0,0,"cies",6,10
"Grass",1926,0,0,"cies",6,10
"HydroRipVeg",100,0,0,"cies",6,10
"MedSclF",18,0,0,"cies",6,10
"Reforestation",2902,0,0,"cies",6,10
"RipF",133,0,0,"cies",6,10
"RockScreeVeg",28,0,0,"cies",6,10
"SMedMarF",2,0,0,"cies",6,10
"SaltMar",253,0,0,"cies",6,10
"Shrub",772,0,0,"cies",6,10
"TempDecF",261,0,0,"cies",6,10
"WaterSurf",95,0,0,"cies",6,10
"ArtSurf",329,0,0,"cies",6,11
"AtlScrub",5686,0,0,"cies",6,11
"BareArea",3742,0,0,"cies",6,11
"Crop",3,0,0,"cies",6,11
"DuneSand",232,0,0,"cies",6,11
"Grass",1926,0,0,"cies",6,11
"HydroRipVeg",100,0,0,"cies",6,11
"MedSclF",18,0,0,"cies",6,11
"Reforestation",2902,0,0,"cies",6,11
"RipF",133,0,0,"cies",6,11
"RockScreeVeg",28,0,0,"cies",6,11
"SMedMarF",2,0,0,"cies",6,11
"SaltMar",253,0,0,"cies",6,11
"Shrub",772,0,0,"cies",6,11
"TempDecF",261,0,0,"cies",6,11
"WaterSurf",95,0,0,"cies",6,11
"ArtSurf",329,0,0,"cies",6,12
"AtlScrub",5686,0,0,"cies",6,12
"BareArea",3742,0,0,"cies",6,12
"Crop",3,0,0,"cies",6,12
"DuneSand",232,0,0,"cies",6,12
"Grass",1926,0,0,"cies",6,12
"HydroRipVeg",100,0,0,"cies",6,12
"MedSclF",18,0,0,"cies",6,12
"Reforestation",2902,0,0,"cies",6,12
"RipF",133,0,0,"cies",6,12
"RockScreeVeg",28,0,0,"cies",6,12
"SMedMarF",2,0,0,"cies",6,12
"SaltMar",253,0,0,"cies",6,12
"Shrub",772,0,0,"cies",6,12
"TempDecF",261,0,0,"cies",6,12
"WaterSurf",95,0,0,"cies",6,12
"ArtSurf",329,0,0,"cies",9,1
"AtlScrub",5686,0,0,"cies",9,1
"BareArea",3742,2,0.05,"cies",9,1
"Crop",3,0,0,"cies",9,1
"DuneSand",232,0,0,"cies",9,1
"Grass",1926,0,0,"cies",9,1
"HydroRipVeg",100,0,0,"cies",9,1
"MedSclF",18,0,0,"cies",9,1
"Reforestation",2902,0,0,"cies",9,1
"RipF",133,0,0,"cies",9,1
"RockScreeVeg",28,0,0,"cies",9,1
"SMedMarF",2,0,0,"cies",9,1
"SaltMar",253,0,0,"cies",9,1
"Shrub",772,0,0,"cies",9,1
"TempDecF",261,0,0,"cies",9,1
"WaterSurf",95,0,0,"cies",9,1
"ArtSurf",329,0,0,"cies",9,2
"AtlScrub",5686,0,0,"cies",9,2
"BareArea",3742,0,0,"cies",9,2
"Crop",3,0,0,"cies",9,2
"DuneSand",232,0,0,"cies",9,2
"Grass",1926,0,0,"cies",9,2
"HydroRipVeg",100,0,0,"cies",9,2
"MedSclF",18,0,0,"cies",9,2
"Reforestation",2902,0,0,"cies",9,2
"RipF",133,0,0,"cies",9,2
"RockScreeVeg",28,0,0,"cies",9,2
"SMedMarF",2,0,0,"cies",9,2
"SaltMar",253,0,0,"cies",9,2
"Shrub",772,0,0,"cies",9,2
"TempDecF",261,0,0,"cies",9,2
"WaterSurf",95,0,0,"cies",9,2
"ArtSurf",329,0,0,"cies",9,3
"AtlScrub",5686,0,0,"cies",9,3
"BareArea",3742,0,0,"cies",9,3
"Crop",3,0,0,"cies",9,3
"DuneSand",232,0,0,"cies",9,3
"Grass",1926,0,0,"cies",9,3
"HydroRipVeg",100,0,0,"cies",9,3
"MedSclF",18,0,0,"cies",9,3
"Reforestation",2902,0,0,"cies",9,3
"RipF",133,0,0,"cies",9,3
"RockScreeVeg",28,0,0,"cies",9,3
"SMedMarF",2,0,0,"cies",9,3
"SaltMar",253,0,0,"cies",9,3
"Shrub",772,0,0,"cies",9,3
"TempDecF",261,0,0,"cies",9,3
"WaterSurf",95,0,0,"cies",9,3
"ArtSurf",329,0,0,"cies",9,4
"AtlScrub",5686,0,0,"cies",9,4
"BareArea",3742,3,0.08,"cies",9,4
"Crop",3,0,0,"cies",9,4
"DuneSand",232,1,0.43,"cies",9,4
"Grass",1926,0,0,"cies",9,4
"HydroRipVeg",100,0,0,"cies",9,4
"MedSclF",18,0,0,"cies",9,4
"Reforestation",2902,0,0,"cies",9,4
"RipF",133,0,0,"cies",9,4
"RockScreeVeg",28,0,0,"cies",9,4
"SMedMarF",2,0,0,"cies",9,4
"SaltMar",253,0,0,"cies",9,4
"Shrub",772,0,0,"cies",9,4
"TempDecF",261,0,0,"cies",9,4
"WaterSurf",95,0,0,"cies",9,4
"ArtSurf",329,0,0,"cies",9,5
"AtlScrub",5686,1,0.02,"cies",9,5
"BareArea",3742,0,0,"cies",9,5
"Crop",3,0,0,"cies",9,5
"DuneSand",232,0,0,"cies",9,5
"Grass",1926,0,0,"cies",9,5
"HydroRipVeg",100,0,0,"cies",9,5
"MedSclF",18,0,0,"cies",9,5
"Reforestation",2902,0,0,"cies",9,5
"RipF",133,0,0,"cies",9,5
"RockScreeVeg",28,0,0,"cies",9,5
"SMedMarF",2,0,0,"cies",9,5
"SaltMar",253,0,0,"cies",9,5
"Shrub",772,0,0,"cies",9,5
"TempDecF",261,0,0,"cies",9,5
"WaterSurf",95,0,0,"cies",9,5
"ArtSurf",329,0,0,"cies",9,6
"AtlScrub",5686,0,0,"cies",9,6
"BareArea",3742,1,0.03,"cies",9,6
"Crop",3,0,0,"cies",9,6
"DuneSand",232,0,0,"cies",9,6
"Grass",1926,0,0,"cies",9,6
"HydroRipVeg",100,0,0,"cies",9,6
"MedSclF",18,0,0,"cies",9,6
"Reforestation",2902,0,0,"cies",9,6
"RipF",133,0,0,"cies",9,6
"RockScreeVeg",28,0,0,"cies",9,6
"SMedMarF",2,0,0,"cies",9,6
"SaltMar",253,0,0,"cies",9,6
"Shrub",772,0,0,"cies",9,6
"TempDecF",261,0,0,"cies",9,6
"WaterSurf",95,0,0,"cies",9,6
"ArtSurf",329,0,0,"cies",9,7
"AtlScrub",5686,0,0,"cies",9,7
"BareArea",3742,0,0,"cies",9,7
"Crop",3,0,0,"cies",9,7
"DuneSand",232,0,0,"cies",9,7
"Grass",1926,0,0,"cies",9,7
"HydroRipVeg",100,0,0,"cies",9,7
"MedSclF",18,0,0,"cies",9,7
"Reforestation",2902,0,0,"cies",9,7
"RipF",133,0,0,"cies",9,7
"RockScreeVeg",28,0,0,"cies",9,7
"SMedMarF",2,0,0,"cies",9,7
"SaltMar",253,0,0,"cies",9,7
"Shrub",772,0,0,"cies",9,7
"TempDecF",261,0,0,"cies",9,7
"WaterSurf",95,0,0,"cies",9,7
"ArtSurf",329,0,0,"cies",9,8
"AtlScrub",5686,0,0,"cies",9,8
"BareArea",3742,0,0,"cies",9,8
"Crop",3,0,0,"cies",9,8
"DuneSand",232,0,0,"cies",9,8
"Grass",1926,0,0,"cies",9,8
"HydroRipVeg",100,0,0,"cies",9,8
"MedSclF",18,0,0,"cies",9,8
"Reforestation",2902,0,0,"cies",9,8
"RipF",133,0,0,"cies",9,8
"RockScreeVeg",28,0,0,"cies",9,8
"SMedMarF",2,0,0,"cies",9,8
"SaltMar",253,0,0,"cies",9,8
"Shrub",772,0,0,"cies",9,8
"TempDecF",261,0,0,"cies",9,8
"WaterSurf",95,0,0,"cies",9,8
"ArtSurf",329,0,0,"cies",9,9
"AtlScrub",5686,0,0,"cies",9,9
"BareArea",3742,0,0,"cies",9,9
"Crop",3,0,0,"cies",9,9
"DuneSand",232,0,0,"cies",9,9
"Grass",1926,0,0,"cies",9,9
"HydroRipVeg",100,0,0,"cies",9,9
"MedSclF",18,0,0,"cies",9,9
"Reforestation",2902,0,0,"cies",9,9
"RipF",133,0,0,"cies",9,9
"RockScreeVeg",28,0,0,"cies",9,9
"SMedMarF",2,0,0,"cies",9,9
"SaltMar",253,0,0,"cies",9,9
"Shrub",772,0,0,"cies",9,9
"TempDecF",261,0,0,"cies",9,9
"WaterSurf",95,0,0,"cies",9,9
"ArtSurf",329,0,0,"cies",9,10
"AtlScrub",5686,16,0.28,"cies",9,10
"BareArea",3742,33,0.88,"cies",9,10
"Crop",3,0,0,"cies",9,10
"DuneSand",232,15,6.47,"cies",9,10
"Grass",1926,5,0.26,"cies",9,10
"HydroRipVeg",100,0,0,"cies",9,10
"MedSclF",18,0,0,"cies",9,10
"Reforestation",2902,6,0.21,"cies",9,10
"RipF",133,0,0,"cies",9,10
"RockScreeVeg",28,0,0,"cies",9,10
"SMedMarF",2,0,0,"cies",9,10
"SaltMar",253,0,0,"cies",9,10
"Shrub",772,0,0,"cies",9,10
"TempDecF",261,0,0,"cies",9,10
"WaterSurf",95,0,0,"cies",9,10
"ArtSurf",329,0,0,"cies",9,11
"AtlScrub",5686,0,0,"cies",9,11
"BareArea",3742,0,0,"cies",9,11
"Crop",3,0,0,"cies",9,11
"DuneSand",232,0,0,"cies",9,11
"Grass",1926,0,0,"cies",9,11
"HydroRipVeg",100,0,0,"cies",9,11
"MedSclF",18,0,0,"cies",9,11
"Reforestation",2902,0,0,"cies",9,11
"RipF",133,0,0,"cies",9,11
"RockScreeVeg",28,0,0,"cies",9,11
"SMedMarF",2,0,0,"cies",9,11
"SaltMar",253,0,0,"cies",9,11
"Shrub",772,0,0,"cies",9,11
"TempDecF",261,0,0,"cies",9,11
"WaterSurf",95,0,0,"cies",9,11
"ArtSurf",329,0,0,"cies",9,12
"AtlScrub",5686,0,0,"cies",9,12
"BareArea",3742,0,0,"cies",9,12
"Crop",3,0,0,"cies",9,12
"DuneSand",232,0,0,"cies",9,12
"Grass",1926,0,0,"cies",9,12
"HydroRipVeg",100,0,0,"cies",9,12
"MedSclF",18,0,0,"cies",9,12
"Reforestation",2902,0,0,"cies",9,12
"RipF",133,0,0,"cies",9,12
"RockScreeVeg",28,0,0,"cies",9,12
"SMedMarF",2,0,0,"cies",9,12
"SaltMar",253,0,0,"cies",9,12
"Shrub",772,0,0,"cies",9,12
"TempDecF",261,0,0,"cies",9,12
"WaterSurf",95,0,0,"cies",9,12
"ArtSurf",329,0,0,"cies",12,1
"AtlScrub",5686,0,0,"cies",12,1
"BareArea",3742,0,0,"cies",12,1
"Crop",3,0,0,"cies",12,1
"DuneSand",232,0,0,"cies",12,1
"Grass",1926,0,0,"cies",12,1
"HydroRipVeg",100,0,0,"cies",12,1
"MedSclF",18,0,0,"cies",12,1
"Reforestation",2902,0,0,"cies",12,1
"RipF",133,0,0,"cies",12,1
"RockScreeVeg",28,0,0,"cies",12,1
"SMedMarF",2,0,0,"cies",12,1
"SaltMar",253,0,0,"cies",12,1
"Shrub",772,0,0,"cies",12,1
"TempDecF",261,0,0,"cies",12,1
"WaterSurf",95,0,0,"cies",12,1
"ArtSurf",329,0,0,"cies",12,2
"AtlScrub",5686,0,0,"cies",12,2
"BareArea",3742,0,0,"cies",12,2
"Crop",3,0,0,"cies",12,2
"DuneSand",232,0,0,"cies",12,2
"Grass",1926,0,0,"cies",12,2
"HydroRipVeg",100,0,0,"cies",12,2
"MedSclF",18,0,0,"cies",12,2
"Reforestation",2902,0,0,"cies",12,2
"RipF",133,0,0,"cies",12,2
"RockScreeVeg",28,0,0,"cies",12,2
"SMedMarF",2,0,0,"cies",12,2
"SaltMar",253,0,0,"cies",12,2
"Shrub",772,0,0,"cies",12,2
"TempDecF",261,0,0,"cies",12,2
"WaterSurf",95,0,0,"cies",12,2
"ArtSurf",329,0,0,"cies",12,3
"AtlScrub",5686,0,0,"cies",12,3
"BareArea",3742,0,0,"cies",12,3
"Crop",3,0,0,"cies",12,3
"DuneSand",232,0,0,"cies",12,3
"Grass",1926,0,0,"cies",12,3
"HydroRipVeg",100,0,0,"cies",12,3
"MedSclF",18,0,0,"cies",12,3
"Reforestation",2902,0,0,"cies",12,3
"RipF",133,0,0,"cies",12,3
"RockScreeVeg",28,0,0,"cies",12,3
"SMedMarF",2,0,0,"cies",12,3
"SaltMar",253,0,0,"cies",12,3
"Shrub",772,0,0,"cies",12,3
"TempDecF",261,0,0,"cies",12,3
"WaterSurf",95,0,0,"cies",12,3
"ArtSurf",329,0,0,"cies",12,4
"AtlScrub",5686,4,0.07,"cies",12,4
"BareArea",3742,22,0.59,"cies",12,4
"Crop",3,0,0,"cies",12,4
"DuneSand",232,6,2.59,"cies",12,4
"Grass",1926,2,0.1,"cies",12,4
"HydroRipVeg",100,0,0,"cies",12,4
"MedSclF",18,0,0,"cies",12,4
"Reforestation",2902,0,0,"cies",12,4
"RipF",133,0,0,"cies",12,4
"RockScreeVeg",28,0,0,"cies",12,4
"SMedMarF",2,0,0,"cies",12,4
"SaltMar",253,0,0,"cies",12,4
"Shrub",772,0,0,"cies",12,4
"TempDecF",261,0,0,"cies",12,4
"WaterSurf",95,0,0,"cies",12,4
"ArtSurf",329,0,0,"cies",12,5
"AtlScrub",5686,8,0.14,"cies",12,5
"BareArea",3742,14,0.37,"cies",12,5
"Crop",3,0,0,"cies",12,5
"DuneSand",232,0,0,"cies",12,5
"Grass",1926,0,0,"cies",12,5
"HydroRipVeg",100,0,0,"cies",12,5
"MedSclF",18,0,0,"cies",12,5
"Reforestation",2902,0,0,"cies",12,5
"RipF",133,0,0,"cies",12,5
"RockScreeVeg",28,0,0,"cies",12,5
"SMedMarF",2,0,0,"cies",12,5
"SaltMar",253,1,0.4,"cies",12,5
"Shrub",772,0,0,"cies",12,5
"TempDecF",261,0,0,"cies",12,5
"WaterSurf",95,0,0,"cies",12,5
"ArtSurf",329,0,0,"cies",12,6
"AtlScrub",5686,0,0,"cies",12,6
"BareArea",3742,0,0,"cies",12,6
"Crop",3,0,0,"cies",12,6
"DuneSand",232,0,0,"cies",12,6
"Grass",1926,0,0,"cies",12,6
"HydroRipVeg",100,0,0,"cies",12,6
"MedSclF",18,0,0,"cies",12,6
"Reforestation",2902,0,0,"cies",12,6
"RipF",133,0,0,"cies",12,6
"RockScreeVeg",28,0,0,"cies",12,6
"SMedMarF",2,0,0,"cies",12,6
"SaltMar",253,0,0,"cies",12,6
"Shrub",772,0,0,"cies",12,6
"TempDecF",261,0,0,"cies",12,6
"WaterSurf",95,0,0,"cies",12,6
"ArtSurf",329,0,0,"cies",12,7
"AtlScrub",5686,0,0,"cies",12,7
"BareArea",3742,0,0,"cies",12,7
"Crop",3,0,0,"cies",12,7
"DuneSand",232,0,0,"cies",12,7
"Grass",1926,0,0,"cies",12,7
"HydroRipVeg",100,0,0,"cies",12,7
"MedSclF",18,0,0,"cies",12,7
"Reforestation",2902,0,0,"cies",12,7
"RipF",133,0,0,"cies",12,7
"RockScreeVeg",28,0,0,"cies",12,7
"SMedMarF",2,0,0,"cies",12,7
"SaltMar",253,0,0,"cies",12,7
"Shrub",772,0,0,"cies",12,7
"TempDecF",261,0,0,"cies",12,7
"WaterSurf",95,0,0,"cies",12,7
"ArtSurf",329,0,0,"cies",12,8
"AtlScrub",5686,36,0.63,"cies",12,8
"BareArea",3742,49,1.31,"cies",12,8
"Crop",3,0,0,"cies",12,8
"DuneSand",232,1,0.43,"cies",12,8
"Grass",1926,17,0.88,"cies",12,8
"HydroRipVeg",100,0,0,"cies",12,8
"MedSclF",18,0,0,"cies",12,8
"Reforestation",2902,14,0.48,"cies",12,8
"RipF",133,0,0,"cies",12,8
"RockScreeVeg",28,0,0,"cies",12,8
"SMedMarF",2,0,0,"cies",12,8
"SaltMar",253,1,0.4,"cies",12,8
"Shrub",772,14,1.81,"cies",12,8
"TempDecF",261,0,0,"cies",12,8
"WaterSurf",95,0,0,"cies",12,8
"ArtSurf",329,0,0,"cies",12,9
"AtlScrub",5686,0,0,"cies",12,9
"BareArea",3742,0,0,"cies",12,9
"Crop",3,0,0,"cies",12,9
"DuneSand",232,0,0,"cies",12,9
"Grass",1926,0,0,"cies",12,9
"HydroRipVeg",100,0,0,"cies",12,9
"MedSclF",18,0,0,"cies",12,9
"Reforestation",2902,0,0,"cies",12,9
"RipF",133,0,0,"cies",12,9
"RockScreeVeg",28,0,0,"cies",12,9
"SMedMarF",2,0,0,"cies",12,9
"SaltMar",253,0,0,"cies",12,9
"Shrub",772,0,0,"cies",12,9
"TempDecF",261,0,0,"cies",12,9
"WaterSurf",95,0,0,"cies",12,9
"ArtSurf",329,7,2.13,"cies",12,10
"AtlScrub",5686,47,0.83,"cies",12,10
"BareArea",3742,287,7.67,"cies",12,10
"Crop",3,0,0,"cies",12,10
"DuneSand",232,98,42.24,"cies",12,10
"Grass",1926,27,1.4,"cies",12,10
"HydroRipVeg",100,0,0,"cies",12,10
"MedSclF",18,0,0,"cies",12,10
"Reforestation",2902,40,1.38,"cies",12,10
"RipF",133,0,0,"cies",12,10
"RockScreeVeg",28,0,0,"cies",12,10
"SMedMarF",2,0,0,"cies",12,10
"SaltMar",253,2,0.79,"cies",12,10
"Shrub",772,8,1.04,"cies",12,10
"TempDecF",261,0,0,"cies",12,10
"WaterSurf",95,0,0,"cies",12,10
"ArtSurf",329,0,0,"cies",12,11
"AtlScrub",5686,0,0,"cies",12,11
"BareArea",3742,0,0,"cies",12,11
"Crop",3,0,0,"cies",12,11
"DuneSand",232,0,0,"cies",12,11
"Grass",1926,0,0,"cies",12,11
"HydroRipVeg",100,0,0,"cies",12,11
"MedSclF",18,0,0,"cies",12,11
"Reforestation",2902,0,0,"cies",12,11
"RipF",133,0,0,"cies",12,11
"RockScreeVeg",28,0,0,"cies",12,11
"SMedMarF",2,0,0,"cies",12,11
"SaltMar",253,0,0,"cies",12,11
"Shrub",772,0,0,"cies",12,11
"TempDecF",261,0,0,"cies",12,11
"WaterSurf",95,0,0,"cies",12,11
"ArtSurf",329,0,0,"cies",12,12
"AtlScrub",5686,0,0,"cies",12,12
"BareArea",3742,0,0,"cies",12,12
"Crop",3,0,0,"cies",12,12
"DuneSand",232,0,0,"cies",12,12
"Grass",1926,0,0,"cies",12,12
"HydroRipVeg",100,0,0,"cies",12,12
"MedSclF",18,0,0,"cies",12,12
"Reforestation",2902,0,0,"cies",12,12
"RipF",133,0,0,"cies",12,12
"RockScreeVeg",28,0,0,"cies",12,12
"SMedMarF",2,0,0,"cies",12,12
"SaltMar",253,0,0,"cies",12,12
"Shrub",772,0,0,"cies",12,12
"TempDecF",261,0,0,"cies",12,12
"WaterSurf",95,0,0,"cies",12,12
"ArtSurf",2849,40,1.4,"monfrague",1,1
"Crop",1332,8,0.6,"monfrague",1,1
"Dehesa",17271,212,1.23,"monfrague",1,1
"Grass",5942,88,1.48,"monfrague",1,1
"HydroRipVeg",2264,16,0.71,"monfrague",1,1
"MedSclF",34504,565,1.64,"monfrague",1,1
"MedScrub",121317,1528,1.26,"monfrague",1,1
"Reforestation",22719,112,0.49,"monfrague",1,1
"RipF",1179,18,1.53,"monfrague",1,1
"RockScreeVeg",16028,376,2.35,"monfrague",1,1
"SMedMarF",6002,66,1.1,"monfrague",1,1
"Shrub",13653,148,1.08,"monfrague",1,1
"WaterSurf",15572,2,0.01,"monfrague",1,1
"ArtSurf",2849,0,0,"monfrague",1,2
"Crop",1332,0,0,"monfrague",1,2
"Dehesa",17271,0,0,"monfrague",1,2
"Grass",5942,0,0,"monfrague",1,2
"HydroRipVeg",2264,0,0,"monfrague",1,2
"MedSclF",34504,0,0,"monfrague",1,2
"MedScrub",121317,0,0,"monfrague",1,2
"Reforestation",22719,0,0,"monfrague",1,2
"RipF",1179,0,0,"monfrague",1,2
"RockScreeVeg",16028,0,0,"monfrague",1,2
"SMedMarF",6002,0,0,"monfrague",1,2
"Shrub",13653,0,0,"monfrague",1,2
"WaterSurf",15572,0,0,"monfrague",1,2
"ArtSurf",2849,0,0,"monfrague",1,3
"Crop",1332,0,0,"monfrague",1,3
"Dehesa",17271,2,0.01,"monfrague",1,3
"Grass",5942,1,0.02,"monfrague",1,3
"HydroRipVeg",2264,0,0,"monfrague",1,3
"MedSclF",34504,0,0,"monfrague",1,3
"MedScrub",121317,3,0,"monfrague",1,3
"Reforestation",22719,1,0,"monfrague",1,3
"RipF",1179,0,0,"monfrague",1,3
"RockScreeVeg",16028,5,0.03,"monfrague",1,3
"SMedMarF",6002,0,0,"monfrague",1,3
"Shrub",13653,0,0,"monfrague",1,3
"WaterSurf",15572,0,0,"monfrague",1,3
"ArtSurf",2849,0,0,"monfrague",1,4
"Crop",1332,0,0,"monfrague",1,4
"Dehesa",17271,0,0,"monfrague",1,4
"Grass",5942,0,0,"monfrague",1,4
"HydroRipVeg",2264,0,0,"monfrague",1,4
"MedSclF",34504,0,0,"monfrague",1,4
"MedScrub",121317,0,0,"monfrague",1,4
"Reforestation",22719,0,0,"monfrague",1,4
"RipF",1179,0,0,"monfrague",1,4
"RockScreeVeg",16028,0,0,"monfrague",1,4
"SMedMarF",6002,0,0,"monfrague",1,4
"Shrub",13653,0,0,"monfrague",1,4
"WaterSurf",15572,0,0,"monfrague",1,4
"ArtSurf",2849,0,0,"monfrague",1,5
"Crop",1332,0,0,"monfrague",1,5
"Dehesa",17271,0,0,"monfrague",1,5
"Grass",5942,0,0,"monfrague",1,5
"HydroRipVeg",2264,0,0,"monfrague",1,5
"MedSclF",34504,0,0,"monfrague",1,5
"MedScrub",121317,0,0,"monfrague",1,5
"Reforestation",22719,0,0,"monfrague",1,5
"RipF",1179,0,0,"monfrague",1,5
"RockScreeVeg",16028,0,0,"monfrague",1,5
"SMedMarF",6002,0,0,"monfrague",1,5
"Shrub",13653,0,0,"monfrague",1,5
"WaterSurf",15572,0,0,"monfrague",1,5
"ArtSurf",2849,157,5.51,"monfrague",1,6
"Crop",1332,57,4.28,"monfrague",1,6
"Dehesa",17271,3088,17.88,"monfrague",1,6
"Grass",5942,969,16.31,"monfrague",1,6
"HydroRipVeg",2264,57,2.52,"monfrague",1,6
"MedSclF",34504,2342,6.79,"monfrague",1,6
"MedScrub",121317,10527,8.68,"monfrague",1,6
"Reforestation",22719,249,1.1,"monfrague",1,6
"RipF",1179,41,3.48,"monfrague",1,6
"RockScreeVeg",16028,1358,8.47,"monfrague",1,6
"SMedMarF",6002,13,0.22,"monfrague",1,6
"Shrub",13653,185,1.36,"monfrague",1,6
"WaterSurf",15572,195,1.25,"monfrague",1,6
"ArtSurf",2849,1,0.04,"monfrague",1,7
"Crop",1332,0,0,"monfrague",1,7
"Dehesa",17271,60,0.35,"monfrague",1,7
"Grass",5942,10,0.17,"monfrague",1,7
"HydroRipVeg",2264,1,0.04,"monfrague",1,7
"MedSclF",34504,9,0.03,"monfrague",1,7
"MedScrub",121317,33,0.03,"monfrague",1,7
"Reforestation",22719,0,0,"monfrague",1,7
"RipF",1179,0,0,"monfrague",1,7
"RockScreeVeg",16028,13,0.08,"monfrague",1,7
"SMedMarF",6002,0,0,"monfrague",1,7
"Shrub",13653,4,0.03,"monfrague",1,7
"WaterSurf",15572,14,0.09,"monfrague",1,7
"ArtSurf",2849,0,0,"monfrague",1,8
"Crop",1332,0,0,"monfrague",1,8
"Dehesa",17271,0,0,"monfrague",1,8
"Grass",5942,0,0,"monfrague",1,8
"HydroRipVeg",2264,0,0,"monfrague",1,8
"MedSclF",34504,0,0,"monfrague",1,8
"MedScrub",121317,0,0,"monfrague",1,8
"Reforestation",22719,0,0,"monfrague",1,8
"RipF",1179,0,0,"monfrague",1,8
"RockScreeVeg",16028,0,0,"monfrague",1,8
"SMedMarF",6002,0,0,"monfrague",1,8
"Shrub",13653,0,0,"monfrague",1,8
"WaterSurf",15572,0,0,"monfrague",1,8
"ArtSurf",2849,0,0,"monfrague",1,9
"Crop",1332,0,0,"monfrague",1,9
"Dehesa",17271,0,0,"monfrague",1,9
"Grass",5942,0,0,"monfrague",1,9
"HydroRipVeg",2264,0,0,"monfrague",1,9
"MedSclF",34504,0,0,"monfrague",1,9
"MedScrub",121317,0,0,"monfrague",1,9
"Reforestation",22719,0,0,"monfrague",1,9
"RipF",1179,0,0,"monfrague",1,9
"RockScreeVeg",16028,0,0,"monfrague",1,9
"SMedMarF",6002,0,0,"monfrague",1,9
"Shrub",13653,0,0,"monfrague",1,9
"WaterSurf",15572,0,0,"monfrague",1,9
"ArtSurf",2849,0,0,"monfrague",1,10
"Crop",1332,0,0,"monfrague",1,10
"Dehesa",17271,0,0,"monfrague",1,10
"Grass",5942,0,0,"monfrague",1,10
"HydroRipVeg",2264,0,0,"monfrague",1,10
"MedSclF",34504,0,0,"monfrague",1,10
"MedScrub",121317,0,0,"monfrague",1,10
"Reforestation",22719,0,0,"monfrague",1,10
"RipF",1179,0,0,"monfrague",1,10
"RockScreeVeg",16028,0,0,"monfrague",1,10
"SMedMarF",6002,0,0,"monfrague",1,10
"Shrub",13653,0,0,"monfrague",1,10
"WaterSurf",15572,0,0,"monfrague",1,10
"ArtSurf",2849,0,0,"monfrague",1,11
"Crop",1332,0,0,"monfrague",1,11
"Dehesa",17271,0,0,"monfrague",1,11
"Grass",5942,0,0,"monfrague",1,11
"HydroRipVeg",2264,0,0,"monfrague",1,11
"MedSclF",34504,0,0,"monfrague",1,11
"MedScrub",121317,0,0,"monfrague",1,11
"Reforestation",22719,0,0,"monfrague",1,11
"RipF",1179,0,0,"monfrague",1,11
"RockScreeVeg",16028,0,0,"monfrague",1,11
"SMedMarF",6002,0,0,"monfrague",1,11
"Shrub",13653,0,0,"monfrague",1,11
"WaterSurf",15572,0,0,"monfrague",1,11
"ArtSurf",2849,0,0,"monfrague",1,12
"Crop",1332,0,0,"monfrague",1,12
"Dehesa",17271,0,0,"monfrague",1,12
"Grass",5942,0,0,"monfrague",1,12
"HydroRipVeg",2264,0,0,"monfrague",1,12
"MedSclF",34504,0,0,"monfrague",1,12
"MedScrub",121317,0,0,"monfrague",1,12
"Reforestation",22719,0,0,"monfrague",1,12
"RipF",1179,0,0,"monfrague",1,12
"RockScreeVeg",16028,0,0,"monfrague",1,12
"SMedMarF",6002,0,0,"monfrague",1,12
"Shrub",13653,0,0,"monfrague",1,12
"WaterSurf",15572,0,0,"monfrague",1,12
"ArtSurf",2849,322,11.3,"monfrague",3,1
"Crop",1332,76,5.71,"monfrague",3,1
"Dehesa",17271,4078,23.61,"monfrague",3,1
"Grass",5942,1515,25.5,"monfrague",3,1
"HydroRipVeg",2264,216,9.54,"monfrague",3,1
"MedSclF",34504,4233,12.27,"monfrague",3,1
"MedScrub",121317,12594,10.38,"monfrague",3,1
"Reforestation",22719,824,3.63,"monfrague",3,1
"RipF",1179,245,20.78,"monfrague",3,1
"RockScreeVeg",16028,2120,13.23,"monfrague",3,1
"SMedMarF",6002,467,7.78,"monfrague",3,1
"Shrub",13653,1584,11.6,"monfrague",3,1
"WaterSurf",15572,22,0.14,"monfrague",3,1
"ArtSurf",2849,27,0.95,"monfrague",3,2
"Crop",1332,17,1.28,"monfrague",3,2
"Dehesa",17271,924,5.35,"monfrague",3,2
"Grass",5942,334,5.62,"monfrague",3,2
"HydroRipVeg",2264,198,8.75,"monfrague",3,2
"MedSclF",34504,580,1.68,"monfrague",3,2
"MedScrub",121317,781,0.64,"monfrague",3,2
"Reforestation",22719,76,0.33,"monfrague",3,2
"RipF",1179,19,1.61,"monfrague",3,2
"RockScreeVeg",16028,280,1.75,"monfrague",3,2
"SMedMarF",6002,31,0.52,"monfrague",3,2
"Shrub",13653,40,0.29,"monfrague",3,2
"WaterSurf",15572,6,0.04,"monfrague",3,2
"ArtSurf",2849,315,11.06,"monfrague",3,3
"Crop",1332,57,4.28,"monfrague",3,3
"Dehesa",17271,4173,24.16,"monfrague",3,3
"Grass",5942,1382,23.26,"monfrague",3,3
"HydroRipVeg",2264,218,9.63,"monfrague",3,3
"MedSclF",34504,5109,14.81,"monfrague",3,3
"MedScrub",121317,13813,11.39,"monfrague",3,3
"Reforestation",22719,2376,10.46,"monfrague",3,3
"RipF",1179,70,5.94,"monfrague",3,3
"RockScreeVeg",16028,3278,20.45,"monfrague",3,3
"SMedMarF",6002,866,14.43,"monfrague",3,3
"Shrub",13653,1214,8.89,"monfrague",3,3
"WaterSurf",15572,77,0.49,"monfrague",3,3
"ArtSurf",2849,594,20.85,"monfrague",3,4
"Crop",1332,243,18.24,"monfrague",3,4
"Dehesa",17271,11740,67.98,"monfrague",3,4
"Grass",5942,4608,77.55,"monfrague",3,4
"HydroRipVeg",2264,948,41.87,"monfrague",3,4
"MedSclF",34504,8489,24.6,"monfrague",3,4
"MedScrub",121317,25459,20.99,"monfrague",3,4
"Reforestation",22719,2132,9.38,"monfrague",3,4
"RipF",1179,274,23.24,"monfrague",3,4
"RockScreeVeg",16028,6744,42.08,"monfrague",3,4
"SMedMarF",6002,353,5.88,"monfrague",3,4
"Shrub",13653,1112,8.14,"monfrague",3,4
"WaterSurf",15572,761,4.89,"monfrague",3,4
"ArtSurf",2849,884,31.03,"monfrague",3,5
"Crop",1332,363,27.25,"monfrague",3,5
"Dehesa",17271,12465,72.17,"monfrague",3,5
"Grass",5942,4738,79.74,"monfrague",3,5
"HydroRipVeg",2264,680,30.04,"monfrague",3,5
"MedSclF",34504,13613,39.45,"monfrague",3,5
"MedScrub",121317,43658,35.99,"monfrague",3,5
"Reforestation",22719,2885,12.7,"monfrague",3,5
"RipF",1179,372,31.55,"monfrague",3,5
"RockScreeVeg",16028,7715,48.13,"monfrague",3,5
"SMedMarF",6002,1614,26.89,"monfrague",3,5
"Shrub",13653,2992,21.91,"monfrague",3,5
"WaterSurf",15572,351,2.25,"monfrague",3,5
"ArtSurf",2849,2152,75.54,"monfrague",3,6
"Crop",1332,578,43.39,"monfrague",3,6
"Dehesa",17271,16293,94.34,"monfrague",3,6
"Grass",5942,5580,93.91,"monfrague",3,6
"HydroRipVeg",2264,831,36.7,"monfrague",3,6
"MedSclF",34504,27879,80.8,"monfrague",3,6
"MedScrub",121317,110304,90.92,"monfrague",3,6
"Reforestation",22719,13131,57.8,"monfrague",3,6
"RipF",1179,794,67.35,"monfrague",3,6
"RockScreeVeg",16028,13473,84.06,"monfrague",3,6
"SMedMarF",6002,4515,75.22,"monfrague",3,6
"Shrub",13653,10244,75.03,"monfrague",3,6
"WaterSurf",15572,1353,8.69,"monfrague",3,6
"ArtSurf",2849,1863,65.39,"monfrague",3,7
"Crop",1332,536,40.24,"monfrague",3,7
"Dehesa",17271,12632,73.14,"monfrague",3,7
"Grass",5942,4107,69.12,"monfrague",3,7
"HydroRipVeg",2264,589,26.02,"monfrague",3,7
"MedSclF",34504,31346,90.85,"monfrague",3,7
"MedScrub",121317,106677,87.93,"monfrague",3,7
"Reforestation",22719,9799,43.13,"monfrague",3,7
"RipF",1179,884,74.98,"monfrague",3,7
"RockScreeVeg",16028,13113,81.81,"monfrague",3,7
"SMedMarF",6002,4982,83.01,"monfrague",3,7
"Shrub",13653,12198,89.34,"monfrague",3,7
"WaterSurf",15572,955,6.13,"monfrague",3,7
"ArtSurf",2849,217,7.62,"monfrague",3,8
"Crop",1332,82,6.16,"monfrague",3,8
"Dehesa",17271,2229,12.91,"monfrague",3,8
"Grass",5942,976,16.43,"monfrague",3,8
"HydroRipVeg",2264,78,3.45,"monfrague",3,8
"MedSclF",34504,3017,8.74,"monfrague",3,8
"MedScrub",121317,24152,19.91,"monfrague",3,8
"Reforestation",22719,1396,6.14,"monfrague",3,8
"RipF",1179,182,15.44,"monfrague",3,8
"RockScreeVeg",16028,4165,25.99,"monfrague",3,8
"SMedMarF",6002,104,1.73,"monfrague",3,8
"Shrub",13653,542,3.97,"monfrague",3,8
"WaterSurf",15572,826,5.3,"monfrague",3,8
"ArtSurf",2849,0,0,"monfrague",3,9
"Crop",1332,0,0,"monfrague",3,9
"Dehesa",17271,0,0,"monfrague",3,9
"Grass",5942,0,0,"monfrague",3,9
"HydroRipVeg",2264,0,0,"monfrague",3,9
"MedSclF",34504,0,0,"monfrague",3,9
"MedScrub",121317,0,0,"monfrague",3,9
"Reforestation",22719,0,0,"monfrague",3,9
"RipF",1179,0,0,"monfrague",3,9
"RockScreeVeg",16028,0,0,"monfrague",3,9
"SMedMarF",6002,0,0,"monfrague",3,9
"Shrub",13653,0,0,"monfrague",3,9
"WaterSurf",15572,0,0,"monfrague",3,9
"ArtSurf",2849,0,0,"monfrague",3,10
"Crop",1332,0,0,"monfrague",3,10
"Dehesa",17271,0,0,"monfrague",3,10
"Grass",5942,0,0,"monfrague",3,10
"HydroRipVeg",2264,0,0,"monfrague",3,10
"MedSclF",34504,0,0,"monfrague",3,10
"MedScrub",121317,0,0,"monfrague",3,10
"Reforestation",22719,0,0,"monfrague",3,10
"RipF",1179,0,0,"monfrague",3,10
"RockScreeVeg",16028,0,0,"monfrague",3,10
"SMedMarF",6002,0,0,"monfrague",3,10
"Shrub",13653,0,0,"monfrague",3,10
"WaterSurf",15572,0,0,"monfrague",3,10
"ArtSurf",2849,0,0,"monfrague",3,11
"Crop",1332,0,0,"monfrague",3,11
"Dehesa",17271,0,0,"monfrague",3,11
"Grass",5942,0,0,"monfrague",3,11
"HydroRipVeg",2264,0,0,"monfrague",3,11
"MedSclF",34504,0,0,"monfrague",3,11
"MedScrub",121317,0,0,"monfrague",3,11
"Reforestation",22719,0,0,"monfrague",3,11
"RipF",1179,0,0,"monfrague",3,11
"RockScreeVeg",16028,0,0,"monfrague",3,11
"SMedMarF",6002,0,0,"monfrague",3,11
"Shrub",13653,0,0,"monfrague",3,11
"WaterSurf",15572,0,0,"monfrague",3,11
"ArtSurf",2849,0,0,"monfrague",3,12
"Crop",1332,0,0,"monfrague",3,12
"Dehesa",17271,0,0,"monfrague",3,12
"Grass",5942,0,0,"monfrague",3,12
"HydroRipVeg",2264,0,0,"monfrague",3,12
"MedSclF",34504,0,0,"monfrague",3,12
"MedScrub",121317,0,0,"monfrague",3,12
"Reforestation",22719,0,0,"monfrague",3,12
"RipF",1179,0,0,"monfrague",3,12
"RockScreeVeg",16028,0,0,"monfrague",3,12
"SMedMarF",6002,0,0,"monfrague",3,12
"Shrub",13653,0,0,"monfrague",3,12
"WaterSurf",15572,0,0,"monfrague",3,12
"ArtSurf",2849,581,20.39,"monfrague",6,1
"Crop",1332,168,12.61,"monfrague",6,1
"Dehesa",17271,8167,47.29,"monfrague",6,1
"Grass",5942,2940,49.48,"monfrague",6,1
"HydroRipVeg",2264,250,11.04,"monfrague",6,1
"MedSclF",34504,6769,19.62,"monfrague",6,1
"MedScrub",121317,22291,18.37,"monfrague",6,1
"Reforestation",22719,1736,7.64,"monfrague",6,1
"RipF",1179,405,34.35,"monfrague",6,1
"RockScreeVeg",16028,3061,19.1,"monfrague",6,1
"SMedMarF",6002,865,14.41,"monfrague",6,1
"Shrub",13653,2636,19.31,"monfrague",6,1
"WaterSurf",15572,57,0.37,"monfrague",6,1
"ArtSurf",2849,456,16.01,"monfrague",6,2
"Crop",1332,157,11.79,"monfrague",6,2
"Dehesa",17271,9601,55.59,"monfrague",6,2
"Grass",5942,3326,55.97,"monfrague",6,2
"HydroRipVeg",2264,334,14.75,"monfrague",6,2
"MedSclF",34504,5649,16.37,"monfrague",6,2
"MedScrub",121317,15700,12.94,"monfrague",6,2
"Reforestation",22719,1849,8.14,"monfrague",6,2
"RipF",1179,324,27.48,"monfrague",6,2
"RockScreeVeg",16028,2215,13.82,"monfrague",6,2
"SMedMarF",6002,856,14.26,"monfrague",6,2
"Shrub",13653,1343,9.84,"monfrague",6,2
"WaterSurf",15572,39,0.25,"monfrague",6,2
"ArtSurf",2849,355,12.46,"monfrague",6,3
"Crop",1332,63,4.73,"monfrague",6,3
"Dehesa",17271,8089,46.84,"monfrague",6,3
"Grass",5942,2794,47.02,"monfrague",6,3
"HydroRipVeg",2264,212,9.36,"monfrague",6,3
"MedSclF",34504,5263,15.25,"monfrague",6,3
"MedScrub",121317,13001,10.72,"monfrague",6,3
"Reforestation",22719,1461,6.43,"monfrague",6,3
"RipF",1179,124,10.52,"monfrague",6,3
"RockScreeVeg",16028,2735,17.06,"monfrague",6,3
"SMedMarF",6002,252,4.2,"monfrague",6,3
"Shrub",13653,766,5.61,"monfrague",6,3
"WaterSurf",15572,60,0.39,"monfrague",6,3
"ArtSurf",2849,879,30.85,"monfrague",6,4
"Crop",1332,262,19.67,"monfrague",6,4
"Dehesa",17271,14273,82.64,"monfrague",6,4
"Grass",5942,4371,73.56,"monfrague",6,4
"HydroRipVeg",2264,798,35.25,"monfrague",6,4
"MedSclF",34504,15449,44.77,"monfrague",6,4
"MedScrub",121317,48396,39.89,"monfrague",6,4
"Reforestation",22719,5840,25.71,"monfrague",6,4
"RipF",1179,456,38.68,"monfrague",6,4
"RockScreeVeg",16028,8655,54,"monfrague",6,4
"SMedMarF",6002,1564,26.06,"monfrague",6,4
"Shrub",13653,3674,26.91,"monfrague",6,4
"WaterSurf",15572,684,4.39,"monfrague",6,4
"ArtSurf",2849,1198,42.05,"monfrague",6,5
"Crop",1332,353,26.5,"monfrague",6,5
"Dehesa",17271,14778,85.57,"monfrague",6,5
"Grass",5942,4401,74.07,"monfrague",6,5
"HydroRipVeg",2264,712,31.45,"monfrague",6,5
"MedSclF",34504,20480,59.36,"monfrague",6,5
"MedScrub",121317,51838,42.73,"monfrague",6,5
"Reforestation",22719,4705,20.71,"monfrague",6,5
"RipF",1179,453,38.42,"monfrague",6,5
"RockScreeVeg",16028,9220,57.52,"monfrague",6,5
"SMedMarF",6002,3261,54.33,"monfrague",6,5
"Shrub",13653,6129,44.89,"monfrague",6,5
"WaterSurf",15572,879,5.64,"monfrague",6,5
"ArtSurf",2849,1104,38.75,"monfrague",6,6
"Crop",1332,319,23.95,"monfrague",6,6
"Dehesa",17271,9084,52.6,"monfrague",6,6
"Grass",5942,2553,42.97,"monfrague",6,6
"HydroRipVeg",2264,864,38.16,"monfrague",6,6
"MedSclF",34504,23518,68.16,"monfrague",6,6
"MedScrub",121317,69532,57.31,"monfrague",6,6
"Reforestation",22719,8309,36.57,"monfrague",6,6
"RipF",1179,418,35.45,"monfrague",6,6
"RockScreeVeg",16028,7860,49.04,"monfrague",6,6
"SMedMarF",6002,4303,71.69,"monfrague",6,6
"Shrub",13653,9236,67.65,"monfrague",6,6
"WaterSurf",15572,879,5.64,"monfrague",6,6
"ArtSurf",2849,1586,55.67,"monfrague",6,7
"Crop",1332,402,30.18,"monfrague",6,7
"Dehesa",17271,13604,78.77,"monfrague",6,7
"Grass",5942,3842,64.66,"monfrague",6,7
"HydroRipVeg",2264,785,34.67,"monfrague",6,7
"MedSclF",34504,29745,86.21,"monfrague",6,7
"MedScrub",121317,94142,77.6,"monfrague",6,7
"Reforestation",22719,10734,47.25,"monfrague",6,7
"RipF",1179,739,62.68,"monfrague",6,7
"RockScreeVeg",16028,12112,75.57,"monfrague",6,7
"SMedMarF",6002,5031,83.82,"monfrague",6,7
"Shrub",13653,11602,84.98,"monfrague",6,7
"WaterSurf",15572,979,6.29,"monfrague",6,7
"ArtSurf",2849,1682,59.04,"monfrague",6,8
"Crop",1332,407,30.56,"monfrague",6,8
"Dehesa",17271,13459,77.93,"monfrague",6,8
"Grass",5942,4313,72.58,"monfrague",6,8
"HydroRipVeg",2264,802,35.42,"monfrague",6,8
"MedSclF",34504,24105,69.86,"monfrague",6,8
"MedScrub",121317,94935,78.25,"monfrague",6,8
"Reforestation",22719,10958,48.23,"monfrague",6,8
"RipF",1179,659,55.89,"monfrague",6,8
"RockScreeVeg",16028,10730,66.95,"monfrague",6,8
"SMedMarF",6002,4327,72.09,"monfrague",6,8
"Shrub",13653,10019,73.38,"monfrague",6,8
"WaterSurf",15572,2765,17.76,"monfrague",6,8
"ArtSurf",2849,0,0,"monfrague",6,9
"Crop",1332,0,0,"monfrague",6,9
"Dehesa",17271,0,0,"monfrague",6,9
"Grass",5942,0,0,"monfrague",6,9
"HydroRipVeg",2264,0,0,"monfrague",6,9
"MedSclF",34504,0,0,"monfrague",6,9
"MedScrub",121317,0,0,"monfrague",6,9
"Reforestation",22719,0,0,"monfrague",6,9
"RipF",1179,0,0,"monfrague",6,9
"RockScreeVeg",16028,0,0,"monfrague",6,9
"SMedMarF",6002,0,0,"monfrague",6,9
"Shrub",13653,0,0,"monfrague",6,9
"WaterSurf",15572,0,0,"monfrague",6,9
"ArtSurf",2849,0,0,"monfrague",6,10
"Crop",1332,0,0,"monfrague",6,10
"Dehesa",17271,0,0,"monfrague",6,10
"Grass",5942,0,0,"monfrague",6,10
"HydroRipVeg",2264,0,0,"monfrague",6,10
"MedSclF",34504,0,0,"monfrague",6,10
"MedScrub",121317,0,0,"monfrague",6,10
"Reforestation",22719,0,0,"monfrague",6,10
"RipF",1179,0,0,"monfrague",6,10
"RockScreeVeg",16028,0,0,"monfrague",6,10
"SMedMarF",6002,0,0,"monfrague",6,10
"Shrub",13653,0,0,"monfrague",6,10
"WaterSurf",15572,0,0,"monfrague",6,10
"ArtSurf",2849,0,0,"monfrague",6,11
"Crop",1332,0,0,"monfrague",6,11
"Dehesa",17271,0,0,"monfrague",6,11
"Grass",5942,0,0,"monfrague",6,11
"HydroRipVeg",2264,0,0,"monfrague",6,11
"MedSclF",34504,0,0,"monfrague",6,11
"MedScrub",121317,0,0,"monfrague",6,11
"Reforestation",22719,0,0,"monfrague",6,11
"RipF",1179,0,0,"monfrague",6,11
"RockScreeVeg",16028,0,0,"monfrague",6,11
"SMedMarF",6002,0,0,"monfrague",6,11
"Shrub",13653,0,0,"monfrague",6,11
"WaterSurf",15572,0,0,"monfrague",6,11
"ArtSurf",2849,0,0,"monfrague",6,12
"Crop",1332,0,0,"monfrague",6,12
"Dehesa",17271,0,0,"monfrague",6,12
"Grass",5942,0,0,"monfrague",6,12
"HydroRipVeg",2264,0,0,"monfrague",6,12
"MedSclF",34504,0,0,"monfrague",6,12
"MedScrub",121317,0,0,"monfrague",6,12
"Reforestation",22719,0,0,"monfrague",6,12
"RipF",1179,0,0,"monfrague",6,12
"RockScreeVeg",16028,0,0,"monfrague",6,12
"SMedMarF",6002,0,0,"monfrague",6,12
"Shrub",13653,0,0,"monfrague",6,12
"WaterSurf",15572,0,0,"monfrague",6,12
"ArtSurf",2849,70,2.46,"monfrague",9,1
"Crop",1332,17,1.28,"monfrague",9,1
"Dehesa",17271,1593,9.22,"monfrague",9,1
"Grass",5942,446,7.51,"monfrague",9,1
"HydroRipVeg",2264,32,1.41,"monfrague",9,1
"MedSclF",34504,681,1.97,"monfrague",9,1
"MedScrub",121317,2333,1.92,"monfrague",9,1
"Reforestation",22719,251,1.1,"monfrague",9,1
"RipF",1179,64,5.43,"monfrague",9,1
"RockScreeVeg",16028,363,2.26,"monfrague",9,1
"SMedMarF",6002,76,1.27,"monfrague",9,1
"Shrub",13653,299,2.19,"monfrague",9,1
"WaterSurf",15572,6,0.04,"monfrague",9,1
"ArtSurf",2849,561,19.69,"monfrague",9,2
"Crop",1332,177,13.29,"monfrague",9,2
"Dehesa",17271,10188,58.99,"monfrague",9,2
"Grass",5942,3414,57.46,"monfrague",9,2
"HydroRipVeg",2264,311,13.74,"monfrague",9,2
"MedSclF",34504,6933,20.09,"monfrague",9,2
"MedScrub",121317,20172,16.63,"monfrague",9,2
"Reforestation",22719,2994,13.18,"monfrague",9,2
"RipF",1179,387,32.82,"monfrague",9,2
"RockScreeVeg",16028,2689,16.78,"monfrague",9,2
"SMedMarF",6002,1242,20.69,"monfrague",9,2
"Shrub",13653,1974,14.46,"monfrague",9,2
"WaterSurf",15572,47,0.3,"monfrague",9,2
"ArtSurf",2849,234,8.21,"monfrague",9,3
"Crop",1332,33,2.48,"monfrague",9,3
"Dehesa",17271,6335,36.68,"monfrague",9,3
"Grass",5942,2265,38.12,"monfrague",9,3
"HydroRipVeg",2264,173,7.64,"monfrague",9,3
"MedSclF",34504,3269,9.47,"monfrague",9,3
"MedScrub",121317,8283,6.83,"monfrague",9,3
"Reforestation",22719,982,4.32,"monfrague",9,3
"RipF",1179,86,7.29,"monfrague",9,3
"RockScreeVeg",16028,1888,11.78,"monfrague",9,3
"SMedMarF",6002,119,1.98,"monfrague",9,3
"Shrub",13653,365,2.67,"monfrague",9,3
"WaterSurf",15572,37,0.24,"monfrague",9,3
"ArtSurf",2849,864,30.33,"monfrague",9,4
"Crop",1332,259,19.44,"monfrague",9,4
"Dehesa",17271,14461,83.73,"monfrague",9,4
"Grass",5942,4604,77.48,"monfrague",9,4
"HydroRipVeg",2264,854,37.72,"monfrague",9,4
"MedSclF",34504,15961,46.26,"monfrague",9,4
"MedScrub",121317,45330,37.36,"monfrague",9,4
"Reforestation",22719,4912,21.62,"monfrague",9,4
"RipF",1179,517,43.85,"monfrague",9,4
"RockScreeVeg",16028,8901,55.53,"monfrague",9,4
"SMedMarF",6002,1687,28.11,"monfrague",9,4
"Shrub",13653,3650,26.73,"monfrague",9,4
"WaterSurf",15572,701,4.5,"monfrague",9,4
"ArtSurf",2849,1454,51.04,"monfrague",9,5
"Crop",1332,358,26.88,"monfrague",9,5
"Dehesa",17271,15801,91.49,"monfrague",9,5
"Grass",5942,4632,77.95,"monfrague",9,5
"HydroRipVeg",2264,675,29.81,"monfrague",9,5
"MedSclF",34504,24547,71.14,"monfrague",9,5
"MedScrub",121317,67014,55.24,"monfrague",9,5
"Reforestation",22719,5813,25.59,"monfrague",9,5
"RipF",1179,476,40.37,"monfrague",9,5
"RockScreeVeg",16028,11208,69.93,"monfrague",9,5
"SMedMarF",6002,3567,59.43,"monfrague",9,5
"Shrub",13653,7808,57.19,"monfrague",9,5
"WaterSurf",15572,1078,6.92,"monfrague",9,5
"ArtSurf",2849,1913,67.15,"monfrague",9,6
"Crop",1332,407,30.56,"monfrague",9,6
"Dehesa",17271,14390,83.32,"monfrague",9,6
"Grass",5942,3931,66.16,"monfrague",9,6
"HydroRipVeg",2264,884,39.05,"monfrague",9,6
"MedSclF",34504,31032,89.94,"monfrague",9,6
"MedScrub",121317,96701,79.71,"monfrague",9,6
"Reforestation",22719,13033,57.37,"monfrague",9,6
"RipF",1179,746,63.27,"monfrague",9,6
"RockScreeVeg",16028,12059,75.24,"monfrague",9,6
"SMedMarF",6002,5538,92.27,"monfrague",9,6
"Shrub",13653,12263,89.82,"monfrague",9,6
"WaterSurf",15572,1760,11.3,"monfrague",9,6
"ArtSurf",2849,2070,72.66,"monfrague",9,7
"Crop",1332,460,34.53,"monfrague",9,7
"Dehesa",17271,14715,85.2,"monfrague",9,7
"Grass",5942,3933,66.19,"monfrague",9,7
"HydroRipVeg",2264,658,29.06,"monfrague",9,7
"MedSclF",34504,31593,91.56,"monfrague",9,7
"MedScrub",121317,101711,83.84,"monfrague",9,7
"Reforestation",22719,15256,67.15,"monfrague",9,7
"RipF",1179,843,71.5,"monfrague",9,7
"RockScreeVeg",16028,12259,76.48,"monfrague",9,7
"SMedMarF",6002,5542,92.34,"monfrague",9,7
"Shrub",13653,12464,91.29,"monfrague",9,7
"WaterSurf",15572,928,5.96,"monfrague",9,7
"ArtSurf",2849,1640,57.56,"monfrague",9,8
"Crop",1332,355,26.65,"monfrague",9,8
"Dehesa",17271,12733,73.72,"monfrague",9,8
"Grass",5942,3463,58.28,"monfrague",9,8
"HydroRipVeg",2264,952,42.05,"monfrague",9,8
"MedSclF",34504,27660,80.16,"monfrague",9,8
"MedScrub",121317,89164,73.5,"monfrague",9,8
"Reforestation",22719,9719,42.78,"monfrague",9,8
"RipF",1179,580,49.19,"monfrague",9,8
"RockScreeVeg",16028,11366,70.91,"monfrague",9,8
"SMedMarF",6002,4330,72.14,"monfrague",9,8
"Shrub",13653,9799,71.77,"monfrague",9,8
"WaterSurf",15572,2241,14.39,"monfrague",9,8
"ArtSurf",2849,2022,70.97,"monfrague",9,9
"Crop",1332,427,32.06,"monfrague",9,9
"Dehesa",17271,11880,68.79,"monfrague",9,9
"Grass",5942,2902,48.84,"monfrague",9,9
"HydroRipVeg",2264,674,29.77,"monfrague",9,9
"MedSclF",34504,31017,89.89,"monfrague",9,9
"MedScrub",121317,97553,80.41,"monfrague",9,9
"Reforestation",22719,16227,71.42,"monfrague",9,9
"RipF",1179,750,63.61,"monfrague",9,9
"RockScreeVeg",16028,12623,78.76,"monfrague",9,9
"SMedMarF",6002,5772,96.17,"monfrague",9,9
"Shrub",13653,12709,93.09,"monfrague",9,9
"WaterSurf",15572,1227,7.88,"monfrague",9,9
"ArtSurf",2849,1382,48.51,"monfrague",9,10
"Crop",1332,341,25.6,"monfrague",9,10
"Dehesa",17271,7896,45.72,"monfrague",9,10
"Grass",5942,3162,53.21,"monfrague",9,10
"HydroRipVeg",2264,481,21.25,"monfrague",9,10
"MedSclF",34504,22568,65.41,"monfrague",9,10
"MedScrub",121317,74305,61.25,"monfrague",9,10
"Reforestation",22719,9955,43.82,"monfrague",9,10
"RipF",1179,467,39.61,"monfrague",9,10
"RockScreeVeg",16028,8212,51.24,"monfrague",9,10
"SMedMarF",6002,4683,78.02,"monfrague",9,10
"Shrub",13653,9537,69.85,"monfrague",9,10
"WaterSurf",15572,1372,8.81,"monfrague",9,10
"ArtSurf",2849,0,0,"monfrague",9,11
"Crop",1332,0,0,"monfrague",9,11
"Dehesa",17271,0,0,"monfrague",9,11
"Grass",5942,0,0,"monfrague",9,11
"HydroRipVeg",2264,0,0,"monfrague",9,11
"MedSclF",34504,0,0,"monfrague",9,11
"MedScrub",121317,0,0,"monfrague",9,11
"Reforestation",22719,0,0,"monfrague",9,11
"RipF",1179,0,0,"monfrague",9,11
"RockScreeVeg",16028,0,0,"monfrague",9,11
"SMedMarF",6002,0,0,"monfrague",9,11
"Shrub",13653,0,0,"monfrague",9,11
"WaterSurf",15572,0,0,"monfrague",9,11
"ArtSurf",2849,0,0,"monfrague",9,12
"Crop",1332,0,0,"monfrague",9,12
"Dehesa",17271,0,0,"monfrague",9,12
"Grass",5942,0,0,"monfrague",9,12
"HydroRipVeg",2264,0,0,"monfrague",9,12
"MedSclF",34504,0,0,"monfrague",9,12
"MedScrub",121317,1,0,"monfrague",9,12
"Reforestation",22719,0,0,"monfrague",9,12
"RipF",1179,0,0,"monfrague",9,12
"RockScreeVeg",16028,0,0,"monfrague",9,12
"SMedMarF",6002,0,0,"monfrague",9,12
"Shrub",13653,0,0,"monfrague",9,12
"WaterSurf",15572,0,0,"monfrague",9,12
"ArtSurf",2849,370,12.99,"monfrague",12,1
"Crop",1332,46,3.45,"monfrague",12,1
"Dehesa",17271,3650,21.13,"monfrague",12,1
"Grass",5942,851,14.32,"monfrague",12,1
"HydroRipVeg",2264,77,3.4,"monfrague",12,1
"MedSclF",34504,7165,20.77,"monfrague",12,1
"MedScrub",121317,14244,11.74,"monfrague",12,1
"Reforestation",22719,2079,9.15,"monfrague",12,1
"RipF",1179,207,17.56,"monfrague",12,1
"RockScreeVeg",16028,1948,12.15,"monfrague",12,1
"SMedMarF",6002,1082,18.03,"monfrague",12,1
"Shrub",13653,2244,16.44,"monfrague",12,1
"WaterSurf",15572,28,0.18,"monfrague",12,1
"ArtSurf",2849,1297,45.52,"monfrague",12,2
"Crop",1332,280,21.02,"monfrague",12,2
"Dehesa",17271,13177,76.3,"monfrague",12,2
"Grass",5942,3784,63.68,"monfrague",12,2
"HydroRipVeg",2264,417,18.42,"monfrague",12,2
"MedSclF",34504,18286,53,"monfrague",12,2
"MedScrub",121317,51826,42.72,"monfrague",12,2
"Reforestation",22719,8402,36.98,"monfrague",12,2
"RipF",1179,682,57.85,"monfrague",12,2
"RockScreeVeg",16028,6668,41.6,"monfrague",12,2
"SMedMarF",6002,4260,70.98,"monfrague",12,2
"Shrub",13653,6989,51.19,"monfrague",12,2
"WaterSurf",15572,123,0.79,"monfrague",12,2
"ArtSurf",2849,252,8.85,"monfrague",12,3
"Crop",1332,59,4.43,"monfrague",12,3
"Dehesa",17271,6103,35.34,"monfrague",12,3
"Grass",5942,2017,33.94,"monfrague",12,3
"HydroRipVeg",2264,147,6.49,"monfrague",12,3
"MedSclF",34504,4042,11.71,"monfrague",12,3
"MedScrub",121317,10702,8.82,"monfrague",12,3
"Reforestation",22719,1780,7.83,"monfrague",12,3
"RipF",1179,126,10.69,"monfrague",12,3
"RockScreeVeg",16028,2438,15.21,"monfrague",12,3
"SMedMarF",6002,367,6.11,"monfrague",12,3
"Shrub",13653,695,5.09,"monfrague",12,3
"WaterSurf",15572,50,0.32,"monfrague",12,3
"ArtSurf",2849,652,22.89,"monfrague",12,4
"Crop",1332,185,13.89,"monfrague",12,4
"Dehesa",17271,11683,67.65,"monfrague",12,4
"Grass",5942,3439,57.88,"monfrague",12,4
"HydroRipVeg",2264,630,27.83,"monfrague",12,4
"MedSclF",34504,11862,34.38,"monfrague",12,4
"MedScrub",121317,34586,28.51,"monfrague",12,4
"Reforestation",22719,4586,20.19,"monfrague",12,4
"RipF",1179,371,31.47,"monfrague",12,4
"RockScreeVeg",16028,7028,43.85,"monfrague",12,4
"SMedMarF",6002,1279,21.31,"monfrague",12,4
"Shrub",13653,2464,18.05,"monfrague",12,4
"WaterSurf",15572,477,3.06,"monfrague",12,4
"ArtSurf",2849,1668,58.55,"monfrague",12,5
"Crop",1332,412,30.93,"monfrague",12,5
"Dehesa",17271,16223,93.93,"monfrague",12,5
"Grass",5942,5053,85.04,"monfrague",12,5
"HydroRipVeg",2264,677,29.9,"monfrague",12,5
"MedSclF",34504,25992,75.33,"monfrague",12,5
"MedScrub",121317,79288,65.36,"monfrague",12,5
"Reforestation",22719,7334,32.28,"monfrague",12,5
"RipF",1179,542,45.97,"monfrague",12,5
"RockScreeVeg",16028,12186,76.03,"monfrague",12,5
"SMedMarF",6002,3848,64.11,"monfrague",12,5
"Shrub",13653,8473,62.06,"monfrague",12,5
"WaterSurf",15572,1183,7.6,"monfrague",12,5
"ArtSurf",2849,2038,71.53,"monfrague",12,6
"Crop",1332,403,30.26,"monfrague",12,6
"Dehesa",17271,14990,86.79,"monfrague",12,6
"Grass",5942,4267,71.81,"monfrague",12,6
"HydroRipVeg",2264,925,40.86,"monfrague",12,6
"MedSclF",34504,31701,91.88,"monfrague",12,6
"MedScrub",121317,100311,82.69,"monfrague",12,6
"Reforestation",22719,13808,60.78,"monfrague",12,6
"RipF",1179,768,65.14,"monfrague",12,6
"RockScreeVeg",16028,13073,81.56,"monfrague",12,6
"SMedMarF",6002,5618,93.6,"monfrague",12,6
"Shrub",13653,12545,91.88,"monfrague",12,6
"WaterSurf",15572,1884,12.1,"monfrague",12,6
"ArtSurf",2849,2102,73.78,"monfrague",12,7
"Crop",1332,436,32.73,"monfrague",12,7
"Dehesa",17271,15000,86.85,"monfrague",12,7
"Grass",5942,3963,66.69,"monfrague",12,7
"HydroRipVeg",2264,732,32.33,"monfrague",12,7
"MedSclF",34504,32381,93.85,"monfrague",12,7
"MedScrub",121317,103122,85,"monfrague",12,7
"Reforestation",22719,14833,65.29,"monfrague",12,7
"RipF",1179,888,75.32,"monfrague",12,7
"RockScreeVeg",16028,13011,81.18,"monfrague",12,7
"SMedMarF",6002,5705,95.05,"monfrague",12,7
"Shrub",13653,12876,94.31,"monfrague",12,7
"WaterSurf",15572,1045,6.71,"monfrague",12,7
"ArtSurf",2849,1566,54.97,"monfrague",12,8
"Crop",1332,332,24.92,"monfrague",12,8
"Dehesa",17271,11853,68.63,"monfrague",12,8
"Grass",5942,3175,53.43,"monfrague",12,8
"HydroRipVeg",2264,733,32.38,"monfrague",12,8
"MedSclF",34504,27680,80.22,"monfrague",12,8
"MedScrub",121317,83065,68.47,"monfrague",12,8
"Reforestation",22719,8016,35.28,"monfrague",12,8
"RipF",1179,466,39.53,"monfrague",12,8
"RockScreeVeg",16028,10464,65.29,"monfrague",12,8
"SMedMarF",6002,4435,73.89,"monfrague",12,8
"Shrub",13653,9462,69.3,"monfrague",12,8
"WaterSurf",15572,1415,9.09,"monfrague",12,8
"ArtSurf",2849,1346,47.24,"monfrague",12,9
"Crop",1332,305,22.9,"monfrague",12,9
"Dehesa",17271,8083,46.8,"monfrague",12,9
"Grass",5942,1790,30.12,"monfrague",12,9
"HydroRipVeg",2264,490,21.64,"monfrague",12,9
"MedSclF",34504,27375,79.34,"monfrague",12,9
"MedScrub",121317,74735,61.6,"monfrague",12,9
"Reforestation",22719,9186,40.43,"monfrague",12,9
"RipF",1179,389,32.99,"monfrague",12,9
"RockScreeVeg",16028,8191,51.1,"monfrague",12,9
"SMedMarF",6002,5158,85.94,"monfrague",12,9
"Shrub",13653,10815,79.21,"monfrague",12,9
"WaterSurf",15572,1100,7.06,"monfrague",12,9
"ArtSurf",2849,1475,51.77,"monfrague",12,10
"Crop",1332,333,25,"monfrague",12,10
"Dehesa",17271,8920,51.65,"monfrague",12,10
"Grass",5942,3004,50.56,"monfrague",12,10
"HydroRipVeg",2264,382,16.87,"monfrague",12,10
"MedSclF",34504,24690,71.56,"monfrague",12,10
"MedScrub",121317,76559,63.11,"monfrague",12,10
"Reforestation",22719,10486,46.16,"monfrague",12,10
"RipF",1179,468,39.69,"monfrague",12,10
"RockScreeVeg",16028,7979,49.78,"monfrague",12,10
"SMedMarF",6002,4264,71.04,"monfrague",12,10
"Shrub",13653,9364,68.59,"monfrague",12,10
"WaterSurf",15572,1288,8.27,"monfrague",12,10
"ArtSurf",2849,381,13.37,"monfrague",12,11
"Crop",1332,74,5.56,"monfrague",12,11
"Dehesa",17271,1772,10.26,"monfrague",12,11
"Grass",5942,492,8.28,"monfrague",12,11
"HydroRipVeg",2264,47,2.08,"monfrague",12,11
"MedSclF",34504,5556,16.1,"monfrague",12,11
"MedScrub",121317,23706,19.54,"monfrague",12,11
"Reforestation",22719,3534,15.56,"monfrague",12,11
"RipF",1179,148,12.55,"monfrague",12,11
"RockScreeVeg",16028,2113,13.18,"monfrague",12,11
"SMedMarF",6002,1563,26.04,"monfrague",12,11
"Shrub",13653,3231,23.67,"monfrague",12,11
"WaterSurf",15572,415,2.67,"monfrague",12,11
"ArtSurf",2849,0,0,"monfrague",12,12
"Crop",1332,0,0,"monfrague",12,12
"Dehesa",17271,0,0,"monfrague",12,12
"Grass",5942,0,0,"monfrague",12,12
"HydroRipVeg",2264,0,0,"monfrague",12,12
"MedSclF",34504,0,0,"monfrague",12,12
"MedScrub",121317,0,0,"monfrague",12,12
"Reforestation",22719,0,0,"monfrague",12,12
"RipF",1179,0,0,"monfrague",12,12
"RockScreeVeg",16028,0,0,"monfrague",12,12
"SMedMarF",6002,0,0,"monfrague",12,12
"Shrub",13653,0,0,"monfrague",12,12
"WaterSurf",15572,0,0,"monfrague",12,12
"AlpConF",27586,0,0,"ordesa",1,1
"AlpScrGr",100261,0,0,"ordesa",1,1
"ArtSurf",26,0,0,"ordesa",1,1
"BareArea",3,0,0,"ordesa",1,1
"Grass",21109,0,0,"ordesa",1,1
"HydroRipVeg",204,0,0,"ordesa",1,1
"MedSclF",4221,0,0,"ordesa",1,1
"RipF",860,0,0,"ordesa",1,1
"RockScreeVeg",8836,0,0,"ordesa",1,1
"SMedMarF",1656,0,0,"ordesa",1,1
"Shrub",7570,0,0,"ordesa",1,1
"TempDecF",20036,0,0,"ordesa",1,1
"WaterSurf",20,0,0,"ordesa",1,1
"AlpConF",27603,0,0,"ordesa",1,2
"AlpScrGr",102251,489,0.48,"ordesa",1,2
"ArtSurf",26,0,0,"ordesa",1,2
"BareArea",203,0,0,"ordesa",1,2
"Grass",21113,23,0.11,"ordesa",1,2
"HydroRipVeg",214,2,0.93,"ordesa",1,2
"MedSclF",4236,11,0.26,"ordesa",1,2
"RipF",860,0,0,"ordesa",1,2
"RockScreeVeg",13046,166,1.27,"ordesa",1,2
"SMedMarF",1671,0,0,"ordesa",1,2
"Shrub",7575,5,0.07,"ordesa",1,2
"TempDecF",20084,6,0.03,"ordesa",1,2
"WaterSurf",68,0,0,"ordesa",1,2
"AlpConF",27618,1,0,"ordesa",1,3
"AlpScrGr",101805,5,0,"ordesa",1,3
"ArtSurf",26,0,0,"ordesa",1,3
"BareArea",493,0,0,"ordesa",1,3
"Grass",21113,0,0,"ordesa",1,3
"HydroRipVeg",207,0,0,"ordesa",1,3
"MedSclF",4251,0,0,"ordesa",1,3
"RipF",860,1,0.12,"ordesa",1,3
"RockScreeVeg",11546,23,0.2,"ordesa",1,3
"SMedMarF",1671,0,0,"ordesa",1,3
"Shrub",7598,0,0,"ordesa",1,3
"TempDecF",20202,2,0.01,"ordesa",1,3
"WaterSurf",32,0,0,"ordesa",1,3
"AlpConF",27612,0,0,"ordesa",1,4
"AlpScrGr",99996,0,0,"ordesa",1,4
"ArtSurf",26,0,0,"ordesa",1,4
"Grass",21111,0,0,"ordesa",1,4
"HydroRipVeg",204,0,0,"ordesa",1,4
"MedSclF",4251,0,0,"ordesa",1,4
"RipF",860,0,0,"ordesa",1,4
"RockScreeVeg",8573,0,0,"ordesa",1,4
"SMedMarF",1671,0,0,"ordesa",1,4
"Shrub",7601,0,0,"ordesa",1,4
"TempDecF",20198,0,0,"ordesa",1,4
"WaterSurf",20,0,0,"ordesa",1,4
"AlpConF",28066,0,0,"ordesa",1,5
"AlpScrGr",98680,0,0,"ordesa",1,5
"ArtSurf",26,0,0,"ordesa",1,5
"Grass",21108,0,0,"ordesa",1,5
"HydroRipVeg",154,0,0,"ordesa",1,5
"MedSclF",4268,0,0,"ordesa",1,5
"RipF",865,0,0,"ordesa",1,5
"RockScreeVeg",8425,0,0,"ordesa",1,5
"SMedMarF",1749,0,0,"ordesa",1,5
"Shrub",7687,0,0,"ordesa",1,5
"TempDecF",20584,0,0,"ordesa",1,5
"WaterSurf",20,0,0,"ordesa",1,5
"AlpConF",28021,0,0,"ordesa",1,6
"AlpScrGr",100050,0,0,"ordesa",1,6
"ArtSurf",26,0,0,"ordesa",1,6
"Grass",21113,0,0,"ordesa",1,6
"HydroRipVeg",204,0,0,"ordesa",1,6
"MedSclF",4300,0,0,"ordesa",1,6
"RipF",866,0,0,"ordesa",1,6
"RockScreeVeg",8576,0,0,"ordesa",1,6
"SMedMarF",1746,0,0,"ordesa",1,6
"Shrub",7723,0,0,"ordesa",1,6
"TempDecF",20580,0,0,"ordesa",1,6
"WaterSurf",20,0,0,"ordesa",1,6
"AlpConF",28948,0,0,"ordesa",1,7
"AlpScrGr",104262,0,0,"ordesa",1,7
"ArtSurf",26,0,0,"ordesa",1,7
"Grass",21154,0,0,"ordesa",1,7
"HydroRipVeg",233,0,0,"ordesa",1,7
"MedSclF",4301,0,0,"ordesa",1,7
"RipF",874,0,0,"ordesa",1,7
"RockScreeVeg",9863,0,0,"ordesa",1,7
"SMedMarF",1812,0,0,"ordesa",1,7
"Shrub",7815,0,0,"ordesa",1,7
"TempDecF",21294,0,0,"ordesa",1,7
"WaterSurf",20,0,0,"ordesa",1,7
"AlpConF",28937,0,0,"ordesa",1,8
"AlpScrGr",104944,0,0,"ordesa",1,8
"ArtSurf",26,0,0,"ordesa",1,8
"Grass",21154,0,0,"ordesa",1,8
"HydroRipVeg",263,0,0,"ordesa",1,8
"MedSclF",4300,0,0,"ordesa",1,8
"RipF",874,0,0,"ordesa",1,8
"RockScreeVeg",11345,0,0,"ordesa",1,8
"SMedMarF",1810,0,0,"ordesa",1,8
"Shrub",7807,0,0,"ordesa",1,8
"TempDecF",21266,0,0,"ordesa",1,8
"WaterSurf",115,0,0,"ordesa",1,8
"AlpConF",28538,0,0,"ordesa",1,9
"AlpScrGr",105456,0,0,"ordesa",1,9
"ArtSurf",26,0,0,"ordesa",1,9
"Grass",21154,0,0,"ordesa",1,9
"HydroRipVeg",269,0,0,"ordesa",1,9
"MedSclF",4283,0,0,"ordesa",1,9
"RipF",870,0,0,"ordesa",1,9
"RockScreeVeg",11379,0,0,"ordesa",1,9
"SMedMarF",1757,0,0,"ordesa",1,9
"Shrub",7719,0,0,"ordesa",1,9
"TempDecF",20868,0,0,"ordesa",1,9
"WaterSurf",89,0,0,"ordesa",1,9
"AlpConF",27643,0,0,"ordesa",1,10
"AlpScrGr",100960,0,0,"ordesa",1,10
"ArtSurf",26,0,0,"ordesa",1,10
"Grass",21116,0,0,"ordesa",1,10
"HydroRipVeg",204,0,0,"ordesa",1,10
"MedSclF",4251,0,0,"ordesa",1,10
"RipF",860,0,0,"ordesa",1,10
"RockScreeVeg",8803,0,0,"ordesa",1,10
"SMedMarF",1672,0,0,"ordesa",1,10
"Shrub",7599,0,0,"ordesa",1,10
"TempDecF",20208,0,0,"ordesa",1,10
"WaterSurf",20,0,0,"ordesa",1,10
"AlpConF",27604,0,0,"ordesa",1,11
"AlpScrGr",100100,0,0,"ordesa",1,11
"ArtSurf",26,0,0,"ordesa",1,11
"BareArea",2,0,0,"ordesa",1,11
"Grass",21102,0,0,"ordesa",1,11
"HydroRipVeg",204,0,0,"ordesa",1,11
"MedSclF",4249,0,0,"ordesa",1,11
"RipF",860,0,0,"ordesa",1,11
"RockScreeVeg",8649,0,0,"ordesa",1,11
"SMedMarF",1645,0,0,"ordesa",1,11
"Shrub",7577,0,0,"ordesa",1,11
"TempDecF",20167,0,0,"ordesa",1,11
"WaterSurf",20,0,0,"ordesa",1,11
"AlpConF",27351,0,0,"ordesa",1,12
"AlpScrGr",99970,0,0,"ordesa",1,12
"ArtSurf",26,0,0,"ordesa",1,12
"Grass",21101,0,0,"ordesa",1,12
"HydroRipVeg",204,0,0,"ordesa",1,12
"MedSclF",4190,0,0,"ordesa",1,12
"RipF",854,0,0,"ordesa",1,12
"RockScreeVeg",8568,0,0,"ordesa",1,12
"SMedMarF",1625,0,0,"ordesa",1,12
"Shrub",7507,0,0,"ordesa",1,12
"TempDecF",19766,0,0,"ordesa",1,12
"WaterSurf",20,0,0,"ordesa",1,12
"AlpConF",27586,0,0,"ordesa",3,1
"AlpScrGr",100261,0,0,"ordesa",3,1
"ArtSurf",26,0,0,"ordesa",3,1
"BareArea",3,0,0,"ordesa",3,1
"Grass",21109,0,0,"ordesa",3,1
"HydroRipVeg",204,0,0,"ordesa",3,1
"MedSclF",4221,0,0,"ordesa",3,1
"RipF",860,0,0,"ordesa",3,1
"RockScreeVeg",8836,0,0,"ordesa",3,1
"SMedMarF",1656,0,0,"ordesa",3,1
"Shrub",7570,0,0,"ordesa",3,1
"TempDecF",20036,0,0,"ordesa",3,1
"WaterSurf",20,0,0,"ordesa",3,1
"AlpConF",27603,0,0,"ordesa",3,2
"AlpScrGr",102251,0,0,"ordesa",3,2
"ArtSurf",26,0,0,"ordesa",3,2
"BareArea",203,0,0,"ordesa",3,2
"Grass",21113,0,0,"ordesa",3,2
"HydroRipVeg",214,0,0,"ordesa",3,2
"MedSclF",4236,0,0,"ordesa",3,2
"RipF",860,0,0,"ordesa",3,2
"RockScreeVeg",13046,0,0,"ordesa",3,2
"SMedMarF",1671,0,0,"ordesa",3,2
"Shrub",7575,0,0,"ordesa",3,2
"TempDecF",20084,0,0,"ordesa",3,2
"WaterSurf",68,0,0,"ordesa",3,2
"AlpConF",27618,141,0.51,"ordesa",3,3
"AlpScrGr",101805,695,0.68,"ordesa",3,3
"ArtSurf",26,0,0,"ordesa",3,3
"BareArea",493,0,0,"ordesa",3,3
"Grass",21113,42,0.2,"ordesa",3,3
"HydroRipVeg",207,0,0,"ordesa",3,3
"MedSclF",4251,53,1.25,"ordesa",3,3
"RipF",860,0,0,"ordesa",3,3
"RockScreeVeg",11546,200,1.73,"ordesa",3,3
"SMedMarF",1671,19,1.14,"ordesa",3,3
"Shrub",7598,61,0.8,"ordesa",3,3
"TempDecF",20202,86,0.43,"ordesa",3,3
"WaterSurf",32,0,0,"ordesa",3,3
"AlpConF",27612,10,0.04,"ordesa",3,4
"AlpScrGr",99996,1,0,"ordesa",3,4
"ArtSurf",26,0,0,"ordesa",3,4
"Grass",21111,0,0,"ordesa",3,4
"HydroRipVeg",204,0,0,"ordesa",3,4
"MedSclF",4251,2,0.05,"ordesa",3,4
"RipF",860,0,0,"ordesa",3,4
"RockScreeVeg",8573,0,0,"ordesa",3,4
"SMedMarF",1671,0,0,"ordesa",3,4
"Shrub",7601,0,0,"ordesa",3,4
"TempDecF",20198,17,0.08,"ordesa",3,4
"WaterSurf",20,0,0,"ordesa",3,4
"AlpConF",28066,19,0.07,"ordesa",3,5
"AlpScrGr",98680,9,0.01,"ordesa",3,5
"ArtSurf",26,0,0,"ordesa",3,5
"Grass",21108,1,0,"ordesa",3,5
"HydroRipVeg",154,0,0,"ordesa",3,5
"MedSclF",4268,2,0.05,"ordesa",3,5
"RipF",865,0,0,"ordesa",3,5
"RockScreeVeg",8425,5,0.06,"ordesa",3,5
"SMedMarF",1749,4,0.23,"ordesa",3,5
"Shrub",7687,7,0.09,"ordesa",3,5
"TempDecF",20584,5,0.02,"ordesa",3,5
"WaterSurf",20,1,5,"ordesa",3,5
"AlpConF",28021,0,0,"ordesa",3,6
"AlpScrGr",100050,0,0,"ordesa",3,6
"ArtSurf",26,0,0,"ordesa",3,6
"Grass",21113,0,0,"ordesa",3,6
"HydroRipVeg",204,0,0,"ordesa",3,6
"MedSclF",4300,0,0,"ordesa",3,6
"RipF",866,0,0,"ordesa",3,6
"RockScreeVeg",8576,0,0,"ordesa",3,6
"SMedMarF",1746,0,0,"ordesa",3,6
"Shrub",7723,0,0,"ordesa",3,6
"TempDecF",20580,0,0,"ordesa",3,6
"WaterSurf",20,0,0,"ordesa",3,6
"AlpConF",28948,0,0,"ordesa",3,7
"AlpScrGr",104262,0,0,"ordesa",3,7
"ArtSurf",26,0,0,"ordesa",3,7
"Grass",21154,0,0,"ordesa",3,7
"HydroRipVeg",233,0,0,"ordesa",3,7
"MedSclF",4301,0,0,"ordesa",3,7
"RipF",874,0,0,"ordesa",3,7
"RockScreeVeg",9863,0,0,"ordesa",3,7
"SMedMarF",1812,0,0,"ordesa",3,7
"Shrub",7815,0,0,"ordesa",3,7
"TempDecF",21294,0,0,"ordesa",3,7
"WaterSurf",20,0,0,"ordesa",3,7
"AlpConF",28937,2892,9.99,"ordesa",3,8
"AlpScrGr",104944,35454,33.78,"ordesa",3,8
"ArtSurf",26,3,11.54,"ordesa",3,8
"Grass",21154,13684,64.69,"ordesa",3,8
"HydroRipVeg",263,2,0.76,"ordesa",3,8
"MedSclF",4300,458,10.65,"ordesa",3,8
"RipF",874,28,3.2,"ordesa",3,8
"RockScreeVeg",11345,729,6.43,"ordesa",3,8
"SMedMarF",1810,216,11.93,"ordesa",3,8
"Shrub",7807,2525,32.34,"ordesa",3,8
"TempDecF",21266,1397,6.57,"ordesa",3,8
"WaterSurf",115,0,0,"ordesa",3,8
"AlpConF",28538,0,0,"ordesa",3,9
"AlpScrGr",105456,0,0,"ordesa",3,9
"ArtSurf",26,0,0,"ordesa",3,9
"Grass",21154,0,0,"ordesa",3,9
"HydroRipVeg",269,0,0,"ordesa",3,9
"MedSclF",4283,0,0,"ordesa",3,9
"RipF",870,0,0,"ordesa",3,9
"RockScreeVeg",11379,0,0,"ordesa",3,9
"SMedMarF",1757,0,0,"ordesa",3,9
"Shrub",7719,0,0,"ordesa",3,9
"TempDecF",20868,0,0,"ordesa",3,9
"WaterSurf",89,0,0,"ordesa",3,9
"AlpConF",27643,0,0,"ordesa",3,10
"AlpScrGr",100960,0,0,"ordesa",3,10
"ArtSurf",26,0,0,"ordesa",3,10
"Grass",21116,0,0,"ordesa",3,10
"HydroRipVeg",204,0,0,"ordesa",3,10
"MedSclF",4251,0,0,"ordesa",3,10
"RipF",860,0,0,"ordesa",3,10
"RockScreeVeg",8803,0,0,"ordesa",3,10
"SMedMarF",1672,0,0,"ordesa",3,10
"Shrub",7599,0,0,"ordesa",3,10
"TempDecF",20208,0,0,"ordesa",3,10
"WaterSurf",20,0,0,"ordesa",3,10
"AlpConF",27604,0,0,"ordesa",3,11
"AlpScrGr",100100,0,0,"ordesa",3,11
"ArtSurf",26,0,0,"ordesa",3,11
"BareArea",2,0,0,"ordesa",3,11
"Grass",21102,0,0,"ordesa",3,11
"HydroRipVeg",204,0,0,"ordesa",3,11
"MedSclF",4249,0,0,"ordesa",3,11
"RipF",860,0,0,"ordesa",3,11
"RockScreeVeg",8649,0,0,"ordesa",3,11
"SMedMarF",1645,0,0,"ordesa",3,11
"Shrub",7577,0,0,"ordesa",3,11
"TempDecF",20167,0,0,"ordesa",3,11
"WaterSurf",20,0,0,"ordesa",3,11
"AlpConF",27351,0,0,"ordesa",3,12
"AlpScrGr",99970,0,0,"ordesa",3,12
"ArtSurf",26,0,0,"ordesa",3,12
"Grass",21101,0,0,"ordesa",3,12
"HydroRipVeg",204,0,0,"ordesa",3,12
"MedSclF",4190,0,0,"ordesa",3,12
"RipF",854,0,0,"ordesa",3,12
"RockScreeVeg",8568,0,0,"ordesa",3,12
"SMedMarF",1625,0,0,"ordesa",3,12
"Shrub",7507,0,0,"ordesa",3,12
"TempDecF",19766,0,0,"ordesa",3,12
"WaterSurf",20,0,0,"ordesa",3,12
"AlpConF",27586,0,0,"ordesa",6,1
"AlpScrGr",100261,0,0,"ordesa",6,1
"ArtSurf",26,0,0,"ordesa",6,1
"BareArea",3,0,0,"ordesa",6,1
"Grass",21109,0,0,"ordesa",6,1
"HydroRipVeg",204,0,0,"ordesa",6,1
"MedSclF",4221,0,0,"ordesa",6,1
"RipF",860,0,0,"ordesa",6,1
"RockScreeVeg",8836,0,0,"ordesa",6,1
"SMedMarF",1656,0,0,"ordesa",6,1
"Shrub",7570,0,0,"ordesa",6,1
"TempDecF",20036,0,0,"ordesa",6,1
"WaterSurf",20,0,0,"ordesa",6,1
"AlpConF",27603,0,0,"ordesa",6,2
"AlpScrGr",102251,0,0,"ordesa",6,2
"ArtSurf",26,0,0,"ordesa",6,2
"BareArea",203,0,0,"ordesa",6,2
"Grass",21113,0,0,"ordesa",6,2
"HydroRipVeg",214,0,0,"ordesa",6,2
"MedSclF",4236,0,0,"ordesa",6,2
"RipF",860,0,0,"ordesa",6,2
"RockScreeVeg",13046,0,0,"ordesa",6,2
"SMedMarF",1671,0,0,"ordesa",6,2
"Shrub",7575,0,0,"ordesa",6,2
"TempDecF",20084,0,0,"ordesa",6,2
"WaterSurf",68,0,0,"ordesa",6,2
"AlpConF",27618,10,0.04,"ordesa",6,3
"AlpScrGr",101805,28,0.03,"ordesa",6,3
"ArtSurf",26,0,0,"ordesa",6,3
"BareArea",493,0,0,"ordesa",6,3
"Grass",21113,2,0.01,"ordesa",6,3
"HydroRipVeg",207,0,0,"ordesa",6,3
"MedSclF",4251,0,0,"ordesa",6,3
"RipF",860,0,0,"ordesa",6,3
"RockScreeVeg",11546,9,0.08,"ordesa",6,3
"SMedMarF",1671,0,0,"ordesa",6,3
"Shrub",7598,3,0.04,"ordesa",6,3
"TempDecF",20202,2,0.01,"ordesa",6,3
"WaterSurf",32,0,0,"ordesa",6,3
"AlpConF",27612,0,0,"ordesa",6,4
"AlpScrGr",99996,0,0,"ordesa",6,4
"ArtSurf",26,0,0,"ordesa",6,4
"Grass",21111,0,0,"ordesa",6,4
"HydroRipVeg",204,0,0,"ordesa",6,4
"MedSclF",4251,0,0,"ordesa",6,4
"RipF",860,0,0,"ordesa",6,4
"RockScreeVeg",8573,0,0,"ordesa",6,4
"SMedMarF",1671,0,0,"ordesa",6,4
"Shrub",7601,0,0,"ordesa",6,4
"TempDecF",20198,0,0,"ordesa",6,4
"WaterSurf",20,0,0,"ordesa",6,4
"AlpConF",28066,0,0,"ordesa",6,5
"AlpScrGr",98680,0,0,"ordesa",6,5
"ArtSurf",26,0,0,"ordesa",6,5
"Grass",21108,0,0,"ordesa",6,5
"HydroRipVeg",154,0,0,"ordesa",6,5
"MedSclF",4268,1,0.02,"ordesa",6,5
"RipF",865,0,0,"ordesa",6,5
"RockScreeVeg",8425,0,0,"ordesa",6,5
"SMedMarF",1749,0,0,"ordesa",6,5
"Shrub",7687,0,0,"ordesa",6,5
"TempDecF",20584,2,0.01,"ordesa",6,5
"WaterSurf",20,0,0,"ordesa",6,5
"AlpConF",28021,4,0.01,"ordesa",6,6
"AlpScrGr",100050,54,0.05,"ordesa",6,6
"ArtSurf",26,0,0,"ordesa",6,6
"Grass",21113,80,0.38,"ordesa",6,6
"HydroRipVeg",204,0,0,"ordesa",6,6
"MedSclF",4300,0,0,"ordesa",6,6
"RipF",866,0,0,"ordesa",6,6
"RockScreeVeg",8576,15,0.17,"ordesa",6,6
"SMedMarF",1746,0,0,"ordesa",6,6
"Shrub",7723,34,0.44,"ordesa",6,6
"TempDecF",20580,4,0.02,"ordesa",6,6
"WaterSurf",20,0,0,"ordesa",6,6
"AlpConF",28948,9,0.03,"ordesa",6,7
"AlpScrGr",104262,21,0.02,"ordesa",6,7
"ArtSurf",26,0,0,"ordesa",6,7
"Grass",21154,21,0.1,"ordesa",6,7
"HydroRipVeg",233,0,0,"ordesa",6,7
"MedSclF",4301,0,0,"ordesa",6,7
"RipF",874,0,0,"ordesa",6,7
"RockScreeVeg",9863,0,0,"ordesa",6,7
"SMedMarF",1812,0,0,"ordesa",6,7
"Shrub",7815,4,0.05,"ordesa",6,7
"TempDecF",21294,3,0.01,"ordesa",6,7
"WaterSurf",20,0,0,"ordesa",6,7
"AlpConF",28937,0,0,"ordesa",6,8
"AlpScrGr",104944,0,0,"ordesa",6,8
"ArtSurf",26,0,0,"ordesa",6,8
"Grass",21154,0,0,"ordesa",6,8
"HydroRipVeg",263,0,0,"ordesa",6,8
"MedSclF",4300,0,0,"ordesa",6,8
"RipF",874,0,0,"ordesa",6,8
"RockScreeVeg",11345,0,0,"ordesa",6,8
"SMedMarF",1810,0,0,"ordesa",6,8
"Shrub",7807,0,0,"ordesa",6,8
"TempDecF",21266,0,0,"ordesa",6,8
"WaterSurf",115,0,0,"ordesa",6,8
"AlpConF",28538,0,0,"ordesa",6,9
"AlpScrGr",105456,0,0,"ordesa",6,9
"ArtSurf",26,0,0,"ordesa",6,9
"Grass",21154,0,0,"ordesa",6,9
"HydroRipVeg",269,0,0,"ordesa",6,9
"MedSclF",4283,0,0,"ordesa",6,9
"RipF",870,0,0,"ordesa",6,9
"RockScreeVeg",11379,0,0,"ordesa",6,9
"SMedMarF",1757,0,0,"ordesa",6,9
"Shrub",7719,0,0,"ordesa",6,9
"TempDecF",20868,0,0,"ordesa",6,9
"WaterSurf",89,0,0,"ordesa",6,9
"AlpConF",27643,0,0,"ordesa",6,10
"AlpScrGr",100960,0,0,"ordesa",6,10
"ArtSurf",26,0,0,"ordesa",6,10
"Grass",21116,0,0,"ordesa",6,10
"HydroRipVeg",204,0,0,"ordesa",6,10
"MedSclF",4251,0,0,"ordesa",6,10
"RipF",860,0,0,"ordesa",6,10
"RockScreeVeg",8803,0,0,"ordesa",6,10
"SMedMarF",1672,0,0,"ordesa",6,10
"Shrub",7599,0,0,"ordesa",6,10
"TempDecF",20208,0,0,"ordesa",6,10
"WaterSurf",20,0,0,"ordesa",6,10
"AlpConF",27604,0,0,"ordesa",6,11
"AlpScrGr",100100,0,0,"ordesa",6,11
"ArtSurf",26,0,0,"ordesa",6,11
"BareArea",2,0,0,"ordesa",6,11
"Grass",21102,0,0,"ordesa",6,11
"HydroRipVeg",204,0,0,"ordesa",6,11
"MedSclF",4249,0,0,"ordesa",6,11
"RipF",860,0,0,"ordesa",6,11
"RockScreeVeg",8649,0,0,"ordesa",6,11
"SMedMarF",1645,0,0,"ordesa",6,11
"Shrub",7577,0,0,"ordesa",6,11
"TempDecF",20167,0,0,"ordesa",6,11
"WaterSurf",20,0,0,"ordesa",6,11
"AlpConF",27351,0,0,"ordesa",6,12
"AlpScrGr",99970,0,0,"ordesa",6,12
"ArtSurf",26,0,0,"ordesa",6,12
"Grass",21101,0,0,"ordesa",6,12
"HydroRipVeg",204,0,0,"ordesa",6,12
"MedSclF",4190,0,0,"ordesa",6,12
"RipF",854,0,0,"ordesa",6,12
"RockScreeVeg",8568,0,0,"ordesa",6,12
"SMedMarF",1625,0,0,"ordesa",6,12
"Shrub",7507,0,0,"ordesa",6,12
"TempDecF",19766,0,0,"ordesa",6,12
"WaterSurf",20,0,0,"ordesa",6,12
"AlpConF",27586,0,0,"ordesa",9,1
"AlpScrGr",100261,0,0,"ordesa",9,1
"ArtSurf",26,0,0,"ordesa",9,1
"BareArea",3,0,0,"ordesa",9,1
"Grass",21109,0,0,"ordesa",9,1
"HydroRipVeg",204,0,0,"ordesa",9,1
"MedSclF",4221,0,0,"ordesa",9,1
"RipF",860,0,0,"ordesa",9,1
"RockScreeVeg",8836,0,0,"ordesa",9,1
"SMedMarF",1656,0,0,"ordesa",9,1
"Shrub",7570,0,0,"ordesa",9,1
"TempDecF",20036,0,0,"ordesa",9,1
"WaterSurf",20,0,0,"ordesa",9,1
"AlpConF",27603,0,0,"ordesa",9,2
"AlpScrGr",102251,0,0,"ordesa",9,2
"ArtSurf",26,0,0,"ordesa",9,2
"BareArea",203,0,0,"ordesa",9,2
"Grass",21113,0,0,"ordesa",9,2
"HydroRipVeg",214,0,0,"ordesa",9,2
"MedSclF",4236,0,0,"ordesa",9,2
"RipF",860,0,0,"ordesa",9,2
"RockScreeVeg",13046,0,0,"ordesa",9,2
"SMedMarF",1671,0,0,"ordesa",9,2
"Shrub",7575,0,0,"ordesa",9,2
"TempDecF",20084,0,0,"ordesa",9,2
"WaterSurf",68,0,0,"ordesa",9,2
"AlpConF",27618,1,0,"ordesa",9,3
"AlpScrGr",101805,0,0,"ordesa",9,3
"ArtSurf",26,0,0,"ordesa",9,3
"BareArea",493,0,0,"ordesa",9,3
"Grass",21113,1,0,"ordesa",9,3
"HydroRipVeg",207,0,0,"ordesa",9,3
"MedSclF",4251,0,0,"ordesa",9,3
"RipF",860,0,0,"ordesa",9,3
"RockScreeVeg",11546,0,0,"ordesa",9,3
"SMedMarF",1671,0,0,"ordesa",9,3
"Shrub",7598,0,0,"ordesa",9,3
"TempDecF",20202,0,0,"ordesa",9,3
"WaterSurf",32,0,0,"ordesa",9,3
"AlpConF",27612,0,0,"ordesa",9,4
"AlpScrGr",99996,0,0,"ordesa",9,4
"ArtSurf",26,0,0,"ordesa",9,4
"Grass",21111,0,0,"ordesa",9,4
"HydroRipVeg",204,0,0,"ordesa",9,4
"MedSclF",4251,0,0,"ordesa",9,4
"RipF",860,0,0,"ordesa",9,4
"RockScreeVeg",8573,0,0,"ordesa",9,4
"SMedMarF",1671,0,0,"ordesa",9,4
"Shrub",7601,0,0,"ordesa",9,4
"TempDecF",20198,0,0,"ordesa",9,4
"WaterSurf",20,0,0,"ordesa",9,4
"AlpConF",28066,0,0,"ordesa",9,5
"AlpScrGr",98680,0,0,"ordesa",9,5
"ArtSurf",26,0,0,"ordesa",9,5
"Grass",21108,0,0,"ordesa",9,5
"HydroRipVeg",154,0,0,"ordesa",9,5
"MedSclF",4268,0,0,"ordesa",9,5
"RipF",865,0,0,"ordesa",9,5
"RockScreeVeg",8425,0,0,"ordesa",9,5
"SMedMarF",1749,0,0,"ordesa",9,5
"Shrub",7687,0,0,"ordesa",9,5
"TempDecF",20584,0,0,"ordesa",9,5
"WaterSurf",20,0,0,"ordesa",9,5
"AlpConF",28021,0,0,"ordesa",9,6
"AlpScrGr",100050,1,0,"ordesa",9,6
"ArtSurf",26,0,0,"ordesa",9,6
"Grass",21113,2,0.01,"ordesa",9,6
"HydroRipVeg",204,0,0,"ordesa",9,6
"MedSclF",4300,0,0,"ordesa",9,6
"RipF",866,0,0,"ordesa",9,6
"RockScreeVeg",8576,0,0,"ordesa",9,6
"SMedMarF",1746,0,0,"ordesa",9,6
"Shrub",7723,1,0.01,"ordesa",9,6
"TempDecF",20580,0,0,"ordesa",9,6
"WaterSurf",20,0,0,"ordesa",9,6
"AlpConF",28948,14,0.05,"ordesa",9,7
"AlpScrGr",104262,10,0.01,"ordesa",9,7
"ArtSurf",26,0,0,"ordesa",9,7
"Grass",21154,1,0,"ordesa",9,7
"HydroRipVeg",233,0,0,"ordesa",9,7
"MedSclF",4301,1,0.02,"ordesa",9,7
"RipF",874,0,0,"ordesa",9,7
"RockScreeVeg",9863,0,0,"ordesa",9,7
"SMedMarF",1812,0,0,"ordesa",9,7
"Shrub",7815,1,0.01,"ordesa",9,7
"TempDecF",21294,0,0,"ordesa",9,7
"WaterSurf",20,0,0,"ordesa",9,7
"AlpConF",28937,11563,39.96,"ordesa",9,8
"AlpScrGr",104944,53054,50.55,"ordesa",9,8
"ArtSurf",26,22,84.62,"ordesa",9,8
"Grass",21154,17265,81.62,"ordesa",9,8
"HydroRipVeg",263,115,43.73,"ordesa",9,8
"MedSclF",4300,1172,27.26,"ordesa",9,8
"RipF",874,224,25.63,"ordesa",9,8
"RockScreeVeg",11345,1539,13.57,"ordesa",9,8
"SMedMarF",1810,1039,57.4,"ordesa",9,8
"Shrub",7807,3792,48.57,"ordesa",9,8
"TempDecF",21266,5783,27.19,"ordesa",9,8
"WaterSurf",115,0,0,"ordesa",9,8
"AlpConF",28538,1184,4.15,"ordesa",9,9
"AlpScrGr",105456,4963,4.71,"ordesa",9,9
"ArtSurf",26,0,0,"ordesa",9,9
"Grass",21154,1112,5.26,"ordesa",9,9
"HydroRipVeg",269,37,13.75,"ordesa",9,9
"MedSclF",4283,64,1.49,"ordesa",9,9
"RipF",870,17,1.95,"ordesa",9,9
"RockScreeVeg",11379,188,1.65,"ordesa",9,9
"SMedMarF",1757,66,3.76,"ordesa",9,9
"Shrub",7719,278,3.6,"ordesa",9,9
"TempDecF",20868,619,2.97,"ordesa",9,9
"WaterSurf",89,0,0,"ordesa",9,9
"AlpConF",27643,0,0,"ordesa",9,10
"AlpScrGr",100960,0,0,"ordesa",9,10
"ArtSurf",26,0,0,"ordesa",9,10
"Grass",21116,0,0,"ordesa",9,10
"HydroRipVeg",204,0,0,"ordesa",9,10
"MedSclF",4251,0,0,"ordesa",9,10
"RipF",860,0,0,"ordesa",9,10
"RockScreeVeg",8803,0,0,"ordesa",9,10
"SMedMarF",1672,0,0,"ordesa",9,10
"Shrub",7599,0,0,"ordesa",9,10
"TempDecF",20208,0,0,"ordesa",9,10
"WaterSurf",20,0,0,"ordesa",9,10
"AlpConF",27604,0,0,"ordesa",9,11
"AlpScrGr",100100,0,0,"ordesa",9,11
"ArtSurf",26,0,0,"ordesa",9,11
"BareArea",2,0,0,"ordesa",9,11
"Grass",21102,0,0,"ordesa",9,11
"HydroRipVeg",204,0,0,"ordesa",9,11
"MedSclF",4249,0,0,"ordesa",9,11
"RipF",860,0,0,"ordesa",9,11
"RockScreeVeg",8649,0,0,"ordesa",9,11
"SMedMarF",1645,0,0,"ordesa",9,11
"Shrub",7577,0,0,"ordesa",9,11
"TempDecF",20167,0,0,"ordesa",9,11
"WaterSurf",20,0,0,"ordesa",9,11
"AlpConF",27351,0,0,"ordesa",9,12
"AlpScrGr",99970,0,0,"ordesa",9,12
"ArtSurf",26,0,0,"ordesa",9,12
"Grass",21101,0,0,"ordesa",9,12
"HydroRipVeg",204,0,0,"ordesa",9,12
"MedSclF",4190,0,0,"ordesa",9,12
"RipF",854,0,0,"ordesa",9,12
"RockScreeVeg",8568,0,0,"ordesa",9,12
"SMedMarF",1625,0,0,"ordesa",9,12
"Shrub",7507,0,0,"ordesa",9,12
"TempDecF",19766,0,0,"ordesa",9,12
"WaterSurf",20,0,0,"ordesa",9,12
"AlpConF",27586,0,0,"ordesa",12,1
"AlpScrGr",100261,0,0,"ordesa",12,1
"ArtSurf",26,0,0,"ordesa",12,1
"BareArea",3,0,0,"ordesa",12,1
"Grass",21109,0,0,"ordesa",12,1
"HydroRipVeg",204,0,0,"ordesa",12,1
"MedSclF",4221,0,0,"ordesa",12,1
"RipF",860,0,0,"ordesa",12,1
"RockScreeVeg",8836,0,0,"ordesa",12,1
"SMedMarF",1656,0,0,"ordesa",12,1
"Shrub",7570,0,0,"ordesa",12,1
"TempDecF",20036,0,0,"ordesa",12,1
"WaterSurf",20,0,0,"ordesa",12,1
"AlpConF",27603,0,0,"ordesa",12,2
"AlpScrGr",102251,0,0,"ordesa",12,2
"ArtSurf",26,0,0,"ordesa",12,2
"BareArea",203,0,0,"ordesa",12,2
"Grass",21113,0,0,"ordesa",12,2
"HydroRipVeg",214,0,0,"ordesa",12,2
"MedSclF",4236,0,0,"ordesa",12,2
"RipF",860,0,0,"ordesa",12,2
"RockScreeVeg",13046,0,0,"ordesa",12,2
"SMedMarF",1671,0,0,"ordesa",12,2
"Shrub",7575,0,0,"ordesa",12,2
"TempDecF",20084,0,0,"ordesa",12,2
"WaterSurf",68,0,0,"ordesa",12,2
"AlpConF",27618,52,0.19,"ordesa",12,3
"AlpScrGr",101805,56,0.06,"ordesa",12,3
"ArtSurf",26,0,0,"ordesa",12,3
"BareArea",493,0,0,"ordesa",12,3
"Grass",21113,7,0.03,"ordesa",12,3
"HydroRipVeg",207,0,0,"ordesa",12,3
"MedSclF",4251,2,0.05,"ordesa",12,3
"RipF",860,0,0,"ordesa",12,3
"RockScreeVeg",11546,6,0.05,"ordesa",12,3
"SMedMarF",1671,1,0.06,"ordesa",12,3
"Shrub",7598,16,0.21,"ordesa",12,3
"TempDecF",20202,38,0.19,"ordesa",12,3
"WaterSurf",32,0,0,"ordesa",12,3
"AlpConF",27612,0,0,"ordesa",12,4
"AlpScrGr",99996,0,0,"ordesa",12,4
"ArtSurf",26,0,0,"ordesa",12,4
"Grass",21111,0,0,"ordesa",12,4
"HydroRipVeg",204,0,0,"ordesa",12,4
"MedSclF",4251,0,0,"ordesa",12,4
"RipF",860,0,0,"ordesa",12,4
"RockScreeVeg",8573,0,0,"ordesa",12,4
"SMedMarF",1671,0,0,"ordesa",12,4
"Shrub",7601,0,0,"ordesa",12,4
"TempDecF",20198,0,0,"ordesa",12,4
"WaterSurf",20,0,0,"ordesa",12,4
"AlpConF",28066,1,0,"ordesa",12,5
"AlpScrGr",98680,0,0,"ordesa",12,5
"ArtSurf",26,0,0,"ordesa",12,5
"Grass",21108,0,0,"ordesa",12,5
"HydroRipVeg",154,0,0,"ordesa",12,5
"MedSclF",4268,1,0.02,"ordesa",12,5
"RipF",865,0,0,"ordesa",12,5
"RockScreeVeg",8425,0,0,"ordesa",12,5
"SMedMarF",1749,0,0,"ordesa",12,5
"Shrub",7687,0,0,"ordesa",12,5
"TempDecF",20584,0,0,"ordesa",12,5
"WaterSurf",20,0,0,"ordesa",12,5
"AlpConF",28021,0,0,"ordesa",12,6
"AlpScrGr",100050,0,0,"ordesa",12,6
"ArtSurf",26,0,0,"ordesa",12,6
"Grass",21113,0,0,"ordesa",12,6
"HydroRipVeg",204,0,0,"ordesa",12,6
"MedSclF",4300,0,0,"ordesa",12,6
"RipF",866,0,0,"ordesa",12,6
"RockScreeVeg",8576,0,0,"ordesa",12,6
"SMedMarF",1746,0,0,"ordesa",12,6
"Shrub",7723,0,0,"ordesa",12,6
"TempDecF",20580,0,0,"ordesa",12,6
"WaterSurf",20,0,0,"ordesa",12,6
"AlpConF",28948,0,0,"ordesa",12,7
"AlpScrGr",104262,0,0,"ordesa",12,7
"ArtSurf",26,0,0,"ordesa",12,7
"Grass",21154,0,0,"ordesa",12,7
"HydroRipVeg",233,0,0,"ordesa",12,7
"MedSclF",4301,0,0,"ordesa",12,7
"RipF",874,0,0,"ordesa",12,7
"RockScreeVeg",9863,0,0,"ordesa",12,7
"SMedMarF",1812,0,0,"ordesa",12,7
"Shrub",7815,0,0,"ordesa",12,7
"TempDecF",21294,0,0,"ordesa",12,7
"WaterSurf",20,0,0,"ordesa",12,7
"AlpConF",28937,9946,34.37,"ordesa",12,8
"AlpScrGr",104944,51072,48.67,"ordesa",12,8
"ArtSurf",26,14,53.85,"ordesa",12,8
"Grass",21154,16179,76.48,"ordesa",12,8
"HydroRipVeg",263,151,57.41,"ordesa",12,8
"MedSclF",4300,986,22.93,"ordesa",12,8
"RipF",874,179,20.48,"ordesa",12,8
"RockScreeVeg",11345,1380,12.16,"ordesa",12,8
"SMedMarF",1810,1027,56.74,"ordesa",12,8
"Shrub",7807,3264,41.81,"ordesa",12,8
"TempDecF",21266,3687,17.34,"ordesa",12,8
"WaterSurf",115,0,0,"ordesa",12,8
"AlpConF",28538,577,2.02,"ordesa",12,9
"AlpScrGr",105456,6244,5.92,"ordesa",12,9
"ArtSurf",26,0,0,"ordesa",12,9
"Grass",21154,786,3.72,"ordesa",12,9
"HydroRipVeg",269,147,54.65,"ordesa",12,9
"MedSclF",4283,53,1.24,"ordesa",12,9
"RipF",870,8,0.92,"ordesa",12,9
"RockScreeVeg",11379,122,1.07,"ordesa",12,9
"SMedMarF",1757,22,1.25,"ordesa",12,9
"Shrub",7719,96,1.24,"ordesa",12,9
"TempDecF",20868,246,1.18,"ordesa",12,9
"WaterSurf",89,0,0,"ordesa",12,9
"AlpConF",27643,0,0,"ordesa",12,10
"AlpScrGr",100960,0,0,"ordesa",12,10
"ArtSurf",26,0,0,"ordesa",12,10
"Grass",21116,0,0,"ordesa",12,10
"HydroRipVeg",204,0,0,"ordesa",12,10
"MedSclF",4251,0,0,"ordesa",12,10
"RipF",860,0,0,"ordesa",12,10
"RockScreeVeg",8803,0,0,"ordesa",12,10
"SMedMarF",1672,0,0,"ordesa",12,10
"Shrub",7599,0,0,"ordesa",12,10
"TempDecF",20208,0,0,"ordesa",12,10
"WaterSurf",20,0,0,"ordesa",12,10
"AlpConF",27604,0,0,"ordesa",12,11
"AlpScrGr",100100,0,0,"ordesa",12,11
"ArtSurf",26,0,0,"ordesa",12,11
"BareArea",2,0,0,"ordesa",12,11
"Grass",21102,0,0,"ordesa",12,11
"HydroRipVeg",204,0,0,"ordesa",12,11
"MedSclF",4249,0,0,"ordesa",12,11
"RipF",860,0,0,"ordesa",12,11
"RockScreeVeg",8649,0,0,"ordesa",12,11
"SMedMarF",1645,0,0,"ordesa",12,11
"Shrub",7577,0,0,"ordesa",12,11
"TempDecF",20167,0,0,"ordesa",12,11
"WaterSurf",20,0,0,"ordesa",12,11
"AlpConF",27351,0,0,"ordesa",12,12
"AlpScrGr",99970,0,0,"ordesa",12,12
"ArtSurf",26,0,0,"ordesa",12,12
"Grass",21101,0,0,"ordesa",12,12
"HydroRipVeg",204,0,0,"ordesa",12,12
"MedSclF",4190,0,0,"ordesa",12,12
"RipF",854,0,0,"ordesa",12,12
"RockScreeVeg",8568,0,0,"ordesa",12,12
"SMedMarF",1625,0,0,"ordesa",12,12
"Shrub",7507,0,0,"ordesa",12,12
"TempDecF",19766,0,0,"ordesa",12,12
"WaterSurf",20,0,0,"ordesa",12,12
"AlpScrGr",483629,0,0,"picoseuropa",1,1
"ArtSurf",2496,0,0,"picoseuropa",1,1
"AtlScrub",36465,0,0,"picoseuropa",1,1
"Crop",230,0,0,"picoseuropa",1,1
"Dehesa",60,0,0,"picoseuropa",1,1
"Grass",143161,0,0,"picoseuropa",1,1
"HydroRipVeg",808,0,0,"picoseuropa",1,1
"MedSclF",4576,0,0,"picoseuropa",1,1
"MedScrub",14993,0,0,"picoseuropa",1,1
"Reforestation",1264,0,0,"picoseuropa",1,1
"RipF",952,0,0,"picoseuropa",1,1
"RockScreeVeg",1117,0,0,"picoseuropa",1,1
"SMedMarF",8457,0,0,"picoseuropa",1,1
"Shrub",1579,0,0,"picoseuropa",1,1
"TempDecF",253477,0,0,"picoseuropa",1,1
"WaterSurf",715,0,0,"picoseuropa",1,1
"AlpScrGr",487132,0,0,"picoseuropa",1,2
"ArtSurf",2509,0,0,"picoseuropa",1,2
"AtlScrub",36902,0,0,"picoseuropa",1,2
"Crop",230,0,0,"picoseuropa",1,2
"Dehesa",71,0,0,"picoseuropa",1,2
"Grass",144344,0,0,"picoseuropa",1,2
"HydroRipVeg",811,0,0,"picoseuropa",1,2
"MedSclF",5374,0,0,"picoseuropa",1,2
"MedScrub",15105,0,0,"picoseuropa",1,2
"Reforestation",1269,0,0,"picoseuropa",1,2
"RipF",953,0,0,"picoseuropa",1,2
"RockScreeVeg",1134,0,0,"picoseuropa",1,2
"SMedMarF",8552,0,0,"picoseuropa",1,2
"Shrub",1597,0,0,"picoseuropa",1,2
"TempDecF",256029,0,0,"picoseuropa",1,2
"WaterSurf",737,0,0,"picoseuropa",1,2
"AlpScrGr",487768,0,0,"picoseuropa",1,3
"ArtSurf",2510,0,0,"picoseuropa",1,3
"AtlScrub",36927,0,0,"picoseuropa",1,3
"Crop",230,0,0,"picoseuropa",1,3
"Dehesa",71,0,0,"picoseuropa",1,3
"Grass",144481,0,0,"picoseuropa",1,3
"HydroRipVeg",811,0,0,"picoseuropa",1,3
"MedSclF",5590,0,0,"picoseuropa",1,3
"MedScrub",15115,0,0,"picoseuropa",1,3
"Reforestation",1269,0,0,"picoseuropa",1,3
"RipF",953,0,0,"picoseuropa",1,3
"RockScreeVeg",1135,0,0,"picoseuropa",1,3
"SMedMarF",8558,0,0,"picoseuropa",1,3
"Shrub",1599,0,0,"picoseuropa",1,3
"TempDecF",256357,0,0,"picoseuropa",1,3
"WaterSurf",760,0,0,"picoseuropa",1,3
"AlpScrGr",487876,0,0,"picoseuropa",1,4
"ArtSurf",2511,0,0,"picoseuropa",1,4
"AtlScrub",36929,0,0,"picoseuropa",1,4
"Crop",230,0,0,"picoseuropa",1,4
"Dehesa",71,0,0,"picoseuropa",1,4
"Grass",144505,0,0,"picoseuropa",1,4
"HydroRipVeg",811,0,0,"picoseuropa",1,4
"MedSclF",5591,0,0,"picoseuropa",1,4
"MedScrub",15118,0,0,"picoseuropa",1,4
"Reforestation",1269,0,0,"picoseuropa",1,4
"RipF",953,0,0,"picoseuropa",1,4
"RockScreeVeg",1135,0,0,"picoseuropa",1,4
"SMedMarF",8558,0,0,"picoseuropa",1,4
"Shrub",1599,0,0,"picoseuropa",1,4
"TempDecF",256516,0,0,"picoseuropa",1,4
"WaterSurf",763,0,0,"picoseuropa",1,4
"AlpScrGr",487848,0,0,"picoseuropa",1,5
"ArtSurf",2511,0,0,"picoseuropa",1,5
"AtlScrub",36969,0,0,"picoseuropa",1,5
"Crop",230,0,0,"picoseuropa",1,5
"Dehesa",71,0,0,"picoseuropa",1,5
"Grass",144570,0,0,"picoseuropa",1,5
"HydroRipVeg",815,0,0,"picoseuropa",1,5
"MedSclF",5631,0,0,"picoseuropa",1,5
"MedScrub",15123,0,0,"picoseuropa",1,5
"Reforestation",1269,0,0,"picoseuropa",1,5
"RipF",953,0,0,"picoseuropa",1,5
"RockScreeVeg",1135,0,0,"picoseuropa",1,5
"SMedMarF",8558,0,0,"picoseuropa",1,5
"Shrub",1599,0,0,"picoseuropa",1,5
"TempDecF",256687,0,0,"picoseuropa",1,5
"WaterSurf",773,0,0,"picoseuropa",1,5
"AlpScrGr",487273,15,0,"picoseuropa",1,6
"ArtSurf",2511,0,0,"picoseuropa",1,6
"AtlScrub",36969,0,0,"picoseuropa",1,6
"Crop",230,0,0,"picoseuropa",1,6
"Dehesa",71,0,0,"picoseuropa",1,6
"Grass",144593,0,0,"picoseuropa",1,6
"HydroRipVeg",815,0,0,"picoseuropa",1,6
"MedSclF",5631,0,0,"picoseuropa",1,6
"MedScrub",15123,0,0,"picoseuropa",1,6
"Reforestation",1269,0,0,"picoseuropa",1,6
"RipF",953,0,0,"picoseuropa",1,6
"RockScreeVeg",1135,0,0,"picoseuropa",1,6
"SMedMarF",8558,0,0,"picoseuropa",1,6
"Shrub",1599,0,0,"picoseuropa",1,6
"TempDecF",256695,0,0,"picoseuropa",1,6
"WaterSurf",774,0,0,"picoseuropa",1,6
"AlpScrGr",497696,0,0,"picoseuropa",1,7
"ArtSurf",2619,0,0,"picoseuropa",1,7
"AtlScrub",36969,0,0,"picoseuropa",1,7
"Crop",230,0,0,"picoseuropa",1,7
"Dehesa",71,0,0,"picoseuropa",1,7
"Grass",144792,0,0,"picoseuropa",1,7
"HydroRipVeg",815,0,0,"picoseuropa",1,7
"MedSclF",5631,0,0,"picoseuropa",1,7
"MedScrub",15123,0,0,"picoseuropa",1,7
"Reforestation",1269,0,0,"picoseuropa",1,7
"RipF",953,0,0,"picoseuropa",1,7
"RockScreeVeg",1135,0,0,"picoseuropa",1,7
"SMedMarF",8558,0,0,"picoseuropa",1,7
"Shrub",1599,0,0,"picoseuropa",1,7
"TempDecF",256697,0,0,"picoseuropa",1,7
"WaterSurf",774,0,0,"picoseuropa",1,7
"AlpScrGr",504321,0,0,"picoseuropa",1,8
"ArtSurf",2548,0,0,"picoseuropa",1,8
"AtlScrub",36969,0,0,"picoseuropa",1,8
"Crop",230,0,0,"picoseuropa",1,8
"Dehesa",71,0,0,"picoseuropa",1,8
"Grass",144733,0,0,"picoseuropa",1,8
"HydroRipVeg",815,0,0,"picoseuropa",1,8
"MedSclF",5631,0,0,"picoseuropa",1,8
"MedScrub",15121,0,0,"picoseuropa",1,8
"Reforestation",1269,0,0,"picoseuropa",1,8
"RipF",953,0,0,"picoseuropa",1,8
"RockScreeVeg",1135,0,0,"picoseuropa",1,8
"SMedMarF",8558,0,0,"picoseuropa",1,8
"Shrub",1599,0,0,"picoseuropa",1,8
"TempDecF",256675,0,0,"picoseuropa",1,8
"WaterSurf",771,0,0,"picoseuropa",1,8
"AlpScrGr",522100,0,0,"picoseuropa",1,9
"ArtSurf",2727,0,0,"picoseuropa",1,9
"AtlScrub",36964,0,0,"picoseuropa",1,9
"Crop",230,0,0,"picoseuropa",1,9
"Dehesa",71,0,0,"picoseuropa",1,9
"Grass",144813,0,0,"picoseuropa",1,9
"HydroRipVeg",811,0,0,"picoseuropa",1,9
"MedSclF",5617,0,0,"picoseuropa",1,9
"MedScrub",15119,0,0,"picoseuropa",1,9
"Reforestation",1269,0,0,"picoseuropa",1,9
"RipF",953,0,0,"picoseuropa",1,9
"RockScreeVeg",1135,0,0,"picoseuropa",1,9
"SMedMarF",8558,0,0,"picoseuropa",1,9
"Shrub",1599,0,0,"picoseuropa",1,9
"TempDecF",256510,0,0,"picoseuropa",1,9
"WaterSurf",761,0,0,"picoseuropa",1,9
"AlpScrGr",503669,0,0,"picoseuropa",1,10
"ArtSurf",2512,0,0,"picoseuropa",1,10
"AtlScrub",36927,0,0,"picoseuropa",1,10
"Crop",230,0,0,"picoseuropa",1,10
"Dehesa",71,0,0,"picoseuropa",1,10
"Grass",144539,0,0,"picoseuropa",1,10
"HydroRipVeg",811,0,0,"picoseuropa",1,10
"MedSclF",5580,0,0,"picoseuropa",1,10
"MedScrub",15115,0,0,"picoseuropa",1,10
"Reforestation",1269,0,0,"picoseuropa",1,10
"RipF",953,0,0,"picoseuropa",1,10
"RockScreeVeg",1135,0,0,"picoseuropa",1,10
"SMedMarF",8558,0,0,"picoseuropa",1,10
"Shrub",1599,0,0,"picoseuropa",1,10
"TempDecF",256336,0,0,"picoseuropa",1,10
"WaterSurf",752,0,0,"picoseuropa",1,10
"AlpScrGr",486719,0,0,"picoseuropa",1,11
"ArtSurf",2510,0,0,"picoseuropa",1,11
"AtlScrub",36869,0,0,"picoseuropa",1,11
"Crop",230,0,0,"picoseuropa",1,11
"Dehesa",71,0,0,"picoseuropa",1,11
"Grass",144253,0,0,"picoseuropa",1,11
"HydroRipVeg",811,0,0,"picoseuropa",1,11
"MedSclF",5373,0,0,"picoseuropa",1,11
"MedScrub",15082,0,0,"picoseuropa",1,11
"Reforestation",1269,0,0,"picoseuropa",1,11
"RipF",953,0,0,"picoseuropa",1,11
"RockScreeVeg",1132,0,0,"picoseuropa",1,11
"SMedMarF",8555,0,0,"picoseuropa",1,11
"Shrub",1598,0,0,"picoseuropa",1,11
"TempDecF",255911,0,0,"picoseuropa",1,11
"WaterSurf",745,0,0,"picoseuropa",1,11
"AlpScrGr",482406,0,0,"picoseuropa",1,12
"ArtSurf",2498,0,0,"picoseuropa",1,12
"AtlScrub",36212,0,0,"picoseuropa",1,12
"Crop",230,0,0,"picoseuropa",1,12
"Dehesa",57,0,0,"picoseuropa",1,12
"Grass",142707,0,0,"picoseuropa",1,12
"HydroRipVeg",802,0,0,"picoseuropa",1,12
"MedSclF",4578,0,0,"picoseuropa",1,12
"MedScrub",14918,0,0,"picoseuropa",1,12
"Reforestation",1266,0,0,"picoseuropa",1,12
"RipF",953,0,0,"picoseuropa",1,12
"RockScreeVeg",1099,0,0,"picoseuropa",1,12
"SMedMarF",8419,0,0,"picoseuropa",1,12
"Shrub",1532,0,0,"picoseuropa",1,12
"TempDecF",252908,0,0,"picoseuropa",1,12
"WaterSurf",708,0,0,"picoseuropa",1,12
"AlpScrGr",483629,0,0,"picoseuropa",3,1
"ArtSurf",2496,0,0,"picoseuropa",3,1
"AtlScrub",36465,0,0,"picoseuropa",3,1
"Crop",230,0,0,"picoseuropa",3,1
"Dehesa",60,0,0,"picoseuropa",3,1
"Grass",143161,0,0,"picoseuropa",3,1
"HydroRipVeg",808,0,0,"picoseuropa",3,1
"MedSclF",4576,0,0,"picoseuropa",3,1
"MedScrub",14993,0,0,"picoseuropa",3,1
"Reforestation",1264,0,0,"picoseuropa",3,1
"RipF",952,0,0,"picoseuropa",3,1
"RockScreeVeg",1117,0,0,"picoseuropa",3,1
"SMedMarF",8457,0,0,"picoseuropa",3,1
"Shrub",1579,0,0,"picoseuropa",3,1
"TempDecF",253477,0,0,"picoseuropa",3,1
"WaterSurf",715,0,0,"picoseuropa",3,1
"AlpScrGr",487132,0,0,"picoseuropa",3,2
"ArtSurf",2509,0,0,"picoseuropa",3,2
"AtlScrub",36902,0,0,"picoseuropa",3,2
"Crop",230,0,0,"picoseuropa",3,2
"Dehesa",71,0,0,"picoseuropa",3,2
"Grass",144344,0,0,"picoseuropa",3,2
"HydroRipVeg",811,0,0,"picoseuropa",3,2
"MedSclF",5374,0,0,"picoseuropa",3,2
"MedScrub",15105,0,0,"picoseuropa",3,2
"Reforestation",1269,0,0,"picoseuropa",3,2
"RipF",953,0,0,"picoseuropa",3,2
"RockScreeVeg",1134,0,0,"picoseuropa",3,2
"SMedMarF",8552,0,0,"picoseuropa",3,2
"Shrub",1597,0,0,"picoseuropa",3,2
"TempDecF",256029,0,0,"picoseuropa",3,2
"WaterSurf",737,0,0,"picoseuropa",3,2
"AlpScrGr",487768,475,0.1,"picoseuropa",3,3
"ArtSurf",2510,2,0.08,"picoseuropa",3,3
"AtlScrub",36927,7,0.02,"picoseuropa",3,3
"Crop",230,0,0,"picoseuropa",3,3
"Dehesa",71,0,0,"picoseuropa",3,3
"Grass",144481,18,0.01,"picoseuropa",3,3
"HydroRipVeg",811,0,0,"picoseuropa",3,3
"MedSclF",5590,37,0.66,"picoseuropa",3,3
"MedScrub",15115,3,0.02,"picoseuropa",3,3
"Reforestation",1269,0,0,"picoseuropa",3,3
"RipF",953,0,0,"picoseuropa",3,3
"RockScreeVeg",1135,3,0.26,"picoseuropa",3,3
"SMedMarF",8558,5,0.06,"picoseuropa",3,3
"Shrub",1599,0,0,"picoseuropa",3,3
"TempDecF",256357,12,0,"picoseuropa",3,3
"WaterSurf",760,0,0,"picoseuropa",3,3
"AlpScrGr",487876,2467,0.51,"picoseuropa",3,4
"ArtSurf",2511,2,0.08,"picoseuropa",3,4
"AtlScrub",36929,76,0.21,"picoseuropa",3,4
"Crop",230,0,0,"picoseuropa",3,4
"Dehesa",71,0,0,"picoseuropa",3,4
"Grass",144505,141,0.1,"picoseuropa",3,4
"HydroRipVeg",811,0,0,"picoseuropa",3,4
"MedSclF",5591,288,5.15,"picoseuropa",3,4
"MedScrub",15118,86,0.57,"picoseuropa",3,4
"Reforestation",1269,7,0.55,"picoseuropa",3,4
"RipF",953,0,0,"picoseuropa",3,4
"RockScreeVeg",1135,3,0.26,"picoseuropa",3,4
"SMedMarF",8558,8,0.09,"picoseuropa",3,4
"Shrub",1599,0,0,"picoseuropa",3,4
"TempDecF",256516,49,0.02,"picoseuropa",3,4
"WaterSurf",763,0,0,"picoseuropa",3,4
"AlpScrGr",487848,0,0,"picoseuropa",3,5
"ArtSurf",2511,0,0,"picoseuropa",3,5
"AtlScrub",36969,0,0,"picoseuropa",3,5
"Crop",230,0,0,"picoseuropa",3,5
"Dehesa",71,0,0,"picoseuropa",3,5
"Grass",144570,0,0,"picoseuropa",3,5
"HydroRipVeg",815,0,0,"picoseuropa",3,5
"MedSclF",5631,0,0,"picoseuropa",3,5
"MedScrub",15123,0,0,"picoseuropa",3,5
"Reforestation",1269,0,0,"picoseuropa",3,5
"RipF",953,0,0,"picoseuropa",3,5
"RockScreeVeg",1135,0,0,"picoseuropa",3,5
"SMedMarF",8558,0,0,"picoseuropa",3,5
"Shrub",1599,0,0,"picoseuropa",3,5
"TempDecF",256687,0,0,"picoseuropa",3,5
"WaterSurf",773,0,0,"picoseuropa",3,5
"AlpScrGr",487273,0,0,"picoseuropa",3,6
"ArtSurf",2511,0,0,"picoseuropa",3,6
"AtlScrub",36969,0,0,"picoseuropa",3,6
"Crop",230,0,0,"picoseuropa",3,6
"Dehesa",71,0,0,"picoseuropa",3,6
"Grass",144593,0,0,"picoseuropa",3,6
"HydroRipVeg",815,0,0,"picoseuropa",3,6
"MedSclF",5631,0,0,"picoseuropa",3,6
"MedScrub",15123,0,0,"picoseuropa",3,6
"Reforestation",1269,0,0,"picoseuropa",3,6
"RipF",953,0,0,"picoseuropa",3,6
"RockScreeVeg",1135,0,0,"picoseuropa",3,6
"SMedMarF",8558,0,0,"picoseuropa",3,6
"Shrub",1599,0,0,"picoseuropa",3,6
"TempDecF",256695,0,0,"picoseuropa",3,6
"WaterSurf",774,0,0,"picoseuropa",3,6
"AlpScrGr",497696,56226,11.3,"picoseuropa",3,7
"ArtSurf",2619,528,20.16,"picoseuropa",3,7
"AtlScrub",36969,711,1.92,"picoseuropa",3,7
"Crop",230,62,26.96,"picoseuropa",3,7
"Dehesa",71,0,0,"picoseuropa",3,7
"Grass",144792,34610,23.9,"picoseuropa",3,7
"HydroRipVeg",815,97,11.9,"picoseuropa",3,7
"MedSclF",5631,454,8.06,"picoseuropa",3,7
"MedScrub",15123,666,4.4,"picoseuropa",3,7
"Reforestation",1269,3,0.24,"picoseuropa",3,7
"RipF",953,80,8.39,"picoseuropa",3,7
"RockScreeVeg",1135,24,2.11,"picoseuropa",3,7
"SMedMarF",8558,454,5.3,"picoseuropa",3,7
"Shrub",1599,129,8.07,"picoseuropa",3,7
"TempDecF",256697,2770,1.08,"picoseuropa",3,7
"WaterSurf",774,13,1.68,"picoseuropa",3,7
"AlpScrGr",504321,45789,9.08,"picoseuropa",3,8
"ArtSurf",2548,270,10.6,"picoseuropa",3,8
"AtlScrub",36969,886,2.4,"picoseuropa",3,8
"Crop",230,24,10.43,"picoseuropa",3,8
"Dehesa",71,0,0,"picoseuropa",3,8
"Grass",144733,26002,17.97,"picoseuropa",3,8
"HydroRipVeg",815,57,6.99,"picoseuropa",3,8
"MedSclF",5631,21,0.37,"picoseuropa",3,8
"MedScrub",15121,515,3.41,"picoseuropa",3,8
"Reforestation",1269,1,0.08,"picoseuropa",3,8
"RipF",953,15,1.57,"picoseuropa",3,8
"RockScreeVeg",1135,52,4.58,"picoseuropa",3,8
"SMedMarF",8558,119,1.39,"picoseuropa",3,8
"Shrub",1599,23,1.44,"picoseuropa",3,8
"TempDecF",256675,394,0.15,"picoseuropa",3,8
"WaterSurf",771,3,0.39,"picoseuropa",3,8
"AlpScrGr",522100,48328,9.26,"picoseuropa",3,9
"ArtSurf",2727,517,18.96,"picoseuropa",3,9
"AtlScrub",36964,2178,5.89,"picoseuropa",3,9
"Crop",230,47,20.43,"picoseuropa",3,9
"Dehesa",71,4,5.63,"picoseuropa",3,9
"Grass",144813,31158,21.52,"picoseuropa",3,9
"HydroRipVeg",811,74,9.12,"picoseuropa",3,9
"MedSclF",5617,231,4.11,"picoseuropa",3,9
"MedScrub",15119,1745,11.54,"picoseuropa",3,9
"Reforestation",1269,16,1.26,"picoseuropa",3,9
"RipF",953,38,3.99,"picoseuropa",3,9
"RockScreeVeg",1135,130,11.45,"picoseuropa",3,9
"SMedMarF",8558,215,2.51,"picoseuropa",3,9
"Shrub",1599,107,6.69,"picoseuropa",3,9
"TempDecF",256510,5024,1.96,"picoseuropa",3,9
"WaterSurf",761,9,1.18,"picoseuropa",3,9
"AlpScrGr",503669,0,0,"picoseuropa",3,10
"ArtSurf",2512,0,0,"picoseuropa",3,10
"AtlScrub",36927,0,0,"picoseuropa",3,10
"Crop",230,0,0,"picoseuropa",3,10
"Dehesa",71,0,0,"picoseuropa",3,10
"Grass",144539,0,0,"picoseuropa",3,10
"HydroRipVeg",811,0,0,"picoseuropa",3,10
"MedSclF",5580,0,0,"picoseuropa",3,10
"MedScrub",15115,0,0,"picoseuropa",3,10
"Reforestation",1269,0,0,"picoseuropa",3,10
"RipF",953,0,0,"picoseuropa",3,10
"RockScreeVeg",1135,0,0,"picoseuropa",3,10
"SMedMarF",8558,0,0,"picoseuropa",3,10
"Shrub",1599,0,0,"picoseuropa",3,10
"TempDecF",256336,0,0,"picoseuropa",3,10
"WaterSurf",752,0,0,"picoseuropa",3,10
"AlpScrGr",486719,0,0,"picoseuropa",3,11
"ArtSurf",2510,0,0,"picoseuropa",3,11
"AtlScrub",36869,0,0,"picoseuropa",3,11
"Crop",230,0,0,"picoseuropa",3,11
"Dehesa",71,0,0,"picoseuropa",3,11
"Grass",144253,0,0,"picoseuropa",3,11
"HydroRipVeg",811,0,0,"picoseuropa",3,11
"MedSclF",5373,0,0,"picoseuropa",3,11
"MedScrub",15082,0,0,"picoseuropa",3,11
"Reforestation",1269,0,0,"picoseuropa",3,11
"RipF",953,0,0,"picoseuropa",3,11
"RockScreeVeg",1132,0,0,"picoseuropa",3,11
"SMedMarF",8555,0,0,"picoseuropa",3,11
"Shrub",1598,0,0,"picoseuropa",3,11
"TempDecF",255911,0,0,"picoseuropa",3,11
"WaterSurf",745,0,0,"picoseuropa",3,11
"AlpScrGr",482406,0,0,"picoseuropa",3,12
"ArtSurf",2498,0,0,"picoseuropa",3,12
"AtlScrub",36212,0,0,"picoseuropa",3,12
"Crop",230,0,0,"picoseuropa",3,12
"Dehesa",57,0,0,"picoseuropa",3,12
"Grass",142707,0,0,"picoseuropa",3,12
"HydroRipVeg",802,0,0,"picoseuropa",3,12
"MedSclF",4578,0,0,"picoseuropa",3,12
"MedScrub",14918,0,0,"picoseuropa",3,12
"Reforestation",1266,0,0,"picoseuropa",3,12
"RipF",953,0,0,"picoseuropa",3,12
"RockScreeVeg",1099,0,0,"picoseuropa",3,12
"SMedMarF",8419,0,0,"picoseuropa",3,12
"Shrub",1532,0,0,"picoseuropa",3,12
"TempDecF",252908,0,0,"picoseuropa",3,12
"WaterSurf",708,0,0,"picoseuropa",3,12
"AlpScrGr",483629,0,0,"picoseuropa",6,1
"ArtSurf",2496,0,0,"picoseuropa",6,1
"AtlScrub",36465,0,0,"picoseuropa",6,1
"Crop",230,0,0,"picoseuropa",6,1
"Dehesa",60,0,0,"picoseuropa",6,1
"Grass",143161,0,0,"picoseuropa",6,1
"HydroRipVeg",808,0,0,"picoseuropa",6,1
"MedSclF",4576,0,0,"picoseuropa",6,1
"MedScrub",14993,0,0,"picoseuropa",6,1
"Reforestation",1264,0,0,"picoseuropa",6,1
"RipF",952,0,0,"picoseuropa",6,1
"RockScreeVeg",1117,0,0,"picoseuropa",6,1
"SMedMarF",8457,0,0,"picoseuropa",6,1
"Shrub",1579,0,0,"picoseuropa",6,1
"TempDecF",253477,0,0,"picoseuropa",6,1
"WaterSurf",715,0,0,"picoseuropa",6,1
"AlpScrGr",487132,0,0,"picoseuropa",6,2
"ArtSurf",2509,0,0,"picoseuropa",6,2
"AtlScrub",36902,0,0,"picoseuropa",6,2
"Crop",230,0,0,"picoseuropa",6,2
"Dehesa",71,0,0,"picoseuropa",6,2
"Grass",144344,0,0,"picoseuropa",6,2
"HydroRipVeg",811,0,0,"picoseuropa",6,2
"MedSclF",5374,0,0,"picoseuropa",6,2
"MedScrub",15105,0,0,"picoseuropa",6,2
"Reforestation",1269,0,0,"picoseuropa",6,2
"RipF",953,0,0,"picoseuropa",6,2
"RockScreeVeg",1134,0,0,"picoseuropa",6,2
"SMedMarF",8552,0,0,"picoseuropa",6,2
"Shrub",1597,0,0,"picoseuropa",6,2
"TempDecF",256029,0,0,"picoseuropa",6,2
"WaterSurf",737,0,0,"picoseuropa",6,2
"AlpScrGr",487768,0,0,"picoseuropa",6,3
"ArtSurf",2510,0,0,"picoseuropa",6,3
"AtlScrub",36927,0,0,"picoseuropa",6,3
"Crop",230,0,0,"picoseuropa",6,3
"Dehesa",71,0,0,"picoseuropa",6,3
"Grass",144481,0,0,"picoseuropa",6,3
"HydroRipVeg",811,0,0,"picoseuropa",6,3
"MedSclF",5590,0,0,"picoseuropa",6,3
"MedScrub",15115,0,0,"picoseuropa",6,3
"Reforestation",1269,0,0,"picoseuropa",6,3
"RipF",953,0,0,"picoseuropa",6,3
"RockScreeVeg",1135,0,0,"picoseuropa",6,3
"SMedMarF",8558,0,0,"picoseuropa",6,3
"Shrub",1599,0,0,"picoseuropa",6,3
"TempDecF",256357,0,0,"picoseuropa",6,3
"WaterSurf",760,0,0,"picoseuropa",6,3
"AlpScrGr",487876,0,0,"picoseuropa",6,4
"ArtSurf",2511,0,0,"picoseuropa",6,4
"AtlScrub",36929,0,0,"picoseuropa",6,4
"Crop",230,0,0,"picoseuropa",6,4
"Dehesa",71,0,0,"picoseuropa",6,4
"Grass",144505,0,0,"picoseuropa",6,4
"HydroRipVeg",811,0,0,"picoseuropa",6,4
"MedSclF",5591,0,0,"picoseuropa",6,4
"MedScrub",15118,0,0,"picoseuropa",6,4
"Reforestation",1269,0,0,"picoseuropa",6,4
"RipF",953,0,0,"picoseuropa",6,4
"RockScreeVeg",1135,0,0,"picoseuropa",6,4
"SMedMarF",8558,0,0,"picoseuropa",6,4
"Shrub",1599,0,0,"picoseuropa",6,4
"TempDecF",256516,0,0,"picoseuropa",6,4
"WaterSurf",763,0,0,"picoseuropa",6,4
"AlpScrGr",487848,0,0,"picoseuropa",6,5
"ArtSurf",2511,0,0,"picoseuropa",6,5
"AtlScrub",36969,0,0,"picoseuropa",6,5
"Crop",230,0,0,"picoseuropa",6,5
"Dehesa",71,0,0,"picoseuropa",6,5
"Grass",144570,0,0,"picoseuropa",6,5
"HydroRipVeg",815,0,0,"picoseuropa",6,5
"MedSclF",5631,0,0,"picoseuropa",6,5
"MedScrub",15123,0,0,"picoseuropa",6,5
"Reforestation",1269,0,0,"picoseuropa",6,5
"RipF",953,0,0,"picoseuropa",6,5
"RockScreeVeg",1135,0,0,"picoseuropa",6,5
"SMedMarF",8558,0,0,"picoseuropa",6,5
"Shrub",1599,0,0,"picoseuropa",6,5
"TempDecF",256687,0,0,"picoseuropa",6,5
"WaterSurf",773,0,0,"picoseuropa",6,5
"AlpScrGr",487273,2,0,"picoseuropa",6,6
"ArtSurf",2511,0,0,"picoseuropa",6,6
"AtlScrub",36969,0,0,"picoseuropa",6,6
"Crop",230,0,0,"picoseuropa",6,6
"Dehesa",71,0,0,"picoseuropa",6,6
"Grass",144593,0,0,"picoseuropa",6,6
"HydroRipVeg",815,0,0,"picoseuropa",6,6
"MedSclF",5631,0,0,"picoseuropa",6,6
"MedScrub",15123,0,0,"picoseuropa",6,6
"Reforestation",1269,0,0,"picoseuropa",6,6
"RipF",953,0,0,"picoseuropa",6,6
"RockScreeVeg",1135,0,0,"picoseuropa",6,6
"SMedMarF",8558,0,0,"picoseuropa",6,6
"Shrub",1599,0,0,"picoseuropa",6,6
"TempDecF",256695,0,0,"picoseuropa",6,6
"WaterSurf",774,0,0,"picoseuropa",6,6
"AlpScrGr",497696,2,0,"picoseuropa",6,7
"ArtSurf",2619,0,0,"picoseuropa",6,7
"AtlScrub",36969,0,0,"picoseuropa",6,7
"Crop",230,0,0,"picoseuropa",6,7
"Dehesa",71,0,0,"picoseuropa",6,7
"Grass",144792,0,0,"picoseuropa",6,7
"HydroRipVeg",815,0,0,"picoseuropa",6,7
"MedSclF",5631,0,0,"picoseuropa",6,7
"MedScrub",15123,0,0,"picoseuropa",6,7
"Reforestation",1269,0,0,"picoseuropa",6,7
"RipF",953,0,0,"picoseuropa",6,7
"RockScreeVeg",1135,0,0,"picoseuropa",6,7
"SMedMarF",8558,0,0,"picoseuropa",6,7
"Shrub",1599,0,0,"picoseuropa",6,7
"TempDecF",256697,0,0,"picoseuropa",6,7
"WaterSurf",774,0,0,"picoseuropa",6,7
"AlpScrGr",504321,0,0,"picoseuropa",6,8
"ArtSurf",2548,0,0,"picoseuropa",6,8
"AtlScrub",36969,0,0,"picoseuropa",6,8
"Crop",230,0,0,"picoseuropa",6,8
"Dehesa",71,0,0,"picoseuropa",6,8
"Grass",144733,0,0,"picoseuropa",6,8
"HydroRipVeg",815,0,0,"picoseuropa",6,8
"MedSclF",5631,0,0,"picoseuropa",6,8
"MedScrub",15121,0,0,"picoseuropa",6,8
"Reforestation",1269,0,0,"picoseuropa",6,8
"RipF",953,0,0,"picoseuropa",6,8
"RockScreeVeg",1135,0,0,"picoseuropa",6,8
"SMedMarF",8558,0,0,"picoseuropa",6,8
"Shrub",1599,0,0,"picoseuropa",6,8
"TempDecF",256675,0,0,"picoseuropa",6,8
"WaterSurf",771,0,0,"picoseuropa",6,8
"AlpScrGr",522100,0,0,"picoseuropa",6,9
"ArtSurf",2727,0,0,"picoseuropa",6,9
"AtlScrub",36964,0,0,"picoseuropa",6,9
"Crop",230,0,0,"picoseuropa",6,9
"Dehesa",71,0,0,"picoseuropa",6,9
"Grass",144813,0,0,"picoseuropa",6,9
"HydroRipVeg",811,0,0,"picoseuropa",6,9
"MedSclF",5617,0,0,"picoseuropa",6,9
"MedScrub",15119,0,0,"picoseuropa",6,9
"Reforestation",1269,0,0,"picoseuropa",6,9
"RipF",953,0,0,"picoseuropa",6,9
"RockScreeVeg",1135,0,0,"picoseuropa",6,9
"SMedMarF",8558,0,0,"picoseuropa",6,9
"Shrub",1599,0,0,"picoseuropa",6,9
"TempDecF",256510,0,0,"picoseuropa",6,9
"WaterSurf",761,0,0,"picoseuropa",6,9
"AlpScrGr",503669,0,0,"picoseuropa",6,10
"ArtSurf",2512,0,0,"picoseuropa",6,10
"AtlScrub",36927,0,0,"picoseuropa",6,10
"Crop",230,0,0,"picoseuropa",6,10
"Dehesa",71,0,0,"picoseuropa",6,10
"Grass",144539,0,0,"picoseuropa",6,10
"HydroRipVeg",811,0,0,"picoseuropa",6,10
"MedSclF",5580,0,0,"picoseuropa",6,10
"MedScrub",15115,0,0,"picoseuropa",6,10
"Reforestation",1269,0,0,"picoseuropa",6,10
"RipF",953,0,0,"picoseuropa",6,10
"RockScreeVeg",1135,0,0,"picoseuropa",6,10
"SMedMarF",8558,0,0,"picoseuropa",6,10
"Shrub",1599,0,0,"picoseuropa",6,10
"TempDecF",256336,0,0,"picoseuropa",6,10
"WaterSurf",752,0,0,"picoseuropa",6,10
"AlpScrGr",486719,0,0,"picoseuropa",6,11
"ArtSurf",2510,0,0,"picoseuropa",6,11
"AtlScrub",36869,0,0,"picoseuropa",6,11
"Crop",230,0,0,"picoseuropa",6,11
"Dehesa",71,0,0,"picoseuropa",6,11
"Grass",144253,0,0,"picoseuropa",6,11
"HydroRipVeg",811,0,0,"picoseuropa",6,11
"MedSclF",5373,0,0,"picoseuropa",6,11
"MedScrub",15082,0,0,"picoseuropa",6,11
"Reforestation",1269,0,0,"picoseuropa",6,11
"RipF",953,0,0,"picoseuropa",6,11
"RockScreeVeg",1132,0,0,"picoseuropa",6,11
"SMedMarF",8555,0,0,"picoseuropa",6,11
"Shrub",1598,0,0,"picoseuropa",6,11
"TempDecF",255911,0,0,"picoseuropa",6,11
"WaterSurf",745,0,0,"picoseuropa",6,11
"AlpScrGr",482406,0,0,"picoseuropa",6,12
"ArtSurf",2498,0,0,"picoseuropa",6,12
"AtlScrub",36212,0,0,"picoseuropa",6,12
"Crop",230,0,0,"picoseuropa",6,12
"Dehesa",57,0,0,"picoseuropa",6,12
"Grass",142707,0,0,"picoseuropa",6,12
"HydroRipVeg",802,0,0,"picoseuropa",6,12
"MedSclF",4578,0,0,"picoseuropa",6,12
"MedScrub",14918,0,0,"picoseuropa",6,12
"Reforestation",1266,0,0,"picoseuropa",6,12
"RipF",953,0,0,"picoseuropa",6,12
"RockScreeVeg",1099,0,0,"picoseuropa",6,12
"SMedMarF",8419,0,0,"picoseuropa",6,12
"Shrub",1532,0,0,"picoseuropa",6,12
"TempDecF",252908,0,0,"picoseuropa",6,12
"WaterSurf",708,0,0,"picoseuropa",6,12
"AlpScrGr",483629,0,0,"picoseuropa",9,1
"ArtSurf",2496,0,0,"picoseuropa",9,1
"AtlScrub",36465,0,0,"picoseuropa",9,1
"Crop",230,0,0,"picoseuropa",9,1
"Dehesa",60,0,0,"picoseuropa",9,1
"Grass",143161,0,0,"picoseuropa",9,1
"HydroRipVeg",808,0,0,"picoseuropa",9,1
"MedSclF",4576,0,0,"picoseuropa",9,1
"MedScrub",14993,0,0,"picoseuropa",9,1
"Reforestation",1264,0,0,"picoseuropa",9,1
"RipF",952,0,0,"picoseuropa",9,1
"RockScreeVeg",1117,0,0,"picoseuropa",9,1
"SMedMarF",8457,0,0,"picoseuropa",9,1
"Shrub",1579,0,0,"picoseuropa",9,1
"TempDecF",253477,0,0,"picoseuropa",9,1
"WaterSurf",715,0,0,"picoseuropa",9,1
"AlpScrGr",487132,0,0,"picoseuropa",9,2
"ArtSurf",2509,0,0,"picoseuropa",9,2
"AtlScrub",36902,0,0,"picoseuropa",9,2
"Crop",230,0,0,"picoseuropa",9,2
"Dehesa",71,0,0,"picoseuropa",9,2
"Grass",144344,0,0,"picoseuropa",9,2
"HydroRipVeg",811,0,0,"picoseuropa",9,2
"MedSclF",5374,0,0,"picoseuropa",9,2
"MedScrub",15105,0,0,"picoseuropa",9,2
"Reforestation",1269,0,0,"picoseuropa",9,2
"RipF",953,0,0,"picoseuropa",9,2
"RockScreeVeg",1134,0,0,"picoseuropa",9,2
"SMedMarF",8552,0,0,"picoseuropa",9,2
"Shrub",1597,0,0,"picoseuropa",9,2
"TempDecF",256029,0,0,"picoseuropa",9,2
"WaterSurf",737,0,0,"picoseuropa",9,2
"AlpScrGr",487768,0,0,"picoseuropa",9,3
"ArtSurf",2510,0,0,"picoseuropa",9,3
"AtlScrub",36927,0,0,"picoseuropa",9,3
"Crop",230,0,0,"picoseuropa",9,3
"Dehesa",71,0,0,"picoseuropa",9,3
"Grass",144481,0,0,"picoseuropa",9,3
"HydroRipVeg",811,0,0,"picoseuropa",9,3
"MedSclF",5590,0,0,"picoseuropa",9,3
"MedScrub",15115,0,0,"picoseuropa",9,3
"Reforestation",1269,0,0,"picoseuropa",9,3
"RipF",953,0,0,"picoseuropa",9,3
"RockScreeVeg",1135,0,0,"picoseuropa",9,3
"SMedMarF",8558,0,0,"picoseuropa",9,3
"Shrub",1599,0,0,"picoseuropa",9,3
"TempDecF",256357,0,0,"picoseuropa",9,3
"WaterSurf",760,0,0,"picoseuropa",9,3
"AlpScrGr",487876,0,0,"picoseuropa",9,4
"ArtSurf",2511,0,0,"picoseuropa",9,4
"AtlScrub",36929,0,0,"picoseuropa",9,4
"Crop",230,0,0,"picoseuropa",9,4
"Dehesa",71,0,0,"picoseuropa",9,4
"Grass",144505,0,0,"picoseuropa",9,4
"HydroRipVeg",811,0,0,"picoseuropa",9,4
"MedSclF",5591,0,0,"picoseuropa",9,4
"MedScrub",15118,0,0,"picoseuropa",9,4
"Reforestation",1269,0,0,"picoseuropa",9,4
"RipF",953,0,0,"picoseuropa",9,4
"RockScreeVeg",1135,0,0,"picoseuropa",9,4
"SMedMarF",8558,0,0,"picoseuropa",9,4
"Shrub",1599,0,0,"picoseuropa",9,4
"TempDecF",256516,0,0,"picoseuropa",9,4
"WaterSurf",763,0,0,"picoseuropa",9,4
"AlpScrGr",487848,0,0,"picoseuropa",9,5
"ArtSurf",2511,0,0,"picoseuropa",9,5
"AtlScrub",36969,0,0,"picoseuropa",9,5
"Crop",230,0,0,"picoseuropa",9,5
"Dehesa",71,0,0,"picoseuropa",9,5
"Grass",144570,0,0,"picoseuropa",9,5
"HydroRipVeg",815,0,0,"picoseuropa",9,5
"MedSclF",5631,0,0,"picoseuropa",9,5
"MedScrub",15123,0,0,"picoseuropa",9,5
"Reforestation",1269,0,0,"picoseuropa",9,5
"RipF",953,0,0,"picoseuropa",9,5
"RockScreeVeg",1135,0,0,"picoseuropa",9,5
"SMedMarF",8558,0,0,"picoseuropa",9,5
"Shrub",1599,0,0,"picoseuropa",9,5
"TempDecF",256687,0,0,"picoseuropa",9,5
"WaterSurf",773,0,0,"picoseuropa",9,5
"AlpScrGr",487273,0,0,"picoseuropa",9,6
"ArtSurf",2511,0,0,"picoseuropa",9,6
"AtlScrub",36969,0,0,"picoseuropa",9,6
"Crop",230,0,0,"picoseuropa",9,6
"Dehesa",71,0,0,"picoseuropa",9,6
"Grass",144593,0,0,"picoseuropa",9,6
"HydroRipVeg",815,0,0,"picoseuropa",9,6
"MedSclF",5631,0,0,"picoseuropa",9,6
"MedScrub",15123,0,0,"picoseuropa",9,6
"Reforestation",1269,0,0,"picoseuropa",9,6
"RipF",953,0,0,"picoseuropa",9,6
"RockScreeVeg",1135,0,0,"picoseuropa",9,6
"SMedMarF",8558,0,0,"picoseuropa",9,6
"Shrub",1599,0,0,"picoseuropa",9,6
"TempDecF",256695,0,0,"picoseuropa",9,6
"WaterSurf",774,0,0,"picoseuropa",9,6
"AlpScrGr",497696,0,0,"picoseuropa",9,7
"ArtSurf",2619,0,0,"picoseuropa",9,7
"AtlScrub",36969,0,0,"picoseuropa",9,7
"Crop",230,0,0,"picoseuropa",9,7
"Dehesa",71,0,0,"picoseuropa",9,7
"Grass",144792,0,0,"picoseuropa",9,7
"HydroRipVeg",815,0,0,"picoseuropa",9,7
"MedSclF",5631,0,0,"picoseuropa",9,7
"MedScrub",15123,0,0,"picoseuropa",9,7
"Reforestation",1269,0,0,"picoseuropa",9,7
"RipF",953,0,0,"picoseuropa",9,7
"RockScreeVeg",1135,0,0,"picoseuropa",9,7
"SMedMarF",8558,0,0,"picoseuropa",9,7
"Shrub",1599,0,0,"picoseuropa",9,7
"TempDecF",256697,0,0,"picoseuropa",9,7
"WaterSurf",774,0,0,"picoseuropa",9,7
"AlpScrGr",504321,0,0,"picoseuropa",9,8
"ArtSurf",2548,0,0,"picoseuropa",9,8
"AtlScrub",36969,0,0,"picoseuropa",9,8
"Crop",230,0,0,"picoseuropa",9,8
"Dehesa",71,0,0,"picoseuropa",9,8
"Grass",144733,0,0,"picoseuropa",9,8
"HydroRipVeg",815,0,0,"picoseuropa",9,8
"MedSclF",5631,0,0,"picoseuropa",9,8
"MedScrub",15121,0,0,"picoseuropa",9,8
"Reforestation",1269,0,0,"picoseuropa",9,8
"RipF",953,0,0,"picoseuropa",9,8
"RockScreeVeg",1135,0,0,"picoseuropa",9,8
"SMedMarF",8558,0,0,"picoseuropa",9,8
"Shrub",1599,0,0,"picoseuropa",9,8
"TempDecF",256675,0,0,"picoseuropa",9,8
"WaterSurf",771,0,0,"picoseuropa",9,8
"AlpScrGr",522100,2,0,"picoseuropa",9,9
"ArtSurf",2727,0,0,"picoseuropa",9,9
"AtlScrub",36964,0,0,"picoseuropa",9,9
"Crop",230,0,0,"picoseuropa",9,9
"Dehesa",71,0,0,"picoseuropa",9,9
"Grass",144813,0,0,"picoseuropa",9,9
"HydroRipVeg",811,0,0,"picoseuropa",9,9
"MedSclF",5617,0,0,"picoseuropa",9,9
"MedScrub",15119,0,0,"picoseuropa",9,9
"Reforestation",1269,0,0,"picoseuropa",9,9
"RipF",953,0,0,"picoseuropa",9,9
"RockScreeVeg",1135,0,0,"picoseuropa",9,9
"SMedMarF",8558,0,0,"picoseuropa",9,9
"Shrub",1599,0,0,"picoseuropa",9,9
"TempDecF",256510,5,0,"picoseuropa",9,9
"WaterSurf",761,0,0,"picoseuropa",9,9
"AlpScrGr",503669,0,0,"picoseuropa",9,10
"ArtSurf",2512,0,0,"picoseuropa",9,10
"AtlScrub",36927,0,0,"picoseuropa",9,10
"Crop",230,0,0,"picoseuropa",9,10
"Dehesa",71,0,0,"picoseuropa",9,10
"Grass",144539,0,0,"picoseuropa",9,10
"HydroRipVeg",811,0,0,"picoseuropa",9,10
"MedSclF",5580,0,0,"picoseuropa",9,10
"MedScrub",15115,0,0,"picoseuropa",9,10
"Reforestation",1269,0,0,"picoseuropa",9,10
"RipF",953,0,0,"picoseuropa",9,10
"RockScreeVeg",1135,0,0,"picoseuropa",9,10
"SMedMarF",8558,0,0,"picoseuropa",9,10
"Shrub",1599,0,0,"picoseuropa",9,10
"TempDecF",256336,0,0,"picoseuropa",9,10
"WaterSurf",752,0,0,"picoseuropa",9,10
"AlpScrGr",486719,0,0,"picoseuropa",9,11
"ArtSurf",2510,0,0,"picoseuropa",9,11
"AtlScrub",36869,0,0,"picoseuropa",9,11
"Crop",230,0,0,"picoseuropa",9,11
"Dehesa",71,0,0,"picoseuropa",9,11
"Grass",144253,0,0,"picoseuropa",9,11
"HydroRipVeg",811,0,0,"picoseuropa",9,11
"MedSclF",5373,0,0,"picoseuropa",9,11
"MedScrub",15082,0,0,"picoseuropa",9,11
"Reforestation",1269,0,0,"picoseuropa",9,11
"RipF",953,0,0,"picoseuropa",9,11
"RockScreeVeg",1132,0,0,"picoseuropa",9,11
"SMedMarF",8555,0,0,"picoseuropa",9,11
"Shrub",1598,0,0,"picoseuropa",9,11
"TempDecF",255911,0,0,"picoseuropa",9,11
"WaterSurf",745,0,0,"picoseuropa",9,11
"AlpScrGr",482406,0,0,"picoseuropa",9,12
"ArtSurf",2498,0,0,"picoseuropa",9,12
"AtlScrub",36212,0,0,"picoseuropa",9,12
"Crop",230,0,0,"picoseuropa",9,12
"Dehesa",57,0,0,"picoseuropa",9,12
"Grass",142707,0,0,"picoseuropa",9,12
"HydroRipVeg",802,0,0,"picoseuropa",9,12
"MedSclF",4578,0,0,"picoseuropa",9,12
"MedScrub",14918,0,0,"picoseuropa",9,12
"Reforestation",1266,0,0,"picoseuropa",9,12
"RipF",953,0,0,"picoseuropa",9,12
"RockScreeVeg",1099,0,0,"picoseuropa",9,12
"SMedMarF",8419,0,0,"picoseuropa",9,12
"Shrub",1532,0,0,"picoseuropa",9,12
"TempDecF",252908,0,0,"picoseuropa",9,12
"WaterSurf",708,0,0,"picoseuropa",9,12
"AlpScrGr",483629,0,0,"picoseuropa",12,1
"ArtSurf",2496,0,0,"picoseuropa",12,1
"AtlScrub",36465,0,0,"picoseuropa",12,1
"Crop",230,0,0,"picoseuropa",12,1
"Dehesa",60,0,0,"picoseuropa",12,1
"Grass",143161,0,0,"picoseuropa",12,1
"HydroRipVeg",808,0,0,"picoseuropa",12,1
"MedSclF",4576,0,0,"picoseuropa",12,1
"MedScrub",14993,0,0,"picoseuropa",12,1
"Reforestation",1264,0,0,"picoseuropa",12,1
"RipF",952,0,0,"picoseuropa",12,1
"RockScreeVeg",1117,0,0,"picoseuropa",12,1
"SMedMarF",8457,0,0,"picoseuropa",12,1
"Shrub",1579,0,0,"picoseuropa",12,1
"TempDecF",253477,0,0,"picoseuropa",12,1
"WaterSurf",715,0,0,"picoseuropa",12,1
"AlpScrGr",487132,0,0,"picoseuropa",12,2
"ArtSurf",2509,0,0,"picoseuropa",12,2
"AtlScrub",36902,0,0,"picoseuropa",12,2
"Crop",230,0,0,"picoseuropa",12,2
"Dehesa",71,0,0,"picoseuropa",12,2
"Grass",144344,0,0,"picoseuropa",12,2
"HydroRipVeg",811,0,0,"picoseuropa",12,2
"MedSclF",5374,0,0,"picoseuropa",12,2
"MedScrub",15105,0,0,"picoseuropa",12,2
"Reforestation",1269,0,0,"picoseuropa",12,2
"RipF",953,0,0,"picoseuropa",12,2
"RockScreeVeg",1134,0,0,"picoseuropa",12,2
"SMedMarF",8552,0,0,"picoseuropa",12,2
"Shrub",1597,0,0,"picoseuropa",12,2
"TempDecF",256029,0,0,"picoseuropa",12,2
"WaterSurf",737,0,0,"picoseuropa",12,2
"AlpScrGr",487768,0,0,"picoseuropa",12,3
"ArtSurf",2510,0,0,"picoseuropa",12,3
"AtlScrub",36927,0,0,"picoseuropa",12,3
"Crop",230,0,0,"picoseuropa",12,3
"Dehesa",71,0,0,"picoseuropa",12,3
"Grass",144481,0,0,"picoseuropa",12,3
"HydroRipVeg",811,0,0,"picoseuropa",12,3
"MedSclF",5590,0,0,"picoseuropa",12,3
"MedScrub",15115,0,0,"picoseuropa",12,3
"Reforestation",1269,0,0,"picoseuropa",12,3
"RipF",953,0,0,"picoseuropa",12,3
"RockScreeVeg",1135,0,0,"picoseuropa",12,3
"SMedMarF",8558,0,0,"picoseuropa",12,3
"Shrub",1599,0,0,"picoseuropa",12,3
"TempDecF",256357,0,0,"picoseuropa",12,3
"WaterSurf",760,0,0,"picoseuropa",12,3
"AlpScrGr",487876,0,0,"picoseuropa",12,4
"ArtSurf",2511,0,0,"picoseuropa",12,4
"AtlScrub",36929,0,0,"picoseuropa",12,4
"Crop",230,0,0,"picoseuropa",12,4
"Dehesa",71,0,0,"picoseuropa",12,4
"Grass",144505,0,0,"picoseuropa",12,4
"HydroRipVeg",811,0,0,"picoseuropa",12,4
"MedSclF",5591,0,0,"picoseuropa",12,4
"MedScrub",15118,0,0,"picoseuropa",12,4
"Reforestation",1269,0,0,"picoseuropa",12,4
"RipF",953,0,0,"picoseuropa",12,4
"RockScreeVeg",1135,0,0,"picoseuropa",12,4
"SMedMarF",8558,0,0,"picoseuropa",12,4
"Shrub",1599,0,0,"picoseuropa",12,4
"TempDecF",256516,0,0,"picoseuropa",12,4
"WaterSurf",763,0,0,"picoseuropa",12,4
"AlpScrGr",487848,0,0,"picoseuropa",12,5
"ArtSurf",2511,0,0,"picoseuropa",12,5
"AtlScrub",36969,0,0,"picoseuropa",12,5
"Crop",230,0,0,"picoseuropa",12,5
"Dehesa",71,0,0,"picoseuropa",12,5
"Grass",144570,0,0,"picoseuropa",12,5
"HydroRipVeg",815,0,0,"picoseuropa",12,5
"MedSclF",5631,0,0,"picoseuropa",12,5
"MedScrub",15123,0,0,"picoseuropa",12,5
"Reforestation",1269,0,0,"picoseuropa",12,5
"RipF",953,0,0,"picoseuropa",12,5
"RockScreeVeg",1135,0,0,"picoseuropa",12,5
"SMedMarF",8558,0,0,"picoseuropa",12,5
"Shrub",1599,0,0,"picoseuropa",12,5
"TempDecF",256687,0,0,"picoseuropa",12,5
"WaterSurf",773,0,0,"picoseuropa",12,5
"AlpScrGr",487273,0,0,"picoseuropa",12,6
"ArtSurf",2511,0,0,"picoseuropa",12,6
"AtlScrub",36969,0,0,"picoseuropa",12,6
"Crop",230,0,0,"picoseuropa",12,6
"Dehesa",71,0,0,"picoseuropa",12,6
"Grass",144593,0,0,"picoseuropa",12,6
"HydroRipVeg",815,0,0,"picoseuropa",12,6
"MedSclF",5631,0,0,"picoseuropa",12,6
"MedScrub",15123,0,0,"picoseuropa",12,6
"Reforestation",1269,0,0,"picoseuropa",12,6
"RipF",953,0,0,"picoseuropa",12,6
"RockScreeVeg",1135,0,0,"picoseuropa",12,6
"SMedMarF",8558,0,0,"picoseuropa",12,6
"Shrub",1599,0,0,"picoseuropa",12,6
"TempDecF",256695,0,0,"picoseuropa",12,6
"WaterSurf",774,0,0,"picoseuropa",12,6
"AlpScrGr",497696,0,0,"picoseuropa",12,7
"ArtSurf",2619,0,0,"picoseuropa",12,7
"AtlScrub",36969,0,0,"picoseuropa",12,7
"Crop",230,0,0,"picoseuropa",12,7
"Dehesa",71,0,0,"picoseuropa",12,7
"Grass",144792,0,0,"picoseuropa",12,7
"HydroRipVeg",815,0,0,"picoseuropa",12,7
"MedSclF",5631,0,0,"picoseuropa",12,7
"MedScrub",15123,0,0,"picoseuropa",12,7
"Reforestation",1269,0,0,"picoseuropa",12,7
"RipF",953,0,0,"picoseuropa",12,7
"RockScreeVeg",1135,0,0,"picoseuropa",12,7
"SMedMarF",8558,0,0,"picoseuropa",12,7
"Shrub",1599,0,0,"picoseuropa",12,7
"TempDecF",256697,0,0,"picoseuropa",12,7
"WaterSurf",774,0,0,"picoseuropa",12,7
"AlpScrGr",504321,0,0,"picoseuropa",12,8
"ArtSurf",2548,0,0,"picoseuropa",12,8
"AtlScrub",36969,0,0,"picoseuropa",12,8
"Crop",230,0,0,"picoseuropa",12,8
"Dehesa",71,0,0,"picoseuropa",12,8
"Grass",144733,0,0,"picoseuropa",12,8
"HydroRipVeg",815,0,0,"picoseuropa",12,8
"MedSclF",5631,0,0,"picoseuropa",12,8
"MedScrub",15121,0,0,"picoseuropa",12,8
"Reforestation",1269,0,0,"picoseuropa",12,8
"RipF",953,0,0,"picoseuropa",12,8
"RockScreeVeg",1135,0,0,"picoseuropa",12,8
"SMedMarF",8558,0,0,"picoseuropa",12,8
"Shrub",1599,0,0,"picoseuropa",12,8
"TempDecF",256675,0,0,"picoseuropa",12,8
"WaterSurf",771,0,0,"picoseuropa",12,8
"AlpScrGr",522100,0,0,"picoseuropa",12,9
"ArtSurf",2727,0,0,"picoseuropa",12,9
"AtlScrub",36964,0,0,"picoseuropa",12,9
"Crop",230,0,0,"picoseuropa",12,9
"Dehesa",71,0,0,"picoseuropa",12,9
"Grass",144813,0,0,"picoseuropa",12,9
"HydroRipVeg",811,0,0,"picoseuropa",12,9
"MedSclF",5617,0,0,"picoseuropa",12,9
"MedScrub",15119,0,0,"picoseuropa",12,9
"Reforestation",1269,0,0,"picoseuropa",12,9
"RipF",953,0,0,"picoseuropa",12,9
"RockScreeVeg",1135,0,0,"picoseuropa",12,9
"SMedMarF",8558,0,0,"picoseuropa",12,9
"Shrub",1599,0,0,"picoseuropa",12,9
"TempDecF",256510,0,0,"picoseuropa",12,9
"WaterSurf",761,0,0,"picoseuropa",12,9
"AlpScrGr",503669,0,0,"picoseuropa",12,10
"ArtSurf",2512,0,0,"picoseuropa",12,10
"AtlScrub",36927,0,0,"picoseuropa",12,10
"Crop",230,0,0,"picoseuropa",12,10
"Dehesa",71,0,0,"picoseuropa",12,10
"Grass",144539,0,0,"picoseuropa",12,10
"HydroRipVeg",811,0,0,"picoseuropa",12,10
"MedSclF",5580,0,0,"picoseuropa",12,10
"MedScrub",15115,0,0,"picoseuropa",12,10
"Reforestation",1269,0,0,"picoseuropa",12,10
"RipF",953,0,0,"picoseuropa",12,10
"RockScreeVeg",1135,0,0,"picoseuropa",12,10
"SMedMarF",8558,0,0,"picoseuropa",12,10
"Shrub",1599,0,0,"picoseuropa",12,10
"TempDecF",256336,0,0,"picoseuropa",12,10
"WaterSurf",752,0,0,"picoseuropa",12,10
"AlpScrGr",486719,0,0,"picoseuropa",12,11
"ArtSurf",2510,0,0,"picoseuropa",12,11
"AtlScrub",36869,0,0,"picoseuropa",12,11
"Crop",230,0,0,"picoseuropa",12,11
"Dehesa",71,0,0,"picoseuropa",12,11
"Grass",144253,0,0,"picoseuropa",12,11
"HydroRipVeg",811,0,0,"picoseuropa",12,11
"MedSclF",5373,0,0,"picoseuropa",12,11
"MedScrub",15082,0,0,"picoseuropa",12,11
"Reforestation",1269,0,0,"picoseuropa",12,11
"RipF",953,0,0,"picoseuropa",12,11
"RockScreeVeg",1132,0,0,"picoseuropa",12,11
"SMedMarF",8555,0,0,"picoseuropa",12,11
"Shrub",1598,0,0,"picoseuropa",12,11
"TempDecF",255911,0,0,"picoseuropa",12,11
"WaterSurf",745,0,0,"picoseuropa",12,11
"AlpScrGr",482406,0,0,"picoseuropa",12,12
"ArtSurf",2498,0,0,"picoseuropa",12,12
"AtlScrub",36212,0,0,"picoseuropa",12,12
"Crop",230,0,0,"picoseuropa",12,12
"Dehesa",57,0,0,"picoseuropa",12,12
"Grass",142707,0,0,"picoseuropa",12,12
"HydroRipVeg",802,0,0,"picoseuropa",12,12
"MedSclF",4578,0,0,"picoseuropa",12,12
"MedScrub",14918,0,0,"picoseuropa",12,12
"Reforestation",1266,0,0,"picoseuropa",12,12
"RipF",953,0,0,"picoseuropa",12,12
"RockScreeVeg",1099,0,0,"picoseuropa",12,12
"SMedMarF",8419,0,0,"picoseuropa",12,12
"Shrub",1532,0,0,"picoseuropa",12,12
"TempDecF",252908,0,0,"picoseuropa",12,12
"WaterSurf",708,0,0,"picoseuropa",12,12
"AlpConF",173794,0,0,"sierranevada",1,1
"AlpScrGr",631034,0,0,"sierranevada",1,1
"AridScr",766,0,0,"sierranevada",1,1
"ArtSurf",8799,0,0,"sierranevada",1,1
"BareArea",50,0,0,"sierranevada",1,1
"Crop",1432,0,0,"sierranevada",1,1
"Grass",77894,0,0,"sierranevada",1,1
"HaloVeg",90,0,0,"sierranevada",1,1
"HydroRipVeg",1442,0,0,"sierranevada",1,1
"MedConF",2985,0,0,"sierranevada",1,1
"MedSclF",38403,0,0,"sierranevada",1,1
"MedScrub",110649,0,0,"sierranevada",1,1
"Reforestation",29222,0,0,"sierranevada",1,1
"RipF",2926,0,0,"sierranevada",1,1
"RockScreeVeg",99111,0,0,"sierranevada",1,1
"SMedMarF",16274,0,0,"sierranevada",1,1
"Shrub",3805,0,0,"sierranevada",1,1
"WaterSurf",246,0,0,"sierranevada",1,1
"AlpConF",173794,39,0.02,"sierranevada",1,2
"AlpScrGr",631149,574,0.09,"sierranevada",1,2
"AridScr",773,3,0.39,"sierranevada",1,2
"ArtSurf",8799,5,0.06,"sierranevada",1,2
"BareArea",50,0,0,"sierranevada",1,2
"Crop",1432,0,0,"sierranevada",1,2
"Grass",77900,102,0.13,"sierranevada",1,2
"HaloVeg",90,0,0,"sierranevada",1,2
"HydroRipVeg",1447,1,0.07,"sierranevada",1,2
"MedConF",2985,0,0,"sierranevada",1,2
"MedSclF",38437,85,0.22,"sierranevada",1,2
"MedScrub",110663,166,0.15,"sierranevada",1,2
"Reforestation",29226,17,0.06,"sierranevada",1,2
"RipF",2930,1,0.03,"sierranevada",1,2
"RockScreeVeg",99119,912,0.92,"sierranevada",1,2
"SMedMarF",16274,0,0,"sierranevada",1,2
"Shrub",3805,0,0,"sierranevada",1,2
"WaterSurf",246,0,0,"sierranevada",1,2
"AlpConF",173796,21,0.01,"sierranevada",1,3
"AlpScrGr",631177,122,0.02,"sierranevada",1,3
"AridScr",774,0,0,"sierranevada",1,3
"ArtSurf",8799,10,0.11,"sierranevada",1,3
"BareArea",50,0,0,"sierranevada",1,3
"Crop",1432,0,0,"sierranevada",1,3
"Grass",77900,26,0.03,"sierranevada",1,3
"HaloVeg",90,0,0,"sierranevada",1,3
"HydroRipVeg",1448,0,0,"sierranevada",1,3
"MedConF",2985,17,0.57,"sierranevada",1,3
"MedSclF",38437,44,0.11,"sierranevada",1,3
"MedScrub",110663,11,0.01,"sierranevada",1,3
"Reforestation",29226,1,0,"sierranevada",1,3
"RipF",2930,12,0.41,"sierranevada",1,3
"RockScreeVeg",99121,91,0.09,"sierranevada",1,3
"SMedMarF",16274,0,0,"sierranevada",1,3
"Shrub",3805,0,0,"sierranevada",1,3
"WaterSurf",246,1,0.41,"sierranevada",1,3
"AlpConF",173796,0,0,"sierranevada",1,4
"AlpScrGr",631177,0,0,"sierranevada",1,4
"AridScr",774,0,0,"sierranevada",1,4
"ArtSurf",8799,0,0,"sierranevada",1,4
"BareArea",50,0,0,"sierranevada",1,4
"Crop",1432,0,0,"sierranevada",1,4
"Grass",77900,0,0,"sierranevada",1,4
"HaloVeg",90,0,0,"sierranevada",1,4
"HydroRipVeg",1448,0,0,"sierranevada",1,4
"MedConF",2985,0,0,"sierranevada",1,4
"MedSclF",38437,0,0,"sierranevada",1,4
"MedScrub",110663,0,0,"sierranevada",1,4
"Reforestation",29226,0,0,"sierranevada",1,4
"RipF",2930,0,0,"sierranevada",1,4
"RockScreeVeg",99121,0,0,"sierranevada",1,4
"SMedMarF",16274,0,0,"sierranevada",1,4
"Shrub",3805,0,0,"sierranevada",1,4
"WaterSurf",246,0,0,"sierranevada",1,4
"AlpConF",173796,0,0,"sierranevada",1,5
"AlpScrGr",631177,0,0,"sierranevada",1,5
"AridScr",774,0,0,"sierranevada",1,5
"ArtSurf",8799,0,0,"sierranevada",1,5
"BareArea",50,0,0,"sierranevada",1,5
"Crop",1432,0,0,"sierranevada",1,5
"Grass",77900,0,0,"sierranevada",1,5
"HaloVeg",90,0,0,"sierranevada",1,5
"HydroRipVeg",1448,0,0,"sierranevada",1,5
"MedConF",2985,0,0,"sierranevada",1,5
"MedSclF",38437,0,0,"sierranevada",1,5
"MedScrub",110663,0,0,"sierranevada",1,5
"Reforestation",29226,0,0,"sierranevada",1,5
"RipF",2930,0,0,"sierranevada",1,5
"RockScreeVeg",99121,0,0,"sierranevada",1,5
"SMedMarF",16274,0,0,"sierranevada",1,5
"Shrub",3805,0,0,"sierranevada",1,5
"WaterSurf",246,0,0,"sierranevada",1,5
"AlpConF",173796,493,0.28,"sierranevada",1,6
"AlpScrGr",631177,12569,1.99,"sierranevada",1,6
"AridScr",774,1,0.13,"sierranevada",1,6
"ArtSurf",8799,44,0.5,"sierranevada",1,6
"BareArea",50,0,0,"sierranevada",1,6
"Crop",1432,0,0,"sierranevada",1,6
"Grass",77900,185,0.24,"sierranevada",1,6
"HaloVeg",90,0,0,"sierranevada",1,6
"HydroRipVeg",1448,0,0,"sierranevada",1,6
"MedConF",2985,3,0.1,"sierranevada",1,6
"MedSclF",38437,23,0.06,"sierranevada",1,6
"MedScrub",110663,107,0.1,"sierranevada",1,6
"Reforestation",29226,18,0.06,"sierranevada",1,6
"RipF",2930,1,0.03,"sierranevada",1,6
"RockScreeVeg",99121,1397,1.41,"sierranevada",1,6
"SMedMarF",16274,1,0.01,"sierranevada",1,6
"Shrub",3805,1,0.03,"sierranevada",1,6
"WaterSurf",246,0,0,"sierranevada",1,6
"AlpConF",173796,0,0,"sierranevada",1,7
"AlpScrGr",631181,0,0,"sierranevada",1,7
"AridScr",774,0,0,"sierranevada",1,7
"ArtSurf",8799,0,0,"sierranevada",1,7
"BareArea",50,0,0,"sierranevada",1,7
"Crop",1432,0,0,"sierranevada",1,7
"Grass",77900,0,0,"sierranevada",1,7
"HaloVeg",90,0,0,"sierranevada",1,7
"HydroRipVeg",1448,0,0,"sierranevada",1,7
"MedConF",2985,0,0,"sierranevada",1,7
"MedSclF",38437,0,0,"sierranevada",1,7
"MedScrub",110663,0,0,"sierranevada",1,7
"Reforestation",29226,0,0,"sierranevada",1,7
"RipF",2930,0,0,"sierranevada",1,7
"RockScreeVeg",99121,0,0,"sierranevada",1,7
"SMedMarF",16274,0,0,"sierranevada",1,7
"Shrub",3805,0,0,"sierranevada",1,7
"WaterSurf",246,0,0,"sierranevada",1,7
"AlpConF",173796,0,0,"sierranevada",1,8
"AlpScrGr",631178,2,0,"sierranevada",1,8
"AridScr",774,0,0,"sierranevada",1,8
"ArtSurf",8799,0,0,"sierranevada",1,8
"BareArea",50,0,0,"sierranevada",1,8
"Crop",1432,0,0,"sierranevada",1,8
"Grass",77900,1,0,"sierranevada",1,8
"HaloVeg",90,0,0,"sierranevada",1,8
"HydroRipVeg",1448,0,0,"sierranevada",1,8
"MedConF",2985,0,0,"sierranevada",1,8
"MedSclF",38437,0,0,"sierranevada",1,8
"MedScrub",110663,1,0,"sierranevada",1,8
"Reforestation",29226,0,0,"sierranevada",1,8
"RipF",2930,0,0,"sierranevada",1,8
"RockScreeVeg",99121,3,0,"sierranevada",1,8
"SMedMarF",16274,0,0,"sierranevada",1,8
"Shrub",3805,0,0,"sierranevada",1,8
"WaterSurf",246,0,0,"sierranevada",1,8
"AlpConF",173796,0,0,"sierranevada",1,9
"AlpScrGr",631177,0,0,"sierranevada",1,9
"AridScr",774,0,0,"sierranevada",1,9
"ArtSurf",8799,0,0,"sierranevada",1,9
"BareArea",50,0,0,"sierranevada",1,9
"Crop",1432,0,0,"sierranevada",1,9
"Grass",77900,0,0,"sierranevada",1,9
"HaloVeg",90,0,0,"sierranevada",1,9
"HydroRipVeg",1448,0,0,"sierranevada",1,9
"MedConF",2985,0,0,"sierranevada",1,9
"MedSclF",38437,0,0,"sierranevada",1,9
"MedScrub",110663,0,0,"sierranevada",1,9
"Reforestation",29226,0,0,"sierranevada",1,9
"RipF",2930,0,0,"sierranevada",1,9
"RockScreeVeg",99121,0,0,"sierranevada",1,9
"SMedMarF",16274,0,0,"sierranevada",1,9
"Shrub",3805,0,0,"sierranevada",1,9
"WaterSurf",246,0,0,"sierranevada",1,9
"AlpConF",173796,0,0,"sierranevada",1,10
"AlpScrGr",631178,0,0,"sierranevada",1,10
"AridScr",774,0,0,"sierranevada",1,10
"ArtSurf",8799,0,0,"sierranevada",1,10
"BareArea",50,0,0,"sierranevada",1,10
"Crop",1432,0,0,"sierranevada",1,10
"Grass",77900,0,0,"sierranevada",1,10
"HaloVeg",90,0,0,"sierranevada",1,10
"HydroRipVeg",1448,0,0,"sierranevada",1,10
"MedConF",2985,0,0,"sierranevada",1,10
"MedSclF",38437,0,0,"sierranevada",1,10
"MedScrub",110663,0,0,"sierranevada",1,10
"Reforestation",29226,0,0,"sierranevada",1,10
"RipF",2930,0,0,"sierranevada",1,10
"RockScreeVeg",99121,0,0,"sierranevada",1,10
"SMedMarF",16274,0,0,"sierranevada",1,10
"Shrub",3805,0,0,"sierranevada",1,10
"WaterSurf",246,0,0,"sierranevada",1,10
"AlpConF",173794,0,0,"sierranevada",1,11
"AlpScrGr",631149,0,0,"sierranevada",1,11
"AridScr",772,0,0,"sierranevada",1,11
"ArtSurf",8799,0,0,"sierranevada",1,11
"BareArea",50,0,0,"sierranevada",1,11
"Crop",1432,0,0,"sierranevada",1,11
"Grass",77897,0,0,"sierranevada",1,11
"HaloVeg",90,0,0,"sierranevada",1,11
"HydroRipVeg",1448,0,0,"sierranevada",1,11
"MedConF",2985,0,0,"sierranevada",1,11
"MedSclF",38428,0,0,"sierranevada",1,11
"MedScrub",110657,0,0,"sierranevada",1,11
"Reforestation",29224,0,0,"sierranevada",1,11
"RipF",2930,0,0,"sierranevada",1,11
"RockScreeVeg",99119,0,0,"sierranevada",1,11
"SMedMarF",16274,0,0,"sierranevada",1,11
"Shrub",3805,0,0,"sierranevada",1,11
"WaterSurf",246,0,0,"sierranevada",1,11
"AlpConF",173767,0,0,"sierranevada",1,12
"AlpScrGr",631026,0,0,"sierranevada",1,12
"AridScr",763,0,0,"sierranevada",1,12
"ArtSurf",8799,0,0,"sierranevada",1,12
"BareArea",50,0,0,"sierranevada",1,12
"Crop",1432,0,0,"sierranevada",1,12
"Grass",77879,0,0,"sierranevada",1,12
"HaloVeg",90,0,0,"sierranevada",1,12
"HydroRipVeg",1442,0,0,"sierranevada",1,12
"MedConF",2985,0,0,"sierranevada",1,12
"MedSclF",38375,0,0,"sierranevada",1,12
"MedScrub",110617,0,0,"sierranevada",1,12
"Reforestation",29221,0,0,"sierranevada",1,12
"RipF",2928,0,0,"sierranevada",1,12
"RockScreeVeg",99098,0,0,"sierranevada",1,12
"SMedMarF",16272,0,0,"sierranevada",1,12
"Shrub",3805,0,0,"sierranevada",1,12
"WaterSurf",246,0,0,"sierranevada",1,12
"AlpConF",173794,0,0,"sierranevada",3,1
"AlpScrGr",631034,0,0,"sierranevada",3,1
"AridScr",766,0,0,"sierranevada",3,1
"ArtSurf",8799,0,0,"sierranevada",3,1
"BareArea",50,0,0,"sierranevada",3,1
"Crop",1432,0,0,"sierranevada",3,1
"Grass",77894,0,0,"sierranevada",3,1
"HaloVeg",90,0,0,"sierranevada",3,1
"HydroRipVeg",1442,0,0,"sierranevada",3,1
"MedConF",2985,0,0,"sierranevada",3,1
"MedSclF",38403,0,0,"sierranevada",3,1
"MedScrub",110649,0,0,"sierranevada",3,1
"Reforestation",29222,0,0,"sierranevada",3,1
"RipF",2926,0,0,"sierranevada",3,1
"RockScreeVeg",99111,0,0,"sierranevada",3,1
"SMedMarF",16274,0,0,"sierranevada",3,1
"Shrub",3805,0,0,"sierranevada",3,1
"WaterSurf",246,0,0,"sierranevada",3,1
"AlpConF",173794,116,0.07,"sierranevada",3,2
"AlpScrGr",631149,3,0,"sierranevada",3,2
"AridScr",773,0,0,"sierranevada",3,2
"ArtSurf",8799,14,0.16,"sierranevada",3,2
"BareArea",50,0,0,"sierranevada",3,2
"Crop",1432,3,0.21,"sierranevada",3,2
"Grass",77900,119,0.15,"sierranevada",3,2
"HaloVeg",90,0,0,"sierranevada",3,2
"HydroRipVeg",1447,2,0.14,"sierranevada",3,2
"MedConF",2985,0,0,"sierranevada",3,2
"MedSclF",38437,66,0.17,"sierranevada",3,2
"MedScrub",110663,333,0.3,"sierranevada",3,2
"Reforestation",29226,2,0.01,"sierranevada",3,2
"RipF",2930,0,0,"sierranevada",3,2
"RockScreeVeg",99119,35,0.04,"sierranevada",3,2
"SMedMarF",16274,3,0.02,"sierranevada",3,2
"Shrub",3805,1,0.03,"sierranevada",3,2
"WaterSurf",246,0,0,"sierranevada",3,2
"AlpConF",173796,0,0,"sierranevada",3,3
"AlpScrGr",631177,7,0,"sierranevada",3,3
"AridScr",774,0,0,"sierranevada",3,3
"ArtSurf",8799,0,0,"sierranevada",3,3
"BareArea",50,0,0,"sierranevada",3,3
"Crop",1432,0,0,"sierranevada",3,3
"Grass",77900,7,0.01,"sierranevada",3,3
"HaloVeg",90,0,0,"sierranevada",3,3
"HydroRipVeg",1448,0,0,"sierranevada",3,3
"MedConF",2985,0,0,"sierranevada",3,3
"MedSclF",38437,6,0.02,"sierranevada",3,3
"MedScrub",110663,20,0.02,"sierranevada",3,3
"Reforestation",29226,0,0,"sierranevada",3,3
"RipF",2930,0,0,"sierranevada",3,3
"RockScreeVeg",99121,19,0.02,"sierranevada",3,3
"SMedMarF",16274,0,0,"sierranevada",3,3
"Shrub",3805,0,0,"sierranevada",3,3
"WaterSurf",246,0,0,"sierranevada",3,3
"AlpConF",173796,2,0,"sierranevada",3,4
"AlpScrGr",631177,0,0,"sierranevada",3,4
"AridScr",774,0,0,"sierranevada",3,4
"ArtSurf",8799,2,0.02,"sierranevada",3,4
"BareArea",50,0,0,"sierranevada",3,4
"Crop",1432,1,0.07,"sierranevada",3,4
"Grass",77900,4,0.01,"sierranevada",3,4
"HaloVeg",90,0,0,"sierranevada",3,4
"HydroRipVeg",1448,0,0,"sierranevada",3,4
"MedConF",2985,0,0,"sierranevada",3,4
"MedSclF",38437,0,0,"sierranevada",3,4
"MedScrub",110663,7,0.01,"sierranevada",3,4
"Reforestation",29226,0,0,"sierranevada",3,4
"RipF",2930,0,0,"sierranevada",3,4
"RockScreeVeg",99121,2,0,"sierranevada",3,4
"SMedMarF",16274,0,0,"sierranevada",3,4
"Shrub",3805,0,0,"sierranevada",3,4
"WaterSurf",246,0,0,"sierranevada",3,4
"AlpConF",173796,85,0.05,"sierranevada",3,5
"AlpScrGr",631177,1310,0.21,"sierranevada",3,5
"AridScr",774,10,1.29,"sierranevada",3,5
"ArtSurf",8799,86,0.98,"sierranevada",3,5
"BareArea",50,0,0,"sierranevada",3,5
"Crop",1432,165,11.52,"sierranevada",3,5
"Grass",77900,887,1.14,"sierranevada",3,5
"HaloVeg",90,5,5.56,"sierranevada",3,5
"HydroRipVeg",1448,11,0.76,"sierranevada",3,5
"MedConF",2985,0,0,"sierranevada",3,5
"MedSclF",38437,587,1.53,"sierranevada",3,5
"MedScrub",110663,4946,4.47,"sierranevada",3,5
"Reforestation",29226,21,0.07,"sierranevada",3,5
"RipF",2930,11,0.38,"sierranevada",3,5
"RockScreeVeg",99121,920,0.93,"sierranevada",3,5
"SMedMarF",16274,15,0.09,"sierranevada",3,5
"Shrub",3805,37,0.97,"sierranevada",3,5
"WaterSurf",246,0,0,"sierranevada",3,5
"AlpConF",173796,42114,24.23,"sierranevada",3,6
"AlpScrGr",631177,379543,60.13,"sierranevada",3,6
"AridScr",774,428,55.3,"sierranevada",3,6
"ArtSurf",8799,3843,43.68,"sierranevada",3,6
"BareArea",50,12,24,"sierranevada",3,6
"Crop",1432,1065,74.37,"sierranevada",3,6
"Grass",77900,38356,49.24,"sierranevada",3,6
"HaloVeg",90,66,73.33,"sierranevada",3,6
"HydroRipVeg",1448,1077,74.38,"sierranevada",3,6
"MedConF",2985,795,26.63,"sierranevada",3,6
"MedSclF",38437,19452,50.61,"sierranevada",3,6
"MedScrub",110663,80543,72.78,"sierranevada",3,6
"Reforestation",29226,9665,33.07,"sierranevada",3,6
"RipF",2930,2128,72.63,"sierranevada",3,6
"RockScreeVeg",99121,18913,19.08,"sierranevada",3,6
"SMedMarF",16274,13000,79.88,"sierranevada",3,6
"Shrub",3805,3199,84.07,"sierranevada",3,6
"WaterSurf",246,7,2.85,"sierranevada",3,6
"AlpConF",173796,35756,20.57,"sierranevada",3,7
"AlpScrGr",631181,483096,76.54,"sierranevada",3,7
"AridScr",774,189,24.42,"sierranevada",3,7
"ArtSurf",8799,3953,44.93,"sierranevada",3,7
"BareArea",50,15,30,"sierranevada",3,7
"Crop",1432,827,57.75,"sierranevada",3,7
"Grass",77900,35840,46.01,"sierranevada",3,7
"HaloVeg",90,83,92.22,"sierranevada",3,7
"HydroRipVeg",1448,1027,70.93,"sierranevada",3,7
"MedConF",2985,808,27.07,"sierranevada",3,7
"MedSclF",38437,13997,36.42,"sierranevada",3,7
"MedScrub",110663,70777,63.96,"sierranevada",3,7
"Reforestation",29226,11560,39.55,"sierranevada",3,7
"RipF",2930,1577,53.82,"sierranevada",3,7
"RockScreeVeg",99121,23138,23.34,"sierranevada",3,7
"SMedMarF",16274,8388,51.54,"sierranevada",3,7
"Shrub",3805,3000,78.84,"sierranevada",3,7
"WaterSurf",246,6,2.44,"sierranevada",3,7
"AlpConF",173796,22367,12.87,"sierranevada",3,8
"AlpScrGr",631178,362582,57.45,"sierranevada",3,8
"AridScr",774,39,5.04,"sierranevada",3,8
"ArtSurf",8799,2264,25.73,"sierranevada",3,8
"BareArea",50,6,12,"sierranevada",3,8
"Crop",1432,257,17.95,"sierranevada",3,8
"Grass",77900,15650,20.09,"sierranevada",3,8
"HaloVeg",90,7,7.78,"sierranevada",3,8
"HydroRipVeg",1448,601,41.51,"sierranevada",3,8
"MedConF",2985,179,6,"sierranevada",3,8
"MedSclF",38437,3847,10.01,"sierranevada",3,8
"MedScrub",110663,35317,31.91,"sierranevada",3,8
"Reforestation",29226,5183,17.73,"sierranevada",3,8
"RipF",2930,549,18.74,"sierranevada",3,8
"RockScreeVeg",99121,17441,17.6,"sierranevada",3,8
"SMedMarF",16274,1563,9.6,"sierranevada",3,8
"Shrub",3805,1232,32.38,"sierranevada",3,8
"WaterSurf",246,5,2.03,"sierranevada",3,8
"AlpConF",173796,0,0,"sierranevada",3,9
"AlpScrGr",631177,5,0,"sierranevada",3,9
"AridScr",774,0,0,"sierranevada",3,9
"ArtSurf",8799,0,0,"sierranevada",3,9
"BareArea",50,0,0,"sierranevada",3,9
"Crop",1432,0,0,"sierranevada",3,9
"Grass",77900,0,0,"sierranevada",3,9
"HaloVeg",90,0,0,"sierranevada",3,9
"HydroRipVeg",1448,0,0,"sierranevada",3,9
"MedConF",2985,0,0,"sierranevada",3,9
"MedSclF",38437,0,0,"sierranevada",3,9
"MedScrub",110663,0,0,"sierranevada",3,9
"Reforestation",29226,1,0,"sierranevada",3,9
"RipF",2930,0,0,"sierranevada",3,9
"RockScreeVeg",99121,0,0,"sierranevada",3,9
"SMedMarF",16274,0,0,"sierranevada",3,9
"Shrub",3805,0,0,"sierranevada",3,9
"WaterSurf",246,0,0,"sierranevada",3,9
"AlpConF",173796,0,0,"sierranevada",3,10
"AlpScrGr",631178,0,0,"sierranevada",3,10
"AridScr",774,0,0,"sierranevada",3,10
"ArtSurf",8799,0,0,"sierranevada",3,10
"BareArea",50,0,0,"sierranevada",3,10
"Crop",1432,0,0,"sierranevada",3,10
"Grass",77900,0,0,"sierranevada",3,10
"HaloVeg",90,0,0,"sierranevada",3,10
"HydroRipVeg",1448,0,0,"sierranevada",3,10
"MedConF",2985,0,0,"sierranevada",3,10
"MedSclF",38437,0,0,"sierranevada",3,10
"MedScrub",110663,0,0,"sierranevada",3,10
"Reforestation",29226,0,0,"sierranevada",3,10
"RipF",2930,0,0,"sierranevada",3,10
"RockScreeVeg",99121,0,0,"sierranevada",3,10
"SMedMarF",16274,0,0,"sierranevada",3,10
"Shrub",3805,0,0,"sierranevada",3,10
"WaterSurf",246,0,0,"sierranevada",3,10
"AlpConF",173794,226,0.13,"sierranevada",3,11
"AlpScrGr",631149,4360,0.69,"sierranevada",3,11
"AridScr",772,420,54.4,"sierranevada",3,11
"ArtSurf",8799,113,1.28,"sierranevada",3,11
"BareArea",50,2,4,"sierranevada",3,11
"Crop",1432,180,12.57,"sierranevada",3,11
"Grass",77897,2839,3.64,"sierranevada",3,11
"HaloVeg",90,12,13.33,"sierranevada",3,11
"HydroRipVeg",1448,18,1.24,"sierranevada",3,11
"MedConF",2985,157,5.26,"sierranevada",3,11
"MedSclF",38428,1043,2.71,"sierranevada",3,11
"MedScrub",110657,5438,4.91,"sierranevada",3,11
"Reforestation",29224,84,0.29,"sierranevada",3,11
"RipF",2930,43,1.47,"sierranevada",3,11
"RockScreeVeg",99119,1792,1.81,"sierranevada",3,11
"SMedMarF",16274,126,0.77,"sierranevada",3,11
"Shrub",3805,40,1.05,"sierranevada",3,11
"WaterSurf",246,0,0,"sierranevada",3,11
"AlpConF",173767,0,0,"sierranevada",3,12
"AlpScrGr",631026,0,0,"sierranevada",3,12
"AridScr",763,0,0,"sierranevada",3,12
"ArtSurf",8799,0,0,"sierranevada",3,12
"BareArea",50,0,0,"sierranevada",3,12
"Crop",1432,0,0,"sierranevada",3,12
"Grass",77879,0,0,"sierranevada",3,12
"HaloVeg",90,0,0,"sierranevada",3,12
"HydroRipVeg",1442,0,0,"sierranevada",3,12
"MedConF",2985,0,0,"sierranevada",3,12
"MedSclF",38375,0,0,"sierranevada",3,12
"MedScrub",110617,1,0,"sierranevada",3,12
"Reforestation",29221,0,0,"sierranevada",3,12
"RipF",2928,0,0,"sierranevada",3,12
"RockScreeVeg",99098,3,0,"sierranevada",3,12
"SMedMarF",16272,0,0,"sierranevada",3,12
"Shrub",3805,0,0,"sierranevada",3,12
"WaterSurf",246,0,0,"sierranevada",3,12
"AlpConF",173794,0,0,"sierranevada",6,1
"AlpScrGr",631034,0,0,"sierranevada",6,1
"AridScr",766,0,0,"sierranevada",6,1
"ArtSurf",8799,0,0,"sierranevada",6,1
"BareArea",50,0,0,"sierranevada",6,1
"Crop",1432,0,0,"sierranevada",6,1
"Grass",77894,0,0,"sierranevada",6,1
"HaloVeg",90,0,0,"sierranevada",6,1
"HydroRipVeg",1442,0,0,"sierranevada",6,1
"MedConF",2985,0,0,"sierranevada",6,1
"MedSclF",38403,1,0,"sierranevada",6,1
"MedScrub",110649,4,0,"sierranevada",6,1
"Reforestation",29222,0,0,"sierranevada",6,1
"RipF",2926,0,0,"sierranevada",6,1
"RockScreeVeg",99111,1,0,"sierranevada",6,1
"SMedMarF",16274,0,0,"sierranevada",6,1
"Shrub",3805,0,0,"sierranevada",6,1
"WaterSurf",246,0,0,"sierranevada",6,1
"AlpConF",173794,13,0.01,"sierranevada",6,2
"AlpScrGr",631149,6,0,"sierranevada",6,2
"AridScr",773,7,0.91,"sierranevada",6,2
"ArtSurf",8799,11,0.13,"sierranevada",6,2
"BareArea",50,0,0,"sierranevada",6,2
"Crop",1432,20,1.4,"sierranevada",6,2
"Grass",77900,92,0.12,"sierranevada",6,2
"HaloVeg",90,0,0,"sierranevada",6,2
"HydroRipVeg",1447,5,0.35,"sierranevada",6,2
"MedConF",2985,0,0,"sierranevada",6,2
"MedSclF",38437,65,0.17,"sierranevada",6,2
"MedScrub",110663,753,0.68,"sierranevada",6,2
"Reforestation",29226,6,0.02,"sierranevada",6,2
"RipF",2930,9,0.31,"sierranevada",6,2
"RockScreeVeg",99119,286,0.29,"sierranevada",6,2
"SMedMarF",16274,1,0.01,"sierranevada",6,2
"Shrub",3805,8,0.21,"sierranevada",6,2
"WaterSurf",246,0,0,"sierranevada",6,2
"AlpConF",173796,0,0,"sierranevada",6,3
"AlpScrGr",631177,0,0,"sierranevada",6,3
"AridScr",774,0,0,"sierranevada",6,3
"ArtSurf",8799,0,0,"sierranevada",6,3
"BareArea",50,0,0,"sierranevada",6,3
"Crop",1432,0,0,"sierranevada",6,3
"Grass",77900,0,0,"sierranevada",6,3
"HaloVeg",90,0,0,"sierranevada",6,3
"HydroRipVeg",1448,0,0,"sierranevada",6,3
"MedConF",2985,0,0,"sierranevada",6,3
"MedSclF",38437,0,0,"sierranevada",6,3
"MedScrub",110663,0,0,"sierranevada",6,3
"Reforestation",29226,0,0,"sierranevada",6,3
"RipF",2930,0,0,"sierranevada",6,3
"RockScreeVeg",99121,0,0,"sierranevada",6,3
"SMedMarF",16274,0,0,"sierranevada",6,3
"Shrub",3805,0,0,"sierranevada",6,3
"WaterSurf",246,0,0,"sierranevada",6,3
"AlpConF",173796,0,0,"sierranevada",6,4
"AlpScrGr",631177,0,0,"sierranevada",6,4
"AridScr",774,0,0,"sierranevada",6,4
"ArtSurf",8799,0,0,"sierranevada",6,4
"BareArea",50,0,0,"sierranevada",6,4
"Crop",1432,0,0,"sierranevada",6,4
"Grass",77900,0,0,"sierranevada",6,4
"HaloVeg",90,0,0,"sierranevada",6,4
"HydroRipVeg",1448,0,0,"sierranevada",6,4
"MedConF",2985,0,0,"sierranevada",6,4
"MedSclF",38437,0,0,"sierranevada",6,4
"MedScrub",110663,0,0,"sierranevada",6,4
"Reforestation",29226,0,0,"sierranevada",6,4
"RipF",2930,0,0,"sierranevada",6,4
"RockScreeVeg",99121,0,0,"sierranevada",6,4
"SMedMarF",16274,0,0,"sierranevada",6,4
"Shrub",3805,0,0,"sierranevada",6,4
"WaterSurf",246,0,0,"sierranevada",6,4
"AlpConF",173796,119,0.07,"sierranevada",6,5
"AlpScrGr",631177,4100,0.65,"sierranevada",6,5
"AridScr",774,68,8.79,"sierranevada",6,5
"ArtSurf",8799,95,1.08,"sierranevada",6,5
"BareArea",50,0,0,"sierranevada",6,5
"Crop",1432,136,9.5,"sierranevada",6,5
"Grass",77900,1415,1.82,"sierranevada",6,5
"HaloVeg",90,1,1.11,"sierranevada",6,5
"HydroRipVeg",1448,69,4.77,"sierranevada",6,5
"MedConF",2985,0,0,"sierranevada",6,5
"MedSclF",38437,1832,4.77,"sierranevada",6,5
"MedScrub",110663,6072,5.49,"sierranevada",6,5
"Reforestation",29226,81,0.28,"sierranevada",6,5
"RipF",2930,35,1.19,"sierranevada",6,5
"RockScreeVeg",99121,751,0.76,"sierranevada",6,5
"SMedMarF",16274,9,0.06,"sierranevada",6,5
"Shrub",3805,37,0.97,"sierranevada",6,5
"WaterSurf",246,0,0,"sierranevada",6,5
"AlpConF",173796,1371,0.79,"sierranevada",6,6
"AlpScrGr",631177,19928,3.16,"sierranevada",6,6
"AridScr",774,405,52.33,"sierranevada",6,6
"ArtSurf",8799,357,4.06,"sierranevada",6,6
"BareArea",50,2,4,"sierranevada",6,6
"Crop",1432,284,19.83,"sierranevada",6,6
"Grass",77900,6056,7.77,"sierranevada",6,6
"HaloVeg",90,19,21.11,"sierranevada",6,6
"HydroRipVeg",1448,228,15.75,"sierranevada",6,6
"MedConF",2985,166,5.56,"sierranevada",6,6
"MedSclF",38437,8447,21.98,"sierranevada",6,6
"MedScrub",110663,16788,15.17,"sierranevada",6,6
"Reforestation",29226,418,1.43,"sierranevada",6,6
"RipF",2930,173,5.9,"sierranevada",6,6
"RockScreeVeg",99121,3304,3.33,"sierranevada",6,6
"SMedMarF",16274,1129,6.94,"sierranevada",6,6
"Shrub",3805,259,6.81,"sierranevada",6,6
"WaterSurf",246,0,0,"sierranevada",6,6
"AlpConF",173796,39292,22.61,"sierranevada",6,7
"AlpScrGr",631181,345682,54.77,"sierranevada",6,7
"AridScr",774,472,60.98,"sierranevada",6,7
"ArtSurf",8799,3535,40.18,"sierranevada",6,7
"BareArea",50,16,32,"sierranevada",6,7
"Crop",1432,1151,80.38,"sierranevada",6,7
"Grass",77900,35723,45.86,"sierranevada",6,7
"HaloVeg",90,62,68.89,"sierranevada",6,7
"HydroRipVeg",1448,1104,76.24,"sierranevada",6,7
"MedConF",2985,783,26.23,"sierranevada",6,7
"MedSclF",38437,30905,80.4,"sierranevada",6,7
"MedScrub",110663,79784,72.1,"sierranevada",6,7
"Reforestation",29226,4427,15.15,"sierranevada",6,7
"RipF",2930,1609,54.91,"sierranevada",6,7
"RockScreeVeg",99121,15901,16.04,"sierranevada",6,7
"SMedMarF",16274,12467,76.61,"sierranevada",6,7
"Shrub",3805,2877,75.61,"sierranevada",6,7
"WaterSurf",246,5,2.03,"sierranevada",6,7
"AlpConF",173796,53304,30.67,"sierranevada",6,8
"AlpScrGr",631178,295434,46.81,"sierranevada",6,8
"AridScr",774,371,47.93,"sierranevada",6,8
"ArtSurf",8799,3375,38.36,"sierranevada",6,8
"BareArea",50,24,48,"sierranevada",6,8
"Crop",1432,933,65.15,"sierranevada",6,8
"Grass",77900,41331,53.06,"sierranevada",6,8
"HaloVeg",90,65,72.22,"sierranevada",6,8
"HydroRipVeg",1448,1054,72.79,"sierranevada",6,8
"MedConF",2985,1673,56.05,"sierranevada",6,8
"MedSclF",38437,31173,81.1,"sierranevada",6,8
"MedScrub",110663,78455,70.9,"sierranevada",6,8
"Reforestation",29226,6212,21.26,"sierranevada",6,8
"RipF",2930,1781,60.78,"sierranevada",6,8
"RockScreeVeg",99121,18634,18.8,"sierranevada",6,8
"SMedMarF",16274,13203,81.13,"sierranevada",6,8
"Shrub",3805,2981,78.34,"sierranevada",6,8
"WaterSurf",246,25,10.16,"sierranevada",6,8
"AlpConF",173796,221,0.13,"sierranevada",6,9
"AlpScrGr",631177,8663,1.37,"sierranevada",6,9
"AridScr",774,1,0.13,"sierranevada",6,9
"ArtSurf",8799,79,0.9,"sierranevada",6,9
"BareArea",50,0,0,"sierranevada",6,9
"Crop",1432,22,1.54,"sierranevada",6,9
"Grass",77900,1078,1.38,"sierranevada",6,9
"HaloVeg",90,7,7.78,"sierranevada",6,9
"HydroRipVeg",1448,35,2.42,"sierranevada",6,9
"MedConF",2985,32,1.07,"sierranevada",6,9
"MedSclF",38437,327,0.85,"sierranevada",6,9
"MedScrub",110663,2328,2.1,"sierranevada",6,9
"Reforestation",29226,116,0.4,"sierranevada",6,9
"RipF",2930,16,0.55,"sierranevada",6,9
"RockScreeVeg",99121,391,0.39,"sierranevada",6,9
"SMedMarF",16274,31,0.19,"sierranevada",6,9
"Shrub",3805,111,2.92,"sierranevada",6,9
"WaterSurf",246,0,0,"sierranevada",6,9
"AlpConF",173796,14,0.01,"sierranevada",6,10
"AlpScrGr",631178,532,0.08,"sierranevada",6,10
"AridScr",774,0,0,"sierranevada",6,10
"ArtSurf",8799,6,0.07,"sierranevada",6,10
"BareArea",50,0,0,"sierranevada",6,10
"Crop",1432,5,0.35,"sierranevada",6,10
"Grass",77900,28,0.04,"sierranevada",6,10
"HaloVeg",90,0,0,"sierranevada",6,10
"HydroRipVeg",1448,5,0.35,"sierranevada",6,10
"MedConF",2985,0,0,"sierranevada",6,10
"MedSclF",38437,1,0,"sierranevada",6,10
"MedScrub",110663,64,0.06,"sierranevada",6,10
"Reforestation",29226,0,0,"sierranevada",6,10
"RipF",2930,2,0.07,"sierranevada",6,10
"RockScreeVeg",99121,47,0.05,"sierranevada",6,10
"SMedMarF",16274,0,0,"sierranevada",6,10
"Shrub",3805,0,0,"sierranevada",6,10
"WaterSurf",246,0,0,"sierranevada",6,10
"AlpConF",173794,38,0.02,"sierranevada",6,11
"AlpScrGr",631149,1037,0.16,"sierranevada",6,11
"AridScr",772,234,30.31,"sierranevada",6,11
"ArtSurf",8799,26,0.3,"sierranevada",6,11
"BareArea",50,0,0,"sierranevada",6,11
"Crop",1432,41,2.86,"sierranevada",6,11
"Grass",77897,703,0.9,"sierranevada",6,11
"HaloVeg",90,5,5.56,"sierranevada",6,11
"HydroRipVeg",1448,3,0.21,"sierranevada",6,11
"MedConF",2985,19,0.64,"sierranevada",6,11
"MedSclF",38428,78,0.2,"sierranevada",6,11
"MedScrub",110657,1151,1.04,"sierranevada",6,11
"Reforestation",29224,13,0.04,"sierranevada",6,11
"RipF",2930,16,0.55,"sierranevada",6,11
"RockScreeVeg",99119,444,0.45,"sierranevada",6,11
"SMedMarF",16274,31,0.19,"sierranevada",6,11
"Shrub",3805,5,0.13,"sierranevada",6,11
"WaterSurf",246,0,0,"sierranevada",6,11
"AlpConF",173767,3,0,"sierranevada",6,12
"AlpScrGr",631026,68,0.01,"sierranevada",6,12
"AridScr",763,6,0.79,"sierranevada",6,12
"ArtSurf",8799,6,0.07,"sierranevada",6,12
"BareArea",50,1,2,"sierranevada",6,12
"Crop",1432,28,1.96,"sierranevada",6,12
"Grass",77879,79,0.1,"sierranevada",6,12
"HaloVeg",90,0,0,"sierranevada",6,12
"HydroRipVeg",1442,7,0.49,"sierranevada",6,12
"MedConF",2985,1,0.03,"sierranevada",6,12
"MedSclF",38375,110,0.29,"sierranevada",6,12
"MedScrub",110617,387,0.35,"sierranevada",6,12
"Reforestation",29221,21,0.07,"sierranevada",6,12
"RipF",2928,0,0,"sierranevada",6,12
"RockScreeVeg",99098,128,0.13,"sierranevada",6,12
"SMedMarF",16272,2,0.01,"sierranevada",6,12
"Shrub",3805,0,0,"sierranevada",6,12
"WaterSurf",246,0,0,"sierranevada",6,12
"AlpConF",173794,1,0,"sierranevada",9,1
"AlpScrGr",631034,58,0.01,"sierranevada",9,1
"AridScr",766,4,0.52,"sierranevada",9,1
"ArtSurf",8799,4,0.05,"sierranevada",9,1
"BareArea",50,0,0,"sierranevada",9,1
"Crop",1432,7,0.49,"sierranevada",9,1
"Grass",77894,30,0.04,"sierranevada",9,1
"HaloVeg",90,2,2.22,"sierranevada",9,1
"HydroRipVeg",1442,2,0.14,"sierranevada",9,1
"MedConF",2985,0,0,"sierranevada",9,1
"MedSclF",38403,23,0.06,"sierranevada",9,1
"MedScrub",110649,242,0.22,"sierranevada",9,1
"Reforestation",29222,0,0,"sierranevada",9,1
"RipF",2926,1,0.03,"sierranevada",9,1
"RockScreeVeg",99111,54,0.05,"sierranevada",9,1
"SMedMarF",16274,8,0.05,"sierranevada",9,1
"Shrub",3805,0,0,"sierranevada",9,1
"WaterSurf",246,0,0,"sierranevada",9,1
"AlpConF",173794,1,0,"sierranevada",9,2
"AlpScrGr",631149,1,0,"sierranevada",9,2
"AridScr",773,0,0,"sierranevada",9,2
"ArtSurf",8799,1,0.01,"sierranevada",9,2
"BareArea",50,0,0,"sierranevada",9,2
"Crop",1432,0,0,"sierranevada",9,2
"Grass",77900,14,0.02,"sierranevada",9,2
"HaloVeg",90,0,0,"sierranevada",9,2
"HydroRipVeg",1447,1,0.07,"sierranevada",9,2
"MedConF",2985,0,0,"sierranevada",9,2
"MedSclF",38437,8,0.02,"sierranevada",9,2
"MedScrub",110663,94,0.08,"sierranevada",9,2
"Reforestation",29226,0,0,"sierranevada",9,2
"RipF",2930,1,0.03,"sierranevada",9,2
"RockScreeVeg",99119,41,0.04,"sierranevada",9,2
"SMedMarF",16274,0,0,"sierranevada",9,2
"Shrub",3805,1,0.03,"sierranevada",9,2
"WaterSurf",246,0,0,"sierranevada",9,2
"AlpConF",173796,0,0,"sierranevada",9,3
"AlpScrGr",631177,0,0,"sierranevada",9,3
"AridScr",774,0,0,"sierranevada",9,3
"ArtSurf",8799,0,0,"sierranevada",9,3
"BareArea",50,0,0,"sierranevada",9,3
"Crop",1432,0,0,"sierranevada",9,3
"Grass",77900,0,0,"sierranevada",9,3
"HaloVeg",90,0,0,"sierranevada",9,3
"HydroRipVeg",1448,0,0,"sierranevada",9,3
"MedConF",2985,0,0,"sierranevada",9,3
"MedSclF",38437,0,0,"sierranevada",9,3
"MedScrub",110663,0,0,"sierranevada",9,3
"Reforestation",29226,0,0,"sierranevada",9,3
"RipF",2930,0,0,"sierranevada",9,3
"RockScreeVeg",99121,0,0,"sierranevada",9,3
"SMedMarF",16274,0,0,"sierranevada",9,3
"Shrub",3805,0,0,"sierranevada",9,3
"WaterSurf",246,0,0,"sierranevada",9,3
"AlpConF",173796,1,0,"sierranevada",9,4
"AlpScrGr",631177,55,0.01,"sierranevada",9,4
"AridScr",774,0,0,"sierranevada",9,4
"ArtSurf",8799,2,0.02,"sierranevada",9,4
"BareArea",50,0,0,"sierranevada",9,4
"Crop",1432,0,0,"sierranevada",9,4
"Grass",77900,7,0.01,"sierranevada",9,4
"HaloVeg",90,0,0,"sierranevada",9,4
"HydroRipVeg",1448,0,0,"sierranevada",9,4
"MedConF",2985,0,0,"sierranevada",9,4
"MedSclF",38437,0,0,"sierranevada",9,4
"MedScrub",110663,12,0.01,"sierranevada",9,4
"Reforestation",29226,0,0,"sierranevada",9,4
"RipF",2930,1,0.03,"sierranevada",9,4
"RockScreeVeg",99121,9,0.01,"sierranevada",9,4
"SMedMarF",16274,0,0,"sierranevada",9,4
"Shrub",3805,0,0,"sierranevada",9,4
"WaterSurf",246,0,0,"sierranevada",9,4
"AlpConF",173796,680,0.39,"sierranevada",9,5
"AlpScrGr",631177,23081,3.66,"sierranevada",9,5
"AridScr",774,173,22.35,"sierranevada",9,5
"ArtSurf",8799,302,3.43,"sierranevada",9,5
"BareArea",50,2,4,"sierranevada",9,5
"Crop",1432,284,19.83,"sierranevada",9,5
"Grass",77900,5282,6.78,"sierranevada",9,5
"HaloVeg",90,23,25.56,"sierranevada",9,5
"HydroRipVeg",1448,147,10.15,"sierranevada",9,5
"MedConF",2985,2,0.07,"sierranevada",9,5
"MedSclF",38437,5117,13.31,"sierranevada",9,5
"MedScrub",110663,15703,14.19,"sierranevada",9,5
"Reforestation",29226,223,0.76,"sierranevada",9,5
"RipF",2930,196,6.69,"sierranevada",9,5
"RockScreeVeg",99121,2987,3.01,"sierranevada",9,5
"SMedMarF",16274,260,1.6,"sierranevada",9,5
"Shrub",3805,269,7.07,"sierranevada",9,5
"WaterSurf",246,0,0,"sierranevada",9,5
"AlpConF",173796,5902,3.4,"sierranevada",9,6
"AlpScrGr",631177,110200,17.46,"sierranevada",9,6
"AridScr",774,504,65.12,"sierranevada",9,6
"ArtSurf",8799,1303,14.81,"sierranevada",9,6
"BareArea",50,7,14,"sierranevada",9,6
"Crop",1432,734,51.26,"sierranevada",9,6
"Grass",77900,15507,19.91,"sierranevada",9,6
"HaloVeg",90,42,46.67,"sierranevada",9,6
"HydroRipVeg",1448,619,42.75,"sierranevada",9,6
"MedConF",2985,318,10.65,"sierranevada",9,6
"MedSclF",38437,22029,57.31,"sierranevada",9,6
"MedScrub",110663,35892,32.43,"sierranevada",9,6
"Reforestation",29226,1389,4.75,"sierranevada",9,6
"RipF",2930,682,23.28,"sierranevada",9,6
"RockScreeVeg",99121,8106,8.18,"sierranevada",9,6
"SMedMarF",16274,3951,24.28,"sierranevada",9,6
"Shrub",3805,751,19.74,"sierranevada",9,6
"WaterSurf",246,0,0,"sierranevada",9,6
"AlpConF",173796,14863,8.55,"sierranevada",9,7
"AlpScrGr",631181,116893,18.52,"sierranevada",9,7
"AridScr",774,343,44.32,"sierranevada",9,7
"ArtSurf",8799,1069,12.15,"sierranevada",9,7
"BareArea",50,12,24,"sierranevada",9,7
"Crop",1432,641,44.76,"sierranevada",9,7
"Grass",77900,16751,21.5,"sierranevada",9,7
"HaloVeg",90,44,48.89,"sierranevada",9,7
"HydroRipVeg",1448,550,37.98,"sierranevada",9,7
"MedConF",2985,404,13.53,"sierranevada",9,7
"MedSclF",38437,26160,68.06,"sierranevada",9,7
"MedScrub",110663,35249,31.85,"sierranevada",9,7
"Reforestation",29226,1542,5.28,"sierranevada",9,7
"RipF",2930,847,28.91,"sierranevada",9,7
"RockScreeVeg",99121,7316,7.38,"sierranevada",9,7
"SMedMarF",16274,4068,25,"sierranevada",9,7
"Shrub",3805,1448,38.06,"sierranevada",9,7
"WaterSurf",246,3,1.22,"sierranevada",9,7
"AlpConF",173796,59812,34.42,"sierranevada",9,8
"AlpScrGr",631178,379028,60.05,"sierranevada",9,8
"AridScr",774,365,47.16,"sierranevada",9,8
"ArtSurf",8799,1978,22.48,"sierranevada",9,8
"BareArea",50,24,48,"sierranevada",9,8
"Crop",1432,788,55.03,"sierranevada",9,8
"Grass",77900,38868,49.89,"sierranevada",9,8
"HaloVeg",90,44,48.89,"sierranevada",9,8
"HydroRipVeg",1448,1054,72.79,"sierranevada",9,8
"MedConF",2985,1300,43.55,"sierranevada",9,8
"MedSclF",38437,32525,84.62,"sierranevada",9,8
"MedScrub",110663,61489,55.56,"sierranevada",9,8
"Reforestation",29226,4891,16.74,"sierranevada",9,8
"RipF",2930,1962,66.96,"sierranevada",9,8
"RockScreeVeg",99121,38156,38.49,"sierranevada",9,8
"SMedMarF",16274,11146,68.49,"sierranevada",9,8
"Shrub",3805,2391,62.84,"sierranevada",9,8
"WaterSurf",246,42,17.07,"sierranevada",9,8
"AlpConF",173796,6737,3.88,"sierranevada",9,9
"AlpScrGr",631177,147156,23.31,"sierranevada",9,9
"AridScr",774,275,35.53,"sierranevada",9,9
"ArtSurf",8799,868,9.86,"sierranevada",9,9
"BareArea",50,15,30,"sierranevada",9,9
"Crop",1432,623,43.51,"sierranevada",9,9
"Grass",77900,12065,15.49,"sierranevada",9,9
"HaloVeg",90,33,36.67,"sierranevada",9,9
"HydroRipVeg",1448,620,42.82,"sierranevada",9,9
"MedConF",2985,656,21.98,"sierranevada",9,9
"MedSclF",38437,11877,30.9,"sierranevada",9,9
"MedScrub",110663,26053,23.54,"sierranevada",9,9
"Reforestation",29226,1550,5.3,"sierranevada",9,9
"RipF",2930,480,16.38,"sierranevada",9,9
"RockScreeVeg",99121,12368,12.48,"sierranevada",9,9
"SMedMarF",16274,1362,8.37,"sierranevada",9,9
"Shrub",3805,729,19.16,"sierranevada",9,9
"WaterSurf",246,32,13.01,"sierranevada",9,9
"AlpConF",173796,2543,1.46,"sierranevada",9,10
"AlpScrGr",631178,76571,12.13,"sierranevada",9,10
"AridScr",774,16,2.07,"sierranevada",9,10
"ArtSurf",8799,640,7.27,"sierranevada",9,10
"BareArea",50,2,4,"sierranevada",9,10
"Crop",1432,556,38.83,"sierranevada",9,10
"Grass",77900,9410,12.08,"sierranevada",9,10
"HaloVeg",90,20,22.22,"sierranevada",9,10
"HydroRipVeg",1448,356,24.59,"sierranevada",9,10
"MedConF",2985,79,2.65,"sierranevada",9,10
"MedSclF",38437,3265,8.49,"sierranevada",9,10
"MedScrub",110663,19897,17.98,"sierranevada",9,10
"Reforestation",29226,1147,3.92,"sierranevada",9,10
"RipF",2930,578,19.73,"sierranevada",9,10
"RockScreeVeg",99121,5332,5.38,"sierranevada",9,10
"SMedMarF",16274,3829,23.53,"sierranevada",9,10
"Shrub",3805,841,22.1,"sierranevada",9,10
"WaterSurf",246,9,3.66,"sierranevada",9,10
"AlpConF",173794,78,0.04,"sierranevada",9,11
"AlpScrGr",631149,1154,0.18,"sierranevada",9,11
"AridScr",772,119,15.41,"sierranevada",9,11
"ArtSurf",8799,15,0.17,"sierranevada",9,11
"BareArea",50,0,0,"sierranevada",9,11
"Crop",1432,26,1.82,"sierranevada",9,11
"Grass",77897,479,0.61,"sierranevada",9,11
"HaloVeg",90,0,0,"sierranevada",9,11
"HydroRipVeg",1448,1,0.07,"sierranevada",9,11
"MedConF",2985,14,0.47,"sierranevada",9,11
"MedSclF",38428,104,0.27,"sierranevada",9,11
"MedScrub",110657,592,0.53,"sierranevada",9,11
"Reforestation",29224,2,0.01,"sierranevada",9,11
"RipF",2930,10,0.34,"sierranevada",9,11
"RockScreeVeg",99119,190,0.19,"sierranevada",9,11
"SMedMarF",16274,13,0.08,"sierranevada",9,11
"Shrub",3805,14,0.37,"sierranevada",9,11
"WaterSurf",246,0,0,"sierranevada",9,11
"AlpConF",173767,2,0,"sierranevada",9,12
"AlpScrGr",631026,22,0,"sierranevada",9,12
"AridScr",763,1,0.13,"sierranevada",9,12
"ArtSurf",8799,1,0.01,"sierranevada",9,12
"BareArea",50,0,0,"sierranevada",9,12
"Crop",1432,9,0.63,"sierranevada",9,12
"Grass",77879,35,0.04,"sierranevada",9,12
"HaloVeg",90,0,0,"sierranevada",9,12
"HydroRipVeg",1442,3,0.21,"sierranevada",9,12
"MedConF",2985,0,0,"sierranevada",9,12
"MedSclF",38375,20,0.05,"sierranevada",9,12
"MedScrub",110617,108,0.1,"sierranevada",9,12
"Reforestation",29221,8,0.03,"sierranevada",9,12
"RipF",2928,1,0.03,"sierranevada",9,12
"RockScreeVeg",99098,30,0.03,"sierranevada",9,12
"SMedMarF",16272,1,0.01,"sierranevada",9,12
"Shrub",3805,3,0.08,"sierranevada",9,12
"WaterSurf",246,0,0,"sierranevada",9,12
"AlpConF",173794,0,0,"sierranevada",12,1
"AlpScrGr",631034,0,0,"sierranevada",12,1
"AridScr",766,0,0,"sierranevada",12,1
"ArtSurf",8799,0,0,"sierranevada",12,1
"BareArea",50,0,0,"sierranevada",12,1
"Crop",1432,0,0,"sierranevada",12,1
"Grass",77894,0,0,"sierranevada",12,1
"HaloVeg",90,0,0,"sierranevada",12,1
"HydroRipVeg",1442,0,0,"sierranevada",12,1
"MedConF",2985,0,0,"sierranevada",12,1
"MedSclF",38403,0,0,"sierranevada",12,1
"MedScrub",110649,0,0,"sierranevada",12,1
"Reforestation",29222,0,0,"sierranevada",12,1
"RipF",2926,0,0,"sierranevada",12,1
"RockScreeVeg",99111,0,0,"sierranevada",12,1
"SMedMarF",16274,0,0,"sierranevada",12,1
"Shrub",3805,0,0,"sierranevada",12,1
"WaterSurf",246,0,0,"sierranevada",12,1
"AlpConF",173794,0,0,"sierranevada",12,2
"AlpScrGr",631149,0,0,"sierranevada",12,2
"AridScr",773,0,0,"sierranevada",12,2
"ArtSurf",8799,0,0,"sierranevada",12,2
"BareArea",50,0,0,"sierranevada",12,2
"Crop",1432,0,0,"sierranevada",12,2
"Grass",77900,0,0,"sierranevada",12,2
"HaloVeg",90,0,0,"sierranevada",12,2
"HydroRipVeg",1447,0,0,"sierranevada",12,2
"MedConF",2985,0,0,"sierranevada",12,2
"MedSclF",38437,0,0,"sierranevada",12,2
"MedScrub",110663,0,0,"sierranevada",12,2
"Reforestation",29226,0,0,"sierranevada",12,2
"RipF",2930,0,0,"sierranevada",12,2
"RockScreeVeg",99119,0,0,"sierranevada",12,2
"SMedMarF",16274,0,0,"sierranevada",12,2
"Shrub",3805,0,0,"sierranevada",12,2
"WaterSurf",246,0,0,"sierranevada",12,2
"AlpConF",173796,0,0,"sierranevada",12,3
"AlpScrGr",631177,0,0,"sierranevada",12,3
"AridScr",774,0,0,"sierranevada",12,3
"ArtSurf",8799,0,0,"sierranevada",12,3
"BareArea",50,0,0,"sierranevada",12,3
"Crop",1432,0,0,"sierranevada",12,3
"Grass",77900,0,0,"sierranevada",12,3
"HaloVeg",90,0,0,"sierranevada",12,3
"HydroRipVeg",1448,0,0,"sierranevada",12,3
"MedConF",2985,0,0,"sierranevada",12,3
"MedSclF",38437,0,0,"sierranevada",12,3
"MedScrub",110663,0,0,"sierranevada",12,3
"Reforestation",29226,0,0,"sierranevada",12,3
"RipF",2930,0,0,"sierranevada",12,3
"RockScreeVeg",99121,0,0,"sierranevada",12,3
"SMedMarF",16274,0,0,"sierranevada",12,3
"Shrub",3805,0,0,"sierranevada",12,3
"WaterSurf",246,0,0,"sierranevada",12,3
"AlpConF",173796,0,0,"sierranevada",12,4
"AlpScrGr",631177,0,0,"sierranevada",12,4
"AridScr",774,0,0,"sierranevada",12,4
"ArtSurf",8799,0,0,"sierranevada",12,4
"BareArea",50,0,0,"sierranevada",12,4
"Crop",1432,0,0,"sierranevada",12,4
"Grass",77900,0,0,"sierranevada",12,4
"HaloVeg",90,0,0,"sierranevada",12,4
"HydroRipVeg",1448,0,0,"sierranevada",12,4
"MedConF",2985,0,0,"sierranevada",12,4
"MedSclF",38437,0,0,"sierranevada",12,4
"MedScrub",110663,0,0,"sierranevada",12,4
"Reforestation",29226,0,0,"sierranevada",12,4
"RipF",2930,0,0,"sierranevada",12,4
"RockScreeVeg",99121,0,0,"sierranevada",12,4
"SMedMarF",16274,0,0,"sierranevada",12,4
"Shrub",3805,0,0,"sierranevada",12,4
"WaterSurf",246,0,0,"sierranevada",12,4
"AlpConF",173796,456,0.26,"sierranevada",12,5
"AlpScrGr",631177,18095,2.87,"sierranevada",12,5
"AridScr",774,146,18.86,"sierranevada",12,5
"ArtSurf",8799,262,2.98,"sierranevada",12,5
"BareArea",50,0,0,"sierranevada",12,5
"Crop",1432,214,14.94,"sierranevada",12,5
"Grass",77900,4272,5.48,"sierranevada",12,5
"HaloVeg",90,22,24.44,"sierranevada",12,5
"HydroRipVeg",1448,110,7.6,"sierranevada",12,5
"MedConF",2985,1,0.03,"sierranevada",12,5
"MedSclF",38437,3273,8.52,"sierranevada",12,5
"MedScrub",110663,12422,11.23,"sierranevada",12,5
"Reforestation",29226,154,0.53,"sierranevada",12,5
"RipF",2930,157,5.36,"sierranevada",12,5
"RockScreeVeg",99121,2606,2.63,"sierranevada",12,5
"SMedMarF",16274,250,1.54,"sierranevada",12,5
"Shrub",3805,170,4.47,"sierranevada",12,5
"WaterSurf",246,0,0,"sierranevada",12,5
"AlpConF",173796,6451,3.71,"sierranevada",12,6
"AlpScrGr",631177,121494,19.25,"sierranevada",12,6
"AridScr",774,497,64.21,"sierranevada",12,6
"ArtSurf",8799,1403,15.94,"sierranevada",12,6
"BareArea",50,7,14,"sierranevada",12,6
"Crop",1432,668,46.65,"sierranevada",12,6
"Grass",77900,16467,21.14,"sierranevada",12,6
"HaloVeg",90,43,47.78,"sierranevada",12,6
"HydroRipVeg",1448,641,44.27,"sierranevada",12,6
"MedConF",2985,327,10.95,"sierranevada",12,6
"MedSclF",38437,22569,58.72,"sierranevada",12,6
"MedScrub",110663,38086,34.42,"sierranevada",12,6
"Reforestation",29226,1463,5.01,"sierranevada",12,6
"RipF",2930,784,26.76,"sierranevada",12,6
"RockScreeVeg",99121,8618,8.69,"sierranevada",12,6
"SMedMarF",16274,4826,29.65,"sierranevada",12,6
"Shrub",3805,891,23.42,"sierranevada",12,6
"WaterSurf",246,0,0,"sierranevada",12,6
"AlpConF",173796,45293,26.06,"sierranevada",12,7
"AlpScrGr",631181,229804,36.41,"sierranevada",12,7
"AridScr",774,483,62.4,"sierranevada",12,7
"ArtSurf",8799,1945,22.1,"sierranevada",12,7
"BareArea",50,16,32,"sierranevada",12,7
"Crop",1432,762,53.21,"sierranevada",12,7
"Grass",77900,30642,39.34,"sierranevada",12,7
"HaloVeg",90,50,55.56,"sierranevada",12,7
"HydroRipVeg",1448,880,60.77,"sierranevada",12,7
"MedConF",2985,865,28.98,"sierranevada",12,7
"MedSclF",38437,31963,83.16,"sierranevada",12,7
"MedScrub",110663,59062,53.37,"sierranevada",12,7
"Reforestation",29226,4066,13.91,"sierranevada",12,7
"RipF",2930,1452,49.56,"sierranevada",12,7
"RockScreeVeg",99121,12088,12.2,"sierranevada",12,7
"SMedMarF",16274,8785,53.98,"sierranevada",12,7
"Shrub",3805,2506,65.86,"sierranevada",12,7
"WaterSurf",246,4,1.63,"sierranevada",12,7
"AlpConF",173796,85547,49.22,"sierranevada",12,8
"AlpScrGr",631178,363414,57.58,"sierranevada",12,8
"AridScr",774,467,60.34,"sierranevada",12,8
"ArtSurf",8799,2223,25.26,"sierranevada",12,8
"BareArea",50,30,60,"sierranevada",12,8
"Crop",1432,805,56.22,"sierranevada",12,8
"Grass",77900,47018,60.36,"sierranevada",12,8
"HaloVeg",90,43,47.78,"sierranevada",12,8
"HydroRipVeg",1448,1137,78.52,"sierranevada",12,8
"MedConF",2985,1860,62.31,"sierranevada",12,8
"MedSclF",38437,35367,92.01,"sierranevada",12,8
"MedScrub",110663,72620,65.62,"sierranevada",12,8
"Reforestation",29226,7871,26.93,"sierranevada",12,8
"RipF",2930,2225,75.94,"sierranevada",12,8
"RockScreeVeg",99121,38510,38.85,"sierranevada",12,8
"SMedMarF",16274,14313,87.95,"sierranevada",12,8
"Shrub",3805,2760,72.54,"sierranevada",12,8
"WaterSurf",246,51,20.73,"sierranevada",12,8
"AlpConF",173796,7295,4.2,"sierranevada",12,9
"AlpScrGr",631177,138181,21.89,"sierranevada",12,9
"AridScr",774,343,44.32,"sierranevada",12,9
"ArtSurf",8799,768,8.73,"sierranevada",12,9
"BareArea",50,17,34,"sierranevada",12,9
"Crop",1432,568,39.66,"sierranevada",12,9
"Grass",77900,12489,16.03,"sierranevada",12,9
"HaloVeg",90,28,31.11,"sierranevada",12,9
"HydroRipVeg",1448,577,39.85,"sierranevada",12,9
"MedConF",2985,699,23.42,"sierranevada",12,9
"MedSclF",38437,19832,51.6,"sierranevada",12,9
"MedScrub",110663,25527,23.07,"sierranevada",12,9
"Reforestation",29226,2113,7.23,"sierranevada",12,9
"RipF",2930,514,17.54,"sierranevada",12,9
"RockScreeVeg",99121,14097,14.22,"sierranevada",12,9
"SMedMarF",16274,1525,9.37,"sierranevada",12,9
"Shrub",3805,862,22.65,"sierranevada",12,9
"WaterSurf",246,32,13.01,"sierranevada",12,9
"AlpConF",173796,656,0.38,"sierranevada",12,10
"AlpScrGr",631178,56435,8.94,"sierranevada",12,10
"AridScr",774,139,17.96,"sierranevada",12,10
"ArtSurf",8799,267,3.03,"sierranevada",12,10
"BareArea",50,2,4,"sierranevada",12,10
"Crop",1432,371,25.91,"sierranevada",12,10
"Grass",77900,5354,6.87,"sierranevada",12,10
"HaloVeg",90,22,24.44,"sierranevada",12,10
"HydroRipVeg",1448,232,16.02,"sierranevada",12,10
"MedConF",2985,122,4.09,"sierranevada",12,10
"MedSclF",38437,5901,15.35,"sierranevada",12,10
"MedScrub",110663,9839,8.89,"sierranevada",12,10
"Reforestation",29226,1596,5.46,"sierranevada",12,10
"RipF",2930,245,8.36,"sierranevada",12,10
"RockScreeVeg",99121,3184,3.21,"sierranevada",12,10
"SMedMarF",16274,821,5.04,"sierranevada",12,10
"Shrub",3805,257,6.75,"sierranevada",12,10
"WaterSurf",246,6,2.44,"sierranevada",12,10
"AlpConF",173794,0,0,"sierranevada",12,11
"AlpScrGr",631149,0,0,"sierranevada",12,11
"AridScr",772,0,0,"sierranevada",12,11
"ArtSurf",8799,0,0,"sierranevada",12,11
"BareArea",50,0,0,"sierranevada",12,11
"Crop",1432,0,0,"sierranevada",12,11
"Grass",77897,0,0,"sierranevada",12,11
"HaloVeg",90,0,0,"sierranevada",12,11
"HydroRipVeg",1448,0,0,"sierranevada",12,11
"MedConF",2985,0,0,"sierranevada",12,11
"MedSclF",38428,0,0,"sierranevada",12,11
"MedScrub",110657,0,0,"sierranevada",12,11
"Reforestation",29224,0,0,"sierranevada",12,11
"RipF",2930,0,0,"sierranevada",12,11
"RockScreeVeg",99119,0,0,"sierranevada",12,11
"SMedMarF",16274,0,0,"sierranevada",12,11
"Shrub",3805,0,0,"sierranevada",12,11
"WaterSurf",246,0,0,"sierranevada",12,11
"AlpConF",173767,0,0,"sierranevada",12,12
"AlpScrGr",631026,0,0,"sierranevada",12,12
"AridScr",763,0,0,"sierranevada",12,12
"ArtSurf",8799,0,0,"sierranevada",12,12
"BareArea",50,0,0,"sierranevada",12,12
"Crop",1432,0,0,"sierranevada",12,12
"Grass",77879,0,0,"sierranevada",12,12
"HaloVeg",90,0,0,"sierranevada",12,12
"HydroRipVeg",1442,0,0,"sierranevada",12,12
"MedConF",2985,0,0,"sierranevada",12,12
"MedSclF",38375,2,0.01,"sierranevada",12,12
"MedScrub",110617,3,0,"sierranevada",12,12
"Reforestation",29221,0,0,"sierranevada",12,12
"RipF",2928,0,0,"sierranevada",12,12
"RockScreeVeg",99098,0,0,"sierranevada",12,12
"SMedMarF",16272,0,0,"sierranevada",12,12
"Shrub",3805,0,0,"sierranevada",12,12
"WaterSurf",246,0,0,"sierranevada",12,12
