"Id_SNVeg","n_total","n_sig","prop_sig","parque","escala","mes"
"AlpConF",47119,0,0,"aiguestortes",1,1
"AlpScrGr",90179,0,0,"aiguestortes",1,1
"Grass",649,0,0,"aiguestortes",1,1
"HydroRipVeg",599,0,0,"aiguestortes",1,1
"RipF",223,0,0,"aiguestortes",1,1
"RockScreeVeg",60305,0,0,"aiguestortes",1,1
"Shrub",528,0,0,"aiguestortes",1,1
"TempDecF",913,0,0,"aiguestortes",1,1
"WaterSurf",4432,0,0,"aiguestortes",1,1
"AlpConF",47129,0,0,"aiguestortes",1,2
"AlpScrGr",90472,11,0.01,"aiguestortes",1,2
"Grass",647,0,0,"aiguestortes",1,2
"HydroRipVeg",599,0,0,"aiguestortes",1,2
"RipF",223,0,0,"aiguestortes",1,2
"RockScreeVeg",60535,6,0.01,"aiguestortes",1,2
"Shrub",528,0,0,"aiguestortes",1,2
"TempDecF",913,0,0,"aiguestortes",1,2
"WaterSurf",4432,0,0,"aiguestortes",1,2
"AlpConF",47131,0,0,"aiguestortes",1,3
"AlpScrGr",90046,0,0,"aiguestortes",1,3
"Grass",650,0,0,"aiguestortes",1,3
"HydroRipVeg",599,0,0,"aiguestortes",1,3
"RipF",223,0,0,"aiguestortes",1,3
"RockScreeVeg",59792,0,0,"aiguestortes",1,3
"Shrub",528,0,0,"aiguestortes",1,3
"TempDecF",913,0,0,"aiguestortes",1,3
"WaterSurf",4426,0,0,"aiguestortes",1,3
"AlpConF",47129,0,0,"aiguestortes",1,4
"AlpScrGr",89976,0,0,"aiguestortes",1,4
"Grass",650,0,0,"aiguestortes",1,4
"HydroRipVeg",599,0,0,"aiguestortes",1,4
"RipF",223,0,0,"aiguestortes",1,4
"RockScreeVeg",59380,0,0,"aiguestortes",1,4
"Shrub",528,0,0,"aiguestortes",1,4
"TempDecF",913,0,0,"aiguestortes",1,4
"WaterSurf",4420,0,0,"aiguestortes",1,4
"AlpConF",47125,0,0,"aiguestortes",1,5
"AlpScrGr",89502,0,0,"aiguestortes",1,5
"Grass",650,0,0,"aiguestortes",1,5
"HydroRipVeg",599,0,0,"aiguestortes",1,5
"RipF",223,0,0,"aiguestortes",1,5
"RockScreeVeg",58338,0,0,"aiguestortes",1,5
"Shrub",528,0,0,"aiguestortes",1,5
"TempDecF",913,0,0,"aiguestortes",1,5
"WaterSurf",4420,0,0,"aiguestortes",1,5
"AlpConF",47156,0,0,"aiguestortes",1,6
"AlpScrGr",89985,0,0,"aiguestortes",1,6
"Grass",650,0,0,"aiguestortes",1,6
"HydroRipVeg",599,0,0,"aiguestortes",1,6
"RipF",223,0,0,"aiguestortes",1,6
"RockScreeVeg",59389,0,0,"aiguestortes",1,6
"Shrub",528,0,0,"aiguestortes",1,6
"TempDecF",913,0,0,"aiguestortes",1,6
"WaterSurf",4420,0,0,"aiguestortes",1,6
"AlpConF",47156,0,0,"aiguestortes",1,7
"AlpScrGr",90194,0,0,"aiguestortes",1,7
"Grass",650,0,0,"aiguestortes",1,7
"HydroRipVeg",599,0,0,"aiguestortes",1,7
"RipF",223,0,0,"aiguestortes",1,7
"RockScreeVeg",59993,0,0,"aiguestortes",1,7
"Shrub",528,0,0,"aiguestortes",1,7
"TempDecF",913,0,0,"aiguestortes",1,7
"WaterSurf",4420,0,0,"aiguestortes",1,7
"AlpConF",47156,0,0,"aiguestortes",1,8
"AlpScrGr",90902,0,0,"aiguestortes",1,8
"Grass",650,0,0,"aiguestortes",1,8
"HydroRipVeg",599,0,0,"aiguestortes",1,8
"RipF",223,0,0,"aiguestortes",1,8
"RockScreeVeg",61591,0,0,"aiguestortes",1,8
"Shrub",528,0,0,"aiguestortes",1,8
"TempDecF",913,0,0,"aiguestortes",1,8
"WaterSurf",4420,0,0,"aiguestortes",1,8
"AlpConF",47133,0,0,"aiguestortes",1,9
"AlpScrGr",91031,0,0,"aiguestortes",1,9
"Grass",650,0,0,"aiguestortes",1,9
"HydroRipVeg",599,0,0,"aiguestortes",1,9
"RipF",223,0,0,"aiguestortes",1,9
"RockScreeVeg",61732,0,0,"aiguestortes",1,9
"Shrub",528,0,0,"aiguestortes",1,9
"TempDecF",913,0,0,"aiguestortes",1,9
"WaterSurf",4423,0,0,"aiguestortes",1,9
"AlpConF",47131,0,0,"aiguestortes",1,10
"AlpScrGr",90476,0,0,"aiguestortes",1,10
"Grass",650,0,0,"aiguestortes",1,10
"HydroRipVeg",599,0,0,"aiguestortes",1,10
"RipF",223,0,0,"aiguestortes",1,10
"RockScreeVeg",60534,0,0,"aiguestortes",1,10
"Shrub",528,0,0,"aiguestortes",1,10
"TempDecF",913,0,0,"aiguestortes",1,10
"WaterSurf",4420,0,0,"aiguestortes",1,10
"AlpConF",47073,0,0,"aiguestortes",1,11
"AlpScrGr",89988,49,0.05,"aiguestortes",1,11
"Grass",648,0,0,"aiguestortes",1,11
"HydroRipVeg",599,0,0,"aiguestortes",1,11
"RipF",223,0,0,"aiguestortes",1,11
"RockScreeVeg",59406,21,0.04,"aiguestortes",1,11
"Shrub",528,0,0,"aiguestortes",1,11
"TempDecF",913,0,0,"aiguestortes",1,11
"WaterSurf",4420,1,0.02,"aiguestortes",1,11
"AlpConF",46858,0,0,"aiguestortes",1,12
"AlpScrGr",89999,0,0,"aiguestortes",1,12
"Grass",643,0,0,"aiguestortes",1,12
"HydroRipVeg",599,0,0,"aiguestortes",1,12
"RipF",223,0,0,"aiguestortes",1,12
"RockScreeVeg",59577,0,0,"aiguestortes",1,12
"Shrub",528,0,0,"aiguestortes",1,12
"TempDecF",904,0,0,"aiguestortes",1,12
"WaterSurf",4422,0,0,"aiguestortes",1,12
"AlpConF",47119,0,0,"aiguestortes",3,1
"AlpScrGr",90179,0,0,"aiguestortes",3,1
"Grass",649,0,0,"aiguestortes",3,1
"HydroRipVeg",599,0,0,"aiguestortes",3,1
"RipF",223,0,0,"aiguestortes",3,1
"RockScreeVeg",60305,0,0,"aiguestortes",3,1
"Shrub",528,0,0,"aiguestortes",3,1
"TempDecF",913,0,0,"aiguestortes",3,1
"WaterSurf",4432,0,0,"aiguestortes",3,1
"AlpConF",47129,0,0,"aiguestortes",3,2
"AlpScrGr",90472,1,0,"aiguestortes",3,2
"Grass",647,0,0,"aiguestortes",3,2
"HydroRipVeg",599,0,0,"aiguestortes",3,2
"RipF",223,0,0,"aiguestortes",3,2
"RockScreeVeg",60535,0,0,"aiguestortes",3,2
"Shrub",528,0,0,"aiguestortes",3,2
"TempDecF",913,0,0,"aiguestortes",3,2
"WaterSurf",4432,0,0,"aiguestortes",3,2
"AlpConF",47131,0,0,"aiguestortes",3,3
"AlpScrGr",90046,0,0,"aiguestortes",3,3
"Grass",650,0,0,"aiguestortes",3,3
"HydroRipVeg",599,0,0,"aiguestortes",3,3
"RipF",223,0,0,"aiguestortes",3,3
"RockScreeVeg",59792,0,0,"aiguestortes",3,3
"Shrub",528,0,0,"aiguestortes",3,3
"TempDecF",913,0,0,"aiguestortes",3,3
"WaterSurf",4426,0,0,"aiguestortes",3,3
"AlpConF",47129,0,0,"aiguestortes",3,4
"AlpScrGr",89976,0,0,"aiguestortes",3,4
"Grass",650,0,0,"aiguestortes",3,4
"HydroRipVeg",599,0,0,"aiguestortes",3,4
"RipF",223,0,0,"aiguestortes",3,4
"RockScreeVeg",59380,0,0,"aiguestortes",3,4
"Shrub",528,0,0,"aiguestortes",3,4
"TempDecF",913,0,0,"aiguestortes",3,4
"WaterSurf",4420,0,0,"aiguestortes",3,4
"AlpConF",47125,0,0,"aiguestortes",3,5
"AlpScrGr",89502,0,0,"aiguestortes",3,5
"Grass",650,0,0,"aiguestortes",3,5
"HydroRipVeg",599,0,0,"aiguestortes",3,5
"RipF",223,0,0,"aiguestortes",3,5
"RockScreeVeg",58338,0,0,"aiguestortes",3,5
"Shrub",528,0,0,"aiguestortes",3,5
"TempDecF",913,0,0,"aiguestortes",3,5
"WaterSurf",4420,0,0,"aiguestortes",3,5
"AlpConF",47156,0,0,"aiguestortes",3,6
"AlpScrGr",89985,2,0,"aiguestortes",3,6
"Grass",650,0,0,"aiguestortes",3,6
"HydroRipVeg",599,0,0,"aiguestortes",3,6
"RipF",223,0,0,"aiguestortes",3,6
"RockScreeVeg",59389,2,0,"aiguestortes",3,6
"Shrub",528,0,0,"aiguestortes",3,6
"TempDecF",913,0,0,"aiguestortes",3,6
"WaterSurf",4420,0,0,"aiguestortes",3,6
"AlpConF",47156,0,0,"aiguestortes",3,7
"AlpScrGr",90194,0,0,"aiguestortes",3,7
"Grass",650,0,0,"aiguestortes",3,7
"HydroRipVeg",599,0,0,"aiguestortes",3,7
"RipF",223,0,0,"aiguestortes",3,7
"RockScreeVeg",59993,0,0,"aiguestortes",3,7
"Shrub",528,0,0,"aiguestortes",3,7
"TempDecF",913,0,0,"aiguestortes",3,7
"WaterSurf",4420,0,0,"aiguestortes",3,7
"AlpConF",47156,4,0.01,"aiguestortes",3,8
"AlpScrGr",90902,3,0,"aiguestortes",3,8
"Grass",650,0,0,"aiguestortes",3,8
"HydroRipVeg",599,0,0,"aiguestortes",3,8
"RipF",223,0,0,"aiguestortes",3,8
"RockScreeVeg",61591,9,0.01,"aiguestortes",3,8
"Shrub",528,0,0,"aiguestortes",3,8
"TempDecF",913,0,0,"aiguestortes",3,8
"WaterSurf",4420,2,0.05,"aiguestortes",3,8
"AlpConF",47133,0,0,"aiguestortes",3,9
"AlpScrGr",91031,0,0,"aiguestortes",3,9
"Grass",650,0,0,"aiguestortes",3,9
"HydroRipVeg",599,0,0,"aiguestortes",3,9
"RipF",223,0,0,"aiguestortes",3,9
"RockScreeVeg",61732,0,0,"aiguestortes",3,9
"Shrub",528,0,0,"aiguestortes",3,9
"TempDecF",913,0,0,"aiguestortes",3,9
"WaterSurf",4423,0,0,"aiguestortes",3,9
"AlpConF",47131,0,0,"aiguestortes",3,10
"AlpScrGr",90476,0,0,"aiguestortes",3,10
"Grass",650,0,0,"aiguestortes",3,10
"HydroRipVeg",599,0,0,"aiguestortes",3,10
"RipF",223,0,0,"aiguestortes",3,10
"RockScreeVeg",60534,0,0,"aiguestortes",3,10
"Shrub",528,0,0,"aiguestortes",3,10
"TempDecF",913,0,0,"aiguestortes",3,10
"WaterSurf",4420,0,0,"aiguestortes",3,10
"AlpConF",47073,0,0,"aiguestortes",3,11
"AlpScrGr",89988,0,0,"aiguestortes",3,11
"Grass",648,0,0,"aiguestortes",3,11
"HydroRipVeg",599,0,0,"aiguestortes",3,11
"RipF",223,0,0,"aiguestortes",3,11
"RockScreeVeg",59406,0,0,"aiguestortes",3,11
"Shrub",528,0,0,"aiguestortes",3,11
"TempDecF",913,0,0,"aiguestortes",3,11
"WaterSurf",4420,0,0,"aiguestortes",3,11
"AlpConF",46858,0,0,"aiguestortes",3,12
"AlpScrGr",89999,0,0,"aiguestortes",3,12
"Grass",643,0,0,"aiguestortes",3,12
"HydroRipVeg",599,0,0,"aiguestortes",3,12
"RipF",223,0,0,"aiguestortes",3,12
"RockScreeVeg",59577,0,0,"aiguestortes",3,12
"Shrub",528,0,0,"aiguestortes",3,12
"TempDecF",904,0,0,"aiguestortes",3,12
"WaterSurf",4422,0,0,"aiguestortes",3,12
"AlpConF",47119,0,0,"aiguestortes",6,1
"AlpScrGr",90179,0,0,"aiguestortes",6,1
"Grass",649,0,0,"aiguestortes",6,1
"HydroRipVeg",599,0,0,"aiguestortes",6,1
"RipF",223,0,0,"aiguestortes",6,1
"RockScreeVeg",60305,0,0,"aiguestortes",6,1
"Shrub",528,0,0,"aiguestortes",6,1
"TempDecF",913,0,0,"aiguestortes",6,1
"WaterSurf",4432,0,0,"aiguestortes",6,1
"AlpConF",47129,0,0,"aiguestortes",6,2
"AlpScrGr",90472,0,0,"aiguestortes",6,2
"Grass",647,0,0,"aiguestortes",6,2
"HydroRipVeg",599,0,0,"aiguestortes",6,2
"RipF",223,0,0,"aiguestortes",6,2
"RockScreeVeg",60535,0,0,"aiguestortes",6,2
"Shrub",528,0,0,"aiguestortes",6,2
"TempDecF",913,0,0,"aiguestortes",6,2
"WaterSurf",4432,0,0,"aiguestortes",6,2
"AlpConF",47131,0,0,"aiguestortes",6,3
"AlpScrGr",90046,0,0,"aiguestortes",6,3
"Grass",650,0,0,"aiguestortes",6,3
"HydroRipVeg",599,0,0,"aiguestortes",6,3
"RipF",223,0,0,"aiguestortes",6,3
"RockScreeVeg",59792,0,0,"aiguestortes",6,3
"Shrub",528,0,0,"aiguestortes",6,3
"TempDecF",913,0,0,"aiguestortes",6,3
"WaterSurf",4426,0,0,"aiguestortes",6,3
"AlpConF",47129,0,0,"aiguestortes",6,4
"AlpScrGr",89976,0,0,"aiguestortes",6,4
"Grass",650,0,0,"aiguestortes",6,4
"HydroRipVeg",599,0,0,"aiguestortes",6,4
"RipF",223,0,0,"aiguestortes",6,4
"RockScreeVeg",59380,0,0,"aiguestortes",6,4
"Shrub",528,0,0,"aiguestortes",6,4
"TempDecF",913,0,0,"aiguestortes",6,4
"WaterSurf",4420,0,0,"aiguestortes",6,4
"AlpConF",47125,0,0,"aiguestortes",6,5
"AlpScrGr",89502,0,0,"aiguestortes",6,5
"Grass",650,0,0,"aiguestortes",6,5
"HydroRipVeg",599,0,0,"aiguestortes",6,5
"RipF",223,0,0,"aiguestortes",6,5
"RockScreeVeg",58338,0,0,"aiguestortes",6,5
"Shrub",528,0,0,"aiguestortes",6,5
"TempDecF",913,0,0,"aiguestortes",6,5
"WaterSurf",4420,0,0,"aiguestortes",6,5
"AlpConF",47156,0,0,"aiguestortes",6,6
"AlpScrGr",89985,1,0,"aiguestortes",6,6
"Grass",650,0,0,"aiguestortes",6,6
"HydroRipVeg",599,0,0,"aiguestortes",6,6
"RipF",223,0,0,"aiguestortes",6,6
"RockScreeVeg",59389,1,0,"aiguestortes",6,6
"Shrub",528,0,0,"aiguestortes",6,6
"TempDecF",913,0,0,"aiguestortes",6,6
"WaterSurf",4420,0,0,"aiguestortes",6,6
"AlpConF",47156,0,0,"aiguestortes",6,7
"AlpScrGr",90194,0,0,"aiguestortes",6,7
"Grass",650,0,0,"aiguestortes",6,7
"HydroRipVeg",599,0,0,"aiguestortes",6,7
"RipF",223,0,0,"aiguestortes",6,7
"RockScreeVeg",59993,0,0,"aiguestortes",6,7
"Shrub",528,0,0,"aiguestortes",6,7
"TempDecF",913,0,0,"aiguestortes",6,7
"WaterSurf",4420,0,0,"aiguestortes",6,7
"AlpConF",47156,0,0,"aiguestortes",6,8
"AlpScrGr",90902,0,0,"aiguestortes",6,8
"Grass",650,0,0,"aiguestortes",6,8
"HydroRipVeg",599,0,0,"aiguestortes",6,8
"RipF",223,0,0,"aiguestortes",6,8
"RockScreeVeg",61591,0,0,"aiguestortes",6,8
"Shrub",528,0,0,"aiguestortes",6,8
"TempDecF",913,0,0,"aiguestortes",6,8
"WaterSurf",4420,0,0,"aiguestortes",6,8
"AlpConF",47133,0,0,"aiguestortes",6,9
"AlpScrGr",91031,0,0,"aiguestortes",6,9
"Grass",650,0,0,"aiguestortes",6,9
"HydroRipVeg",599,0,0,"aiguestortes",6,9
"RipF",223,0,0,"aiguestortes",6,9
"RockScreeVeg",61732,0,0,"aiguestortes",6,9
"Shrub",528,0,0,"aiguestortes",6,9
"TempDecF",913,0,0,"aiguestortes",6,9
"WaterSurf",4423,0,0,"aiguestortes",6,9
"AlpConF",47131,0,0,"aiguestortes",6,10
"AlpScrGr",90476,0,0,"aiguestortes",6,10
"Grass",650,0,0,"aiguestortes",6,10
"HydroRipVeg",599,0,0,"aiguestortes",6,10
"RipF",223,0,0,"aiguestortes",6,10
"RockScreeVeg",60534,0,0,"aiguestortes",6,10
"Shrub",528,0,0,"aiguestortes",6,10
"TempDecF",913,0,0,"aiguestortes",6,10
"WaterSurf",4420,0,0,"aiguestortes",6,10
"AlpConF",47073,0,0,"aiguestortes",6,11
"AlpScrGr",89988,0,0,"aiguestortes",6,11
"Grass",648,0,0,"aiguestortes",6,11
"HydroRipVeg",599,0,0,"aiguestortes",6,11
"RipF",223,0,0,"aiguestortes",6,11
"RockScreeVeg",59406,0,0,"aiguestortes",6,11
"Shrub",528,0,0,"aiguestortes",6,11
"TempDecF",913,0,0,"aiguestortes",6,11
"WaterSurf",4420,0,0,"aiguestortes",6,11
"AlpConF",46858,0,0,"aiguestortes",6,12
"AlpScrGr",89999,8,0.01,"aiguestortes",6,12
"Grass",643,0,0,"aiguestortes",6,12
"HydroRipVeg",599,0,0,"aiguestortes",6,12
"RipF",223,0,0,"aiguestortes",6,12
"RockScreeVeg",59577,0,0,"aiguestortes",6,12
"Shrub",528,0,0,"aiguestortes",6,12
"TempDecF",904,0,0,"aiguestortes",6,12
"WaterSurf",4422,0,0,"aiguestortes",6,12
"AlpConF",47119,0,0,"aiguestortes",9,1
"AlpScrGr",90179,0,0,"aiguestortes",9,1
"Grass",649,0,0,"aiguestortes",9,1
"HydroRipVeg",599,0,0,"aiguestortes",9,1
"RipF",223,0,0,"aiguestortes",9,1
"RockScreeVeg",60305,0,0,"aiguestortes",9,1
"Shrub",528,0,0,"aiguestortes",9,1
"TempDecF",913,0,0,"aiguestortes",9,1
"WaterSurf",4432,0,0,"aiguestortes",9,1
"AlpConF",47129,0,0,"aiguestortes",9,2
"AlpScrGr",90472,0,0,"aiguestortes",9,2
"Grass",647,0,0,"aiguestortes",9,2
"HydroRipVeg",599,0,0,"aiguestortes",9,2
"RipF",223,0,0,"aiguestortes",9,2
"RockScreeVeg",60535,0,0,"aiguestortes",9,2
"Shrub",528,0,0,"aiguestortes",9,2
"TempDecF",913,0,0,"aiguestortes",9,2
"WaterSurf",4432,0,0,"aiguestortes",9,2
"AlpConF",47131,0,0,"aiguestortes",9,3
"AlpScrGr",90046,0,0,"aiguestortes",9,3
"Grass",650,0,0,"aiguestortes",9,3
"HydroRipVeg",599,0,0,"aiguestortes",9,3
"RipF",223,0,0,"aiguestortes",9,3
"RockScreeVeg",59792,0,0,"aiguestortes",9,3
"Shrub",528,0,0,"aiguestortes",9,3
"TempDecF",913,0,0,"aiguestortes",9,3
"WaterSurf",4426,0,0,"aiguestortes",9,3
"AlpConF",47129,0,0,"aiguestortes",9,4
"AlpScrGr",89976,0,0,"aiguestortes",9,4
"Grass",650,0,0,"aiguestortes",9,4
"HydroRipVeg",599,0,0,"aiguestortes",9,4
"RipF",223,0,0,"aiguestortes",9,4
"RockScreeVeg",59380,0,0,"aiguestortes",9,4
"Shrub",528,0,0,"aiguestortes",9,4
"TempDecF",913,0,0,"aiguestortes",9,4
"WaterSurf",4420,0,0,"aiguestortes",9,4
"AlpConF",47125,0,0,"aiguestortes",9,5
"AlpScrGr",89502,0,0,"aiguestortes",9,5
"Grass",650,0,0,"aiguestortes",9,5
"HydroRipVeg",599,0,0,"aiguestortes",9,5
"RipF",223,0,0,"aiguestortes",9,5
"RockScreeVeg",58338,0,0,"aiguestortes",9,5
"Shrub",528,0,0,"aiguestortes",9,5
"TempDecF",913,0,0,"aiguestortes",9,5
"WaterSurf",4420,0,0,"aiguestortes",9,5
"AlpConF",47156,0,0,"aiguestortes",9,6
"AlpScrGr",89985,0,0,"aiguestortes",9,6
"Grass",650,0,0,"aiguestortes",9,6
"HydroRipVeg",599,0,0,"aiguestortes",9,6
"RipF",223,0,0,"aiguestortes",9,6
"RockScreeVeg",59389,0,0,"aiguestortes",9,6
"Shrub",528,0,0,"aiguestortes",9,6
"TempDecF",913,0,0,"aiguestortes",9,6
"WaterSurf",4420,0,0,"aiguestortes",9,6
"AlpConF",47156,0,0,"aiguestortes",9,7
"AlpScrGr",90194,0,0,"aiguestortes",9,7
"Grass",650,0,0,"aiguestortes",9,7
"HydroRipVeg",599,0,0,"aiguestortes",9,7
"RipF",223,0,0,"aiguestortes",9,7
"RockScreeVeg",59993,0,0,"aiguestortes",9,7
"Shrub",528,0,0,"aiguestortes",9,7
"TempDecF",913,0,0,"aiguestortes",9,7
"WaterSurf",4420,0,0,"aiguestortes",9,7
"AlpConF",47156,0,0,"aiguestortes",9,8
"AlpScrGr",90902,0,0,"aiguestortes",9,8
"Grass",650,0,0,"aiguestortes",9,8
"HydroRipVeg",599,0,0,"aiguestortes",9,8
"RipF",223,0,0,"aiguestortes",9,8
"RockScreeVeg",61591,0,0,"aiguestortes",9,8
"Shrub",528,0,0,"aiguestortes",9,8
"TempDecF",913,0,0,"aiguestortes",9,8
"WaterSurf",4420,0,0,"aiguestortes",9,8
"AlpConF",47133,0,0,"aiguestortes",9,9
"AlpScrGr",91031,0,0,"aiguestortes",9,9
"Grass",650,0,0,"aiguestortes",9,9
"HydroRipVeg",599,0,0,"aiguestortes",9,9
"RipF",223,0,0,"aiguestortes",9,9
"RockScreeVeg",61732,0,0,"aiguestortes",9,9
"Shrub",528,0,0,"aiguestortes",9,9
"TempDecF",913,0,0,"aiguestortes",9,9
"WaterSurf",4423,0,0,"aiguestortes",9,9
"AlpConF",47131,0,0,"aiguestortes",9,10
"AlpScrGr",90476,0,0,"aiguestortes",9,10
"Grass",650,0,0,"aiguestortes",9,10
"HydroRipVeg",599,0,0,"aiguestortes",9,10
"RipF",223,0,0,"aiguestortes",9,10
"RockScreeVeg",60534,0,0,"aiguestortes",9,10
"Shrub",528,0,0,"aiguestortes",9,10
"TempDecF",913,0,0,"aiguestortes",9,10
"WaterSurf",4420,0,0,"aiguestortes",9,10
"AlpConF",47073,0,0,"aiguestortes",9,11
"AlpScrGr",89988,0,0,"aiguestortes",9,11
"Grass",648,0,0,"aiguestortes",9,11
"HydroRipVeg",599,0,0,"aiguestortes",9,11
"RipF",223,0,0,"aiguestortes",9,11
"RockScreeVeg",59406,0,0,"aiguestortes",9,11
"Shrub",528,0,0,"aiguestortes",9,11
"TempDecF",913,0,0,"aiguestortes",9,11
"WaterSurf",4420,0,0,"aiguestortes",9,11
"AlpConF",46858,0,0,"aiguestortes",9,12
"AlpScrGr",89999,0,0,"aiguestortes",9,12
"Grass",643,0,0,"aiguestortes",9,12
"HydroRipVeg",599,0,0,"aiguestortes",9,12
"RipF",223,0,0,"aiguestortes",9,12
"RockScreeVeg",59577,0,0,"aiguestortes",9,12
"Shrub",528,0,0,"aiguestortes",9,12
"TempDecF",904,0,0,"aiguestortes",9,12
"WaterSurf",4422,0,0,"aiguestortes",9,12
"AlpConF",47119,0,0,"aiguestortes",12,1
"AlpScrGr",90179,0,0,"aiguestortes",12,1
"Grass",649,0,0,"aiguestortes",12,1
"HydroRipVeg",599,0,0,"aiguestortes",12,1
"RipF",223,0,0,"aiguestortes",12,1
"RockScreeVeg",60305,0,0,"aiguestortes",12,1
"Shrub",528,0,0,"aiguestortes",12,1
"TempDecF",913,0,0,"aiguestortes",12,1
"WaterSurf",4432,0,0,"aiguestortes",12,1
"AlpConF",47129,0,0,"aiguestortes",12,2
"AlpScrGr",90472,0,0,"aiguestortes",12,2
"Grass",647,0,0,"aiguestortes",12,2
"HydroRipVeg",599,0,0,"aiguestortes",12,2
"RipF",223,0,0,"aiguestortes",12,2
"RockScreeVeg",60535,0,0,"aiguestortes",12,2
"Shrub",528,0,0,"aiguestortes",12,2
"TempDecF",913,0,0,"aiguestortes",12,2
"WaterSurf",4432,0,0,"aiguestortes",12,2
"AlpConF",47131,0,0,"aiguestortes",12,3
"AlpScrGr",90046,0,0,"aiguestortes",12,3
"Grass",650,0,0,"aiguestortes",12,3
"HydroRipVeg",599,0,0,"aiguestortes",12,3
"RipF",223,0,0,"aiguestortes",12,3
"RockScreeVeg",59792,0,0,"aiguestortes",12,3
"Shrub",528,0,0,"aiguestortes",12,3
"TempDecF",913,0,0,"aiguestortes",12,3
"WaterSurf",4426,0,0,"aiguestortes",12,3
"AlpConF",47129,0,0,"aiguestortes",12,4
"AlpScrGr",89976,0,0,"aiguestortes",12,4
"Grass",650,0,0,"aiguestortes",12,4
"HydroRipVeg",599,0,0,"aiguestortes",12,4
"RipF",223,0,0,"aiguestortes",12,4
"RockScreeVeg",59380,0,0,"aiguestortes",12,4
"Shrub",528,0,0,"aiguestortes",12,4
"TempDecF",913,0,0,"aiguestortes",12,4
"WaterSurf",4420,0,0,"aiguestortes",12,4
"AlpConF",47125,0,0,"aiguestortes",12,5
"AlpScrGr",89502,0,0,"aiguestortes",12,5
"Grass",650,0,0,"aiguestortes",12,5
"HydroRipVeg",599,0,0,"aiguestortes",12,5
"RipF",223,0,0,"aiguestortes",12,5
"RockScreeVeg",58338,0,0,"aiguestortes",12,5
"Shrub",528,0,0,"aiguestortes",12,5
"TempDecF",913,0,0,"aiguestortes",12,5
"WaterSurf",4420,0,0,"aiguestortes",12,5
"AlpConF",47156,0,0,"aiguestortes",12,6
"AlpScrGr",89985,0,0,"aiguestortes",12,6
"Grass",650,0,0,"aiguestortes",12,6
"HydroRipVeg",599,0,0,"aiguestortes",12,6
"RipF",223,0,0,"aiguestortes",12,6
"RockScreeVeg",59389,0,0,"aiguestortes",12,6
"Shrub",528,0,0,"aiguestortes",12,6
"TempDecF",913,0,0,"aiguestortes",12,6
"WaterSurf",4420,0,0,"aiguestortes",12,6
"AlpConF",47156,0,0,"aiguestortes",12,7
"AlpScrGr",90194,0,0,"aiguestortes",12,7
"Grass",650,0,0,"aiguestortes",12,7
"HydroRipVeg",599,0,0,"aiguestortes",12,7
"RipF",223,0,0,"aiguestortes",12,7
"RockScreeVeg",59993,0,0,"aiguestortes",12,7
"Shrub",528,0,0,"aiguestortes",12,7
"TempDecF",913,0,0,"aiguestortes",12,7
"WaterSurf",4420,0,0,"aiguestortes",12,7
"AlpConF",47156,0,0,"aiguestortes",12,8
"AlpScrGr",90902,0,0,"aiguestortes",12,8
"Grass",650,0,0,"aiguestortes",12,8
"HydroRipVeg",599,0,0,"aiguestortes",12,8
"RipF",223,0,0,"aiguestortes",12,8
"RockScreeVeg",61591,0,0,"aiguestortes",12,8
"Shrub",528,0,0,"aiguestortes",12,8
"TempDecF",913,0,0,"aiguestortes",12,8
"WaterSurf",4420,0,0,"aiguestortes",12,8
"AlpConF",47133,0,0,"aiguestortes",12,9
"AlpScrGr",91031,0,0,"aiguestortes",12,9
"Grass",650,0,0,"aiguestortes",12,9
"HydroRipVeg",599,0,0,"aiguestortes",12,9
"RipF",223,0,0,"aiguestortes",12,9
"RockScreeVeg",61732,0,0,"aiguestortes",12,9
"Shrub",528,0,0,"aiguestortes",12,9
"TempDecF",913,0,0,"aiguestortes",12,9
"WaterSurf",4423,0,0,"aiguestortes",12,9
"AlpConF",47131,0,0,"aiguestortes",12,10
"AlpScrGr",90476,0,0,"aiguestortes",12,10
"Grass",650,0,0,"aiguestortes",12,10
"HydroRipVeg",599,0,0,"aiguestortes",12,10
"RipF",223,0,0,"aiguestortes",12,10
"RockScreeVeg",60534,0,0,"aiguestortes",12,10
"Shrub",528,0,0,"aiguestortes",12,10
"TempDecF",913,0,0,"aiguestortes",12,10
"WaterSurf",4420,0,0,"aiguestortes",12,10
"AlpConF",47073,0,0,"aiguestortes",12,11
"AlpScrGr",89988,0,0,"aiguestortes",12,11
"Grass",648,0,0,"aiguestortes",12,11
"HydroRipVeg",599,0,0,"aiguestortes",12,11
"RipF",223,0,0,"aiguestortes",12,11
"RockScreeVeg",59406,0,0,"aiguestortes",12,11
"Shrub",528,0,0,"aiguestortes",12,11
"TempDecF",913,0,0,"aiguestortes",12,11
"WaterSurf",4420,0,0,"aiguestortes",12,11
"AlpConF",46858,0,0,"aiguestortes",12,12
"AlpScrGr",89999,0,0,"aiguestortes",12,12
"Grass",643,0,0,"aiguestortes",12,12
"HydroRipVeg",599,0,0,"aiguestortes",12,12
"RipF",223,0,0,"aiguestortes",12,12
"RockScreeVeg",59577,0,0,"aiguestortes",12,12
"Shrub",528,0,0,"aiguestortes",12,12
"TempDecF",904,0,0,"aiguestortes",12,12
"WaterSurf",4422,0,0,"aiguestortes",12,12
"ArtSurf",7418,0,0,"cabaneros",1,1
"Crop",2473,0,0,"cabaneros",1,1
"Dehesa",36272,0,0,"cabaneros",1,1
"Grass",52784,0,0,"cabaneros",1,1
"HydroRipVeg",554,0,0,"cabaneros",1,1
"MedConF",35896,0,0,"cabaneros",1,1
"MedSclF",158690,0,0,"cabaneros",1,1
"MedScrub",187005,0,0,"cabaneros",1,1
"Reforestation",57,0,0,"cabaneros",1,1
"RipF",4764,0,0,"cabaneros",1,1
"RockScreeVeg",11067,0,0,"cabaneros",1,1
"SMedMarF",69447,0,0,"cabaneros",1,1
"Shrub",21978,0,0,"cabaneros",1,1
"WaterSurf",177,0,0,"cabaneros",1,1
"ArtSurf",7418,0,0,"cabaneros",1,2
"Crop",2473,0,0,"cabaneros",1,2
"Dehesa",36272,0,0,"cabaneros",1,2
"Grass",52784,0,0,"cabaneros",1,2
"HydroRipVeg",554,0,0,"cabaneros",1,2
"MedConF",35896,0,0,"cabaneros",1,2
"MedSclF",158690,0,0,"cabaneros",1,2
"MedScrub",187005,0,0,"cabaneros",1,2
"Reforestation",57,0,0,"cabaneros",1,2
"RipF",4764,0,0,"cabaneros",1,2
"RockScreeVeg",11067,0,0,"cabaneros",1,2
"SMedMarF",69447,0,0,"cabaneros",1,2
"Shrub",21978,0,0,"cabaneros",1,2
"WaterSurf",177,0,0,"cabaneros",1,2
"ArtSurf",7418,0,0,"cabaneros",1,3
"Crop",2473,0,0,"cabaneros",1,3
"Dehesa",36272,0,0,"cabaneros",1,3
"Grass",52784,0,0,"cabaneros",1,3
"HydroRipVeg",554,0,0,"cabaneros",1,3
"MedConF",35896,0,0,"cabaneros",1,3
"MedSclF",158690,0,0,"cabaneros",1,3
"MedScrub",187005,0,0,"cabaneros",1,3
"Reforestation",57,0,0,"cabaneros",1,3
"RipF",4764,0,0,"cabaneros",1,3
"RockScreeVeg",11067,0,0,"cabaneros",1,3
"SMedMarF",69447,0,0,"cabaneros",1,3
"Shrub",21978,0,0,"cabaneros",1,3
"WaterSurf",177,0,0,"cabaneros",1,3
"ArtSurf",7418,0,0,"cabaneros",1,4
"Crop",2473,0,0,"cabaneros",1,4
"Dehesa",36272,0,0,"cabaneros",1,4
"Grass",52784,0,0,"cabaneros",1,4
"HydroRipVeg",554,0,0,"cabaneros",1,4
"MedConF",35896,0,0,"cabaneros",1,4
"MedSclF",158690,0,0,"cabaneros",1,4
"MedScrub",187005,0,0,"cabaneros",1,4
"Reforestation",57,0,0,"cabaneros",1,4
"RipF",4764,0,0,"cabaneros",1,4
"RockScreeVeg",11067,0,0,"cabaneros",1,4
"SMedMarF",69447,0,0,"cabaneros",1,4
"Shrub",21978,0,0,"cabaneros",1,4
"WaterSurf",177,0,0,"cabaneros",1,4
"ArtSurf",7418,0,0,"cabaneros",1,5
"Crop",2473,0,0,"cabaneros",1,5
"Dehesa",36272,0,0,"cabaneros",1,5
"Grass",52784,0,0,"cabaneros",1,5
"HydroRipVeg",554,0,0,"cabaneros",1,5
"MedConF",35896,0,0,"cabaneros",1,5
"MedSclF",158690,0,0,"cabaneros",1,5
"MedScrub",187005,0,0,"cabaneros",1,5
"Reforestation",57,0,0,"cabaneros",1,5
"RipF",4764,0,0,"cabaneros",1,5
"RockScreeVeg",11067,0,0,"cabaneros",1,5
"SMedMarF",69447,0,0,"cabaneros",1,5
"Shrub",21978,0,0,"cabaneros",1,5
"WaterSurf",177,0,0,"cabaneros",1,5
"ArtSurf",7418,0,0,"cabaneros",1,6
"Crop",2473,0,0,"cabaneros",1,6
"Dehesa",36272,0,0,"cabaneros",1,6
"Grass",52784,0,0,"cabaneros",1,6
"HydroRipVeg",554,0,0,"cabaneros",1,6
"MedConF",35896,0,0,"cabaneros",1,6
"MedSclF",158690,0,0,"cabaneros",1,6
"MedScrub",187005,0,0,"cabaneros",1,6
"Reforestation",57,0,0,"cabaneros",1,6
"RipF",4764,0,0,"cabaneros",1,6
"RockScreeVeg",11067,0,0,"cabaneros",1,6
"SMedMarF",69447,0,0,"cabaneros",1,6
"Shrub",21978,0,0,"cabaneros",1,6
"WaterSurf",177,0,0,"cabaneros",1,6
"ArtSurf",7418,0,0,"cabaneros",1,7
"Crop",2473,0,0,"cabaneros",1,7
"Dehesa",36272,0,0,"cabaneros",1,7
"Grass",52784,0,0,"cabaneros",1,7
"HydroRipVeg",554,0,0,"cabaneros",1,7
"MedConF",35896,0,0,"cabaneros",1,7
"MedSclF",158690,0,0,"cabaneros",1,7
"MedScrub",187005,0,0,"cabaneros",1,7
"Reforestation",57,0,0,"cabaneros",1,7
"RipF",4764,0,0,"cabaneros",1,7
"RockScreeVeg",11067,0,0,"cabaneros",1,7
"SMedMarF",69447,0,0,"cabaneros",1,7
"Shrub",21978,0,0,"cabaneros",1,7
"WaterSurf",177,0,0,"cabaneros",1,7
"ArtSurf",7418,0,0,"cabaneros",1,8
"Crop",2473,0,0,"cabaneros",1,8
"Dehesa",36272,0,0,"cabaneros",1,8
"Grass",52784,0,0,"cabaneros",1,8
"HydroRipVeg",554,0,0,"cabaneros",1,8
"MedConF",35896,0,0,"cabaneros",1,8
"MedSclF",158690,0,0,"cabaneros",1,8
"MedScrub",187005,0,0,"cabaneros",1,8
"Reforestation",57,0,0,"cabaneros",1,8
"RipF",4764,0,0,"cabaneros",1,8
"RockScreeVeg",11067,0,0,"cabaneros",1,8
"SMedMarF",69447,0,0,"cabaneros",1,8
"Shrub",21978,0,0,"cabaneros",1,8
"WaterSurf",177,0,0,"cabaneros",1,8
"ArtSurf",7418,0,0,"cabaneros",1,9
"Crop",2473,0,0,"cabaneros",1,9
"Dehesa",36272,0,0,"cabaneros",1,9
"Grass",52784,0,0,"cabaneros",1,9
"HydroRipVeg",554,0,0,"cabaneros",1,9
"MedConF",35896,0,0,"cabaneros",1,9
"MedSclF",158690,0,0,"cabaneros",1,9
"MedScrub",187005,0,0,"cabaneros",1,9
"Reforestation",57,0,0,"cabaneros",1,9
"RipF",4764,0,0,"cabaneros",1,9
"RockScreeVeg",11067,0,0,"cabaneros",1,9
"SMedMarF",69447,0,0,"cabaneros",1,9
"Shrub",21978,0,0,"cabaneros",1,9
"WaterSurf",177,0,0,"cabaneros",1,9
"ArtSurf",7418,0,0,"cabaneros",1,10
"Crop",2473,0,0,"cabaneros",1,10
"Dehesa",36272,0,0,"cabaneros",1,10
"Grass",52784,0,0,"cabaneros",1,10
"HydroRipVeg",554,0,0,"cabaneros",1,10
"MedConF",35896,0,0,"cabaneros",1,10
"MedSclF",158690,0,0,"cabaneros",1,10
"MedScrub",187005,0,0,"cabaneros",1,10
"Reforestation",57,0,0,"cabaneros",1,10
"RipF",4764,0,0,"cabaneros",1,10
"RockScreeVeg",11067,0,0,"cabaneros",1,10
"SMedMarF",69447,0,0,"cabaneros",1,10
"Shrub",21978,0,0,"cabaneros",1,10
"WaterSurf",177,0,0,"cabaneros",1,10
"ArtSurf",7418,0,0,"cabaneros",1,11
"Crop",2473,0,0,"cabaneros",1,11
"Dehesa",36272,0,0,"cabaneros",1,11
"Grass",52784,0,0,"cabaneros",1,11
"HydroRipVeg",554,0,0,"cabaneros",1,11
"MedConF",35896,0,0,"cabaneros",1,11
"MedSclF",158690,0,0,"cabaneros",1,11
"MedScrub",187005,0,0,"cabaneros",1,11
"Reforestation",57,0,0,"cabaneros",1,11
"RipF",4764,0,0,"cabaneros",1,11
"RockScreeVeg",11067,0,0,"cabaneros",1,11
"SMedMarF",69447,0,0,"cabaneros",1,11
"Shrub",21978,0,0,"cabaneros",1,11
"WaterSurf",177,0,0,"cabaneros",1,11
"ArtSurf",7418,0,0,"cabaneros",1,12
"Crop",2473,0,0,"cabaneros",1,12
"Dehesa",36272,0,0,"cabaneros",1,12
"Grass",52784,0,0,"cabaneros",1,12
"HydroRipVeg",554,0,0,"cabaneros",1,12
"MedConF",35896,0,0,"cabaneros",1,12
"MedSclF",158688,0,0,"cabaneros",1,12
"MedScrub",187005,0,0,"cabaneros",1,12
"Reforestation",57,0,0,"cabaneros",1,12
"RipF",4764,0,0,"cabaneros",1,12
"RockScreeVeg",11067,0,0,"cabaneros",1,12
"SMedMarF",69447,0,0,"cabaneros",1,12
"Shrub",21978,0,0,"cabaneros",1,12
"WaterSurf",177,0,0,"cabaneros",1,12
"ArtSurf",7418,0,0,"cabaneros",3,1
"Crop",2473,0,0,"cabaneros",3,1
"Dehesa",36272,0,0,"cabaneros",3,1
"Grass",52784,0,0,"cabaneros",3,1
"HydroRipVeg",554,0,0,"cabaneros",3,1
"MedConF",35896,0,0,"cabaneros",3,1
"MedSclF",158690,0,0,"cabaneros",3,1
"MedScrub",187005,0,0,"cabaneros",3,1
"Reforestation",57,0,0,"cabaneros",3,1
"RipF",4764,0,0,"cabaneros",3,1
"RockScreeVeg",11067,0,0,"cabaneros",3,1
"SMedMarF",69447,0,0,"cabaneros",3,1
"Shrub",21978,0,0,"cabaneros",3,1
"WaterSurf",177,0,0,"cabaneros",3,1
"ArtSurf",7418,0,0,"cabaneros",3,2
"Crop",2473,0,0,"cabaneros",3,2
"Dehesa",36272,0,0,"cabaneros",3,2
"Grass",52784,0,0,"cabaneros",3,2
"HydroRipVeg",554,0,0,"cabaneros",3,2
"MedConF",35896,2,0.01,"cabaneros",3,2
"MedSclF",158690,0,0,"cabaneros",3,2
"MedScrub",187005,15,0.01,"cabaneros",3,2
"Reforestation",57,0,0,"cabaneros",3,2
"RipF",4764,4,0.08,"cabaneros",3,2
"RockScreeVeg",11067,0,0,"cabaneros",3,2
"SMedMarF",69447,15,0.02,"cabaneros",3,2
"Shrub",21978,0,0,"cabaneros",3,2
"WaterSurf",177,0,0,"cabaneros",3,2
"ArtSurf",7418,0,0,"cabaneros",3,3
"Crop",2473,0,0,"cabaneros",3,3
"Dehesa",36272,0,0,"cabaneros",3,3
"Grass",52784,0,0,"cabaneros",3,3
"HydroRipVeg",554,0,0,"cabaneros",3,3
"MedConF",35896,0,0,"cabaneros",3,3
"MedSclF",158690,0,0,"cabaneros",3,3
"MedScrub",187005,0,0,"cabaneros",3,3
"Reforestation",57,0,0,"cabaneros",3,3
"RipF",4764,0,0,"cabaneros",3,3
"RockScreeVeg",11067,0,0,"cabaneros",3,3
"SMedMarF",69447,0,0,"cabaneros",3,3
"Shrub",21978,0,0,"cabaneros",3,3
"WaterSurf",177,0,0,"cabaneros",3,3
"ArtSurf",7418,0,0,"cabaneros",3,4
"Crop",2473,0,0,"cabaneros",3,4
"Dehesa",36272,0,0,"cabaneros",3,4
"Grass",52784,0,0,"cabaneros",3,4
"HydroRipVeg",554,0,0,"cabaneros",3,4
"MedConF",35896,0,0,"cabaneros",3,4
"MedSclF",158690,0,0,"cabaneros",3,4
"MedScrub",187005,0,0,"cabaneros",3,4
"Reforestation",57,0,0,"cabaneros",3,4
"RipF",4764,0,0,"cabaneros",3,4
"RockScreeVeg",11067,0,0,"cabaneros",3,4
"SMedMarF",69447,0,0,"cabaneros",3,4
"Shrub",21978,0,0,"cabaneros",3,4
"WaterSurf",177,0,0,"cabaneros",3,4
"ArtSurf",7418,0,0,"cabaneros",3,5
"Crop",2473,0,0,"cabaneros",3,5
"Dehesa",36272,0,0,"cabaneros",3,5
"Grass",52784,0,0,"cabaneros",3,5
"HydroRipVeg",554,0,0,"cabaneros",3,5
"MedConF",35896,0,0,"cabaneros",3,5
"MedSclF",158690,0,0,"cabaneros",3,5
"MedScrub",187005,0,0,"cabaneros",3,5
"Reforestation",57,0,0,"cabaneros",3,5
"RipF",4764,0,0,"cabaneros",3,5
"RockScreeVeg",11067,0,0,"cabaneros",3,5
"SMedMarF",69447,0,0,"cabaneros",3,5
"Shrub",21978,0,0,"cabaneros",3,5
"WaterSurf",177,0,0,"cabaneros",3,5
"ArtSurf",7418,0,0,"cabaneros",3,6
"Crop",2473,0,0,"cabaneros",3,6
"Dehesa",36272,0,0,"cabaneros",3,6
"Grass",52784,0,0,"cabaneros",3,6
"HydroRipVeg",554,0,0,"cabaneros",3,6
"MedConF",35896,0,0,"cabaneros",3,6
"MedSclF",158690,0,0,"cabaneros",3,6
"MedScrub",187005,0,0,"cabaneros",3,6
"Reforestation",57,0,0,"cabaneros",3,6
"RipF",4764,0,0,"cabaneros",3,6
"RockScreeVeg",11067,0,0,"cabaneros",3,6
"SMedMarF",69447,0,0,"cabaneros",3,6
"Shrub",21978,0,0,"cabaneros",3,6
"WaterSurf",177,0,0,"cabaneros",3,6
"ArtSurf",7418,1284,17.31,"cabaneros",3,7
"Crop",2473,1188,48.04,"cabaneros",3,7
"Dehesa",36272,8266,22.79,"cabaneros",3,7
"Grass",52784,16850,31.92,"cabaneros",3,7
"HydroRipVeg",554,114,20.58,"cabaneros",3,7
"MedConF",35896,585,1.63,"cabaneros",3,7
"MedSclF",158690,28355,17.87,"cabaneros",3,7
"MedScrub",187005,60575,32.39,"cabaneros",3,7
"Reforestation",57,9,15.79,"cabaneros",3,7
"RipF",4764,517,10.85,"cabaneros",3,7
"RockScreeVeg",11067,567,5.12,"cabaneros",3,7
"SMedMarF",69447,7388,10.64,"cabaneros",3,7
"Shrub",21978,5359,24.38,"cabaneros",3,7
"WaterSurf",177,23,12.99,"cabaneros",3,7
"ArtSurf",7418,0,0,"cabaneros",3,8
"Crop",2473,0,0,"cabaneros",3,8
"Dehesa",36272,0,0,"cabaneros",3,8
"Grass",52784,0,0,"cabaneros",3,8
"HydroRipVeg",554,0,0,"cabaneros",3,8
"MedConF",35896,0,0,"cabaneros",3,8
"MedSclF",158690,0,0,"cabaneros",3,8
"MedScrub",187005,0,0,"cabaneros",3,8
"Reforestation",57,0,0,"cabaneros",3,8
"RipF",4764,0,0,"cabaneros",3,8
"RockScreeVeg",11067,0,0,"cabaneros",3,8
"SMedMarF",69447,0,0,"cabaneros",3,8
"Shrub",21978,0,0,"cabaneros",3,8
"WaterSurf",177,0,0,"cabaneros",3,8
"ArtSurf",7418,0,0,"cabaneros",3,9
"Crop",2473,0,0,"cabaneros",3,9
"Dehesa",36272,0,0,"cabaneros",3,9
"Grass",52784,0,0,"cabaneros",3,9
"HydroRipVeg",554,0,0,"cabaneros",3,9
"MedConF",35896,0,0,"cabaneros",3,9
"MedSclF",158690,0,0,"cabaneros",3,9
"MedScrub",187005,0,0,"cabaneros",3,9
"Reforestation",57,0,0,"cabaneros",3,9
"RipF",4764,0,0,"cabaneros",3,9
"RockScreeVeg",11067,0,0,"cabaneros",3,9
"SMedMarF",69447,0,0,"cabaneros",3,9
"Shrub",21978,0,0,"cabaneros",3,9
"WaterSurf",177,0,0,"cabaneros",3,9
"ArtSurf",7418,0,0,"cabaneros",3,10
"Crop",2473,0,0,"cabaneros",3,10
"Dehesa",36272,0,0,"cabaneros",3,10
"Grass",52784,0,0,"cabaneros",3,10
"HydroRipVeg",554,0,0,"cabaneros",3,10
"MedConF",35896,0,0,"cabaneros",3,10
"MedSclF",158690,0,0,"cabaneros",3,10
"MedScrub",187005,0,0,"cabaneros",3,10
"Reforestation",57,0,0,"cabaneros",3,10
"RipF",4764,0,0,"cabaneros",3,10
"RockScreeVeg",11067,0,0,"cabaneros",3,10
"SMedMarF",69447,0,0,"cabaneros",3,10
"Shrub",21978,0,0,"cabaneros",3,10
"WaterSurf",177,0,0,"cabaneros",3,10
"ArtSurf",7418,0,0,"cabaneros",3,11
"Crop",2473,0,0,"cabaneros",3,11
"Dehesa",36272,0,0,"cabaneros",3,11
"Grass",52784,0,0,"cabaneros",3,11
"HydroRipVeg",554,0,0,"cabaneros",3,11
"MedConF",35896,0,0,"cabaneros",3,11
"MedSclF",158690,0,0,"cabaneros",3,11
"MedScrub",187005,0,0,"cabaneros",3,11
"Reforestation",57,0,0,"cabaneros",3,11
"RipF",4764,0,0,"cabaneros",3,11
"RockScreeVeg",11067,0,0,"cabaneros",3,11
"SMedMarF",69447,0,0,"cabaneros",3,11
"Shrub",21978,0,0,"cabaneros",3,11
"WaterSurf",177,0,0,"cabaneros",3,11
"ArtSurf",7418,0,0,"cabaneros",3,12
"Crop",2473,0,0,"cabaneros",3,12
"Dehesa",36272,0,0,"cabaneros",3,12
"Grass",52784,0,0,"cabaneros",3,12
"HydroRipVeg",554,0,0,"cabaneros",3,12
"MedConF",35896,0,0,"cabaneros",3,12
"MedSclF",158688,0,0,"cabaneros",3,12
"MedScrub",187005,0,0,"cabaneros",3,12
"Reforestation",57,0,0,"cabaneros",3,12
"RipF",4764,0,0,"cabaneros",3,12
"RockScreeVeg",11067,0,0,"cabaneros",3,12
"SMedMarF",69447,0,0,"cabaneros",3,12
"Shrub",21978,0,0,"cabaneros",3,12
"WaterSurf",177,0,0,"cabaneros",3,12
"ArtSurf",7418,0,0,"cabaneros",6,1
"Crop",2473,0,0,"cabaneros",6,1
"Dehesa",36272,0,0,"cabaneros",6,1
"Grass",52784,0,0,"cabaneros",6,1
"HydroRipVeg",554,0,0,"cabaneros",6,1
"MedConF",35896,0,0,"cabaneros",6,1
"MedSclF",158690,0,0,"cabaneros",6,1
"MedScrub",187005,0,0,"cabaneros",6,1
"Reforestation",57,0,0,"cabaneros",6,1
"RipF",4764,0,0,"cabaneros",6,1
"RockScreeVeg",11067,0,0,"cabaneros",6,1
"SMedMarF",69447,0,0,"cabaneros",6,1
"Shrub",21978,0,0,"cabaneros",6,1
"WaterSurf",177,0,0,"cabaneros",6,1
"ArtSurf",7418,4,0.05,"cabaneros",6,2
"Crop",2473,0,0,"cabaneros",6,2
"Dehesa",36272,0,0,"cabaneros",6,2
"Grass",52784,0,0,"cabaneros",6,2
"HydroRipVeg",554,0,0,"cabaneros",6,2
"MedConF",35896,4,0.01,"cabaneros",6,2
"MedSclF",158690,8,0.01,"cabaneros",6,2
"MedScrub",187005,43,0.02,"cabaneros",6,2
"Reforestation",57,0,0,"cabaneros",6,2
"RipF",4764,5,0.1,"cabaneros",6,2
"RockScreeVeg",11067,1,0.01,"cabaneros",6,2
"SMedMarF",69447,24,0.03,"cabaneros",6,2
"Shrub",21978,0,0,"cabaneros",6,2
"WaterSurf",177,0,0,"cabaneros",6,2
"ArtSurf",7418,0,0,"cabaneros",6,3
"Crop",2473,0,0,"cabaneros",6,3
"Dehesa",36272,0,0,"cabaneros",6,3
"Grass",52784,0,0,"cabaneros",6,3
"HydroRipVeg",554,0,0,"cabaneros",6,3
"MedConF",35896,0,0,"cabaneros",6,3
"MedSclF",158690,0,0,"cabaneros",6,3
"MedScrub",187005,0,0,"cabaneros",6,3
"Reforestation",57,0,0,"cabaneros",6,3
"RipF",4764,0,0,"cabaneros",6,3
"RockScreeVeg",11067,0,0,"cabaneros",6,3
"SMedMarF",69447,0,0,"cabaneros",6,3
"Shrub",21978,0,0,"cabaneros",6,3
"WaterSurf",177,0,0,"cabaneros",6,3
"ArtSurf",7418,0,0,"cabaneros",6,4
"Crop",2473,0,0,"cabaneros",6,4
"Dehesa",36272,0,0,"cabaneros",6,4
"Grass",52784,0,0,"cabaneros",6,4
"HydroRipVeg",554,0,0,"cabaneros",6,4
"MedConF",35896,0,0,"cabaneros",6,4
"MedSclF",158690,0,0,"cabaneros",6,4
"MedScrub",187005,0,0,"cabaneros",6,4
"Reforestation",57,0,0,"cabaneros",6,4
"RipF",4764,0,0,"cabaneros",6,4
"RockScreeVeg",11067,0,0,"cabaneros",6,4
"SMedMarF",69447,0,0,"cabaneros",6,4
"Shrub",21978,0,0,"cabaneros",6,4
"WaterSurf",177,0,0,"cabaneros",6,4
"ArtSurf",7418,0,0,"cabaneros",6,5
"Crop",2473,0,0,"cabaneros",6,5
"Dehesa",36272,0,0,"cabaneros",6,5
"Grass",52784,0,0,"cabaneros",6,5
"HydroRipVeg",554,0,0,"cabaneros",6,5
"MedConF",35896,0,0,"cabaneros",6,5
"MedSclF",158690,0,0,"cabaneros",6,5
"MedScrub",187005,0,0,"cabaneros",6,5
"Reforestation",57,0,0,"cabaneros",6,5
"RipF",4764,0,0,"cabaneros",6,5
"RockScreeVeg",11067,0,0,"cabaneros",6,5
"SMedMarF",69447,0,0,"cabaneros",6,5
"Shrub",21978,0,0,"cabaneros",6,5
"WaterSurf",177,0,0,"cabaneros",6,5
"ArtSurf",7418,0,0,"cabaneros",6,6
"Crop",2473,0,0,"cabaneros",6,6
"Dehesa",36272,0,0,"cabaneros",6,6
"Grass",52784,0,0,"cabaneros",6,6
"HydroRipVeg",554,0,0,"cabaneros",6,6
"MedConF",35896,0,0,"cabaneros",6,6
"MedSclF",158690,0,0,"cabaneros",6,6
"MedScrub",187005,0,0,"cabaneros",6,6
"Reforestation",57,0,0,"cabaneros",6,6
"RipF",4764,0,0,"cabaneros",6,6
"RockScreeVeg",11067,0,0,"cabaneros",6,6
"SMedMarF",69447,0,0,"cabaneros",6,6
"Shrub",21978,0,0,"cabaneros",6,6
"WaterSurf",177,0,0,"cabaneros",6,6
"ArtSurf",7418,0,0,"cabaneros",6,7
"Crop",2473,0,0,"cabaneros",6,7
"Dehesa",36272,0,0,"cabaneros",6,7
"Grass",52784,0,0,"cabaneros",6,7
"HydroRipVeg",554,0,0,"cabaneros",6,7
"MedConF",35896,0,0,"cabaneros",6,7
"MedSclF",158690,0,0,"cabaneros",6,7
"MedScrub",187005,0,0,"cabaneros",6,7
"Reforestation",57,0,0,"cabaneros",6,7
"RipF",4764,0,0,"cabaneros",6,7
"RockScreeVeg",11067,0,0,"cabaneros",6,7
"SMedMarF",69447,0,0,"cabaneros",6,7
"Shrub",21978,0,0,"cabaneros",6,7
"WaterSurf",177,0,0,"cabaneros",6,7
"ArtSurf",7418,0,0,"cabaneros",6,8
"Crop",2473,0,0,"cabaneros",6,8
"Dehesa",36272,0,0,"cabaneros",6,8
"Grass",52784,0,0,"cabaneros",6,8
"HydroRipVeg",554,0,0,"cabaneros",6,8
"MedConF",35896,0,0,"cabaneros",6,8
"MedSclF",158690,0,0,"cabaneros",6,8
"MedScrub",187005,0,0,"cabaneros",6,8
"Reforestation",57,0,0,"cabaneros",6,8
"RipF",4764,0,0,"cabaneros",6,8
"RockScreeVeg",11067,0,0,"cabaneros",6,8
"SMedMarF",69447,0,0,"cabaneros",6,8
"Shrub",21978,0,0,"cabaneros",6,8
"WaterSurf",177,0,0,"cabaneros",6,8
"ArtSurf",7418,0,0,"cabaneros",6,9
"Crop",2473,0,0,"cabaneros",6,9
"Dehesa",36272,0,0,"cabaneros",6,9
"Grass",52784,0,0,"cabaneros",6,9
"HydroRipVeg",554,0,0,"cabaneros",6,9
"MedConF",35896,0,0,"cabaneros",6,9
"MedSclF",158690,0,0,"cabaneros",6,9
"MedScrub",187005,0,0,"cabaneros",6,9
"Reforestation",57,0,0,"cabaneros",6,9
"RipF",4764,0,0,"cabaneros",6,9
"RockScreeVeg",11067,0,0,"cabaneros",6,9
"SMedMarF",69447,0,0,"cabaneros",6,9
"Shrub",21978,0,0,"cabaneros",6,9
"WaterSurf",177,0,0,"cabaneros",6,9
"ArtSurf",7418,0,0,"cabaneros",6,10
"Crop",2473,0,0,"cabaneros",6,10
"Dehesa",36272,0,0,"cabaneros",6,10
"Grass",52784,0,0,"cabaneros",6,10
"HydroRipVeg",554,0,0,"cabaneros",6,10
"MedConF",35896,0,0,"cabaneros",6,10
"MedSclF",158690,0,0,"cabaneros",6,10
"MedScrub",187005,0,0,"cabaneros",6,10
"Reforestation",57,0,0,"cabaneros",6,10
"RipF",4764,0,0,"cabaneros",6,10
"RockScreeVeg",11067,0,0,"cabaneros",6,10
"SMedMarF",69447,0,0,"cabaneros",6,10
"Shrub",21978,0,0,"cabaneros",6,10
"WaterSurf",177,0,0,"cabaneros",6,10
"ArtSurf",7418,0,0,"cabaneros",6,11
"Crop",2473,0,0,"cabaneros",6,11
"Dehesa",36272,0,0,"cabaneros",6,11
"Grass",52784,0,0,"cabaneros",6,11
"HydroRipVeg",554,0,0,"cabaneros",6,11
"MedConF",35896,0,0,"cabaneros",6,11
"MedSclF",158690,0,0,"cabaneros",6,11
"MedScrub",187005,0,0,"cabaneros",6,11
"Reforestation",57,0,0,"cabaneros",6,11
"RipF",4764,0,0,"cabaneros",6,11
"RockScreeVeg",11067,0,0,"cabaneros",6,11
"SMedMarF",69447,0,0,"cabaneros",6,11
"Shrub",21978,0,0,"cabaneros",6,11
"WaterSurf",177,0,0,"cabaneros",6,11
"ArtSurf",7418,0,0,"cabaneros",6,12
"Crop",2473,0,0,"cabaneros",6,12
"Dehesa",36272,0,0,"cabaneros",6,12
"Grass",52784,0,0,"cabaneros",6,12
"HydroRipVeg",554,0,0,"cabaneros",6,12
"MedConF",35896,0,0,"cabaneros",6,12
"MedSclF",158688,0,0,"cabaneros",6,12
"MedScrub",187005,0,0,"cabaneros",6,12
"Reforestation",57,0,0,"cabaneros",6,12
"RipF",4764,0,0,"cabaneros",6,12
"RockScreeVeg",11067,0,0,"cabaneros",6,12
"SMedMarF",69447,0,0,"cabaneros",6,12
"Shrub",21978,0,0,"cabaneros",6,12
"WaterSurf",177,0,0,"cabaneros",6,12
"ArtSurf",7418,0,0,"cabaneros",9,1
"Crop",2473,0,0,"cabaneros",9,1
"Dehesa",36272,0,0,"cabaneros",9,1
"Grass",52784,0,0,"cabaneros",9,1
"HydroRipVeg",554,0,0,"cabaneros",9,1
"MedConF",35896,0,0,"cabaneros",9,1
"MedSclF",158690,0,0,"cabaneros",9,1
"MedScrub",187005,0,0,"cabaneros",9,1
"Reforestation",57,0,0,"cabaneros",9,1
"RipF",4764,0,0,"cabaneros",9,1
"RockScreeVeg",11067,0,0,"cabaneros",9,1
"SMedMarF",69447,0,0,"cabaneros",9,1
"Shrub",21978,0,0,"cabaneros",9,1
"WaterSurf",177,0,0,"cabaneros",9,1
"ArtSurf",7418,1,0.01,"cabaneros",9,2
"Crop",2473,0,0,"cabaneros",9,2
"Dehesa",36272,0,0,"cabaneros",9,2
"Grass",52784,0,0,"cabaneros",9,2
"HydroRipVeg",554,1,0.18,"cabaneros",9,2
"MedConF",35896,6,0.02,"cabaneros",9,2
"MedSclF",158690,7,0,"cabaneros",9,2
"MedScrub",187005,32,0.02,"cabaneros",9,2
"Reforestation",57,0,0,"cabaneros",9,2
"RipF",4764,8,0.17,"cabaneros",9,2
"RockScreeVeg",11067,0,0,"cabaneros",9,2
"SMedMarF",69447,3,0,"cabaneros",9,2
"Shrub",21978,0,0,"cabaneros",9,2
"WaterSurf",177,0,0,"cabaneros",9,2
"ArtSurf",7418,0,0,"cabaneros",9,3
"Crop",2473,0,0,"cabaneros",9,3
"Dehesa",36272,0,0,"cabaneros",9,3
"Grass",52784,0,0,"cabaneros",9,3
"HydroRipVeg",554,0,0,"cabaneros",9,3
"MedConF",35896,0,0,"cabaneros",9,3
"MedSclF",158690,1,0,"cabaneros",9,3
"MedScrub",187005,5,0,"cabaneros",9,3
"Reforestation",57,0,0,"cabaneros",9,3
"RipF",4764,0,0,"cabaneros",9,3
"RockScreeVeg",11067,0,0,"cabaneros",9,3
"SMedMarF",69447,2,0,"cabaneros",9,3
"Shrub",21978,0,0,"cabaneros",9,3
"WaterSurf",177,0,0,"cabaneros",9,3
"ArtSurf",7418,0,0,"cabaneros",9,4
"Crop",2473,0,0,"cabaneros",9,4
"Dehesa",36272,0,0,"cabaneros",9,4
"Grass",52784,0,0,"cabaneros",9,4
"HydroRipVeg",554,0,0,"cabaneros",9,4
"MedConF",35896,0,0,"cabaneros",9,4
"MedSclF",158690,0,0,"cabaneros",9,4
"MedScrub",187005,0,0,"cabaneros",9,4
"Reforestation",57,0,0,"cabaneros",9,4
"RipF",4764,0,0,"cabaneros",9,4
"RockScreeVeg",11067,0,0,"cabaneros",9,4
"SMedMarF",69447,0,0,"cabaneros",9,4
"Shrub",21978,0,0,"cabaneros",9,4
"WaterSurf",177,0,0,"cabaneros",9,4
"ArtSurf",7418,0,0,"cabaneros",9,5
"Crop",2473,0,0,"cabaneros",9,5
"Dehesa",36272,0,0,"cabaneros",9,5
"Grass",52784,0,0,"cabaneros",9,5
"HydroRipVeg",554,0,0,"cabaneros",9,5
"MedConF",35896,0,0,"cabaneros",9,5
"MedSclF",158690,0,0,"cabaneros",9,5
"MedScrub",187005,0,0,"cabaneros",9,5
"Reforestation",57,0,0,"cabaneros",9,5
"RipF",4764,0,0,"cabaneros",9,5
"RockScreeVeg",11067,0,0,"cabaneros",9,5
"SMedMarF",69447,0,0,"cabaneros",9,5
"Shrub",21978,0,0,"cabaneros",9,5
"WaterSurf",177,0,0,"cabaneros",9,5
"ArtSurf",7418,0,0,"cabaneros",9,6
"Crop",2473,0,0,"cabaneros",9,6
"Dehesa",36272,0,0,"cabaneros",9,6
"Grass",52784,0,0,"cabaneros",9,6
"HydroRipVeg",554,0,0,"cabaneros",9,6
"MedConF",35896,0,0,"cabaneros",9,6
"MedSclF",158690,0,0,"cabaneros",9,6
"MedScrub",187005,0,0,"cabaneros",9,6
"Reforestation",57,0,0,"cabaneros",9,6
"RipF",4764,0,0,"cabaneros",9,6
"RockScreeVeg",11067,0,0,"cabaneros",9,6
"SMedMarF",69447,0,0,"cabaneros",9,6
"Shrub",21978,0,0,"cabaneros",9,6
"WaterSurf",177,0,0,"cabaneros",9,6
"ArtSurf",7418,0,0,"cabaneros",9,7
"Crop",2473,0,0,"cabaneros",9,7
"Dehesa",36272,0,0,"cabaneros",9,7
"Grass",52784,0,0,"cabaneros",9,7
"HydroRipVeg",554,0,0,"cabaneros",9,7
"MedConF",35896,0,0,"cabaneros",9,7
"MedSclF",158690,0,0,"cabaneros",9,7
"MedScrub",187005,0,0,"cabaneros",9,7
"Reforestation",57,0,0,"cabaneros",9,7
"RipF",4764,0,0,"cabaneros",9,7
"RockScreeVeg",11067,0,0,"cabaneros",9,7
"SMedMarF",69447,0,0,"cabaneros",9,7
"Shrub",21978,0,0,"cabaneros",9,7
"WaterSurf",177,0,0,"cabaneros",9,7
"ArtSurf",7418,0,0,"cabaneros",9,8
"Crop",2473,0,0,"cabaneros",9,8
"Dehesa",36272,0,0,"cabaneros",9,8
"Grass",52784,0,0,"cabaneros",9,8
"HydroRipVeg",554,0,0,"cabaneros",9,8
"MedConF",35896,0,0,"cabaneros",9,8
"MedSclF",158690,0,0,"cabaneros",9,8
"MedScrub",187005,0,0,"cabaneros",9,8
"Reforestation",57,0,0,"cabaneros",9,8
"RipF",4764,0,0,"cabaneros",9,8
"RockScreeVeg",11067,0,0,"cabaneros",9,8
"SMedMarF",69447,0,0,"cabaneros",9,8
"Shrub",21978,0,0,"cabaneros",9,8
"WaterSurf",177,0,0,"cabaneros",9,8
"ArtSurf",7418,0,0,"cabaneros",9,9
"Crop",2473,0,0,"cabaneros",9,9
"Dehesa",36272,0,0,"cabaneros",9,9
"Grass",52784,0,0,"cabaneros",9,9
"HydroRipVeg",554,0,0,"cabaneros",9,9
"MedConF",35896,0,0,"cabaneros",9,9
"MedSclF",158690,0,0,"cabaneros",9,9
"MedScrub",187005,0,0,"cabaneros",9,9
"Reforestation",57,0,0,"cabaneros",9,9
"RipF",4764,0,0,"cabaneros",9,9
"RockScreeVeg",11067,0,0,"cabaneros",9,9
"SMedMarF",69447,0,0,"cabaneros",9,9
"Shrub",21978,0,0,"cabaneros",9,9
"WaterSurf",177,0,0,"cabaneros",9,9
"ArtSurf",7418,0,0,"cabaneros",9,10
"Crop",2473,0,0,"cabaneros",9,10
"Dehesa",36272,0,0,"cabaneros",9,10
"Grass",52784,0,0,"cabaneros",9,10
"HydroRipVeg",554,0,0,"cabaneros",9,10
"MedConF",35896,0,0,"cabaneros",9,10
"MedSclF",158690,0,0,"cabaneros",9,10
"MedScrub",187005,0,0,"cabaneros",9,10
"Reforestation",57,0,0,"cabaneros",9,10
"RipF",4764,0,0,"cabaneros",9,10
"RockScreeVeg",11067,0,0,"cabaneros",9,10
"SMedMarF",69447,0,0,"cabaneros",9,10
"Shrub",21978,0,0,"cabaneros",9,10
"WaterSurf",177,0,0,"cabaneros",9,10
"ArtSurf",7418,0,0,"cabaneros",9,11
"Crop",2473,0,0,"cabaneros",9,11
"Dehesa",36272,0,0,"cabaneros",9,11
"Grass",52784,0,0,"cabaneros",9,11
"HydroRipVeg",554,0,0,"cabaneros",9,11
"MedConF",35896,0,0,"cabaneros",9,11
"MedSclF",158690,0,0,"cabaneros",9,11
"MedScrub",187005,0,0,"cabaneros",9,11
"Reforestation",57,0,0,"cabaneros",9,11
"RipF",4764,0,0,"cabaneros",9,11
"RockScreeVeg",11067,0,0,"cabaneros",9,11
"SMedMarF",69447,0,0,"cabaneros",9,11
"Shrub",21978,0,0,"cabaneros",9,11
"WaterSurf",177,0,0,"cabaneros",9,11
"ArtSurf",7418,0,0,"cabaneros",9,12
"Crop",2473,0,0,"cabaneros",9,12
"Dehesa",36272,0,0,"cabaneros",9,12
"Grass",52784,0,0,"cabaneros",9,12
"HydroRipVeg",554,0,0,"cabaneros",9,12
"MedConF",35896,0,0,"cabaneros",9,12
"MedSclF",158688,0,0,"cabaneros",9,12
"MedScrub",187005,0,0,"cabaneros",9,12
"Reforestation",57,0,0,"cabaneros",9,12
"RipF",4764,0,0,"cabaneros",9,12
"RockScreeVeg",11067,0,0,"cabaneros",9,12
"SMedMarF",69447,0,0,"cabaneros",9,12
"Shrub",21978,0,0,"cabaneros",9,12
"WaterSurf",177,0,0,"cabaneros",9,12
"ArtSurf",7418,0,0,"cabaneros",12,1
"Crop",2473,0,0,"cabaneros",12,1
"Dehesa",36272,0,0,"cabaneros",12,1
"Grass",52784,0,0,"cabaneros",12,1
"HydroRipVeg",554,0,0,"cabaneros",12,1
"MedConF",35896,0,0,"cabaneros",12,1
"MedSclF",158690,0,0,"cabaneros",12,1
"MedScrub",187005,0,0,"cabaneros",12,1
"Reforestation",57,0,0,"cabaneros",12,1
"RipF",4764,0,0,"cabaneros",12,1
"RockScreeVeg",11067,0,0,"cabaneros",12,1
"SMedMarF",69447,0,0,"cabaneros",12,1
"Shrub",21978,0,0,"cabaneros",12,1
"WaterSurf",177,0,0,"cabaneros",12,1
"ArtSurf",7418,1,0.01,"cabaneros",12,2
"Crop",2473,0,0,"cabaneros",12,2
"Dehesa",36272,0,0,"cabaneros",12,2
"Grass",52784,0,0,"cabaneros",12,2
"HydroRipVeg",554,1,0.18,"cabaneros",12,2
"MedConF",35896,1,0,"cabaneros",12,2
"MedSclF",158690,7,0,"cabaneros",12,2
"MedScrub",187005,13,0.01,"cabaneros",12,2
"Reforestation",57,0,0,"cabaneros",12,2
"RipF",4764,5,0.1,"cabaneros",12,2
"RockScreeVeg",11067,0,0,"cabaneros",12,2
"SMedMarF",69447,11,0.02,"cabaneros",12,2
"Shrub",21978,0,0,"cabaneros",12,2
"WaterSurf",177,0,0,"cabaneros",12,2
"ArtSurf",7418,0,0,"cabaneros",12,3
"Crop",2473,0,0,"cabaneros",12,3
"Dehesa",36272,0,0,"cabaneros",12,3
"Grass",52784,0,0,"cabaneros",12,3
"HydroRipVeg",554,0,0,"cabaneros",12,3
"MedConF",35896,0,0,"cabaneros",12,3
"MedSclF",158690,1,0,"cabaneros",12,3
"MedScrub",187005,1,0,"cabaneros",12,3
"Reforestation",57,0,0,"cabaneros",12,3
"RipF",4764,0,0,"cabaneros",12,3
"RockScreeVeg",11067,0,0,"cabaneros",12,3
"SMedMarF",69447,4,0.01,"cabaneros",12,3
"Shrub",21978,0,0,"cabaneros",12,3
"WaterSurf",177,0,0,"cabaneros",12,3
"ArtSurf",7418,0,0,"cabaneros",12,4
"Crop",2473,0,0,"cabaneros",12,4
"Dehesa",36272,0,0,"cabaneros",12,4
"Grass",52784,0,0,"cabaneros",12,4
"HydroRipVeg",554,0,0,"cabaneros",12,4
"MedConF",35896,0,0,"cabaneros",12,4
"MedSclF",158690,0,0,"cabaneros",12,4
"MedScrub",187005,0,0,"cabaneros",12,4
"Reforestation",57,0,0,"cabaneros",12,4
"RipF",4764,0,0,"cabaneros",12,4
"RockScreeVeg",11067,0,0,"cabaneros",12,4
"SMedMarF",69447,0,0,"cabaneros",12,4
"Shrub",21978,0,0,"cabaneros",12,4
"WaterSurf",177,0,0,"cabaneros",12,4
"ArtSurf",7418,0,0,"cabaneros",12,5
"Crop",2473,0,0,"cabaneros",12,5
"Dehesa",36272,0,0,"cabaneros",12,5
"Grass",52784,0,0,"cabaneros",12,5
"HydroRipVeg",554,0,0,"cabaneros",12,5
"MedConF",35896,0,0,"cabaneros",12,5
"MedSclF",158690,0,0,"cabaneros",12,5
"MedScrub",187005,0,0,"cabaneros",12,5
"Reforestation",57,0,0,"cabaneros",12,5
"RipF",4764,0,0,"cabaneros",12,5
"RockScreeVeg",11067,0,0,"cabaneros",12,5
"SMedMarF",69447,0,0,"cabaneros",12,5
"Shrub",21978,0,0,"cabaneros",12,5
"WaterSurf",177,0,0,"cabaneros",12,5
"ArtSurf",7418,0,0,"cabaneros",12,6
"Crop",2473,0,0,"cabaneros",12,6
"Dehesa",36272,0,0,"cabaneros",12,6
"Grass",52784,0,0,"cabaneros",12,6
"HydroRipVeg",554,0,0,"cabaneros",12,6
"MedConF",35896,0,0,"cabaneros",12,6
"MedSclF",158690,0,0,"cabaneros",12,6
"MedScrub",187005,0,0,"cabaneros",12,6
"Reforestation",57,0,0,"cabaneros",12,6
"RipF",4764,0,0,"cabaneros",12,6
"RockScreeVeg",11067,0,0,"cabaneros",12,6
"SMedMarF",69447,0,0,"cabaneros",12,6
"Shrub",21978,0,0,"cabaneros",12,6
"WaterSurf",177,0,0,"cabaneros",12,6
"ArtSurf",7418,0,0,"cabaneros",12,7
"Crop",2473,0,0,"cabaneros",12,7
"Dehesa",36272,0,0,"cabaneros",12,7
"Grass",52784,0,0,"cabaneros",12,7
"HydroRipVeg",554,0,0,"cabaneros",12,7
"MedConF",35896,0,0,"cabaneros",12,7
"MedSclF",158690,0,0,"cabaneros",12,7
"MedScrub",187005,0,0,"cabaneros",12,7
"Reforestation",57,0,0,"cabaneros",12,7
"RipF",4764,0,0,"cabaneros",12,7
"RockScreeVeg",11067,0,0,"cabaneros",12,7
"SMedMarF",69447,0,0,"cabaneros",12,7
"Shrub",21978,0,0,"cabaneros",12,7
"WaterSurf",177,0,0,"cabaneros",12,7
"ArtSurf",7418,0,0,"cabaneros",12,8
"Crop",2473,0,0,"cabaneros",12,8
"Dehesa",36272,0,0,"cabaneros",12,8
"Grass",52784,0,0,"cabaneros",12,8
"HydroRipVeg",554,0,0,"cabaneros",12,8
"MedConF",35896,0,0,"cabaneros",12,8
"MedSclF",158690,0,0,"cabaneros",12,8
"MedScrub",187005,0,0,"cabaneros",12,8
"Reforestation",57,0,0,"cabaneros",12,8
"RipF",4764,0,0,"cabaneros",12,8
"RockScreeVeg",11067,0,0,"cabaneros",12,8
"SMedMarF",69447,0,0,"cabaneros",12,8
"Shrub",21978,0,0,"cabaneros",12,8
"WaterSurf",177,0,0,"cabaneros",12,8
"ArtSurf",7418,0,0,"cabaneros",12,9
"Crop",2473,0,0,"cabaneros",12,9
"Dehesa",36272,0,0,"cabaneros",12,9
"Grass",52784,0,0,"cabaneros",12,9
"HydroRipVeg",554,0,0,"cabaneros",12,9
"MedConF",35896,0,0,"cabaneros",12,9
"MedSclF",158690,0,0,"cabaneros",12,9
"MedScrub",187005,0,0,"cabaneros",12,9
"Reforestation",57,0,0,"cabaneros",12,9
"RipF",4764,0,0,"cabaneros",12,9
"RockScreeVeg",11067,0,0,"cabaneros",12,9
"SMedMarF",69447,0,0,"cabaneros",12,9
"Shrub",21978,0,0,"cabaneros",12,9
"WaterSurf",177,0,0,"cabaneros",12,9
"ArtSurf",7418,0,0,"cabaneros",12,10
"Crop",2473,0,0,"cabaneros",12,10
"Dehesa",36272,0,0,"cabaneros",12,10
"Grass",52784,0,0,"cabaneros",12,10
"HydroRipVeg",554,0,0,"cabaneros",12,10
"MedConF",35896,0,0,"cabaneros",12,10
"MedSclF",158690,0,0,"cabaneros",12,10
"MedScrub",187005,0,0,"cabaneros",12,10
"Reforestation",57,0,0,"cabaneros",12,10
"RipF",4764,0,0,"cabaneros",12,10
"RockScreeVeg",11067,0,0,"cabaneros",12,10
"SMedMarF",69447,0,0,"cabaneros",12,10
"Shrub",21978,0,0,"cabaneros",12,10
"WaterSurf",177,0,0,"cabaneros",12,10
"ArtSurf",7418,0,0,"cabaneros",12,11
"Crop",2473,0,0,"cabaneros",12,11
"Dehesa",36272,0,0,"cabaneros",12,11
"Grass",52784,0,0,"cabaneros",12,11
"HydroRipVeg",554,0,0,"cabaneros",12,11
"MedConF",35896,0,0,"cabaneros",12,11
"MedSclF",158690,0,0,"cabaneros",12,11
"MedScrub",187005,0,0,"cabaneros",12,11
"Reforestation",57,0,0,"cabaneros",12,11
"RipF",4764,0,0,"cabaneros",12,11
"RockScreeVeg",11067,0,0,"cabaneros",12,11
"SMedMarF",69447,0,0,"cabaneros",12,11
"Shrub",21978,0,0,"cabaneros",12,11
"WaterSurf",177,0,0,"cabaneros",12,11
"ArtSurf",7418,0,0,"cabaneros",12,12
"Crop",2473,0,0,"cabaneros",12,12
"Dehesa",36272,0,0,"cabaneros",12,12
"Grass",52784,0,0,"cabaneros",12,12
"HydroRipVeg",554,0,0,"cabaneros",12,12
"MedConF",35896,0,0,"cabaneros",12,12
"MedSclF",158688,0,0,"cabaneros",12,12
"MedScrub",187005,0,0,"cabaneros",12,12
"Reforestation",57,0,0,"cabaneros",12,12
"RipF",4764,0,0,"cabaneros",12,12
"RockScreeVeg",11067,0,0,"cabaneros",12,12
"SMedMarF",69447,0,0,"cabaneros",12,12
"Shrub",21978,0,0,"cabaneros",12,12
"WaterSurf",177,0,0,"cabaneros",12,12
"AridScr",7823,0,0,"cabrera",1,1
"ArtSurf",94,0,0,"cabrera",1,1
"BareArea",1122,0,0,"cabrera",1,1
"Crop",4,0,0,"cabrera",1,1
"Grass",13,0,0,"cabrera",1,1
"HaloVeg",52,0,0,"cabrera",1,1
"MedConF",8797,0,0,"cabrera",1,1
"MedScrub",486,0,0,"cabrera",1,1
"SaltMar",276,0,0,"cabrera",1,1
"AridScr",7823,0,0,"cabrera",1,2
"ArtSurf",94,0,0,"cabrera",1,2
"BareArea",1122,0,0,"cabrera",1,2
"Crop",4,0,0,"cabrera",1,2
"Grass",13,0,0,"cabrera",1,2
"HaloVeg",52,0,0,"cabrera",1,2
"MedConF",8797,0,0,"cabrera",1,2
"MedScrub",486,0,0,"cabrera",1,2
"SaltMar",276,0,0,"cabrera",1,2
"AridScr",7823,809,10.34,"cabrera",1,3
"ArtSurf",94,2,2.13,"cabrera",1,3
"BareArea",1122,12,1.07,"cabrera",1,3
"Crop",4,0,0,"cabrera",1,3
"Grass",13,0,0,"cabrera",1,3
"HaloVeg",52,0,0,"cabrera",1,3
"MedConF",8797,546,6.21,"cabrera",1,3
"MedScrub",486,119,24.49,"cabrera",1,3
"SaltMar",276,12,4.35,"cabrera",1,3
"AridScr",7823,643,8.22,"cabrera",1,4
"ArtSurf",94,14,14.89,"cabrera",1,4
"BareArea",1122,22,1.96,"cabrera",1,4
"Crop",4,0,0,"cabrera",1,4
"Grass",13,3,23.08,"cabrera",1,4
"HaloVeg",52,10,19.23,"cabrera",1,4
"MedConF",8797,848,9.64,"cabrera",1,4
"MedScrub",486,1,0.21,"cabrera",1,4
"SaltMar",276,19,6.88,"cabrera",1,4
"AridScr",7823,0,0,"cabrera",1,5
"ArtSurf",94,0,0,"cabrera",1,5
"BareArea",1122,0,0,"cabrera",1,5
"Crop",4,0,0,"cabrera",1,5
"Grass",13,0,0,"cabrera",1,5
"HaloVeg",52,0,0,"cabrera",1,5
"MedConF",8797,0,0,"cabrera",1,5
"MedScrub",486,0,0,"cabrera",1,5
"SaltMar",276,0,0,"cabrera",1,5
"AridScr",7823,5274,67.42,"cabrera",1,6
"ArtSurf",94,41,43.62,"cabrera",1,6
"BareArea",1122,123,10.96,"cabrera",1,6
"Crop",4,0,0,"cabrera",1,6
"Grass",13,10,76.92,"cabrera",1,6
"HaloVeg",52,4,7.69,"cabrera",1,6
"MedConF",8797,7308,83.07,"cabrera",1,6
"MedScrub",486,440,90.53,"cabrera",1,6
"SaltMar",276,26,9.42,"cabrera",1,6
"AridScr",7823,3796,48.52,"cabrera",1,7
"ArtSurf",94,31,32.98,"cabrera",1,7
"BareArea",1122,141,12.57,"cabrera",1,7
"Crop",4,0,0,"cabrera",1,7
"Grass",13,0,0,"cabrera",1,7
"HaloVeg",52,25,48.08,"cabrera",1,7
"MedConF",8797,6498,73.87,"cabrera",1,7
"MedScrub",486,385,79.22,"cabrera",1,7
"SaltMar",276,64,23.19,"cabrera",1,7
"AridScr",7823,0,0,"cabrera",1,8
"ArtSurf",94,0,0,"cabrera",1,8
"BareArea",1122,0,0,"cabrera",1,8
"Crop",4,0,0,"cabrera",1,8
"Grass",13,0,0,"cabrera",1,8
"HaloVeg",52,0,0,"cabrera",1,8
"MedConF",8797,0,0,"cabrera",1,8
"MedScrub",486,0,0,"cabrera",1,8
"SaltMar",276,0,0,"cabrera",1,8
"AridScr",7823,0,0,"cabrera",1,9
"ArtSurf",94,0,0,"cabrera",1,9
"BareArea",1122,0,0,"cabrera",1,9
"Crop",4,0,0,"cabrera",1,9
"Grass",13,0,0,"cabrera",1,9
"HaloVeg",52,0,0,"cabrera",1,9
"MedConF",8797,0,0,"cabrera",1,9
"MedScrub",486,0,0,"cabrera",1,9
"SaltMar",276,0,0,"cabrera",1,9
"AridScr",7823,0,0,"cabrera",1,10
"ArtSurf",94,0,0,"cabrera",1,10
"BareArea",1122,0,0,"cabrera",1,10
"Crop",4,0,0,"cabrera",1,10
"Grass",13,0,0,"cabrera",1,10
"HaloVeg",52,0,0,"cabrera",1,10
"MedConF",8797,0,0,"cabrera",1,10
"MedScrub",486,0,0,"cabrera",1,10
"SaltMar",276,0,0,"cabrera",1,10
"AridScr",7823,0,0,"cabrera",1,11
"ArtSurf",94,0,0,"cabrera",1,11
"BareArea",1122,0,0,"cabrera",1,11
"Crop",4,0,0,"cabrera",1,11
"Grass",13,0,0,"cabrera",1,11
"HaloVeg",52,0,0,"cabrera",1,11
"MedConF",8797,0,0,"cabrera",1,11
"MedScrub",486,0,0,"cabrera",1,11
"SaltMar",276,0,0,"cabrera",1,11
"AridScr",7823,0,0,"cabrera",1,12
"ArtSurf",94,0,0,"cabrera",1,12
"BareArea",1122,0,0,"cabrera",1,12
"Crop",4,0,0,"cabrera",1,12
"Grass",13,0,0,"cabrera",1,12
"HaloVeg",52,0,0,"cabrera",1,12
"MedConF",8797,0,0,"cabrera",1,12
"MedScrub",486,0,0,"cabrera",1,12
"SaltMar",276,0,0,"cabrera",1,12
"AridScr",7823,0,0,"cabrera",3,1
"ArtSurf",94,0,0,"cabrera",3,1
"BareArea",1122,0,0,"cabrera",3,1
"Crop",4,0,0,"cabrera",3,1
"Grass",13,0,0,"cabrera",3,1
"HaloVeg",52,0,0,"cabrera",3,1
"MedConF",8797,0,0,"cabrera",3,1
"MedScrub",486,0,0,"cabrera",3,1
"SaltMar",276,0,0,"cabrera",3,1
"AridScr",7823,0,0,"cabrera",3,2
"ArtSurf",94,0,0,"cabrera",3,2
"BareArea",1122,0,0,"cabrera",3,2
"Crop",4,0,0,"cabrera",3,2
"Grass",13,0,0,"cabrera",3,2
"HaloVeg",52,0,0,"cabrera",3,2
"MedConF",8797,0,0,"cabrera",3,2
"MedScrub",486,0,0,"cabrera",3,2
"SaltMar",276,0,0,"cabrera",3,2
"AridScr",7823,0,0,"cabrera",3,3
"ArtSurf",94,0,0,"cabrera",3,3
"BareArea",1122,0,0,"cabrera",3,3
"Crop",4,0,0,"cabrera",3,3
"Grass",13,0,0,"cabrera",3,3
"HaloVeg",52,0,0,"cabrera",3,3
"MedConF",8797,0,0,"cabrera",3,3
"MedScrub",486,0,0,"cabrera",3,3
"SaltMar",276,0,0,"cabrera",3,3
"AridScr",7823,1186,15.16,"cabrera",3,4
"ArtSurf",94,5,5.32,"cabrera",3,4
"BareArea",1122,38,3.39,"cabrera",3,4
"Crop",4,1,25,"cabrera",3,4
"Grass",13,0,0,"cabrera",3,4
"HaloVeg",52,1,1.92,"cabrera",3,4
"MedConF",8797,731,8.31,"cabrera",3,4
"MedScrub",486,50,10.29,"cabrera",3,4
"SaltMar",276,12,4.35,"cabrera",3,4
"AridScr",7823,547,6.99,"cabrera",3,5
"ArtSurf",94,3,3.19,"cabrera",3,5
"BareArea",1122,17,1.52,"cabrera",3,5
"Crop",4,0,0,"cabrera",3,5
"Grass",13,3,23.08,"cabrera",3,5
"HaloVeg",52,2,3.85,"cabrera",3,5
"MedConF",8797,200,2.27,"cabrera",3,5
"MedScrub",486,5,1.03,"cabrera",3,5
"SaltMar",276,5,1.81,"cabrera",3,5
"AridScr",7823,5874,75.09,"cabrera",3,6
"ArtSurf",94,42,44.68,"cabrera",3,6
"BareArea",1122,197,17.56,"cabrera",3,6
"Crop",4,0,0,"cabrera",3,6
"Grass",13,10,76.92,"cabrera",3,6
"HaloVeg",52,29,55.77,"cabrera",3,6
"MedConF",8797,7505,85.31,"cabrera",3,6
"MedScrub",486,427,87.86,"cabrera",3,6
"SaltMar",276,67,24.28,"cabrera",3,6
"AridScr",7823,5253,67.15,"cabrera",3,7
"ArtSurf",94,37,39.36,"cabrera",3,7
"BareArea",1122,306,27.27,"cabrera",3,7
"Crop",4,2,50,"cabrera",3,7
"Grass",13,11,84.62,"cabrera",3,7
"HaloVeg",52,22,42.31,"cabrera",3,7
"MedConF",8797,7121,80.95,"cabrera",3,7
"MedScrub",486,432,88.89,"cabrera",3,7
"SaltMar",276,66,23.91,"cabrera",3,7
"AridScr",7823,0,0,"cabrera",3,8
"ArtSurf",94,0,0,"cabrera",3,8
"BareArea",1122,1,0.09,"cabrera",3,8
"Crop",4,0,0,"cabrera",3,8
"Grass",13,0,0,"cabrera",3,8
"HaloVeg",52,0,0,"cabrera",3,8
"MedConF",8797,7,0.08,"cabrera",3,8
"MedScrub",486,0,0,"cabrera",3,8
"SaltMar",276,0,0,"cabrera",3,8
"AridScr",7823,0,0,"cabrera",3,9
"ArtSurf",94,0,0,"cabrera",3,9
"BareArea",1122,0,0,"cabrera",3,9
"Crop",4,0,0,"cabrera",3,9
"Grass",13,0,0,"cabrera",3,9
"HaloVeg",52,0,0,"cabrera",3,9
"MedConF",8797,0,0,"cabrera",3,9
"MedScrub",486,0,0,"cabrera",3,9
"SaltMar",276,0,0,"cabrera",3,9
"AridScr",7823,0,0,"cabrera",3,10
"ArtSurf",94,0,0,"cabrera",3,10
"BareArea",1122,0,0,"cabrera",3,10
"Crop",4,0,0,"cabrera",3,10
"Grass",13,0,0,"cabrera",3,10
"HaloVeg",52,0,0,"cabrera",3,10
"MedConF",8797,4,0.05,"cabrera",3,10
"MedScrub",486,0,0,"cabrera",3,10
"SaltMar",276,0,0,"cabrera",3,10
"AridScr",7823,0,0,"cabrera",3,11
"ArtSurf",94,0,0,"cabrera",3,11
"BareArea",1122,0,0,"cabrera",3,11
"Crop",4,0,0,"cabrera",3,11
"Grass",13,0,0,"cabrera",3,11
"HaloVeg",52,0,0,"cabrera",3,11
"MedConF",8797,0,0,"cabrera",3,11
"MedScrub",486,0,0,"cabrera",3,11
"SaltMar",276,0,0,"cabrera",3,11
"AridScr",7823,0,0,"cabrera",3,12
"ArtSurf",94,0,0,"cabrera",3,12
"BareArea",1122,0,0,"cabrera",3,12
"Crop",4,0,0,"cabrera",3,12
"Grass",13,0,0,"cabrera",3,12
"HaloVeg",52,0,0,"cabrera",3,12
"MedConF",8797,0,0,"cabrera",3,12
"MedScrub",486,0,0,"cabrera",3,12
"SaltMar",276,0,0,"cabrera",3,12
"AridScr",7823,0,0,"cabrera",6,1
"ArtSurf",94,0,0,"cabrera",6,1
"BareArea",1122,0,0,"cabrera",6,1
"Crop",4,0,0,"cabrera",6,1
"Grass",13,0,0,"cabrera",6,1
"HaloVeg",52,0,0,"cabrera",6,1
"MedConF",8797,0,0,"cabrera",6,1
"MedScrub",486,0,0,"cabrera",6,1
"SaltMar",276,0,0,"cabrera",6,1
"AridScr",7823,0,0,"cabrera",6,2
"ArtSurf",94,0,0,"cabrera",6,2
"BareArea",1122,0,0,"cabrera",6,2
"Crop",4,0,0,"cabrera",6,2
"Grass",13,0,0,"cabrera",6,2
"HaloVeg",52,0,0,"cabrera",6,2
"MedConF",8797,0,0,"cabrera",6,2
"MedScrub",486,0,0,"cabrera",6,2
"SaltMar",276,0,0,"cabrera",6,2
"AridScr",7823,0,0,"cabrera",6,3
"ArtSurf",94,0,0,"cabrera",6,3
"BareArea",1122,0,0,"cabrera",6,3
"Crop",4,0,0,"cabrera",6,3
"Grass",13,0,0,"cabrera",6,3
"HaloVeg",52,0,0,"cabrera",6,3
"MedConF",8797,0,0,"cabrera",6,3
"MedScrub",486,0,0,"cabrera",6,3
"SaltMar",276,0,0,"cabrera",6,3
"AridScr",7823,0,0,"cabrera",6,4
"ArtSurf",94,0,0,"cabrera",6,4
"BareArea",1122,0,0,"cabrera",6,4
"Crop",4,0,0,"cabrera",6,4
"Grass",13,0,0,"cabrera",6,4
"HaloVeg",52,0,0,"cabrera",6,4
"MedConF",8797,0,0,"cabrera",6,4
"MedScrub",486,0,0,"cabrera",6,4
"SaltMar",276,0,0,"cabrera",6,4
"AridScr",7823,0,0,"cabrera",6,5
"ArtSurf",94,0,0,"cabrera",6,5
"BareArea",1122,0,0,"cabrera",6,5
"Crop",4,0,0,"cabrera",6,5
"Grass",13,0,0,"cabrera",6,5
"HaloVeg",52,0,0,"cabrera",6,5
"MedConF",8797,0,0,"cabrera",6,5
"MedScrub",486,0,0,"cabrera",6,5
"SaltMar",276,0,0,"cabrera",6,5
"AridScr",7823,0,0,"cabrera",6,6
"ArtSurf",94,0,0,"cabrera",6,6
"BareArea",1122,0,0,"cabrera",6,6
"Crop",4,0,0,"cabrera",6,6
"Grass",13,0,0,"cabrera",6,6
"HaloVeg",52,0,0,"cabrera",6,6
"MedConF",8797,0,0,"cabrera",6,6
"MedScrub",486,0,0,"cabrera",6,6
"SaltMar",276,0,0,"cabrera",6,6
"AridScr",7823,0,0,"cabrera",6,7
"ArtSurf",94,0,0,"cabrera",6,7
"BareArea",1122,0,0,"cabrera",6,7
"Crop",4,0,0,"cabrera",6,7
"Grass",13,0,0,"cabrera",6,7
"HaloVeg",52,0,0,"cabrera",6,7
"MedConF",8797,0,0,"cabrera",6,7
"MedScrub",486,0,0,"cabrera",6,7
"SaltMar",276,0,0,"cabrera",6,7
"AridScr",7823,0,0,"cabrera",6,8
"ArtSurf",94,0,0,"cabrera",6,8
"BareArea",1122,0,0,"cabrera",6,8
"Crop",4,0,0,"cabrera",6,8
"Grass",13,0,0,"cabrera",6,8
"HaloVeg",52,0,0,"cabrera",6,8
"MedConF",8797,0,0,"cabrera",6,8
"MedScrub",486,0,0,"cabrera",6,8
"SaltMar",276,0,0,"cabrera",6,8
"AridScr",7823,0,0,"cabrera",6,9
"ArtSurf",94,0,0,"cabrera",6,9
"BareArea",1122,0,0,"cabrera",6,9
"Crop",4,0,0,"cabrera",6,9
"Grass",13,0,0,"cabrera",6,9
"HaloVeg",52,0,0,"cabrera",6,9
"MedConF",8797,0,0,"cabrera",6,9
"MedScrub",486,0,0,"cabrera",6,9
"SaltMar",276,0,0,"cabrera",6,9
"AridScr",7823,2,0.03,"cabrera",6,10
"ArtSurf",94,0,0,"cabrera",6,10
"BareArea",1122,0,0,"cabrera",6,10
"Crop",4,0,0,"cabrera",6,10
"Grass",13,0,0,"cabrera",6,10
"HaloVeg",52,0,0,"cabrera",6,10
"MedConF",8797,2,0.02,"cabrera",6,10
"MedScrub",486,0,0,"cabrera",6,10
"SaltMar",276,0,0,"cabrera",6,10
"AridScr",7823,0,0,"cabrera",6,11
"ArtSurf",94,0,0,"cabrera",6,11
"BareArea",1122,0,0,"cabrera",6,11
"Crop",4,0,0,"cabrera",6,11
"Grass",13,0,0,"cabrera",6,11
"HaloVeg",52,0,0,"cabrera",6,11
"MedConF",8797,0,0,"cabrera",6,11
"MedScrub",486,0,0,"cabrera",6,11
"SaltMar",276,0,0,"cabrera",6,11
"AridScr",7823,0,0,"cabrera",6,12
"ArtSurf",94,0,0,"cabrera",6,12
"BareArea",1122,0,0,"cabrera",6,12
"Crop",4,0,0,"cabrera",6,12
"Grass",13,0,0,"cabrera",6,12
"HaloVeg",52,0,0,"cabrera",6,12
"MedConF",8797,0,0,"cabrera",6,12
"MedScrub",486,2,0.41,"cabrera",6,12
"SaltMar",276,0,0,"cabrera",6,12
"AridScr",7823,2,0.03,"cabrera",9,1
"ArtSurf",94,0,0,"cabrera",9,1
"BareArea",1122,0,0,"cabrera",9,1
"Crop",4,0,0,"cabrera",9,1
"Grass",13,0,0,"cabrera",9,1
"HaloVeg",52,0,0,"cabrera",9,1
"MedConF",8797,4,0.05,"cabrera",9,1
"MedScrub",486,0,0,"cabrera",9,1
"SaltMar",276,0,0,"cabrera",9,1
"AridScr",7823,0,0,"cabrera",9,2
"ArtSurf",94,0,0,"cabrera",9,2
"BareArea",1122,0,0,"cabrera",9,2
"Crop",4,0,0,"cabrera",9,2
"Grass",13,0,0,"cabrera",9,2
"HaloVeg",52,0,0,"cabrera",9,2
"MedConF",8797,0,0,"cabrera",9,2
"MedScrub",486,0,0,"cabrera",9,2
"SaltMar",276,0,0,"cabrera",9,2
"AridScr",7823,0,0,"cabrera",9,3
"ArtSurf",94,0,0,"cabrera",9,3
"BareArea",1122,0,0,"cabrera",9,3
"Crop",4,0,0,"cabrera",9,3
"Grass",13,0,0,"cabrera",9,3
"HaloVeg",52,0,0,"cabrera",9,3
"MedConF",8797,0,0,"cabrera",9,3
"MedScrub",486,0,0,"cabrera",9,3
"SaltMar",276,0,0,"cabrera",9,3
"AridScr",7823,0,0,"cabrera",9,4
"ArtSurf",94,0,0,"cabrera",9,4
"BareArea",1122,0,0,"cabrera",9,4
"Crop",4,0,0,"cabrera",9,4
"Grass",13,0,0,"cabrera",9,4
"HaloVeg",52,0,0,"cabrera",9,4
"MedConF",8797,0,0,"cabrera",9,4
"MedScrub",486,0,0,"cabrera",9,4
"SaltMar",276,0,0,"cabrera",9,4
"AridScr",7823,0,0,"cabrera",9,5
"ArtSurf",94,0,0,"cabrera",9,5
"BareArea",1122,0,0,"cabrera",9,5
"Crop",4,0,0,"cabrera",9,5
"Grass",13,0,0,"cabrera",9,5
"HaloVeg",52,0,0,"cabrera",9,5
"MedConF",8797,0,0,"cabrera",9,5
"MedScrub",486,0,0,"cabrera",9,5
"SaltMar",276,0,0,"cabrera",9,5
"AridScr",7823,0,0,"cabrera",9,6
"ArtSurf",94,0,0,"cabrera",9,6
"BareArea",1122,0,0,"cabrera",9,6
"Crop",4,0,0,"cabrera",9,6
"Grass",13,0,0,"cabrera",9,6
"HaloVeg",52,0,0,"cabrera",9,6
"MedConF",8797,0,0,"cabrera",9,6
"MedScrub",486,0,0,"cabrera",9,6
"SaltMar",276,0,0,"cabrera",9,6
"AridScr",7823,0,0,"cabrera",9,7
"ArtSurf",94,0,0,"cabrera",9,7
"BareArea",1122,0,0,"cabrera",9,7
"Crop",4,0,0,"cabrera",9,7
"Grass",13,0,0,"cabrera",9,7
"HaloVeg",52,0,0,"cabrera",9,7
"MedConF",8797,0,0,"cabrera",9,7
"MedScrub",486,0,0,"cabrera",9,7
"SaltMar",276,0,0,"cabrera",9,7
"AridScr",7823,0,0,"cabrera",9,8
"ArtSurf",94,0,0,"cabrera",9,8
"BareArea",1122,0,0,"cabrera",9,8
"Crop",4,0,0,"cabrera",9,8
"Grass",13,0,0,"cabrera",9,8
"HaloVeg",52,0,0,"cabrera",9,8
"MedConF",8797,0,0,"cabrera",9,8
"MedScrub",486,0,0,"cabrera",9,8
"SaltMar",276,0,0,"cabrera",9,8
"AridScr",7823,0,0,"cabrera",9,9
"ArtSurf",94,0,0,"cabrera",9,9
"BareArea",1122,0,0,"cabrera",9,9
"Crop",4,0,0,"cabrera",9,9
"Grass",13,0,0,"cabrera",9,9
"HaloVeg",52,0,0,"cabrera",9,9
"MedConF",8797,0,0,"cabrera",9,9
"MedScrub",486,0,0,"cabrera",9,9
"SaltMar",276,0,0,"cabrera",9,9
"AridScr",7823,0,0,"cabrera",9,10
"ArtSurf",94,0,0,"cabrera",9,10
"BareArea",1122,0,0,"cabrera",9,10
"Crop",4,0,0,"cabrera",9,10
"Grass",13,0,0,"cabrera",9,10
"HaloVeg",52,0,0,"cabrera",9,10
"MedConF",8797,0,0,"cabrera",9,10
"MedScrub",486,0,0,"cabrera",9,10
"SaltMar",276,0,0,"cabrera",9,10
"AridScr",7823,0,0,"cabrera",9,11
"ArtSurf",94,0,0,"cabrera",9,11
"BareArea",1122,0,0,"cabrera",9,11
"Crop",4,0,0,"cabrera",9,11
"Grass",13,0,0,"cabrera",9,11
"HaloVeg",52,0,0,"cabrera",9,11
"MedConF",8797,0,0,"cabrera",9,11
"MedScrub",486,0,0,"cabrera",9,11
"SaltMar",276,0,0,"cabrera",9,11
"AridScr",7823,0,0,"cabrera",9,12
"ArtSurf",94,0,0,"cabrera",9,12
"BareArea",1122,0,0,"cabrera",9,12
"Crop",4,0,0,"cabrera",9,12
"Grass",13,0,0,"cabrera",9,12
"HaloVeg",52,0,0,"cabrera",9,12
"MedConF",8797,0,0,"cabrera",9,12
"MedScrub",486,0,0,"cabrera",9,12
"SaltMar",276,0,0,"cabrera",9,12
"AridScr",7823,0,0,"cabrera",12,1
"ArtSurf",94,0,0,"cabrera",12,1
"BareArea",1122,0,0,"cabrera",12,1
"Crop",4,0,0,"cabrera",12,1
"Grass",13,0,0,"cabrera",12,1
"HaloVeg",52,0,0,"cabrera",12,1
"MedConF",8797,0,0,"cabrera",12,1
"MedScrub",486,0,0,"cabrera",12,1
"SaltMar",276,0,0,"cabrera",12,1
"AridScr",7823,0,0,"cabrera",12,2
"ArtSurf",94,0,0,"cabrera",12,2
"BareArea",1122,0,0,"cabrera",12,2
"Crop",4,0,0,"cabrera",12,2
"Grass",13,0,0,"cabrera",12,2
"HaloVeg",52,0,0,"cabrera",12,2
"MedConF",8797,0,0,"cabrera",12,2
"MedScrub",486,0,0,"cabrera",12,2
"SaltMar",276,0,0,"cabrera",12,2
"AridScr",7823,0,0,"cabrera",12,3
"ArtSurf",94,0,0,"cabrera",12,3
"BareArea",1122,0,0,"cabrera",12,3
"Crop",4,0,0,"cabrera",12,3
"Grass",13,0,0,"cabrera",12,3
"HaloVeg",52,0,0,"cabrera",12,3
"MedConF",8797,0,0,"cabrera",12,3
"MedScrub",486,0,0,"cabrera",12,3
"SaltMar",276,0,0,"cabrera",12,3
"AridScr",7823,0,0,"cabrera",12,4
"ArtSurf",94,0,0,"cabrera",12,4
"BareArea",1122,0,0,"cabrera",12,4
"Crop",4,0,0,"cabrera",12,4
"Grass",13,0,0,"cabrera",12,4
"HaloVeg",52,0,0,"cabrera",12,4
"MedConF",8797,0,0,"cabrera",12,4
"MedScrub",486,0,0,"cabrera",12,4
"SaltMar",276,0,0,"cabrera",12,4
"AridScr",7823,0,0,"cabrera",12,5
"ArtSurf",94,0,0,"cabrera",12,5
"BareArea",1122,0,0,"cabrera",12,5
"Crop",4,0,0,"cabrera",12,5
"Grass",13,0,0,"cabrera",12,5
"HaloVeg",52,0,0,"cabrera",12,5
"MedConF",8797,0,0,"cabrera",12,5
"MedScrub",486,0,0,"cabrera",12,5
"SaltMar",276,0,0,"cabrera",12,5
"AridScr",7823,0,0,"cabrera",12,6
"ArtSurf",94,0,0,"cabrera",12,6
"BareArea",1122,0,0,"cabrera",12,6
"Crop",4,0,0,"cabrera",12,6
"Grass",13,0,0,"cabrera",12,6
"HaloVeg",52,0,0,"cabrera",12,6
"MedConF",8797,0,0,"cabrera",12,6
"MedScrub",486,0,0,"cabrera",12,6
"SaltMar",276,0,0,"cabrera",12,6
"AridScr",7823,0,0,"cabrera",12,7
"ArtSurf",94,0,0,"cabrera",12,7
"BareArea",1122,0,0,"cabrera",12,7
"Crop",4,0,0,"cabrera",12,7
"Grass",13,0,0,"cabrera",12,7
"HaloVeg",52,0,0,"cabrera",12,7
"MedConF",8797,0,0,"cabrera",12,7
"MedScrub",486,0,0,"cabrera",12,7
"SaltMar",276,0,0,"cabrera",12,7
"AridScr",7823,0,0,"cabrera",12,8
"ArtSurf",94,0,0,"cabrera",12,8
"BareArea",1122,0,0,"cabrera",12,8
"Crop",4,0,0,"cabrera",12,8
"Grass",13,0,0,"cabrera",12,8
"HaloVeg",52,0,0,"cabrera",12,8
"MedConF",8797,0,0,"cabrera",12,8
"MedScrub",486,0,0,"cabrera",12,8
"SaltMar",276,0,0,"cabrera",12,8
"AridScr",7823,0,0,"cabrera",12,9
"ArtSurf",94,0,0,"cabrera",12,9
"BareArea",1122,0,0,"cabrera",12,9
"Crop",4,0,0,"cabrera",12,9
"Grass",13,0,0,"cabrera",12,9
"HaloVeg",52,0,0,"cabrera",12,9
"MedConF",8797,0,0,"cabrera",12,9
"MedScrub",486,0,0,"cabrera",12,9
"SaltMar",276,0,0,"cabrera",12,9
"AridScr",7823,0,0,"cabrera",12,10
"ArtSurf",94,0,0,"cabrera",12,10
"BareArea",1122,0,0,"cabrera",12,10
"Crop",4,0,0,"cabrera",12,10
"Grass",13,0,0,"cabrera",12,10
"HaloVeg",52,0,0,"cabrera",12,10
"MedConF",8797,0,0,"cabrera",12,10
"MedScrub",486,0,0,"cabrera",12,10
"SaltMar",276,0,0,"cabrera",12,10
"AridScr",7823,0,0,"cabrera",12,11
"ArtSurf",94,0,0,"cabrera",12,11
"BareArea",1122,0,0,"cabrera",12,11
"Crop",4,0,0,"cabrera",12,11
"Grass",13,0,0,"cabrera",12,11
"HaloVeg",52,0,0,"cabrera",12,11
"MedConF",8797,0,0,"cabrera",12,11
"MedScrub",486,0,0,"cabrera",12,11
"SaltMar",276,0,0,"cabrera",12,11
"AridScr",7823,0,0,"cabrera",12,12
"ArtSurf",94,0,0,"cabrera",12,12
"BareArea",1122,0,0,"cabrera",12,12
"Crop",4,0,0,"cabrera",12,12
"Grass",13,0,0,"cabrera",12,12
"HaloVeg",52,0,0,"cabrera",12,12
"MedConF",8797,0,0,"cabrera",12,12
"MedScrub",486,0,0,"cabrera",12,12
"SaltMar",276,0,0,"cabrera",12,12
"ArtSurf",247,0,0,"daimiel",1,1
"Crop",2273,0,0,"daimiel",1,1
"Dehesa",2601,0,0,"daimiel",1,1
"Grass",8172,0,0,"daimiel",1,1
"HaloVeg",2543,0,0,"daimiel",1,1
"HydroRipVeg",16350,0,0,"daimiel",1,1
"MedSclF",623,0,0,"daimiel",1,1
"Reforestation",25,0,0,"daimiel",1,1
"RipF",1501,0,0,"daimiel",1,1
"WaterSurf",8869,0,0,"daimiel",1,1
"ArtSurf",247,0,0,"daimiel",1,2
"Crop",2273,0,0,"daimiel",1,2
"Dehesa",2601,0,0,"daimiel",1,2
"Grass",8172,0,0,"daimiel",1,2
"HaloVeg",2543,0,0,"daimiel",1,2
"HydroRipVeg",16350,0,0,"daimiel",1,2
"MedSclF",623,0,0,"daimiel",1,2
"Reforestation",25,0,0,"daimiel",1,2
"RipF",1501,0,0,"daimiel",1,2
"WaterSurf",8869,0,0,"daimiel",1,2
"ArtSurf",247,0,0,"daimiel",1,3
"Crop",2273,0,0,"daimiel",1,3
"Dehesa",2601,0,0,"daimiel",1,3
"Grass",8172,0,0,"daimiel",1,3
"HaloVeg",2543,0,0,"daimiel",1,3
"HydroRipVeg",16350,0,0,"daimiel",1,3
"MedSclF",623,0,0,"daimiel",1,3
"Reforestation",25,0,0,"daimiel",1,3
"RipF",1501,0,0,"daimiel",1,3
"WaterSurf",8869,0,0,"daimiel",1,3
"ArtSurf",247,0,0,"daimiel",1,4
"Crop",2273,0,0,"daimiel",1,4
"Dehesa",2601,0,0,"daimiel",1,4
"Grass",8172,0,0,"daimiel",1,4
"HaloVeg",2543,0,0,"daimiel",1,4
"HydroRipVeg",16350,0,0,"daimiel",1,4
"MedSclF",623,0,0,"daimiel",1,4
"Reforestation",25,0,0,"daimiel",1,4
"RipF",1501,0,0,"daimiel",1,4
"WaterSurf",8869,0,0,"daimiel",1,4
"ArtSurf",247,0,0,"daimiel",1,5
"Crop",2273,0,0,"daimiel",1,5
"Dehesa",2601,0,0,"daimiel",1,5
"Grass",8172,0,0,"daimiel",1,5
"HaloVeg",2543,0,0,"daimiel",1,5
"HydroRipVeg",16350,0,0,"daimiel",1,5
"MedSclF",623,0,0,"daimiel",1,5
"Reforestation",25,0,0,"daimiel",1,5
"RipF",1501,0,0,"daimiel",1,5
"WaterSurf",8869,0,0,"daimiel",1,5
"ArtSurf",247,0,0,"daimiel",1,6
"Crop",2273,0,0,"daimiel",1,6
"Dehesa",2601,0,0,"daimiel",1,6
"Grass",8172,0,0,"daimiel",1,6
"HaloVeg",2543,0,0,"daimiel",1,6
"HydroRipVeg",16350,0,0,"daimiel",1,6
"MedSclF",623,0,0,"daimiel",1,6
"Reforestation",25,0,0,"daimiel",1,6
"RipF",1501,0,0,"daimiel",1,6
"WaterSurf",8869,0,0,"daimiel",1,6
"ArtSurf",247,0,0,"daimiel",1,7
"Crop",2273,0,0,"daimiel",1,7
"Dehesa",2601,0,0,"daimiel",1,7
"Grass",8172,0,0,"daimiel",1,7
"HaloVeg",2543,0,0,"daimiel",1,7
"HydroRipVeg",16350,0,0,"daimiel",1,7
"MedSclF",623,0,0,"daimiel",1,7
"Reforestation",25,0,0,"daimiel",1,7
"RipF",1501,0,0,"daimiel",1,7
"WaterSurf",8869,0,0,"daimiel",1,7
"ArtSurf",247,0,0,"daimiel",1,8
"Crop",2273,0,0,"daimiel",1,8
"Dehesa",2601,0,0,"daimiel",1,8
"Grass",8172,0,0,"daimiel",1,8
"HaloVeg",2543,0,0,"daimiel",1,8
"HydroRipVeg",16350,0,0,"daimiel",1,8
"MedSclF",623,0,0,"daimiel",1,8
"Reforestation",25,0,0,"daimiel",1,8
"RipF",1501,0,0,"daimiel",1,8
"WaterSurf",8869,0,0,"daimiel",1,8
"ArtSurf",247,0,0,"daimiel",1,9
"Crop",2273,0,0,"daimiel",1,9
"Dehesa",2601,0,0,"daimiel",1,9
"Grass",8172,0,0,"daimiel",1,9
"HaloVeg",2543,0,0,"daimiel",1,9
"HydroRipVeg",16350,0,0,"daimiel",1,9
"MedSclF",623,0,0,"daimiel",1,9
"Reforestation",25,0,0,"daimiel",1,9
"RipF",1501,0,0,"daimiel",1,9
"WaterSurf",8869,0,0,"daimiel",1,9
"ArtSurf",247,0,0,"daimiel",1,10
"Crop",2273,0,0,"daimiel",1,10
"Dehesa",2601,0,0,"daimiel",1,10
"Grass",8172,0,0,"daimiel",1,10
"HaloVeg",2543,0,0,"daimiel",1,10
"HydroRipVeg",16350,0,0,"daimiel",1,10
"MedSclF",623,0,0,"daimiel",1,10
"Reforestation",25,0,0,"daimiel",1,10
"RipF",1501,0,0,"daimiel",1,10
"WaterSurf",8869,0,0,"daimiel",1,10
"ArtSurf",247,0,0,"daimiel",1,11
"Crop",2273,0,0,"daimiel",1,11
"Dehesa",2601,0,0,"daimiel",1,11
"Grass",8172,0,0,"daimiel",1,11
"HaloVeg",2543,0,0,"daimiel",1,11
"HydroRipVeg",16350,0,0,"daimiel",1,11
"MedSclF",623,0,0,"daimiel",1,11
"Reforestation",25,0,0,"daimiel",1,11
"RipF",1501,0,0,"daimiel",1,11
"WaterSurf",8869,0,0,"daimiel",1,11
"ArtSurf",247,0,0,"daimiel",1,12
"Crop",2273,0,0,"daimiel",1,12
"Dehesa",2601,0,0,"daimiel",1,12
"Grass",8172,0,0,"daimiel",1,12
"HaloVeg",2543,0,0,"daimiel",1,12
"HydroRipVeg",16350,0,0,"daimiel",1,12
"MedSclF",623,0,0,"daimiel",1,12
"Reforestation",25,0,0,"daimiel",1,12
"RipF",1501,0,0,"daimiel",1,12
"WaterSurf",8869,0,0,"daimiel",1,12
"ArtSurf",247,0,0,"daimiel",3,1
"Crop",2273,0,0,"daimiel",3,1
"Dehesa",2601,0,0,"daimiel",3,1
"Grass",8172,0,0,"daimiel",3,1
"HaloVeg",2543,0,0,"daimiel",3,1
"HydroRipVeg",16350,0,0,"daimiel",3,1
"MedSclF",623,0,0,"daimiel",3,1
"Reforestation",25,0,0,"daimiel",3,1
"RipF",1501,0,0,"daimiel",3,1
"WaterSurf",8869,0,0,"daimiel",3,1
"ArtSurf",247,0,0,"daimiel",3,2
"Crop",2273,0,0,"daimiel",3,2
"Dehesa",2601,0,0,"daimiel",3,2
"Grass",8172,0,0,"daimiel",3,2
"HaloVeg",2543,0,0,"daimiel",3,2
"HydroRipVeg",16350,0,0,"daimiel",3,2
"MedSclF",623,0,0,"daimiel",3,2
"Reforestation",25,0,0,"daimiel",3,2
"RipF",1501,0,0,"daimiel",3,2
"WaterSurf",8869,0,0,"daimiel",3,2
"ArtSurf",247,0,0,"daimiel",3,3
"Crop",2273,0,0,"daimiel",3,3
"Dehesa",2601,0,0,"daimiel",3,3
"Grass",8172,0,0,"daimiel",3,3
"HaloVeg",2543,0,0,"daimiel",3,3
"HydroRipVeg",16350,0,0,"daimiel",3,3
"MedSclF",623,0,0,"daimiel",3,3
"Reforestation",25,0,0,"daimiel",3,3
"RipF",1501,0,0,"daimiel",3,3
"WaterSurf",8869,0,0,"daimiel",3,3
"ArtSurf",247,0,0,"daimiel",3,4
"Crop",2273,0,0,"daimiel",3,4
"Dehesa",2601,0,0,"daimiel",3,4
"Grass",8172,0,0,"daimiel",3,4
"HaloVeg",2543,0,0,"daimiel",3,4
"HydroRipVeg",16350,0,0,"daimiel",3,4
"MedSclF",623,0,0,"daimiel",3,4
"Reforestation",25,0,0,"daimiel",3,4
"RipF",1501,0,0,"daimiel",3,4
"WaterSurf",8869,0,0,"daimiel",3,4
"ArtSurf",247,0,0,"daimiel",3,5
"Crop",2273,0,0,"daimiel",3,5
"Dehesa",2601,0,0,"daimiel",3,5
"Grass",8172,0,0,"daimiel",3,5
"HaloVeg",2543,0,0,"daimiel",3,5
"HydroRipVeg",16350,0,0,"daimiel",3,5
"MedSclF",623,0,0,"daimiel",3,5
"Reforestation",25,0,0,"daimiel",3,5
"RipF",1501,0,0,"daimiel",3,5
"WaterSurf",8869,0,0,"daimiel",3,5
"ArtSurf",247,0,0,"daimiel",3,6
"Crop",2273,0,0,"daimiel",3,6
"Dehesa",2601,0,0,"daimiel",3,6
"Grass",8172,0,0,"daimiel",3,6
"HaloVeg",2543,0,0,"daimiel",3,6
"HydroRipVeg",16350,0,0,"daimiel",3,6
"MedSclF",623,0,0,"daimiel",3,6
"Reforestation",25,0,0,"daimiel",3,6
"RipF",1501,0,0,"daimiel",3,6
"WaterSurf",8869,0,0,"daimiel",3,6
"ArtSurf",247,0,0,"daimiel",3,7
"Crop",2273,43,1.89,"daimiel",3,7
"Dehesa",2601,86,3.31,"daimiel",3,7
"Grass",8172,204,2.5,"daimiel",3,7
"HaloVeg",2543,508,19.98,"daimiel",3,7
"HydroRipVeg",16350,249,1.52,"daimiel",3,7
"MedSclF",623,395,63.4,"daimiel",3,7
"Reforestation",25,3,12,"daimiel",3,7
"RipF",1501,80,5.33,"daimiel",3,7
"WaterSurf",8869,4,0.05,"daimiel",3,7
"ArtSurf",247,0,0,"daimiel",3,8
"Crop",2273,0,0,"daimiel",3,8
"Dehesa",2601,0,0,"daimiel",3,8
"Grass",8172,0,0,"daimiel",3,8
"HaloVeg",2543,0,0,"daimiel",3,8
"HydroRipVeg",16350,0,0,"daimiel",3,8
"MedSclF",623,0,0,"daimiel",3,8
"Reforestation",25,0,0,"daimiel",3,8
"RipF",1501,0,0,"daimiel",3,8
"WaterSurf",8869,0,0,"daimiel",3,8
"ArtSurf",247,0,0,"daimiel",3,9
"Crop",2273,0,0,"daimiel",3,9
"Dehesa",2601,0,0,"daimiel",3,9
"Grass",8172,0,0,"daimiel",3,9
"HaloVeg",2543,0,0,"daimiel",3,9
"HydroRipVeg",16350,0,0,"daimiel",3,9
"MedSclF",623,0,0,"daimiel",3,9
"Reforestation",25,0,0,"daimiel",3,9
"RipF",1501,0,0,"daimiel",3,9
"WaterSurf",8869,0,0,"daimiel",3,9
"ArtSurf",247,0,0,"daimiel",3,10
"Crop",2273,0,0,"daimiel",3,10
"Dehesa",2601,0,0,"daimiel",3,10
"Grass",8172,0,0,"daimiel",3,10
"HaloVeg",2543,0,0,"daimiel",3,10
"HydroRipVeg",16350,0,0,"daimiel",3,10
"MedSclF",623,0,0,"daimiel",3,10
"Reforestation",25,0,0,"daimiel",3,10
"RipF",1501,0,0,"daimiel",3,10
"WaterSurf",8869,0,0,"daimiel",3,10
"ArtSurf",247,0,0,"daimiel",3,11
"Crop",2273,0,0,"daimiel",3,11
"Dehesa",2601,0,0,"daimiel",3,11
"Grass",8172,0,0,"daimiel",3,11
"HaloVeg",2543,0,0,"daimiel",3,11
"HydroRipVeg",16350,0,0,"daimiel",3,11
"MedSclF",623,0,0,"daimiel",3,11
"Reforestation",25,0,0,"daimiel",3,11
"RipF",1501,0,0,"daimiel",3,11
"WaterSurf",8869,0,0,"daimiel",3,11
"ArtSurf",247,0,0,"daimiel",3,12
"Crop",2273,0,0,"daimiel",3,12
"Dehesa",2601,0,0,"daimiel",3,12
"Grass",8172,0,0,"daimiel",3,12
"HaloVeg",2543,0,0,"daimiel",3,12
"HydroRipVeg",16350,0,0,"daimiel",3,12
"MedSclF",623,0,0,"daimiel",3,12
"Reforestation",25,0,0,"daimiel",3,12
"RipF",1501,0,0,"daimiel",3,12
"WaterSurf",8869,0,0,"daimiel",3,12
"ArtSurf",247,0,0,"daimiel",6,1
"Crop",2273,0,0,"daimiel",6,1
"Dehesa",2601,0,0,"daimiel",6,1
"Grass",8172,0,0,"daimiel",6,1
"HaloVeg",2543,0,0,"daimiel",6,1
"HydroRipVeg",16350,0,0,"daimiel",6,1
"MedSclF",623,0,0,"daimiel",6,1
"Reforestation",25,0,0,"daimiel",6,1
"RipF",1501,0,0,"daimiel",6,1
"WaterSurf",8869,0,0,"daimiel",6,1
"ArtSurf",247,0,0,"daimiel",6,2
"Crop",2273,0,0,"daimiel",6,2
"Dehesa",2601,0,0,"daimiel",6,2
"Grass",8172,0,0,"daimiel",6,2
"HaloVeg",2543,0,0,"daimiel",6,2
"HydroRipVeg",16350,0,0,"daimiel",6,2
"MedSclF",623,0,0,"daimiel",6,2
"Reforestation",25,0,0,"daimiel",6,2
"RipF",1501,0,0,"daimiel",6,2
"WaterSurf",8869,0,0,"daimiel",6,2
"ArtSurf",247,0,0,"daimiel",6,3
"Crop",2273,0,0,"daimiel",6,3
"Dehesa",2601,0,0,"daimiel",6,3
"Grass",8172,0,0,"daimiel",6,3
"HaloVeg",2543,0,0,"daimiel",6,3
"HydroRipVeg",16350,0,0,"daimiel",6,3
"MedSclF",623,0,0,"daimiel",6,3
"Reforestation",25,0,0,"daimiel",6,3
"RipF",1501,0,0,"daimiel",6,3
"WaterSurf",8869,0,0,"daimiel",6,3
"ArtSurf",247,0,0,"daimiel",6,4
"Crop",2273,0,0,"daimiel",6,4
"Dehesa",2601,0,0,"daimiel",6,4
"Grass",8172,0,0,"daimiel",6,4
"HaloVeg",2543,0,0,"daimiel",6,4
"HydroRipVeg",16350,0,0,"daimiel",6,4
"MedSclF",623,0,0,"daimiel",6,4
"Reforestation",25,0,0,"daimiel",6,4
"RipF",1501,0,0,"daimiel",6,4
"WaterSurf",8869,0,0,"daimiel",6,4
"ArtSurf",247,0,0,"daimiel",6,5
"Crop",2273,0,0,"daimiel",6,5
"Dehesa",2601,0,0,"daimiel",6,5
"Grass",8172,0,0,"daimiel",6,5
"HaloVeg",2543,0,0,"daimiel",6,5
"HydroRipVeg",16350,0,0,"daimiel",6,5
"MedSclF",623,0,0,"daimiel",6,5
"Reforestation",25,0,0,"daimiel",6,5
"RipF",1501,0,0,"daimiel",6,5
"WaterSurf",8869,0,0,"daimiel",6,5
"ArtSurf",247,0,0,"daimiel",6,6
"Crop",2273,0,0,"daimiel",6,6
"Dehesa",2601,0,0,"daimiel",6,6
"Grass",8172,0,0,"daimiel",6,6
"HaloVeg",2543,0,0,"daimiel",6,6
"HydroRipVeg",16350,0,0,"daimiel",6,6
"MedSclF",623,0,0,"daimiel",6,6
"Reforestation",25,0,0,"daimiel",6,6
"RipF",1501,0,0,"daimiel",6,6
"WaterSurf",8869,0,0,"daimiel",6,6
"ArtSurf",247,0,0,"daimiel",6,7
"Crop",2273,0,0,"daimiel",6,7
"Dehesa",2601,0,0,"daimiel",6,7
"Grass",8172,0,0,"daimiel",6,7
"HaloVeg",2543,0,0,"daimiel",6,7
"HydroRipVeg",16350,0,0,"daimiel",6,7
"MedSclF",623,0,0,"daimiel",6,7
"Reforestation",25,0,0,"daimiel",6,7
"RipF",1501,0,0,"daimiel",6,7
"WaterSurf",8869,0,0,"daimiel",6,7
"ArtSurf",247,0,0,"daimiel",6,8
"Crop",2273,0,0,"daimiel",6,8
"Dehesa",2601,0,0,"daimiel",6,8
"Grass",8172,0,0,"daimiel",6,8
"HaloVeg",2543,0,0,"daimiel",6,8
"HydroRipVeg",16350,0,0,"daimiel",6,8
"MedSclF",623,0,0,"daimiel",6,8
"Reforestation",25,0,0,"daimiel",6,8
"RipF",1501,0,0,"daimiel",6,8
"WaterSurf",8869,0,0,"daimiel",6,8
"ArtSurf",247,0,0,"daimiel",6,9
"Crop",2273,0,0,"daimiel",6,9
"Dehesa",2601,0,0,"daimiel",6,9
"Grass",8172,0,0,"daimiel",6,9
"HaloVeg",2543,0,0,"daimiel",6,9
"HydroRipVeg",16350,0,0,"daimiel",6,9
"MedSclF",623,0,0,"daimiel",6,9
"Reforestation",25,0,0,"daimiel",6,9
"RipF",1501,0,0,"daimiel",6,9
"WaterSurf",8869,0,0,"daimiel",6,9
"ArtSurf",247,0,0,"daimiel",6,10
"Crop",2273,0,0,"daimiel",6,10
"Dehesa",2601,0,0,"daimiel",6,10
"Grass",8172,0,0,"daimiel",6,10
"HaloVeg",2543,0,0,"daimiel",6,10
"HydroRipVeg",16350,0,0,"daimiel",6,10
"MedSclF",623,0,0,"daimiel",6,10
"Reforestation",25,0,0,"daimiel",6,10
"RipF",1501,0,0,"daimiel",6,10
"WaterSurf",8869,0,0,"daimiel",6,10
"ArtSurf",247,0,0,"daimiel",6,11
"Crop",2273,0,0,"daimiel",6,11
"Dehesa",2601,0,0,"daimiel",6,11
"Grass",8172,0,0,"daimiel",6,11
"HaloVeg",2543,0,0,"daimiel",6,11
"HydroRipVeg",16350,0,0,"daimiel",6,11
"MedSclF",623,0,0,"daimiel",6,11
"Reforestation",25,0,0,"daimiel",6,11
"RipF",1501,0,0,"daimiel",6,11
"WaterSurf",8869,0,0,"daimiel",6,11
"ArtSurf",247,0,0,"daimiel",6,12
"Crop",2273,0,0,"daimiel",6,12
"Dehesa",2601,0,0,"daimiel",6,12
"Grass",8172,0,0,"daimiel",6,12
"HaloVeg",2543,0,0,"daimiel",6,12
"HydroRipVeg",16350,0,0,"daimiel",6,12
"MedSclF",623,0,0,"daimiel",6,12
"Reforestation",25,0,0,"daimiel",6,12
"RipF",1501,0,0,"daimiel",6,12
"WaterSurf",8869,0,0,"daimiel",6,12
"ArtSurf",247,0,0,"daimiel",9,1
"Crop",2273,0,0,"daimiel",9,1
"Dehesa",2601,0,0,"daimiel",9,1
"Grass",8172,0,0,"daimiel",9,1
"HaloVeg",2543,0,0,"daimiel",9,1
"HydroRipVeg",16350,0,0,"daimiel",9,1
"MedSclF",623,0,0,"daimiel",9,1
"Reforestation",25,0,0,"daimiel",9,1
"RipF",1501,0,0,"daimiel",9,1
"WaterSurf",8869,0,0,"daimiel",9,1
"ArtSurf",247,0,0,"daimiel",9,2
"Crop",2273,0,0,"daimiel",9,2
"Dehesa",2601,0,0,"daimiel",9,2
"Grass",8172,0,0,"daimiel",9,2
"HaloVeg",2543,0,0,"daimiel",9,2
"HydroRipVeg",16350,0,0,"daimiel",9,2
"MedSclF",623,0,0,"daimiel",9,2
"Reforestation",25,0,0,"daimiel",9,2
"RipF",1501,0,0,"daimiel",9,2
"WaterSurf",8869,0,0,"daimiel",9,2
"ArtSurf",247,0,0,"daimiel",9,3
"Crop",2273,0,0,"daimiel",9,3
"Dehesa",2601,0,0,"daimiel",9,3
"Grass",8172,0,0,"daimiel",9,3
"HaloVeg",2543,0,0,"daimiel",9,3
"HydroRipVeg",16350,0,0,"daimiel",9,3
"MedSclF",623,0,0,"daimiel",9,3
"Reforestation",25,0,0,"daimiel",9,3
"RipF",1501,0,0,"daimiel",9,3
"WaterSurf",8869,0,0,"daimiel",9,3
"ArtSurf",247,0,0,"daimiel",9,4
"Crop",2273,0,0,"daimiel",9,4
"Dehesa",2601,0,0,"daimiel",9,4
"Grass",8172,0,0,"daimiel",9,4
"HaloVeg",2543,0,0,"daimiel",9,4
"HydroRipVeg",16350,0,0,"daimiel",9,4
"MedSclF",623,0,0,"daimiel",9,4
"Reforestation",25,0,0,"daimiel",9,4
"RipF",1501,0,0,"daimiel",9,4
"WaterSurf",8869,0,0,"daimiel",9,4
"ArtSurf",247,0,0,"daimiel",9,5
"Crop",2273,0,0,"daimiel",9,5
"Dehesa",2601,0,0,"daimiel",9,5
"Grass",8172,2,0.02,"daimiel",9,5
"HaloVeg",2543,0,0,"daimiel",9,5
"HydroRipVeg",16350,0,0,"daimiel",9,5
"MedSclF",623,0,0,"daimiel",9,5
"Reforestation",25,0,0,"daimiel",9,5
"RipF",1501,0,0,"daimiel",9,5
"WaterSurf",8869,0,0,"daimiel",9,5
"ArtSurf",247,0,0,"daimiel",9,6
"Crop",2273,0,0,"daimiel",9,6
"Dehesa",2601,0,0,"daimiel",9,6
"Grass",8172,0,0,"daimiel",9,6
"HaloVeg",2543,0,0,"daimiel",9,6
"HydroRipVeg",16350,0,0,"daimiel",9,6
"MedSclF",623,0,0,"daimiel",9,6
"Reforestation",25,0,0,"daimiel",9,6
"RipF",1501,0,0,"daimiel",9,6
"WaterSurf",8869,0,0,"daimiel",9,6
"ArtSurf",247,0,0,"daimiel",9,7
"Crop",2273,0,0,"daimiel",9,7
"Dehesa",2601,0,0,"daimiel",9,7
"Grass",8172,0,0,"daimiel",9,7
"HaloVeg",2543,0,0,"daimiel",9,7
"HydroRipVeg",16350,0,0,"daimiel",9,7
"MedSclF",623,0,0,"daimiel",9,7
"Reforestation",25,0,0,"daimiel",9,7
"RipF",1501,0,0,"daimiel",9,7
"WaterSurf",8869,0,0,"daimiel",9,7
"ArtSurf",247,0,0,"daimiel",9,8
"Crop",2273,0,0,"daimiel",9,8
"Dehesa",2601,0,0,"daimiel",9,8
"Grass",8172,0,0,"daimiel",9,8
"HaloVeg",2543,0,0,"daimiel",9,8
"HydroRipVeg",16350,0,0,"daimiel",9,8
"MedSclF",623,0,0,"daimiel",9,8
"Reforestation",25,0,0,"daimiel",9,8
"RipF",1501,0,0,"daimiel",9,8
"WaterSurf",8869,0,0,"daimiel",9,8
"ArtSurf",247,0,0,"daimiel",9,9
"Crop",2273,0,0,"daimiel",9,9
"Dehesa",2601,0,0,"daimiel",9,9
"Grass",8172,0,0,"daimiel",9,9
"HaloVeg",2543,0,0,"daimiel",9,9
"HydroRipVeg",16350,0,0,"daimiel",9,9
"MedSclF",623,0,0,"daimiel",9,9
"Reforestation",25,0,0,"daimiel",9,9
"RipF",1501,0,0,"daimiel",9,9
"WaterSurf",8869,0,0,"daimiel",9,9
"ArtSurf",247,0,0,"daimiel",9,10
"Crop",2273,0,0,"daimiel",9,10
"Dehesa",2601,0,0,"daimiel",9,10
"Grass",8172,0,0,"daimiel",9,10
"HaloVeg",2543,0,0,"daimiel",9,10
"HydroRipVeg",16350,0,0,"daimiel",9,10
"MedSclF",623,0,0,"daimiel",9,10
"Reforestation",25,0,0,"daimiel",9,10
"RipF",1501,0,0,"daimiel",9,10
"WaterSurf",8869,0,0,"daimiel",9,10
"ArtSurf",247,0,0,"daimiel",9,11
"Crop",2273,0,0,"daimiel",9,11
"Dehesa",2601,0,0,"daimiel",9,11
"Grass",8172,0,0,"daimiel",9,11
"HaloVeg",2543,0,0,"daimiel",9,11
"HydroRipVeg",16350,0,0,"daimiel",9,11
"MedSclF",623,0,0,"daimiel",9,11
"Reforestation",25,0,0,"daimiel",9,11
"RipF",1501,0,0,"daimiel",9,11
"WaterSurf",8869,0,0,"daimiel",9,11
"ArtSurf",247,0,0,"daimiel",9,12
"Crop",2273,0,0,"daimiel",9,12
"Dehesa",2601,0,0,"daimiel",9,12
"Grass",8172,0,0,"daimiel",9,12
"HaloVeg",2543,0,0,"daimiel",9,12
"HydroRipVeg",16350,0,0,"daimiel",9,12
"MedSclF",623,0,0,"daimiel",9,12
"Reforestation",25,0,0,"daimiel",9,12
"RipF",1501,0,0,"daimiel",9,12
"WaterSurf",8869,0,0,"daimiel",9,12
"ArtSurf",247,0,0,"daimiel",12,1
"Crop",2273,0,0,"daimiel",12,1
"Dehesa",2601,0,0,"daimiel",12,1
"Grass",8172,0,0,"daimiel",12,1
"HaloVeg",2543,0,0,"daimiel",12,1
"HydroRipVeg",16350,0,0,"daimiel",12,1
"MedSclF",623,0,0,"daimiel",12,1
"Reforestation",25,0,0,"daimiel",12,1
"RipF",1501,0,0,"daimiel",12,1
"WaterSurf",8869,0,0,"daimiel",12,1
"ArtSurf",247,0,0,"daimiel",12,2
"Crop",2273,0,0,"daimiel",12,2
"Dehesa",2601,0,0,"daimiel",12,2
"Grass",8172,0,0,"daimiel",12,2
"HaloVeg",2543,0,0,"daimiel",12,2
"HydroRipVeg",16350,0,0,"daimiel",12,2
"MedSclF",623,0,0,"daimiel",12,2
"Reforestation",25,0,0,"daimiel",12,2
"RipF",1501,0,0,"daimiel",12,2
"WaterSurf",8869,0,0,"daimiel",12,2
"ArtSurf",247,0,0,"daimiel",12,3
"Crop",2273,0,0,"daimiel",12,3
"Dehesa",2601,0,0,"daimiel",12,3
"Grass",8172,0,0,"daimiel",12,3
"HaloVeg",2543,0,0,"daimiel",12,3
"HydroRipVeg",16350,0,0,"daimiel",12,3
"MedSclF",623,0,0,"daimiel",12,3
"Reforestation",25,0,0,"daimiel",12,3
"RipF",1501,0,0,"daimiel",12,3
"WaterSurf",8869,0,0,"daimiel",12,3
"ArtSurf",247,0,0,"daimiel",12,4
"Crop",2273,0,0,"daimiel",12,4
"Dehesa",2601,0,0,"daimiel",12,4
"Grass",8172,0,0,"daimiel",12,4
"HaloVeg",2543,0,0,"daimiel",12,4
"HydroRipVeg",16350,0,0,"daimiel",12,4
"MedSclF",623,0,0,"daimiel",12,4
"Reforestation",25,0,0,"daimiel",12,4
"RipF",1501,0,0,"daimiel",12,4
"WaterSurf",8869,0,0,"daimiel",12,4
"ArtSurf",247,0,0,"daimiel",12,5
"Crop",2273,0,0,"daimiel",12,5
"Dehesa",2601,0,0,"daimiel",12,5
"Grass",8172,0,0,"daimiel",12,5
"HaloVeg",2543,0,0,"daimiel",12,5
"HydroRipVeg",16350,0,0,"daimiel",12,5
"MedSclF",623,0,0,"daimiel",12,5
"Reforestation",25,0,0,"daimiel",12,5
"RipF",1501,0,0,"daimiel",12,5
"WaterSurf",8869,0,0,"daimiel",12,5
"ArtSurf",247,0,0,"daimiel",12,6
"Crop",2273,0,0,"daimiel",12,6
"Dehesa",2601,0,0,"daimiel",12,6
"Grass",8172,0,0,"daimiel",12,6
"HaloVeg",2543,0,0,"daimiel",12,6
"HydroRipVeg",16350,0,0,"daimiel",12,6
"MedSclF",623,0,0,"daimiel",12,6
"Reforestation",25,0,0,"daimiel",12,6
"RipF",1501,0,0,"daimiel",12,6
"WaterSurf",8869,0,0,"daimiel",12,6
"ArtSurf",247,0,0,"daimiel",12,7
"Crop",2273,0,0,"daimiel",12,7
"Dehesa",2601,0,0,"daimiel",12,7
"Grass",8172,0,0,"daimiel",12,7
"HaloVeg",2543,0,0,"daimiel",12,7
"HydroRipVeg",16350,0,0,"daimiel",12,7
"MedSclF",623,0,0,"daimiel",12,7
"Reforestation",25,0,0,"daimiel",12,7
"RipF",1501,0,0,"daimiel",12,7
"WaterSurf",8869,0,0,"daimiel",12,7
"ArtSurf",247,0,0,"daimiel",12,8
"Crop",2273,0,0,"daimiel",12,8
"Dehesa",2601,0,0,"daimiel",12,8
"Grass",8172,0,0,"daimiel",12,8
"HaloVeg",2543,0,0,"daimiel",12,8
"HydroRipVeg",16350,0,0,"daimiel",12,8
"MedSclF",623,0,0,"daimiel",12,8
"Reforestation",25,0,0,"daimiel",12,8
"RipF",1501,0,0,"daimiel",12,8
"WaterSurf",8869,0,0,"daimiel",12,8
"ArtSurf",247,0,0,"daimiel",12,9
"Crop",2273,0,0,"daimiel",12,9
"Dehesa",2601,0,0,"daimiel",12,9
"Grass",8172,0,0,"daimiel",12,9
"HaloVeg",2543,0,0,"daimiel",12,9
"HydroRipVeg",16350,0,0,"daimiel",12,9
"MedSclF",623,0,0,"daimiel",12,9
"Reforestation",25,0,0,"daimiel",12,9
"RipF",1501,0,0,"daimiel",12,9
"WaterSurf",8869,0,0,"daimiel",12,9
"ArtSurf",247,0,0,"daimiel",12,10
"Crop",2273,0,0,"daimiel",12,10
"Dehesa",2601,0,0,"daimiel",12,10
"Grass",8172,0,0,"daimiel",12,10
"HaloVeg",2543,0,0,"daimiel",12,10
"HydroRipVeg",16350,0,0,"daimiel",12,10
"MedSclF",623,0,0,"daimiel",12,10
"Reforestation",25,0,0,"daimiel",12,10
"RipF",1501,0,0,"daimiel",12,10
"WaterSurf",8869,0,0,"daimiel",12,10
"ArtSurf",247,0,0,"daimiel",12,11
"Crop",2273,0,0,"daimiel",12,11
"Dehesa",2601,0,0,"daimiel",12,11
"Grass",8172,0,0,"daimiel",12,11
"HaloVeg",2543,0,0,"daimiel",12,11
"HydroRipVeg",16350,0,0,"daimiel",12,11
"MedSclF",623,0,0,"daimiel",12,11
"Reforestation",25,0,0,"daimiel",12,11
"RipF",1501,0,0,"daimiel",12,11
"WaterSurf",8869,0,0,"daimiel",12,11
"ArtSurf",247,0,0,"daimiel",12,12
"Crop",2273,0,0,"daimiel",12,12
"Dehesa",2601,0,0,"daimiel",12,12
"Grass",8172,0,0,"daimiel",12,12
"HaloVeg",2543,0,0,"daimiel",12,12
"HydroRipVeg",16350,0,0,"daimiel",12,12
"MedSclF",623,0,0,"daimiel",12,12
"Reforestation",25,0,0,"daimiel",12,12
"RipF",1501,0,0,"daimiel",12,12
"WaterSurf",8869,0,0,"daimiel",12,12
"ArtSurf",12613,0,0,"donana",1,1
"BareArea",6426,0,0,"donana",1,1
"DuneSand",52133,0,0,"donana",1,1
"Grass",23898,0,0,"donana",1,1
"HydroRipVeg",39646,0,0,"donana",1,1
"MedConF",76259,0,0,"donana",1,1
"MedSclF",6483,0,0,"donana",1,1
"MedScrub",129201,0,0,"donana",1,1
"Reforestation",2747,0,0,"donana",1,1
"RipF",418,0,0,"donana",1,1
"SaltMar",344960,0,0,"donana",1,1
"Shrub",6017,0,0,"donana",1,1
"WaterSurf",41748,0,0,"donana",1,1
"ArtSurf",12613,0,0,"donana",1,2
"BareArea",6426,0,0,"donana",1,2
"DuneSand",52133,0,0,"donana",1,2
"Grass",23898,0,0,"donana",1,2
"HydroRipVeg",39646,0,0,"donana",1,2
"MedConF",76259,0,0,"donana",1,2
"MedSclF",6483,0,0,"donana",1,2
"MedScrub",129201,0,0,"donana",1,2
"Reforestation",2747,0,0,"donana",1,2
"RipF",418,0,0,"donana",1,2
"SaltMar",344960,0,0,"donana",1,2
"Shrub",6017,0,0,"donana",1,2
"WaterSurf",41748,0,0,"donana",1,2
"ArtSurf",12613,0,0,"donana",1,3
"BareArea",6426,0,0,"donana",1,3
"DuneSand",52133,0,0,"donana",1,3
"Grass",23898,0,0,"donana",1,3
"HydroRipVeg",39646,0,0,"donana",1,3
"MedConF",76259,0,0,"donana",1,3
"MedSclF",6483,0,0,"donana",1,3
"MedScrub",129201,0,0,"donana",1,3
"Reforestation",2747,0,0,"donana",1,3
"RipF",418,0,0,"donana",1,3
"SaltMar",344960,0,0,"donana",1,3
"Shrub",6017,0,0,"donana",1,3
"WaterSurf",41748,0,0,"donana",1,3
"ArtSurf",12613,0,0,"donana",1,4
"BareArea",6426,0,0,"donana",1,4
"DuneSand",52133,0,0,"donana",1,4
"Grass",23898,0,0,"donana",1,4
"HydroRipVeg",39646,0,0,"donana",1,4
"MedConF",76259,0,0,"donana",1,4
"MedSclF",6483,0,0,"donana",1,4
"MedScrub",129201,0,0,"donana",1,4
"Reforestation",2747,0,0,"donana",1,4
"RipF",418,0,0,"donana",1,4
"SaltMar",344960,0,0,"donana",1,4
"Shrub",6017,0,0,"donana",1,4
"WaterSurf",41748,0,0,"donana",1,4
"ArtSurf",12613,0,0,"donana",1,5
"BareArea",6426,0,0,"donana",1,5
"DuneSand",52133,0,0,"donana",1,5
"Grass",23898,0,0,"donana",1,5
"HydroRipVeg",39646,0,0,"donana",1,5
"MedConF",76259,0,0,"donana",1,5
"MedSclF",6483,0,0,"donana",1,5
"MedScrub",129201,0,0,"donana",1,5
"Reforestation",2747,0,0,"donana",1,5
"RipF",418,0,0,"donana",1,5
"SaltMar",344960,0,0,"donana",1,5
"Shrub",6017,0,0,"donana",1,5
"WaterSurf",41748,0,0,"donana",1,5
"ArtSurf",12613,0,0,"donana",1,6
"BareArea",6426,0,0,"donana",1,6
"DuneSand",52133,0,0,"donana",1,6
"Grass",23898,0,0,"donana",1,6
"HydroRipVeg",39646,0,0,"donana",1,6
"MedConF",76259,0,0,"donana",1,6
"MedSclF",6483,0,0,"donana",1,6
"MedScrub",129201,0,0,"donana",1,6
"Reforestation",2747,0,0,"donana",1,6
"RipF",418,0,0,"donana",1,6
"SaltMar",344960,0,0,"donana",1,6
"Shrub",6017,0,0,"donana",1,6
"WaterSurf",41748,0,0,"donana",1,6
"ArtSurf",12613,0,0,"donana",1,7
"BareArea",6426,0,0,"donana",1,7
"DuneSand",52133,0,0,"donana",1,7
"Grass",23898,0,0,"donana",1,7
"HydroRipVeg",39646,0,0,"donana",1,7
"MedConF",76259,0,0,"donana",1,7
"MedSclF",6483,0,0,"donana",1,7
"MedScrub",129201,0,0,"donana",1,7
"Reforestation",2747,0,0,"donana",1,7
"RipF",418,0,0,"donana",1,7
"SaltMar",344960,0,0,"donana",1,7
"Shrub",6017,0,0,"donana",1,7
"WaterSurf",41748,0,0,"donana",1,7
"ArtSurf",12613,0,0,"donana",1,8
"BareArea",6426,0,0,"donana",1,8
"DuneSand",52133,0,0,"donana",1,8
"Grass",23898,0,0,"donana",1,8
"HydroRipVeg",39646,0,0,"donana",1,8
"MedConF",76259,0,0,"donana",1,8
"MedSclF",6483,0,0,"donana",1,8
"MedScrub",129201,0,0,"donana",1,8
"Reforestation",2747,0,0,"donana",1,8
"RipF",418,0,0,"donana",1,8
"SaltMar",344960,0,0,"donana",1,8
"Shrub",6017,0,0,"donana",1,8
"WaterSurf",41748,0,0,"donana",1,8
"ArtSurf",12613,0,0,"donana",1,9
"BareArea",6426,144,2.24,"donana",1,9
"DuneSand",52133,39,0.07,"donana",1,9
"Grass",23898,0,0,"donana",1,9
"HydroRipVeg",39646,0,0,"donana",1,9
"MedConF",76259,0,0,"donana",1,9
"MedSclF",6483,0,0,"donana",1,9
"MedScrub",129201,0,0,"donana",1,9
"Reforestation",2747,0,0,"donana",1,9
"RipF",418,0,0,"donana",1,9
"SaltMar",344960,13,0,"donana",1,9
"Shrub",6017,0,0,"donana",1,9
"WaterSurf",41748,121,0.29,"donana",1,9
"ArtSurf",12613,0,0,"donana",1,10
"BareArea",6426,0,0,"donana",1,10
"DuneSand",52133,0,0,"donana",1,10
"Grass",23898,0,0,"donana",1,10
"HydroRipVeg",39646,0,0,"donana",1,10
"MedConF",76259,0,0,"donana",1,10
"MedSclF",6483,0,0,"donana",1,10
"MedScrub",129201,0,0,"donana",1,10
"Reforestation",2747,0,0,"donana",1,10
"RipF",418,0,0,"donana",1,10
"SaltMar",344960,0,0,"donana",1,10
"Shrub",6017,0,0,"donana",1,10
"WaterSurf",41748,0,0,"donana",1,10
"ArtSurf",12613,0,0,"donana",1,11
"BareArea",6426,0,0,"donana",1,11
"DuneSand",52133,0,0,"donana",1,11
"Grass",23898,0,0,"donana",1,11
"HydroRipVeg",39646,0,0,"donana",1,11
"MedConF",76259,0,0,"donana",1,11
"MedSclF",6483,0,0,"donana",1,11
"MedScrub",129201,0,0,"donana",1,11
"Reforestation",2747,0,0,"donana",1,11
"RipF",418,0,0,"donana",1,11
"SaltMar",344960,0,0,"donana",1,11
"Shrub",6017,0,0,"donana",1,11
"WaterSurf",41748,0,0,"donana",1,11
"ArtSurf",12613,0,0,"donana",1,12
"BareArea",6426,0,0,"donana",1,12
"DuneSand",52133,0,0,"donana",1,12
"Grass",23898,0,0,"donana",1,12
"HydroRipVeg",39646,0,0,"donana",1,12
"MedConF",76259,0,0,"donana",1,12
"MedSclF",6483,0,0,"donana",1,12
"MedScrub",129201,0,0,"donana",1,12
"Reforestation",2747,0,0,"donana",1,12
"RipF",418,0,0,"donana",1,12
"SaltMar",344960,0,0,"donana",1,12
"Shrub",6017,0,0,"donana",1,12
"WaterSurf",41748,0,0,"donana",1,12
"ArtSurf",12613,2,0.02,"donana",3,1
"BareArea",6426,15,0.23,"donana",3,1
"DuneSand",52133,1,0,"donana",3,1
"Grass",23898,0,0,"donana",3,1
"HydroRipVeg",39646,89,0.22,"donana",3,1
"MedConF",76259,1,0,"donana",3,1
"MedSclF",6483,0,0,"donana",3,1
"MedScrub",129201,0,0,"donana",3,1
"Reforestation",2747,0,0,"donana",3,1
"RipF",418,0,0,"donana",3,1
"SaltMar",344960,878,0.25,"donana",3,1
"Shrub",6017,0,0,"donana",3,1
"WaterSurf",41748,46,0.11,"donana",3,1
"ArtSurf",12613,347,2.75,"donana",3,2
"BareArea",6426,266,4.14,"donana",3,2
"DuneSand",52133,54,0.1,"donana",3,2
"Grass",23898,70,0.29,"donana",3,2
"HydroRipVeg",39646,1904,4.8,"donana",3,2
"MedConF",76259,32,0.04,"donana",3,2
"MedSclF",6483,10,0.15,"donana",3,2
"MedScrub",129201,6,0,"donana",3,2
"Reforestation",2747,0,0,"donana",3,2
"RipF",418,7,1.67,"donana",3,2
"SaltMar",344960,77524,22.47,"donana",3,2
"Shrub",6017,1,0.02,"donana",3,2
"WaterSurf",41748,1464,3.51,"donana",3,2
"ArtSurf",12613,1,0.01,"donana",3,3
"BareArea",6426,30,0.47,"donana",3,3
"DuneSand",52133,11,0.02,"donana",3,3
"Grass",23898,1,0,"donana",3,3
"HydroRipVeg",39646,309,0.78,"donana",3,3
"MedConF",76259,0,0,"donana",3,3
"MedSclF",6483,0,0,"donana",3,3
"MedScrub",129201,1,0,"donana",3,3
"Reforestation",2747,0,0,"donana",3,3
"RipF",418,0,0,"donana",3,3
"SaltMar",344960,633,0.18,"donana",3,3
"Shrub",6017,0,0,"donana",3,3
"WaterSurf",41748,83,0.2,"donana",3,3
"ArtSurf",12613,0,0,"donana",3,4
"BareArea",6426,0,0,"donana",3,4
"DuneSand",52133,0,0,"donana",3,4
"Grass",23898,0,0,"donana",3,4
"HydroRipVeg",39646,2,0.01,"donana",3,4
"MedConF",76259,0,0,"donana",3,4
"MedSclF",6483,0,0,"donana",3,4
"MedScrub",129201,0,0,"donana",3,4
"Reforestation",2747,0,0,"donana",3,4
"RipF",418,0,0,"donana",3,4
"SaltMar",344960,17,0,"donana",3,4
"Shrub",6017,0,0,"donana",3,4
"WaterSurf",41748,0,0,"donana",3,4
"ArtSurf",12613,0,0,"donana",3,5
"BareArea",6426,0,0,"donana",3,5
"DuneSand",52133,0,0,"donana",3,5
"Grass",23898,0,0,"donana",3,5
"HydroRipVeg",39646,0,0,"donana",3,5
"MedConF",76259,0,0,"donana",3,5
"MedSclF",6483,0,0,"donana",3,5
"MedScrub",129201,0,0,"donana",3,5
"Reforestation",2747,0,0,"donana",3,5
"RipF",418,0,0,"donana",3,5
"SaltMar",344960,0,0,"donana",3,5
"Shrub",6017,0,0,"donana",3,5
"WaterSurf",41748,0,0,"donana",3,5
"ArtSurf",12613,0,0,"donana",3,6
"BareArea",6426,0,0,"donana",3,6
"DuneSand",52133,0,0,"donana",3,6
"Grass",23898,0,0,"donana",3,6
"HydroRipVeg",39646,0,0,"donana",3,6
"MedConF",76259,0,0,"donana",3,6
"MedSclF",6483,0,0,"donana",3,6
"MedScrub",129201,0,0,"donana",3,6
"Reforestation",2747,0,0,"donana",3,6
"RipF",418,0,0,"donana",3,6
"SaltMar",344960,0,0,"donana",3,6
"Shrub",6017,0,0,"donana",3,6
"WaterSurf",41748,0,0,"donana",3,6
"ArtSurf",12613,0,0,"donana",3,7
"BareArea",6426,0,0,"donana",3,7
"DuneSand",52133,0,0,"donana",3,7
"Grass",23898,0,0,"donana",3,7
"HydroRipVeg",39646,0,0,"donana",3,7
"MedConF",76259,0,0,"donana",3,7
"MedSclF",6483,0,0,"donana",3,7
"MedScrub",129201,0,0,"donana",3,7
"Reforestation",2747,0,0,"donana",3,7
"RipF",418,0,0,"donana",3,7
"SaltMar",344960,0,0,"donana",3,7
"Shrub",6017,0,0,"donana",3,7
"WaterSurf",41748,0,0,"donana",3,7
"ArtSurf",12613,0,0,"donana",3,8
"BareArea",6426,0,0,"donana",3,8
"DuneSand",52133,0,0,"donana",3,8
"Grass",23898,0,0,"donana",3,8
"HydroRipVeg",39646,0,0,"donana",3,8
"MedConF",76259,0,0,"donana",3,8
"MedSclF",6483,0,0,"donana",3,8
"MedScrub",129201,0,0,"donana",3,8
"Reforestation",2747,0,0,"donana",3,8
"RipF",418,0,0,"donana",3,8
"SaltMar",344960,0,0,"donana",3,8
"Shrub",6017,0,0,"donana",3,8
"WaterSurf",41748,0,0,"donana",3,8
"ArtSurf",12613,0,0,"donana",3,9
"BareArea",6426,0,0,"donana",3,9
"DuneSand",52133,0,0,"donana",3,9
"Grass",23898,0,0,"donana",3,9
"HydroRipVeg",39646,0,0,"donana",3,9
"MedConF",76259,0,0,"donana",3,9
"MedSclF",6483,0,0,"donana",3,9
"MedScrub",129201,0,0,"donana",3,9
"Reforestation",2747,0,0,"donana",3,9
"RipF",418,0,0,"donana",3,9
"SaltMar",344960,0,0,"donana",3,9
"Shrub",6017,0,0,"donana",3,9
"WaterSurf",41748,0,0,"donana",3,9
"ArtSurf",12613,0,0,"donana",3,10
"BareArea",6426,0,0,"donana",3,10
"DuneSand",52133,0,0,"donana",3,10
"Grass",23898,0,0,"donana",3,10
"HydroRipVeg",39646,0,0,"donana",3,10
"MedConF",76259,0,0,"donana",3,10
"MedSclF",6483,0,0,"donana",3,10
"MedScrub",129201,0,0,"donana",3,10
"Reforestation",2747,0,0,"donana",3,10
"RipF",418,0,0,"donana",3,10
"SaltMar",344960,0,0,"donana",3,10
"Shrub",6017,0,0,"donana",3,10
"WaterSurf",41748,0,0,"donana",3,10
"ArtSurf",12613,0,0,"donana",3,11
"BareArea",6426,0,0,"donana",3,11
"DuneSand",52133,0,0,"donana",3,11
"Grass",23898,0,0,"donana",3,11
"HydroRipVeg",39646,0,0,"donana",3,11
"MedConF",76259,0,0,"donana",3,11
"MedSclF",6483,0,0,"donana",3,11
"MedScrub",129201,0,0,"donana",3,11
"Reforestation",2747,0,0,"donana",3,11
"RipF",418,0,0,"donana",3,11
"SaltMar",344960,0,0,"donana",3,11
"Shrub",6017,0,0,"donana",3,11
"WaterSurf",41748,0,0,"donana",3,11
"ArtSurf",12613,129,1.02,"donana",3,12
"BareArea",6426,40,0.62,"donana",3,12
"DuneSand",52133,0,0,"donana",3,12
"Grass",23898,16,0.07,"donana",3,12
"HydroRipVeg",39646,417,1.05,"donana",3,12
"MedConF",76259,60,0.08,"donana",3,12
"MedSclF",6483,0,0,"donana",3,12
"MedScrub",129201,0,0,"donana",3,12
"Reforestation",2747,0,0,"donana",3,12
"RipF",418,0,0,"donana",3,12
"SaltMar",344960,31247,9.06,"donana",3,12
"Shrub",6017,0,0,"donana",3,12
"WaterSurf",41748,897,2.15,"donana",3,12
"ArtSurf",12613,0,0,"donana",6,1
"BareArea",6426,0,0,"donana",6,1
"DuneSand",52133,0,0,"donana",6,1
"Grass",23898,0,0,"donana",6,1
"HydroRipVeg",39646,0,0,"donana",6,1
"MedConF",76259,0,0,"donana",6,1
"MedSclF",6483,0,0,"donana",6,1
"MedScrub",129201,0,0,"donana",6,1
"Reforestation",2747,0,0,"donana",6,1
"RipF",418,0,0,"donana",6,1
"SaltMar",344960,0,0,"donana",6,1
"Shrub",6017,0,0,"donana",6,1
"WaterSurf",41748,0,0,"donana",6,1
"ArtSurf",12613,9,0.07,"donana",6,2
"BareArea",6426,139,2.16,"donana",6,2
"DuneSand",52133,6,0.01,"donana",6,2
"Grass",23898,1,0,"donana",6,2
"HydroRipVeg",39646,399,1.01,"donana",6,2
"MedConF",76259,5,0.01,"donana",6,2
"MedSclF",6483,0,0,"donana",6,2
"MedScrub",129201,0,0,"donana",6,2
"Reforestation",2747,0,0,"donana",6,2
"RipF",418,0,0,"donana",6,2
"SaltMar",344960,13871,4.02,"donana",6,2
"Shrub",6017,0,0,"donana",6,2
"WaterSurf",41748,296,0.71,"donana",6,2
"ArtSurf",12613,0,0,"donana",6,3
"BareArea",6426,4,0.06,"donana",6,3
"DuneSand",52133,4,0.01,"donana",6,3
"Grass",23898,0,0,"donana",6,3
"HydroRipVeg",39646,195,0.49,"donana",6,3
"MedConF",76259,0,0,"donana",6,3
"MedSclF",6483,0,0,"donana",6,3
"MedScrub",129201,0,0,"donana",6,3
"Reforestation",2747,0,0,"donana",6,3
"RipF",418,0,0,"donana",6,3
"SaltMar",344960,667,0.19,"donana",6,3
"Shrub",6017,0,0,"donana",6,3
"WaterSurf",41748,20,0.05,"donana",6,3
"ArtSurf",12613,2,0.02,"donana",6,4
"BareArea",6426,18,0.28,"donana",6,4
"DuneSand",52133,0,0,"donana",6,4
"Grass",23898,1,0,"donana",6,4
"HydroRipVeg",39646,22,0.06,"donana",6,4
"MedConF",76259,19,0.02,"donana",6,4
"MedSclF",6483,0,0,"donana",6,4
"MedScrub",129201,1,0,"donana",6,4
"Reforestation",2747,0,0,"donana",6,4
"RipF",418,0,0,"donana",6,4
"SaltMar",344960,851,0.25,"donana",6,4
"Shrub",6017,2,0.03,"donana",6,4
"WaterSurf",41748,47,0.11,"donana",6,4
"ArtSurf",12613,29,0.23,"donana",6,5
"BareArea",6426,36,0.56,"donana",6,5
"DuneSand",52133,2,0,"donana",6,5
"Grass",23898,0,0,"donana",6,5
"HydroRipVeg",39646,18,0.05,"donana",6,5
"MedConF",76259,0,0,"donana",6,5
"MedSclF",6483,0,0,"donana",6,5
"MedScrub",129201,3,0,"donana",6,5
"Reforestation",2747,0,0,"donana",6,5
"RipF",418,0,0,"donana",6,5
"SaltMar",344960,1573,0.46,"donana",6,5
"Shrub",6017,0,0,"donana",6,5
"WaterSurf",41748,1730,4.14,"donana",6,5
"ArtSurf",12613,4,0.03,"donana",6,6
"BareArea",6426,0,0,"donana",6,6
"DuneSand",52133,0,0,"donana",6,6
"Grass",23898,0,0,"donana",6,6
"HydroRipVeg",39646,4,0.01,"donana",6,6
"MedConF",76259,0,0,"donana",6,6
"MedSclF",6483,0,0,"donana",6,6
"MedScrub",129201,0,0,"donana",6,6
"Reforestation",2747,0,0,"donana",6,6
"RipF",418,0,0,"donana",6,6
"SaltMar",344960,102,0.03,"donana",6,6
"Shrub",6017,0,0,"donana",6,6
"WaterSurf",41748,386,0.92,"donana",6,6
"ArtSurf",12613,0,0,"donana",6,7
"BareArea",6426,0,0,"donana",6,7
"DuneSand",52133,0,0,"donana",6,7
"Grass",23898,0,0,"donana",6,7
"HydroRipVeg",39646,0,0,"donana",6,7
"MedConF",76259,0,0,"donana",6,7
"MedSclF",6483,0,0,"donana",6,7
"MedScrub",129201,0,0,"donana",6,7
"Reforestation",2747,0,0,"donana",6,7
"RipF",418,0,0,"donana",6,7
"SaltMar",344960,0,0,"donana",6,7
"Shrub",6017,0,0,"donana",6,7
"WaterSurf",41748,0,0,"donana",6,7
"ArtSurf",12613,0,0,"donana",6,8
"BareArea",6426,0,0,"donana",6,8
"DuneSand",52133,0,0,"donana",6,8
"Grass",23898,0,0,"donana",6,8
"HydroRipVeg",39646,0,0,"donana",6,8
"MedConF",76259,0,0,"donana",6,8
"MedSclF",6483,0,0,"donana",6,8
"MedScrub",129201,0,0,"donana",6,8
"Reforestation",2747,0,0,"donana",6,8
"RipF",418,0,0,"donana",6,8
"SaltMar",344960,0,0,"donana",6,8
"Shrub",6017,0,0,"donana",6,8
"WaterSurf",41748,0,0,"donana",6,8
"ArtSurf",12613,0,0,"donana",6,9
"BareArea",6426,0,0,"donana",6,9
"DuneSand",52133,0,0,"donana",6,9
"Grass",23898,0,0,"donana",6,9
"HydroRipVeg",39646,0,0,"donana",6,9
"MedConF",76259,0,0,"donana",6,9
"MedSclF",6483,0,0,"donana",6,9
"MedScrub",129201,0,0,"donana",6,9
"Reforestation",2747,0,0,"donana",6,9
"RipF",418,0,0,"donana",6,9
"SaltMar",344960,0,0,"donana",6,9
"Shrub",6017,0,0,"donana",6,9
"WaterSurf",41748,0,0,"donana",6,9
"ArtSurf",12613,0,0,"donana",6,10
"BareArea",6426,0,0,"donana",6,10
"DuneSand",52133,0,0,"donana",6,10
"Grass",23898,0,0,"donana",6,10
"HydroRipVeg",39646,0,0,"donana",6,10
"MedConF",76259,0,0,"donana",6,10
"MedSclF",6483,0,0,"donana",6,10
"MedScrub",129201,0,0,"donana",6,10
"Reforestation",2747,0,0,"donana",6,10
"RipF",418,0,0,"donana",6,10
"SaltMar",344960,0,0,"donana",6,10
"Shrub",6017,0,0,"donana",6,10
"WaterSurf",41748,0,0,"donana",6,10
"ArtSurf",12613,97,0.77,"donana",6,11
"BareArea",6426,16,0.25,"donana",6,11
"DuneSand",52133,2,0,"donana",6,11
"Grass",23898,6,0.03,"donana",6,11
"HydroRipVeg",39646,2,0.01,"donana",6,11
"MedConF",76259,16,0.02,"donana",6,11
"MedSclF",6483,0,0,"donana",6,11
"MedScrub",129201,0,0,"donana",6,11
"Reforestation",2747,0,0,"donana",6,11
"RipF",418,0,0,"donana",6,11
"SaltMar",344960,13957,4.05,"donana",6,11
"Shrub",6017,0,0,"donana",6,11
"WaterSurf",41748,2250,5.39,"donana",6,11
"ArtSurf",12613,215,1.7,"donana",6,12
"BareArea",6426,94,1.46,"donana",6,12
"DuneSand",52133,2,0,"donana",6,12
"Grass",23898,77,0.32,"donana",6,12
"HydroRipVeg",39646,679,1.71,"donana",6,12
"MedConF",76259,164,0.22,"donana",6,12
"MedSclF",6483,5,0.08,"donana",6,12
"MedScrub",129201,2,0,"donana",6,12
"Reforestation",2747,0,0,"donana",6,12
"RipF",418,1,0.24,"donana",6,12
"SaltMar",344960,51354,14.89,"donana",6,12
"Shrub",6017,0,0,"donana",6,12
"WaterSurf",41748,2505,6,"donana",6,12
"ArtSurf",12613,0,0,"donana",9,1
"BareArea",6426,0,0,"donana",9,1
"DuneSand",52133,0,0,"donana",9,1
"Grass",23898,0,0,"donana",9,1
"HydroRipVeg",39646,0,0,"donana",9,1
"MedConF",76259,0,0,"donana",9,1
"MedSclF",6483,0,0,"donana",9,1
"MedScrub",129201,0,0,"donana",9,1
"Reforestation",2747,0,0,"donana",9,1
"RipF",418,0,0,"donana",9,1
"SaltMar",344960,0,0,"donana",9,1
"Shrub",6017,0,0,"donana",9,1
"WaterSurf",41748,0,0,"donana",9,1
"ArtSurf",12613,27,0.21,"donana",9,2
"BareArea",6426,138,2.15,"donana",9,2
"DuneSand",52133,8,0.02,"donana",9,2
"Grass",23898,2,0.01,"donana",9,2
"HydroRipVeg",39646,208,0.52,"donana",9,2
"MedConF",76259,5,0.01,"donana",9,2
"MedSclF",6483,7,0.11,"donana",9,2
"MedScrub",129201,0,0,"donana",9,2
"Reforestation",2747,0,0,"donana",9,2
"RipF",418,0,0,"donana",9,2
"SaltMar",344960,19880,5.76,"donana",9,2
"Shrub",6017,0,0,"donana",9,2
"WaterSurf",41748,201,0.48,"donana",9,2
"ArtSurf",12613,0,0,"donana",9,3
"BareArea",6426,1,0.02,"donana",9,3
"DuneSand",52133,0,0,"donana",9,3
"Grass",23898,0,0,"donana",9,3
"HydroRipVeg",39646,46,0.12,"donana",9,3
"MedConF",76259,0,0,"donana",9,3
"MedSclF",6483,0,0,"donana",9,3
"MedScrub",129201,0,0,"donana",9,3
"Reforestation",2747,0,0,"donana",9,3
"RipF",418,0,0,"donana",9,3
"SaltMar",344960,85,0.02,"donana",9,3
"Shrub",6017,0,0,"donana",9,3
"WaterSurf",41748,4,0.01,"donana",9,3
"ArtSurf",12613,0,0,"donana",9,4
"BareArea",6426,8,0.12,"donana",9,4
"DuneSand",52133,2,0,"donana",9,4
"Grass",23898,1,0,"donana",9,4
"HydroRipVeg",39646,28,0.07,"donana",9,4
"MedConF",76259,4,0.01,"donana",9,4
"MedSclF",6483,0,0,"donana",9,4
"MedScrub",129201,7,0.01,"donana",9,4
"Reforestation",2747,0,0,"donana",9,4
"RipF",418,0,0,"donana",9,4
"SaltMar",344960,540,0.16,"donana",9,4
"Shrub",6017,0,0,"donana",9,4
"WaterSurf",41748,25,0.06,"donana",9,4
"ArtSurf",12613,1,0.01,"donana",9,5
"BareArea",6426,5,0.08,"donana",9,5
"DuneSand",52133,1,0,"donana",9,5
"Grass",23898,0,0,"donana",9,5
"HydroRipVeg",39646,25,0.06,"donana",9,5
"MedConF",76259,0,0,"donana",9,5
"MedSclF",6483,0,0,"donana",9,5
"MedScrub",129201,4,0,"donana",9,5
"Reforestation",2747,0,0,"donana",9,5
"RipF",418,0,0,"donana",9,5
"SaltMar",344960,446,0.13,"donana",9,5
"Shrub",6017,0,0,"donana",9,5
"WaterSurf",41748,248,0.59,"donana",9,5
"ArtSurf",12613,9,0.07,"donana",9,6
"BareArea",6426,0,0,"donana",9,6
"DuneSand",52133,0,0,"donana",9,6
"Grass",23898,0,0,"donana",9,6
"HydroRipVeg",39646,26,0.07,"donana",9,6
"MedConF",76259,0,0,"donana",9,6
"MedSclF",6483,0,0,"donana",9,6
"MedScrub",129201,1,0,"donana",9,6
"Reforestation",2747,0,0,"donana",9,6
"RipF",418,0,0,"donana",9,6
"SaltMar",344960,335,0.1,"donana",9,6
"Shrub",6017,0,0,"donana",9,6
"WaterSurf",41748,686,1.64,"donana",9,6
"ArtSurf",12613,43,0.34,"donana",9,7
"BareArea",6426,0,0,"donana",9,7
"DuneSand",52133,0,0,"donana",9,7
"Grass",23898,0,0,"donana",9,7
"HydroRipVeg",39646,9,0.02,"donana",9,7
"MedConF",76259,0,0,"donana",9,7
"MedSclF",6483,0,0,"donana",9,7
"MedScrub",129201,0,0,"donana",9,7
"Reforestation",2747,0,0,"donana",9,7
"RipF",418,0,0,"donana",9,7
"SaltMar",344960,41,0.01,"donana",9,7
"Shrub",6017,0,0,"donana",9,7
"WaterSurf",41748,0,0,"donana",9,7
"ArtSurf",12613,0,0,"donana",9,8
"BareArea",6426,0,0,"donana",9,8
"DuneSand",52133,0,0,"donana",9,8
"Grass",23898,0,0,"donana",9,8
"HydroRipVeg",39646,3,0.01,"donana",9,8
"MedConF",76259,0,0,"donana",9,8
"MedSclF",6483,0,0,"donana",9,8
"MedScrub",129201,0,0,"donana",9,8
"Reforestation",2747,0,0,"donana",9,8
"RipF",418,0,0,"donana",9,8
"SaltMar",344960,2,0,"donana",9,8
"Shrub",6017,0,0,"donana",9,8
"WaterSurf",41748,29,0.07,"donana",9,8
"ArtSurf",12613,0,0,"donana",9,9
"BareArea",6426,0,0,"donana",9,9
"DuneSand",52133,0,0,"donana",9,9
"Grass",23898,0,0,"donana",9,9
"HydroRipVeg",39646,0,0,"donana",9,9
"MedConF",76259,0,0,"donana",9,9
"MedSclF",6483,0,0,"donana",9,9
"MedScrub",129201,0,0,"donana",9,9
"Reforestation",2747,0,0,"donana",9,9
"RipF",418,0,0,"donana",9,9
"SaltMar",344960,0,0,"donana",9,9
"Shrub",6017,0,0,"donana",9,9
"WaterSurf",41748,0,0,"donana",9,9
"ArtSurf",12613,0,0,"donana",9,10
"BareArea",6426,0,0,"donana",9,10
"DuneSand",52133,0,0,"donana",9,10
"Grass",23898,0,0,"donana",9,10
"HydroRipVeg",39646,0,0,"donana",9,10
"MedConF",76259,0,0,"donana",9,10
"MedSclF",6483,0,0,"donana",9,10
"MedScrub",129201,0,0,"donana",9,10
"Reforestation",2747,0,0,"donana",9,10
"RipF",418,0,0,"donana",9,10
"SaltMar",344960,0,0,"donana",9,10
"Shrub",6017,0,0,"donana",9,10
"WaterSurf",41748,0,0,"donana",9,10
"ArtSurf",12613,107,0.85,"donana",9,11
"BareArea",6426,20,0.31,"donana",9,11
"DuneSand",52133,0,0,"donana",9,11
"Grass",23898,22,0.09,"donana",9,11
"HydroRipVeg",39646,20,0.05,"donana",9,11
"MedConF",76259,21,0.03,"donana",9,11
"MedSclF",6483,0,0,"donana",9,11
"MedScrub",129201,0,0,"donana",9,11
"Reforestation",2747,0,0,"donana",9,11
"RipF",418,0,0,"donana",9,11
"SaltMar",344960,16988,4.92,"donana",9,11
"Shrub",6017,0,0,"donana",9,11
"WaterSurf",41748,3061,7.33,"donana",9,11
"ArtSurf",12613,316,2.51,"donana",9,12
"BareArea",6426,328,5.1,"donana",9,12
"DuneSand",52133,3,0.01,"donana",9,12
"Grass",23898,169,0.71,"donana",9,12
"HydroRipVeg",39646,2283,5.76,"donana",9,12
"MedConF",76259,76,0.1,"donana",9,12
"MedSclF",6483,5,0.08,"donana",9,12
"MedScrub",129201,4,0,"donana",9,12
"Reforestation",2747,0,0,"donana",9,12
"RipF",418,4,0.96,"donana",9,12
"SaltMar",344960,84312,24.44,"donana",9,12
"Shrub",6017,3,0.05,"donana",9,12
"WaterSurf",41748,3086,7.39,"donana",9,12
"ArtSurf",12613,17,0.13,"donana",12,1
"BareArea",6426,134,2.09,"donana",12,1
"DuneSand",52133,0,0,"donana",12,1
"Grass",23898,4,0.02,"donana",12,1
"HydroRipVeg",39646,319,0.8,"donana",12,1
"MedConF",76259,1,0,"donana",12,1
"MedSclF",6483,3,0.05,"donana",12,1
"MedScrub",129201,0,0,"donana",12,1
"Reforestation",2747,0,0,"donana",12,1
"RipF",418,2,0.48,"donana",12,1
"SaltMar",344960,6832,1.98,"donana",12,1
"Shrub",6017,0,0,"donana",12,1
"WaterSurf",41748,90,0.22,"donana",12,1
"ArtSurf",12613,69,0.55,"donana",12,2
"BareArea",6426,176,2.74,"donana",12,2
"DuneSand",52133,10,0.02,"donana",12,2
"Grass",23898,16,0.07,"donana",12,2
"HydroRipVeg",39646,257,0.65,"donana",12,2
"MedConF",76259,11,0.01,"donana",12,2
"MedSclF",6483,14,0.22,"donana",12,2
"MedScrub",129201,0,0,"donana",12,2
"Reforestation",2747,0,0,"donana",12,2
"RipF",418,3,0.72,"donana",12,2
"SaltMar",344960,34472,9.99,"donana",12,2
"Shrub",6017,0,0,"donana",12,2
"WaterSurf",41748,550,1.32,"donana",12,2
"ArtSurf",12613,16,0.13,"donana",12,3
"BareArea",6426,43,0.67,"donana",12,3
"DuneSand",52133,3,0.01,"donana",12,3
"Grass",23898,15,0.06,"donana",12,3
"HydroRipVeg",39646,208,0.52,"donana",12,3
"MedConF",76259,0,0,"donana",12,3
"MedSclF",6483,1,0.02,"donana",12,3
"MedScrub",129201,0,0,"donana",12,3
"Reforestation",2747,0,0,"donana",12,3
"RipF",418,0,0,"donana",12,3
"SaltMar",344960,8610,2.5,"donana",12,3
"Shrub",6017,0,0,"donana",12,3
"WaterSurf",41748,405,0.97,"donana",12,3
"ArtSurf",12613,0,0,"donana",12,4
"BareArea",6426,7,0.11,"donana",12,4
"DuneSand",52133,2,0,"donana",12,4
"Grass",23898,10,0.04,"donana",12,4
"HydroRipVeg",39646,34,0.09,"donana",12,4
"MedConF",76259,3,0,"donana",12,4
"MedSclF",6483,0,0,"donana",12,4
"MedScrub",129201,6,0,"donana",12,4
"Reforestation",2747,0,0,"donana",12,4
"RipF",418,0,0,"donana",12,4
"SaltMar",344960,886,0.26,"donana",12,4
"Shrub",6017,0,0,"donana",12,4
"WaterSurf",41748,38,0.09,"donana",12,4
"ArtSurf",12613,7,0.06,"donana",12,5
"BareArea",6426,13,0.2,"donana",12,5
"DuneSand",52133,6,0.01,"donana",12,5
"Grass",23898,2,0.01,"donana",12,5
"HydroRipVeg",39646,53,0.13,"donana",12,5
"MedConF",76259,1,0,"donana",12,5
"MedSclF",6483,0,0,"donana",12,5
"MedScrub",129201,9,0.01,"donana",12,5
"Reforestation",2747,0,0,"donana",12,5
"RipF",418,0,0,"donana",12,5
"SaltMar",344960,1311,0.38,"donana",12,5
"Shrub",6017,0,0,"donana",12,5
"WaterSurf",41748,821,1.97,"donana",12,5
"ArtSurf",12613,15,0.12,"donana",12,6
"BareArea",6426,5,0.08,"donana",12,6
"DuneSand",52133,0,0,"donana",12,6
"Grass",23898,0,0,"donana",12,6
"HydroRipVeg",39646,39,0.1,"donana",12,6
"MedConF",76259,0,0,"donana",12,6
"MedSclF",6483,0,0,"donana",12,6
"MedScrub",129201,1,0,"donana",12,6
"Reforestation",2747,0,0,"donana",12,6
"RipF",418,0,0,"donana",12,6
"SaltMar",344960,948,0.27,"donana",12,6
"Shrub",6017,0,0,"donana",12,6
"WaterSurf",41748,1152,2.76,"donana",12,6
"ArtSurf",12613,33,0.26,"donana",12,7
"BareArea",6426,0,0,"donana",12,7
"DuneSand",52133,0,0,"donana",12,7
"Grass",23898,0,0,"donana",12,7
"HydroRipVeg",39646,10,0.03,"donana",12,7
"MedConF",76259,0,0,"donana",12,7
"MedSclF",6483,0,0,"donana",12,7
"MedScrub",129201,0,0,"donana",12,7
"Reforestation",2747,0,0,"donana",12,7
"RipF",418,0,0,"donana",12,7
"SaltMar",344960,104,0.03,"donana",12,7
"Shrub",6017,0,0,"donana",12,7
"WaterSurf",41748,1,0,"donana",12,7
"ArtSurf",12613,0,0,"donana",12,8
"BareArea",6426,0,0,"donana",12,8
"DuneSand",52133,0,0,"donana",12,8
"Grass",23898,0,0,"donana",12,8
"HydroRipVeg",39646,0,0,"donana",12,8
"MedConF",76259,0,0,"donana",12,8
"MedSclF",6483,0,0,"donana",12,8
"MedScrub",129201,0,0,"donana",12,8
"Reforestation",2747,0,0,"donana",12,8
"RipF",418,0,0,"donana",12,8
"SaltMar",344960,1,0,"donana",12,8
"Shrub",6017,0,0,"donana",12,8
"WaterSurf",41748,0,0,"donana",12,8
"ArtSurf",12613,0,0,"donana",12,9
"BareArea",6426,0,0,"donana",12,9
"DuneSand",52133,0,0,"donana",12,9
"Grass",23898,0,0,"donana",12,9
"HydroRipVeg",39646,0,0,"donana",12,9
"MedConF",76259,0,0,"donana",12,9
"MedSclF",6483,0,0,"donana",12,9
"MedScrub",129201,0,0,"donana",12,9
"Reforestation",2747,0,0,"donana",12,9
"RipF",418,0,0,"donana",12,9
"SaltMar",344960,1,0,"donana",12,9
"Shrub",6017,0,0,"donana",12,9
"WaterSurf",41748,0,0,"donana",12,9
"ArtSurf",12613,0,0,"donana",12,10
"BareArea",6426,0,0,"donana",12,10
"DuneSand",52133,0,0,"donana",12,10
"Grass",23898,0,0,"donana",12,10
"HydroRipVeg",39646,0,0,"donana",12,10
"MedConF",76259,0,0,"donana",12,10
"MedSclF",6483,0,0,"donana",12,10
"MedScrub",129201,0,0,"donana",12,10
"Reforestation",2747,0,0,"donana",12,10
"RipF",418,0,0,"donana",12,10
"SaltMar",344960,0,0,"donana",12,10
"Shrub",6017,0,0,"donana",12,10
"WaterSurf",41748,0,0,"donana",12,10
"ArtSurf",12613,0,0,"donana",12,11
"BareArea",6426,0,0,"donana",12,11
"DuneSand",52133,0,0,"donana",12,11
"Grass",23898,1,0,"donana",12,11
"HydroRipVeg",39646,0,0,"donana",12,11
"MedConF",76259,0,0,"donana",12,11
"MedSclF",6483,0,0,"donana",12,11
"MedScrub",129201,0,0,"donana",12,11
"Reforestation",2747,0,0,"donana",12,11
"RipF",418,0,0,"donana",12,11
"SaltMar",344960,26,0.01,"donana",12,11
"Shrub",6017,0,0,"donana",12,11
"WaterSurf",41748,11,0.03,"donana",12,11
"ArtSurf",12613,369,2.93,"donana",12,12
"BareArea",6426,580,9.03,"donana",12,12
"DuneSand",52133,3,0.01,"donana",12,12
"Grass",23898,355,1.49,"donana",12,12
"HydroRipVeg",39646,3832,9.67,"donana",12,12
"MedConF",76259,33,0.04,"donana",12,12
"MedSclF",6483,4,0.06,"donana",12,12
"MedScrub",129201,2,0,"donana",12,12
"Reforestation",2747,0,0,"donana",12,12
"RipF",418,7,1.67,"donana",12,12
"SaltMar",344960,97837,28.36,"donana",12,12
"Shrub",6017,6,0.1,"donana",12,12
"WaterSurf",41748,2710,6.49,"donana",12,12
"AlpConF",129960,0,0,"guadarrama",1,1
"AlpScrGr",172894,0,0,"guadarrama",1,1
"ArtSurf",1490,0,0,"guadarrama",1,1
"Grass",7028,0,0,"guadarrama",1,1
"MedSclF",3280,0,0,"guadarrama",1,1
"MedScrub",38947,0,0,"guadarrama",1,1
"Peatland",229,0,0,"guadarrama",1,1
"Reforestation",88147,0,0,"guadarrama",1,1
"RipF",529,0,0,"guadarrama",1,1
"RockScreeVeg",46691,0,0,"guadarrama",1,1
"SMedMarF",5314,0,0,"guadarrama",1,1
"Shrub",3703,0,0,"guadarrama",1,1
"TempDecF",1436,0,0,"guadarrama",1,1
"WaterSurf",30,0,0,"guadarrama",1,1
"AlpConF",129960,0,0,"guadarrama",1,2
"AlpScrGr",172894,0,0,"guadarrama",1,2
"ArtSurf",1490,0,0,"guadarrama",1,2
"Grass",7028,0,0,"guadarrama",1,2
"MedSclF",3280,0,0,"guadarrama",1,2
"MedScrub",38947,0,0,"guadarrama",1,2
"Peatland",229,0,0,"guadarrama",1,2
"Reforestation",88149,4,0,"guadarrama",1,2
"RipF",529,0,0,"guadarrama",1,2
"RockScreeVeg",46691,1,0,"guadarrama",1,2
"SMedMarF",5314,0,0,"guadarrama",1,2
"Shrub",3703,0,0,"guadarrama",1,2
"TempDecF",1436,0,0,"guadarrama",1,2
"WaterSurf",30,0,0,"guadarrama",1,2
"AlpConF",129960,0,0,"guadarrama",1,3
"AlpScrGr",172894,0,0,"guadarrama",1,3
"ArtSurf",1490,0,0,"guadarrama",1,3
"Grass",7028,0,0,"guadarrama",1,3
"MedSclF",3280,0,0,"guadarrama",1,3
"MedScrub",38947,0,0,"guadarrama",1,3
"Peatland",229,0,0,"guadarrama",1,3
"Reforestation",88149,0,0,"guadarrama",1,3
"RipF",529,0,0,"guadarrama",1,3
"RockScreeVeg",46691,0,0,"guadarrama",1,3
"SMedMarF",5314,0,0,"guadarrama",1,3
"Shrub",3703,0,0,"guadarrama",1,3
"TempDecF",1436,0,0,"guadarrama",1,3
"WaterSurf",30,0,0,"guadarrama",1,3
"AlpConF",129960,0,0,"guadarrama",1,4
"AlpScrGr",172894,0,0,"guadarrama",1,4
"ArtSurf",1490,0,0,"guadarrama",1,4
"Grass",7028,0,0,"guadarrama",1,4
"MedSclF",3280,0,0,"guadarrama",1,4
"MedScrub",38947,0,0,"guadarrama",1,4
"Peatland",229,0,0,"guadarrama",1,4
"Reforestation",88149,0,0,"guadarrama",1,4
"RipF",529,0,0,"guadarrama",1,4
"RockScreeVeg",46691,0,0,"guadarrama",1,4
"SMedMarF",5314,0,0,"guadarrama",1,4
"Shrub",3703,0,0,"guadarrama",1,4
"TempDecF",1436,0,0,"guadarrama",1,4
"WaterSurf",30,0,0,"guadarrama",1,4
"AlpConF",129960,0,0,"guadarrama",1,5
"AlpScrGr",172894,0,0,"guadarrama",1,5
"ArtSurf",1490,0,0,"guadarrama",1,5
"Grass",7028,0,0,"guadarrama",1,5
"MedSclF",3280,0,0,"guadarrama",1,5
"MedScrub",38947,0,0,"guadarrama",1,5
"Peatland",229,0,0,"guadarrama",1,5
"Reforestation",88149,0,0,"guadarrama",1,5
"RipF",529,0,0,"guadarrama",1,5
"RockScreeVeg",46691,0,0,"guadarrama",1,5
"SMedMarF",5314,0,0,"guadarrama",1,5
"Shrub",3703,0,0,"guadarrama",1,5
"TempDecF",1436,0,0,"guadarrama",1,5
"WaterSurf",30,0,0,"guadarrama",1,5
"AlpConF",129960,0,0,"guadarrama",1,6
"AlpScrGr",172894,0,0,"guadarrama",1,6
"ArtSurf",1490,0,0,"guadarrama",1,6
"Grass",7028,0,0,"guadarrama",1,6
"MedSclF",3280,0,0,"guadarrama",1,6
"MedScrub",38947,0,0,"guadarrama",1,6
"Peatland",229,0,0,"guadarrama",1,6
"Reforestation",88149,0,0,"guadarrama",1,6
"RipF",529,0,0,"guadarrama",1,6
"RockScreeVeg",46691,0,0,"guadarrama",1,6
"SMedMarF",5314,0,0,"guadarrama",1,6
"Shrub",3703,0,0,"guadarrama",1,6
"TempDecF",1436,0,0,"guadarrama",1,6
"WaterSurf",30,0,0,"guadarrama",1,6
"AlpConF",129960,0,0,"guadarrama",1,7
"AlpScrGr",172894,1,0,"guadarrama",1,7
"ArtSurf",1490,0,0,"guadarrama",1,7
"Grass",7028,0,0,"guadarrama",1,7
"MedSclF",3280,0,0,"guadarrama",1,7
"MedScrub",38947,0,0,"guadarrama",1,7
"Peatland",229,0,0,"guadarrama",1,7
"Reforestation",88149,0,0,"guadarrama",1,7
"RipF",529,0,0,"guadarrama",1,7
"RockScreeVeg",46691,0,0,"guadarrama",1,7
"SMedMarF",5314,0,0,"guadarrama",1,7
"Shrub",3703,0,0,"guadarrama",1,7
"TempDecF",1436,0,0,"guadarrama",1,7
"WaterSurf",30,0,0,"guadarrama",1,7
"AlpConF",129960,0,0,"guadarrama",1,8
"AlpScrGr",172894,0,0,"guadarrama",1,8
"ArtSurf",1490,0,0,"guadarrama",1,8
"Grass",7028,0,0,"guadarrama",1,8
"MedSclF",3280,0,0,"guadarrama",1,8
"MedScrub",38947,0,0,"guadarrama",1,8
"Peatland",229,0,0,"guadarrama",1,8
"Reforestation",88149,0,0,"guadarrama",1,8
"RipF",529,0,0,"guadarrama",1,8
"RockScreeVeg",46691,0,0,"guadarrama",1,8
"SMedMarF",5314,0,0,"guadarrama",1,8
"Shrub",3703,0,0,"guadarrama",1,8
"TempDecF",1436,0,0,"guadarrama",1,8
"WaterSurf",30,0,0,"guadarrama",1,8
"AlpConF",129960,0,0,"guadarrama",1,9
"AlpScrGr",172894,0,0,"guadarrama",1,9
"ArtSurf",1490,0,0,"guadarrama",1,9
"Grass",7028,0,0,"guadarrama",1,9
"MedSclF",3280,0,0,"guadarrama",1,9
"MedScrub",38947,0,0,"guadarrama",1,9
"Peatland",229,0,0,"guadarrama",1,9
"Reforestation",88149,0,0,"guadarrama",1,9
"RipF",529,0,0,"guadarrama",1,9
"RockScreeVeg",46691,0,0,"guadarrama",1,9
"SMedMarF",5314,0,0,"guadarrama",1,9
"Shrub",3703,0,0,"guadarrama",1,9
"TempDecF",1436,0,0,"guadarrama",1,9
"WaterSurf",30,0,0,"guadarrama",1,9
"AlpConF",129960,0,0,"guadarrama",1,10
"AlpScrGr",172894,0,0,"guadarrama",1,10
"ArtSurf",1490,0,0,"guadarrama",1,10
"Grass",7028,0,0,"guadarrama",1,10
"MedSclF",3280,0,0,"guadarrama",1,10
"MedScrub",38947,0,0,"guadarrama",1,10
"Peatland",229,0,0,"guadarrama",1,10
"Reforestation",88149,0,0,"guadarrama",1,10
"RipF",529,0,0,"guadarrama",1,10
"RockScreeVeg",46691,0,0,"guadarrama",1,10
"SMedMarF",5314,0,0,"guadarrama",1,10
"Shrub",3703,0,0,"guadarrama",1,10
"TempDecF",1436,0,0,"guadarrama",1,10
"WaterSurf",30,0,0,"guadarrama",1,10
"AlpConF",129960,3,0,"guadarrama",1,11
"AlpScrGr",172894,0,0,"guadarrama",1,11
"ArtSurf",1490,0,0,"guadarrama",1,11
"Grass",7028,0,0,"guadarrama",1,11
"MedSclF",3280,0,0,"guadarrama",1,11
"MedScrub",38947,3,0.01,"guadarrama",1,11
"Peatland",229,0,0,"guadarrama",1,11
"Reforestation",88149,5,0.01,"guadarrama",1,11
"RipF",529,0,0,"guadarrama",1,11
"RockScreeVeg",46691,0,0,"guadarrama",1,11
"SMedMarF",5314,0,0,"guadarrama",1,11
"Shrub",3703,0,0,"guadarrama",1,11
"TempDecF",1436,0,0,"guadarrama",1,11
"WaterSurf",30,0,0,"guadarrama",1,11
"AlpConF",129960,0,0,"guadarrama",1,12
"AlpScrGr",172894,0,0,"guadarrama",1,12
"ArtSurf",1490,0,0,"guadarrama",1,12
"Grass",7028,0,0,"guadarrama",1,12
"MedSclF",3280,0,0,"guadarrama",1,12
"MedScrub",38947,0,0,"guadarrama",1,12
"Peatland",229,0,0,"guadarrama",1,12
"Reforestation",88133,0,0,"guadarrama",1,12
"RipF",529,0,0,"guadarrama",1,12
"RockScreeVeg",46691,0,0,"guadarrama",1,12
"SMedMarF",5314,0,0,"guadarrama",1,12
"Shrub",3703,0,0,"guadarrama",1,12
"TempDecF",1436,0,0,"guadarrama",1,12
"WaterSurf",30,0,0,"guadarrama",1,12
"AlpConF",129960,0,0,"guadarrama",3,1
"AlpScrGr",172894,0,0,"guadarrama",3,1
"ArtSurf",1490,0,0,"guadarrama",3,1
"Grass",7028,0,0,"guadarrama",3,1
"MedSclF",3280,0,0,"guadarrama",3,1
"MedScrub",38947,0,0,"guadarrama",3,1
"Peatland",229,0,0,"guadarrama",3,1
"Reforestation",88147,0,0,"guadarrama",3,1
"RipF",529,0,0,"guadarrama",3,1
"RockScreeVeg",46691,0,0,"guadarrama",3,1
"SMedMarF",5314,0,0,"guadarrama",3,1
"Shrub",3703,0,0,"guadarrama",3,1
"TempDecF",1436,0,0,"guadarrama",3,1
"WaterSurf",30,0,0,"guadarrama",3,1
"AlpConF",129960,0,0,"guadarrama",3,2
"AlpScrGr",172894,0,0,"guadarrama",3,2
"ArtSurf",1490,0,0,"guadarrama",3,2
"Grass",7028,0,0,"guadarrama",3,2
"MedSclF",3280,0,0,"guadarrama",3,2
"MedScrub",38947,0,0,"guadarrama",3,2
"Peatland",229,0,0,"guadarrama",3,2
"Reforestation",88149,0,0,"guadarrama",3,2
"RipF",529,0,0,"guadarrama",3,2
"RockScreeVeg",46691,0,0,"guadarrama",3,2
"SMedMarF",5314,0,0,"guadarrama",3,2
"Shrub",3703,0,0,"guadarrama",3,2
"TempDecF",1436,0,0,"guadarrama",3,2
"WaterSurf",30,0,0,"guadarrama",3,2
"AlpConF",129960,1,0,"guadarrama",3,3
"AlpScrGr",172894,0,0,"guadarrama",3,3
"ArtSurf",1490,0,0,"guadarrama",3,3
"Grass",7028,0,0,"guadarrama",3,3
"MedSclF",3280,0,0,"guadarrama",3,3
"MedScrub",38947,0,0,"guadarrama",3,3
"Peatland",229,0,0,"guadarrama",3,3
"Reforestation",88149,0,0,"guadarrama",3,3
"RipF",529,0,0,"guadarrama",3,3
"RockScreeVeg",46691,0,0,"guadarrama",3,3
"SMedMarF",5314,0,0,"guadarrama",3,3
"Shrub",3703,0,0,"guadarrama",3,3
"TempDecF",1436,0,0,"guadarrama",3,3
"WaterSurf",30,0,0,"guadarrama",3,3
"AlpConF",129960,0,0,"guadarrama",3,4
"AlpScrGr",172894,0,0,"guadarrama",3,4
"ArtSurf",1490,0,0,"guadarrama",3,4
"Grass",7028,0,0,"guadarrama",3,4
"MedSclF",3280,0,0,"guadarrama",3,4
"MedScrub",38947,0,0,"guadarrama",3,4
"Peatland",229,0,0,"guadarrama",3,4
"Reforestation",88149,0,0,"guadarrama",3,4
"RipF",529,0,0,"guadarrama",3,4
"RockScreeVeg",46691,0,0,"guadarrama",3,4
"SMedMarF",5314,0,0,"guadarrama",3,4
"Shrub",3703,0,0,"guadarrama",3,4
"TempDecF",1436,0,0,"guadarrama",3,4
"WaterSurf",30,0,0,"guadarrama",3,4
"AlpConF",129960,0,0,"guadarrama",3,5
"AlpScrGr",172894,0,0,"guadarrama",3,5
"ArtSurf",1490,0,0,"guadarrama",3,5
"Grass",7028,0,0,"guadarrama",3,5
"MedSclF",3280,0,0,"guadarrama",3,5
"MedScrub",38947,0,0,"guadarrama",3,5
"Peatland",229,0,0,"guadarrama",3,5
"Reforestation",88149,0,0,"guadarrama",3,5
"RipF",529,0,0,"guadarrama",3,5
"RockScreeVeg",46691,0,0,"guadarrama",3,5
"SMedMarF",5314,0,0,"guadarrama",3,5
"Shrub",3703,0,0,"guadarrama",3,5
"TempDecF",1436,0,0,"guadarrama",3,5
"WaterSurf",30,0,0,"guadarrama",3,5
"AlpConF",129960,0,0,"guadarrama",3,6
"AlpScrGr",172894,0,0,"guadarrama",3,6
"ArtSurf",1490,0,0,"guadarrama",3,6
"Grass",7028,0,0,"guadarrama",3,6
"MedSclF",3280,0,0,"guadarrama",3,6
"MedScrub",38947,0,0,"guadarrama",3,6
"Peatland",229,0,0,"guadarrama",3,6
"Reforestation",88149,0,0,"guadarrama",3,6
"RipF",529,0,0,"guadarrama",3,6
"RockScreeVeg",46691,0,0,"guadarrama",3,6
"SMedMarF",5314,0,0,"guadarrama",3,6
"Shrub",3703,0,0,"guadarrama",3,6
"TempDecF",1436,0,0,"guadarrama",3,6
"WaterSurf",30,0,0,"guadarrama",3,6
"AlpConF",129960,34,0.03,"guadarrama",3,7
"AlpScrGr",172894,352,0.2,"guadarrama",3,7
"ArtSurf",1490,1,0.07,"guadarrama",3,7
"Grass",7028,239,3.4,"guadarrama",3,7
"MedSclF",3280,23,0.7,"guadarrama",3,7
"MedScrub",38947,61,0.16,"guadarrama",3,7
"Peatland",229,1,0.44,"guadarrama",3,7
"Reforestation",88149,6,0.01,"guadarrama",3,7
"RipF",529,0,0,"guadarrama",3,7
"RockScreeVeg",46691,14,0.03,"guadarrama",3,7
"SMedMarF",5314,15,0.28,"guadarrama",3,7
"Shrub",3703,43,1.16,"guadarrama",3,7
"TempDecF",1436,0,0,"guadarrama",3,7
"WaterSurf",30,0,0,"guadarrama",3,7
"AlpConF",129960,173,0.13,"guadarrama",3,8
"AlpScrGr",172894,4324,2.5,"guadarrama",3,8
"ArtSurf",1490,8,0.54,"guadarrama",3,8
"Grass",7028,296,4.21,"guadarrama",3,8
"MedSclF",3280,13,0.4,"guadarrama",3,8
"MedScrub",38947,793,2.04,"guadarrama",3,8
"Peatland",229,7,3.06,"guadarrama",3,8
"Reforestation",88149,481,0.55,"guadarrama",3,8
"RipF",529,4,0.76,"guadarrama",3,8
"RockScreeVeg",46691,365,0.78,"guadarrama",3,8
"SMedMarF",5314,45,0.85,"guadarrama",3,8
"Shrub",3703,131,3.54,"guadarrama",3,8
"TempDecF",1436,3,0.21,"guadarrama",3,8
"WaterSurf",30,0,0,"guadarrama",3,8
"AlpConF",129960,0,0,"guadarrama",3,9
"AlpScrGr",172894,0,0,"guadarrama",3,9
"ArtSurf",1490,0,0,"guadarrama",3,9
"Grass",7028,0,0,"guadarrama",3,9
"MedSclF",3280,0,0,"guadarrama",3,9
"MedScrub",38947,0,0,"guadarrama",3,9
"Peatland",229,0,0,"guadarrama",3,9
"Reforestation",88149,0,0,"guadarrama",3,9
"RipF",529,0,0,"guadarrama",3,9
"RockScreeVeg",46691,0,0,"guadarrama",3,9
"SMedMarF",5314,0,0,"guadarrama",3,9
"Shrub",3703,0,0,"guadarrama",3,9
"TempDecF",1436,0,0,"guadarrama",3,9
"WaterSurf",30,0,0,"guadarrama",3,9
"AlpConF",129960,0,0,"guadarrama",3,10
"AlpScrGr",172894,0,0,"guadarrama",3,10
"ArtSurf",1490,0,0,"guadarrama",3,10
"Grass",7028,0,0,"guadarrama",3,10
"MedSclF",3280,0,0,"guadarrama",3,10
"MedScrub",38947,0,0,"guadarrama",3,10
"Peatland",229,0,0,"guadarrama",3,10
"Reforestation",88149,0,0,"guadarrama",3,10
"RipF",529,0,0,"guadarrama",3,10
"RockScreeVeg",46691,0,0,"guadarrama",3,10
"SMedMarF",5314,0,0,"guadarrama",3,10
"Shrub",3703,0,0,"guadarrama",3,10
"TempDecF",1436,0,0,"guadarrama",3,10
"WaterSurf",30,0,0,"guadarrama",3,10
"AlpConF",129960,0,0,"guadarrama",3,11
"AlpScrGr",172894,0,0,"guadarrama",3,11
"ArtSurf",1490,0,0,"guadarrama",3,11
"Grass",7028,0,0,"guadarrama",3,11
"MedSclF",3280,0,0,"guadarrama",3,11
"MedScrub",38947,0,0,"guadarrama",3,11
"Peatland",229,0,0,"guadarrama",3,11
"Reforestation",88149,0,0,"guadarrama",3,11
"RipF",529,0,0,"guadarrama",3,11
"RockScreeVeg",46691,0,0,"guadarrama",3,11
"SMedMarF",5314,0,0,"guadarrama",3,11
"Shrub",3703,0,0,"guadarrama",3,11
"TempDecF",1436,0,0,"guadarrama",3,11
"WaterSurf",30,0,0,"guadarrama",3,11
"AlpConF",129960,0,0,"guadarrama",3,12
"AlpScrGr",172894,0,0,"guadarrama",3,12
"ArtSurf",1490,0,0,"guadarrama",3,12
"Grass",7028,0,0,"guadarrama",3,12
"MedSclF",3280,0,0,"guadarrama",3,12
"MedScrub",38947,0,0,"guadarrama",3,12
"Peatland",229,0,0,"guadarrama",3,12
"Reforestation",88133,0,0,"guadarrama",3,12
"RipF",529,0,0,"guadarrama",3,12
"RockScreeVeg",46691,0,0,"guadarrama",3,12
"SMedMarF",5314,0,0,"guadarrama",3,12
"Shrub",3703,0,0,"guadarrama",3,12
"TempDecF",1436,0,0,"guadarrama",3,12
"WaterSurf",30,0,0,"guadarrama",3,12
"AlpConF",129960,0,0,"guadarrama",6,1
"AlpScrGr",172894,0,0,"guadarrama",6,1
"ArtSurf",1490,0,0,"guadarrama",6,1
"Grass",7028,0,0,"guadarrama",6,1
"MedSclF",3280,0,0,"guadarrama",6,1
"MedScrub",38947,0,0,"guadarrama",6,1
"Peatland",229,0,0,"guadarrama",6,1
"Reforestation",88147,0,0,"guadarrama",6,1
"RipF",529,0,0,"guadarrama",6,1
"RockScreeVeg",46691,0,0,"guadarrama",6,1
"SMedMarF",5314,0,0,"guadarrama",6,1
"Shrub",3703,0,0,"guadarrama",6,1
"TempDecF",1436,0,0,"guadarrama",6,1
"WaterSurf",30,0,0,"guadarrama",6,1
"AlpConF",129960,0,0,"guadarrama",6,2
"AlpScrGr",172894,0,0,"guadarrama",6,2
"ArtSurf",1490,0,0,"guadarrama",6,2
"Grass",7028,0,0,"guadarrama",6,2
"MedSclF",3280,0,0,"guadarrama",6,2
"MedScrub",38947,0,0,"guadarrama",6,2
"Peatland",229,0,0,"guadarrama",6,2
"Reforestation",88149,0,0,"guadarrama",6,2
"RipF",529,0,0,"guadarrama",6,2
"RockScreeVeg",46691,0,0,"guadarrama",6,2
"SMedMarF",5314,0,0,"guadarrama",6,2
"Shrub",3703,0,0,"guadarrama",6,2
"TempDecF",1436,0,0,"guadarrama",6,2
"WaterSurf",30,0,0,"guadarrama",6,2
"AlpConF",129960,0,0,"guadarrama",6,3
"AlpScrGr",172894,0,0,"guadarrama",6,3
"ArtSurf",1490,0,0,"guadarrama",6,3
"Grass",7028,0,0,"guadarrama",6,3
"MedSclF",3280,0,0,"guadarrama",6,3
"MedScrub",38947,3,0.01,"guadarrama",6,3
"Peatland",229,0,0,"guadarrama",6,3
"Reforestation",88149,6,0.01,"guadarrama",6,3
"RipF",529,0,0,"guadarrama",6,3
"RockScreeVeg",46691,0,0,"guadarrama",6,3
"SMedMarF",5314,0,0,"guadarrama",6,3
"Shrub",3703,0,0,"guadarrama",6,3
"TempDecF",1436,0,0,"guadarrama",6,3
"WaterSurf",30,0,0,"guadarrama",6,3
"AlpConF",129960,0,0,"guadarrama",6,4
"AlpScrGr",172894,0,0,"guadarrama",6,4
"ArtSurf",1490,0,0,"guadarrama",6,4
"Grass",7028,0,0,"guadarrama",6,4
"MedSclF",3280,0,0,"guadarrama",6,4
"MedScrub",38947,0,0,"guadarrama",6,4
"Peatland",229,0,0,"guadarrama",6,4
"Reforestation",88149,0,0,"guadarrama",6,4
"RipF",529,0,0,"guadarrama",6,4
"RockScreeVeg",46691,0,0,"guadarrama",6,4
"SMedMarF",5314,0,0,"guadarrama",6,4
"Shrub",3703,0,0,"guadarrama",6,4
"TempDecF",1436,0,0,"guadarrama",6,4
"WaterSurf",30,0,0,"guadarrama",6,4
"AlpConF",129960,0,0,"guadarrama",6,5
"AlpScrGr",172894,0,0,"guadarrama",6,5
"ArtSurf",1490,0,0,"guadarrama",6,5
"Grass",7028,0,0,"guadarrama",6,5
"MedSclF",3280,0,0,"guadarrama",6,5
"MedScrub",38947,0,0,"guadarrama",6,5
"Peatland",229,0,0,"guadarrama",6,5
"Reforestation",88149,0,0,"guadarrama",6,5
"RipF",529,0,0,"guadarrama",6,5
"RockScreeVeg",46691,0,0,"guadarrama",6,5
"SMedMarF",5314,0,0,"guadarrama",6,5
"Shrub",3703,0,0,"guadarrama",6,5
"TempDecF",1436,0,0,"guadarrama",6,5
"WaterSurf",30,0,0,"guadarrama",6,5
"AlpConF",129960,0,0,"guadarrama",6,6
"AlpScrGr",172894,0,0,"guadarrama",6,6
"ArtSurf",1490,0,0,"guadarrama",6,6
"Grass",7028,0,0,"guadarrama",6,6
"MedSclF",3280,0,0,"guadarrama",6,6
"MedScrub",38947,0,0,"guadarrama",6,6
"Peatland",229,0,0,"guadarrama",6,6
"Reforestation",88149,0,0,"guadarrama",6,6
"RipF",529,0,0,"guadarrama",6,6
"RockScreeVeg",46691,0,0,"guadarrama",6,6
"SMedMarF",5314,0,0,"guadarrama",6,6
"Shrub",3703,0,0,"guadarrama",6,6
"TempDecF",1436,0,0,"guadarrama",6,6
"WaterSurf",30,0,0,"guadarrama",6,6
"AlpConF",129960,0,0,"guadarrama",6,7
"AlpScrGr",172894,0,0,"guadarrama",6,7
"ArtSurf",1490,0,0,"guadarrama",6,7
"Grass",7028,0,0,"guadarrama",6,7
"MedSclF",3280,0,0,"guadarrama",6,7
"MedScrub",38947,0,0,"guadarrama",6,7
"Peatland",229,0,0,"guadarrama",6,7
"Reforestation",88149,0,0,"guadarrama",6,7
"RipF",529,0,0,"guadarrama",6,7
"RockScreeVeg",46691,0,0,"guadarrama",6,7
"SMedMarF",5314,0,0,"guadarrama",6,7
"Shrub",3703,0,0,"guadarrama",6,7
"TempDecF",1436,0,0,"guadarrama",6,7
"WaterSurf",30,0,0,"guadarrama",6,7
"AlpConF",129960,0,0,"guadarrama",6,8
"AlpScrGr",172894,0,0,"guadarrama",6,8
"ArtSurf",1490,0,0,"guadarrama",6,8
"Grass",7028,0,0,"guadarrama",6,8
"MedSclF",3280,0,0,"guadarrama",6,8
"MedScrub",38947,1,0,"guadarrama",6,8
"Peatland",229,0,0,"guadarrama",6,8
"Reforestation",88149,0,0,"guadarrama",6,8
"RipF",529,0,0,"guadarrama",6,8
"RockScreeVeg",46691,2,0,"guadarrama",6,8
"SMedMarF",5314,0,0,"guadarrama",6,8
"Shrub",3703,0,0,"guadarrama",6,8
"TempDecF",1436,0,0,"guadarrama",6,8
"WaterSurf",30,0,0,"guadarrama",6,8
"AlpConF",129960,0,0,"guadarrama",6,9
"AlpScrGr",172894,0,0,"guadarrama",6,9
"ArtSurf",1490,0,0,"guadarrama",6,9
"Grass",7028,0,0,"guadarrama",6,9
"MedSclF",3280,0,0,"guadarrama",6,9
"MedScrub",38947,0,0,"guadarrama",6,9
"Peatland",229,0,0,"guadarrama",6,9
"Reforestation",88149,0,0,"guadarrama",6,9
"RipF",529,0,0,"guadarrama",6,9
"RockScreeVeg",46691,0,0,"guadarrama",6,9
"SMedMarF",5314,0,0,"guadarrama",6,9
"Shrub",3703,0,0,"guadarrama",6,9
"TempDecF",1436,0,0,"guadarrama",6,9
"WaterSurf",30,0,0,"guadarrama",6,9
"AlpConF",129960,0,0,"guadarrama",6,10
"AlpScrGr",172894,0,0,"guadarrama",6,10
"ArtSurf",1490,0,0,"guadarrama",6,10
"Grass",7028,0,0,"guadarrama",6,10
"MedSclF",3280,0,0,"guadarrama",6,10
"MedScrub",38947,0,0,"guadarrama",6,10
"Peatland",229,0,0,"guadarrama",6,10
"Reforestation",88149,0,0,"guadarrama",6,10
"RipF",529,0,0,"guadarrama",6,10
"RockScreeVeg",46691,0,0,"guadarrama",6,10
"SMedMarF",5314,0,0,"guadarrama",6,10
"Shrub",3703,0,0,"guadarrama",6,10
"TempDecF",1436,0,0,"guadarrama",6,10
"WaterSurf",30,0,0,"guadarrama",6,10
"AlpConF",129960,0,0,"guadarrama",6,11
"AlpScrGr",172894,0,0,"guadarrama",6,11
"ArtSurf",1490,0,0,"guadarrama",6,11
"Grass",7028,0,0,"guadarrama",6,11
"MedSclF",3280,0,0,"guadarrama",6,11
"MedScrub",38947,0,0,"guadarrama",6,11
"Peatland",229,0,0,"guadarrama",6,11
"Reforestation",88149,0,0,"guadarrama",6,11
"RipF",529,0,0,"guadarrama",6,11
"RockScreeVeg",46691,0,0,"guadarrama",6,11
"SMedMarF",5314,0,0,"guadarrama",6,11
"Shrub",3703,0,0,"guadarrama",6,11
"TempDecF",1436,0,0,"guadarrama",6,11
"WaterSurf",30,0,0,"guadarrama",6,11
"AlpConF",129960,0,0,"guadarrama",6,12
"AlpScrGr",172894,0,0,"guadarrama",6,12
"ArtSurf",1490,0,0,"guadarrama",6,12
"Grass",7028,0,0,"guadarrama",6,12
"MedSclF",3280,0,0,"guadarrama",6,12
"MedScrub",38947,0,0,"guadarrama",6,12
"Peatland",229,0,0,"guadarrama",6,12
"Reforestation",88133,0,0,"guadarrama",6,12
"RipF",529,0,0,"guadarrama",6,12
"RockScreeVeg",46691,0,0,"guadarrama",6,12
"SMedMarF",5314,0,0,"guadarrama",6,12
"Shrub",3703,0,0,"guadarrama",6,12
"TempDecF",1436,0,0,"guadarrama",6,12
"WaterSurf",30,0,0,"guadarrama",6,12
"AlpConF",129960,0,0,"guadarrama",9,1
"AlpScrGr",172894,0,0,"guadarrama",9,1
"ArtSurf",1490,0,0,"guadarrama",9,1
"Grass",7028,0,0,"guadarrama",9,1
"MedSclF",3280,0,0,"guadarrama",9,1
"MedScrub",38947,0,0,"guadarrama",9,1
"Peatland",229,0,0,"guadarrama",9,1
"Reforestation",88147,0,0,"guadarrama",9,1
"RipF",529,0,0,"guadarrama",9,1
"RockScreeVeg",46691,0,0,"guadarrama",9,1
"SMedMarF",5314,0,0,"guadarrama",9,1
"Shrub",3703,0,0,"guadarrama",9,1
"TempDecF",1436,0,0,"guadarrama",9,1
"WaterSurf",30,0,0,"guadarrama",9,1
"AlpConF",129960,0,0,"guadarrama",9,2
"AlpScrGr",172894,0,0,"guadarrama",9,2
"ArtSurf",1490,0,0,"guadarrama",9,2
"Grass",7028,0,0,"guadarrama",9,2
"MedSclF",3280,0,0,"guadarrama",9,2
"MedScrub",38947,0,0,"guadarrama",9,2
"Peatland",229,0,0,"guadarrama",9,2
"Reforestation",88149,0,0,"guadarrama",9,2
"RipF",529,0,0,"guadarrama",9,2
"RockScreeVeg",46691,0,0,"guadarrama",9,2
"SMedMarF",5314,0,0,"guadarrama",9,2
"Shrub",3703,0,0,"guadarrama",9,2
"TempDecF",1436,0,0,"guadarrama",9,2
"WaterSurf",30,0,0,"guadarrama",9,2
"AlpConF",129960,0,0,"guadarrama",9,3
"AlpScrGr",172894,0,0,"guadarrama",9,3
"ArtSurf",1490,0,0,"guadarrama",9,3
"Grass",7028,0,0,"guadarrama",9,3
"MedSclF",3280,0,0,"guadarrama",9,3
"MedScrub",38947,0,0,"guadarrama",9,3
"Peatland",229,0,0,"guadarrama",9,3
"Reforestation",88149,0,0,"guadarrama",9,3
"RipF",529,0,0,"guadarrama",9,3
"RockScreeVeg",46691,0,0,"guadarrama",9,3
"SMedMarF",5314,0,0,"guadarrama",9,3
"Shrub",3703,0,0,"guadarrama",9,3
"TempDecF",1436,0,0,"guadarrama",9,3
"WaterSurf",30,0,0,"guadarrama",9,3
"AlpConF",129960,0,0,"guadarrama",9,4
"AlpScrGr",172894,0,0,"guadarrama",9,4
"ArtSurf",1490,0,0,"guadarrama",9,4
"Grass",7028,0,0,"guadarrama",9,4
"MedSclF",3280,0,0,"guadarrama",9,4
"MedScrub",38947,0,0,"guadarrama",9,4
"Peatland",229,0,0,"guadarrama",9,4
"Reforestation",88149,0,0,"guadarrama",9,4
"RipF",529,0,0,"guadarrama",9,4
"RockScreeVeg",46691,0,0,"guadarrama",9,4
"SMedMarF",5314,0,0,"guadarrama",9,4
"Shrub",3703,0,0,"guadarrama",9,4
"TempDecF",1436,0,0,"guadarrama",9,4
"WaterSurf",30,0,0,"guadarrama",9,4
"AlpConF",129960,0,0,"guadarrama",9,5
"AlpScrGr",172894,0,0,"guadarrama",9,5
"ArtSurf",1490,0,0,"guadarrama",9,5
"Grass",7028,0,0,"guadarrama",9,5
"MedSclF",3280,0,0,"guadarrama",9,5
"MedScrub",38947,0,0,"guadarrama",9,5
"Peatland",229,0,0,"guadarrama",9,5
"Reforestation",88149,0,0,"guadarrama",9,5
"RipF",529,0,0,"guadarrama",9,5
"RockScreeVeg",46691,1,0,"guadarrama",9,5
"SMedMarF",5314,0,0,"guadarrama",9,5
"Shrub",3703,0,0,"guadarrama",9,5
"TempDecF",1436,0,0,"guadarrama",9,5
"WaterSurf",30,0,0,"guadarrama",9,5
"AlpConF",129960,0,0,"guadarrama",9,6
"AlpScrGr",172894,0,0,"guadarrama",9,6
"ArtSurf",1490,0,0,"guadarrama",9,6
"Grass",7028,0,0,"guadarrama",9,6
"MedSclF",3280,0,0,"guadarrama",9,6
"MedScrub",38947,0,0,"guadarrama",9,6
"Peatland",229,0,0,"guadarrama",9,6
"Reforestation",88149,0,0,"guadarrama",9,6
"RipF",529,0,0,"guadarrama",9,6
"RockScreeVeg",46691,0,0,"guadarrama",9,6
"SMedMarF",5314,0,0,"guadarrama",9,6
"Shrub",3703,0,0,"guadarrama",9,6
"TempDecF",1436,0,0,"guadarrama",9,6
"WaterSurf",30,0,0,"guadarrama",9,6
"AlpConF",129960,0,0,"guadarrama",9,7
"AlpScrGr",172894,0,0,"guadarrama",9,7
"ArtSurf",1490,0,0,"guadarrama",9,7
"Grass",7028,0,0,"guadarrama",9,7
"MedSclF",3280,0,0,"guadarrama",9,7
"MedScrub",38947,0,0,"guadarrama",9,7
"Peatland",229,0,0,"guadarrama",9,7
"Reforestation",88149,0,0,"guadarrama",9,7
"RipF",529,0,0,"guadarrama",9,7
"RockScreeVeg",46691,0,0,"guadarrama",9,7
"SMedMarF",5314,0,0,"guadarrama",9,7
"Shrub",3703,0,0,"guadarrama",9,7
"TempDecF",1436,0,0,"guadarrama",9,7
"WaterSurf",30,0,0,"guadarrama",9,7
"AlpConF",129960,0,0,"guadarrama",9,8
"AlpScrGr",172894,0,0,"guadarrama",9,8
"ArtSurf",1490,0,0,"guadarrama",9,8
"Grass",7028,0,0,"guadarrama",9,8
"MedSclF",3280,0,0,"guadarrama",9,8
"MedScrub",38947,0,0,"guadarrama",9,8
"Peatland",229,0,0,"guadarrama",9,8
"Reforestation",88149,0,0,"guadarrama",9,8
"RipF",529,0,0,"guadarrama",9,8
"RockScreeVeg",46691,0,0,"guadarrama",9,8
"SMedMarF",5314,0,0,"guadarrama",9,8
"Shrub",3703,0,0,"guadarrama",9,8
"TempDecF",1436,0,0,"guadarrama",9,8
"WaterSurf",30,0,0,"guadarrama",9,8
"AlpConF",129960,0,0,"guadarrama",9,9
"AlpScrGr",172894,0,0,"guadarrama",9,9
"ArtSurf",1490,0,0,"guadarrama",9,9
"Grass",7028,0,0,"guadarrama",9,9
"MedSclF",3280,0,0,"guadarrama",9,9
"MedScrub",38947,0,0,"guadarrama",9,9
"Peatland",229,0,0,"guadarrama",9,9
"Reforestation",88149,0,0,"guadarrama",9,9
"RipF",529,0,0,"guadarrama",9,9
"RockScreeVeg",46691,0,0,"guadarrama",9,9
"SMedMarF",5314,0,0,"guadarrama",9,9
"Shrub",3703,0,0,"guadarrama",9,9
"TempDecF",1436,0,0,"guadarrama",9,9
"WaterSurf",30,0,0,"guadarrama",9,9
"AlpConF",129960,0,0,"guadarrama",9,10
"AlpScrGr",172894,0,0,"guadarrama",9,10
"ArtSurf",1490,0,0,"guadarrama",9,10
"Grass",7028,0,0,"guadarrama",9,10
"MedSclF",3280,0,0,"guadarrama",9,10
"MedScrub",38947,0,0,"guadarrama",9,10
"Peatland",229,0,0,"guadarrama",9,10
"Reforestation",88149,0,0,"guadarrama",9,10
"RipF",529,0,0,"guadarrama",9,10
"RockScreeVeg",46691,0,0,"guadarrama",9,10
"SMedMarF",5314,0,0,"guadarrama",9,10
"Shrub",3703,0,0,"guadarrama",9,10
"TempDecF",1436,0,0,"guadarrama",9,10
"WaterSurf",30,0,0,"guadarrama",9,10
"AlpConF",129960,0,0,"guadarrama",9,11
"AlpScrGr",172894,0,0,"guadarrama",9,11
"ArtSurf",1490,0,0,"guadarrama",9,11
"Grass",7028,0,0,"guadarrama",9,11
"MedSclF",3280,0,0,"guadarrama",9,11
"MedScrub",38947,0,0,"guadarrama",9,11
"Peatland",229,0,0,"guadarrama",9,11
"Reforestation",88149,0,0,"guadarrama",9,11
"RipF",529,0,0,"guadarrama",9,11
"RockScreeVeg",46691,0,0,"guadarrama",9,11
"SMedMarF",5314,0,0,"guadarrama",9,11
"Shrub",3703,0,0,"guadarrama",9,11
"TempDecF",1436,0,0,"guadarrama",9,11
"WaterSurf",30,0,0,"guadarrama",9,11
"AlpConF",129960,0,0,"guadarrama",9,12
"AlpScrGr",172894,0,0,"guadarrama",9,12
"ArtSurf",1490,0,0,"guadarrama",9,12
"Grass",7028,0,0,"guadarrama",9,12
"MedSclF",3280,0,0,"guadarrama",9,12
"MedScrub",38947,0,0,"guadarrama",9,12
"Peatland",229,0,0,"guadarrama",9,12
"Reforestation",88133,0,0,"guadarrama",9,12
"RipF",529,0,0,"guadarrama",9,12
"RockScreeVeg",46691,0,0,"guadarrama",9,12
"SMedMarF",5314,0,0,"guadarrama",9,12
"Shrub",3703,0,0,"guadarrama",9,12
"TempDecF",1436,0,0,"guadarrama",9,12
"WaterSurf",30,0,0,"guadarrama",9,12
"AlpConF",129960,0,0,"guadarrama",12,1
"AlpScrGr",172894,0,0,"guadarrama",12,1
"ArtSurf",1490,0,0,"guadarrama",12,1
"Grass",7028,0,0,"guadarrama",12,1
"MedSclF",3280,0,0,"guadarrama",12,1
"MedScrub",38947,0,0,"guadarrama",12,1
"Peatland",229,0,0,"guadarrama",12,1
"Reforestation",88147,0,0,"guadarrama",12,1
"RipF",529,0,0,"guadarrama",12,1
"RockScreeVeg",46691,0,0,"guadarrama",12,1
"SMedMarF",5314,0,0,"guadarrama",12,1
"Shrub",3703,0,0,"guadarrama",12,1
"TempDecF",1436,0,0,"guadarrama",12,1
"WaterSurf",30,0,0,"guadarrama",12,1
"AlpConF",129960,0,0,"guadarrama",12,2
"AlpScrGr",172894,0,0,"guadarrama",12,2
"ArtSurf",1490,0,0,"guadarrama",12,2
"Grass",7028,0,0,"guadarrama",12,2
"MedSclF",3280,0,0,"guadarrama",12,2
"MedScrub",38947,0,0,"guadarrama",12,2
"Peatland",229,0,0,"guadarrama",12,2
"Reforestation",88149,0,0,"guadarrama",12,2
"RipF",529,0,0,"guadarrama",12,2
"RockScreeVeg",46691,0,0,"guadarrama",12,2
"SMedMarF",5314,0,0,"guadarrama",12,2
"Shrub",3703,0,0,"guadarrama",12,2
"TempDecF",1436,0,0,"guadarrama",12,2
"WaterSurf",30,0,0,"guadarrama",12,2
"AlpConF",129960,0,0,"guadarrama",12,3
"AlpScrGr",172894,0,0,"guadarrama",12,3
"ArtSurf",1490,0,0,"guadarrama",12,3
"Grass",7028,0,0,"guadarrama",12,3
"MedSclF",3280,0,0,"guadarrama",12,3
"MedScrub",38947,0,0,"guadarrama",12,3
"Peatland",229,0,0,"guadarrama",12,3
"Reforestation",88149,0,0,"guadarrama",12,3
"RipF",529,0,0,"guadarrama",12,3
"RockScreeVeg",46691,0,0,"guadarrama",12,3
"SMedMarF",5314,0,0,"guadarrama",12,3
"Shrub",3703,0,0,"guadarrama",12,3
"TempDecF",1436,0,0,"guadarrama",12,3
"WaterSurf",30,0,0,"guadarrama",12,3
"AlpConF",129960,0,0,"guadarrama",12,4
"AlpScrGr",172894,0,0,"guadarrama",12,4
"ArtSurf",1490,0,0,"guadarrama",12,4
"Grass",7028,0,0,"guadarrama",12,4
"MedSclF",3280,0,0,"guadarrama",12,4
"MedScrub",38947,0,0,"guadarrama",12,4
"Peatland",229,0,0,"guadarrama",12,4
"Reforestation",88149,0,0,"guadarrama",12,4
"RipF",529,0,0,"guadarrama",12,4
"RockScreeVeg",46691,0,0,"guadarrama",12,4
"SMedMarF",5314,0,0,"guadarrama",12,4
"Shrub",3703,0,0,"guadarrama",12,4
"TempDecF",1436,0,0,"guadarrama",12,4
"WaterSurf",30,0,0,"guadarrama",12,4
"AlpConF",129960,0,0,"guadarrama",12,5
"AlpScrGr",172894,0,0,"guadarrama",12,5
"ArtSurf",1490,0,0,"guadarrama",12,5
"Grass",7028,0,0,"guadarrama",12,5
"MedSclF",3280,0,0,"guadarrama",12,5
"MedScrub",38947,0,0,"guadarrama",12,5
"Peatland",229,0,0,"guadarrama",12,5
"Reforestation",88149,0,0,"guadarrama",12,5
"RipF",529,0,0,"guadarrama",12,5
"RockScreeVeg",46691,0,0,"guadarrama",12,5
"SMedMarF",5314,0,0,"guadarrama",12,5
"Shrub",3703,0,0,"guadarrama",12,5
"TempDecF",1436,0,0,"guadarrama",12,5
"WaterSurf",30,0,0,"guadarrama",12,5
"AlpConF",129960,0,0,"guadarrama",12,6
"AlpScrGr",172894,0,0,"guadarrama",12,6
"ArtSurf",1490,0,0,"guadarrama",12,6
"Grass",7028,0,0,"guadarrama",12,6
"MedSclF",3280,0,0,"guadarrama",12,6
"MedScrub",38947,0,0,"guadarrama",12,6
"Peatland",229,0,0,"guadarrama",12,6
"Reforestation",88149,0,0,"guadarrama",12,6
"RipF",529,0,0,"guadarrama",12,6
"RockScreeVeg",46691,0,0,"guadarrama",12,6
"SMedMarF",5314,0,0,"guadarrama",12,6
"Shrub",3703,0,0,"guadarrama",12,6
"TempDecF",1436,0,0,"guadarrama",12,6
"WaterSurf",30,0,0,"guadarrama",12,6
"AlpConF",129960,0,0,"guadarrama",12,7
"AlpScrGr",172894,0,0,"guadarrama",12,7
"ArtSurf",1490,0,0,"guadarrama",12,7
"Grass",7028,0,0,"guadarrama",12,7
"MedSclF",3280,0,0,"guadarrama",12,7
"MedScrub",38947,0,0,"guadarrama",12,7
"Peatland",229,0,0,"guadarrama",12,7
"Reforestation",88149,0,0,"guadarrama",12,7
"RipF",529,0,0,"guadarrama",12,7
"RockScreeVeg",46691,0,0,"guadarrama",12,7
"SMedMarF",5314,0,0,"guadarrama",12,7
"Shrub",3703,0,0,"guadarrama",12,7
"TempDecF",1436,0,0,"guadarrama",12,7
"WaterSurf",30,0,0,"guadarrama",12,7
"AlpConF",129960,0,0,"guadarrama",12,8
"AlpScrGr",172894,0,0,"guadarrama",12,8
"ArtSurf",1490,0,0,"guadarrama",12,8
"Grass",7028,0,0,"guadarrama",12,8
"MedSclF",3280,0,0,"guadarrama",12,8
"MedScrub",38947,0,0,"guadarrama",12,8
"Peatland",229,0,0,"guadarrama",12,8
"Reforestation",88149,0,0,"guadarrama",12,8
"RipF",529,0,0,"guadarrama",12,8
"RockScreeVeg",46691,0,0,"guadarrama",12,8
"SMedMarF",5314,0,0,"guadarrama",12,8
"Shrub",3703,0,0,"guadarrama",12,8
"TempDecF",1436,0,0,"guadarrama",12,8
"WaterSurf",30,0,0,"guadarrama",12,8
"AlpConF",129960,0,0,"guadarrama",12,9
"AlpScrGr",172894,0,0,"guadarrama",12,9
"ArtSurf",1490,0,0,"guadarrama",12,9
"Grass",7028,0,0,"guadarrama",12,9
"MedSclF",3280,0,0,"guadarrama",12,9
"MedScrub",38947,0,0,"guadarrama",12,9
"Peatland",229,0,0,"guadarrama",12,9
"Reforestation",88149,0,0,"guadarrama",12,9
"RipF",529,0,0,"guadarrama",12,9
"RockScreeVeg",46691,1,0,"guadarrama",12,9
"SMedMarF",5314,0,0,"guadarrama",12,9
"Shrub",3703,0,0,"guadarrama",12,9
"TempDecF",1436,0,0,"guadarrama",12,9
"WaterSurf",30,0,0,"guadarrama",12,9
"AlpConF",129960,0,0,"guadarrama",12,10
"AlpScrGr",172894,0,0,"guadarrama",12,10
"ArtSurf",1490,0,0,"guadarrama",12,10
"Grass",7028,0,0,"guadarrama",12,10
"MedSclF",3280,0,0,"guadarrama",12,10
"MedScrub",38947,0,0,"guadarrama",12,10
"Peatland",229,0,0,"guadarrama",12,10
"Reforestation",88149,0,0,"guadarrama",12,10
"RipF",529,0,0,"guadarrama",12,10
"RockScreeVeg",46691,0,0,"guadarrama",12,10
"SMedMarF",5314,0,0,"guadarrama",12,10
"Shrub",3703,0,0,"guadarrama",12,10
"TempDecF",1436,0,0,"guadarrama",12,10
"WaterSurf",30,0,0,"guadarrama",12,10
"AlpConF",129960,0,0,"guadarrama",12,11
"AlpScrGr",172894,0,0,"guadarrama",12,11
"ArtSurf",1490,0,0,"guadarrama",12,11
"Grass",7028,0,0,"guadarrama",12,11
"MedSclF",3280,0,0,"guadarrama",12,11
"MedScrub",38947,0,0,"guadarrama",12,11
"Peatland",229,0,0,"guadarrama",12,11
"Reforestation",88149,0,0,"guadarrama",12,11
"RipF",529,0,0,"guadarrama",12,11
"RockScreeVeg",46691,0,0,"guadarrama",12,11
"SMedMarF",5314,0,0,"guadarrama",12,11
"Shrub",3703,0,0,"guadarrama",12,11
"TempDecF",1436,0,0,"guadarrama",12,11
"WaterSurf",30,0,0,"guadarrama",12,11
"AlpConF",129960,0,0,"guadarrama",12,12
"AlpScrGr",172894,0,0,"guadarrama",12,12
"ArtSurf",1490,0,0,"guadarrama",12,12
"Grass",7028,0,0,"guadarrama",12,12
"MedSclF",3280,0,0,"guadarrama",12,12
"MedScrub",38947,0,0,"guadarrama",12,12
"Peatland",229,0,0,"guadarrama",12,12
"Reforestation",88133,0,0,"guadarrama",12,12
"RipF",529,0,0,"guadarrama",12,12
"RockScreeVeg",46691,0,0,"guadarrama",12,12
"SMedMarF",5314,0,0,"guadarrama",12,12
"Shrub",3703,0,0,"guadarrama",12,12
"TempDecF",1436,0,0,"guadarrama",12,12
"WaterSurf",30,0,0,"guadarrama",12,12
"ArtSurf",329,0,0,"cies",1,1
"AtlScrub",5686,0,0,"cies",1,1
"BareArea",3742,0,0,"cies",1,1
"Crop",3,0,0,"cies",1,1
"DuneSand",232,0,0,"cies",1,1
"Grass",1926,0,0,"cies",1,1
"HydroRipVeg",100,0,0,"cies",1,1
"MedSclF",18,0,0,"cies",1,1
"Reforestation",2902,0,0,"cies",1,1
"RipF",133,0,0,"cies",1,1
"RockScreeVeg",28,0,0,"cies",1,1
"SMedMarF",2,0,0,"cies",1,1
"SaltMar",253,0,0,"cies",1,1
"Shrub",772,0,0,"cies",1,1
"TempDecF",261,0,0,"cies",1,1
"WaterSurf",95,0,0,"cies",1,1
"ArtSurf",329,0,0,"cies",1,2
"AtlScrub",5686,0,0,"cies",1,2
"BareArea",3742,0,0,"cies",1,2
"Crop",3,0,0,"cies",1,2
"DuneSand",232,0,0,"cies",1,2
"Grass",1926,0,0,"cies",1,2
"HydroRipVeg",100,0,0,"cies",1,2
"MedSclF",18,0,0,"cies",1,2
"Reforestation",2902,0,0,"cies",1,2
"RipF",133,0,0,"cies",1,2
"RockScreeVeg",28,0,0,"cies",1,2
"SMedMarF",2,0,0,"cies",1,2
"SaltMar",253,0,0,"cies",1,2
"Shrub",772,0,0,"cies",1,2
"TempDecF",261,0,0,"cies",1,2
"WaterSurf",95,0,0,"cies",1,2
"ArtSurf",329,0,0,"cies",1,3
"AtlScrub",5686,0,0,"cies",1,3
"BareArea",3742,0,0,"cies",1,3
"Crop",3,0,0,"cies",1,3
"DuneSand",232,0,0,"cies",1,3
"Grass",1926,0,0,"cies",1,3
"HydroRipVeg",100,0,0,"cies",1,3
"MedSclF",18,0,0,"cies",1,3
"Reforestation",2902,0,0,"cies",1,3
"RipF",133,0,0,"cies",1,3
"RockScreeVeg",28,0,0,"cies",1,3
"SMedMarF",2,0,0,"cies",1,3
"SaltMar",253,0,0,"cies",1,3
"Shrub",772,0,0,"cies",1,3
"TempDecF",261,0,0,"cies",1,3
"WaterSurf",95,0,0,"cies",1,3
"ArtSurf",329,0,0,"cies",1,4
"AtlScrub",5686,0,0,"cies",1,4
"BareArea",3742,0,0,"cies",1,4
"Crop",3,0,0,"cies",1,4
"DuneSand",232,0,0,"cies",1,4
"Grass",1926,0,0,"cies",1,4
"HydroRipVeg",100,0,0,"cies",1,4
"MedSclF",18,0,0,"cies",1,4
"Reforestation",2902,0,0,"cies",1,4
"RipF",133,0,0,"cies",1,4
"RockScreeVeg",28,0,0,"cies",1,4
"SMedMarF",2,0,0,"cies",1,4
"SaltMar",253,0,0,"cies",1,4
"Shrub",772,0,0,"cies",1,4
"TempDecF",261,0,0,"cies",1,4
"WaterSurf",95,0,0,"cies",1,4
"ArtSurf",329,0,0,"cies",1,5
"AtlScrub",5686,0,0,"cies",1,5
"BareArea",3742,0,0,"cies",1,5
"Crop",3,0,0,"cies",1,5
"DuneSand",232,0,0,"cies",1,5
"Grass",1926,0,0,"cies",1,5
"HydroRipVeg",100,0,0,"cies",1,5
"MedSclF",18,0,0,"cies",1,5
"Reforestation",2902,0,0,"cies",1,5
"RipF",133,0,0,"cies",1,5
"RockScreeVeg",28,0,0,"cies",1,5
"SMedMarF",2,0,0,"cies",1,5
"SaltMar",253,0,0,"cies",1,5
"Shrub",772,0,0,"cies",1,5
"TempDecF",261,0,0,"cies",1,5
"WaterSurf",95,0,0,"cies",1,5
"ArtSurf",329,0,0,"cies",1,6
"AtlScrub",5686,0,0,"cies",1,6
"BareArea",3742,0,0,"cies",1,6
"Crop",3,0,0,"cies",1,6
"DuneSand",232,0,0,"cies",1,6
"Grass",1926,0,0,"cies",1,6
"HydroRipVeg",100,0,0,"cies",1,6
"MedSclF",18,0,0,"cies",1,6
"Reforestation",2902,0,0,"cies",1,6
"RipF",133,0,0,"cies",1,6
"RockScreeVeg",28,0,0,"cies",1,6
"SMedMarF",2,0,0,"cies",1,6
"SaltMar",253,0,0,"cies",1,6
"Shrub",772,0,0,"cies",1,6
"TempDecF",261,0,0,"cies",1,6
"WaterSurf",95,0,0,"cies",1,6
"ArtSurf",329,0,0,"cies",1,7
"AtlScrub",5686,0,0,"cies",1,7
"BareArea",3742,0,0,"cies",1,7
"Crop",3,0,0,"cies",1,7
"DuneSand",232,0,0,"cies",1,7
"Grass",1926,0,0,"cies",1,7
"HydroRipVeg",100,0,0,"cies",1,7
"MedSclF",18,0,0,"cies",1,7
"Reforestation",2902,0,0,"cies",1,7
"RipF",133,0,0,"cies",1,7
"RockScreeVeg",28,0,0,"cies",1,7
"SMedMarF",2,0,0,"cies",1,7
"SaltMar",253,0,0,"cies",1,7
"Shrub",772,0,0,"cies",1,7
"TempDecF",261,0,0,"cies",1,7
"WaterSurf",95,0,0,"cies",1,7
"ArtSurf",329,0,0,"cies",1,8
"AtlScrub",5686,0,0,"cies",1,8
"BareArea",3742,0,0,"cies",1,8
"Crop",3,0,0,"cies",1,8
"DuneSand",232,0,0,"cies",1,8
"Grass",1926,0,0,"cies",1,8
"HydroRipVeg",100,0,0,"cies",1,8
"MedSclF",18,0,0,"cies",1,8
"Reforestation",2902,0,0,"cies",1,8
"RipF",133,0,0,"cies",1,8
"RockScreeVeg",28,0,0,"cies",1,8
"SMedMarF",2,0,0,"cies",1,8
"SaltMar",253,0,0,"cies",1,8
"Shrub",772,0,0,"cies",1,8
"TempDecF",261,0,0,"cies",1,8
"WaterSurf",95,0,0,"cies",1,8
"ArtSurf",329,0,0,"cies",1,9
"AtlScrub",5686,0,0,"cies",1,9
"BareArea",3742,0,0,"cies",1,9
"Crop",3,0,0,"cies",1,9
"DuneSand",232,0,0,"cies",1,9
"Grass",1926,0,0,"cies",1,9
"HydroRipVeg",100,0,0,"cies",1,9
"MedSclF",18,0,0,"cies",1,9
"Reforestation",2902,0,0,"cies",1,9
"RipF",133,0,0,"cies",1,9
"RockScreeVeg",28,0,0,"cies",1,9
"SMedMarF",2,0,0,"cies",1,9
"SaltMar",253,0,0,"cies",1,9
"Shrub",772,0,0,"cies",1,9
"TempDecF",261,0,0,"cies",1,9
"WaterSurf",95,0,0,"cies",1,9
"ArtSurf",329,0,0,"cies",1,10
"AtlScrub",5686,0,0,"cies",1,10
"BareArea",3742,0,0,"cies",1,10
"Crop",3,0,0,"cies",1,10
"DuneSand",232,0,0,"cies",1,10
"Grass",1926,0,0,"cies",1,10
"HydroRipVeg",100,0,0,"cies",1,10
"MedSclF",18,0,0,"cies",1,10
"Reforestation",2902,0,0,"cies",1,10
"RipF",133,0,0,"cies",1,10
"RockScreeVeg",28,0,0,"cies",1,10
"SMedMarF",2,0,0,"cies",1,10
"SaltMar",253,0,0,"cies",1,10
"Shrub",772,0,0,"cies",1,10
"TempDecF",261,0,0,"cies",1,10
"WaterSurf",95,0,0,"cies",1,10
"ArtSurf",329,0,0,"cies",1,11
"AtlScrub",5686,0,0,"cies",1,11
"BareArea",3742,0,0,"cies",1,11
"Crop",3,0,0,"cies",1,11
"DuneSand",232,0,0,"cies",1,11
"Grass",1926,0,0,"cies",1,11
"HydroRipVeg",100,0,0,"cies",1,11
"MedSclF",18,0,0,"cies",1,11
"Reforestation",2902,0,0,"cies",1,11
"RipF",133,0,0,"cies",1,11
"RockScreeVeg",28,0,0,"cies",1,11
"SMedMarF",2,0,0,"cies",1,11
"SaltMar",253,0,0,"cies",1,11
"Shrub",772,0,0,"cies",1,11
"TempDecF",261,0,0,"cies",1,11
"WaterSurf",95,0,0,"cies",1,11
"ArtSurf",329,0,0,"cies",1,12
"AtlScrub",5686,0,0,"cies",1,12
"BareArea",3742,0,0,"cies",1,12
"Crop",3,0,0,"cies",1,12
"DuneSand",232,0,0,"cies",1,12
"Grass",1926,0,0,"cies",1,12
"HydroRipVeg",100,0,0,"cies",1,12
"MedSclF",18,0,0,"cies",1,12
"Reforestation",2902,0,0,"cies",1,12
"RipF",133,0,0,"cies",1,12
"RockScreeVeg",28,0,0,"cies",1,12
"SMedMarF",2,0,0,"cies",1,12
"SaltMar",253,0,0,"cies",1,12
"Shrub",772,0,0,"cies",1,12
"TempDecF",261,0,0,"cies",1,12
"WaterSurf",95,0,0,"cies",1,12
"ArtSurf",329,0,0,"cies",3,1
"AtlScrub",5686,0,0,"cies",3,1
"BareArea",3742,0,0,"cies",3,1
"Crop",3,0,0,"cies",3,1
"DuneSand",232,0,0,"cies",3,1
"Grass",1926,0,0,"cies",3,1
"HydroRipVeg",100,0,0,"cies",3,1
"MedSclF",18,0,0,"cies",3,1
"Reforestation",2902,0,0,"cies",3,1
"RipF",133,0,0,"cies",3,1
"RockScreeVeg",28,0,0,"cies",3,1
"SMedMarF",2,0,0,"cies",3,1
"SaltMar",253,0,0,"cies",3,1
"Shrub",772,0,0,"cies",3,1
"TempDecF",261,0,0,"cies",3,1
"WaterSurf",95,0,0,"cies",3,1
"ArtSurf",329,0,0,"cies",3,2
"AtlScrub",5686,0,0,"cies",3,2
"BareArea",3742,0,0,"cies",3,2
"Crop",3,0,0,"cies",3,2
"DuneSand",232,0,0,"cies",3,2
"Grass",1926,0,0,"cies",3,2
"HydroRipVeg",100,0,0,"cies",3,2
"MedSclF",18,0,0,"cies",3,2
"Reforestation",2902,0,0,"cies",3,2
"RipF",133,0,0,"cies",3,2
"RockScreeVeg",28,0,0,"cies",3,2
"SMedMarF",2,0,0,"cies",3,2
"SaltMar",253,0,0,"cies",3,2
"Shrub",772,0,0,"cies",3,2
"TempDecF",261,0,0,"cies",3,2
"WaterSurf",95,0,0,"cies",3,2
"ArtSurf",329,0,0,"cies",3,3
"AtlScrub",5686,0,0,"cies",3,3
"BareArea",3742,0,0,"cies",3,3
"Crop",3,0,0,"cies",3,3
"DuneSand",232,0,0,"cies",3,3
"Grass",1926,0,0,"cies",3,3
"HydroRipVeg",100,0,0,"cies",3,3
"MedSclF",18,0,0,"cies",3,3
"Reforestation",2902,0,0,"cies",3,3
"RipF",133,0,0,"cies",3,3
"RockScreeVeg",28,0,0,"cies",3,3
"SMedMarF",2,0,0,"cies",3,3
"SaltMar",253,0,0,"cies",3,3
"Shrub",772,0,0,"cies",3,3
"TempDecF",261,0,0,"cies",3,3
"WaterSurf",95,0,0,"cies",3,3
"ArtSurf",329,0,0,"cies",3,4
"AtlScrub",5686,0,0,"cies",3,4
"BareArea",3742,0,0,"cies",3,4
"Crop",3,0,0,"cies",3,4
"DuneSand",232,0,0,"cies",3,4
"Grass",1926,0,0,"cies",3,4
"HydroRipVeg",100,0,0,"cies",3,4
"MedSclF",18,0,0,"cies",3,4
"Reforestation",2902,0,0,"cies",3,4
"RipF",133,0,0,"cies",3,4
"RockScreeVeg",28,0,0,"cies",3,4
"SMedMarF",2,0,0,"cies",3,4
"SaltMar",253,0,0,"cies",3,4
"Shrub",772,0,0,"cies",3,4
"TempDecF",261,0,0,"cies",3,4
"WaterSurf",95,0,0,"cies",3,4
"ArtSurf",329,0,0,"cies",3,5
"AtlScrub",5686,0,0,"cies",3,5
"BareArea",3742,0,0,"cies",3,5
"Crop",3,0,0,"cies",3,5
"DuneSand",232,0,0,"cies",3,5
"Grass",1926,0,0,"cies",3,5
"HydroRipVeg",100,0,0,"cies",3,5
"MedSclF",18,0,0,"cies",3,5
"Reforestation",2902,0,0,"cies",3,5
"RipF",133,0,0,"cies",3,5
"RockScreeVeg",28,0,0,"cies",3,5
"SMedMarF",2,0,0,"cies",3,5
"SaltMar",253,0,0,"cies",3,5
"Shrub",772,0,0,"cies",3,5
"TempDecF",261,0,0,"cies",3,5
"WaterSurf",95,0,0,"cies",3,5
"ArtSurf",329,0,0,"cies",3,6
"AtlScrub",5686,0,0,"cies",3,6
"BareArea",3742,0,0,"cies",3,6
"Crop",3,0,0,"cies",3,6
"DuneSand",232,0,0,"cies",3,6
"Grass",1926,0,0,"cies",3,6
"HydroRipVeg",100,0,0,"cies",3,6
"MedSclF",18,0,0,"cies",3,6
"Reforestation",2902,0,0,"cies",3,6
"RipF",133,0,0,"cies",3,6
"RockScreeVeg",28,0,0,"cies",3,6
"SMedMarF",2,0,0,"cies",3,6
"SaltMar",253,0,0,"cies",3,6
"Shrub",772,0,0,"cies",3,6
"TempDecF",261,0,0,"cies",3,6
"WaterSurf",95,0,0,"cies",3,6
"ArtSurf",329,0,0,"cies",3,7
"AtlScrub",5686,0,0,"cies",3,7
"BareArea",3742,0,0,"cies",3,7
"Crop",3,0,0,"cies",3,7
"DuneSand",232,0,0,"cies",3,7
"Grass",1926,0,0,"cies",3,7
"HydroRipVeg",100,0,0,"cies",3,7
"MedSclF",18,0,0,"cies",3,7
"Reforestation",2902,0,0,"cies",3,7
"RipF",133,0,0,"cies",3,7
"RockScreeVeg",28,0,0,"cies",3,7
"SMedMarF",2,0,0,"cies",3,7
"SaltMar",253,0,0,"cies",3,7
"Shrub",772,0,0,"cies",3,7
"TempDecF",261,0,0,"cies",3,7
"WaterSurf",95,0,0,"cies",3,7
"ArtSurf",329,2,0.61,"cies",3,8
"AtlScrub",5686,100,1.76,"cies",3,8
"BareArea",3742,11,0.29,"cies",3,8
"Crop",3,0,0,"cies",3,8
"DuneSand",232,0,0,"cies",3,8
"Grass",1926,1,0.05,"cies",3,8
"HydroRipVeg",100,15,15,"cies",3,8
"MedSclF",18,0,0,"cies",3,8
"Reforestation",2902,38,1.31,"cies",3,8
"RipF",133,2,1.5,"cies",3,8
"RockScreeVeg",28,0,0,"cies",3,8
"SMedMarF",2,0,0,"cies",3,8
"SaltMar",253,0,0,"cies",3,8
"Shrub",772,10,1.3,"cies",3,8
"TempDecF",261,0,0,"cies",3,8
"WaterSurf",95,0,0,"cies",3,8
"ArtSurf",329,0,0,"cies",3,9
"AtlScrub",5686,0,0,"cies",3,9
"BareArea",3742,0,0,"cies",3,9
"Crop",3,0,0,"cies",3,9
"DuneSand",232,0,0,"cies",3,9
"Grass",1926,0,0,"cies",3,9
"HydroRipVeg",100,0,0,"cies",3,9
"MedSclF",18,0,0,"cies",3,9
"Reforestation",2902,0,0,"cies",3,9
"RipF",133,0,0,"cies",3,9
"RockScreeVeg",28,0,0,"cies",3,9
"SMedMarF",2,0,0,"cies",3,9
"SaltMar",253,0,0,"cies",3,9
"Shrub",772,0,0,"cies",3,9
"TempDecF",261,0,0,"cies",3,9
"WaterSurf",95,0,0,"cies",3,9
"ArtSurf",329,0,0,"cies",3,10
"AtlScrub",5686,0,0,"cies",3,10
"BareArea",3742,0,0,"cies",3,10
"Crop",3,0,0,"cies",3,10
"DuneSand",232,0,0,"cies",3,10
"Grass",1926,0,0,"cies",3,10
"HydroRipVeg",100,0,0,"cies",3,10
"MedSclF",18,0,0,"cies",3,10
"Reforestation",2902,0,0,"cies",3,10
"RipF",133,0,0,"cies",3,10
"RockScreeVeg",28,0,0,"cies",3,10
"SMedMarF",2,0,0,"cies",3,10
"SaltMar",253,0,0,"cies",3,10
"Shrub",772,0,0,"cies",3,10
"TempDecF",261,0,0,"cies",3,10
"WaterSurf",95,0,0,"cies",3,10
"ArtSurf",329,0,0,"cies",3,11
"AtlScrub",5686,0,0,"cies",3,11
"BareArea",3742,1,0.03,"cies",3,11
"Crop",3,0,0,"cies",3,11
"DuneSand",232,0,0,"cies",3,11
"Grass",1926,0,0,"cies",3,11
"HydroRipVeg",100,0,0,"cies",3,11
"MedSclF",18,0,0,"cies",3,11
"Reforestation",2902,0,0,"cies",3,11
"RipF",133,0,0,"cies",3,11
"RockScreeVeg",28,0,0,"cies",3,11
"SMedMarF",2,0,0,"cies",3,11
"SaltMar",253,0,0,"cies",3,11
"Shrub",772,0,0,"cies",3,11
"TempDecF",261,0,0,"cies",3,11
"WaterSurf",95,0,0,"cies",3,11
"ArtSurf",329,0,0,"cies",3,12
"AtlScrub",5686,0,0,"cies",3,12
"BareArea",3742,0,0,"cies",3,12
"Crop",3,0,0,"cies",3,12
"DuneSand",232,0,0,"cies",3,12
"Grass",1926,0,0,"cies",3,12
"HydroRipVeg",100,0,0,"cies",3,12
"MedSclF",18,0,0,"cies",3,12
"Reforestation",2902,0,0,"cies",3,12
"RipF",133,0,0,"cies",3,12
"RockScreeVeg",28,0,0,"cies",3,12
"SMedMarF",2,0,0,"cies",3,12
"SaltMar",253,0,0,"cies",3,12
"Shrub",772,0,0,"cies",3,12
"TempDecF",261,0,0,"cies",3,12
"WaterSurf",95,0,0,"cies",3,12
"ArtSurf",329,0,0,"cies",6,1
"AtlScrub",5686,0,0,"cies",6,1
"BareArea",3742,0,0,"cies",6,1
"Crop",3,0,0,"cies",6,1
"DuneSand",232,0,0,"cies",6,1
"Grass",1926,0,0,"cies",6,1
"HydroRipVeg",100,0,0,"cies",6,1
"MedSclF",18,0,0,"cies",6,1
"Reforestation",2902,0,0,"cies",6,1
"RipF",133,0,0,"cies",6,1
"RockScreeVeg",28,0,0,"cies",6,1
"SMedMarF",2,0,0,"cies",6,1
"SaltMar",253,0,0,"cies",6,1
"Shrub",772,0,0,"cies",6,1
"TempDecF",261,0,0,"cies",6,1
"WaterSurf",95,0,0,"cies",6,1
"ArtSurf",329,0,0,"cies",6,2
"AtlScrub",5686,0,0,"cies",6,2
"BareArea",3742,0,0,"cies",6,2
"Crop",3,0,0,"cies",6,2
"DuneSand",232,0,0,"cies",6,2
"Grass",1926,0,0,"cies",6,2
"HydroRipVeg",100,0,0,"cies",6,2
"MedSclF",18,0,0,"cies",6,2
"Reforestation",2902,0,0,"cies",6,2
"RipF",133,0,0,"cies",6,2
"RockScreeVeg",28,0,0,"cies",6,2
"SMedMarF",2,0,0,"cies",6,2
"SaltMar",253,0,0,"cies",6,2
"Shrub",772,0,0,"cies",6,2
"TempDecF",261,0,0,"cies",6,2
"WaterSurf",95,0,0,"cies",6,2
"ArtSurf",329,0,0,"cies",6,3
"AtlScrub",5686,0,0,"cies",6,3
"BareArea",3742,2,0.05,"cies",6,3
"Crop",3,0,0,"cies",6,3
"DuneSand",232,0,0,"cies",6,3
"Grass",1926,1,0.05,"cies",6,3
"HydroRipVeg",100,0,0,"cies",6,3
"MedSclF",18,0,0,"cies",6,3
"Reforestation",2902,0,0,"cies",6,3
"RipF",133,0,0,"cies",6,3
"RockScreeVeg",28,0,0,"cies",6,3
"SMedMarF",2,0,0,"cies",6,3
"SaltMar",253,0,0,"cies",6,3
"Shrub",772,0,0,"cies",6,3
"TempDecF",261,0,0,"cies",6,3
"WaterSurf",95,0,0,"cies",6,3
"ArtSurf",329,0,0,"cies",6,4
"AtlScrub",5686,0,0,"cies",6,4
"BareArea",3742,0,0,"cies",6,4
"Crop",3,0,0,"cies",6,4
"DuneSand",232,0,0,"cies",6,4
"Grass",1926,0,0,"cies",6,4
"HydroRipVeg",100,0,0,"cies",6,4
"MedSclF",18,0,0,"cies",6,4
"Reforestation",2902,0,0,"cies",6,4
"RipF",133,0,0,"cies",6,4
"RockScreeVeg",28,0,0,"cies",6,4
"SMedMarF",2,0,0,"cies",6,4
"SaltMar",253,0,0,"cies",6,4
"Shrub",772,0,0,"cies",6,4
"TempDecF",261,0,0,"cies",6,4
"WaterSurf",95,0,0,"cies",6,4
"ArtSurf",329,0,0,"cies",6,5
"AtlScrub",5686,0,0,"cies",6,5
"BareArea",3742,0,0,"cies",6,5
"Crop",3,0,0,"cies",6,5
"DuneSand",232,0,0,"cies",6,5
"Grass",1926,0,0,"cies",6,5
"HydroRipVeg",100,0,0,"cies",6,5
"MedSclF",18,0,0,"cies",6,5
"Reforestation",2902,0,0,"cies",6,5
"RipF",133,0,0,"cies",6,5
"RockScreeVeg",28,0,0,"cies",6,5
"SMedMarF",2,0,0,"cies",6,5
"SaltMar",253,0,0,"cies",6,5
"Shrub",772,0,0,"cies",6,5
"TempDecF",261,0,0,"cies",6,5
"WaterSurf",95,0,0,"cies",6,5
"ArtSurf",329,0,0,"cies",6,6
"AtlScrub",5686,0,0,"cies",6,6
"BareArea",3742,0,0,"cies",6,6
"Crop",3,0,0,"cies",6,6
"DuneSand",232,0,0,"cies",6,6
"Grass",1926,0,0,"cies",6,6
"HydroRipVeg",100,0,0,"cies",6,6
"MedSclF",18,0,0,"cies",6,6
"Reforestation",2902,0,0,"cies",6,6
"RipF",133,0,0,"cies",6,6
"RockScreeVeg",28,0,0,"cies",6,6
"SMedMarF",2,0,0,"cies",6,6
"SaltMar",253,0,0,"cies",6,6
"Shrub",772,0,0,"cies",6,6
"TempDecF",261,0,0,"cies",6,6
"WaterSurf",95,0,0,"cies",6,6
"ArtSurf",329,0,0,"cies",6,7
"AtlScrub",5686,0,0,"cies",6,7
"BareArea",3742,0,0,"cies",6,7
"Crop",3,0,0,"cies",6,7
"DuneSand",232,0,0,"cies",6,7
"Grass",1926,0,0,"cies",6,7
"HydroRipVeg",100,0,0,"cies",6,7
"MedSclF",18,0,0,"cies",6,7
"Reforestation",2902,0,0,"cies",6,7
"RipF",133,0,0,"cies",6,7
"RockScreeVeg",28,0,0,"cies",6,7
"SMedMarF",2,0,0,"cies",6,7
"SaltMar",253,0,0,"cies",6,7
"Shrub",772,0,0,"cies",6,7
"TempDecF",261,0,0,"cies",6,7
"WaterSurf",95,0,0,"cies",6,7
"ArtSurf",329,2,0.61,"cies",6,8
"AtlScrub",5686,27,0.47,"cies",6,8
"BareArea",3742,14,0.37,"cies",6,8
"Crop",3,0,0,"cies",6,8
"DuneSand",232,0,0,"cies",6,8
"Grass",1926,2,0.1,"cies",6,8
"HydroRipVeg",100,0,0,"cies",6,8
"MedSclF",18,0,0,"cies",6,8
"Reforestation",2902,7,0.24,"cies",6,8
"RipF",133,0,0,"cies",6,8
"RockScreeVeg",28,0,0,"cies",6,8
"SMedMarF",2,0,0,"cies",6,8
"SaltMar",253,0,0,"cies",6,8
"Shrub",772,4,0.52,"cies",6,8
"TempDecF",261,0,0,"cies",6,8
"WaterSurf",95,0,0,"cies",6,8
"ArtSurf",329,0,0,"cies",6,9
"AtlScrub",5686,0,0,"cies",6,9
"BareArea",3742,0,0,"cies",6,9
"Crop",3,0,0,"cies",6,9
"DuneSand",232,0,0,"cies",6,9
"Grass",1926,0,0,"cies",6,9
"HydroRipVeg",100,0,0,"cies",6,9
"MedSclF",18,0,0,"cies",6,9
"Reforestation",2902,0,0,"cies",6,9
"RipF",133,0,0,"cies",6,9
"RockScreeVeg",28,0,0,"cies",6,9
"SMedMarF",2,0,0,"cies",6,9
"SaltMar",253,0,0,"cies",6,9
"Shrub",772,0,0,"cies",6,9
"TempDecF",261,0,0,"cies",6,9
"WaterSurf",95,0,0,"cies",6,9
"ArtSurf",329,0,0,"cies",6,10
"AtlScrub",5686,0,0,"cies",6,10
"BareArea",3742,0,0,"cies",6,10
"Crop",3,0,0,"cies",6,10
"DuneSand",232,0,0,"cies",6,10
"Grass",1926,0,0,"cies",6,10
"HydroRipVeg",100,0,0,"cies",6,10
"MedSclF",18,0,0,"cies",6,10
"Reforestation",2902,0,0,"cies",6,10
"RipF",133,0,0,"cies",6,10
"RockScreeVeg",28,0,0,"cies",6,10
"SMedMarF",2,0,0,"cies",6,10
"SaltMar",253,0,0,"cies",6,10
"Shrub",772,0,0,"cies",6,10
"TempDecF",261,0,0,"cies",6,10
"WaterSurf",95,0,0,"cies",6,10
"ArtSurf",329,0,0,"cies",6,11
"AtlScrub",5686,0,0,"cies",6,11
"BareArea",3742,0,0,"cies",6,11
"Crop",3,0,0,"cies",6,11
"DuneSand",232,0,0,"cies",6,11
"Grass",1926,0,0,"cies",6,11
"HydroRipVeg",100,0,0,"cies",6,11
"MedSclF",18,0,0,"cies",6,11
"Reforestation",2902,0,0,"cies",6,11
"RipF",133,0,0,"cies",6,11
"RockScreeVeg",28,0,0,"cies",6,11
"SMedMarF",2,0,0,"cies",6,11
"SaltMar",253,0,0,"cies",6,11
"Shrub",772,0,0,"cies",6,11
"TempDecF",261,0,0,"cies",6,11
"WaterSurf",95,0,0,"cies",6,11
"ArtSurf",329,0,0,"cies",6,12
"AtlScrub",5686,0,0,"cies",6,12
"BareArea",3742,0,0,"cies",6,12
"Crop",3,0,0,"cies",6,12
"DuneSand",232,0,0,"cies",6,12
"Grass",1926,0,0,"cies",6,12
"HydroRipVeg",100,0,0,"cies",6,12
"MedSclF",18,0,0,"cies",6,12
"Reforestation",2902,0,0,"cies",6,12
"RipF",133,0,0,"cies",6,12
"RockScreeVeg",28,0,0,"cies",6,12
"SMedMarF",2,0,0,"cies",6,12
"SaltMar",253,0,0,"cies",6,12
"Shrub",772,0,0,"cies",6,12
"TempDecF",261,0,0,"cies",6,12
"WaterSurf",95,0,0,"cies",6,12
"ArtSurf",329,0,0,"cies",9,1
"AtlScrub",5686,0,0,"cies",9,1
"BareArea",3742,0,0,"cies",9,1
"Crop",3,0,0,"cies",9,1
"DuneSand",232,0,0,"cies",9,1
"Grass",1926,0,0,"cies",9,1
"HydroRipVeg",100,0,0,"cies",9,1
"MedSclF",18,0,0,"cies",9,1
"Reforestation",2902,0,0,"cies",9,1
"RipF",133,0,0,"cies",9,1
"RockScreeVeg",28,0,0,"cies",9,1
"SMedMarF",2,0,0,"cies",9,1
"SaltMar",253,0,0,"cies",9,1
"Shrub",772,0,0,"cies",9,1
"TempDecF",261,0,0,"cies",9,1
"WaterSurf",95,0,0,"cies",9,1
"ArtSurf",329,0,0,"cies",9,2
"AtlScrub",5686,0,0,"cies",9,2
"BareArea",3742,0,0,"cies",9,2
"Crop",3,0,0,"cies",9,2
"DuneSand",232,0,0,"cies",9,2
"Grass",1926,0,0,"cies",9,2
"HydroRipVeg",100,0,0,"cies",9,2
"MedSclF",18,0,0,"cies",9,2
"Reforestation",2902,0,0,"cies",9,2
"RipF",133,0,0,"cies",9,2
"RockScreeVeg",28,0,0,"cies",9,2
"SMedMarF",2,0,0,"cies",9,2
"SaltMar",253,0,0,"cies",9,2
"Shrub",772,0,0,"cies",9,2
"TempDecF",261,0,0,"cies",9,2
"WaterSurf",95,0,0,"cies",9,2
"ArtSurf",329,0,0,"cies",9,3
"AtlScrub",5686,0,0,"cies",9,3
"BareArea",3742,0,0,"cies",9,3
"Crop",3,0,0,"cies",9,3
"DuneSand",232,0,0,"cies",9,3
"Grass",1926,0,0,"cies",9,3
"HydroRipVeg",100,0,0,"cies",9,3
"MedSclF",18,0,0,"cies",9,3
"Reforestation",2902,0,0,"cies",9,3
"RipF",133,0,0,"cies",9,3
"RockScreeVeg",28,0,0,"cies",9,3
"SMedMarF",2,0,0,"cies",9,3
"SaltMar",253,0,0,"cies",9,3
"Shrub",772,0,0,"cies",9,3
"TempDecF",261,0,0,"cies",9,3
"WaterSurf",95,0,0,"cies",9,3
"ArtSurf",329,0,0,"cies",9,4
"AtlScrub",5686,0,0,"cies",9,4
"BareArea",3742,0,0,"cies",9,4
"Crop",3,0,0,"cies",9,4
"DuneSand",232,0,0,"cies",9,4
"Grass",1926,0,0,"cies",9,4
"HydroRipVeg",100,0,0,"cies",9,4
"MedSclF",18,0,0,"cies",9,4
"Reforestation",2902,0,0,"cies",9,4
"RipF",133,0,0,"cies",9,4
"RockScreeVeg",28,0,0,"cies",9,4
"SMedMarF",2,0,0,"cies",9,4
"SaltMar",253,0,0,"cies",9,4
"Shrub",772,0,0,"cies",9,4
"TempDecF",261,0,0,"cies",9,4
"WaterSurf",95,0,0,"cies",9,4
"ArtSurf",329,0,0,"cies",9,5
"AtlScrub",5686,0,0,"cies",9,5
"BareArea",3742,0,0,"cies",9,5
"Crop",3,0,0,"cies",9,5
"DuneSand",232,0,0,"cies",9,5
"Grass",1926,0,0,"cies",9,5
"HydroRipVeg",100,0,0,"cies",9,5
"MedSclF",18,0,0,"cies",9,5
"Reforestation",2902,0,0,"cies",9,5
"RipF",133,0,0,"cies",9,5
"RockScreeVeg",28,0,0,"cies",9,5
"SMedMarF",2,0,0,"cies",9,5
"SaltMar",253,0,0,"cies",9,5
"Shrub",772,0,0,"cies",9,5
"TempDecF",261,0,0,"cies",9,5
"WaterSurf",95,0,0,"cies",9,5
"ArtSurf",329,0,0,"cies",9,6
"AtlScrub",5686,0,0,"cies",9,6
"BareArea",3742,0,0,"cies",9,6
"Crop",3,0,0,"cies",9,6
"DuneSand",232,0,0,"cies",9,6
"Grass",1926,0,0,"cies",9,6
"HydroRipVeg",100,0,0,"cies",9,6
"MedSclF",18,0,0,"cies",9,6
"Reforestation",2902,0,0,"cies",9,6
"RipF",133,0,0,"cies",9,6
"RockScreeVeg",28,0,0,"cies",9,6
"SMedMarF",2,0,0,"cies",9,6
"SaltMar",253,0,0,"cies",9,6
"Shrub",772,0,0,"cies",9,6
"TempDecF",261,0,0,"cies",9,6
"WaterSurf",95,0,0,"cies",9,6
"ArtSurf",329,0,0,"cies",9,7
"AtlScrub",5686,0,0,"cies",9,7
"BareArea",3742,0,0,"cies",9,7
"Crop",3,0,0,"cies",9,7
"DuneSand",232,0,0,"cies",9,7
"Grass",1926,0,0,"cies",9,7
"HydroRipVeg",100,0,0,"cies",9,7
"MedSclF",18,0,0,"cies",9,7
"Reforestation",2902,0,0,"cies",9,7
"RipF",133,0,0,"cies",9,7
"RockScreeVeg",28,0,0,"cies",9,7
"SMedMarF",2,0,0,"cies",9,7
"SaltMar",253,0,0,"cies",9,7
"Shrub",772,0,0,"cies",9,7
"TempDecF",261,0,0,"cies",9,7
"WaterSurf",95,0,0,"cies",9,7
"ArtSurf",329,0,0,"cies",9,8
"AtlScrub",5686,0,0,"cies",9,8
"BareArea",3742,0,0,"cies",9,8
"Crop",3,0,0,"cies",9,8
"DuneSand",232,0,0,"cies",9,8
"Grass",1926,0,0,"cies",9,8
"HydroRipVeg",100,0,0,"cies",9,8
"MedSclF",18,0,0,"cies",9,8
"Reforestation",2902,0,0,"cies",9,8
"RipF",133,0,0,"cies",9,8
"RockScreeVeg",28,0,0,"cies",9,8
"SMedMarF",2,0,0,"cies",9,8
"SaltMar",253,0,0,"cies",9,8
"Shrub",772,0,0,"cies",9,8
"TempDecF",261,0,0,"cies",9,8
"WaterSurf",95,0,0,"cies",9,8
"ArtSurf",329,0,0,"cies",9,9
"AtlScrub",5686,0,0,"cies",9,9
"BareArea",3742,0,0,"cies",9,9
"Crop",3,0,0,"cies",9,9
"DuneSand",232,0,0,"cies",9,9
"Grass",1926,0,0,"cies",9,9
"HydroRipVeg",100,0,0,"cies",9,9
"MedSclF",18,0,0,"cies",9,9
"Reforestation",2902,0,0,"cies",9,9
"RipF",133,0,0,"cies",9,9
"RockScreeVeg",28,0,0,"cies",9,9
"SMedMarF",2,0,0,"cies",9,9
"SaltMar",253,0,0,"cies",9,9
"Shrub",772,0,0,"cies",9,9
"TempDecF",261,0,0,"cies",9,9
"WaterSurf",95,0,0,"cies",9,9
"ArtSurf",329,0,0,"cies",9,10
"AtlScrub",5686,0,0,"cies",9,10
"BareArea",3742,0,0,"cies",9,10
"Crop",3,0,0,"cies",9,10
"DuneSand",232,0,0,"cies",9,10
"Grass",1926,0,0,"cies",9,10
"HydroRipVeg",100,0,0,"cies",9,10
"MedSclF",18,0,0,"cies",9,10
"Reforestation",2902,0,0,"cies",9,10
"RipF",133,0,0,"cies",9,10
"RockScreeVeg",28,0,0,"cies",9,10
"SMedMarF",2,0,0,"cies",9,10
"SaltMar",253,0,0,"cies",9,10
"Shrub",772,0,0,"cies",9,10
"TempDecF",261,0,0,"cies",9,10
"WaterSurf",95,0,0,"cies",9,10
"ArtSurf",329,0,0,"cies",9,11
"AtlScrub",5686,0,0,"cies",9,11
"BareArea",3742,0,0,"cies",9,11
"Crop",3,0,0,"cies",9,11
"DuneSand",232,0,0,"cies",9,11
"Grass",1926,0,0,"cies",9,11
"HydroRipVeg",100,0,0,"cies",9,11
"MedSclF",18,0,0,"cies",9,11
"Reforestation",2902,0,0,"cies",9,11
"RipF",133,0,0,"cies",9,11
"RockScreeVeg",28,0,0,"cies",9,11
"SMedMarF",2,0,0,"cies",9,11
"SaltMar",253,0,0,"cies",9,11
"Shrub",772,0,0,"cies",9,11
"TempDecF",261,0,0,"cies",9,11
"WaterSurf",95,0,0,"cies",9,11
"ArtSurf",329,0,0,"cies",9,12
"AtlScrub",5686,0,0,"cies",9,12
"BareArea",3742,0,0,"cies",9,12
"Crop",3,0,0,"cies",9,12
"DuneSand",232,0,0,"cies",9,12
"Grass",1926,0,0,"cies",9,12
"HydroRipVeg",100,0,0,"cies",9,12
"MedSclF",18,0,0,"cies",9,12
"Reforestation",2902,0,0,"cies",9,12
"RipF",133,0,0,"cies",9,12
"RockScreeVeg",28,0,0,"cies",9,12
"SMedMarF",2,0,0,"cies",9,12
"SaltMar",253,0,0,"cies",9,12
"Shrub",772,0,0,"cies",9,12
"TempDecF",261,0,0,"cies",9,12
"WaterSurf",95,0,0,"cies",9,12
"ArtSurf",329,0,0,"cies",12,1
"AtlScrub",5686,0,0,"cies",12,1
"BareArea",3742,0,0,"cies",12,1
"Crop",3,0,0,"cies",12,1
"DuneSand",232,0,0,"cies",12,1
"Grass",1926,0,0,"cies",12,1
"HydroRipVeg",100,0,0,"cies",12,1
"MedSclF",18,0,0,"cies",12,1
"Reforestation",2902,0,0,"cies",12,1
"RipF",133,0,0,"cies",12,1
"RockScreeVeg",28,0,0,"cies",12,1
"SMedMarF",2,0,0,"cies",12,1
"SaltMar",253,0,0,"cies",12,1
"Shrub",772,0,0,"cies",12,1
"TempDecF",261,0,0,"cies",12,1
"WaterSurf",95,0,0,"cies",12,1
"ArtSurf",329,0,0,"cies",12,2
"AtlScrub",5686,0,0,"cies",12,2
"BareArea",3742,0,0,"cies",12,2
"Crop",3,0,0,"cies",12,2
"DuneSand",232,0,0,"cies",12,2
"Grass",1926,0,0,"cies",12,2
"HydroRipVeg",100,0,0,"cies",12,2
"MedSclF",18,0,0,"cies",12,2
"Reforestation",2902,0,0,"cies",12,2
"RipF",133,0,0,"cies",12,2
"RockScreeVeg",28,0,0,"cies",12,2
"SMedMarF",2,0,0,"cies",12,2
"SaltMar",253,0,0,"cies",12,2
"Shrub",772,0,0,"cies",12,2
"TempDecF",261,0,0,"cies",12,2
"WaterSurf",95,0,0,"cies",12,2
"ArtSurf",329,0,0,"cies",12,3
"AtlScrub",5686,0,0,"cies",12,3
"BareArea",3742,0,0,"cies",12,3
"Crop",3,0,0,"cies",12,3
"DuneSand",232,0,0,"cies",12,3
"Grass",1926,0,0,"cies",12,3
"HydroRipVeg",100,0,0,"cies",12,3
"MedSclF",18,0,0,"cies",12,3
"Reforestation",2902,0,0,"cies",12,3
"RipF",133,0,0,"cies",12,3
"RockScreeVeg",28,0,0,"cies",12,3
"SMedMarF",2,0,0,"cies",12,3
"SaltMar",253,0,0,"cies",12,3
"Shrub",772,0,0,"cies",12,3
"TempDecF",261,0,0,"cies",12,3
"WaterSurf",95,0,0,"cies",12,3
"ArtSurf",329,0,0,"cies",12,4
"AtlScrub",5686,0,0,"cies",12,4
"BareArea",3742,0,0,"cies",12,4
"Crop",3,0,0,"cies",12,4
"DuneSand",232,0,0,"cies",12,4
"Grass",1926,0,0,"cies",12,4
"HydroRipVeg",100,0,0,"cies",12,4
"MedSclF",18,0,0,"cies",12,4
"Reforestation",2902,0,0,"cies",12,4
"RipF",133,0,0,"cies",12,4
"RockScreeVeg",28,0,0,"cies",12,4
"SMedMarF",2,0,0,"cies",12,4
"SaltMar",253,0,0,"cies",12,4
"Shrub",772,0,0,"cies",12,4
"TempDecF",261,0,0,"cies",12,4
"WaterSurf",95,0,0,"cies",12,4
"ArtSurf",329,0,0,"cies",12,5
"AtlScrub",5686,0,0,"cies",12,5
"BareArea",3742,0,0,"cies",12,5
"Crop",3,0,0,"cies",12,5
"DuneSand",232,0,0,"cies",12,5
"Grass",1926,0,0,"cies",12,5
"HydroRipVeg",100,0,0,"cies",12,5
"MedSclF",18,0,0,"cies",12,5
"Reforestation",2902,0,0,"cies",12,5
"RipF",133,0,0,"cies",12,5
"RockScreeVeg",28,0,0,"cies",12,5
"SMedMarF",2,0,0,"cies",12,5
"SaltMar",253,0,0,"cies",12,5
"Shrub",772,0,0,"cies",12,5
"TempDecF",261,0,0,"cies",12,5
"WaterSurf",95,0,0,"cies",12,5
"ArtSurf",329,0,0,"cies",12,6
"AtlScrub",5686,0,0,"cies",12,6
"BareArea",3742,0,0,"cies",12,6
"Crop",3,0,0,"cies",12,6
"DuneSand",232,0,0,"cies",12,6
"Grass",1926,0,0,"cies",12,6
"HydroRipVeg",100,0,0,"cies",12,6
"MedSclF",18,0,0,"cies",12,6
"Reforestation",2902,0,0,"cies",12,6
"RipF",133,0,0,"cies",12,6
"RockScreeVeg",28,0,0,"cies",12,6
"SMedMarF",2,0,0,"cies",12,6
"SaltMar",253,0,0,"cies",12,6
"Shrub",772,0,0,"cies",12,6
"TempDecF",261,0,0,"cies",12,6
"WaterSurf",95,0,0,"cies",12,6
"ArtSurf",329,0,0,"cies",12,7
"AtlScrub",5686,0,0,"cies",12,7
"BareArea",3742,0,0,"cies",12,7
"Crop",3,0,0,"cies",12,7
"DuneSand",232,0,0,"cies",12,7
"Grass",1926,0,0,"cies",12,7
"HydroRipVeg",100,0,0,"cies",12,7
"MedSclF",18,0,0,"cies",12,7
"Reforestation",2902,0,0,"cies",12,7
"RipF",133,0,0,"cies",12,7
"RockScreeVeg",28,0,0,"cies",12,7
"SMedMarF",2,0,0,"cies",12,7
"SaltMar",253,0,0,"cies",12,7
"Shrub",772,0,0,"cies",12,7
"TempDecF",261,0,0,"cies",12,7
"WaterSurf",95,0,0,"cies",12,7
"ArtSurf",329,0,0,"cies",12,8
"AtlScrub",5686,0,0,"cies",12,8
"BareArea",3742,0,0,"cies",12,8
"Crop",3,0,0,"cies",12,8
"DuneSand",232,0,0,"cies",12,8
"Grass",1926,0,0,"cies",12,8
"HydroRipVeg",100,0,0,"cies",12,8
"MedSclF",18,0,0,"cies",12,8
"Reforestation",2902,0,0,"cies",12,8
"RipF",133,0,0,"cies",12,8
"RockScreeVeg",28,0,0,"cies",12,8
"SMedMarF",2,0,0,"cies",12,8
"SaltMar",253,0,0,"cies",12,8
"Shrub",772,0,0,"cies",12,8
"TempDecF",261,0,0,"cies",12,8
"WaterSurf",95,0,0,"cies",12,8
"ArtSurf",329,0,0,"cies",12,9
"AtlScrub",5686,0,0,"cies",12,9
"BareArea",3742,0,0,"cies",12,9
"Crop",3,0,0,"cies",12,9
"DuneSand",232,0,0,"cies",12,9
"Grass",1926,0,0,"cies",12,9
"HydroRipVeg",100,0,0,"cies",12,9
"MedSclF",18,0,0,"cies",12,9
"Reforestation",2902,0,0,"cies",12,9
"RipF",133,0,0,"cies",12,9
"RockScreeVeg",28,0,0,"cies",12,9
"SMedMarF",2,0,0,"cies",12,9
"SaltMar",253,0,0,"cies",12,9
"Shrub",772,0,0,"cies",12,9
"TempDecF",261,0,0,"cies",12,9
"WaterSurf",95,0,0,"cies",12,9
"ArtSurf",329,0,0,"cies",12,10
"AtlScrub",5686,0,0,"cies",12,10
"BareArea",3742,0,0,"cies",12,10
"Crop",3,0,0,"cies",12,10
"DuneSand",232,0,0,"cies",12,10
"Grass",1926,0,0,"cies",12,10
"HydroRipVeg",100,0,0,"cies",12,10
"MedSclF",18,0,0,"cies",12,10
"Reforestation",2902,0,0,"cies",12,10
"RipF",133,0,0,"cies",12,10
"RockScreeVeg",28,0,0,"cies",12,10
"SMedMarF",2,0,0,"cies",12,10
"SaltMar",253,0,0,"cies",12,10
"Shrub",772,0,0,"cies",12,10
"TempDecF",261,0,0,"cies",12,10
"WaterSurf",95,0,0,"cies",12,10
"ArtSurf",329,0,0,"cies",12,11
"AtlScrub",5686,0,0,"cies",12,11
"BareArea",3742,0,0,"cies",12,11
"Crop",3,0,0,"cies",12,11
"DuneSand",232,0,0,"cies",12,11
"Grass",1926,0,0,"cies",12,11
"HydroRipVeg",100,0,0,"cies",12,11
"MedSclF",18,0,0,"cies",12,11
"Reforestation",2902,0,0,"cies",12,11
"RipF",133,0,0,"cies",12,11
"RockScreeVeg",28,0,0,"cies",12,11
"SMedMarF",2,0,0,"cies",12,11
"SaltMar",253,0,0,"cies",12,11
"Shrub",772,0,0,"cies",12,11
"TempDecF",261,0,0,"cies",12,11
"WaterSurf",95,0,0,"cies",12,11
"ArtSurf",329,0,0,"cies",12,12
"AtlScrub",5686,0,0,"cies",12,12
"BareArea",3742,0,0,"cies",12,12
"Crop",3,0,0,"cies",12,12
"DuneSand",232,0,0,"cies",12,12
"Grass",1926,0,0,"cies",12,12
"HydroRipVeg",100,0,0,"cies",12,12
"MedSclF",18,0,0,"cies",12,12
"Reforestation",2902,0,0,"cies",12,12
"RipF",133,0,0,"cies",12,12
"RockScreeVeg",28,0,0,"cies",12,12
"SMedMarF",2,0,0,"cies",12,12
"SaltMar",253,0,0,"cies",12,12
"Shrub",772,0,0,"cies",12,12
"TempDecF",261,0,0,"cies",12,12
"WaterSurf",95,0,0,"cies",12,12
"ArtSurf",2849,0,0,"monfrague",1,1
"Crop",1332,0,0,"monfrague",1,1
"Dehesa",17271,0,0,"monfrague",1,1
"Grass",5942,0,0,"monfrague",1,1
"HydroRipVeg",2264,0,0,"monfrague",1,1
"MedSclF",34504,0,0,"monfrague",1,1
"MedScrub",121317,0,0,"monfrague",1,1
"Reforestation",22719,0,0,"monfrague",1,1
"RipF",1179,0,0,"monfrague",1,1
"RockScreeVeg",16028,0,0,"monfrague",1,1
"SMedMarF",6002,0,0,"monfrague",1,1
"Shrub",13653,0,0,"monfrague",1,1
"WaterSurf",15572,0,0,"monfrague",1,1
"ArtSurf",2849,1,0.04,"monfrague",1,2
"Crop",1332,0,0,"monfrague",1,2
"Dehesa",17271,0,0,"monfrague",1,2
"Grass",5942,0,0,"monfrague",1,2
"HydroRipVeg",2264,0,0,"monfrague",1,2
"MedSclF",34504,0,0,"monfrague",1,2
"MedScrub",121317,0,0,"monfrague",1,2
"Reforestation",22719,0,0,"monfrague",1,2
"RipF",1179,0,0,"monfrague",1,2
"RockScreeVeg",16028,0,0,"monfrague",1,2
"SMedMarF",6002,0,0,"monfrague",1,2
"Shrub",13653,0,0,"monfrague",1,2
"WaterSurf",15572,251,1.61,"monfrague",1,2
"ArtSurf",2849,0,0,"monfrague",1,3
"Crop",1332,0,0,"monfrague",1,3
"Dehesa",17271,0,0,"monfrague",1,3
"Grass",5942,0,0,"monfrague",1,3
"HydroRipVeg",2264,0,0,"monfrague",1,3
"MedSclF",34504,0,0,"monfrague",1,3
"MedScrub",121317,0,0,"monfrague",1,3
"Reforestation",22719,0,0,"monfrague",1,3
"RipF",1179,0,0,"monfrague",1,3
"RockScreeVeg",16028,0,0,"monfrague",1,3
"SMedMarF",6002,0,0,"monfrague",1,3
"Shrub",13653,0,0,"monfrague",1,3
"WaterSurf",15572,0,0,"monfrague",1,3
"ArtSurf",2849,0,0,"monfrague",1,4
"Crop",1332,0,0,"monfrague",1,4
"Dehesa",17271,0,0,"monfrague",1,4
"Grass",5942,0,0,"monfrague",1,4
"HydroRipVeg",2264,0,0,"monfrague",1,4
"MedSclF",34504,0,0,"monfrague",1,4
"MedScrub",121317,0,0,"monfrague",1,4
"Reforestation",22719,0,0,"monfrague",1,4
"RipF",1179,0,0,"monfrague",1,4
"RockScreeVeg",16028,0,0,"monfrague",1,4
"SMedMarF",6002,0,0,"monfrague",1,4
"Shrub",13653,0,0,"monfrague",1,4
"WaterSurf",15572,0,0,"monfrague",1,4
"ArtSurf",2849,0,0,"monfrague",1,5
"Crop",1332,0,0,"monfrague",1,5
"Dehesa",17271,0,0,"monfrague",1,5
"Grass",5942,0,0,"monfrague",1,5
"HydroRipVeg",2264,0,0,"monfrague",1,5
"MedSclF",34504,0,0,"monfrague",1,5
"MedScrub",121317,0,0,"monfrague",1,5
"Reforestation",22719,0,0,"monfrague",1,5
"RipF",1179,0,0,"monfrague",1,5
"RockScreeVeg",16028,0,0,"monfrague",1,5
"SMedMarF",6002,0,0,"monfrague",1,5
"Shrub",13653,0,0,"monfrague",1,5
"WaterSurf",15572,0,0,"monfrague",1,5
"ArtSurf",2849,0,0,"monfrague",1,6
"Crop",1332,0,0,"monfrague",1,6
"Dehesa",17271,0,0,"monfrague",1,6
"Grass",5942,0,0,"monfrague",1,6
"HydroRipVeg",2264,0,0,"monfrague",1,6
"MedSclF",34504,0,0,"monfrague",1,6
"MedScrub",121317,0,0,"monfrague",1,6
"Reforestation",22719,0,0,"monfrague",1,6
"RipF",1179,0,0,"monfrague",1,6
"RockScreeVeg",16028,0,0,"monfrague",1,6
"SMedMarF",6002,0,0,"monfrague",1,6
"Shrub",13653,0,0,"monfrague",1,6
"WaterSurf",15572,0,0,"monfrague",1,6
"ArtSurf",2849,0,0,"monfrague",1,7
"Crop",1332,0,0,"monfrague",1,7
"Dehesa",17271,0,0,"monfrague",1,7
"Grass",5942,0,0,"monfrague",1,7
"HydroRipVeg",2264,0,0,"monfrague",1,7
"MedSclF",34504,0,0,"monfrague",1,7
"MedScrub",121317,0,0,"monfrague",1,7
"Reforestation",22719,0,0,"monfrague",1,7
"RipF",1179,0,0,"monfrague",1,7
"RockScreeVeg",16028,0,0,"monfrague",1,7
"SMedMarF",6002,0,0,"monfrague",1,7
"Shrub",13653,0,0,"monfrague",1,7
"WaterSurf",15572,0,0,"monfrague",1,7
"ArtSurf",2849,0,0,"monfrague",1,8
"Crop",1332,0,0,"monfrague",1,8
"Dehesa",17271,0,0,"monfrague",1,8
"Grass",5942,0,0,"monfrague",1,8
"HydroRipVeg",2264,0,0,"monfrague",1,8
"MedSclF",34504,0,0,"monfrague",1,8
"MedScrub",121317,0,0,"monfrague",1,8
"Reforestation",22719,0,0,"monfrague",1,8
"RipF",1179,0,0,"monfrague",1,8
"RockScreeVeg",16028,0,0,"monfrague",1,8
"SMedMarF",6002,0,0,"monfrague",1,8
"Shrub",13653,0,0,"monfrague",1,8
"WaterSurf",15572,0,0,"monfrague",1,8
"ArtSurf",2849,0,0,"monfrague",1,9
"Crop",1332,0,0,"monfrague",1,9
"Dehesa",17271,0,0,"monfrague",1,9
"Grass",5942,0,0,"monfrague",1,9
"HydroRipVeg",2264,0,0,"monfrague",1,9
"MedSclF",34504,0,0,"monfrague",1,9
"MedScrub",121317,0,0,"monfrague",1,9
"Reforestation",22719,0,0,"monfrague",1,9
"RipF",1179,0,0,"monfrague",1,9
"RockScreeVeg",16028,0,0,"monfrague",1,9
"SMedMarF",6002,0,0,"monfrague",1,9
"Shrub",13653,0,0,"monfrague",1,9
"WaterSurf",15572,0,0,"monfrague",1,9
"ArtSurf",2849,0,0,"monfrague",1,10
"Crop",1332,0,0,"monfrague",1,10
"Dehesa",17271,0,0,"monfrague",1,10
"Grass",5942,0,0,"monfrague",1,10
"HydroRipVeg",2264,0,0,"monfrague",1,10
"MedSclF",34504,0,0,"monfrague",1,10
"MedScrub",121317,0,0,"monfrague",1,10
"Reforestation",22719,0,0,"monfrague",1,10
"RipF",1179,0,0,"monfrague",1,10
"RockScreeVeg",16028,0,0,"monfrague",1,10
"SMedMarF",6002,0,0,"monfrague",1,10
"Shrub",13653,0,0,"monfrague",1,10
"WaterSurf",15572,0,0,"monfrague",1,10
"ArtSurf",2849,0,0,"monfrague",1,11
"Crop",1332,0,0,"monfrague",1,11
"Dehesa",17271,0,0,"monfrague",1,11
"Grass",5942,0,0,"monfrague",1,11
"HydroRipVeg",2264,0,0,"monfrague",1,11
"MedSclF",34504,0,0,"monfrague",1,11
"MedScrub",121317,0,0,"monfrague",1,11
"Reforestation",22719,0,0,"monfrague",1,11
"RipF",1179,0,0,"monfrague",1,11
"RockScreeVeg",16028,0,0,"monfrague",1,11
"SMedMarF",6002,0,0,"monfrague",1,11
"Shrub",13653,0,0,"monfrague",1,11
"WaterSurf",15572,0,0,"monfrague",1,11
"ArtSurf",2849,0,0,"monfrague",1,12
"Crop",1332,0,0,"monfrague",1,12
"Dehesa",17271,0,0,"monfrague",1,12
"Grass",5942,0,0,"monfrague",1,12
"HydroRipVeg",2264,0,0,"monfrague",1,12
"MedSclF",34504,0,0,"monfrague",1,12
"MedScrub",121317,0,0,"monfrague",1,12
"Reforestation",22719,0,0,"monfrague",1,12
"RipF",1179,0,0,"monfrague",1,12
"RockScreeVeg",16028,0,0,"monfrague",1,12
"SMedMarF",6002,0,0,"monfrague",1,12
"Shrub",13653,0,0,"monfrague",1,12
"WaterSurf",15572,0,0,"monfrague",1,12
"ArtSurf",2849,0,0,"monfrague",3,1
"Crop",1332,0,0,"monfrague",3,1
"Dehesa",17271,0,0,"monfrague",3,1
"Grass",5942,0,0,"monfrague",3,1
"HydroRipVeg",2264,2,0.09,"monfrague",3,1
"MedSclF",34504,0,0,"monfrague",3,1
"MedScrub",121317,0,0,"monfrague",3,1
"Reforestation",22719,0,0,"monfrague",3,1
"RipF",1179,0,0,"monfrague",3,1
"RockScreeVeg",16028,1,0.01,"monfrague",3,1
"SMedMarF",6002,0,0,"monfrague",3,1
"Shrub",13653,0,0,"monfrague",3,1
"WaterSurf",15572,85,0.55,"monfrague",3,1
"ArtSurf",2849,3,0.11,"monfrague",3,2
"Crop",1332,0,0,"monfrague",3,2
"Dehesa",17271,0,0,"monfrague",3,2
"Grass",5942,14,0.24,"monfrague",3,2
"HydroRipVeg",2264,218,9.63,"monfrague",3,2
"MedSclF",34504,7,0.02,"monfrague",3,2
"MedScrub",121317,2,0,"monfrague",3,2
"Reforestation",22719,0,0,"monfrague",3,2
"RipF",1179,0,0,"monfrague",3,2
"RockScreeVeg",16028,2,0.01,"monfrague",3,2
"SMedMarF",6002,0,0,"monfrague",3,2
"Shrub",13653,2,0.01,"monfrague",3,2
"WaterSurf",15572,5052,32.44,"monfrague",3,2
"ArtSurf",2849,0,0,"monfrague",3,3
"Crop",1332,0,0,"monfrague",3,3
"Dehesa",17271,0,0,"monfrague",3,3
"Grass",5942,0,0,"monfrague",3,3
"HydroRipVeg",2264,0,0,"monfrague",3,3
"MedSclF",34504,0,0,"monfrague",3,3
"MedScrub",121317,0,0,"monfrague",3,3
"Reforestation",22719,0,0,"monfrague",3,3
"RipF",1179,0,0,"monfrague",3,3
"RockScreeVeg",16028,0,0,"monfrague",3,3
"SMedMarF",6002,0,0,"monfrague",3,3
"Shrub",13653,2,0.01,"monfrague",3,3
"WaterSurf",15572,4,0.03,"monfrague",3,3
"ArtSurf",2849,0,0,"monfrague",3,4
"Crop",1332,0,0,"monfrague",3,4
"Dehesa",17271,0,0,"monfrague",3,4
"Grass",5942,0,0,"monfrague",3,4
"HydroRipVeg",2264,0,0,"monfrague",3,4
"MedSclF",34504,0,0,"monfrague",3,4
"MedScrub",121317,0,0,"monfrague",3,4
"Reforestation",22719,0,0,"monfrague",3,4
"RipF",1179,0,0,"monfrague",3,4
"RockScreeVeg",16028,0,0,"monfrague",3,4
"SMedMarF",6002,0,0,"monfrague",3,4
"Shrub",13653,0,0,"monfrague",3,4
"WaterSurf",15572,0,0,"monfrague",3,4
"ArtSurf",2849,0,0,"monfrague",3,5
"Crop",1332,0,0,"monfrague",3,5
"Dehesa",17271,0,0,"monfrague",3,5
"Grass",5942,0,0,"monfrague",3,5
"HydroRipVeg",2264,0,0,"monfrague",3,5
"MedSclF",34504,0,0,"monfrague",3,5
"MedScrub",121317,0,0,"monfrague",3,5
"Reforestation",22719,0,0,"monfrague",3,5
"RipF",1179,0,0,"monfrague",3,5
"RockScreeVeg",16028,0,0,"monfrague",3,5
"SMedMarF",6002,0,0,"monfrague",3,5
"Shrub",13653,0,0,"monfrague",3,5
"WaterSurf",15572,0,0,"monfrague",3,5
"ArtSurf",2849,0,0,"monfrague",3,6
"Crop",1332,0,0,"monfrague",3,6
"Dehesa",17271,0,0,"monfrague",3,6
"Grass",5942,0,0,"monfrague",3,6
"HydroRipVeg",2264,0,0,"monfrague",3,6
"MedSclF",34504,0,0,"monfrague",3,6
"MedScrub",121317,0,0,"monfrague",3,6
"Reforestation",22719,0,0,"monfrague",3,6
"RipF",1179,0,0,"monfrague",3,6
"RockScreeVeg",16028,0,0,"monfrague",3,6
"SMedMarF",6002,0,0,"monfrague",3,6
"Shrub",13653,0,0,"monfrague",3,6
"WaterSurf",15572,0,0,"monfrague",3,6
"ArtSurf",2849,281,9.86,"monfrague",3,7
"Crop",1332,145,10.89,"monfrague",3,7
"Dehesa",17271,3164,18.32,"monfrague",3,7
"Grass",5942,1097,18.46,"monfrague",3,7
"HydroRipVeg",2264,148,6.54,"monfrague",3,7
"MedSclF",34504,8447,24.48,"monfrague",3,7
"MedScrub",121317,26904,22.18,"monfrague",3,7
"Reforestation",22719,723,3.18,"monfrague",3,7
"RipF",1179,122,10.35,"monfrague",3,7
"RockScreeVeg",16028,3071,19.16,"monfrague",3,7
"SMedMarF",6002,271,4.52,"monfrague",3,7
"Shrub",13653,1391,10.19,"monfrague",3,7
"WaterSurf",15572,265,1.7,"monfrague",3,7
"ArtSurf",2849,0,0,"monfrague",3,8
"Crop",1332,0,0,"monfrague",3,8
"Dehesa",17271,0,0,"monfrague",3,8
"Grass",5942,0,0,"monfrague",3,8
"HydroRipVeg",2264,0,0,"monfrague",3,8
"MedSclF",34504,0,0,"monfrague",3,8
"MedScrub",121317,0,0,"monfrague",3,8
"Reforestation",22719,0,0,"monfrague",3,8
"RipF",1179,0,0,"monfrague",3,8
"RockScreeVeg",16028,0,0,"monfrague",3,8
"SMedMarF",6002,0,0,"monfrague",3,8
"Shrub",13653,0,0,"monfrague",3,8
"WaterSurf",15572,0,0,"monfrague",3,8
"ArtSurf",2849,0,0,"monfrague",3,9
"Crop",1332,0,0,"monfrague",3,9
"Dehesa",17271,0,0,"monfrague",3,9
"Grass",5942,0,0,"monfrague",3,9
"HydroRipVeg",2264,0,0,"monfrague",3,9
"MedSclF",34504,0,0,"monfrague",3,9
"MedScrub",121317,0,0,"monfrague",3,9
"Reforestation",22719,0,0,"monfrague",3,9
"RipF",1179,0,0,"monfrague",3,9
"RockScreeVeg",16028,0,0,"monfrague",3,9
"SMedMarF",6002,0,0,"monfrague",3,9
"Shrub",13653,0,0,"monfrague",3,9
"WaterSurf",15572,0,0,"monfrague",3,9
"ArtSurf",2849,0,0,"monfrague",3,10
"Crop",1332,0,0,"monfrague",3,10
"Dehesa",17271,0,0,"monfrague",3,10
"Grass",5942,0,0,"monfrague",3,10
"HydroRipVeg",2264,0,0,"monfrague",3,10
"MedSclF",34504,0,0,"monfrague",3,10
"MedScrub",121317,0,0,"monfrague",3,10
"Reforestation",22719,0,0,"monfrague",3,10
"RipF",1179,0,0,"monfrague",3,10
"RockScreeVeg",16028,0,0,"monfrague",3,10
"SMedMarF",6002,0,0,"monfrague",3,10
"Shrub",13653,0,0,"monfrague",3,10
"WaterSurf",15572,0,0,"monfrague",3,10
"ArtSurf",2849,0,0,"monfrague",3,11
"Crop",1332,0,0,"monfrague",3,11
"Dehesa",17271,0,0,"monfrague",3,11
"Grass",5942,0,0,"monfrague",3,11
"HydroRipVeg",2264,0,0,"monfrague",3,11
"MedSclF",34504,0,0,"monfrague",3,11
"MedScrub",121317,0,0,"monfrague",3,11
"Reforestation",22719,0,0,"monfrague",3,11
"RipF",1179,0,0,"monfrague",3,11
"RockScreeVeg",16028,0,0,"monfrague",3,11
"SMedMarF",6002,0,0,"monfrague",3,11
"Shrub",13653,0,0,"monfrague",3,11
"WaterSurf",15572,0,0,"monfrague",3,11
"ArtSurf",2849,0,0,"monfrague",3,12
"Crop",1332,0,0,"monfrague",3,12
"Dehesa",17271,0,0,"monfrague",3,12
"Grass",5942,0,0,"monfrague",3,12
"HydroRipVeg",2264,0,0,"monfrague",3,12
"MedSclF",34504,0,0,"monfrague",3,12
"MedScrub",121317,0,0,"monfrague",3,12
"Reforestation",22719,0,0,"monfrague",3,12
"RipF",1179,0,0,"monfrague",3,12
"RockScreeVeg",16028,0,0,"monfrague",3,12
"SMedMarF",6002,0,0,"monfrague",3,12
"Shrub",13653,0,0,"monfrague",3,12
"WaterSurf",15572,1,0.01,"monfrague",3,12
"ArtSurf",2849,0,0,"monfrague",6,1
"Crop",1332,0,0,"monfrague",6,1
"Dehesa",17271,0,0,"monfrague",6,1
"Grass",5942,0,0,"monfrague",6,1
"HydroRipVeg",2264,1,0.04,"monfrague",6,1
"MedSclF",34504,0,0,"monfrague",6,1
"MedScrub",121317,0,0,"monfrague",6,1
"Reforestation",22719,0,0,"monfrague",6,1
"RipF",1179,0,0,"monfrague",6,1
"RockScreeVeg",16028,0,0,"monfrague",6,1
"SMedMarF",6002,0,0,"monfrague",6,1
"Shrub",13653,0,0,"monfrague",6,1
"WaterSurf",15572,8,0.05,"monfrague",6,1
"ArtSurf",2849,2,0.07,"monfrague",6,2
"Crop",1332,0,0,"monfrague",6,2
"Dehesa",17271,0,0,"monfrague",6,2
"Grass",5942,7,0.12,"monfrague",6,2
"HydroRipVeg",2264,94,4.15,"monfrague",6,2
"MedSclF",34504,6,0.02,"monfrague",6,2
"MedScrub",121317,2,0,"monfrague",6,2
"Reforestation",22719,0,0,"monfrague",6,2
"RipF",1179,0,0,"monfrague",6,2
"RockScreeVeg",16028,2,0.01,"monfrague",6,2
"SMedMarF",6002,0,0,"monfrague",6,2
"Shrub",13653,2,0.01,"monfrague",6,2
"WaterSurf",15572,2286,14.68,"monfrague",6,2
"ArtSurf",2849,0,0,"monfrague",6,3
"Crop",1332,0,0,"monfrague",6,3
"Dehesa",17271,0,0,"monfrague",6,3
"Grass",5942,0,0,"monfrague",6,3
"HydroRipVeg",2264,1,0.04,"monfrague",6,3
"MedSclF",34504,3,0.01,"monfrague",6,3
"MedScrub",121317,0,0,"monfrague",6,3
"Reforestation",22719,0,0,"monfrague",6,3
"RipF",1179,0,0,"monfrague",6,3
"RockScreeVeg",16028,1,0.01,"monfrague",6,3
"SMedMarF",6002,0,0,"monfrague",6,3
"Shrub",13653,2,0.01,"monfrague",6,3
"WaterSurf",15572,234,1.5,"monfrague",6,3
"ArtSurf",2849,0,0,"monfrague",6,4
"Crop",1332,0,0,"monfrague",6,4
"Dehesa",17271,0,0,"monfrague",6,4
"Grass",5942,0,0,"monfrague",6,4
"HydroRipVeg",2264,9,0.4,"monfrague",6,4
"MedSclF",34504,0,0,"monfrague",6,4
"MedScrub",121317,0,0,"monfrague",6,4
"Reforestation",22719,0,0,"monfrague",6,4
"RipF",1179,0,0,"monfrague",6,4
"RockScreeVeg",16028,1,0.01,"monfrague",6,4
"SMedMarF",6002,0,0,"monfrague",6,4
"Shrub",13653,0,0,"monfrague",6,4
"WaterSurf",15572,3,0.02,"monfrague",6,4
"ArtSurf",2849,0,0,"monfrague",6,5
"Crop",1332,0,0,"monfrague",6,5
"Dehesa",17271,0,0,"monfrague",6,5
"Grass",5942,0,0,"monfrague",6,5
"HydroRipVeg",2264,0,0,"monfrague",6,5
"MedSclF",34504,0,0,"monfrague",6,5
"MedScrub",121317,0,0,"monfrague",6,5
"Reforestation",22719,0,0,"monfrague",6,5
"RipF",1179,0,0,"monfrague",6,5
"RockScreeVeg",16028,0,0,"monfrague",6,5
"SMedMarF",6002,0,0,"monfrague",6,5
"Shrub",13653,0,0,"monfrague",6,5
"WaterSurf",15572,0,0,"monfrague",6,5
"ArtSurf",2849,0,0,"monfrague",6,6
"Crop",1332,0,0,"monfrague",6,6
"Dehesa",17271,0,0,"monfrague",6,6
"Grass",5942,0,0,"monfrague",6,6
"HydroRipVeg",2264,0,0,"monfrague",6,6
"MedSclF",34504,0,0,"monfrague",6,6
"MedScrub",121317,0,0,"monfrague",6,6
"Reforestation",22719,0,0,"monfrague",6,6
"RipF",1179,0,0,"monfrague",6,6
"RockScreeVeg",16028,0,0,"monfrague",6,6
"SMedMarF",6002,0,0,"monfrague",6,6
"Shrub",13653,0,0,"monfrague",6,6
"WaterSurf",15572,0,0,"monfrague",6,6
"ArtSurf",2849,0,0,"monfrague",6,7
"Crop",1332,0,0,"monfrague",6,7
"Dehesa",17271,0,0,"monfrague",6,7
"Grass",5942,0,0,"monfrague",6,7
"HydroRipVeg",2264,0,0,"monfrague",6,7
"MedSclF",34504,0,0,"monfrague",6,7
"MedScrub",121317,0,0,"monfrague",6,7
"Reforestation",22719,0,0,"monfrague",6,7
"RipF",1179,0,0,"monfrague",6,7
"RockScreeVeg",16028,0,0,"monfrague",6,7
"SMedMarF",6002,0,0,"monfrague",6,7
"Shrub",13653,0,0,"monfrague",6,7
"WaterSurf",15572,0,0,"monfrague",6,7
"ArtSurf",2849,0,0,"monfrague",6,8
"Crop",1332,0,0,"monfrague",6,8
"Dehesa",17271,0,0,"monfrague",6,8
"Grass",5942,0,0,"monfrague",6,8
"HydroRipVeg",2264,0,0,"monfrague",6,8
"MedSclF",34504,0,0,"monfrague",6,8
"MedScrub",121317,0,0,"monfrague",6,8
"Reforestation",22719,0,0,"monfrague",6,8
"RipF",1179,0,0,"monfrague",6,8
"RockScreeVeg",16028,0,0,"monfrague",6,8
"SMedMarF",6002,0,0,"monfrague",6,8
"Shrub",13653,0,0,"monfrague",6,8
"WaterSurf",15572,0,0,"monfrague",6,8
"ArtSurf",2849,0,0,"monfrague",6,9
"Crop",1332,0,0,"monfrague",6,9
"Dehesa",17271,0,0,"monfrague",6,9
"Grass",5942,0,0,"monfrague",6,9
"HydroRipVeg",2264,0,0,"monfrague",6,9
"MedSclF",34504,0,0,"monfrague",6,9
"MedScrub",121317,0,0,"monfrague",6,9
"Reforestation",22719,0,0,"monfrague",6,9
"RipF",1179,0,0,"monfrague",6,9
"RockScreeVeg",16028,0,0,"monfrague",6,9
"SMedMarF",6002,0,0,"monfrague",6,9
"Shrub",13653,0,0,"monfrague",6,9
"WaterSurf",15572,0,0,"monfrague",6,9
"ArtSurf",2849,572,20.08,"monfrague",6,10
"Crop",1332,58,4.35,"monfrague",6,10
"Dehesa",17271,1655,9.58,"monfrague",6,10
"Grass",5942,391,6.58,"monfrague",6,10
"HydroRipVeg",2264,50,2.21,"monfrague",6,10
"MedSclF",34504,10645,30.85,"monfrague",6,10
"MedScrub",121317,37550,30.95,"monfrague",6,10
"Reforestation",22719,3233,14.23,"monfrague",6,10
"RipF",1179,87,7.38,"monfrague",6,10
"RockScreeVeg",16028,5953,37.14,"monfrague",6,10
"SMedMarF",6002,1606,26.76,"monfrague",6,10
"Shrub",13653,3228,23.64,"monfrague",6,10
"WaterSurf",15572,276,1.77,"monfrague",6,10
"ArtSurf",2849,0,0,"monfrague",6,11
"Crop",1332,0,0,"monfrague",6,11
"Dehesa",17271,0,0,"monfrague",6,11
"Grass",5942,0,0,"monfrague",6,11
"HydroRipVeg",2264,0,0,"monfrague",6,11
"MedSclF",34504,0,0,"monfrague",6,11
"MedScrub",121317,0,0,"monfrague",6,11
"Reforestation",22719,0,0,"monfrague",6,11
"RipF",1179,0,0,"monfrague",6,11
"RockScreeVeg",16028,0,0,"monfrague",6,11
"SMedMarF",6002,0,0,"monfrague",6,11
"Shrub",13653,0,0,"monfrague",6,11
"WaterSurf",15572,0,0,"monfrague",6,11
"ArtSurf",2849,0,0,"monfrague",6,12
"Crop",1332,0,0,"monfrague",6,12
"Dehesa",17271,0,0,"monfrague",6,12
"Grass",5942,0,0,"monfrague",6,12
"HydroRipVeg",2264,0,0,"monfrague",6,12
"MedSclF",34504,0,0,"monfrague",6,12
"MedScrub",121317,0,0,"monfrague",6,12
"Reforestation",22719,0,0,"monfrague",6,12
"RipF",1179,0,0,"monfrague",6,12
"RockScreeVeg",16028,0,0,"monfrague",6,12
"SMedMarF",6002,0,0,"monfrague",6,12
"Shrub",13653,0,0,"monfrague",6,12
"WaterSurf",15572,0,0,"monfrague",6,12
"ArtSurf",2849,0,0,"monfrague",9,1
"Crop",1332,0,0,"monfrague",9,1
"Dehesa",17271,0,0,"monfrague",9,1
"Grass",5942,0,0,"monfrague",9,1
"HydroRipVeg",2264,0,0,"monfrague",9,1
"MedSclF",34504,0,0,"monfrague",9,1
"MedScrub",121317,0,0,"monfrague",9,1
"Reforestation",22719,0,0,"monfrague",9,1
"RipF",1179,0,0,"monfrague",9,1
"RockScreeVeg",16028,0,0,"monfrague",9,1
"SMedMarF",6002,0,0,"monfrague",9,1
"Shrub",13653,0,0,"monfrague",9,1
"WaterSurf",15572,0,0,"monfrague",9,1
"ArtSurf",2849,1,0.04,"monfrague",9,2
"Crop",1332,0,0,"monfrague",9,2
"Dehesa",17271,1,0.01,"monfrague",9,2
"Grass",5942,1,0.02,"monfrague",9,2
"HydroRipVeg",2264,29,1.28,"monfrague",9,2
"MedSclF",34504,9,0.03,"monfrague",9,2
"MedScrub",121317,3,0,"monfrague",9,2
"Reforestation",22719,0,0,"monfrague",9,2
"RipF",1179,0,0,"monfrague",9,2
"RockScreeVeg",16028,1,0.01,"monfrague",9,2
"SMedMarF",6002,0,0,"monfrague",9,2
"Shrub",13653,0,0,"monfrague",9,2
"WaterSurf",15572,370,2.38,"monfrague",9,2
"ArtSurf",2849,0,0,"monfrague",9,3
"Crop",1332,0,0,"monfrague",9,3
"Dehesa",17271,0,0,"monfrague",9,3
"Grass",5942,0,0,"monfrague",9,3
"HydroRipVeg",2264,0,0,"monfrague",9,3
"MedSclF",34504,3,0.01,"monfrague",9,3
"MedScrub",121317,0,0,"monfrague",9,3
"Reforestation",22719,0,0,"monfrague",9,3
"RipF",1179,0,0,"monfrague",9,3
"RockScreeVeg",16028,1,0.01,"monfrague",9,3
"SMedMarF",6002,0,0,"monfrague",9,3
"Shrub",13653,1,0.01,"monfrague",9,3
"WaterSurf",15572,271,1.74,"monfrague",9,3
"ArtSurf",2849,0,0,"monfrague",9,4
"Crop",1332,0,0,"monfrague",9,4
"Dehesa",17271,0,0,"monfrague",9,4
"Grass",5942,0,0,"monfrague",9,4
"HydroRipVeg",2264,0,0,"monfrague",9,4
"MedSclF",34504,0,0,"monfrague",9,4
"MedScrub",121317,0,0,"monfrague",9,4
"Reforestation",22719,0,0,"monfrague",9,4
"RipF",1179,0,0,"monfrague",9,4
"RockScreeVeg",16028,0,0,"monfrague",9,4
"SMedMarF",6002,0,0,"monfrague",9,4
"Shrub",13653,0,0,"monfrague",9,4
"WaterSurf",15572,0,0,"monfrague",9,4
"ArtSurf",2849,0,0,"monfrague",9,5
"Crop",1332,0,0,"monfrague",9,5
"Dehesa",17271,0,0,"monfrague",9,5
"Grass",5942,0,0,"monfrague",9,5
"HydroRipVeg",2264,0,0,"monfrague",9,5
"MedSclF",34504,0,0,"monfrague",9,5
"MedScrub",121317,0,0,"monfrague",9,5
"Reforestation",22719,0,0,"monfrague",9,5
"RipF",1179,0,0,"monfrague",9,5
"RockScreeVeg",16028,0,0,"monfrague",9,5
"SMedMarF",6002,0,0,"monfrague",9,5
"Shrub",13653,0,0,"monfrague",9,5
"WaterSurf",15572,0,0,"monfrague",9,5
"ArtSurf",2849,0,0,"monfrague",9,6
"Crop",1332,0,0,"monfrague",9,6
"Dehesa",17271,0,0,"monfrague",9,6
"Grass",5942,0,0,"monfrague",9,6
"HydroRipVeg",2264,0,0,"monfrague",9,6
"MedSclF",34504,0,0,"monfrague",9,6
"MedScrub",121317,0,0,"monfrague",9,6
"Reforestation",22719,0,0,"monfrague",9,6
"RipF",1179,0,0,"monfrague",9,6
"RockScreeVeg",16028,0,0,"monfrague",9,6
"SMedMarF",6002,0,0,"monfrague",9,6
"Shrub",13653,0,0,"monfrague",9,6
"WaterSurf",15572,0,0,"monfrague",9,6
"ArtSurf",2849,0,0,"monfrague",9,7
"Crop",1332,0,0,"monfrague",9,7
"Dehesa",17271,0,0,"monfrague",9,7
"Grass",5942,0,0,"monfrague",9,7
"HydroRipVeg",2264,0,0,"monfrague",9,7
"MedSclF",34504,0,0,"monfrague",9,7
"MedScrub",121317,0,0,"monfrague",9,7
"Reforestation",22719,0,0,"monfrague",9,7
"RipF",1179,0,0,"monfrague",9,7
"RockScreeVeg",16028,0,0,"monfrague",9,7
"SMedMarF",6002,0,0,"monfrague",9,7
"Shrub",13653,0,0,"monfrague",9,7
"WaterSurf",15572,0,0,"monfrague",9,7
"ArtSurf",2849,0,0,"monfrague",9,8
"Crop",1332,0,0,"monfrague",9,8
"Dehesa",17271,0,0,"monfrague",9,8
"Grass",5942,0,0,"monfrague",9,8
"HydroRipVeg",2264,0,0,"monfrague",9,8
"MedSclF",34504,0,0,"monfrague",9,8
"MedScrub",121317,0,0,"monfrague",9,8
"Reforestation",22719,0,0,"monfrague",9,8
"RipF",1179,0,0,"monfrague",9,8
"RockScreeVeg",16028,0,0,"monfrague",9,8
"SMedMarF",6002,0,0,"monfrague",9,8
"Shrub",13653,0,0,"monfrague",9,8
"WaterSurf",15572,0,0,"monfrague",9,8
"ArtSurf",2849,0,0,"monfrague",9,9
"Crop",1332,0,0,"monfrague",9,9
"Dehesa",17271,0,0,"monfrague",9,9
"Grass",5942,0,0,"monfrague",9,9
"HydroRipVeg",2264,0,0,"monfrague",9,9
"MedSclF",34504,0,0,"monfrague",9,9
"MedScrub",121317,0,0,"monfrague",9,9
"Reforestation",22719,0,0,"monfrague",9,9
"RipF",1179,0,0,"monfrague",9,9
"RockScreeVeg",16028,0,0,"monfrague",9,9
"SMedMarF",6002,0,0,"monfrague",9,9
"Shrub",13653,0,0,"monfrague",9,9
"WaterSurf",15572,0,0,"monfrague",9,9
"ArtSurf",2849,0,0,"monfrague",9,10
"Crop",1332,0,0,"monfrague",9,10
"Dehesa",17271,0,0,"monfrague",9,10
"Grass",5942,0,0,"monfrague",9,10
"HydroRipVeg",2264,0,0,"monfrague",9,10
"MedSclF",34504,0,0,"monfrague",9,10
"MedScrub",121317,0,0,"monfrague",9,10
"Reforestation",22719,0,0,"monfrague",9,10
"RipF",1179,0,0,"monfrague",9,10
"RockScreeVeg",16028,0,0,"monfrague",9,10
"SMedMarF",6002,0,0,"monfrague",9,10
"Shrub",13653,0,0,"monfrague",9,10
"WaterSurf",15572,0,0,"monfrague",9,10
"ArtSurf",2849,0,0,"monfrague",9,11
"Crop",1332,0,0,"monfrague",9,11
"Dehesa",17271,0,0,"monfrague",9,11
"Grass",5942,0,0,"monfrague",9,11
"HydroRipVeg",2264,0,0,"monfrague",9,11
"MedSclF",34504,0,0,"monfrague",9,11
"MedScrub",121317,0,0,"monfrague",9,11
"Reforestation",22719,0,0,"monfrague",9,11
"RipF",1179,0,0,"monfrague",9,11
"RockScreeVeg",16028,0,0,"monfrague",9,11
"SMedMarF",6002,0,0,"monfrague",9,11
"Shrub",13653,0,0,"monfrague",9,11
"WaterSurf",15572,0,0,"monfrague",9,11
"ArtSurf",2849,0,0,"monfrague",9,12
"Crop",1332,0,0,"monfrague",9,12
"Dehesa",17271,0,0,"monfrague",9,12
"Grass",5942,0,0,"monfrague",9,12
"HydroRipVeg",2264,0,0,"monfrague",9,12
"MedSclF",34504,0,0,"monfrague",9,12
"MedScrub",121317,0,0,"monfrague",9,12
"Reforestation",22719,0,0,"monfrague",9,12
"RipF",1179,0,0,"monfrague",9,12
"RockScreeVeg",16028,0,0,"monfrague",9,12
"SMedMarF",6002,0,0,"monfrague",9,12
"Shrub",13653,0,0,"monfrague",9,12
"WaterSurf",15572,0,0,"monfrague",9,12
"ArtSurf",2849,0,0,"monfrague",12,1
"Crop",1332,0,0,"monfrague",12,1
"Dehesa",17271,0,0,"monfrague",12,1
"Grass",5942,0,0,"monfrague",12,1
"HydroRipVeg",2264,0,0,"monfrague",12,1
"MedSclF",34504,0,0,"monfrague",12,1
"MedScrub",121317,0,0,"monfrague",12,1
"Reforestation",22719,0,0,"monfrague",12,1
"RipF",1179,0,0,"monfrague",12,1
"RockScreeVeg",16028,0,0,"monfrague",12,1
"SMedMarF",6002,0,0,"monfrague",12,1
"Shrub",13653,0,0,"monfrague",12,1
"WaterSurf",15572,0,0,"monfrague",12,1
"ArtSurf",2849,0,0,"monfrague",12,2
"Crop",1332,0,0,"monfrague",12,2
"Dehesa",17271,0,0,"monfrague",12,2
"Grass",5942,0,0,"monfrague",12,2
"HydroRipVeg",2264,0,0,"monfrague",12,2
"MedSclF",34504,0,0,"monfrague",12,2
"MedScrub",121317,0,0,"monfrague",12,2
"Reforestation",22719,0,0,"monfrague",12,2
"RipF",1179,0,0,"monfrague",12,2
"RockScreeVeg",16028,0,0,"monfrague",12,2
"SMedMarF",6002,0,0,"monfrague",12,2
"Shrub",13653,0,0,"monfrague",12,2
"WaterSurf",15572,0,0,"monfrague",12,2
"ArtSurf",2849,0,0,"monfrague",12,3
"Crop",1332,0,0,"monfrague",12,3
"Dehesa",17271,0,0,"monfrague",12,3
"Grass",5942,0,0,"monfrague",12,3
"HydroRipVeg",2264,0,0,"monfrague",12,3
"MedSclF",34504,0,0,"monfrague",12,3
"MedScrub",121317,0,0,"monfrague",12,3
"Reforestation",22719,0,0,"monfrague",12,3
"RipF",1179,0,0,"monfrague",12,3
"RockScreeVeg",16028,0,0,"monfrague",12,3
"SMedMarF",6002,0,0,"monfrague",12,3
"Shrub",13653,0,0,"monfrague",12,3
"WaterSurf",15572,0,0,"monfrague",12,3
"ArtSurf",2849,0,0,"monfrague",12,4
"Crop",1332,0,0,"monfrague",12,4
"Dehesa",17271,0,0,"monfrague",12,4
"Grass",5942,0,0,"monfrague",12,4
"HydroRipVeg",2264,0,0,"monfrague",12,4
"MedSclF",34504,0,0,"monfrague",12,4
"MedScrub",121317,0,0,"monfrague",12,4
"Reforestation",22719,0,0,"monfrague",12,4
"RipF",1179,0,0,"monfrague",12,4
"RockScreeVeg",16028,0,0,"monfrague",12,4
"SMedMarF",6002,0,0,"monfrague",12,4
"Shrub",13653,0,0,"monfrague",12,4
"WaterSurf",15572,0,0,"monfrague",12,4
"ArtSurf",2849,0,0,"monfrague",12,5
"Crop",1332,0,0,"monfrague",12,5
"Dehesa",17271,0,0,"monfrague",12,5
"Grass",5942,0,0,"monfrague",12,5
"HydroRipVeg",2264,0,0,"monfrague",12,5
"MedSclF",34504,0,0,"monfrague",12,5
"MedScrub",121317,0,0,"monfrague",12,5
"Reforestation",22719,0,0,"monfrague",12,5
"RipF",1179,0,0,"monfrague",12,5
"RockScreeVeg",16028,0,0,"monfrague",12,5
"SMedMarF",6002,0,0,"monfrague",12,5
"Shrub",13653,0,0,"monfrague",12,5
"WaterSurf",15572,0,0,"monfrague",12,5
"ArtSurf",2849,0,0,"monfrague",12,6
"Crop",1332,0,0,"monfrague",12,6
"Dehesa",17271,0,0,"monfrague",12,6
"Grass",5942,0,0,"monfrague",12,6
"HydroRipVeg",2264,0,0,"monfrague",12,6
"MedSclF",34504,0,0,"monfrague",12,6
"MedScrub",121317,0,0,"monfrague",12,6
"Reforestation",22719,0,0,"monfrague",12,6
"RipF",1179,0,0,"monfrague",12,6
"RockScreeVeg",16028,0,0,"monfrague",12,6
"SMedMarF",6002,0,0,"monfrague",12,6
"Shrub",13653,0,0,"monfrague",12,6
"WaterSurf",15572,0,0,"monfrague",12,6
"ArtSurf",2849,0,0,"monfrague",12,7
"Crop",1332,0,0,"monfrague",12,7
"Dehesa",17271,0,0,"monfrague",12,7
"Grass",5942,0,0,"monfrague",12,7
"HydroRipVeg",2264,0,0,"monfrague",12,7
"MedSclF",34504,0,0,"monfrague",12,7
"MedScrub",121317,0,0,"monfrague",12,7
"Reforestation",22719,0,0,"monfrague",12,7
"RipF",1179,0,0,"monfrague",12,7
"RockScreeVeg",16028,0,0,"monfrague",12,7
"SMedMarF",6002,0,0,"monfrague",12,7
"Shrub",13653,0,0,"monfrague",12,7
"WaterSurf",15572,0,0,"monfrague",12,7
"ArtSurf",2849,0,0,"monfrague",12,8
"Crop",1332,0,0,"monfrague",12,8
"Dehesa",17271,0,0,"monfrague",12,8
"Grass",5942,0,0,"monfrague",12,8
"HydroRipVeg",2264,0,0,"monfrague",12,8
"MedSclF",34504,0,0,"monfrague",12,8
"MedScrub",121317,0,0,"monfrague",12,8
"Reforestation",22719,0,0,"monfrague",12,8
"RipF",1179,0,0,"monfrague",12,8
"RockScreeVeg",16028,0,0,"monfrague",12,8
"SMedMarF",6002,0,0,"monfrague",12,8
"Shrub",13653,0,0,"monfrague",12,8
"WaterSurf",15572,0,0,"monfrague",12,8
"ArtSurf",2849,0,0,"monfrague",12,9
"Crop",1332,0,0,"monfrague",12,9
"Dehesa",17271,0,0,"monfrague",12,9
"Grass",5942,0,0,"monfrague",12,9
"HydroRipVeg",2264,0,0,"monfrague",12,9
"MedSclF",34504,0,0,"monfrague",12,9
"MedScrub",121317,0,0,"monfrague",12,9
"Reforestation",22719,0,0,"monfrague",12,9
"RipF",1179,0,0,"monfrague",12,9
"RockScreeVeg",16028,0,0,"monfrague",12,9
"SMedMarF",6002,0,0,"monfrague",12,9
"Shrub",13653,0,0,"monfrague",12,9
"WaterSurf",15572,0,0,"monfrague",12,9
"ArtSurf",2849,0,0,"monfrague",12,10
"Crop",1332,0,0,"monfrague",12,10
"Dehesa",17271,0,0,"monfrague",12,10
"Grass",5942,0,0,"monfrague",12,10
"HydroRipVeg",2264,0,0,"monfrague",12,10
"MedSclF",34504,0,0,"monfrague",12,10
"MedScrub",121317,0,0,"monfrague",12,10
"Reforestation",22719,0,0,"monfrague",12,10
"RipF",1179,0,0,"monfrague",12,10
"RockScreeVeg",16028,0,0,"monfrague",12,10
"SMedMarF",6002,0,0,"monfrague",12,10
"Shrub",13653,0,0,"monfrague",12,10
"WaterSurf",15572,0,0,"monfrague",12,10
"ArtSurf",2849,0,0,"monfrague",12,11
"Crop",1332,0,0,"monfrague",12,11
"Dehesa",17271,0,0,"monfrague",12,11
"Grass",5942,0,0,"monfrague",12,11
"HydroRipVeg",2264,0,0,"monfrague",12,11
"MedSclF",34504,0,0,"monfrague",12,11
"MedScrub",121317,0,0,"monfrague",12,11
"Reforestation",22719,0,0,"monfrague",12,11
"RipF",1179,0,0,"monfrague",12,11
"RockScreeVeg",16028,0,0,"monfrague",12,11
"SMedMarF",6002,0,0,"monfrague",12,11
"Shrub",13653,0,0,"monfrague",12,11
"WaterSurf",15572,0,0,"monfrague",12,11
"ArtSurf",2849,0,0,"monfrague",12,12
"Crop",1332,0,0,"monfrague",12,12
"Dehesa",17271,0,0,"monfrague",12,12
"Grass",5942,0,0,"monfrague",12,12
"HydroRipVeg",2264,0,0,"monfrague",12,12
"MedSclF",34504,0,0,"monfrague",12,12
"MedScrub",121317,0,0,"monfrague",12,12
"Reforestation",22719,0,0,"monfrague",12,12
"RipF",1179,0,0,"monfrague",12,12
"RockScreeVeg",16028,0,0,"monfrague",12,12
"SMedMarF",6002,0,0,"monfrague",12,12
"Shrub",13653,0,0,"monfrague",12,12
"WaterSurf",15572,0,0,"monfrague",12,12
"AlpConF",27586,0,0,"ordesa",1,1
"AlpScrGr",100261,0,0,"ordesa",1,1
"ArtSurf",26,0,0,"ordesa",1,1
"BareArea",3,0,0,"ordesa",1,1
"Grass",21109,0,0,"ordesa",1,1
"HydroRipVeg",204,0,0,"ordesa",1,1
"MedSclF",4221,0,0,"ordesa",1,1
"RipF",860,0,0,"ordesa",1,1
"RockScreeVeg",8836,0,0,"ordesa",1,1
"SMedMarF",1656,0,0,"ordesa",1,1
"Shrub",7570,0,0,"ordesa",1,1
"TempDecF",20036,0,0,"ordesa",1,1
"WaterSurf",20,0,0,"ordesa",1,1
"AlpConF",27603,0,0,"ordesa",1,2
"AlpScrGr",102251,0,0,"ordesa",1,2
"ArtSurf",26,0,0,"ordesa",1,2
"BareArea",203,0,0,"ordesa",1,2
"Grass",21113,0,0,"ordesa",1,2
"HydroRipVeg",214,0,0,"ordesa",1,2
"MedSclF",4236,0,0,"ordesa",1,2
"RipF",860,0,0,"ordesa",1,2
"RockScreeVeg",13046,0,0,"ordesa",1,2
"SMedMarF",1671,0,0,"ordesa",1,2
"Shrub",7575,0,0,"ordesa",1,2
"TempDecF",20084,0,0,"ordesa",1,2
"WaterSurf",68,0,0,"ordesa",1,2
"AlpConF",27618,0,0,"ordesa",1,3
"AlpScrGr",101805,0,0,"ordesa",1,3
"ArtSurf",26,0,0,"ordesa",1,3
"BareArea",493,0,0,"ordesa",1,3
"Grass",21113,0,0,"ordesa",1,3
"HydroRipVeg",207,0,0,"ordesa",1,3
"MedSclF",4251,0,0,"ordesa",1,3
"RipF",860,0,0,"ordesa",1,3
"RockScreeVeg",11546,0,0,"ordesa",1,3
"SMedMarF",1671,0,0,"ordesa",1,3
"Shrub",7598,0,0,"ordesa",1,3
"TempDecF",20202,0,0,"ordesa",1,3
"WaterSurf",32,0,0,"ordesa",1,3
"AlpConF",27612,0,0,"ordesa",1,4
"AlpScrGr",99996,0,0,"ordesa",1,4
"ArtSurf",26,0,0,"ordesa",1,4
"Grass",21111,0,0,"ordesa",1,4
"HydroRipVeg",204,0,0,"ordesa",1,4
"MedSclF",4251,0,0,"ordesa",1,4
"RipF",860,0,0,"ordesa",1,4
"RockScreeVeg",8573,0,0,"ordesa",1,4
"SMedMarF",1671,0,0,"ordesa",1,4
"Shrub",7601,0,0,"ordesa",1,4
"TempDecF",20198,0,0,"ordesa",1,4
"WaterSurf",20,0,0,"ordesa",1,4
"AlpConF",28066,0,0,"ordesa",1,5
"AlpScrGr",98680,0,0,"ordesa",1,5
"ArtSurf",26,0,0,"ordesa",1,5
"Grass",21108,0,0,"ordesa",1,5
"HydroRipVeg",154,0,0,"ordesa",1,5
"MedSclF",4268,0,0,"ordesa",1,5
"RipF",865,0,0,"ordesa",1,5
"RockScreeVeg",8425,0,0,"ordesa",1,5
"SMedMarF",1749,0,0,"ordesa",1,5
"Shrub",7687,0,0,"ordesa",1,5
"TempDecF",20584,0,0,"ordesa",1,5
"WaterSurf",20,0,0,"ordesa",1,5
"AlpConF",28021,0,0,"ordesa",1,6
"AlpScrGr",100050,0,0,"ordesa",1,6
"ArtSurf",26,0,0,"ordesa",1,6
"Grass",21113,0,0,"ordesa",1,6
"HydroRipVeg",204,0,0,"ordesa",1,6
"MedSclF",4300,0,0,"ordesa",1,6
"RipF",866,0,0,"ordesa",1,6
"RockScreeVeg",8576,0,0,"ordesa",1,6
"SMedMarF",1746,0,0,"ordesa",1,6
"Shrub",7723,0,0,"ordesa",1,6
"TempDecF",20580,0,0,"ordesa",1,6
"WaterSurf",20,0,0,"ordesa",1,6
"AlpConF",28948,0,0,"ordesa",1,7
"AlpScrGr",104262,0,0,"ordesa",1,7
"ArtSurf",26,0,0,"ordesa",1,7
"Grass",21154,0,0,"ordesa",1,7
"HydroRipVeg",233,0,0,"ordesa",1,7
"MedSclF",4301,0,0,"ordesa",1,7
"RipF",874,0,0,"ordesa",1,7
"RockScreeVeg",9863,0,0,"ordesa",1,7
"SMedMarF",1812,0,0,"ordesa",1,7
"Shrub",7815,0,0,"ordesa",1,7
"TempDecF",21294,0,0,"ordesa",1,7
"WaterSurf",20,0,0,"ordesa",1,7
"AlpConF",28937,0,0,"ordesa",1,8
"AlpScrGr",104944,0,0,"ordesa",1,8
"ArtSurf",26,0,0,"ordesa",1,8
"Grass",21154,0,0,"ordesa",1,8
"HydroRipVeg",263,0,0,"ordesa",1,8
"MedSclF",4300,0,0,"ordesa",1,8
"RipF",874,0,0,"ordesa",1,8
"RockScreeVeg",11345,0,0,"ordesa",1,8
"SMedMarF",1810,0,0,"ordesa",1,8
"Shrub",7807,0,0,"ordesa",1,8
"TempDecF",21266,0,0,"ordesa",1,8
"WaterSurf",115,0,0,"ordesa",1,8
"AlpConF",28538,0,0,"ordesa",1,9
"AlpScrGr",105456,0,0,"ordesa",1,9
"ArtSurf",26,0,0,"ordesa",1,9
"Grass",21154,0,0,"ordesa",1,9
"HydroRipVeg",269,0,0,"ordesa",1,9
"MedSclF",4283,0,0,"ordesa",1,9
"RipF",870,0,0,"ordesa",1,9
"RockScreeVeg",11379,0,0,"ordesa",1,9
"SMedMarF",1757,0,0,"ordesa",1,9
"Shrub",7719,0,0,"ordesa",1,9
"TempDecF",20868,0,0,"ordesa",1,9
"WaterSurf",89,0,0,"ordesa",1,9
"AlpConF",27643,0,0,"ordesa",1,10
"AlpScrGr",100960,0,0,"ordesa",1,10
"ArtSurf",26,0,0,"ordesa",1,10
"Grass",21116,0,0,"ordesa",1,10
"HydroRipVeg",204,0,0,"ordesa",1,10
"MedSclF",4251,0,0,"ordesa",1,10
"RipF",860,0,0,"ordesa",1,10
"RockScreeVeg",8803,0,0,"ordesa",1,10
"SMedMarF",1672,0,0,"ordesa",1,10
"Shrub",7599,0,0,"ordesa",1,10
"TempDecF",20208,0,0,"ordesa",1,10
"WaterSurf",20,0,0,"ordesa",1,10
"AlpConF",27604,0,0,"ordesa",1,11
"AlpScrGr",100100,0,0,"ordesa",1,11
"ArtSurf",26,0,0,"ordesa",1,11
"BareArea",2,0,0,"ordesa",1,11
"Grass",21102,0,0,"ordesa",1,11
"HydroRipVeg",204,0,0,"ordesa",1,11
"MedSclF",4249,0,0,"ordesa",1,11
"RipF",860,0,0,"ordesa",1,11
"RockScreeVeg",8649,0,0,"ordesa",1,11
"SMedMarF",1645,0,0,"ordesa",1,11
"Shrub",7577,0,0,"ordesa",1,11
"TempDecF",20167,0,0,"ordesa",1,11
"WaterSurf",20,0,0,"ordesa",1,11
"AlpConF",27351,0,0,"ordesa",1,12
"AlpScrGr",99970,0,0,"ordesa",1,12
"ArtSurf",26,0,0,"ordesa",1,12
"Grass",21101,0,0,"ordesa",1,12
"HydroRipVeg",204,0,0,"ordesa",1,12
"MedSclF",4190,0,0,"ordesa",1,12
"RipF",854,0,0,"ordesa",1,12
"RockScreeVeg",8568,0,0,"ordesa",1,12
"SMedMarF",1625,0,0,"ordesa",1,12
"Shrub",7507,0,0,"ordesa",1,12
"TempDecF",19766,0,0,"ordesa",1,12
"WaterSurf",20,0,0,"ordesa",1,12
"AlpConF",27586,0,0,"ordesa",3,1
"AlpScrGr",100261,0,0,"ordesa",3,1
"ArtSurf",26,0,0,"ordesa",3,1
"BareArea",3,0,0,"ordesa",3,1
"Grass",21109,0,0,"ordesa",3,1
"HydroRipVeg",204,0,0,"ordesa",3,1
"MedSclF",4221,0,0,"ordesa",3,1
"RipF",860,0,0,"ordesa",3,1
"RockScreeVeg",8836,0,0,"ordesa",3,1
"SMedMarF",1656,0,0,"ordesa",3,1
"Shrub",7570,0,0,"ordesa",3,1
"TempDecF",20036,0,0,"ordesa",3,1
"WaterSurf",20,0,0,"ordesa",3,1
"AlpConF",27603,0,0,"ordesa",3,2
"AlpScrGr",102251,4,0,"ordesa",3,2
"ArtSurf",26,0,0,"ordesa",3,2
"BareArea",203,0,0,"ordesa",3,2
"Grass",21113,0,0,"ordesa",3,2
"HydroRipVeg",214,0,0,"ordesa",3,2
"MedSclF",4236,0,0,"ordesa",3,2
"RipF",860,0,0,"ordesa",3,2
"RockScreeVeg",13046,0,0,"ordesa",3,2
"SMedMarF",1671,0,0,"ordesa",3,2
"Shrub",7575,0,0,"ordesa",3,2
"TempDecF",20084,0,0,"ordesa",3,2
"WaterSurf",68,0,0,"ordesa",3,2
"AlpConF",27618,0,0,"ordesa",3,3
"AlpScrGr",101805,0,0,"ordesa",3,3
"ArtSurf",26,0,0,"ordesa",3,3
"BareArea",493,0,0,"ordesa",3,3
"Grass",21113,0,0,"ordesa",3,3
"HydroRipVeg",207,0,0,"ordesa",3,3
"MedSclF",4251,0,0,"ordesa",3,3
"RipF",860,0,0,"ordesa",3,3
"RockScreeVeg",11546,0,0,"ordesa",3,3
"SMedMarF",1671,0,0,"ordesa",3,3
"Shrub",7598,0,0,"ordesa",3,3
"TempDecF",20202,0,0,"ordesa",3,3
"WaterSurf",32,0,0,"ordesa",3,3
"AlpConF",27612,0,0,"ordesa",3,4
"AlpScrGr",99996,0,0,"ordesa",3,4
"ArtSurf",26,0,0,"ordesa",3,4
"Grass",21111,0,0,"ordesa",3,4
"HydroRipVeg",204,0,0,"ordesa",3,4
"MedSclF",4251,0,0,"ordesa",3,4
"RipF",860,0,0,"ordesa",3,4
"RockScreeVeg",8573,2,0.02,"ordesa",3,4
"SMedMarF",1671,0,0,"ordesa",3,4
"Shrub",7601,0,0,"ordesa",3,4
"TempDecF",20198,0,0,"ordesa",3,4
"WaterSurf",20,0,0,"ordesa",3,4
"AlpConF",28066,1,0,"ordesa",3,5
"AlpScrGr",98680,7,0.01,"ordesa",3,5
"ArtSurf",26,0,0,"ordesa",3,5
"Grass",21108,0,0,"ordesa",3,5
"HydroRipVeg",154,0,0,"ordesa",3,5
"MedSclF",4268,1,0.02,"ordesa",3,5
"RipF",865,0,0,"ordesa",3,5
"RockScreeVeg",8425,0,0,"ordesa",3,5
"SMedMarF",1749,0,0,"ordesa",3,5
"Shrub",7687,0,0,"ordesa",3,5
"TempDecF",20584,0,0,"ordesa",3,5
"WaterSurf",20,0,0,"ordesa",3,5
"AlpConF",28021,0,0,"ordesa",3,6
"AlpScrGr",100050,0,0,"ordesa",3,6
"ArtSurf",26,0,0,"ordesa",3,6
"Grass",21113,0,0,"ordesa",3,6
"HydroRipVeg",204,0,0,"ordesa",3,6
"MedSclF",4300,0,0,"ordesa",3,6
"RipF",866,0,0,"ordesa",3,6
"RockScreeVeg",8576,0,0,"ordesa",3,6
"SMedMarF",1746,0,0,"ordesa",3,6
"Shrub",7723,0,0,"ordesa",3,6
"TempDecF",20580,0,0,"ordesa",3,6
"WaterSurf",20,0,0,"ordesa",3,6
"AlpConF",28948,0,0,"ordesa",3,7
"AlpScrGr",104262,0,0,"ordesa",3,7
"ArtSurf",26,0,0,"ordesa",3,7
"Grass",21154,0,0,"ordesa",3,7
"HydroRipVeg",233,0,0,"ordesa",3,7
"MedSclF",4301,0,0,"ordesa",3,7
"RipF",874,0,0,"ordesa",3,7
"RockScreeVeg",9863,0,0,"ordesa",3,7
"SMedMarF",1812,0,0,"ordesa",3,7
"Shrub",7815,0,0,"ordesa",3,7
"TempDecF",21294,0,0,"ordesa",3,7
"WaterSurf",20,0,0,"ordesa",3,7
"AlpConF",28937,0,0,"ordesa",3,8
"AlpScrGr",104944,0,0,"ordesa",3,8
"ArtSurf",26,0,0,"ordesa",3,8
"Grass",21154,0,0,"ordesa",3,8
"HydroRipVeg",263,0,0,"ordesa",3,8
"MedSclF",4300,0,0,"ordesa",3,8
"RipF",874,0,0,"ordesa",3,8
"RockScreeVeg",11345,0,0,"ordesa",3,8
"SMedMarF",1810,0,0,"ordesa",3,8
"Shrub",7807,0,0,"ordesa",3,8
"TempDecF",21266,0,0,"ordesa",3,8
"WaterSurf",115,0,0,"ordesa",3,8
"AlpConF",28538,0,0,"ordesa",3,9
"AlpScrGr",105456,0,0,"ordesa",3,9
"ArtSurf",26,0,0,"ordesa",3,9
"Grass",21154,0,0,"ordesa",3,9
"HydroRipVeg",269,0,0,"ordesa",3,9
"MedSclF",4283,0,0,"ordesa",3,9
"RipF",870,0,0,"ordesa",3,9
"RockScreeVeg",11379,0,0,"ordesa",3,9
"SMedMarF",1757,0,0,"ordesa",3,9
"Shrub",7719,0,0,"ordesa",3,9
"TempDecF",20868,0,0,"ordesa",3,9
"WaterSurf",89,0,0,"ordesa",3,9
"AlpConF",27643,0,0,"ordesa",3,10
"AlpScrGr",100960,0,0,"ordesa",3,10
"ArtSurf",26,0,0,"ordesa",3,10
"Grass",21116,0,0,"ordesa",3,10
"HydroRipVeg",204,0,0,"ordesa",3,10
"MedSclF",4251,0,0,"ordesa",3,10
"RipF",860,0,0,"ordesa",3,10
"RockScreeVeg",8803,0,0,"ordesa",3,10
"SMedMarF",1672,0,0,"ordesa",3,10
"Shrub",7599,0,0,"ordesa",3,10
"TempDecF",20208,0,0,"ordesa",3,10
"WaterSurf",20,0,0,"ordesa",3,10
"AlpConF",27604,0,0,"ordesa",3,11
"AlpScrGr",100100,0,0,"ordesa",3,11
"ArtSurf",26,0,0,"ordesa",3,11
"BareArea",2,0,0,"ordesa",3,11
"Grass",21102,0,0,"ordesa",3,11
"HydroRipVeg",204,0,0,"ordesa",3,11
"MedSclF",4249,0,0,"ordesa",3,11
"RipF",860,0,0,"ordesa",3,11
"RockScreeVeg",8649,0,0,"ordesa",3,11
"SMedMarF",1645,0,0,"ordesa",3,11
"Shrub",7577,0,0,"ordesa",3,11
"TempDecF",20167,0,0,"ordesa",3,11
"WaterSurf",20,0,0,"ordesa",3,11
"AlpConF",27351,0,0,"ordesa",3,12
"AlpScrGr",99970,2,0,"ordesa",3,12
"ArtSurf",26,0,0,"ordesa",3,12
"Grass",21101,0,0,"ordesa",3,12
"HydroRipVeg",204,0,0,"ordesa",3,12
"MedSclF",4190,0,0,"ordesa",3,12
"RipF",854,0,0,"ordesa",3,12
"RockScreeVeg",8568,0,0,"ordesa",3,12
"SMedMarF",1625,0,0,"ordesa",3,12
"Shrub",7507,0,0,"ordesa",3,12
"TempDecF",19766,0,0,"ordesa",3,12
"WaterSurf",20,0,0,"ordesa",3,12
"AlpConF",27586,4,0.01,"ordesa",6,1
"AlpScrGr",100261,0,0,"ordesa",6,1
"ArtSurf",26,0,0,"ordesa",6,1
"BareArea",3,0,0,"ordesa",6,1
"Grass",21109,0,0,"ordesa",6,1
"HydroRipVeg",204,0,0,"ordesa",6,1
"MedSclF",4221,1,0.02,"ordesa",6,1
"RipF",860,0,0,"ordesa",6,1
"RockScreeVeg",8836,0,0,"ordesa",6,1
"SMedMarF",1656,0,0,"ordesa",6,1
"Shrub",7570,1,0.01,"ordesa",6,1
"TempDecF",20036,0,0,"ordesa",6,1
"WaterSurf",20,0,0,"ordesa",6,1
"AlpConF",27603,0,0,"ordesa",6,2
"AlpScrGr",102251,0,0,"ordesa",6,2
"ArtSurf",26,0,0,"ordesa",6,2
"BareArea",203,0,0,"ordesa",6,2
"Grass",21113,0,0,"ordesa",6,2
"HydroRipVeg",214,0,0,"ordesa",6,2
"MedSclF",4236,0,0,"ordesa",6,2
"RipF",860,0,0,"ordesa",6,2
"RockScreeVeg",13046,0,0,"ordesa",6,2
"SMedMarF",1671,0,0,"ordesa",6,2
"Shrub",7575,0,0,"ordesa",6,2
"TempDecF",20084,0,0,"ordesa",6,2
"WaterSurf",68,0,0,"ordesa",6,2
"AlpConF",27618,0,0,"ordesa",6,3
"AlpScrGr",101805,0,0,"ordesa",6,3
"ArtSurf",26,0,0,"ordesa",6,3
"BareArea",493,0,0,"ordesa",6,3
"Grass",21113,0,0,"ordesa",6,3
"HydroRipVeg",207,0,0,"ordesa",6,3
"MedSclF",4251,0,0,"ordesa",6,3
"RipF",860,0,0,"ordesa",6,3
"RockScreeVeg",11546,0,0,"ordesa",6,3
"SMedMarF",1671,0,0,"ordesa",6,3
"Shrub",7598,0,0,"ordesa",6,3
"TempDecF",20202,0,0,"ordesa",6,3
"WaterSurf",32,0,0,"ordesa",6,3
"AlpConF",27612,0,0,"ordesa",6,4
"AlpScrGr",99996,0,0,"ordesa",6,4
"ArtSurf",26,0,0,"ordesa",6,4
"Grass",21111,0,0,"ordesa",6,4
"HydroRipVeg",204,0,0,"ordesa",6,4
"MedSclF",4251,0,0,"ordesa",6,4
"RipF",860,0,0,"ordesa",6,4
"RockScreeVeg",8573,0,0,"ordesa",6,4
"SMedMarF",1671,0,0,"ordesa",6,4
"Shrub",7601,0,0,"ordesa",6,4
"TempDecF",20198,0,0,"ordesa",6,4
"WaterSurf",20,0,0,"ordesa",6,4
"AlpConF",28066,0,0,"ordesa",6,5
"AlpScrGr",98680,0,0,"ordesa",6,5
"ArtSurf",26,0,0,"ordesa",6,5
"Grass",21108,0,0,"ordesa",6,5
"HydroRipVeg",154,0,0,"ordesa",6,5
"MedSclF",4268,0,0,"ordesa",6,5
"RipF",865,0,0,"ordesa",6,5
"RockScreeVeg",8425,0,0,"ordesa",6,5
"SMedMarF",1749,0,0,"ordesa",6,5
"Shrub",7687,0,0,"ordesa",6,5
"TempDecF",20584,0,0,"ordesa",6,5
"WaterSurf",20,0,0,"ordesa",6,5
"AlpConF",28021,0,0,"ordesa",6,6
"AlpScrGr",100050,0,0,"ordesa",6,6
"ArtSurf",26,0,0,"ordesa",6,6
"Grass",21113,0,0,"ordesa",6,6
"HydroRipVeg",204,0,0,"ordesa",6,6
"MedSclF",4300,0,0,"ordesa",6,6
"RipF",866,0,0,"ordesa",6,6
"RockScreeVeg",8576,0,0,"ordesa",6,6
"SMedMarF",1746,0,0,"ordesa",6,6
"Shrub",7723,0,0,"ordesa",6,6
"TempDecF",20580,0,0,"ordesa",6,6
"WaterSurf",20,0,0,"ordesa",6,6
"AlpConF",28948,0,0,"ordesa",6,7
"AlpScrGr",104262,2,0,"ordesa",6,7
"ArtSurf",26,0,0,"ordesa",6,7
"Grass",21154,0,0,"ordesa",6,7
"HydroRipVeg",233,0,0,"ordesa",6,7
"MedSclF",4301,0,0,"ordesa",6,7
"RipF",874,0,0,"ordesa",6,7
"RockScreeVeg",9863,0,0,"ordesa",6,7
"SMedMarF",1812,0,0,"ordesa",6,7
"Shrub",7815,0,0,"ordesa",6,7
"TempDecF",21294,0,0,"ordesa",6,7
"WaterSurf",20,0,0,"ordesa",6,7
"AlpConF",28937,0,0,"ordesa",6,8
"AlpScrGr",104944,0,0,"ordesa",6,8
"ArtSurf",26,0,0,"ordesa",6,8
"Grass",21154,0,0,"ordesa",6,8
"HydroRipVeg",263,0,0,"ordesa",6,8
"MedSclF",4300,0,0,"ordesa",6,8
"RipF",874,0,0,"ordesa",6,8
"RockScreeVeg",11345,0,0,"ordesa",6,8
"SMedMarF",1810,0,0,"ordesa",6,8
"Shrub",7807,0,0,"ordesa",6,8
"TempDecF",21266,0,0,"ordesa",6,8
"WaterSurf",115,0,0,"ordesa",6,8
"AlpConF",28538,0,0,"ordesa",6,9
"AlpScrGr",105456,0,0,"ordesa",6,9
"ArtSurf",26,0,0,"ordesa",6,9
"Grass",21154,0,0,"ordesa",6,9
"HydroRipVeg",269,0,0,"ordesa",6,9
"MedSclF",4283,0,0,"ordesa",6,9
"RipF",870,0,0,"ordesa",6,9
"RockScreeVeg",11379,0,0,"ordesa",6,9
"SMedMarF",1757,0,0,"ordesa",6,9
"Shrub",7719,0,0,"ordesa",6,9
"TempDecF",20868,0,0,"ordesa",6,9
"WaterSurf",89,0,0,"ordesa",6,9
"AlpConF",27643,0,0,"ordesa",6,10
"AlpScrGr",100960,0,0,"ordesa",6,10
"ArtSurf",26,0,0,"ordesa",6,10
"Grass",21116,0,0,"ordesa",6,10
"HydroRipVeg",204,0,0,"ordesa",6,10
"MedSclF",4251,0,0,"ordesa",6,10
"RipF",860,0,0,"ordesa",6,10
"RockScreeVeg",8803,0,0,"ordesa",6,10
"SMedMarF",1672,0,0,"ordesa",6,10
"Shrub",7599,0,0,"ordesa",6,10
"TempDecF",20208,0,0,"ordesa",6,10
"WaterSurf",20,0,0,"ordesa",6,10
"AlpConF",27604,0,0,"ordesa",6,11
"AlpScrGr",100100,0,0,"ordesa",6,11
"ArtSurf",26,0,0,"ordesa",6,11
"BareArea",2,0,0,"ordesa",6,11
"Grass",21102,0,0,"ordesa",6,11
"HydroRipVeg",204,0,0,"ordesa",6,11
"MedSclF",4249,0,0,"ordesa",6,11
"RipF",860,0,0,"ordesa",6,11
"RockScreeVeg",8649,0,0,"ordesa",6,11
"SMedMarF",1645,0,0,"ordesa",6,11
"Shrub",7577,0,0,"ordesa",6,11
"TempDecF",20167,0,0,"ordesa",6,11
"WaterSurf",20,0,0,"ordesa",6,11
"AlpConF",27351,1,0,"ordesa",6,12
"AlpScrGr",99970,1,0,"ordesa",6,12
"ArtSurf",26,0,0,"ordesa",6,12
"Grass",21101,0,0,"ordesa",6,12
"HydroRipVeg",204,0,0,"ordesa",6,12
"MedSclF",4190,0,0,"ordesa",6,12
"RipF",854,0,0,"ordesa",6,12
"RockScreeVeg",8568,0,0,"ordesa",6,12
"SMedMarF",1625,0,0,"ordesa",6,12
"Shrub",7507,0,0,"ordesa",6,12
"TempDecF",19766,0,0,"ordesa",6,12
"WaterSurf",20,0,0,"ordesa",6,12
"AlpConF",27586,0,0,"ordesa",9,1
"AlpScrGr",100261,0,0,"ordesa",9,1
"ArtSurf",26,0,0,"ordesa",9,1
"BareArea",3,0,0,"ordesa",9,1
"Grass",21109,0,0,"ordesa",9,1
"HydroRipVeg",204,0,0,"ordesa",9,1
"MedSclF",4221,0,0,"ordesa",9,1
"RipF",860,0,0,"ordesa",9,1
"RockScreeVeg",8836,0,0,"ordesa",9,1
"SMedMarF",1656,0,0,"ordesa",9,1
"Shrub",7570,0,0,"ordesa",9,1
"TempDecF",20036,0,0,"ordesa",9,1
"WaterSurf",20,0,0,"ordesa",9,1
"AlpConF",27603,0,0,"ordesa",9,2
"AlpScrGr",102251,0,0,"ordesa",9,2
"ArtSurf",26,0,0,"ordesa",9,2
"BareArea",203,0,0,"ordesa",9,2
"Grass",21113,0,0,"ordesa",9,2
"HydroRipVeg",214,0,0,"ordesa",9,2
"MedSclF",4236,0,0,"ordesa",9,2
"RipF",860,0,0,"ordesa",9,2
"RockScreeVeg",13046,0,0,"ordesa",9,2
"SMedMarF",1671,0,0,"ordesa",9,2
"Shrub",7575,0,0,"ordesa",9,2
"TempDecF",20084,0,0,"ordesa",9,2
"WaterSurf",68,0,0,"ordesa",9,2
"AlpConF",27618,0,0,"ordesa",9,3
"AlpScrGr",101805,0,0,"ordesa",9,3
"ArtSurf",26,0,0,"ordesa",9,3
"BareArea",493,0,0,"ordesa",9,3
"Grass",21113,0,0,"ordesa",9,3
"HydroRipVeg",207,0,0,"ordesa",9,3
"MedSclF",4251,0,0,"ordesa",9,3
"RipF",860,0,0,"ordesa",9,3
"RockScreeVeg",11546,0,0,"ordesa",9,3
"SMedMarF",1671,0,0,"ordesa",9,3
"Shrub",7598,0,0,"ordesa",9,3
"TempDecF",20202,0,0,"ordesa",9,3
"WaterSurf",32,0,0,"ordesa",9,3
"AlpConF",27612,0,0,"ordesa",9,4
"AlpScrGr",99996,0,0,"ordesa",9,4
"ArtSurf",26,0,0,"ordesa",9,4
"Grass",21111,0,0,"ordesa",9,4
"HydroRipVeg",204,0,0,"ordesa",9,4
"MedSclF",4251,0,0,"ordesa",9,4
"RipF",860,0,0,"ordesa",9,4
"RockScreeVeg",8573,0,0,"ordesa",9,4
"SMedMarF",1671,0,0,"ordesa",9,4
"Shrub",7601,0,0,"ordesa",9,4
"TempDecF",20198,0,0,"ordesa",9,4
"WaterSurf",20,0,0,"ordesa",9,4
"AlpConF",28066,0,0,"ordesa",9,5
"AlpScrGr",98680,0,0,"ordesa",9,5
"ArtSurf",26,0,0,"ordesa",9,5
"Grass",21108,0,0,"ordesa",9,5
"HydroRipVeg",154,0,0,"ordesa",9,5
"MedSclF",4268,0,0,"ordesa",9,5
"RipF",865,0,0,"ordesa",9,5
"RockScreeVeg",8425,0,0,"ordesa",9,5
"SMedMarF",1749,0,0,"ordesa",9,5
"Shrub",7687,0,0,"ordesa",9,5
"TempDecF",20584,0,0,"ordesa",9,5
"WaterSurf",20,0,0,"ordesa",9,5
"AlpConF",28021,0,0,"ordesa",9,6
"AlpScrGr",100050,0,0,"ordesa",9,6
"ArtSurf",26,0,0,"ordesa",9,6
"Grass",21113,0,0,"ordesa",9,6
"HydroRipVeg",204,0,0,"ordesa",9,6
"MedSclF",4300,0,0,"ordesa",9,6
"RipF",866,0,0,"ordesa",9,6
"RockScreeVeg",8576,0,0,"ordesa",9,6
"SMedMarF",1746,0,0,"ordesa",9,6
"Shrub",7723,0,0,"ordesa",9,6
"TempDecF",20580,0,0,"ordesa",9,6
"WaterSurf",20,0,0,"ordesa",9,6
"AlpConF",28948,0,0,"ordesa",9,7
"AlpScrGr",104262,3,0,"ordesa",9,7
"ArtSurf",26,0,0,"ordesa",9,7
"Grass",21154,0,0,"ordesa",9,7
"HydroRipVeg",233,0,0,"ordesa",9,7
"MedSclF",4301,0,0,"ordesa",9,7
"RipF",874,0,0,"ordesa",9,7
"RockScreeVeg",9863,0,0,"ordesa",9,7
"SMedMarF",1812,0,0,"ordesa",9,7
"Shrub",7815,0,0,"ordesa",9,7
"TempDecF",21294,0,0,"ordesa",9,7
"WaterSurf",20,0,0,"ordesa",9,7
"AlpConF",28937,0,0,"ordesa",9,8
"AlpScrGr",104944,0,0,"ordesa",9,8
"ArtSurf",26,0,0,"ordesa",9,8
"Grass",21154,0,0,"ordesa",9,8
"HydroRipVeg",263,0,0,"ordesa",9,8
"MedSclF",4300,0,0,"ordesa",9,8
"RipF",874,0,0,"ordesa",9,8
"RockScreeVeg",11345,0,0,"ordesa",9,8
"SMedMarF",1810,0,0,"ordesa",9,8
"Shrub",7807,0,0,"ordesa",9,8
"TempDecF",21266,0,0,"ordesa",9,8
"WaterSurf",115,0,0,"ordesa",9,8
"AlpConF",28538,0,0,"ordesa",9,9
"AlpScrGr",105456,0,0,"ordesa",9,9
"ArtSurf",26,0,0,"ordesa",9,9
"Grass",21154,0,0,"ordesa",9,9
"HydroRipVeg",269,0,0,"ordesa",9,9
"MedSclF",4283,0,0,"ordesa",9,9
"RipF",870,0,0,"ordesa",9,9
"RockScreeVeg",11379,0,0,"ordesa",9,9
"SMedMarF",1757,0,0,"ordesa",9,9
"Shrub",7719,0,0,"ordesa",9,9
"TempDecF",20868,0,0,"ordesa",9,9
"WaterSurf",89,0,0,"ordesa",9,9
"AlpConF",27643,0,0,"ordesa",9,10
"AlpScrGr",100960,0,0,"ordesa",9,10
"ArtSurf",26,0,0,"ordesa",9,10
"Grass",21116,0,0,"ordesa",9,10
"HydroRipVeg",204,0,0,"ordesa",9,10
"MedSclF",4251,0,0,"ordesa",9,10
"RipF",860,0,0,"ordesa",9,10
"RockScreeVeg",8803,0,0,"ordesa",9,10
"SMedMarF",1672,0,0,"ordesa",9,10
"Shrub",7599,0,0,"ordesa",9,10
"TempDecF",20208,0,0,"ordesa",9,10
"WaterSurf",20,0,0,"ordesa",9,10
"AlpConF",27604,0,0,"ordesa",9,11
"AlpScrGr",100100,0,0,"ordesa",9,11
"ArtSurf",26,0,0,"ordesa",9,11
"BareArea",2,0,0,"ordesa",9,11
"Grass",21102,0,0,"ordesa",9,11
"HydroRipVeg",204,0,0,"ordesa",9,11
"MedSclF",4249,0,0,"ordesa",9,11
"RipF",860,0,0,"ordesa",9,11
"RockScreeVeg",8649,0,0,"ordesa",9,11
"SMedMarF",1645,0,0,"ordesa",9,11
"Shrub",7577,0,0,"ordesa",9,11
"TempDecF",20167,0,0,"ordesa",9,11
"WaterSurf",20,0,0,"ordesa",9,11
"AlpConF",27351,0,0,"ordesa",9,12
"AlpScrGr",99970,0,0,"ordesa",9,12
"ArtSurf",26,0,0,"ordesa",9,12
"Grass",21101,0,0,"ordesa",9,12
"HydroRipVeg",204,0,0,"ordesa",9,12
"MedSclF",4190,0,0,"ordesa",9,12
"RipF",854,0,0,"ordesa",9,12
"RockScreeVeg",8568,0,0,"ordesa",9,12
"SMedMarF",1625,0,0,"ordesa",9,12
"Shrub",7507,0,0,"ordesa",9,12
"TempDecF",19766,0,0,"ordesa",9,12
"WaterSurf",20,0,0,"ordesa",9,12
"AlpConF",27586,0,0,"ordesa",12,1
"AlpScrGr",100261,0,0,"ordesa",12,1
"ArtSurf",26,0,0,"ordesa",12,1
"BareArea",3,0,0,"ordesa",12,1
"Grass",21109,0,0,"ordesa",12,1
"HydroRipVeg",204,0,0,"ordesa",12,1
"MedSclF",4221,0,0,"ordesa",12,1
"RipF",860,0,0,"ordesa",12,1
"RockScreeVeg",8836,0,0,"ordesa",12,1
"SMedMarF",1656,0,0,"ordesa",12,1
"Shrub",7570,0,0,"ordesa",12,1
"TempDecF",20036,0,0,"ordesa",12,1
"WaterSurf",20,0,0,"ordesa",12,1
"AlpConF",27603,0,0,"ordesa",12,2
"AlpScrGr",102251,0,0,"ordesa",12,2
"ArtSurf",26,0,0,"ordesa",12,2
"BareArea",203,0,0,"ordesa",12,2
"Grass",21113,0,0,"ordesa",12,2
"HydroRipVeg",214,0,0,"ordesa",12,2
"MedSclF",4236,0,0,"ordesa",12,2
"RipF",860,0,0,"ordesa",12,2
"RockScreeVeg",13046,0,0,"ordesa",12,2
"SMedMarF",1671,0,0,"ordesa",12,2
"Shrub",7575,0,0,"ordesa",12,2
"TempDecF",20084,0,0,"ordesa",12,2
"WaterSurf",68,0,0,"ordesa",12,2
"AlpConF",27618,0,0,"ordesa",12,3
"AlpScrGr",101805,0,0,"ordesa",12,3
"ArtSurf",26,0,0,"ordesa",12,3
"BareArea",493,0,0,"ordesa",12,3
"Grass",21113,0,0,"ordesa",12,3
"HydroRipVeg",207,0,0,"ordesa",12,3
"MedSclF",4251,0,0,"ordesa",12,3
"RipF",860,0,0,"ordesa",12,3
"RockScreeVeg",11546,0,0,"ordesa",12,3
"SMedMarF",1671,0,0,"ordesa",12,3
"Shrub",7598,0,0,"ordesa",12,3
"TempDecF",20202,0,0,"ordesa",12,3
"WaterSurf",32,0,0,"ordesa",12,3
"AlpConF",27612,0,0,"ordesa",12,4
"AlpScrGr",99996,0,0,"ordesa",12,4
"ArtSurf",26,0,0,"ordesa",12,4
"Grass",21111,0,0,"ordesa",12,4
"HydroRipVeg",204,0,0,"ordesa",12,4
"MedSclF",4251,0,0,"ordesa",12,4
"RipF",860,0,0,"ordesa",12,4
"RockScreeVeg",8573,0,0,"ordesa",12,4
"SMedMarF",1671,0,0,"ordesa",12,4
"Shrub",7601,0,0,"ordesa",12,4
"TempDecF",20198,0,0,"ordesa",12,4
"WaterSurf",20,0,0,"ordesa",12,4
"AlpConF",28066,0,0,"ordesa",12,5
"AlpScrGr",98680,0,0,"ordesa",12,5
"ArtSurf",26,0,0,"ordesa",12,5
"Grass",21108,0,0,"ordesa",12,5
"HydroRipVeg",154,0,0,"ordesa",12,5
"MedSclF",4268,0,0,"ordesa",12,5
"RipF",865,0,0,"ordesa",12,5
"RockScreeVeg",8425,0,0,"ordesa",12,5
"SMedMarF",1749,0,0,"ordesa",12,5
"Shrub",7687,0,0,"ordesa",12,5
"TempDecF",20584,0,0,"ordesa",12,5
"WaterSurf",20,0,0,"ordesa",12,5
"AlpConF",28021,0,0,"ordesa",12,6
"AlpScrGr",100050,0,0,"ordesa",12,6
"ArtSurf",26,0,0,"ordesa",12,6
"Grass",21113,0,0,"ordesa",12,6
"HydroRipVeg",204,0,0,"ordesa",12,6
"MedSclF",4300,0,0,"ordesa",12,6
"RipF",866,0,0,"ordesa",12,6
"RockScreeVeg",8576,0,0,"ordesa",12,6
"SMedMarF",1746,0,0,"ordesa",12,6
"Shrub",7723,0,0,"ordesa",12,6
"TempDecF",20580,0,0,"ordesa",12,6
"WaterSurf",20,0,0,"ordesa",12,6
"AlpConF",28948,0,0,"ordesa",12,7
"AlpScrGr",104262,0,0,"ordesa",12,7
"ArtSurf",26,0,0,"ordesa",12,7
"Grass",21154,0,0,"ordesa",12,7
"HydroRipVeg",233,0,0,"ordesa",12,7
"MedSclF",4301,0,0,"ordesa",12,7
"RipF",874,0,0,"ordesa",12,7
"RockScreeVeg",9863,0,0,"ordesa",12,7
"SMedMarF",1812,0,0,"ordesa",12,7
"Shrub",7815,0,0,"ordesa",12,7
"TempDecF",21294,0,0,"ordesa",12,7
"WaterSurf",20,0,0,"ordesa",12,7
"AlpConF",28937,0,0,"ordesa",12,8
"AlpScrGr",104944,0,0,"ordesa",12,8
"ArtSurf",26,0,0,"ordesa",12,8
"Grass",21154,0,0,"ordesa",12,8
"HydroRipVeg",263,0,0,"ordesa",12,8
"MedSclF",4300,0,0,"ordesa",12,8
"RipF",874,0,0,"ordesa",12,8
"RockScreeVeg",11345,0,0,"ordesa",12,8
"SMedMarF",1810,0,0,"ordesa",12,8
"Shrub",7807,0,0,"ordesa",12,8
"TempDecF",21266,0,0,"ordesa",12,8
"WaterSurf",115,0,0,"ordesa",12,8
"AlpConF",28538,0,0,"ordesa",12,9
"AlpScrGr",105456,0,0,"ordesa",12,9
"ArtSurf",26,0,0,"ordesa",12,9
"Grass",21154,0,0,"ordesa",12,9
"HydroRipVeg",269,0,0,"ordesa",12,9
"MedSclF",4283,0,0,"ordesa",12,9
"RipF",870,0,0,"ordesa",12,9
"RockScreeVeg",11379,0,0,"ordesa",12,9
"SMedMarF",1757,0,0,"ordesa",12,9
"Shrub",7719,0,0,"ordesa",12,9
"TempDecF",20868,0,0,"ordesa",12,9
"WaterSurf",89,0,0,"ordesa",12,9
"AlpConF",27643,0,0,"ordesa",12,10
"AlpScrGr",100960,0,0,"ordesa",12,10
"ArtSurf",26,0,0,"ordesa",12,10
"Grass",21116,0,0,"ordesa",12,10
"HydroRipVeg",204,0,0,"ordesa",12,10
"MedSclF",4251,0,0,"ordesa",12,10
"RipF",860,0,0,"ordesa",12,10
"RockScreeVeg",8803,0,0,"ordesa",12,10
"SMedMarF",1672,0,0,"ordesa",12,10
"Shrub",7599,0,0,"ordesa",12,10
"TempDecF",20208,0,0,"ordesa",12,10
"WaterSurf",20,0,0,"ordesa",12,10
"AlpConF",27604,0,0,"ordesa",12,11
"AlpScrGr",100100,0,0,"ordesa",12,11
"ArtSurf",26,0,0,"ordesa",12,11
"BareArea",2,0,0,"ordesa",12,11
"Grass",21102,0,0,"ordesa",12,11
"HydroRipVeg",204,0,0,"ordesa",12,11
"MedSclF",4249,0,0,"ordesa",12,11
"RipF",860,0,0,"ordesa",12,11
"RockScreeVeg",8649,0,0,"ordesa",12,11
"SMedMarF",1645,0,0,"ordesa",12,11
"Shrub",7577,0,0,"ordesa",12,11
"TempDecF",20167,0,0,"ordesa",12,11
"WaterSurf",20,0,0,"ordesa",12,11
"AlpConF",27351,0,0,"ordesa",12,12
"AlpScrGr",99970,0,0,"ordesa",12,12
"ArtSurf",26,0,0,"ordesa",12,12
"Grass",21101,0,0,"ordesa",12,12
"HydroRipVeg",204,0,0,"ordesa",12,12
"MedSclF",4190,0,0,"ordesa",12,12
"RipF",854,0,0,"ordesa",12,12
"RockScreeVeg",8568,0,0,"ordesa",12,12
"SMedMarF",1625,0,0,"ordesa",12,12
"Shrub",7507,0,0,"ordesa",12,12
"TempDecF",19766,0,0,"ordesa",12,12
"WaterSurf",20,0,0,"ordesa",12,12
"AlpScrGr",483629,0,0,"picoseuropa",1,1
"ArtSurf",2496,0,0,"picoseuropa",1,1
"AtlScrub",36465,0,0,"picoseuropa",1,1
"Crop",230,0,0,"picoseuropa",1,1
"Dehesa",60,0,0,"picoseuropa",1,1
"Grass",143161,0,0,"picoseuropa",1,1
"HydroRipVeg",808,0,0,"picoseuropa",1,1
"MedSclF",4576,0,0,"picoseuropa",1,1
"MedScrub",14993,0,0,"picoseuropa",1,1
"Reforestation",1264,0,0,"picoseuropa",1,1
"RipF",952,0,0,"picoseuropa",1,1
"RockScreeVeg",1117,0,0,"picoseuropa",1,1
"SMedMarF",8457,0,0,"picoseuropa",1,1
"Shrub",1579,0,0,"picoseuropa",1,1
"TempDecF",253477,0,0,"picoseuropa",1,1
"WaterSurf",715,0,0,"picoseuropa",1,1
"AlpScrGr",487132,1136,0.23,"picoseuropa",1,2
"ArtSurf",2509,0,0,"picoseuropa",1,2
"AtlScrub",36902,7,0.02,"picoseuropa",1,2
"Crop",230,0,0,"picoseuropa",1,2
"Dehesa",71,0,0,"picoseuropa",1,2
"Grass",144344,72,0.05,"picoseuropa",1,2
"HydroRipVeg",811,0,0,"picoseuropa",1,2
"MedSclF",5374,101,1.88,"picoseuropa",1,2
"MedScrub",15105,10,0.07,"picoseuropa",1,2
"Reforestation",1269,3,0.24,"picoseuropa",1,2
"RipF",953,0,0,"picoseuropa",1,2
"RockScreeVeg",1134,6,0.53,"picoseuropa",1,2
"SMedMarF",8552,0,0,"picoseuropa",1,2
"Shrub",1597,0,0,"picoseuropa",1,2
"TempDecF",256029,58,0.02,"picoseuropa",1,2
"WaterSurf",737,0,0,"picoseuropa",1,2
"AlpScrGr",487768,0,0,"picoseuropa",1,3
"ArtSurf",2510,0,0,"picoseuropa",1,3
"AtlScrub",36927,0,0,"picoseuropa",1,3
"Crop",230,0,0,"picoseuropa",1,3
"Dehesa",71,0,0,"picoseuropa",1,3
"Grass",144481,0,0,"picoseuropa",1,3
"HydroRipVeg",811,0,0,"picoseuropa",1,3
"MedSclF",5590,0,0,"picoseuropa",1,3
"MedScrub",15115,0,0,"picoseuropa",1,3
"Reforestation",1269,0,0,"picoseuropa",1,3
"RipF",953,0,0,"picoseuropa",1,3
"RockScreeVeg",1135,0,0,"picoseuropa",1,3
"SMedMarF",8558,0,0,"picoseuropa",1,3
"Shrub",1599,0,0,"picoseuropa",1,3
"TempDecF",256357,0,0,"picoseuropa",1,3
"WaterSurf",760,0,0,"picoseuropa",1,3
"AlpScrGr",487876,0,0,"picoseuropa",1,4
"ArtSurf",2511,0,0,"picoseuropa",1,4
"AtlScrub",36929,0,0,"picoseuropa",1,4
"Crop",230,0,0,"picoseuropa",1,4
"Dehesa",71,0,0,"picoseuropa",1,4
"Grass",144505,0,0,"picoseuropa",1,4
"HydroRipVeg",811,0,0,"picoseuropa",1,4
"MedSclF",5591,0,0,"picoseuropa",1,4
"MedScrub",15118,0,0,"picoseuropa",1,4
"Reforestation",1269,0,0,"picoseuropa",1,4
"RipF",953,0,0,"picoseuropa",1,4
"RockScreeVeg",1135,0,0,"picoseuropa",1,4
"SMedMarF",8558,0,0,"picoseuropa",1,4
"Shrub",1599,0,0,"picoseuropa",1,4
"TempDecF",256516,0,0,"picoseuropa",1,4
"WaterSurf",763,0,0,"picoseuropa",1,4
"AlpScrGr",487848,0,0,"picoseuropa",1,5
"ArtSurf",2511,0,0,"picoseuropa",1,5
"AtlScrub",36969,0,0,"picoseuropa",1,5
"Crop",230,0,0,"picoseuropa",1,5
"Dehesa",71,0,0,"picoseuropa",1,5
"Grass",144570,0,0,"picoseuropa",1,5
"HydroRipVeg",815,0,0,"picoseuropa",1,5
"MedSclF",5631,0,0,"picoseuropa",1,5
"MedScrub",15123,0,0,"picoseuropa",1,5
"Reforestation",1269,0,0,"picoseuropa",1,5
"RipF",953,0,0,"picoseuropa",1,5
"RockScreeVeg",1135,0,0,"picoseuropa",1,5
"SMedMarF",8558,0,0,"picoseuropa",1,5
"Shrub",1599,0,0,"picoseuropa",1,5
"TempDecF",256687,0,0,"picoseuropa",1,5
"WaterSurf",773,0,0,"picoseuropa",1,5
"AlpScrGr",487273,0,0,"picoseuropa",1,6
"ArtSurf",2511,0,0,"picoseuropa",1,6
"AtlScrub",36969,0,0,"picoseuropa",1,6
"Crop",230,0,0,"picoseuropa",1,6
"Dehesa",71,0,0,"picoseuropa",1,6
"Grass",144593,0,0,"picoseuropa",1,6
"HydroRipVeg",815,0,0,"picoseuropa",1,6
"MedSclF",5631,0,0,"picoseuropa",1,6
"MedScrub",15123,0,0,"picoseuropa",1,6
"Reforestation",1269,0,0,"picoseuropa",1,6
"RipF",953,0,0,"picoseuropa",1,6
"RockScreeVeg",1135,0,0,"picoseuropa",1,6
"SMedMarF",8558,0,0,"picoseuropa",1,6
"Shrub",1599,0,0,"picoseuropa",1,6
"TempDecF",256695,0,0,"picoseuropa",1,6
"WaterSurf",774,0,0,"picoseuropa",1,6
"AlpScrGr",497696,0,0,"picoseuropa",1,7
"ArtSurf",2619,0,0,"picoseuropa",1,7
"AtlScrub",36969,0,0,"picoseuropa",1,7
"Crop",230,0,0,"picoseuropa",1,7
"Dehesa",71,0,0,"picoseuropa",1,7
"Grass",144792,0,0,"picoseuropa",1,7
"HydroRipVeg",815,0,0,"picoseuropa",1,7
"MedSclF",5631,0,0,"picoseuropa",1,7
"MedScrub",15123,0,0,"picoseuropa",1,7
"Reforestation",1269,0,0,"picoseuropa",1,7
"RipF",953,0,0,"picoseuropa",1,7
"RockScreeVeg",1135,0,0,"picoseuropa",1,7
"SMedMarF",8558,0,0,"picoseuropa",1,7
"Shrub",1599,0,0,"picoseuropa",1,7
"TempDecF",256697,0,0,"picoseuropa",1,7
"WaterSurf",774,0,0,"picoseuropa",1,7
"AlpScrGr",504321,0,0,"picoseuropa",1,8
"ArtSurf",2548,0,0,"picoseuropa",1,8
"AtlScrub",36969,0,0,"picoseuropa",1,8
"Crop",230,0,0,"picoseuropa",1,8
"Dehesa",71,0,0,"picoseuropa",1,8
"Grass",144733,0,0,"picoseuropa",1,8
"HydroRipVeg",815,0,0,"picoseuropa",1,8
"MedSclF",5631,0,0,"picoseuropa",1,8
"MedScrub",15121,0,0,"picoseuropa",1,8
"Reforestation",1269,0,0,"picoseuropa",1,8
"RipF",953,0,0,"picoseuropa",1,8
"RockScreeVeg",1135,0,0,"picoseuropa",1,8
"SMedMarF",8558,0,0,"picoseuropa",1,8
"Shrub",1599,0,0,"picoseuropa",1,8
"TempDecF",256675,0,0,"picoseuropa",1,8
"WaterSurf",771,0,0,"picoseuropa",1,8
"AlpScrGr",522100,0,0,"picoseuropa",1,9
"ArtSurf",2727,0,0,"picoseuropa",1,9
"AtlScrub",36964,0,0,"picoseuropa",1,9
"Crop",230,0,0,"picoseuropa",1,9
"Dehesa",71,0,0,"picoseuropa",1,9
"Grass",144813,0,0,"picoseuropa",1,9
"HydroRipVeg",811,0,0,"picoseuropa",1,9
"MedSclF",5617,0,0,"picoseuropa",1,9
"MedScrub",15119,0,0,"picoseuropa",1,9
"Reforestation",1269,0,0,"picoseuropa",1,9
"RipF",953,0,0,"picoseuropa",1,9
"RockScreeVeg",1135,0,0,"picoseuropa",1,9
"SMedMarF",8558,0,0,"picoseuropa",1,9
"Shrub",1599,0,0,"picoseuropa",1,9
"TempDecF",256510,0,0,"picoseuropa",1,9
"WaterSurf",761,0,0,"picoseuropa",1,9
"AlpScrGr",503669,0,0,"picoseuropa",1,10
"ArtSurf",2512,0,0,"picoseuropa",1,10
"AtlScrub",36927,0,0,"picoseuropa",1,10
"Crop",230,0,0,"picoseuropa",1,10
"Dehesa",71,0,0,"picoseuropa",1,10
"Grass",144539,0,0,"picoseuropa",1,10
"HydroRipVeg",811,0,0,"picoseuropa",1,10
"MedSclF",5580,0,0,"picoseuropa",1,10
"MedScrub",15115,0,0,"picoseuropa",1,10
"Reforestation",1269,0,0,"picoseuropa",1,10
"RipF",953,0,0,"picoseuropa",1,10
"RockScreeVeg",1135,0,0,"picoseuropa",1,10
"SMedMarF",8558,0,0,"picoseuropa",1,10
"Shrub",1599,0,0,"picoseuropa",1,10
"TempDecF",256336,0,0,"picoseuropa",1,10
"WaterSurf",752,0,0,"picoseuropa",1,10
"AlpScrGr",486719,0,0,"picoseuropa",1,11
"ArtSurf",2510,0,0,"picoseuropa",1,11
"AtlScrub",36869,0,0,"picoseuropa",1,11
"Crop",230,0,0,"picoseuropa",1,11
"Dehesa",71,0,0,"picoseuropa",1,11
"Grass",144253,0,0,"picoseuropa",1,11
"HydroRipVeg",811,0,0,"picoseuropa",1,11
"MedSclF",5373,0,0,"picoseuropa",1,11
"MedScrub",15082,0,0,"picoseuropa",1,11
"Reforestation",1269,0,0,"picoseuropa",1,11
"RipF",953,0,0,"picoseuropa",1,11
"RockScreeVeg",1132,0,0,"picoseuropa",1,11
"SMedMarF",8555,0,0,"picoseuropa",1,11
"Shrub",1598,0,0,"picoseuropa",1,11
"TempDecF",255911,0,0,"picoseuropa",1,11
"WaterSurf",745,0,0,"picoseuropa",1,11
"AlpScrGr",482406,0,0,"picoseuropa",1,12
"ArtSurf",2498,0,0,"picoseuropa",1,12
"AtlScrub",36212,0,0,"picoseuropa",1,12
"Crop",230,0,0,"picoseuropa",1,12
"Dehesa",57,0,0,"picoseuropa",1,12
"Grass",142707,0,0,"picoseuropa",1,12
"HydroRipVeg",802,0,0,"picoseuropa",1,12
"MedSclF",4578,0,0,"picoseuropa",1,12
"MedScrub",14918,0,0,"picoseuropa",1,12
"Reforestation",1266,0,0,"picoseuropa",1,12
"RipF",953,0,0,"picoseuropa",1,12
"RockScreeVeg",1099,0,0,"picoseuropa",1,12
"SMedMarF",8419,0,0,"picoseuropa",1,12
"Shrub",1532,0,0,"picoseuropa",1,12
"TempDecF",252908,0,0,"picoseuropa",1,12
"WaterSurf",708,0,0,"picoseuropa",1,12
"AlpScrGr",483629,0,0,"picoseuropa",3,1
"ArtSurf",2496,0,0,"picoseuropa",3,1
"AtlScrub",36465,0,0,"picoseuropa",3,1
"Crop",230,0,0,"picoseuropa",3,1
"Dehesa",60,0,0,"picoseuropa",3,1
"Grass",143161,0,0,"picoseuropa",3,1
"HydroRipVeg",808,0,0,"picoseuropa",3,1
"MedSclF",4576,0,0,"picoseuropa",3,1
"MedScrub",14993,0,0,"picoseuropa",3,1
"Reforestation",1264,0,0,"picoseuropa",3,1
"RipF",952,0,0,"picoseuropa",3,1
"RockScreeVeg",1117,0,0,"picoseuropa",3,1
"SMedMarF",8457,0,0,"picoseuropa",3,1
"Shrub",1579,0,0,"picoseuropa",3,1
"TempDecF",253477,0,0,"picoseuropa",3,1
"WaterSurf",715,0,0,"picoseuropa",3,1
"AlpScrGr",487132,0,0,"picoseuropa",3,2
"ArtSurf",2509,0,0,"picoseuropa",3,2
"AtlScrub",36902,0,0,"picoseuropa",3,2
"Crop",230,0,0,"picoseuropa",3,2
"Dehesa",71,0,0,"picoseuropa",3,2
"Grass",144344,0,0,"picoseuropa",3,2
"HydroRipVeg",811,0,0,"picoseuropa",3,2
"MedSclF",5374,0,0,"picoseuropa",3,2
"MedScrub",15105,0,0,"picoseuropa",3,2
"Reforestation",1269,0,0,"picoseuropa",3,2
"RipF",953,0,0,"picoseuropa",3,2
"RockScreeVeg",1134,0,0,"picoseuropa",3,2
"SMedMarF",8552,0,0,"picoseuropa",3,2
"Shrub",1597,0,0,"picoseuropa",3,2
"TempDecF",256029,0,0,"picoseuropa",3,2
"WaterSurf",737,0,0,"picoseuropa",3,2
"AlpScrGr",487768,0,0,"picoseuropa",3,3
"ArtSurf",2510,0,0,"picoseuropa",3,3
"AtlScrub",36927,0,0,"picoseuropa",3,3
"Crop",230,0,0,"picoseuropa",3,3
"Dehesa",71,0,0,"picoseuropa",3,3
"Grass",144481,0,0,"picoseuropa",3,3
"HydroRipVeg",811,0,0,"picoseuropa",3,3
"MedSclF",5590,0,0,"picoseuropa",3,3
"MedScrub",15115,0,0,"picoseuropa",3,3
"Reforestation",1269,0,0,"picoseuropa",3,3
"RipF",953,0,0,"picoseuropa",3,3
"RockScreeVeg",1135,0,0,"picoseuropa",3,3
"SMedMarF",8558,0,0,"picoseuropa",3,3
"Shrub",1599,0,0,"picoseuropa",3,3
"TempDecF",256357,0,0,"picoseuropa",3,3
"WaterSurf",760,0,0,"picoseuropa",3,3
"AlpScrGr",487876,139,0.03,"picoseuropa",3,4
"ArtSurf",2511,0,0,"picoseuropa",3,4
"AtlScrub",36929,2,0.01,"picoseuropa",3,4
"Crop",230,0,0,"picoseuropa",3,4
"Dehesa",71,0,0,"picoseuropa",3,4
"Grass",144505,5,0,"picoseuropa",3,4
"HydroRipVeg",811,0,0,"picoseuropa",3,4
"MedSclF",5591,12,0.21,"picoseuropa",3,4
"MedScrub",15118,3,0.02,"picoseuropa",3,4
"Reforestation",1269,0,0,"picoseuropa",3,4
"RipF",953,0,0,"picoseuropa",3,4
"RockScreeVeg",1135,1,0.09,"picoseuropa",3,4
"SMedMarF",8558,0,0,"picoseuropa",3,4
"Shrub",1599,0,0,"picoseuropa",3,4
"TempDecF",256516,4,0,"picoseuropa",3,4
"WaterSurf",763,0,0,"picoseuropa",3,4
"AlpScrGr",487848,168,0.03,"picoseuropa",3,5
"ArtSurf",2511,0,0,"picoseuropa",3,5
"AtlScrub",36969,2,0.01,"picoseuropa",3,5
"Crop",230,0,0,"picoseuropa",3,5
"Dehesa",71,0,0,"picoseuropa",3,5
"Grass",144570,5,0,"picoseuropa",3,5
"HydroRipVeg",815,0,0,"picoseuropa",3,5
"MedSclF",5631,13,0.23,"picoseuropa",3,5
"MedScrub",15123,1,0.01,"picoseuropa",3,5
"Reforestation",1269,0,0,"picoseuropa",3,5
"RipF",953,0,0,"picoseuropa",3,5
"RockScreeVeg",1135,0,0,"picoseuropa",3,5
"SMedMarF",8558,0,0,"picoseuropa",3,5
"Shrub",1599,0,0,"picoseuropa",3,5
"TempDecF",256687,2,0,"picoseuropa",3,5
"WaterSurf",773,1,0.13,"picoseuropa",3,5
"AlpScrGr",487273,0,0,"picoseuropa",3,6
"ArtSurf",2511,0,0,"picoseuropa",3,6
"AtlScrub",36969,0,0,"picoseuropa",3,6
"Crop",230,0,0,"picoseuropa",3,6
"Dehesa",71,0,0,"picoseuropa",3,6
"Grass",144593,0,0,"picoseuropa",3,6
"HydroRipVeg",815,0,0,"picoseuropa",3,6
"MedSclF",5631,0,0,"picoseuropa",3,6
"MedScrub",15123,0,0,"picoseuropa",3,6
"Reforestation",1269,0,0,"picoseuropa",3,6
"RipF",953,0,0,"picoseuropa",3,6
"RockScreeVeg",1135,0,0,"picoseuropa",3,6
"SMedMarF",8558,0,0,"picoseuropa",3,6
"Shrub",1599,0,0,"picoseuropa",3,6
"TempDecF",256695,0,0,"picoseuropa",3,6
"WaterSurf",774,0,0,"picoseuropa",3,6
"AlpScrGr",497696,0,0,"picoseuropa",3,7
"ArtSurf",2619,0,0,"picoseuropa",3,7
"AtlScrub",36969,0,0,"picoseuropa",3,7
"Crop",230,0,0,"picoseuropa",3,7
"Dehesa",71,0,0,"picoseuropa",3,7
"Grass",144792,0,0,"picoseuropa",3,7
"HydroRipVeg",815,0,0,"picoseuropa",3,7
"MedSclF",5631,0,0,"picoseuropa",3,7
"MedScrub",15123,0,0,"picoseuropa",3,7
"Reforestation",1269,0,0,"picoseuropa",3,7
"RipF",953,0,0,"picoseuropa",3,7
"RockScreeVeg",1135,0,0,"picoseuropa",3,7
"SMedMarF",8558,0,0,"picoseuropa",3,7
"Shrub",1599,0,0,"picoseuropa",3,7
"TempDecF",256697,0,0,"picoseuropa",3,7
"WaterSurf",774,0,0,"picoseuropa",3,7
"AlpScrGr",504321,0,0,"picoseuropa",3,8
"ArtSurf",2548,0,0,"picoseuropa",3,8
"AtlScrub",36969,0,0,"picoseuropa",3,8
"Crop",230,0,0,"picoseuropa",3,8
"Dehesa",71,0,0,"picoseuropa",3,8
"Grass",144733,0,0,"picoseuropa",3,8
"HydroRipVeg",815,0,0,"picoseuropa",3,8
"MedSclF",5631,0,0,"picoseuropa",3,8
"MedScrub",15121,0,0,"picoseuropa",3,8
"Reforestation",1269,0,0,"picoseuropa",3,8
"RipF",953,0,0,"picoseuropa",3,8
"RockScreeVeg",1135,0,0,"picoseuropa",3,8
"SMedMarF",8558,0,0,"picoseuropa",3,8
"Shrub",1599,0,0,"picoseuropa",3,8
"TempDecF",256675,0,0,"picoseuropa",3,8
"WaterSurf",771,0,0,"picoseuropa",3,8
"AlpScrGr",522100,0,0,"picoseuropa",3,9
"ArtSurf",2727,0,0,"picoseuropa",3,9
"AtlScrub",36964,0,0,"picoseuropa",3,9
"Crop",230,0,0,"picoseuropa",3,9
"Dehesa",71,0,0,"picoseuropa",3,9
"Grass",144813,0,0,"picoseuropa",3,9
"HydroRipVeg",811,0,0,"picoseuropa",3,9
"MedSclF",5617,0,0,"picoseuropa",3,9
"MedScrub",15119,0,0,"picoseuropa",3,9
"Reforestation",1269,0,0,"picoseuropa",3,9
"RipF",953,0,0,"picoseuropa",3,9
"RockScreeVeg",1135,0,0,"picoseuropa",3,9
"SMedMarF",8558,0,0,"picoseuropa",3,9
"Shrub",1599,0,0,"picoseuropa",3,9
"TempDecF",256510,0,0,"picoseuropa",3,9
"WaterSurf",761,0,0,"picoseuropa",3,9
"AlpScrGr",503669,0,0,"picoseuropa",3,10
"ArtSurf",2512,0,0,"picoseuropa",3,10
"AtlScrub",36927,0,0,"picoseuropa",3,10
"Crop",230,0,0,"picoseuropa",3,10
"Dehesa",71,0,0,"picoseuropa",3,10
"Grass",144539,0,0,"picoseuropa",3,10
"HydroRipVeg",811,0,0,"picoseuropa",3,10
"MedSclF",5580,0,0,"picoseuropa",3,10
"MedScrub",15115,0,0,"picoseuropa",3,10
"Reforestation",1269,0,0,"picoseuropa",3,10
"RipF",953,0,0,"picoseuropa",3,10
"RockScreeVeg",1135,0,0,"picoseuropa",3,10
"SMedMarF",8558,0,0,"picoseuropa",3,10
"Shrub",1599,0,0,"picoseuropa",3,10
"TempDecF",256336,0,0,"picoseuropa",3,10
"WaterSurf",752,0,0,"picoseuropa",3,10
"AlpScrGr",486719,0,0,"picoseuropa",3,11
"ArtSurf",2510,0,0,"picoseuropa",3,11
"AtlScrub",36869,0,0,"picoseuropa",3,11
"Crop",230,0,0,"picoseuropa",3,11
"Dehesa",71,0,0,"picoseuropa",3,11
"Grass",144253,0,0,"picoseuropa",3,11
"HydroRipVeg",811,0,0,"picoseuropa",3,11
"MedSclF",5373,0,0,"picoseuropa",3,11
"MedScrub",15082,0,0,"picoseuropa",3,11
"Reforestation",1269,0,0,"picoseuropa",3,11
"RipF",953,0,0,"picoseuropa",3,11
"RockScreeVeg",1132,0,0,"picoseuropa",3,11
"SMedMarF",8555,0,0,"picoseuropa",3,11
"Shrub",1598,0,0,"picoseuropa",3,11
"TempDecF",255911,0,0,"picoseuropa",3,11
"WaterSurf",745,0,0,"picoseuropa",3,11
"AlpScrGr",482406,0,0,"picoseuropa",3,12
"ArtSurf",2498,0,0,"picoseuropa",3,12
"AtlScrub",36212,0,0,"picoseuropa",3,12
"Crop",230,0,0,"picoseuropa",3,12
"Dehesa",57,0,0,"picoseuropa",3,12
"Grass",142707,0,0,"picoseuropa",3,12
"HydroRipVeg",802,0,0,"picoseuropa",3,12
"MedSclF",4578,0,0,"picoseuropa",3,12
"MedScrub",14918,0,0,"picoseuropa",3,12
"Reforestation",1266,0,0,"picoseuropa",3,12
"RipF",953,0,0,"picoseuropa",3,12
"RockScreeVeg",1099,0,0,"picoseuropa",3,12
"SMedMarF",8419,0,0,"picoseuropa",3,12
"Shrub",1532,0,0,"picoseuropa",3,12
"TempDecF",252908,0,0,"picoseuropa",3,12
"WaterSurf",708,0,0,"picoseuropa",3,12
"AlpScrGr",483629,0,0,"picoseuropa",6,1
"ArtSurf",2496,0,0,"picoseuropa",6,1
"AtlScrub",36465,0,0,"picoseuropa",6,1
"Crop",230,0,0,"picoseuropa",6,1
"Dehesa",60,0,0,"picoseuropa",6,1
"Grass",143161,0,0,"picoseuropa",6,1
"HydroRipVeg",808,0,0,"picoseuropa",6,1
"MedSclF",4576,0,0,"picoseuropa",6,1
"MedScrub",14993,0,0,"picoseuropa",6,1
"Reforestation",1264,0,0,"picoseuropa",6,1
"RipF",952,0,0,"picoseuropa",6,1
"RockScreeVeg",1117,0,0,"picoseuropa",6,1
"SMedMarF",8457,0,0,"picoseuropa",6,1
"Shrub",1579,0,0,"picoseuropa",6,1
"TempDecF",253477,0,0,"picoseuropa",6,1
"WaterSurf",715,0,0,"picoseuropa",6,1
"AlpScrGr",487132,0,0,"picoseuropa",6,2
"ArtSurf",2509,0,0,"picoseuropa",6,2
"AtlScrub",36902,0,0,"picoseuropa",6,2
"Crop",230,0,0,"picoseuropa",6,2
"Dehesa",71,0,0,"picoseuropa",6,2
"Grass",144344,0,0,"picoseuropa",6,2
"HydroRipVeg",811,0,0,"picoseuropa",6,2
"MedSclF",5374,0,0,"picoseuropa",6,2
"MedScrub",15105,0,0,"picoseuropa",6,2
"Reforestation",1269,0,0,"picoseuropa",6,2
"RipF",953,0,0,"picoseuropa",6,2
"RockScreeVeg",1134,0,0,"picoseuropa",6,2
"SMedMarF",8552,0,0,"picoseuropa",6,2
"Shrub",1597,0,0,"picoseuropa",6,2
"TempDecF",256029,0,0,"picoseuropa",6,2
"WaterSurf",737,0,0,"picoseuropa",6,2
"AlpScrGr",487768,0,0,"picoseuropa",6,3
"ArtSurf",2510,0,0,"picoseuropa",6,3
"AtlScrub",36927,0,0,"picoseuropa",6,3
"Crop",230,0,0,"picoseuropa",6,3
"Dehesa",71,0,0,"picoseuropa",6,3
"Grass",144481,0,0,"picoseuropa",6,3
"HydroRipVeg",811,0,0,"picoseuropa",6,3
"MedSclF",5590,0,0,"picoseuropa",6,3
"MedScrub",15115,0,0,"picoseuropa",6,3
"Reforestation",1269,0,0,"picoseuropa",6,3
"RipF",953,0,0,"picoseuropa",6,3
"RockScreeVeg",1135,0,0,"picoseuropa",6,3
"SMedMarF",8558,0,0,"picoseuropa",6,3
"Shrub",1599,0,0,"picoseuropa",6,3
"TempDecF",256357,0,0,"picoseuropa",6,3
"WaterSurf",760,0,0,"picoseuropa",6,3
"AlpScrGr",487876,0,0,"picoseuropa",6,4
"ArtSurf",2511,0,0,"picoseuropa",6,4
"AtlScrub",36929,0,0,"picoseuropa",6,4
"Crop",230,0,0,"picoseuropa",6,4
"Dehesa",71,0,0,"picoseuropa",6,4
"Grass",144505,0,0,"picoseuropa",6,4
"HydroRipVeg",811,0,0,"picoseuropa",6,4
"MedSclF",5591,0,0,"picoseuropa",6,4
"MedScrub",15118,0,0,"picoseuropa",6,4
"Reforestation",1269,0,0,"picoseuropa",6,4
"RipF",953,0,0,"picoseuropa",6,4
"RockScreeVeg",1135,0,0,"picoseuropa",6,4
"SMedMarF",8558,0,0,"picoseuropa",6,4
"Shrub",1599,0,0,"picoseuropa",6,4
"TempDecF",256516,0,0,"picoseuropa",6,4
"WaterSurf",763,0,0,"picoseuropa",6,4
"AlpScrGr",487848,0,0,"picoseuropa",6,5
"ArtSurf",2511,0,0,"picoseuropa",6,5
"AtlScrub",36969,0,0,"picoseuropa",6,5
"Crop",230,0,0,"picoseuropa",6,5
"Dehesa",71,0,0,"picoseuropa",6,5
"Grass",144570,0,0,"picoseuropa",6,5
"HydroRipVeg",815,0,0,"picoseuropa",6,5
"MedSclF",5631,0,0,"picoseuropa",6,5
"MedScrub",15123,0,0,"picoseuropa",6,5
"Reforestation",1269,0,0,"picoseuropa",6,5
"RipF",953,0,0,"picoseuropa",6,5
"RockScreeVeg",1135,0,0,"picoseuropa",6,5
"SMedMarF",8558,0,0,"picoseuropa",6,5
"Shrub",1599,0,0,"picoseuropa",6,5
"TempDecF",256687,0,0,"picoseuropa",6,5
"WaterSurf",773,0,0,"picoseuropa",6,5
"AlpScrGr",487273,0,0,"picoseuropa",6,6
"ArtSurf",2511,0,0,"picoseuropa",6,6
"AtlScrub",36969,0,0,"picoseuropa",6,6
"Crop",230,0,0,"picoseuropa",6,6
"Dehesa",71,0,0,"picoseuropa",6,6
"Grass",144593,0,0,"picoseuropa",6,6
"HydroRipVeg",815,0,0,"picoseuropa",6,6
"MedSclF",5631,0,0,"picoseuropa",6,6
"MedScrub",15123,0,0,"picoseuropa",6,6
"Reforestation",1269,0,0,"picoseuropa",6,6
"RipF",953,0,0,"picoseuropa",6,6
"RockScreeVeg",1135,0,0,"picoseuropa",6,6
"SMedMarF",8558,0,0,"picoseuropa",6,6
"Shrub",1599,0,0,"picoseuropa",6,6
"TempDecF",256695,0,0,"picoseuropa",6,6
"WaterSurf",774,0,0,"picoseuropa",6,6
"AlpScrGr",497696,0,0,"picoseuropa",6,7
"ArtSurf",2619,0,0,"picoseuropa",6,7
"AtlScrub",36969,0,0,"picoseuropa",6,7
"Crop",230,0,0,"picoseuropa",6,7
"Dehesa",71,0,0,"picoseuropa",6,7
"Grass",144792,0,0,"picoseuropa",6,7
"HydroRipVeg",815,0,0,"picoseuropa",6,7
"MedSclF",5631,0,0,"picoseuropa",6,7
"MedScrub",15123,0,0,"picoseuropa",6,7
"Reforestation",1269,0,0,"picoseuropa",6,7
"RipF",953,0,0,"picoseuropa",6,7
"RockScreeVeg",1135,0,0,"picoseuropa",6,7
"SMedMarF",8558,0,0,"picoseuropa",6,7
"Shrub",1599,0,0,"picoseuropa",6,7
"TempDecF",256697,0,0,"picoseuropa",6,7
"WaterSurf",774,0,0,"picoseuropa",6,7
"AlpScrGr",504321,0,0,"picoseuropa",6,8
"ArtSurf",2548,0,0,"picoseuropa",6,8
"AtlScrub",36969,0,0,"picoseuropa",6,8
"Crop",230,0,0,"picoseuropa",6,8
"Dehesa",71,0,0,"picoseuropa",6,8
"Grass",144733,0,0,"picoseuropa",6,8
"HydroRipVeg",815,0,0,"picoseuropa",6,8
"MedSclF",5631,0,0,"picoseuropa",6,8
"MedScrub",15121,0,0,"picoseuropa",6,8
"Reforestation",1269,0,0,"picoseuropa",6,8
"RipF",953,0,0,"picoseuropa",6,8
"RockScreeVeg",1135,0,0,"picoseuropa",6,8
"SMedMarF",8558,0,0,"picoseuropa",6,8
"Shrub",1599,0,0,"picoseuropa",6,8
"TempDecF",256675,0,0,"picoseuropa",6,8
"WaterSurf",771,0,0,"picoseuropa",6,8
"AlpScrGr",522100,0,0,"picoseuropa",6,9
"ArtSurf",2727,0,0,"picoseuropa",6,9
"AtlScrub",36964,0,0,"picoseuropa",6,9
"Crop",230,0,0,"picoseuropa",6,9
"Dehesa",71,0,0,"picoseuropa",6,9
"Grass",144813,0,0,"picoseuropa",6,9
"HydroRipVeg",811,0,0,"picoseuropa",6,9
"MedSclF",5617,0,0,"picoseuropa",6,9
"MedScrub",15119,0,0,"picoseuropa",6,9
"Reforestation",1269,0,0,"picoseuropa",6,9
"RipF",953,0,0,"picoseuropa",6,9
"RockScreeVeg",1135,0,0,"picoseuropa",6,9
"SMedMarF",8558,0,0,"picoseuropa",6,9
"Shrub",1599,0,0,"picoseuropa",6,9
"TempDecF",256510,0,0,"picoseuropa",6,9
"WaterSurf",761,0,0,"picoseuropa",6,9
"AlpScrGr",503669,0,0,"picoseuropa",6,10
"ArtSurf",2512,0,0,"picoseuropa",6,10
"AtlScrub",36927,0,0,"picoseuropa",6,10
"Crop",230,0,0,"picoseuropa",6,10
"Dehesa",71,0,0,"picoseuropa",6,10
"Grass",144539,0,0,"picoseuropa",6,10
"HydroRipVeg",811,0,0,"picoseuropa",6,10
"MedSclF",5580,0,0,"picoseuropa",6,10
"MedScrub",15115,0,0,"picoseuropa",6,10
"Reforestation",1269,0,0,"picoseuropa",6,10
"RipF",953,0,0,"picoseuropa",6,10
"RockScreeVeg",1135,0,0,"picoseuropa",6,10
"SMedMarF",8558,0,0,"picoseuropa",6,10
"Shrub",1599,0,0,"picoseuropa",6,10
"TempDecF",256336,0,0,"picoseuropa",6,10
"WaterSurf",752,0,0,"picoseuropa",6,10
"AlpScrGr",486719,0,0,"picoseuropa",6,11
"ArtSurf",2510,0,0,"picoseuropa",6,11
"AtlScrub",36869,0,0,"picoseuropa",6,11
"Crop",230,0,0,"picoseuropa",6,11
"Dehesa",71,0,0,"picoseuropa",6,11
"Grass",144253,0,0,"picoseuropa",6,11
"HydroRipVeg",811,0,0,"picoseuropa",6,11
"MedSclF",5373,0,0,"picoseuropa",6,11
"MedScrub",15082,0,0,"picoseuropa",6,11
"Reforestation",1269,0,0,"picoseuropa",6,11
"RipF",953,0,0,"picoseuropa",6,11
"RockScreeVeg",1132,0,0,"picoseuropa",6,11
"SMedMarF",8555,0,0,"picoseuropa",6,11
"Shrub",1598,0,0,"picoseuropa",6,11
"TempDecF",255911,0,0,"picoseuropa",6,11
"WaterSurf",745,0,0,"picoseuropa",6,11
"AlpScrGr",482406,0,0,"picoseuropa",6,12
"ArtSurf",2498,0,0,"picoseuropa",6,12
"AtlScrub",36212,0,0,"picoseuropa",6,12
"Crop",230,0,0,"picoseuropa",6,12
"Dehesa",57,0,0,"picoseuropa",6,12
"Grass",142707,0,0,"picoseuropa",6,12
"HydroRipVeg",802,0,0,"picoseuropa",6,12
"MedSclF",4578,0,0,"picoseuropa",6,12
"MedScrub",14918,0,0,"picoseuropa",6,12
"Reforestation",1266,0,0,"picoseuropa",6,12
"RipF",953,0,0,"picoseuropa",6,12
"RockScreeVeg",1099,0,0,"picoseuropa",6,12
"SMedMarF",8419,0,0,"picoseuropa",6,12
"Shrub",1532,0,0,"picoseuropa",6,12
"TempDecF",252908,0,0,"picoseuropa",6,12
"WaterSurf",708,0,0,"picoseuropa",6,12
"AlpScrGr",483629,0,0,"picoseuropa",9,1
"ArtSurf",2496,0,0,"picoseuropa",9,1
"AtlScrub",36465,0,0,"picoseuropa",9,1
"Crop",230,0,0,"picoseuropa",9,1
"Dehesa",60,0,0,"picoseuropa",9,1
"Grass",143161,0,0,"picoseuropa",9,1
"HydroRipVeg",808,0,0,"picoseuropa",9,1
"MedSclF",4576,0,0,"picoseuropa",9,1
"MedScrub",14993,0,0,"picoseuropa",9,1
"Reforestation",1264,0,0,"picoseuropa",9,1
"RipF",952,0,0,"picoseuropa",9,1
"RockScreeVeg",1117,0,0,"picoseuropa",9,1
"SMedMarF",8457,0,0,"picoseuropa",9,1
"Shrub",1579,0,0,"picoseuropa",9,1
"TempDecF",253477,0,0,"picoseuropa",9,1
"WaterSurf",715,0,0,"picoseuropa",9,1
"AlpScrGr",487132,0,0,"picoseuropa",9,2
"ArtSurf",2509,0,0,"picoseuropa",9,2
"AtlScrub",36902,0,0,"picoseuropa",9,2
"Crop",230,0,0,"picoseuropa",9,2
"Dehesa",71,0,0,"picoseuropa",9,2
"Grass",144344,0,0,"picoseuropa",9,2
"HydroRipVeg",811,0,0,"picoseuropa",9,2
"MedSclF",5374,0,0,"picoseuropa",9,2
"MedScrub",15105,0,0,"picoseuropa",9,2
"Reforestation",1269,0,0,"picoseuropa",9,2
"RipF",953,0,0,"picoseuropa",9,2
"RockScreeVeg",1134,0,0,"picoseuropa",9,2
"SMedMarF",8552,0,0,"picoseuropa",9,2
"Shrub",1597,0,0,"picoseuropa",9,2
"TempDecF",256029,0,0,"picoseuropa",9,2
"WaterSurf",737,0,0,"picoseuropa",9,2
"AlpScrGr",487768,0,0,"picoseuropa",9,3
"ArtSurf",2510,0,0,"picoseuropa",9,3
"AtlScrub",36927,0,0,"picoseuropa",9,3
"Crop",230,0,0,"picoseuropa",9,3
"Dehesa",71,0,0,"picoseuropa",9,3
"Grass",144481,0,0,"picoseuropa",9,3
"HydroRipVeg",811,0,0,"picoseuropa",9,3
"MedSclF",5590,0,0,"picoseuropa",9,3
"MedScrub",15115,0,0,"picoseuropa",9,3
"Reforestation",1269,0,0,"picoseuropa",9,3
"RipF",953,0,0,"picoseuropa",9,3
"RockScreeVeg",1135,0,0,"picoseuropa",9,3
"SMedMarF",8558,0,0,"picoseuropa",9,3
"Shrub",1599,0,0,"picoseuropa",9,3
"TempDecF",256357,0,0,"picoseuropa",9,3
"WaterSurf",760,0,0,"picoseuropa",9,3
"AlpScrGr",487876,0,0,"picoseuropa",9,4
"ArtSurf",2511,0,0,"picoseuropa",9,4
"AtlScrub",36929,0,0,"picoseuropa",9,4
"Crop",230,0,0,"picoseuropa",9,4
"Dehesa",71,0,0,"picoseuropa",9,4
"Grass",144505,0,0,"picoseuropa",9,4
"HydroRipVeg",811,0,0,"picoseuropa",9,4
"MedSclF",5591,0,0,"picoseuropa",9,4
"MedScrub",15118,0,0,"picoseuropa",9,4
"Reforestation",1269,0,0,"picoseuropa",9,4
"RipF",953,0,0,"picoseuropa",9,4
"RockScreeVeg",1135,0,0,"picoseuropa",9,4
"SMedMarF",8558,0,0,"picoseuropa",9,4
"Shrub",1599,0,0,"picoseuropa",9,4
"TempDecF",256516,0,0,"picoseuropa",9,4
"WaterSurf",763,0,0,"picoseuropa",9,4
"AlpScrGr",487848,0,0,"picoseuropa",9,5
"ArtSurf",2511,0,0,"picoseuropa",9,5
"AtlScrub",36969,0,0,"picoseuropa",9,5
"Crop",230,0,0,"picoseuropa",9,5
"Dehesa",71,0,0,"picoseuropa",9,5
"Grass",144570,0,0,"picoseuropa",9,5
"HydroRipVeg",815,0,0,"picoseuropa",9,5
"MedSclF",5631,0,0,"picoseuropa",9,5
"MedScrub",15123,0,0,"picoseuropa",9,5
"Reforestation",1269,0,0,"picoseuropa",9,5
"RipF",953,0,0,"picoseuropa",9,5
"RockScreeVeg",1135,0,0,"picoseuropa",9,5
"SMedMarF",8558,0,0,"picoseuropa",9,5
"Shrub",1599,0,0,"picoseuropa",9,5
"TempDecF",256687,0,0,"picoseuropa",9,5
"WaterSurf",773,0,0,"picoseuropa",9,5
"AlpScrGr",487273,0,0,"picoseuropa",9,6
"ArtSurf",2511,0,0,"picoseuropa",9,6
"AtlScrub",36969,0,0,"picoseuropa",9,6
"Crop",230,0,0,"picoseuropa",9,6
"Dehesa",71,0,0,"picoseuropa",9,6
"Grass",144593,0,0,"picoseuropa",9,6
"HydroRipVeg",815,0,0,"picoseuropa",9,6
"MedSclF",5631,0,0,"picoseuropa",9,6
"MedScrub",15123,0,0,"picoseuropa",9,6
"Reforestation",1269,0,0,"picoseuropa",9,6
"RipF",953,0,0,"picoseuropa",9,6
"RockScreeVeg",1135,0,0,"picoseuropa",9,6
"SMedMarF",8558,0,0,"picoseuropa",9,6
"Shrub",1599,0,0,"picoseuropa",9,6
"TempDecF",256695,0,0,"picoseuropa",9,6
"WaterSurf",774,0,0,"picoseuropa",9,6
"AlpScrGr",497696,0,0,"picoseuropa",9,7
"ArtSurf",2619,0,0,"picoseuropa",9,7
"AtlScrub",36969,0,0,"picoseuropa",9,7
"Crop",230,0,0,"picoseuropa",9,7
"Dehesa",71,0,0,"picoseuropa",9,7
"Grass",144792,0,0,"picoseuropa",9,7
"HydroRipVeg",815,0,0,"picoseuropa",9,7
"MedSclF",5631,0,0,"picoseuropa",9,7
"MedScrub",15123,0,0,"picoseuropa",9,7
"Reforestation",1269,0,0,"picoseuropa",9,7
"RipF",953,0,0,"picoseuropa",9,7
"RockScreeVeg",1135,0,0,"picoseuropa",9,7
"SMedMarF",8558,0,0,"picoseuropa",9,7
"Shrub",1599,0,0,"picoseuropa",9,7
"TempDecF",256697,0,0,"picoseuropa",9,7
"WaterSurf",774,0,0,"picoseuropa",9,7
"AlpScrGr",504321,0,0,"picoseuropa",9,8
"ArtSurf",2548,0,0,"picoseuropa",9,8
"AtlScrub",36969,0,0,"picoseuropa",9,8
"Crop",230,0,0,"picoseuropa",9,8
"Dehesa",71,0,0,"picoseuropa",9,8
"Grass",144733,0,0,"picoseuropa",9,8
"HydroRipVeg",815,0,0,"picoseuropa",9,8
"MedSclF",5631,0,0,"picoseuropa",9,8
"MedScrub",15121,0,0,"picoseuropa",9,8
"Reforestation",1269,0,0,"picoseuropa",9,8
"RipF",953,0,0,"picoseuropa",9,8
"RockScreeVeg",1135,0,0,"picoseuropa",9,8
"SMedMarF",8558,0,0,"picoseuropa",9,8
"Shrub",1599,0,0,"picoseuropa",9,8
"TempDecF",256675,0,0,"picoseuropa",9,8
"WaterSurf",771,0,0,"picoseuropa",9,8
"AlpScrGr",522100,0,0,"picoseuropa",9,9
"ArtSurf",2727,0,0,"picoseuropa",9,9
"AtlScrub",36964,0,0,"picoseuropa",9,9
"Crop",230,0,0,"picoseuropa",9,9
"Dehesa",71,0,0,"picoseuropa",9,9
"Grass",144813,0,0,"picoseuropa",9,9
"HydroRipVeg",811,0,0,"picoseuropa",9,9
"MedSclF",5617,0,0,"picoseuropa",9,9
"MedScrub",15119,0,0,"picoseuropa",9,9
"Reforestation",1269,0,0,"picoseuropa",9,9
"RipF",953,0,0,"picoseuropa",9,9
"RockScreeVeg",1135,0,0,"picoseuropa",9,9
"SMedMarF",8558,0,0,"picoseuropa",9,9
"Shrub",1599,0,0,"picoseuropa",9,9
"TempDecF",256510,0,0,"picoseuropa",9,9
"WaterSurf",761,0,0,"picoseuropa",9,9
"AlpScrGr",503669,0,0,"picoseuropa",9,10
"ArtSurf",2512,0,0,"picoseuropa",9,10
"AtlScrub",36927,0,0,"picoseuropa",9,10
"Crop",230,0,0,"picoseuropa",9,10
"Dehesa",71,0,0,"picoseuropa",9,10
"Grass",144539,0,0,"picoseuropa",9,10
"HydroRipVeg",811,0,0,"picoseuropa",9,10
"MedSclF",5580,0,0,"picoseuropa",9,10
"MedScrub",15115,0,0,"picoseuropa",9,10
"Reforestation",1269,0,0,"picoseuropa",9,10
"RipF",953,0,0,"picoseuropa",9,10
"RockScreeVeg",1135,0,0,"picoseuropa",9,10
"SMedMarF",8558,0,0,"picoseuropa",9,10
"Shrub",1599,0,0,"picoseuropa",9,10
"TempDecF",256336,0,0,"picoseuropa",9,10
"WaterSurf",752,0,0,"picoseuropa",9,10
"AlpScrGr",486719,0,0,"picoseuropa",9,11
"ArtSurf",2510,0,0,"picoseuropa",9,11
"AtlScrub",36869,0,0,"picoseuropa",9,11
"Crop",230,0,0,"picoseuropa",9,11
"Dehesa",71,0,0,"picoseuropa",9,11
"Grass",144253,0,0,"picoseuropa",9,11
"HydroRipVeg",811,0,0,"picoseuropa",9,11
"MedSclF",5373,0,0,"picoseuropa",9,11
"MedScrub",15082,0,0,"picoseuropa",9,11
"Reforestation",1269,0,0,"picoseuropa",9,11
"RipF",953,0,0,"picoseuropa",9,11
"RockScreeVeg",1132,0,0,"picoseuropa",9,11
"SMedMarF",8555,0,0,"picoseuropa",9,11
"Shrub",1598,0,0,"picoseuropa",9,11
"TempDecF",255911,0,0,"picoseuropa",9,11
"WaterSurf",745,0,0,"picoseuropa",9,11
"AlpScrGr",482406,0,0,"picoseuropa",9,12
"ArtSurf",2498,0,0,"picoseuropa",9,12
"AtlScrub",36212,0,0,"picoseuropa",9,12
"Crop",230,0,0,"picoseuropa",9,12
"Dehesa",57,0,0,"picoseuropa",9,12
"Grass",142707,0,0,"picoseuropa",9,12
"HydroRipVeg",802,0,0,"picoseuropa",9,12
"MedSclF",4578,0,0,"picoseuropa",9,12
"MedScrub",14918,0,0,"picoseuropa",9,12
"Reforestation",1266,0,0,"picoseuropa",9,12
"RipF",953,0,0,"picoseuropa",9,12
"RockScreeVeg",1099,0,0,"picoseuropa",9,12
"SMedMarF",8419,0,0,"picoseuropa",9,12
"Shrub",1532,0,0,"picoseuropa",9,12
"TempDecF",252908,0,0,"picoseuropa",9,12
"WaterSurf",708,0,0,"picoseuropa",9,12
"AlpScrGr",483629,0,0,"picoseuropa",12,1
"ArtSurf",2496,0,0,"picoseuropa",12,1
"AtlScrub",36465,0,0,"picoseuropa",12,1
"Crop",230,0,0,"picoseuropa",12,1
"Dehesa",60,0,0,"picoseuropa",12,1
"Grass",143161,0,0,"picoseuropa",12,1
"HydroRipVeg",808,0,0,"picoseuropa",12,1
"MedSclF",4576,0,0,"picoseuropa",12,1
"MedScrub",14993,0,0,"picoseuropa",12,1
"Reforestation",1264,0,0,"picoseuropa",12,1
"RipF",952,0,0,"picoseuropa",12,1
"RockScreeVeg",1117,0,0,"picoseuropa",12,1
"SMedMarF",8457,0,0,"picoseuropa",12,1
"Shrub",1579,0,0,"picoseuropa",12,1
"TempDecF",253477,0,0,"picoseuropa",12,1
"WaterSurf",715,0,0,"picoseuropa",12,1
"AlpScrGr",487132,0,0,"picoseuropa",12,2
"ArtSurf",2509,0,0,"picoseuropa",12,2
"AtlScrub",36902,0,0,"picoseuropa",12,2
"Crop",230,0,0,"picoseuropa",12,2
"Dehesa",71,0,0,"picoseuropa",12,2
"Grass",144344,0,0,"picoseuropa",12,2
"HydroRipVeg",811,0,0,"picoseuropa",12,2
"MedSclF",5374,0,0,"picoseuropa",12,2
"MedScrub",15105,0,0,"picoseuropa",12,2
"Reforestation",1269,0,0,"picoseuropa",12,2
"RipF",953,0,0,"picoseuropa",12,2
"RockScreeVeg",1134,0,0,"picoseuropa",12,2
"SMedMarF",8552,0,0,"picoseuropa",12,2
"Shrub",1597,0,0,"picoseuropa",12,2
"TempDecF",256029,0,0,"picoseuropa",12,2
"WaterSurf",737,0,0,"picoseuropa",12,2
"AlpScrGr",487768,0,0,"picoseuropa",12,3
"ArtSurf",2510,0,0,"picoseuropa",12,3
"AtlScrub",36927,0,0,"picoseuropa",12,3
"Crop",230,0,0,"picoseuropa",12,3
"Dehesa",71,0,0,"picoseuropa",12,3
"Grass",144481,0,0,"picoseuropa",12,3
"HydroRipVeg",811,0,0,"picoseuropa",12,3
"MedSclF",5590,0,0,"picoseuropa",12,3
"MedScrub",15115,0,0,"picoseuropa",12,3
"Reforestation",1269,0,0,"picoseuropa",12,3
"RipF",953,0,0,"picoseuropa",12,3
"RockScreeVeg",1135,0,0,"picoseuropa",12,3
"SMedMarF",8558,0,0,"picoseuropa",12,3
"Shrub",1599,0,0,"picoseuropa",12,3
"TempDecF",256357,0,0,"picoseuropa",12,3
"WaterSurf",760,0,0,"picoseuropa",12,3
"AlpScrGr",487876,0,0,"picoseuropa",12,4
"ArtSurf",2511,0,0,"picoseuropa",12,4
"AtlScrub",36929,0,0,"picoseuropa",12,4
"Crop",230,0,0,"picoseuropa",12,4
"Dehesa",71,0,0,"picoseuropa",12,4
"Grass",144505,0,0,"picoseuropa",12,4
"HydroRipVeg",811,0,0,"picoseuropa",12,4
"MedSclF",5591,0,0,"picoseuropa",12,4
"MedScrub",15118,0,0,"picoseuropa",12,4
"Reforestation",1269,0,0,"picoseuropa",12,4
"RipF",953,0,0,"picoseuropa",12,4
"RockScreeVeg",1135,0,0,"picoseuropa",12,4
"SMedMarF",8558,0,0,"picoseuropa",12,4
"Shrub",1599,0,0,"picoseuropa",12,4
"TempDecF",256516,0,0,"picoseuropa",12,4
"WaterSurf",763,0,0,"picoseuropa",12,4
"AlpScrGr",487848,0,0,"picoseuropa",12,5
"ArtSurf",2511,0,0,"picoseuropa",12,5
"AtlScrub",36969,0,0,"picoseuropa",12,5
"Crop",230,0,0,"picoseuropa",12,5
"Dehesa",71,0,0,"picoseuropa",12,5
"Grass",144570,0,0,"picoseuropa",12,5
"HydroRipVeg",815,0,0,"picoseuropa",12,5
"MedSclF",5631,0,0,"picoseuropa",12,5
"MedScrub",15123,0,0,"picoseuropa",12,5
"Reforestation",1269,0,0,"picoseuropa",12,5
"RipF",953,0,0,"picoseuropa",12,5
"RockScreeVeg",1135,0,0,"picoseuropa",12,5
"SMedMarF",8558,0,0,"picoseuropa",12,5
"Shrub",1599,0,0,"picoseuropa",12,5
"TempDecF",256687,0,0,"picoseuropa",12,5
"WaterSurf",773,0,0,"picoseuropa",12,5
"AlpScrGr",487273,0,0,"picoseuropa",12,6
"ArtSurf",2511,0,0,"picoseuropa",12,6
"AtlScrub",36969,0,0,"picoseuropa",12,6
"Crop",230,0,0,"picoseuropa",12,6
"Dehesa",71,0,0,"picoseuropa",12,6
"Grass",144593,0,0,"picoseuropa",12,6
"HydroRipVeg",815,0,0,"picoseuropa",12,6
"MedSclF",5631,0,0,"picoseuropa",12,6
"MedScrub",15123,0,0,"picoseuropa",12,6
"Reforestation",1269,0,0,"picoseuropa",12,6
"RipF",953,0,0,"picoseuropa",12,6
"RockScreeVeg",1135,0,0,"picoseuropa",12,6
"SMedMarF",8558,0,0,"picoseuropa",12,6
"Shrub",1599,0,0,"picoseuropa",12,6
"TempDecF",256695,0,0,"picoseuropa",12,6
"WaterSurf",774,0,0,"picoseuropa",12,6
"AlpScrGr",497696,0,0,"picoseuropa",12,7
"ArtSurf",2619,0,0,"picoseuropa",12,7
"AtlScrub",36969,0,0,"picoseuropa",12,7
"Crop",230,0,0,"picoseuropa",12,7
"Dehesa",71,0,0,"picoseuropa",12,7
"Grass",144792,0,0,"picoseuropa",12,7
"HydroRipVeg",815,0,0,"picoseuropa",12,7
"MedSclF",5631,0,0,"picoseuropa",12,7
"MedScrub",15123,0,0,"picoseuropa",12,7
"Reforestation",1269,0,0,"picoseuropa",12,7
"RipF",953,0,0,"picoseuropa",12,7
"RockScreeVeg",1135,0,0,"picoseuropa",12,7
"SMedMarF",8558,0,0,"picoseuropa",12,7
"Shrub",1599,0,0,"picoseuropa",12,7
"TempDecF",256697,0,0,"picoseuropa",12,7
"WaterSurf",774,0,0,"picoseuropa",12,7
"AlpScrGr",504321,0,0,"picoseuropa",12,8
"ArtSurf",2548,0,0,"picoseuropa",12,8
"AtlScrub",36969,0,0,"picoseuropa",12,8
"Crop",230,0,0,"picoseuropa",12,8
"Dehesa",71,0,0,"picoseuropa",12,8
"Grass",144733,0,0,"picoseuropa",12,8
"HydroRipVeg",815,0,0,"picoseuropa",12,8
"MedSclF",5631,0,0,"picoseuropa",12,8
"MedScrub",15121,0,0,"picoseuropa",12,8
"Reforestation",1269,0,0,"picoseuropa",12,8
"RipF",953,0,0,"picoseuropa",12,8
"RockScreeVeg",1135,0,0,"picoseuropa",12,8
"SMedMarF",8558,0,0,"picoseuropa",12,8
"Shrub",1599,0,0,"picoseuropa",12,8
"TempDecF",256675,0,0,"picoseuropa",12,8
"WaterSurf",771,0,0,"picoseuropa",12,8
"AlpScrGr",522100,0,0,"picoseuropa",12,9
"ArtSurf",2727,0,0,"picoseuropa",12,9
"AtlScrub",36964,0,0,"picoseuropa",12,9
"Crop",230,0,0,"picoseuropa",12,9
"Dehesa",71,0,0,"picoseuropa",12,9
"Grass",144813,0,0,"picoseuropa",12,9
"HydroRipVeg",811,0,0,"picoseuropa",12,9
"MedSclF",5617,0,0,"picoseuropa",12,9
"MedScrub",15119,0,0,"picoseuropa",12,9
"Reforestation",1269,0,0,"picoseuropa",12,9
"RipF",953,0,0,"picoseuropa",12,9
"RockScreeVeg",1135,0,0,"picoseuropa",12,9
"SMedMarF",8558,0,0,"picoseuropa",12,9
"Shrub",1599,0,0,"picoseuropa",12,9
"TempDecF",256510,0,0,"picoseuropa",12,9
"WaterSurf",761,0,0,"picoseuropa",12,9
"AlpScrGr",503669,0,0,"picoseuropa",12,10
"ArtSurf",2512,0,0,"picoseuropa",12,10
"AtlScrub",36927,0,0,"picoseuropa",12,10
"Crop",230,0,0,"picoseuropa",12,10
"Dehesa",71,0,0,"picoseuropa",12,10
"Grass",144539,0,0,"picoseuropa",12,10
"HydroRipVeg",811,0,0,"picoseuropa",12,10
"MedSclF",5580,0,0,"picoseuropa",12,10
"MedScrub",15115,0,0,"picoseuropa",12,10
"Reforestation",1269,0,0,"picoseuropa",12,10
"RipF",953,0,0,"picoseuropa",12,10
"RockScreeVeg",1135,0,0,"picoseuropa",12,10
"SMedMarF",8558,0,0,"picoseuropa",12,10
"Shrub",1599,0,0,"picoseuropa",12,10
"TempDecF",256336,0,0,"picoseuropa",12,10
"WaterSurf",752,0,0,"picoseuropa",12,10
"AlpScrGr",486719,0,0,"picoseuropa",12,11
"ArtSurf",2510,0,0,"picoseuropa",12,11
"AtlScrub",36869,0,0,"picoseuropa",12,11
"Crop",230,0,0,"picoseuropa",12,11
"Dehesa",71,0,0,"picoseuropa",12,11
"Grass",144253,0,0,"picoseuropa",12,11
"HydroRipVeg",811,0,0,"picoseuropa",12,11
"MedSclF",5373,0,0,"picoseuropa",12,11
"MedScrub",15082,0,0,"picoseuropa",12,11
"Reforestation",1269,0,0,"picoseuropa",12,11
"RipF",953,0,0,"picoseuropa",12,11
"RockScreeVeg",1132,0,0,"picoseuropa",12,11
"SMedMarF",8555,0,0,"picoseuropa",12,11
"Shrub",1598,0,0,"picoseuropa",12,11
"TempDecF",255911,0,0,"picoseuropa",12,11
"WaterSurf",745,0,0,"picoseuropa",12,11
"AlpScrGr",482406,0,0,"picoseuropa",12,12
"ArtSurf",2498,0,0,"picoseuropa",12,12
"AtlScrub",36212,0,0,"picoseuropa",12,12
"Crop",230,0,0,"picoseuropa",12,12
"Dehesa",57,0,0,"picoseuropa",12,12
"Grass",142707,0,0,"picoseuropa",12,12
"HydroRipVeg",802,0,0,"picoseuropa",12,12
"MedSclF",4578,0,0,"picoseuropa",12,12
"MedScrub",14918,0,0,"picoseuropa",12,12
"Reforestation",1266,0,0,"picoseuropa",12,12
"RipF",953,0,0,"picoseuropa",12,12
"RockScreeVeg",1099,0,0,"picoseuropa",12,12
"SMedMarF",8419,0,0,"picoseuropa",12,12
"Shrub",1532,0,0,"picoseuropa",12,12
"TempDecF",252908,0,0,"picoseuropa",12,12
"WaterSurf",708,0,0,"picoseuropa",12,12
"AlpConF",173794,0,0,"sierranevada",1,1
"AlpScrGr",631034,0,0,"sierranevada",1,1
"AridScr",766,0,0,"sierranevada",1,1
"ArtSurf",8799,0,0,"sierranevada",1,1
"BareArea",50,0,0,"sierranevada",1,1
"Crop",1432,0,0,"sierranevada",1,1
"Grass",77894,0,0,"sierranevada",1,1
"HaloVeg",90,0,0,"sierranevada",1,1
"HydroRipVeg",1442,0,0,"sierranevada",1,1
"MedConF",2985,0,0,"sierranevada",1,1
"MedSclF",38403,0,0,"sierranevada",1,1
"MedScrub",110649,0,0,"sierranevada",1,1
"Reforestation",29222,0,0,"sierranevada",1,1
"RipF",2926,0,0,"sierranevada",1,1
"RockScreeVeg",99111,0,0,"sierranevada",1,1
"SMedMarF",16274,0,0,"sierranevada",1,1
"Shrub",3805,0,0,"sierranevada",1,1
"WaterSurf",246,0,0,"sierranevada",1,1
"AlpConF",173794,12,0.01,"sierranevada",1,2
"AlpScrGr",631149,1684,0.27,"sierranevada",1,2
"AridScr",773,0,0,"sierranevada",1,2
"ArtSurf",8799,10,0.11,"sierranevada",1,2
"BareArea",50,0,0,"sierranevada",1,2
"Crop",1432,0,0,"sierranevada",1,2
"Grass",77900,153,0.2,"sierranevada",1,2
"HaloVeg",90,0,0,"sierranevada",1,2
"HydroRipVeg",1447,0,0,"sierranevada",1,2
"MedConF",2985,0,0,"sierranevada",1,2
"MedSclF",38437,61,0.16,"sierranevada",1,2
"MedScrub",110663,231,0.21,"sierranevada",1,2
"Reforestation",29226,2,0.01,"sierranevada",1,2
"RipF",2930,0,0,"sierranevada",1,2
"RockScreeVeg",99119,2107,2.13,"sierranevada",1,2
"SMedMarF",16274,0,0,"sierranevada",1,2
"Shrub",3805,0,0,"sierranevada",1,2
"WaterSurf",246,24,9.76,"sierranevada",1,2
"AlpConF",173796,0,0,"sierranevada",1,3
"AlpScrGr",631177,0,0,"sierranevada",1,3
"AridScr",774,0,0,"sierranevada",1,3
"ArtSurf",8799,0,0,"sierranevada",1,3
"BareArea",50,0,0,"sierranevada",1,3
"Crop",1432,0,0,"sierranevada",1,3
"Grass",77900,0,0,"sierranevada",1,3
"HaloVeg",90,0,0,"sierranevada",1,3
"HydroRipVeg",1448,0,0,"sierranevada",1,3
"MedConF",2985,0,0,"sierranevada",1,3
"MedSclF",38437,0,0,"sierranevada",1,3
"MedScrub",110663,0,0,"sierranevada",1,3
"Reforestation",29226,0,0,"sierranevada",1,3
"RipF",2930,0,0,"sierranevada",1,3
"RockScreeVeg",99121,0,0,"sierranevada",1,3
"SMedMarF",16274,0,0,"sierranevada",1,3
"Shrub",3805,0,0,"sierranevada",1,3
"WaterSurf",246,0,0,"sierranevada",1,3
"AlpConF",173796,0,0,"sierranevada",1,4
"AlpScrGr",631177,0,0,"sierranevada",1,4
"AridScr",774,0,0,"sierranevada",1,4
"ArtSurf",8799,0,0,"sierranevada",1,4
"BareArea",50,0,0,"sierranevada",1,4
"Crop",1432,0,0,"sierranevada",1,4
"Grass",77900,0,0,"sierranevada",1,4
"HaloVeg",90,0,0,"sierranevada",1,4
"HydroRipVeg",1448,0,0,"sierranevada",1,4
"MedConF",2985,0,0,"sierranevada",1,4
"MedSclF",38437,0,0,"sierranevada",1,4
"MedScrub",110663,0,0,"sierranevada",1,4
"Reforestation",29226,0,0,"sierranevada",1,4
"RipF",2930,0,0,"sierranevada",1,4
"RockScreeVeg",99121,0,0,"sierranevada",1,4
"SMedMarF",16274,0,0,"sierranevada",1,4
"Shrub",3805,0,0,"sierranevada",1,4
"WaterSurf",246,0,0,"sierranevada",1,4
"AlpConF",173796,0,0,"sierranevada",1,5
"AlpScrGr",631177,0,0,"sierranevada",1,5
"AridScr",774,0,0,"sierranevada",1,5
"ArtSurf",8799,0,0,"sierranevada",1,5
"BareArea",50,0,0,"sierranevada",1,5
"Crop",1432,0,0,"sierranevada",1,5
"Grass",77900,0,0,"sierranevada",1,5
"HaloVeg",90,0,0,"sierranevada",1,5
"HydroRipVeg",1448,0,0,"sierranevada",1,5
"MedConF",2985,0,0,"sierranevada",1,5
"MedSclF",38437,0,0,"sierranevada",1,5
"MedScrub",110663,0,0,"sierranevada",1,5
"Reforestation",29226,0,0,"sierranevada",1,5
"RipF",2930,0,0,"sierranevada",1,5
"RockScreeVeg",99121,0,0,"sierranevada",1,5
"SMedMarF",16274,0,0,"sierranevada",1,5
"Shrub",3805,0,0,"sierranevada",1,5
"WaterSurf",246,0,0,"sierranevada",1,5
"AlpConF",173796,0,0,"sierranevada",1,6
"AlpScrGr",631177,0,0,"sierranevada",1,6
"AridScr",774,0,0,"sierranevada",1,6
"ArtSurf",8799,0,0,"sierranevada",1,6
"BareArea",50,0,0,"sierranevada",1,6
"Crop",1432,0,0,"sierranevada",1,6
"Grass",77900,0,0,"sierranevada",1,6
"HaloVeg",90,0,0,"sierranevada",1,6
"HydroRipVeg",1448,0,0,"sierranevada",1,6
"MedConF",2985,0,0,"sierranevada",1,6
"MedSclF",38437,0,0,"sierranevada",1,6
"MedScrub",110663,0,0,"sierranevada",1,6
"Reforestation",29226,0,0,"sierranevada",1,6
"RipF",2930,0,0,"sierranevada",1,6
"RockScreeVeg",99121,0,0,"sierranevada",1,6
"SMedMarF",16274,0,0,"sierranevada",1,6
"Shrub",3805,0,0,"sierranevada",1,6
"WaterSurf",246,0,0,"sierranevada",1,6
"AlpConF",173796,0,0,"sierranevada",1,7
"AlpScrGr",631181,0,0,"sierranevada",1,7
"AridScr",774,0,0,"sierranevada",1,7
"ArtSurf",8799,0,0,"sierranevada",1,7
"BareArea",50,0,0,"sierranevada",1,7
"Crop",1432,0,0,"sierranevada",1,7
"Grass",77900,0,0,"sierranevada",1,7
"HaloVeg",90,0,0,"sierranevada",1,7
"HydroRipVeg",1448,0,0,"sierranevada",1,7
"MedConF",2985,0,0,"sierranevada",1,7
"MedSclF",38437,0,0,"sierranevada",1,7
"MedScrub",110663,0,0,"sierranevada",1,7
"Reforestation",29226,0,0,"sierranevada",1,7
"RipF",2930,0,0,"sierranevada",1,7
"RockScreeVeg",99121,0,0,"sierranevada",1,7
"SMedMarF",16274,0,0,"sierranevada",1,7
"Shrub",3805,0,0,"sierranevada",1,7
"WaterSurf",246,0,0,"sierranevada",1,7
"AlpConF",173796,0,0,"sierranevada",1,8
"AlpScrGr",631178,0,0,"sierranevada",1,8
"AridScr",774,0,0,"sierranevada",1,8
"ArtSurf",8799,0,0,"sierranevada",1,8
"BareArea",50,0,0,"sierranevada",1,8
"Crop",1432,0,0,"sierranevada",1,8
"Grass",77900,0,0,"sierranevada",1,8
"HaloVeg",90,0,0,"sierranevada",1,8
"HydroRipVeg",1448,0,0,"sierranevada",1,8
"MedConF",2985,0,0,"sierranevada",1,8
"MedSclF",38437,0,0,"sierranevada",1,8
"MedScrub",110663,0,0,"sierranevada",1,8
"Reforestation",29226,0,0,"sierranevada",1,8
"RipF",2930,0,0,"sierranevada",1,8
"RockScreeVeg",99121,0,0,"sierranevada",1,8
"SMedMarF",16274,0,0,"sierranevada",1,8
"Shrub",3805,0,0,"sierranevada",1,8
"WaterSurf",246,0,0,"sierranevada",1,8
"AlpConF",173796,438,0.25,"sierranevada",1,9
"AlpScrGr",631177,12,0,"sierranevada",1,9
"AridScr",774,0,0,"sierranevada",1,9
"ArtSurf",8799,1,0.01,"sierranevada",1,9
"BareArea",50,0,0,"sierranevada",1,9
"Crop",1432,0,0,"sierranevada",1,9
"Grass",77900,2,0,"sierranevada",1,9
"HaloVeg",90,0,0,"sierranevada",1,9
"HydroRipVeg",1448,0,0,"sierranevada",1,9
"MedConF",2985,0,0,"sierranevada",1,9
"MedSclF",38437,0,0,"sierranevada",1,9
"MedScrub",110663,0,0,"sierranevada",1,9
"Reforestation",29226,14,0.05,"sierranevada",1,9
"RipF",2930,0,0,"sierranevada",1,9
"RockScreeVeg",99121,0,0,"sierranevada",1,9
"SMedMarF",16274,0,0,"sierranevada",1,9
"Shrub",3805,1,0.03,"sierranevada",1,9
"WaterSurf",246,0,0,"sierranevada",1,9
"AlpConF",173796,0,0,"sierranevada",1,10
"AlpScrGr",631178,0,0,"sierranevada",1,10
"AridScr",774,0,0,"sierranevada",1,10
"ArtSurf",8799,0,0,"sierranevada",1,10
"BareArea",50,0,0,"sierranevada",1,10
"Crop",1432,0,0,"sierranevada",1,10
"Grass",77900,0,0,"sierranevada",1,10
"HaloVeg",90,0,0,"sierranevada",1,10
"HydroRipVeg",1448,0,0,"sierranevada",1,10
"MedConF",2985,0,0,"sierranevada",1,10
"MedSclF",38437,0,0,"sierranevada",1,10
"MedScrub",110663,0,0,"sierranevada",1,10
"Reforestation",29226,0,0,"sierranevada",1,10
"RipF",2930,0,0,"sierranevada",1,10
"RockScreeVeg",99121,0,0,"sierranevada",1,10
"SMedMarF",16274,0,0,"sierranevada",1,10
"Shrub",3805,0,0,"sierranevada",1,10
"WaterSurf",246,0,0,"sierranevada",1,10
"AlpConF",173794,0,0,"sierranevada",1,11
"AlpScrGr",631149,0,0,"sierranevada",1,11
"AridScr",772,0,0,"sierranevada",1,11
"ArtSurf",8799,0,0,"sierranevada",1,11
"BareArea",50,0,0,"sierranevada",1,11
"Crop",1432,0,0,"sierranevada",1,11
"Grass",77897,0,0,"sierranevada",1,11
"HaloVeg",90,0,0,"sierranevada",1,11
"HydroRipVeg",1448,0,0,"sierranevada",1,11
"MedConF",2985,0,0,"sierranevada",1,11
"MedSclF",38428,0,0,"sierranevada",1,11
"MedScrub",110657,0,0,"sierranevada",1,11
"Reforestation",29224,0,0,"sierranevada",1,11
"RipF",2930,0,0,"sierranevada",1,11
"RockScreeVeg",99119,0,0,"sierranevada",1,11
"SMedMarF",16274,0,0,"sierranevada",1,11
"Shrub",3805,0,0,"sierranevada",1,11
"WaterSurf",246,0,0,"sierranevada",1,11
"AlpConF",173767,0,0,"sierranevada",1,12
"AlpScrGr",631026,0,0,"sierranevada",1,12
"AridScr",763,0,0,"sierranevada",1,12
"ArtSurf",8799,0,0,"sierranevada",1,12
"BareArea",50,0,0,"sierranevada",1,12
"Crop",1432,0,0,"sierranevada",1,12
"Grass",77879,0,0,"sierranevada",1,12
"HaloVeg",90,0,0,"sierranevada",1,12
"HydroRipVeg",1442,0,0,"sierranevada",1,12
"MedConF",2985,0,0,"sierranevada",1,12
"MedSclF",38375,0,0,"sierranevada",1,12
"MedScrub",110617,0,0,"sierranevada",1,12
"Reforestation",29221,0,0,"sierranevada",1,12
"RipF",2928,0,0,"sierranevada",1,12
"RockScreeVeg",99098,0,0,"sierranevada",1,12
"SMedMarF",16272,0,0,"sierranevada",1,12
"Shrub",3805,0,0,"sierranevada",1,12
"WaterSurf",246,0,0,"sierranevada",1,12
"AlpConF",173794,0,0,"sierranevada",3,1
"AlpScrGr",631034,0,0,"sierranevada",3,1
"AridScr",766,0,0,"sierranevada",3,1
"ArtSurf",8799,0,0,"sierranevada",3,1
"BareArea",50,0,0,"sierranevada",3,1
"Crop",1432,0,0,"sierranevada",3,1
"Grass",77894,0,0,"sierranevada",3,1
"HaloVeg",90,0,0,"sierranevada",3,1
"HydroRipVeg",1442,0,0,"sierranevada",3,1
"MedConF",2985,0,0,"sierranevada",3,1
"MedSclF",38403,0,0,"sierranevada",3,1
"MedScrub",110649,0,0,"sierranevada",3,1
"Reforestation",29222,0,0,"sierranevada",3,1
"RipF",2926,0,0,"sierranevada",3,1
"RockScreeVeg",99111,0,0,"sierranevada",3,1
"SMedMarF",16274,0,0,"sierranevada",3,1
"Shrub",3805,0,0,"sierranevada",3,1
"WaterSurf",246,0,0,"sierranevada",3,1
"AlpConF",173794,2,0,"sierranevada",3,2
"AlpScrGr",631149,82,0.01,"sierranevada",3,2
"AridScr",773,0,0,"sierranevada",3,2
"ArtSurf",8799,4,0.05,"sierranevada",3,2
"BareArea",50,0,0,"sierranevada",3,2
"Crop",1432,0,0,"sierranevada",3,2
"Grass",77900,11,0.01,"sierranevada",3,2
"HaloVeg",90,0,0,"sierranevada",3,2
"HydroRipVeg",1447,0,0,"sierranevada",3,2
"MedConF",2985,0,0,"sierranevada",3,2
"MedSclF",38437,7,0.02,"sierranevada",3,2
"MedScrub",110663,87,0.08,"sierranevada",3,2
"Reforestation",29226,0,0,"sierranevada",3,2
"RipF",2930,0,0,"sierranevada",3,2
"RockScreeVeg",99119,189,0.19,"sierranevada",3,2
"SMedMarF",16274,0,0,"sierranevada",3,2
"Shrub",3805,0,0,"sierranevada",3,2
"WaterSurf",246,0,0,"sierranevada",3,2
"AlpConF",173796,12,0.01,"sierranevada",3,3
"AlpScrGr",631177,1222,0.19,"sierranevada",3,3
"AridScr",774,0,0,"sierranevada",3,3
"ArtSurf",8799,3,0.03,"sierranevada",3,3
"BareArea",50,0,0,"sierranevada",3,3
"Crop",1432,0,0,"sierranevada",3,3
"Grass",77900,66,0.08,"sierranevada",3,3
"HaloVeg",90,0,0,"sierranevada",3,3
"HydroRipVeg",1448,1,0.07,"sierranevada",3,3
"MedConF",2985,0,0,"sierranevada",3,3
"MedSclF",38437,5,0.01,"sierranevada",3,3
"MedScrub",110663,9,0.01,"sierranevada",3,3
"Reforestation",29226,0,0,"sierranevada",3,3
"RipF",2930,0,0,"sierranevada",3,3
"RockScreeVeg",99121,868,0.88,"sierranevada",3,3
"SMedMarF",16274,0,0,"sierranevada",3,3
"Shrub",3805,0,0,"sierranevada",3,3
"WaterSurf",246,1,0.41,"sierranevada",3,3
"AlpConF",173796,0,0,"sierranevada",3,4
"AlpScrGr",631177,0,0,"sierranevada",3,4
"AridScr",774,0,0,"sierranevada",3,4
"ArtSurf",8799,0,0,"sierranevada",3,4
"BareArea",50,0,0,"sierranevada",3,4
"Crop",1432,0,0,"sierranevada",3,4
"Grass",77900,0,0,"sierranevada",3,4
"HaloVeg",90,0,0,"sierranevada",3,4
"HydroRipVeg",1448,0,0,"sierranevada",3,4
"MedConF",2985,0,0,"sierranevada",3,4
"MedSclF",38437,0,0,"sierranevada",3,4
"MedScrub",110663,0,0,"sierranevada",3,4
"Reforestation",29226,0,0,"sierranevada",3,4
"RipF",2930,0,0,"sierranevada",3,4
"RockScreeVeg",99121,0,0,"sierranevada",3,4
"SMedMarF",16274,0,0,"sierranevada",3,4
"Shrub",3805,0,0,"sierranevada",3,4
"WaterSurf",246,0,0,"sierranevada",3,4
"AlpConF",173796,0,0,"sierranevada",3,5
"AlpScrGr",631177,0,0,"sierranevada",3,5
"AridScr",774,0,0,"sierranevada",3,5
"ArtSurf",8799,0,0,"sierranevada",3,5
"BareArea",50,0,0,"sierranevada",3,5
"Crop",1432,0,0,"sierranevada",3,5
"Grass",77900,0,0,"sierranevada",3,5
"HaloVeg",90,0,0,"sierranevada",3,5
"HydroRipVeg",1448,0,0,"sierranevada",3,5
"MedConF",2985,0,0,"sierranevada",3,5
"MedSclF",38437,0,0,"sierranevada",3,5
"MedScrub",110663,0,0,"sierranevada",3,5
"Reforestation",29226,0,0,"sierranevada",3,5
"RipF",2930,0,0,"sierranevada",3,5
"RockScreeVeg",99121,0,0,"sierranevada",3,5
"SMedMarF",16274,0,0,"sierranevada",3,5
"Shrub",3805,0,0,"sierranevada",3,5
"WaterSurf",246,0,0,"sierranevada",3,5
"AlpConF",173796,0,0,"sierranevada",3,6
"AlpScrGr",631177,0,0,"sierranevada",3,6
"AridScr",774,0,0,"sierranevada",3,6
"ArtSurf",8799,0,0,"sierranevada",3,6
"BareArea",50,0,0,"sierranevada",3,6
"Crop",1432,0,0,"sierranevada",3,6
"Grass",77900,0,0,"sierranevada",3,6
"HaloVeg",90,0,0,"sierranevada",3,6
"HydroRipVeg",1448,0,0,"sierranevada",3,6
"MedConF",2985,0,0,"sierranevada",3,6
"MedSclF",38437,0,0,"sierranevada",3,6
"MedScrub",110663,0,0,"sierranevada",3,6
"Reforestation",29226,0,0,"sierranevada",3,6
"RipF",2930,0,0,"sierranevada",3,6
"RockScreeVeg",99121,0,0,"sierranevada",3,6
"SMedMarF",16274,0,0,"sierranevada",3,6
"Shrub",3805,0,0,"sierranevada",3,6
"WaterSurf",246,0,0,"sierranevada",3,6
"AlpConF",173796,3637,2.09,"sierranevada",3,7
"AlpScrGr",631181,154771,24.52,"sierranevada",3,7
"AridScr",774,63,8.14,"sierranevada",3,7
"ArtSurf",8799,507,5.76,"sierranevada",3,7
"BareArea",50,7,14,"sierranevada",3,7
"Crop",1432,239,16.69,"sierranevada",3,7
"Grass",77900,5921,7.6,"sierranevada",3,7
"HaloVeg",90,31,34.44,"sierranevada",3,7
"HydroRipVeg",1448,254,17.54,"sierranevada",3,7
"MedConF",2985,22,0.74,"sierranevada",3,7
"MedSclF",38437,2041,5.31,"sierranevada",3,7
"MedScrub",110663,16969,15.33,"sierranevada",3,7
"Reforestation",29226,827,2.83,"sierranevada",3,7
"RipF",2930,225,7.68,"sierranevada",3,7
"RockScreeVeg",99121,3261,3.29,"sierranevada",3,7
"SMedMarF",16274,439,2.7,"sierranevada",3,7
"Shrub",3805,816,21.45,"sierranevada",3,7
"WaterSurf",246,1,0.41,"sierranevada",3,7
"AlpConF",173796,0,0,"sierranevada",3,8
"AlpScrGr",631178,0,0,"sierranevada",3,8
"AridScr",774,0,0,"sierranevada",3,8
"ArtSurf",8799,0,0,"sierranevada",3,8
"BareArea",50,0,0,"sierranevada",3,8
"Crop",1432,0,0,"sierranevada",3,8
"Grass",77900,0,0,"sierranevada",3,8
"HaloVeg",90,0,0,"sierranevada",3,8
"HydroRipVeg",1448,0,0,"sierranevada",3,8
"MedConF",2985,0,0,"sierranevada",3,8
"MedSclF",38437,0,0,"sierranevada",3,8
"MedScrub",110663,0,0,"sierranevada",3,8
"Reforestation",29226,0,0,"sierranevada",3,8
"RipF",2930,0,0,"sierranevada",3,8
"RockScreeVeg",99121,0,0,"sierranevada",3,8
"SMedMarF",16274,0,0,"sierranevada",3,8
"Shrub",3805,0,0,"sierranevada",3,8
"WaterSurf",246,0,0,"sierranevada",3,8
"AlpConF",173796,0,0,"sierranevada",3,9
"AlpScrGr",631177,0,0,"sierranevada",3,9
"AridScr",774,0,0,"sierranevada",3,9
"ArtSurf",8799,0,0,"sierranevada",3,9
"BareArea",50,0,0,"sierranevada",3,9
"Crop",1432,0,0,"sierranevada",3,9
"Grass",77900,0,0,"sierranevada",3,9
"HaloVeg",90,0,0,"sierranevada",3,9
"HydroRipVeg",1448,0,0,"sierranevada",3,9
"MedConF",2985,0,0,"sierranevada",3,9
"MedSclF",38437,0,0,"sierranevada",3,9
"MedScrub",110663,0,0,"sierranevada",3,9
"Reforestation",29226,0,0,"sierranevada",3,9
"RipF",2930,0,0,"sierranevada",3,9
"RockScreeVeg",99121,0,0,"sierranevada",3,9
"SMedMarF",16274,0,0,"sierranevada",3,9
"Shrub",3805,0,0,"sierranevada",3,9
"WaterSurf",246,0,0,"sierranevada",3,9
"AlpConF",173796,0,0,"sierranevada",3,10
"AlpScrGr",631178,0,0,"sierranevada",3,10
"AridScr",774,0,0,"sierranevada",3,10
"ArtSurf",8799,0,0,"sierranevada",3,10
"BareArea",50,0,0,"sierranevada",3,10
"Crop",1432,0,0,"sierranevada",3,10
"Grass",77900,0,0,"sierranevada",3,10
"HaloVeg",90,0,0,"sierranevada",3,10
"HydroRipVeg",1448,0,0,"sierranevada",3,10
"MedConF",2985,0,0,"sierranevada",3,10
"MedSclF",38437,0,0,"sierranevada",3,10
"MedScrub",110663,0,0,"sierranevada",3,10
"Reforestation",29226,0,0,"sierranevada",3,10
"RipF",2930,0,0,"sierranevada",3,10
"RockScreeVeg",99121,0,0,"sierranevada",3,10
"SMedMarF",16274,0,0,"sierranevada",3,10
"Shrub",3805,0,0,"sierranevada",3,10
"WaterSurf",246,0,0,"sierranevada",3,10
"AlpConF",173794,0,0,"sierranevada",3,11
"AlpScrGr",631149,0,0,"sierranevada",3,11
"AridScr",772,0,0,"sierranevada",3,11
"ArtSurf",8799,0,0,"sierranevada",3,11
"BareArea",50,0,0,"sierranevada",3,11
"Crop",1432,0,0,"sierranevada",3,11
"Grass",77897,0,0,"sierranevada",3,11
"HaloVeg",90,0,0,"sierranevada",3,11
"HydroRipVeg",1448,0,0,"sierranevada",3,11
"MedConF",2985,0,0,"sierranevada",3,11
"MedSclF",38428,0,0,"sierranevada",3,11
"MedScrub",110657,0,0,"sierranevada",3,11
"Reforestation",29224,0,0,"sierranevada",3,11
"RipF",2930,0,0,"sierranevada",3,11
"RockScreeVeg",99119,0,0,"sierranevada",3,11
"SMedMarF",16274,0,0,"sierranevada",3,11
"Shrub",3805,0,0,"sierranevada",3,11
"WaterSurf",246,0,0,"sierranevada",3,11
"AlpConF",173767,0,0,"sierranevada",3,12
"AlpScrGr",631026,0,0,"sierranevada",3,12
"AridScr",763,0,0,"sierranevada",3,12
"ArtSurf",8799,0,0,"sierranevada",3,12
"BareArea",50,0,0,"sierranevada",3,12
"Crop",1432,0,0,"sierranevada",3,12
"Grass",77879,0,0,"sierranevada",3,12
"HaloVeg",90,0,0,"sierranevada",3,12
"HydroRipVeg",1442,0,0,"sierranevada",3,12
"MedConF",2985,0,0,"sierranevada",3,12
"MedSclF",38375,0,0,"sierranevada",3,12
"MedScrub",110617,0,0,"sierranevada",3,12
"Reforestation",29221,0,0,"sierranevada",3,12
"RipF",2928,0,0,"sierranevada",3,12
"RockScreeVeg",99098,0,0,"sierranevada",3,12
"SMedMarF",16272,0,0,"sierranevada",3,12
"Shrub",3805,0,0,"sierranevada",3,12
"WaterSurf",246,0,0,"sierranevada",3,12
"AlpConF",173794,0,0,"sierranevada",6,1
"AlpScrGr",631034,0,0,"sierranevada",6,1
"AridScr",766,0,0,"sierranevada",6,1
"ArtSurf",8799,0,0,"sierranevada",6,1
"BareArea",50,0,0,"sierranevada",6,1
"Crop",1432,0,0,"sierranevada",6,1
"Grass",77894,0,0,"sierranevada",6,1
"HaloVeg",90,0,0,"sierranevada",6,1
"HydroRipVeg",1442,0,0,"sierranevada",6,1
"MedConF",2985,0,0,"sierranevada",6,1
"MedSclF",38403,0,0,"sierranevada",6,1
"MedScrub",110649,0,0,"sierranevada",6,1
"Reforestation",29222,0,0,"sierranevada",6,1
"RipF",2926,0,0,"sierranevada",6,1
"RockScreeVeg",99111,0,0,"sierranevada",6,1
"SMedMarF",16274,0,0,"sierranevada",6,1
"Shrub",3805,0,0,"sierranevada",6,1
"WaterSurf",246,0,0,"sierranevada",6,1
"AlpConF",173794,0,0,"sierranevada",6,2
"AlpScrGr",631149,0,0,"sierranevada",6,2
"AridScr",773,0,0,"sierranevada",6,2
"ArtSurf",8799,0,0,"sierranevada",6,2
"BareArea",50,0,0,"sierranevada",6,2
"Crop",1432,0,0,"sierranevada",6,2
"Grass",77900,0,0,"sierranevada",6,2
"HaloVeg",90,0,0,"sierranevada",6,2
"HydroRipVeg",1447,0,0,"sierranevada",6,2
"MedConF",2985,0,0,"sierranevada",6,2
"MedSclF",38437,0,0,"sierranevada",6,2
"MedScrub",110663,0,0,"sierranevada",6,2
"Reforestation",29226,0,0,"sierranevada",6,2
"RipF",2930,0,0,"sierranevada",6,2
"RockScreeVeg",99119,0,0,"sierranevada",6,2
"SMedMarF",16274,0,0,"sierranevada",6,2
"Shrub",3805,0,0,"sierranevada",6,2
"WaterSurf",246,0,0,"sierranevada",6,2
"AlpConF",173796,0,0,"sierranevada",6,3
"AlpScrGr",631177,0,0,"sierranevada",6,3
"AridScr",774,0,0,"sierranevada",6,3
"ArtSurf",8799,0,0,"sierranevada",6,3
"BareArea",50,0,0,"sierranevada",6,3
"Crop",1432,0,0,"sierranevada",6,3
"Grass",77900,0,0,"sierranevada",6,3
"HaloVeg",90,0,0,"sierranevada",6,3
"HydroRipVeg",1448,0,0,"sierranevada",6,3
"MedConF",2985,0,0,"sierranevada",6,3
"MedSclF",38437,0,0,"sierranevada",6,3
"MedScrub",110663,0,0,"sierranevada",6,3
"Reforestation",29226,0,0,"sierranevada",6,3
"RipF",2930,0,0,"sierranevada",6,3
"RockScreeVeg",99121,0,0,"sierranevada",6,3
"SMedMarF",16274,0,0,"sierranevada",6,3
"Shrub",3805,0,0,"sierranevada",6,3
"WaterSurf",246,0,0,"sierranevada",6,3
"AlpConF",173796,0,0,"sierranevada",6,4
"AlpScrGr",631177,0,0,"sierranevada",6,4
"AridScr",774,0,0,"sierranevada",6,4
"ArtSurf",8799,0,0,"sierranevada",6,4
"BareArea",50,0,0,"sierranevada",6,4
"Crop",1432,0,0,"sierranevada",6,4
"Grass",77900,0,0,"sierranevada",6,4
"HaloVeg",90,0,0,"sierranevada",6,4
"HydroRipVeg",1448,0,0,"sierranevada",6,4
"MedConF",2985,0,0,"sierranevada",6,4
"MedSclF",38437,0,0,"sierranevada",6,4
"MedScrub",110663,0,0,"sierranevada",6,4
"Reforestation",29226,0,0,"sierranevada",6,4
"RipF",2930,0,0,"sierranevada",6,4
"RockScreeVeg",99121,0,0,"sierranevada",6,4
"SMedMarF",16274,0,0,"sierranevada",6,4
"Shrub",3805,0,0,"sierranevada",6,4
"WaterSurf",246,0,0,"sierranevada",6,4
"AlpConF",173796,7,0,"sierranevada",6,5
"AlpScrGr",631177,3,0,"sierranevada",6,5
"AridScr",774,0,0,"sierranevada",6,5
"ArtSurf",8799,0,0,"sierranevada",6,5
"BareArea",50,0,0,"sierranevada",6,5
"Crop",1432,0,0,"sierranevada",6,5
"Grass",77900,0,0,"sierranevada",6,5
"HaloVeg",90,0,0,"sierranevada",6,5
"HydroRipVeg",1448,0,0,"sierranevada",6,5
"MedConF",2985,0,0,"sierranevada",6,5
"MedSclF",38437,0,0,"sierranevada",6,5
"MedScrub",110663,0,0,"sierranevada",6,5
"Reforestation",29226,0,0,"sierranevada",6,5
"RipF",2930,0,0,"sierranevada",6,5
"RockScreeVeg",99121,0,0,"sierranevada",6,5
"SMedMarF",16274,0,0,"sierranevada",6,5
"Shrub",3805,0,0,"sierranevada",6,5
"WaterSurf",246,0,0,"sierranevada",6,5
"AlpConF",173796,0,0,"sierranevada",6,6
"AlpScrGr",631177,0,0,"sierranevada",6,6
"AridScr",774,0,0,"sierranevada",6,6
"ArtSurf",8799,0,0,"sierranevada",6,6
"BareArea",50,0,0,"sierranevada",6,6
"Crop",1432,0,0,"sierranevada",6,6
"Grass",77900,0,0,"sierranevada",6,6
"HaloVeg",90,0,0,"sierranevada",6,6
"HydroRipVeg",1448,0,0,"sierranevada",6,6
"MedConF",2985,0,0,"sierranevada",6,6
"MedSclF",38437,0,0,"sierranevada",6,6
"MedScrub",110663,0,0,"sierranevada",6,6
"Reforestation",29226,0,0,"sierranevada",6,6
"RipF",2930,0,0,"sierranevada",6,6
"RockScreeVeg",99121,0,0,"sierranevada",6,6
"SMedMarF",16274,0,0,"sierranevada",6,6
"Shrub",3805,0,0,"sierranevada",6,6
"WaterSurf",246,0,0,"sierranevada",6,6
"AlpConF",173796,0,0,"sierranevada",6,7
"AlpScrGr",631181,0,0,"sierranevada",6,7
"AridScr",774,0,0,"sierranevada",6,7
"ArtSurf",8799,0,0,"sierranevada",6,7
"BareArea",50,0,0,"sierranevada",6,7
"Crop",1432,0,0,"sierranevada",6,7
"Grass",77900,0,0,"sierranevada",6,7
"HaloVeg",90,0,0,"sierranevada",6,7
"HydroRipVeg",1448,0,0,"sierranevada",6,7
"MedConF",2985,0,0,"sierranevada",6,7
"MedSclF",38437,0,0,"sierranevada",6,7
"MedScrub",110663,0,0,"sierranevada",6,7
"Reforestation",29226,0,0,"sierranevada",6,7
"RipF",2930,0,0,"sierranevada",6,7
"RockScreeVeg",99121,0,0,"sierranevada",6,7
"SMedMarF",16274,0,0,"sierranevada",6,7
"Shrub",3805,0,0,"sierranevada",6,7
"WaterSurf",246,0,0,"sierranevada",6,7
"AlpConF",173796,0,0,"sierranevada",6,8
"AlpScrGr",631178,0,0,"sierranevada",6,8
"AridScr",774,0,0,"sierranevada",6,8
"ArtSurf",8799,0,0,"sierranevada",6,8
"BareArea",50,0,0,"sierranevada",6,8
"Crop",1432,0,0,"sierranevada",6,8
"Grass",77900,0,0,"sierranevada",6,8
"HaloVeg",90,0,0,"sierranevada",6,8
"HydroRipVeg",1448,0,0,"sierranevada",6,8
"MedConF",2985,0,0,"sierranevada",6,8
"MedSclF",38437,0,0,"sierranevada",6,8
"MedScrub",110663,0,0,"sierranevada",6,8
"Reforestation",29226,0,0,"sierranevada",6,8
"RipF",2930,0,0,"sierranevada",6,8
"RockScreeVeg",99121,0,0,"sierranevada",6,8
"SMedMarF",16274,0,0,"sierranevada",6,8
"Shrub",3805,0,0,"sierranevada",6,8
"WaterSurf",246,0,0,"sierranevada",6,8
"AlpConF",173796,0,0,"sierranevada",6,9
"AlpScrGr",631177,0,0,"sierranevada",6,9
"AridScr",774,0,0,"sierranevada",6,9
"ArtSurf",8799,0,0,"sierranevada",6,9
"BareArea",50,0,0,"sierranevada",6,9
"Crop",1432,0,0,"sierranevada",6,9
"Grass",77900,0,0,"sierranevada",6,9
"HaloVeg",90,0,0,"sierranevada",6,9
"HydroRipVeg",1448,0,0,"sierranevada",6,9
"MedConF",2985,0,0,"sierranevada",6,9
"MedSclF",38437,0,0,"sierranevada",6,9
"MedScrub",110663,0,0,"sierranevada",6,9
"Reforestation",29226,0,0,"sierranevada",6,9
"RipF",2930,0,0,"sierranevada",6,9
"RockScreeVeg",99121,0,0,"sierranevada",6,9
"SMedMarF",16274,0,0,"sierranevada",6,9
"Shrub",3805,0,0,"sierranevada",6,9
"WaterSurf",246,0,0,"sierranevada",6,9
"AlpConF",173796,0,0,"sierranevada",6,10
"AlpScrGr",631178,0,0,"sierranevada",6,10
"AridScr",774,0,0,"sierranevada",6,10
"ArtSurf",8799,0,0,"sierranevada",6,10
"BareArea",50,0,0,"sierranevada",6,10
"Crop",1432,0,0,"sierranevada",6,10
"Grass",77900,0,0,"sierranevada",6,10
"HaloVeg",90,0,0,"sierranevada",6,10
"HydroRipVeg",1448,0,0,"sierranevada",6,10
"MedConF",2985,0,0,"sierranevada",6,10
"MedSclF",38437,0,0,"sierranevada",6,10
"MedScrub",110663,0,0,"sierranevada",6,10
"Reforestation",29226,0,0,"sierranevada",6,10
"RipF",2930,0,0,"sierranevada",6,10
"RockScreeVeg",99121,0,0,"sierranevada",6,10
"SMedMarF",16274,0,0,"sierranevada",6,10
"Shrub",3805,0,0,"sierranevada",6,10
"WaterSurf",246,0,0,"sierranevada",6,10
"AlpConF",173794,0,0,"sierranevada",6,11
"AlpScrGr",631149,0,0,"sierranevada",6,11
"AridScr",772,0,0,"sierranevada",6,11
"ArtSurf",8799,0,0,"sierranevada",6,11
"BareArea",50,0,0,"sierranevada",6,11
"Crop",1432,0,0,"sierranevada",6,11
"Grass",77897,0,0,"sierranevada",6,11
"HaloVeg",90,0,0,"sierranevada",6,11
"HydroRipVeg",1448,0,0,"sierranevada",6,11
"MedConF",2985,0,0,"sierranevada",6,11
"MedSclF",38428,0,0,"sierranevada",6,11
"MedScrub",110657,0,0,"sierranevada",6,11
"Reforestation",29224,0,0,"sierranevada",6,11
"RipF",2930,0,0,"sierranevada",6,11
"RockScreeVeg",99119,0,0,"sierranevada",6,11
"SMedMarF",16274,0,0,"sierranevada",6,11
"Shrub",3805,0,0,"sierranevada",6,11
"WaterSurf",246,0,0,"sierranevada",6,11
"AlpConF",173767,0,0,"sierranevada",6,12
"AlpScrGr",631026,0,0,"sierranevada",6,12
"AridScr",763,0,0,"sierranevada",6,12
"ArtSurf",8799,0,0,"sierranevada",6,12
"BareArea",50,0,0,"sierranevada",6,12
"Crop",1432,0,0,"sierranevada",6,12
"Grass",77879,0,0,"sierranevada",6,12
"HaloVeg",90,0,0,"sierranevada",6,12
"HydroRipVeg",1442,0,0,"sierranevada",6,12
"MedConF",2985,0,0,"sierranevada",6,12
"MedSclF",38375,0,0,"sierranevada",6,12
"MedScrub",110617,0,0,"sierranevada",6,12
"Reforestation",29221,0,0,"sierranevada",6,12
"RipF",2928,0,0,"sierranevada",6,12
"RockScreeVeg",99098,0,0,"sierranevada",6,12
"SMedMarF",16272,0,0,"sierranevada",6,12
"Shrub",3805,0,0,"sierranevada",6,12
"WaterSurf",246,0,0,"sierranevada",6,12
"AlpConF",173794,0,0,"sierranevada",9,1
"AlpScrGr",631034,0,0,"sierranevada",9,1
"AridScr",766,0,0,"sierranevada",9,1
"ArtSurf",8799,0,0,"sierranevada",9,1
"BareArea",50,0,0,"sierranevada",9,1
"Crop",1432,0,0,"sierranevada",9,1
"Grass",77894,0,0,"sierranevada",9,1
"HaloVeg",90,0,0,"sierranevada",9,1
"HydroRipVeg",1442,0,0,"sierranevada",9,1
"MedConF",2985,0,0,"sierranevada",9,1
"MedSclF",38403,0,0,"sierranevada",9,1
"MedScrub",110649,0,0,"sierranevada",9,1
"Reforestation",29222,0,0,"sierranevada",9,1
"RipF",2926,0,0,"sierranevada",9,1
"RockScreeVeg",99111,0,0,"sierranevada",9,1
"SMedMarF",16274,0,0,"sierranevada",9,1
"Shrub",3805,0,0,"sierranevada",9,1
"WaterSurf",246,0,0,"sierranevada",9,1
"AlpConF",173794,0,0,"sierranevada",9,2
"AlpScrGr",631149,0,0,"sierranevada",9,2
"AridScr",773,0,0,"sierranevada",9,2
"ArtSurf",8799,0,0,"sierranevada",9,2
"BareArea",50,0,0,"sierranevada",9,2
"Crop",1432,0,0,"sierranevada",9,2
"Grass",77900,0,0,"sierranevada",9,2
"HaloVeg",90,0,0,"sierranevada",9,2
"HydroRipVeg",1447,0,0,"sierranevada",9,2
"MedConF",2985,0,0,"sierranevada",9,2
"MedSclF",38437,0,0,"sierranevada",9,2
"MedScrub",110663,0,0,"sierranevada",9,2
"Reforestation",29226,0,0,"sierranevada",9,2
"RipF",2930,0,0,"sierranevada",9,2
"RockScreeVeg",99119,0,0,"sierranevada",9,2
"SMedMarF",16274,0,0,"sierranevada",9,2
"Shrub",3805,0,0,"sierranevada",9,2
"WaterSurf",246,0,0,"sierranevada",9,2
"AlpConF",173796,0,0,"sierranevada",9,3
"AlpScrGr",631177,0,0,"sierranevada",9,3
"AridScr",774,0,0,"sierranevada",9,3
"ArtSurf",8799,0,0,"sierranevada",9,3
"BareArea",50,0,0,"sierranevada",9,3
"Crop",1432,0,0,"sierranevada",9,3
"Grass",77900,0,0,"sierranevada",9,3
"HaloVeg",90,0,0,"sierranevada",9,3
"HydroRipVeg",1448,0,0,"sierranevada",9,3
"MedConF",2985,0,0,"sierranevada",9,3
"MedSclF",38437,0,0,"sierranevada",9,3
"MedScrub",110663,0,0,"sierranevada",9,3
"Reforestation",29226,0,0,"sierranevada",9,3
"RipF",2930,0,0,"sierranevada",9,3
"RockScreeVeg",99121,0,0,"sierranevada",9,3
"SMedMarF",16274,0,0,"sierranevada",9,3
"Shrub",3805,0,0,"sierranevada",9,3
"WaterSurf",246,0,0,"sierranevada",9,3
"AlpConF",173796,0,0,"sierranevada",9,4
"AlpScrGr",631177,0,0,"sierranevada",9,4
"AridScr",774,0,0,"sierranevada",9,4
"ArtSurf",8799,0,0,"sierranevada",9,4
"BareArea",50,0,0,"sierranevada",9,4
"Crop",1432,0,0,"sierranevada",9,4
"Grass",77900,0,0,"sierranevada",9,4
"HaloVeg",90,0,0,"sierranevada",9,4
"HydroRipVeg",1448,0,0,"sierranevada",9,4
"MedConF",2985,0,0,"sierranevada",9,4
"MedSclF",38437,0,0,"sierranevada",9,4
"MedScrub",110663,0,0,"sierranevada",9,4
"Reforestation",29226,0,0,"sierranevada",9,4
"RipF",2930,0,0,"sierranevada",9,4
"RockScreeVeg",99121,0,0,"sierranevada",9,4
"SMedMarF",16274,0,0,"sierranevada",9,4
"Shrub",3805,0,0,"sierranevada",9,4
"WaterSurf",246,0,0,"sierranevada",9,4
"AlpConF",173796,520,0.3,"sierranevada",9,5
"AlpScrGr",631177,19,0,"sierranevada",9,5
"AridScr",774,0,0,"sierranevada",9,5
"ArtSurf",8799,4,0.05,"sierranevada",9,5
"BareArea",50,0,0,"sierranevada",9,5
"Crop",1432,0,0,"sierranevada",9,5
"Grass",77900,1,0,"sierranevada",9,5
"HaloVeg",90,0,0,"sierranevada",9,5
"HydroRipVeg",1448,0,0,"sierranevada",9,5
"MedConF",2985,0,0,"sierranevada",9,5
"MedSclF",38437,1,0,"sierranevada",9,5
"MedScrub",110663,0,0,"sierranevada",9,5
"Reforestation",29226,3,0.01,"sierranevada",9,5
"RipF",2930,0,0,"sierranevada",9,5
"RockScreeVeg",99121,0,0,"sierranevada",9,5
"SMedMarF",16274,0,0,"sierranevada",9,5
"Shrub",3805,0,0,"sierranevada",9,5
"WaterSurf",246,0,0,"sierranevada",9,5
"AlpConF",173796,0,0,"sierranevada",9,6
"AlpScrGr",631177,0,0,"sierranevada",9,6
"AridScr",774,0,0,"sierranevada",9,6
"ArtSurf",8799,0,0,"sierranevada",9,6
"BareArea",50,0,0,"sierranevada",9,6
"Crop",1432,0,0,"sierranevada",9,6
"Grass",77900,0,0,"sierranevada",9,6
"HaloVeg",90,0,0,"sierranevada",9,6
"HydroRipVeg",1448,0,0,"sierranevada",9,6
"MedConF",2985,0,0,"sierranevada",9,6
"MedSclF",38437,0,0,"sierranevada",9,6
"MedScrub",110663,0,0,"sierranevada",9,6
"Reforestation",29226,0,0,"sierranevada",9,6
"RipF",2930,0,0,"sierranevada",9,6
"RockScreeVeg",99121,0,0,"sierranevada",9,6
"SMedMarF",16274,0,0,"sierranevada",9,6
"Shrub",3805,0,0,"sierranevada",9,6
"WaterSurf",246,0,0,"sierranevada",9,6
"AlpConF",173796,0,0,"sierranevada",9,7
"AlpScrGr",631181,0,0,"sierranevada",9,7
"AridScr",774,0,0,"sierranevada",9,7
"ArtSurf",8799,0,0,"sierranevada",9,7
"BareArea",50,0,0,"sierranevada",9,7
"Crop",1432,0,0,"sierranevada",9,7
"Grass",77900,0,0,"sierranevada",9,7
"HaloVeg",90,0,0,"sierranevada",9,7
"HydroRipVeg",1448,0,0,"sierranevada",9,7
"MedConF",2985,0,0,"sierranevada",9,7
"MedSclF",38437,0,0,"sierranevada",9,7
"MedScrub",110663,0,0,"sierranevada",9,7
"Reforestation",29226,0,0,"sierranevada",9,7
"RipF",2930,0,0,"sierranevada",9,7
"RockScreeVeg",99121,0,0,"sierranevada",9,7
"SMedMarF",16274,0,0,"sierranevada",9,7
"Shrub",3805,0,0,"sierranevada",9,7
"WaterSurf",246,0,0,"sierranevada",9,7
"AlpConF",173796,0,0,"sierranevada",9,8
"AlpScrGr",631178,0,0,"sierranevada",9,8
"AridScr",774,0,0,"sierranevada",9,8
"ArtSurf",8799,0,0,"sierranevada",9,8
"BareArea",50,0,0,"sierranevada",9,8
"Crop",1432,0,0,"sierranevada",9,8
"Grass",77900,0,0,"sierranevada",9,8
"HaloVeg",90,0,0,"sierranevada",9,8
"HydroRipVeg",1448,0,0,"sierranevada",9,8
"MedConF",2985,0,0,"sierranevada",9,8
"MedSclF",38437,0,0,"sierranevada",9,8
"MedScrub",110663,0,0,"sierranevada",9,8
"Reforestation",29226,0,0,"sierranevada",9,8
"RipF",2930,0,0,"sierranevada",9,8
"RockScreeVeg",99121,0,0,"sierranevada",9,8
"SMedMarF",16274,0,0,"sierranevada",9,8
"Shrub",3805,0,0,"sierranevada",9,8
"WaterSurf",246,0,0,"sierranevada",9,8
"AlpConF",173796,0,0,"sierranevada",9,9
"AlpScrGr",631177,0,0,"sierranevada",9,9
"AridScr",774,0,0,"sierranevada",9,9
"ArtSurf",8799,0,0,"sierranevada",9,9
"BareArea",50,0,0,"sierranevada",9,9
"Crop",1432,0,0,"sierranevada",9,9
"Grass",77900,0,0,"sierranevada",9,9
"HaloVeg",90,0,0,"sierranevada",9,9
"HydroRipVeg",1448,0,0,"sierranevada",9,9
"MedConF",2985,0,0,"sierranevada",9,9
"MedSclF",38437,0,0,"sierranevada",9,9
"MedScrub",110663,0,0,"sierranevada",9,9
"Reforestation",29226,0,0,"sierranevada",9,9
"RipF",2930,0,0,"sierranevada",9,9
"RockScreeVeg",99121,0,0,"sierranevada",9,9
"SMedMarF",16274,0,0,"sierranevada",9,9
"Shrub",3805,0,0,"sierranevada",9,9
"WaterSurf",246,0,0,"sierranevada",9,9
"AlpConF",173796,0,0,"sierranevada",9,10
"AlpScrGr",631178,0,0,"sierranevada",9,10
"AridScr",774,0,0,"sierranevada",9,10
"ArtSurf",8799,0,0,"sierranevada",9,10
"BareArea",50,0,0,"sierranevada",9,10
"Crop",1432,0,0,"sierranevada",9,10
"Grass",77900,0,0,"sierranevada",9,10
"HaloVeg",90,0,0,"sierranevada",9,10
"HydroRipVeg",1448,0,0,"sierranevada",9,10
"MedConF",2985,0,0,"sierranevada",9,10
"MedSclF",38437,0,0,"sierranevada",9,10
"MedScrub",110663,0,0,"sierranevada",9,10
"Reforestation",29226,0,0,"sierranevada",9,10
"RipF",2930,0,0,"sierranevada",9,10
"RockScreeVeg",99121,0,0,"sierranevada",9,10
"SMedMarF",16274,0,0,"sierranevada",9,10
"Shrub",3805,0,0,"sierranevada",9,10
"WaterSurf",246,0,0,"sierranevada",9,10
"AlpConF",173794,0,0,"sierranevada",9,11
"AlpScrGr",631149,0,0,"sierranevada",9,11
"AridScr",772,0,0,"sierranevada",9,11
"ArtSurf",8799,0,0,"sierranevada",9,11
"BareArea",50,0,0,"sierranevada",9,11
"Crop",1432,0,0,"sierranevada",9,11
"Grass",77897,0,0,"sierranevada",9,11
"HaloVeg",90,0,0,"sierranevada",9,11
"HydroRipVeg",1448,0,0,"sierranevada",9,11
"MedConF",2985,0,0,"sierranevada",9,11
"MedSclF",38428,0,0,"sierranevada",9,11
"MedScrub",110657,0,0,"sierranevada",9,11
"Reforestation",29224,0,0,"sierranevada",9,11
"RipF",2930,0,0,"sierranevada",9,11
"RockScreeVeg",99119,0,0,"sierranevada",9,11
"SMedMarF",16274,0,0,"sierranevada",9,11
"Shrub",3805,0,0,"sierranevada",9,11
"WaterSurf",246,0,0,"sierranevada",9,11
"AlpConF",173767,0,0,"sierranevada",9,12
"AlpScrGr",631026,0,0,"sierranevada",9,12
"AridScr",763,0,0,"sierranevada",9,12
"ArtSurf",8799,0,0,"sierranevada",9,12
"BareArea",50,0,0,"sierranevada",9,12
"Crop",1432,0,0,"sierranevada",9,12
"Grass",77879,0,0,"sierranevada",9,12
"HaloVeg",90,0,0,"sierranevada",9,12
"HydroRipVeg",1442,0,0,"sierranevada",9,12
"MedConF",2985,0,0,"sierranevada",9,12
"MedSclF",38375,0,0,"sierranevada",9,12
"MedScrub",110617,0,0,"sierranevada",9,12
"Reforestation",29221,0,0,"sierranevada",9,12
"RipF",2928,0,0,"sierranevada",9,12
"RockScreeVeg",99098,0,0,"sierranevada",9,12
"SMedMarF",16272,0,0,"sierranevada",9,12
"Shrub",3805,0,0,"sierranevada",9,12
"WaterSurf",246,0,0,"sierranevada",9,12
"AlpConF",173794,0,0,"sierranevada",12,1
"AlpScrGr",631034,0,0,"sierranevada",12,1
"AridScr",766,0,0,"sierranevada",12,1
"ArtSurf",8799,0,0,"sierranevada",12,1
"BareArea",50,0,0,"sierranevada",12,1
"Crop",1432,0,0,"sierranevada",12,1
"Grass",77894,0,0,"sierranevada",12,1
"HaloVeg",90,0,0,"sierranevada",12,1
"HydroRipVeg",1442,0,0,"sierranevada",12,1
"MedConF",2985,0,0,"sierranevada",12,1
"MedSclF",38403,0,0,"sierranevada",12,1
"MedScrub",110649,0,0,"sierranevada",12,1
"Reforestation",29222,0,0,"sierranevada",12,1
"RipF",2926,0,0,"sierranevada",12,1
"RockScreeVeg",99111,0,0,"sierranevada",12,1
"SMedMarF",16274,0,0,"sierranevada",12,1
"Shrub",3805,0,0,"sierranevada",12,1
"WaterSurf",246,0,0,"sierranevada",12,1
"AlpConF",173794,0,0,"sierranevada",12,2
"AlpScrGr",631149,0,0,"sierranevada",12,2
"AridScr",773,0,0,"sierranevada",12,2
"ArtSurf",8799,0,0,"sierranevada",12,2
"BareArea",50,0,0,"sierranevada",12,2
"Crop",1432,0,0,"sierranevada",12,2
"Grass",77900,0,0,"sierranevada",12,2
"HaloVeg",90,0,0,"sierranevada",12,2
"HydroRipVeg",1447,0,0,"sierranevada",12,2
"MedConF",2985,0,0,"sierranevada",12,2
"MedSclF",38437,0,0,"sierranevada",12,2
"MedScrub",110663,0,0,"sierranevada",12,2
"Reforestation",29226,0,0,"sierranevada",12,2
"RipF",2930,0,0,"sierranevada",12,2
"RockScreeVeg",99119,0,0,"sierranevada",12,2
"SMedMarF",16274,0,0,"sierranevada",12,2
"Shrub",3805,0,0,"sierranevada",12,2
"WaterSurf",246,0,0,"sierranevada",12,2
"AlpConF",173796,0,0,"sierranevada",12,3
"AlpScrGr",631177,0,0,"sierranevada",12,3
"AridScr",774,0,0,"sierranevada",12,3
"ArtSurf",8799,0,0,"sierranevada",12,3
"BareArea",50,0,0,"sierranevada",12,3
"Crop",1432,0,0,"sierranevada",12,3
"Grass",77900,0,0,"sierranevada",12,3
"HaloVeg",90,0,0,"sierranevada",12,3
"HydroRipVeg",1448,0,0,"sierranevada",12,3
"MedConF",2985,0,0,"sierranevada",12,3
"MedSclF",38437,0,0,"sierranevada",12,3
"MedScrub",110663,0,0,"sierranevada",12,3
"Reforestation",29226,0,0,"sierranevada",12,3
"RipF",2930,0,0,"sierranevada",12,3
"RockScreeVeg",99121,0,0,"sierranevada",12,3
"SMedMarF",16274,0,0,"sierranevada",12,3
"Shrub",3805,0,0,"sierranevada",12,3
"WaterSurf",246,0,0,"sierranevada",12,3
"AlpConF",173796,0,0,"sierranevada",12,4
"AlpScrGr",631177,0,0,"sierranevada",12,4
"AridScr",774,0,0,"sierranevada",12,4
"ArtSurf",8799,0,0,"sierranevada",12,4
"BareArea",50,0,0,"sierranevada",12,4
"Crop",1432,0,0,"sierranevada",12,4
"Grass",77900,0,0,"sierranevada",12,4
"HaloVeg",90,0,0,"sierranevada",12,4
"HydroRipVeg",1448,0,0,"sierranevada",12,4
"MedConF",2985,0,0,"sierranevada",12,4
"MedSclF",38437,0,0,"sierranevada",12,4
"MedScrub",110663,0,0,"sierranevada",12,4
"Reforestation",29226,0,0,"sierranevada",12,4
"RipF",2930,0,0,"sierranevada",12,4
"RockScreeVeg",99121,0,0,"sierranevada",12,4
"SMedMarF",16274,0,0,"sierranevada",12,4
"Shrub",3805,0,0,"sierranevada",12,4
"WaterSurf",246,0,0,"sierranevada",12,4
"AlpConF",173796,11,0.01,"sierranevada",12,5
"AlpScrGr",631177,2,0,"sierranevada",12,5
"AridScr",774,0,0,"sierranevada",12,5
"ArtSurf",8799,0,0,"sierranevada",12,5
"BareArea",50,0,0,"sierranevada",12,5
"Crop",1432,0,0,"sierranevada",12,5
"Grass",77900,0,0,"sierranevada",12,5
"HaloVeg",90,0,0,"sierranevada",12,5
"HydroRipVeg",1448,0,0,"sierranevada",12,5
"MedConF",2985,0,0,"sierranevada",12,5
"MedSclF",38437,0,0,"sierranevada",12,5
"MedScrub",110663,0,0,"sierranevada",12,5
"Reforestation",29226,0,0,"sierranevada",12,5
"RipF",2930,0,0,"sierranevada",12,5
"RockScreeVeg",99121,0,0,"sierranevada",12,5
"SMedMarF",16274,0,0,"sierranevada",12,5
"Shrub",3805,0,0,"sierranevada",12,5
"WaterSurf",246,0,0,"sierranevada",12,5
"AlpConF",173796,0,0,"sierranevada",12,6
"AlpScrGr",631177,0,0,"sierranevada",12,6
"AridScr",774,0,0,"sierranevada",12,6
"ArtSurf",8799,0,0,"sierranevada",12,6
"BareArea",50,0,0,"sierranevada",12,6
"Crop",1432,0,0,"sierranevada",12,6
"Grass",77900,0,0,"sierranevada",12,6
"HaloVeg",90,0,0,"sierranevada",12,6
"HydroRipVeg",1448,0,0,"sierranevada",12,6
"MedConF",2985,0,0,"sierranevada",12,6
"MedSclF",38437,0,0,"sierranevada",12,6
"MedScrub",110663,0,0,"sierranevada",12,6
"Reforestation",29226,0,0,"sierranevada",12,6
"RipF",2930,0,0,"sierranevada",12,6
"RockScreeVeg",99121,0,0,"sierranevada",12,6
"SMedMarF",16274,0,0,"sierranevada",12,6
"Shrub",3805,0,0,"sierranevada",12,6
"WaterSurf",246,0,0,"sierranevada",12,6
"AlpConF",173796,0,0,"sierranevada",12,7
"AlpScrGr",631181,0,0,"sierranevada",12,7
"AridScr",774,0,0,"sierranevada",12,7
"ArtSurf",8799,0,0,"sierranevada",12,7
"BareArea",50,0,0,"sierranevada",12,7
"Crop",1432,0,0,"sierranevada",12,7
"Grass",77900,0,0,"sierranevada",12,7
"HaloVeg",90,0,0,"sierranevada",12,7
"HydroRipVeg",1448,0,0,"sierranevada",12,7
"MedConF",2985,0,0,"sierranevada",12,7
"MedSclF",38437,0,0,"sierranevada",12,7
"MedScrub",110663,0,0,"sierranevada",12,7
"Reforestation",29226,0,0,"sierranevada",12,7
"RipF",2930,0,0,"sierranevada",12,7
"RockScreeVeg",99121,0,0,"sierranevada",12,7
"SMedMarF",16274,0,0,"sierranevada",12,7
"Shrub",3805,0,0,"sierranevada",12,7
"WaterSurf",246,0,0,"sierranevada",12,7
"AlpConF",173796,0,0,"sierranevada",12,8
"AlpScrGr",631178,0,0,"sierranevada",12,8
"AridScr",774,0,0,"sierranevada",12,8
"ArtSurf",8799,0,0,"sierranevada",12,8
"BareArea",50,0,0,"sierranevada",12,8
"Crop",1432,0,0,"sierranevada",12,8
"Grass",77900,0,0,"sierranevada",12,8
"HaloVeg",90,0,0,"sierranevada",12,8
"HydroRipVeg",1448,0,0,"sierranevada",12,8
"MedConF",2985,0,0,"sierranevada",12,8
"MedSclF",38437,0,0,"sierranevada",12,8
"MedScrub",110663,0,0,"sierranevada",12,8
"Reforestation",29226,0,0,"sierranevada",12,8
"RipF",2930,0,0,"sierranevada",12,8
"RockScreeVeg",99121,0,0,"sierranevada",12,8
"SMedMarF",16274,0,0,"sierranevada",12,8
"Shrub",3805,0,0,"sierranevada",12,8
"WaterSurf",246,0,0,"sierranevada",12,8
"AlpConF",173796,0,0,"sierranevada",12,9
"AlpScrGr",631177,0,0,"sierranevada",12,9
"AridScr",774,0,0,"sierranevada",12,9
"ArtSurf",8799,0,0,"sierranevada",12,9
"BareArea",50,0,0,"sierranevada",12,9
"Crop",1432,0,0,"sierranevada",12,9
"Grass",77900,0,0,"sierranevada",12,9
"HaloVeg",90,0,0,"sierranevada",12,9
"HydroRipVeg",1448,0,0,"sierranevada",12,9
"MedConF",2985,0,0,"sierranevada",12,9
"MedSclF",38437,0,0,"sierranevada",12,9
"MedScrub",110663,0,0,"sierranevada",12,9
"Reforestation",29226,0,0,"sierranevada",12,9
"RipF",2930,0,0,"sierranevada",12,9
"RockScreeVeg",99121,0,0,"sierranevada",12,9
"SMedMarF",16274,0,0,"sierranevada",12,9
"Shrub",3805,0,0,"sierranevada",12,9
"WaterSurf",246,0,0,"sierranevada",12,9
"AlpConF",173796,0,0,"sierranevada",12,10
"AlpScrGr",631178,0,0,"sierranevada",12,10
"AridScr",774,0,0,"sierranevada",12,10
"ArtSurf",8799,0,0,"sierranevada",12,10
"BareArea",50,0,0,"sierranevada",12,10
"Crop",1432,0,0,"sierranevada",12,10
"Grass",77900,0,0,"sierranevada",12,10
"HaloVeg",90,0,0,"sierranevada",12,10
"HydroRipVeg",1448,0,0,"sierranevada",12,10
"MedConF",2985,0,0,"sierranevada",12,10
"MedSclF",38437,0,0,"sierranevada",12,10
"MedScrub",110663,0,0,"sierranevada",12,10
"Reforestation",29226,0,0,"sierranevada",12,10
"RipF",2930,0,0,"sierranevada",12,10
"RockScreeVeg",99121,0,0,"sierranevada",12,10
"SMedMarF",16274,0,0,"sierranevada",12,10
"Shrub",3805,0,0,"sierranevada",12,10
"WaterSurf",246,0,0,"sierranevada",12,10
"AlpConF",173794,0,0,"sierranevada",12,11
"AlpScrGr",631149,0,0,"sierranevada",12,11
"AridScr",772,0,0,"sierranevada",12,11
"ArtSurf",8799,0,0,"sierranevada",12,11
"BareArea",50,0,0,"sierranevada",12,11
"Crop",1432,0,0,"sierranevada",12,11
"Grass",77897,0,0,"sierranevada",12,11
"HaloVeg",90,0,0,"sierranevada",12,11
"HydroRipVeg",1448,0,0,"sierranevada",12,11
"MedConF",2985,0,0,"sierranevada",12,11
"MedSclF",38428,0,0,"sierranevada",12,11
"MedScrub",110657,0,0,"sierranevada",12,11
"Reforestation",29224,0,0,"sierranevada",12,11
"RipF",2930,0,0,"sierranevada",12,11
"RockScreeVeg",99119,0,0,"sierranevada",12,11
"SMedMarF",16274,0,0,"sierranevada",12,11
"Shrub",3805,0,0,"sierranevada",12,11
"WaterSurf",246,0,0,"sierranevada",12,11
"AlpConF",173767,0,0,"sierranevada",12,12
"AlpScrGr",631026,0,0,"sierranevada",12,12
"AridScr",763,0,0,"sierranevada",12,12
"ArtSurf",8799,0,0,"sierranevada",12,12
"BareArea",50,0,0,"sierranevada",12,12
"Crop",1432,0,0,"sierranevada",12,12
"Grass",77879,0,0,"sierranevada",12,12
"HaloVeg",90,0,0,"sierranevada",12,12
"HydroRipVeg",1442,0,0,"sierranevada",12,12
"MedConF",2985,0,0,"sierranevada",12,12
"MedSclF",38375,0,0,"sierranevada",12,12
"MedScrub",110617,0,0,"sierranevada",12,12
"Reforestation",29221,0,0,"sierranevada",12,12
"RipF",2928,0,0,"sierranevada",12,12
"RockScreeVeg",99098,0,0,"sierranevada",12,12
"SMedMarF",16272,0,0,"sierranevada",12,12
"Shrub",3805,0,0,"sierranevada",12,12
"WaterSurf",246,0,0,"sierranevada",12,12
