Id_SNVeg,n_total,mes,escala,n,parque
AlpConF,47119,1,1,0,aiguestortes
AlpConF,47119,1,12,0,aiguestortes
AlpConF,47119,1,3,0,aiguestortes
AlpConF,47119,1,6,0,aiguestortes
AlpConF,47119,1,9,0,aiguestortes
AlpScrGr,90179,1,1,0,aiguestortes
AlpScrGr,90179,1,12,0,aiguestortes
AlpScrGr,90179,1,3,0,aiguestortes
AlpScrGr,90179,1,6,0,aiguestortes
AlpScrGr,90179,1,9,0,aiguestortes
Grass,649,1,1,0,aiguestortes
Grass,649,1,12,0,aiguestortes
Grass,649,1,3,0,aiguestortes
Grass,649,1,6,0,aiguestortes
Grass,649,1,9,0,aiguestortes
HydroRipVeg,599,1,1,0,aiguestortes
HydroRipVeg,599,1,12,0,aiguestortes
HydroRipVeg,599,1,3,0,aiguestortes
HydroRipVeg,599,1,6,0,aiguestortes
HydroRipVeg,599,1,9,0,aiguestortes
RipF,223,1,1,0,aiguestortes
RipF,223,1,12,0,aiguestortes
RipF,223,1,3,0,aiguestortes
RipF,223,1,6,0,aiguestortes
RipF,223,1,9,0,aiguestortes
RockScreeVeg,60305,1,1,0,aiguestortes
RockScreeVeg,60305,1,12,0,aiguestortes
RockScreeVeg,60305,1,3,0,aiguestortes
RockScreeVeg,60305,1,6,0,aiguestortes
RockScreeVeg,60305,1,9,0,aiguestortes
Shrub,528,1,1,0,aiguestortes
Shrub,528,1,12,0,aiguestortes
Shrub,528,1,3,0,aiguestortes
Shrub,528,1,6,0,aiguestortes
Shrub,528,1,9,0,aiguestortes
TempDecF,913,1,1,0,aiguestortes
TempDecF,913,1,12,0,aiguestortes
TempDecF,913,1,3,0,aiguestortes
TempDecF,913,1,6,0,aiguestortes
TempDecF,913,1,9,0,aiguestortes
WaterSurf,4432,1,1,0,aiguestortes
WaterSurf,4432,1,12,0,aiguestortes
WaterSurf,4432,1,3,0,aiguestortes
WaterSurf,4432,1,6,0,aiguestortes
WaterSurf,4432,1,9,0,aiguestortes
AlpConF,47129,2,1,0,aiguestortes
AlpConF,47129,2,12,0,aiguestortes
AlpConF,47129,2,3,0,aiguestortes
AlpConF,47129,2,6,0,aiguestortes
AlpConF,47129,2,9,0,aiguestortes
AlpScrGr,90472,2,1,4,aiguestortes
AlpScrGr,90472,2,12,0,aiguestortes
AlpScrGr,90472,2,3,4,aiguestortes
AlpScrGr,90472,2,6,2,aiguestortes
AlpScrGr,90472,2,9,1,aiguestortes
Grass,647,2,1,0,aiguestortes
Grass,647,2,12,0,aiguestortes
Grass,647,2,3,0,aiguestortes
Grass,647,2,6,0,aiguestortes
Grass,647,2,9,0,aiguestortes
HydroRipVeg,599,2,1,0,aiguestortes
HydroRipVeg,599,2,12,0,aiguestortes
HydroRipVeg,599,2,3,0,aiguestortes
HydroRipVeg,599,2,6,0,aiguestortes
HydroRipVeg,599,2,9,0,aiguestortes
RipF,223,2,1,0,aiguestortes
RipF,223,2,12,0,aiguestortes
RipF,223,2,3,0,aiguestortes
RipF,223,2,6,0,aiguestortes
RipF,223,2,9,0,aiguestortes
RockScreeVeg,60535,2,1,2,aiguestortes
RockScreeVeg,60535,2,12,1,aiguestortes
RockScreeVeg,60535,2,3,6,aiguestortes
RockScreeVeg,60535,2,6,0,aiguestortes
RockScreeVeg,60535,2,9,0,aiguestortes
Shrub,528,2,1,0,aiguestortes
Shrub,528,2,12,0,aiguestortes
Shrub,528,2,3,0,aiguestortes
Shrub,528,2,6,0,aiguestortes
Shrub,528,2,9,0,aiguestortes
TempDecF,913,2,1,0,aiguestortes
TempDecF,913,2,12,0,aiguestortes
TempDecF,913,2,3,0,aiguestortes
TempDecF,913,2,6,0,aiguestortes
TempDecF,913,2,9,0,aiguestortes
WaterSurf,4432,2,1,0,aiguestortes
WaterSurf,4432,2,12,0,aiguestortes
WaterSurf,4432,2,3,0,aiguestortes
WaterSurf,4432,2,6,0,aiguestortes
WaterSurf,4432,2,9,0,aiguestortes
AlpConF,47131,3,1,0,aiguestortes
AlpConF,47131,3,12,0,aiguestortes
AlpConF,47131,3,3,0,aiguestortes
AlpConF,47131,3,6,0,aiguestortes
AlpConF,47131,3,9,0,aiguestortes
AlpScrGr,90046,3,1,0,aiguestortes
AlpScrGr,90046,3,12,0,aiguestortes
AlpScrGr,90046,3,3,0,aiguestortes
AlpScrGr,90046,3,6,0,aiguestortes
AlpScrGr,90046,3,9,0,aiguestortes
Grass,650,3,1,0,aiguestortes
Grass,650,3,12,0,aiguestortes
Grass,650,3,3,0,aiguestortes
Grass,650,3,6,0,aiguestortes
Grass,650,3,9,0,aiguestortes
HydroRipVeg,599,3,1,0,aiguestortes
HydroRipVeg,599,3,12,0,aiguestortes
HydroRipVeg,599,3,3,0,aiguestortes
HydroRipVeg,599,3,6,0,aiguestortes
HydroRipVeg,599,3,9,0,aiguestortes
RipF,223,3,1,0,aiguestortes
RipF,223,3,12,0,aiguestortes
RipF,223,3,3,0,aiguestortes
RipF,223,3,6,0,aiguestortes
RipF,223,3,9,0,aiguestortes
RockScreeVeg,59792,3,1,0,aiguestortes
RockScreeVeg,59792,3,12,0,aiguestortes
RockScreeVeg,59792,3,3,0,aiguestortes
RockScreeVeg,59792,3,6,0,aiguestortes
RockScreeVeg,59792,3,9,0,aiguestortes
Shrub,528,3,1,0,aiguestortes
Shrub,528,3,12,0,aiguestortes
Shrub,528,3,3,0,aiguestortes
Shrub,528,3,6,0,aiguestortes
Shrub,528,3,9,0,aiguestortes
TempDecF,913,3,1,0,aiguestortes
TempDecF,913,3,12,0,aiguestortes
TempDecF,913,3,3,0,aiguestortes
TempDecF,913,3,6,0,aiguestortes
TempDecF,913,3,9,0,aiguestortes
WaterSurf,4426,3,1,0,aiguestortes
WaterSurf,4426,3,12,0,aiguestortes
WaterSurf,4426,3,3,0,aiguestortes
WaterSurf,4426,3,6,0,aiguestortes
WaterSurf,4426,3,9,0,aiguestortes
AlpConF,47129,4,1,0,aiguestortes
AlpConF,47129,4,12,0,aiguestortes
AlpConF,47129,4,3,0,aiguestortes
AlpConF,47129,4,6,0,aiguestortes
AlpConF,47129,4,9,0,aiguestortes
AlpScrGr,89976,4,1,0,aiguestortes
AlpScrGr,89976,4,12,0,aiguestortes
AlpScrGr,89976,4,3,0,aiguestortes
AlpScrGr,89976,4,6,0,aiguestortes
AlpScrGr,89976,4,9,0,aiguestortes
Grass,650,4,1,0,aiguestortes
Grass,650,4,12,0,aiguestortes
Grass,650,4,3,0,aiguestortes
Grass,650,4,6,0,aiguestortes
Grass,650,4,9,0,aiguestortes
HydroRipVeg,599,4,1,0,aiguestortes
HydroRipVeg,599,4,12,0,aiguestortes
HydroRipVeg,599,4,3,0,aiguestortes
HydroRipVeg,599,4,6,0,aiguestortes
HydroRipVeg,599,4,9,0,aiguestortes
RipF,223,4,1,0,aiguestortes
RipF,223,4,12,0,aiguestortes
RipF,223,4,3,0,aiguestortes
RipF,223,4,6,0,aiguestortes
RipF,223,4,9,0,aiguestortes
RockScreeVeg,59380,4,1,0,aiguestortes
RockScreeVeg,59380,4,12,0,aiguestortes
RockScreeVeg,59380,4,3,0,aiguestortes
RockScreeVeg,59380,4,6,0,aiguestortes
RockScreeVeg,59380,4,9,0,aiguestortes
Shrub,528,4,1,0,aiguestortes
Shrub,528,4,12,0,aiguestortes
Shrub,528,4,3,0,aiguestortes
Shrub,528,4,6,0,aiguestortes
Shrub,528,4,9,0,aiguestortes
TempDecF,913,4,1,0,aiguestortes
TempDecF,913,4,12,0,aiguestortes
TempDecF,913,4,3,0,aiguestortes
TempDecF,913,4,6,0,aiguestortes
TempDecF,913,4,9,0,aiguestortes
WaterSurf,4420,4,1,0,aiguestortes
WaterSurf,4420,4,12,0,aiguestortes
WaterSurf,4420,4,3,0,aiguestortes
WaterSurf,4420,4,6,0,aiguestortes
WaterSurf,4420,4,9,0,aiguestortes
AlpConF,47125,5,1,0,aiguestortes
AlpConF,47125,5,12,0,aiguestortes
AlpConF,47125,5,3,0,aiguestortes
AlpConF,47125,5,6,0,aiguestortes
AlpConF,47125,5,9,0,aiguestortes
AlpScrGr,89502,5,1,0,aiguestortes
AlpScrGr,89502,5,12,0,aiguestortes
AlpScrGr,89502,5,3,0,aiguestortes
AlpScrGr,89502,5,6,0,aiguestortes
AlpScrGr,89502,5,9,0,aiguestortes
Grass,650,5,1,0,aiguestortes
Grass,650,5,12,0,aiguestortes
Grass,650,5,3,0,aiguestortes
Grass,650,5,6,0,aiguestortes
Grass,650,5,9,0,aiguestortes
HydroRipVeg,599,5,1,0,aiguestortes
HydroRipVeg,599,5,12,0,aiguestortes
HydroRipVeg,599,5,3,0,aiguestortes
HydroRipVeg,599,5,6,0,aiguestortes
HydroRipVeg,599,5,9,0,aiguestortes
RipF,223,5,1,0,aiguestortes
RipF,223,5,12,0,aiguestortes
RipF,223,5,3,0,aiguestortes
RipF,223,5,6,0,aiguestortes
RipF,223,5,9,0,aiguestortes
RockScreeVeg,58338,5,1,0,aiguestortes
RockScreeVeg,58338,5,12,0,aiguestortes
RockScreeVeg,58338,5,3,0,aiguestortes
RockScreeVeg,58338,5,6,0,aiguestortes
RockScreeVeg,58338,5,9,0,aiguestortes
Shrub,528,5,1,0,aiguestortes
Shrub,528,5,12,0,aiguestortes
Shrub,528,5,3,0,aiguestortes
Shrub,528,5,6,0,aiguestortes
Shrub,528,5,9,0,aiguestortes
TempDecF,913,5,1,0,aiguestortes
TempDecF,913,5,12,0,aiguestortes
TempDecF,913,5,3,0,aiguestortes
TempDecF,913,5,6,0,aiguestortes
TempDecF,913,5,9,0,aiguestortes
WaterSurf,4420,5,1,0,aiguestortes
WaterSurf,4420,5,12,0,aiguestortes
WaterSurf,4420,5,3,0,aiguestortes
WaterSurf,4420,5,6,0,aiguestortes
WaterSurf,4420,5,9,0,aiguestortes
AlpConF,47156,6,1,0,aiguestortes
AlpConF,47156,6,12,0,aiguestortes
AlpConF,47156,6,3,0,aiguestortes
AlpConF,47156,6,6,0,aiguestortes
AlpConF,47156,6,9,0,aiguestortes
AlpScrGr,89985,6,1,0,aiguestortes
AlpScrGr,89985,6,12,0,aiguestortes
AlpScrGr,89985,6,3,0,aiguestortes
AlpScrGr,89985,6,6,0,aiguestortes
AlpScrGr,89985,6,9,0,aiguestortes
Grass,650,6,1,0,aiguestortes
Grass,650,6,12,0,aiguestortes
Grass,650,6,3,0,aiguestortes
Grass,650,6,6,0,aiguestortes
Grass,650,6,9,0,aiguestortes
HydroRipVeg,599,6,1,0,aiguestortes
HydroRipVeg,599,6,12,0,aiguestortes
HydroRipVeg,599,6,3,0,aiguestortes
HydroRipVeg,599,6,6,0,aiguestortes
HydroRipVeg,599,6,9,0,aiguestortes
RipF,223,6,1,0,aiguestortes
RipF,223,6,12,0,aiguestortes
RipF,223,6,3,0,aiguestortes
RipF,223,6,6,0,aiguestortes
RipF,223,6,9,0,aiguestortes
RockScreeVeg,59389,6,1,0,aiguestortes
RockScreeVeg,59389,6,12,0,aiguestortes
RockScreeVeg,59389,6,3,0,aiguestortes
RockScreeVeg,59389,6,6,0,aiguestortes
RockScreeVeg,59389,6,9,0,aiguestortes
Shrub,528,6,1,0,aiguestortes
Shrub,528,6,12,0,aiguestortes
Shrub,528,6,3,0,aiguestortes
Shrub,528,6,6,0,aiguestortes
Shrub,528,6,9,0,aiguestortes
TempDecF,913,6,1,0,aiguestortes
TempDecF,913,6,12,0,aiguestortes
TempDecF,913,6,3,0,aiguestortes
TempDecF,913,6,6,0,aiguestortes
TempDecF,913,6,9,0,aiguestortes
WaterSurf,4420,6,1,0,aiguestortes
WaterSurf,4420,6,12,0,aiguestortes
WaterSurf,4420,6,3,0,aiguestortes
WaterSurf,4420,6,6,0,aiguestortes
WaterSurf,4420,6,9,0,aiguestortes
AlpConF,47156,7,1,0,aiguestortes
AlpConF,47156,7,12,0,aiguestortes
AlpConF,47156,7,3,0,aiguestortes
AlpConF,47156,7,6,0,aiguestortes
AlpConF,47156,7,9,0,aiguestortes
AlpScrGr,90194,7,1,0,aiguestortes
AlpScrGr,90194,7,12,0,aiguestortes
AlpScrGr,90194,7,3,0,aiguestortes
AlpScrGr,90194,7,6,0,aiguestortes
AlpScrGr,90194,7,9,0,aiguestortes
Grass,650,7,1,0,aiguestortes
Grass,650,7,12,0,aiguestortes
Grass,650,7,3,0,aiguestortes
Grass,650,7,6,0,aiguestortes
Grass,650,7,9,0,aiguestortes
HydroRipVeg,599,7,1,0,aiguestortes
HydroRipVeg,599,7,12,0,aiguestortes
HydroRipVeg,599,7,3,0,aiguestortes
HydroRipVeg,599,7,6,0,aiguestortes
HydroRipVeg,599,7,9,0,aiguestortes
RipF,223,7,1,0,aiguestortes
RipF,223,7,12,0,aiguestortes
RipF,223,7,3,0,aiguestortes
RipF,223,7,6,0,aiguestortes
RipF,223,7,9,0,aiguestortes
RockScreeVeg,59993,7,1,0,aiguestortes
RockScreeVeg,59993,7,12,0,aiguestortes
RockScreeVeg,59993,7,3,0,aiguestortes
RockScreeVeg,59993,7,6,0,aiguestortes
RockScreeVeg,59993,7,9,0,aiguestortes
Shrub,528,7,1,0,aiguestortes
Shrub,528,7,12,0,aiguestortes
Shrub,528,7,3,0,aiguestortes
Shrub,528,7,6,0,aiguestortes
Shrub,528,7,9,0,aiguestortes
TempDecF,913,7,1,0,aiguestortes
TempDecF,913,7,12,0,aiguestortes
TempDecF,913,7,3,0,aiguestortes
TempDecF,913,7,6,0,aiguestortes
TempDecF,913,7,9,0,aiguestortes
WaterSurf,4420,7,1,0,aiguestortes
WaterSurf,4420,7,12,0,aiguestortes
WaterSurf,4420,7,3,0,aiguestortes
WaterSurf,4420,7,6,0,aiguestortes
WaterSurf,4420,7,9,0,aiguestortes
AlpConF,47156,8,1,0,aiguestortes
AlpConF,47156,8,12,1,aiguestortes
AlpConF,47156,8,3,10,aiguestortes
AlpConF,47156,8,6,0,aiguestortes
AlpConF,47156,8,9,1,aiguestortes
AlpScrGr,90902,8,1,4,aiguestortes
AlpScrGr,90902,8,12,2,aiguestortes
AlpScrGr,90902,8,3,22,aiguestortes
AlpScrGr,90902,8,6,7,aiguestortes
AlpScrGr,90902,8,9,1,aiguestortes
Grass,650,8,1,0,aiguestortes
Grass,650,8,12,0,aiguestortes
Grass,650,8,3,0,aiguestortes
Grass,650,8,6,0,aiguestortes
Grass,650,8,9,0,aiguestortes
HydroRipVeg,599,8,1,0,aiguestortes
HydroRipVeg,599,8,12,0,aiguestortes
HydroRipVeg,599,8,3,0,aiguestortes
HydroRipVeg,599,8,6,0,aiguestortes
HydroRipVeg,599,8,9,0,aiguestortes
RipF,223,8,1,0,aiguestortes
RipF,223,8,12,0,aiguestortes
RipF,223,8,3,0,aiguestortes
RipF,223,8,6,0,aiguestortes
RipF,223,8,9,0,aiguestortes
RockScreeVeg,61591,8,1,3,aiguestortes
RockScreeVeg,61591,8,12,4,aiguestortes
RockScreeVeg,61591,8,3,51,aiguestortes
RockScreeVeg,61591,8,6,14,aiguestortes
RockScreeVeg,61591,8,9,1,aiguestortes
Shrub,528,8,1,0,aiguestortes
Shrub,528,8,12,0,aiguestortes
Shrub,528,8,3,0,aiguestortes
Shrub,528,8,6,0,aiguestortes
Shrub,528,8,9,0,aiguestortes
TempDecF,913,8,1,0,aiguestortes
TempDecF,913,8,12,0,aiguestortes
TempDecF,913,8,3,1,aiguestortes
TempDecF,913,8,6,0,aiguestortes
TempDecF,913,8,9,0,aiguestortes
WaterSurf,4420,8,1,0,aiguestortes
WaterSurf,4420,8,12,0,aiguestortes
WaterSurf,4420,8,3,7,aiguestortes
WaterSurf,4420,8,6,0,aiguestortes
WaterSurf,4420,8,9,2,aiguestortes
AlpConF,47133,9,1,0,aiguestortes
AlpConF,47133,9,12,0,aiguestortes
AlpConF,47133,9,3,0,aiguestortes
AlpConF,47133,9,6,0,aiguestortes
AlpConF,47133,9,9,0,aiguestortes
AlpScrGr,91031,9,1,0,aiguestortes
AlpScrGr,91031,9,12,0,aiguestortes
AlpScrGr,91031,9,3,0,aiguestortes
AlpScrGr,91031,9,6,0,aiguestortes
AlpScrGr,91031,9,9,0,aiguestortes
Grass,650,9,1,0,aiguestortes
Grass,650,9,12,0,aiguestortes
Grass,650,9,3,0,aiguestortes
Grass,650,9,6,0,aiguestortes
Grass,650,9,9,0,aiguestortes
HydroRipVeg,599,9,1,0,aiguestortes
HydroRipVeg,599,9,12,0,aiguestortes
HydroRipVeg,599,9,3,0,aiguestortes
HydroRipVeg,599,9,6,0,aiguestortes
HydroRipVeg,599,9,9,0,aiguestortes
RipF,223,9,1,0,aiguestortes
RipF,223,9,12,0,aiguestortes
RipF,223,9,3,0,aiguestortes
RipF,223,9,6,0,aiguestortes
RipF,223,9,9,0,aiguestortes
RockScreeVeg,61732,9,1,0,aiguestortes
RockScreeVeg,61732,9,12,0,aiguestortes
RockScreeVeg,61732,9,3,0,aiguestortes
RockScreeVeg,61732,9,6,0,aiguestortes
RockScreeVeg,61732,9,9,0,aiguestortes
Shrub,528,9,1,0,aiguestortes
Shrub,528,9,12,0,aiguestortes
Shrub,528,9,3,0,aiguestortes
Shrub,528,9,6,0,aiguestortes
Shrub,528,9,9,0,aiguestortes
TempDecF,913,9,1,0,aiguestortes
TempDecF,913,9,12,0,aiguestortes
TempDecF,913,9,3,0,aiguestortes
TempDecF,913,9,6,0,aiguestortes
TempDecF,913,9,9,0,aiguestortes
WaterSurf,4423,9,1,0,aiguestortes
WaterSurf,4423,9,12,0,aiguestortes
WaterSurf,4423,9,3,0,aiguestortes
WaterSurf,4423,9,6,0,aiguestortes
WaterSurf,4423,9,9,0,aiguestortes
AlpConF,47131,10,1,0,aiguestortes
AlpConF,47131,10,12,0,aiguestortes
AlpConF,47131,10,3,0,aiguestortes
AlpConF,47131,10,6,0,aiguestortes
AlpConF,47131,10,9,0,aiguestortes
AlpScrGr,90476,10,1,0,aiguestortes
AlpScrGr,90476,10,12,0,aiguestortes
AlpScrGr,90476,10,3,0,aiguestortes
AlpScrGr,90476,10,6,0,aiguestortes
AlpScrGr,90476,10,9,0,aiguestortes
Grass,650,10,1,0,aiguestortes
Grass,650,10,12,0,aiguestortes
Grass,650,10,3,0,aiguestortes
Grass,650,10,6,0,aiguestortes
Grass,650,10,9,0,aiguestortes
HydroRipVeg,599,10,1,0,aiguestortes
HydroRipVeg,599,10,12,0,aiguestortes
HydroRipVeg,599,10,3,0,aiguestortes
HydroRipVeg,599,10,6,0,aiguestortes
HydroRipVeg,599,10,9,0,aiguestortes
RipF,223,10,1,0,aiguestortes
RipF,223,10,12,0,aiguestortes
RipF,223,10,3,0,aiguestortes
RipF,223,10,6,0,aiguestortes
RipF,223,10,9,0,aiguestortes
RockScreeVeg,60534,10,1,0,aiguestortes
RockScreeVeg,60534,10,12,0,aiguestortes
RockScreeVeg,60534,10,3,0,aiguestortes
RockScreeVeg,60534,10,6,0,aiguestortes
RockScreeVeg,60534,10,9,0,aiguestortes
Shrub,528,10,1,0,aiguestortes
Shrub,528,10,12,0,aiguestortes
Shrub,528,10,3,0,aiguestortes
Shrub,528,10,6,0,aiguestortes
Shrub,528,10,9,0,aiguestortes
TempDecF,913,10,1,0,aiguestortes
TempDecF,913,10,12,0,aiguestortes
TempDecF,913,10,3,0,aiguestortes
TempDecF,913,10,6,0,aiguestortes
TempDecF,913,10,9,0,aiguestortes
WaterSurf,4420,10,1,0,aiguestortes
WaterSurf,4420,10,12,0,aiguestortes
WaterSurf,4420,10,3,0,aiguestortes
WaterSurf,4420,10,6,0,aiguestortes
WaterSurf,4420,10,9,0,aiguestortes
AlpConF,47073,11,1,0,aiguestortes
AlpConF,47073,11,12,0,aiguestortes
AlpConF,47073,11,3,0,aiguestortes
AlpConF,47073,11,6,0,aiguestortes
AlpConF,47073,11,9,0,aiguestortes
AlpScrGr,89988,11,1,0,aiguestortes
AlpScrGr,89988,11,12,0,aiguestortes
AlpScrGr,89988,11,3,0,aiguestortes
AlpScrGr,89988,11,6,0,aiguestortes
AlpScrGr,89988,11,9,0,aiguestortes
Grass,648,11,1,0,aiguestortes
Grass,648,11,12,0,aiguestortes
Grass,648,11,3,0,aiguestortes
Grass,648,11,6,0,aiguestortes
Grass,648,11,9,0,aiguestortes
HydroRipVeg,599,11,1,0,aiguestortes
HydroRipVeg,599,11,12,0,aiguestortes
HydroRipVeg,599,11,3,0,aiguestortes
HydroRipVeg,599,11,6,0,aiguestortes
HydroRipVeg,599,11,9,0,aiguestortes
RipF,223,11,1,0,aiguestortes
RipF,223,11,12,0,aiguestortes
RipF,223,11,3,0,aiguestortes
RipF,223,11,6,0,aiguestortes
RipF,223,11,9,0,aiguestortes
RockScreeVeg,59406,11,1,0,aiguestortes
RockScreeVeg,59406,11,12,0,aiguestortes
RockScreeVeg,59406,11,3,0,aiguestortes
RockScreeVeg,59406,11,6,0,aiguestortes
RockScreeVeg,59406,11,9,0,aiguestortes
Shrub,528,11,1,0,aiguestortes
Shrub,528,11,12,0,aiguestortes
Shrub,528,11,3,0,aiguestortes
Shrub,528,11,6,0,aiguestortes
Shrub,528,11,9,0,aiguestortes
TempDecF,913,11,1,0,aiguestortes
TempDecF,913,11,12,0,aiguestortes
TempDecF,913,11,3,0,aiguestortes
TempDecF,913,11,6,0,aiguestortes
TempDecF,913,11,9,0,aiguestortes
WaterSurf,4420,11,1,0,aiguestortes
WaterSurf,4420,11,12,0,aiguestortes
WaterSurf,4420,11,3,0,aiguestortes
WaterSurf,4420,11,6,0,aiguestortes
WaterSurf,4420,11,9,0,aiguestortes
AlpConF,46858,12,1,0,aiguestortes
AlpConF,46858,12,12,0,aiguestortes
AlpConF,46858,12,3,0,aiguestortes
AlpConF,46858,12,6,0,aiguestortes
AlpConF,46858,12,9,0,aiguestortes
AlpScrGr,89999,12,1,0,aiguestortes
AlpScrGr,89999,12,12,0,aiguestortes
AlpScrGr,89999,12,3,0,aiguestortes
AlpScrGr,89999,12,6,0,aiguestortes
AlpScrGr,89999,12,9,0,aiguestortes
Grass,643,12,1,0,aiguestortes
Grass,643,12,12,0,aiguestortes
Grass,643,12,3,0,aiguestortes
Grass,643,12,6,0,aiguestortes
Grass,643,12,9,0,aiguestortes
HydroRipVeg,599,12,1,0,aiguestortes
HydroRipVeg,599,12,12,0,aiguestortes
HydroRipVeg,599,12,3,0,aiguestortes
HydroRipVeg,599,12,6,0,aiguestortes
HydroRipVeg,599,12,9,0,aiguestortes
RipF,223,12,1,0,aiguestortes
RipF,223,12,12,0,aiguestortes
RipF,223,12,3,0,aiguestortes
RipF,223,12,6,0,aiguestortes
RipF,223,12,9,0,aiguestortes
RockScreeVeg,59577,12,1,0,aiguestortes
RockScreeVeg,59577,12,12,0,aiguestortes
RockScreeVeg,59577,12,3,0,aiguestortes
RockScreeVeg,59577,12,6,0,aiguestortes
RockScreeVeg,59577,12,9,0,aiguestortes
Shrub,528,12,1,0,aiguestortes
Shrub,528,12,12,0,aiguestortes
Shrub,528,12,3,0,aiguestortes
Shrub,528,12,6,0,aiguestortes
Shrub,528,12,9,0,aiguestortes
TempDecF,904,12,1,0,aiguestortes
TempDecF,904,12,12,0,aiguestortes
TempDecF,904,12,3,0,aiguestortes
TempDecF,904,12,6,0,aiguestortes
TempDecF,904,12,9,0,aiguestortes
WaterSurf,4422,12,1,0,aiguestortes
WaterSurf,4422,12,12,0,aiguestortes
WaterSurf,4422,12,3,0,aiguestortes
WaterSurf,4422,12,6,0,aiguestortes
WaterSurf,4422,12,9,0,aiguestortes
ArtSurf,7418,1,1,0,cabaneros
ArtSurf,7418,1,12,0,cabaneros
ArtSurf,7418,1,3,0,cabaneros
ArtSurf,7418,1,6,0,cabaneros
ArtSurf,7418,1,9,0,cabaneros
Crop,2473,1,1,0,cabaneros
Crop,2473,1,12,0,cabaneros
Crop,2473,1,3,0,cabaneros
Crop,2473,1,6,0,cabaneros
Crop,2473,1,9,0,cabaneros
Dehesa,36272,1,1,0,cabaneros
Dehesa,36272,1,12,0,cabaneros
Dehesa,36272,1,3,0,cabaneros
Dehesa,36272,1,6,0,cabaneros
Dehesa,36272,1,9,0,cabaneros
Grass,52784,1,1,0,cabaneros
Grass,52784,1,12,0,cabaneros
Grass,52784,1,3,0,cabaneros
Grass,52784,1,6,0,cabaneros
Grass,52784,1,9,0,cabaneros
HydroRipVeg,554,1,1,0,cabaneros
HydroRipVeg,554,1,12,0,cabaneros
HydroRipVeg,554,1,3,0,cabaneros
HydroRipVeg,554,1,6,0,cabaneros
HydroRipVeg,554,1,9,0,cabaneros
MedConF,35896,1,1,0,cabaneros
MedConF,35896,1,12,0,cabaneros
MedConF,35896,1,3,0,cabaneros
MedConF,35896,1,6,0,cabaneros
MedConF,35896,1,9,0,cabaneros
MedSclF,158690,1,1,0,cabaneros
MedSclF,158690,1,12,0,cabaneros
MedSclF,158690,1,3,0,cabaneros
MedSclF,158690,1,6,0,cabaneros
MedSclF,158690,1,9,0,cabaneros
MedScrub,187005,1,1,0,cabaneros
MedScrub,187005,1,12,0,cabaneros
MedScrub,187005,1,3,0,cabaneros
MedScrub,187005,1,6,0,cabaneros
MedScrub,187005,1,9,0,cabaneros
Reforestation,57,1,1,0,cabaneros
Reforestation,57,1,12,0,cabaneros
Reforestation,57,1,3,0,cabaneros
Reforestation,57,1,6,0,cabaneros
Reforestation,57,1,9,0,cabaneros
RipF,4764,1,1,0,cabaneros
RipF,4764,1,12,0,cabaneros
RipF,4764,1,3,0,cabaneros
RipF,4764,1,6,0,cabaneros
RipF,4764,1,9,0,cabaneros
RockScreeVeg,11067,1,1,0,cabaneros
RockScreeVeg,11067,1,12,0,cabaneros
RockScreeVeg,11067,1,3,0,cabaneros
RockScreeVeg,11067,1,6,0,cabaneros
RockScreeVeg,11067,1,9,0,cabaneros
Shrub,21978,1,1,0,cabaneros
Shrub,21978,1,12,0,cabaneros
Shrub,21978,1,3,0,cabaneros
Shrub,21978,1,6,0,cabaneros
Shrub,21978,1,9,0,cabaneros
SMedMarF,69447,1,1,0,cabaneros
SMedMarF,69447,1,12,0,cabaneros
SMedMarF,69447,1,3,0,cabaneros
SMedMarF,69447,1,6,0,cabaneros
SMedMarF,69447,1,9,0,cabaneros
WaterSurf,177,1,1,0,cabaneros
WaterSurf,177,1,12,0,cabaneros
WaterSurf,177,1,3,0,cabaneros
WaterSurf,177,1,6,0,cabaneros
WaterSurf,177,1,9,0,cabaneros
ArtSurf,7418,2,1,0,cabaneros
ArtSurf,7418,2,12,0,cabaneros
ArtSurf,7418,2,3,0,cabaneros
ArtSurf,7418,2,6,0,cabaneros
ArtSurf,7418,2,9,0,cabaneros
Crop,2473,2,1,0,cabaneros
Crop,2473,2,12,0,cabaneros
Crop,2473,2,3,0,cabaneros
Crop,2473,2,6,0,cabaneros
Crop,2473,2,9,0,cabaneros
Dehesa,36272,2,1,0,cabaneros
Dehesa,36272,2,12,0,cabaneros
Dehesa,36272,2,3,0,cabaneros
Dehesa,36272,2,6,0,cabaneros
Dehesa,36272,2,9,0,cabaneros
Grass,52784,2,1,0,cabaneros
Grass,52784,2,12,0,cabaneros
Grass,52784,2,3,0,cabaneros
Grass,52784,2,6,0,cabaneros
Grass,52784,2,9,0,cabaneros
HydroRipVeg,554,2,1,0,cabaneros
HydroRipVeg,554,2,12,0,cabaneros
HydroRipVeg,554,2,3,0,cabaneros
HydroRipVeg,554,2,6,0,cabaneros
HydroRipVeg,554,2,9,0,cabaneros
MedConF,35896,2,1,0,cabaneros
MedConF,35896,2,12,0,cabaneros
MedConF,35896,2,3,0,cabaneros
MedConF,35896,2,6,0,cabaneros
MedConF,35896,2,9,0,cabaneros
MedSclF,158690,2,1,0,cabaneros
MedSclF,158690,2,12,0,cabaneros
MedSclF,158690,2,3,0,cabaneros
MedSclF,158690,2,6,0,cabaneros
MedSclF,158690,2,9,0,cabaneros
MedScrub,187005,2,1,0,cabaneros
MedScrub,187005,2,12,0,cabaneros
MedScrub,187005,2,3,0,cabaneros
MedScrub,187005,2,6,0,cabaneros
MedScrub,187005,2,9,0,cabaneros
Reforestation,57,2,1,0,cabaneros
Reforestation,57,2,12,0,cabaneros
Reforestation,57,2,3,0,cabaneros
Reforestation,57,2,6,0,cabaneros
Reforestation,57,2,9,0,cabaneros
RipF,4764,2,1,0,cabaneros
RipF,4764,2,12,0,cabaneros
RipF,4764,2,3,0,cabaneros
RipF,4764,2,6,0,cabaneros
RipF,4764,2,9,0,cabaneros
RockScreeVeg,11067,2,1,0,cabaneros
RockScreeVeg,11067,2,12,0,cabaneros
RockScreeVeg,11067,2,3,0,cabaneros
RockScreeVeg,11067,2,6,0,cabaneros
RockScreeVeg,11067,2,9,0,cabaneros
Shrub,21978,2,1,0,cabaneros
Shrub,21978,2,12,0,cabaneros
Shrub,21978,2,3,0,cabaneros
Shrub,21978,2,6,0,cabaneros
Shrub,21978,2,9,0,cabaneros
SMedMarF,69447,2,1,0,cabaneros
SMedMarF,69447,2,12,0,cabaneros
SMedMarF,69447,2,3,0,cabaneros
SMedMarF,69447,2,6,0,cabaneros
SMedMarF,69447,2,9,0,cabaneros
WaterSurf,177,2,1,0,cabaneros
WaterSurf,177,2,12,0,cabaneros
WaterSurf,177,2,3,0,cabaneros
WaterSurf,177,2,6,0,cabaneros
WaterSurf,177,2,9,0,cabaneros
ArtSurf,7418,3,1,0,cabaneros
ArtSurf,7418,3,12,0,cabaneros
ArtSurf,7418,3,3,0,cabaneros
ArtSurf,7418,3,6,0,cabaneros
ArtSurf,7418,3,9,0,cabaneros
Crop,2473,3,1,0,cabaneros
Crop,2473,3,12,0,cabaneros
Crop,2473,3,3,0,cabaneros
Crop,2473,3,6,0,cabaneros
Crop,2473,3,9,0,cabaneros
Dehesa,36272,3,1,0,cabaneros
Dehesa,36272,3,12,0,cabaneros
Dehesa,36272,3,3,0,cabaneros
Dehesa,36272,3,6,0,cabaneros
Dehesa,36272,3,9,0,cabaneros
Grass,52784,3,1,0,cabaneros
Grass,52784,3,12,0,cabaneros
Grass,52784,3,3,0,cabaneros
Grass,52784,3,6,0,cabaneros
Grass,52784,3,9,0,cabaneros
HydroRipVeg,554,3,1,0,cabaneros
HydroRipVeg,554,3,12,0,cabaneros
HydroRipVeg,554,3,3,0,cabaneros
HydroRipVeg,554,3,6,0,cabaneros
HydroRipVeg,554,3,9,0,cabaneros
MedConF,35896,3,1,0,cabaneros
MedConF,35896,3,12,0,cabaneros
MedConF,35896,3,3,0,cabaneros
MedConF,35896,3,6,0,cabaneros
MedConF,35896,3,9,0,cabaneros
MedSclF,158690,3,1,0,cabaneros
MedSclF,158690,3,12,0,cabaneros
MedSclF,158690,3,3,0,cabaneros
MedSclF,158690,3,6,0,cabaneros
MedSclF,158690,3,9,0,cabaneros
MedScrub,187005,3,1,0,cabaneros
MedScrub,187005,3,12,0,cabaneros
MedScrub,187005,3,3,0,cabaneros
MedScrub,187005,3,6,0,cabaneros
MedScrub,187005,3,9,0,cabaneros
Reforestation,57,3,1,0,cabaneros
Reforestation,57,3,12,0,cabaneros
Reforestation,57,3,3,0,cabaneros
Reforestation,57,3,6,0,cabaneros
Reforestation,57,3,9,0,cabaneros
RipF,4764,3,1,0,cabaneros
RipF,4764,3,12,0,cabaneros
RipF,4764,3,3,0,cabaneros
RipF,4764,3,6,0,cabaneros
RipF,4764,3,9,0,cabaneros
RockScreeVeg,11067,3,1,0,cabaneros
RockScreeVeg,11067,3,12,0,cabaneros
RockScreeVeg,11067,3,3,0,cabaneros
RockScreeVeg,11067,3,6,0,cabaneros
RockScreeVeg,11067,3,9,0,cabaneros
Shrub,21978,3,1,0,cabaneros
Shrub,21978,3,12,0,cabaneros
Shrub,21978,3,3,0,cabaneros
Shrub,21978,3,6,0,cabaneros
Shrub,21978,3,9,0,cabaneros
SMedMarF,69447,3,1,0,cabaneros
SMedMarF,69447,3,12,0,cabaneros
SMedMarF,69447,3,3,0,cabaneros
SMedMarF,69447,3,6,0,cabaneros
SMedMarF,69447,3,9,0,cabaneros
WaterSurf,177,3,1,0,cabaneros
WaterSurf,177,3,12,0,cabaneros
WaterSurf,177,3,3,0,cabaneros
WaterSurf,177,3,6,0,cabaneros
WaterSurf,177,3,9,0,cabaneros
ArtSurf,7418,4,1,0,cabaneros
ArtSurf,7418,4,12,0,cabaneros
ArtSurf,7418,4,3,0,cabaneros
ArtSurf,7418,4,6,0,cabaneros
ArtSurf,7418,4,9,0,cabaneros
Crop,2473,4,1,0,cabaneros
Crop,2473,4,12,0,cabaneros
Crop,2473,4,3,0,cabaneros
Crop,2473,4,6,0,cabaneros
Crop,2473,4,9,0,cabaneros
Dehesa,36272,4,1,0,cabaneros
Dehesa,36272,4,12,0,cabaneros
Dehesa,36272,4,3,0,cabaneros
Dehesa,36272,4,6,0,cabaneros
Dehesa,36272,4,9,0,cabaneros
Grass,52784,4,1,0,cabaneros
Grass,52784,4,12,0,cabaneros
Grass,52784,4,3,0,cabaneros
Grass,52784,4,6,0,cabaneros
Grass,52784,4,9,0,cabaneros
HydroRipVeg,554,4,1,0,cabaneros
HydroRipVeg,554,4,12,0,cabaneros
HydroRipVeg,554,4,3,0,cabaneros
HydroRipVeg,554,4,6,0,cabaneros
HydroRipVeg,554,4,9,0,cabaneros
MedConF,35896,4,1,0,cabaneros
MedConF,35896,4,12,0,cabaneros
MedConF,35896,4,3,0,cabaneros
MedConF,35896,4,6,0,cabaneros
MedConF,35896,4,9,0,cabaneros
MedSclF,158690,4,1,0,cabaneros
MedSclF,158690,4,12,0,cabaneros
MedSclF,158690,4,3,0,cabaneros
MedSclF,158690,4,6,0,cabaneros
MedSclF,158690,4,9,0,cabaneros
MedScrub,187005,4,1,0,cabaneros
MedScrub,187005,4,12,0,cabaneros
MedScrub,187005,4,3,0,cabaneros
MedScrub,187005,4,6,0,cabaneros
MedScrub,187005,4,9,0,cabaneros
Reforestation,57,4,1,0,cabaneros
Reforestation,57,4,12,0,cabaneros
Reforestation,57,4,3,0,cabaneros
Reforestation,57,4,6,0,cabaneros
Reforestation,57,4,9,0,cabaneros
RipF,4764,4,1,0,cabaneros
RipF,4764,4,12,0,cabaneros
RipF,4764,4,3,0,cabaneros
RipF,4764,4,6,0,cabaneros
RipF,4764,4,9,0,cabaneros
RockScreeVeg,11067,4,1,0,cabaneros
RockScreeVeg,11067,4,12,0,cabaneros
RockScreeVeg,11067,4,3,0,cabaneros
RockScreeVeg,11067,4,6,0,cabaneros
RockScreeVeg,11067,4,9,0,cabaneros
Shrub,21978,4,1,0,cabaneros
Shrub,21978,4,12,0,cabaneros
Shrub,21978,4,3,0,cabaneros
Shrub,21978,4,6,0,cabaneros
Shrub,21978,4,9,0,cabaneros
SMedMarF,69447,4,1,0,cabaneros
SMedMarF,69447,4,12,0,cabaneros
SMedMarF,69447,4,3,0,cabaneros
SMedMarF,69447,4,6,0,cabaneros
SMedMarF,69447,4,9,0,cabaneros
WaterSurf,177,4,1,0,cabaneros
WaterSurf,177,4,12,0,cabaneros
WaterSurf,177,4,3,0,cabaneros
WaterSurf,177,4,6,0,cabaneros
WaterSurf,177,4,9,0,cabaneros
ArtSurf,7418,5,1,0,cabaneros
ArtSurf,7418,5,12,0,cabaneros
ArtSurf,7418,5,3,0,cabaneros
ArtSurf,7418,5,6,0,cabaneros
ArtSurf,7418,5,9,0,cabaneros
Crop,2473,5,1,0,cabaneros
Crop,2473,5,12,0,cabaneros
Crop,2473,5,3,0,cabaneros
Crop,2473,5,6,0,cabaneros
Crop,2473,5,9,0,cabaneros
Dehesa,36272,5,1,0,cabaneros
Dehesa,36272,5,12,0,cabaneros
Dehesa,36272,5,3,0,cabaneros
Dehesa,36272,5,6,0,cabaneros
Dehesa,36272,5,9,0,cabaneros
Grass,52784,5,1,0,cabaneros
Grass,52784,5,12,0,cabaneros
Grass,52784,5,3,0,cabaneros
Grass,52784,5,6,0,cabaneros
Grass,52784,5,9,0,cabaneros
HydroRipVeg,554,5,1,0,cabaneros
HydroRipVeg,554,5,12,0,cabaneros
HydroRipVeg,554,5,3,0,cabaneros
HydroRipVeg,554,5,6,0,cabaneros
HydroRipVeg,554,5,9,0,cabaneros
MedConF,35896,5,1,0,cabaneros
MedConF,35896,5,12,0,cabaneros
MedConF,35896,5,3,0,cabaneros
MedConF,35896,5,6,0,cabaneros
MedConF,35896,5,9,0,cabaneros
MedSclF,158690,5,1,0,cabaneros
MedSclF,158690,5,12,0,cabaneros
MedSclF,158690,5,3,0,cabaneros
MedSclF,158690,5,6,0,cabaneros
MedSclF,158690,5,9,0,cabaneros
MedScrub,187005,5,1,0,cabaneros
MedScrub,187005,5,12,0,cabaneros
MedScrub,187005,5,3,0,cabaneros
MedScrub,187005,5,6,0,cabaneros
MedScrub,187005,5,9,0,cabaneros
Reforestation,57,5,1,0,cabaneros
Reforestation,57,5,12,0,cabaneros
Reforestation,57,5,3,0,cabaneros
Reforestation,57,5,6,0,cabaneros
Reforestation,57,5,9,0,cabaneros
RipF,4764,5,1,0,cabaneros
RipF,4764,5,12,0,cabaneros
RipF,4764,5,3,0,cabaneros
RipF,4764,5,6,0,cabaneros
RipF,4764,5,9,0,cabaneros
RockScreeVeg,11067,5,1,0,cabaneros
RockScreeVeg,11067,5,12,0,cabaneros
RockScreeVeg,11067,5,3,0,cabaneros
RockScreeVeg,11067,5,6,0,cabaneros
RockScreeVeg,11067,5,9,0,cabaneros
Shrub,21978,5,1,0,cabaneros
Shrub,21978,5,12,0,cabaneros
Shrub,21978,5,3,0,cabaneros
Shrub,21978,5,6,0,cabaneros
Shrub,21978,5,9,0,cabaneros
SMedMarF,69447,5,1,0,cabaneros
SMedMarF,69447,5,12,0,cabaneros
SMedMarF,69447,5,3,0,cabaneros
SMedMarF,69447,5,6,0,cabaneros
SMedMarF,69447,5,9,0,cabaneros
WaterSurf,177,5,1,0,cabaneros
WaterSurf,177,5,12,0,cabaneros
WaterSurf,177,5,3,0,cabaneros
WaterSurf,177,5,6,0,cabaneros
WaterSurf,177,5,9,0,cabaneros
ArtSurf,7418,6,1,0,cabaneros
ArtSurf,7418,6,12,0,cabaneros
ArtSurf,7418,6,3,0,cabaneros
ArtSurf,7418,6,6,0,cabaneros
ArtSurf,7418,6,9,0,cabaneros
Crop,2473,6,1,0,cabaneros
Crop,2473,6,12,0,cabaneros
Crop,2473,6,3,0,cabaneros
Crop,2473,6,6,0,cabaneros
Crop,2473,6,9,0,cabaneros
Dehesa,36272,6,1,0,cabaneros
Dehesa,36272,6,12,0,cabaneros
Dehesa,36272,6,3,0,cabaneros
Dehesa,36272,6,6,0,cabaneros
Dehesa,36272,6,9,0,cabaneros
Grass,52784,6,1,0,cabaneros
Grass,52784,6,12,0,cabaneros
Grass,52784,6,3,0,cabaneros
Grass,52784,6,6,0,cabaneros
Grass,52784,6,9,0,cabaneros
HydroRipVeg,554,6,1,0,cabaneros
HydroRipVeg,554,6,12,0,cabaneros
HydroRipVeg,554,6,3,0,cabaneros
HydroRipVeg,554,6,6,0,cabaneros
HydroRipVeg,554,6,9,0,cabaneros
MedConF,35896,6,1,0,cabaneros
MedConF,35896,6,12,0,cabaneros
MedConF,35896,6,3,0,cabaneros
MedConF,35896,6,6,0,cabaneros
MedConF,35896,6,9,0,cabaneros
MedSclF,158690,6,1,0,cabaneros
MedSclF,158690,6,12,0,cabaneros
MedSclF,158690,6,3,0,cabaneros
MedSclF,158690,6,6,0,cabaneros
MedSclF,158690,6,9,0,cabaneros
MedScrub,187005,6,1,0,cabaneros
MedScrub,187005,6,12,0,cabaneros
MedScrub,187005,6,3,0,cabaneros
MedScrub,187005,6,6,0,cabaneros
MedScrub,187005,6,9,0,cabaneros
Reforestation,57,6,1,0,cabaneros
Reforestation,57,6,12,0,cabaneros
Reforestation,57,6,3,0,cabaneros
Reforestation,57,6,6,0,cabaneros
Reforestation,57,6,9,0,cabaneros
RipF,4764,6,1,0,cabaneros
RipF,4764,6,12,0,cabaneros
RipF,4764,6,3,0,cabaneros
RipF,4764,6,6,0,cabaneros
RipF,4764,6,9,0,cabaneros
RockScreeVeg,11067,6,1,0,cabaneros
RockScreeVeg,11067,6,12,0,cabaneros
RockScreeVeg,11067,6,3,0,cabaneros
RockScreeVeg,11067,6,6,0,cabaneros
RockScreeVeg,11067,6,9,0,cabaneros
Shrub,21978,6,1,0,cabaneros
Shrub,21978,6,12,0,cabaneros
Shrub,21978,6,3,0,cabaneros
Shrub,21978,6,6,0,cabaneros
Shrub,21978,6,9,0,cabaneros
SMedMarF,69447,6,1,0,cabaneros
SMedMarF,69447,6,12,0,cabaneros
SMedMarF,69447,6,3,0,cabaneros
SMedMarF,69447,6,6,0,cabaneros
SMedMarF,69447,6,9,0,cabaneros
WaterSurf,177,6,1,0,cabaneros
WaterSurf,177,6,12,0,cabaneros
WaterSurf,177,6,3,0,cabaneros
WaterSurf,177,6,6,0,cabaneros
WaterSurf,177,6,9,0,cabaneros
ArtSurf,7418,7,1,203,cabaneros
ArtSurf,7418,7,12,4,cabaneros
ArtSurf,7418,7,3,1319,cabaneros
ArtSurf,7418,7,6,19,cabaneros
ArtSurf,7418,7,9,2,cabaneros
Crop,2473,7,1,10,cabaneros
Crop,2473,7,12,0,cabaneros
Crop,2473,7,3,1220,cabaneros
Crop,2473,7,6,16,cabaneros
Crop,2473,7,9,0,cabaneros
Dehesa,36272,7,1,16,cabaneros
Dehesa,36272,7,12,0,cabaneros
Dehesa,36272,7,3,8731,cabaneros
Dehesa,36272,7,6,28,cabaneros
Dehesa,36272,7,9,0,cabaneros
Grass,52784,7,1,12,cabaneros
Grass,52784,7,12,0,cabaneros
Grass,52784,7,3,17723,cabaneros
Grass,52784,7,6,31,cabaneros
Grass,52784,7,9,0,cabaneros
HydroRipVeg,554,7,1,4,cabaneros
HydroRipVeg,554,7,12,0,cabaneros
HydroRipVeg,554,7,3,116,cabaneros
HydroRipVeg,554,7,6,0,cabaneros
HydroRipVeg,554,7,9,0,cabaneros
MedConF,35896,7,1,2543,cabaneros
MedConF,35896,7,12,37,cabaneros
MedConF,35896,7,3,465,cabaneros
MedConF,35896,7,6,7,cabaneros
MedConF,35896,7,9,14,cabaneros
MedSclF,158690,7,1,1188,cabaneros
MedSclF,158690,7,12,0,cabaneros
MedSclF,158690,7,3,29742,cabaneros
MedSclF,158690,7,6,59,cabaneros
MedSclF,158690,7,9,2,cabaneros
MedScrub,187005,7,1,2986,cabaneros
MedScrub,187005,7,12,1,cabaneros
MedScrub,187005,7,3,63036,cabaneros
MedScrub,187005,7,6,60,cabaneros
MedScrub,187005,7,9,3,cabaneros
Reforestation,57,7,1,0,cabaneros
Reforestation,57,7,12,0,cabaneros
Reforestation,57,7,3,11,cabaneros
Reforestation,57,7,6,0,cabaneros
Reforestation,57,7,9,0,cabaneros
RipF,4764,7,1,47,cabaneros
RipF,4764,7,12,0,cabaneros
RipF,4764,7,3,535,cabaneros
RipF,4764,7,6,11,cabaneros
RipF,4764,7,9,2,cabaneros
RockScreeVeg,11067,7,1,142,cabaneros
RockScreeVeg,11067,7,12,5,cabaneros
RockScreeVeg,11067,7,3,577,cabaneros
RockScreeVeg,11067,7,6,19,cabaneros
RockScreeVeg,11067,7,9,3,cabaneros
Shrub,21978,7,1,27,cabaneros
Shrub,21978,7,12,0,cabaneros
Shrub,21978,7,3,5654,cabaneros
Shrub,21978,7,6,0,cabaneros
Shrub,21978,7,9,0,cabaneros
SMedMarF,69447,7,1,629,cabaneros
SMedMarF,69447,7,12,12,cabaneros
SMedMarF,69447,7,3,7801,cabaneros
SMedMarF,69447,7,6,103,cabaneros
SMedMarF,69447,7,9,2,cabaneros
WaterSurf,177,7,1,1,cabaneros
WaterSurf,177,7,12,0,cabaneros
WaterSurf,177,7,3,24,cabaneros
WaterSurf,177,7,6,3,cabaneros
WaterSurf,177,7,9,1,cabaneros
ArtSurf,7418,8,1,0,cabaneros
ArtSurf,7418,8,12,0,cabaneros
ArtSurf,7418,8,3,0,cabaneros
ArtSurf,7418,8,6,0,cabaneros
ArtSurf,7418,8,9,0,cabaneros
Crop,2473,8,1,0,cabaneros
Crop,2473,8,12,0,cabaneros
Crop,2473,8,3,0,cabaneros
Crop,2473,8,6,0,cabaneros
Crop,2473,8,9,0,cabaneros
Dehesa,36272,8,1,0,cabaneros
Dehesa,36272,8,12,0,cabaneros
Dehesa,36272,8,3,0,cabaneros
Dehesa,36272,8,6,0,cabaneros
Dehesa,36272,8,9,0,cabaneros
Grass,52784,8,1,0,cabaneros
Grass,52784,8,12,0,cabaneros
Grass,52784,8,3,0,cabaneros
Grass,52784,8,6,0,cabaneros
Grass,52784,8,9,0,cabaneros
HydroRipVeg,554,8,1,0,cabaneros
HydroRipVeg,554,8,12,0,cabaneros
HydroRipVeg,554,8,3,0,cabaneros
HydroRipVeg,554,8,6,0,cabaneros
HydroRipVeg,554,8,9,0,cabaneros
MedConF,35896,8,1,0,cabaneros
MedConF,35896,8,12,0,cabaneros
MedConF,35896,8,3,0,cabaneros
MedConF,35896,8,6,0,cabaneros
MedConF,35896,8,9,0,cabaneros
MedSclF,158690,8,1,0,cabaneros
MedSclF,158690,8,12,0,cabaneros
MedSclF,158690,8,3,0,cabaneros
MedSclF,158690,8,6,0,cabaneros
MedSclF,158690,8,9,0,cabaneros
MedScrub,187005,8,1,0,cabaneros
MedScrub,187005,8,12,0,cabaneros
MedScrub,187005,8,3,0,cabaneros
MedScrub,187005,8,6,0,cabaneros
MedScrub,187005,8,9,0,cabaneros
Reforestation,57,8,1,0,cabaneros
Reforestation,57,8,12,0,cabaneros
Reforestation,57,8,3,0,cabaneros
Reforestation,57,8,6,0,cabaneros
Reforestation,57,8,9,0,cabaneros
RipF,4764,8,1,0,cabaneros
RipF,4764,8,12,0,cabaneros
RipF,4764,8,3,0,cabaneros
RipF,4764,8,6,0,cabaneros
RipF,4764,8,9,0,cabaneros
RockScreeVeg,11067,8,1,0,cabaneros
RockScreeVeg,11067,8,12,0,cabaneros
RockScreeVeg,11067,8,3,0,cabaneros
RockScreeVeg,11067,8,6,0,cabaneros
RockScreeVeg,11067,8,9,0,cabaneros
Shrub,21978,8,1,0,cabaneros
Shrub,21978,8,12,0,cabaneros
Shrub,21978,8,3,0,cabaneros
Shrub,21978,8,6,0,cabaneros
Shrub,21978,8,9,0,cabaneros
SMedMarF,69447,8,1,0,cabaneros
SMedMarF,69447,8,12,0,cabaneros
SMedMarF,69447,8,3,0,cabaneros
SMedMarF,69447,8,6,0,cabaneros
SMedMarF,69447,8,9,0,cabaneros
WaterSurf,177,8,1,0,cabaneros
WaterSurf,177,8,12,0,cabaneros
WaterSurf,177,8,3,0,cabaneros
WaterSurf,177,8,6,0,cabaneros
WaterSurf,177,8,9,0,cabaneros
ArtSurf,7418,9,1,0,cabaneros
ArtSurf,7418,9,12,0,cabaneros
ArtSurf,7418,9,3,0,cabaneros
ArtSurf,7418,9,6,0,cabaneros
ArtSurf,7418,9,9,0,cabaneros
Crop,2473,9,1,0,cabaneros
Crop,2473,9,12,0,cabaneros
Crop,2473,9,3,0,cabaneros
Crop,2473,9,6,0,cabaneros
Crop,2473,9,9,0,cabaneros
Dehesa,36272,9,1,0,cabaneros
Dehesa,36272,9,12,0,cabaneros
Dehesa,36272,9,3,0,cabaneros
Dehesa,36272,9,6,0,cabaneros
Dehesa,36272,9,9,0,cabaneros
Grass,52784,9,1,0,cabaneros
Grass,52784,9,12,0,cabaneros
Grass,52784,9,3,0,cabaneros
Grass,52784,9,6,0,cabaneros
Grass,52784,9,9,0,cabaneros
HydroRipVeg,554,9,1,0,cabaneros
HydroRipVeg,554,9,12,0,cabaneros
HydroRipVeg,554,9,3,0,cabaneros
HydroRipVeg,554,9,6,0,cabaneros
HydroRipVeg,554,9,9,0,cabaneros
MedConF,35896,9,1,0,cabaneros
MedConF,35896,9,12,0,cabaneros
MedConF,35896,9,3,0,cabaneros
MedConF,35896,9,6,0,cabaneros
MedConF,35896,9,9,0,cabaneros
MedSclF,158690,9,1,0,cabaneros
MedSclF,158690,9,12,0,cabaneros
MedSclF,158690,9,3,0,cabaneros
MedSclF,158690,9,6,0,cabaneros
MedSclF,158690,9,9,0,cabaneros
MedScrub,187005,9,1,0,cabaneros
MedScrub,187005,9,12,0,cabaneros
MedScrub,187005,9,3,0,cabaneros
MedScrub,187005,9,6,0,cabaneros
MedScrub,187005,9,9,0,cabaneros
Reforestation,57,9,1,0,cabaneros
Reforestation,57,9,12,0,cabaneros
Reforestation,57,9,3,0,cabaneros
Reforestation,57,9,6,0,cabaneros
Reforestation,57,9,9,0,cabaneros
RipF,4764,9,1,0,cabaneros
RipF,4764,9,12,0,cabaneros
RipF,4764,9,3,0,cabaneros
RipF,4764,9,6,0,cabaneros
RipF,4764,9,9,0,cabaneros
RockScreeVeg,11067,9,1,0,cabaneros
RockScreeVeg,11067,9,12,0,cabaneros
RockScreeVeg,11067,9,3,0,cabaneros
RockScreeVeg,11067,9,6,0,cabaneros
RockScreeVeg,11067,9,9,0,cabaneros
Shrub,21978,9,1,0,cabaneros
Shrub,21978,9,12,0,cabaneros
Shrub,21978,9,3,0,cabaneros
Shrub,21978,9,6,0,cabaneros
Shrub,21978,9,9,0,cabaneros
SMedMarF,69447,9,1,0,cabaneros
SMedMarF,69447,9,12,0,cabaneros
SMedMarF,69447,9,3,0,cabaneros
SMedMarF,69447,9,6,0,cabaneros
SMedMarF,69447,9,9,0,cabaneros
WaterSurf,177,9,1,0,cabaneros
WaterSurf,177,9,12,0,cabaneros
WaterSurf,177,9,3,0,cabaneros
WaterSurf,177,9,6,0,cabaneros
WaterSurf,177,9,9,0,cabaneros
ArtSurf,7418,10,1,0,cabaneros
ArtSurf,7418,10,12,0,cabaneros
ArtSurf,7418,10,3,0,cabaneros
ArtSurf,7418,10,6,0,cabaneros
ArtSurf,7418,10,9,0,cabaneros
Crop,2473,10,1,0,cabaneros
Crop,2473,10,12,0,cabaneros
Crop,2473,10,3,0,cabaneros
Crop,2473,10,6,0,cabaneros
Crop,2473,10,9,0,cabaneros
Dehesa,36272,10,1,0,cabaneros
Dehesa,36272,10,12,0,cabaneros
Dehesa,36272,10,3,0,cabaneros
Dehesa,36272,10,6,0,cabaneros
Dehesa,36272,10,9,0,cabaneros
Grass,52784,10,1,0,cabaneros
Grass,52784,10,12,0,cabaneros
Grass,52784,10,3,0,cabaneros
Grass,52784,10,6,0,cabaneros
Grass,52784,10,9,0,cabaneros
HydroRipVeg,554,10,1,0,cabaneros
HydroRipVeg,554,10,12,0,cabaneros
HydroRipVeg,554,10,3,0,cabaneros
HydroRipVeg,554,10,6,0,cabaneros
HydroRipVeg,554,10,9,0,cabaneros
MedConF,35896,10,1,0,cabaneros
MedConF,35896,10,12,0,cabaneros
MedConF,35896,10,3,0,cabaneros
MedConF,35896,10,6,0,cabaneros
MedConF,35896,10,9,0,cabaneros
MedSclF,158690,10,1,0,cabaneros
MedSclF,158690,10,12,0,cabaneros
MedSclF,158690,10,3,0,cabaneros
MedSclF,158690,10,6,0,cabaneros
MedSclF,158690,10,9,0,cabaneros
MedScrub,187005,10,1,0,cabaneros
MedScrub,187005,10,12,0,cabaneros
MedScrub,187005,10,3,0,cabaneros
MedScrub,187005,10,6,0,cabaneros
MedScrub,187005,10,9,0,cabaneros
Reforestation,57,10,1,0,cabaneros
Reforestation,57,10,12,0,cabaneros
Reforestation,57,10,3,0,cabaneros
Reforestation,57,10,6,0,cabaneros
Reforestation,57,10,9,0,cabaneros
RipF,4764,10,1,0,cabaneros
RipF,4764,10,12,0,cabaneros
RipF,4764,10,3,0,cabaneros
RipF,4764,10,6,0,cabaneros
RipF,4764,10,9,0,cabaneros
RockScreeVeg,11067,10,1,0,cabaneros
RockScreeVeg,11067,10,12,0,cabaneros
RockScreeVeg,11067,10,3,0,cabaneros
RockScreeVeg,11067,10,6,0,cabaneros
RockScreeVeg,11067,10,9,0,cabaneros
Shrub,21978,10,1,0,cabaneros
Shrub,21978,10,12,0,cabaneros
Shrub,21978,10,3,0,cabaneros
Shrub,21978,10,6,0,cabaneros
Shrub,21978,10,9,0,cabaneros
SMedMarF,69447,10,1,0,cabaneros
SMedMarF,69447,10,12,0,cabaneros
SMedMarF,69447,10,3,0,cabaneros
SMedMarF,69447,10,6,0,cabaneros
SMedMarF,69447,10,9,0,cabaneros
WaterSurf,177,10,1,0,cabaneros
WaterSurf,177,10,12,0,cabaneros
WaterSurf,177,10,3,0,cabaneros
WaterSurf,177,10,6,0,cabaneros
WaterSurf,177,10,9,0,cabaneros
ArtSurf,7418,11,1,0,cabaneros
ArtSurf,7418,11,12,0,cabaneros
ArtSurf,7418,11,3,0,cabaneros
ArtSurf,7418,11,6,0,cabaneros
ArtSurf,7418,11,9,0,cabaneros
Crop,2473,11,1,0,cabaneros
Crop,2473,11,12,0,cabaneros
Crop,2473,11,3,0,cabaneros
Crop,2473,11,6,0,cabaneros
Crop,2473,11,9,0,cabaneros
Dehesa,36272,11,1,0,cabaneros
Dehesa,36272,11,12,0,cabaneros
Dehesa,36272,11,3,0,cabaneros
Dehesa,36272,11,6,0,cabaneros
Dehesa,36272,11,9,0,cabaneros
Grass,52784,11,1,0,cabaneros
Grass,52784,11,12,0,cabaneros
Grass,52784,11,3,0,cabaneros
Grass,52784,11,6,0,cabaneros
Grass,52784,11,9,0,cabaneros
HydroRipVeg,554,11,1,0,cabaneros
HydroRipVeg,554,11,12,0,cabaneros
HydroRipVeg,554,11,3,0,cabaneros
HydroRipVeg,554,11,6,0,cabaneros
HydroRipVeg,554,11,9,0,cabaneros
MedConF,35896,11,1,0,cabaneros
MedConF,35896,11,12,0,cabaneros
MedConF,35896,11,3,0,cabaneros
MedConF,35896,11,6,0,cabaneros
MedConF,35896,11,9,0,cabaneros
MedSclF,158690,11,1,0,cabaneros
MedSclF,158690,11,12,0,cabaneros
MedSclF,158690,11,3,0,cabaneros
MedSclF,158690,11,6,0,cabaneros
MedSclF,158690,11,9,0,cabaneros
MedScrub,187005,11,1,0,cabaneros
MedScrub,187005,11,12,0,cabaneros
MedScrub,187005,11,3,0,cabaneros
MedScrub,187005,11,6,0,cabaneros
MedScrub,187005,11,9,0,cabaneros
Reforestation,57,11,1,0,cabaneros
Reforestation,57,11,12,0,cabaneros
Reforestation,57,11,3,0,cabaneros
Reforestation,57,11,6,0,cabaneros
Reforestation,57,11,9,0,cabaneros
RipF,4764,11,1,0,cabaneros
RipF,4764,11,12,0,cabaneros
RipF,4764,11,3,0,cabaneros
RipF,4764,11,6,0,cabaneros
RipF,4764,11,9,0,cabaneros
RockScreeVeg,11067,11,1,0,cabaneros
RockScreeVeg,11067,11,12,0,cabaneros
RockScreeVeg,11067,11,3,0,cabaneros
RockScreeVeg,11067,11,6,0,cabaneros
RockScreeVeg,11067,11,9,0,cabaneros
Shrub,21978,11,1,0,cabaneros
Shrub,21978,11,12,0,cabaneros
Shrub,21978,11,3,0,cabaneros
Shrub,21978,11,6,0,cabaneros
Shrub,21978,11,9,0,cabaneros
SMedMarF,69447,11,1,0,cabaneros
SMedMarF,69447,11,12,0,cabaneros
SMedMarF,69447,11,3,0,cabaneros
SMedMarF,69447,11,6,0,cabaneros
SMedMarF,69447,11,9,0,cabaneros
WaterSurf,177,11,1,0,cabaneros
WaterSurf,177,11,12,0,cabaneros
WaterSurf,177,11,3,0,cabaneros
WaterSurf,177,11,6,0,cabaneros
WaterSurf,177,11,9,0,cabaneros
ArtSurf,7418,12,1,0,cabaneros
ArtSurf,7418,12,12,0,cabaneros
ArtSurf,7418,12,3,0,cabaneros
ArtSurf,7418,12,6,0,cabaneros
ArtSurf,7418,12,9,0,cabaneros
Crop,2473,12,1,0,cabaneros
Crop,2473,12,12,0,cabaneros
Crop,2473,12,3,0,cabaneros
Crop,2473,12,6,0,cabaneros
Crop,2473,12,9,0,cabaneros
Dehesa,36272,12,1,0,cabaneros
Dehesa,36272,12,12,0,cabaneros
Dehesa,36272,12,3,0,cabaneros
Dehesa,36272,12,6,0,cabaneros
Dehesa,36272,12,9,0,cabaneros
Grass,52784,12,1,0,cabaneros
Grass,52784,12,12,0,cabaneros
Grass,52784,12,3,0,cabaneros
Grass,52784,12,6,0,cabaneros
Grass,52784,12,9,0,cabaneros
HydroRipVeg,554,12,1,0,cabaneros
HydroRipVeg,554,12,12,0,cabaneros
HydroRipVeg,554,12,3,0,cabaneros
HydroRipVeg,554,12,6,0,cabaneros
HydroRipVeg,554,12,9,0,cabaneros
MedConF,35896,12,1,0,cabaneros
MedConF,35896,12,12,0,cabaneros
MedConF,35896,12,3,0,cabaneros
MedConF,35896,12,6,0,cabaneros
MedConF,35896,12,9,0,cabaneros
MedSclF,158688,12,1,0,cabaneros
MedSclF,158688,12,12,0,cabaneros
MedSclF,158688,12,3,0,cabaneros
MedSclF,158688,12,6,0,cabaneros
MedSclF,158688,12,9,0,cabaneros
MedScrub,187005,12,1,0,cabaneros
MedScrub,187005,12,12,0,cabaneros
MedScrub,187005,12,3,0,cabaneros
MedScrub,187005,12,6,0,cabaneros
MedScrub,187005,12,9,0,cabaneros
Reforestation,57,12,1,0,cabaneros
Reforestation,57,12,12,0,cabaneros
Reforestation,57,12,3,0,cabaneros
Reforestation,57,12,6,0,cabaneros
Reforestation,57,12,9,0,cabaneros
RipF,4764,12,1,0,cabaneros
RipF,4764,12,12,0,cabaneros
RipF,4764,12,3,0,cabaneros
RipF,4764,12,6,0,cabaneros
RipF,4764,12,9,0,cabaneros
RockScreeVeg,11067,12,1,0,cabaneros
RockScreeVeg,11067,12,12,0,cabaneros
RockScreeVeg,11067,12,3,0,cabaneros
RockScreeVeg,11067,12,6,0,cabaneros
RockScreeVeg,11067,12,9,0,cabaneros
Shrub,21978,12,1,0,cabaneros
Shrub,21978,12,12,0,cabaneros
Shrub,21978,12,3,0,cabaneros
Shrub,21978,12,6,0,cabaneros
Shrub,21978,12,9,0,cabaneros
SMedMarF,69447,12,1,0,cabaneros
SMedMarF,69447,12,12,0,cabaneros
SMedMarF,69447,12,3,0,cabaneros
SMedMarF,69447,12,6,0,cabaneros
SMedMarF,69447,12,9,0,cabaneros
WaterSurf,177,12,1,0,cabaneros
WaterSurf,177,12,12,0,cabaneros
WaterSurf,177,12,3,0,cabaneros
WaterSurf,177,12,6,0,cabaneros
WaterSurf,177,12,9,0,cabaneros
AridScr,7823,1,1,0,cabrera
AridScr,7823,1,12,2,cabrera
AridScr,7823,1,3,20,cabrera
AridScr,7823,1,6,10,cabrera
AridScr,7823,1,9,10,cabrera
ArtSurf,94,1,1,0,cabrera
ArtSurf,94,1,12,1,cabrera
ArtSurf,94,1,3,0,cabrera
ArtSurf,94,1,6,0,cabrera
ArtSurf,94,1,9,0,cabrera
BareArea,1122,1,1,0,cabrera
BareArea,1122,1,12,1,cabrera
BareArea,1122,1,3,0,cabrera
BareArea,1122,1,6,3,cabrera
BareArea,1122,1,9,3,cabrera
Crop,4,1,1,0,cabrera
Crop,4,1,12,0,cabrera
Crop,4,1,3,0,cabrera
Crop,4,1,6,0,cabrera
Crop,4,1,9,0,cabrera
Grass,13,1,1,0,cabrera
Grass,13,1,12,0,cabrera
Grass,13,1,3,0,cabrera
Grass,13,1,6,0,cabrera
Grass,13,1,9,0,cabrera
HaloVeg,52,1,1,0,cabrera
HaloVeg,52,1,12,0,cabrera
HaloVeg,52,1,3,0,cabrera
HaloVeg,52,1,6,0,cabrera
HaloVeg,52,1,9,0,cabrera
MedConF,8797,1,1,0,cabrera
MedConF,8797,1,12,11,cabrera
MedConF,8797,1,3,33,cabrera
MedConF,8797,1,6,17,cabrera
MedConF,8797,1,9,27,cabrera
MedScrub,486,1,1,0,cabrera
MedScrub,486,1,12,1,cabrera
MedScrub,486,1,3,4,cabrera
MedScrub,486,1,6,2,cabrera
MedScrub,486,1,9,2,cabrera
SaltMar,276,1,1,0,cabrera
SaltMar,276,1,12,3,cabrera
SaltMar,276,1,3,0,cabrera
SaltMar,276,1,6,1,cabrera
SaltMar,276,1,9,0,cabrera
AridScr,7823,2,1,0,cabrera
AridScr,7823,2,12,0,cabrera
AridScr,7823,2,3,0,cabrera
AridScr,7823,2,6,0,cabrera
AridScr,7823,2,9,0,cabrera
ArtSurf,94,2,1,0,cabrera
ArtSurf,94,2,12,0,cabrera
ArtSurf,94,2,3,0,cabrera
ArtSurf,94,2,6,0,cabrera
ArtSurf,94,2,9,0,cabrera
BareArea,1122,2,1,0,cabrera
BareArea,1122,2,12,0,cabrera
BareArea,1122,2,3,0,cabrera
BareArea,1122,2,6,0,cabrera
BareArea,1122,2,9,0,cabrera
Crop,4,2,1,0,cabrera
Crop,4,2,12,0,cabrera
Crop,4,2,3,0,cabrera
Crop,4,2,6,0,cabrera
Crop,4,2,9,0,cabrera
Grass,13,2,1,0,cabrera
Grass,13,2,12,0,cabrera
Grass,13,2,3,0,cabrera
Grass,13,2,6,0,cabrera
Grass,13,2,9,0,cabrera
HaloVeg,52,2,1,0,cabrera
HaloVeg,52,2,12,0,cabrera
HaloVeg,52,2,3,0,cabrera
HaloVeg,52,2,6,0,cabrera
HaloVeg,52,2,9,0,cabrera
MedConF,8797,2,1,0,cabrera
MedConF,8797,2,12,0,cabrera
MedConF,8797,2,3,0,cabrera
MedConF,8797,2,6,0,cabrera
MedConF,8797,2,9,0,cabrera
MedScrub,486,2,1,0,cabrera
MedScrub,486,2,12,0,cabrera
MedScrub,486,2,3,0,cabrera
MedScrub,486,2,6,0,cabrera
MedScrub,486,2,9,0,cabrera
SaltMar,276,2,1,0,cabrera
SaltMar,276,2,12,0,cabrera
SaltMar,276,2,3,0,cabrera
SaltMar,276,2,6,0,cabrera
SaltMar,276,2,9,0,cabrera
AridScr,7823,3,1,1226,cabrera
AridScr,7823,3,12,295,cabrera
AridScr,7823,3,3,123,cabrera
AridScr,7823,3,6,3,cabrera
AridScr,7823,3,9,117,cabrera
ArtSurf,94,3,1,4,cabrera
ArtSurf,94,3,12,1,cabrera
ArtSurf,94,3,3,1,cabrera
ArtSurf,94,3,6,0,cabrera
ArtSurf,94,3,9,0,cabrera
BareArea,1122,3,1,23,cabrera
BareArea,1122,3,12,12,cabrera
BareArea,1122,3,3,15,cabrera
BareArea,1122,3,6,1,cabrera
BareArea,1122,3,9,11,cabrera
Crop,4,3,1,0,cabrera
Crop,4,3,12,0,cabrera
Crop,4,3,3,0,cabrera
Crop,4,3,6,0,cabrera
Crop,4,3,9,0,cabrera
Grass,13,3,1,0,cabrera
Grass,13,3,12,1,cabrera
Grass,13,3,3,1,cabrera
Grass,13,3,6,0,cabrera
Grass,13,3,9,0,cabrera
HaloVeg,52,3,1,0,cabrera
HaloVeg,52,3,12,0,cabrera
HaloVeg,52,3,3,0,cabrera
HaloVeg,52,3,6,0,cabrera
HaloVeg,52,3,9,0,cabrera
MedConF,8797,3,1,989,cabrera
MedConF,8797,3,12,144,cabrera
MedConF,8797,3,3,31,cabrera
MedConF,8797,3,6,4,cabrera
MedConF,8797,3,9,72,cabrera
MedScrub,486,3,1,175,cabrera
MedScrub,486,3,12,4,cabrera
MedScrub,486,3,3,0,cabrera
MedScrub,486,3,6,0,cabrera
MedScrub,486,3,9,3,cabrera
SaltMar,276,3,1,11,cabrera
SaltMar,276,3,12,4,cabrera
SaltMar,276,3,3,15,cabrera
SaltMar,276,3,6,3,cabrera
SaltMar,276,3,9,1,cabrera
AridScr,7823,4,1,1617,cabrera
AridScr,7823,4,12,17,cabrera
AridScr,7823,4,3,2310,cabrera
AridScr,7823,4,6,23,cabrera
AridScr,7823,4,9,18,cabrera
ArtSurf,94,4,1,31,cabrera
ArtSurf,94,4,12,0,cabrera
ArtSurf,94,4,3,10,cabrera
ArtSurf,94,4,6,0,cabrera
ArtSurf,94,4,9,1,cabrera
BareArea,1122,4,1,82,cabrera
BareArea,1122,4,12,4,cabrera
BareArea,1122,4,3,67,cabrera
BareArea,1122,4,6,6,cabrera
BareArea,1122,4,9,5,cabrera
Crop,4,4,1,0,cabrera
Crop,4,4,12,0,cabrera
Crop,4,4,3,1,cabrera
Crop,4,4,6,0,cabrera
Crop,4,4,9,0,cabrera
Grass,13,4,1,9,cabrera
Grass,13,4,12,0,cabrera
Grass,13,4,3,3,cabrera
Grass,13,4,6,0,cabrera
Grass,13,4,9,0,cabrera
HaloVeg,52,4,1,21,cabrera
HaloVeg,52,4,12,0,cabrera
HaloVeg,52,4,3,2,cabrera
HaloVeg,52,4,6,0,cabrera
HaloVeg,52,4,9,0,cabrera
MedConF,8797,4,1,2182,cabrera
MedConF,8797,4,12,10,cabrera
MedConF,8797,4,3,1491,cabrera
MedConF,8797,4,6,7,cabrera
MedConF,8797,4,9,3,cabrera
MedScrub,486,4,1,16,cabrera
MedScrub,486,4,12,2,cabrera
MedScrub,486,4,3,132,cabrera
MedScrub,486,4,6,4,cabrera
MedScrub,486,4,9,0,cabrera
SaltMar,276,4,1,48,cabrera
SaltMar,276,4,12,1,cabrera
SaltMar,276,4,3,21,cabrera
SaltMar,276,4,6,1,cabrera
SaltMar,276,4,9,0,cabrera
AridScr,7823,5,1,19,cabrera
AridScr,7823,5,12,0,cabrera
AridScr,7823,5,3,755,cabrera
AridScr,7823,5,6,4,cabrera
AridScr,7823,5,9,1,cabrera
ArtSurf,94,5,1,0,cabrera
ArtSurf,94,5,12,0,cabrera
ArtSurf,94,5,3,3,cabrera
ArtSurf,94,5,6,0,cabrera
ArtSurf,94,5,9,0,cabrera
BareArea,1122,5,1,14,cabrera
BareArea,1122,5,12,0,cabrera
BareArea,1122,5,3,19,cabrera
BareArea,1122,5,6,4,cabrera
BareArea,1122,5,9,0,cabrera
Crop,4,5,1,0,cabrera
Crop,4,5,12,0,cabrera
Crop,4,5,3,0,cabrera
Crop,4,5,6,0,cabrera
Crop,4,5,9,0,cabrera
Grass,13,5,1,0,cabrera
Grass,13,5,12,0,cabrera
Grass,13,5,3,3,cabrera
Grass,13,5,6,0,cabrera
Grass,13,5,9,0,cabrera
HaloVeg,52,5,1,11,cabrera
HaloVeg,52,5,12,0,cabrera
HaloVeg,52,5,3,2,cabrera
HaloVeg,52,5,6,0,cabrera
HaloVeg,52,5,9,0,cabrera
MedConF,8797,5,1,6,cabrera
MedConF,8797,5,12,0,cabrera
MedConF,8797,5,3,279,cabrera
MedConF,8797,5,6,2,cabrera
MedConF,8797,5,9,0,cabrera
MedScrub,486,5,1,0,cabrera
MedScrub,486,5,12,0,cabrera
MedScrub,486,5,3,7,cabrera
MedScrub,486,5,6,0,cabrera
MedScrub,486,5,9,0,cabrera
SaltMar,276,5,1,3,cabrera
SaltMar,276,5,12,0,cabrera
SaltMar,276,5,3,11,cabrera
SaltMar,276,5,6,0,cabrera
SaltMar,276,5,9,0,cabrera
AridScr,7823,6,1,2503,cabrera
AridScr,7823,6,12,35,cabrera
AridScr,7823,6,3,3552,cabrera
AridScr,7823,6,6,239,cabrera
AridScr,7823,6,9,15,cabrera
ArtSurf,94,6,1,31,cabrera
ArtSurf,94,6,12,0,cabrera
ArtSurf,94,6,3,20,cabrera
ArtSurf,94,6,6,2,cabrera
ArtSurf,94,6,9,0,cabrera
BareArea,1122,6,1,67,cabrera
BareArea,1122,6,12,13,cabrera
BareArea,1122,6,3,142,cabrera
BareArea,1122,6,6,31,cabrera
BareArea,1122,6,9,3,cabrera
Crop,4,6,1,0,cabrera
Crop,4,6,12,0,cabrera
Crop,4,6,3,1,cabrera
Crop,4,6,6,0,cabrera
Crop,4,6,9,0,cabrera
Grass,13,6,1,3,cabrera
Grass,13,6,12,0,cabrera
Grass,13,6,3,5,cabrera
Grass,13,6,6,2,cabrera
Grass,13,6,9,0,cabrera
HaloVeg,52,6,1,0,cabrera
HaloVeg,52,6,12,0,cabrera
HaloVeg,52,6,3,29,cabrera
HaloVeg,52,6,6,0,cabrera
HaloVeg,52,6,9,0,cabrera
MedConF,8797,6,1,4382,cabrera
MedConF,8797,6,12,7,cabrera
MedConF,8797,6,3,3437,cabrera
MedConF,8797,6,6,82,cabrera
MedConF,8797,6,9,4,cabrera
MedScrub,486,6,1,331,cabrera
MedScrub,486,6,12,0,cabrera
MedScrub,486,6,3,123,cabrera
MedScrub,486,6,6,2,cabrera
MedScrub,486,6,9,1,cabrera
SaltMar,276,6,1,10,cabrera
SaltMar,276,6,12,1,cabrera
SaltMar,276,6,3,55,cabrera
SaltMar,276,6,6,10,cabrera
SaltMar,276,6,9,3,cabrera
AridScr,7823,7,1,1864,cabrera
AridScr,7823,7,12,88,cabrera
AridScr,7823,7,3,3550,cabrera
AridScr,7823,7,6,324,cabrera
AridScr,7823,7,9,0,cabrera
ArtSurf,94,7,1,22,cabrera
ArtSurf,94,7,12,0,cabrera
ArtSurf,94,7,3,19,cabrera
ArtSurf,94,7,6,1,cabrera
ArtSurf,94,7,9,0,cabrera
BareArea,1122,7,1,80,cabrera
BareArea,1122,7,12,23,cabrera
BareArea,1122,7,3,235,cabrera
BareArea,1122,7,6,56,cabrera
BareArea,1122,7,9,1,cabrera
Crop,4,7,1,0,cabrera
Crop,4,7,12,0,cabrera
Crop,4,7,3,2,cabrera
Crop,4,7,6,0,cabrera
Crop,4,7,9,0,cabrera
Grass,13,7,1,0,cabrera
Grass,13,7,12,0,cabrera
Grass,13,7,3,8,cabrera
Grass,13,7,6,4,cabrera
Grass,13,7,9,0,cabrera
HaloVeg,52,7,1,25,cabrera
HaloVeg,52,7,12,0,cabrera
HaloVeg,52,7,3,6,cabrera
HaloVeg,52,7,6,0,cabrera
HaloVeg,52,7,9,0,cabrera
MedConF,8797,7,1,3669,cabrera
MedConF,8797,7,12,24,cabrera
MedConF,8797,7,3,3873,cabrera
MedConF,8797,7,6,67,cabrera
MedConF,8797,7,9,0,cabrera
MedScrub,486,7,1,225,cabrera
MedScrub,486,7,12,3,cabrera
MedScrub,486,7,3,218,cabrera
MedScrub,486,7,6,8,cabrera
MedScrub,486,7,9,0,cabrera
SaltMar,276,7,1,53,cabrera
SaltMar,276,7,12,10,cabrera
SaltMar,276,7,3,49,cabrera
SaltMar,276,7,6,5,cabrera
SaltMar,276,7,9,2,cabrera
AridScr,7823,8,1,152,cabrera
AridScr,7823,8,12,2,cabrera
AridScr,7823,8,3,76,cabrera
AridScr,7823,8,6,12,cabrera
AridScr,7823,8,9,2,cabrera
ArtSurf,94,8,1,0,cabrera
ArtSurf,94,8,12,0,cabrera
ArtSurf,94,8,3,0,cabrera
ArtSurf,94,8,6,0,cabrera
ArtSurf,94,8,9,0,cabrera
BareArea,1122,8,1,5,cabrera
BareArea,1122,8,12,1,cabrera
BareArea,1122,8,3,5,cabrera
BareArea,1122,8,6,9,cabrera
BareArea,1122,8,9,1,cabrera
Crop,4,8,1,0,cabrera
Crop,4,8,12,0,cabrera
Crop,4,8,3,0,cabrera
Crop,4,8,6,0,cabrera
Crop,4,8,9,0,cabrera
Grass,13,8,1,0,cabrera
Grass,13,8,12,0,cabrera
Grass,13,8,3,0,cabrera
Grass,13,8,6,0,cabrera
Grass,13,8,9,0,cabrera
HaloVeg,52,8,1,0,cabrera
HaloVeg,52,8,12,0,cabrera
HaloVeg,52,8,3,0,cabrera
HaloVeg,52,8,6,0,cabrera
HaloVeg,52,8,9,0,cabrera
MedConF,8797,8,1,88,cabrera
MedConF,8797,8,12,0,cabrera
MedConF,8797,8,3,46,cabrera
MedConF,8797,8,6,13,cabrera
MedConF,8797,8,9,0,cabrera
MedScrub,486,8,1,0,cabrera
MedScrub,486,8,12,0,cabrera
MedScrub,486,8,3,3,cabrera
MedScrub,486,8,6,0,cabrera
MedScrub,486,8,9,0,cabrera
SaltMar,276,8,1,0,cabrera
SaltMar,276,8,12,0,cabrera
SaltMar,276,8,3,0,cabrera
SaltMar,276,8,6,4,cabrera
SaltMar,276,8,9,0,cabrera
AridScr,7823,9,1,6,cabrera
AridScr,7823,9,12,7,cabrera
AridScr,7823,9,3,98,cabrera
AridScr,7823,9,6,190,cabrera
AridScr,7823,9,9,15,cabrera
ArtSurf,94,9,1,0,cabrera
ArtSurf,94,9,12,1,cabrera
ArtSurf,94,9,3,2,cabrera
ArtSurf,94,9,6,3,cabrera
ArtSurf,94,9,9,0,cabrera
BareArea,1122,9,1,2,cabrera
BareArea,1122,9,12,2,cabrera
BareArea,1122,9,3,1,cabrera
BareArea,1122,9,6,8,cabrera
BareArea,1122,9,9,7,cabrera
Crop,4,9,1,0,cabrera
Crop,4,9,12,0,cabrera
Crop,4,9,3,0,cabrera
Crop,4,9,6,0,cabrera
Crop,4,9,9,0,cabrera
Grass,13,9,1,0,cabrera
Grass,13,9,12,0,cabrera
Grass,13,9,3,0,cabrera
Grass,13,9,6,0,cabrera
Grass,13,9,9,2,cabrera
HaloVeg,52,9,1,0,cabrera
HaloVeg,52,9,12,0,cabrera
HaloVeg,52,9,3,0,cabrera
HaloVeg,52,9,6,0,cabrera
HaloVeg,52,9,9,0,cabrera
MedConF,8797,9,1,6,cabrera
MedConF,8797,9,12,29,cabrera
MedConF,8797,9,3,68,cabrera
MedConF,8797,9,6,420,cabrera
MedConF,8797,9,9,17,cabrera
MedScrub,486,9,1,0,cabrera
MedScrub,486,9,12,0,cabrera
MedScrub,486,9,3,3,cabrera
MedScrub,486,9,6,13,cabrera
MedScrub,486,9,9,0,cabrera
SaltMar,276,9,1,0,cabrera
SaltMar,276,9,12,0,cabrera
SaltMar,276,9,3,0,cabrera
SaltMar,276,9,6,5,cabrera
SaltMar,276,9,9,2,cabrera
AridScr,7823,10,1,0,cabrera
AridScr,7823,10,12,0,cabrera
AridScr,7823,10,3,0,cabrera
AridScr,7823,10,6,2,cabrera
AridScr,7823,10,9,0,cabrera
ArtSurf,94,10,1,0,cabrera
ArtSurf,94,10,12,0,cabrera
ArtSurf,94,10,3,0,cabrera
ArtSurf,94,10,6,0,cabrera
ArtSurf,94,10,9,0,cabrera
BareArea,1122,10,1,0,cabrera
BareArea,1122,10,12,0,cabrera
BareArea,1122,10,3,0,cabrera
BareArea,1122,10,6,0,cabrera
BareArea,1122,10,9,0,cabrera
Crop,4,10,1,0,cabrera
Crop,4,10,12,0,cabrera
Crop,4,10,3,0,cabrera
Crop,4,10,6,0,cabrera
Crop,4,10,9,0,cabrera
Grass,13,10,1,0,cabrera
Grass,13,10,12,0,cabrera
Grass,13,10,3,0,cabrera
Grass,13,10,6,0,cabrera
Grass,13,10,9,0,cabrera
HaloVeg,52,10,1,0,cabrera
HaloVeg,52,10,12,0,cabrera
HaloVeg,52,10,3,0,cabrera
HaloVeg,52,10,6,0,cabrera
HaloVeg,52,10,9,0,cabrera
MedConF,8797,10,1,0,cabrera
MedConF,8797,10,12,0,cabrera
MedConF,8797,10,3,4,cabrera
MedConF,8797,10,6,0,cabrera
MedConF,8797,10,9,0,cabrera
MedScrub,486,10,1,0,cabrera
MedScrub,486,10,12,0,cabrera
MedScrub,486,10,3,0,cabrera
MedScrub,486,10,6,0,cabrera
MedScrub,486,10,9,0,cabrera
SaltMar,276,10,1,0,cabrera
SaltMar,276,10,12,0,cabrera
SaltMar,276,10,3,0,cabrera
SaltMar,276,10,6,0,cabrera
SaltMar,276,10,9,0,cabrera
AridScr,7823,11,1,0,cabrera
AridScr,7823,11,12,0,cabrera
AridScr,7823,11,3,0,cabrera
AridScr,7823,11,6,0,cabrera
AridScr,7823,11,9,0,cabrera
ArtSurf,94,11,1,0,cabrera
ArtSurf,94,11,12,0,cabrera
ArtSurf,94,11,3,0,cabrera
ArtSurf,94,11,6,0,cabrera
ArtSurf,94,11,9,0,cabrera
BareArea,1122,11,1,0,cabrera
BareArea,1122,11,12,0,cabrera
BareArea,1122,11,3,0,cabrera
BareArea,1122,11,6,0,cabrera
BareArea,1122,11,9,0,cabrera
Crop,4,11,1,0,cabrera
Crop,4,11,12,0,cabrera
Crop,4,11,3,0,cabrera
Crop,4,11,6,0,cabrera
Crop,4,11,9,0,cabrera
Grass,13,11,1,0,cabrera
Grass,13,11,12,0,cabrera
Grass,13,11,3,0,cabrera
Grass,13,11,6,0,cabrera
Grass,13,11,9,0,cabrera
HaloVeg,52,11,1,0,cabrera
HaloVeg,52,11,12,0,cabrera
HaloVeg,52,11,3,0,cabrera
HaloVeg,52,11,6,0,cabrera
HaloVeg,52,11,9,0,cabrera
MedConF,8797,11,1,0,cabrera
MedConF,8797,11,12,0,cabrera
MedConF,8797,11,3,0,cabrera
MedConF,8797,11,6,0,cabrera
MedConF,8797,11,9,0,cabrera
MedScrub,486,11,1,0,cabrera
MedScrub,486,11,12,0,cabrera
MedScrub,486,11,3,0,cabrera
MedScrub,486,11,6,0,cabrera
MedScrub,486,11,9,0,cabrera
SaltMar,276,11,1,0,cabrera
SaltMar,276,11,12,0,cabrera
SaltMar,276,11,3,0,cabrera
SaltMar,276,11,6,0,cabrera
SaltMar,276,11,9,0,cabrera
AridScr,7823,12,1,0,cabrera
AridScr,7823,12,12,0,cabrera
AridScr,7823,12,3,0,cabrera
AridScr,7823,12,6,0,cabrera
AridScr,7823,12,9,0,cabrera
ArtSurf,94,12,1,0,cabrera
ArtSurf,94,12,12,0,cabrera
ArtSurf,94,12,3,0,cabrera
ArtSurf,94,12,6,0,cabrera
ArtSurf,94,12,9,0,cabrera
BareArea,1122,12,1,0,cabrera
BareArea,1122,12,12,0,cabrera
BareArea,1122,12,3,0,cabrera
BareArea,1122,12,6,0,cabrera
BareArea,1122,12,9,0,cabrera
Crop,4,12,1,0,cabrera
Crop,4,12,12,0,cabrera
Crop,4,12,3,0,cabrera
Crop,4,12,6,0,cabrera
Crop,4,12,9,0,cabrera
Grass,13,12,1,0,cabrera
Grass,13,12,12,0,cabrera
Grass,13,12,3,0,cabrera
Grass,13,12,6,0,cabrera
Grass,13,12,9,0,cabrera
HaloVeg,52,12,1,0,cabrera
HaloVeg,52,12,12,0,cabrera
HaloVeg,52,12,3,0,cabrera
HaloVeg,52,12,6,0,cabrera
HaloVeg,52,12,9,0,cabrera
MedConF,8797,12,1,0,cabrera
MedConF,8797,12,12,0,cabrera
MedConF,8797,12,3,0,cabrera
MedConF,8797,12,6,0,cabrera
MedConF,8797,12,9,0,cabrera
MedScrub,486,12,1,0,cabrera
MedScrub,486,12,12,0,cabrera
MedScrub,486,12,3,0,cabrera
MedScrub,486,12,6,2,cabrera
MedScrub,486,12,9,0,cabrera
SaltMar,276,12,1,0,cabrera
SaltMar,276,12,12,0,cabrera
SaltMar,276,12,3,0,cabrera
SaltMar,276,12,6,0,cabrera
SaltMar,276,12,9,0,cabrera
ArtSurf,247,1,1,0,daimiel
ArtSurf,247,1,12,0,daimiel
ArtSurf,247,1,3,0,daimiel
ArtSurf,247,1,6,0,daimiel
ArtSurf,247,1,9,0,daimiel
Crop,2273,1,1,0,daimiel
Crop,2273,1,12,0,daimiel
Crop,2273,1,3,0,daimiel
Crop,2273,1,6,0,daimiel
Crop,2273,1,9,0,daimiel
Dehesa,2601,1,1,0,daimiel
Dehesa,2601,1,12,0,daimiel
Dehesa,2601,1,3,0,daimiel
Dehesa,2601,1,6,0,daimiel
Dehesa,2601,1,9,0,daimiel
Grass,8172,1,1,0,daimiel
Grass,8172,1,12,0,daimiel
Grass,8172,1,3,0,daimiel
Grass,8172,1,6,0,daimiel
Grass,8172,1,9,0,daimiel
HaloVeg,2543,1,1,0,daimiel
HaloVeg,2543,1,12,0,daimiel
HaloVeg,2543,1,3,0,daimiel
HaloVeg,2543,1,6,0,daimiel
HaloVeg,2543,1,9,0,daimiel
HydroRipVeg,16350,1,1,0,daimiel
HydroRipVeg,16350,1,12,0,daimiel
HydroRipVeg,16350,1,3,0,daimiel
HydroRipVeg,16350,1,6,0,daimiel
HydroRipVeg,16350,1,9,0,daimiel
MedSclF,623,1,1,0,daimiel
MedSclF,623,1,12,0,daimiel
MedSclF,623,1,3,0,daimiel
MedSclF,623,1,6,0,daimiel
MedSclF,623,1,9,0,daimiel
Reforestation,25,1,1,0,daimiel
Reforestation,25,1,12,0,daimiel
Reforestation,25,1,3,0,daimiel
Reforestation,25,1,6,0,daimiel
Reforestation,25,1,9,0,daimiel
RipF,1501,1,1,0,daimiel
RipF,1501,1,12,0,daimiel
RipF,1501,1,3,0,daimiel
RipF,1501,1,6,0,daimiel
RipF,1501,1,9,0,daimiel
WaterSurf,8869,1,1,0,daimiel
WaterSurf,8869,1,12,0,daimiel
WaterSurf,8869,1,3,0,daimiel
WaterSurf,8869,1,6,0,daimiel
WaterSurf,8869,1,9,0,daimiel
ArtSurf,247,2,1,0,daimiel
ArtSurf,247,2,12,0,daimiel
ArtSurf,247,2,3,0,daimiel
ArtSurf,247,2,6,0,daimiel
ArtSurf,247,2,9,0,daimiel
Crop,2273,2,1,0,daimiel
Crop,2273,2,12,0,daimiel
Crop,2273,2,3,0,daimiel
Crop,2273,2,6,0,daimiel
Crop,2273,2,9,0,daimiel
Dehesa,2601,2,1,0,daimiel
Dehesa,2601,2,12,0,daimiel
Dehesa,2601,2,3,0,daimiel
Dehesa,2601,2,6,0,daimiel
Dehesa,2601,2,9,0,daimiel
Grass,8172,2,1,0,daimiel
Grass,8172,2,12,0,daimiel
Grass,8172,2,3,0,daimiel
Grass,8172,2,6,0,daimiel
Grass,8172,2,9,0,daimiel
HaloVeg,2543,2,1,0,daimiel
HaloVeg,2543,2,12,0,daimiel
HaloVeg,2543,2,3,0,daimiel
HaloVeg,2543,2,6,0,daimiel
HaloVeg,2543,2,9,0,daimiel
HydroRipVeg,16350,2,1,0,daimiel
HydroRipVeg,16350,2,12,0,daimiel
HydroRipVeg,16350,2,3,0,daimiel
HydroRipVeg,16350,2,6,0,daimiel
HydroRipVeg,16350,2,9,0,daimiel
MedSclF,623,2,1,0,daimiel
MedSclF,623,2,12,0,daimiel
MedSclF,623,2,3,0,daimiel
MedSclF,623,2,6,0,daimiel
MedSclF,623,2,9,0,daimiel
Reforestation,25,2,1,0,daimiel
Reforestation,25,2,12,0,daimiel
Reforestation,25,2,3,0,daimiel
Reforestation,25,2,6,0,daimiel
Reforestation,25,2,9,0,daimiel
RipF,1501,2,1,0,daimiel
RipF,1501,2,12,0,daimiel
RipF,1501,2,3,0,daimiel
RipF,1501,2,6,0,daimiel
RipF,1501,2,9,0,daimiel
WaterSurf,8869,2,1,0,daimiel
WaterSurf,8869,2,12,0,daimiel
WaterSurf,8869,2,3,0,daimiel
WaterSurf,8869,2,6,0,daimiel
WaterSurf,8869,2,9,0,daimiel
ArtSurf,247,3,1,0,daimiel
ArtSurf,247,3,12,0,daimiel
ArtSurf,247,3,3,0,daimiel
ArtSurf,247,3,6,0,daimiel
ArtSurf,247,3,9,0,daimiel
Crop,2273,3,1,0,daimiel
Crop,2273,3,12,0,daimiel
Crop,2273,3,3,0,daimiel
Crop,2273,3,6,0,daimiel
Crop,2273,3,9,0,daimiel
Dehesa,2601,3,1,0,daimiel
Dehesa,2601,3,12,0,daimiel
Dehesa,2601,3,3,0,daimiel
Dehesa,2601,3,6,0,daimiel
Dehesa,2601,3,9,0,daimiel
Grass,8172,3,1,0,daimiel
Grass,8172,3,12,0,daimiel
Grass,8172,3,3,0,daimiel
Grass,8172,3,6,0,daimiel
Grass,8172,3,9,0,daimiel
HaloVeg,2543,3,1,0,daimiel
HaloVeg,2543,3,12,0,daimiel
HaloVeg,2543,3,3,0,daimiel
HaloVeg,2543,3,6,0,daimiel
HaloVeg,2543,3,9,0,daimiel
HydroRipVeg,16350,3,1,0,daimiel
HydroRipVeg,16350,3,12,0,daimiel
HydroRipVeg,16350,3,3,0,daimiel
HydroRipVeg,16350,3,6,0,daimiel
HydroRipVeg,16350,3,9,0,daimiel
MedSclF,623,3,1,0,daimiel
MedSclF,623,3,12,0,daimiel
MedSclF,623,3,3,0,daimiel
MedSclF,623,3,6,0,daimiel
MedSclF,623,3,9,0,daimiel
Reforestation,25,3,1,0,daimiel
Reforestation,25,3,12,0,daimiel
Reforestation,25,3,3,0,daimiel
Reforestation,25,3,6,0,daimiel
Reforestation,25,3,9,0,daimiel
RipF,1501,3,1,0,daimiel
RipF,1501,3,12,0,daimiel
RipF,1501,3,3,0,daimiel
RipF,1501,3,6,0,daimiel
RipF,1501,3,9,0,daimiel
WaterSurf,8869,3,1,0,daimiel
WaterSurf,8869,3,12,0,daimiel
WaterSurf,8869,3,3,0,daimiel
WaterSurf,8869,3,6,0,daimiel
WaterSurf,8869,3,9,0,daimiel
ArtSurf,247,4,1,0,daimiel
ArtSurf,247,4,12,0,daimiel
ArtSurf,247,4,3,0,daimiel
ArtSurf,247,4,6,0,daimiel
ArtSurf,247,4,9,0,daimiel
Crop,2273,4,1,0,daimiel
Crop,2273,4,12,0,daimiel
Crop,2273,4,3,0,daimiel
Crop,2273,4,6,0,daimiel
Crop,2273,4,9,0,daimiel
Dehesa,2601,4,1,0,daimiel
Dehesa,2601,4,12,0,daimiel
Dehesa,2601,4,3,0,daimiel
Dehesa,2601,4,6,0,daimiel
Dehesa,2601,4,9,0,daimiel
Grass,8172,4,1,0,daimiel
Grass,8172,4,12,0,daimiel
Grass,8172,4,3,0,daimiel
Grass,8172,4,6,0,daimiel
Grass,8172,4,9,0,daimiel
HaloVeg,2543,4,1,0,daimiel
HaloVeg,2543,4,12,0,daimiel
HaloVeg,2543,4,3,0,daimiel
HaloVeg,2543,4,6,0,daimiel
HaloVeg,2543,4,9,0,daimiel
HydroRipVeg,16350,4,1,0,daimiel
HydroRipVeg,16350,4,12,0,daimiel
HydroRipVeg,16350,4,3,0,daimiel
HydroRipVeg,16350,4,6,0,daimiel
HydroRipVeg,16350,4,9,0,daimiel
MedSclF,623,4,1,0,daimiel
MedSclF,623,4,12,0,daimiel
MedSclF,623,4,3,0,daimiel
MedSclF,623,4,6,0,daimiel
MedSclF,623,4,9,0,daimiel
Reforestation,25,4,1,0,daimiel
Reforestation,25,4,12,0,daimiel
Reforestation,25,4,3,0,daimiel
Reforestation,25,4,6,0,daimiel
Reforestation,25,4,9,0,daimiel
RipF,1501,4,1,0,daimiel
RipF,1501,4,12,0,daimiel
RipF,1501,4,3,0,daimiel
RipF,1501,4,6,0,daimiel
RipF,1501,4,9,0,daimiel
WaterSurf,8869,4,1,0,daimiel
WaterSurf,8869,4,12,0,daimiel
WaterSurf,8869,4,3,0,daimiel
WaterSurf,8869,4,6,0,daimiel
WaterSurf,8869,4,9,0,daimiel
ArtSurf,247,5,1,0,daimiel
ArtSurf,247,5,12,0,daimiel
ArtSurf,247,5,3,0,daimiel
ArtSurf,247,5,6,0,daimiel
ArtSurf,247,5,9,0,daimiel
Crop,2273,5,1,0,daimiel
Crop,2273,5,12,0,daimiel
Crop,2273,5,3,0,daimiel
Crop,2273,5,6,0,daimiel
Crop,2273,5,9,0,daimiel
Dehesa,2601,5,1,0,daimiel
Dehesa,2601,5,12,0,daimiel
Dehesa,2601,5,3,0,daimiel
Dehesa,2601,5,6,0,daimiel
Dehesa,2601,5,9,0,daimiel
Grass,8172,5,1,0,daimiel
Grass,8172,5,12,0,daimiel
Grass,8172,5,3,0,daimiel
Grass,8172,5,6,0,daimiel
Grass,8172,5,9,0,daimiel
HaloVeg,2543,5,1,0,daimiel
HaloVeg,2543,5,12,0,daimiel
HaloVeg,2543,5,3,0,daimiel
HaloVeg,2543,5,6,0,daimiel
HaloVeg,2543,5,9,0,daimiel
HydroRipVeg,16350,5,1,0,daimiel
HydroRipVeg,16350,5,12,0,daimiel
HydroRipVeg,16350,5,3,0,daimiel
HydroRipVeg,16350,5,6,0,daimiel
HydroRipVeg,16350,5,9,0,daimiel
MedSclF,623,5,1,0,daimiel
MedSclF,623,5,12,0,daimiel
MedSclF,623,5,3,0,daimiel
MedSclF,623,5,6,0,daimiel
MedSclF,623,5,9,0,daimiel
Reforestation,25,5,1,0,daimiel
Reforestation,25,5,12,0,daimiel
Reforestation,25,5,3,0,daimiel
Reforestation,25,5,6,0,daimiel
Reforestation,25,5,9,0,daimiel
RipF,1501,5,1,0,daimiel
RipF,1501,5,12,0,daimiel
RipF,1501,5,3,0,daimiel
RipF,1501,5,6,0,daimiel
RipF,1501,5,9,0,daimiel
WaterSurf,8869,5,1,0,daimiel
WaterSurf,8869,5,12,0,daimiel
WaterSurf,8869,5,3,0,daimiel
WaterSurf,8869,5,6,0,daimiel
WaterSurf,8869,5,9,0,daimiel
ArtSurf,247,6,1,0,daimiel
ArtSurf,247,6,12,0,daimiel
ArtSurf,247,6,3,0,daimiel
ArtSurf,247,6,6,0,daimiel
ArtSurf,247,6,9,0,daimiel
Crop,2273,6,1,0,daimiel
Crop,2273,6,12,0,daimiel
Crop,2273,6,3,0,daimiel
Crop,2273,6,6,0,daimiel
Crop,2273,6,9,0,daimiel
Dehesa,2601,6,1,0,daimiel
Dehesa,2601,6,12,0,daimiel
Dehesa,2601,6,3,0,daimiel
Dehesa,2601,6,6,0,daimiel
Dehesa,2601,6,9,0,daimiel
Grass,8172,6,1,0,daimiel
Grass,8172,6,12,0,daimiel
Grass,8172,6,3,0,daimiel
Grass,8172,6,6,0,daimiel
Grass,8172,6,9,0,daimiel
HaloVeg,2543,6,1,0,daimiel
HaloVeg,2543,6,12,0,daimiel
HaloVeg,2543,6,3,0,daimiel
HaloVeg,2543,6,6,0,daimiel
HaloVeg,2543,6,9,0,daimiel
HydroRipVeg,16350,6,1,0,daimiel
HydroRipVeg,16350,6,12,0,daimiel
HydroRipVeg,16350,6,3,0,daimiel
HydroRipVeg,16350,6,6,0,daimiel
HydroRipVeg,16350,6,9,0,daimiel
MedSclF,623,6,1,0,daimiel
MedSclF,623,6,12,0,daimiel
MedSclF,623,6,3,0,daimiel
MedSclF,623,6,6,0,daimiel
MedSclF,623,6,9,0,daimiel
Reforestation,25,6,1,0,daimiel
Reforestation,25,6,12,0,daimiel
Reforestation,25,6,3,0,daimiel
Reforestation,25,6,6,0,daimiel
Reforestation,25,6,9,0,daimiel
RipF,1501,6,1,0,daimiel
RipF,1501,6,12,0,daimiel
RipF,1501,6,3,0,daimiel
RipF,1501,6,6,0,daimiel
RipF,1501,6,9,0,daimiel
WaterSurf,8869,6,1,0,daimiel
WaterSurf,8869,6,12,0,daimiel
WaterSurf,8869,6,3,0,daimiel
WaterSurf,8869,6,6,0,daimiel
WaterSurf,8869,6,9,0,daimiel
ArtSurf,247,7,1,0,daimiel
ArtSurf,247,7,12,0,daimiel
ArtSurf,247,7,3,0,daimiel
ArtSurf,247,7,6,0,daimiel
ArtSurf,247,7,9,0,daimiel
Crop,2273,7,1,0,daimiel
Crop,2273,7,12,0,daimiel
Crop,2273,7,3,45,daimiel
Crop,2273,7,6,0,daimiel
Crop,2273,7,9,0,daimiel
Dehesa,2601,7,1,0,daimiel
Dehesa,2601,7,12,0,daimiel
Dehesa,2601,7,3,105,daimiel
Dehesa,2601,7,6,0,daimiel
Dehesa,2601,7,9,0,daimiel
Grass,8172,7,1,0,daimiel
Grass,8172,7,12,0,daimiel
Grass,8172,7,3,232,daimiel
Grass,8172,7,6,0,daimiel
Grass,8172,7,9,0,daimiel
HaloVeg,2543,7,1,0,daimiel
HaloVeg,2543,7,12,0,daimiel
HaloVeg,2543,7,3,538,daimiel
HaloVeg,2543,7,6,0,daimiel
HaloVeg,2543,7,9,0,daimiel
HydroRipVeg,16350,7,1,21,daimiel
HydroRipVeg,16350,7,12,4,daimiel
HydroRipVeg,16350,7,3,271,daimiel
HydroRipVeg,16350,7,6,6,daimiel
HydroRipVeg,16350,7,9,4,daimiel
MedSclF,623,7,1,0,daimiel
MedSclF,623,7,12,0,daimiel
MedSclF,623,7,3,398,daimiel
MedSclF,623,7,6,0,daimiel
MedSclF,623,7,9,0,daimiel
Reforestation,25,7,1,0,daimiel
Reforestation,25,7,12,0,daimiel
Reforestation,25,7,3,3,daimiel
Reforestation,25,7,6,0,daimiel
Reforestation,25,7,9,0,daimiel
RipF,1501,7,1,0,daimiel
RipF,1501,7,12,0,daimiel
RipF,1501,7,3,85,daimiel
RipF,1501,7,6,0,daimiel
RipF,1501,7,9,0,daimiel
WaterSurf,8869,7,1,13,daimiel
WaterSurf,8869,7,12,12,daimiel
WaterSurf,8869,7,3,5,daimiel
WaterSurf,8869,7,6,0,daimiel
WaterSurf,8869,7,9,2,daimiel
ArtSurf,247,8,1,0,daimiel
ArtSurf,247,8,12,0,daimiel
ArtSurf,247,8,3,0,daimiel
ArtSurf,247,8,6,0,daimiel
ArtSurf,247,8,9,0,daimiel
Crop,2273,8,1,0,daimiel
Crop,2273,8,12,0,daimiel
Crop,2273,8,3,0,daimiel
Crop,2273,8,6,0,daimiel
Crop,2273,8,9,0,daimiel
Dehesa,2601,8,1,0,daimiel
Dehesa,2601,8,12,0,daimiel
Dehesa,2601,8,3,0,daimiel
Dehesa,2601,8,6,0,daimiel
Dehesa,2601,8,9,0,daimiel
Grass,8172,8,1,0,daimiel
Grass,8172,8,12,0,daimiel
Grass,8172,8,3,0,daimiel
Grass,8172,8,6,0,daimiel
Grass,8172,8,9,0,daimiel
HaloVeg,2543,8,1,0,daimiel
HaloVeg,2543,8,12,0,daimiel
HaloVeg,2543,8,3,0,daimiel
HaloVeg,2543,8,6,0,daimiel
HaloVeg,2543,8,9,0,daimiel
HydroRipVeg,16350,8,1,0,daimiel
HydroRipVeg,16350,8,12,0,daimiel
HydroRipVeg,16350,8,3,0,daimiel
HydroRipVeg,16350,8,6,0,daimiel
HydroRipVeg,16350,8,9,0,daimiel
MedSclF,623,8,1,0,daimiel
MedSclF,623,8,12,0,daimiel
MedSclF,623,8,3,0,daimiel
MedSclF,623,8,6,0,daimiel
MedSclF,623,8,9,0,daimiel
Reforestation,25,8,1,0,daimiel
Reforestation,25,8,12,0,daimiel
Reforestation,25,8,3,0,daimiel
Reforestation,25,8,6,0,daimiel
Reforestation,25,8,9,0,daimiel
RipF,1501,8,1,0,daimiel
RipF,1501,8,12,0,daimiel
RipF,1501,8,3,0,daimiel
RipF,1501,8,6,0,daimiel
RipF,1501,8,9,0,daimiel
WaterSurf,8869,8,1,0,daimiel
WaterSurf,8869,8,12,0,daimiel
WaterSurf,8869,8,3,0,daimiel
WaterSurf,8869,8,6,0,daimiel
WaterSurf,8869,8,9,0,daimiel
ArtSurf,247,9,1,0,daimiel
ArtSurf,247,9,12,0,daimiel
ArtSurf,247,9,3,0,daimiel
ArtSurf,247,9,6,0,daimiel
ArtSurf,247,9,9,0,daimiel
Crop,2273,9,1,0,daimiel
Crop,2273,9,12,0,daimiel
Crop,2273,9,3,0,daimiel
Crop,2273,9,6,0,daimiel
Crop,2273,9,9,0,daimiel
Dehesa,2601,9,1,0,daimiel
Dehesa,2601,9,12,0,daimiel
Dehesa,2601,9,3,0,daimiel
Dehesa,2601,9,6,0,daimiel
Dehesa,2601,9,9,0,daimiel
Grass,8172,9,1,0,daimiel
Grass,8172,9,12,0,daimiel
Grass,8172,9,3,0,daimiel
Grass,8172,9,6,0,daimiel
Grass,8172,9,9,0,daimiel
HaloVeg,2543,9,1,0,daimiel
HaloVeg,2543,9,12,0,daimiel
HaloVeg,2543,9,3,0,daimiel
HaloVeg,2543,9,6,0,daimiel
HaloVeg,2543,9,9,0,daimiel
HydroRipVeg,16350,9,1,0,daimiel
HydroRipVeg,16350,9,12,0,daimiel
HydroRipVeg,16350,9,3,0,daimiel
HydroRipVeg,16350,9,6,0,daimiel
HydroRipVeg,16350,9,9,0,daimiel
MedSclF,623,9,1,0,daimiel
MedSclF,623,9,12,0,daimiel
MedSclF,623,9,3,0,daimiel
MedSclF,623,9,6,0,daimiel
MedSclF,623,9,9,0,daimiel
Reforestation,25,9,1,0,daimiel
Reforestation,25,9,12,0,daimiel
Reforestation,25,9,3,0,daimiel
Reforestation,25,9,6,0,daimiel
Reforestation,25,9,9,0,daimiel
RipF,1501,9,1,0,daimiel
RipF,1501,9,12,0,daimiel
RipF,1501,9,3,0,daimiel
RipF,1501,9,6,0,daimiel
RipF,1501,9,9,0,daimiel
WaterSurf,8869,9,1,0,daimiel
WaterSurf,8869,9,12,0,daimiel
WaterSurf,8869,9,3,0,daimiel
WaterSurf,8869,9,6,0,daimiel
WaterSurf,8869,9,9,0,daimiel
ArtSurf,247,10,1,0,daimiel
ArtSurf,247,10,12,0,daimiel
ArtSurf,247,10,3,0,daimiel
ArtSurf,247,10,6,0,daimiel
ArtSurf,247,10,9,0,daimiel
Crop,2273,10,1,0,daimiel
Crop,2273,10,12,0,daimiel
Crop,2273,10,3,0,daimiel
Crop,2273,10,6,0,daimiel
Crop,2273,10,9,0,daimiel
Dehesa,2601,10,1,0,daimiel
Dehesa,2601,10,12,0,daimiel
Dehesa,2601,10,3,0,daimiel
Dehesa,2601,10,6,0,daimiel
Dehesa,2601,10,9,0,daimiel
Grass,8172,10,1,0,daimiel
Grass,8172,10,12,0,daimiel
Grass,8172,10,3,0,daimiel
Grass,8172,10,6,0,daimiel
Grass,8172,10,9,0,daimiel
HaloVeg,2543,10,1,0,daimiel
HaloVeg,2543,10,12,0,daimiel
HaloVeg,2543,10,3,0,daimiel
HaloVeg,2543,10,6,0,daimiel
HaloVeg,2543,10,9,0,daimiel
HydroRipVeg,16350,10,1,0,daimiel
HydroRipVeg,16350,10,12,0,daimiel
HydroRipVeg,16350,10,3,0,daimiel
HydroRipVeg,16350,10,6,0,daimiel
HydroRipVeg,16350,10,9,0,daimiel
MedSclF,623,10,1,0,daimiel
MedSclF,623,10,12,0,daimiel
MedSclF,623,10,3,0,daimiel
MedSclF,623,10,6,0,daimiel
MedSclF,623,10,9,0,daimiel
Reforestation,25,10,1,0,daimiel
Reforestation,25,10,12,0,daimiel
Reforestation,25,10,3,0,daimiel
Reforestation,25,10,6,0,daimiel
Reforestation,25,10,9,0,daimiel
RipF,1501,10,1,0,daimiel
RipF,1501,10,12,0,daimiel
RipF,1501,10,3,0,daimiel
RipF,1501,10,6,0,daimiel
RipF,1501,10,9,0,daimiel
WaterSurf,8869,10,1,0,daimiel
WaterSurf,8869,10,12,0,daimiel
WaterSurf,8869,10,3,0,daimiel
WaterSurf,8869,10,6,0,daimiel
WaterSurf,8869,10,9,0,daimiel
ArtSurf,247,11,1,0,daimiel
ArtSurf,247,11,12,0,daimiel
ArtSurf,247,11,3,0,daimiel
ArtSurf,247,11,6,0,daimiel
ArtSurf,247,11,9,0,daimiel
Crop,2273,11,1,0,daimiel
Crop,2273,11,12,0,daimiel
Crop,2273,11,3,0,daimiel
Crop,2273,11,6,0,daimiel
Crop,2273,11,9,0,daimiel
Dehesa,2601,11,1,0,daimiel
Dehesa,2601,11,12,0,daimiel
Dehesa,2601,11,3,0,daimiel
Dehesa,2601,11,6,0,daimiel
Dehesa,2601,11,9,0,daimiel
Grass,8172,11,1,0,daimiel
Grass,8172,11,12,0,daimiel
Grass,8172,11,3,0,daimiel
Grass,8172,11,6,0,daimiel
Grass,8172,11,9,0,daimiel
HaloVeg,2543,11,1,0,daimiel
HaloVeg,2543,11,12,0,daimiel
HaloVeg,2543,11,3,0,daimiel
HaloVeg,2543,11,6,0,daimiel
HaloVeg,2543,11,9,0,daimiel
HydroRipVeg,16350,11,1,0,daimiel
HydroRipVeg,16350,11,12,0,daimiel
HydroRipVeg,16350,11,3,0,daimiel
HydroRipVeg,16350,11,6,0,daimiel
HydroRipVeg,16350,11,9,0,daimiel
MedSclF,623,11,1,0,daimiel
MedSclF,623,11,12,0,daimiel
MedSclF,623,11,3,0,daimiel
MedSclF,623,11,6,0,daimiel
MedSclF,623,11,9,0,daimiel
Reforestation,25,11,1,0,daimiel
Reforestation,25,11,12,0,daimiel
Reforestation,25,11,3,0,daimiel
Reforestation,25,11,6,0,daimiel
Reforestation,25,11,9,0,daimiel
RipF,1501,11,1,0,daimiel
RipF,1501,11,12,0,daimiel
RipF,1501,11,3,0,daimiel
RipF,1501,11,6,0,daimiel
RipF,1501,11,9,0,daimiel
WaterSurf,8869,11,1,0,daimiel
WaterSurf,8869,11,12,0,daimiel
WaterSurf,8869,11,3,0,daimiel
WaterSurf,8869,11,6,0,daimiel
WaterSurf,8869,11,9,0,daimiel
ArtSurf,247,12,1,0,daimiel
ArtSurf,247,12,12,0,daimiel
ArtSurf,247,12,3,0,daimiel
ArtSurf,247,12,6,0,daimiel
ArtSurf,247,12,9,0,daimiel
Crop,2273,12,1,0,daimiel
Crop,2273,12,12,0,daimiel
Crop,2273,12,3,0,daimiel
Crop,2273,12,6,0,daimiel
Crop,2273,12,9,0,daimiel
Dehesa,2601,12,1,0,daimiel
Dehesa,2601,12,12,0,daimiel
Dehesa,2601,12,3,0,daimiel
Dehesa,2601,12,6,0,daimiel
Dehesa,2601,12,9,0,daimiel
Grass,8172,12,1,0,daimiel
Grass,8172,12,12,0,daimiel
Grass,8172,12,3,0,daimiel
Grass,8172,12,6,0,daimiel
Grass,8172,12,9,0,daimiel
HaloVeg,2543,12,1,0,daimiel
HaloVeg,2543,12,12,0,daimiel
HaloVeg,2543,12,3,0,daimiel
HaloVeg,2543,12,6,0,daimiel
HaloVeg,2543,12,9,0,daimiel
HydroRipVeg,16350,12,1,0,daimiel
HydroRipVeg,16350,12,12,0,daimiel
HydroRipVeg,16350,12,3,0,daimiel
HydroRipVeg,16350,12,6,0,daimiel
HydroRipVeg,16350,12,9,0,daimiel
MedSclF,623,12,1,0,daimiel
MedSclF,623,12,12,0,daimiel
MedSclF,623,12,3,0,daimiel
MedSclF,623,12,6,0,daimiel
MedSclF,623,12,9,0,daimiel
Reforestation,25,12,1,0,daimiel
Reforestation,25,12,12,0,daimiel
Reforestation,25,12,3,0,daimiel
Reforestation,25,12,6,0,daimiel
Reforestation,25,12,9,0,daimiel
RipF,1501,12,1,0,daimiel
RipF,1501,12,12,0,daimiel
RipF,1501,12,3,0,daimiel
RipF,1501,12,6,0,daimiel
RipF,1501,12,9,0,daimiel
WaterSurf,8869,12,1,0,daimiel
WaterSurf,8869,12,12,0,daimiel
WaterSurf,8869,12,3,0,daimiel
WaterSurf,8869,12,6,0,daimiel
WaterSurf,8869,12,9,0,daimiel
ArtSurf,12613,1,1,56,donana
ArtSurf,12613,1,12,10,donana
ArtSurf,12613,1,3,21,donana
ArtSurf,12613,1,6,7,donana
ArtSurf,12613,1,9,1,donana
BareArea,6426,1,1,108,donana
BareArea,6426,1,12,108,donana
BareArea,6426,1,3,30,donana
BareArea,6426,1,6,10,donana
BareArea,6426,1,9,28,donana
DuneSand,52133,1,1,5,donana
DuneSand,52133,1,12,0,donana
DuneSand,52133,1,3,4,donana
DuneSand,52133,1,6,3,donana
DuneSand,52133,1,9,11,donana
Grass,23898,1,1,28,donana
Grass,23898,1,12,2,donana
Grass,23898,1,3,11,donana
Grass,23898,1,6,2,donana
Grass,23898,1,9,0,donana
HydroRipVeg,39646,1,1,1185,donana
HydroRipVeg,39646,1,12,188,donana
HydroRipVeg,39646,1,3,320,donana
HydroRipVeg,39646,1,6,12,donana
HydroRipVeg,39646,1,9,54,donana
MedConF,76259,1,1,0,donana
MedConF,76259,1,12,0,donana
MedConF,76259,1,3,0,donana
MedConF,76259,1,6,6,donana
MedConF,76259,1,9,1,donana
MedSclF,6483,1,1,0,donana
MedSclF,6483,1,12,3,donana
MedSclF,6483,1,3,1,donana
MedSclF,6483,1,6,0,donana
MedSclF,6483,1,9,2,donana
MedScrub,129201,1,1,0,donana
MedScrub,129201,1,12,0,donana
MedScrub,129201,1,3,0,donana
MedScrub,129201,1,6,0,donana
MedScrub,129201,1,9,2,donana
Reforestation,2747,1,1,0,donana
Reforestation,2747,1,12,0,donana
Reforestation,2747,1,3,0,donana
Reforestation,2747,1,6,0,donana
Reforestation,2747,1,9,0,donana
RipF,418,1,1,1,donana
RipF,418,1,12,2,donana
RipF,418,1,3,0,donana
RipF,418,1,6,0,donana
RipF,418,1,9,0,donana
SaltMar,344960,1,1,3335,donana
SaltMar,344960,1,12,3972,donana
SaltMar,344960,1,3,5670,donana
SaltMar,344960,1,6,4155,donana
SaltMar,344960,1,9,1108,donana
Shrub,6017,1,1,0,donana
Shrub,6017,1,12,0,donana
Shrub,6017,1,3,0,donana
Shrub,6017,1,6,0,donana
Shrub,6017,1,9,0,donana
WaterSurf,41748,1,1,190,donana
WaterSurf,41748,1,12,51,donana
WaterSurf,41748,1,3,153,donana
WaterSurf,41748,1,6,40,donana
WaterSurf,41748,1,9,0,donana
ArtSurf,12613,2,1,0,donana
ArtSurf,12613,2,12,52,donana
ArtSurf,12613,2,3,288,donana
ArtSurf,12613,2,6,12,donana
ArtSurf,12613,2,9,9,donana
BareArea,6426,2,1,15,donana
BareArea,6426,2,12,62,donana
BareArea,6426,2,3,178,donana
BareArea,6426,2,6,137,donana
BareArea,6426,2,9,21,donana
DuneSand,52133,2,1,6,donana
DuneSand,52133,2,12,6,donana
DuneSand,52133,2,3,41,donana
DuneSand,52133,2,6,6,donana
DuneSand,52133,2,9,2,donana
Grass,23898,2,1,0,donana
Grass,23898,2,12,7,donana
Grass,23898,2,3,62,donana
Grass,23898,2,6,1,donana
Grass,23898,2,9,3,donana
HydroRipVeg,39646,2,1,8,donana
HydroRipVeg,39646,2,12,107,donana
HydroRipVeg,39646,2,3,1587,donana
HydroRipVeg,39646,2,6,141,donana
HydroRipVeg,39646,2,9,8,donana
MedConF,76259,2,1,15,donana
MedConF,76259,2,12,11,donana
MedConF,76259,2,3,19,donana
MedConF,76259,2,6,1,donana
MedConF,76259,2,9,3,donana
MedSclF,6483,2,1,0,donana
MedSclF,6483,2,12,14,donana
MedSclF,6483,2,3,5,donana
MedSclF,6483,2,6,0,donana
MedSclF,6483,2,9,4,donana
MedScrub,129201,2,1,5,donana
MedScrub,129201,2,12,0,donana
MedScrub,129201,2,3,3,donana
MedScrub,129201,2,6,0,donana
MedScrub,129201,2,9,0,donana
Reforestation,2747,2,1,0,donana
Reforestation,2747,2,12,0,donana
Reforestation,2747,2,3,0,donana
Reforestation,2747,2,6,0,donana
Reforestation,2747,2,9,0,donana
RipF,418,2,1,0,donana
RipF,418,2,12,5,donana
RipF,418,2,3,5,donana
RipF,418,2,6,0,donana
RipF,418,2,9,0,donana
SaltMar,344960,2,1,754,donana
SaltMar,344960,2,12,20797,donana
SaltMar,344960,2,3,54502,donana
SaltMar,344960,2,6,6776,donana
SaltMar,344960,2,9,5050,donana
Shrub,6017,2,1,0,donana
Shrub,6017,2,12,0,donana
Shrub,6017,2,3,1,donana
Shrub,6017,2,6,0,donana
Shrub,6017,2,9,0,donana
WaterSurf,41748,2,1,853,donana
WaterSurf,41748,2,12,351,donana
WaterSurf,41748,2,3,969,donana
WaterSurf,41748,2,6,396,donana
WaterSurf,41748,2,9,44,donana
ArtSurf,12613,3,1,0,donana
ArtSurf,12613,3,12,0,donana
ArtSurf,12613,3,3,0,donana
ArtSurf,12613,3,6,0,donana
ArtSurf,12613,3,9,0,donana
BareArea,6426,3,1,0,donana
BareArea,6426,3,12,0,donana
BareArea,6426,3,3,0,donana
BareArea,6426,3,6,0,donana
BareArea,6426,3,9,0,donana
DuneSand,52133,3,1,0,donana
DuneSand,52133,3,12,0,donana
DuneSand,52133,3,3,0,donana
DuneSand,52133,3,6,0,donana
DuneSand,52133,3,9,0,donana
Grass,23898,3,1,0,donana
Grass,23898,3,12,0,donana
Grass,23898,3,3,0,donana
Grass,23898,3,6,0,donana
Grass,23898,3,9,0,donana
HydroRipVeg,39646,3,1,0,donana
HydroRipVeg,39646,3,12,0,donana
HydroRipVeg,39646,3,3,0,donana
HydroRipVeg,39646,3,6,0,donana
HydroRipVeg,39646,3,9,0,donana
MedConF,76259,3,1,0,donana
MedConF,76259,3,12,0,donana
MedConF,76259,3,3,0,donana
MedConF,76259,3,6,0,donana
MedConF,76259,3,9,0,donana
MedSclF,6483,3,1,0,donana
MedSclF,6483,3,12,0,donana
MedSclF,6483,3,3,0,donana
MedSclF,6483,3,6,0,donana
MedSclF,6483,3,9,0,donana
MedScrub,129201,3,1,0,donana
MedScrub,129201,3,12,0,donana
MedScrub,129201,3,3,0,donana
MedScrub,129201,3,6,0,donana
MedScrub,129201,3,9,0,donana
Reforestation,2747,3,1,0,donana
Reforestation,2747,3,12,0,donana
Reforestation,2747,3,3,0,donana
Reforestation,2747,3,6,0,donana
Reforestation,2747,3,9,0,donana
RipF,418,3,1,0,donana
RipF,418,3,12,0,donana
RipF,418,3,3,0,donana
RipF,418,3,6,0,donana
RipF,418,3,9,0,donana
SaltMar,344960,3,1,0,donana
SaltMar,344960,3,12,0,donana
SaltMar,344960,3,3,0,donana
SaltMar,344960,3,6,0,donana
SaltMar,344960,3,9,0,donana
Shrub,6017,3,1,0,donana
Shrub,6017,3,12,0,donana
Shrub,6017,3,3,0,donana
Shrub,6017,3,6,0,donana
Shrub,6017,3,9,0,donana
WaterSurf,41748,3,1,0,donana
WaterSurf,41748,3,12,0,donana
WaterSurf,41748,3,3,0,donana
WaterSurf,41748,3,6,0,donana
WaterSurf,41748,3,9,0,donana
ArtSurf,12613,4,1,0,donana
ArtSurf,12613,4,12,0,donana
ArtSurf,12613,4,3,0,donana
ArtSurf,12613,4,6,0,donana
ArtSurf,12613,4,9,0,donana
BareArea,6426,4,1,0,donana
BareArea,6426,4,12,0,donana
BareArea,6426,4,3,0,donana
BareArea,6426,4,6,0,donana
BareArea,6426,4,9,0,donana
DuneSand,52133,4,1,0,donana
DuneSand,52133,4,12,0,donana
DuneSand,52133,4,3,0,donana
DuneSand,52133,4,6,0,donana
DuneSand,52133,4,9,0,donana
Grass,23898,4,1,0,donana
Grass,23898,4,12,0,donana
Grass,23898,4,3,0,donana
Grass,23898,4,6,0,donana
Grass,23898,4,9,0,donana
HydroRipVeg,39646,4,1,0,donana
HydroRipVeg,39646,4,12,0,donana
HydroRipVeg,39646,4,3,0,donana
HydroRipVeg,39646,4,6,0,donana
HydroRipVeg,39646,4,9,0,donana
MedConF,76259,4,1,0,donana
MedConF,76259,4,12,0,donana
MedConF,76259,4,3,0,donana
MedConF,76259,4,6,0,donana
MedConF,76259,4,9,0,donana
MedSclF,6483,4,1,0,donana
MedSclF,6483,4,12,0,donana
MedSclF,6483,4,3,0,donana
MedSclF,6483,4,6,0,donana
MedSclF,6483,4,9,0,donana
MedScrub,129201,4,1,0,donana
MedScrub,129201,4,12,0,donana
MedScrub,129201,4,3,0,donana
MedScrub,129201,4,6,0,donana
MedScrub,129201,4,9,0,donana
Reforestation,2747,4,1,0,donana
Reforestation,2747,4,12,0,donana
Reforestation,2747,4,3,0,donana
Reforestation,2747,4,6,0,donana
Reforestation,2747,4,9,0,donana
RipF,418,4,1,0,donana
RipF,418,4,12,0,donana
RipF,418,4,3,0,donana
RipF,418,4,6,0,donana
RipF,418,4,9,0,donana
SaltMar,344960,4,1,0,donana
SaltMar,344960,4,12,0,donana
SaltMar,344960,4,3,0,donana
SaltMar,344960,4,6,0,donana
SaltMar,344960,4,9,0,donana
Shrub,6017,4,1,0,donana
Shrub,6017,4,12,0,donana
Shrub,6017,4,3,0,donana
Shrub,6017,4,6,0,donana
Shrub,6017,4,9,0,donana
WaterSurf,41748,4,1,0,donana
WaterSurf,41748,4,12,0,donana
WaterSurf,41748,4,3,0,donana
WaterSurf,41748,4,6,0,donana
WaterSurf,41748,4,9,0,donana
ArtSurf,12613,5,1,0,donana
ArtSurf,12613,5,12,0,donana
ArtSurf,12613,5,3,0,donana
ArtSurf,12613,5,6,0,donana
ArtSurf,12613,5,9,0,donana
BareArea,6426,5,1,0,donana
BareArea,6426,5,12,0,donana
BareArea,6426,5,3,0,donana
BareArea,6426,5,6,0,donana
BareArea,6426,5,9,0,donana
DuneSand,52133,5,1,0,donana
DuneSand,52133,5,12,0,donana
DuneSand,52133,5,3,0,donana
DuneSand,52133,5,6,0,donana
DuneSand,52133,5,9,0,donana
Grass,23898,5,1,0,donana
Grass,23898,5,12,0,donana
Grass,23898,5,3,0,donana
Grass,23898,5,6,0,donana
Grass,23898,5,9,0,donana
HydroRipVeg,39646,5,1,0,donana
HydroRipVeg,39646,5,12,0,donana
HydroRipVeg,39646,5,3,0,donana
HydroRipVeg,39646,5,6,0,donana
HydroRipVeg,39646,5,9,0,donana
MedConF,76259,5,1,0,donana
MedConF,76259,5,12,0,donana
MedConF,76259,5,3,0,donana
MedConF,76259,5,6,0,donana
MedConF,76259,5,9,0,donana
MedSclF,6483,5,1,0,donana
MedSclF,6483,5,12,0,donana
MedSclF,6483,5,3,0,donana
MedSclF,6483,5,6,0,donana
MedSclF,6483,5,9,0,donana
MedScrub,129201,5,1,0,donana
MedScrub,129201,5,12,0,donana
MedScrub,129201,5,3,0,donana
MedScrub,129201,5,6,0,donana
MedScrub,129201,5,9,0,donana
Reforestation,2747,5,1,0,donana
Reforestation,2747,5,12,0,donana
Reforestation,2747,5,3,0,donana
Reforestation,2747,5,6,0,donana
Reforestation,2747,5,9,0,donana
RipF,418,5,1,0,donana
RipF,418,5,12,0,donana
RipF,418,5,3,0,donana
RipF,418,5,6,0,donana
RipF,418,5,9,0,donana
SaltMar,344960,5,1,0,donana
SaltMar,344960,5,12,0,donana
SaltMar,344960,5,3,0,donana
SaltMar,344960,5,6,0,donana
SaltMar,344960,5,9,0,donana
Shrub,6017,5,1,0,donana
Shrub,6017,5,12,0,donana
Shrub,6017,5,3,0,donana
Shrub,6017,5,6,0,donana
Shrub,6017,5,9,0,donana
WaterSurf,41748,5,1,0,donana
WaterSurf,41748,5,12,0,donana
WaterSurf,41748,5,3,0,donana
WaterSurf,41748,5,6,0,donana
WaterSurf,41748,5,9,0,donana
ArtSurf,12613,6,1,0,donana
ArtSurf,12613,6,12,0,donana
ArtSurf,12613,6,3,0,donana
ArtSurf,12613,6,6,0,donana
ArtSurf,12613,6,9,0,donana
BareArea,6426,6,1,0,donana
BareArea,6426,6,12,0,donana
BareArea,6426,6,3,0,donana
BareArea,6426,6,6,0,donana
BareArea,6426,6,9,0,donana
DuneSand,52133,6,1,0,donana
DuneSand,52133,6,12,0,donana
DuneSand,52133,6,3,0,donana
DuneSand,52133,6,6,0,donana
DuneSand,52133,6,9,0,donana
Grass,23898,6,1,0,donana
Grass,23898,6,12,0,donana
Grass,23898,6,3,0,donana
Grass,23898,6,6,0,donana
Grass,23898,6,9,0,donana
HydroRipVeg,39646,6,1,0,donana
HydroRipVeg,39646,6,12,0,donana
HydroRipVeg,39646,6,3,0,donana
HydroRipVeg,39646,6,6,0,donana
HydroRipVeg,39646,6,9,0,donana
MedConF,76259,6,1,0,donana
MedConF,76259,6,12,0,donana
MedConF,76259,6,3,0,donana
MedConF,76259,6,6,0,donana
MedConF,76259,6,9,0,donana
MedSclF,6483,6,1,0,donana
MedSclF,6483,6,12,0,donana
MedSclF,6483,6,3,0,donana
MedSclF,6483,6,6,0,donana
MedSclF,6483,6,9,0,donana
MedScrub,129201,6,1,0,donana
MedScrub,129201,6,12,0,donana
MedScrub,129201,6,3,0,donana
MedScrub,129201,6,6,0,donana
MedScrub,129201,6,9,0,donana
Reforestation,2747,6,1,0,donana
Reforestation,2747,6,12,0,donana
Reforestation,2747,6,3,0,donana
Reforestation,2747,6,6,0,donana
Reforestation,2747,6,9,0,donana
RipF,418,6,1,0,donana
RipF,418,6,12,0,donana
RipF,418,6,3,0,donana
RipF,418,6,6,0,donana
RipF,418,6,9,0,donana
SaltMar,344960,6,1,0,donana
SaltMar,344960,6,12,0,donana
SaltMar,344960,6,3,0,donana
SaltMar,344960,6,6,0,donana
SaltMar,344960,6,9,0,donana
Shrub,6017,6,1,0,donana
Shrub,6017,6,12,0,donana
Shrub,6017,6,3,0,donana
Shrub,6017,6,6,0,donana
Shrub,6017,6,9,0,donana
WaterSurf,41748,6,1,0,donana
WaterSurf,41748,6,12,0,donana
WaterSurf,41748,6,3,0,donana
WaterSurf,41748,6,6,0,donana
WaterSurf,41748,6,9,0,donana
ArtSurf,12613,7,1,0,donana
ArtSurf,12613,7,12,0,donana
ArtSurf,12613,7,3,0,donana
ArtSurf,12613,7,6,0,donana
ArtSurf,12613,7,9,0,donana
BareArea,6426,7,1,0,donana
BareArea,6426,7,12,0,donana
BareArea,6426,7,3,0,donana
BareArea,6426,7,6,0,donana
BareArea,6426,7,9,0,donana
DuneSand,52133,7,1,0,donana
DuneSand,52133,7,12,0,donana
DuneSand,52133,7,3,0,donana
DuneSand,52133,7,6,0,donana
DuneSand,52133,7,9,0,donana
Grass,23898,7,1,0,donana
Grass,23898,7,12,0,donana
Grass,23898,7,3,0,donana
Grass,23898,7,6,0,donana
Grass,23898,7,9,0,donana
HydroRipVeg,39646,7,1,0,donana
HydroRipVeg,39646,7,12,0,donana
HydroRipVeg,39646,7,3,0,donana
HydroRipVeg,39646,7,6,0,donana
HydroRipVeg,39646,7,9,0,donana
MedConF,76259,7,1,0,donana
MedConF,76259,7,12,0,donana
MedConF,76259,7,3,0,donana
MedConF,76259,7,6,0,donana
MedConF,76259,7,9,0,donana
MedSclF,6483,7,1,0,donana
MedSclF,6483,7,12,0,donana
MedSclF,6483,7,3,0,donana
MedSclF,6483,7,6,0,donana
MedSclF,6483,7,9,0,donana
MedScrub,129201,7,1,0,donana
MedScrub,129201,7,12,0,donana
MedScrub,129201,7,3,0,donana
MedScrub,129201,7,6,0,donana
MedScrub,129201,7,9,0,donana
Reforestation,2747,7,1,0,donana
Reforestation,2747,7,12,0,donana
Reforestation,2747,7,3,0,donana
Reforestation,2747,7,6,0,donana
Reforestation,2747,7,9,0,donana
RipF,418,7,1,0,donana
RipF,418,7,12,0,donana
RipF,418,7,3,0,donana
RipF,418,7,6,0,donana
RipF,418,7,9,0,donana
SaltMar,344960,7,1,0,donana
SaltMar,344960,7,12,0,donana
SaltMar,344960,7,3,0,donana
SaltMar,344960,7,6,0,donana
SaltMar,344960,7,9,0,donana
Shrub,6017,7,1,0,donana
Shrub,6017,7,12,0,donana
Shrub,6017,7,3,0,donana
Shrub,6017,7,6,0,donana
Shrub,6017,7,9,0,donana
WaterSurf,41748,7,1,0,donana
WaterSurf,41748,7,12,0,donana
WaterSurf,41748,7,3,0,donana
WaterSurf,41748,7,6,0,donana
WaterSurf,41748,7,9,0,donana
ArtSurf,12613,8,1,0,donana
ArtSurf,12613,8,12,0,donana
ArtSurf,12613,8,3,0,donana
ArtSurf,12613,8,6,0,donana
ArtSurf,12613,8,9,0,donana
BareArea,6426,8,1,0,donana
BareArea,6426,8,12,0,donana
BareArea,6426,8,3,0,donana
BareArea,6426,8,6,0,donana
BareArea,6426,8,9,0,donana
DuneSand,52133,8,1,0,donana
DuneSand,52133,8,12,0,donana
DuneSand,52133,8,3,0,donana
DuneSand,52133,8,6,0,donana
DuneSand,52133,8,9,0,donana
Grass,23898,8,1,0,donana
Grass,23898,8,12,0,donana
Grass,23898,8,3,0,donana
Grass,23898,8,6,0,donana
Grass,23898,8,9,0,donana
HydroRipVeg,39646,8,1,0,donana
HydroRipVeg,39646,8,12,0,donana
HydroRipVeg,39646,8,3,0,donana
HydroRipVeg,39646,8,6,0,donana
HydroRipVeg,39646,8,9,0,donana
MedConF,76259,8,1,0,donana
MedConF,76259,8,12,0,donana
MedConF,76259,8,3,0,donana
MedConF,76259,8,6,0,donana
MedConF,76259,8,9,0,donana
MedSclF,6483,8,1,0,donana
MedSclF,6483,8,12,0,donana
MedSclF,6483,8,3,0,donana
MedSclF,6483,8,6,0,donana
MedSclF,6483,8,9,0,donana
MedScrub,129201,8,1,0,donana
MedScrub,129201,8,12,0,donana
MedScrub,129201,8,3,0,donana
MedScrub,129201,8,6,0,donana
MedScrub,129201,8,9,0,donana
Reforestation,2747,8,1,0,donana
Reforestation,2747,8,12,0,donana
Reforestation,2747,8,3,0,donana
Reforestation,2747,8,6,0,donana
Reforestation,2747,8,9,0,donana
RipF,418,8,1,0,donana
RipF,418,8,12,0,donana
RipF,418,8,3,0,donana
RipF,418,8,6,0,donana
RipF,418,8,9,0,donana
SaltMar,344960,8,1,0,donana
SaltMar,344960,8,12,0,donana
SaltMar,344960,8,3,0,donana
SaltMar,344960,8,6,0,donana
SaltMar,344960,8,9,0,donana
Shrub,6017,8,1,0,donana
Shrub,6017,8,12,0,donana
Shrub,6017,8,3,0,donana
Shrub,6017,8,6,0,donana
Shrub,6017,8,9,0,donana
WaterSurf,41748,8,1,0,donana
WaterSurf,41748,8,12,0,donana
WaterSurf,41748,8,3,0,donana
WaterSurf,41748,8,6,0,donana
WaterSurf,41748,8,9,0,donana
ArtSurf,12613,9,1,0,donana
ArtSurf,12613,9,12,0,donana
ArtSurf,12613,9,3,0,donana
ArtSurf,12613,9,6,0,donana
ArtSurf,12613,9,9,0,donana
BareArea,6426,9,1,0,donana
BareArea,6426,9,12,0,donana
BareArea,6426,9,3,0,donana
BareArea,6426,9,6,0,donana
BareArea,6426,9,9,0,donana
DuneSand,52133,9,1,0,donana
DuneSand,52133,9,12,0,donana
DuneSand,52133,9,3,0,donana
DuneSand,52133,9,6,0,donana
DuneSand,52133,9,9,0,donana
Grass,23898,9,1,0,donana
Grass,23898,9,12,0,donana
Grass,23898,9,3,0,donana
Grass,23898,9,6,0,donana
Grass,23898,9,9,0,donana
HydroRipVeg,39646,9,1,0,donana
HydroRipVeg,39646,9,12,0,donana
HydroRipVeg,39646,9,3,0,donana
HydroRipVeg,39646,9,6,0,donana
HydroRipVeg,39646,9,9,0,donana
MedConF,76259,9,1,0,donana
MedConF,76259,9,12,0,donana
MedConF,76259,9,3,0,donana
MedConF,76259,9,6,0,donana
MedConF,76259,9,9,0,donana
MedSclF,6483,9,1,0,donana
MedSclF,6483,9,12,0,donana
MedSclF,6483,9,3,0,donana
MedSclF,6483,9,6,0,donana
MedSclF,6483,9,9,0,donana
MedScrub,129201,9,1,0,donana
MedScrub,129201,9,12,0,donana
MedScrub,129201,9,3,0,donana
MedScrub,129201,9,6,0,donana
MedScrub,129201,9,9,0,donana
Reforestation,2747,9,1,0,donana
Reforestation,2747,9,12,0,donana
Reforestation,2747,9,3,0,donana
Reforestation,2747,9,6,0,donana
Reforestation,2747,9,9,0,donana
RipF,418,9,1,0,donana
RipF,418,9,12,0,donana
RipF,418,9,3,0,donana
RipF,418,9,6,0,donana
RipF,418,9,9,0,donana
SaltMar,344960,9,1,0,donana
SaltMar,344960,9,12,0,donana
SaltMar,344960,9,3,0,donana
SaltMar,344960,9,6,0,donana
SaltMar,344960,9,9,0,donana
Shrub,6017,9,1,0,donana
Shrub,6017,9,12,0,donana
Shrub,6017,9,3,0,donana
Shrub,6017,9,6,0,donana
Shrub,6017,9,9,0,donana
WaterSurf,41748,9,1,0,donana
WaterSurf,41748,9,12,0,donana
WaterSurf,41748,9,3,0,donana
WaterSurf,41748,9,6,0,donana
WaterSurf,41748,9,9,0,donana
ArtSurf,12613,10,1,0,donana
ArtSurf,12613,10,12,0,donana
ArtSurf,12613,10,3,0,donana
ArtSurf,12613,10,6,0,donana
ArtSurf,12613,10,9,0,donana
BareArea,6426,10,1,0,donana
BareArea,6426,10,12,0,donana
BareArea,6426,10,3,0,donana
BareArea,6426,10,6,0,donana
BareArea,6426,10,9,0,donana
DuneSand,52133,10,1,0,donana
DuneSand,52133,10,12,0,donana
DuneSand,52133,10,3,0,donana
DuneSand,52133,10,6,0,donana
DuneSand,52133,10,9,0,donana
Grass,23898,10,1,0,donana
Grass,23898,10,12,0,donana
Grass,23898,10,3,0,donana
Grass,23898,10,6,0,donana
Grass,23898,10,9,0,donana
HydroRipVeg,39646,10,1,0,donana
HydroRipVeg,39646,10,12,0,donana
HydroRipVeg,39646,10,3,0,donana
HydroRipVeg,39646,10,6,0,donana
HydroRipVeg,39646,10,9,0,donana
MedConF,76259,10,1,0,donana
MedConF,76259,10,12,0,donana
MedConF,76259,10,3,0,donana
MedConF,76259,10,6,0,donana
MedConF,76259,10,9,0,donana
MedSclF,6483,10,1,0,donana
MedSclF,6483,10,12,0,donana
MedSclF,6483,10,3,0,donana
MedSclF,6483,10,6,0,donana
MedSclF,6483,10,9,0,donana
MedScrub,129201,10,1,0,donana
MedScrub,129201,10,12,0,donana
MedScrub,129201,10,3,0,donana
MedScrub,129201,10,6,0,donana
MedScrub,129201,10,9,0,donana
Reforestation,2747,10,1,0,donana
Reforestation,2747,10,12,0,donana
Reforestation,2747,10,3,0,donana
Reforestation,2747,10,6,0,donana
Reforestation,2747,10,9,0,donana
RipF,418,10,1,0,donana
RipF,418,10,12,0,donana
RipF,418,10,3,0,donana
RipF,418,10,6,0,donana
RipF,418,10,9,0,donana
SaltMar,344960,10,1,0,donana
SaltMar,344960,10,12,0,donana
SaltMar,344960,10,3,0,donana
SaltMar,344960,10,6,0,donana
SaltMar,344960,10,9,0,donana
Shrub,6017,10,1,0,donana
Shrub,6017,10,12,0,donana
Shrub,6017,10,3,0,donana
Shrub,6017,10,6,0,donana
Shrub,6017,10,9,0,donana
WaterSurf,41748,10,1,0,donana
WaterSurf,41748,10,12,0,donana
WaterSurf,41748,10,3,0,donana
WaterSurf,41748,10,6,0,donana
WaterSurf,41748,10,9,0,donana
ArtSurf,12613,11,1,1,donana
ArtSurf,12613,11,12,0,donana
ArtSurf,12613,11,3,7,donana
ArtSurf,12613,11,6,85,donana
ArtSurf,12613,11,9,85,donana
BareArea,6426,11,1,6,donana
BareArea,6426,11,12,7,donana
BareArea,6426,11,3,15,donana
BareArea,6426,11,6,9,donana
BareArea,6426,11,9,13,donana
DuneSand,52133,11,1,4,donana
DuneSand,52133,11,12,0,donana
DuneSand,52133,11,3,3,donana
DuneSand,52133,11,6,2,donana
DuneSand,52133,11,9,0,donana
Grass,23898,11,1,232,donana
Grass,23898,11,12,7,donana
Grass,23898,11,3,18,donana
Grass,23898,11,6,4,donana
Grass,23898,11,9,25,donana
HydroRipVeg,39646,11,1,29,donana
HydroRipVeg,39646,11,12,24,donana
HydroRipVeg,39646,11,3,11,donana
HydroRipVeg,39646,11,6,5,donana
HydroRipVeg,39646,11,9,26,donana
MedConF,76259,11,1,2,donana
MedConF,76259,11,12,0,donana
MedConF,76259,11,3,3,donana
MedConF,76259,11,6,39,donana
MedConF,76259,11,9,20,donana
MedSclF,6483,11,1,2,donana
MedSclF,6483,11,12,0,donana
MedSclF,6483,11,3,0,donana
MedSclF,6483,11,6,0,donana
MedSclF,6483,11,9,0,donana
MedScrub,129201,11,1,5,donana
MedScrub,129201,11,12,0,donana
MedScrub,129201,11,3,0,donana
MedScrub,129201,11,6,4,donana
MedScrub,129201,11,9,0,donana
Reforestation,2747,11,1,2,donana
Reforestation,2747,11,12,0,donana
Reforestation,2747,11,3,0,donana
Reforestation,2747,11,6,0,donana
Reforestation,2747,11,9,0,donana
RipF,418,11,1,0,donana
RipF,418,11,12,0,donana
RipF,418,11,3,0,donana
RipF,418,11,6,3,donana
RipF,418,11,9,0,donana
SaltMar,344960,11,1,632,donana
SaltMar,344960,11,12,144,donana
SaltMar,344960,11,3,662,donana
SaltMar,344960,11,6,11589,donana
SaltMar,344960,11,9,14332,donana
Shrub,6017,11,1,0,donana
Shrub,6017,11,12,0,donana
Shrub,6017,11,3,0,donana
Shrub,6017,11,6,0,donana
Shrub,6017,11,9,0,donana
WaterSurf,41748,11,1,2,donana
WaterSurf,41748,11,12,85,donana
WaterSurf,41748,11,3,223,donana
WaterSurf,41748,11,6,1559,donana
WaterSurf,41748,11,9,2671,donana
ArtSurf,12613,12,1,142,donana
ArtSurf,12613,12,12,194,donana
ArtSurf,12613,12,3,91,donana
ArtSurf,12613,12,6,80,donana
ArtSurf,12613,12,9,130,donana
BareArea,6426,12,1,78,donana
BareArea,6426,12,12,458,donana
BareArea,6426,12,3,38,donana
BareArea,6426,12,6,24,donana
BareArea,6426,12,9,170,donana
DuneSand,52133,12,1,13,donana
DuneSand,52133,12,12,3,donana
DuneSand,52133,12,3,2,donana
DuneSand,52133,12,6,1,donana
DuneSand,52133,12,9,0,donana
Grass,23898,12,1,414,donana
Grass,23898,12,12,260,donana
Grass,23898,12,3,13,donana
Grass,23898,12,6,79,donana
Grass,23898,12,9,70,donana
HydroRipVeg,39646,12,1,616,donana
HydroRipVeg,39646,12,12,3046,donana
HydroRipVeg,39646,12,3,799,donana
HydroRipVeg,39646,12,6,89,donana
HydroRipVeg,39646,12,9,856,donana
MedConF,76259,12,1,2647,donana
MedConF,76259,12,12,6,donana
MedConF,76259,12,3,36,donana
MedConF,76259,12,6,131,donana
MedConF,76259,12,9,11,donana
MedSclF,6483,12,1,155,donana
MedSclF,6483,12,12,3,donana
MedSclF,6483,12,3,1,donana
MedSclF,6483,12,6,4,donana
MedSclF,6483,12,9,3,donana
MedScrub,129201,12,1,51,donana
MedScrub,129201,12,12,0,donana
MedScrub,129201,12,3,9,donana
MedScrub,129201,12,6,5,donana
MedScrub,129201,12,9,4,donana
Reforestation,2747,12,1,3,donana
Reforestation,2747,12,12,0,donana
Reforestation,2747,12,3,0,donana
Reforestation,2747,12,6,0,donana
Reforestation,2747,12,9,0,donana
RipF,418,12,1,5,donana
RipF,418,12,12,7,donana
RipF,418,12,3,0,donana
RipF,418,12,6,0,donana
RipF,418,12,9,1,donana
SaltMar,344960,12,1,18353,donana
SaltMar,344960,12,12,45536,donana
SaltMar,344960,12,3,13169,donana
SaltMar,344960,12,6,8379,donana
SaltMar,344960,12,9,47276,donana
Shrub,6017,12,1,11,donana
Shrub,6017,12,12,3,donana
Shrub,6017,12,3,4,donana
Shrub,6017,12,6,0,donana
Shrub,6017,12,9,2,donana
WaterSurf,41748,12,1,125,donana
WaterSurf,41748,12,12,1226,donana
WaterSurf,41748,12,3,890,donana
WaterSurf,41748,12,6,2769,donana
WaterSurf,41748,12,9,1371,donana
AlpConF,129960,1,1,0,guadarrama
AlpConF,129960,1,12,0,guadarrama
AlpConF,129960,1,3,0,guadarrama
AlpConF,129960,1,6,0,guadarrama
AlpConF,129960,1,9,0,guadarrama
AlpScrGr,172894,1,1,0,guadarrama
AlpScrGr,172894,1,12,0,guadarrama
AlpScrGr,172894,1,3,0,guadarrama
AlpScrGr,172894,1,6,0,guadarrama
AlpScrGr,172894,1,9,0,guadarrama
ArtSurf,1490,1,1,0,guadarrama
ArtSurf,1490,1,12,0,guadarrama
ArtSurf,1490,1,3,0,guadarrama
ArtSurf,1490,1,6,0,guadarrama
ArtSurf,1490,1,9,0,guadarrama
Grass,7028,1,1,0,guadarrama
Grass,7028,1,12,0,guadarrama
Grass,7028,1,3,0,guadarrama
Grass,7028,1,6,0,guadarrama
Grass,7028,1,9,0,guadarrama
MedSclF,3280,1,1,0,guadarrama
MedSclF,3280,1,12,0,guadarrama
MedSclF,3280,1,3,0,guadarrama
MedSclF,3280,1,6,0,guadarrama
MedSclF,3280,1,9,0,guadarrama
MedScrub,38947,1,1,0,guadarrama
MedScrub,38947,1,12,0,guadarrama
MedScrub,38947,1,3,0,guadarrama
MedScrub,38947,1,6,0,guadarrama
MedScrub,38947,1,9,0,guadarrama
Peatland,229,1,1,0,guadarrama
Peatland,229,1,12,0,guadarrama
Peatland,229,1,3,0,guadarrama
Peatland,229,1,6,0,guadarrama
Peatland,229,1,9,0,guadarrama
Reforestation,88147,1,1,0,guadarrama
Reforestation,88147,1,12,0,guadarrama
Reforestation,88147,1,3,0,guadarrama
Reforestation,88147,1,6,0,guadarrama
Reforestation,88147,1,9,0,guadarrama
RipF,529,1,1,0,guadarrama
RipF,529,1,12,0,guadarrama
RipF,529,1,3,0,guadarrama
RipF,529,1,6,0,guadarrama
RipF,529,1,9,0,guadarrama
RockScreeVeg,46691,1,1,0,guadarrama
RockScreeVeg,46691,1,12,0,guadarrama
RockScreeVeg,46691,1,3,0,guadarrama
RockScreeVeg,46691,1,6,0,guadarrama
RockScreeVeg,46691,1,9,0,guadarrama
Shrub,3703,1,1,0,guadarrama
Shrub,3703,1,12,0,guadarrama
Shrub,3703,1,3,0,guadarrama
Shrub,3703,1,6,0,guadarrama
Shrub,3703,1,9,0,guadarrama
SMedMarF,5314,1,1,0,guadarrama
SMedMarF,5314,1,12,0,guadarrama
SMedMarF,5314,1,3,0,guadarrama
SMedMarF,5314,1,6,0,guadarrama
SMedMarF,5314,1,9,0,guadarrama
TempDecF,1436,1,1,0,guadarrama
TempDecF,1436,1,12,0,guadarrama
TempDecF,1436,1,3,0,guadarrama
TempDecF,1436,1,6,0,guadarrama
TempDecF,1436,1,9,0,guadarrama
WaterSurf,30,1,1,0,guadarrama
WaterSurf,30,1,12,0,guadarrama
WaterSurf,30,1,3,0,guadarrama
WaterSurf,30,1,6,0,guadarrama
WaterSurf,30,1,9,0,guadarrama
AlpConF,129960,2,1,0,guadarrama
AlpConF,129960,2,12,0,guadarrama
AlpConF,129960,2,3,0,guadarrama
AlpConF,129960,2,6,0,guadarrama
AlpConF,129960,2,9,0,guadarrama
AlpScrGr,172894,2,1,0,guadarrama
AlpScrGr,172894,2,12,0,guadarrama
AlpScrGr,172894,2,3,0,guadarrama
AlpScrGr,172894,2,6,0,guadarrama
AlpScrGr,172894,2,9,0,guadarrama
ArtSurf,1490,2,1,0,guadarrama
ArtSurf,1490,2,12,0,guadarrama
ArtSurf,1490,2,3,0,guadarrama
ArtSurf,1490,2,6,0,guadarrama
ArtSurf,1490,2,9,0,guadarrama
Grass,7028,2,1,0,guadarrama
Grass,7028,2,12,0,guadarrama
Grass,7028,2,3,0,guadarrama
Grass,7028,2,6,0,guadarrama
Grass,7028,2,9,0,guadarrama
MedSclF,3280,2,1,0,guadarrama
MedSclF,3280,2,12,0,guadarrama
MedSclF,3280,2,3,0,guadarrama
MedSclF,3280,2,6,0,guadarrama
MedSclF,3280,2,9,0,guadarrama
MedScrub,38947,2,1,0,guadarrama
MedScrub,38947,2,12,0,guadarrama
MedScrub,38947,2,3,0,guadarrama
MedScrub,38947,2,6,0,guadarrama
MedScrub,38947,2,9,0,guadarrama
Peatland,229,2,1,0,guadarrama
Peatland,229,2,12,0,guadarrama
Peatland,229,2,3,0,guadarrama
Peatland,229,2,6,0,guadarrama
Peatland,229,2,9,0,guadarrama
Reforestation,88149,2,1,0,guadarrama
Reforestation,88149,2,12,0,guadarrama
Reforestation,88149,2,3,0,guadarrama
Reforestation,88149,2,6,0,guadarrama
Reforestation,88149,2,9,0,guadarrama
RipF,529,2,1,0,guadarrama
RipF,529,2,12,0,guadarrama
RipF,529,2,3,0,guadarrama
RipF,529,2,6,0,guadarrama
RipF,529,2,9,0,guadarrama
RockScreeVeg,46691,2,1,0,guadarrama
RockScreeVeg,46691,2,12,0,guadarrama
RockScreeVeg,46691,2,3,0,guadarrama
RockScreeVeg,46691,2,6,0,guadarrama
RockScreeVeg,46691,2,9,0,guadarrama
Shrub,3703,2,1,0,guadarrama
Shrub,3703,2,12,0,guadarrama
Shrub,3703,2,3,0,guadarrama
Shrub,3703,2,6,0,guadarrama
Shrub,3703,2,9,0,guadarrama
SMedMarF,5314,2,1,0,guadarrama
SMedMarF,5314,2,12,0,guadarrama
SMedMarF,5314,2,3,0,guadarrama
SMedMarF,5314,2,6,0,guadarrama
SMedMarF,5314,2,9,0,guadarrama
TempDecF,1436,2,1,0,guadarrama
TempDecF,1436,2,12,0,guadarrama
TempDecF,1436,2,3,0,guadarrama
TempDecF,1436,2,6,0,guadarrama
TempDecF,1436,2,9,0,guadarrama
WaterSurf,30,2,1,0,guadarrama
WaterSurf,30,2,12,0,guadarrama
WaterSurf,30,2,3,0,guadarrama
WaterSurf,30,2,6,0,guadarrama
WaterSurf,30,2,9,0,guadarrama
AlpConF,129960,3,1,0,guadarrama
AlpConF,129960,3,12,0,guadarrama
AlpConF,129960,3,3,0,guadarrama
AlpConF,129960,3,6,0,guadarrama
AlpConF,129960,3,9,0,guadarrama
AlpScrGr,172894,3,1,0,guadarrama
AlpScrGr,172894,3,12,0,guadarrama
AlpScrGr,172894,3,3,0,guadarrama
AlpScrGr,172894,3,6,0,guadarrama
AlpScrGr,172894,3,9,0,guadarrama
ArtSurf,1490,3,1,0,guadarrama
ArtSurf,1490,3,12,0,guadarrama
ArtSurf,1490,3,3,0,guadarrama
ArtSurf,1490,3,6,0,guadarrama
ArtSurf,1490,3,9,0,guadarrama
Grass,7028,3,1,0,guadarrama
Grass,7028,3,12,0,guadarrama
Grass,7028,3,3,0,guadarrama
Grass,7028,3,6,0,guadarrama
Grass,7028,3,9,0,guadarrama
MedSclF,3280,3,1,0,guadarrama
MedSclF,3280,3,12,0,guadarrama
MedSclF,3280,3,3,0,guadarrama
MedSclF,3280,3,6,0,guadarrama
MedSclF,3280,3,9,0,guadarrama
MedScrub,38947,3,1,0,guadarrama
MedScrub,38947,3,12,0,guadarrama
MedScrub,38947,3,3,0,guadarrama
MedScrub,38947,3,6,0,guadarrama
MedScrub,38947,3,9,0,guadarrama
Peatland,229,3,1,0,guadarrama
Peatland,229,3,12,0,guadarrama
Peatland,229,3,3,0,guadarrama
Peatland,229,3,6,0,guadarrama
Peatland,229,3,9,0,guadarrama
Reforestation,88149,3,1,0,guadarrama
Reforestation,88149,3,12,0,guadarrama
Reforestation,88149,3,3,0,guadarrama
Reforestation,88149,3,6,0,guadarrama
Reforestation,88149,3,9,0,guadarrama
RipF,529,3,1,0,guadarrama
RipF,529,3,12,0,guadarrama
RipF,529,3,3,0,guadarrama
RipF,529,3,6,0,guadarrama
RipF,529,3,9,0,guadarrama
RockScreeVeg,46691,3,1,0,guadarrama
RockScreeVeg,46691,3,12,0,guadarrama
RockScreeVeg,46691,3,3,0,guadarrama
RockScreeVeg,46691,3,6,0,guadarrama
RockScreeVeg,46691,3,9,0,guadarrama
Shrub,3703,3,1,0,guadarrama
Shrub,3703,3,12,0,guadarrama
Shrub,3703,3,3,0,guadarrama
Shrub,3703,3,6,0,guadarrama
Shrub,3703,3,9,0,guadarrama
SMedMarF,5314,3,1,0,guadarrama
SMedMarF,5314,3,12,0,guadarrama
SMedMarF,5314,3,3,0,guadarrama
SMedMarF,5314,3,6,0,guadarrama
SMedMarF,5314,3,9,0,guadarrama
TempDecF,1436,3,1,0,guadarrama
TempDecF,1436,3,12,0,guadarrama
TempDecF,1436,3,3,0,guadarrama
TempDecF,1436,3,6,0,guadarrama
TempDecF,1436,3,9,0,guadarrama
WaterSurf,30,3,1,0,guadarrama
WaterSurf,30,3,12,0,guadarrama
WaterSurf,30,3,3,0,guadarrama
WaterSurf,30,3,6,0,guadarrama
WaterSurf,30,3,9,0,guadarrama
AlpConF,129960,4,1,0,guadarrama
AlpConF,129960,4,12,0,guadarrama
AlpConF,129960,4,3,0,guadarrama
AlpConF,129960,4,6,0,guadarrama
AlpConF,129960,4,9,0,guadarrama
AlpScrGr,172894,4,1,0,guadarrama
AlpScrGr,172894,4,12,0,guadarrama
AlpScrGr,172894,4,3,0,guadarrama
AlpScrGr,172894,4,6,0,guadarrama
AlpScrGr,172894,4,9,0,guadarrama
ArtSurf,1490,4,1,0,guadarrama
ArtSurf,1490,4,12,0,guadarrama
ArtSurf,1490,4,3,0,guadarrama
ArtSurf,1490,4,6,0,guadarrama
ArtSurf,1490,4,9,0,guadarrama
Grass,7028,4,1,0,guadarrama
Grass,7028,4,12,0,guadarrama
Grass,7028,4,3,0,guadarrama
Grass,7028,4,6,0,guadarrama
Grass,7028,4,9,0,guadarrama
MedSclF,3280,4,1,0,guadarrama
MedSclF,3280,4,12,0,guadarrama
MedSclF,3280,4,3,0,guadarrama
MedSclF,3280,4,6,0,guadarrama
MedSclF,3280,4,9,0,guadarrama
MedScrub,38947,4,1,0,guadarrama
MedScrub,38947,4,12,0,guadarrama
MedScrub,38947,4,3,0,guadarrama
MedScrub,38947,4,6,0,guadarrama
MedScrub,38947,4,9,0,guadarrama
Peatland,229,4,1,0,guadarrama
Peatland,229,4,12,0,guadarrama
Peatland,229,4,3,0,guadarrama
Peatland,229,4,6,0,guadarrama
Peatland,229,4,9,0,guadarrama
Reforestation,88149,4,1,0,guadarrama
Reforestation,88149,4,12,0,guadarrama
Reforestation,88149,4,3,0,guadarrama
Reforestation,88149,4,6,0,guadarrama
Reforestation,88149,4,9,0,guadarrama
RipF,529,4,1,0,guadarrama
RipF,529,4,12,0,guadarrama
RipF,529,4,3,0,guadarrama
RipF,529,4,6,0,guadarrama
RipF,529,4,9,0,guadarrama
RockScreeVeg,46691,4,1,0,guadarrama
RockScreeVeg,46691,4,12,0,guadarrama
RockScreeVeg,46691,4,3,0,guadarrama
RockScreeVeg,46691,4,6,0,guadarrama
RockScreeVeg,46691,4,9,0,guadarrama
Shrub,3703,4,1,0,guadarrama
Shrub,3703,4,12,0,guadarrama
Shrub,3703,4,3,0,guadarrama
Shrub,3703,4,6,0,guadarrama
Shrub,3703,4,9,0,guadarrama
SMedMarF,5314,4,1,0,guadarrama
SMedMarF,5314,4,12,0,guadarrama
SMedMarF,5314,4,3,0,guadarrama
SMedMarF,5314,4,6,0,guadarrama
SMedMarF,5314,4,9,0,guadarrama
TempDecF,1436,4,1,0,guadarrama
TempDecF,1436,4,12,0,guadarrama
TempDecF,1436,4,3,0,guadarrama
TempDecF,1436,4,6,0,guadarrama
TempDecF,1436,4,9,0,guadarrama
WaterSurf,30,4,1,0,guadarrama
WaterSurf,30,4,12,0,guadarrama
WaterSurf,30,4,3,0,guadarrama
WaterSurf,30,4,6,0,guadarrama
WaterSurf,30,4,9,0,guadarrama
AlpConF,129960,5,1,0,guadarrama
AlpConF,129960,5,12,0,guadarrama
AlpConF,129960,5,3,0,guadarrama
AlpConF,129960,5,6,0,guadarrama
AlpConF,129960,5,9,0,guadarrama
AlpScrGr,172894,5,1,0,guadarrama
AlpScrGr,172894,5,12,0,guadarrama
AlpScrGr,172894,5,3,0,guadarrama
AlpScrGr,172894,5,6,0,guadarrama
AlpScrGr,172894,5,9,0,guadarrama
ArtSurf,1490,5,1,0,guadarrama
ArtSurf,1490,5,12,0,guadarrama
ArtSurf,1490,5,3,0,guadarrama
ArtSurf,1490,5,6,0,guadarrama
ArtSurf,1490,5,9,0,guadarrama
Grass,7028,5,1,0,guadarrama
Grass,7028,5,12,0,guadarrama
Grass,7028,5,3,0,guadarrama
Grass,7028,5,6,0,guadarrama
Grass,7028,5,9,0,guadarrama
MedSclF,3280,5,1,0,guadarrama
MedSclF,3280,5,12,0,guadarrama
MedSclF,3280,5,3,0,guadarrama
MedSclF,3280,5,6,0,guadarrama
MedSclF,3280,5,9,0,guadarrama
MedScrub,38947,5,1,0,guadarrama
MedScrub,38947,5,12,0,guadarrama
MedScrub,38947,5,3,0,guadarrama
MedScrub,38947,5,6,0,guadarrama
MedScrub,38947,5,9,0,guadarrama
Peatland,229,5,1,0,guadarrama
Peatland,229,5,12,0,guadarrama
Peatland,229,5,3,0,guadarrama
Peatland,229,5,6,0,guadarrama
Peatland,229,5,9,0,guadarrama
Reforestation,88149,5,1,0,guadarrama
Reforestation,88149,5,12,0,guadarrama
Reforestation,88149,5,3,0,guadarrama
Reforestation,88149,5,6,0,guadarrama
Reforestation,88149,5,9,0,guadarrama
RipF,529,5,1,0,guadarrama
RipF,529,5,12,0,guadarrama
RipF,529,5,3,0,guadarrama
RipF,529,5,6,0,guadarrama
RipF,529,5,9,0,guadarrama
RockScreeVeg,46691,5,1,0,guadarrama
RockScreeVeg,46691,5,12,0,guadarrama
RockScreeVeg,46691,5,3,0,guadarrama
RockScreeVeg,46691,5,6,0,guadarrama
RockScreeVeg,46691,5,9,0,guadarrama
Shrub,3703,5,1,0,guadarrama
Shrub,3703,5,12,0,guadarrama
Shrub,3703,5,3,0,guadarrama
Shrub,3703,5,6,0,guadarrama
Shrub,3703,5,9,0,guadarrama
SMedMarF,5314,5,1,0,guadarrama
SMedMarF,5314,5,12,0,guadarrama
SMedMarF,5314,5,3,0,guadarrama
SMedMarF,5314,5,6,0,guadarrama
SMedMarF,5314,5,9,0,guadarrama
TempDecF,1436,5,1,0,guadarrama
TempDecF,1436,5,12,0,guadarrama
TempDecF,1436,5,3,0,guadarrama
TempDecF,1436,5,6,0,guadarrama
TempDecF,1436,5,9,0,guadarrama
WaterSurf,30,5,1,0,guadarrama
WaterSurf,30,5,12,0,guadarrama
WaterSurf,30,5,3,0,guadarrama
WaterSurf,30,5,6,0,guadarrama
WaterSurf,30,5,9,0,guadarrama
AlpConF,129960,6,1,0,guadarrama
AlpConF,129960,6,12,0,guadarrama
AlpConF,129960,6,3,0,guadarrama
AlpConF,129960,6,6,0,guadarrama
AlpConF,129960,6,9,0,guadarrama
AlpScrGr,172894,6,1,0,guadarrama
AlpScrGr,172894,6,12,0,guadarrama
AlpScrGr,172894,6,3,0,guadarrama
AlpScrGr,172894,6,6,0,guadarrama
AlpScrGr,172894,6,9,0,guadarrama
ArtSurf,1490,6,1,0,guadarrama
ArtSurf,1490,6,12,0,guadarrama
ArtSurf,1490,6,3,0,guadarrama
ArtSurf,1490,6,6,0,guadarrama
ArtSurf,1490,6,9,0,guadarrama
Grass,7028,6,1,0,guadarrama
Grass,7028,6,12,0,guadarrama
Grass,7028,6,3,0,guadarrama
Grass,7028,6,6,0,guadarrama
Grass,7028,6,9,0,guadarrama
MedSclF,3280,6,1,0,guadarrama
MedSclF,3280,6,12,0,guadarrama
MedSclF,3280,6,3,0,guadarrama
MedSclF,3280,6,6,0,guadarrama
MedSclF,3280,6,9,0,guadarrama
MedScrub,38947,6,1,0,guadarrama
MedScrub,38947,6,12,0,guadarrama
MedScrub,38947,6,3,0,guadarrama
MedScrub,38947,6,6,0,guadarrama
MedScrub,38947,6,9,0,guadarrama
Peatland,229,6,1,0,guadarrama
Peatland,229,6,12,0,guadarrama
Peatland,229,6,3,0,guadarrama
Peatland,229,6,6,0,guadarrama
Peatland,229,6,9,0,guadarrama
Reforestation,88149,6,1,0,guadarrama
Reforestation,88149,6,12,0,guadarrama
Reforestation,88149,6,3,0,guadarrama
Reforestation,88149,6,6,0,guadarrama
Reforestation,88149,6,9,0,guadarrama
RipF,529,6,1,0,guadarrama
RipF,529,6,12,0,guadarrama
RipF,529,6,3,0,guadarrama
RipF,529,6,6,0,guadarrama
RipF,529,6,9,0,guadarrama
RockScreeVeg,46691,6,1,0,guadarrama
RockScreeVeg,46691,6,12,0,guadarrama
RockScreeVeg,46691,6,3,0,guadarrama
RockScreeVeg,46691,6,6,0,guadarrama
RockScreeVeg,46691,6,9,0,guadarrama
Shrub,3703,6,1,0,guadarrama
Shrub,3703,6,12,0,guadarrama
Shrub,3703,6,3,0,guadarrama
Shrub,3703,6,6,0,guadarrama
Shrub,3703,6,9,0,guadarrama
SMedMarF,5314,6,1,0,guadarrama
SMedMarF,5314,6,12,0,guadarrama
SMedMarF,5314,6,3,0,guadarrama
SMedMarF,5314,6,6,0,guadarrama
SMedMarF,5314,6,9,0,guadarrama
TempDecF,1436,6,1,0,guadarrama
TempDecF,1436,6,12,0,guadarrama
TempDecF,1436,6,3,0,guadarrama
TempDecF,1436,6,6,0,guadarrama
TempDecF,1436,6,9,0,guadarrama
WaterSurf,30,6,1,0,guadarrama
WaterSurf,30,6,12,0,guadarrama
WaterSurf,30,6,3,0,guadarrama
WaterSurf,30,6,6,0,guadarrama
WaterSurf,30,6,9,0,guadarrama
AlpConF,129960,7,1,166,guadarrama
AlpConF,129960,7,12,0,guadarrama
AlpConF,129960,7,3,230,guadarrama
AlpConF,129960,7,6,65,guadarrama
AlpConF,129960,7,9,7,guadarrama
AlpScrGr,172894,7,1,1393,guadarrama
AlpScrGr,172894,7,12,1,guadarrama
AlpScrGr,172894,7,3,2133,guadarrama
AlpScrGr,172894,7,6,44,guadarrama
AlpScrGr,172894,7,9,2,guadarrama
ArtSurf,1490,7,1,1,guadarrama
ArtSurf,1490,7,12,0,guadarrama
ArtSurf,1490,7,3,4,guadarrama
ArtSurf,1490,7,6,0,guadarrama
ArtSurf,1490,7,9,0,guadarrama
Grass,7028,7,1,21,guadarrama
Grass,7028,7,12,0,guadarrama
Grass,7028,7,3,1083,guadarrama
Grass,7028,7,6,0,guadarrama
Grass,7028,7,9,0,guadarrama
MedSclF,3280,7,1,12,guadarrama
MedSclF,3280,7,12,0,guadarrama
MedSclF,3280,7,3,70,guadarrama
MedSclF,3280,7,6,0,guadarrama
MedSclF,3280,7,9,0,guadarrama
MedScrub,38947,7,1,430,guadarrama
MedScrub,38947,7,12,4,guadarrama
MedScrub,38947,7,3,248,guadarrama
MedScrub,38947,7,6,0,guadarrama
MedScrub,38947,7,9,1,guadarrama
Peatland,229,7,1,0,guadarrama
Peatland,229,7,12,0,guadarrama
Peatland,229,7,3,2,guadarrama
Peatland,229,7,6,0,guadarrama
Peatland,229,7,9,0,guadarrama
Reforestation,88149,7,1,315,guadarrama
Reforestation,88149,7,12,0,guadarrama
Reforestation,88149,7,3,73,guadarrama
Reforestation,88149,7,6,138,guadarrama
Reforestation,88149,7,9,1,guadarrama
RipF,529,7,1,0,guadarrama
RipF,529,7,12,0,guadarrama
RipF,529,7,3,4,guadarrama
RipF,529,7,6,0,guadarrama
RipF,529,7,9,0,guadarrama
RockScreeVeg,46691,7,1,266,guadarrama
RockScreeVeg,46691,7,12,1,guadarrama
RockScreeVeg,46691,7,3,116,guadarrama
RockScreeVeg,46691,7,6,13,guadarrama
RockScreeVeg,46691,7,9,2,guadarrama
Shrub,3703,7,1,20,guadarrama
Shrub,3703,7,12,0,guadarrama
Shrub,3703,7,3,200,guadarrama
Shrub,3703,7,6,1,guadarrama
Shrub,3703,7,9,0,guadarrama
SMedMarF,5314,7,1,22,guadarrama
SMedMarF,5314,7,12,0,guadarrama
SMedMarF,5314,7,3,56,guadarrama
SMedMarF,5314,7,6,3,guadarrama
SMedMarF,5314,7,9,0,guadarrama
TempDecF,1436,7,1,2,guadarrama
TempDecF,1436,7,12,0,guadarrama
TempDecF,1436,7,3,4,guadarrama
TempDecF,1436,7,6,13,guadarrama
TempDecF,1436,7,9,0,guadarrama
WaterSurf,30,7,1,1,guadarrama
WaterSurf,30,7,12,0,guadarrama
WaterSurf,30,7,3,0,guadarrama
WaterSurf,30,7,6,0,guadarrama
WaterSurf,30,7,9,0,guadarrama
AlpConF,129960,8,1,345,guadarrama
AlpConF,129960,8,12,21,guadarrama
AlpConF,129960,8,3,400,guadarrama
AlpConF,129960,8,6,30,guadarrama
AlpConF,129960,8,9,59,guadarrama
AlpScrGr,172894,8,1,363,guadarrama
AlpScrGr,172894,8,12,163,guadarrama
AlpScrGr,172894,8,3,7172,guadarrama
AlpScrGr,172894,8,6,238,guadarrama
AlpScrGr,172894,8,9,251,guadarrama
ArtSurf,1490,8,1,0,guadarrama
ArtSurf,1490,8,12,2,guadarrama
ArtSurf,1490,8,3,11,guadarrama
ArtSurf,1490,8,6,4,guadarrama
ArtSurf,1490,8,9,0,guadarrama
Grass,7028,8,1,14,guadarrama
Grass,7028,8,12,0,guadarrama
Grass,7028,8,3,476,guadarrama
Grass,7028,8,6,47,guadarrama
Grass,7028,8,9,2,guadarrama
MedSclF,3280,8,1,38,guadarrama
MedSclF,3280,8,12,0,guadarrama
MedSclF,3280,8,3,25,guadarrama
MedSclF,3280,8,6,2,guadarrama
MedSclF,3280,8,9,0,guadarrama
MedScrub,38947,8,1,313,guadarrama
MedScrub,38947,8,12,15,guadarrama
MedScrub,38947,8,3,1311,guadarrama
MedScrub,38947,8,6,111,guadarrama
MedScrub,38947,8,9,15,guadarrama
Peatland,229,8,1,0,guadarrama
Peatland,229,8,12,0,guadarrama
Peatland,229,8,3,13,guadarrama
Peatland,229,8,6,1,guadarrama
Peatland,229,8,9,0,guadarrama
Reforestation,88149,8,1,609,guadarrama
Reforestation,88149,8,12,13,guadarrama
Reforestation,88149,8,3,882,guadarrama
Reforestation,88149,8,6,48,guadarrama
Reforestation,88149,8,9,212,guadarrama
RipF,529,8,1,1,guadarrama
RipF,529,8,12,0,guadarrama
RipF,529,8,3,7,guadarrama
RipF,529,8,6,1,guadarrama
RipF,529,8,9,0,guadarrama
RockScreeVeg,46691,8,1,240,guadarrama
RockScreeVeg,46691,8,12,265,guadarrama
RockScreeVeg,46691,8,3,617,guadarrama
RockScreeVeg,46691,8,6,141,guadarrama
RockScreeVeg,46691,8,9,136,guadarrama
Shrub,3703,8,1,27,guadarrama
Shrub,3703,8,12,0,guadarrama
Shrub,3703,8,3,220,guadarrama
Shrub,3703,8,6,4,guadarrama
Shrub,3703,8,9,0,guadarrama
SMedMarF,5314,8,1,46,guadarrama
SMedMarF,5314,8,12,0,guadarrama
SMedMarF,5314,8,3,73,guadarrama
SMedMarF,5314,8,6,20,guadarrama
SMedMarF,5314,8,9,0,guadarrama
TempDecF,1436,8,1,3,guadarrama
TempDecF,1436,8,12,0,guadarrama
TempDecF,1436,8,3,4,guadarrama
TempDecF,1436,8,6,0,guadarrama
TempDecF,1436,8,9,0,guadarrama
WaterSurf,30,8,1,0,guadarrama
WaterSurf,30,8,12,0,guadarrama
WaterSurf,30,8,3,0,guadarrama
WaterSurf,30,8,6,0,guadarrama
WaterSurf,30,8,9,0,guadarrama
AlpConF,129960,9,1,0,guadarrama
AlpConF,129960,9,12,0,guadarrama
AlpConF,129960,9,3,0,guadarrama
AlpConF,129960,9,6,0,guadarrama
AlpConF,129960,9,9,0,guadarrama
AlpScrGr,172894,9,1,0,guadarrama
AlpScrGr,172894,9,12,0,guadarrama
AlpScrGr,172894,9,3,0,guadarrama
AlpScrGr,172894,9,6,0,guadarrama
AlpScrGr,172894,9,9,0,guadarrama
ArtSurf,1490,9,1,0,guadarrama
ArtSurf,1490,9,12,0,guadarrama
ArtSurf,1490,9,3,0,guadarrama
ArtSurf,1490,9,6,0,guadarrama
ArtSurf,1490,9,9,0,guadarrama
Grass,7028,9,1,0,guadarrama
Grass,7028,9,12,0,guadarrama
Grass,7028,9,3,0,guadarrama
Grass,7028,9,6,0,guadarrama
Grass,7028,9,9,0,guadarrama
MedSclF,3280,9,1,0,guadarrama
MedSclF,3280,9,12,0,guadarrama
MedSclF,3280,9,3,0,guadarrama
MedSclF,3280,9,6,0,guadarrama
MedSclF,3280,9,9,0,guadarrama
MedScrub,38947,9,1,0,guadarrama
MedScrub,38947,9,12,0,guadarrama
MedScrub,38947,9,3,0,guadarrama
MedScrub,38947,9,6,0,guadarrama
MedScrub,38947,9,9,0,guadarrama
Peatland,229,9,1,0,guadarrama
Peatland,229,9,12,0,guadarrama
Peatland,229,9,3,0,guadarrama
Peatland,229,9,6,0,guadarrama
Peatland,229,9,9,0,guadarrama
Reforestation,88149,9,1,0,guadarrama
Reforestation,88149,9,12,0,guadarrama
Reforestation,88149,9,3,0,guadarrama
Reforestation,88149,9,6,0,guadarrama
Reforestation,88149,9,9,0,guadarrama
RipF,529,9,1,0,guadarrama
RipF,529,9,12,0,guadarrama
RipF,529,9,3,0,guadarrama
RipF,529,9,6,0,guadarrama
RipF,529,9,9,0,guadarrama
RockScreeVeg,46691,9,1,0,guadarrama
RockScreeVeg,46691,9,12,1,guadarrama
RockScreeVeg,46691,9,3,0,guadarrama
RockScreeVeg,46691,9,6,0,guadarrama
RockScreeVeg,46691,9,9,0,guadarrama
Shrub,3703,9,1,0,guadarrama
Shrub,3703,9,12,0,guadarrama
Shrub,3703,9,3,0,guadarrama
Shrub,3703,9,6,0,guadarrama
Shrub,3703,9,9,0,guadarrama
SMedMarF,5314,9,1,0,guadarrama
SMedMarF,5314,9,12,0,guadarrama
SMedMarF,5314,9,3,0,guadarrama
SMedMarF,5314,9,6,0,guadarrama
SMedMarF,5314,9,9,0,guadarrama
TempDecF,1436,9,1,0,guadarrama
TempDecF,1436,9,12,0,guadarrama
TempDecF,1436,9,3,0,guadarrama
TempDecF,1436,9,6,0,guadarrama
TempDecF,1436,9,9,0,guadarrama
WaterSurf,30,9,1,0,guadarrama
WaterSurf,30,9,12,0,guadarrama
WaterSurf,30,9,3,0,guadarrama
WaterSurf,30,9,6,0,guadarrama
WaterSurf,30,9,9,0,guadarrama
AlpConF,129960,10,1,0,guadarrama
AlpConF,129960,10,12,0,guadarrama
AlpConF,129960,10,3,0,guadarrama
AlpConF,129960,10,6,0,guadarrama
AlpConF,129960,10,9,0,guadarrama
AlpScrGr,172894,10,1,0,guadarrama
AlpScrGr,172894,10,12,0,guadarrama
AlpScrGr,172894,10,3,0,guadarrama
AlpScrGr,172894,10,6,0,guadarrama
AlpScrGr,172894,10,9,0,guadarrama
ArtSurf,1490,10,1,0,guadarrama
ArtSurf,1490,10,12,0,guadarrama
ArtSurf,1490,10,3,0,guadarrama
ArtSurf,1490,10,6,0,guadarrama
ArtSurf,1490,10,9,0,guadarrama
Grass,7028,10,1,0,guadarrama
Grass,7028,10,12,0,guadarrama
Grass,7028,10,3,0,guadarrama
Grass,7028,10,6,0,guadarrama
Grass,7028,10,9,0,guadarrama
MedSclF,3280,10,1,0,guadarrama
MedSclF,3280,10,12,0,guadarrama
MedSclF,3280,10,3,0,guadarrama
MedSclF,3280,10,6,0,guadarrama
MedSclF,3280,10,9,0,guadarrama
MedScrub,38947,10,1,0,guadarrama
MedScrub,38947,10,12,0,guadarrama
MedScrub,38947,10,3,0,guadarrama
MedScrub,38947,10,6,0,guadarrama
MedScrub,38947,10,9,0,guadarrama
Peatland,229,10,1,0,guadarrama
Peatland,229,10,12,0,guadarrama
Peatland,229,10,3,0,guadarrama
Peatland,229,10,6,0,guadarrama
Peatland,229,10,9,0,guadarrama
Reforestation,88149,10,1,0,guadarrama
Reforestation,88149,10,12,0,guadarrama
Reforestation,88149,10,3,0,guadarrama
Reforestation,88149,10,6,0,guadarrama
Reforestation,88149,10,9,0,guadarrama
RipF,529,10,1,0,guadarrama
RipF,529,10,12,0,guadarrama
RipF,529,10,3,0,guadarrama
RipF,529,10,6,0,guadarrama
RipF,529,10,9,0,guadarrama
RockScreeVeg,46691,10,1,0,guadarrama
RockScreeVeg,46691,10,12,0,guadarrama
RockScreeVeg,46691,10,3,0,guadarrama
RockScreeVeg,46691,10,6,0,guadarrama
RockScreeVeg,46691,10,9,0,guadarrama
Shrub,3703,10,1,0,guadarrama
Shrub,3703,10,12,0,guadarrama
Shrub,3703,10,3,0,guadarrama
Shrub,3703,10,6,0,guadarrama
Shrub,3703,10,9,0,guadarrama
SMedMarF,5314,10,1,0,guadarrama
SMedMarF,5314,10,12,0,guadarrama
SMedMarF,5314,10,3,0,guadarrama
SMedMarF,5314,10,6,0,guadarrama
SMedMarF,5314,10,9,0,guadarrama
TempDecF,1436,10,1,0,guadarrama
TempDecF,1436,10,12,0,guadarrama
TempDecF,1436,10,3,0,guadarrama
TempDecF,1436,10,6,0,guadarrama
TempDecF,1436,10,9,0,guadarrama
WaterSurf,30,10,1,0,guadarrama
WaterSurf,30,10,12,0,guadarrama
WaterSurf,30,10,3,0,guadarrama
WaterSurf,30,10,6,0,guadarrama
WaterSurf,30,10,9,0,guadarrama
AlpConF,129960,11,1,44,guadarrama
AlpConF,129960,11,12,23,guadarrama
AlpConF,129960,11,3,0,guadarrama
AlpConF,129960,11,6,2,guadarrama
AlpConF,129960,11,9,1,guadarrama
AlpScrGr,172894,11,1,12,guadarrama
AlpScrGr,172894,11,12,1,guadarrama
AlpScrGr,172894,11,3,0,guadarrama
AlpScrGr,172894,11,6,2,guadarrama
AlpScrGr,172894,11,9,0,guadarrama
ArtSurf,1490,11,1,0,guadarrama
ArtSurf,1490,11,12,1,guadarrama
ArtSurf,1490,11,3,1,guadarrama
ArtSurf,1490,11,6,0,guadarrama
ArtSurf,1490,11,9,0,guadarrama
Grass,7028,11,1,1,guadarrama
Grass,7028,11,12,0,guadarrama
Grass,7028,11,3,0,guadarrama
Grass,7028,11,6,0,guadarrama
Grass,7028,11,9,0,guadarrama
MedSclF,3280,11,1,0,guadarrama
MedSclF,3280,11,12,0,guadarrama
MedSclF,3280,11,3,0,guadarrama
MedSclF,3280,11,6,0,guadarrama
MedSclF,3280,11,9,0,guadarrama
MedScrub,38947,11,1,44,guadarrama
MedScrub,38947,11,12,0,guadarrama
MedScrub,38947,11,3,0,guadarrama
MedScrub,38947,11,6,0,guadarrama
MedScrub,38947,11,9,0,guadarrama
Peatland,229,11,1,0,guadarrama
Peatland,229,11,12,0,guadarrama
Peatland,229,11,3,0,guadarrama
Peatland,229,11,6,0,guadarrama
Peatland,229,11,9,0,guadarrama
Reforestation,88149,11,1,52,guadarrama
Reforestation,88149,11,12,26,guadarrama
Reforestation,88149,11,3,32,guadarrama
Reforestation,88149,11,6,1,guadarrama
Reforestation,88149,11,9,1,guadarrama
RipF,529,11,1,0,guadarrama
RipF,529,11,12,0,guadarrama
RipF,529,11,3,0,guadarrama
RipF,529,11,6,0,guadarrama
RipF,529,11,9,0,guadarrama
RockScreeVeg,46691,11,1,0,guadarrama
RockScreeVeg,46691,11,12,4,guadarrama
RockScreeVeg,46691,11,3,0,guadarrama
RockScreeVeg,46691,11,6,3,guadarrama
RockScreeVeg,46691,11,9,0,guadarrama
Shrub,3703,11,1,0,guadarrama
Shrub,3703,11,12,0,guadarrama
Shrub,3703,11,3,0,guadarrama
Shrub,3703,11,6,0,guadarrama
Shrub,3703,11,9,0,guadarrama
SMedMarF,5314,11,1,1,guadarrama
SMedMarF,5314,11,12,0,guadarrama
SMedMarF,5314,11,3,0,guadarrama
SMedMarF,5314,11,6,0,guadarrama
SMedMarF,5314,11,9,0,guadarrama
TempDecF,1436,11,1,0,guadarrama
TempDecF,1436,11,12,0,guadarrama
TempDecF,1436,11,3,0,guadarrama
TempDecF,1436,11,6,0,guadarrama
TempDecF,1436,11,9,0,guadarrama
WaterSurf,30,11,1,0,guadarrama
WaterSurf,30,11,12,0,guadarrama
WaterSurf,30,11,3,0,guadarrama
WaterSurf,30,11,6,0,guadarrama
WaterSurf,30,11,9,0,guadarrama
AlpConF,129960,12,1,0,guadarrama
AlpConF,129960,12,12,0,guadarrama
AlpConF,129960,12,3,0,guadarrama
AlpConF,129960,12,6,0,guadarrama
AlpConF,129960,12,9,0,guadarrama
AlpScrGr,172894,12,1,0,guadarrama
AlpScrGr,172894,12,12,0,guadarrama
AlpScrGr,172894,12,3,0,guadarrama
AlpScrGr,172894,12,6,0,guadarrama
AlpScrGr,172894,12,9,0,guadarrama
ArtSurf,1490,12,1,0,guadarrama
ArtSurf,1490,12,12,0,guadarrama
ArtSurf,1490,12,3,0,guadarrama
ArtSurf,1490,12,6,0,guadarrama
ArtSurf,1490,12,9,0,guadarrama
Grass,7028,12,1,0,guadarrama
Grass,7028,12,12,0,guadarrama
Grass,7028,12,3,0,guadarrama
Grass,7028,12,6,0,guadarrama
Grass,7028,12,9,0,guadarrama
MedSclF,3280,12,1,0,guadarrama
MedSclF,3280,12,12,0,guadarrama
MedSclF,3280,12,3,0,guadarrama
MedSclF,3280,12,6,0,guadarrama
MedSclF,3280,12,9,0,guadarrama
MedScrub,38947,12,1,0,guadarrama
MedScrub,38947,12,12,0,guadarrama
MedScrub,38947,12,3,0,guadarrama
MedScrub,38947,12,6,0,guadarrama
MedScrub,38947,12,9,0,guadarrama
Peatland,229,12,1,0,guadarrama
Peatland,229,12,12,0,guadarrama
Peatland,229,12,3,0,guadarrama
Peatland,229,12,6,0,guadarrama
Peatland,229,12,9,0,guadarrama
Reforestation,88133,12,1,0,guadarrama
Reforestation,88133,12,12,0,guadarrama
Reforestation,88133,12,3,0,guadarrama
Reforestation,88133,12,6,0,guadarrama
Reforestation,88133,12,9,0,guadarrama
RipF,529,12,1,0,guadarrama
RipF,529,12,12,0,guadarrama
RipF,529,12,3,0,guadarrama
RipF,529,12,6,0,guadarrama
RipF,529,12,9,0,guadarrama
RockScreeVeg,46691,12,1,0,guadarrama
RockScreeVeg,46691,12,12,0,guadarrama
RockScreeVeg,46691,12,3,0,guadarrama
RockScreeVeg,46691,12,6,0,guadarrama
RockScreeVeg,46691,12,9,0,guadarrama
Shrub,3703,12,1,0,guadarrama
Shrub,3703,12,12,0,guadarrama
Shrub,3703,12,3,0,guadarrama
Shrub,3703,12,6,0,guadarrama
Shrub,3703,12,9,0,guadarrama
SMedMarF,5314,12,1,0,guadarrama
SMedMarF,5314,12,12,0,guadarrama
SMedMarF,5314,12,3,0,guadarrama
SMedMarF,5314,12,6,0,guadarrama
SMedMarF,5314,12,9,0,guadarrama
TempDecF,1436,12,1,0,guadarrama
TempDecF,1436,12,12,0,guadarrama
TempDecF,1436,12,3,0,guadarrama
TempDecF,1436,12,6,0,guadarrama
TempDecF,1436,12,9,0,guadarrama
WaterSurf,30,12,1,0,guadarrama
WaterSurf,30,12,12,0,guadarrama
WaterSurf,30,12,3,0,guadarrama
WaterSurf,30,12,6,0,guadarrama
WaterSurf,30,12,9,0,guadarrama
ArtSurf,329,1,1,0,cies
ArtSurf,329,1,12,0,cies
ArtSurf,329,1,3,0,cies
ArtSurf,329,1,6,0,cies
ArtSurf,329,1,9,0,cies
AtlScrub,5686,1,1,0,cies
AtlScrub,5686,1,12,0,cies
AtlScrub,5686,1,3,0,cies
AtlScrub,5686,1,6,0,cies
AtlScrub,5686,1,9,0,cies
BareArea,3742,1,1,0,cies
BareArea,3742,1,12,0,cies
BareArea,3742,1,3,0,cies
BareArea,3742,1,6,0,cies
BareArea,3742,1,9,0,cies
Crop,3,1,1,0,cies
Crop,3,1,12,0,cies
Crop,3,1,3,0,cies
Crop,3,1,6,0,cies
Crop,3,1,9,0,cies
DuneSand,232,1,1,0,cies
DuneSand,232,1,12,0,cies
DuneSand,232,1,3,0,cies
DuneSand,232,1,6,0,cies
DuneSand,232,1,9,0,cies
Grass,1926,1,1,0,cies
Grass,1926,1,12,0,cies
Grass,1926,1,3,0,cies
Grass,1926,1,6,0,cies
Grass,1926,1,9,0,cies
HydroRipVeg,100,1,1,0,cies
HydroRipVeg,100,1,12,0,cies
HydroRipVeg,100,1,3,0,cies
HydroRipVeg,100,1,6,0,cies
HydroRipVeg,100,1,9,0,cies
MedSclF,18,1,1,0,cies
MedSclF,18,1,12,0,cies
MedSclF,18,1,3,0,cies
MedSclF,18,1,6,0,cies
MedSclF,18,1,9,0,cies
Reforestation,2902,1,1,0,cies
Reforestation,2902,1,12,0,cies
Reforestation,2902,1,3,0,cies
Reforestation,2902,1,6,0,cies
Reforestation,2902,1,9,0,cies
RipF,133,1,1,0,cies
RipF,133,1,12,0,cies
RipF,133,1,3,0,cies
RipF,133,1,6,0,cies
RipF,133,1,9,0,cies
RockScreeVeg,28,1,1,0,cies
RockScreeVeg,28,1,12,0,cies
RockScreeVeg,28,1,3,0,cies
RockScreeVeg,28,1,6,0,cies
RockScreeVeg,28,1,9,0,cies
SaltMar,253,1,1,0,cies
SaltMar,253,1,12,0,cies
SaltMar,253,1,3,0,cies
SaltMar,253,1,6,0,cies
SaltMar,253,1,9,0,cies
Shrub,772,1,1,0,cies
Shrub,772,1,12,0,cies
Shrub,772,1,3,0,cies
Shrub,772,1,6,0,cies
Shrub,772,1,9,0,cies
SMedMarF,2,1,1,0,cies
SMedMarF,2,1,12,0,cies
SMedMarF,2,1,3,0,cies
SMedMarF,2,1,6,0,cies
SMedMarF,2,1,9,0,cies
TempDecF,261,1,1,0,cies
TempDecF,261,1,12,0,cies
TempDecF,261,1,3,0,cies
TempDecF,261,1,6,0,cies
TempDecF,261,1,9,0,cies
WaterSurf,95,1,1,0,cies
WaterSurf,95,1,12,0,cies
WaterSurf,95,1,3,0,cies
WaterSurf,95,1,6,0,cies
WaterSurf,95,1,9,0,cies
ArtSurf,329,2,1,0,cies
ArtSurf,329,2,12,0,cies
ArtSurf,329,2,3,0,cies
ArtSurf,329,2,6,0,cies
ArtSurf,329,2,9,0,cies
AtlScrub,5686,2,1,0,cies
AtlScrub,5686,2,12,0,cies
AtlScrub,5686,2,3,0,cies
AtlScrub,5686,2,6,0,cies
AtlScrub,5686,2,9,0,cies
BareArea,3742,2,1,0,cies
BareArea,3742,2,12,0,cies
BareArea,3742,2,3,0,cies
BareArea,3742,2,6,0,cies
BareArea,3742,2,9,0,cies
Crop,3,2,1,0,cies
Crop,3,2,12,0,cies
Crop,3,2,3,0,cies
Crop,3,2,6,0,cies
Crop,3,2,9,0,cies
DuneSand,232,2,1,0,cies
DuneSand,232,2,12,0,cies
DuneSand,232,2,3,0,cies
DuneSand,232,2,6,0,cies
DuneSand,232,2,9,0,cies
Grass,1926,2,1,0,cies
Grass,1926,2,12,0,cies
Grass,1926,2,3,0,cies
Grass,1926,2,6,0,cies
Grass,1926,2,9,0,cies
HydroRipVeg,100,2,1,0,cies
HydroRipVeg,100,2,12,0,cies
HydroRipVeg,100,2,3,0,cies
HydroRipVeg,100,2,6,0,cies
HydroRipVeg,100,2,9,0,cies
MedSclF,18,2,1,0,cies
MedSclF,18,2,12,0,cies
MedSclF,18,2,3,0,cies
MedSclF,18,2,6,0,cies
MedSclF,18,2,9,0,cies
Reforestation,2902,2,1,0,cies
Reforestation,2902,2,12,0,cies
Reforestation,2902,2,3,0,cies
Reforestation,2902,2,6,0,cies
Reforestation,2902,2,9,0,cies
RipF,133,2,1,0,cies
RipF,133,2,12,0,cies
RipF,133,2,3,0,cies
RipF,133,2,6,0,cies
RipF,133,2,9,0,cies
RockScreeVeg,28,2,1,0,cies
RockScreeVeg,28,2,12,0,cies
RockScreeVeg,28,2,3,0,cies
RockScreeVeg,28,2,6,0,cies
RockScreeVeg,28,2,9,0,cies
SaltMar,253,2,1,0,cies
SaltMar,253,2,12,0,cies
SaltMar,253,2,3,0,cies
SaltMar,253,2,6,0,cies
SaltMar,253,2,9,0,cies
Shrub,772,2,1,0,cies
Shrub,772,2,12,0,cies
Shrub,772,2,3,0,cies
Shrub,772,2,6,0,cies
Shrub,772,2,9,0,cies
SMedMarF,2,2,1,0,cies
SMedMarF,2,2,12,0,cies
SMedMarF,2,2,3,0,cies
SMedMarF,2,2,6,0,cies
SMedMarF,2,2,9,0,cies
TempDecF,261,2,1,0,cies
TempDecF,261,2,12,0,cies
TempDecF,261,2,3,0,cies
TempDecF,261,2,6,0,cies
TempDecF,261,2,9,0,cies
WaterSurf,95,2,1,0,cies
WaterSurf,95,2,12,0,cies
WaterSurf,95,2,3,0,cies
WaterSurf,95,2,6,0,cies
WaterSurf,95,2,9,0,cies
ArtSurf,329,3,1,0,cies
ArtSurf,329,3,12,0,cies
ArtSurf,329,3,3,0,cies
ArtSurf,329,3,6,0,cies
ArtSurf,329,3,9,0,cies
AtlScrub,5686,3,1,0,cies
AtlScrub,5686,3,12,0,cies
AtlScrub,5686,3,3,0,cies
AtlScrub,5686,3,6,0,cies
AtlScrub,5686,3,9,0,cies
BareArea,3742,3,1,0,cies
BareArea,3742,3,12,0,cies
BareArea,3742,3,3,0,cies
BareArea,3742,3,6,0,cies
BareArea,3742,3,9,0,cies
Crop,3,3,1,0,cies
Crop,3,3,12,0,cies
Crop,3,3,3,0,cies
Crop,3,3,6,0,cies
Crop,3,3,9,0,cies
DuneSand,232,3,1,0,cies
DuneSand,232,3,12,0,cies
DuneSand,232,3,3,0,cies
DuneSand,232,3,6,0,cies
DuneSand,232,3,9,0,cies
Grass,1926,3,1,0,cies
Grass,1926,3,12,0,cies
Grass,1926,3,3,0,cies
Grass,1926,3,6,0,cies
Grass,1926,3,9,0,cies
HydroRipVeg,100,3,1,0,cies
HydroRipVeg,100,3,12,0,cies
HydroRipVeg,100,3,3,0,cies
HydroRipVeg,100,3,6,0,cies
HydroRipVeg,100,3,9,0,cies
MedSclF,18,3,1,0,cies
MedSclF,18,3,12,0,cies
MedSclF,18,3,3,0,cies
MedSclF,18,3,6,0,cies
MedSclF,18,3,9,0,cies
Reforestation,2902,3,1,0,cies
Reforestation,2902,3,12,0,cies
Reforestation,2902,3,3,0,cies
Reforestation,2902,3,6,0,cies
Reforestation,2902,3,9,0,cies
RipF,133,3,1,0,cies
RipF,133,3,12,0,cies
RipF,133,3,3,0,cies
RipF,133,3,6,0,cies
RipF,133,3,9,0,cies
RockScreeVeg,28,3,1,0,cies
RockScreeVeg,28,3,12,0,cies
RockScreeVeg,28,3,3,0,cies
RockScreeVeg,28,3,6,0,cies
RockScreeVeg,28,3,9,0,cies
SaltMar,253,3,1,0,cies
SaltMar,253,3,12,0,cies
SaltMar,253,3,3,0,cies
SaltMar,253,3,6,0,cies
SaltMar,253,3,9,0,cies
Shrub,772,3,1,0,cies
Shrub,772,3,12,0,cies
Shrub,772,3,3,0,cies
Shrub,772,3,6,0,cies
Shrub,772,3,9,0,cies
SMedMarF,2,3,1,0,cies
SMedMarF,2,3,12,0,cies
SMedMarF,2,3,3,0,cies
SMedMarF,2,3,6,0,cies
SMedMarF,2,3,9,0,cies
TempDecF,261,3,1,0,cies
TempDecF,261,3,12,0,cies
TempDecF,261,3,3,0,cies
TempDecF,261,3,6,0,cies
TempDecF,261,3,9,0,cies
WaterSurf,95,3,1,0,cies
WaterSurf,95,3,12,0,cies
WaterSurf,95,3,3,0,cies
WaterSurf,95,3,6,0,cies
WaterSurf,95,3,9,0,cies
ArtSurf,329,4,1,0,cies
ArtSurf,329,4,12,0,cies
ArtSurf,329,4,3,0,cies
ArtSurf,329,4,6,0,cies
ArtSurf,329,4,9,0,cies
AtlScrub,5686,4,1,0,cies
AtlScrub,5686,4,12,0,cies
AtlScrub,5686,4,3,0,cies
AtlScrub,5686,4,6,0,cies
AtlScrub,5686,4,9,0,cies
BareArea,3742,4,1,0,cies
BareArea,3742,4,12,0,cies
BareArea,3742,4,3,0,cies
BareArea,3742,4,6,0,cies
BareArea,3742,4,9,0,cies
Crop,3,4,1,0,cies
Crop,3,4,12,0,cies
Crop,3,4,3,0,cies
Crop,3,4,6,0,cies
Crop,3,4,9,0,cies
DuneSand,232,4,1,0,cies
DuneSand,232,4,12,0,cies
DuneSand,232,4,3,0,cies
DuneSand,232,4,6,0,cies
DuneSand,232,4,9,0,cies
Grass,1926,4,1,0,cies
Grass,1926,4,12,0,cies
Grass,1926,4,3,0,cies
Grass,1926,4,6,0,cies
Grass,1926,4,9,0,cies
HydroRipVeg,100,4,1,0,cies
HydroRipVeg,100,4,12,0,cies
HydroRipVeg,100,4,3,0,cies
HydroRipVeg,100,4,6,0,cies
HydroRipVeg,100,4,9,0,cies
MedSclF,18,4,1,0,cies
MedSclF,18,4,12,0,cies
MedSclF,18,4,3,0,cies
MedSclF,18,4,6,0,cies
MedSclF,18,4,9,0,cies
Reforestation,2902,4,1,0,cies
Reforestation,2902,4,12,0,cies
Reforestation,2902,4,3,0,cies
Reforestation,2902,4,6,0,cies
Reforestation,2902,4,9,0,cies
RipF,133,4,1,0,cies
RipF,133,4,12,0,cies
RipF,133,4,3,0,cies
RipF,133,4,6,0,cies
RipF,133,4,9,0,cies
RockScreeVeg,28,4,1,0,cies
RockScreeVeg,28,4,12,0,cies
RockScreeVeg,28,4,3,0,cies
RockScreeVeg,28,4,6,0,cies
RockScreeVeg,28,4,9,0,cies
SaltMar,253,4,1,0,cies
SaltMar,253,4,12,0,cies
SaltMar,253,4,3,0,cies
SaltMar,253,4,6,0,cies
SaltMar,253,4,9,0,cies
Shrub,772,4,1,0,cies
Shrub,772,4,12,0,cies
Shrub,772,4,3,0,cies
Shrub,772,4,6,0,cies
Shrub,772,4,9,0,cies
SMedMarF,2,4,1,0,cies
SMedMarF,2,4,12,0,cies
SMedMarF,2,4,3,0,cies
SMedMarF,2,4,6,0,cies
SMedMarF,2,4,9,0,cies
TempDecF,261,4,1,0,cies
TempDecF,261,4,12,0,cies
TempDecF,261,4,3,0,cies
TempDecF,261,4,6,0,cies
TempDecF,261,4,9,0,cies
WaterSurf,95,4,1,0,cies
WaterSurf,95,4,12,0,cies
WaterSurf,95,4,3,0,cies
WaterSurf,95,4,6,0,cies
WaterSurf,95,4,9,0,cies
ArtSurf,329,5,1,0,cies
ArtSurf,329,5,12,0,cies
ArtSurf,329,5,3,0,cies
ArtSurf,329,5,6,0,cies
ArtSurf,329,5,9,0,cies
AtlScrub,5686,5,1,0,cies
AtlScrub,5686,5,12,0,cies
AtlScrub,5686,5,3,0,cies
AtlScrub,5686,5,6,0,cies
AtlScrub,5686,5,9,0,cies
BareArea,3742,5,1,0,cies
BareArea,3742,5,12,0,cies
BareArea,3742,5,3,0,cies
BareArea,3742,5,6,0,cies
BareArea,3742,5,9,0,cies
Crop,3,5,1,0,cies
Crop,3,5,12,0,cies
Crop,3,5,3,0,cies
Crop,3,5,6,0,cies
Crop,3,5,9,0,cies
DuneSand,232,5,1,0,cies
DuneSand,232,5,12,0,cies
DuneSand,232,5,3,0,cies
DuneSand,232,5,6,0,cies
DuneSand,232,5,9,0,cies
Grass,1926,5,1,0,cies
Grass,1926,5,12,0,cies
Grass,1926,5,3,0,cies
Grass,1926,5,6,0,cies
Grass,1926,5,9,0,cies
HydroRipVeg,100,5,1,0,cies
HydroRipVeg,100,5,12,0,cies
HydroRipVeg,100,5,3,0,cies
HydroRipVeg,100,5,6,0,cies
HydroRipVeg,100,5,9,0,cies
MedSclF,18,5,1,0,cies
MedSclF,18,5,12,0,cies
MedSclF,18,5,3,0,cies
MedSclF,18,5,6,0,cies
MedSclF,18,5,9,0,cies
Reforestation,2902,5,1,0,cies
Reforestation,2902,5,12,0,cies
Reforestation,2902,5,3,0,cies
Reforestation,2902,5,6,0,cies
Reforestation,2902,5,9,0,cies
RipF,133,5,1,0,cies
RipF,133,5,12,0,cies
RipF,133,5,3,0,cies
RipF,133,5,6,0,cies
RipF,133,5,9,0,cies
RockScreeVeg,28,5,1,0,cies
RockScreeVeg,28,5,12,0,cies
RockScreeVeg,28,5,3,0,cies
RockScreeVeg,28,5,6,0,cies
RockScreeVeg,28,5,9,0,cies
SaltMar,253,5,1,0,cies
SaltMar,253,5,12,0,cies
SaltMar,253,5,3,0,cies
SaltMar,253,5,6,0,cies
SaltMar,253,5,9,0,cies
Shrub,772,5,1,0,cies
Shrub,772,5,12,0,cies
Shrub,772,5,3,0,cies
Shrub,772,5,6,0,cies
Shrub,772,5,9,0,cies
SMedMarF,2,5,1,0,cies
SMedMarF,2,5,12,0,cies
SMedMarF,2,5,3,0,cies
SMedMarF,2,5,6,0,cies
SMedMarF,2,5,9,0,cies
TempDecF,261,5,1,0,cies
TempDecF,261,5,12,0,cies
TempDecF,261,5,3,0,cies
TempDecF,261,5,6,0,cies
TempDecF,261,5,9,0,cies
WaterSurf,95,5,1,0,cies
WaterSurf,95,5,12,0,cies
WaterSurf,95,5,3,0,cies
WaterSurf,95,5,6,0,cies
WaterSurf,95,5,9,0,cies
ArtSurf,329,6,1,0,cies
ArtSurf,329,6,12,0,cies
ArtSurf,329,6,3,0,cies
ArtSurf,329,6,6,0,cies
ArtSurf,329,6,9,0,cies
AtlScrub,5686,6,1,0,cies
AtlScrub,5686,6,12,0,cies
AtlScrub,5686,6,3,0,cies
AtlScrub,5686,6,6,0,cies
AtlScrub,5686,6,9,0,cies
BareArea,3742,6,1,0,cies
BareArea,3742,6,12,0,cies
BareArea,3742,6,3,0,cies
BareArea,3742,6,6,0,cies
BareArea,3742,6,9,0,cies
Crop,3,6,1,0,cies
Crop,3,6,12,0,cies
Crop,3,6,3,0,cies
Crop,3,6,6,0,cies
Crop,3,6,9,0,cies
DuneSand,232,6,1,0,cies
DuneSand,232,6,12,0,cies
DuneSand,232,6,3,0,cies
DuneSand,232,6,6,0,cies
DuneSand,232,6,9,0,cies
Grass,1926,6,1,0,cies
Grass,1926,6,12,0,cies
Grass,1926,6,3,0,cies
Grass,1926,6,6,0,cies
Grass,1926,6,9,0,cies
HydroRipVeg,100,6,1,0,cies
HydroRipVeg,100,6,12,0,cies
HydroRipVeg,100,6,3,0,cies
HydroRipVeg,100,6,6,0,cies
HydroRipVeg,100,6,9,0,cies
MedSclF,18,6,1,0,cies
MedSclF,18,6,12,0,cies
MedSclF,18,6,3,0,cies
MedSclF,18,6,6,0,cies
MedSclF,18,6,9,0,cies
Reforestation,2902,6,1,0,cies
Reforestation,2902,6,12,0,cies
Reforestation,2902,6,3,0,cies
Reforestation,2902,6,6,0,cies
Reforestation,2902,6,9,0,cies
RipF,133,6,1,0,cies
RipF,133,6,12,0,cies
RipF,133,6,3,0,cies
RipF,133,6,6,0,cies
RipF,133,6,9,0,cies
RockScreeVeg,28,6,1,0,cies
RockScreeVeg,28,6,12,0,cies
RockScreeVeg,28,6,3,0,cies
RockScreeVeg,28,6,6,0,cies
RockScreeVeg,28,6,9,0,cies
SaltMar,253,6,1,0,cies
SaltMar,253,6,12,0,cies
SaltMar,253,6,3,0,cies
SaltMar,253,6,6,0,cies
SaltMar,253,6,9,0,cies
Shrub,772,6,1,0,cies
Shrub,772,6,12,0,cies
Shrub,772,6,3,0,cies
Shrub,772,6,6,0,cies
Shrub,772,6,9,0,cies
SMedMarF,2,6,1,0,cies
SMedMarF,2,6,12,0,cies
SMedMarF,2,6,3,0,cies
SMedMarF,2,6,6,0,cies
SMedMarF,2,6,9,0,cies
TempDecF,261,6,1,0,cies
TempDecF,261,6,12,0,cies
TempDecF,261,6,3,0,cies
TempDecF,261,6,6,0,cies
TempDecF,261,6,9,0,cies
WaterSurf,95,6,1,0,cies
WaterSurf,95,6,12,0,cies
WaterSurf,95,6,3,0,cies
WaterSurf,95,6,6,0,cies
WaterSurf,95,6,9,0,cies
ArtSurf,329,7,1,0,cies
ArtSurf,329,7,12,0,cies
ArtSurf,329,7,3,0,cies
ArtSurf,329,7,6,0,cies
ArtSurf,329,7,9,0,cies
AtlScrub,5686,7,1,0,cies
AtlScrub,5686,7,12,0,cies
AtlScrub,5686,7,3,0,cies
AtlScrub,5686,7,6,0,cies
AtlScrub,5686,7,9,0,cies
BareArea,3742,7,1,0,cies
BareArea,3742,7,12,0,cies
BareArea,3742,7,3,0,cies
BareArea,3742,7,6,0,cies
BareArea,3742,7,9,0,cies
Crop,3,7,1,0,cies
Crop,3,7,12,0,cies
Crop,3,7,3,0,cies
Crop,3,7,6,0,cies
Crop,3,7,9,0,cies
DuneSand,232,7,1,0,cies
DuneSand,232,7,12,0,cies
DuneSand,232,7,3,0,cies
DuneSand,232,7,6,0,cies
DuneSand,232,7,9,0,cies
Grass,1926,7,1,0,cies
Grass,1926,7,12,0,cies
Grass,1926,7,3,0,cies
Grass,1926,7,6,0,cies
Grass,1926,7,9,0,cies
HydroRipVeg,100,7,1,0,cies
HydroRipVeg,100,7,12,0,cies
HydroRipVeg,100,7,3,0,cies
HydroRipVeg,100,7,6,0,cies
HydroRipVeg,100,7,9,0,cies
MedSclF,18,7,1,0,cies
MedSclF,18,7,12,0,cies
MedSclF,18,7,3,0,cies
MedSclF,18,7,6,0,cies
MedSclF,18,7,9,0,cies
Reforestation,2902,7,1,0,cies
Reforestation,2902,7,12,0,cies
Reforestation,2902,7,3,0,cies
Reforestation,2902,7,6,0,cies
Reforestation,2902,7,9,0,cies
RipF,133,7,1,0,cies
RipF,133,7,12,0,cies
RipF,133,7,3,0,cies
RipF,133,7,6,0,cies
RipF,133,7,9,0,cies
RockScreeVeg,28,7,1,0,cies
RockScreeVeg,28,7,12,0,cies
RockScreeVeg,28,7,3,0,cies
RockScreeVeg,28,7,6,0,cies
RockScreeVeg,28,7,9,0,cies
SaltMar,253,7,1,0,cies
SaltMar,253,7,12,0,cies
SaltMar,253,7,3,0,cies
SaltMar,253,7,6,0,cies
SaltMar,253,7,9,0,cies
Shrub,772,7,1,0,cies
Shrub,772,7,12,0,cies
Shrub,772,7,3,0,cies
Shrub,772,7,6,0,cies
Shrub,772,7,9,0,cies
SMedMarF,2,7,1,0,cies
SMedMarF,2,7,12,0,cies
SMedMarF,2,7,3,0,cies
SMedMarF,2,7,6,0,cies
SMedMarF,2,7,9,0,cies
TempDecF,261,7,1,0,cies
TempDecF,261,7,12,0,cies
TempDecF,261,7,3,0,cies
TempDecF,261,7,6,0,cies
TempDecF,261,7,9,0,cies
WaterSurf,95,7,1,0,cies
WaterSurf,95,7,12,0,cies
WaterSurf,95,7,3,0,cies
WaterSurf,95,7,6,0,cies
WaterSurf,95,7,9,0,cies
ArtSurf,329,8,1,0,cies
ArtSurf,329,8,12,0,cies
ArtSurf,329,8,3,1,cies
ArtSurf,329,8,6,11,cies
ArtSurf,329,8,9,1,cies
AtlScrub,5686,8,1,9,cies
AtlScrub,5686,8,12,0,cies
AtlScrub,5686,8,3,247,cies
AtlScrub,5686,8,6,178,cies
AtlScrub,5686,8,9,2,cies
BareArea,3742,8,1,26,cies
BareArea,3742,8,12,3,cies
BareArea,3742,8,3,40,cies
BareArea,3742,8,6,110,cies
BareArea,3742,8,9,2,cies
Crop,3,8,1,0,cies
Crop,3,8,12,0,cies
Crop,3,8,3,0,cies
Crop,3,8,6,0,cies
Crop,3,8,9,0,cies
DuneSand,232,8,1,0,cies
DuneSand,232,8,12,0,cies
DuneSand,232,8,3,1,cies
DuneSand,232,8,6,1,cies
DuneSand,232,8,9,0,cies
Grass,1926,8,1,4,cies
Grass,1926,8,12,0,cies
Grass,1926,8,3,12,cies
Grass,1926,8,6,29,cies
Grass,1926,8,9,0,cies
HydroRipVeg,100,8,1,1,cies
HydroRipVeg,100,8,12,0,cies
HydroRipVeg,100,8,3,24,cies
HydroRipVeg,100,8,6,3,cies
HydroRipVeg,100,8,9,0,cies
MedSclF,18,8,1,0,cies
MedSclF,18,8,12,0,cies
MedSclF,18,8,3,0,cies
MedSclF,18,8,6,0,cies
MedSclF,18,8,9,0,cies
Reforestation,2902,8,1,93,cies
Reforestation,2902,8,12,1,cies
Reforestation,2902,8,3,115,cies
Reforestation,2902,8,6,47,cies
Reforestation,2902,8,9,2,cies
RipF,133,8,1,1,cies
RipF,133,8,12,0,cies
RipF,133,8,3,7,cies
RipF,133,8,6,6,cies
RipF,133,8,9,0,cies
RockScreeVeg,28,8,1,0,cies
RockScreeVeg,28,8,12,0,cies
RockScreeVeg,28,8,3,0,cies
RockScreeVeg,28,8,6,0,cies
RockScreeVeg,28,8,9,0,cies
SaltMar,253,8,1,0,cies
SaltMar,253,8,12,1,cies
SaltMar,253,8,3,1,cies
SaltMar,253,8,6,9,cies
SaltMar,253,8,9,0,cies
Shrub,772,8,1,4,cies
Shrub,772,8,12,0,cies
Shrub,772,8,3,36,cies
Shrub,772,8,6,13,cies
Shrub,772,8,9,0,cies
SMedMarF,2,8,1,0,cies
SMedMarF,2,8,12,0,cies
SMedMarF,2,8,3,0,cies
SMedMarF,2,8,6,0,cies
SMedMarF,2,8,9,0,cies
TempDecF,261,8,1,0,cies
TempDecF,261,8,12,0,cies
TempDecF,261,8,3,0,cies
TempDecF,261,8,6,3,cies
TempDecF,261,8,9,0,cies
WaterSurf,95,8,1,0,cies
WaterSurf,95,8,12,0,cies
WaterSurf,95,8,3,0,cies
WaterSurf,95,8,6,2,cies
WaterSurf,95,8,9,0,cies
ArtSurf,329,9,1,0,cies
ArtSurf,329,9,12,0,cies
ArtSurf,329,9,3,0,cies
ArtSurf,329,9,6,0,cies
ArtSurf,329,9,9,0,cies
AtlScrub,5686,9,1,0,cies
AtlScrub,5686,9,12,0,cies
AtlScrub,5686,9,3,0,cies
AtlScrub,5686,9,6,0,cies
AtlScrub,5686,9,9,0,cies
BareArea,3742,9,1,0,cies
BareArea,3742,9,12,0,cies
BareArea,3742,9,3,0,cies
BareArea,3742,9,6,0,cies
BareArea,3742,9,9,0,cies
Crop,3,9,1,0,cies
Crop,3,9,12,0,cies
Crop,3,9,3,0,cies
Crop,3,9,6,0,cies
Crop,3,9,9,0,cies
DuneSand,232,9,1,0,cies
DuneSand,232,9,12,0,cies
DuneSand,232,9,3,0,cies
DuneSand,232,9,6,0,cies
DuneSand,232,9,9,0,cies
Grass,1926,9,1,0,cies
Grass,1926,9,12,0,cies
Grass,1926,9,3,0,cies
Grass,1926,9,6,0,cies
Grass,1926,9,9,0,cies
HydroRipVeg,100,9,1,0,cies
HydroRipVeg,100,9,12,0,cies
HydroRipVeg,100,9,3,0,cies
HydroRipVeg,100,9,6,0,cies
HydroRipVeg,100,9,9,0,cies
MedSclF,18,9,1,0,cies
MedSclF,18,9,12,0,cies
MedSclF,18,9,3,0,cies
MedSclF,18,9,6,0,cies
MedSclF,18,9,9,0,cies
Reforestation,2902,9,1,0,cies
Reforestation,2902,9,12,0,cies
Reforestation,2902,9,3,0,cies
Reforestation,2902,9,6,0,cies
Reforestation,2902,9,9,0,cies
RipF,133,9,1,0,cies
RipF,133,9,12,0,cies
RipF,133,9,3,0,cies
RipF,133,9,6,0,cies
RipF,133,9,9,0,cies
RockScreeVeg,28,9,1,0,cies
RockScreeVeg,28,9,12,0,cies
RockScreeVeg,28,9,3,0,cies
RockScreeVeg,28,9,6,0,cies
RockScreeVeg,28,9,9,0,cies
SaltMar,253,9,1,0,cies
SaltMar,253,9,12,0,cies
SaltMar,253,9,3,0,cies
SaltMar,253,9,6,0,cies
SaltMar,253,9,9,0,cies
Shrub,772,9,1,0,cies
Shrub,772,9,12,0,cies
Shrub,772,9,3,0,cies
Shrub,772,9,6,0,cies
Shrub,772,9,9,0,cies
SMedMarF,2,9,1,0,cies
SMedMarF,2,9,12,0,cies
SMedMarF,2,9,3,0,cies
SMedMarF,2,9,6,0,cies
SMedMarF,2,9,9,0,cies
TempDecF,261,9,1,0,cies
TempDecF,261,9,12,0,cies
TempDecF,261,9,3,0,cies
TempDecF,261,9,6,0,cies
TempDecF,261,9,9,0,cies
WaterSurf,95,9,1,0,cies
WaterSurf,95,9,12,0,cies
WaterSurf,95,9,3,0,cies
WaterSurf,95,9,6,0,cies
WaterSurf,95,9,9,0,cies
ArtSurf,329,10,1,0,cies
ArtSurf,329,10,12,0,cies
ArtSurf,329,10,3,0,cies
ArtSurf,329,10,6,0,cies
ArtSurf,329,10,9,0,cies
AtlScrub,5686,10,1,0,cies
AtlScrub,5686,10,12,0,cies
AtlScrub,5686,10,3,0,cies
AtlScrub,5686,10,6,0,cies
AtlScrub,5686,10,9,0,cies
BareArea,3742,10,1,0,cies
BareArea,3742,10,12,0,cies
BareArea,3742,10,3,0,cies
BareArea,3742,10,6,0,cies
BareArea,3742,10,9,0,cies
Crop,3,10,1,0,cies
Crop,3,10,12,0,cies
Crop,3,10,3,0,cies
Crop,3,10,6,0,cies
Crop,3,10,9,0,cies
DuneSand,232,10,1,0,cies
DuneSand,232,10,12,0,cies
DuneSand,232,10,3,0,cies
DuneSand,232,10,6,0,cies
DuneSand,232,10,9,0,cies
Grass,1926,10,1,0,cies
Grass,1926,10,12,0,cies
Grass,1926,10,3,0,cies
Grass,1926,10,6,0,cies
Grass,1926,10,9,0,cies
HydroRipVeg,100,10,1,0,cies
HydroRipVeg,100,10,12,0,cies
HydroRipVeg,100,10,3,0,cies
HydroRipVeg,100,10,6,0,cies
HydroRipVeg,100,10,9,0,cies
MedSclF,18,10,1,0,cies
MedSclF,18,10,12,0,cies
MedSclF,18,10,3,0,cies
MedSclF,18,10,6,0,cies
MedSclF,18,10,9,0,cies
Reforestation,2902,10,1,0,cies
Reforestation,2902,10,12,0,cies
Reforestation,2902,10,3,0,cies
Reforestation,2902,10,6,0,cies
Reforestation,2902,10,9,0,cies
RipF,133,10,1,0,cies
RipF,133,10,12,0,cies
RipF,133,10,3,0,cies
RipF,133,10,6,0,cies
RipF,133,10,9,0,cies
RockScreeVeg,28,10,1,0,cies
RockScreeVeg,28,10,12,0,cies
RockScreeVeg,28,10,3,0,cies
RockScreeVeg,28,10,6,0,cies
RockScreeVeg,28,10,9,0,cies
SaltMar,253,10,1,0,cies
SaltMar,253,10,12,0,cies
SaltMar,253,10,3,0,cies
SaltMar,253,10,6,0,cies
SaltMar,253,10,9,0,cies
Shrub,772,10,1,0,cies
Shrub,772,10,12,0,cies
Shrub,772,10,3,0,cies
Shrub,772,10,6,0,cies
Shrub,772,10,9,0,cies
SMedMarF,2,10,1,0,cies
SMedMarF,2,10,12,0,cies
SMedMarF,2,10,3,0,cies
SMedMarF,2,10,6,0,cies
SMedMarF,2,10,9,0,cies
TempDecF,261,10,1,0,cies
TempDecF,261,10,12,0,cies
TempDecF,261,10,3,0,cies
TempDecF,261,10,6,0,cies
TempDecF,261,10,9,0,cies
WaterSurf,95,10,1,0,cies
WaterSurf,95,10,12,0,cies
WaterSurf,95,10,3,0,cies
WaterSurf,95,10,6,0,cies
WaterSurf,95,10,9,0,cies
ArtSurf,329,11,1,0,cies
ArtSurf,329,11,12,0,cies
ArtSurf,329,11,3,0,cies
ArtSurf,329,11,6,0,cies
ArtSurf,329,11,9,0,cies
AtlScrub,5686,11,1,0,cies
AtlScrub,5686,11,12,0,cies
AtlScrub,5686,11,3,0,cies
AtlScrub,5686,11,6,0,cies
AtlScrub,5686,11,9,0,cies
BareArea,3742,11,1,0,cies
BareArea,3742,11,12,0,cies
BareArea,3742,11,3,1,cies
BareArea,3742,11,6,0,cies
BareArea,3742,11,9,0,cies
Crop,3,11,1,0,cies
Crop,3,11,12,0,cies
Crop,3,11,3,0,cies
Crop,3,11,6,0,cies
Crop,3,11,9,0,cies
DuneSand,232,11,1,0,cies
DuneSand,232,11,12,0,cies
DuneSand,232,11,3,0,cies
DuneSand,232,11,6,0,cies
DuneSand,232,11,9,0,cies
Grass,1926,11,1,0,cies
Grass,1926,11,12,0,cies
Grass,1926,11,3,0,cies
Grass,1926,11,6,0,cies
Grass,1926,11,9,0,cies
HydroRipVeg,100,11,1,0,cies
HydroRipVeg,100,11,12,0,cies
HydroRipVeg,100,11,3,0,cies
HydroRipVeg,100,11,6,0,cies
HydroRipVeg,100,11,9,0,cies
MedSclF,18,11,1,0,cies
MedSclF,18,11,12,0,cies
MedSclF,18,11,3,0,cies
MedSclF,18,11,6,0,cies
MedSclF,18,11,9,0,cies
Reforestation,2902,11,1,0,cies
Reforestation,2902,11,12,0,cies
Reforestation,2902,11,3,0,cies
Reforestation,2902,11,6,0,cies
Reforestation,2902,11,9,0,cies
RipF,133,11,1,0,cies
RipF,133,11,12,0,cies
RipF,133,11,3,0,cies
RipF,133,11,6,0,cies
RipF,133,11,9,0,cies
RockScreeVeg,28,11,1,0,cies
RockScreeVeg,28,11,12,0,cies
RockScreeVeg,28,11,3,0,cies
RockScreeVeg,28,11,6,0,cies
RockScreeVeg,28,11,9,0,cies
SaltMar,253,11,1,0,cies
SaltMar,253,11,12,0,cies
SaltMar,253,11,3,0,cies
SaltMar,253,11,6,0,cies
SaltMar,253,11,9,0,cies
Shrub,772,11,1,0,cies
Shrub,772,11,12,0,cies
Shrub,772,11,3,0,cies
Shrub,772,11,6,0,cies
Shrub,772,11,9,0,cies
SMedMarF,2,11,1,0,cies
SMedMarF,2,11,12,0,cies
SMedMarF,2,11,3,0,cies
SMedMarF,2,11,6,0,cies
SMedMarF,2,11,9,0,cies
TempDecF,261,11,1,0,cies
TempDecF,261,11,12,0,cies
TempDecF,261,11,3,0,cies
TempDecF,261,11,6,0,cies
TempDecF,261,11,9,0,cies
WaterSurf,95,11,1,0,cies
WaterSurf,95,11,12,0,cies
WaterSurf,95,11,3,0,cies
WaterSurf,95,11,6,0,cies
WaterSurf,95,11,9,0,cies
ArtSurf,329,12,1,0,cies
ArtSurf,329,12,12,0,cies
ArtSurf,329,12,3,0,cies
ArtSurf,329,12,6,0,cies
ArtSurf,329,12,9,0,cies
AtlScrub,5686,12,1,0,cies
AtlScrub,5686,12,12,0,cies
AtlScrub,5686,12,3,0,cies
AtlScrub,5686,12,6,0,cies
AtlScrub,5686,12,9,0,cies
BareArea,3742,12,1,0,cies
BareArea,3742,12,12,0,cies
BareArea,3742,12,3,0,cies
BareArea,3742,12,6,0,cies
BareArea,3742,12,9,0,cies
Crop,3,12,1,0,cies
Crop,3,12,12,0,cies
Crop,3,12,3,0,cies
Crop,3,12,6,0,cies
Crop,3,12,9,0,cies
DuneSand,232,12,1,0,cies
DuneSand,232,12,12,0,cies
DuneSand,232,12,3,0,cies
DuneSand,232,12,6,0,cies
DuneSand,232,12,9,0,cies
Grass,1926,12,1,0,cies
Grass,1926,12,12,0,cies
Grass,1926,12,3,0,cies
Grass,1926,12,6,0,cies
Grass,1926,12,9,0,cies
HydroRipVeg,100,12,1,0,cies
HydroRipVeg,100,12,12,0,cies
HydroRipVeg,100,12,3,0,cies
HydroRipVeg,100,12,6,0,cies
HydroRipVeg,100,12,9,0,cies
MedSclF,18,12,1,0,cies
MedSclF,18,12,12,0,cies
MedSclF,18,12,3,0,cies
MedSclF,18,12,6,0,cies
MedSclF,18,12,9,0,cies
Reforestation,2902,12,1,0,cies
Reforestation,2902,12,12,0,cies
Reforestation,2902,12,3,0,cies
Reforestation,2902,12,6,0,cies
Reforestation,2902,12,9,0,cies
RipF,133,12,1,0,cies
RipF,133,12,12,0,cies
RipF,133,12,3,0,cies
RipF,133,12,6,0,cies
RipF,133,12,9,0,cies
RockScreeVeg,28,12,1,0,cies
RockScreeVeg,28,12,12,0,cies
RockScreeVeg,28,12,3,0,cies
RockScreeVeg,28,12,6,0,cies
RockScreeVeg,28,12,9,0,cies
SaltMar,253,12,1,0,cies
SaltMar,253,12,12,0,cies
SaltMar,253,12,3,0,cies
SaltMar,253,12,6,0,cies
SaltMar,253,12,9,0,cies
Shrub,772,12,1,0,cies
Shrub,772,12,12,0,cies
Shrub,772,12,3,0,cies
Shrub,772,12,6,0,cies
Shrub,772,12,9,0,cies
SMedMarF,2,12,1,0,cies
SMedMarF,2,12,12,0,cies
SMedMarF,2,12,3,0,cies
SMedMarF,2,12,6,0,cies
SMedMarF,2,12,9,0,cies
TempDecF,261,12,1,0,cies
TempDecF,261,12,12,0,cies
TempDecF,261,12,3,0,cies
TempDecF,261,12,6,0,cies
TempDecF,261,12,9,0,cies
WaterSurf,95,12,1,0,cies
WaterSurf,95,12,12,0,cies
WaterSurf,95,12,3,0,cies
WaterSurf,95,12,6,0,cies
WaterSurf,95,12,9,0,cies
ArtSurf,2849,1,1,0,monfrague
ArtSurf,2849,1,12,0,monfrague
ArtSurf,2849,1,3,0,monfrague
ArtSurf,2849,1,6,0,monfrague
ArtSurf,2849,1,9,0,monfrague
Crop,1332,1,1,0,monfrague
Crop,1332,1,12,0,monfrague
Crop,1332,1,3,0,monfrague
Crop,1332,1,6,0,monfrague
Crop,1332,1,9,0,monfrague
Dehesa,17271,1,1,0,monfrague
Dehesa,17271,1,12,0,monfrague
Dehesa,17271,1,3,0,monfrague
Dehesa,17271,1,6,0,monfrague
Dehesa,17271,1,9,0,monfrague
Grass,5942,1,1,0,monfrague
Grass,5942,1,12,0,monfrague
Grass,5942,1,3,0,monfrague
Grass,5942,1,6,0,monfrague
Grass,5942,1,9,0,monfrague
HydroRipVeg,2264,1,1,0,monfrague
HydroRipVeg,2264,1,12,0,monfrague
HydroRipVeg,2264,1,3,0,monfrague
HydroRipVeg,2264,1,6,0,monfrague
HydroRipVeg,2264,1,9,0,monfrague
MedSclF,34504,1,1,0,monfrague
MedSclF,34504,1,12,0,monfrague
MedSclF,34504,1,3,0,monfrague
MedSclF,34504,1,6,0,monfrague
MedSclF,34504,1,9,0,monfrague
MedScrub,121317,1,1,0,monfrague
MedScrub,121317,1,12,0,monfrague
MedScrub,121317,1,3,0,monfrague
MedScrub,121317,1,6,0,monfrague
MedScrub,121317,1,9,0,monfrague
Reforestation,22719,1,1,0,monfrague
Reforestation,22719,1,12,0,monfrague
Reforestation,22719,1,3,0,monfrague
Reforestation,22719,1,6,0,monfrague
Reforestation,22719,1,9,0,monfrague
RipF,1179,1,1,0,monfrague
RipF,1179,1,12,0,monfrague
RipF,1179,1,3,0,monfrague
RipF,1179,1,6,0,monfrague
RipF,1179,1,9,0,monfrague
RockScreeVeg,16028,1,1,0,monfrague
RockScreeVeg,16028,1,12,0,monfrague
RockScreeVeg,16028,1,3,0,monfrague
RockScreeVeg,16028,1,6,0,monfrague
RockScreeVeg,16028,1,9,0,monfrague
Shrub,13653,1,1,0,monfrague
Shrub,13653,1,12,0,monfrague
Shrub,13653,1,3,0,monfrague
Shrub,13653,1,6,0,monfrague
Shrub,13653,1,9,0,monfrague
SMedMarF,6002,1,1,0,monfrague
SMedMarF,6002,1,12,0,monfrague
SMedMarF,6002,1,3,0,monfrague
SMedMarF,6002,1,6,0,monfrague
SMedMarF,6002,1,9,0,monfrague
WaterSurf,15572,1,1,0,monfrague
WaterSurf,15572,1,12,0,monfrague
WaterSurf,15572,1,3,0,monfrague
WaterSurf,15572,1,6,0,monfrague
WaterSurf,15572,1,9,0,monfrague
ArtSurf,2849,2,1,0,monfrague
ArtSurf,2849,2,12,0,monfrague
ArtSurf,2849,2,3,1,monfrague
ArtSurf,2849,2,6,0,monfrague
ArtSurf,2849,2,9,0,monfrague
Crop,1332,2,1,0,monfrague
Crop,1332,2,12,0,monfrague
Crop,1332,2,3,0,monfrague
Crop,1332,2,6,0,monfrague
Crop,1332,2,9,0,monfrague
Dehesa,17271,2,1,0,monfrague
Dehesa,17271,2,12,0,monfrague
Dehesa,17271,2,3,0,monfrague
Dehesa,17271,2,6,0,monfrague
Dehesa,17271,2,9,0,monfrague
Grass,5942,2,1,0,monfrague
Grass,5942,2,12,0,monfrague
Grass,5942,2,3,1,monfrague
Grass,5942,2,6,0,monfrague
Grass,5942,2,9,0,monfrague
HydroRipVeg,2264,2,1,0,monfrague
HydroRipVeg,2264,2,12,0,monfrague
HydroRipVeg,2264,2,3,0,monfrague
HydroRipVeg,2264,2,6,0,monfrague
HydroRipVeg,2264,2,9,0,monfrague
MedSclF,34504,2,1,0,monfrague
MedSclF,34504,2,12,2,monfrague
MedSclF,34504,2,3,0,monfrague
MedSclF,34504,2,6,0,monfrague
MedSclF,34504,2,9,0,monfrague
MedScrub,121317,2,1,0,monfrague
MedScrub,121317,2,12,0,monfrague
MedScrub,121317,2,3,0,monfrague
MedScrub,121317,2,6,0,monfrague
MedScrub,121317,2,9,0,monfrague
Reforestation,22719,2,1,0,monfrague
Reforestation,22719,2,12,0,monfrague
Reforestation,22719,2,3,0,monfrague
Reforestation,22719,2,6,0,monfrague
Reforestation,22719,2,9,0,monfrague
RipF,1179,2,1,0,monfrague
RipF,1179,2,12,0,monfrague
RipF,1179,2,3,0,monfrague
RipF,1179,2,6,0,monfrague
RipF,1179,2,9,0,monfrague
RockScreeVeg,16028,2,1,0,monfrague
RockScreeVeg,16028,2,12,0,monfrague
RockScreeVeg,16028,2,3,0,monfrague
RockScreeVeg,16028,2,6,0,monfrague
RockScreeVeg,16028,2,9,0,monfrague
Shrub,13653,2,1,0,monfrague
Shrub,13653,2,12,0,monfrague
Shrub,13653,2,3,0,monfrague
Shrub,13653,2,6,0,monfrague
Shrub,13653,2,9,0,monfrague
SMedMarF,6002,2,1,0,monfrague
SMedMarF,6002,2,12,0,monfrague
SMedMarF,6002,2,3,0,monfrague
SMedMarF,6002,2,6,0,monfrague
SMedMarF,6002,2,9,0,monfrague
WaterSurf,15572,2,1,0,monfrague
WaterSurf,15572,2,12,17,monfrague
WaterSurf,15572,2,3,122,monfrague
WaterSurf,15572,2,6,19,monfrague
WaterSurf,15572,2,9,6,monfrague
ArtSurf,2849,3,1,0,monfrague
ArtSurf,2849,3,12,0,monfrague
ArtSurf,2849,3,3,0,monfrague
ArtSurf,2849,3,6,0,monfrague
ArtSurf,2849,3,9,0,monfrague
Crop,1332,3,1,0,monfrague
Crop,1332,3,12,0,monfrague
Crop,1332,3,3,0,monfrague
Crop,1332,3,6,0,monfrague
Crop,1332,3,9,0,monfrague
Dehesa,17271,3,1,0,monfrague
Dehesa,17271,3,12,0,monfrague
Dehesa,17271,3,3,0,monfrague
Dehesa,17271,3,6,0,monfrague
Dehesa,17271,3,9,0,monfrague
Grass,5942,3,1,0,monfrague
Grass,5942,3,12,0,monfrague
Grass,5942,3,3,0,monfrague
Grass,5942,3,6,0,monfrague
Grass,5942,3,9,0,monfrague
HydroRipVeg,2264,3,1,0,monfrague
HydroRipVeg,2264,3,12,0,monfrague
HydroRipVeg,2264,3,3,0,monfrague
HydroRipVeg,2264,3,6,0,monfrague
HydroRipVeg,2264,3,9,0,monfrague
MedSclF,34504,3,1,0,monfrague
MedSclF,34504,3,12,0,monfrague
MedSclF,34504,3,3,0,monfrague
MedSclF,34504,3,6,0,monfrague
MedSclF,34504,3,9,0,monfrague
MedScrub,121317,3,1,0,monfrague
MedScrub,121317,3,12,0,monfrague
MedScrub,121317,3,3,0,monfrague
MedScrub,121317,3,6,0,monfrague
MedScrub,121317,3,9,0,monfrague
Reforestation,22719,3,1,0,monfrague
Reforestation,22719,3,12,0,monfrague
Reforestation,22719,3,3,0,monfrague
Reforestation,22719,3,6,0,monfrague
Reforestation,22719,3,9,0,monfrague
RipF,1179,3,1,0,monfrague
RipF,1179,3,12,0,monfrague
RipF,1179,3,3,0,monfrague
RipF,1179,3,6,0,monfrague
RipF,1179,3,9,0,monfrague
RockScreeVeg,16028,3,1,0,monfrague
RockScreeVeg,16028,3,12,0,monfrague
RockScreeVeg,16028,3,3,0,monfrague
RockScreeVeg,16028,3,6,0,monfrague
RockScreeVeg,16028,3,9,0,monfrague
Shrub,13653,3,1,0,monfrague
Shrub,13653,3,12,0,monfrague
Shrub,13653,3,3,0,monfrague
Shrub,13653,3,6,0,monfrague
Shrub,13653,3,9,0,monfrague
SMedMarF,6002,3,1,0,monfrague
SMedMarF,6002,3,12,0,monfrague
SMedMarF,6002,3,3,0,monfrague
SMedMarF,6002,3,6,0,monfrague
SMedMarF,6002,3,9,0,monfrague
WaterSurf,15572,3,1,0,monfrague
WaterSurf,15572,3,12,0,monfrague
WaterSurf,15572,3,3,0,monfrague
WaterSurf,15572,3,6,0,monfrague
WaterSurf,15572,3,9,0,monfrague
ArtSurf,2849,4,1,0,monfrague
ArtSurf,2849,4,12,0,monfrague
ArtSurf,2849,4,3,0,monfrague
ArtSurf,2849,4,6,0,monfrague
ArtSurf,2849,4,9,0,monfrague
Crop,1332,4,1,0,monfrague
Crop,1332,4,12,0,monfrague
Crop,1332,4,3,0,monfrague
Crop,1332,4,6,0,monfrague
Crop,1332,4,9,0,monfrague
Dehesa,17271,4,1,0,monfrague
Dehesa,17271,4,12,0,monfrague
Dehesa,17271,4,3,0,monfrague
Dehesa,17271,4,6,0,monfrague
Dehesa,17271,4,9,0,monfrague
Grass,5942,4,1,0,monfrague
Grass,5942,4,12,0,monfrague
Grass,5942,4,3,0,monfrague
Grass,5942,4,6,0,monfrague
Grass,5942,4,9,0,monfrague
HydroRipVeg,2264,4,1,0,monfrague
HydroRipVeg,2264,4,12,0,monfrague
HydroRipVeg,2264,4,3,0,monfrague
HydroRipVeg,2264,4,6,0,monfrague
HydroRipVeg,2264,4,9,0,monfrague
MedSclF,34504,4,1,0,monfrague
MedSclF,34504,4,12,0,monfrague
MedSclF,34504,4,3,0,monfrague
MedSclF,34504,4,6,0,monfrague
MedSclF,34504,4,9,0,monfrague
MedScrub,121317,4,1,0,monfrague
MedScrub,121317,4,12,0,monfrague
MedScrub,121317,4,3,0,monfrague
MedScrub,121317,4,6,0,monfrague
MedScrub,121317,4,9,0,monfrague
Reforestation,22719,4,1,0,monfrague
Reforestation,22719,4,12,0,monfrague
Reforestation,22719,4,3,0,monfrague
Reforestation,22719,4,6,0,monfrague
Reforestation,22719,4,9,0,monfrague
RipF,1179,4,1,0,monfrague
RipF,1179,4,12,0,monfrague
RipF,1179,4,3,0,monfrague
RipF,1179,4,6,0,monfrague
RipF,1179,4,9,0,monfrague
RockScreeVeg,16028,4,1,0,monfrague
RockScreeVeg,16028,4,12,0,monfrague
RockScreeVeg,16028,4,3,0,monfrague
RockScreeVeg,16028,4,6,0,monfrague
RockScreeVeg,16028,4,9,0,monfrague
Shrub,13653,4,1,0,monfrague
Shrub,13653,4,12,0,monfrague
Shrub,13653,4,3,0,monfrague
Shrub,13653,4,6,0,monfrague
Shrub,13653,4,9,0,monfrague
SMedMarF,6002,4,1,0,monfrague
SMedMarF,6002,4,12,0,monfrague
SMedMarF,6002,4,3,0,monfrague
SMedMarF,6002,4,6,0,monfrague
SMedMarF,6002,4,9,0,monfrague
WaterSurf,15572,4,1,0,monfrague
WaterSurf,15572,4,12,0,monfrague
WaterSurf,15572,4,3,0,monfrague
WaterSurf,15572,4,6,0,monfrague
WaterSurf,15572,4,9,0,monfrague
ArtSurf,2849,5,1,0,monfrague
ArtSurf,2849,5,12,0,monfrague
ArtSurf,2849,5,3,0,monfrague
ArtSurf,2849,5,6,0,monfrague
ArtSurf,2849,5,9,0,monfrague
Crop,1332,5,1,0,monfrague
Crop,1332,5,12,0,monfrague
Crop,1332,5,3,0,monfrague
Crop,1332,5,6,0,monfrague
Crop,1332,5,9,0,monfrague
Dehesa,17271,5,1,0,monfrague
Dehesa,17271,5,12,0,monfrague
Dehesa,17271,5,3,0,monfrague
Dehesa,17271,5,6,0,monfrague
Dehesa,17271,5,9,0,monfrague
Grass,5942,5,1,0,monfrague
Grass,5942,5,12,0,monfrague
Grass,5942,5,3,0,monfrague
Grass,5942,5,6,0,monfrague
Grass,5942,5,9,0,monfrague
HydroRipVeg,2264,5,1,0,monfrague
HydroRipVeg,2264,5,12,0,monfrague
HydroRipVeg,2264,5,3,0,monfrague
HydroRipVeg,2264,5,6,0,monfrague
HydroRipVeg,2264,5,9,0,monfrague
MedSclF,34504,5,1,0,monfrague
MedSclF,34504,5,12,0,monfrague
MedSclF,34504,5,3,0,monfrague
MedSclF,34504,5,6,0,monfrague
MedSclF,34504,5,9,0,monfrague
MedScrub,121317,5,1,0,monfrague
MedScrub,121317,5,12,0,monfrague
MedScrub,121317,5,3,0,monfrague
MedScrub,121317,5,6,0,monfrague
MedScrub,121317,5,9,0,monfrague
Reforestation,22719,5,1,0,monfrague
Reforestation,22719,5,12,0,monfrague
Reforestation,22719,5,3,0,monfrague
Reforestation,22719,5,6,0,monfrague
Reforestation,22719,5,9,0,monfrague
RipF,1179,5,1,0,monfrague
RipF,1179,5,12,0,monfrague
RipF,1179,5,3,0,monfrague
RipF,1179,5,6,0,monfrague
RipF,1179,5,9,0,monfrague
RockScreeVeg,16028,5,1,0,monfrague
RockScreeVeg,16028,5,12,0,monfrague
RockScreeVeg,16028,5,3,0,monfrague
RockScreeVeg,16028,5,6,0,monfrague
RockScreeVeg,16028,5,9,0,monfrague
Shrub,13653,5,1,0,monfrague
Shrub,13653,5,12,0,monfrague
Shrub,13653,5,3,0,monfrague
Shrub,13653,5,6,0,monfrague
Shrub,13653,5,9,0,monfrague
SMedMarF,6002,5,1,0,monfrague
SMedMarF,6002,5,12,0,monfrague
SMedMarF,6002,5,3,0,monfrague
SMedMarF,6002,5,6,0,monfrague
SMedMarF,6002,5,9,0,monfrague
WaterSurf,15572,5,1,0,monfrague
WaterSurf,15572,5,12,0,monfrague
WaterSurf,15572,5,3,0,monfrague
WaterSurf,15572,5,6,0,monfrague
WaterSurf,15572,5,9,0,monfrague
ArtSurf,2849,6,1,0,monfrague
ArtSurf,2849,6,12,0,monfrague
ArtSurf,2849,6,3,0,monfrague
ArtSurf,2849,6,6,0,monfrague
ArtSurf,2849,6,9,0,monfrague
Crop,1332,6,1,0,monfrague
Crop,1332,6,12,0,monfrague
Crop,1332,6,3,0,monfrague
Crop,1332,6,6,0,monfrague
Crop,1332,6,9,0,monfrague
Dehesa,17271,6,1,0,monfrague
Dehesa,17271,6,12,0,monfrague
Dehesa,17271,6,3,0,monfrague
Dehesa,17271,6,6,0,monfrague
Dehesa,17271,6,9,0,monfrague
Grass,5942,6,1,0,monfrague
Grass,5942,6,12,0,monfrague
Grass,5942,6,3,0,monfrague
Grass,5942,6,6,0,monfrague
Grass,5942,6,9,0,monfrague
HydroRipVeg,2264,6,1,0,monfrague
HydroRipVeg,2264,6,12,0,monfrague
HydroRipVeg,2264,6,3,0,monfrague
HydroRipVeg,2264,6,6,0,monfrague
HydroRipVeg,2264,6,9,0,monfrague
MedSclF,34504,6,1,0,monfrague
MedSclF,34504,6,12,0,monfrague
MedSclF,34504,6,3,0,monfrague
MedSclF,34504,6,6,0,monfrague
MedSclF,34504,6,9,0,monfrague
MedScrub,121317,6,1,0,monfrague
MedScrub,121317,6,12,0,monfrague
MedScrub,121317,6,3,0,monfrague
MedScrub,121317,6,6,0,monfrague
MedScrub,121317,6,9,0,monfrague
Reforestation,22719,6,1,0,monfrague
Reforestation,22719,6,12,0,monfrague
Reforestation,22719,6,3,0,monfrague
Reforestation,22719,6,6,0,monfrague
Reforestation,22719,6,9,0,monfrague
RipF,1179,6,1,0,monfrague
RipF,1179,6,12,0,monfrague
RipF,1179,6,3,0,monfrague
RipF,1179,6,6,0,monfrague
RipF,1179,6,9,0,monfrague
RockScreeVeg,16028,6,1,0,monfrague
RockScreeVeg,16028,6,12,0,monfrague
RockScreeVeg,16028,6,3,0,monfrague
RockScreeVeg,16028,6,6,0,monfrague
RockScreeVeg,16028,6,9,0,monfrague
Shrub,13653,6,1,0,monfrague
Shrub,13653,6,12,0,monfrague
Shrub,13653,6,3,0,monfrague
Shrub,13653,6,6,0,monfrague
Shrub,13653,6,9,0,monfrague
SMedMarF,6002,6,1,0,monfrague
SMedMarF,6002,6,12,0,monfrague
SMedMarF,6002,6,3,0,monfrague
SMedMarF,6002,6,6,0,monfrague
SMedMarF,6002,6,9,0,monfrague
WaterSurf,15572,6,1,0,monfrague
WaterSurf,15572,6,12,0,monfrague
WaterSurf,15572,6,3,0,monfrague
WaterSurf,15572,6,6,0,monfrague
WaterSurf,15572,6,9,0,monfrague
ArtSurf,2849,7,1,51,monfrague
ArtSurf,2849,7,12,0,monfrague
ArtSurf,2849,7,3,325,monfrague
ArtSurf,2849,7,6,0,monfrague
ArtSurf,2849,7,9,0,monfrague
Crop,1332,7,1,5,monfrague
Crop,1332,7,12,0,monfrague
Crop,1332,7,3,159,monfrague
Crop,1332,7,6,0,monfrague
Crop,1332,7,9,0,monfrague
Dehesa,17271,7,1,842,monfrague
Dehesa,17271,7,12,0,monfrague
Dehesa,17271,7,3,3378,monfrague
Dehesa,17271,7,6,0,monfrague
Dehesa,17271,7,9,0,monfrague
Grass,5942,7,1,67,monfrague
Grass,5942,7,12,0,monfrague
Grass,5942,7,3,1211,monfrague
Grass,5942,7,6,5,monfrague
Grass,5942,7,9,0,monfrague
HydroRipVeg,2264,7,1,54,monfrague
HydroRipVeg,2264,7,12,0,monfrague
HydroRipVeg,2264,7,3,163,monfrague
HydroRipVeg,2264,7,6,1,monfrague
HydroRipVeg,2264,7,9,0,monfrague
MedSclF,34504,7,1,810,monfrague
MedSclF,34504,7,12,0,monfrague
MedSclF,34504,7,3,9377,monfrague
MedSclF,34504,7,6,0,monfrague
MedSclF,34504,7,9,0,monfrague
MedScrub,121317,7,1,3775,monfrague
MedScrub,121317,7,12,0,monfrague
MedScrub,121317,7,3,29521,monfrague
MedScrub,121317,7,6,4,monfrague
MedScrub,121317,7,9,0,monfrague
Reforestation,22719,7,1,170,monfrague
Reforestation,22719,7,12,0,monfrague
Reforestation,22719,7,3,972,monfrague
Reforestation,22719,7,6,0,monfrague
Reforestation,22719,7,9,0,monfrague
RipF,1179,7,1,13,monfrague
RipF,1179,7,12,0,monfrague
RipF,1179,7,3,145,monfrague
RipF,1179,7,6,0,monfrague
RipF,1179,7,9,0,monfrague
RockScreeVeg,16028,7,1,452,monfrague
RockScreeVeg,16028,7,12,0,monfrague
RockScreeVeg,16028,7,3,3471,monfrague
RockScreeVeg,16028,7,6,1,monfrague
RockScreeVeg,16028,7,9,0,monfrague
Shrub,13653,7,1,605,monfrague
Shrub,13653,7,12,0,monfrague
Shrub,13653,7,3,1659,monfrague
Shrub,13653,7,6,0,monfrague
Shrub,13653,7,9,0,monfrague
SMedMarF,6002,7,1,65,monfrague
SMedMarF,6002,7,12,0,monfrague
SMedMarF,6002,7,3,335,monfrague
SMedMarF,6002,7,6,0,monfrague
SMedMarF,6002,7,9,0,monfrague
WaterSurf,15572,7,1,476,monfrague
WaterSurf,15572,7,12,47,monfrague
WaterSurf,15572,7,3,277,monfrague
WaterSurf,15572,7,6,24,monfrague
WaterSurf,15572,7,9,12,monfrague
ArtSurf,2849,8,1,0,monfrague
ArtSurf,2849,8,12,0,monfrague
ArtSurf,2849,8,3,0,monfrague
ArtSurf,2849,8,6,0,monfrague
ArtSurf,2849,8,9,0,monfrague
Crop,1332,8,1,0,monfrague
Crop,1332,8,12,0,monfrague
Crop,1332,8,3,0,monfrague
Crop,1332,8,6,0,monfrague
Crop,1332,8,9,0,monfrague
Dehesa,17271,8,1,0,monfrague
Dehesa,17271,8,12,0,monfrague
Dehesa,17271,8,3,0,monfrague
Dehesa,17271,8,6,0,monfrague
Dehesa,17271,8,9,0,monfrague
Grass,5942,8,1,0,monfrague
Grass,5942,8,12,0,monfrague
Grass,5942,8,3,0,monfrague
Grass,5942,8,6,0,monfrague
Grass,5942,8,9,0,monfrague
HydroRipVeg,2264,8,1,0,monfrague
HydroRipVeg,2264,8,12,0,monfrague
HydroRipVeg,2264,8,3,0,monfrague
HydroRipVeg,2264,8,6,0,monfrague
HydroRipVeg,2264,8,9,0,monfrague
MedSclF,34504,8,1,0,monfrague
MedSclF,34504,8,12,0,monfrague
MedSclF,34504,8,3,0,monfrague
MedSclF,34504,8,6,0,monfrague
MedSclF,34504,8,9,0,monfrague
MedScrub,121317,8,1,0,monfrague
MedScrub,121317,8,12,0,monfrague
MedScrub,121317,8,3,0,monfrague
MedScrub,121317,8,6,0,monfrague
MedScrub,121317,8,9,0,monfrague
Reforestation,22719,8,1,0,monfrague
Reforestation,22719,8,12,0,monfrague
Reforestation,22719,8,3,0,monfrague
Reforestation,22719,8,6,0,monfrague
Reforestation,22719,8,9,0,monfrague
RipF,1179,8,1,0,monfrague
RipF,1179,8,12,0,monfrague
RipF,1179,8,3,0,monfrague
RipF,1179,8,6,0,monfrague
RipF,1179,8,9,0,monfrague
RockScreeVeg,16028,8,1,0,monfrague
RockScreeVeg,16028,8,12,0,monfrague
RockScreeVeg,16028,8,3,0,monfrague
RockScreeVeg,16028,8,6,0,monfrague
RockScreeVeg,16028,8,9,0,monfrague
Shrub,13653,8,1,0,monfrague
Shrub,13653,8,12,0,monfrague
Shrub,13653,8,3,0,monfrague
Shrub,13653,8,6,0,monfrague
Shrub,13653,8,9,0,monfrague
SMedMarF,6002,8,1,0,monfrague
SMedMarF,6002,8,12,0,monfrague
SMedMarF,6002,8,3,0,monfrague
SMedMarF,6002,8,6,0,monfrague
SMedMarF,6002,8,9,0,monfrague
WaterSurf,15572,8,1,0,monfrague
WaterSurf,15572,8,12,0,monfrague
WaterSurf,15572,8,3,0,monfrague
WaterSurf,15572,8,6,0,monfrague
WaterSurf,15572,8,9,0,monfrague
ArtSurf,2849,9,1,0,monfrague
ArtSurf,2849,9,12,0,monfrague
ArtSurf,2849,9,3,0,monfrague
ArtSurf,2849,9,6,0,monfrague
ArtSurf,2849,9,9,0,monfrague
Crop,1332,9,1,0,monfrague
Crop,1332,9,12,0,monfrague
Crop,1332,9,3,0,monfrague
Crop,1332,9,6,0,monfrague
Crop,1332,9,9,0,monfrague
Dehesa,17271,9,1,0,monfrague
Dehesa,17271,9,12,0,monfrague
Dehesa,17271,9,3,0,monfrague
Dehesa,17271,9,6,0,monfrague
Dehesa,17271,9,9,0,monfrague
Grass,5942,9,1,0,monfrague
Grass,5942,9,12,0,monfrague
Grass,5942,9,3,0,monfrague
Grass,5942,9,6,0,monfrague
Grass,5942,9,9,0,monfrague
HydroRipVeg,2264,9,1,0,monfrague
HydroRipVeg,2264,9,12,0,monfrague
HydroRipVeg,2264,9,3,0,monfrague
HydroRipVeg,2264,9,6,0,monfrague
HydroRipVeg,2264,9,9,0,monfrague
MedSclF,34504,9,1,0,monfrague
MedSclF,34504,9,12,0,monfrague
MedSclF,34504,9,3,0,monfrague
MedSclF,34504,9,6,0,monfrague
MedSclF,34504,9,9,0,monfrague
MedScrub,121317,9,1,0,monfrague
MedScrub,121317,9,12,0,monfrague
MedScrub,121317,9,3,0,monfrague
MedScrub,121317,9,6,0,monfrague
MedScrub,121317,9,9,0,monfrague
Reforestation,22719,9,1,0,monfrague
Reforestation,22719,9,12,0,monfrague
Reforestation,22719,9,3,0,monfrague
Reforestation,22719,9,6,0,monfrague
Reforestation,22719,9,9,0,monfrague
RipF,1179,9,1,0,monfrague
RipF,1179,9,12,0,monfrague
RipF,1179,9,3,0,monfrague
RipF,1179,9,6,0,monfrague
RipF,1179,9,9,0,monfrague
RockScreeVeg,16028,9,1,0,monfrague
RockScreeVeg,16028,9,12,0,monfrague
RockScreeVeg,16028,9,3,0,monfrague
RockScreeVeg,16028,9,6,0,monfrague
RockScreeVeg,16028,9,9,0,monfrague
Shrub,13653,9,1,0,monfrague
Shrub,13653,9,12,0,monfrague
Shrub,13653,9,3,0,monfrague
Shrub,13653,9,6,0,monfrague
Shrub,13653,9,9,0,monfrague
SMedMarF,6002,9,1,0,monfrague
SMedMarF,6002,9,12,0,monfrague
SMedMarF,6002,9,3,0,monfrague
SMedMarF,6002,9,6,0,monfrague
SMedMarF,6002,9,9,0,monfrague
WaterSurf,15572,9,1,0,monfrague
WaterSurf,15572,9,12,0,monfrague
WaterSurf,15572,9,3,0,monfrague
WaterSurf,15572,9,6,0,monfrague
WaterSurf,15572,9,9,0,monfrague
ArtSurf,2849,10,1,36,monfrague
ArtSurf,2849,10,12,0,monfrague
ArtSurf,2849,10,3,0,monfrague
ArtSurf,2849,10,6,564,monfrague
ArtSurf,2849,10,9,1,monfrague
Crop,1332,10,1,2,monfrague
Crop,1332,10,12,0,monfrague
Crop,1332,10,3,0,monfrague
Crop,1332,10,6,60,monfrague
Crop,1332,10,9,0,monfrague
Dehesa,17271,10,1,33,monfrague
Dehesa,17271,10,12,0,monfrague
Dehesa,17271,10,3,0,monfrague
Dehesa,17271,10,6,1704,monfrague
Dehesa,17271,10,9,3,monfrague
Grass,5942,10,1,3,monfrague
Grass,5942,10,12,0,monfrague
Grass,5942,10,3,0,monfrague
Grass,5942,10,6,403,monfrague
Grass,5942,10,9,3,monfrague
HydroRipVeg,2264,10,1,3,monfrague
HydroRipVeg,2264,10,12,4,monfrague
HydroRipVeg,2264,10,3,0,monfrague
HydroRipVeg,2264,10,6,47,monfrague
HydroRipVeg,2264,10,9,11,monfrague
MedSclF,34504,10,1,266,monfrague
MedSclF,34504,10,12,2,monfrague
MedSclF,34504,10,3,0,monfrague
MedSclF,34504,10,6,10673,monfrague
MedSclF,34504,10,9,30,monfrague
MedScrub,121317,10,1,1207,monfrague
MedScrub,121317,10,12,0,monfrague
MedScrub,121317,10,3,1,monfrague
MedScrub,121317,10,6,37377,monfrague
MedScrub,121317,10,9,14,monfrague
Reforestation,22719,10,1,153,monfrague
Reforestation,22719,10,12,0,monfrague
Reforestation,22719,10,3,0,monfrague
Reforestation,22719,10,6,3197,monfrague
Reforestation,22719,10,9,1,monfrague
RipF,1179,10,1,2,monfrague
RipF,1179,10,12,0,monfrague
RipF,1179,10,3,0,monfrague
RipF,1179,10,6,87,monfrague
RipF,1179,10,9,3,monfrague
RockScreeVeg,16028,10,1,251,monfrague
RockScreeVeg,16028,10,12,1,monfrague
RockScreeVeg,16028,10,3,1,monfrague
RockScreeVeg,16028,10,6,5914,monfrague
RockScreeVeg,16028,10,9,13,monfrague
Shrub,13653,10,1,68,monfrague
Shrub,13653,10,12,1,monfrague
Shrub,13653,10,3,1,monfrague
Shrub,13653,10,6,3256,monfrague
Shrub,13653,10,9,1,monfrague
SMedMarF,6002,10,1,12,monfrague
SMedMarF,6002,10,12,0,monfrague
SMedMarF,6002,10,3,0,monfrague
SMedMarF,6002,10,6,1622,monfrague
SMedMarF,6002,10,9,0,monfrague
WaterSurf,15572,10,1,210,monfrague
WaterSurf,15572,10,12,30,monfrague
WaterSurf,15572,10,3,22,monfrague
WaterSurf,15572,10,6,233,monfrague
WaterSurf,15572,10,9,36,monfrague
ArtSurf,2849,11,1,0,monfrague
ArtSurf,2849,11,12,0,monfrague
ArtSurf,2849,11,3,0,monfrague
ArtSurf,2849,11,6,0,monfrague
ArtSurf,2849,11,9,0,monfrague
Crop,1332,11,1,0,monfrague
Crop,1332,11,12,0,monfrague
Crop,1332,11,3,0,monfrague
Crop,1332,11,6,0,monfrague
Crop,1332,11,9,0,monfrague
Dehesa,17271,11,1,0,monfrague
Dehesa,17271,11,12,0,monfrague
Dehesa,17271,11,3,0,monfrague
Dehesa,17271,11,6,0,monfrague
Dehesa,17271,11,9,0,monfrague
Grass,5942,11,1,0,monfrague
Grass,5942,11,12,0,monfrague
Grass,5942,11,3,0,monfrague
Grass,5942,11,6,0,monfrague
Grass,5942,11,9,0,monfrague
HydroRipVeg,2264,11,1,0,monfrague
HydroRipVeg,2264,11,12,0,monfrague
HydroRipVeg,2264,11,3,0,monfrague
HydroRipVeg,2264,11,6,0,monfrague
HydroRipVeg,2264,11,9,0,monfrague
MedSclF,34504,11,1,0,monfrague
MedSclF,34504,11,12,0,monfrague
MedSclF,34504,11,3,0,monfrague
MedSclF,34504,11,6,0,monfrague
MedSclF,34504,11,9,0,monfrague
MedScrub,121317,11,1,0,monfrague
MedScrub,121317,11,12,0,monfrague
MedScrub,121317,11,3,0,monfrague
MedScrub,121317,11,6,0,monfrague
MedScrub,121317,11,9,0,monfrague
Reforestation,22719,11,1,0,monfrague
Reforestation,22719,11,12,0,monfrague
Reforestation,22719,11,3,0,monfrague
Reforestation,22719,11,6,0,monfrague
Reforestation,22719,11,9,0,monfrague
RipF,1179,11,1,0,monfrague
RipF,1179,11,12,0,monfrague
RipF,1179,11,3,0,monfrague
RipF,1179,11,6,0,monfrague
RipF,1179,11,9,0,monfrague
RockScreeVeg,16028,11,1,0,monfrague
RockScreeVeg,16028,11,12,0,monfrague
RockScreeVeg,16028,11,3,0,monfrague
RockScreeVeg,16028,11,6,0,monfrague
RockScreeVeg,16028,11,9,0,monfrague
Shrub,13653,11,1,0,monfrague
Shrub,13653,11,12,0,monfrague
Shrub,13653,11,3,0,monfrague
Shrub,13653,11,6,0,monfrague
Shrub,13653,11,9,0,monfrague
SMedMarF,6002,11,1,0,monfrague
SMedMarF,6002,11,12,0,monfrague
SMedMarF,6002,11,3,0,monfrague
SMedMarF,6002,11,6,0,monfrague
SMedMarF,6002,11,9,0,monfrague
WaterSurf,15572,11,1,0,monfrague
WaterSurf,15572,11,12,0,monfrague
WaterSurf,15572,11,3,0,monfrague
WaterSurf,15572,11,6,0,monfrague
WaterSurf,15572,11,9,0,monfrague
ArtSurf,2849,12,1,0,monfrague
ArtSurf,2849,12,12,0,monfrague
ArtSurf,2849,12,3,0,monfrague
ArtSurf,2849,12,6,0,monfrague
ArtSurf,2849,12,9,0,monfrague
Crop,1332,12,1,0,monfrague
Crop,1332,12,12,0,monfrague
Crop,1332,12,3,0,monfrague
Crop,1332,12,6,0,monfrague
Crop,1332,12,9,0,monfrague
Dehesa,17271,12,1,0,monfrague
Dehesa,17271,12,12,0,monfrague
Dehesa,17271,12,3,0,monfrague
Dehesa,17271,12,6,0,monfrague
Dehesa,17271,12,9,0,monfrague
Grass,5942,12,1,0,monfrague
Grass,5942,12,12,0,monfrague
Grass,5942,12,3,0,monfrague
Grass,5942,12,6,0,monfrague
Grass,5942,12,9,0,monfrague
HydroRipVeg,2264,12,1,0,monfrague
HydroRipVeg,2264,12,12,0,monfrague
HydroRipVeg,2264,12,3,0,monfrague
HydroRipVeg,2264,12,6,0,monfrague
HydroRipVeg,2264,12,9,0,monfrague
MedSclF,34504,12,1,0,monfrague
MedSclF,34504,12,12,0,monfrague
MedSclF,34504,12,3,0,monfrague
MedSclF,34504,12,6,0,monfrague
MedSclF,34504,12,9,0,monfrague
MedScrub,121317,12,1,0,monfrague
MedScrub,121317,12,12,0,monfrague
MedScrub,121317,12,3,0,monfrague
MedScrub,121317,12,6,0,monfrague
MedScrub,121317,12,9,0,monfrague
Reforestation,22719,12,1,0,monfrague
Reforestation,22719,12,12,0,monfrague
Reforestation,22719,12,3,0,monfrague
Reforestation,22719,12,6,0,monfrague
Reforestation,22719,12,9,0,monfrague
RipF,1179,12,1,0,monfrague
RipF,1179,12,12,0,monfrague
RipF,1179,12,3,0,monfrague
RipF,1179,12,6,0,monfrague
RipF,1179,12,9,0,monfrague
RockScreeVeg,16028,12,1,0,monfrague
RockScreeVeg,16028,12,12,0,monfrague
RockScreeVeg,16028,12,3,0,monfrague
RockScreeVeg,16028,12,6,0,monfrague
RockScreeVeg,16028,12,9,0,monfrague
Shrub,13653,12,1,0,monfrague
Shrub,13653,12,12,0,monfrague
Shrub,13653,12,3,0,monfrague
Shrub,13653,12,6,0,monfrague
Shrub,13653,12,9,0,monfrague
SMedMarF,6002,12,1,0,monfrague
SMedMarF,6002,12,12,0,monfrague
SMedMarF,6002,12,3,0,monfrague
SMedMarF,6002,12,6,0,monfrague
SMedMarF,6002,12,9,0,monfrague
WaterSurf,15572,12,1,0,monfrague
WaterSurf,15572,12,12,0,monfrague
WaterSurf,15572,12,3,0,monfrague
WaterSurf,15572,12,6,0,monfrague
WaterSurf,15572,12,9,0,monfrague
AlpConF,27586,1,1,0,ordesa
AlpConF,27586,1,12,0,ordesa
AlpConF,27586,1,3,0,ordesa
AlpConF,27586,1,6,0,ordesa
AlpConF,27586,1,9,0,ordesa
AlpScrGr,100261,1,1,0,ordesa
AlpScrGr,100261,1,12,0,ordesa
AlpScrGr,100261,1,3,0,ordesa
AlpScrGr,100261,1,6,0,ordesa
AlpScrGr,100261,1,9,0,ordesa
ArtSurf,26,1,1,0,ordesa
ArtSurf,26,1,12,0,ordesa
ArtSurf,26,1,3,0,ordesa
ArtSurf,26,1,6,0,ordesa
ArtSurf,26,1,9,0,ordesa
BareArea,3,1,1,0,ordesa
BareArea,3,1,12,0,ordesa
BareArea,3,1,3,0,ordesa
BareArea,3,1,6,0,ordesa
BareArea,3,1,9,0,ordesa
Grass,21109,1,1,0,ordesa
Grass,21109,1,12,0,ordesa
Grass,21109,1,3,0,ordesa
Grass,21109,1,6,0,ordesa
Grass,21109,1,9,0,ordesa
HydroRipVeg,204,1,1,0,ordesa
HydroRipVeg,204,1,12,0,ordesa
HydroRipVeg,204,1,3,0,ordesa
HydroRipVeg,204,1,6,0,ordesa
HydroRipVeg,204,1,9,0,ordesa
MedSclF,4221,1,1,0,ordesa
MedSclF,4221,1,12,0,ordesa
MedSclF,4221,1,3,0,ordesa
MedSclF,4221,1,6,0,ordesa
MedSclF,4221,1,9,0,ordesa
RipF,860,1,1,0,ordesa
RipF,860,1,12,0,ordesa
RipF,860,1,3,0,ordesa
RipF,860,1,6,0,ordesa
RipF,860,1,9,0,ordesa
RockScreeVeg,8836,1,1,0,ordesa
RockScreeVeg,8836,1,12,0,ordesa
RockScreeVeg,8836,1,3,0,ordesa
RockScreeVeg,8836,1,6,0,ordesa
RockScreeVeg,8836,1,9,0,ordesa
Shrub,7570,1,1,0,ordesa
Shrub,7570,1,12,0,ordesa
Shrub,7570,1,3,0,ordesa
Shrub,7570,1,6,0,ordesa
Shrub,7570,1,9,0,ordesa
SMedMarF,1656,1,1,0,ordesa
SMedMarF,1656,1,12,0,ordesa
SMedMarF,1656,1,3,0,ordesa
SMedMarF,1656,1,6,0,ordesa
SMedMarF,1656,1,9,0,ordesa
TempDecF,20036,1,1,0,ordesa
TempDecF,20036,1,12,0,ordesa
TempDecF,20036,1,3,0,ordesa
TempDecF,20036,1,6,0,ordesa
TempDecF,20036,1,9,0,ordesa
WaterSurf,20,1,1,0,ordesa
WaterSurf,20,1,12,0,ordesa
WaterSurf,20,1,3,0,ordesa
WaterSurf,20,1,6,0,ordesa
WaterSurf,20,1,9,0,ordesa
AlpConF,27603,2,1,0,ordesa
AlpConF,27603,2,12,0,ordesa
AlpConF,27603,2,3,0,ordesa
AlpConF,27603,2,6,0,ordesa
AlpConF,27603,2,9,0,ordesa
AlpScrGr,102251,2,1,0,ordesa
AlpScrGr,102251,2,12,0,ordesa
AlpScrGr,102251,2,3,0,ordesa
AlpScrGr,102251,2,6,0,ordesa
AlpScrGr,102251,2,9,0,ordesa
ArtSurf,26,2,1,0,ordesa
ArtSurf,26,2,12,0,ordesa
ArtSurf,26,2,3,0,ordesa
ArtSurf,26,2,6,0,ordesa
ArtSurf,26,2,9,0,ordesa
BareArea,203,2,1,0,ordesa
BareArea,203,2,12,0,ordesa
BareArea,203,2,3,0,ordesa
BareArea,203,2,6,0,ordesa
BareArea,203,2,9,0,ordesa
Grass,21113,2,1,0,ordesa
Grass,21113,2,12,0,ordesa
Grass,21113,2,3,0,ordesa
Grass,21113,2,6,0,ordesa
Grass,21113,2,9,0,ordesa
HydroRipVeg,214,2,1,0,ordesa
HydroRipVeg,214,2,12,0,ordesa
HydroRipVeg,214,2,3,0,ordesa
HydroRipVeg,214,2,6,0,ordesa
HydroRipVeg,214,2,9,0,ordesa
MedSclF,4236,2,1,0,ordesa
MedSclF,4236,2,12,0,ordesa
MedSclF,4236,2,3,0,ordesa
MedSclF,4236,2,6,0,ordesa
MedSclF,4236,2,9,0,ordesa
RipF,860,2,1,0,ordesa
RipF,860,2,12,0,ordesa
RipF,860,2,3,0,ordesa
RipF,860,2,6,0,ordesa
RipF,860,2,9,0,ordesa
RockScreeVeg,13046,2,1,0,ordesa
RockScreeVeg,13046,2,12,0,ordesa
RockScreeVeg,13046,2,3,0,ordesa
RockScreeVeg,13046,2,6,0,ordesa
RockScreeVeg,13046,2,9,0,ordesa
Shrub,7575,2,1,0,ordesa
Shrub,7575,2,12,0,ordesa
Shrub,7575,2,3,0,ordesa
Shrub,7575,2,6,0,ordesa
Shrub,7575,2,9,0,ordesa
SMedMarF,1671,2,1,0,ordesa
SMedMarF,1671,2,12,0,ordesa
SMedMarF,1671,2,3,0,ordesa
SMedMarF,1671,2,6,0,ordesa
SMedMarF,1671,2,9,0,ordesa
TempDecF,20084,2,1,0,ordesa
TempDecF,20084,2,12,0,ordesa
TempDecF,20084,2,3,0,ordesa
TempDecF,20084,2,6,0,ordesa
TempDecF,20084,2,9,0,ordesa
WaterSurf,68,2,1,0,ordesa
WaterSurf,68,2,12,0,ordesa
WaterSurf,68,2,3,0,ordesa
WaterSurf,68,2,6,0,ordesa
WaterSurf,68,2,9,0,ordesa
AlpConF,27618,3,1,0,ordesa
AlpConF,27618,3,12,0,ordesa
AlpConF,27618,3,3,0,ordesa
AlpConF,27618,3,6,0,ordesa
AlpConF,27618,3,9,0,ordesa
AlpScrGr,101805,3,1,0,ordesa
AlpScrGr,101805,3,12,0,ordesa
AlpScrGr,101805,3,3,0,ordesa
AlpScrGr,101805,3,6,0,ordesa
AlpScrGr,101805,3,9,0,ordesa
ArtSurf,26,3,1,0,ordesa
ArtSurf,26,3,12,0,ordesa
ArtSurf,26,3,3,0,ordesa
ArtSurf,26,3,6,0,ordesa
ArtSurf,26,3,9,0,ordesa
BareArea,493,3,1,0,ordesa
BareArea,493,3,12,0,ordesa
BareArea,493,3,3,0,ordesa
BareArea,493,3,6,0,ordesa
BareArea,493,3,9,0,ordesa
Grass,21113,3,1,0,ordesa
Grass,21113,3,12,0,ordesa
Grass,21113,3,3,0,ordesa
Grass,21113,3,6,0,ordesa
Grass,21113,3,9,0,ordesa
HydroRipVeg,207,3,1,0,ordesa
HydroRipVeg,207,3,12,0,ordesa
HydroRipVeg,207,3,3,0,ordesa
HydroRipVeg,207,3,6,0,ordesa
HydroRipVeg,207,3,9,0,ordesa
MedSclF,4251,3,1,0,ordesa
MedSclF,4251,3,12,0,ordesa
MedSclF,4251,3,3,0,ordesa
MedSclF,4251,3,6,0,ordesa
MedSclF,4251,3,9,0,ordesa
RipF,860,3,1,0,ordesa
RipF,860,3,12,0,ordesa
RipF,860,3,3,0,ordesa
RipF,860,3,6,0,ordesa
RipF,860,3,9,0,ordesa
RockScreeVeg,11546,3,1,0,ordesa
RockScreeVeg,11546,3,12,0,ordesa
RockScreeVeg,11546,3,3,0,ordesa
RockScreeVeg,11546,3,6,0,ordesa
RockScreeVeg,11546,3,9,0,ordesa
Shrub,7598,3,1,0,ordesa
Shrub,7598,3,12,0,ordesa
Shrub,7598,3,3,0,ordesa
Shrub,7598,3,6,0,ordesa
Shrub,7598,3,9,0,ordesa
SMedMarF,1671,3,1,0,ordesa
SMedMarF,1671,3,12,0,ordesa
SMedMarF,1671,3,3,0,ordesa
SMedMarF,1671,3,6,0,ordesa
SMedMarF,1671,3,9,0,ordesa
TempDecF,20202,3,1,0,ordesa
TempDecF,20202,3,12,0,ordesa
TempDecF,20202,3,3,0,ordesa
TempDecF,20202,3,6,0,ordesa
TempDecF,20202,3,9,0,ordesa
WaterSurf,32,3,1,0,ordesa
WaterSurf,32,3,12,0,ordesa
WaterSurf,32,3,3,0,ordesa
WaterSurf,32,3,6,0,ordesa
WaterSurf,32,3,9,0,ordesa
AlpConF,27612,4,1,0,ordesa
AlpConF,27612,4,12,0,ordesa
AlpConF,27612,4,3,0,ordesa
AlpConF,27612,4,6,0,ordesa
AlpConF,27612,4,9,0,ordesa
AlpScrGr,99996,4,1,0,ordesa
AlpScrGr,99996,4,12,0,ordesa
AlpScrGr,99996,4,3,0,ordesa
AlpScrGr,99996,4,6,0,ordesa
AlpScrGr,99996,4,9,0,ordesa
ArtSurf,26,4,1,0,ordesa
ArtSurf,26,4,12,0,ordesa
ArtSurf,26,4,3,0,ordesa
ArtSurf,26,4,6,0,ordesa
ArtSurf,26,4,9,0,ordesa
Grass,21111,4,1,0,ordesa
Grass,21111,4,12,0,ordesa
Grass,21111,4,3,0,ordesa
Grass,21111,4,6,0,ordesa
Grass,21111,4,9,0,ordesa
HydroRipVeg,204,4,1,0,ordesa
HydroRipVeg,204,4,12,0,ordesa
HydroRipVeg,204,4,3,0,ordesa
HydroRipVeg,204,4,6,0,ordesa
HydroRipVeg,204,4,9,0,ordesa
MedSclF,4251,4,1,0,ordesa
MedSclF,4251,4,12,0,ordesa
MedSclF,4251,4,3,0,ordesa
MedSclF,4251,4,6,0,ordesa
MedSclF,4251,4,9,0,ordesa
RipF,860,4,1,0,ordesa
RipF,860,4,12,0,ordesa
RipF,860,4,3,0,ordesa
RipF,860,4,6,0,ordesa
RipF,860,4,9,0,ordesa
RockScreeVeg,8573,4,1,0,ordesa
RockScreeVeg,8573,4,12,0,ordesa
RockScreeVeg,8573,4,3,2,ordesa
RockScreeVeg,8573,4,6,0,ordesa
RockScreeVeg,8573,4,9,0,ordesa
Shrub,7601,4,1,0,ordesa
Shrub,7601,4,12,0,ordesa
Shrub,7601,4,3,0,ordesa
Shrub,7601,4,6,0,ordesa
Shrub,7601,4,9,0,ordesa
SMedMarF,1671,4,1,0,ordesa
SMedMarF,1671,4,12,0,ordesa
SMedMarF,1671,4,3,0,ordesa
SMedMarF,1671,4,6,0,ordesa
SMedMarF,1671,4,9,0,ordesa
TempDecF,20198,4,1,0,ordesa
TempDecF,20198,4,12,0,ordesa
TempDecF,20198,4,3,0,ordesa
TempDecF,20198,4,6,0,ordesa
TempDecF,20198,4,9,0,ordesa
WaterSurf,20,4,1,0,ordesa
WaterSurf,20,4,12,0,ordesa
WaterSurf,20,4,3,0,ordesa
WaterSurf,20,4,6,0,ordesa
WaterSurf,20,4,9,0,ordesa
AlpConF,28066,5,1,0,ordesa
AlpConF,28066,5,12,0,ordesa
AlpConF,28066,5,3,0,ordesa
AlpConF,28066,5,6,0,ordesa
AlpConF,28066,5,9,0,ordesa
AlpScrGr,98680,5,1,0,ordesa
AlpScrGr,98680,5,12,0,ordesa
AlpScrGr,98680,5,3,0,ordesa
AlpScrGr,98680,5,6,0,ordesa
AlpScrGr,98680,5,9,0,ordesa
ArtSurf,26,5,1,0,ordesa
ArtSurf,26,5,12,0,ordesa
ArtSurf,26,5,3,0,ordesa
ArtSurf,26,5,6,0,ordesa
ArtSurf,26,5,9,0,ordesa
Grass,21108,5,1,0,ordesa
Grass,21108,5,12,0,ordesa
Grass,21108,5,3,0,ordesa
Grass,21108,5,6,0,ordesa
Grass,21108,5,9,0,ordesa
HydroRipVeg,154,5,1,0,ordesa
HydroRipVeg,154,5,12,0,ordesa
HydroRipVeg,154,5,3,0,ordesa
HydroRipVeg,154,5,6,0,ordesa
HydroRipVeg,154,5,9,0,ordesa
MedSclF,4268,5,1,0,ordesa
MedSclF,4268,5,12,0,ordesa
MedSclF,4268,5,3,0,ordesa
MedSclF,4268,5,6,0,ordesa
MedSclF,4268,5,9,0,ordesa
RipF,865,5,1,0,ordesa
RipF,865,5,12,0,ordesa
RipF,865,5,3,0,ordesa
RipF,865,5,6,0,ordesa
RipF,865,5,9,0,ordesa
RockScreeVeg,8425,5,1,0,ordesa
RockScreeVeg,8425,5,12,0,ordesa
RockScreeVeg,8425,5,3,0,ordesa
RockScreeVeg,8425,5,6,0,ordesa
RockScreeVeg,8425,5,9,0,ordesa
Shrub,7687,5,1,0,ordesa
Shrub,7687,5,12,0,ordesa
Shrub,7687,5,3,0,ordesa
Shrub,7687,5,6,0,ordesa
Shrub,7687,5,9,0,ordesa
SMedMarF,1749,5,1,0,ordesa
SMedMarF,1749,5,12,0,ordesa
SMedMarF,1749,5,3,0,ordesa
SMedMarF,1749,5,6,0,ordesa
SMedMarF,1749,5,9,0,ordesa
TempDecF,20584,5,1,0,ordesa
TempDecF,20584,5,12,0,ordesa
TempDecF,20584,5,3,0,ordesa
TempDecF,20584,5,6,0,ordesa
TempDecF,20584,5,9,0,ordesa
WaterSurf,20,5,1,0,ordesa
WaterSurf,20,5,12,0,ordesa
WaterSurf,20,5,3,0,ordesa
WaterSurf,20,5,6,0,ordesa
WaterSurf,20,5,9,0,ordesa
AlpConF,28021,6,1,0,ordesa
AlpConF,28021,6,12,0,ordesa
AlpConF,28021,6,3,0,ordesa
AlpConF,28021,6,6,0,ordesa
AlpConF,28021,6,9,0,ordesa
AlpScrGr,100050,6,1,0,ordesa
AlpScrGr,100050,6,12,0,ordesa
AlpScrGr,100050,6,3,0,ordesa
AlpScrGr,100050,6,6,0,ordesa
AlpScrGr,100050,6,9,0,ordesa
ArtSurf,26,6,1,0,ordesa
ArtSurf,26,6,12,0,ordesa
ArtSurf,26,6,3,0,ordesa
ArtSurf,26,6,6,0,ordesa
ArtSurf,26,6,9,0,ordesa
Grass,21113,6,1,0,ordesa
Grass,21113,6,12,0,ordesa
Grass,21113,6,3,0,ordesa
Grass,21113,6,6,0,ordesa
Grass,21113,6,9,0,ordesa
HydroRipVeg,204,6,1,0,ordesa
HydroRipVeg,204,6,12,0,ordesa
HydroRipVeg,204,6,3,0,ordesa
HydroRipVeg,204,6,6,0,ordesa
HydroRipVeg,204,6,9,0,ordesa
MedSclF,4300,6,1,0,ordesa
MedSclF,4300,6,12,0,ordesa
MedSclF,4300,6,3,0,ordesa
MedSclF,4300,6,6,0,ordesa
MedSclF,4300,6,9,0,ordesa
RipF,866,6,1,0,ordesa
RipF,866,6,12,0,ordesa
RipF,866,6,3,0,ordesa
RipF,866,6,6,0,ordesa
RipF,866,6,9,0,ordesa
RockScreeVeg,8576,6,1,0,ordesa
RockScreeVeg,8576,6,12,0,ordesa
RockScreeVeg,8576,6,3,0,ordesa
RockScreeVeg,8576,6,6,0,ordesa
RockScreeVeg,8576,6,9,0,ordesa
Shrub,7723,6,1,0,ordesa
Shrub,7723,6,12,0,ordesa
Shrub,7723,6,3,0,ordesa
Shrub,7723,6,6,0,ordesa
Shrub,7723,6,9,0,ordesa
SMedMarF,1746,6,1,0,ordesa
SMedMarF,1746,6,12,0,ordesa
SMedMarF,1746,6,3,0,ordesa
SMedMarF,1746,6,6,0,ordesa
SMedMarF,1746,6,9,0,ordesa
TempDecF,20580,6,1,0,ordesa
TempDecF,20580,6,12,0,ordesa
TempDecF,20580,6,3,0,ordesa
TempDecF,20580,6,6,0,ordesa
TempDecF,20580,6,9,0,ordesa
WaterSurf,20,6,1,0,ordesa
WaterSurf,20,6,12,0,ordesa
WaterSurf,20,6,3,0,ordesa
WaterSurf,20,6,6,0,ordesa
WaterSurf,20,6,9,0,ordesa
AlpConF,28948,7,1,0,ordesa
AlpConF,28948,7,12,0,ordesa
AlpConF,28948,7,3,0,ordesa
AlpConF,28948,7,6,0,ordesa
AlpConF,28948,7,9,0,ordesa
AlpScrGr,104262,7,1,0,ordesa
AlpScrGr,104262,7,12,0,ordesa
AlpScrGr,104262,7,3,0,ordesa
AlpScrGr,104262,7,6,0,ordesa
AlpScrGr,104262,7,9,0,ordesa
ArtSurf,26,7,1,0,ordesa
ArtSurf,26,7,12,0,ordesa
ArtSurf,26,7,3,0,ordesa
ArtSurf,26,7,6,0,ordesa
ArtSurf,26,7,9,0,ordesa
Grass,21154,7,1,0,ordesa
Grass,21154,7,12,0,ordesa
Grass,21154,7,3,0,ordesa
Grass,21154,7,6,0,ordesa
Grass,21154,7,9,0,ordesa
HydroRipVeg,233,7,1,0,ordesa
HydroRipVeg,233,7,12,0,ordesa
HydroRipVeg,233,7,3,0,ordesa
HydroRipVeg,233,7,6,0,ordesa
HydroRipVeg,233,7,9,0,ordesa
MedSclF,4301,7,1,0,ordesa
MedSclF,4301,7,12,0,ordesa
MedSclF,4301,7,3,0,ordesa
MedSclF,4301,7,6,0,ordesa
MedSclF,4301,7,9,0,ordesa
RipF,874,7,1,0,ordesa
RipF,874,7,12,0,ordesa
RipF,874,7,3,0,ordesa
RipF,874,7,6,0,ordesa
RipF,874,7,9,0,ordesa
RockScreeVeg,9863,7,1,0,ordesa
RockScreeVeg,9863,7,12,0,ordesa
RockScreeVeg,9863,7,3,0,ordesa
RockScreeVeg,9863,7,6,0,ordesa
RockScreeVeg,9863,7,9,0,ordesa
Shrub,7815,7,1,0,ordesa
Shrub,7815,7,12,0,ordesa
Shrub,7815,7,3,0,ordesa
Shrub,7815,7,6,0,ordesa
Shrub,7815,7,9,0,ordesa
SMedMarF,1812,7,1,0,ordesa
SMedMarF,1812,7,12,0,ordesa
SMedMarF,1812,7,3,0,ordesa
SMedMarF,1812,7,6,0,ordesa
SMedMarF,1812,7,9,0,ordesa
TempDecF,21294,7,1,0,ordesa
TempDecF,21294,7,12,0,ordesa
TempDecF,21294,7,3,0,ordesa
TempDecF,21294,7,6,0,ordesa
TempDecF,21294,7,9,0,ordesa
WaterSurf,20,7,1,0,ordesa
WaterSurf,20,7,12,0,ordesa
WaterSurf,20,7,3,0,ordesa
WaterSurf,20,7,6,0,ordesa
WaterSurf,20,7,9,0,ordesa
AlpConF,28937,8,1,0,ordesa
AlpConF,28937,8,12,0,ordesa
AlpConF,28937,8,3,0,ordesa
AlpConF,28937,8,6,0,ordesa
AlpConF,28937,8,9,0,ordesa
AlpScrGr,104944,8,1,0,ordesa
AlpScrGr,104944,8,12,0,ordesa
AlpScrGr,104944,8,3,0,ordesa
AlpScrGr,104944,8,6,0,ordesa
AlpScrGr,104944,8,9,0,ordesa
ArtSurf,26,8,1,0,ordesa
ArtSurf,26,8,12,0,ordesa
ArtSurf,26,8,3,0,ordesa
ArtSurf,26,8,6,0,ordesa
ArtSurf,26,8,9,0,ordesa
Grass,21154,8,1,0,ordesa
Grass,21154,8,12,0,ordesa
Grass,21154,8,3,0,ordesa
Grass,21154,8,6,0,ordesa
Grass,21154,8,9,0,ordesa
HydroRipVeg,263,8,1,0,ordesa
HydroRipVeg,263,8,12,0,ordesa
HydroRipVeg,263,8,3,0,ordesa
HydroRipVeg,263,8,6,0,ordesa
HydroRipVeg,263,8,9,0,ordesa
MedSclF,4300,8,1,0,ordesa
MedSclF,4300,8,12,0,ordesa
MedSclF,4300,8,3,0,ordesa
MedSclF,4300,8,6,0,ordesa
MedSclF,4300,8,9,0,ordesa
RipF,874,8,1,0,ordesa
RipF,874,8,12,0,ordesa
RipF,874,8,3,0,ordesa
RipF,874,8,6,0,ordesa
RipF,874,8,9,0,ordesa
RockScreeVeg,11345,8,1,0,ordesa
RockScreeVeg,11345,8,12,0,ordesa
RockScreeVeg,11345,8,3,0,ordesa
RockScreeVeg,11345,8,6,0,ordesa
RockScreeVeg,11345,8,9,0,ordesa
Shrub,7807,8,1,0,ordesa
Shrub,7807,8,12,0,ordesa
Shrub,7807,8,3,0,ordesa
Shrub,7807,8,6,0,ordesa
Shrub,7807,8,9,0,ordesa
SMedMarF,1810,8,1,0,ordesa
SMedMarF,1810,8,12,0,ordesa
SMedMarF,1810,8,3,0,ordesa
SMedMarF,1810,8,6,0,ordesa
SMedMarF,1810,8,9,0,ordesa
TempDecF,21266,8,1,0,ordesa
TempDecF,21266,8,12,0,ordesa
TempDecF,21266,8,3,0,ordesa
TempDecF,21266,8,6,0,ordesa
TempDecF,21266,8,9,0,ordesa
WaterSurf,115,8,1,0,ordesa
WaterSurf,115,8,12,0,ordesa
WaterSurf,115,8,3,0,ordesa
WaterSurf,115,8,6,0,ordesa
WaterSurf,115,8,9,0,ordesa
AlpConF,28538,9,1,0,ordesa
AlpConF,28538,9,12,0,ordesa
AlpConF,28538,9,3,0,ordesa
AlpConF,28538,9,6,0,ordesa
AlpConF,28538,9,9,0,ordesa
AlpScrGr,105456,9,1,0,ordesa
AlpScrGr,105456,9,12,0,ordesa
AlpScrGr,105456,9,3,0,ordesa
AlpScrGr,105456,9,6,0,ordesa
AlpScrGr,105456,9,9,0,ordesa
ArtSurf,26,9,1,0,ordesa
ArtSurf,26,9,12,0,ordesa
ArtSurf,26,9,3,0,ordesa
ArtSurf,26,9,6,0,ordesa
ArtSurf,26,9,9,0,ordesa
Grass,21154,9,1,0,ordesa
Grass,21154,9,12,0,ordesa
Grass,21154,9,3,0,ordesa
Grass,21154,9,6,0,ordesa
Grass,21154,9,9,0,ordesa
HydroRipVeg,269,9,1,0,ordesa
HydroRipVeg,269,9,12,0,ordesa
HydroRipVeg,269,9,3,0,ordesa
HydroRipVeg,269,9,6,0,ordesa
HydroRipVeg,269,9,9,0,ordesa
MedSclF,4283,9,1,0,ordesa
MedSclF,4283,9,12,0,ordesa
MedSclF,4283,9,3,0,ordesa
MedSclF,4283,9,6,0,ordesa
MedSclF,4283,9,9,0,ordesa
RipF,870,9,1,0,ordesa
RipF,870,9,12,0,ordesa
RipF,870,9,3,0,ordesa
RipF,870,9,6,0,ordesa
RipF,870,9,9,0,ordesa
RockScreeVeg,11379,9,1,0,ordesa
RockScreeVeg,11379,9,12,0,ordesa
RockScreeVeg,11379,9,3,0,ordesa
RockScreeVeg,11379,9,6,0,ordesa
RockScreeVeg,11379,9,9,0,ordesa
Shrub,7719,9,1,0,ordesa
Shrub,7719,9,12,0,ordesa
Shrub,7719,9,3,0,ordesa
Shrub,7719,9,6,0,ordesa
Shrub,7719,9,9,0,ordesa
SMedMarF,1757,9,1,0,ordesa
SMedMarF,1757,9,12,0,ordesa
SMedMarF,1757,9,3,0,ordesa
SMedMarF,1757,9,6,0,ordesa
SMedMarF,1757,9,9,0,ordesa
TempDecF,20868,9,1,0,ordesa
TempDecF,20868,9,12,0,ordesa
TempDecF,20868,9,3,0,ordesa
TempDecF,20868,9,6,0,ordesa
TempDecF,20868,9,9,0,ordesa
WaterSurf,89,9,1,0,ordesa
WaterSurf,89,9,12,0,ordesa
WaterSurf,89,9,3,0,ordesa
WaterSurf,89,9,6,0,ordesa
WaterSurf,89,9,9,0,ordesa
AlpConF,27643,10,1,0,ordesa
AlpConF,27643,10,12,0,ordesa
AlpConF,27643,10,3,0,ordesa
AlpConF,27643,10,6,0,ordesa
AlpConF,27643,10,9,0,ordesa
AlpScrGr,100960,10,1,0,ordesa
AlpScrGr,100960,10,12,0,ordesa
AlpScrGr,100960,10,3,0,ordesa
AlpScrGr,100960,10,6,0,ordesa
AlpScrGr,100960,10,9,0,ordesa
ArtSurf,26,10,1,0,ordesa
ArtSurf,26,10,12,0,ordesa
ArtSurf,26,10,3,0,ordesa
ArtSurf,26,10,6,0,ordesa
ArtSurf,26,10,9,0,ordesa
Grass,21116,10,1,0,ordesa
Grass,21116,10,12,0,ordesa
Grass,21116,10,3,0,ordesa
Grass,21116,10,6,0,ordesa
Grass,21116,10,9,0,ordesa
HydroRipVeg,204,10,1,0,ordesa
HydroRipVeg,204,10,12,0,ordesa
HydroRipVeg,204,10,3,0,ordesa
HydroRipVeg,204,10,6,0,ordesa
HydroRipVeg,204,10,9,0,ordesa
MedSclF,4251,10,1,0,ordesa
MedSclF,4251,10,12,0,ordesa
MedSclF,4251,10,3,0,ordesa
MedSclF,4251,10,6,0,ordesa
MedSclF,4251,10,9,0,ordesa
RipF,860,10,1,0,ordesa
RipF,860,10,12,0,ordesa
RipF,860,10,3,0,ordesa
RipF,860,10,6,0,ordesa
RipF,860,10,9,0,ordesa
RockScreeVeg,8803,10,1,0,ordesa
RockScreeVeg,8803,10,12,0,ordesa
RockScreeVeg,8803,10,3,0,ordesa
RockScreeVeg,8803,10,6,0,ordesa
RockScreeVeg,8803,10,9,0,ordesa
Shrub,7599,10,1,0,ordesa
Shrub,7599,10,12,0,ordesa
Shrub,7599,10,3,0,ordesa
Shrub,7599,10,6,0,ordesa
Shrub,7599,10,9,0,ordesa
SMedMarF,1672,10,1,0,ordesa
SMedMarF,1672,10,12,0,ordesa
SMedMarF,1672,10,3,0,ordesa
SMedMarF,1672,10,6,0,ordesa
SMedMarF,1672,10,9,0,ordesa
TempDecF,20208,10,1,0,ordesa
TempDecF,20208,10,12,0,ordesa
TempDecF,20208,10,3,0,ordesa
TempDecF,20208,10,6,0,ordesa
TempDecF,20208,10,9,0,ordesa
WaterSurf,20,10,1,0,ordesa
WaterSurf,20,10,12,0,ordesa
WaterSurf,20,10,3,0,ordesa
WaterSurf,20,10,6,0,ordesa
WaterSurf,20,10,9,0,ordesa
AlpConF,27604,11,1,0,ordesa
AlpConF,27604,11,12,0,ordesa
AlpConF,27604,11,3,0,ordesa
AlpConF,27604,11,6,0,ordesa
AlpConF,27604,11,9,0,ordesa
AlpScrGr,100100,11,1,0,ordesa
AlpScrGr,100100,11,12,0,ordesa
AlpScrGr,100100,11,3,0,ordesa
AlpScrGr,100100,11,6,0,ordesa
AlpScrGr,100100,11,9,0,ordesa
ArtSurf,26,11,1,0,ordesa
ArtSurf,26,11,12,0,ordesa
ArtSurf,26,11,3,0,ordesa
ArtSurf,26,11,6,0,ordesa
ArtSurf,26,11,9,0,ordesa
BareArea,2,11,1,0,ordesa
BareArea,2,11,12,0,ordesa
BareArea,2,11,3,0,ordesa
BareArea,2,11,6,0,ordesa
BareArea,2,11,9,0,ordesa
Grass,21102,11,1,0,ordesa
Grass,21102,11,12,0,ordesa
Grass,21102,11,3,0,ordesa
Grass,21102,11,6,0,ordesa
Grass,21102,11,9,0,ordesa
HydroRipVeg,204,11,1,0,ordesa
HydroRipVeg,204,11,12,0,ordesa
HydroRipVeg,204,11,3,0,ordesa
HydroRipVeg,204,11,6,0,ordesa
HydroRipVeg,204,11,9,0,ordesa
MedSclF,4249,11,1,0,ordesa
MedSclF,4249,11,12,0,ordesa
MedSclF,4249,11,3,0,ordesa
MedSclF,4249,11,6,0,ordesa
MedSclF,4249,11,9,0,ordesa
RipF,860,11,1,0,ordesa
RipF,860,11,12,0,ordesa
RipF,860,11,3,0,ordesa
RipF,860,11,6,0,ordesa
RipF,860,11,9,0,ordesa
RockScreeVeg,8649,11,1,0,ordesa
RockScreeVeg,8649,11,12,0,ordesa
RockScreeVeg,8649,11,3,0,ordesa
RockScreeVeg,8649,11,6,0,ordesa
RockScreeVeg,8649,11,9,0,ordesa
Shrub,7577,11,1,0,ordesa
Shrub,7577,11,12,0,ordesa
Shrub,7577,11,3,0,ordesa
Shrub,7577,11,6,0,ordesa
Shrub,7577,11,9,0,ordesa
SMedMarF,1645,11,1,0,ordesa
SMedMarF,1645,11,12,0,ordesa
SMedMarF,1645,11,3,0,ordesa
SMedMarF,1645,11,6,0,ordesa
SMedMarF,1645,11,9,0,ordesa
TempDecF,20167,11,1,0,ordesa
TempDecF,20167,11,12,0,ordesa
TempDecF,20167,11,3,0,ordesa
TempDecF,20167,11,6,0,ordesa
TempDecF,20167,11,9,0,ordesa
WaterSurf,20,11,1,0,ordesa
WaterSurf,20,11,12,0,ordesa
WaterSurf,20,11,3,0,ordesa
WaterSurf,20,11,6,0,ordesa
WaterSurf,20,11,9,0,ordesa
AlpConF,27351,12,1,0,ordesa
AlpConF,27351,12,12,0,ordesa
AlpConF,27351,12,3,0,ordesa
AlpConF,27351,12,6,1,ordesa
AlpConF,27351,12,9,0,ordesa
AlpScrGr,99970,12,1,0,ordesa
AlpScrGr,99970,12,12,0,ordesa
AlpScrGr,99970,12,3,0,ordesa
AlpScrGr,99970,12,6,1,ordesa
AlpScrGr,99970,12,9,0,ordesa
ArtSurf,26,12,1,0,ordesa
ArtSurf,26,12,12,0,ordesa
ArtSurf,26,12,3,0,ordesa
ArtSurf,26,12,6,0,ordesa
ArtSurf,26,12,9,0,ordesa
Grass,21101,12,1,0,ordesa
Grass,21101,12,12,0,ordesa
Grass,21101,12,3,0,ordesa
Grass,21101,12,6,0,ordesa
Grass,21101,12,9,0,ordesa
HydroRipVeg,204,12,1,0,ordesa
HydroRipVeg,204,12,12,0,ordesa
HydroRipVeg,204,12,3,0,ordesa
HydroRipVeg,204,12,6,0,ordesa
HydroRipVeg,204,12,9,0,ordesa
MedSclF,4190,12,1,0,ordesa
MedSclF,4190,12,12,0,ordesa
MedSclF,4190,12,3,0,ordesa
MedSclF,4190,12,6,0,ordesa
MedSclF,4190,12,9,0,ordesa
RipF,854,12,1,0,ordesa
RipF,854,12,12,0,ordesa
RipF,854,12,3,0,ordesa
RipF,854,12,6,0,ordesa
RipF,854,12,9,0,ordesa
RockScreeVeg,8568,12,1,0,ordesa
RockScreeVeg,8568,12,12,0,ordesa
RockScreeVeg,8568,12,3,0,ordesa
RockScreeVeg,8568,12,6,0,ordesa
RockScreeVeg,8568,12,9,0,ordesa
Shrub,7507,12,1,0,ordesa
Shrub,7507,12,12,0,ordesa
Shrub,7507,12,3,0,ordesa
Shrub,7507,12,6,0,ordesa
Shrub,7507,12,9,0,ordesa
SMedMarF,1625,12,1,0,ordesa
SMedMarF,1625,12,12,0,ordesa
SMedMarF,1625,12,3,0,ordesa
SMedMarF,1625,12,6,0,ordesa
SMedMarF,1625,12,9,0,ordesa
TempDecF,19766,12,1,0,ordesa
TempDecF,19766,12,12,0,ordesa
TempDecF,19766,12,3,0,ordesa
TempDecF,19766,12,6,0,ordesa
TempDecF,19766,12,9,0,ordesa
WaterSurf,20,12,1,0,ordesa
WaterSurf,20,12,12,0,ordesa
WaterSurf,20,12,3,0,ordesa
WaterSurf,20,12,6,0,ordesa
WaterSurf,20,12,9,0,ordesa
AlpScrGr,483629,1,1,0,picoseuropa
AlpScrGr,483629,1,12,0,picoseuropa
AlpScrGr,483629,1,3,0,picoseuropa
AlpScrGr,483629,1,6,0,picoseuropa
AlpScrGr,483629,1,9,0,picoseuropa
ArtSurf,2496,1,1,0,picoseuropa
ArtSurf,2496,1,12,0,picoseuropa
ArtSurf,2496,1,3,0,picoseuropa
ArtSurf,2496,1,6,0,picoseuropa
ArtSurf,2496,1,9,0,picoseuropa
AtlScrub,36465,1,1,0,picoseuropa
AtlScrub,36465,1,12,0,picoseuropa
AtlScrub,36465,1,3,0,picoseuropa
AtlScrub,36465,1,6,0,picoseuropa
AtlScrub,36465,1,9,0,picoseuropa
Crop,230,1,1,0,picoseuropa
Crop,230,1,12,0,picoseuropa
Crop,230,1,3,0,picoseuropa
Crop,230,1,6,0,picoseuropa
Crop,230,1,9,0,picoseuropa
Dehesa,60,1,1,0,picoseuropa
Dehesa,60,1,12,0,picoseuropa
Dehesa,60,1,3,0,picoseuropa
Dehesa,60,1,6,0,picoseuropa
Dehesa,60,1,9,0,picoseuropa
Grass,143161,1,1,0,picoseuropa
Grass,143161,1,12,0,picoseuropa
Grass,143161,1,3,0,picoseuropa
Grass,143161,1,6,0,picoseuropa
Grass,143161,1,9,0,picoseuropa
HydroRipVeg,808,1,1,0,picoseuropa
HydroRipVeg,808,1,12,0,picoseuropa
HydroRipVeg,808,1,3,0,picoseuropa
HydroRipVeg,808,1,6,0,picoseuropa
HydroRipVeg,808,1,9,0,picoseuropa
MedSclF,4576,1,1,0,picoseuropa
MedSclF,4576,1,12,0,picoseuropa
MedSclF,4576,1,3,0,picoseuropa
MedSclF,4576,1,6,0,picoseuropa
MedSclF,4576,1,9,0,picoseuropa
MedScrub,14993,1,1,0,picoseuropa
MedScrub,14993,1,12,0,picoseuropa
MedScrub,14993,1,3,0,picoseuropa
MedScrub,14993,1,6,0,picoseuropa
MedScrub,14993,1,9,0,picoseuropa
Reforestation,1264,1,1,0,picoseuropa
Reforestation,1264,1,12,0,picoseuropa
Reforestation,1264,1,3,0,picoseuropa
Reforestation,1264,1,6,0,picoseuropa
Reforestation,1264,1,9,0,picoseuropa
RipF,952,1,1,0,picoseuropa
RipF,952,1,12,0,picoseuropa
RipF,952,1,3,0,picoseuropa
RipF,952,1,6,0,picoseuropa
RipF,952,1,9,0,picoseuropa
RockScreeVeg,1117,1,1,0,picoseuropa
RockScreeVeg,1117,1,12,0,picoseuropa
RockScreeVeg,1117,1,3,0,picoseuropa
RockScreeVeg,1117,1,6,0,picoseuropa
RockScreeVeg,1117,1,9,0,picoseuropa
Shrub,1579,1,1,0,picoseuropa
Shrub,1579,1,12,0,picoseuropa
Shrub,1579,1,3,0,picoseuropa
Shrub,1579,1,6,0,picoseuropa
Shrub,1579,1,9,0,picoseuropa
SMedMarF,8457,1,1,0,picoseuropa
SMedMarF,8457,1,12,0,picoseuropa
SMedMarF,8457,1,3,0,picoseuropa
SMedMarF,8457,1,6,0,picoseuropa
SMedMarF,8457,1,9,0,picoseuropa
TempDecF,253477,1,1,0,picoseuropa
TempDecF,253477,1,12,0,picoseuropa
TempDecF,253477,1,3,0,picoseuropa
TempDecF,253477,1,6,0,picoseuropa
TempDecF,253477,1,9,0,picoseuropa
WaterSurf,715,1,1,0,picoseuropa
WaterSurf,715,1,12,0,picoseuropa
WaterSurf,715,1,3,0,picoseuropa
WaterSurf,715,1,6,0,picoseuropa
WaterSurf,715,1,9,0,picoseuropa
AlpScrGr,487132,2,1,0,picoseuropa
AlpScrGr,487132,2,12,0,picoseuropa
AlpScrGr,487132,2,3,0,picoseuropa
AlpScrGr,487132,2,6,0,picoseuropa
AlpScrGr,487132,2,9,0,picoseuropa
ArtSurf,2509,2,1,0,picoseuropa
ArtSurf,2509,2,12,0,picoseuropa
ArtSurf,2509,2,3,0,picoseuropa
ArtSurf,2509,2,6,0,picoseuropa
ArtSurf,2509,2,9,0,picoseuropa
AtlScrub,36902,2,1,0,picoseuropa
AtlScrub,36902,2,12,0,picoseuropa
AtlScrub,36902,2,3,0,picoseuropa
AtlScrub,36902,2,6,0,picoseuropa
AtlScrub,36902,2,9,0,picoseuropa
Crop,230,2,1,0,picoseuropa
Crop,230,2,12,0,picoseuropa
Crop,230,2,3,0,picoseuropa
Crop,230,2,6,0,picoseuropa
Crop,230,2,9,0,picoseuropa
Dehesa,71,2,1,0,picoseuropa
Dehesa,71,2,12,0,picoseuropa
Dehesa,71,2,3,0,picoseuropa
Dehesa,71,2,6,0,picoseuropa
Dehesa,71,2,9,0,picoseuropa
Grass,144344,2,1,0,picoseuropa
Grass,144344,2,12,0,picoseuropa
Grass,144344,2,3,0,picoseuropa
Grass,144344,2,6,0,picoseuropa
Grass,144344,2,9,0,picoseuropa
HydroRipVeg,811,2,1,0,picoseuropa
HydroRipVeg,811,2,12,0,picoseuropa
HydroRipVeg,811,2,3,0,picoseuropa
HydroRipVeg,811,2,6,0,picoseuropa
HydroRipVeg,811,2,9,0,picoseuropa
MedSclF,5374,2,1,0,picoseuropa
MedSclF,5374,2,12,0,picoseuropa
MedSclF,5374,2,3,0,picoseuropa
MedSclF,5374,2,6,0,picoseuropa
MedSclF,5374,2,9,0,picoseuropa
MedScrub,15105,2,1,0,picoseuropa
MedScrub,15105,2,12,0,picoseuropa
MedScrub,15105,2,3,0,picoseuropa
MedScrub,15105,2,6,0,picoseuropa
MedScrub,15105,2,9,0,picoseuropa
Reforestation,1269,2,1,0,picoseuropa
Reforestation,1269,2,12,0,picoseuropa
Reforestation,1269,2,3,0,picoseuropa
Reforestation,1269,2,6,0,picoseuropa
Reforestation,1269,2,9,0,picoseuropa
RipF,953,2,1,0,picoseuropa
RipF,953,2,12,0,picoseuropa
RipF,953,2,3,0,picoseuropa
RipF,953,2,6,0,picoseuropa
RipF,953,2,9,0,picoseuropa
RockScreeVeg,1134,2,1,0,picoseuropa
RockScreeVeg,1134,2,12,0,picoseuropa
RockScreeVeg,1134,2,3,0,picoseuropa
RockScreeVeg,1134,2,6,0,picoseuropa
RockScreeVeg,1134,2,9,0,picoseuropa
Shrub,1597,2,1,0,picoseuropa
Shrub,1597,2,12,0,picoseuropa
Shrub,1597,2,3,0,picoseuropa
Shrub,1597,2,6,0,picoseuropa
Shrub,1597,2,9,0,picoseuropa
SMedMarF,8552,2,1,0,picoseuropa
SMedMarF,8552,2,12,0,picoseuropa
SMedMarF,8552,2,3,0,picoseuropa
SMedMarF,8552,2,6,0,picoseuropa
SMedMarF,8552,2,9,0,picoseuropa
TempDecF,256029,2,1,0,picoseuropa
TempDecF,256029,2,12,0,picoseuropa
TempDecF,256029,2,3,0,picoseuropa
TempDecF,256029,2,6,0,picoseuropa
TempDecF,256029,2,9,0,picoseuropa
WaterSurf,737,2,1,0,picoseuropa
WaterSurf,737,2,12,0,picoseuropa
WaterSurf,737,2,3,0,picoseuropa
WaterSurf,737,2,6,0,picoseuropa
WaterSurf,737,2,9,0,picoseuropa
AlpScrGr,487768,3,1,0,picoseuropa
AlpScrGr,487768,3,12,0,picoseuropa
AlpScrGr,487768,3,3,0,picoseuropa
AlpScrGr,487768,3,6,0,picoseuropa
AlpScrGr,487768,3,9,0,picoseuropa
ArtSurf,2510,3,1,0,picoseuropa
ArtSurf,2510,3,12,0,picoseuropa
ArtSurf,2510,3,3,0,picoseuropa
ArtSurf,2510,3,6,0,picoseuropa
ArtSurf,2510,3,9,0,picoseuropa
AtlScrub,36927,3,1,0,picoseuropa
AtlScrub,36927,3,12,0,picoseuropa
AtlScrub,36927,3,3,0,picoseuropa
AtlScrub,36927,3,6,0,picoseuropa
AtlScrub,36927,3,9,0,picoseuropa
Crop,230,3,1,0,picoseuropa
Crop,230,3,12,0,picoseuropa
Crop,230,3,3,0,picoseuropa
Crop,230,3,6,0,picoseuropa
Crop,230,3,9,0,picoseuropa
Dehesa,71,3,1,0,picoseuropa
Dehesa,71,3,12,0,picoseuropa
Dehesa,71,3,3,0,picoseuropa
Dehesa,71,3,6,0,picoseuropa
Dehesa,71,3,9,0,picoseuropa
Grass,144481,3,1,0,picoseuropa
Grass,144481,3,12,0,picoseuropa
Grass,144481,3,3,0,picoseuropa
Grass,144481,3,6,0,picoseuropa
Grass,144481,3,9,0,picoseuropa
HydroRipVeg,811,3,1,0,picoseuropa
HydroRipVeg,811,3,12,0,picoseuropa
HydroRipVeg,811,3,3,0,picoseuropa
HydroRipVeg,811,3,6,0,picoseuropa
HydroRipVeg,811,3,9,0,picoseuropa
MedSclF,5590,3,1,0,picoseuropa
MedSclF,5590,3,12,0,picoseuropa
MedSclF,5590,3,3,0,picoseuropa
MedSclF,5590,3,6,0,picoseuropa
MedSclF,5590,3,9,0,picoseuropa
MedScrub,15115,3,1,0,picoseuropa
MedScrub,15115,3,12,0,picoseuropa
MedScrub,15115,3,3,0,picoseuropa
MedScrub,15115,3,6,0,picoseuropa
MedScrub,15115,3,9,0,picoseuropa
Reforestation,1269,3,1,0,picoseuropa
Reforestation,1269,3,12,0,picoseuropa
Reforestation,1269,3,3,0,picoseuropa
Reforestation,1269,3,6,0,picoseuropa
Reforestation,1269,3,9,0,picoseuropa
RipF,953,3,1,0,picoseuropa
RipF,953,3,12,0,picoseuropa
RipF,953,3,3,0,picoseuropa
RipF,953,3,6,0,picoseuropa
RipF,953,3,9,0,picoseuropa
RockScreeVeg,1135,3,1,0,picoseuropa
RockScreeVeg,1135,3,12,0,picoseuropa
RockScreeVeg,1135,3,3,0,picoseuropa
RockScreeVeg,1135,3,6,0,picoseuropa
RockScreeVeg,1135,3,9,0,picoseuropa
Shrub,1599,3,1,0,picoseuropa
Shrub,1599,3,12,0,picoseuropa
Shrub,1599,3,3,0,picoseuropa
Shrub,1599,3,6,0,picoseuropa
Shrub,1599,3,9,0,picoseuropa
SMedMarF,8558,3,1,0,picoseuropa
SMedMarF,8558,3,12,0,picoseuropa
SMedMarF,8558,3,3,0,picoseuropa
SMedMarF,8558,3,6,0,picoseuropa
SMedMarF,8558,3,9,0,picoseuropa
TempDecF,256357,3,1,0,picoseuropa
TempDecF,256357,3,12,0,picoseuropa
TempDecF,256357,3,3,0,picoseuropa
TempDecF,256357,3,6,0,picoseuropa
TempDecF,256357,3,9,0,picoseuropa
WaterSurf,760,3,1,0,picoseuropa
WaterSurf,760,3,12,0,picoseuropa
WaterSurf,760,3,3,0,picoseuropa
WaterSurf,760,3,6,0,picoseuropa
WaterSurf,760,3,9,0,picoseuropa
AlpScrGr,487876,4,1,0,picoseuropa
AlpScrGr,487876,4,12,0,picoseuropa
AlpScrGr,487876,4,3,0,picoseuropa
AlpScrGr,487876,4,6,0,picoseuropa
AlpScrGr,487876,4,9,0,picoseuropa
ArtSurf,2511,4,1,0,picoseuropa
ArtSurf,2511,4,12,0,picoseuropa
ArtSurf,2511,4,3,0,picoseuropa
ArtSurf,2511,4,6,0,picoseuropa
ArtSurf,2511,4,9,0,picoseuropa
AtlScrub,36929,4,1,0,picoseuropa
AtlScrub,36929,4,12,0,picoseuropa
AtlScrub,36929,4,3,0,picoseuropa
AtlScrub,36929,4,6,0,picoseuropa
AtlScrub,36929,4,9,0,picoseuropa
Crop,230,4,1,0,picoseuropa
Crop,230,4,12,0,picoseuropa
Crop,230,4,3,0,picoseuropa
Crop,230,4,6,0,picoseuropa
Crop,230,4,9,0,picoseuropa
Dehesa,71,4,1,0,picoseuropa
Dehesa,71,4,12,0,picoseuropa
Dehesa,71,4,3,0,picoseuropa
Dehesa,71,4,6,0,picoseuropa
Dehesa,71,4,9,0,picoseuropa
Grass,144505,4,1,0,picoseuropa
Grass,144505,4,12,0,picoseuropa
Grass,144505,4,3,0,picoseuropa
Grass,144505,4,6,0,picoseuropa
Grass,144505,4,9,0,picoseuropa
HydroRipVeg,811,4,1,0,picoseuropa
HydroRipVeg,811,4,12,0,picoseuropa
HydroRipVeg,811,4,3,0,picoseuropa
HydroRipVeg,811,4,6,0,picoseuropa
HydroRipVeg,811,4,9,0,picoseuropa
MedSclF,5591,4,1,0,picoseuropa
MedSclF,5591,4,12,0,picoseuropa
MedSclF,5591,4,3,0,picoseuropa
MedSclF,5591,4,6,0,picoseuropa
MedSclF,5591,4,9,0,picoseuropa
MedScrub,15118,4,1,0,picoseuropa
MedScrub,15118,4,12,0,picoseuropa
MedScrub,15118,4,3,0,picoseuropa
MedScrub,15118,4,6,0,picoseuropa
MedScrub,15118,4,9,0,picoseuropa
Reforestation,1269,4,1,0,picoseuropa
Reforestation,1269,4,12,0,picoseuropa
Reforestation,1269,4,3,0,picoseuropa
Reforestation,1269,4,6,0,picoseuropa
Reforestation,1269,4,9,0,picoseuropa
RipF,953,4,1,0,picoseuropa
RipF,953,4,12,0,picoseuropa
RipF,953,4,3,0,picoseuropa
RipF,953,4,6,0,picoseuropa
RipF,953,4,9,0,picoseuropa
RockScreeVeg,1135,4,1,0,picoseuropa
RockScreeVeg,1135,4,12,0,picoseuropa
RockScreeVeg,1135,4,3,0,picoseuropa
RockScreeVeg,1135,4,6,0,picoseuropa
RockScreeVeg,1135,4,9,0,picoseuropa
Shrub,1599,4,1,0,picoseuropa
Shrub,1599,4,12,0,picoseuropa
Shrub,1599,4,3,0,picoseuropa
Shrub,1599,4,6,0,picoseuropa
Shrub,1599,4,9,0,picoseuropa
SMedMarF,8558,4,1,0,picoseuropa
SMedMarF,8558,4,12,0,picoseuropa
SMedMarF,8558,4,3,0,picoseuropa
SMedMarF,8558,4,6,0,picoseuropa
SMedMarF,8558,4,9,0,picoseuropa
TempDecF,256516,4,1,0,picoseuropa
TempDecF,256516,4,12,0,picoseuropa
TempDecF,256516,4,3,0,picoseuropa
TempDecF,256516,4,6,0,picoseuropa
TempDecF,256516,4,9,0,picoseuropa
WaterSurf,763,4,1,0,picoseuropa
WaterSurf,763,4,12,0,picoseuropa
WaterSurf,763,4,3,0,picoseuropa
WaterSurf,763,4,6,0,picoseuropa
WaterSurf,763,4,9,0,picoseuropa
AlpScrGr,487848,5,1,0,picoseuropa
AlpScrGr,487848,5,12,0,picoseuropa
AlpScrGr,487848,5,3,0,picoseuropa
AlpScrGr,487848,5,6,0,picoseuropa
AlpScrGr,487848,5,9,0,picoseuropa
ArtSurf,2511,5,1,0,picoseuropa
ArtSurf,2511,5,12,0,picoseuropa
ArtSurf,2511,5,3,0,picoseuropa
ArtSurf,2511,5,6,0,picoseuropa
ArtSurf,2511,5,9,0,picoseuropa
AtlScrub,36969,5,1,0,picoseuropa
AtlScrub,36969,5,12,0,picoseuropa
AtlScrub,36969,5,3,0,picoseuropa
AtlScrub,36969,5,6,0,picoseuropa
AtlScrub,36969,5,9,0,picoseuropa
Crop,230,5,1,0,picoseuropa
Crop,230,5,12,0,picoseuropa
Crop,230,5,3,0,picoseuropa
Crop,230,5,6,0,picoseuropa
Crop,230,5,9,0,picoseuropa
Dehesa,71,5,1,0,picoseuropa
Dehesa,71,5,12,0,picoseuropa
Dehesa,71,5,3,0,picoseuropa
Dehesa,71,5,6,0,picoseuropa
Dehesa,71,5,9,0,picoseuropa
Grass,144570,5,1,0,picoseuropa
Grass,144570,5,12,0,picoseuropa
Grass,144570,5,3,0,picoseuropa
Grass,144570,5,6,0,picoseuropa
Grass,144570,5,9,0,picoseuropa
HydroRipVeg,815,5,1,0,picoseuropa
HydroRipVeg,815,5,12,0,picoseuropa
HydroRipVeg,815,5,3,0,picoseuropa
HydroRipVeg,815,5,6,0,picoseuropa
HydroRipVeg,815,5,9,0,picoseuropa
MedSclF,5631,5,1,0,picoseuropa
MedSclF,5631,5,12,0,picoseuropa
MedSclF,5631,5,3,0,picoseuropa
MedSclF,5631,5,6,0,picoseuropa
MedSclF,5631,5,9,0,picoseuropa
MedScrub,15123,5,1,0,picoseuropa
MedScrub,15123,5,12,0,picoseuropa
MedScrub,15123,5,3,0,picoseuropa
MedScrub,15123,5,6,0,picoseuropa
MedScrub,15123,5,9,0,picoseuropa
Reforestation,1269,5,1,0,picoseuropa
Reforestation,1269,5,12,0,picoseuropa
Reforestation,1269,5,3,0,picoseuropa
Reforestation,1269,5,6,0,picoseuropa
Reforestation,1269,5,9,0,picoseuropa
RipF,953,5,1,0,picoseuropa
RipF,953,5,12,0,picoseuropa
RipF,953,5,3,0,picoseuropa
RipF,953,5,6,0,picoseuropa
RipF,953,5,9,0,picoseuropa
RockScreeVeg,1135,5,1,0,picoseuropa
RockScreeVeg,1135,5,12,0,picoseuropa
RockScreeVeg,1135,5,3,0,picoseuropa
RockScreeVeg,1135,5,6,0,picoseuropa
RockScreeVeg,1135,5,9,0,picoseuropa
Shrub,1599,5,1,0,picoseuropa
Shrub,1599,5,12,0,picoseuropa
Shrub,1599,5,3,0,picoseuropa
Shrub,1599,5,6,0,picoseuropa
Shrub,1599,5,9,0,picoseuropa
SMedMarF,8558,5,1,0,picoseuropa
SMedMarF,8558,5,12,0,picoseuropa
SMedMarF,8558,5,3,0,picoseuropa
SMedMarF,8558,5,6,0,picoseuropa
SMedMarF,8558,5,9,0,picoseuropa
TempDecF,256687,5,1,0,picoseuropa
TempDecF,256687,5,12,0,picoseuropa
TempDecF,256687,5,3,0,picoseuropa
TempDecF,256687,5,6,0,picoseuropa
TempDecF,256687,5,9,0,picoseuropa
WaterSurf,773,5,1,0,picoseuropa
WaterSurf,773,5,12,0,picoseuropa
WaterSurf,773,5,3,0,picoseuropa
WaterSurf,773,5,6,0,picoseuropa
WaterSurf,773,5,9,0,picoseuropa
AlpScrGr,487273,6,1,0,picoseuropa
AlpScrGr,487273,6,12,0,picoseuropa
AlpScrGr,487273,6,3,0,picoseuropa
AlpScrGr,487273,6,6,0,picoseuropa
AlpScrGr,487273,6,9,0,picoseuropa
ArtSurf,2511,6,1,0,picoseuropa
ArtSurf,2511,6,12,0,picoseuropa
ArtSurf,2511,6,3,0,picoseuropa
ArtSurf,2511,6,6,0,picoseuropa
ArtSurf,2511,6,9,0,picoseuropa
AtlScrub,36969,6,1,0,picoseuropa
AtlScrub,36969,6,12,0,picoseuropa
AtlScrub,36969,6,3,0,picoseuropa
AtlScrub,36969,6,6,0,picoseuropa
AtlScrub,36969,6,9,0,picoseuropa
Crop,230,6,1,0,picoseuropa
Crop,230,6,12,0,picoseuropa
Crop,230,6,3,0,picoseuropa
Crop,230,6,6,0,picoseuropa
Crop,230,6,9,0,picoseuropa
Dehesa,71,6,1,0,picoseuropa
Dehesa,71,6,12,0,picoseuropa
Dehesa,71,6,3,0,picoseuropa
Dehesa,71,6,6,0,picoseuropa
Dehesa,71,6,9,0,picoseuropa
Grass,144593,6,1,0,picoseuropa
Grass,144593,6,12,0,picoseuropa
Grass,144593,6,3,0,picoseuropa
Grass,144593,6,6,0,picoseuropa
Grass,144593,6,9,0,picoseuropa
HydroRipVeg,815,6,1,0,picoseuropa
HydroRipVeg,815,6,12,0,picoseuropa
HydroRipVeg,815,6,3,0,picoseuropa
HydroRipVeg,815,6,6,0,picoseuropa
HydroRipVeg,815,6,9,0,picoseuropa
MedSclF,5631,6,1,0,picoseuropa
MedSclF,5631,6,12,0,picoseuropa
MedSclF,5631,6,3,0,picoseuropa
MedSclF,5631,6,6,0,picoseuropa
MedSclF,5631,6,9,0,picoseuropa
MedScrub,15123,6,1,0,picoseuropa
MedScrub,15123,6,12,0,picoseuropa
MedScrub,15123,6,3,0,picoseuropa
MedScrub,15123,6,6,0,picoseuropa
MedScrub,15123,6,9,0,picoseuropa
Reforestation,1269,6,1,0,picoseuropa
Reforestation,1269,6,12,0,picoseuropa
Reforestation,1269,6,3,0,picoseuropa
Reforestation,1269,6,6,0,picoseuropa
Reforestation,1269,6,9,0,picoseuropa
RipF,953,6,1,0,picoseuropa
RipF,953,6,12,0,picoseuropa
RipF,953,6,3,0,picoseuropa
RipF,953,6,6,0,picoseuropa
RipF,953,6,9,0,picoseuropa
RockScreeVeg,1135,6,1,0,picoseuropa
RockScreeVeg,1135,6,12,0,picoseuropa
RockScreeVeg,1135,6,3,0,picoseuropa
RockScreeVeg,1135,6,6,0,picoseuropa
RockScreeVeg,1135,6,9,0,picoseuropa
Shrub,1599,6,1,0,picoseuropa
Shrub,1599,6,12,0,picoseuropa
Shrub,1599,6,3,0,picoseuropa
Shrub,1599,6,6,0,picoseuropa
Shrub,1599,6,9,0,picoseuropa
SMedMarF,8558,6,1,0,picoseuropa
SMedMarF,8558,6,12,0,picoseuropa
SMedMarF,8558,6,3,0,picoseuropa
SMedMarF,8558,6,6,0,picoseuropa
SMedMarF,8558,6,9,0,picoseuropa
TempDecF,256695,6,1,0,picoseuropa
TempDecF,256695,6,12,0,picoseuropa
TempDecF,256695,6,3,0,picoseuropa
TempDecF,256695,6,6,0,picoseuropa
TempDecF,256695,6,9,0,picoseuropa
WaterSurf,774,6,1,0,picoseuropa
WaterSurf,774,6,12,0,picoseuropa
WaterSurf,774,6,3,0,picoseuropa
WaterSurf,774,6,6,0,picoseuropa
WaterSurf,774,6,9,0,picoseuropa
AlpScrGr,497696,7,1,0,picoseuropa
AlpScrGr,497696,7,12,0,picoseuropa
AlpScrGr,497696,7,3,0,picoseuropa
AlpScrGr,497696,7,6,0,picoseuropa
AlpScrGr,497696,7,9,0,picoseuropa
ArtSurf,2619,7,1,0,picoseuropa
ArtSurf,2619,7,12,0,picoseuropa
ArtSurf,2619,7,3,0,picoseuropa
ArtSurf,2619,7,6,0,picoseuropa
ArtSurf,2619,7,9,0,picoseuropa
AtlScrub,36969,7,1,0,picoseuropa
AtlScrub,36969,7,12,0,picoseuropa
AtlScrub,36969,7,3,0,picoseuropa
AtlScrub,36969,7,6,0,picoseuropa
AtlScrub,36969,7,9,0,picoseuropa
Crop,230,7,1,0,picoseuropa
Crop,230,7,12,0,picoseuropa
Crop,230,7,3,0,picoseuropa
Crop,230,7,6,0,picoseuropa
Crop,230,7,9,0,picoseuropa
Dehesa,71,7,1,0,picoseuropa
Dehesa,71,7,12,0,picoseuropa
Dehesa,71,7,3,0,picoseuropa
Dehesa,71,7,6,0,picoseuropa
Dehesa,71,7,9,0,picoseuropa
Grass,144792,7,1,0,picoseuropa
Grass,144792,7,12,0,picoseuropa
Grass,144792,7,3,0,picoseuropa
Grass,144792,7,6,0,picoseuropa
Grass,144792,7,9,0,picoseuropa
HydroRipVeg,815,7,1,0,picoseuropa
HydroRipVeg,815,7,12,0,picoseuropa
HydroRipVeg,815,7,3,0,picoseuropa
HydroRipVeg,815,7,6,0,picoseuropa
HydroRipVeg,815,7,9,0,picoseuropa
MedSclF,5631,7,1,0,picoseuropa
MedSclF,5631,7,12,0,picoseuropa
MedSclF,5631,7,3,0,picoseuropa
MedSclF,5631,7,6,0,picoseuropa
MedSclF,5631,7,9,0,picoseuropa
MedScrub,15123,7,1,0,picoseuropa
MedScrub,15123,7,12,0,picoseuropa
MedScrub,15123,7,3,0,picoseuropa
MedScrub,15123,7,6,0,picoseuropa
MedScrub,15123,7,9,0,picoseuropa
Reforestation,1269,7,1,0,picoseuropa
Reforestation,1269,7,12,0,picoseuropa
Reforestation,1269,7,3,0,picoseuropa
Reforestation,1269,7,6,0,picoseuropa
Reforestation,1269,7,9,0,picoseuropa
RipF,953,7,1,0,picoseuropa
RipF,953,7,12,0,picoseuropa
RipF,953,7,3,0,picoseuropa
RipF,953,7,6,0,picoseuropa
RipF,953,7,9,0,picoseuropa
RockScreeVeg,1135,7,1,0,picoseuropa
RockScreeVeg,1135,7,12,0,picoseuropa
RockScreeVeg,1135,7,3,0,picoseuropa
RockScreeVeg,1135,7,6,0,picoseuropa
RockScreeVeg,1135,7,9,0,picoseuropa
Shrub,1599,7,1,0,picoseuropa
Shrub,1599,7,12,0,picoseuropa
Shrub,1599,7,3,0,picoseuropa
Shrub,1599,7,6,0,picoseuropa
Shrub,1599,7,9,0,picoseuropa
SMedMarF,8558,7,1,0,picoseuropa
SMedMarF,8558,7,12,0,picoseuropa
SMedMarF,8558,7,3,0,picoseuropa
SMedMarF,8558,7,6,0,picoseuropa
SMedMarF,8558,7,9,0,picoseuropa
TempDecF,256697,7,1,0,picoseuropa
TempDecF,256697,7,12,0,picoseuropa
TempDecF,256697,7,3,0,picoseuropa
TempDecF,256697,7,6,0,picoseuropa
TempDecF,256697,7,9,0,picoseuropa
WaterSurf,774,7,1,0,picoseuropa
WaterSurf,774,7,12,0,picoseuropa
WaterSurf,774,7,3,0,picoseuropa
WaterSurf,774,7,6,0,picoseuropa
WaterSurf,774,7,9,0,picoseuropa
AlpScrGr,504321,8,1,0,picoseuropa
AlpScrGr,504321,8,12,0,picoseuropa
AlpScrGr,504321,8,3,0,picoseuropa
AlpScrGr,504321,8,6,0,picoseuropa
AlpScrGr,504321,8,9,0,picoseuropa
ArtSurf,2548,8,1,0,picoseuropa
ArtSurf,2548,8,12,0,picoseuropa
ArtSurf,2548,8,3,0,picoseuropa
ArtSurf,2548,8,6,0,picoseuropa
ArtSurf,2548,8,9,0,picoseuropa
AtlScrub,36969,8,1,0,picoseuropa
AtlScrub,36969,8,12,0,picoseuropa
AtlScrub,36969,8,3,0,picoseuropa
AtlScrub,36969,8,6,0,picoseuropa
AtlScrub,36969,8,9,0,picoseuropa
Crop,230,8,1,0,picoseuropa
Crop,230,8,12,0,picoseuropa
Crop,230,8,3,0,picoseuropa
Crop,230,8,6,0,picoseuropa
Crop,230,8,9,0,picoseuropa
Dehesa,71,8,1,0,picoseuropa
Dehesa,71,8,12,0,picoseuropa
Dehesa,71,8,3,0,picoseuropa
Dehesa,71,8,6,0,picoseuropa
Dehesa,71,8,9,0,picoseuropa
Grass,144733,8,1,0,picoseuropa
Grass,144733,8,12,0,picoseuropa
Grass,144733,8,3,0,picoseuropa
Grass,144733,8,6,0,picoseuropa
Grass,144733,8,9,0,picoseuropa
HydroRipVeg,815,8,1,0,picoseuropa
HydroRipVeg,815,8,12,0,picoseuropa
HydroRipVeg,815,8,3,0,picoseuropa
HydroRipVeg,815,8,6,0,picoseuropa
HydroRipVeg,815,8,9,0,picoseuropa
MedSclF,5631,8,1,0,picoseuropa
MedSclF,5631,8,12,0,picoseuropa
MedSclF,5631,8,3,0,picoseuropa
MedSclF,5631,8,6,0,picoseuropa
MedSclF,5631,8,9,0,picoseuropa
MedScrub,15121,8,1,0,picoseuropa
MedScrub,15121,8,12,0,picoseuropa
MedScrub,15121,8,3,0,picoseuropa
MedScrub,15121,8,6,0,picoseuropa
MedScrub,15121,8,9,0,picoseuropa
Reforestation,1269,8,1,0,picoseuropa
Reforestation,1269,8,12,0,picoseuropa
Reforestation,1269,8,3,0,picoseuropa
Reforestation,1269,8,6,0,picoseuropa
Reforestation,1269,8,9,0,picoseuropa
RipF,953,8,1,0,picoseuropa
RipF,953,8,12,0,picoseuropa
RipF,953,8,3,0,picoseuropa
RipF,953,8,6,0,picoseuropa
RipF,953,8,9,0,picoseuropa
RockScreeVeg,1135,8,1,0,picoseuropa
RockScreeVeg,1135,8,12,0,picoseuropa
RockScreeVeg,1135,8,3,0,picoseuropa
RockScreeVeg,1135,8,6,0,picoseuropa
RockScreeVeg,1135,8,9,0,picoseuropa
Shrub,1599,8,1,0,picoseuropa
Shrub,1599,8,12,0,picoseuropa
Shrub,1599,8,3,0,picoseuropa
Shrub,1599,8,6,0,picoseuropa
Shrub,1599,8,9,0,picoseuropa
SMedMarF,8558,8,1,0,picoseuropa
SMedMarF,8558,8,12,0,picoseuropa
SMedMarF,8558,8,3,0,picoseuropa
SMedMarF,8558,8,6,0,picoseuropa
SMedMarF,8558,8,9,0,picoseuropa
TempDecF,256675,8,1,0,picoseuropa
TempDecF,256675,8,12,0,picoseuropa
TempDecF,256675,8,3,0,picoseuropa
TempDecF,256675,8,6,0,picoseuropa
TempDecF,256675,8,9,0,picoseuropa
WaterSurf,771,8,1,0,picoseuropa
WaterSurf,771,8,12,0,picoseuropa
WaterSurf,771,8,3,0,picoseuropa
WaterSurf,771,8,6,0,picoseuropa
WaterSurf,771,8,9,0,picoseuropa
AlpScrGr,522100,9,1,0,picoseuropa
AlpScrGr,522100,9,12,0,picoseuropa
AlpScrGr,522100,9,3,0,picoseuropa
AlpScrGr,522100,9,6,0,picoseuropa
AlpScrGr,522100,9,9,0,picoseuropa
ArtSurf,2727,9,1,0,picoseuropa
ArtSurf,2727,9,12,0,picoseuropa
ArtSurf,2727,9,3,0,picoseuropa
ArtSurf,2727,9,6,0,picoseuropa
ArtSurf,2727,9,9,0,picoseuropa
AtlScrub,36964,9,1,0,picoseuropa
AtlScrub,36964,9,12,0,picoseuropa
AtlScrub,36964,9,3,0,picoseuropa
AtlScrub,36964,9,6,0,picoseuropa
AtlScrub,36964,9,9,0,picoseuropa
Crop,230,9,1,0,picoseuropa
Crop,230,9,12,0,picoseuropa
Crop,230,9,3,0,picoseuropa
Crop,230,9,6,0,picoseuropa
Crop,230,9,9,0,picoseuropa
Dehesa,71,9,1,0,picoseuropa
Dehesa,71,9,12,0,picoseuropa
Dehesa,71,9,3,0,picoseuropa
Dehesa,71,9,6,0,picoseuropa
Dehesa,71,9,9,0,picoseuropa
Grass,144813,9,1,0,picoseuropa
Grass,144813,9,12,0,picoseuropa
Grass,144813,9,3,0,picoseuropa
Grass,144813,9,6,0,picoseuropa
Grass,144813,9,9,0,picoseuropa
HydroRipVeg,811,9,1,0,picoseuropa
HydroRipVeg,811,9,12,0,picoseuropa
HydroRipVeg,811,9,3,0,picoseuropa
HydroRipVeg,811,9,6,0,picoseuropa
HydroRipVeg,811,9,9,0,picoseuropa
MedSclF,5617,9,1,0,picoseuropa
MedSclF,5617,9,12,0,picoseuropa
MedSclF,5617,9,3,0,picoseuropa
MedSclF,5617,9,6,0,picoseuropa
MedSclF,5617,9,9,0,picoseuropa
MedScrub,15119,9,1,0,picoseuropa
MedScrub,15119,9,12,0,picoseuropa
MedScrub,15119,9,3,0,picoseuropa
MedScrub,15119,9,6,0,picoseuropa
MedScrub,15119,9,9,0,picoseuropa
Reforestation,1269,9,1,0,picoseuropa
Reforestation,1269,9,12,0,picoseuropa
Reforestation,1269,9,3,0,picoseuropa
Reforestation,1269,9,6,0,picoseuropa
Reforestation,1269,9,9,0,picoseuropa
RipF,953,9,1,0,picoseuropa
RipF,953,9,12,0,picoseuropa
RipF,953,9,3,0,picoseuropa
RipF,953,9,6,0,picoseuropa
RipF,953,9,9,0,picoseuropa
RockScreeVeg,1135,9,1,0,picoseuropa
RockScreeVeg,1135,9,12,0,picoseuropa
RockScreeVeg,1135,9,3,0,picoseuropa
RockScreeVeg,1135,9,6,0,picoseuropa
RockScreeVeg,1135,9,9,0,picoseuropa
Shrub,1599,9,1,0,picoseuropa
Shrub,1599,9,12,0,picoseuropa
Shrub,1599,9,3,0,picoseuropa
Shrub,1599,9,6,0,picoseuropa
Shrub,1599,9,9,0,picoseuropa
SMedMarF,8558,9,1,0,picoseuropa
SMedMarF,8558,9,12,0,picoseuropa
SMedMarF,8558,9,3,0,picoseuropa
SMedMarF,8558,9,6,0,picoseuropa
SMedMarF,8558,9,9,0,picoseuropa
TempDecF,256510,9,1,0,picoseuropa
TempDecF,256510,9,12,0,picoseuropa
TempDecF,256510,9,3,0,picoseuropa
TempDecF,256510,9,6,0,picoseuropa
TempDecF,256510,9,9,0,picoseuropa
WaterSurf,761,9,1,0,picoseuropa
WaterSurf,761,9,12,0,picoseuropa
WaterSurf,761,9,3,0,picoseuropa
WaterSurf,761,9,6,0,picoseuropa
WaterSurf,761,9,9,0,picoseuropa
AlpScrGr,503669,10,1,0,picoseuropa
AlpScrGr,503669,10,12,0,picoseuropa
AlpScrGr,503669,10,3,0,picoseuropa
AlpScrGr,503669,10,6,0,picoseuropa
AlpScrGr,503669,10,9,0,picoseuropa
ArtSurf,2512,10,1,0,picoseuropa
ArtSurf,2512,10,12,0,picoseuropa
ArtSurf,2512,10,3,0,picoseuropa
ArtSurf,2512,10,6,0,picoseuropa
ArtSurf,2512,10,9,0,picoseuropa
AtlScrub,36927,10,1,0,picoseuropa
AtlScrub,36927,10,12,0,picoseuropa
AtlScrub,36927,10,3,0,picoseuropa
AtlScrub,36927,10,6,0,picoseuropa
AtlScrub,36927,10,9,0,picoseuropa
Crop,230,10,1,0,picoseuropa
Crop,230,10,12,0,picoseuropa
Crop,230,10,3,0,picoseuropa
Crop,230,10,6,0,picoseuropa
Crop,230,10,9,0,picoseuropa
Dehesa,71,10,1,0,picoseuropa
Dehesa,71,10,12,0,picoseuropa
Dehesa,71,10,3,0,picoseuropa
Dehesa,71,10,6,0,picoseuropa
Dehesa,71,10,9,0,picoseuropa
Grass,144539,10,1,0,picoseuropa
Grass,144539,10,12,0,picoseuropa
Grass,144539,10,3,0,picoseuropa
Grass,144539,10,6,0,picoseuropa
Grass,144539,10,9,0,picoseuropa
HydroRipVeg,811,10,1,0,picoseuropa
HydroRipVeg,811,10,12,0,picoseuropa
HydroRipVeg,811,10,3,0,picoseuropa
HydroRipVeg,811,10,6,0,picoseuropa
HydroRipVeg,811,10,9,0,picoseuropa
MedSclF,5580,10,1,0,picoseuropa
MedSclF,5580,10,12,0,picoseuropa
MedSclF,5580,10,3,0,picoseuropa
MedSclF,5580,10,6,0,picoseuropa
MedSclF,5580,10,9,0,picoseuropa
MedScrub,15115,10,1,0,picoseuropa
MedScrub,15115,10,12,0,picoseuropa
MedScrub,15115,10,3,0,picoseuropa
MedScrub,15115,10,6,0,picoseuropa
MedScrub,15115,10,9,0,picoseuropa
Reforestation,1269,10,1,0,picoseuropa
Reforestation,1269,10,12,0,picoseuropa
Reforestation,1269,10,3,0,picoseuropa
Reforestation,1269,10,6,0,picoseuropa
Reforestation,1269,10,9,0,picoseuropa
RipF,953,10,1,0,picoseuropa
RipF,953,10,12,0,picoseuropa
RipF,953,10,3,0,picoseuropa
RipF,953,10,6,0,picoseuropa
RipF,953,10,9,0,picoseuropa
RockScreeVeg,1135,10,1,0,picoseuropa
RockScreeVeg,1135,10,12,0,picoseuropa
RockScreeVeg,1135,10,3,0,picoseuropa
RockScreeVeg,1135,10,6,0,picoseuropa
RockScreeVeg,1135,10,9,0,picoseuropa
Shrub,1599,10,1,0,picoseuropa
Shrub,1599,10,12,0,picoseuropa
Shrub,1599,10,3,0,picoseuropa
Shrub,1599,10,6,0,picoseuropa
Shrub,1599,10,9,0,picoseuropa
SMedMarF,8558,10,1,0,picoseuropa
SMedMarF,8558,10,12,0,picoseuropa
SMedMarF,8558,10,3,0,picoseuropa
SMedMarF,8558,10,6,0,picoseuropa
SMedMarF,8558,10,9,0,picoseuropa
TempDecF,256336,10,1,0,picoseuropa
TempDecF,256336,10,12,0,picoseuropa
TempDecF,256336,10,3,0,picoseuropa
TempDecF,256336,10,6,0,picoseuropa
TempDecF,256336,10,9,0,picoseuropa
WaterSurf,752,10,1,0,picoseuropa
WaterSurf,752,10,12,0,picoseuropa
WaterSurf,752,10,3,0,picoseuropa
WaterSurf,752,10,6,0,picoseuropa
WaterSurf,752,10,9,0,picoseuropa
AlpScrGr,486719,11,1,0,picoseuropa
AlpScrGr,486719,11,12,0,picoseuropa
AlpScrGr,486719,11,3,0,picoseuropa
AlpScrGr,486719,11,6,0,picoseuropa
AlpScrGr,486719,11,9,0,picoseuropa
ArtSurf,2510,11,1,0,picoseuropa
ArtSurf,2510,11,12,0,picoseuropa
ArtSurf,2510,11,3,0,picoseuropa
ArtSurf,2510,11,6,0,picoseuropa
ArtSurf,2510,11,9,0,picoseuropa
AtlScrub,36869,11,1,0,picoseuropa
AtlScrub,36869,11,12,0,picoseuropa
AtlScrub,36869,11,3,0,picoseuropa
AtlScrub,36869,11,6,0,picoseuropa
AtlScrub,36869,11,9,0,picoseuropa
Crop,230,11,1,0,picoseuropa
Crop,230,11,12,0,picoseuropa
Crop,230,11,3,0,picoseuropa
Crop,230,11,6,0,picoseuropa
Crop,230,11,9,0,picoseuropa
Dehesa,71,11,1,0,picoseuropa
Dehesa,71,11,12,0,picoseuropa
Dehesa,71,11,3,0,picoseuropa
Dehesa,71,11,6,0,picoseuropa
Dehesa,71,11,9,0,picoseuropa
Grass,144253,11,1,0,picoseuropa
Grass,144253,11,12,0,picoseuropa
Grass,144253,11,3,0,picoseuropa
Grass,144253,11,6,0,picoseuropa
Grass,144253,11,9,0,picoseuropa
HydroRipVeg,811,11,1,0,picoseuropa
HydroRipVeg,811,11,12,0,picoseuropa
HydroRipVeg,811,11,3,0,picoseuropa
HydroRipVeg,811,11,6,0,picoseuropa
HydroRipVeg,811,11,9,0,picoseuropa
MedSclF,5373,11,1,0,picoseuropa
MedSclF,5373,11,12,0,picoseuropa
MedSclF,5373,11,3,0,picoseuropa
MedSclF,5373,11,6,0,picoseuropa
MedSclF,5373,11,9,0,picoseuropa
MedScrub,15082,11,1,0,picoseuropa
MedScrub,15082,11,12,0,picoseuropa
MedScrub,15082,11,3,0,picoseuropa
MedScrub,15082,11,6,0,picoseuropa
MedScrub,15082,11,9,0,picoseuropa
Reforestation,1269,11,1,0,picoseuropa
Reforestation,1269,11,12,0,picoseuropa
Reforestation,1269,11,3,0,picoseuropa
Reforestation,1269,11,6,0,picoseuropa
Reforestation,1269,11,9,0,picoseuropa
RipF,953,11,1,0,picoseuropa
RipF,953,11,12,0,picoseuropa
RipF,953,11,3,0,picoseuropa
RipF,953,11,6,0,picoseuropa
RipF,953,11,9,0,picoseuropa
RockScreeVeg,1132,11,1,0,picoseuropa
RockScreeVeg,1132,11,12,0,picoseuropa
RockScreeVeg,1132,11,3,0,picoseuropa
RockScreeVeg,1132,11,6,0,picoseuropa
RockScreeVeg,1132,11,9,0,picoseuropa
Shrub,1598,11,1,0,picoseuropa
Shrub,1598,11,12,0,picoseuropa
Shrub,1598,11,3,0,picoseuropa
Shrub,1598,11,6,0,picoseuropa
Shrub,1598,11,9,0,picoseuropa
SMedMarF,8555,11,1,0,picoseuropa
SMedMarF,8555,11,12,0,picoseuropa
SMedMarF,8555,11,3,0,picoseuropa
SMedMarF,8555,11,6,0,picoseuropa
SMedMarF,8555,11,9,0,picoseuropa
TempDecF,255911,11,1,0,picoseuropa
TempDecF,255911,11,12,0,picoseuropa
TempDecF,255911,11,3,0,picoseuropa
TempDecF,255911,11,6,0,picoseuropa
TempDecF,255911,11,9,0,picoseuropa
WaterSurf,745,11,1,0,picoseuropa
WaterSurf,745,11,12,0,picoseuropa
WaterSurf,745,11,3,0,picoseuropa
WaterSurf,745,11,6,0,picoseuropa
WaterSurf,745,11,9,0,picoseuropa
AlpScrGr,482406,12,1,0,picoseuropa
AlpScrGr,482406,12,12,0,picoseuropa
AlpScrGr,482406,12,3,0,picoseuropa
AlpScrGr,482406,12,6,0,picoseuropa
AlpScrGr,482406,12,9,0,picoseuropa
ArtSurf,2498,12,1,0,picoseuropa
ArtSurf,2498,12,12,0,picoseuropa
ArtSurf,2498,12,3,0,picoseuropa
ArtSurf,2498,12,6,0,picoseuropa
ArtSurf,2498,12,9,0,picoseuropa
AtlScrub,36212,12,1,0,picoseuropa
AtlScrub,36212,12,12,0,picoseuropa
AtlScrub,36212,12,3,0,picoseuropa
AtlScrub,36212,12,6,0,picoseuropa
AtlScrub,36212,12,9,0,picoseuropa
Crop,230,12,1,0,picoseuropa
Crop,230,12,12,0,picoseuropa
Crop,230,12,3,0,picoseuropa
Crop,230,12,6,0,picoseuropa
Crop,230,12,9,0,picoseuropa
Dehesa,57,12,1,0,picoseuropa
Dehesa,57,12,12,0,picoseuropa
Dehesa,57,12,3,0,picoseuropa
Dehesa,57,12,6,0,picoseuropa
Dehesa,57,12,9,0,picoseuropa
Grass,142707,12,1,0,picoseuropa
Grass,142707,12,12,0,picoseuropa
Grass,142707,12,3,0,picoseuropa
Grass,142707,12,6,0,picoseuropa
Grass,142707,12,9,0,picoseuropa
HydroRipVeg,802,12,1,0,picoseuropa
HydroRipVeg,802,12,12,0,picoseuropa
HydroRipVeg,802,12,3,0,picoseuropa
HydroRipVeg,802,12,6,0,picoseuropa
HydroRipVeg,802,12,9,0,picoseuropa
MedSclF,4578,12,1,0,picoseuropa
MedSclF,4578,12,12,0,picoseuropa
MedSclF,4578,12,3,0,picoseuropa
MedSclF,4578,12,6,0,picoseuropa
MedSclF,4578,12,9,0,picoseuropa
MedScrub,14918,12,1,0,picoseuropa
MedScrub,14918,12,12,0,picoseuropa
MedScrub,14918,12,3,0,picoseuropa
MedScrub,14918,12,6,0,picoseuropa
MedScrub,14918,12,9,0,picoseuropa
Reforestation,1266,12,1,0,picoseuropa
Reforestation,1266,12,12,0,picoseuropa
Reforestation,1266,12,3,0,picoseuropa
Reforestation,1266,12,6,0,picoseuropa
Reforestation,1266,12,9,0,picoseuropa
RipF,953,12,1,0,picoseuropa
RipF,953,12,12,0,picoseuropa
RipF,953,12,3,0,picoseuropa
RipF,953,12,6,0,picoseuropa
RipF,953,12,9,0,picoseuropa
RockScreeVeg,1099,12,1,0,picoseuropa
RockScreeVeg,1099,12,12,0,picoseuropa
RockScreeVeg,1099,12,3,0,picoseuropa
RockScreeVeg,1099,12,6,0,picoseuropa
RockScreeVeg,1099,12,9,0,picoseuropa
Shrub,1532,12,1,0,picoseuropa
Shrub,1532,12,12,0,picoseuropa
Shrub,1532,12,3,0,picoseuropa
Shrub,1532,12,6,0,picoseuropa
Shrub,1532,12,9,0,picoseuropa
SMedMarF,8419,12,1,0,picoseuropa
SMedMarF,8419,12,12,0,picoseuropa
SMedMarF,8419,12,3,0,picoseuropa
SMedMarF,8419,12,6,0,picoseuropa
SMedMarF,8419,12,9,0,picoseuropa
TempDecF,252908,12,1,0,picoseuropa
TempDecF,252908,12,12,0,picoseuropa
TempDecF,252908,12,3,0,picoseuropa
TempDecF,252908,12,6,0,picoseuropa
TempDecF,252908,12,9,0,picoseuropa
WaterSurf,708,12,1,0,picoseuropa
WaterSurf,708,12,12,0,picoseuropa
WaterSurf,708,12,3,0,picoseuropa
WaterSurf,708,12,6,0,picoseuropa
WaterSurf,708,12,9,0,picoseuropa
AlpConF,173794,1,1,0,sierranevada
AlpConF,173794,1,12,0,sierranevada
AlpConF,173794,1,3,0,sierranevada
AlpConF,173794,1,6,0,sierranevada
AlpConF,173794,1,9,0,sierranevada
AlpScrGr,631034,1,1,0,sierranevada
AlpScrGr,631034,1,12,0,sierranevada
AlpScrGr,631034,1,3,0,sierranevada
AlpScrGr,631034,1,6,0,sierranevada
AlpScrGr,631034,1,9,0,sierranevada
AridScr,766,1,1,0,sierranevada
AridScr,766,1,12,0,sierranevada
AridScr,766,1,3,0,sierranevada
AridScr,766,1,6,0,sierranevada
AridScr,766,1,9,0,sierranevada
ArtSurf,8799,1,1,0,sierranevada
ArtSurf,8799,1,12,0,sierranevada
ArtSurf,8799,1,3,0,sierranevada
ArtSurf,8799,1,6,0,sierranevada
ArtSurf,8799,1,9,0,sierranevada
BareArea,50,1,1,0,sierranevada
BareArea,50,1,12,0,sierranevada
BareArea,50,1,3,0,sierranevada
BareArea,50,1,6,0,sierranevada
BareArea,50,1,9,0,sierranevada
Crop,1432,1,1,0,sierranevada
Crop,1432,1,12,0,sierranevada
Crop,1432,1,3,0,sierranevada
Crop,1432,1,6,0,sierranevada
Crop,1432,1,9,0,sierranevada
Grass,77894,1,1,0,sierranevada
Grass,77894,1,12,0,sierranevada
Grass,77894,1,3,0,sierranevada
Grass,77894,1,6,0,sierranevada
Grass,77894,1,9,0,sierranevada
HaloVeg,90,1,1,0,sierranevada
HaloVeg,90,1,12,0,sierranevada
HaloVeg,90,1,3,0,sierranevada
HaloVeg,90,1,6,0,sierranevada
HaloVeg,90,1,9,0,sierranevada
HydroRipVeg,1442,1,1,0,sierranevada
HydroRipVeg,1442,1,12,0,sierranevada
HydroRipVeg,1442,1,3,0,sierranevada
HydroRipVeg,1442,1,6,0,sierranevada
HydroRipVeg,1442,1,9,0,sierranevada
MedConF,2985,1,1,0,sierranevada
MedConF,2985,1,12,0,sierranevada
MedConF,2985,1,3,0,sierranevada
MedConF,2985,1,6,0,sierranevada
MedConF,2985,1,9,0,sierranevada
MedSclF,38403,1,1,0,sierranevada
MedSclF,38403,1,12,0,sierranevada
MedSclF,38403,1,3,0,sierranevada
MedSclF,38403,1,6,0,sierranevada
MedSclF,38403,1,9,0,sierranevada
MedScrub,110649,1,1,0,sierranevada
MedScrub,110649,1,12,0,sierranevada
MedScrub,110649,1,3,0,sierranevada
MedScrub,110649,1,6,0,sierranevada
MedScrub,110649,1,9,0,sierranevada
Reforestation,29222,1,1,0,sierranevada
Reforestation,29222,1,12,0,sierranevada
Reforestation,29222,1,3,0,sierranevada
Reforestation,29222,1,6,0,sierranevada
Reforestation,29222,1,9,0,sierranevada
RipF,2926,1,1,0,sierranevada
RipF,2926,1,12,0,sierranevada
RipF,2926,1,3,0,sierranevada
RipF,2926,1,6,0,sierranevada
RipF,2926,1,9,0,sierranevada
RockScreeVeg,99111,1,1,0,sierranevada
RockScreeVeg,99111,1,12,0,sierranevada
RockScreeVeg,99111,1,3,0,sierranevada
RockScreeVeg,99111,1,6,0,sierranevada
RockScreeVeg,99111,1,9,0,sierranevada
Shrub,3805,1,1,0,sierranevada
Shrub,3805,1,12,0,sierranevada
Shrub,3805,1,3,0,sierranevada
Shrub,3805,1,6,0,sierranevada
Shrub,3805,1,9,0,sierranevada
SMedMarF,16274,1,1,0,sierranevada
SMedMarF,16274,1,12,0,sierranevada
SMedMarF,16274,1,3,0,sierranevada
SMedMarF,16274,1,6,0,sierranevada
SMedMarF,16274,1,9,0,sierranevada
WaterSurf,246,1,1,0,sierranevada
WaterSurf,246,1,12,0,sierranevada
WaterSurf,246,1,3,0,sierranevada
WaterSurf,246,1,6,0,sierranevada
WaterSurf,246,1,9,0,sierranevada
AlpConF,173794,2,1,0,sierranevada
AlpConF,173794,2,12,0,sierranevada
AlpConF,173794,2,3,0,sierranevada
AlpConF,173794,2,6,0,sierranevada
AlpConF,173794,2,9,0,sierranevada
AlpScrGr,631149,2,1,0,sierranevada
AlpScrGr,631149,2,12,0,sierranevada
AlpScrGr,631149,2,3,0,sierranevada
AlpScrGr,631149,2,6,0,sierranevada
AlpScrGr,631149,2,9,0,sierranevada
AridScr,773,2,1,0,sierranevada
AridScr,773,2,12,0,sierranevada
AridScr,773,2,3,0,sierranevada
AridScr,773,2,6,0,sierranevada
AridScr,773,2,9,0,sierranevada
ArtSurf,8799,2,1,0,sierranevada
ArtSurf,8799,2,12,0,sierranevada
ArtSurf,8799,2,3,0,sierranevada
ArtSurf,8799,2,6,0,sierranevada
ArtSurf,8799,2,9,0,sierranevada
BareArea,50,2,1,0,sierranevada
BareArea,50,2,12,0,sierranevada
BareArea,50,2,3,0,sierranevada
BareArea,50,2,6,0,sierranevada
BareArea,50,2,9,0,sierranevada
Crop,1432,2,1,0,sierranevada
Crop,1432,2,12,0,sierranevada
Crop,1432,2,3,0,sierranevada
Crop,1432,2,6,0,sierranevada
Crop,1432,2,9,0,sierranevada
Grass,77900,2,1,0,sierranevada
Grass,77900,2,12,0,sierranevada
Grass,77900,2,3,0,sierranevada
Grass,77900,2,6,0,sierranevada
Grass,77900,2,9,0,sierranevada
HaloVeg,90,2,1,0,sierranevada
HaloVeg,90,2,12,0,sierranevada
HaloVeg,90,2,3,0,sierranevada
HaloVeg,90,2,6,0,sierranevada
HaloVeg,90,2,9,0,sierranevada
HydroRipVeg,1447,2,1,0,sierranevada
HydroRipVeg,1447,2,12,0,sierranevada
HydroRipVeg,1447,2,3,0,sierranevada
HydroRipVeg,1447,2,6,0,sierranevada
HydroRipVeg,1447,2,9,0,sierranevada
MedConF,2985,2,1,0,sierranevada
MedConF,2985,2,12,0,sierranevada
MedConF,2985,2,3,0,sierranevada
MedConF,2985,2,6,0,sierranevada
MedConF,2985,2,9,0,sierranevada
MedSclF,38437,2,1,0,sierranevada
MedSclF,38437,2,12,0,sierranevada
MedSclF,38437,2,3,0,sierranevada
MedSclF,38437,2,6,0,sierranevada
MedSclF,38437,2,9,0,sierranevada
MedScrub,110663,2,1,0,sierranevada
MedScrub,110663,2,12,0,sierranevada
MedScrub,110663,2,3,0,sierranevada
MedScrub,110663,2,6,0,sierranevada
MedScrub,110663,2,9,0,sierranevada
Reforestation,29226,2,1,0,sierranevada
Reforestation,29226,2,12,0,sierranevada
Reforestation,29226,2,3,0,sierranevada
Reforestation,29226,2,6,0,sierranevada
Reforestation,29226,2,9,0,sierranevada
RipF,2930,2,1,0,sierranevada
RipF,2930,2,12,0,sierranevada
RipF,2930,2,3,0,sierranevada
RipF,2930,2,6,0,sierranevada
RipF,2930,2,9,0,sierranevada
RockScreeVeg,99119,2,1,0,sierranevada
RockScreeVeg,99119,2,12,0,sierranevada
RockScreeVeg,99119,2,3,0,sierranevada
RockScreeVeg,99119,2,6,0,sierranevada
RockScreeVeg,99119,2,9,0,sierranevada
Shrub,3805,2,1,0,sierranevada
Shrub,3805,2,12,0,sierranevada
Shrub,3805,2,3,0,sierranevada
Shrub,3805,2,6,0,sierranevada
Shrub,3805,2,9,0,sierranevada
SMedMarF,16274,2,1,0,sierranevada
SMedMarF,16274,2,12,0,sierranevada
SMedMarF,16274,2,3,0,sierranevada
SMedMarF,16274,2,6,0,sierranevada
SMedMarF,16274,2,9,0,sierranevada
WaterSurf,246,2,1,0,sierranevada
WaterSurf,246,2,12,0,sierranevada
WaterSurf,246,2,3,0,sierranevada
WaterSurf,246,2,6,0,sierranevada
WaterSurf,246,2,9,0,sierranevada
AlpConF,173796,3,1,0,sierranevada
AlpConF,173796,3,12,0,sierranevada
AlpConF,173796,3,3,0,sierranevada
AlpConF,173796,3,6,0,sierranevada
AlpConF,173796,3,9,0,sierranevada
AlpScrGr,631177,3,1,0,sierranevada
AlpScrGr,631177,3,12,0,sierranevada
AlpScrGr,631177,3,3,0,sierranevada
AlpScrGr,631177,3,6,0,sierranevada
AlpScrGr,631177,3,9,0,sierranevada
AridScr,774,3,1,0,sierranevada
AridScr,774,3,12,0,sierranevada
AridScr,774,3,3,0,sierranevada
AridScr,774,3,6,0,sierranevada
AridScr,774,3,9,0,sierranevada
ArtSurf,8799,3,1,0,sierranevada
ArtSurf,8799,3,12,0,sierranevada
ArtSurf,8799,3,3,0,sierranevada
ArtSurf,8799,3,6,0,sierranevada
ArtSurf,8799,3,9,0,sierranevada
BareArea,50,3,1,0,sierranevada
BareArea,50,3,12,0,sierranevada
BareArea,50,3,3,0,sierranevada
BareArea,50,3,6,0,sierranevada
BareArea,50,3,9,0,sierranevada
Crop,1432,3,1,0,sierranevada
Crop,1432,3,12,0,sierranevada
Crop,1432,3,3,0,sierranevada
Crop,1432,3,6,0,sierranevada
Crop,1432,3,9,0,sierranevada
Grass,77900,3,1,0,sierranevada
Grass,77900,3,12,0,sierranevada
Grass,77900,3,3,0,sierranevada
Grass,77900,3,6,0,sierranevada
Grass,77900,3,9,0,sierranevada
HaloVeg,90,3,1,0,sierranevada
HaloVeg,90,3,12,0,sierranevada
HaloVeg,90,3,3,0,sierranevada
HaloVeg,90,3,6,0,sierranevada
HaloVeg,90,3,9,0,sierranevada
HydroRipVeg,1448,3,1,0,sierranevada
HydroRipVeg,1448,3,12,0,sierranevada
HydroRipVeg,1448,3,3,0,sierranevada
HydroRipVeg,1448,3,6,0,sierranevada
HydroRipVeg,1448,3,9,0,sierranevada
MedConF,2985,3,1,0,sierranevada
MedConF,2985,3,12,0,sierranevada
MedConF,2985,3,3,0,sierranevada
MedConF,2985,3,6,0,sierranevada
MedConF,2985,3,9,0,sierranevada
MedSclF,38437,3,1,0,sierranevada
MedSclF,38437,3,12,0,sierranevada
MedSclF,38437,3,3,0,sierranevada
MedSclF,38437,3,6,0,sierranevada
MedSclF,38437,3,9,0,sierranevada
MedScrub,110663,3,1,0,sierranevada
MedScrub,110663,3,12,0,sierranevada
MedScrub,110663,3,3,0,sierranevada
MedScrub,110663,3,6,0,sierranevada
MedScrub,110663,3,9,0,sierranevada
Reforestation,29226,3,1,0,sierranevada
Reforestation,29226,3,12,0,sierranevada
Reforestation,29226,3,3,0,sierranevada
Reforestation,29226,3,6,0,sierranevada
Reforestation,29226,3,9,0,sierranevada
RipF,2930,3,1,0,sierranevada
RipF,2930,3,12,0,sierranevada
RipF,2930,3,3,0,sierranevada
RipF,2930,3,6,0,sierranevada
RipF,2930,3,9,0,sierranevada
RockScreeVeg,99121,3,1,0,sierranevada
RockScreeVeg,99121,3,12,0,sierranevada
RockScreeVeg,99121,3,3,0,sierranevada
RockScreeVeg,99121,3,6,0,sierranevada
RockScreeVeg,99121,3,9,0,sierranevada
Shrub,3805,3,1,0,sierranevada
Shrub,3805,3,12,0,sierranevada
Shrub,3805,3,3,0,sierranevada
Shrub,3805,3,6,0,sierranevada
Shrub,3805,3,9,0,sierranevada
SMedMarF,16274,3,1,0,sierranevada
SMedMarF,16274,3,12,0,sierranevada
SMedMarF,16274,3,3,0,sierranevada
SMedMarF,16274,3,6,0,sierranevada
SMedMarF,16274,3,9,0,sierranevada
WaterSurf,246,3,1,0,sierranevada
WaterSurf,246,3,12,0,sierranevada
WaterSurf,246,3,3,0,sierranevada
WaterSurf,246,3,6,0,sierranevada
WaterSurf,246,3,9,0,sierranevada
AlpConF,173796,4,1,0,sierranevada
AlpConF,173796,4,12,0,sierranevada
AlpConF,173796,4,3,0,sierranevada
AlpConF,173796,4,6,0,sierranevada
AlpConF,173796,4,9,0,sierranevada
AlpScrGr,631177,4,1,0,sierranevada
AlpScrGr,631177,4,12,0,sierranevada
AlpScrGr,631177,4,3,0,sierranevada
AlpScrGr,631177,4,6,0,sierranevada
AlpScrGr,631177,4,9,0,sierranevada
AridScr,774,4,1,0,sierranevada
AridScr,774,4,12,0,sierranevada
AridScr,774,4,3,0,sierranevada
AridScr,774,4,6,0,sierranevada
AridScr,774,4,9,0,sierranevada
ArtSurf,8799,4,1,0,sierranevada
ArtSurf,8799,4,12,0,sierranevada
ArtSurf,8799,4,3,0,sierranevada
ArtSurf,8799,4,6,0,sierranevada
ArtSurf,8799,4,9,0,sierranevada
BareArea,50,4,1,0,sierranevada
BareArea,50,4,12,0,sierranevada
BareArea,50,4,3,0,sierranevada
BareArea,50,4,6,0,sierranevada
BareArea,50,4,9,0,sierranevada
Crop,1432,4,1,0,sierranevada
Crop,1432,4,12,0,sierranevada
Crop,1432,4,3,0,sierranevada
Crop,1432,4,6,0,sierranevada
Crop,1432,4,9,0,sierranevada
Grass,77900,4,1,0,sierranevada
Grass,77900,4,12,0,sierranevada
Grass,77900,4,3,0,sierranevada
Grass,77900,4,6,0,sierranevada
Grass,77900,4,9,0,sierranevada
HaloVeg,90,4,1,0,sierranevada
HaloVeg,90,4,12,0,sierranevada
HaloVeg,90,4,3,0,sierranevada
HaloVeg,90,4,6,0,sierranevada
HaloVeg,90,4,9,0,sierranevada
HydroRipVeg,1448,4,1,0,sierranevada
HydroRipVeg,1448,4,12,0,sierranevada
HydroRipVeg,1448,4,3,0,sierranevada
HydroRipVeg,1448,4,6,0,sierranevada
HydroRipVeg,1448,4,9,0,sierranevada
MedConF,2985,4,1,0,sierranevada
MedConF,2985,4,12,0,sierranevada
MedConF,2985,4,3,0,sierranevada
MedConF,2985,4,6,0,sierranevada
MedConF,2985,4,9,0,sierranevada
MedSclF,38437,4,1,0,sierranevada
MedSclF,38437,4,12,0,sierranevada
MedSclF,38437,4,3,0,sierranevada
MedSclF,38437,4,6,0,sierranevada
MedSclF,38437,4,9,0,sierranevada
MedScrub,110663,4,1,0,sierranevada
MedScrub,110663,4,12,0,sierranevada
MedScrub,110663,4,3,0,sierranevada
MedScrub,110663,4,6,0,sierranevada
MedScrub,110663,4,9,0,sierranevada
Reforestation,29226,4,1,0,sierranevada
Reforestation,29226,4,12,0,sierranevada
Reforestation,29226,4,3,0,sierranevada
Reforestation,29226,4,6,0,sierranevada
Reforestation,29226,4,9,0,sierranevada
RipF,2930,4,1,0,sierranevada
RipF,2930,4,12,0,sierranevada
RipF,2930,4,3,0,sierranevada
RipF,2930,4,6,0,sierranevada
RipF,2930,4,9,0,sierranevada
RockScreeVeg,99121,4,1,0,sierranevada
RockScreeVeg,99121,4,12,0,sierranevada
RockScreeVeg,99121,4,3,0,sierranevada
RockScreeVeg,99121,4,6,0,sierranevada
RockScreeVeg,99121,4,9,0,sierranevada
Shrub,3805,4,1,0,sierranevada
Shrub,3805,4,12,0,sierranevada
Shrub,3805,4,3,0,sierranevada
Shrub,3805,4,6,0,sierranevada
Shrub,3805,4,9,0,sierranevada
SMedMarF,16274,4,1,0,sierranevada
SMedMarF,16274,4,12,0,sierranevada
SMedMarF,16274,4,3,0,sierranevada
SMedMarF,16274,4,6,0,sierranevada
SMedMarF,16274,4,9,0,sierranevada
WaterSurf,246,4,1,0,sierranevada
WaterSurf,246,4,12,0,sierranevada
WaterSurf,246,4,3,0,sierranevada
WaterSurf,246,4,6,0,sierranevada
WaterSurf,246,4,9,0,sierranevada
AlpConF,173796,5,1,0,sierranevada
AlpConF,173796,5,12,0,sierranevada
AlpConF,173796,5,3,0,sierranevada
AlpConF,173796,5,6,0,sierranevada
AlpConF,173796,5,9,0,sierranevada
AlpScrGr,631177,5,1,0,sierranevada
AlpScrGr,631177,5,12,0,sierranevada
AlpScrGr,631177,5,3,0,sierranevada
AlpScrGr,631177,5,6,0,sierranevada
AlpScrGr,631177,5,9,0,sierranevada
AridScr,774,5,1,0,sierranevada
AridScr,774,5,12,0,sierranevada
AridScr,774,5,3,0,sierranevada
AridScr,774,5,6,0,sierranevada
AridScr,774,5,9,0,sierranevada
ArtSurf,8799,5,1,0,sierranevada
ArtSurf,8799,5,12,0,sierranevada
ArtSurf,8799,5,3,0,sierranevada
ArtSurf,8799,5,6,0,sierranevada
ArtSurf,8799,5,9,0,sierranevada
BareArea,50,5,1,0,sierranevada
BareArea,50,5,12,0,sierranevada
BareArea,50,5,3,0,sierranevada
BareArea,50,5,6,0,sierranevada
BareArea,50,5,9,0,sierranevada
Crop,1432,5,1,0,sierranevada
Crop,1432,5,12,0,sierranevada
Crop,1432,5,3,0,sierranevada
Crop,1432,5,6,0,sierranevada
Crop,1432,5,9,0,sierranevada
Grass,77900,5,1,0,sierranevada
Grass,77900,5,12,0,sierranevada
Grass,77900,5,3,0,sierranevada
Grass,77900,5,6,0,sierranevada
Grass,77900,5,9,0,sierranevada
HaloVeg,90,5,1,0,sierranevada
HaloVeg,90,5,12,0,sierranevada
HaloVeg,90,5,3,0,sierranevada
HaloVeg,90,5,6,0,sierranevada
HaloVeg,90,5,9,0,sierranevada
HydroRipVeg,1448,5,1,0,sierranevada
HydroRipVeg,1448,5,12,0,sierranevada
HydroRipVeg,1448,5,3,0,sierranevada
HydroRipVeg,1448,5,6,0,sierranevada
HydroRipVeg,1448,5,9,0,sierranevada
MedConF,2985,5,1,0,sierranevada
MedConF,2985,5,12,0,sierranevada
MedConF,2985,5,3,0,sierranevada
MedConF,2985,5,6,0,sierranevada
MedConF,2985,5,9,0,sierranevada
MedSclF,38437,5,1,0,sierranevada
MedSclF,38437,5,12,0,sierranevada
MedSclF,38437,5,3,0,sierranevada
MedSclF,38437,5,6,0,sierranevada
MedSclF,38437,5,9,0,sierranevada
MedScrub,110663,5,1,0,sierranevada
MedScrub,110663,5,12,0,sierranevada
MedScrub,110663,5,3,0,sierranevada
MedScrub,110663,5,6,0,sierranevada
MedScrub,110663,5,9,0,sierranevada
Reforestation,29226,5,1,0,sierranevada
Reforestation,29226,5,12,0,sierranevada
Reforestation,29226,5,3,0,sierranevada
Reforestation,29226,5,6,0,sierranevada
Reforestation,29226,5,9,0,sierranevada
RipF,2930,5,1,0,sierranevada
RipF,2930,5,12,0,sierranevada
RipF,2930,5,3,0,sierranevada
RipF,2930,5,6,0,sierranevada
RipF,2930,5,9,0,sierranevada
RockScreeVeg,99121,5,1,0,sierranevada
RockScreeVeg,99121,5,12,0,sierranevada
RockScreeVeg,99121,5,3,0,sierranevada
RockScreeVeg,99121,5,6,0,sierranevada
RockScreeVeg,99121,5,9,0,sierranevada
Shrub,3805,5,1,0,sierranevada
Shrub,3805,5,12,0,sierranevada
Shrub,3805,5,3,0,sierranevada
Shrub,3805,5,6,0,sierranevada
Shrub,3805,5,9,0,sierranevada
SMedMarF,16274,5,1,0,sierranevada
SMedMarF,16274,5,12,0,sierranevada
SMedMarF,16274,5,3,0,sierranevada
SMedMarF,16274,5,6,0,sierranevada
SMedMarF,16274,5,9,0,sierranevada
WaterSurf,246,5,1,0,sierranevada
WaterSurf,246,5,12,0,sierranevada
WaterSurf,246,5,3,0,sierranevada
WaterSurf,246,5,6,0,sierranevada
WaterSurf,246,5,9,0,sierranevada
AlpConF,173796,6,1,0,sierranevada
AlpConF,173796,6,12,0,sierranevada
AlpConF,173796,6,3,0,sierranevada
AlpConF,173796,6,6,0,sierranevada
AlpConF,173796,6,9,0,sierranevada
AlpScrGr,631177,6,1,0,sierranevada
AlpScrGr,631177,6,12,0,sierranevada
AlpScrGr,631177,6,3,0,sierranevada
AlpScrGr,631177,6,6,0,sierranevada
AlpScrGr,631177,6,9,0,sierranevada
AridScr,774,6,1,0,sierranevada
AridScr,774,6,12,0,sierranevada
AridScr,774,6,3,0,sierranevada
AridScr,774,6,6,0,sierranevada
AridScr,774,6,9,0,sierranevada
ArtSurf,8799,6,1,0,sierranevada
ArtSurf,8799,6,12,0,sierranevada
ArtSurf,8799,6,3,0,sierranevada
ArtSurf,8799,6,6,0,sierranevada
ArtSurf,8799,6,9,0,sierranevada
BareArea,50,6,1,0,sierranevada
BareArea,50,6,12,0,sierranevada
BareArea,50,6,3,0,sierranevada
BareArea,50,6,6,0,sierranevada
BareArea,50,6,9,0,sierranevada
Crop,1432,6,1,0,sierranevada
Crop,1432,6,12,0,sierranevada
Crop,1432,6,3,0,sierranevada
Crop,1432,6,6,0,sierranevada
Crop,1432,6,9,0,sierranevada
Grass,77900,6,1,0,sierranevada
Grass,77900,6,12,0,sierranevada
Grass,77900,6,3,0,sierranevada
Grass,77900,6,6,0,sierranevada
Grass,77900,6,9,0,sierranevada
HaloVeg,90,6,1,0,sierranevada
HaloVeg,90,6,12,0,sierranevada
HaloVeg,90,6,3,0,sierranevada
HaloVeg,90,6,6,0,sierranevada
HaloVeg,90,6,9,0,sierranevada
HydroRipVeg,1448,6,1,0,sierranevada
HydroRipVeg,1448,6,12,0,sierranevada
HydroRipVeg,1448,6,3,0,sierranevada
HydroRipVeg,1448,6,6,0,sierranevada
HydroRipVeg,1448,6,9,0,sierranevada
MedConF,2985,6,1,0,sierranevada
MedConF,2985,6,12,0,sierranevada
MedConF,2985,6,3,0,sierranevada
MedConF,2985,6,6,0,sierranevada
MedConF,2985,6,9,0,sierranevada
MedSclF,38437,6,1,0,sierranevada
MedSclF,38437,6,12,0,sierranevada
MedSclF,38437,6,3,0,sierranevada
MedSclF,38437,6,6,0,sierranevada
MedSclF,38437,6,9,0,sierranevada
MedScrub,110663,6,1,0,sierranevada
MedScrub,110663,6,12,0,sierranevada
MedScrub,110663,6,3,0,sierranevada
MedScrub,110663,6,6,0,sierranevada
MedScrub,110663,6,9,0,sierranevada
Reforestation,29226,6,1,0,sierranevada
Reforestation,29226,6,12,0,sierranevada
Reforestation,29226,6,3,0,sierranevada
Reforestation,29226,6,6,0,sierranevada
Reforestation,29226,6,9,0,sierranevada
RipF,2930,6,1,0,sierranevada
RipF,2930,6,12,0,sierranevada
RipF,2930,6,3,0,sierranevada
RipF,2930,6,6,0,sierranevada
RipF,2930,6,9,0,sierranevada
RockScreeVeg,99121,6,1,0,sierranevada
RockScreeVeg,99121,6,12,0,sierranevada
RockScreeVeg,99121,6,3,0,sierranevada
RockScreeVeg,99121,6,6,0,sierranevada
RockScreeVeg,99121,6,9,0,sierranevada
Shrub,3805,6,1,0,sierranevada
Shrub,3805,6,12,0,sierranevada
Shrub,3805,6,3,0,sierranevada
Shrub,3805,6,6,0,sierranevada
Shrub,3805,6,9,0,sierranevada
SMedMarF,16274,6,1,0,sierranevada
SMedMarF,16274,6,12,0,sierranevada
SMedMarF,16274,6,3,0,sierranevada
SMedMarF,16274,6,6,0,sierranevada
SMedMarF,16274,6,9,0,sierranevada
WaterSurf,246,6,1,0,sierranevada
WaterSurf,246,6,12,0,sierranevada
WaterSurf,246,6,3,0,sierranevada
WaterSurf,246,6,6,0,sierranevada
WaterSurf,246,6,9,0,sierranevada
AlpConF,173796,7,1,44597,sierranevada
AlpConF,173796,7,12,1397,sierranevada
AlpConF,173796,7,3,4009,sierranevada
AlpConF,173796,7,6,189,sierranevada
AlpConF,173796,7,9,1276,sierranevada
AlpScrGr,631181,7,1,11198,sierranevada
AlpScrGr,631181,7,12,336,sierranevada
AlpScrGr,631181,7,3,207669,sierranevada
AlpScrGr,631181,7,6,972,sierranevada
AlpScrGr,631181,7,9,241,sierranevada
AridScr,774,7,1,57,sierranevada
AridScr,774,7,12,0,sierranevada
AridScr,774,7,3,78,sierranevada
AridScr,774,7,6,14,sierranevada
AridScr,774,7,9,1,sierranevada
ArtSurf,8799,7,1,247,sierranevada
ArtSurf,8799,7,12,59,sierranevada
ArtSurf,8799,7,3,749,sierranevada
ArtSurf,8799,7,6,46,sierranevada
ArtSurf,8799,7,9,51,sierranevada
BareArea,50,7,1,1,sierranevada
BareArea,50,7,12,0,sierranevada
BareArea,50,7,3,8,sierranevada
BareArea,50,7,6,2,sierranevada
BareArea,50,7,9,0,sierranevada
Crop,1432,7,1,21,sierranevada
Crop,1432,7,12,3,sierranevada
Crop,1432,7,3,274,sierranevada
Crop,1432,7,6,182,sierranevada
Crop,1432,7,9,19,sierranevada
Grass,77900,7,1,8185,sierranevada
Grass,77900,7,12,751,sierranevada
Grass,77900,7,3,8421,sierranevada
Grass,77900,7,6,265,sierranevada
Grass,77900,7,9,237,sierranevada
HaloVeg,90,7,1,0,sierranevada
HaloVeg,90,7,12,0,sierranevada
HaloVeg,90,7,3,36,sierranevada
HaloVeg,90,7,6,0,sierranevada
HaloVeg,90,7,9,0,sierranevada
HydroRipVeg,1448,7,1,76,sierranevada
HydroRipVeg,1448,7,12,0,sierranevada
HydroRipVeg,1448,7,3,366,sierranevada
HydroRipVeg,1448,7,6,1,sierranevada
HydroRipVeg,1448,7,9,2,sierranevada
MedConF,2985,7,1,162,sierranevada
MedConF,2985,7,12,0,sierranevada
MedConF,2985,7,3,20,sierranevada
MedConF,2985,7,6,0,sierranevada
MedConF,2985,7,9,0,sierranevada
MedSclF,38437,7,1,2221,sierranevada
MedSclF,38437,7,12,42,sierranevada
MedSclF,38437,7,3,3188,sierranevada
MedSclF,38437,7,6,527,sierranevada
MedSclF,38437,7,9,70,sierranevada
MedScrub,110663,7,1,4796,sierranevada
MedScrub,110663,7,12,906,sierranevada
MedScrub,110663,7,3,23036,sierranevada
MedScrub,110663,7,6,1297,sierranevada
MedScrub,110663,7,9,313,sierranevada
Reforestation,29226,7,1,4091,sierranevada
Reforestation,29226,7,12,137,sierranevada
Reforestation,29226,7,3,1012,sierranevada
Reforestation,29226,7,6,16,sierranevada
Reforestation,29226,7,9,65,sierranevada
RipF,2930,7,1,349,sierranevada
RipF,2930,7,12,9,sierranevada
RipF,2930,7,3,330,sierranevada
RipF,2930,7,6,2,sierranevada
RipF,2930,7,9,0,sierranevada
RockScreeVeg,99121,7,1,1282,sierranevada
RockScreeVeg,99121,7,12,72,sierranevada
RockScreeVeg,99121,7,3,4737,sierranevada
RockScreeVeg,99121,7,6,303,sierranevada
RockScreeVeg,99121,7,9,52,sierranevada
Shrub,3805,7,1,201,sierranevada
Shrub,3805,7,12,1,sierranevada
Shrub,3805,7,3,1120,sierranevada
Shrub,3805,7,6,4,sierranevada
Shrub,3805,7,9,1,sierranevada
SMedMarF,16274,7,1,1122,sierranevada
SMedMarF,16274,7,12,2,sierranevada
SMedMarF,16274,7,3,680,sierranevada
SMedMarF,16274,7,6,8,sierranevada
SMedMarF,16274,7,9,5,sierranevada
WaterSurf,246,7,1,3,sierranevada
WaterSurf,246,7,12,0,sierranevada
WaterSurf,246,7,3,2,sierranevada
WaterSurf,246,7,6,0,sierranevada
WaterSurf,246,7,9,0,sierranevada
AlpConF,173796,8,1,0,sierranevada
AlpConF,173796,8,12,0,sierranevada
AlpConF,173796,8,3,0,sierranevada
AlpConF,173796,8,6,0,sierranevada
AlpConF,173796,8,9,0,sierranevada
AlpScrGr,631178,8,1,0,sierranevada
AlpScrGr,631178,8,12,0,sierranevada
AlpScrGr,631178,8,3,0,sierranevada
AlpScrGr,631178,8,6,0,sierranevada
AlpScrGr,631178,8,9,0,sierranevada
AridScr,774,8,1,0,sierranevada
AridScr,774,8,12,0,sierranevada
AridScr,774,8,3,0,sierranevada
AridScr,774,8,6,0,sierranevada
AridScr,774,8,9,0,sierranevada
ArtSurf,8799,8,1,0,sierranevada
ArtSurf,8799,8,12,0,sierranevada
ArtSurf,8799,8,3,0,sierranevada
ArtSurf,8799,8,6,0,sierranevada
ArtSurf,8799,8,9,0,sierranevada
BareArea,50,8,1,0,sierranevada
BareArea,50,8,12,0,sierranevada
BareArea,50,8,3,0,sierranevada
BareArea,50,8,6,0,sierranevada
BareArea,50,8,9,0,sierranevada
Crop,1432,8,1,0,sierranevada
Crop,1432,8,12,0,sierranevada
Crop,1432,8,3,0,sierranevada
Crop,1432,8,6,0,sierranevada
Crop,1432,8,9,0,sierranevada
Grass,77900,8,1,0,sierranevada
Grass,77900,8,12,0,sierranevada
Grass,77900,8,3,0,sierranevada
Grass,77900,8,6,0,sierranevada
Grass,77900,8,9,0,sierranevada
HaloVeg,90,8,1,0,sierranevada
HaloVeg,90,8,12,0,sierranevada
HaloVeg,90,8,3,0,sierranevada
HaloVeg,90,8,6,0,sierranevada
HaloVeg,90,8,9,0,sierranevada
HydroRipVeg,1448,8,1,0,sierranevada
HydroRipVeg,1448,8,12,0,sierranevada
HydroRipVeg,1448,8,3,0,sierranevada
HydroRipVeg,1448,8,6,0,sierranevada
HydroRipVeg,1448,8,9,0,sierranevada
MedConF,2985,8,1,0,sierranevada
MedConF,2985,8,12,0,sierranevada
MedConF,2985,8,3,0,sierranevada
MedConF,2985,8,6,0,sierranevada
MedConF,2985,8,9,0,sierranevada
MedSclF,38437,8,1,0,sierranevada
MedSclF,38437,8,12,0,sierranevada
MedSclF,38437,8,3,0,sierranevada
MedSclF,38437,8,6,0,sierranevada
MedSclF,38437,8,9,0,sierranevada
MedScrub,110663,8,1,0,sierranevada
MedScrub,110663,8,12,0,sierranevada
MedScrub,110663,8,3,0,sierranevada
MedScrub,110663,8,6,0,sierranevada
MedScrub,110663,8,9,0,sierranevada
Reforestation,29226,8,1,0,sierranevada
Reforestation,29226,8,12,0,sierranevada
Reforestation,29226,8,3,0,sierranevada
Reforestation,29226,8,6,0,sierranevada
Reforestation,29226,8,9,0,sierranevada
RipF,2930,8,1,0,sierranevada
RipF,2930,8,12,0,sierranevada
RipF,2930,8,3,0,sierranevada
RipF,2930,8,6,0,sierranevada
RipF,2930,8,9,0,sierranevada
RockScreeVeg,99121,8,1,0,sierranevada
RockScreeVeg,99121,8,12,0,sierranevada
RockScreeVeg,99121,8,3,0,sierranevada
RockScreeVeg,99121,8,6,0,sierranevada
RockScreeVeg,99121,8,9,0,sierranevada
Shrub,3805,8,1,0,sierranevada
Shrub,3805,8,12,0,sierranevada
Shrub,3805,8,3,0,sierranevada
Shrub,3805,8,6,0,sierranevada
Shrub,3805,8,9,0,sierranevada
SMedMarF,16274,8,1,0,sierranevada
SMedMarF,16274,8,12,0,sierranevada
SMedMarF,16274,8,3,0,sierranevada
SMedMarF,16274,8,6,0,sierranevada
SMedMarF,16274,8,9,0,sierranevada
WaterSurf,246,8,1,0,sierranevada
WaterSurf,246,8,12,0,sierranevada
WaterSurf,246,8,3,0,sierranevada
WaterSurf,246,8,6,0,sierranevada
WaterSurf,246,8,9,0,sierranevada
AlpConF,173796,9,1,0,sierranevada
AlpConF,173796,9,12,0,sierranevada
AlpConF,173796,9,3,0,sierranevada
AlpConF,173796,9,6,0,sierranevada
AlpConF,173796,9,9,0,sierranevada
AlpScrGr,631177,9,1,0,sierranevada
AlpScrGr,631177,9,12,0,sierranevada
AlpScrGr,631177,9,3,0,sierranevada
AlpScrGr,631177,9,6,0,sierranevada
AlpScrGr,631177,9,9,0,sierranevada
AridScr,774,9,1,0,sierranevada
AridScr,774,9,12,0,sierranevada
AridScr,774,9,3,0,sierranevada
AridScr,774,9,6,0,sierranevada
AridScr,774,9,9,0,sierranevada
ArtSurf,8799,9,1,0,sierranevada
ArtSurf,8799,9,12,0,sierranevada
ArtSurf,8799,9,3,0,sierranevada
ArtSurf,8799,9,6,0,sierranevada
ArtSurf,8799,9,9,0,sierranevada
BareArea,50,9,1,0,sierranevada
BareArea,50,9,12,0,sierranevada
BareArea,50,9,3,0,sierranevada
BareArea,50,9,6,0,sierranevada
BareArea,50,9,9,0,sierranevada
Crop,1432,9,1,0,sierranevada
Crop,1432,9,12,0,sierranevada
Crop,1432,9,3,0,sierranevada
Crop,1432,9,6,0,sierranevada
Crop,1432,9,9,0,sierranevada
Grass,77900,9,1,0,sierranevada
Grass,77900,9,12,0,sierranevada
Grass,77900,9,3,0,sierranevada
Grass,77900,9,6,0,sierranevada
Grass,77900,9,9,0,sierranevada
HaloVeg,90,9,1,0,sierranevada
HaloVeg,90,9,12,0,sierranevada
HaloVeg,90,9,3,0,sierranevada
HaloVeg,90,9,6,0,sierranevada
HaloVeg,90,9,9,0,sierranevada
HydroRipVeg,1448,9,1,0,sierranevada
HydroRipVeg,1448,9,12,0,sierranevada
HydroRipVeg,1448,9,3,0,sierranevada
HydroRipVeg,1448,9,6,0,sierranevada
HydroRipVeg,1448,9,9,0,sierranevada
MedConF,2985,9,1,0,sierranevada
MedConF,2985,9,12,0,sierranevada
MedConF,2985,9,3,0,sierranevada
MedConF,2985,9,6,0,sierranevada
MedConF,2985,9,9,0,sierranevada
MedSclF,38437,9,1,0,sierranevada
MedSclF,38437,9,12,0,sierranevada
MedSclF,38437,9,3,0,sierranevada
MedSclF,38437,9,6,0,sierranevada
MedSclF,38437,9,9,0,sierranevada
MedScrub,110663,9,1,0,sierranevada
MedScrub,110663,9,12,0,sierranevada
MedScrub,110663,9,3,0,sierranevada
MedScrub,110663,9,6,0,sierranevada
MedScrub,110663,9,9,0,sierranevada
Reforestation,29226,9,1,0,sierranevada
Reforestation,29226,9,12,0,sierranevada
Reforestation,29226,9,3,0,sierranevada
Reforestation,29226,9,6,0,sierranevada
Reforestation,29226,9,9,0,sierranevada
RipF,2930,9,1,0,sierranevada
RipF,2930,9,12,0,sierranevada
RipF,2930,9,3,0,sierranevada
RipF,2930,9,6,0,sierranevada
RipF,2930,9,9,0,sierranevada
RockScreeVeg,99121,9,1,0,sierranevada
RockScreeVeg,99121,9,12,0,sierranevada
RockScreeVeg,99121,9,3,0,sierranevada
RockScreeVeg,99121,9,6,0,sierranevada
RockScreeVeg,99121,9,9,0,sierranevada
Shrub,3805,9,1,0,sierranevada
Shrub,3805,9,12,0,sierranevada
Shrub,3805,9,3,0,sierranevada
Shrub,3805,9,6,0,sierranevada
Shrub,3805,9,9,0,sierranevada
SMedMarF,16274,9,1,0,sierranevada
SMedMarF,16274,9,12,0,sierranevada
SMedMarF,16274,9,3,0,sierranevada
SMedMarF,16274,9,6,0,sierranevada
SMedMarF,16274,9,9,0,sierranevada
WaterSurf,246,9,1,0,sierranevada
WaterSurf,246,9,12,0,sierranevada
WaterSurf,246,9,3,0,sierranevada
WaterSurf,246,9,6,0,sierranevada
WaterSurf,246,9,9,0,sierranevada
AlpConF,173796,10,1,0,sierranevada
AlpConF,173796,10,12,0,sierranevada
AlpConF,173796,10,3,0,sierranevada
AlpConF,173796,10,6,0,sierranevada
AlpConF,173796,10,9,0,sierranevada
AlpScrGr,631178,10,1,0,sierranevada
AlpScrGr,631178,10,12,0,sierranevada
AlpScrGr,631178,10,3,0,sierranevada
AlpScrGr,631178,10,6,0,sierranevada
AlpScrGr,631178,10,9,0,sierranevada
AridScr,774,10,1,0,sierranevada
AridScr,774,10,12,0,sierranevada
AridScr,774,10,3,0,sierranevada
AridScr,774,10,6,0,sierranevada
AridScr,774,10,9,0,sierranevada
ArtSurf,8799,10,1,0,sierranevada
ArtSurf,8799,10,12,0,sierranevada
ArtSurf,8799,10,3,0,sierranevada
ArtSurf,8799,10,6,0,sierranevada
ArtSurf,8799,10,9,0,sierranevada
BareArea,50,10,1,0,sierranevada
BareArea,50,10,12,0,sierranevada
BareArea,50,10,3,0,sierranevada
BareArea,50,10,6,0,sierranevada
BareArea,50,10,9,0,sierranevada
Crop,1432,10,1,0,sierranevada
Crop,1432,10,12,0,sierranevada
Crop,1432,10,3,0,sierranevada
Crop,1432,10,6,0,sierranevada
Crop,1432,10,9,0,sierranevada
Grass,77900,10,1,0,sierranevada
Grass,77900,10,12,0,sierranevada
Grass,77900,10,3,0,sierranevada
Grass,77900,10,6,0,sierranevada
Grass,77900,10,9,0,sierranevada
HaloVeg,90,10,1,0,sierranevada
HaloVeg,90,10,12,0,sierranevada
HaloVeg,90,10,3,0,sierranevada
HaloVeg,90,10,6,0,sierranevada
HaloVeg,90,10,9,0,sierranevada
HydroRipVeg,1448,10,1,0,sierranevada
HydroRipVeg,1448,10,12,0,sierranevada
HydroRipVeg,1448,10,3,0,sierranevada
HydroRipVeg,1448,10,6,0,sierranevada
HydroRipVeg,1448,10,9,0,sierranevada
MedConF,2985,10,1,0,sierranevada
MedConF,2985,10,12,0,sierranevada
MedConF,2985,10,3,0,sierranevada
MedConF,2985,10,6,0,sierranevada
MedConF,2985,10,9,0,sierranevada
MedSclF,38437,10,1,0,sierranevada
MedSclF,38437,10,12,0,sierranevada
MedSclF,38437,10,3,0,sierranevada
MedSclF,38437,10,6,0,sierranevada
MedSclF,38437,10,9,0,sierranevada
MedScrub,110663,10,1,0,sierranevada
MedScrub,110663,10,12,0,sierranevada
MedScrub,110663,10,3,0,sierranevada
MedScrub,110663,10,6,0,sierranevada
MedScrub,110663,10,9,0,sierranevada
Reforestation,29226,10,1,0,sierranevada
Reforestation,29226,10,12,0,sierranevada
Reforestation,29226,10,3,0,sierranevada
Reforestation,29226,10,6,0,sierranevada
Reforestation,29226,10,9,0,sierranevada
RipF,2930,10,1,0,sierranevada
RipF,2930,10,12,0,sierranevada
RipF,2930,10,3,0,sierranevada
RipF,2930,10,6,0,sierranevada
RipF,2930,10,9,0,sierranevada
RockScreeVeg,99121,10,1,0,sierranevada
RockScreeVeg,99121,10,12,0,sierranevada
RockScreeVeg,99121,10,3,0,sierranevada
RockScreeVeg,99121,10,6,0,sierranevada
RockScreeVeg,99121,10,9,0,sierranevada
Shrub,3805,10,1,0,sierranevada
Shrub,3805,10,12,0,sierranevada
Shrub,3805,10,3,0,sierranevada
Shrub,3805,10,6,0,sierranevada
Shrub,3805,10,9,0,sierranevada
SMedMarF,16274,10,1,0,sierranevada
SMedMarF,16274,10,12,0,sierranevada
SMedMarF,16274,10,3,0,sierranevada
SMedMarF,16274,10,6,0,sierranevada
SMedMarF,16274,10,9,0,sierranevada
WaterSurf,246,10,1,0,sierranevada
WaterSurf,246,10,12,0,sierranevada
WaterSurf,246,10,3,0,sierranevada
WaterSurf,246,10,6,0,sierranevada
WaterSurf,246,10,9,0,sierranevada
AlpConF,173794,11,1,0,sierranevada
AlpConF,173794,11,12,0,sierranevada
AlpConF,173794,11,3,0,sierranevada
AlpConF,173794,11,6,0,sierranevada
AlpConF,173794,11,9,0,sierranevada
AlpScrGr,631149,11,1,0,sierranevada
AlpScrGr,631149,11,12,0,sierranevada
AlpScrGr,631149,11,3,0,sierranevada
AlpScrGr,631149,11,6,0,sierranevada
AlpScrGr,631149,11,9,0,sierranevada
AridScr,772,11,1,0,sierranevada
AridScr,772,11,12,0,sierranevada
AridScr,772,11,3,0,sierranevada
AridScr,772,11,6,0,sierranevada
AridScr,772,11,9,0,sierranevada
ArtSurf,8799,11,1,0,sierranevada
ArtSurf,8799,11,12,0,sierranevada
ArtSurf,8799,11,3,0,sierranevada
ArtSurf,8799,11,6,0,sierranevada
ArtSurf,8799,11,9,0,sierranevada
BareArea,50,11,1,0,sierranevada
BareArea,50,11,12,0,sierranevada
BareArea,50,11,3,0,sierranevada
BareArea,50,11,6,0,sierranevada
BareArea,50,11,9,0,sierranevada
Crop,1432,11,1,0,sierranevada
Crop,1432,11,12,0,sierranevada
Crop,1432,11,3,0,sierranevada
Crop,1432,11,6,0,sierranevada
Crop,1432,11,9,0,sierranevada
Grass,77897,11,1,0,sierranevada
Grass,77897,11,12,0,sierranevada
Grass,77897,11,3,0,sierranevada
Grass,77897,11,6,0,sierranevada
Grass,77897,11,9,0,sierranevada
HaloVeg,90,11,1,0,sierranevada
HaloVeg,90,11,12,0,sierranevada
HaloVeg,90,11,3,0,sierranevada
HaloVeg,90,11,6,0,sierranevada
HaloVeg,90,11,9,0,sierranevada
HydroRipVeg,1448,11,1,0,sierranevada
HydroRipVeg,1448,11,12,0,sierranevada
HydroRipVeg,1448,11,3,0,sierranevada
HydroRipVeg,1448,11,6,0,sierranevada
HydroRipVeg,1448,11,9,0,sierranevada
MedConF,2985,11,1,0,sierranevada
MedConF,2985,11,12,0,sierranevada
MedConF,2985,11,3,0,sierranevada
MedConF,2985,11,6,0,sierranevada
MedConF,2985,11,9,0,sierranevada
MedSclF,38428,11,1,0,sierranevada
MedSclF,38428,11,12,0,sierranevada
MedSclF,38428,11,3,0,sierranevada
MedSclF,38428,11,6,0,sierranevada
MedSclF,38428,11,9,0,sierranevada
MedScrub,110657,11,1,0,sierranevada
MedScrub,110657,11,12,0,sierranevada
MedScrub,110657,11,3,0,sierranevada
MedScrub,110657,11,6,0,sierranevada
MedScrub,110657,11,9,0,sierranevada
Reforestation,29224,11,1,0,sierranevada
Reforestation,29224,11,12,0,sierranevada
Reforestation,29224,11,3,0,sierranevada
Reforestation,29224,11,6,0,sierranevada
Reforestation,29224,11,9,0,sierranevada
RipF,2930,11,1,0,sierranevada
RipF,2930,11,12,0,sierranevada
RipF,2930,11,3,0,sierranevada
RipF,2930,11,6,0,sierranevada
RipF,2930,11,9,0,sierranevada
RockScreeVeg,99119,11,1,0,sierranevada
RockScreeVeg,99119,11,12,0,sierranevada
RockScreeVeg,99119,11,3,0,sierranevada
RockScreeVeg,99119,11,6,0,sierranevada
RockScreeVeg,99119,11,9,0,sierranevada
Shrub,3805,11,1,0,sierranevada
Shrub,3805,11,12,0,sierranevada
Shrub,3805,11,3,0,sierranevada
Shrub,3805,11,6,0,sierranevada
Shrub,3805,11,9,0,sierranevada
SMedMarF,16274,11,1,0,sierranevada
SMedMarF,16274,11,12,0,sierranevada
SMedMarF,16274,11,3,0,sierranevada
SMedMarF,16274,11,6,0,sierranevada
SMedMarF,16274,11,9,0,sierranevada
WaterSurf,246,11,1,0,sierranevada
WaterSurf,246,11,12,0,sierranevada
WaterSurf,246,11,3,0,sierranevada
WaterSurf,246,11,6,0,sierranevada
WaterSurf,246,11,9,0,sierranevada
AlpConF,173767,12,1,0,sierranevada
AlpConF,173767,12,12,0,sierranevada
AlpConF,173767,12,3,0,sierranevada
AlpConF,173767,12,6,0,sierranevada
AlpConF,173767,12,9,0,sierranevada
AlpScrGr,631026,12,1,0,sierranevada
AlpScrGr,631026,12,12,0,sierranevada
AlpScrGr,631026,12,3,0,sierranevada
AlpScrGr,631026,12,6,0,sierranevada
AlpScrGr,631026,12,9,0,sierranevada
AridScr,763,12,1,0,sierranevada
AridScr,763,12,12,0,sierranevada
AridScr,763,12,3,0,sierranevada
AridScr,763,12,6,0,sierranevada
AridScr,763,12,9,0,sierranevada
ArtSurf,8799,12,1,0,sierranevada
ArtSurf,8799,12,12,0,sierranevada
ArtSurf,8799,12,3,0,sierranevada
ArtSurf,8799,12,6,0,sierranevada
ArtSurf,8799,12,9,0,sierranevada
BareArea,50,12,1,0,sierranevada
BareArea,50,12,12,0,sierranevada
BareArea,50,12,3,0,sierranevada
BareArea,50,12,6,0,sierranevada
BareArea,50,12,9,0,sierranevada
Crop,1432,12,1,0,sierranevada
Crop,1432,12,12,0,sierranevada
Crop,1432,12,3,0,sierranevada
Crop,1432,12,6,0,sierranevada
Crop,1432,12,9,0,sierranevada
Grass,77879,12,1,0,sierranevada
Grass,77879,12,12,0,sierranevada
Grass,77879,12,3,0,sierranevada
Grass,77879,12,6,0,sierranevada
Grass,77879,12,9,0,sierranevada
HaloVeg,90,12,1,0,sierranevada
HaloVeg,90,12,12,0,sierranevada
HaloVeg,90,12,3,0,sierranevada
HaloVeg,90,12,6,0,sierranevada
HaloVeg,90,12,9,0,sierranevada
HydroRipVeg,1442,12,1,0,sierranevada
HydroRipVeg,1442,12,12,0,sierranevada
HydroRipVeg,1442,12,3,0,sierranevada
HydroRipVeg,1442,12,6,0,sierranevada
HydroRipVeg,1442,12,9,0,sierranevada
MedConF,2985,12,1,0,sierranevada
MedConF,2985,12,12,0,sierranevada
MedConF,2985,12,3,0,sierranevada
MedConF,2985,12,6,0,sierranevada
MedConF,2985,12,9,0,sierranevada
MedSclF,38375,12,1,0,sierranevada
MedSclF,38375,12,12,0,sierranevada
MedSclF,38375,12,3,0,sierranevada
MedSclF,38375,12,6,0,sierranevada
MedSclF,38375,12,9,0,sierranevada
MedScrub,110617,12,1,0,sierranevada
MedScrub,110617,12,12,0,sierranevada
MedScrub,110617,12,3,0,sierranevada
MedScrub,110617,12,6,0,sierranevada
MedScrub,110617,12,9,0,sierranevada
Reforestation,29221,12,1,0,sierranevada
Reforestation,29221,12,12,0,sierranevada
Reforestation,29221,12,3,0,sierranevada
Reforestation,29221,12,6,0,sierranevada
Reforestation,29221,12,9,0,sierranevada
RipF,2928,12,1,0,sierranevada
RipF,2928,12,12,0,sierranevada
RipF,2928,12,3,0,sierranevada
RipF,2928,12,6,0,sierranevada
RipF,2928,12,9,0,sierranevada
RockScreeVeg,99098,12,1,0,sierranevada
RockScreeVeg,99098,12,12,0,sierranevada
RockScreeVeg,99098,12,3,0,sierranevada
RockScreeVeg,99098,12,6,0,sierranevada
RockScreeVeg,99098,12,9,0,sierranevada
Shrub,3805,12,1,0,sierranevada
Shrub,3805,12,12,0,sierranevada
Shrub,3805,12,3,0,sierranevada
Shrub,3805,12,6,0,sierranevada
Shrub,3805,12,9,0,sierranevada
SMedMarF,16272,12,1,0,sierranevada
SMedMarF,16272,12,12,0,sierranevada
SMedMarF,16272,12,3,0,sierranevada
SMedMarF,16272,12,6,0,sierranevada
SMedMarF,16272,12,9,0,sierranevada
WaterSurf,246,12,1,0,sierranevada
WaterSurf,246,12,12,0,sierranevada
WaterSurf,246,12,3,0,sierranevada
WaterSurf,246,12,6,0,sierranevada
WaterSurf,246,12,9,0,sierranevada
