"Id_SNVeg","n_total","n_sig","prop_sig","parque","escala","mes"
"AlpConF",47119,73,0.15,"aiguestortes",1,1
"AlpScrGr",90179,43,0.05,"aiguestortes",1,1
"Grass",649,0,0,"aiguestortes",1,1
"HydroRipVeg",599,0,0,"aiguestortes",1,1
"RipF",223,0,0,"aiguestortes",1,1
"RockScreeVeg",60305,7,0.01,"aiguestortes",1,1
"Shrub",528,0,0,"aiguestortes",1,1
"TempDecF",913,11,1.2,"aiguestortes",1,1
"WaterSurf",4432,0,0,"aiguestortes",1,1
"AlpConF",47129,235,0.5,"aiguestortes",1,2
"AlpScrGr",90472,118,0.13,"aiguestortes",1,2
"Grass",647,0,0,"aiguestortes",1,2
"HydroRipVeg",599,0,0,"aiguestortes",1,2
"RipF",223,0,0,"aiguestortes",1,2
"RockScreeVeg",60535,79,0.13,"aiguestortes",1,2
"Shrub",528,2,0.38,"aiguestortes",1,2
"TempDecF",913,5,0.55,"aiguestortes",1,2
"WaterSurf",4432,1,0.02,"aiguestortes",1,2
"AlpConF",47131,1,0,"aiguestortes",1,3
"AlpScrGr",90046,10,0.01,"aiguestortes",1,3
"Grass",650,0,0,"aiguestortes",1,3
"HydroRipVeg",599,0,0,"aiguestortes",1,3
"RipF",223,0,0,"aiguestortes",1,3
"RockScreeVeg",59792,4,0.01,"aiguestortes",1,3
"Shrub",528,0,0,"aiguestortes",1,3
"TempDecF",913,0,0,"aiguestortes",1,3
"WaterSurf",4426,0,0,"aiguestortes",1,3
"AlpConF",47129,0,0,"aiguestortes",1,4
"AlpScrGr",89976,0,0,"aiguestortes",1,4
"Grass",650,0,0,"aiguestortes",1,4
"HydroRipVeg",599,0,0,"aiguestortes",1,4
"RipF",223,0,0,"aiguestortes",1,4
"RockScreeVeg",59380,0,0,"aiguestortes",1,4
"Shrub",528,0,0,"aiguestortes",1,4
"TempDecF",913,0,0,"aiguestortes",1,4
"WaterSurf",4420,0,0,"aiguestortes",1,4
"AlpConF",47125,0,0,"aiguestortes",1,5
"AlpScrGr",89502,0,0,"aiguestortes",1,5
"Grass",650,0,0,"aiguestortes",1,5
"HydroRipVeg",599,0,0,"aiguestortes",1,5
"RipF",223,0,0,"aiguestortes",1,5
"RockScreeVeg",58338,0,0,"aiguestortes",1,5
"Shrub",528,0,0,"aiguestortes",1,5
"TempDecF",913,0,0,"aiguestortes",1,5
"WaterSurf",4420,0,0,"aiguestortes",1,5
"AlpConF",47156,0,0,"aiguestortes",1,6
"AlpScrGr",89985,0,0,"aiguestortes",1,6
"Grass",650,0,0,"aiguestortes",1,6
"HydroRipVeg",599,0,0,"aiguestortes",1,6
"RipF",223,0,0,"aiguestortes",1,6
"RockScreeVeg",59389,0,0,"aiguestortes",1,6
"Shrub",528,0,0,"aiguestortes",1,6
"TempDecF",913,0,0,"aiguestortes",1,6
"WaterSurf",4420,0,0,"aiguestortes",1,6
"AlpConF",47156,0,0,"aiguestortes",1,7
"AlpScrGr",90194,0,0,"aiguestortes",1,7
"Grass",650,0,0,"aiguestortes",1,7
"HydroRipVeg",599,0,0,"aiguestortes",1,7
"RipF",223,0,0,"aiguestortes",1,7
"RockScreeVeg",59993,0,0,"aiguestortes",1,7
"Shrub",528,0,0,"aiguestortes",1,7
"TempDecF",913,0,0,"aiguestortes",1,7
"WaterSurf",4420,0,0,"aiguestortes",1,7
"AlpConF",47156,0,0,"aiguestortes",1,8
"AlpScrGr",90902,0,0,"aiguestortes",1,8
"Grass",650,0,0,"aiguestortes",1,8
"HydroRipVeg",599,0,0,"aiguestortes",1,8
"RipF",223,0,0,"aiguestortes",1,8
"RockScreeVeg",61591,0,0,"aiguestortes",1,8
"Shrub",528,0,0,"aiguestortes",1,8
"TempDecF",913,0,0,"aiguestortes",1,8
"WaterSurf",4420,0,0,"aiguestortes",1,8
"AlpConF",47133,0,0,"aiguestortes",1,9
"AlpScrGr",91031,0,0,"aiguestortes",1,9
"Grass",650,0,0,"aiguestortes",1,9
"HydroRipVeg",599,0,0,"aiguestortes",1,9
"RipF",223,0,0,"aiguestortes",1,9
"RockScreeVeg",61732,0,0,"aiguestortes",1,9
"Shrub",528,0,0,"aiguestortes",1,9
"TempDecF",913,0,0,"aiguestortes",1,9
"WaterSurf",4423,0,0,"aiguestortes",1,9
"AlpConF",47131,0,0,"aiguestortes",1,10
"AlpScrGr",90476,0,0,"aiguestortes",1,10
"Grass",650,0,0,"aiguestortes",1,10
"HydroRipVeg",599,0,0,"aiguestortes",1,10
"RipF",223,0,0,"aiguestortes",1,10
"RockScreeVeg",60534,0,0,"aiguestortes",1,10
"Shrub",528,0,0,"aiguestortes",1,10
"TempDecF",913,0,0,"aiguestortes",1,10
"WaterSurf",4420,0,0,"aiguestortes",1,10
"AlpConF",47073,0,0,"aiguestortes",1,11
"AlpScrGr",89988,0,0,"aiguestortes",1,11
"Grass",648,0,0,"aiguestortes",1,11
"HydroRipVeg",599,0,0,"aiguestortes",1,11
"RipF",223,0,0,"aiguestortes",1,11
"RockScreeVeg",59406,0,0,"aiguestortes",1,11
"Shrub",528,0,0,"aiguestortes",1,11
"TempDecF",913,0,0,"aiguestortes",1,11
"WaterSurf",4420,0,0,"aiguestortes",1,11
"AlpConF",46858,0,0,"aiguestortes",1,12
"AlpScrGr",89999,0,0,"aiguestortes",1,12
"Grass",643,0,0,"aiguestortes",1,12
"HydroRipVeg",599,0,0,"aiguestortes",1,12
"RipF",223,0,0,"aiguestortes",1,12
"RockScreeVeg",59577,0,0,"aiguestortes",1,12
"Shrub",528,0,0,"aiguestortes",1,12
"TempDecF",904,0,0,"aiguestortes",1,12
"WaterSurf",4422,0,0,"aiguestortes",1,12
"AlpConF",47119,0,0,"aiguestortes",3,1
"AlpScrGr",90179,0,0,"aiguestortes",3,1
"Grass",649,0,0,"aiguestortes",3,1
"HydroRipVeg",599,0,0,"aiguestortes",3,1
"RipF",223,0,0,"aiguestortes",3,1
"RockScreeVeg",60305,0,0,"aiguestortes",3,1
"Shrub",528,0,0,"aiguestortes",3,1
"TempDecF",913,0,0,"aiguestortes",3,1
"WaterSurf",4432,0,0,"aiguestortes",3,1
"AlpConF",47129,6,0.01,"aiguestortes",3,2
"AlpScrGr",90472,1,0,"aiguestortes",3,2
"Grass",647,0,0,"aiguestortes",3,2
"HydroRipVeg",599,0,0,"aiguestortes",3,2
"RipF",223,0,0,"aiguestortes",3,2
"RockScreeVeg",60535,2,0,"aiguestortes",3,2
"Shrub",528,0,0,"aiguestortes",3,2
"TempDecF",913,0,0,"aiguestortes",3,2
"WaterSurf",4432,0,0,"aiguestortes",3,2
"AlpConF",47131,2449,5.2,"aiguestortes",3,3
"AlpScrGr",90046,2073,2.3,"aiguestortes",3,3
"Grass",650,28,4.31,"aiguestortes",3,3
"HydroRipVeg",599,23,3.84,"aiguestortes",3,3
"RipF",223,1,0.45,"aiguestortes",3,3
"RockScreeVeg",59792,1247,2.09,"aiguestortes",3,3
"Shrub",528,8,1.52,"aiguestortes",3,3
"TempDecF",913,71,7.78,"aiguestortes",3,3
"WaterSurf",4426,45,1.02,"aiguestortes",3,3
"AlpConF",47129,777,1.65,"aiguestortes",3,4
"AlpScrGr",89976,523,0.58,"aiguestortes",3,4
"Grass",650,0,0,"aiguestortes",3,4
"HydroRipVeg",599,16,2.67,"aiguestortes",3,4
"RipF",223,0,0,"aiguestortes",3,4
"RockScreeVeg",59380,217,0.37,"aiguestortes",3,4
"Shrub",528,0,0,"aiguestortes",3,4
"TempDecF",913,2,0.22,"aiguestortes",3,4
"WaterSurf",4420,9,0.2,"aiguestortes",3,4
"AlpConF",47125,19,0.04,"aiguestortes",3,5
"AlpScrGr",89502,14,0.02,"aiguestortes",3,5
"Grass",650,0,0,"aiguestortes",3,5
"HydroRipVeg",599,0,0,"aiguestortes",3,5
"RipF",223,0,0,"aiguestortes",3,5
"RockScreeVeg",58338,11,0.02,"aiguestortes",3,5
"Shrub",528,0,0,"aiguestortes",3,5
"TempDecF",913,0,0,"aiguestortes",3,5
"WaterSurf",4420,0,0,"aiguestortes",3,5
"AlpConF",47156,0,0,"aiguestortes",3,6
"AlpScrGr",89985,1,0,"aiguestortes",3,6
"Grass",650,0,0,"aiguestortes",3,6
"HydroRipVeg",599,0,0,"aiguestortes",3,6
"RipF",223,0,0,"aiguestortes",3,6
"RockScreeVeg",59389,1,0,"aiguestortes",3,6
"Shrub",528,0,0,"aiguestortes",3,6
"TempDecF",913,0,0,"aiguestortes",3,6
"WaterSurf",4420,0,0,"aiguestortes",3,6
"AlpConF",47156,0,0,"aiguestortes",3,7
"AlpScrGr",90194,0,0,"aiguestortes",3,7
"Grass",650,0,0,"aiguestortes",3,7
"HydroRipVeg",599,0,0,"aiguestortes",3,7
"RipF",223,0,0,"aiguestortes",3,7
"RockScreeVeg",59993,0,0,"aiguestortes",3,7
"Shrub",528,0,0,"aiguestortes",3,7
"TempDecF",913,0,0,"aiguestortes",3,7
"WaterSurf",4420,0,0,"aiguestortes",3,7
"AlpConF",47156,0,0,"aiguestortes",3,8
"AlpScrGr",90902,244,0.27,"aiguestortes",3,8
"Grass",650,0,0,"aiguestortes",3,8
"HydroRipVeg",599,0,0,"aiguestortes",3,8
"RipF",223,0,0,"aiguestortes",3,8
"RockScreeVeg",61591,93,0.15,"aiguestortes",3,8
"Shrub",528,0,0,"aiguestortes",3,8
"TempDecF",913,0,0,"aiguestortes",3,8
"WaterSurf",4420,2,0.05,"aiguestortes",3,8
"AlpConF",47133,54,0.11,"aiguestortes",3,9
"AlpScrGr",91031,8,0.01,"aiguestortes",3,9
"Grass",650,0,0,"aiguestortes",3,9
"HydroRipVeg",599,0,0,"aiguestortes",3,9
"RipF",223,0,0,"aiguestortes",3,9
"RockScreeVeg",61732,4,0.01,"aiguestortes",3,9
"Shrub",528,0,0,"aiguestortes",3,9
"TempDecF",913,8,0.88,"aiguestortes",3,9
"WaterSurf",4423,0,0,"aiguestortes",3,9
"AlpConF",47131,0,0,"aiguestortes",3,10
"AlpScrGr",90476,0,0,"aiguestortes",3,10
"Grass",650,0,0,"aiguestortes",3,10
"HydroRipVeg",599,0,0,"aiguestortes",3,10
"RipF",223,0,0,"aiguestortes",3,10
"RockScreeVeg",60534,0,0,"aiguestortes",3,10
"Shrub",528,0,0,"aiguestortes",3,10
"TempDecF",913,0,0,"aiguestortes",3,10
"WaterSurf",4420,0,0,"aiguestortes",3,10
"AlpConF",47073,0,0,"aiguestortes",3,11
"AlpScrGr",89988,0,0,"aiguestortes",3,11
"Grass",648,0,0,"aiguestortes",3,11
"HydroRipVeg",599,0,0,"aiguestortes",3,11
"RipF",223,0,0,"aiguestortes",3,11
"RockScreeVeg",59406,0,0,"aiguestortes",3,11
"Shrub",528,0,0,"aiguestortes",3,11
"TempDecF",913,0,0,"aiguestortes",3,11
"WaterSurf",4420,0,0,"aiguestortes",3,11
"AlpConF",46858,0,0,"aiguestortes",3,12
"AlpScrGr",89999,0,0,"aiguestortes",3,12
"Grass",643,0,0,"aiguestortes",3,12
"HydroRipVeg",599,0,0,"aiguestortes",3,12
"RipF",223,0,0,"aiguestortes",3,12
"RockScreeVeg",59577,0,0,"aiguestortes",3,12
"Shrub",528,0,0,"aiguestortes",3,12
"TempDecF",904,0,0,"aiguestortes",3,12
"WaterSurf",4422,0,0,"aiguestortes",3,12
"AlpConF",47119,0,0,"aiguestortes",6,1
"AlpScrGr",90179,0,0,"aiguestortes",6,1
"Grass",649,0,0,"aiguestortes",6,1
"HydroRipVeg",599,0,0,"aiguestortes",6,1
"RipF",223,0,0,"aiguestortes",6,1
"RockScreeVeg",60305,0,0,"aiguestortes",6,1
"Shrub",528,0,0,"aiguestortes",6,1
"TempDecF",913,0,0,"aiguestortes",6,1
"WaterSurf",4432,0,0,"aiguestortes",6,1
"AlpConF",47129,0,0,"aiguestortes",6,2
"AlpScrGr",90472,0,0,"aiguestortes",6,2
"Grass",647,0,0,"aiguestortes",6,2
"HydroRipVeg",599,0,0,"aiguestortes",6,2
"RipF",223,0,0,"aiguestortes",6,2
"RockScreeVeg",60535,0,0,"aiguestortes",6,2
"Shrub",528,0,0,"aiguestortes",6,2
"TempDecF",913,0,0,"aiguestortes",6,2
"WaterSurf",4432,0,0,"aiguestortes",6,2
"AlpConF",47131,0,0,"aiguestortes",6,3
"AlpScrGr",90046,0,0,"aiguestortes",6,3
"Grass",650,0,0,"aiguestortes",6,3
"HydroRipVeg",599,0,0,"aiguestortes",6,3
"RipF",223,0,0,"aiguestortes",6,3
"RockScreeVeg",59792,0,0,"aiguestortes",6,3
"Shrub",528,0,0,"aiguestortes",6,3
"TempDecF",913,0,0,"aiguestortes",6,3
"WaterSurf",4426,0,0,"aiguestortes",6,3
"AlpConF",47129,0,0,"aiguestortes",6,4
"AlpScrGr",89976,0,0,"aiguestortes",6,4
"Grass",650,0,0,"aiguestortes",6,4
"HydroRipVeg",599,0,0,"aiguestortes",6,4
"RipF",223,0,0,"aiguestortes",6,4
"RockScreeVeg",59380,0,0,"aiguestortes",6,4
"Shrub",528,0,0,"aiguestortes",6,4
"TempDecF",913,0,0,"aiguestortes",6,4
"WaterSurf",4420,0,0,"aiguestortes",6,4
"AlpConF",47125,0,0,"aiguestortes",6,5
"AlpScrGr",89502,0,0,"aiguestortes",6,5
"Grass",650,0,0,"aiguestortes",6,5
"HydroRipVeg",599,0,0,"aiguestortes",6,5
"RipF",223,0,0,"aiguestortes",6,5
"RockScreeVeg",58338,0,0,"aiguestortes",6,5
"Shrub",528,0,0,"aiguestortes",6,5
"TempDecF",913,0,0,"aiguestortes",6,5
"WaterSurf",4420,0,0,"aiguestortes",6,5
"AlpConF",47156,1256,2.66,"aiguestortes",6,6
"AlpScrGr",89985,15186,16.88,"aiguestortes",6,6
"Grass",650,0,0,"aiguestortes",6,6
"HydroRipVeg",599,88,14.69,"aiguestortes",6,6
"RipF",223,0,0,"aiguestortes",6,6
"RockScreeVeg",59389,7158,12.05,"aiguestortes",6,6
"Shrub",528,0,0,"aiguestortes",6,6
"TempDecF",913,4,0.44,"aiguestortes",6,6
"WaterSurf",4420,253,5.72,"aiguestortes",6,6
"AlpConF",47156,0,0,"aiguestortes",6,7
"AlpScrGr",90194,0,0,"aiguestortes",6,7
"Grass",650,0,0,"aiguestortes",6,7
"HydroRipVeg",599,0,0,"aiguestortes",6,7
"RipF",223,0,0,"aiguestortes",6,7
"RockScreeVeg",59993,0,0,"aiguestortes",6,7
"Shrub",528,0,0,"aiguestortes",6,7
"TempDecF",913,0,0,"aiguestortes",6,7
"WaterSurf",4420,0,0,"aiguestortes",6,7
"AlpConF",47156,0,0,"aiguestortes",6,8
"AlpScrGr",90902,0,0,"aiguestortes",6,8
"Grass",650,0,0,"aiguestortes",6,8
"HydroRipVeg",599,0,0,"aiguestortes",6,8
"RipF",223,0,0,"aiguestortes",6,8
"RockScreeVeg",61591,0,0,"aiguestortes",6,8
"Shrub",528,0,0,"aiguestortes",6,8
"TempDecF",913,0,0,"aiguestortes",6,8
"WaterSurf",4420,0,0,"aiguestortes",6,8
"AlpConF",47133,0,0,"aiguestortes",6,9
"AlpScrGr",91031,0,0,"aiguestortes",6,9
"Grass",650,0,0,"aiguestortes",6,9
"HydroRipVeg",599,0,0,"aiguestortes",6,9
"RipF",223,0,0,"aiguestortes",6,9
"RockScreeVeg",61732,0,0,"aiguestortes",6,9
"Shrub",528,0,0,"aiguestortes",6,9
"TempDecF",913,0,0,"aiguestortes",6,9
"WaterSurf",4423,0,0,"aiguestortes",6,9
"AlpConF",47131,0,0,"aiguestortes",6,10
"AlpScrGr",90476,0,0,"aiguestortes",6,10
"Grass",650,0,0,"aiguestortes",6,10
"HydroRipVeg",599,0,0,"aiguestortes",6,10
"RipF",223,0,0,"aiguestortes",6,10
"RockScreeVeg",60534,0,0,"aiguestortes",6,10
"Shrub",528,0,0,"aiguestortes",6,10
"TempDecF",913,0,0,"aiguestortes",6,10
"WaterSurf",4420,0,0,"aiguestortes",6,10
"AlpConF",47073,0,0,"aiguestortes",6,11
"AlpScrGr",89988,0,0,"aiguestortes",6,11
"Grass",648,0,0,"aiguestortes",6,11
"HydroRipVeg",599,0,0,"aiguestortes",6,11
"RipF",223,0,0,"aiguestortes",6,11
"RockScreeVeg",59406,0,0,"aiguestortes",6,11
"Shrub",528,0,0,"aiguestortes",6,11
"TempDecF",913,0,0,"aiguestortes",6,11
"WaterSurf",4420,0,0,"aiguestortes",6,11
"AlpConF",46858,0,0,"aiguestortes",6,12
"AlpScrGr",89999,0,0,"aiguestortes",6,12
"Grass",643,0,0,"aiguestortes",6,12
"HydroRipVeg",599,0,0,"aiguestortes",6,12
"RipF",223,0,0,"aiguestortes",6,12
"RockScreeVeg",59577,0,0,"aiguestortes",6,12
"Shrub",528,0,0,"aiguestortes",6,12
"TempDecF",904,0,0,"aiguestortes",6,12
"WaterSurf",4422,0,0,"aiguestortes",6,12
"AlpConF",47119,0,0,"aiguestortes",9,1
"AlpScrGr",90179,0,0,"aiguestortes",9,1
"Grass",649,0,0,"aiguestortes",9,1
"HydroRipVeg",599,0,0,"aiguestortes",9,1
"RipF",223,0,0,"aiguestortes",9,1
"RockScreeVeg",60305,0,0,"aiguestortes",9,1
"Shrub",528,0,0,"aiguestortes",9,1
"TempDecF",913,0,0,"aiguestortes",9,1
"WaterSurf",4432,0,0,"aiguestortes",9,1
"AlpConF",47129,0,0,"aiguestortes",9,2
"AlpScrGr",90472,0,0,"aiguestortes",9,2
"Grass",647,0,0,"aiguestortes",9,2
"HydroRipVeg",599,0,0,"aiguestortes",9,2
"RipF",223,0,0,"aiguestortes",9,2
"RockScreeVeg",60535,0,0,"aiguestortes",9,2
"Shrub",528,0,0,"aiguestortes",9,2
"TempDecF",913,0,0,"aiguestortes",9,2
"WaterSurf",4432,0,0,"aiguestortes",9,2
"AlpConF",47131,1,0,"aiguestortes",9,3
"AlpScrGr",90046,5,0.01,"aiguestortes",9,3
"Grass",650,0,0,"aiguestortes",9,3
"HydroRipVeg",599,0,0,"aiguestortes",9,3
"RipF",223,0,0,"aiguestortes",9,3
"RockScreeVeg",59792,1,0,"aiguestortes",9,3
"Shrub",528,0,0,"aiguestortes",9,3
"TempDecF",913,0,0,"aiguestortes",9,3
"WaterSurf",4426,0,0,"aiguestortes",9,3
"AlpConF",47129,0,0,"aiguestortes",9,4
"AlpScrGr",89976,0,0,"aiguestortes",9,4
"Grass",650,0,0,"aiguestortes",9,4
"HydroRipVeg",599,0,0,"aiguestortes",9,4
"RipF",223,0,0,"aiguestortes",9,4
"RockScreeVeg",59380,0,0,"aiguestortes",9,4
"Shrub",528,0,0,"aiguestortes",9,4
"TempDecF",913,0,0,"aiguestortes",9,4
"WaterSurf",4420,0,0,"aiguestortes",9,4
"AlpConF",47125,0,0,"aiguestortes",9,5
"AlpScrGr",89502,2,0,"aiguestortes",9,5
"Grass",650,0,0,"aiguestortes",9,5
"HydroRipVeg",599,0,0,"aiguestortes",9,5
"RipF",223,0,0,"aiguestortes",9,5
"RockScreeVeg",58338,2,0,"aiguestortes",9,5
"Shrub",528,0,0,"aiguestortes",9,5
"TempDecF",913,0,0,"aiguestortes",9,5
"WaterSurf",4420,0,0,"aiguestortes",9,5
"AlpConF",47156,20,0.04,"aiguestortes",9,6
"AlpScrGr",89985,873,0.97,"aiguestortes",9,6
"Grass",650,0,0,"aiguestortes",9,6
"HydroRipVeg",599,0,0,"aiguestortes",9,6
"RipF",223,0,0,"aiguestortes",9,6
"RockScreeVeg",59389,432,0.73,"aiguestortes",9,6
"Shrub",528,0,0,"aiguestortes",9,6
"TempDecF",913,0,0,"aiguestortes",9,6
"WaterSurf",4420,25,0.57,"aiguestortes",9,6
"AlpConF",47156,0,0,"aiguestortes",9,7
"AlpScrGr",90194,0,0,"aiguestortes",9,7
"Grass",650,0,0,"aiguestortes",9,7
"HydroRipVeg",599,0,0,"aiguestortes",9,7
"RipF",223,0,0,"aiguestortes",9,7
"RockScreeVeg",59993,0,0,"aiguestortes",9,7
"Shrub",528,0,0,"aiguestortes",9,7
"TempDecF",913,0,0,"aiguestortes",9,7
"WaterSurf",4420,0,0,"aiguestortes",9,7
"AlpConF",47156,0,0,"aiguestortes",9,8
"AlpScrGr",90902,9,0.01,"aiguestortes",9,8
"Grass",650,0,0,"aiguestortes",9,8
"HydroRipVeg",599,0,0,"aiguestortes",9,8
"RipF",223,0,0,"aiguestortes",9,8
"RockScreeVeg",61591,0,0,"aiguestortes",9,8
"Shrub",528,0,0,"aiguestortes",9,8
"TempDecF",913,0,0,"aiguestortes",9,8
"WaterSurf",4420,0,0,"aiguestortes",9,8
"AlpConF",47133,0,0,"aiguestortes",9,9
"AlpScrGr",91031,0,0,"aiguestortes",9,9
"Grass",650,0,0,"aiguestortes",9,9
"HydroRipVeg",599,0,0,"aiguestortes",9,9
"RipF",223,0,0,"aiguestortes",9,9
"RockScreeVeg",61732,0,0,"aiguestortes",9,9
"Shrub",528,0,0,"aiguestortes",9,9
"TempDecF",913,0,0,"aiguestortes",9,9
"WaterSurf",4423,0,0,"aiguestortes",9,9
"AlpConF",47131,0,0,"aiguestortes",9,10
"AlpScrGr",90476,0,0,"aiguestortes",9,10
"Grass",650,0,0,"aiguestortes",9,10
"HydroRipVeg",599,0,0,"aiguestortes",9,10
"RipF",223,0,0,"aiguestortes",9,10
"RockScreeVeg",60534,0,0,"aiguestortes",9,10
"Shrub",528,0,0,"aiguestortes",9,10
"TempDecF",913,0,0,"aiguestortes",9,10
"WaterSurf",4420,0,0,"aiguestortes",9,10
"AlpConF",47073,0,0,"aiguestortes",9,11
"AlpScrGr",89988,0,0,"aiguestortes",9,11
"Grass",648,0,0,"aiguestortes",9,11
"HydroRipVeg",599,0,0,"aiguestortes",9,11
"RipF",223,0,0,"aiguestortes",9,11
"RockScreeVeg",59406,0,0,"aiguestortes",9,11
"Shrub",528,0,0,"aiguestortes",9,11
"TempDecF",913,0,0,"aiguestortes",9,11
"WaterSurf",4420,0,0,"aiguestortes",9,11
"AlpConF",46858,0,0,"aiguestortes",9,12
"AlpScrGr",89999,0,0,"aiguestortes",9,12
"Grass",643,0,0,"aiguestortes",9,12
"HydroRipVeg",599,0,0,"aiguestortes",9,12
"RipF",223,0,0,"aiguestortes",9,12
"RockScreeVeg",59577,0,0,"aiguestortes",9,12
"Shrub",528,0,0,"aiguestortes",9,12
"TempDecF",904,0,0,"aiguestortes",9,12
"WaterSurf",4422,0,0,"aiguestortes",9,12
"AlpConF",47119,0,0,"aiguestortes",12,1
"AlpScrGr",90179,0,0,"aiguestortes",12,1
"Grass",649,0,0,"aiguestortes",12,1
"HydroRipVeg",599,0,0,"aiguestortes",12,1
"RipF",223,0,0,"aiguestortes",12,1
"RockScreeVeg",60305,0,0,"aiguestortes",12,1
"Shrub",528,0,0,"aiguestortes",12,1
"TempDecF",913,0,0,"aiguestortes",12,1
"WaterSurf",4432,0,0,"aiguestortes",12,1
"AlpConF",47129,8,0.02,"aiguestortes",12,2
"AlpScrGr",90472,9,0.01,"aiguestortes",12,2
"Grass",647,0,0,"aiguestortes",12,2
"HydroRipVeg",599,0,0,"aiguestortes",12,2
"RipF",223,0,0,"aiguestortes",12,2
"RockScreeVeg",60535,13,0.02,"aiguestortes",12,2
"Shrub",528,0,0,"aiguestortes",12,2
"TempDecF",913,0,0,"aiguestortes",12,2
"WaterSurf",4432,0,0,"aiguestortes",12,2
"AlpConF",47131,656,1.39,"aiguestortes",12,3
"AlpScrGr",90046,842,0.94,"aiguestortes",12,3
"Grass",650,14,2.15,"aiguestortes",12,3
"HydroRipVeg",599,0,0,"aiguestortes",12,3
"RipF",223,0,0,"aiguestortes",12,3
"RockScreeVeg",59792,418,0.7,"aiguestortes",12,3
"Shrub",528,0,0,"aiguestortes",12,3
"TempDecF",913,19,2.08,"aiguestortes",12,3
"WaterSurf",4426,6,0.14,"aiguestortes",12,3
"AlpConF",47129,2,0,"aiguestortes",12,4
"AlpScrGr",89976,0,0,"aiguestortes",12,4
"Grass",650,0,0,"aiguestortes",12,4
"HydroRipVeg",599,0,0,"aiguestortes",12,4
"RipF",223,0,0,"aiguestortes",12,4
"RockScreeVeg",59380,0,0,"aiguestortes",12,4
"Shrub",528,0,0,"aiguestortes",12,4
"TempDecF",913,0,0,"aiguestortes",12,4
"WaterSurf",4420,0,0,"aiguestortes",12,4
"AlpConF",47125,0,0,"aiguestortes",12,5
"AlpScrGr",89502,8,0.01,"aiguestortes",12,5
"Grass",650,0,0,"aiguestortes",12,5
"HydroRipVeg",599,0,0,"aiguestortes",12,5
"RipF",223,0,0,"aiguestortes",12,5
"RockScreeVeg",58338,4,0.01,"aiguestortes",12,5
"Shrub",528,0,0,"aiguestortes",12,5
"TempDecF",913,0,0,"aiguestortes",12,5
"WaterSurf",4420,1,0.02,"aiguestortes",12,5
"AlpConF",47156,0,0,"aiguestortes",12,6
"AlpScrGr",89985,2,0,"aiguestortes",12,6
"Grass",650,0,0,"aiguestortes",12,6
"HydroRipVeg",599,0,0,"aiguestortes",12,6
"RipF",223,0,0,"aiguestortes",12,6
"RockScreeVeg",59389,2,0,"aiguestortes",12,6
"Shrub",528,0,0,"aiguestortes",12,6
"TempDecF",913,0,0,"aiguestortes",12,6
"WaterSurf",4420,0,0,"aiguestortes",12,6
"AlpConF",47156,0,0,"aiguestortes",12,7
"AlpScrGr",90194,0,0,"aiguestortes",12,7
"Grass",650,0,0,"aiguestortes",12,7
"HydroRipVeg",599,0,0,"aiguestortes",12,7
"RipF",223,0,0,"aiguestortes",12,7
"RockScreeVeg",59993,0,0,"aiguestortes",12,7
"Shrub",528,0,0,"aiguestortes",12,7
"TempDecF",913,0,0,"aiguestortes",12,7
"WaterSurf",4420,0,0,"aiguestortes",12,7
"AlpConF",47156,0,0,"aiguestortes",12,8
"AlpScrGr",90902,145,0.16,"aiguestortes",12,8
"Grass",650,0,0,"aiguestortes",12,8
"HydroRipVeg",599,0,0,"aiguestortes",12,8
"RipF",223,0,0,"aiguestortes",12,8
"RockScreeVeg",61591,23,0.04,"aiguestortes",12,8
"Shrub",528,0,0,"aiguestortes",12,8
"TempDecF",913,0,0,"aiguestortes",12,8
"WaterSurf",4420,0,0,"aiguestortes",12,8
"AlpConF",47133,0,0,"aiguestortes",12,9
"AlpScrGr",91031,0,0,"aiguestortes",12,9
"Grass",650,0,0,"aiguestortes",12,9
"HydroRipVeg",599,0,0,"aiguestortes",12,9
"RipF",223,0,0,"aiguestortes",12,9
"RockScreeVeg",61732,0,0,"aiguestortes",12,9
"Shrub",528,0,0,"aiguestortes",12,9
"TempDecF",913,0,0,"aiguestortes",12,9
"WaterSurf",4423,0,0,"aiguestortes",12,9
"AlpConF",47131,0,0,"aiguestortes",12,10
"AlpScrGr",90476,0,0,"aiguestortes",12,10
"Grass",650,0,0,"aiguestortes",12,10
"HydroRipVeg",599,0,0,"aiguestortes",12,10
"RipF",223,0,0,"aiguestortes",12,10
"RockScreeVeg",60534,0,0,"aiguestortes",12,10
"Shrub",528,0,0,"aiguestortes",12,10
"TempDecF",913,0,0,"aiguestortes",12,10
"WaterSurf",4420,0,0,"aiguestortes",12,10
"AlpConF",47073,0,0,"aiguestortes",12,11
"AlpScrGr",89988,0,0,"aiguestortes",12,11
"Grass",648,0,0,"aiguestortes",12,11
"HydroRipVeg",599,0,0,"aiguestortes",12,11
"RipF",223,0,0,"aiguestortes",12,11
"RockScreeVeg",59406,0,0,"aiguestortes",12,11
"Shrub",528,0,0,"aiguestortes",12,11
"TempDecF",913,0,0,"aiguestortes",12,11
"WaterSurf",4420,0,0,"aiguestortes",12,11
"AlpConF",46858,0,0,"aiguestortes",12,12
"AlpScrGr",89999,0,0,"aiguestortes",12,12
"Grass",643,0,0,"aiguestortes",12,12
"HydroRipVeg",599,0,0,"aiguestortes",12,12
"RipF",223,0,0,"aiguestortes",12,12
"RockScreeVeg",59577,0,0,"aiguestortes",12,12
"Shrub",528,0,0,"aiguestortes",12,12
"TempDecF",904,0,0,"aiguestortes",12,12
"WaterSurf",4422,0,0,"aiguestortes",12,12
"ArtSurf",7418,0,0,"cabaneros",1,1
"Crop",2473,0,0,"cabaneros",1,1
"Dehesa",36272,0,0,"cabaneros",1,1
"Grass",52784,0,0,"cabaneros",1,1
"HydroRipVeg",554,0,0,"cabaneros",1,1
"MedConF",35896,0,0,"cabaneros",1,1
"MedSclF",158690,0,0,"cabaneros",1,1
"MedScrub",187005,0,0,"cabaneros",1,1
"Reforestation",57,0,0,"cabaneros",1,1
"RipF",4764,0,0,"cabaneros",1,1
"RockScreeVeg",11067,0,0,"cabaneros",1,1
"SMedMarF",69447,0,0,"cabaneros",1,1
"Shrub",21978,0,0,"cabaneros",1,1
"WaterSurf",177,0,0,"cabaneros",1,1
"ArtSurf",7418,0,0,"cabaneros",1,2
"Crop",2473,0,0,"cabaneros",1,2
"Dehesa",36272,0,0,"cabaneros",1,2
"Grass",52784,0,0,"cabaneros",1,2
"HydroRipVeg",554,0,0,"cabaneros",1,2
"MedConF",35896,0,0,"cabaneros",1,2
"MedSclF",158690,0,0,"cabaneros",1,2
"MedScrub",187005,0,0,"cabaneros",1,2
"Reforestation",57,0,0,"cabaneros",1,2
"RipF",4764,0,0,"cabaneros",1,2
"RockScreeVeg",11067,0,0,"cabaneros",1,2
"SMedMarF",69447,0,0,"cabaneros",1,2
"Shrub",21978,0,0,"cabaneros",1,2
"WaterSurf",177,0,0,"cabaneros",1,2
"ArtSurf",7418,0,0,"cabaneros",1,3
"Crop",2473,0,0,"cabaneros",1,3
"Dehesa",36272,0,0,"cabaneros",1,3
"Grass",52784,0,0,"cabaneros",1,3
"HydroRipVeg",554,0,0,"cabaneros",1,3
"MedConF",35896,0,0,"cabaneros",1,3
"MedSclF",158690,0,0,"cabaneros",1,3
"MedScrub",187005,0,0,"cabaneros",1,3
"Reforestation",57,0,0,"cabaneros",1,3
"RipF",4764,0,0,"cabaneros",1,3
"RockScreeVeg",11067,0,0,"cabaneros",1,3
"SMedMarF",69447,0,0,"cabaneros",1,3
"Shrub",21978,0,0,"cabaneros",1,3
"WaterSurf",177,0,0,"cabaneros",1,3
"ArtSurf",7418,0,0,"cabaneros",1,4
"Crop",2473,0,0,"cabaneros",1,4
"Dehesa",36272,0,0,"cabaneros",1,4
"Grass",52784,0,0,"cabaneros",1,4
"HydroRipVeg",554,0,0,"cabaneros",1,4
"MedConF",35896,0,0,"cabaneros",1,4
"MedSclF",158690,0,0,"cabaneros",1,4
"MedScrub",187005,0,0,"cabaneros",1,4
"Reforestation",57,0,0,"cabaneros",1,4
"RipF",4764,0,0,"cabaneros",1,4
"RockScreeVeg",11067,0,0,"cabaneros",1,4
"SMedMarF",69447,0,0,"cabaneros",1,4
"Shrub",21978,0,0,"cabaneros",1,4
"WaterSurf",177,0,0,"cabaneros",1,4
"ArtSurf",7418,0,0,"cabaneros",1,5
"Crop",2473,0,0,"cabaneros",1,5
"Dehesa",36272,0,0,"cabaneros",1,5
"Grass",52784,0,0,"cabaneros",1,5
"HydroRipVeg",554,0,0,"cabaneros",1,5
"MedConF",35896,0,0,"cabaneros",1,5
"MedSclF",158690,0,0,"cabaneros",1,5
"MedScrub",187005,0,0,"cabaneros",1,5
"Reforestation",57,0,0,"cabaneros",1,5
"RipF",4764,0,0,"cabaneros",1,5
"RockScreeVeg",11067,0,0,"cabaneros",1,5
"SMedMarF",69447,0,0,"cabaneros",1,5
"Shrub",21978,0,0,"cabaneros",1,5
"WaterSurf",177,0,0,"cabaneros",1,5
"ArtSurf",7418,5,0.07,"cabaneros",1,6
"Crop",2473,0,0,"cabaneros",1,6
"Dehesa",36272,0,0,"cabaneros",1,6
"Grass",52784,0,0,"cabaneros",1,6
"HydroRipVeg",554,1,0.18,"cabaneros",1,6
"MedConF",35896,40,0.11,"cabaneros",1,6
"MedSclF",158690,635,0.4,"cabaneros",1,6
"MedScrub",187005,169,0.09,"cabaneros",1,6
"Reforestation",57,0,0,"cabaneros",1,6
"RipF",4764,3,0.06,"cabaneros",1,6
"RockScreeVeg",11067,27,0.24,"cabaneros",1,6
"SMedMarF",69447,103,0.15,"cabaneros",1,6
"Shrub",21978,19,0.09,"cabaneros",1,6
"WaterSurf",177,0,0,"cabaneros",1,6
"ArtSurf",7418,0,0,"cabaneros",1,7
"Crop",2473,0,0,"cabaneros",1,7
"Dehesa",36272,0,0,"cabaneros",1,7
"Grass",52784,0,0,"cabaneros",1,7
"HydroRipVeg",554,0,0,"cabaneros",1,7
"MedConF",35896,0,0,"cabaneros",1,7
"MedSclF",158690,0,0,"cabaneros",1,7
"MedScrub",187005,0,0,"cabaneros",1,7
"Reforestation",57,0,0,"cabaneros",1,7
"RipF",4764,0,0,"cabaneros",1,7
"RockScreeVeg",11067,0,0,"cabaneros",1,7
"SMedMarF",69447,0,0,"cabaneros",1,7
"Shrub",21978,0,0,"cabaneros",1,7
"WaterSurf",177,0,0,"cabaneros",1,7
"ArtSurf",7418,0,0,"cabaneros",1,8
"Crop",2473,0,0,"cabaneros",1,8
"Dehesa",36272,0,0,"cabaneros",1,8
"Grass",52784,0,0,"cabaneros",1,8
"HydroRipVeg",554,0,0,"cabaneros",1,8
"MedConF",35896,0,0,"cabaneros",1,8
"MedSclF",158690,0,0,"cabaneros",1,8
"MedScrub",187005,0,0,"cabaneros",1,8
"Reforestation",57,0,0,"cabaneros",1,8
"RipF",4764,0,0,"cabaneros",1,8
"RockScreeVeg",11067,0,0,"cabaneros",1,8
"SMedMarF",69447,0,0,"cabaneros",1,8
"Shrub",21978,0,0,"cabaneros",1,8
"WaterSurf",177,0,0,"cabaneros",1,8
"ArtSurf",7418,0,0,"cabaneros",1,9
"Crop",2473,0,0,"cabaneros",1,9
"Dehesa",36272,0,0,"cabaneros",1,9
"Grass",52784,0,0,"cabaneros",1,9
"HydroRipVeg",554,0,0,"cabaneros",1,9
"MedConF",35896,0,0,"cabaneros",1,9
"MedSclF",158690,0,0,"cabaneros",1,9
"MedScrub",187005,0,0,"cabaneros",1,9
"Reforestation",57,0,0,"cabaneros",1,9
"RipF",4764,0,0,"cabaneros",1,9
"RockScreeVeg",11067,0,0,"cabaneros",1,9
"SMedMarF",69447,0,0,"cabaneros",1,9
"Shrub",21978,0,0,"cabaneros",1,9
"WaterSurf",177,0,0,"cabaneros",1,9
"ArtSurf",7418,0,0,"cabaneros",1,10
"Crop",2473,0,0,"cabaneros",1,10
"Dehesa",36272,0,0,"cabaneros",1,10
"Grass",52784,0,0,"cabaneros",1,10
"HydroRipVeg",554,0,0,"cabaneros",1,10
"MedConF",35896,0,0,"cabaneros",1,10
"MedSclF",158690,0,0,"cabaneros",1,10
"MedScrub",187005,0,0,"cabaneros",1,10
"Reforestation",57,0,0,"cabaneros",1,10
"RipF",4764,0,0,"cabaneros",1,10
"RockScreeVeg",11067,0,0,"cabaneros",1,10
"SMedMarF",69447,0,0,"cabaneros",1,10
"Shrub",21978,0,0,"cabaneros",1,10
"WaterSurf",177,0,0,"cabaneros",1,10
"ArtSurf",7418,0,0,"cabaneros",1,11
"Crop",2473,0,0,"cabaneros",1,11
"Dehesa",36272,0,0,"cabaneros",1,11
"Grass",52784,0,0,"cabaneros",1,11
"HydroRipVeg",554,0,0,"cabaneros",1,11
"MedConF",35896,0,0,"cabaneros",1,11
"MedSclF",158690,0,0,"cabaneros",1,11
"MedScrub",187005,0,0,"cabaneros",1,11
"Reforestation",57,0,0,"cabaneros",1,11
"RipF",4764,0,0,"cabaneros",1,11
"RockScreeVeg",11067,0,0,"cabaneros",1,11
"SMedMarF",69447,0,0,"cabaneros",1,11
"Shrub",21978,0,0,"cabaneros",1,11
"WaterSurf",177,0,0,"cabaneros",1,11
"ArtSurf",7418,0,0,"cabaneros",1,12
"Crop",2473,0,0,"cabaneros",1,12
"Dehesa",36272,0,0,"cabaneros",1,12
"Grass",52784,0,0,"cabaneros",1,12
"HydroRipVeg",554,0,0,"cabaneros",1,12
"MedConF",35896,0,0,"cabaneros",1,12
"MedSclF",158688,0,0,"cabaneros",1,12
"MedScrub",187005,0,0,"cabaneros",1,12
"Reforestation",57,0,0,"cabaneros",1,12
"RipF",4764,0,0,"cabaneros",1,12
"RockScreeVeg",11067,0,0,"cabaneros",1,12
"SMedMarF",69447,0,0,"cabaneros",1,12
"Shrub",21978,0,0,"cabaneros",1,12
"WaterSurf",177,0,0,"cabaneros",1,12
"ArtSurf",7418,0,0,"cabaneros",3,1
"Crop",2473,0,0,"cabaneros",3,1
"Dehesa",36272,0,0,"cabaneros",3,1
"Grass",52784,0,0,"cabaneros",3,1
"HydroRipVeg",554,0,0,"cabaneros",3,1
"MedConF",35896,0,0,"cabaneros",3,1
"MedSclF",158690,0,0,"cabaneros",3,1
"MedScrub",187005,0,0,"cabaneros",3,1
"Reforestation",57,0,0,"cabaneros",3,1
"RipF",4764,0,0,"cabaneros",3,1
"RockScreeVeg",11067,0,0,"cabaneros",3,1
"SMedMarF",69447,0,0,"cabaneros",3,1
"Shrub",21978,0,0,"cabaneros",3,1
"WaterSurf",177,0,0,"cabaneros",3,1
"ArtSurf",7418,0,0,"cabaneros",3,2
"Crop",2473,0,0,"cabaneros",3,2
"Dehesa",36272,0,0,"cabaneros",3,2
"Grass",52784,0,0,"cabaneros",3,2
"HydroRipVeg",554,0,0,"cabaneros",3,2
"MedConF",35896,0,0,"cabaneros",3,2
"MedSclF",158690,0,0,"cabaneros",3,2
"MedScrub",187005,0,0,"cabaneros",3,2
"Reforestation",57,0,0,"cabaneros",3,2
"RipF",4764,0,0,"cabaneros",3,2
"RockScreeVeg",11067,0,0,"cabaneros",3,2
"SMedMarF",69447,0,0,"cabaneros",3,2
"Shrub",21978,0,0,"cabaneros",3,2
"WaterSurf",177,0,0,"cabaneros",3,2
"ArtSurf",7418,0,0,"cabaneros",3,3
"Crop",2473,0,0,"cabaneros",3,3
"Dehesa",36272,0,0,"cabaneros",3,3
"Grass",52784,0,0,"cabaneros",3,3
"HydroRipVeg",554,0,0,"cabaneros",3,3
"MedConF",35896,0,0,"cabaneros",3,3
"MedSclF",158690,0,0,"cabaneros",3,3
"MedScrub",187005,0,0,"cabaneros",3,3
"Reforestation",57,0,0,"cabaneros",3,3
"RipF",4764,0,0,"cabaneros",3,3
"RockScreeVeg",11067,0,0,"cabaneros",3,3
"SMedMarF",69447,0,0,"cabaneros",3,3
"Shrub",21978,0,0,"cabaneros",3,3
"WaterSurf",177,0,0,"cabaneros",3,3
"ArtSurf",7418,2,0.03,"cabaneros",3,4
"Crop",2473,0,0,"cabaneros",3,4
"Dehesa",36272,4,0.01,"cabaneros",3,4
"Grass",52784,0,0,"cabaneros",3,4
"HydroRipVeg",554,0,0,"cabaneros",3,4
"MedConF",35896,1,0,"cabaneros",3,4
"MedSclF",158690,24,0.02,"cabaneros",3,4
"MedScrub",187005,10,0.01,"cabaneros",3,4
"Reforestation",57,0,0,"cabaneros",3,4
"RipF",4764,1,0.02,"cabaneros",3,4
"RockScreeVeg",11067,6,0.05,"cabaneros",3,4
"SMedMarF",69447,33,0.05,"cabaneros",3,4
"Shrub",21978,0,0,"cabaneros",3,4
"WaterSurf",177,0,0,"cabaneros",3,4
"ArtSurf",7418,9,0.12,"cabaneros",3,5
"Crop",2473,0,0,"cabaneros",3,5
"Dehesa",36272,1,0,"cabaneros",3,5
"Grass",52784,4,0.01,"cabaneros",3,5
"HydroRipVeg",554,1,0.18,"cabaneros",3,5
"MedConF",35896,17,0.05,"cabaneros",3,5
"MedSclF",158690,1342,0.85,"cabaneros",3,5
"MedScrub",187005,708,0.38,"cabaneros",3,5
"Reforestation",57,0,0,"cabaneros",3,5
"RipF",4764,22,0.46,"cabaneros",3,5
"RockScreeVeg",11067,115,1.04,"cabaneros",3,5
"SMedMarF",69447,2049,2.95,"cabaneros",3,5
"Shrub",21978,17,0.08,"cabaneros",3,5
"WaterSurf",177,0,0,"cabaneros",3,5
"ArtSurf",7418,1,0.01,"cabaneros",3,6
"Crop",2473,0,0,"cabaneros",3,6
"Dehesa",36272,0,0,"cabaneros",3,6
"Grass",52784,0,0,"cabaneros",3,6
"HydroRipVeg",554,0,0,"cabaneros",3,6
"MedConF",35896,9,0.03,"cabaneros",3,6
"MedSclF",158690,40,0.03,"cabaneros",3,6
"MedScrub",187005,3,0,"cabaneros",3,6
"Reforestation",57,0,0,"cabaneros",3,6
"RipF",4764,0,0,"cabaneros",3,6
"RockScreeVeg",11067,7,0.06,"cabaneros",3,6
"SMedMarF",69447,5,0.01,"cabaneros",3,6
"Shrub",21978,3,0.01,"cabaneros",3,6
"WaterSurf",177,0,0,"cabaneros",3,6
"ArtSurf",7418,0,0,"cabaneros",3,7
"Crop",2473,0,0,"cabaneros",3,7
"Dehesa",36272,0,0,"cabaneros",3,7
"Grass",52784,0,0,"cabaneros",3,7
"HydroRipVeg",554,0,0,"cabaneros",3,7
"MedConF",35896,0,0,"cabaneros",3,7
"MedSclF",158690,3,0,"cabaneros",3,7
"MedScrub",187005,2,0,"cabaneros",3,7
"Reforestation",57,0,0,"cabaneros",3,7
"RipF",4764,2,0.04,"cabaneros",3,7
"RockScreeVeg",11067,4,0.04,"cabaneros",3,7
"SMedMarF",69447,4,0.01,"cabaneros",3,7
"Shrub",21978,0,0,"cabaneros",3,7
"WaterSurf",177,0,0,"cabaneros",3,7
"ArtSurf",7418,0,0,"cabaneros",3,8
"Crop",2473,0,0,"cabaneros",3,8
"Dehesa",36272,0,0,"cabaneros",3,8
"Grass",52784,0,0,"cabaneros",3,8
"HydroRipVeg",554,0,0,"cabaneros",3,8
"MedConF",35896,0,0,"cabaneros",3,8
"MedSclF",158690,0,0,"cabaneros",3,8
"MedScrub",187005,0,0,"cabaneros",3,8
"Reforestation",57,0,0,"cabaneros",3,8
"RipF",4764,0,0,"cabaneros",3,8
"RockScreeVeg",11067,0,0,"cabaneros",3,8
"SMedMarF",69447,0,0,"cabaneros",3,8
"Shrub",21978,0,0,"cabaneros",3,8
"WaterSurf",177,0,0,"cabaneros",3,8
"ArtSurf",7418,0,0,"cabaneros",3,9
"Crop",2473,0,0,"cabaneros",3,9
"Dehesa",36272,0,0,"cabaneros",3,9
"Grass",52784,0,0,"cabaneros",3,9
"HydroRipVeg",554,0,0,"cabaneros",3,9
"MedConF",35896,0,0,"cabaneros",3,9
"MedSclF",158690,0,0,"cabaneros",3,9
"MedScrub",187005,0,0,"cabaneros",3,9
"Reforestation",57,0,0,"cabaneros",3,9
"RipF",4764,0,0,"cabaneros",3,9
"RockScreeVeg",11067,0,0,"cabaneros",3,9
"SMedMarF",69447,0,0,"cabaneros",3,9
"Shrub",21978,0,0,"cabaneros",3,9
"WaterSurf",177,0,0,"cabaneros",3,9
"ArtSurf",7418,0,0,"cabaneros",3,10
"Crop",2473,0,0,"cabaneros",3,10
"Dehesa",36272,0,0,"cabaneros",3,10
"Grass",52784,0,0,"cabaneros",3,10
"HydroRipVeg",554,0,0,"cabaneros",3,10
"MedConF",35896,0,0,"cabaneros",3,10
"MedSclF",158690,0,0,"cabaneros",3,10
"MedScrub",187005,0,0,"cabaneros",3,10
"Reforestation",57,0,0,"cabaneros",3,10
"RipF",4764,0,0,"cabaneros",3,10
"RockScreeVeg",11067,0,0,"cabaneros",3,10
"SMedMarF",69447,0,0,"cabaneros",3,10
"Shrub",21978,0,0,"cabaneros",3,10
"WaterSurf",177,0,0,"cabaneros",3,10
"ArtSurf",7418,0,0,"cabaneros",3,11
"Crop",2473,0,0,"cabaneros",3,11
"Dehesa",36272,0,0,"cabaneros",3,11
"Grass",52784,0,0,"cabaneros",3,11
"HydroRipVeg",554,0,0,"cabaneros",3,11
"MedConF",35896,0,0,"cabaneros",3,11
"MedSclF",158690,0,0,"cabaneros",3,11
"MedScrub",187005,0,0,"cabaneros",3,11
"Reforestation",57,0,0,"cabaneros",3,11
"RipF",4764,0,0,"cabaneros",3,11
"RockScreeVeg",11067,0,0,"cabaneros",3,11
"SMedMarF",69447,0,0,"cabaneros",3,11
"Shrub",21978,0,0,"cabaneros",3,11
"WaterSurf",177,0,0,"cabaneros",3,11
"ArtSurf",7418,0,0,"cabaneros",3,12
"Crop",2473,0,0,"cabaneros",3,12
"Dehesa",36272,0,0,"cabaneros",3,12
"Grass",52784,0,0,"cabaneros",3,12
"HydroRipVeg",554,0,0,"cabaneros",3,12
"MedConF",35896,0,0,"cabaneros",3,12
"MedSclF",158688,0,0,"cabaneros",3,12
"MedScrub",187005,0,0,"cabaneros",3,12
"Reforestation",57,0,0,"cabaneros",3,12
"RipF",4764,0,0,"cabaneros",3,12
"RockScreeVeg",11067,0,0,"cabaneros",3,12
"SMedMarF",69447,0,0,"cabaneros",3,12
"Shrub",21978,0,0,"cabaneros",3,12
"WaterSurf",177,0,0,"cabaneros",3,12
"ArtSurf",7418,0,0,"cabaneros",6,1
"Crop",2473,0,0,"cabaneros",6,1
"Dehesa",36272,0,0,"cabaneros",6,1
"Grass",52784,0,0,"cabaneros",6,1
"HydroRipVeg",554,0,0,"cabaneros",6,1
"MedConF",35896,0,0,"cabaneros",6,1
"MedSclF",158690,0,0,"cabaneros",6,1
"MedScrub",187005,0,0,"cabaneros",6,1
"Reforestation",57,0,0,"cabaneros",6,1
"RipF",4764,0,0,"cabaneros",6,1
"RockScreeVeg",11067,0,0,"cabaneros",6,1
"SMedMarF",69447,0,0,"cabaneros",6,1
"Shrub",21978,0,0,"cabaneros",6,1
"WaterSurf",177,0,0,"cabaneros",6,1
"ArtSurf",7418,0,0,"cabaneros",6,2
"Crop",2473,0,0,"cabaneros",6,2
"Dehesa",36272,0,0,"cabaneros",6,2
"Grass",52784,0,0,"cabaneros",6,2
"HydroRipVeg",554,0,0,"cabaneros",6,2
"MedConF",35896,0,0,"cabaneros",6,2
"MedSclF",158690,0,0,"cabaneros",6,2
"MedScrub",187005,0,0,"cabaneros",6,2
"Reforestation",57,0,0,"cabaneros",6,2
"RipF",4764,0,0,"cabaneros",6,2
"RockScreeVeg",11067,0,0,"cabaneros",6,2
"SMedMarF",69447,0,0,"cabaneros",6,2
"Shrub",21978,0,0,"cabaneros",6,2
"WaterSurf",177,0,0,"cabaneros",6,2
"ArtSurf",7418,0,0,"cabaneros",6,3
"Crop",2473,0,0,"cabaneros",6,3
"Dehesa",36272,0,0,"cabaneros",6,3
"Grass",52784,0,0,"cabaneros",6,3
"HydroRipVeg",554,0,0,"cabaneros",6,3
"MedConF",35896,0,0,"cabaneros",6,3
"MedSclF",158690,0,0,"cabaneros",6,3
"MedScrub",187005,0,0,"cabaneros",6,3
"Reforestation",57,0,0,"cabaneros",6,3
"RipF",4764,0,0,"cabaneros",6,3
"RockScreeVeg",11067,0,0,"cabaneros",6,3
"SMedMarF",69447,0,0,"cabaneros",6,3
"Shrub",21978,0,0,"cabaneros",6,3
"WaterSurf",177,0,0,"cabaneros",6,3
"ArtSurf",7418,8,0.11,"cabaneros",6,4
"Crop",2473,0,0,"cabaneros",6,4
"Dehesa",36272,2,0.01,"cabaneros",6,4
"Grass",52784,0,0,"cabaneros",6,4
"HydroRipVeg",554,2,0.36,"cabaneros",6,4
"MedConF",35896,2,0.01,"cabaneros",6,4
"MedSclF",158690,28,0.02,"cabaneros",6,4
"MedScrub",187005,175,0.09,"cabaneros",6,4
"Reforestation",57,0,0,"cabaneros",6,4
"RipF",4764,1,0.02,"cabaneros",6,4
"RockScreeVeg",11067,3,0.03,"cabaneros",6,4
"SMedMarF",69447,17,0.02,"cabaneros",6,4
"Shrub",21978,1,0,"cabaneros",6,4
"WaterSurf",177,0,0,"cabaneros",6,4
"ArtSurf",7418,0,0,"cabaneros",6,5
"Crop",2473,0,0,"cabaneros",6,5
"Dehesa",36272,0,0,"cabaneros",6,5
"Grass",52784,0,0,"cabaneros",6,5
"HydroRipVeg",554,0,0,"cabaneros",6,5
"MedConF",35896,0,0,"cabaneros",6,5
"MedSclF",158690,0,0,"cabaneros",6,5
"MedScrub",187005,25,0.01,"cabaneros",6,5
"Reforestation",57,0,0,"cabaneros",6,5
"RipF",4764,0,0,"cabaneros",6,5
"RockScreeVeg",11067,0,0,"cabaneros",6,5
"SMedMarF",69447,1,0,"cabaneros",6,5
"Shrub",21978,0,0,"cabaneros",6,5
"WaterSurf",177,0,0,"cabaneros",6,5
"ArtSurf",7418,0,0,"cabaneros",6,6
"Crop",2473,0,0,"cabaneros",6,6
"Dehesa",36272,0,0,"cabaneros",6,6
"Grass",52784,0,0,"cabaneros",6,6
"HydroRipVeg",554,0,0,"cabaneros",6,6
"MedConF",35896,2,0.01,"cabaneros",6,6
"MedSclF",158690,11,0.01,"cabaneros",6,6
"MedScrub",187005,11,0.01,"cabaneros",6,6
"Reforestation",57,0,0,"cabaneros",6,6
"RipF",4764,9,0.19,"cabaneros",6,6
"RockScreeVeg",11067,15,0.14,"cabaneros",6,6
"SMedMarF",69447,8,0.01,"cabaneros",6,6
"Shrub",21978,2,0.01,"cabaneros",6,6
"WaterSurf",177,1,0.56,"cabaneros",6,6
"ArtSurf",7418,1,0.01,"cabaneros",6,7
"Crop",2473,0,0,"cabaneros",6,7
"Dehesa",36272,0,0,"cabaneros",6,7
"Grass",52784,0,0,"cabaneros",6,7
"HydroRipVeg",554,0,0,"cabaneros",6,7
"MedConF",35896,3,0.01,"cabaneros",6,7
"MedSclF",158690,7,0,"cabaneros",6,7
"MedScrub",187005,0,0,"cabaneros",6,7
"Reforestation",57,0,0,"cabaneros",6,7
"RipF",4764,8,0.17,"cabaneros",6,7
"RockScreeVeg",11067,17,0.15,"cabaneros",6,7
"SMedMarF",69447,9,0.01,"cabaneros",6,7
"Shrub",21978,0,0,"cabaneros",6,7
"WaterSurf",177,1,0.56,"cabaneros",6,7
"ArtSurf",7418,0,0,"cabaneros",6,8
"Crop",2473,0,0,"cabaneros",6,8
"Dehesa",36272,0,0,"cabaneros",6,8
"Grass",52784,0,0,"cabaneros",6,8
"HydroRipVeg",554,0,0,"cabaneros",6,8
"MedConF",35896,0,0,"cabaneros",6,8
"MedSclF",158690,12,0.01,"cabaneros",6,8
"MedScrub",187005,0,0,"cabaneros",6,8
"Reforestation",57,0,0,"cabaneros",6,8
"RipF",4764,11,0.23,"cabaneros",6,8
"RockScreeVeg",11067,4,0.04,"cabaneros",6,8
"SMedMarF",69447,24,0.03,"cabaneros",6,8
"Shrub",21978,0,0,"cabaneros",6,8
"WaterSurf",177,0,0,"cabaneros",6,8
"ArtSurf",7418,0,0,"cabaneros",6,9
"Crop",2473,0,0,"cabaneros",6,9
"Dehesa",36272,0,0,"cabaneros",6,9
"Grass",52784,0,0,"cabaneros",6,9
"HydroRipVeg",554,0,0,"cabaneros",6,9
"MedConF",35896,0,0,"cabaneros",6,9
"MedSclF",158690,0,0,"cabaneros",6,9
"MedScrub",187005,0,0,"cabaneros",6,9
"Reforestation",57,0,0,"cabaneros",6,9
"RipF",4764,0,0,"cabaneros",6,9
"RockScreeVeg",11067,0,0,"cabaneros",6,9
"SMedMarF",69447,0,0,"cabaneros",6,9
"Shrub",21978,0,0,"cabaneros",6,9
"WaterSurf",177,0,0,"cabaneros",6,9
"ArtSurf",7418,0,0,"cabaneros",6,10
"Crop",2473,0,0,"cabaneros",6,10
"Dehesa",36272,0,0,"cabaneros",6,10
"Grass",52784,0,0,"cabaneros",6,10
"HydroRipVeg",554,0,0,"cabaneros",6,10
"MedConF",35896,0,0,"cabaneros",6,10
"MedSclF",158690,0,0,"cabaneros",6,10
"MedScrub",187005,0,0,"cabaneros",6,10
"Reforestation",57,0,0,"cabaneros",6,10
"RipF",4764,0,0,"cabaneros",6,10
"RockScreeVeg",11067,0,0,"cabaneros",6,10
"SMedMarF",69447,0,0,"cabaneros",6,10
"Shrub",21978,0,0,"cabaneros",6,10
"WaterSurf",177,0,0,"cabaneros",6,10
"ArtSurf",7418,0,0,"cabaneros",6,11
"Crop",2473,0,0,"cabaneros",6,11
"Dehesa",36272,0,0,"cabaneros",6,11
"Grass",52784,0,0,"cabaneros",6,11
"HydroRipVeg",554,0,0,"cabaneros",6,11
"MedConF",35896,0,0,"cabaneros",6,11
"MedSclF",158690,0,0,"cabaneros",6,11
"MedScrub",187005,0,0,"cabaneros",6,11
"Reforestation",57,0,0,"cabaneros",6,11
"RipF",4764,0,0,"cabaneros",6,11
"RockScreeVeg",11067,0,0,"cabaneros",6,11
"SMedMarF",69447,0,0,"cabaneros",6,11
"Shrub",21978,0,0,"cabaneros",6,11
"WaterSurf",177,0,0,"cabaneros",6,11
"ArtSurf",7418,0,0,"cabaneros",6,12
"Crop",2473,0,0,"cabaneros",6,12
"Dehesa",36272,0,0,"cabaneros",6,12
"Grass",52784,0,0,"cabaneros",6,12
"HydroRipVeg",554,0,0,"cabaneros",6,12
"MedConF",35896,0,0,"cabaneros",6,12
"MedSclF",158688,0,0,"cabaneros",6,12
"MedScrub",187005,0,0,"cabaneros",6,12
"Reforestation",57,0,0,"cabaneros",6,12
"RipF",4764,0,0,"cabaneros",6,12
"RockScreeVeg",11067,0,0,"cabaneros",6,12
"SMedMarF",69447,0,0,"cabaneros",6,12
"Shrub",21978,0,0,"cabaneros",6,12
"WaterSurf",177,0,0,"cabaneros",6,12
"ArtSurf",7418,0,0,"cabaneros",9,1
"Crop",2473,0,0,"cabaneros",9,1
"Dehesa",36272,0,0,"cabaneros",9,1
"Grass",52784,0,0,"cabaneros",9,1
"HydroRipVeg",554,0,0,"cabaneros",9,1
"MedConF",35896,0,0,"cabaneros",9,1
"MedSclF",158690,0,0,"cabaneros",9,1
"MedScrub",187005,0,0,"cabaneros",9,1
"Reforestation",57,0,0,"cabaneros",9,1
"RipF",4764,0,0,"cabaneros",9,1
"RockScreeVeg",11067,0,0,"cabaneros",9,1
"SMedMarF",69447,0,0,"cabaneros",9,1
"Shrub",21978,0,0,"cabaneros",9,1
"WaterSurf",177,0,0,"cabaneros",9,1
"ArtSurf",7418,0,0,"cabaneros",9,2
"Crop",2473,0,0,"cabaneros",9,2
"Dehesa",36272,0,0,"cabaneros",9,2
"Grass",52784,0,0,"cabaneros",9,2
"HydroRipVeg",554,0,0,"cabaneros",9,2
"MedConF",35896,0,0,"cabaneros",9,2
"MedSclF",158690,0,0,"cabaneros",9,2
"MedScrub",187005,0,0,"cabaneros",9,2
"Reforestation",57,0,0,"cabaneros",9,2
"RipF",4764,0,0,"cabaneros",9,2
"RockScreeVeg",11067,0,0,"cabaneros",9,2
"SMedMarF",69447,0,0,"cabaneros",9,2
"Shrub",21978,0,0,"cabaneros",9,2
"WaterSurf",177,0,0,"cabaneros",9,2
"ArtSurf",7418,0,0,"cabaneros",9,3
"Crop",2473,0,0,"cabaneros",9,3
"Dehesa",36272,0,0,"cabaneros",9,3
"Grass",52784,0,0,"cabaneros",9,3
"HydroRipVeg",554,0,0,"cabaneros",9,3
"MedConF",35896,0,0,"cabaneros",9,3
"MedSclF",158690,0,0,"cabaneros",9,3
"MedScrub",187005,0,0,"cabaneros",9,3
"Reforestation",57,0,0,"cabaneros",9,3
"RipF",4764,0,0,"cabaneros",9,3
"RockScreeVeg",11067,0,0,"cabaneros",9,3
"SMedMarF",69447,0,0,"cabaneros",9,3
"Shrub",21978,0,0,"cabaneros",9,3
"WaterSurf",177,0,0,"cabaneros",9,3
"ArtSurf",7418,1,0.01,"cabaneros",9,4
"Crop",2473,0,0,"cabaneros",9,4
"Dehesa",36272,2,0.01,"cabaneros",9,4
"Grass",52784,1,0,"cabaneros",9,4
"HydroRipVeg",554,0,0,"cabaneros",9,4
"MedConF",35896,0,0,"cabaneros",9,4
"MedSclF",158690,13,0.01,"cabaneros",9,4
"MedScrub",187005,121,0.06,"cabaneros",9,4
"Reforestation",57,0,0,"cabaneros",9,4
"RipF",4764,0,0,"cabaneros",9,4
"RockScreeVeg",11067,5,0.05,"cabaneros",9,4
"SMedMarF",69447,17,0.02,"cabaneros",9,4
"Shrub",21978,1,0,"cabaneros",9,4
"WaterSurf",177,0,0,"cabaneros",9,4
"ArtSurf",7418,1,0.01,"cabaneros",9,5
"Crop",2473,0,0,"cabaneros",9,5
"Dehesa",36272,0,0,"cabaneros",9,5
"Grass",52784,0,0,"cabaneros",9,5
"HydroRipVeg",554,0,0,"cabaneros",9,5
"MedConF",35896,0,0,"cabaneros",9,5
"MedSclF",158690,0,0,"cabaneros",9,5
"MedScrub",187005,77,0.04,"cabaneros",9,5
"Reforestation",57,0,0,"cabaneros",9,5
"RipF",4764,0,0,"cabaneros",9,5
"RockScreeVeg",11067,4,0.04,"cabaneros",9,5
"SMedMarF",69447,14,0.02,"cabaneros",9,5
"Shrub",21978,0,0,"cabaneros",9,5
"WaterSurf",177,0,0,"cabaneros",9,5
"ArtSurf",7418,0,0,"cabaneros",9,6
"Crop",2473,0,0,"cabaneros",9,6
"Dehesa",36272,0,0,"cabaneros",9,6
"Grass",52784,0,0,"cabaneros",9,6
"HydroRipVeg",554,0,0,"cabaneros",9,6
"MedConF",35896,0,0,"cabaneros",9,6
"MedSclF",158690,0,0,"cabaneros",9,6
"MedScrub",187005,0,0,"cabaneros",9,6
"Reforestation",57,0,0,"cabaneros",9,6
"RipF",4764,1,0.02,"cabaneros",9,6
"RockScreeVeg",11067,1,0.01,"cabaneros",9,6
"SMedMarF",69447,1,0,"cabaneros",9,6
"Shrub",21978,1,0,"cabaneros",9,6
"WaterSurf",177,0,0,"cabaneros",9,6
"ArtSurf",7418,2,0.03,"cabaneros",9,7
"Crop",2473,0,0,"cabaneros",9,7
"Dehesa",36272,0,0,"cabaneros",9,7
"Grass",52784,0,0,"cabaneros",9,7
"HydroRipVeg",554,0,0,"cabaneros",9,7
"MedConF",35896,1,0,"cabaneros",9,7
"MedSclF",158690,2,0,"cabaneros",9,7
"MedScrub",187005,1,0,"cabaneros",9,7
"Reforestation",57,0,0,"cabaneros",9,7
"RipF",4764,12,0.25,"cabaneros",9,7
"RockScreeVeg",11067,3,0.03,"cabaneros",9,7
"SMedMarF",69447,0,0,"cabaneros",9,7
"Shrub",21978,0,0,"cabaneros",9,7
"WaterSurf",177,0,0,"cabaneros",9,7
"ArtSurf",7418,0,0,"cabaneros",9,8
"Crop",2473,0,0,"cabaneros",9,8
"Dehesa",36272,2,0.01,"cabaneros",9,8
"Grass",52784,0,0,"cabaneros",9,8
"HydroRipVeg",554,0,0,"cabaneros",9,8
"MedConF",35896,0,0,"cabaneros",9,8
"MedSclF",158690,4,0,"cabaneros",9,8
"MedScrub",187005,0,0,"cabaneros",9,8
"Reforestation",57,0,0,"cabaneros",9,8
"RipF",4764,0,0,"cabaneros",9,8
"RockScreeVeg",11067,0,0,"cabaneros",9,8
"SMedMarF",69447,0,0,"cabaneros",9,8
"Shrub",21978,0,0,"cabaneros",9,8
"WaterSurf",177,0,0,"cabaneros",9,8
"ArtSurf",7418,0,0,"cabaneros",9,9
"Crop",2473,0,0,"cabaneros",9,9
"Dehesa",36272,0,0,"cabaneros",9,9
"Grass",52784,0,0,"cabaneros",9,9
"HydroRipVeg",554,0,0,"cabaneros",9,9
"MedConF",35896,0,0,"cabaneros",9,9
"MedSclF",158690,0,0,"cabaneros",9,9
"MedScrub",187005,0,0,"cabaneros",9,9
"Reforestation",57,0,0,"cabaneros",9,9
"RipF",4764,0,0,"cabaneros",9,9
"RockScreeVeg",11067,0,0,"cabaneros",9,9
"SMedMarF",69447,0,0,"cabaneros",9,9
"Shrub",21978,0,0,"cabaneros",9,9
"WaterSurf",177,0,0,"cabaneros",9,9
"ArtSurf",7418,0,0,"cabaneros",9,10
"Crop",2473,0,0,"cabaneros",9,10
"Dehesa",36272,0,0,"cabaneros",9,10
"Grass",52784,0,0,"cabaneros",9,10
"HydroRipVeg",554,0,0,"cabaneros",9,10
"MedConF",35896,0,0,"cabaneros",9,10
"MedSclF",158690,0,0,"cabaneros",9,10
"MedScrub",187005,0,0,"cabaneros",9,10
"Reforestation",57,0,0,"cabaneros",9,10
"RipF",4764,0,0,"cabaneros",9,10
"RockScreeVeg",11067,0,0,"cabaneros",9,10
"SMedMarF",69447,0,0,"cabaneros",9,10
"Shrub",21978,0,0,"cabaneros",9,10
"WaterSurf",177,0,0,"cabaneros",9,10
"ArtSurf",7418,0,0,"cabaneros",9,11
"Crop",2473,0,0,"cabaneros",9,11
"Dehesa",36272,0,0,"cabaneros",9,11
"Grass",52784,0,0,"cabaneros",9,11
"HydroRipVeg",554,0,0,"cabaneros",9,11
"MedConF",35896,0,0,"cabaneros",9,11
"MedSclF",158690,0,0,"cabaneros",9,11
"MedScrub",187005,0,0,"cabaneros",9,11
"Reforestation",57,0,0,"cabaneros",9,11
"RipF",4764,0,0,"cabaneros",9,11
"RockScreeVeg",11067,0,0,"cabaneros",9,11
"SMedMarF",69447,0,0,"cabaneros",9,11
"Shrub",21978,0,0,"cabaneros",9,11
"WaterSurf",177,0,0,"cabaneros",9,11
"ArtSurf",7418,0,0,"cabaneros",9,12
"Crop",2473,0,0,"cabaneros",9,12
"Dehesa",36272,0,0,"cabaneros",9,12
"Grass",52784,0,0,"cabaneros",9,12
"HydroRipVeg",554,0,0,"cabaneros",9,12
"MedConF",35896,0,0,"cabaneros",9,12
"MedSclF",158688,0,0,"cabaneros",9,12
"MedScrub",187005,0,0,"cabaneros",9,12
"Reforestation",57,0,0,"cabaneros",9,12
"RipF",4764,0,0,"cabaneros",9,12
"RockScreeVeg",11067,0,0,"cabaneros",9,12
"SMedMarF",69447,0,0,"cabaneros",9,12
"Shrub",21978,0,0,"cabaneros",9,12
"WaterSurf",177,0,0,"cabaneros",9,12
"ArtSurf",7418,0,0,"cabaneros",12,1
"Crop",2473,0,0,"cabaneros",12,1
"Dehesa",36272,0,0,"cabaneros",12,1
"Grass",52784,0,0,"cabaneros",12,1
"HydroRipVeg",554,0,0,"cabaneros",12,1
"MedConF",35896,0,0,"cabaneros",12,1
"MedSclF",158690,0,0,"cabaneros",12,1
"MedScrub",187005,0,0,"cabaneros",12,1
"Reforestation",57,0,0,"cabaneros",12,1
"RipF",4764,0,0,"cabaneros",12,1
"RockScreeVeg",11067,0,0,"cabaneros",12,1
"SMedMarF",69447,0,0,"cabaneros",12,1
"Shrub",21978,0,0,"cabaneros",12,1
"WaterSurf",177,0,0,"cabaneros",12,1
"ArtSurf",7418,0,0,"cabaneros",12,2
"Crop",2473,0,0,"cabaneros",12,2
"Dehesa",36272,0,0,"cabaneros",12,2
"Grass",52784,0,0,"cabaneros",12,2
"HydroRipVeg",554,0,0,"cabaneros",12,2
"MedConF",35896,0,0,"cabaneros",12,2
"MedSclF",158690,0,0,"cabaneros",12,2
"MedScrub",187005,0,0,"cabaneros",12,2
"Reforestation",57,0,0,"cabaneros",12,2
"RipF",4764,0,0,"cabaneros",12,2
"RockScreeVeg",11067,0,0,"cabaneros",12,2
"SMedMarF",69447,0,0,"cabaneros",12,2
"Shrub",21978,0,0,"cabaneros",12,2
"WaterSurf",177,0,0,"cabaneros",12,2
"ArtSurf",7418,0,0,"cabaneros",12,3
"Crop",2473,0,0,"cabaneros",12,3
"Dehesa",36272,0,0,"cabaneros",12,3
"Grass",52784,0,0,"cabaneros",12,3
"HydroRipVeg",554,0,0,"cabaneros",12,3
"MedConF",35896,0,0,"cabaneros",12,3
"MedSclF",158690,0,0,"cabaneros",12,3
"MedScrub",187005,0,0,"cabaneros",12,3
"Reforestation",57,0,0,"cabaneros",12,3
"RipF",4764,0,0,"cabaneros",12,3
"RockScreeVeg",11067,0,0,"cabaneros",12,3
"SMedMarF",69447,0,0,"cabaneros",12,3
"Shrub",21978,0,0,"cabaneros",12,3
"WaterSurf",177,0,0,"cabaneros",12,3
"ArtSurf",7418,0,0,"cabaneros",12,4
"Crop",2473,0,0,"cabaneros",12,4
"Dehesa",36272,1,0,"cabaneros",12,4
"Grass",52784,1,0,"cabaneros",12,4
"HydroRipVeg",554,2,0.36,"cabaneros",12,4
"MedConF",35896,0,0,"cabaneros",12,4
"MedSclF",158690,3,0,"cabaneros",12,4
"MedScrub",187005,41,0.02,"cabaneros",12,4
"Reforestation",57,0,0,"cabaneros",12,4
"RipF",4764,0,0,"cabaneros",12,4
"RockScreeVeg",11067,5,0.05,"cabaneros",12,4
"SMedMarF",69447,9,0.01,"cabaneros",12,4
"Shrub",21978,2,0.01,"cabaneros",12,4
"WaterSurf",177,0,0,"cabaneros",12,4
"ArtSurf",7418,1,0.01,"cabaneros",12,5
"Crop",2473,0,0,"cabaneros",12,5
"Dehesa",36272,0,0,"cabaneros",12,5
"Grass",52784,0,0,"cabaneros",12,5
"HydroRipVeg",554,0,0,"cabaneros",12,5
"MedConF",35896,0,0,"cabaneros",12,5
"MedSclF",158690,1,0,"cabaneros",12,5
"MedScrub",187005,110,0.06,"cabaneros",12,5
"Reforestation",57,0,0,"cabaneros",12,5
"RipF",4764,0,0,"cabaneros",12,5
"RockScreeVeg",11067,8,0.07,"cabaneros",12,5
"SMedMarF",69447,64,0.09,"cabaneros",12,5
"Shrub",21978,1,0,"cabaneros",12,5
"WaterSurf",177,0,0,"cabaneros",12,5
"ArtSurf",7418,0,0,"cabaneros",12,6
"Crop",2473,0,0,"cabaneros",12,6
"Dehesa",36272,0,0,"cabaneros",12,6
"Grass",52784,0,0,"cabaneros",12,6
"HydroRipVeg",554,0,0,"cabaneros",12,6
"MedConF",35896,0,0,"cabaneros",12,6
"MedSclF",158690,0,0,"cabaneros",12,6
"MedScrub",187005,1,0,"cabaneros",12,6
"Reforestation",57,0,0,"cabaneros",12,6
"RipF",4764,1,0.02,"cabaneros",12,6
"RockScreeVeg",11067,0,0,"cabaneros",12,6
"SMedMarF",69447,1,0,"cabaneros",12,6
"Shrub",21978,0,0,"cabaneros",12,6
"WaterSurf",177,0,0,"cabaneros",12,6
"ArtSurf",7418,1,0.01,"cabaneros",12,7
"Crop",2473,0,0,"cabaneros",12,7
"Dehesa",36272,0,0,"cabaneros",12,7
"Grass",52784,0,0,"cabaneros",12,7
"HydroRipVeg",554,0,0,"cabaneros",12,7
"MedConF",35896,0,0,"cabaneros",12,7
"MedSclF",158690,3,0,"cabaneros",12,7
"MedScrub",187005,1,0,"cabaneros",12,7
"Reforestation",57,0,0,"cabaneros",12,7
"RipF",4764,5,0.1,"cabaneros",12,7
"RockScreeVeg",11067,4,0.04,"cabaneros",12,7
"SMedMarF",69447,0,0,"cabaneros",12,7
"Shrub",21978,0,0,"cabaneros",12,7
"WaterSurf",177,0,0,"cabaneros",12,7
"ArtSurf",7418,0,0,"cabaneros",12,8
"Crop",2473,0,0,"cabaneros",12,8
"Dehesa",36272,1,0,"cabaneros",12,8
"Grass",52784,0,0,"cabaneros",12,8
"HydroRipVeg",554,0,0,"cabaneros",12,8
"MedConF",35896,0,0,"cabaneros",12,8
"MedSclF",158690,2,0,"cabaneros",12,8
"MedScrub",187005,0,0,"cabaneros",12,8
"Reforestation",57,0,0,"cabaneros",12,8
"RipF",4764,1,0.02,"cabaneros",12,8
"RockScreeVeg",11067,0,0,"cabaneros",12,8
"SMedMarF",69447,0,0,"cabaneros",12,8
"Shrub",21978,0,0,"cabaneros",12,8
"WaterSurf",177,0,0,"cabaneros",12,8
"ArtSurf",7418,0,0,"cabaneros",12,9
"Crop",2473,0,0,"cabaneros",12,9
"Dehesa",36272,0,0,"cabaneros",12,9
"Grass",52784,0,0,"cabaneros",12,9
"HydroRipVeg",554,0,0,"cabaneros",12,9
"MedConF",35896,0,0,"cabaneros",12,9
"MedSclF",158690,0,0,"cabaneros",12,9
"MedScrub",187005,0,0,"cabaneros",12,9
"Reforestation",57,0,0,"cabaneros",12,9
"RipF",4764,0,0,"cabaneros",12,9
"RockScreeVeg",11067,0,0,"cabaneros",12,9
"SMedMarF",69447,1,0,"cabaneros",12,9
"Shrub",21978,0,0,"cabaneros",12,9
"WaterSurf",177,0,0,"cabaneros",12,9
"ArtSurf",7418,3,0.04,"cabaneros",12,10
"Crop",2473,0,0,"cabaneros",12,10
"Dehesa",36272,0,0,"cabaneros",12,10
"Grass",52784,1,0,"cabaneros",12,10
"HydroRipVeg",554,0,0,"cabaneros",12,10
"MedConF",35896,4,0.01,"cabaneros",12,10
"MedSclF",158690,1,0,"cabaneros",12,10
"MedScrub",187005,0,0,"cabaneros",12,10
"Reforestation",57,0,0,"cabaneros",12,10
"RipF",4764,1,0.02,"cabaneros",12,10
"RockScreeVeg",11067,23,0.21,"cabaneros",12,10
"SMedMarF",69447,0,0,"cabaneros",12,10
"Shrub",21978,0,0,"cabaneros",12,10
"WaterSurf",177,5,2.82,"cabaneros",12,10
"ArtSurf",7418,0,0,"cabaneros",12,11
"Crop",2473,0,0,"cabaneros",12,11
"Dehesa",36272,0,0,"cabaneros",12,11
"Grass",52784,0,0,"cabaneros",12,11
"HydroRipVeg",554,0,0,"cabaneros",12,11
"MedConF",35896,0,0,"cabaneros",12,11
"MedSclF",158690,0,0,"cabaneros",12,11
"MedScrub",187005,0,0,"cabaneros",12,11
"Reforestation",57,0,0,"cabaneros",12,11
"RipF",4764,1,0.02,"cabaneros",12,11
"RockScreeVeg",11067,11,0.1,"cabaneros",12,11
"SMedMarF",69447,1,0,"cabaneros",12,11
"Shrub",21978,0,0,"cabaneros",12,11
"WaterSurf",177,0,0,"cabaneros",12,11
"ArtSurf",7418,0,0,"cabaneros",12,12
"Crop",2473,0,0,"cabaneros",12,12
"Dehesa",36272,0,0,"cabaneros",12,12
"Grass",52784,0,0,"cabaneros",12,12
"HydroRipVeg",554,0,0,"cabaneros",12,12
"MedConF",35896,0,0,"cabaneros",12,12
"MedSclF",158688,0,0,"cabaneros",12,12
"MedScrub",187005,0,0,"cabaneros",12,12
"Reforestation",57,0,0,"cabaneros",12,12
"RipF",4764,0,0,"cabaneros",12,12
"RockScreeVeg",11067,0,0,"cabaneros",12,12
"SMedMarF",69447,0,0,"cabaneros",12,12
"Shrub",21978,0,0,"cabaneros",12,12
"WaterSurf",177,0,0,"cabaneros",12,12
"AridScr",7823,0,0,"cabrera",1,1
"ArtSurf",94,0,0,"cabrera",1,1
"BareArea",1122,0,0,"cabrera",1,1
"Crop",4,0,0,"cabrera",1,1
"Grass",13,0,0,"cabrera",1,1
"HaloVeg",52,0,0,"cabrera",1,1
"MedConF",8797,0,0,"cabrera",1,1
"MedScrub",486,0,0,"cabrera",1,1
"SaltMar",276,0,0,"cabrera",1,1
"AridScr",7823,0,0,"cabrera",1,2
"ArtSurf",94,0,0,"cabrera",1,2
"BareArea",1122,0,0,"cabrera",1,2
"Crop",4,0,0,"cabrera",1,2
"Grass",13,0,0,"cabrera",1,2
"HaloVeg",52,0,0,"cabrera",1,2
"MedConF",8797,0,0,"cabrera",1,2
"MedScrub",486,0,0,"cabrera",1,2
"SaltMar",276,0,0,"cabrera",1,2
"AridScr",7823,0,0,"cabrera",1,3
"ArtSurf",94,0,0,"cabrera",1,3
"BareArea",1122,0,0,"cabrera",1,3
"Crop",4,0,0,"cabrera",1,3
"Grass",13,0,0,"cabrera",1,3
"HaloVeg",52,0,0,"cabrera",1,3
"MedConF",8797,0,0,"cabrera",1,3
"MedScrub",486,0,0,"cabrera",1,3
"SaltMar",276,0,0,"cabrera",1,3
"AridScr",7823,0,0,"cabrera",1,4
"ArtSurf",94,0,0,"cabrera",1,4
"BareArea",1122,0,0,"cabrera",1,4
"Crop",4,0,0,"cabrera",1,4
"Grass",13,0,0,"cabrera",1,4
"HaloVeg",52,0,0,"cabrera",1,4
"MedConF",8797,0,0,"cabrera",1,4
"MedScrub",486,0,0,"cabrera",1,4
"SaltMar",276,0,0,"cabrera",1,4
"AridScr",7823,0,0,"cabrera",1,5
"ArtSurf",94,0,0,"cabrera",1,5
"BareArea",1122,0,0,"cabrera",1,5
"Crop",4,0,0,"cabrera",1,5
"Grass",13,0,0,"cabrera",1,5
"HaloVeg",52,0,0,"cabrera",1,5
"MedConF",8797,0,0,"cabrera",1,5
"MedScrub",486,0,0,"cabrera",1,5
"SaltMar",276,0,0,"cabrera",1,5
"AridScr",7823,0,0,"cabrera",1,6
"ArtSurf",94,0,0,"cabrera",1,6
"BareArea",1122,0,0,"cabrera",1,6
"Crop",4,0,0,"cabrera",1,6
"Grass",13,0,0,"cabrera",1,6
"HaloVeg",52,0,0,"cabrera",1,6
"MedConF",8797,0,0,"cabrera",1,6
"MedScrub",486,0,0,"cabrera",1,6
"SaltMar",276,0,0,"cabrera",1,6
"AridScr",7823,0,0,"cabrera",1,7
"ArtSurf",94,0,0,"cabrera",1,7
"BareArea",1122,0,0,"cabrera",1,7
"Crop",4,0,0,"cabrera",1,7
"Grass",13,0,0,"cabrera",1,7
"HaloVeg",52,0,0,"cabrera",1,7
"MedConF",8797,0,0,"cabrera",1,7
"MedScrub",486,0,0,"cabrera",1,7
"SaltMar",276,0,0,"cabrera",1,7
"AridScr",7823,0,0,"cabrera",1,8
"ArtSurf",94,0,0,"cabrera",1,8
"BareArea",1122,0,0,"cabrera",1,8
"Crop",4,0,0,"cabrera",1,8
"Grass",13,0,0,"cabrera",1,8
"HaloVeg",52,0,0,"cabrera",1,8
"MedConF",8797,0,0,"cabrera",1,8
"MedScrub",486,0,0,"cabrera",1,8
"SaltMar",276,0,0,"cabrera",1,8
"AridScr",7823,0,0,"cabrera",1,9
"ArtSurf",94,0,0,"cabrera",1,9
"BareArea",1122,0,0,"cabrera",1,9
"Crop",4,0,0,"cabrera",1,9
"Grass",13,0,0,"cabrera",1,9
"HaloVeg",52,0,0,"cabrera",1,9
"MedConF",8797,0,0,"cabrera",1,9
"MedScrub",486,0,0,"cabrera",1,9
"SaltMar",276,0,0,"cabrera",1,9
"AridScr",7823,0,0,"cabrera",1,10
"ArtSurf",94,0,0,"cabrera",1,10
"BareArea",1122,0,0,"cabrera",1,10
"Crop",4,0,0,"cabrera",1,10
"Grass",13,0,0,"cabrera",1,10
"HaloVeg",52,0,0,"cabrera",1,10
"MedConF",8797,0,0,"cabrera",1,10
"MedScrub",486,0,0,"cabrera",1,10
"SaltMar",276,0,0,"cabrera",1,10
"AridScr",7823,0,0,"cabrera",1,11
"ArtSurf",94,0,0,"cabrera",1,11
"BareArea",1122,0,0,"cabrera",1,11
"Crop",4,0,0,"cabrera",1,11
"Grass",13,0,0,"cabrera",1,11
"HaloVeg",52,0,0,"cabrera",1,11
"MedConF",8797,0,0,"cabrera",1,11
"MedScrub",486,0,0,"cabrera",1,11
"SaltMar",276,0,0,"cabrera",1,11
"AridScr",7823,0,0,"cabrera",1,12
"ArtSurf",94,0,0,"cabrera",1,12
"BareArea",1122,0,0,"cabrera",1,12
"Crop",4,0,0,"cabrera",1,12
"Grass",13,0,0,"cabrera",1,12
"HaloVeg",52,0,0,"cabrera",1,12
"MedConF",8797,0,0,"cabrera",1,12
"MedScrub",486,0,0,"cabrera",1,12
"SaltMar",276,0,0,"cabrera",1,12
"AridScr",7823,0,0,"cabrera",3,1
"ArtSurf",94,0,0,"cabrera",3,1
"BareArea",1122,0,0,"cabrera",3,1
"Crop",4,0,0,"cabrera",3,1
"Grass",13,0,0,"cabrera",3,1
"HaloVeg",52,0,0,"cabrera",3,1
"MedConF",8797,0,0,"cabrera",3,1
"MedScrub",486,0,0,"cabrera",3,1
"SaltMar",276,0,0,"cabrera",3,1
"AridScr",7823,0,0,"cabrera",3,2
"ArtSurf",94,0,0,"cabrera",3,2
"BareArea",1122,0,0,"cabrera",3,2
"Crop",4,0,0,"cabrera",3,2
"Grass",13,0,0,"cabrera",3,2
"HaloVeg",52,0,0,"cabrera",3,2
"MedConF",8797,0,0,"cabrera",3,2
"MedScrub",486,0,0,"cabrera",3,2
"SaltMar",276,0,0,"cabrera",3,2
"AridScr",7823,0,0,"cabrera",3,3
"ArtSurf",94,0,0,"cabrera",3,3
"BareArea",1122,1,0.09,"cabrera",3,3
"Crop",4,0,0,"cabrera",3,3
"Grass",13,0,0,"cabrera",3,3
"HaloVeg",52,0,0,"cabrera",3,3
"MedConF",8797,0,0,"cabrera",3,3
"MedScrub",486,0,0,"cabrera",3,3
"SaltMar",276,0,0,"cabrera",3,3
"AridScr",7823,0,0,"cabrera",3,4
"ArtSurf",94,0,0,"cabrera",3,4
"BareArea",1122,0,0,"cabrera",3,4
"Crop",4,0,0,"cabrera",3,4
"Grass",13,0,0,"cabrera",3,4
"HaloVeg",52,0,0,"cabrera",3,4
"MedConF",8797,0,0,"cabrera",3,4
"MedScrub",486,0,0,"cabrera",3,4
"SaltMar",276,0,0,"cabrera",3,4
"AridScr",7823,0,0,"cabrera",3,5
"ArtSurf",94,0,0,"cabrera",3,5
"BareArea",1122,0,0,"cabrera",3,5
"Crop",4,0,0,"cabrera",3,5
"Grass",13,0,0,"cabrera",3,5
"HaloVeg",52,0,0,"cabrera",3,5
"MedConF",8797,0,0,"cabrera",3,5
"MedScrub",486,0,0,"cabrera",3,5
"SaltMar",276,0,0,"cabrera",3,5
"AridScr",7823,0,0,"cabrera",3,6
"ArtSurf",94,0,0,"cabrera",3,6
"BareArea",1122,1,0.09,"cabrera",3,6
"Crop",4,0,0,"cabrera",3,6
"Grass",13,0,0,"cabrera",3,6
"HaloVeg",52,0,0,"cabrera",3,6
"MedConF",8797,0,0,"cabrera",3,6
"MedScrub",486,0,0,"cabrera",3,6
"SaltMar",276,0,0,"cabrera",3,6
"AridScr",7823,0,0,"cabrera",3,7
"ArtSurf",94,0,0,"cabrera",3,7
"BareArea",1122,3,0.27,"cabrera",3,7
"Crop",4,0,0,"cabrera",3,7
"Grass",13,0,0,"cabrera",3,7
"HaloVeg",52,0,0,"cabrera",3,7
"MedConF",8797,0,0,"cabrera",3,7
"MedScrub",486,0,0,"cabrera",3,7
"SaltMar",276,0,0,"cabrera",3,7
"AridScr",7823,0,0,"cabrera",3,8
"ArtSurf",94,0,0,"cabrera",3,8
"BareArea",1122,0,0,"cabrera",3,8
"Crop",4,0,0,"cabrera",3,8
"Grass",13,0,0,"cabrera",3,8
"HaloVeg",52,0,0,"cabrera",3,8
"MedConF",8797,0,0,"cabrera",3,8
"MedScrub",486,0,0,"cabrera",3,8
"SaltMar",276,0,0,"cabrera",3,8
"AridScr",7823,0,0,"cabrera",3,9
"ArtSurf",94,0,0,"cabrera",3,9
"BareArea",1122,0,0,"cabrera",3,9
"Crop",4,0,0,"cabrera",3,9
"Grass",13,0,0,"cabrera",3,9
"HaloVeg",52,0,0,"cabrera",3,9
"MedConF",8797,0,0,"cabrera",3,9
"MedScrub",486,0,0,"cabrera",3,9
"SaltMar",276,0,0,"cabrera",3,9
"AridScr",7823,0,0,"cabrera",3,10
"ArtSurf",94,0,0,"cabrera",3,10
"BareArea",1122,0,0,"cabrera",3,10
"Crop",4,0,0,"cabrera",3,10
"Grass",13,0,0,"cabrera",3,10
"HaloVeg",52,0,0,"cabrera",3,10
"MedConF",8797,0,0,"cabrera",3,10
"MedScrub",486,0,0,"cabrera",3,10
"SaltMar",276,0,0,"cabrera",3,10
"AridScr",7823,0,0,"cabrera",3,11
"ArtSurf",94,0,0,"cabrera",3,11
"BareArea",1122,0,0,"cabrera",3,11
"Crop",4,0,0,"cabrera",3,11
"Grass",13,0,0,"cabrera",3,11
"HaloVeg",52,0,0,"cabrera",3,11
"MedConF",8797,0,0,"cabrera",3,11
"MedScrub",486,0,0,"cabrera",3,11
"SaltMar",276,0,0,"cabrera",3,11
"AridScr",7823,0,0,"cabrera",3,12
"ArtSurf",94,0,0,"cabrera",3,12
"BareArea",1122,0,0,"cabrera",3,12
"Crop",4,0,0,"cabrera",3,12
"Grass",13,0,0,"cabrera",3,12
"HaloVeg",52,0,0,"cabrera",3,12
"MedConF",8797,0,0,"cabrera",3,12
"MedScrub",486,0,0,"cabrera",3,12
"SaltMar",276,0,0,"cabrera",3,12
"AridScr",7823,0,0,"cabrera",6,1
"ArtSurf",94,0,0,"cabrera",6,1
"BareArea",1122,0,0,"cabrera",6,1
"Crop",4,0,0,"cabrera",6,1
"Grass",13,0,0,"cabrera",6,1
"HaloVeg",52,0,0,"cabrera",6,1
"MedConF",8797,0,0,"cabrera",6,1
"MedScrub",486,0,0,"cabrera",6,1
"SaltMar",276,0,0,"cabrera",6,1
"AridScr",7823,0,0,"cabrera",6,2
"ArtSurf",94,0,0,"cabrera",6,2
"BareArea",1122,0,0,"cabrera",6,2
"Crop",4,0,0,"cabrera",6,2
"Grass",13,0,0,"cabrera",6,2
"HaloVeg",52,0,0,"cabrera",6,2
"MedConF",8797,0,0,"cabrera",6,2
"MedScrub",486,0,0,"cabrera",6,2
"SaltMar",276,0,0,"cabrera",6,2
"AridScr",7823,0,0,"cabrera",6,3
"ArtSurf",94,0,0,"cabrera",6,3
"BareArea",1122,0,0,"cabrera",6,3
"Crop",4,0,0,"cabrera",6,3
"Grass",13,0,0,"cabrera",6,3
"HaloVeg",52,0,0,"cabrera",6,3
"MedConF",8797,0,0,"cabrera",6,3
"MedScrub",486,0,0,"cabrera",6,3
"SaltMar",276,0,0,"cabrera",6,3
"AridScr",7823,0,0,"cabrera",6,4
"ArtSurf",94,0,0,"cabrera",6,4
"BareArea",1122,0,0,"cabrera",6,4
"Crop",4,0,0,"cabrera",6,4
"Grass",13,0,0,"cabrera",6,4
"HaloVeg",52,0,0,"cabrera",6,4
"MedConF",8797,0,0,"cabrera",6,4
"MedScrub",486,0,0,"cabrera",6,4
"SaltMar",276,0,0,"cabrera",6,4
"AridScr",7823,3,0.04,"cabrera",6,5
"ArtSurf",94,0,0,"cabrera",6,5
"BareArea",1122,2,0.18,"cabrera",6,5
"Crop",4,0,0,"cabrera",6,5
"Grass",13,0,0,"cabrera",6,5
"HaloVeg",52,0,0,"cabrera",6,5
"MedConF",8797,1,0.01,"cabrera",6,5
"MedScrub",486,0,0,"cabrera",6,5
"SaltMar",276,0,0,"cabrera",6,5
"AridScr",7823,0,0,"cabrera",6,6
"ArtSurf",94,0,0,"cabrera",6,6
"BareArea",1122,1,0.09,"cabrera",6,6
"Crop",4,0,0,"cabrera",6,6
"Grass",13,0,0,"cabrera",6,6
"HaloVeg",52,0,0,"cabrera",6,6
"MedConF",8797,0,0,"cabrera",6,6
"MedScrub",486,0,0,"cabrera",6,6
"SaltMar",276,0,0,"cabrera",6,6
"AridScr",7823,0,0,"cabrera",6,7
"ArtSurf",94,0,0,"cabrera",6,7
"BareArea",1122,1,0.09,"cabrera",6,7
"Crop",4,0,0,"cabrera",6,7
"Grass",13,0,0,"cabrera",6,7
"HaloVeg",52,0,0,"cabrera",6,7
"MedConF",8797,0,0,"cabrera",6,7
"MedScrub",486,0,0,"cabrera",6,7
"SaltMar",276,0,0,"cabrera",6,7
"AridScr",7823,0,0,"cabrera",6,8
"ArtSurf",94,0,0,"cabrera",6,8
"BareArea",1122,0,0,"cabrera",6,8
"Crop",4,0,0,"cabrera",6,8
"Grass",13,0,0,"cabrera",6,8
"HaloVeg",52,0,0,"cabrera",6,8
"MedConF",8797,0,0,"cabrera",6,8
"MedScrub",486,0,0,"cabrera",6,8
"SaltMar",276,0,0,"cabrera",6,8
"AridScr",7823,0,0,"cabrera",6,9
"ArtSurf",94,0,0,"cabrera",6,9
"BareArea",1122,0,0,"cabrera",6,9
"Crop",4,0,0,"cabrera",6,9
"Grass",13,0,0,"cabrera",6,9
"HaloVeg",52,0,0,"cabrera",6,9
"MedConF",8797,0,0,"cabrera",6,9
"MedScrub",486,0,0,"cabrera",6,9
"SaltMar",276,0,0,"cabrera",6,9
"AridScr",7823,0,0,"cabrera",6,10
"ArtSurf",94,0,0,"cabrera",6,10
"BareArea",1122,1,0.09,"cabrera",6,10
"Crop",4,0,0,"cabrera",6,10
"Grass",13,0,0,"cabrera",6,10
"HaloVeg",52,0,0,"cabrera",6,10
"MedConF",8797,0,0,"cabrera",6,10
"MedScrub",486,0,0,"cabrera",6,10
"SaltMar",276,0,0,"cabrera",6,10
"AridScr",7823,0,0,"cabrera",6,11
"ArtSurf",94,0,0,"cabrera",6,11
"BareArea",1122,0,0,"cabrera",6,11
"Crop",4,0,0,"cabrera",6,11
"Grass",13,0,0,"cabrera",6,11
"HaloVeg",52,0,0,"cabrera",6,11
"MedConF",8797,0,0,"cabrera",6,11
"MedScrub",486,0,0,"cabrera",6,11
"SaltMar",276,0,0,"cabrera",6,11
"AridScr",7823,0,0,"cabrera",6,12
"ArtSurf",94,0,0,"cabrera",6,12
"BareArea",1122,0,0,"cabrera",6,12
"Crop",4,0,0,"cabrera",6,12
"Grass",13,0,0,"cabrera",6,12
"HaloVeg",52,0,0,"cabrera",6,12
"MedConF",8797,0,0,"cabrera",6,12
"MedScrub",486,0,0,"cabrera",6,12
"SaltMar",276,0,0,"cabrera",6,12
"AridScr",7823,0,0,"cabrera",9,1
"ArtSurf",94,0,0,"cabrera",9,1
"BareArea",1122,0,0,"cabrera",9,1
"Crop",4,0,0,"cabrera",9,1
"Grass",13,0,0,"cabrera",9,1
"HaloVeg",52,0,0,"cabrera",9,1
"MedConF",8797,0,0,"cabrera",9,1
"MedScrub",486,0,0,"cabrera",9,1
"SaltMar",276,0,0,"cabrera",9,1
"AridScr",7823,0,0,"cabrera",9,2
"ArtSurf",94,0,0,"cabrera",9,2
"BareArea",1122,0,0,"cabrera",9,2
"Crop",4,0,0,"cabrera",9,2
"Grass",13,0,0,"cabrera",9,2
"HaloVeg",52,0,0,"cabrera",9,2
"MedConF",8797,0,0,"cabrera",9,2
"MedScrub",486,0,0,"cabrera",9,2
"SaltMar",276,0,0,"cabrera",9,2
"AridScr",7823,0,0,"cabrera",9,3
"ArtSurf",94,0,0,"cabrera",9,3
"BareArea",1122,0,0,"cabrera",9,3
"Crop",4,0,0,"cabrera",9,3
"Grass",13,0,0,"cabrera",9,3
"HaloVeg",52,0,0,"cabrera",9,3
"MedConF",8797,0,0,"cabrera",9,3
"MedScrub",486,0,0,"cabrera",9,3
"SaltMar",276,0,0,"cabrera",9,3
"AridScr",7823,0,0,"cabrera",9,4
"ArtSurf",94,0,0,"cabrera",9,4
"BareArea",1122,0,0,"cabrera",9,4
"Crop",4,0,0,"cabrera",9,4
"Grass",13,0,0,"cabrera",9,4
"HaloVeg",52,0,0,"cabrera",9,4
"MedConF",8797,0,0,"cabrera",9,4
"MedScrub",486,0,0,"cabrera",9,4
"SaltMar",276,0,0,"cabrera",9,4
"AridScr",7823,0,0,"cabrera",9,5
"ArtSurf",94,0,0,"cabrera",9,5
"BareArea",1122,0,0,"cabrera",9,5
"Crop",4,0,0,"cabrera",9,5
"Grass",13,0,0,"cabrera",9,5
"HaloVeg",52,0,0,"cabrera",9,5
"MedConF",8797,0,0,"cabrera",9,5
"MedScrub",486,0,0,"cabrera",9,5
"SaltMar",276,0,0,"cabrera",9,5
"AridScr",7823,0,0,"cabrera",9,6
"ArtSurf",94,0,0,"cabrera",9,6
"BareArea",1122,2,0.18,"cabrera",9,6
"Crop",4,0,0,"cabrera",9,6
"Grass",13,0,0,"cabrera",9,6
"HaloVeg",52,0,0,"cabrera",9,6
"MedConF",8797,0,0,"cabrera",9,6
"MedScrub",486,0,0,"cabrera",9,6
"SaltMar",276,0,0,"cabrera",9,6
"AridScr",7823,0,0,"cabrera",9,7
"ArtSurf",94,0,0,"cabrera",9,7
"BareArea",1122,0,0,"cabrera",9,7
"Crop",4,0,0,"cabrera",9,7
"Grass",13,0,0,"cabrera",9,7
"HaloVeg",52,0,0,"cabrera",9,7
"MedConF",8797,0,0,"cabrera",9,7
"MedScrub",486,0,0,"cabrera",9,7
"SaltMar",276,0,0,"cabrera",9,7
"AridScr",7823,0,0,"cabrera",9,8
"ArtSurf",94,0,0,"cabrera",9,8
"BareArea",1122,0,0,"cabrera",9,8
"Crop",4,0,0,"cabrera",9,8
"Grass",13,0,0,"cabrera",9,8
"HaloVeg",52,0,0,"cabrera",9,8
"MedConF",8797,0,0,"cabrera",9,8
"MedScrub",486,0,0,"cabrera",9,8
"SaltMar",276,0,0,"cabrera",9,8
"AridScr",7823,0,0,"cabrera",9,9
"ArtSurf",94,0,0,"cabrera",9,9
"BareArea",1122,0,0,"cabrera",9,9
"Crop",4,0,0,"cabrera",9,9
"Grass",13,0,0,"cabrera",9,9
"HaloVeg",52,0,0,"cabrera",9,9
"MedConF",8797,0,0,"cabrera",9,9
"MedScrub",486,0,0,"cabrera",9,9
"SaltMar",276,0,0,"cabrera",9,9
"AridScr",7823,0,0,"cabrera",9,10
"ArtSurf",94,0,0,"cabrera",9,10
"BareArea",1122,3,0.27,"cabrera",9,10
"Crop",4,0,0,"cabrera",9,10
"Grass",13,0,0,"cabrera",9,10
"HaloVeg",52,0,0,"cabrera",9,10
"MedConF",8797,0,0,"cabrera",9,10
"MedScrub",486,0,0,"cabrera",9,10
"SaltMar",276,1,0.36,"cabrera",9,10
"AridScr",7823,0,0,"cabrera",9,11
"ArtSurf",94,0,0,"cabrera",9,11
"BareArea",1122,0,0,"cabrera",9,11
"Crop",4,0,0,"cabrera",9,11
"Grass",13,0,0,"cabrera",9,11
"HaloVeg",52,0,0,"cabrera",9,11
"MedConF",8797,0,0,"cabrera",9,11
"MedScrub",486,0,0,"cabrera",9,11
"SaltMar",276,0,0,"cabrera",9,11
"AridScr",7823,0,0,"cabrera",9,12
"ArtSurf",94,0,0,"cabrera",9,12
"BareArea",1122,0,0,"cabrera",9,12
"Crop",4,0,0,"cabrera",9,12
"Grass",13,0,0,"cabrera",9,12
"HaloVeg",52,0,0,"cabrera",9,12
"MedConF",8797,0,0,"cabrera",9,12
"MedScrub",486,0,0,"cabrera",9,12
"SaltMar",276,0,0,"cabrera",9,12
"AridScr",7823,0,0,"cabrera",12,1
"ArtSurf",94,0,0,"cabrera",12,1
"BareArea",1122,0,0,"cabrera",12,1
"Crop",4,0,0,"cabrera",12,1
"Grass",13,0,0,"cabrera",12,1
"HaloVeg",52,0,0,"cabrera",12,1
"MedConF",8797,0,0,"cabrera",12,1
"MedScrub",486,0,0,"cabrera",12,1
"SaltMar",276,0,0,"cabrera",12,1
"AridScr",7823,0,0,"cabrera",12,2
"ArtSurf",94,0,0,"cabrera",12,2
"BareArea",1122,0,0,"cabrera",12,2
"Crop",4,0,0,"cabrera",12,2
"Grass",13,0,0,"cabrera",12,2
"HaloVeg",52,0,0,"cabrera",12,2
"MedConF",8797,0,0,"cabrera",12,2
"MedScrub",486,0,0,"cabrera",12,2
"SaltMar",276,0,0,"cabrera",12,2
"AridScr",7823,0,0,"cabrera",12,3
"ArtSurf",94,0,0,"cabrera",12,3
"BareArea",1122,0,0,"cabrera",12,3
"Crop",4,0,0,"cabrera",12,3
"Grass",13,0,0,"cabrera",12,3
"HaloVeg",52,0,0,"cabrera",12,3
"MedConF",8797,0,0,"cabrera",12,3
"MedScrub",486,0,0,"cabrera",12,3
"SaltMar",276,0,0,"cabrera",12,3
"AridScr",7823,0,0,"cabrera",12,4
"ArtSurf",94,0,0,"cabrera",12,4
"BareArea",1122,0,0,"cabrera",12,4
"Crop",4,0,0,"cabrera",12,4
"Grass",13,0,0,"cabrera",12,4
"HaloVeg",52,0,0,"cabrera",12,4
"MedConF",8797,0,0,"cabrera",12,4
"MedScrub",486,0,0,"cabrera",12,4
"SaltMar",276,0,0,"cabrera",12,4
"AridScr",7823,0,0,"cabrera",12,5
"ArtSurf",94,0,0,"cabrera",12,5
"BareArea",1122,2,0.18,"cabrera",12,5
"Crop",4,0,0,"cabrera",12,5
"Grass",13,0,0,"cabrera",12,5
"HaloVeg",52,0,0,"cabrera",12,5
"MedConF",8797,1,0.01,"cabrera",12,5
"MedScrub",486,0,0,"cabrera",12,5
"SaltMar",276,0,0,"cabrera",12,5
"AridScr",7823,1,0.01,"cabrera",12,6
"ArtSurf",94,0,0,"cabrera",12,6
"BareArea",1122,1,0.09,"cabrera",12,6
"Crop",4,0,0,"cabrera",12,6
"Grass",13,0,0,"cabrera",12,6
"HaloVeg",52,0,0,"cabrera",12,6
"MedConF",8797,0,0,"cabrera",12,6
"MedScrub",486,0,0,"cabrera",12,6
"SaltMar",276,0,0,"cabrera",12,6
"AridScr",7823,0,0,"cabrera",12,7
"ArtSurf",94,0,0,"cabrera",12,7
"BareArea",1122,4,0.36,"cabrera",12,7
"Crop",4,0,0,"cabrera",12,7
"Grass",13,0,0,"cabrera",12,7
"HaloVeg",52,0,0,"cabrera",12,7
"MedConF",8797,0,0,"cabrera",12,7
"MedScrub",486,0,0,"cabrera",12,7
"SaltMar",276,0,0,"cabrera",12,7
"AridScr",7823,0,0,"cabrera",12,8
"ArtSurf",94,0,0,"cabrera",12,8
"BareArea",1122,2,0.18,"cabrera",12,8
"Crop",4,0,0,"cabrera",12,8
"Grass",13,0,0,"cabrera",12,8
"HaloVeg",52,0,0,"cabrera",12,8
"MedConF",8797,0,0,"cabrera",12,8
"MedScrub",486,0,0,"cabrera",12,8
"SaltMar",276,0,0,"cabrera",12,8
"AridScr",7823,0,0,"cabrera",12,9
"ArtSurf",94,0,0,"cabrera",12,9
"BareArea",1122,0,0,"cabrera",12,9
"Crop",4,0,0,"cabrera",12,9
"Grass",13,0,0,"cabrera",12,9
"HaloVeg",52,0,0,"cabrera",12,9
"MedConF",8797,0,0,"cabrera",12,9
"MedScrub",486,0,0,"cabrera",12,9
"SaltMar",276,0,0,"cabrera",12,9
"AridScr",7823,0,0,"cabrera",12,10
"ArtSurf",94,0,0,"cabrera",12,10
"BareArea",1122,6,0.53,"cabrera",12,10
"Crop",4,0,0,"cabrera",12,10
"Grass",13,0,0,"cabrera",12,10
"HaloVeg",52,0,0,"cabrera",12,10
"MedConF",8797,0,0,"cabrera",12,10
"MedScrub",486,0,0,"cabrera",12,10
"SaltMar",276,1,0.36,"cabrera",12,10
"AridScr",7823,0,0,"cabrera",12,11
"ArtSurf",94,0,0,"cabrera",12,11
"BareArea",1122,0,0,"cabrera",12,11
"Crop",4,0,0,"cabrera",12,11
"Grass",13,0,0,"cabrera",12,11
"HaloVeg",52,0,0,"cabrera",12,11
"MedConF",8797,0,0,"cabrera",12,11
"MedScrub",486,0,0,"cabrera",12,11
"SaltMar",276,0,0,"cabrera",12,11
"AridScr",7823,0,0,"cabrera",12,12
"ArtSurf",94,0,0,"cabrera",12,12
"BareArea",1122,0,0,"cabrera",12,12
"Crop",4,0,0,"cabrera",12,12
"Grass",13,0,0,"cabrera",12,12
"HaloVeg",52,0,0,"cabrera",12,12
"MedConF",8797,0,0,"cabrera",12,12
"MedScrub",486,0,0,"cabrera",12,12
"SaltMar",276,0,0,"cabrera",12,12
"ArtSurf",247,0,0,"daimiel",1,1
"Crop",2273,0,0,"daimiel",1,1
"Dehesa",2601,0,0,"daimiel",1,1
"Grass",8172,0,0,"daimiel",1,1
"HaloVeg",2543,0,0,"daimiel",1,1
"HydroRipVeg",16350,0,0,"daimiel",1,1
"MedSclF",623,0,0,"daimiel",1,1
"Reforestation",25,0,0,"daimiel",1,1
"RipF",1501,0,0,"daimiel",1,1
"WaterSurf",8869,0,0,"daimiel",1,1
"ArtSurf",247,0,0,"daimiel",1,2
"Crop",2273,0,0,"daimiel",1,2
"Dehesa",2601,0,0,"daimiel",1,2
"Grass",8172,0,0,"daimiel",1,2
"HaloVeg",2543,0,0,"daimiel",1,2
"HydroRipVeg",16350,0,0,"daimiel",1,2
"MedSclF",623,0,0,"daimiel",1,2
"Reforestation",25,0,0,"daimiel",1,2
"RipF",1501,0,0,"daimiel",1,2
"WaterSurf",8869,0,0,"daimiel",1,2
"ArtSurf",247,0,0,"daimiel",1,3
"Crop",2273,0,0,"daimiel",1,3
"Dehesa",2601,0,0,"daimiel",1,3
"Grass",8172,0,0,"daimiel",1,3
"HaloVeg",2543,0,0,"daimiel",1,3
"HydroRipVeg",16350,0,0,"daimiel",1,3
"MedSclF",623,0,0,"daimiel",1,3
"Reforestation",25,0,0,"daimiel",1,3
"RipF",1501,0,0,"daimiel",1,3
"WaterSurf",8869,0,0,"daimiel",1,3
"ArtSurf",247,0,0,"daimiel",1,4
"Crop",2273,0,0,"daimiel",1,4
"Dehesa",2601,0,0,"daimiel",1,4
"Grass",8172,0,0,"daimiel",1,4
"HaloVeg",2543,0,0,"daimiel",1,4
"HydroRipVeg",16350,0,0,"daimiel",1,4
"MedSclF",623,0,0,"daimiel",1,4
"Reforestation",25,0,0,"daimiel",1,4
"RipF",1501,0,0,"daimiel",1,4
"WaterSurf",8869,0,0,"daimiel",1,4
"ArtSurf",247,0,0,"daimiel",1,5
"Crop",2273,0,0,"daimiel",1,5
"Dehesa",2601,0,0,"daimiel",1,5
"Grass",8172,0,0,"daimiel",1,5
"HaloVeg",2543,0,0,"daimiel",1,5
"HydroRipVeg",16350,0,0,"daimiel",1,5
"MedSclF",623,0,0,"daimiel",1,5
"Reforestation",25,0,0,"daimiel",1,5
"RipF",1501,0,0,"daimiel",1,5
"WaterSurf",8869,0,0,"daimiel",1,5
"ArtSurf",247,0,0,"daimiel",1,6
"Crop",2273,0,0,"daimiel",1,6
"Dehesa",2601,0,0,"daimiel",1,6
"Grass",8172,0,0,"daimiel",1,6
"HaloVeg",2543,0,0,"daimiel",1,6
"HydroRipVeg",16350,0,0,"daimiel",1,6
"MedSclF",623,0,0,"daimiel",1,6
"Reforestation",25,0,0,"daimiel",1,6
"RipF",1501,0,0,"daimiel",1,6
"WaterSurf",8869,0,0,"daimiel",1,6
"ArtSurf",247,0,0,"daimiel",1,7
"Crop",2273,0,0,"daimiel",1,7
"Dehesa",2601,0,0,"daimiel",1,7
"Grass",8172,0,0,"daimiel",1,7
"HaloVeg",2543,0,0,"daimiel",1,7
"HydroRipVeg",16350,0,0,"daimiel",1,7
"MedSclF",623,0,0,"daimiel",1,7
"Reforestation",25,0,0,"daimiel",1,7
"RipF",1501,0,0,"daimiel",1,7
"WaterSurf",8869,0,0,"daimiel",1,7
"ArtSurf",247,0,0,"daimiel",1,8
"Crop",2273,0,0,"daimiel",1,8
"Dehesa",2601,0,0,"daimiel",1,8
"Grass",8172,0,0,"daimiel",1,8
"HaloVeg",2543,0,0,"daimiel",1,8
"HydroRipVeg",16350,0,0,"daimiel",1,8
"MedSclF",623,0,0,"daimiel",1,8
"Reforestation",25,0,0,"daimiel",1,8
"RipF",1501,0,0,"daimiel",1,8
"WaterSurf",8869,0,0,"daimiel",1,8
"ArtSurf",247,0,0,"daimiel",1,9
"Crop",2273,0,0,"daimiel",1,9
"Dehesa",2601,0,0,"daimiel",1,9
"Grass",8172,0,0,"daimiel",1,9
"HaloVeg",2543,0,0,"daimiel",1,9
"HydroRipVeg",16350,0,0,"daimiel",1,9
"MedSclF",623,0,0,"daimiel",1,9
"Reforestation",25,0,0,"daimiel",1,9
"RipF",1501,0,0,"daimiel",1,9
"WaterSurf",8869,0,0,"daimiel",1,9
"ArtSurf",247,0,0,"daimiel",1,10
"Crop",2273,0,0,"daimiel",1,10
"Dehesa",2601,0,0,"daimiel",1,10
"Grass",8172,0,0,"daimiel",1,10
"HaloVeg",2543,0,0,"daimiel",1,10
"HydroRipVeg",16350,0,0,"daimiel",1,10
"MedSclF",623,0,0,"daimiel",1,10
"Reforestation",25,0,0,"daimiel",1,10
"RipF",1501,0,0,"daimiel",1,10
"WaterSurf",8869,0,0,"daimiel",1,10
"ArtSurf",247,0,0,"daimiel",1,11
"Crop",2273,0,0,"daimiel",1,11
"Dehesa",2601,0,0,"daimiel",1,11
"Grass",8172,0,0,"daimiel",1,11
"HaloVeg",2543,0,0,"daimiel",1,11
"HydroRipVeg",16350,0,0,"daimiel",1,11
"MedSclF",623,0,0,"daimiel",1,11
"Reforestation",25,0,0,"daimiel",1,11
"RipF",1501,0,0,"daimiel",1,11
"WaterSurf",8869,0,0,"daimiel",1,11
"ArtSurf",247,0,0,"daimiel",1,12
"Crop",2273,0,0,"daimiel",1,12
"Dehesa",2601,0,0,"daimiel",1,12
"Grass",8172,0,0,"daimiel",1,12
"HaloVeg",2543,0,0,"daimiel",1,12
"HydroRipVeg",16350,0,0,"daimiel",1,12
"MedSclF",623,0,0,"daimiel",1,12
"Reforestation",25,0,0,"daimiel",1,12
"RipF",1501,0,0,"daimiel",1,12
"WaterSurf",8869,0,0,"daimiel",1,12
"ArtSurf",247,0,0,"daimiel",3,1
"Crop",2273,0,0,"daimiel",3,1
"Dehesa",2601,0,0,"daimiel",3,1
"Grass",8172,0,0,"daimiel",3,1
"HaloVeg",2543,0,0,"daimiel",3,1
"HydroRipVeg",16350,0,0,"daimiel",3,1
"MedSclF",623,0,0,"daimiel",3,1
"Reforestation",25,0,0,"daimiel",3,1
"RipF",1501,0,0,"daimiel",3,1
"WaterSurf",8869,0,0,"daimiel",3,1
"ArtSurf",247,0,0,"daimiel",3,2
"Crop",2273,0,0,"daimiel",3,2
"Dehesa",2601,0,0,"daimiel",3,2
"Grass",8172,0,0,"daimiel",3,2
"HaloVeg",2543,0,0,"daimiel",3,2
"HydroRipVeg",16350,0,0,"daimiel",3,2
"MedSclF",623,0,0,"daimiel",3,2
"Reforestation",25,0,0,"daimiel",3,2
"RipF",1501,0,0,"daimiel",3,2
"WaterSurf",8869,0,0,"daimiel",3,2
"ArtSurf",247,0,0,"daimiel",3,3
"Crop",2273,0,0,"daimiel",3,3
"Dehesa",2601,0,0,"daimiel",3,3
"Grass",8172,0,0,"daimiel",3,3
"HaloVeg",2543,0,0,"daimiel",3,3
"HydroRipVeg",16350,0,0,"daimiel",3,3
"MedSclF",623,0,0,"daimiel",3,3
"Reforestation",25,0,0,"daimiel",3,3
"RipF",1501,0,0,"daimiel",3,3
"WaterSurf",8869,0,0,"daimiel",3,3
"ArtSurf",247,0,0,"daimiel",3,4
"Crop",2273,0,0,"daimiel",3,4
"Dehesa",2601,0,0,"daimiel",3,4
"Grass",8172,0,0,"daimiel",3,4
"HaloVeg",2543,0,0,"daimiel",3,4
"HydroRipVeg",16350,0,0,"daimiel",3,4
"MedSclF",623,0,0,"daimiel",3,4
"Reforestation",25,0,0,"daimiel",3,4
"RipF",1501,0,0,"daimiel",3,4
"WaterSurf",8869,0,0,"daimiel",3,4
"ArtSurf",247,0,0,"daimiel",3,5
"Crop",2273,0,0,"daimiel",3,5
"Dehesa",2601,0,0,"daimiel",3,5
"Grass",8172,0,0,"daimiel",3,5
"HaloVeg",2543,0,0,"daimiel",3,5
"HydroRipVeg",16350,4,0.02,"daimiel",3,5
"MedSclF",623,0,0,"daimiel",3,5
"Reforestation",25,0,0,"daimiel",3,5
"RipF",1501,0,0,"daimiel",3,5
"WaterSurf",8869,0,0,"daimiel",3,5
"ArtSurf",247,0,0,"daimiel",3,6
"Crop",2273,2,0.09,"daimiel",3,6
"Dehesa",2601,0,0,"daimiel",3,6
"Grass",8172,10,0.12,"daimiel",3,6
"HaloVeg",2543,0,0,"daimiel",3,6
"HydroRipVeg",16350,23,0.14,"daimiel",3,6
"MedSclF",623,0,0,"daimiel",3,6
"Reforestation",25,0,0,"daimiel",3,6
"RipF",1501,0,0,"daimiel",3,6
"WaterSurf",8869,0,0,"daimiel",3,6
"ArtSurf",247,0,0,"daimiel",3,7
"Crop",2273,0,0,"daimiel",3,7
"Dehesa",2601,0,0,"daimiel",3,7
"Grass",8172,0,0,"daimiel",3,7
"HaloVeg",2543,0,0,"daimiel",3,7
"HydroRipVeg",16350,0,0,"daimiel",3,7
"MedSclF",623,0,0,"daimiel",3,7
"Reforestation",25,0,0,"daimiel",3,7
"RipF",1501,0,0,"daimiel",3,7
"WaterSurf",8869,0,0,"daimiel",3,7
"ArtSurf",247,0,0,"daimiel",3,8
"Crop",2273,0,0,"daimiel",3,8
"Dehesa",2601,0,0,"daimiel",3,8
"Grass",8172,0,0,"daimiel",3,8
"HaloVeg",2543,0,0,"daimiel",3,8
"HydroRipVeg",16350,0,0,"daimiel",3,8
"MedSclF",623,0,0,"daimiel",3,8
"Reforestation",25,0,0,"daimiel",3,8
"RipF",1501,0,0,"daimiel",3,8
"WaterSurf",8869,0,0,"daimiel",3,8
"ArtSurf",247,0,0,"daimiel",3,9
"Crop",2273,0,0,"daimiel",3,9
"Dehesa",2601,0,0,"daimiel",3,9
"Grass",8172,0,0,"daimiel",3,9
"HaloVeg",2543,0,0,"daimiel",3,9
"HydroRipVeg",16350,0,0,"daimiel",3,9
"MedSclF",623,0,0,"daimiel",3,9
"Reforestation",25,0,0,"daimiel",3,9
"RipF",1501,0,0,"daimiel",3,9
"WaterSurf",8869,0,0,"daimiel",3,9
"ArtSurf",247,0,0,"daimiel",3,10
"Crop",2273,0,0,"daimiel",3,10
"Dehesa",2601,0,0,"daimiel",3,10
"Grass",8172,0,0,"daimiel",3,10
"HaloVeg",2543,0,0,"daimiel",3,10
"HydroRipVeg",16350,0,0,"daimiel",3,10
"MedSclF",623,0,0,"daimiel",3,10
"Reforestation",25,0,0,"daimiel",3,10
"RipF",1501,0,0,"daimiel",3,10
"WaterSurf",8869,0,0,"daimiel",3,10
"ArtSurf",247,0,0,"daimiel",3,11
"Crop",2273,2,0.09,"daimiel",3,11
"Dehesa",2601,0,0,"daimiel",3,11
"Grass",8172,0,0,"daimiel",3,11
"HaloVeg",2543,0,0,"daimiel",3,11
"HydroRipVeg",16350,0,0,"daimiel",3,11
"MedSclF",623,0,0,"daimiel",3,11
"Reforestation",25,0,0,"daimiel",3,11
"RipF",1501,0,0,"daimiel",3,11
"WaterSurf",8869,0,0,"daimiel",3,11
"ArtSurf",247,0,0,"daimiel",3,12
"Crop",2273,0,0,"daimiel",3,12
"Dehesa",2601,0,0,"daimiel",3,12
"Grass",8172,0,0,"daimiel",3,12
"HaloVeg",2543,0,0,"daimiel",3,12
"HydroRipVeg",16350,0,0,"daimiel",3,12
"MedSclF",623,0,0,"daimiel",3,12
"Reforestation",25,0,0,"daimiel",3,12
"RipF",1501,0,0,"daimiel",3,12
"WaterSurf",8869,0,0,"daimiel",3,12
"ArtSurf",247,0,0,"daimiel",6,1
"Crop",2273,0,0,"daimiel",6,1
"Dehesa",2601,0,0,"daimiel",6,1
"Grass",8172,0,0,"daimiel",6,1
"HaloVeg",2543,0,0,"daimiel",6,1
"HydroRipVeg",16350,0,0,"daimiel",6,1
"MedSclF",623,0,0,"daimiel",6,1
"Reforestation",25,0,0,"daimiel",6,1
"RipF",1501,0,0,"daimiel",6,1
"WaterSurf",8869,0,0,"daimiel",6,1
"ArtSurf",247,0,0,"daimiel",6,2
"Crop",2273,0,0,"daimiel",6,2
"Dehesa",2601,0,0,"daimiel",6,2
"Grass",8172,0,0,"daimiel",6,2
"HaloVeg",2543,0,0,"daimiel",6,2
"HydroRipVeg",16350,3,0.02,"daimiel",6,2
"MedSclF",623,0,0,"daimiel",6,2
"Reforestation",25,0,0,"daimiel",6,2
"RipF",1501,0,0,"daimiel",6,2
"WaterSurf",8869,0,0,"daimiel",6,2
"ArtSurf",247,0,0,"daimiel",6,3
"Crop",2273,0,0,"daimiel",6,3
"Dehesa",2601,0,0,"daimiel",6,3
"Grass",8172,0,0,"daimiel",6,3
"HaloVeg",2543,0,0,"daimiel",6,3
"HydroRipVeg",16350,2,0.01,"daimiel",6,3
"MedSclF",623,0,0,"daimiel",6,3
"Reforestation",25,0,0,"daimiel",6,3
"RipF",1501,0,0,"daimiel",6,3
"WaterSurf",8869,0,0,"daimiel",6,3
"ArtSurf",247,0,0,"daimiel",6,4
"Crop",2273,0,0,"daimiel",6,4
"Dehesa",2601,0,0,"daimiel",6,4
"Grass",8172,0,0,"daimiel",6,4
"HaloVeg",2543,0,0,"daimiel",6,4
"HydroRipVeg",16350,0,0,"daimiel",6,4
"MedSclF",623,0,0,"daimiel",6,4
"Reforestation",25,0,0,"daimiel",6,4
"RipF",1501,0,0,"daimiel",6,4
"WaterSurf",8869,0,0,"daimiel",6,4
"ArtSurf",247,0,0,"daimiel",6,5
"Crop",2273,0,0,"daimiel",6,5
"Dehesa",2601,0,0,"daimiel",6,5
"Grass",8172,0,0,"daimiel",6,5
"HaloVeg",2543,0,0,"daimiel",6,5
"HydroRipVeg",16350,0,0,"daimiel",6,5
"MedSclF",623,0,0,"daimiel",6,5
"Reforestation",25,0,0,"daimiel",6,5
"RipF",1501,0,0,"daimiel",6,5
"WaterSurf",8869,0,0,"daimiel",6,5
"ArtSurf",247,0,0,"daimiel",6,6
"Crop",2273,0,0,"daimiel",6,6
"Dehesa",2601,0,0,"daimiel",6,6
"Grass",8172,0,0,"daimiel",6,6
"HaloVeg",2543,0,0,"daimiel",6,6
"HydroRipVeg",16350,2,0.01,"daimiel",6,6
"MedSclF",623,0,0,"daimiel",6,6
"Reforestation",25,0,0,"daimiel",6,6
"RipF",1501,0,0,"daimiel",6,6
"WaterSurf",8869,0,0,"daimiel",6,6
"ArtSurf",247,0,0,"daimiel",6,7
"Crop",2273,0,0,"daimiel",6,7
"Dehesa",2601,0,0,"daimiel",6,7
"Grass",8172,0,0,"daimiel",6,7
"HaloVeg",2543,0,0,"daimiel",6,7
"HydroRipVeg",16350,10,0.06,"daimiel",6,7
"MedSclF",623,0,0,"daimiel",6,7
"Reforestation",25,0,0,"daimiel",6,7
"RipF",1501,11,0.73,"daimiel",6,7
"WaterSurf",8869,19,0.21,"daimiel",6,7
"ArtSurf",247,0,0,"daimiel",6,8
"Crop",2273,0,0,"daimiel",6,8
"Dehesa",2601,0,0,"daimiel",6,8
"Grass",8172,0,0,"daimiel",6,8
"HaloVeg",2543,0,0,"daimiel",6,8
"HydroRipVeg",16350,0,0,"daimiel",6,8
"MedSclF",623,0,0,"daimiel",6,8
"Reforestation",25,0,0,"daimiel",6,8
"RipF",1501,0,0,"daimiel",6,8
"WaterSurf",8869,0,0,"daimiel",6,8
"ArtSurf",247,0,0,"daimiel",6,9
"Crop",2273,0,0,"daimiel",6,9
"Dehesa",2601,0,0,"daimiel",6,9
"Grass",8172,0,0,"daimiel",6,9
"HaloVeg",2543,0,0,"daimiel",6,9
"HydroRipVeg",16350,0,0,"daimiel",6,9
"MedSclF",623,0,0,"daimiel",6,9
"Reforestation",25,0,0,"daimiel",6,9
"RipF",1501,0,0,"daimiel",6,9
"WaterSurf",8869,0,0,"daimiel",6,9
"ArtSurf",247,0,0,"daimiel",6,10
"Crop",2273,0,0,"daimiel",6,10
"Dehesa",2601,0,0,"daimiel",6,10
"Grass",8172,0,0,"daimiel",6,10
"HaloVeg",2543,0,0,"daimiel",6,10
"HydroRipVeg",16350,0,0,"daimiel",6,10
"MedSclF",623,0,0,"daimiel",6,10
"Reforestation",25,0,0,"daimiel",6,10
"RipF",1501,0,0,"daimiel",6,10
"WaterSurf",8869,0,0,"daimiel",6,10
"ArtSurf",247,0,0,"daimiel",6,11
"Crop",2273,3,0.13,"daimiel",6,11
"Dehesa",2601,0,0,"daimiel",6,11
"Grass",8172,0,0,"daimiel",6,11
"HaloVeg",2543,0,0,"daimiel",6,11
"HydroRipVeg",16350,0,0,"daimiel",6,11
"MedSclF",623,0,0,"daimiel",6,11
"Reforestation",25,0,0,"daimiel",6,11
"RipF",1501,0,0,"daimiel",6,11
"WaterSurf",8869,0,0,"daimiel",6,11
"ArtSurf",247,0,0,"daimiel",6,12
"Crop",2273,0,0,"daimiel",6,12
"Dehesa",2601,0,0,"daimiel",6,12
"Grass",8172,0,0,"daimiel",6,12
"HaloVeg",2543,0,0,"daimiel",6,12
"HydroRipVeg",16350,0,0,"daimiel",6,12
"MedSclF",623,0,0,"daimiel",6,12
"Reforestation",25,0,0,"daimiel",6,12
"RipF",1501,0,0,"daimiel",6,12
"WaterSurf",8869,0,0,"daimiel",6,12
"ArtSurf",247,0,0,"daimiel",9,1
"Crop",2273,0,0,"daimiel",9,1
"Dehesa",2601,0,0,"daimiel",9,1
"Grass",8172,0,0,"daimiel",9,1
"HaloVeg",2543,0,0,"daimiel",9,1
"HydroRipVeg",16350,0,0,"daimiel",9,1
"MedSclF",623,0,0,"daimiel",9,1
"Reforestation",25,0,0,"daimiel",9,1
"RipF",1501,0,0,"daimiel",9,1
"WaterSurf",8869,0,0,"daimiel",9,1
"ArtSurf",247,0,0,"daimiel",9,2
"Crop",2273,0,0,"daimiel",9,2
"Dehesa",2601,0,0,"daimiel",9,2
"Grass",8172,0,0,"daimiel",9,2
"HaloVeg",2543,0,0,"daimiel",9,2
"HydroRipVeg",16350,1,0.01,"daimiel",9,2
"MedSclF",623,0,0,"daimiel",9,2
"Reforestation",25,0,0,"daimiel",9,2
"RipF",1501,0,0,"daimiel",9,2
"WaterSurf",8869,0,0,"daimiel",9,2
"ArtSurf",247,0,0,"daimiel",9,3
"Crop",2273,0,0,"daimiel",9,3
"Dehesa",2601,0,0,"daimiel",9,3
"Grass",8172,0,0,"daimiel",9,3
"HaloVeg",2543,0,0,"daimiel",9,3
"HydroRipVeg",16350,2,0.01,"daimiel",9,3
"MedSclF",623,0,0,"daimiel",9,3
"Reforestation",25,0,0,"daimiel",9,3
"RipF",1501,0,0,"daimiel",9,3
"WaterSurf",8869,0,0,"daimiel",9,3
"ArtSurf",247,0,0,"daimiel",9,4
"Crop",2273,0,0,"daimiel",9,4
"Dehesa",2601,0,0,"daimiel",9,4
"Grass",8172,0,0,"daimiel",9,4
"HaloVeg",2543,0,0,"daimiel",9,4
"HydroRipVeg",16350,0,0,"daimiel",9,4
"MedSclF",623,0,0,"daimiel",9,4
"Reforestation",25,0,0,"daimiel",9,4
"RipF",1501,0,0,"daimiel",9,4
"WaterSurf",8869,0,0,"daimiel",9,4
"ArtSurf",247,0,0,"daimiel",9,5
"Crop",2273,0,0,"daimiel",9,5
"Dehesa",2601,0,0,"daimiel",9,5
"Grass",8172,15,0.18,"daimiel",9,5
"HaloVeg",2543,0,0,"daimiel",9,5
"HydroRipVeg",16350,0,0,"daimiel",9,5
"MedSclF",623,0,0,"daimiel",9,5
"Reforestation",25,0,0,"daimiel",9,5
"RipF",1501,0,0,"daimiel",9,5
"WaterSurf",8869,0,0,"daimiel",9,5
"ArtSurf",247,0,0,"daimiel",9,6
"Crop",2273,0,0,"daimiel",9,6
"Dehesa",2601,0,0,"daimiel",9,6
"Grass",8172,0,0,"daimiel",9,6
"HaloVeg",2543,0,0,"daimiel",9,6
"HydroRipVeg",16350,0,0,"daimiel",9,6
"MedSclF",623,0,0,"daimiel",9,6
"Reforestation",25,0,0,"daimiel",9,6
"RipF",1501,0,0,"daimiel",9,6
"WaterSurf",8869,0,0,"daimiel",9,6
"ArtSurf",247,0,0,"daimiel",9,7
"Crop",2273,0,0,"daimiel",9,7
"Dehesa",2601,0,0,"daimiel",9,7
"Grass",8172,0,0,"daimiel",9,7
"HaloVeg",2543,0,0,"daimiel",9,7
"HydroRipVeg",16350,0,0,"daimiel",9,7
"MedSclF",623,0,0,"daimiel",9,7
"Reforestation",25,0,0,"daimiel",9,7
"RipF",1501,0,0,"daimiel",9,7
"WaterSurf",8869,16,0.18,"daimiel",9,7
"ArtSurf",247,0,0,"daimiel",9,8
"Crop",2273,0,0,"daimiel",9,8
"Dehesa",2601,0,0,"daimiel",9,8
"Grass",8172,0,0,"daimiel",9,8
"HaloVeg",2543,0,0,"daimiel",9,8
"HydroRipVeg",16350,0,0,"daimiel",9,8
"MedSclF",623,0,0,"daimiel",9,8
"Reforestation",25,0,0,"daimiel",9,8
"RipF",1501,0,0,"daimiel",9,8
"WaterSurf",8869,0,0,"daimiel",9,8
"ArtSurf",247,0,0,"daimiel",9,9
"Crop",2273,0,0,"daimiel",9,9
"Dehesa",2601,0,0,"daimiel",9,9
"Grass",8172,0,0,"daimiel",9,9
"HaloVeg",2543,0,0,"daimiel",9,9
"HydroRipVeg",16350,2,0.01,"daimiel",9,9
"MedSclF",623,0,0,"daimiel",9,9
"Reforestation",25,0,0,"daimiel",9,9
"RipF",1501,0,0,"daimiel",9,9
"WaterSurf",8869,0,0,"daimiel",9,9
"ArtSurf",247,0,0,"daimiel",9,10
"Crop",2273,0,0,"daimiel",9,10
"Dehesa",2601,0,0,"daimiel",9,10
"Grass",8172,0,0,"daimiel",9,10
"HaloVeg",2543,0,0,"daimiel",9,10
"HydroRipVeg",16350,0,0,"daimiel",9,10
"MedSclF",623,0,0,"daimiel",9,10
"Reforestation",25,0,0,"daimiel",9,10
"RipF",1501,0,0,"daimiel",9,10
"WaterSurf",8869,0,0,"daimiel",9,10
"ArtSurf",247,0,0,"daimiel",9,11
"Crop",2273,0,0,"daimiel",9,11
"Dehesa",2601,0,0,"daimiel",9,11
"Grass",8172,0,0,"daimiel",9,11
"HaloVeg",2543,0,0,"daimiel",9,11
"HydroRipVeg",16350,0,0,"daimiel",9,11
"MedSclF",623,0,0,"daimiel",9,11
"Reforestation",25,0,0,"daimiel",9,11
"RipF",1501,0,0,"daimiel",9,11
"WaterSurf",8869,0,0,"daimiel",9,11
"ArtSurf",247,0,0,"daimiel",9,12
"Crop",2273,0,0,"daimiel",9,12
"Dehesa",2601,0,0,"daimiel",9,12
"Grass",8172,0,0,"daimiel",9,12
"HaloVeg",2543,0,0,"daimiel",9,12
"HydroRipVeg",16350,0,0,"daimiel",9,12
"MedSclF",623,0,0,"daimiel",9,12
"Reforestation",25,0,0,"daimiel",9,12
"RipF",1501,0,0,"daimiel",9,12
"WaterSurf",8869,0,0,"daimiel",9,12
"ArtSurf",247,0,0,"daimiel",12,1
"Crop",2273,0,0,"daimiel",12,1
"Dehesa",2601,0,0,"daimiel",12,1
"Grass",8172,0,0,"daimiel",12,1
"HaloVeg",2543,0,0,"daimiel",12,1
"HydroRipVeg",16350,0,0,"daimiel",12,1
"MedSclF",623,0,0,"daimiel",12,1
"Reforestation",25,0,0,"daimiel",12,1
"RipF",1501,0,0,"daimiel",12,1
"WaterSurf",8869,0,0,"daimiel",12,1
"ArtSurf",247,0,0,"daimiel",12,2
"Crop",2273,0,0,"daimiel",12,2
"Dehesa",2601,0,0,"daimiel",12,2
"Grass",8172,0,0,"daimiel",12,2
"HaloVeg",2543,0,0,"daimiel",12,2
"HydroRipVeg",16350,0,0,"daimiel",12,2
"MedSclF",623,0,0,"daimiel",12,2
"Reforestation",25,0,0,"daimiel",12,2
"RipF",1501,0,0,"daimiel",12,2
"WaterSurf",8869,0,0,"daimiel",12,2
"ArtSurf",247,0,0,"daimiel",12,3
"Crop",2273,0,0,"daimiel",12,3
"Dehesa",2601,0,0,"daimiel",12,3
"Grass",8172,0,0,"daimiel",12,3
"HaloVeg",2543,0,0,"daimiel",12,3
"HydroRipVeg",16350,0,0,"daimiel",12,3
"MedSclF",623,0,0,"daimiel",12,3
"Reforestation",25,0,0,"daimiel",12,3
"RipF",1501,0,0,"daimiel",12,3
"WaterSurf",8869,0,0,"daimiel",12,3
"ArtSurf",247,0,0,"daimiel",12,4
"Crop",2273,0,0,"daimiel",12,4
"Dehesa",2601,0,0,"daimiel",12,4
"Grass",8172,0,0,"daimiel",12,4
"HaloVeg",2543,0,0,"daimiel",12,4
"HydroRipVeg",16350,0,0,"daimiel",12,4
"MedSclF",623,0,0,"daimiel",12,4
"Reforestation",25,0,0,"daimiel",12,4
"RipF",1501,0,0,"daimiel",12,4
"WaterSurf",8869,0,0,"daimiel",12,4
"ArtSurf",247,0,0,"daimiel",12,5
"Crop",2273,0,0,"daimiel",12,5
"Dehesa",2601,0,0,"daimiel",12,5
"Grass",8172,3,0.04,"daimiel",12,5
"HaloVeg",2543,0,0,"daimiel",12,5
"HydroRipVeg",16350,0,0,"daimiel",12,5
"MedSclF",623,0,0,"daimiel",12,5
"Reforestation",25,0,0,"daimiel",12,5
"RipF",1501,0,0,"daimiel",12,5
"WaterSurf",8869,0,0,"daimiel",12,5
"ArtSurf",247,0,0,"daimiel",12,6
"Crop",2273,0,0,"daimiel",12,6
"Dehesa",2601,0,0,"daimiel",12,6
"Grass",8172,0,0,"daimiel",12,6
"HaloVeg",2543,0,0,"daimiel",12,6
"HydroRipVeg",16350,0,0,"daimiel",12,6
"MedSclF",623,0,0,"daimiel",12,6
"Reforestation",25,0,0,"daimiel",12,6
"RipF",1501,0,0,"daimiel",12,6
"WaterSurf",8869,0,0,"daimiel",12,6
"ArtSurf",247,0,0,"daimiel",12,7
"Crop",2273,0,0,"daimiel",12,7
"Dehesa",2601,0,0,"daimiel",12,7
"Grass",8172,0,0,"daimiel",12,7
"HaloVeg",2543,0,0,"daimiel",12,7
"HydroRipVeg",16350,0,0,"daimiel",12,7
"MedSclF",623,0,0,"daimiel",12,7
"Reforestation",25,0,0,"daimiel",12,7
"RipF",1501,1,0.07,"daimiel",12,7
"WaterSurf",8869,2,0.02,"daimiel",12,7
"ArtSurf",247,0,0,"daimiel",12,8
"Crop",2273,0,0,"daimiel",12,8
"Dehesa",2601,0,0,"daimiel",12,8
"Grass",8172,0,0,"daimiel",12,8
"HaloVeg",2543,0,0,"daimiel",12,8
"HydroRipVeg",16350,0,0,"daimiel",12,8
"MedSclF",623,0,0,"daimiel",12,8
"Reforestation",25,0,0,"daimiel",12,8
"RipF",1501,0,0,"daimiel",12,8
"WaterSurf",8869,1,0.01,"daimiel",12,8
"ArtSurf",247,0,0,"daimiel",12,9
"Crop",2273,0,0,"daimiel",12,9
"Dehesa",2601,0,0,"daimiel",12,9
"Grass",8172,0,0,"daimiel",12,9
"HaloVeg",2543,0,0,"daimiel",12,9
"HydroRipVeg",16350,2,0.01,"daimiel",12,9
"MedSclF",623,0,0,"daimiel",12,9
"Reforestation",25,0,0,"daimiel",12,9
"RipF",1501,0,0,"daimiel",12,9
"WaterSurf",8869,5,0.06,"daimiel",12,9
"ArtSurf",247,0,0,"daimiel",12,10
"Crop",2273,0,0,"daimiel",12,10
"Dehesa",2601,0,0,"daimiel",12,10
"Grass",8172,0,0,"daimiel",12,10
"HaloVeg",2543,0,0,"daimiel",12,10
"HydroRipVeg",16350,0,0,"daimiel",12,10
"MedSclF",623,0,0,"daimiel",12,10
"Reforestation",25,0,0,"daimiel",12,10
"RipF",1501,0,0,"daimiel",12,10
"WaterSurf",8869,0,0,"daimiel",12,10
"ArtSurf",247,0,0,"daimiel",12,11
"Crop",2273,0,0,"daimiel",12,11
"Dehesa",2601,0,0,"daimiel",12,11
"Grass",8172,0,0,"daimiel",12,11
"HaloVeg",2543,0,0,"daimiel",12,11
"HydroRipVeg",16350,0,0,"daimiel",12,11
"MedSclF",623,0,0,"daimiel",12,11
"Reforestation",25,0,0,"daimiel",12,11
"RipF",1501,0,0,"daimiel",12,11
"WaterSurf",8869,0,0,"daimiel",12,11
"ArtSurf",247,0,0,"daimiel",12,12
"Crop",2273,0,0,"daimiel",12,12
"Dehesa",2601,0,0,"daimiel",12,12
"Grass",8172,0,0,"daimiel",12,12
"HaloVeg",2543,0,0,"daimiel",12,12
"HydroRipVeg",16350,0,0,"daimiel",12,12
"MedSclF",623,0,0,"daimiel",12,12
"Reforestation",25,0,0,"daimiel",12,12
"RipF",1501,0,0,"daimiel",12,12
"WaterSurf",8869,0,0,"daimiel",12,12
"ArtSurf",12613,0,0,"donana",1,1
"BareArea",6426,0,0,"donana",1,1
"DuneSand",52133,0,0,"donana",1,1
"Grass",23898,0,0,"donana",1,1
"HydroRipVeg",39646,0,0,"donana",1,1
"MedConF",76259,0,0,"donana",1,1
"MedSclF",6483,0,0,"donana",1,1
"MedScrub",129201,0,0,"donana",1,1
"Reforestation",2747,0,0,"donana",1,1
"RipF",418,0,0,"donana",1,1
"SaltMar",344960,0,0,"donana",1,1
"Shrub",6017,0,0,"donana",1,1
"WaterSurf",41748,0,0,"donana",1,1
"ArtSurf",12613,0,0,"donana",1,2
"BareArea",6426,0,0,"donana",1,2
"DuneSand",52133,0,0,"donana",1,2
"Grass",23898,0,0,"donana",1,2
"HydroRipVeg",39646,0,0,"donana",1,2
"MedConF",76259,0,0,"donana",1,2
"MedSclF",6483,0,0,"donana",1,2
"MedScrub",129201,0,0,"donana",1,2
"Reforestation",2747,0,0,"donana",1,2
"RipF",418,0,0,"donana",1,2
"SaltMar",344960,0,0,"donana",1,2
"Shrub",6017,0,0,"donana",1,2
"WaterSurf",41748,0,0,"donana",1,2
"ArtSurf",12613,0,0,"donana",1,3
"BareArea",6426,0,0,"donana",1,3
"DuneSand",52133,0,0,"donana",1,3
"Grass",23898,0,0,"donana",1,3
"HydroRipVeg",39646,0,0,"donana",1,3
"MedConF",76259,0,0,"donana",1,3
"MedSclF",6483,0,0,"donana",1,3
"MedScrub",129201,0,0,"donana",1,3
"Reforestation",2747,0,0,"donana",1,3
"RipF",418,0,0,"donana",1,3
"SaltMar",344960,0,0,"donana",1,3
"Shrub",6017,0,0,"donana",1,3
"WaterSurf",41748,0,0,"donana",1,3
"ArtSurf",12613,0,0,"donana",1,4
"BareArea",6426,0,0,"donana",1,4
"DuneSand",52133,0,0,"donana",1,4
"Grass",23898,0,0,"donana",1,4
"HydroRipVeg",39646,0,0,"donana",1,4
"MedConF",76259,0,0,"donana",1,4
"MedSclF",6483,0,0,"donana",1,4
"MedScrub",129201,0,0,"donana",1,4
"Reforestation",2747,0,0,"donana",1,4
"RipF",418,0,0,"donana",1,4
"SaltMar",344960,0,0,"donana",1,4
"Shrub",6017,0,0,"donana",1,4
"WaterSurf",41748,0,0,"donana",1,4
"ArtSurf",12613,0,0,"donana",1,5
"BareArea",6426,0,0,"donana",1,5
"DuneSand",52133,0,0,"donana",1,5
"Grass",23898,0,0,"donana",1,5
"HydroRipVeg",39646,0,0,"donana",1,5
"MedConF",76259,0,0,"donana",1,5
"MedSclF",6483,0,0,"donana",1,5
"MedScrub",129201,0,0,"donana",1,5
"Reforestation",2747,0,0,"donana",1,5
"RipF",418,0,0,"donana",1,5
"SaltMar",344960,0,0,"donana",1,5
"Shrub",6017,0,0,"donana",1,5
"WaterSurf",41748,0,0,"donana",1,5
"ArtSurf",12613,0,0,"donana",1,6
"BareArea",6426,0,0,"donana",1,6
"DuneSand",52133,0,0,"donana",1,6
"Grass",23898,0,0,"donana",1,6
"HydroRipVeg",39646,0,0,"donana",1,6
"MedConF",76259,0,0,"donana",1,6
"MedSclF",6483,0,0,"donana",1,6
"MedScrub",129201,0,0,"donana",1,6
"Reforestation",2747,0,0,"donana",1,6
"RipF",418,0,0,"donana",1,6
"SaltMar",344960,0,0,"donana",1,6
"Shrub",6017,0,0,"donana",1,6
"WaterSurf",41748,0,0,"donana",1,6
"ArtSurf",12613,4,0.03,"donana",1,7
"BareArea",6426,0,0,"donana",1,7
"DuneSand",52133,0,0,"donana",1,7
"Grass",23898,0,0,"donana",1,7
"HydroRipVeg",39646,0,0,"donana",1,7
"MedConF",76259,0,0,"donana",1,7
"MedSclF",6483,0,0,"donana",1,7
"MedScrub",129201,0,0,"donana",1,7
"Reforestation",2747,0,0,"donana",1,7
"RipF",418,0,0,"donana",1,7
"SaltMar",344960,3,0,"donana",1,7
"Shrub",6017,0,0,"donana",1,7
"WaterSurf",41748,57,0.14,"donana",1,7
"ArtSurf",12613,0,0,"donana",1,8
"BareArea",6426,0,0,"donana",1,8
"DuneSand",52133,0,0,"donana",1,8
"Grass",23898,0,0,"donana",1,8
"HydroRipVeg",39646,0,0,"donana",1,8
"MedConF",76259,0,0,"donana",1,8
"MedSclF",6483,0,0,"donana",1,8
"MedScrub",129201,0,0,"donana",1,8
"Reforestation",2747,0,0,"donana",1,8
"RipF",418,0,0,"donana",1,8
"SaltMar",344960,0,0,"donana",1,8
"Shrub",6017,0,0,"donana",1,8
"WaterSurf",41748,0,0,"donana",1,8
"ArtSurf",12613,0,0,"donana",1,9
"BareArea",6426,0,0,"donana",1,9
"DuneSand",52133,0,0,"donana",1,9
"Grass",23898,0,0,"donana",1,9
"HydroRipVeg",39646,0,0,"donana",1,9
"MedConF",76259,0,0,"donana",1,9
"MedSclF",6483,0,0,"donana",1,9
"MedScrub",129201,0,0,"donana",1,9
"Reforestation",2747,0,0,"donana",1,9
"RipF",418,0,0,"donana",1,9
"SaltMar",344960,0,0,"donana",1,9
"Shrub",6017,0,0,"donana",1,9
"WaterSurf",41748,0,0,"donana",1,9
"ArtSurf",12613,174,1.38,"donana",1,10
"BareArea",6426,740,11.52,"donana",1,10
"DuneSand",52133,2753,5.28,"donana",1,10
"Grass",23898,177,0.74,"donana",1,10
"HydroRipVeg",39646,2634,6.64,"donana",1,10
"MedConF",76259,318,0.42,"donana",1,10
"MedSclF",6483,22,0.34,"donana",1,10
"MedScrub",129201,675,0.52,"donana",1,10
"Reforestation",2747,6,0.22,"donana",1,10
"RipF",418,43,10.29,"donana",1,10
"SaltMar",344960,39086,11.33,"donana",1,10
"Shrub",6017,15,0.25,"donana",1,10
"WaterSurf",41748,19744,47.29,"donana",1,10
"ArtSurf",12613,0,0,"donana",1,11
"BareArea",6426,0,0,"donana",1,11
"DuneSand",52133,0,0,"donana",1,11
"Grass",23898,0,0,"donana",1,11
"HydroRipVeg",39646,0,0,"donana",1,11
"MedConF",76259,0,0,"donana",1,11
"MedSclF",6483,0,0,"donana",1,11
"MedScrub",129201,0,0,"donana",1,11
"Reforestation",2747,0,0,"donana",1,11
"RipF",418,0,0,"donana",1,11
"SaltMar",344960,0,0,"donana",1,11
"Shrub",6017,0,0,"donana",1,11
"WaterSurf",41748,0,0,"donana",1,11
"ArtSurf",12613,793,6.29,"donana",1,12
"BareArea",6426,333,5.18,"donana",1,12
"DuneSand",52133,8,0.02,"donana",1,12
"Grass",23898,3098,12.96,"donana",1,12
"HydroRipVeg",39646,4546,11.47,"donana",1,12
"MedConF",76259,34,0.04,"donana",1,12
"MedSclF",6483,58,0.89,"donana",1,12
"MedScrub",129201,29,0.02,"donana",1,12
"Reforestation",2747,0,0,"donana",1,12
"RipF",418,12,2.87,"donana",1,12
"SaltMar",344960,89295,25.89,"donana",1,12
"Shrub",6017,11,0.18,"donana",1,12
"WaterSurf",41748,634,1.52,"donana",1,12
"ArtSurf",12613,1431,11.35,"donana",3,1
"BareArea",6426,2231,34.72,"donana",3,1
"DuneSand",52133,204,0.39,"donana",3,1
"Grass",23898,3498,14.64,"donana",3,1
"HydroRipVeg",39646,13048,32.91,"donana",3,1
"MedConF",76259,99,0.13,"donana",3,1
"MedSclF",6483,136,2.1,"donana",3,1
"MedScrub",129201,33,0.03,"donana",3,1
"Reforestation",2747,0,0,"donana",3,1
"RipF",418,41,9.81,"donana",3,1
"SaltMar",344960,224823,65.17,"donana",3,1
"Shrub",6017,32,0.53,"donana",3,1
"WaterSurf",41748,11644,27.89,"donana",3,1
"ArtSurf",12613,3591,28.47,"donana",3,2
"BareArea",6426,3582,55.74,"donana",3,2
"DuneSand",52133,279,0.54,"donana",3,2
"Grass",23898,5630,23.56,"donana",3,2
"HydroRipVeg",39646,15756,39.74,"donana",3,2
"MedConF",76259,487,0.64,"donana",3,2
"MedSclF",6483,228,3.52,"donana",3,2
"MedScrub",129201,133,0.1,"donana",3,2
"Reforestation",2747,0,0,"donana",3,2
"RipF",418,89,21.29,"donana",3,2
"SaltMar",344960,284326,82.42,"donana",3,2
"Shrub",6017,43,0.71,"donana",3,2
"WaterSurf",41748,9428,22.58,"donana",3,2
"ArtSurf",12613,0,0,"donana",3,3
"BareArea",6426,1,0.02,"donana",3,3
"DuneSand",52133,0,0,"donana",3,3
"Grass",23898,0,0,"donana",3,3
"HydroRipVeg",39646,0,0,"donana",3,3
"MedConF",76259,0,0,"donana",3,3
"MedSclF",6483,0,0,"donana",3,3
"MedScrub",129201,0,0,"donana",3,3
"Reforestation",2747,0,0,"donana",3,3
"RipF",418,0,0,"donana",3,3
"SaltMar",344960,0,0,"donana",3,3
"Shrub",6017,0,0,"donana",3,3
"WaterSurf",41748,0,0,"donana",3,3
"ArtSurf",12613,60,0.48,"donana",3,4
"BareArea",6426,1212,18.86,"donana",3,4
"DuneSand",52133,137,0.26,"donana",3,4
"Grass",23898,1,0,"donana",3,4
"HydroRipVeg",39646,2294,5.79,"donana",3,4
"MedConF",76259,29,0.04,"donana",3,4
"MedSclF",6483,0,0,"donana",3,4
"MedScrub",129201,9,0.01,"donana",3,4
"Reforestation",2747,0,0,"donana",3,4
"RipF",418,1,0.24,"donana",3,4
"SaltMar",344960,10675,3.09,"donana",3,4
"Shrub",6017,0,0,"donana",3,4
"WaterSurf",41748,24503,58.69,"donana",3,4
"ArtSurf",12613,47,0.37,"donana",3,5
"BareArea",6426,535,8.33,"donana",3,5
"DuneSand",52133,37,0.07,"donana",3,5
"Grass",23898,2,0.01,"donana",3,5
"HydroRipVeg",39646,897,2.26,"donana",3,5
"MedConF",76259,14,0.02,"donana",3,5
"MedSclF",6483,0,0,"donana",3,5
"MedScrub",129201,2,0,"donana",3,5
"Reforestation",2747,0,0,"donana",3,5
"RipF",418,2,0.48,"donana",3,5
"SaltMar",344960,4769,1.38,"donana",3,5
"Shrub",6017,0,0,"donana",3,5
"WaterSurf",41748,15513,37.16,"donana",3,5
"ArtSurf",12613,0,0,"donana",3,6
"BareArea",6426,0,0,"donana",3,6
"DuneSand",52133,0,0,"donana",3,6
"Grass",23898,0,0,"donana",3,6
"HydroRipVeg",39646,0,0,"donana",3,6
"MedConF",76259,0,0,"donana",3,6
"MedSclF",6483,0,0,"donana",3,6
"MedScrub",129201,0,0,"donana",3,6
"Reforestation",2747,0,0,"donana",3,6
"RipF",418,0,0,"donana",3,6
"SaltMar",344960,9,0,"donana",3,6
"Shrub",6017,0,0,"donana",3,6
"WaterSurf",41748,6,0.01,"donana",3,6
"ArtSurf",12613,0,0,"donana",3,7
"BareArea",6426,0,0,"donana",3,7
"DuneSand",52133,0,0,"donana",3,7
"Grass",23898,0,0,"donana",3,7
"HydroRipVeg",39646,0,0,"donana",3,7
"MedConF",76259,0,0,"donana",3,7
"MedSclF",6483,0,0,"donana",3,7
"MedScrub",129201,0,0,"donana",3,7
"Reforestation",2747,0,0,"donana",3,7
"RipF",418,0,0,"donana",3,7
"SaltMar",344960,0,0,"donana",3,7
"Shrub",6017,0,0,"donana",3,7
"WaterSurf",41748,0,0,"donana",3,7
"ArtSurf",12613,0,0,"donana",3,8
"BareArea",6426,0,0,"donana",3,8
"DuneSand",52133,0,0,"donana",3,8
"Grass",23898,0,0,"donana",3,8
"HydroRipVeg",39646,0,0,"donana",3,8
"MedConF",76259,0,0,"donana",3,8
"MedSclF",6483,0,0,"donana",3,8
"MedScrub",129201,0,0,"donana",3,8
"Reforestation",2747,0,0,"donana",3,8
"RipF",418,0,0,"donana",3,8
"SaltMar",344960,0,0,"donana",3,8
"Shrub",6017,0,0,"donana",3,8
"WaterSurf",41748,0,0,"donana",3,8
"ArtSurf",12613,0,0,"donana",3,9
"BareArea",6426,0,0,"donana",3,9
"DuneSand",52133,0,0,"donana",3,9
"Grass",23898,0,0,"donana",3,9
"HydroRipVeg",39646,0,0,"donana",3,9
"MedConF",76259,0,0,"donana",3,9
"MedSclF",6483,0,0,"donana",3,9
"MedScrub",129201,0,0,"donana",3,9
"Reforestation",2747,0,0,"donana",3,9
"RipF",418,0,0,"donana",3,9
"SaltMar",344960,0,0,"donana",3,9
"Shrub",6017,0,0,"donana",3,9
"WaterSurf",41748,0,0,"donana",3,9
"ArtSurf",12613,91,0.72,"donana",3,10
"BareArea",6426,678,10.55,"donana",3,10
"DuneSand",52133,1390,2.67,"donana",3,10
"Grass",23898,56,0.23,"donana",3,10
"HydroRipVeg",39646,1852,4.67,"donana",3,10
"MedConF",76259,41,0.05,"donana",3,10
"MedSclF",6483,0,0,"donana",3,10
"MedScrub",129201,42,0.03,"donana",3,10
"Reforestation",2747,0,0,"donana",3,10
"RipF",418,28,6.7,"donana",3,10
"SaltMar",344960,29466,8.54,"donana",3,10
"Shrub",6017,0,0,"donana",3,10
"WaterSurf",41748,14644,35.08,"donana",3,10
"ArtSurf",12613,123,0.98,"donana",3,11
"BareArea",6426,323,5.03,"donana",3,11
"DuneSand",52133,97,0.19,"donana",3,11
"Grass",23898,15,0.06,"donana",3,11
"HydroRipVeg",39646,1009,2.55,"donana",3,11
"MedConF",76259,6,0.01,"donana",3,11
"MedSclF",6483,0,0,"donana",3,11
"MedScrub",129201,0,0,"donana",3,11
"Reforestation",2747,0,0,"donana",3,11
"RipF",418,1,0.24,"donana",3,11
"SaltMar",344960,27734,8.04,"donana",3,11
"Shrub",6017,0,0,"donana",3,11
"WaterSurf",41748,13950,33.41,"donana",3,11
"ArtSurf",12613,847,6.72,"donana",3,12
"BareArea",6426,1472,22.91,"donana",3,12
"DuneSand",52133,34,0.07,"donana",3,12
"Grass",23898,1234,5.16,"donana",3,12
"HydroRipVeg",39646,8180,20.63,"donana",3,12
"MedConF",76259,12,0.02,"donana",3,12
"MedSclF",6483,27,0.42,"donana",3,12
"MedScrub",129201,5,0,"donana",3,12
"Reforestation",2747,0,0,"donana",3,12
"RipF",418,32,7.66,"donana",3,12
"SaltMar",344960,171003,49.57,"donana",3,12
"Shrub",6017,5,0.08,"donana",3,12
"WaterSurf",41748,12008,28.76,"donana",3,12
"ArtSurf",12613,1289,10.22,"donana",6,1
"BareArea",6426,2853,44.4,"donana",6,1
"DuneSand",52133,600,1.15,"donana",6,1
"Grass",23898,2686,11.24,"donana",6,1
"HydroRipVeg",39646,12546,31.65,"donana",6,1
"MedConF",76259,118,0.15,"donana",6,1
"MedSclF",6483,104,1.6,"donana",6,1
"MedScrub",129201,36,0.03,"donana",6,1
"Reforestation",2747,0,0,"donana",6,1
"RipF",418,53,12.68,"donana",6,1
"SaltMar",344960,232262,67.33,"donana",6,1
"Shrub",6017,17,0.28,"donana",6,1
"WaterSurf",41748,25120,60.17,"donana",6,1
"ArtSurf",12613,1578,12.51,"donana",6,2
"BareArea",6426,3462,53.87,"donana",6,2
"DuneSand",52133,354,0.68,"donana",6,2
"Grass",23898,2722,11.39,"donana",6,2
"HydroRipVeg",39646,13931,35.14,"donana",6,2
"MedConF",76259,153,0.2,"donana",6,2
"MedSclF",6483,132,2.04,"donana",6,2
"MedScrub",129201,40,0.03,"donana",6,2
"Reforestation",2747,0,0,"donana",6,2
"RipF",418,70,16.75,"donana",6,2
"SaltMar",344960,265989,77.11,"donana",6,2
"Shrub",6017,27,0.45,"donana",6,2
"WaterSurf",41748,30229,72.41,"donana",6,2
"ArtSurf",12613,1096,8.69,"donana",6,3
"BareArea",6426,2755,42.87,"donana",6,3
"DuneSand",52133,274,0.53,"donana",6,3
"Grass",23898,1327,5.55,"donana",6,3
"HydroRipVeg",39646,11826,29.83,"donana",6,3
"MedConF",76259,61,0.08,"donana",6,3
"MedSclF",6483,59,0.91,"donana",6,3
"MedScrub",129201,40,0.03,"donana",6,3
"Reforestation",2747,0,0,"donana",6,3
"RipF",418,17,4.07,"donana",6,3
"SaltMar",344960,212037,61.47,"donana",6,3
"Shrub",6017,19,0.32,"donana",6,3
"WaterSurf",41748,37356,89.48,"donana",6,3
"ArtSurf",12613,324,2.57,"donana",6,4
"BareArea",6426,1413,21.99,"donana",6,4
"DuneSand",52133,22,0.04,"donana",6,4
"Grass",23898,152,0.64,"donana",6,4
"HydroRipVeg",39646,1733,4.37,"donana",6,4
"MedConF",76259,31,0.04,"donana",6,4
"MedSclF",6483,3,0.05,"donana",6,4
"MedScrub",129201,20,0.02,"donana",6,4
"Reforestation",2747,0,0,"donana",6,4
"RipF",418,1,0.24,"donana",6,4
"SaltMar",344960,75046,21.75,"donana",6,4
"Shrub",6017,12,0.2,"donana",6,4
"WaterSurf",41748,33199,79.52,"donana",6,4
"ArtSurf",12613,260,2.06,"donana",6,5
"BareArea",6426,607,9.45,"donana",6,5
"DuneSand",52133,50,0.1,"donana",6,5
"Grass",23898,35,0.15,"donana",6,5
"HydroRipVeg",39646,143,0.36,"donana",6,5
"MedConF",76259,9,0.01,"donana",6,5
"MedSclF",6483,0,0,"donana",6,5
"MedScrub",129201,10,0.01,"donana",6,5
"Reforestation",2747,0,0,"donana",6,5
"RipF",418,1,0.24,"donana",6,5
"SaltMar",344960,38132,11.05,"donana",6,5
"Shrub",6017,2,0.03,"donana",6,5
"WaterSurf",41748,34632,82.95,"donana",6,5
"ArtSurf",12613,33,0.26,"donana",6,6
"BareArea",6426,131,2.04,"donana",6,6
"DuneSand",52133,5,0.01,"donana",6,6
"Grass",23898,0,0,"donana",6,6
"HydroRipVeg",39646,2,0.01,"donana",6,6
"MedConF",76259,0,0,"donana",6,6
"MedSclF",6483,0,0,"donana",6,6
"MedScrub",129201,0,0,"donana",6,6
"Reforestation",2747,0,0,"donana",6,6
"RipF",418,0,0,"donana",6,6
"SaltMar",344960,2702,0.78,"donana",6,6
"Shrub",6017,0,0,"donana",6,6
"WaterSurf",41748,10950,26.23,"donana",6,6
"ArtSurf",12613,0,0,"donana",6,7
"BareArea",6426,2,0.03,"donana",6,7
"DuneSand",52133,172,0.33,"donana",6,7
"Grass",23898,0,0,"donana",6,7
"HydroRipVeg",39646,5,0.01,"donana",6,7
"MedConF",76259,3,0,"donana",6,7
"MedSclF",6483,0,0,"donana",6,7
"MedScrub",129201,1,0,"donana",6,7
"Reforestation",2747,0,0,"donana",6,7
"RipF",418,0,0,"donana",6,7
"SaltMar",344960,513,0.15,"donana",6,7
"Shrub",6017,0,0,"donana",6,7
"WaterSurf",41748,712,1.71,"donana",6,7
"ArtSurf",12613,0,0,"donana",6,8
"BareArea",6426,2,0.03,"donana",6,8
"DuneSand",52133,2,0,"donana",6,8
"Grass",23898,0,0,"donana",6,8
"HydroRipVeg",39646,0,0,"donana",6,8
"MedConF",76259,3,0,"donana",6,8
"MedSclF",6483,0,0,"donana",6,8
"MedScrub",129201,0,0,"donana",6,8
"Reforestation",2747,0,0,"donana",6,8
"RipF",418,0,0,"donana",6,8
"SaltMar",344960,1,0,"donana",6,8
"Shrub",6017,0,0,"donana",6,8
"WaterSurf",41748,105,0.25,"donana",6,8
"ArtSurf",12613,0,0,"donana",6,9
"BareArea",6426,0,0,"donana",6,9
"DuneSand",52133,0,0,"donana",6,9
"Grass",23898,0,0,"donana",6,9
"HydroRipVeg",39646,0,0,"donana",6,9
"MedConF",76259,0,0,"donana",6,9
"MedSclF",6483,0,0,"donana",6,9
"MedScrub",129201,0,0,"donana",6,9
"Reforestation",2747,0,0,"donana",6,9
"RipF",418,0,0,"donana",6,9
"SaltMar",344960,0,0,"donana",6,9
"Shrub",6017,0,0,"donana",6,9
"WaterSurf",41748,0,0,"donana",6,9
"ArtSurf",12613,0,0,"donana",6,10
"BareArea",6426,0,0,"donana",6,10
"DuneSand",52133,0,0,"donana",6,10
"Grass",23898,0,0,"donana",6,10
"HydroRipVeg",39646,0,0,"donana",6,10
"MedConF",76259,0,0,"donana",6,10
"MedSclF",6483,0,0,"donana",6,10
"MedScrub",129201,0,0,"donana",6,10
"Reforestation",2747,0,0,"donana",6,10
"RipF",418,0,0,"donana",6,10
"SaltMar",344960,0,0,"donana",6,10
"Shrub",6017,0,0,"donana",6,10
"WaterSurf",41748,0,0,"donana",6,10
"ArtSurf",12613,116,0.92,"donana",6,11
"BareArea",6426,236,3.67,"donana",6,11
"DuneSand",52133,57,0.11,"donana",6,11
"Grass",23898,13,0.05,"donana",6,11
"HydroRipVeg",39646,447,1.13,"donana",6,11
"MedConF",76259,6,0.01,"donana",6,11
"MedSclF",6483,1,0.02,"donana",6,11
"MedScrub",129201,1,0,"donana",6,11
"Reforestation",2747,0,0,"donana",6,11
"RipF",418,1,0.24,"donana",6,11
"SaltMar",344960,25964,7.53,"donana",6,11
"Shrub",6017,0,0,"donana",6,11
"WaterSurf",41748,15682,37.56,"donana",6,11
"ArtSurf",12613,821,6.51,"donana",6,12
"BareArea",6426,1611,25.07,"donana",6,12
"DuneSand",52133,44,0.08,"donana",6,12
"Grass",23898,1201,5.03,"donana",6,12
"HydroRipVeg",39646,8502,21.44,"donana",6,12
"MedConF",76259,16,0.02,"donana",6,12
"MedSclF",6483,24,0.37,"donana",6,12
"MedScrub",129201,9,0.01,"donana",6,12
"Reforestation",2747,0,0,"donana",6,12
"RipF",418,38,9.09,"donana",6,12
"SaltMar",344960,173066,50.17,"donana",6,12
"Shrub",6017,5,0.08,"donana",6,12
"WaterSurf",41748,12455,29.83,"donana",6,12
"ArtSurf",12613,1288,10.21,"donana",9,1
"BareArea",6426,2809,43.71,"donana",9,1
"DuneSand",52133,523,1,"donana",9,1
"Grass",23898,2542,10.64,"donana",9,1
"HydroRipVeg",39646,12146,30.64,"donana",9,1
"MedConF",76259,99,0.13,"donana",9,1
"MedSclF",6483,106,1.64,"donana",9,1
"MedScrub",129201,32,0.02,"donana",9,1
"Reforestation",2747,0,0,"donana",9,1
"RipF",418,48,11.48,"donana",9,1
"SaltMar",344960,225505,65.37,"donana",9,1
"Shrub",6017,20,0.33,"donana",9,1
"WaterSurf",41748,24615,58.96,"donana",9,1
"ArtSurf",12613,1601,12.69,"donana",9,2
"BareArea",6426,3431,53.39,"donana",9,2
"DuneSand",52133,299,0.57,"donana",9,2
"Grass",23898,2687,11.24,"donana",9,2
"HydroRipVeg",39646,13899,35.06,"donana",9,2
"MedConF",76259,140,0.18,"donana",9,2
"MedSclF",6483,131,2.02,"donana",9,2
"MedScrub",129201,43,0.03,"donana",9,2
"Reforestation",2747,0,0,"donana",9,2
"RipF",418,65,15.55,"donana",9,2
"SaltMar",344960,267391,77.51,"donana",9,2
"Shrub",6017,28,0.47,"donana",9,2
"WaterSurf",41748,30031,71.93,"donana",9,2
"ArtSurf",12613,1075,8.52,"donana",9,3
"BareArea",6426,2704,42.08,"donana",9,3
"DuneSand",52133,366,0.7,"donana",9,3
"Grass",23898,1440,6.03,"donana",9,3
"HydroRipVeg",39646,11900,30.02,"donana",9,3
"MedConF",76259,69,0.09,"donana",9,3
"MedSclF",6483,64,0.99,"donana",9,3
"MedScrub",129201,39,0.03,"donana",9,3
"Reforestation",2747,0,0,"donana",9,3
"RipF",418,20,4.78,"donana",9,3
"SaltMar",344960,209826,60.83,"donana",9,3
"Shrub",6017,20,0.33,"donana",9,3
"WaterSurf",41748,36929,88.46,"donana",9,3
"ArtSurf",12613,224,1.78,"donana",9,4
"BareArea",6426,1438,22.38,"donana",9,4
"DuneSand",52133,38,0.07,"donana",9,4
"Grass",23898,114,0.48,"donana",9,4
"HydroRipVeg",39646,1574,3.97,"donana",9,4
"MedConF",76259,21,0.03,"donana",9,4
"MedSclF",6483,1,0.02,"donana",9,4
"MedScrub",129201,19,0.01,"donana",9,4
"Reforestation",2747,0,0,"donana",9,4
"RipF",418,1,0.24,"donana",9,4
"SaltMar",344960,51188,14.84,"donana",9,4
"Shrub",6017,9,0.15,"donana",9,4
"WaterSurf",41748,34872,83.53,"donana",9,4
"ArtSurf",12613,168,1.33,"donana",9,5
"BareArea",6426,492,7.66,"donana",9,5
"DuneSand",52133,8,0.02,"donana",9,5
"Grass",23898,17,0.07,"donana",9,5
"HydroRipVeg",39646,109,0.27,"donana",9,5
"MedConF",76259,2,0,"donana",9,5
"MedSclF",6483,0,0,"donana",9,5
"MedScrub",129201,9,0.01,"donana",9,5
"Reforestation",2747,0,0,"donana",9,5
"RipF",418,2,0.48,"donana",9,5
"SaltMar",344960,20955,6.07,"donana",9,5
"Shrub",6017,0,0,"donana",9,5
"WaterSurf",41748,34123,81.74,"donana",9,5
"ArtSurf",12613,88,0.7,"donana",9,6
"BareArea",6426,78,1.21,"donana",9,6
"DuneSand",52133,3,0.01,"donana",9,6
"Grass",23898,7,0.03,"donana",9,6
"HydroRipVeg",39646,73,0.18,"donana",9,6
"MedConF",76259,0,0,"donana",9,6
"MedSclF",6483,0,0,"donana",9,6
"MedScrub",129201,6,0,"donana",9,6
"Reforestation",2747,0,0,"donana",9,6
"RipF",418,0,0,"donana",9,6
"SaltMar",344960,4022,1.17,"donana",9,6
"Shrub",6017,0,0,"donana",9,6
"WaterSurf",41748,19428,46.54,"donana",9,6
"ArtSurf",12613,77,0.61,"donana",9,7
"BareArea",6426,8,0.12,"donana",9,7
"DuneSand",52133,8,0.02,"donana",9,7
"Grass",23898,0,0,"donana",9,7
"HydroRipVeg",39646,27,0.07,"donana",9,7
"MedConF",76259,0,0,"donana",9,7
"MedSclF",6483,0,0,"donana",9,7
"MedScrub",129201,0,0,"donana",9,7
"Reforestation",2747,0,0,"donana",9,7
"RipF",418,0,0,"donana",9,7
"SaltMar",344960,1742,0.5,"donana",9,7
"Shrub",6017,0,0,"donana",9,7
"WaterSurf",41748,441,1.06,"donana",9,7
"ArtSurf",12613,57,0.45,"donana",9,8
"BareArea",6426,58,0.9,"donana",9,8
"DuneSand",52133,77,0.15,"donana",9,8
"Grass",23898,3,0.01,"donana",9,8
"HydroRipVeg",39646,4,0.01,"donana",9,8
"MedConF",76259,0,0,"donana",9,8
"MedSclF",6483,0,0,"donana",9,8
"MedScrub",129201,0,0,"donana",9,8
"Reforestation",2747,0,0,"donana",9,8
"RipF",418,0,0,"donana",9,8
"SaltMar",344960,1728,0.5,"donana",9,8
"Shrub",6017,0,0,"donana",9,8
"WaterSurf",41748,79,0.19,"donana",9,8
"ArtSurf",12613,50,0.4,"donana",9,9
"BareArea",6426,69,1.07,"donana",9,9
"DuneSand",52133,12,0.02,"donana",9,9
"Grass",23898,0,0,"donana",9,9
"HydroRipVeg",39646,0,0,"donana",9,9
"MedConF",76259,0,0,"donana",9,9
"MedSclF",6483,0,0,"donana",9,9
"MedScrub",129201,0,0,"donana",9,9
"Reforestation",2747,0,0,"donana",9,9
"RipF",418,0,0,"donana",9,9
"SaltMar",344960,1,0,"donana",9,9
"Shrub",6017,0,0,"donana",9,9
"WaterSurf",41748,8,0.02,"donana",9,9
"ArtSurf",12613,0,0,"donana",9,10
"BareArea",6426,0,0,"donana",9,10
"DuneSand",52133,0,0,"donana",9,10
"Grass",23898,0,0,"donana",9,10
"HydroRipVeg",39646,0,0,"donana",9,10
"MedConF",76259,0,0,"donana",9,10
"MedSclF",6483,0,0,"donana",9,10
"MedScrub",129201,0,0,"donana",9,10
"Reforestation",2747,0,0,"donana",9,10
"RipF",418,0,0,"donana",9,10
"SaltMar",344960,0,0,"donana",9,10
"Shrub",6017,0,0,"donana",9,10
"WaterSurf",41748,0,0,"donana",9,10
"ArtSurf",12613,0,0,"donana",9,11
"BareArea",6426,0,0,"donana",9,11
"DuneSand",52133,0,0,"donana",9,11
"Grass",23898,0,0,"donana",9,11
"HydroRipVeg",39646,0,0,"donana",9,11
"MedConF",76259,0,0,"donana",9,11
"MedSclF",6483,0,0,"donana",9,11
"MedScrub",129201,0,0,"donana",9,11
"Reforestation",2747,0,0,"donana",9,11
"RipF",418,0,0,"donana",9,11
"SaltMar",344960,0,0,"donana",9,11
"Shrub",6017,0,0,"donana",9,11
"WaterSurf",41748,0,0,"donana",9,11
"ArtSurf",12613,662,5.25,"donana",9,12
"BareArea",6426,1235,19.22,"donana",9,12
"DuneSand",52133,27,0.05,"donana",9,12
"Grass",23898,526,2.2,"donana",9,12
"HydroRipVeg",39646,5276,13.31,"donana",9,12
"MedConF",76259,6,0.01,"donana",9,12
"MedSclF",6483,7,0.11,"donana",9,12
"MedScrub",129201,3,0,"donana",9,12
"Reforestation",2747,0,0,"donana",9,12
"RipF",418,25,5.98,"donana",9,12
"SaltMar",344960,134839,39.09,"donana",9,12
"Shrub",6017,1,0.02,"donana",9,12
"WaterSurf",41748,10626,25.45,"donana",9,12
"ArtSurf",12613,1227,9.73,"donana",12,1
"BareArea",6426,2764,43.01,"donana",12,1
"DuneSand",52133,208,0.4,"donana",12,1
"Grass",23898,1914,8.01,"donana",12,1
"HydroRipVeg",39646,12078,30.46,"donana",12,1
"MedConF",76259,73,0.1,"donana",12,1
"MedSclF",6483,98,1.51,"donana",12,1
"MedScrub",129201,25,0.02,"donana",12,1
"Reforestation",2747,0,0,"donana",12,1
"RipF",418,36,8.61,"donana",12,1
"SaltMar",344960,221801,64.3,"donana",12,1
"Shrub",6017,12,0.2,"donana",12,1
"WaterSurf",41748,30393,72.8,"donana",12,1
"ArtSurf",12613,1205,9.55,"donana",12,2
"BareArea",6426,3033,47.2,"donana",12,2
"DuneSand",52133,269,0.52,"donana",12,2
"Grass",23898,1577,6.6,"donana",12,2
"HydroRipVeg",39646,13115,33.08,"donana",12,2
"MedConF",76259,119,0.16,"donana",12,2
"MedSclF",6483,89,1.37,"donana",12,2
"MedScrub",129201,32,0.02,"donana",12,2
"Reforestation",2747,0,0,"donana",12,2
"RipF",418,48,11.48,"donana",12,2
"SaltMar",344960,243107,70.47,"donana",12,2
"Shrub",6017,24,0.4,"donana",12,2
"WaterSurf",41748,30493,73.04,"donana",12,2
"ArtSurf",12613,996,7.9,"donana",12,3
"BareArea",6426,2572,40.02,"donana",12,3
"DuneSand",52133,246,0.47,"donana",12,3
"Grass",23898,1062,4.44,"donana",12,3
"HydroRipVeg",39646,11569,29.18,"donana",12,3
"MedConF",76259,57,0.07,"donana",12,3
"MedSclF",6483,42,0.65,"donana",12,3
"MedScrub",129201,25,0.02,"donana",12,3
"Reforestation",2747,0,0,"donana",12,3
"RipF",418,17,4.07,"donana",12,3
"SaltMar",344960,203594,59.02,"donana",12,3
"Shrub",6017,18,0.3,"donana",12,3
"WaterSurf",41748,37755,90.44,"donana",12,3
"ArtSurf",12613,234,1.86,"donana",12,4
"BareArea",6426,1366,21.26,"donana",12,4
"DuneSand",52133,24,0.05,"donana",12,4
"Grass",23898,98,0.41,"donana",12,4
"HydroRipVeg",39646,1461,3.69,"donana",12,4
"MedConF",76259,24,0.03,"donana",12,4
"MedSclF",6483,1,0.02,"donana",12,4
"MedScrub",129201,16,0.01,"donana",12,4
"Reforestation",2747,0,0,"donana",12,4
"RipF",418,1,0.24,"donana",12,4
"SaltMar",344960,52273,15.15,"donana",12,4
"Shrub",6017,9,0.15,"donana",12,4
"WaterSurf",41748,34672,83.05,"donana",12,4
"ArtSurf",12613,166,1.32,"donana",12,5
"BareArea",6426,533,8.29,"donana",12,5
"DuneSand",52133,8,0.02,"donana",12,5
"Grass",23898,17,0.07,"donana",12,5
"HydroRipVeg",39646,115,0.29,"donana",12,5
"MedConF",76259,2,0,"donana",12,5
"MedSclF",6483,0,0,"donana",12,5
"MedScrub",129201,10,0.01,"donana",12,5
"Reforestation",2747,0,0,"donana",12,5
"RipF",418,2,0.48,"donana",12,5
"SaltMar",344960,20948,6.07,"donana",12,5
"Shrub",6017,0,0,"donana",12,5
"WaterSurf",41748,34098,81.68,"donana",12,5
"ArtSurf",12613,82,0.65,"donana",12,6
"BareArea",6426,59,0.92,"donana",12,6
"DuneSand",52133,2,0,"donana",12,6
"Grass",23898,9,0.04,"donana",12,6
"HydroRipVeg",39646,87,0.22,"donana",12,6
"MedConF",76259,0,0,"donana",12,6
"MedSclF",6483,0,0,"donana",12,6
"MedScrub",129201,5,0,"donana",12,6
"Reforestation",2747,0,0,"donana",12,6
"RipF",418,0,0,"donana",12,6
"SaltMar",344960,3280,0.95,"donana",12,6
"Shrub",6017,0,0,"donana",12,6
"WaterSurf",41748,15847,37.96,"donana",12,6
"ArtSurf",12613,73,0.58,"donana",12,7
"BareArea",6426,20,0.31,"donana",12,7
"DuneSand",52133,1,0,"donana",12,7
"Grass",23898,0,0,"donana",12,7
"HydroRipVeg",39646,22,0.06,"donana",12,7
"MedConF",76259,0,0,"donana",12,7
"MedSclF",6483,0,0,"donana",12,7
"MedScrub",129201,0,0,"donana",12,7
"Reforestation",2747,0,0,"donana",12,7
"RipF",418,0,0,"donana",12,7
"SaltMar",344960,692,0.2,"donana",12,7
"Shrub",6017,0,0,"donana",12,7
"WaterSurf",41748,259,0.62,"donana",12,7
"ArtSurf",12613,4,0.03,"donana",12,8
"BareArea",6426,73,1.14,"donana",12,8
"DuneSand",52133,29,0.06,"donana",12,8
"Grass",23898,3,0.01,"donana",12,8
"HydroRipVeg",39646,3,0.01,"donana",12,8
"MedConF",76259,0,0,"donana",12,8
"MedSclF",6483,0,0,"donana",12,8
"MedScrub",129201,0,0,"donana",12,8
"Reforestation",2747,0,0,"donana",12,8
"RipF",418,0,0,"donana",12,8
"SaltMar",344960,913,0.26,"donana",12,8
"Shrub",6017,0,0,"donana",12,8
"WaterSurf",41748,324,0.78,"donana",12,8
"ArtSurf",12613,3,0.02,"donana",12,9
"BareArea",6426,80,1.24,"donana",12,9
"DuneSand",52133,17,0.03,"donana",12,9
"Grass",23898,5,0.02,"donana",12,9
"HydroRipVeg",39646,1,0,"donana",12,9
"MedConF",76259,0,0,"donana",12,9
"MedSclF",6483,0,0,"donana",12,9
"MedScrub",129201,0,0,"donana",12,9
"Reforestation",2747,0,0,"donana",12,9
"RipF",418,0,0,"donana",12,9
"SaltMar",344960,781,0.23,"donana",12,9
"Shrub",6017,0,0,"donana",12,9
"WaterSurf",41748,361,0.86,"donana",12,9
"ArtSurf",12613,13,0.1,"donana",12,10
"BareArea",6426,20,0.31,"donana",12,10
"DuneSand",52133,7,0.01,"donana",12,10
"Grass",23898,0,0,"donana",12,10
"HydroRipVeg",39646,0,0,"donana",12,10
"MedConF",76259,0,0,"donana",12,10
"MedSclF",6483,0,0,"donana",12,10
"MedScrub",129201,0,0,"donana",12,10
"Reforestation",2747,0,0,"donana",12,10
"RipF",418,0,0,"donana",12,10
"SaltMar",344960,952,0.28,"donana",12,10
"Shrub",6017,0,0,"donana",12,10
"WaterSurf",41748,336,0.8,"donana",12,10
"ArtSurf",12613,0,0,"donana",12,11
"BareArea",6426,1,0.02,"donana",12,11
"DuneSand",52133,0,0,"donana",12,11
"Grass",23898,3,0.01,"donana",12,11
"HydroRipVeg",39646,0,0,"donana",12,11
"MedConF",76259,0,0,"donana",12,11
"MedSclF",6483,0,0,"donana",12,11
"MedScrub",129201,0,0,"donana",12,11
"Reforestation",2747,0,0,"donana",12,11
"RipF",418,0,0,"donana",12,11
"SaltMar",344960,24,0.01,"donana",12,11
"Shrub",6017,0,0,"donana",12,11
"WaterSurf",41748,299,0.72,"donana",12,11
"ArtSurf",12613,375,2.97,"donana",12,12
"BareArea",6426,593,9.23,"donana",12,12
"DuneSand",52133,5,0.01,"donana",12,12
"Grass",23898,181,0.76,"donana",12,12
"HydroRipVeg",39646,2779,7.01,"donana",12,12
"MedConF",76259,4,0.01,"donana",12,12
"MedSclF",6483,7,0.11,"donana",12,12
"MedScrub",129201,2,0,"donana",12,12
"Reforestation",2747,0,0,"donana",12,12
"RipF",418,9,2.15,"donana",12,12
"SaltMar",344960,68371,19.82,"donana",12,12
"Shrub",6017,2,0.03,"donana",12,12
"WaterSurf",41748,4971,11.91,"donana",12,12
"AlpConF",129960,21,0.02,"guadarrama",1,1
"AlpScrGr",172894,36,0.02,"guadarrama",1,1
"ArtSurf",1490,0,0,"guadarrama",1,1
"Grass",7028,0,0,"guadarrama",1,1
"MedSclF",3280,0,0,"guadarrama",1,1
"MedScrub",38947,32,0.08,"guadarrama",1,1
"Peatland",229,0,0,"guadarrama",1,1
"Reforestation",88147,18,0.02,"guadarrama",1,1
"RipF",529,0,0,"guadarrama",1,1
"RockScreeVeg",46691,37,0.08,"guadarrama",1,1
"SMedMarF",5314,0,0,"guadarrama",1,1
"Shrub",3703,0,0,"guadarrama",1,1
"TempDecF",1436,4,0.28,"guadarrama",1,1
"WaterSurf",30,0,0,"guadarrama",1,1
"AlpConF",129960,0,0,"guadarrama",1,2
"AlpScrGr",172894,0,0,"guadarrama",1,2
"ArtSurf",1490,0,0,"guadarrama",1,2
"Grass",7028,0,0,"guadarrama",1,2
"MedSclF",3280,0,0,"guadarrama",1,2
"MedScrub",38947,0,0,"guadarrama",1,2
"Peatland",229,0,0,"guadarrama",1,2
"Reforestation",88149,0,0,"guadarrama",1,2
"RipF",529,0,0,"guadarrama",1,2
"RockScreeVeg",46691,0,0,"guadarrama",1,2
"SMedMarF",5314,0,0,"guadarrama",1,2
"Shrub",3703,0,0,"guadarrama",1,2
"TempDecF",1436,0,0,"guadarrama",1,2
"WaterSurf",30,0,0,"guadarrama",1,2
"AlpConF",129960,6826,5.25,"guadarrama",1,3
"AlpScrGr",172894,36380,21.04,"guadarrama",1,3
"ArtSurf",1490,230,15.44,"guadarrama",1,3
"Grass",7028,440,6.26,"guadarrama",1,3
"MedSclF",3280,3,0.09,"guadarrama",1,3
"MedScrub",38947,1876,4.82,"guadarrama",1,3
"Peatland",229,34,14.85,"guadarrama",1,3
"Reforestation",88149,5736,6.51,"guadarrama",1,3
"RipF",529,0,0,"guadarrama",1,3
"RockScreeVeg",46691,1878,4.02,"guadarrama",1,3
"SMedMarF",5314,15,0.28,"guadarrama",1,3
"Shrub",3703,16,0.43,"guadarrama",1,3
"TempDecF",1436,4,0.28,"guadarrama",1,3
"WaterSurf",30,0,0,"guadarrama",1,3
"AlpConF",129960,10,0.01,"guadarrama",1,4
"AlpScrGr",172894,0,0,"guadarrama",1,4
"ArtSurf",1490,0,0,"guadarrama",1,4
"Grass",7028,0,0,"guadarrama",1,4
"MedSclF",3280,0,0,"guadarrama",1,4
"MedScrub",38947,0,0,"guadarrama",1,4
"Peatland",229,0,0,"guadarrama",1,4
"Reforestation",88149,0,0,"guadarrama",1,4
"RipF",529,0,0,"guadarrama",1,4
"RockScreeVeg",46691,0,0,"guadarrama",1,4
"SMedMarF",5314,0,0,"guadarrama",1,4
"Shrub",3703,0,0,"guadarrama",1,4
"TempDecF",1436,0,0,"guadarrama",1,4
"WaterSurf",30,0,0,"guadarrama",1,4
"AlpConF",129960,0,0,"guadarrama",1,5
"AlpScrGr",172894,0,0,"guadarrama",1,5
"ArtSurf",1490,0,0,"guadarrama",1,5
"Grass",7028,0,0,"guadarrama",1,5
"MedSclF",3280,0,0,"guadarrama",1,5
"MedScrub",38947,0,0,"guadarrama",1,5
"Peatland",229,0,0,"guadarrama",1,5
"Reforestation",88149,0,0,"guadarrama",1,5
"RipF",529,0,0,"guadarrama",1,5
"RockScreeVeg",46691,0,0,"guadarrama",1,5
"SMedMarF",5314,0,0,"guadarrama",1,5
"Shrub",3703,0,0,"guadarrama",1,5
"TempDecF",1436,0,0,"guadarrama",1,5
"WaterSurf",30,0,0,"guadarrama",1,5
"AlpConF",129960,0,0,"guadarrama",1,6
"AlpScrGr",172894,0,0,"guadarrama",1,6
"ArtSurf",1490,0,0,"guadarrama",1,6
"Grass",7028,0,0,"guadarrama",1,6
"MedSclF",3280,0,0,"guadarrama",1,6
"MedScrub",38947,0,0,"guadarrama",1,6
"Peatland",229,0,0,"guadarrama",1,6
"Reforestation",88149,0,0,"guadarrama",1,6
"RipF",529,0,0,"guadarrama",1,6
"RockScreeVeg",46691,0,0,"guadarrama",1,6
"SMedMarF",5314,0,0,"guadarrama",1,6
"Shrub",3703,0,0,"guadarrama",1,6
"TempDecF",1436,0,0,"guadarrama",1,6
"WaterSurf",30,0,0,"guadarrama",1,6
"AlpConF",129960,0,0,"guadarrama",1,7
"AlpScrGr",172894,0,0,"guadarrama",1,7
"ArtSurf",1490,0,0,"guadarrama",1,7
"Grass",7028,0,0,"guadarrama",1,7
"MedSclF",3280,0,0,"guadarrama",1,7
"MedScrub",38947,0,0,"guadarrama",1,7
"Peatland",229,0,0,"guadarrama",1,7
"Reforestation",88149,0,0,"guadarrama",1,7
"RipF",529,0,0,"guadarrama",1,7
"RockScreeVeg",46691,0,0,"guadarrama",1,7
"SMedMarF",5314,0,0,"guadarrama",1,7
"Shrub",3703,0,0,"guadarrama",1,7
"TempDecF",1436,0,0,"guadarrama",1,7
"WaterSurf",30,0,0,"guadarrama",1,7
"AlpConF",129960,0,0,"guadarrama",1,8
"AlpScrGr",172894,0,0,"guadarrama",1,8
"ArtSurf",1490,0,0,"guadarrama",1,8
"Grass",7028,0,0,"guadarrama",1,8
"MedSclF",3280,0,0,"guadarrama",1,8
"MedScrub",38947,0,0,"guadarrama",1,8
"Peatland",229,0,0,"guadarrama",1,8
"Reforestation",88149,0,0,"guadarrama",1,8
"RipF",529,0,0,"guadarrama",1,8
"RockScreeVeg",46691,0,0,"guadarrama",1,8
"SMedMarF",5314,0,0,"guadarrama",1,8
"Shrub",3703,0,0,"guadarrama",1,8
"TempDecF",1436,0,0,"guadarrama",1,8
"WaterSurf",30,0,0,"guadarrama",1,8
"AlpConF",129960,202,0.16,"guadarrama",1,9
"AlpScrGr",172894,222,0.13,"guadarrama",1,9
"ArtSurf",1490,1,0.07,"guadarrama",1,9
"Grass",7028,7,0.1,"guadarrama",1,9
"MedSclF",3280,1,0.03,"guadarrama",1,9
"MedScrub",38947,33,0.08,"guadarrama",1,9
"Peatland",229,0,0,"guadarrama",1,9
"Reforestation",88149,195,0.22,"guadarrama",1,9
"RipF",529,0,0,"guadarrama",1,9
"RockScreeVeg",46691,75,0.16,"guadarrama",1,9
"SMedMarF",5314,13,0.24,"guadarrama",1,9
"Shrub",3703,0,0,"guadarrama",1,9
"TempDecF",1436,1,0.07,"guadarrama",1,9
"WaterSurf",30,0,0,"guadarrama",1,9
"AlpConF",129960,0,0,"guadarrama",1,10
"AlpScrGr",172894,0,0,"guadarrama",1,10
"ArtSurf",1490,0,0,"guadarrama",1,10
"Grass",7028,0,0,"guadarrama",1,10
"MedSclF",3280,0,0,"guadarrama",1,10
"MedScrub",38947,0,0,"guadarrama",1,10
"Peatland",229,0,0,"guadarrama",1,10
"Reforestation",88149,0,0,"guadarrama",1,10
"RipF",529,0,0,"guadarrama",1,10
"RockScreeVeg",46691,0,0,"guadarrama",1,10
"SMedMarF",5314,0,0,"guadarrama",1,10
"Shrub",3703,0,0,"guadarrama",1,10
"TempDecF",1436,0,0,"guadarrama",1,10
"WaterSurf",30,0,0,"guadarrama",1,10
"AlpConF",129960,0,0,"guadarrama",1,11
"AlpScrGr",172894,0,0,"guadarrama",1,11
"ArtSurf",1490,0,0,"guadarrama",1,11
"Grass",7028,0,0,"guadarrama",1,11
"MedSclF",3280,0,0,"guadarrama",1,11
"MedScrub",38947,0,0,"guadarrama",1,11
"Peatland",229,0,0,"guadarrama",1,11
"Reforestation",88149,0,0,"guadarrama",1,11
"RipF",529,0,0,"guadarrama",1,11
"RockScreeVeg",46691,0,0,"guadarrama",1,11
"SMedMarF",5314,0,0,"guadarrama",1,11
"Shrub",3703,0,0,"guadarrama",1,11
"TempDecF",1436,0,0,"guadarrama",1,11
"WaterSurf",30,0,0,"guadarrama",1,11
"AlpConF",129960,0,0,"guadarrama",1,12
"AlpScrGr",172894,0,0,"guadarrama",1,12
"ArtSurf",1490,0,0,"guadarrama",1,12
"Grass",7028,0,0,"guadarrama",1,12
"MedSclF",3280,0,0,"guadarrama",1,12
"MedScrub",38947,0,0,"guadarrama",1,12
"Peatland",229,0,0,"guadarrama",1,12
"Reforestation",88133,0,0,"guadarrama",1,12
"RipF",529,0,0,"guadarrama",1,12
"RockScreeVeg",46691,0,0,"guadarrama",1,12
"SMedMarF",5314,0,0,"guadarrama",1,12
"Shrub",3703,0,0,"guadarrama",1,12
"TempDecF",1436,0,0,"guadarrama",1,12
"WaterSurf",30,0,0,"guadarrama",1,12
"AlpConF",129960,0,0,"guadarrama",3,1
"AlpScrGr",172894,0,0,"guadarrama",3,1
"ArtSurf",1490,0,0,"guadarrama",3,1
"Grass",7028,0,0,"guadarrama",3,1
"MedSclF",3280,0,0,"guadarrama",3,1
"MedScrub",38947,0,0,"guadarrama",3,1
"Peatland",229,0,0,"guadarrama",3,1
"Reforestation",88147,0,0,"guadarrama",3,1
"RipF",529,0,0,"guadarrama",3,1
"RockScreeVeg",46691,0,0,"guadarrama",3,1
"SMedMarF",5314,0,0,"guadarrama",3,1
"Shrub",3703,0,0,"guadarrama",3,1
"TempDecF",1436,0,0,"guadarrama",3,1
"WaterSurf",30,0,0,"guadarrama",3,1
"AlpConF",129960,29285,22.53,"guadarrama",3,2
"AlpScrGr",172894,36450,21.08,"guadarrama",3,2
"ArtSurf",1490,265,17.79,"guadarrama",3,2
"Grass",7028,219,3.12,"guadarrama",3,2
"MedSclF",3280,595,18.14,"guadarrama",3,2
"MedScrub",38947,4956,12.72,"guadarrama",3,2
"Peatland",229,26,11.35,"guadarrama",3,2
"Reforestation",88149,19654,22.3,"guadarrama",3,2
"RipF",529,28,5.29,"guadarrama",3,2
"RockScreeVeg",46691,9176,19.65,"guadarrama",3,2
"SMedMarF",5314,425,8,"guadarrama",3,2
"Shrub",3703,173,4.67,"guadarrama",3,2
"TempDecF",1436,27,1.88,"guadarrama",3,2
"WaterSurf",30,0,0,"guadarrama",3,2
"AlpConF",129960,21254,16.35,"guadarrama",3,3
"AlpScrGr",172894,67426,39,"guadarrama",3,3
"ArtSurf",1490,247,16.58,"guadarrama",3,3
"Grass",7028,575,8.18,"guadarrama",3,3
"MedSclF",3280,62,1.89,"guadarrama",3,3
"MedScrub",38947,3633,9.33,"guadarrama",3,3
"Peatland",229,36,15.72,"guadarrama",3,3
"Reforestation",88149,12856,14.58,"guadarrama",3,3
"RipF",529,12,2.27,"guadarrama",3,3
"RockScreeVeg",46691,10125,21.69,"guadarrama",3,3
"SMedMarF",5314,24,0.45,"guadarrama",3,3
"Shrub",3703,204,5.51,"guadarrama",3,3
"TempDecF",1436,11,0.77,"guadarrama",3,3
"WaterSurf",30,0,0,"guadarrama",3,3
"AlpConF",129960,0,0,"guadarrama",3,4
"AlpScrGr",172894,0,0,"guadarrama",3,4
"ArtSurf",1490,0,0,"guadarrama",3,4
"Grass",7028,0,0,"guadarrama",3,4
"MedSclF",3280,0,0,"guadarrama",3,4
"MedScrub",38947,0,0,"guadarrama",3,4
"Peatland",229,0,0,"guadarrama",3,4
"Reforestation",88149,0,0,"guadarrama",3,4
"RipF",529,0,0,"guadarrama",3,4
"RockScreeVeg",46691,0,0,"guadarrama",3,4
"SMedMarF",5314,0,0,"guadarrama",3,4
"Shrub",3703,0,0,"guadarrama",3,4
"TempDecF",1436,0,0,"guadarrama",3,4
"WaterSurf",30,0,0,"guadarrama",3,4
"AlpConF",129960,2,0,"guadarrama",3,5
"AlpScrGr",172894,1,0,"guadarrama",3,5
"ArtSurf",1490,0,0,"guadarrama",3,5
"Grass",7028,0,0,"guadarrama",3,5
"MedSclF",3280,3,0.09,"guadarrama",3,5
"MedScrub",38947,0,0,"guadarrama",3,5
"Peatland",229,0,0,"guadarrama",3,5
"Reforestation",88149,0,0,"guadarrama",3,5
"RipF",529,0,0,"guadarrama",3,5
"RockScreeVeg",46691,2,0,"guadarrama",3,5
"SMedMarF",5314,0,0,"guadarrama",3,5
"Shrub",3703,2,0.05,"guadarrama",3,5
"TempDecF",1436,2,0.14,"guadarrama",3,5
"WaterSurf",30,0,0,"guadarrama",3,5
"AlpConF",129960,25,0.02,"guadarrama",3,6
"AlpScrGr",172894,4,0,"guadarrama",3,6
"ArtSurf",1490,2,0.13,"guadarrama",3,6
"Grass",7028,0,0,"guadarrama",3,6
"MedSclF",3280,2,0.06,"guadarrama",3,6
"MedScrub",38947,0,0,"guadarrama",3,6
"Peatland",229,0,0,"guadarrama",3,6
"Reforestation",88149,3,0,"guadarrama",3,6
"RipF",529,0,0,"guadarrama",3,6
"RockScreeVeg",46691,16,0.03,"guadarrama",3,6
"SMedMarF",5314,0,0,"guadarrama",3,6
"Shrub",3703,0,0,"guadarrama",3,6
"TempDecF",1436,2,0.14,"guadarrama",3,6
"WaterSurf",30,0,0,"guadarrama",3,6
"AlpConF",129960,12,0.01,"guadarrama",3,7
"AlpScrGr",172894,6,0,"guadarrama",3,7
"ArtSurf",1490,0,0,"guadarrama",3,7
"Grass",7028,0,0,"guadarrama",3,7
"MedSclF",3280,0,0,"guadarrama",3,7
"MedScrub",38947,0,0,"guadarrama",3,7
"Peatland",229,0,0,"guadarrama",3,7
"Reforestation",88149,2,0,"guadarrama",3,7
"RipF",529,0,0,"guadarrama",3,7
"RockScreeVeg",46691,10,0.02,"guadarrama",3,7
"SMedMarF",5314,0,0,"guadarrama",3,7
"Shrub",3703,0,0,"guadarrama",3,7
"TempDecF",1436,0,0,"guadarrama",3,7
"WaterSurf",30,0,0,"guadarrama",3,7
"AlpConF",129960,0,0,"guadarrama",3,8
"AlpScrGr",172894,0,0,"guadarrama",3,8
"ArtSurf",1490,0,0,"guadarrama",3,8
"Grass",7028,0,0,"guadarrama",3,8
"MedSclF",3280,0,0,"guadarrama",3,8
"MedScrub",38947,0,0,"guadarrama",3,8
"Peatland",229,0,0,"guadarrama",3,8
"Reforestation",88149,0,0,"guadarrama",3,8
"RipF",529,0,0,"guadarrama",3,8
"RockScreeVeg",46691,0,0,"guadarrama",3,8
"SMedMarF",5314,0,0,"guadarrama",3,8
"Shrub",3703,0,0,"guadarrama",3,8
"TempDecF",1436,0,0,"guadarrama",3,8
"WaterSurf",30,0,0,"guadarrama",3,8
"AlpConF",129960,63,0.05,"guadarrama",3,9
"AlpScrGr",172894,14,0.01,"guadarrama",3,9
"ArtSurf",1490,0,0,"guadarrama",3,9
"Grass",7028,2,0.03,"guadarrama",3,9
"MedSclF",3280,0,0,"guadarrama",3,9
"MedScrub",38947,1,0,"guadarrama",3,9
"Peatland",229,0,0,"guadarrama",3,9
"Reforestation",88149,12,0.01,"guadarrama",3,9
"RipF",529,0,0,"guadarrama",3,9
"RockScreeVeg",46691,3,0.01,"guadarrama",3,9
"SMedMarF",5314,0,0,"guadarrama",3,9
"Shrub",3703,0,0,"guadarrama",3,9
"TempDecF",1436,0,0,"guadarrama",3,9
"WaterSurf",30,0,0,"guadarrama",3,9
"AlpConF",129960,4,0,"guadarrama",3,10
"AlpScrGr",172894,1,0,"guadarrama",3,10
"ArtSurf",1490,0,0,"guadarrama",3,10
"Grass",7028,0,0,"guadarrama",3,10
"MedSclF",3280,0,0,"guadarrama",3,10
"MedScrub",38947,0,0,"guadarrama",3,10
"Peatland",229,0,0,"guadarrama",3,10
"Reforestation",88149,2,0,"guadarrama",3,10
"RipF",529,0,0,"guadarrama",3,10
"RockScreeVeg",46691,0,0,"guadarrama",3,10
"SMedMarF",5314,0,0,"guadarrama",3,10
"Shrub",3703,0,0,"guadarrama",3,10
"TempDecF",1436,0,0,"guadarrama",3,10
"WaterSurf",30,0,0,"guadarrama",3,10
"AlpConF",129960,0,0,"guadarrama",3,11
"AlpScrGr",172894,0,0,"guadarrama",3,11
"ArtSurf",1490,0,0,"guadarrama",3,11
"Grass",7028,0,0,"guadarrama",3,11
"MedSclF",3280,0,0,"guadarrama",3,11
"MedScrub",38947,0,0,"guadarrama",3,11
"Peatland",229,0,0,"guadarrama",3,11
"Reforestation",88149,0,0,"guadarrama",3,11
"RipF",529,0,0,"guadarrama",3,11
"RockScreeVeg",46691,0,0,"guadarrama",3,11
"SMedMarF",5314,0,0,"guadarrama",3,11
"Shrub",3703,0,0,"guadarrama",3,11
"TempDecF",1436,0,0,"guadarrama",3,11
"WaterSurf",30,0,0,"guadarrama",3,11
"AlpConF",129960,0,0,"guadarrama",3,12
"AlpScrGr",172894,0,0,"guadarrama",3,12
"ArtSurf",1490,0,0,"guadarrama",3,12
"Grass",7028,0,0,"guadarrama",3,12
"MedSclF",3280,0,0,"guadarrama",3,12
"MedScrub",38947,0,0,"guadarrama",3,12
"Peatland",229,0,0,"guadarrama",3,12
"Reforestation",88133,0,0,"guadarrama",3,12
"RipF",529,0,0,"guadarrama",3,12
"RockScreeVeg",46691,0,0,"guadarrama",3,12
"SMedMarF",5314,0,0,"guadarrama",3,12
"Shrub",3703,0,0,"guadarrama",3,12
"TempDecF",1436,0,0,"guadarrama",3,12
"WaterSurf",30,0,0,"guadarrama",3,12
"AlpConF",129960,0,0,"guadarrama",6,1
"AlpScrGr",172894,0,0,"guadarrama",6,1
"ArtSurf",1490,0,0,"guadarrama",6,1
"Grass",7028,0,0,"guadarrama",6,1
"MedSclF",3280,0,0,"guadarrama",6,1
"MedScrub",38947,0,0,"guadarrama",6,1
"Peatland",229,0,0,"guadarrama",6,1
"Reforestation",88147,0,0,"guadarrama",6,1
"RipF",529,0,0,"guadarrama",6,1
"RockScreeVeg",46691,0,0,"guadarrama",6,1
"SMedMarF",5314,0,0,"guadarrama",6,1
"Shrub",3703,0,0,"guadarrama",6,1
"TempDecF",1436,0,0,"guadarrama",6,1
"WaterSurf",30,0,0,"guadarrama",6,1
"AlpConF",129960,0,0,"guadarrama",6,2
"AlpScrGr",172894,0,0,"guadarrama",6,2
"ArtSurf",1490,0,0,"guadarrama",6,2
"Grass",7028,0,0,"guadarrama",6,2
"MedSclF",3280,0,0,"guadarrama",6,2
"MedScrub",38947,0,0,"guadarrama",6,2
"Peatland",229,0,0,"guadarrama",6,2
"Reforestation",88149,0,0,"guadarrama",6,2
"RipF",529,0,0,"guadarrama",6,2
"RockScreeVeg",46691,0,0,"guadarrama",6,2
"SMedMarF",5314,0,0,"guadarrama",6,2
"Shrub",3703,0,0,"guadarrama",6,2
"TempDecF",1436,0,0,"guadarrama",6,2
"WaterSurf",30,0,0,"guadarrama",6,2
"AlpConF",129960,0,0,"guadarrama",6,3
"AlpScrGr",172894,0,0,"guadarrama",6,3
"ArtSurf",1490,0,0,"guadarrama",6,3
"Grass",7028,0,0,"guadarrama",6,3
"MedSclF",3280,0,0,"guadarrama",6,3
"MedScrub",38947,0,0,"guadarrama",6,3
"Peatland",229,0,0,"guadarrama",6,3
"Reforestation",88149,0,0,"guadarrama",6,3
"RipF",529,0,0,"guadarrama",6,3
"RockScreeVeg",46691,0,0,"guadarrama",6,3
"SMedMarF",5314,0,0,"guadarrama",6,3
"Shrub",3703,0,0,"guadarrama",6,3
"TempDecF",1436,0,0,"guadarrama",6,3
"WaterSurf",30,0,0,"guadarrama",6,3
"AlpConF",129960,0,0,"guadarrama",6,4
"AlpScrGr",172894,0,0,"guadarrama",6,4
"ArtSurf",1490,0,0,"guadarrama",6,4
"Grass",7028,0,0,"guadarrama",6,4
"MedSclF",3280,0,0,"guadarrama",6,4
"MedScrub",38947,0,0,"guadarrama",6,4
"Peatland",229,0,0,"guadarrama",6,4
"Reforestation",88149,0,0,"guadarrama",6,4
"RipF",529,0,0,"guadarrama",6,4
"RockScreeVeg",46691,0,0,"guadarrama",6,4
"SMedMarF",5314,0,0,"guadarrama",6,4
"Shrub",3703,0,0,"guadarrama",6,4
"TempDecF",1436,0,0,"guadarrama",6,4
"WaterSurf",30,0,0,"guadarrama",6,4
"AlpConF",129960,0,0,"guadarrama",6,5
"AlpScrGr",172894,0,0,"guadarrama",6,5
"ArtSurf",1490,0,0,"guadarrama",6,5
"Grass",7028,0,0,"guadarrama",6,5
"MedSclF",3280,0,0,"guadarrama",6,5
"MedScrub",38947,0,0,"guadarrama",6,5
"Peatland",229,0,0,"guadarrama",6,5
"Reforestation",88149,0,0,"guadarrama",6,5
"RipF",529,0,0,"guadarrama",6,5
"RockScreeVeg",46691,0,0,"guadarrama",6,5
"SMedMarF",5314,0,0,"guadarrama",6,5
"Shrub",3703,0,0,"guadarrama",6,5
"TempDecF",1436,0,0,"guadarrama",6,5
"WaterSurf",30,0,0,"guadarrama",6,5
"AlpConF",129960,21,0.02,"guadarrama",6,6
"AlpScrGr",172894,492,0.28,"guadarrama",6,6
"ArtSurf",1490,1,0.07,"guadarrama",6,6
"Grass",7028,0,0,"guadarrama",6,6
"MedSclF",3280,6,0.18,"guadarrama",6,6
"MedScrub",38947,14,0.04,"guadarrama",6,6
"Peatland",229,0,0,"guadarrama",6,6
"Reforestation",88149,8,0.01,"guadarrama",6,6
"RipF",529,0,0,"guadarrama",6,6
"RockScreeVeg",46691,804,1.72,"guadarrama",6,6
"SMedMarF",5314,0,0,"guadarrama",6,6
"Shrub",3703,0,0,"guadarrama",6,6
"TempDecF",1436,1,0.07,"guadarrama",6,6
"WaterSurf",30,3,10,"guadarrama",6,6
"AlpConF",129960,3,0,"guadarrama",6,7
"AlpScrGr",172894,0,0,"guadarrama",6,7
"ArtSurf",1490,0,0,"guadarrama",6,7
"Grass",7028,0,0,"guadarrama",6,7
"MedSclF",3280,0,0,"guadarrama",6,7
"MedScrub",38947,0,0,"guadarrama",6,7
"Peatland",229,0,0,"guadarrama",6,7
"Reforestation",88149,1,0,"guadarrama",6,7
"RipF",529,0,0,"guadarrama",6,7
"RockScreeVeg",46691,0,0,"guadarrama",6,7
"SMedMarF",5314,0,0,"guadarrama",6,7
"Shrub",3703,0,0,"guadarrama",6,7
"TempDecF",1436,0,0,"guadarrama",6,7
"WaterSurf",30,0,0,"guadarrama",6,7
"AlpConF",129960,0,0,"guadarrama",6,8
"AlpScrGr",172894,0,0,"guadarrama",6,8
"ArtSurf",1490,0,0,"guadarrama",6,8
"Grass",7028,0,0,"guadarrama",6,8
"MedSclF",3280,0,0,"guadarrama",6,8
"MedScrub",38947,0,0,"guadarrama",6,8
"Peatland",229,0,0,"guadarrama",6,8
"Reforestation",88149,0,0,"guadarrama",6,8
"RipF",529,0,0,"guadarrama",6,8
"RockScreeVeg",46691,0,0,"guadarrama",6,8
"SMedMarF",5314,0,0,"guadarrama",6,8
"Shrub",3703,0,0,"guadarrama",6,8
"TempDecF",1436,0,0,"guadarrama",6,8
"WaterSurf",30,0,0,"guadarrama",6,8
"AlpConF",129960,0,0,"guadarrama",6,9
"AlpScrGr",172894,0,0,"guadarrama",6,9
"ArtSurf",1490,0,0,"guadarrama",6,9
"Grass",7028,0,0,"guadarrama",6,9
"MedSclF",3280,0,0,"guadarrama",6,9
"MedScrub",38947,0,0,"guadarrama",6,9
"Peatland",229,0,0,"guadarrama",6,9
"Reforestation",88149,0,0,"guadarrama",6,9
"RipF",529,0,0,"guadarrama",6,9
"RockScreeVeg",46691,0,0,"guadarrama",6,9
"SMedMarF",5314,0,0,"guadarrama",6,9
"Shrub",3703,0,0,"guadarrama",6,9
"TempDecF",1436,0,0,"guadarrama",6,9
"WaterSurf",30,0,0,"guadarrama",6,9
"AlpConF",129960,0,0,"guadarrama",6,10
"AlpScrGr",172894,0,0,"guadarrama",6,10
"ArtSurf",1490,0,0,"guadarrama",6,10
"Grass",7028,0,0,"guadarrama",6,10
"MedSclF",3280,0,0,"guadarrama",6,10
"MedScrub",38947,0,0,"guadarrama",6,10
"Peatland",229,0,0,"guadarrama",6,10
"Reforestation",88149,0,0,"guadarrama",6,10
"RipF",529,0,0,"guadarrama",6,10
"RockScreeVeg",46691,0,0,"guadarrama",6,10
"SMedMarF",5314,0,0,"guadarrama",6,10
"Shrub",3703,0,0,"guadarrama",6,10
"TempDecF",1436,0,0,"guadarrama",6,10
"WaterSurf",30,0,0,"guadarrama",6,10
"AlpConF",129960,0,0,"guadarrama",6,11
"AlpScrGr",172894,0,0,"guadarrama",6,11
"ArtSurf",1490,0,0,"guadarrama",6,11
"Grass",7028,0,0,"guadarrama",6,11
"MedSclF",3280,0,0,"guadarrama",6,11
"MedScrub",38947,0,0,"guadarrama",6,11
"Peatland",229,0,0,"guadarrama",6,11
"Reforestation",88149,0,0,"guadarrama",6,11
"RipF",529,0,0,"guadarrama",6,11
"RockScreeVeg",46691,0,0,"guadarrama",6,11
"SMedMarF",5314,0,0,"guadarrama",6,11
"Shrub",3703,0,0,"guadarrama",6,11
"TempDecF",1436,0,0,"guadarrama",6,11
"WaterSurf",30,0,0,"guadarrama",6,11
"AlpConF",129960,0,0,"guadarrama",6,12
"AlpScrGr",172894,0,0,"guadarrama",6,12
"ArtSurf",1490,0,0,"guadarrama",6,12
"Grass",7028,0,0,"guadarrama",6,12
"MedSclF",3280,0,0,"guadarrama",6,12
"MedScrub",38947,0,0,"guadarrama",6,12
"Peatland",229,0,0,"guadarrama",6,12
"Reforestation",88133,0,0,"guadarrama",6,12
"RipF",529,0,0,"guadarrama",6,12
"RockScreeVeg",46691,0,0,"guadarrama",6,12
"SMedMarF",5314,0,0,"guadarrama",6,12
"Shrub",3703,0,0,"guadarrama",6,12
"TempDecF",1436,0,0,"guadarrama",6,12
"WaterSurf",30,0,0,"guadarrama",6,12
"AlpConF",129960,0,0,"guadarrama",9,1
"AlpScrGr",172894,0,0,"guadarrama",9,1
"ArtSurf",1490,0,0,"guadarrama",9,1
"Grass",7028,0,0,"guadarrama",9,1
"MedSclF",3280,0,0,"guadarrama",9,1
"MedScrub",38947,0,0,"guadarrama",9,1
"Peatland",229,0,0,"guadarrama",9,1
"Reforestation",88147,0,0,"guadarrama",9,1
"RipF",529,0,0,"guadarrama",9,1
"RockScreeVeg",46691,0,0,"guadarrama",9,1
"SMedMarF",5314,0,0,"guadarrama",9,1
"Shrub",3703,0,0,"guadarrama",9,1
"TempDecF",1436,0,0,"guadarrama",9,1
"WaterSurf",30,0,0,"guadarrama",9,1
"AlpConF",129960,0,0,"guadarrama",9,2
"AlpScrGr",172894,0,0,"guadarrama",9,2
"ArtSurf",1490,0,0,"guadarrama",9,2
"Grass",7028,0,0,"guadarrama",9,2
"MedSclF",3280,0,0,"guadarrama",9,2
"MedScrub",38947,0,0,"guadarrama",9,2
"Peatland",229,0,0,"guadarrama",9,2
"Reforestation",88149,0,0,"guadarrama",9,2
"RipF",529,0,0,"guadarrama",9,2
"RockScreeVeg",46691,0,0,"guadarrama",9,2
"SMedMarF",5314,0,0,"guadarrama",9,2
"Shrub",3703,0,0,"guadarrama",9,2
"TempDecF",1436,0,0,"guadarrama",9,2
"WaterSurf",30,0,0,"guadarrama",9,2
"AlpConF",129960,0,0,"guadarrama",9,3
"AlpScrGr",172894,0,0,"guadarrama",9,3
"ArtSurf",1490,0,0,"guadarrama",9,3
"Grass",7028,0,0,"guadarrama",9,3
"MedSclF",3280,0,0,"guadarrama",9,3
"MedScrub",38947,0,0,"guadarrama",9,3
"Peatland",229,0,0,"guadarrama",9,3
"Reforestation",88149,0,0,"guadarrama",9,3
"RipF",529,0,0,"guadarrama",9,3
"RockScreeVeg",46691,0,0,"guadarrama",9,3
"SMedMarF",5314,0,0,"guadarrama",9,3
"Shrub",3703,0,0,"guadarrama",9,3
"TempDecF",1436,0,0,"guadarrama",9,3
"WaterSurf",30,0,0,"guadarrama",9,3
"AlpConF",129960,0,0,"guadarrama",9,4
"AlpScrGr",172894,0,0,"guadarrama",9,4
"ArtSurf",1490,0,0,"guadarrama",9,4
"Grass",7028,0,0,"guadarrama",9,4
"MedSclF",3280,0,0,"guadarrama",9,4
"MedScrub",38947,0,0,"guadarrama",9,4
"Peatland",229,0,0,"guadarrama",9,4
"Reforestation",88149,0,0,"guadarrama",9,4
"RipF",529,0,0,"guadarrama",9,4
"RockScreeVeg",46691,0,0,"guadarrama",9,4
"SMedMarF",5314,0,0,"guadarrama",9,4
"Shrub",3703,0,0,"guadarrama",9,4
"TempDecF",1436,0,0,"guadarrama",9,4
"WaterSurf",30,0,0,"guadarrama",9,4
"AlpConF",129960,0,0,"guadarrama",9,5
"AlpScrGr",172894,0,0,"guadarrama",9,5
"ArtSurf",1490,0,0,"guadarrama",9,5
"Grass",7028,0,0,"guadarrama",9,5
"MedSclF",3280,0,0,"guadarrama",9,5
"MedScrub",38947,0,0,"guadarrama",9,5
"Peatland",229,0,0,"guadarrama",9,5
"Reforestation",88149,0,0,"guadarrama",9,5
"RipF",529,0,0,"guadarrama",9,5
"RockScreeVeg",46691,0,0,"guadarrama",9,5
"SMedMarF",5314,0,0,"guadarrama",9,5
"Shrub",3703,0,0,"guadarrama",9,5
"TempDecF",1436,0,0,"guadarrama",9,5
"WaterSurf",30,0,0,"guadarrama",9,5
"AlpConF",129960,15,0.01,"guadarrama",9,6
"AlpScrGr",172894,14,0.01,"guadarrama",9,6
"ArtSurf",1490,0,0,"guadarrama",9,6
"Grass",7028,0,0,"guadarrama",9,6
"MedSclF",3280,0,0,"guadarrama",9,6
"MedScrub",38947,0,0,"guadarrama",9,6
"Peatland",229,0,0,"guadarrama",9,6
"Reforestation",88149,0,0,"guadarrama",9,6
"RipF",529,0,0,"guadarrama",9,6
"RockScreeVeg",46691,45,0.1,"guadarrama",9,6
"SMedMarF",5314,0,0,"guadarrama",9,6
"Shrub",3703,0,0,"guadarrama",9,6
"TempDecF",1436,0,0,"guadarrama",9,6
"WaterSurf",30,0,0,"guadarrama",9,6
"AlpConF",129960,9,0.01,"guadarrama",9,7
"AlpScrGr",172894,0,0,"guadarrama",9,7
"ArtSurf",1490,0,0,"guadarrama",9,7
"Grass",7028,0,0,"guadarrama",9,7
"MedSclF",3280,0,0,"guadarrama",9,7
"MedScrub",38947,0,0,"guadarrama",9,7
"Peatland",229,0,0,"guadarrama",9,7
"Reforestation",88149,0,0,"guadarrama",9,7
"RipF",529,0,0,"guadarrama",9,7
"RockScreeVeg",46691,0,0,"guadarrama",9,7
"SMedMarF",5314,0,0,"guadarrama",9,7
"Shrub",3703,0,0,"guadarrama",9,7
"TempDecF",1436,0,0,"guadarrama",9,7
"WaterSurf",30,0,0,"guadarrama",9,7
"AlpConF",129960,0,0,"guadarrama",9,8
"AlpScrGr",172894,0,0,"guadarrama",9,8
"ArtSurf",1490,0,0,"guadarrama",9,8
"Grass",7028,0,0,"guadarrama",9,8
"MedSclF",3280,0,0,"guadarrama",9,8
"MedScrub",38947,0,0,"guadarrama",9,8
"Peatland",229,0,0,"guadarrama",9,8
"Reforestation",88149,0,0,"guadarrama",9,8
"RipF",529,0,0,"guadarrama",9,8
"RockScreeVeg",46691,0,0,"guadarrama",9,8
"SMedMarF",5314,0,0,"guadarrama",9,8
"Shrub",3703,0,0,"guadarrama",9,8
"TempDecF",1436,0,0,"guadarrama",9,8
"WaterSurf",30,0,0,"guadarrama",9,8
"AlpConF",129960,0,0,"guadarrama",9,9
"AlpScrGr",172894,0,0,"guadarrama",9,9
"ArtSurf",1490,0,0,"guadarrama",9,9
"Grass",7028,0,0,"guadarrama",9,9
"MedSclF",3280,0,0,"guadarrama",9,9
"MedScrub",38947,0,0,"guadarrama",9,9
"Peatland",229,0,0,"guadarrama",9,9
"Reforestation",88149,0,0,"guadarrama",9,9
"RipF",529,0,0,"guadarrama",9,9
"RockScreeVeg",46691,0,0,"guadarrama",9,9
"SMedMarF",5314,0,0,"guadarrama",9,9
"Shrub",3703,0,0,"guadarrama",9,9
"TempDecF",1436,0,0,"guadarrama",9,9
"WaterSurf",30,0,0,"guadarrama",9,9
"AlpConF",129960,0,0,"guadarrama",9,10
"AlpScrGr",172894,0,0,"guadarrama",9,10
"ArtSurf",1490,0,0,"guadarrama",9,10
"Grass",7028,0,0,"guadarrama",9,10
"MedSclF",3280,0,0,"guadarrama",9,10
"MedScrub",38947,0,0,"guadarrama",9,10
"Peatland",229,0,0,"guadarrama",9,10
"Reforestation",88149,0,0,"guadarrama",9,10
"RipF",529,0,0,"guadarrama",9,10
"RockScreeVeg",46691,0,0,"guadarrama",9,10
"SMedMarF",5314,0,0,"guadarrama",9,10
"Shrub",3703,0,0,"guadarrama",9,10
"TempDecF",1436,0,0,"guadarrama",9,10
"WaterSurf",30,0,0,"guadarrama",9,10
"AlpConF",129960,0,0,"guadarrama",9,11
"AlpScrGr",172894,0,0,"guadarrama",9,11
"ArtSurf",1490,0,0,"guadarrama",9,11
"Grass",7028,0,0,"guadarrama",9,11
"MedSclF",3280,0,0,"guadarrama",9,11
"MedScrub",38947,0,0,"guadarrama",9,11
"Peatland",229,0,0,"guadarrama",9,11
"Reforestation",88149,0,0,"guadarrama",9,11
"RipF",529,0,0,"guadarrama",9,11
"RockScreeVeg",46691,0,0,"guadarrama",9,11
"SMedMarF",5314,0,0,"guadarrama",9,11
"Shrub",3703,0,0,"guadarrama",9,11
"TempDecF",1436,0,0,"guadarrama",9,11
"WaterSurf",30,0,0,"guadarrama",9,11
"AlpConF",129960,0,0,"guadarrama",9,12
"AlpScrGr",172894,0,0,"guadarrama",9,12
"ArtSurf",1490,0,0,"guadarrama",9,12
"Grass",7028,0,0,"guadarrama",9,12
"MedSclF",3280,0,0,"guadarrama",9,12
"MedScrub",38947,0,0,"guadarrama",9,12
"Peatland",229,0,0,"guadarrama",9,12
"Reforestation",88133,0,0,"guadarrama",9,12
"RipF",529,0,0,"guadarrama",9,12
"RockScreeVeg",46691,0,0,"guadarrama",9,12
"SMedMarF",5314,0,0,"guadarrama",9,12
"Shrub",3703,0,0,"guadarrama",9,12
"TempDecF",1436,0,0,"guadarrama",9,12
"WaterSurf",30,0,0,"guadarrama",9,12
"AlpConF",129960,0,0,"guadarrama",12,1
"AlpScrGr",172894,0,0,"guadarrama",12,1
"ArtSurf",1490,0,0,"guadarrama",12,1
"Grass",7028,0,0,"guadarrama",12,1
"MedSclF",3280,0,0,"guadarrama",12,1
"MedScrub",38947,0,0,"guadarrama",12,1
"Peatland",229,0,0,"guadarrama",12,1
"Reforestation",88147,0,0,"guadarrama",12,1
"RipF",529,0,0,"guadarrama",12,1
"RockScreeVeg",46691,0,0,"guadarrama",12,1
"SMedMarF",5314,0,0,"guadarrama",12,1
"Shrub",3703,0,0,"guadarrama",12,1
"TempDecF",1436,0,0,"guadarrama",12,1
"WaterSurf",30,0,0,"guadarrama",12,1
"AlpConF",129960,0,0,"guadarrama",12,2
"AlpScrGr",172894,0,0,"guadarrama",12,2
"ArtSurf",1490,0,0,"guadarrama",12,2
"Grass",7028,0,0,"guadarrama",12,2
"MedSclF",3280,0,0,"guadarrama",12,2
"MedScrub",38947,0,0,"guadarrama",12,2
"Peatland",229,0,0,"guadarrama",12,2
"Reforestation",88149,0,0,"guadarrama",12,2
"RipF",529,0,0,"guadarrama",12,2
"RockScreeVeg",46691,0,0,"guadarrama",12,2
"SMedMarF",5314,0,0,"guadarrama",12,2
"Shrub",3703,0,0,"guadarrama",12,2
"TempDecF",1436,0,0,"guadarrama",12,2
"WaterSurf",30,0,0,"guadarrama",12,2
"AlpConF",129960,0,0,"guadarrama",12,3
"AlpScrGr",172894,0,0,"guadarrama",12,3
"ArtSurf",1490,0,0,"guadarrama",12,3
"Grass",7028,0,0,"guadarrama",12,3
"MedSclF",3280,0,0,"guadarrama",12,3
"MedScrub",38947,0,0,"guadarrama",12,3
"Peatland",229,0,0,"guadarrama",12,3
"Reforestation",88149,0,0,"guadarrama",12,3
"RipF",529,0,0,"guadarrama",12,3
"RockScreeVeg",46691,0,0,"guadarrama",12,3
"SMedMarF",5314,0,0,"guadarrama",12,3
"Shrub",3703,0,0,"guadarrama",12,3
"TempDecF",1436,0,0,"guadarrama",12,3
"WaterSurf",30,0,0,"guadarrama",12,3
"AlpConF",129960,0,0,"guadarrama",12,4
"AlpScrGr",172894,0,0,"guadarrama",12,4
"ArtSurf",1490,0,0,"guadarrama",12,4
"Grass",7028,0,0,"guadarrama",12,4
"MedSclF",3280,0,0,"guadarrama",12,4
"MedScrub",38947,0,0,"guadarrama",12,4
"Peatland",229,0,0,"guadarrama",12,4
"Reforestation",88149,0,0,"guadarrama",12,4
"RipF",529,0,0,"guadarrama",12,4
"RockScreeVeg",46691,0,0,"guadarrama",12,4
"SMedMarF",5314,0,0,"guadarrama",12,4
"Shrub",3703,0,0,"guadarrama",12,4
"TempDecF",1436,0,0,"guadarrama",12,4
"WaterSurf",30,0,0,"guadarrama",12,4
"AlpConF",129960,0,0,"guadarrama",12,5
"AlpScrGr",172894,0,0,"guadarrama",12,5
"ArtSurf",1490,0,0,"guadarrama",12,5
"Grass",7028,0,0,"guadarrama",12,5
"MedSclF",3280,0,0,"guadarrama",12,5
"MedScrub",38947,0,0,"guadarrama",12,5
"Peatland",229,0,0,"guadarrama",12,5
"Reforestation",88149,0,0,"guadarrama",12,5
"RipF",529,0,0,"guadarrama",12,5
"RockScreeVeg",46691,0,0,"guadarrama",12,5
"SMedMarF",5314,0,0,"guadarrama",12,5
"Shrub",3703,0,0,"guadarrama",12,5
"TempDecF",1436,0,0,"guadarrama",12,5
"WaterSurf",30,0,0,"guadarrama",12,5
"AlpConF",129960,52,0.04,"guadarrama",12,6
"AlpScrGr",172894,17,0.01,"guadarrama",12,6
"ArtSurf",1490,0,0,"guadarrama",12,6
"Grass",7028,0,0,"guadarrama",12,6
"MedSclF",3280,1,0.03,"guadarrama",12,6
"MedScrub",38947,0,0,"guadarrama",12,6
"Peatland",229,0,0,"guadarrama",12,6
"Reforestation",88149,1,0,"guadarrama",12,6
"RipF",529,0,0,"guadarrama",12,6
"RockScreeVeg",46691,49,0.1,"guadarrama",12,6
"SMedMarF",5314,0,0,"guadarrama",12,6
"Shrub",3703,0,0,"guadarrama",12,6
"TempDecF",1436,2,0.14,"guadarrama",12,6
"WaterSurf",30,0,0,"guadarrama",12,6
"AlpConF",129960,13,0.01,"guadarrama",12,7
"AlpScrGr",172894,0,0,"guadarrama",12,7
"ArtSurf",1490,0,0,"guadarrama",12,7
"Grass",7028,0,0,"guadarrama",12,7
"MedSclF",3280,0,0,"guadarrama",12,7
"MedScrub",38947,0,0,"guadarrama",12,7
"Peatland",229,0,0,"guadarrama",12,7
"Reforestation",88149,0,0,"guadarrama",12,7
"RipF",529,0,0,"guadarrama",12,7
"RockScreeVeg",46691,0,0,"guadarrama",12,7
"SMedMarF",5314,0,0,"guadarrama",12,7
"Shrub",3703,0,0,"guadarrama",12,7
"TempDecF",1436,0,0,"guadarrama",12,7
"WaterSurf",30,0,0,"guadarrama",12,7
"AlpConF",129960,0,0,"guadarrama",12,8
"AlpScrGr",172894,0,0,"guadarrama",12,8
"ArtSurf",1490,0,0,"guadarrama",12,8
"Grass",7028,0,0,"guadarrama",12,8
"MedSclF",3280,0,0,"guadarrama",12,8
"MedScrub",38947,0,0,"guadarrama",12,8
"Peatland",229,0,0,"guadarrama",12,8
"Reforestation",88149,0,0,"guadarrama",12,8
"RipF",529,0,0,"guadarrama",12,8
"RockScreeVeg",46691,0,0,"guadarrama",12,8
"SMedMarF",5314,0,0,"guadarrama",12,8
"Shrub",3703,0,0,"guadarrama",12,8
"TempDecF",1436,0,0,"guadarrama",12,8
"WaterSurf",30,0,0,"guadarrama",12,8
"AlpConF",129960,0,0,"guadarrama",12,9
"AlpScrGr",172894,0,0,"guadarrama",12,9
"ArtSurf",1490,0,0,"guadarrama",12,9
"Grass",7028,0,0,"guadarrama",12,9
"MedSclF",3280,0,0,"guadarrama",12,9
"MedScrub",38947,0,0,"guadarrama",12,9
"Peatland",229,0,0,"guadarrama",12,9
"Reforestation",88149,0,0,"guadarrama",12,9
"RipF",529,0,0,"guadarrama",12,9
"RockScreeVeg",46691,0,0,"guadarrama",12,9
"SMedMarF",5314,0,0,"guadarrama",12,9
"Shrub",3703,0,0,"guadarrama",12,9
"TempDecF",1436,0,0,"guadarrama",12,9
"WaterSurf",30,0,0,"guadarrama",12,9
"AlpConF",129960,0,0,"guadarrama",12,10
"AlpScrGr",172894,0,0,"guadarrama",12,10
"ArtSurf",1490,0,0,"guadarrama",12,10
"Grass",7028,0,0,"guadarrama",12,10
"MedSclF",3280,0,0,"guadarrama",12,10
"MedScrub",38947,0,0,"guadarrama",12,10
"Peatland",229,0,0,"guadarrama",12,10
"Reforestation",88149,0,0,"guadarrama",12,10
"RipF",529,0,0,"guadarrama",12,10
"RockScreeVeg",46691,0,0,"guadarrama",12,10
"SMedMarF",5314,0,0,"guadarrama",12,10
"Shrub",3703,0,0,"guadarrama",12,10
"TempDecF",1436,0,0,"guadarrama",12,10
"WaterSurf",30,0,0,"guadarrama",12,10
"AlpConF",129960,0,0,"guadarrama",12,11
"AlpScrGr",172894,0,0,"guadarrama",12,11
"ArtSurf",1490,0,0,"guadarrama",12,11
"Grass",7028,0,0,"guadarrama",12,11
"MedSclF",3280,0,0,"guadarrama",12,11
"MedScrub",38947,0,0,"guadarrama",12,11
"Peatland",229,0,0,"guadarrama",12,11
"Reforestation",88149,0,0,"guadarrama",12,11
"RipF",529,0,0,"guadarrama",12,11
"RockScreeVeg",46691,0,0,"guadarrama",12,11
"SMedMarF",5314,0,0,"guadarrama",12,11
"Shrub",3703,0,0,"guadarrama",12,11
"TempDecF",1436,0,0,"guadarrama",12,11
"WaterSurf",30,0,0,"guadarrama",12,11
"AlpConF",129960,0,0,"guadarrama",12,12
"AlpScrGr",172894,0,0,"guadarrama",12,12
"ArtSurf",1490,0,0,"guadarrama",12,12
"Grass",7028,0,0,"guadarrama",12,12
"MedSclF",3280,0,0,"guadarrama",12,12
"MedScrub",38947,0,0,"guadarrama",12,12
"Peatland",229,0,0,"guadarrama",12,12
"Reforestation",88133,0,0,"guadarrama",12,12
"RipF",529,0,0,"guadarrama",12,12
"RockScreeVeg",46691,0,0,"guadarrama",12,12
"SMedMarF",5314,0,0,"guadarrama",12,12
"Shrub",3703,0,0,"guadarrama",12,12
"TempDecF",1436,0,0,"guadarrama",12,12
"WaterSurf",30,0,0,"guadarrama",12,12
"ArtSurf",329,0,0,"cies",1,1
"AtlScrub",5686,0,0,"cies",1,1
"BareArea",3742,0,0,"cies",1,1
"Crop",3,0,0,"cies",1,1
"DuneSand",232,0,0,"cies",1,1
"Grass",1926,0,0,"cies",1,1
"HydroRipVeg",100,0,0,"cies",1,1
"MedSclF",18,0,0,"cies",1,1
"Reforestation",2902,0,0,"cies",1,1
"RipF",133,0,0,"cies",1,1
"RockScreeVeg",28,0,0,"cies",1,1
"SMedMarF",2,0,0,"cies",1,1
"SaltMar",253,0,0,"cies",1,1
"Shrub",772,0,0,"cies",1,1
"TempDecF",261,0,0,"cies",1,1
"WaterSurf",95,0,0,"cies",1,1
"ArtSurf",329,0,0,"cies",1,2
"AtlScrub",5686,0,0,"cies",1,2
"BareArea",3742,0,0,"cies",1,2
"Crop",3,0,0,"cies",1,2
"DuneSand",232,0,0,"cies",1,2
"Grass",1926,0,0,"cies",1,2
"HydroRipVeg",100,0,0,"cies",1,2
"MedSclF",18,0,0,"cies",1,2
"Reforestation",2902,0,0,"cies",1,2
"RipF",133,0,0,"cies",1,2
"RockScreeVeg",28,0,0,"cies",1,2
"SMedMarF",2,0,0,"cies",1,2
"SaltMar",253,0,0,"cies",1,2
"Shrub",772,0,0,"cies",1,2
"TempDecF",261,0,0,"cies",1,2
"WaterSurf",95,0,0,"cies",1,2
"ArtSurf",329,75,22.8,"cies",1,3
"AtlScrub",5686,1684,29.62,"cies",1,3
"BareArea",3742,95,2.54,"cies",1,3
"Crop",3,1,33.33,"cies",1,3
"DuneSand",232,5,2.16,"cies",1,3
"Grass",1926,562,29.18,"cies",1,3
"HydroRipVeg",100,4,4,"cies",1,3
"MedSclF",18,0,0,"cies",1,3
"Reforestation",2902,130,4.48,"cies",1,3
"RipF",133,38,28.57,"cies",1,3
"RockScreeVeg",28,16,57.14,"cies",1,3
"SMedMarF",2,0,0,"cies",1,3
"SaltMar",253,30,11.86,"cies",1,3
"Shrub",772,73,9.46,"cies",1,3
"TempDecF",261,1,0.38,"cies",1,3
"WaterSurf",95,0,0,"cies",1,3
"ArtSurf",329,0,0,"cies",1,4
"AtlScrub",5686,0,0,"cies",1,4
"BareArea",3742,0,0,"cies",1,4
"Crop",3,0,0,"cies",1,4
"DuneSand",232,0,0,"cies",1,4
"Grass",1926,0,0,"cies",1,4
"HydroRipVeg",100,0,0,"cies",1,4
"MedSclF",18,0,0,"cies",1,4
"Reforestation",2902,0,0,"cies",1,4
"RipF",133,0,0,"cies",1,4
"RockScreeVeg",28,0,0,"cies",1,4
"SMedMarF",2,0,0,"cies",1,4
"SaltMar",253,0,0,"cies",1,4
"Shrub",772,0,0,"cies",1,4
"TempDecF",261,0,0,"cies",1,4
"WaterSurf",95,0,0,"cies",1,4
"ArtSurf",329,0,0,"cies",1,5
"AtlScrub",5686,0,0,"cies",1,5
"BareArea",3742,0,0,"cies",1,5
"Crop",3,0,0,"cies",1,5
"DuneSand",232,0,0,"cies",1,5
"Grass",1926,0,0,"cies",1,5
"HydroRipVeg",100,0,0,"cies",1,5
"MedSclF",18,0,0,"cies",1,5
"Reforestation",2902,0,0,"cies",1,5
"RipF",133,0,0,"cies",1,5
"RockScreeVeg",28,0,0,"cies",1,5
"SMedMarF",2,0,0,"cies",1,5
"SaltMar",253,0,0,"cies",1,5
"Shrub",772,0,0,"cies",1,5
"TempDecF",261,0,0,"cies",1,5
"WaterSurf",95,0,0,"cies",1,5
"ArtSurf",329,0,0,"cies",1,6
"AtlScrub",5686,0,0,"cies",1,6
"BareArea",3742,0,0,"cies",1,6
"Crop",3,0,0,"cies",1,6
"DuneSand",232,0,0,"cies",1,6
"Grass",1926,0,0,"cies",1,6
"HydroRipVeg",100,0,0,"cies",1,6
"MedSclF",18,0,0,"cies",1,6
"Reforestation",2902,0,0,"cies",1,6
"RipF",133,0,0,"cies",1,6
"RockScreeVeg",28,0,0,"cies",1,6
"SMedMarF",2,0,0,"cies",1,6
"SaltMar",253,0,0,"cies",1,6
"Shrub",772,0,0,"cies",1,6
"TempDecF",261,0,0,"cies",1,6
"WaterSurf",95,0,0,"cies",1,6
"ArtSurf",329,0,0,"cies",1,7
"AtlScrub",5686,0,0,"cies",1,7
"BareArea",3742,0,0,"cies",1,7
"Crop",3,0,0,"cies",1,7
"DuneSand",232,0,0,"cies",1,7
"Grass",1926,0,0,"cies",1,7
"HydroRipVeg",100,0,0,"cies",1,7
"MedSclF",18,0,0,"cies",1,7
"Reforestation",2902,0,0,"cies",1,7
"RipF",133,0,0,"cies",1,7
"RockScreeVeg",28,0,0,"cies",1,7
"SMedMarF",2,0,0,"cies",1,7
"SaltMar",253,0,0,"cies",1,7
"Shrub",772,0,0,"cies",1,7
"TempDecF",261,0,0,"cies",1,7
"WaterSurf",95,0,0,"cies",1,7
"ArtSurf",329,0,0,"cies",1,8
"AtlScrub",5686,0,0,"cies",1,8
"BareArea",3742,0,0,"cies",1,8
"Crop",3,0,0,"cies",1,8
"DuneSand",232,0,0,"cies",1,8
"Grass",1926,0,0,"cies",1,8
"HydroRipVeg",100,0,0,"cies",1,8
"MedSclF",18,0,0,"cies",1,8
"Reforestation",2902,0,0,"cies",1,8
"RipF",133,0,0,"cies",1,8
"RockScreeVeg",28,0,0,"cies",1,8
"SMedMarF",2,0,0,"cies",1,8
"SaltMar",253,0,0,"cies",1,8
"Shrub",772,0,0,"cies",1,8
"TempDecF",261,0,0,"cies",1,8
"WaterSurf",95,0,0,"cies",1,8
"ArtSurf",329,0,0,"cies",1,9
"AtlScrub",5686,0,0,"cies",1,9
"BareArea",3742,0,0,"cies",1,9
"Crop",3,0,0,"cies",1,9
"DuneSand",232,0,0,"cies",1,9
"Grass",1926,0,0,"cies",1,9
"HydroRipVeg",100,0,0,"cies",1,9
"MedSclF",18,0,0,"cies",1,9
"Reforestation",2902,0,0,"cies",1,9
"RipF",133,0,0,"cies",1,9
"RockScreeVeg",28,0,0,"cies",1,9
"SMedMarF",2,0,0,"cies",1,9
"SaltMar",253,0,0,"cies",1,9
"Shrub",772,0,0,"cies",1,9
"TempDecF",261,0,0,"cies",1,9
"WaterSurf",95,0,0,"cies",1,9
"ArtSurf",329,0,0,"cies",1,10
"AtlScrub",5686,0,0,"cies",1,10
"BareArea",3742,0,0,"cies",1,10
"Crop",3,0,0,"cies",1,10
"DuneSand",232,0,0,"cies",1,10
"Grass",1926,0,0,"cies",1,10
"HydroRipVeg",100,0,0,"cies",1,10
"MedSclF",18,0,0,"cies",1,10
"Reforestation",2902,0,0,"cies",1,10
"RipF",133,0,0,"cies",1,10
"RockScreeVeg",28,0,0,"cies",1,10
"SMedMarF",2,0,0,"cies",1,10
"SaltMar",253,0,0,"cies",1,10
"Shrub",772,0,0,"cies",1,10
"TempDecF",261,0,0,"cies",1,10
"WaterSurf",95,0,0,"cies",1,10
"ArtSurf",329,0,0,"cies",1,11
"AtlScrub",5686,0,0,"cies",1,11
"BareArea",3742,1,0.03,"cies",1,11
"Crop",3,0,0,"cies",1,11
"DuneSand",232,0,0,"cies",1,11
"Grass",1926,0,0,"cies",1,11
"HydroRipVeg",100,0,0,"cies",1,11
"MedSclF",18,0,0,"cies",1,11
"Reforestation",2902,0,0,"cies",1,11
"RipF",133,0,0,"cies",1,11
"RockScreeVeg",28,0,0,"cies",1,11
"SMedMarF",2,0,0,"cies",1,11
"SaltMar",253,0,0,"cies",1,11
"Shrub",772,0,0,"cies",1,11
"TempDecF",261,0,0,"cies",1,11
"WaterSurf",95,0,0,"cies",1,11
"ArtSurf",329,0,0,"cies",1,12
"AtlScrub",5686,0,0,"cies",1,12
"BareArea",3742,0,0,"cies",1,12
"Crop",3,0,0,"cies",1,12
"DuneSand",232,0,0,"cies",1,12
"Grass",1926,0,0,"cies",1,12
"HydroRipVeg",100,0,0,"cies",1,12
"MedSclF",18,0,0,"cies",1,12
"Reforestation",2902,0,0,"cies",1,12
"RipF",133,0,0,"cies",1,12
"RockScreeVeg",28,0,0,"cies",1,12
"SMedMarF",2,0,0,"cies",1,12
"SaltMar",253,0,0,"cies",1,12
"Shrub",772,0,0,"cies",1,12
"TempDecF",261,0,0,"cies",1,12
"WaterSurf",95,0,0,"cies",1,12
"ArtSurf",329,0,0,"cies",3,1
"AtlScrub",5686,3,0.05,"cies",3,1
"BareArea",3742,0,0,"cies",3,1
"Crop",3,0,0,"cies",3,1
"DuneSand",232,0,0,"cies",3,1
"Grass",1926,4,0.21,"cies",3,1
"HydroRipVeg",100,0,0,"cies",3,1
"MedSclF",18,0,0,"cies",3,1
"Reforestation",2902,0,0,"cies",3,1
"RipF",133,0,0,"cies",3,1
"RockScreeVeg",28,0,0,"cies",3,1
"SMedMarF",2,0,0,"cies",3,1
"SaltMar",253,0,0,"cies",3,1
"Shrub",772,1,0.13,"cies",3,1
"TempDecF",261,0,0,"cies",3,1
"WaterSurf",95,0,0,"cies",3,1
"ArtSurf",329,0,0,"cies",3,2
"AtlScrub",5686,0,0,"cies",3,2
"BareArea",3742,0,0,"cies",3,2
"Crop",3,0,0,"cies",3,2
"DuneSand",232,0,0,"cies",3,2
"Grass",1926,0,0,"cies",3,2
"HydroRipVeg",100,0,0,"cies",3,2
"MedSclF",18,0,0,"cies",3,2
"Reforestation",2902,0,0,"cies",3,2
"RipF",133,0,0,"cies",3,2
"RockScreeVeg",28,0,0,"cies",3,2
"SMedMarF",2,0,0,"cies",3,2
"SaltMar",253,0,0,"cies",3,2
"Shrub",772,0,0,"cies",3,2
"TempDecF",261,0,0,"cies",3,2
"WaterSurf",95,0,0,"cies",3,2
"ArtSurf",329,0,0,"cies",3,3
"AtlScrub",5686,0,0,"cies",3,3
"BareArea",3742,0,0,"cies",3,3
"Crop",3,0,0,"cies",3,3
"DuneSand",232,0,0,"cies",3,3
"Grass",1926,0,0,"cies",3,3
"HydroRipVeg",100,0,0,"cies",3,3
"MedSclF",18,0,0,"cies",3,3
"Reforestation",2902,0,0,"cies",3,3
"RipF",133,0,0,"cies",3,3
"RockScreeVeg",28,0,0,"cies",3,3
"SMedMarF",2,0,0,"cies",3,3
"SaltMar",253,0,0,"cies",3,3
"Shrub",772,0,0,"cies",3,3
"TempDecF",261,0,0,"cies",3,3
"WaterSurf",95,0,0,"cies",3,3
"ArtSurf",329,0,0,"cies",3,4
"AtlScrub",5686,0,0,"cies",3,4
"BareArea",3742,0,0,"cies",3,4
"Crop",3,0,0,"cies",3,4
"DuneSand",232,0,0,"cies",3,4
"Grass",1926,0,0,"cies",3,4
"HydroRipVeg",100,0,0,"cies",3,4
"MedSclF",18,0,0,"cies",3,4
"Reforestation",2902,0,0,"cies",3,4
"RipF",133,0,0,"cies",3,4
"RockScreeVeg",28,0,0,"cies",3,4
"SMedMarF",2,0,0,"cies",3,4
"SaltMar",253,0,0,"cies",3,4
"Shrub",772,0,0,"cies",3,4
"TempDecF",261,0,0,"cies",3,4
"WaterSurf",95,0,0,"cies",3,4
"ArtSurf",329,0,0,"cies",3,5
"AtlScrub",5686,0,0,"cies",3,5
"BareArea",3742,0,0,"cies",3,5
"Crop",3,0,0,"cies",3,5
"DuneSand",232,0,0,"cies",3,5
"Grass",1926,0,0,"cies",3,5
"HydroRipVeg",100,0,0,"cies",3,5
"MedSclF",18,0,0,"cies",3,5
"Reforestation",2902,0,0,"cies",3,5
"RipF",133,0,0,"cies",3,5
"RockScreeVeg",28,0,0,"cies",3,5
"SMedMarF",2,0,0,"cies",3,5
"SaltMar",253,0,0,"cies",3,5
"Shrub",772,0,0,"cies",3,5
"TempDecF",261,0,0,"cies",3,5
"WaterSurf",95,0,0,"cies",3,5
"ArtSurf",329,0,0,"cies",3,6
"AtlScrub",5686,0,0,"cies",3,6
"BareArea",3742,0,0,"cies",3,6
"Crop",3,0,0,"cies",3,6
"DuneSand",232,0,0,"cies",3,6
"Grass",1926,0,0,"cies",3,6
"HydroRipVeg",100,0,0,"cies",3,6
"MedSclF",18,0,0,"cies",3,6
"Reforestation",2902,0,0,"cies",3,6
"RipF",133,0,0,"cies",3,6
"RockScreeVeg",28,0,0,"cies",3,6
"SMedMarF",2,0,0,"cies",3,6
"SaltMar",253,0,0,"cies",3,6
"Shrub",772,0,0,"cies",3,6
"TempDecF",261,0,0,"cies",3,6
"WaterSurf",95,0,0,"cies",3,6
"ArtSurf",329,0,0,"cies",3,7
"AtlScrub",5686,0,0,"cies",3,7
"BareArea",3742,0,0,"cies",3,7
"Crop",3,0,0,"cies",3,7
"DuneSand",232,0,0,"cies",3,7
"Grass",1926,0,0,"cies",3,7
"HydroRipVeg",100,0,0,"cies",3,7
"MedSclF",18,0,0,"cies",3,7
"Reforestation",2902,0,0,"cies",3,7
"RipF",133,0,0,"cies",3,7
"RockScreeVeg",28,0,0,"cies",3,7
"SMedMarF",2,0,0,"cies",3,7
"SaltMar",253,0,0,"cies",3,7
"Shrub",772,0,0,"cies",3,7
"TempDecF",261,0,0,"cies",3,7
"WaterSurf",95,0,0,"cies",3,7
"ArtSurf",329,0,0,"cies",3,8
"AtlScrub",5686,0,0,"cies",3,8
"BareArea",3742,3,0.08,"cies",3,8
"Crop",3,0,0,"cies",3,8
"DuneSand",232,0,0,"cies",3,8
"Grass",1926,2,0.1,"cies",3,8
"HydroRipVeg",100,0,0,"cies",3,8
"MedSclF",18,0,0,"cies",3,8
"Reforestation",2902,0,0,"cies",3,8
"RipF",133,0,0,"cies",3,8
"RockScreeVeg",28,0,0,"cies",3,8
"SMedMarF",2,0,0,"cies",3,8
"SaltMar",253,0,0,"cies",3,8
"Shrub",772,0,0,"cies",3,8
"TempDecF",261,0,0,"cies",3,8
"WaterSurf",95,0,0,"cies",3,8
"ArtSurf",329,0,0,"cies",3,9
"AtlScrub",5686,0,0,"cies",3,9
"BareArea",3742,0,0,"cies",3,9
"Crop",3,0,0,"cies",3,9
"DuneSand",232,0,0,"cies",3,9
"Grass",1926,0,0,"cies",3,9
"HydroRipVeg",100,0,0,"cies",3,9
"MedSclF",18,0,0,"cies",3,9
"Reforestation",2902,0,0,"cies",3,9
"RipF",133,0,0,"cies",3,9
"RockScreeVeg",28,0,0,"cies",3,9
"SMedMarF",2,0,0,"cies",3,9
"SaltMar",253,0,0,"cies",3,9
"Shrub",772,0,0,"cies",3,9
"TempDecF",261,0,0,"cies",3,9
"WaterSurf",95,0,0,"cies",3,9
"ArtSurf",329,0,0,"cies",3,10
"AtlScrub",5686,0,0,"cies",3,10
"BareArea",3742,0,0,"cies",3,10
"Crop",3,0,0,"cies",3,10
"DuneSand",232,0,0,"cies",3,10
"Grass",1926,0,0,"cies",3,10
"HydroRipVeg",100,0,0,"cies",3,10
"MedSclF",18,0,0,"cies",3,10
"Reforestation",2902,0,0,"cies",3,10
"RipF",133,0,0,"cies",3,10
"RockScreeVeg",28,0,0,"cies",3,10
"SMedMarF",2,0,0,"cies",3,10
"SaltMar",253,0,0,"cies",3,10
"Shrub",772,0,0,"cies",3,10
"TempDecF",261,0,0,"cies",3,10
"WaterSurf",95,0,0,"cies",3,10
"ArtSurf",329,0,0,"cies",3,11
"AtlScrub",5686,0,0,"cies",3,11
"BareArea",3742,0,0,"cies",3,11
"Crop",3,0,0,"cies",3,11
"DuneSand",232,0,0,"cies",3,11
"Grass",1926,0,0,"cies",3,11
"HydroRipVeg",100,0,0,"cies",3,11
"MedSclF",18,0,0,"cies",3,11
"Reforestation",2902,0,0,"cies",3,11
"RipF",133,0,0,"cies",3,11
"RockScreeVeg",28,0,0,"cies",3,11
"SMedMarF",2,0,0,"cies",3,11
"SaltMar",253,0,0,"cies",3,11
"Shrub",772,0,0,"cies",3,11
"TempDecF",261,0,0,"cies",3,11
"WaterSurf",95,0,0,"cies",3,11
"ArtSurf",329,0,0,"cies",3,12
"AtlScrub",5686,0,0,"cies",3,12
"BareArea",3742,0,0,"cies",3,12
"Crop",3,0,0,"cies",3,12
"DuneSand",232,0,0,"cies",3,12
"Grass",1926,0,0,"cies",3,12
"HydroRipVeg",100,0,0,"cies",3,12
"MedSclF",18,0,0,"cies",3,12
"Reforestation",2902,0,0,"cies",3,12
"RipF",133,0,0,"cies",3,12
"RockScreeVeg",28,0,0,"cies",3,12
"SMedMarF",2,0,0,"cies",3,12
"SaltMar",253,0,0,"cies",3,12
"Shrub",772,0,0,"cies",3,12
"TempDecF",261,0,0,"cies",3,12
"WaterSurf",95,0,0,"cies",3,12
"ArtSurf",329,0,0,"cies",6,1
"AtlScrub",5686,0,0,"cies",6,1
"BareArea",3742,0,0,"cies",6,1
"Crop",3,0,0,"cies",6,1
"DuneSand",232,0,0,"cies",6,1
"Grass",1926,0,0,"cies",6,1
"HydroRipVeg",100,0,0,"cies",6,1
"MedSclF",18,0,0,"cies",6,1
"Reforestation",2902,0,0,"cies",6,1
"RipF",133,0,0,"cies",6,1
"RockScreeVeg",28,0,0,"cies",6,1
"SMedMarF",2,0,0,"cies",6,1
"SaltMar",253,0,0,"cies",6,1
"Shrub",772,0,0,"cies",6,1
"TempDecF",261,0,0,"cies",6,1
"WaterSurf",95,0,0,"cies",6,1
"ArtSurf",329,0,0,"cies",6,2
"AtlScrub",5686,0,0,"cies",6,2
"BareArea",3742,0,0,"cies",6,2
"Crop",3,0,0,"cies",6,2
"DuneSand",232,0,0,"cies",6,2
"Grass",1926,0,0,"cies",6,2
"HydroRipVeg",100,0,0,"cies",6,2
"MedSclF",18,0,0,"cies",6,2
"Reforestation",2902,0,0,"cies",6,2
"RipF",133,0,0,"cies",6,2
"RockScreeVeg",28,0,0,"cies",6,2
"SMedMarF",2,0,0,"cies",6,2
"SaltMar",253,0,0,"cies",6,2
"Shrub",772,0,0,"cies",6,2
"TempDecF",261,0,0,"cies",6,2
"WaterSurf",95,0,0,"cies",6,2
"ArtSurf",329,0,0,"cies",6,3
"AtlScrub",5686,0,0,"cies",6,3
"BareArea",3742,0,0,"cies",6,3
"Crop",3,0,0,"cies",6,3
"DuneSand",232,0,0,"cies",6,3
"Grass",1926,0,0,"cies",6,3
"HydroRipVeg",100,0,0,"cies",6,3
"MedSclF",18,0,0,"cies",6,3
"Reforestation",2902,0,0,"cies",6,3
"RipF",133,0,0,"cies",6,3
"RockScreeVeg",28,0,0,"cies",6,3
"SMedMarF",2,0,0,"cies",6,3
"SaltMar",253,0,0,"cies",6,3
"Shrub",772,0,0,"cies",6,3
"TempDecF",261,0,0,"cies",6,3
"WaterSurf",95,0,0,"cies",6,3
"ArtSurf",329,0,0,"cies",6,4
"AtlScrub",5686,0,0,"cies",6,4
"BareArea",3742,0,0,"cies",6,4
"Crop",3,0,0,"cies",6,4
"DuneSand",232,0,0,"cies",6,4
"Grass",1926,0,0,"cies",6,4
"HydroRipVeg",100,0,0,"cies",6,4
"MedSclF",18,0,0,"cies",6,4
"Reforestation",2902,0,0,"cies",6,4
"RipF",133,0,0,"cies",6,4
"RockScreeVeg",28,0,0,"cies",6,4
"SMedMarF",2,0,0,"cies",6,4
"SaltMar",253,0,0,"cies",6,4
"Shrub",772,0,0,"cies",6,4
"TempDecF",261,0,0,"cies",6,4
"WaterSurf",95,0,0,"cies",6,4
"ArtSurf",329,0,0,"cies",6,5
"AtlScrub",5686,0,0,"cies",6,5
"BareArea",3742,0,0,"cies",6,5
"Crop",3,0,0,"cies",6,5
"DuneSand",232,0,0,"cies",6,5
"Grass",1926,0,0,"cies",6,5
"HydroRipVeg",100,0,0,"cies",6,5
"MedSclF",18,0,0,"cies",6,5
"Reforestation",2902,0,0,"cies",6,5
"RipF",133,0,0,"cies",6,5
"RockScreeVeg",28,0,0,"cies",6,5
"SMedMarF",2,0,0,"cies",6,5
"SaltMar",253,0,0,"cies",6,5
"Shrub",772,0,0,"cies",6,5
"TempDecF",261,0,0,"cies",6,5
"WaterSurf",95,0,0,"cies",6,5
"ArtSurf",329,0,0,"cies",6,6
"AtlScrub",5686,0,0,"cies",6,6
"BareArea",3742,0,0,"cies",6,6
"Crop",3,0,0,"cies",6,6
"DuneSand",232,0,0,"cies",6,6
"Grass",1926,0,0,"cies",6,6
"HydroRipVeg",100,0,0,"cies",6,6
"MedSclF",18,0,0,"cies",6,6
"Reforestation",2902,0,0,"cies",6,6
"RipF",133,0,0,"cies",6,6
"RockScreeVeg",28,0,0,"cies",6,6
"SMedMarF",2,0,0,"cies",6,6
"SaltMar",253,0,0,"cies",6,6
"Shrub",772,0,0,"cies",6,6
"TempDecF",261,0,0,"cies",6,6
"WaterSurf",95,0,0,"cies",6,6
"ArtSurf",329,0,0,"cies",6,7
"AtlScrub",5686,0,0,"cies",6,7
"BareArea",3742,0,0,"cies",6,7
"Crop",3,0,0,"cies",6,7
"DuneSand",232,0,0,"cies",6,7
"Grass",1926,0,0,"cies",6,7
"HydroRipVeg",100,0,0,"cies",6,7
"MedSclF",18,0,0,"cies",6,7
"Reforestation",2902,0,0,"cies",6,7
"RipF",133,0,0,"cies",6,7
"RockScreeVeg",28,0,0,"cies",6,7
"SMedMarF",2,0,0,"cies",6,7
"SaltMar",253,0,0,"cies",6,7
"Shrub",772,0,0,"cies",6,7
"TempDecF",261,0,0,"cies",6,7
"WaterSurf",95,0,0,"cies",6,7
"ArtSurf",329,0,0,"cies",6,8
"AtlScrub",5686,0,0,"cies",6,8
"BareArea",3742,0,0,"cies",6,8
"Crop",3,0,0,"cies",6,8
"DuneSand",232,0,0,"cies",6,8
"Grass",1926,0,0,"cies",6,8
"HydroRipVeg",100,0,0,"cies",6,8
"MedSclF",18,0,0,"cies",6,8
"Reforestation",2902,0,0,"cies",6,8
"RipF",133,0,0,"cies",6,8
"RockScreeVeg",28,0,0,"cies",6,8
"SMedMarF",2,0,0,"cies",6,8
"SaltMar",253,0,0,"cies",6,8
"Shrub",772,0,0,"cies",6,8
"TempDecF",261,0,0,"cies",6,8
"WaterSurf",95,0,0,"cies",6,8
"ArtSurf",329,0,0,"cies",6,9
"AtlScrub",5686,0,0,"cies",6,9
"BareArea",3742,0,0,"cies",6,9
"Crop",3,0,0,"cies",6,9
"DuneSand",232,0,0,"cies",6,9
"Grass",1926,0,0,"cies",6,9
"HydroRipVeg",100,0,0,"cies",6,9
"MedSclF",18,0,0,"cies",6,9
"Reforestation",2902,0,0,"cies",6,9
"RipF",133,0,0,"cies",6,9
"RockScreeVeg",28,0,0,"cies",6,9
"SMedMarF",2,0,0,"cies",6,9
"SaltMar",253,0,0,"cies",6,9
"Shrub",772,0,0,"cies",6,9
"TempDecF",261,0,0,"cies",6,9
"WaterSurf",95,0,0,"cies",6,9
"ArtSurf",329,0,0,"cies",6,10
"AtlScrub",5686,0,0,"cies",6,10
"BareArea",3742,0,0,"cies",6,10
"Crop",3,0,0,"cies",6,10
"DuneSand",232,0,0,"cies",6,10
"Grass",1926,0,0,"cies",6,10
"HydroRipVeg",100,0,0,"cies",6,10
"MedSclF",18,0,0,"cies",6,10
"Reforestation",2902,0,0,"cies",6,10
"RipF",133,0,0,"cies",6,10
"RockScreeVeg",28,0,0,"cies",6,10
"SMedMarF",2,0,0,"cies",6,10
"SaltMar",253,0,0,"cies",6,10
"Shrub",772,0,0,"cies",6,10
"TempDecF",261,0,0,"cies",6,10
"WaterSurf",95,0,0,"cies",6,10
"ArtSurf",329,0,0,"cies",6,11
"AtlScrub",5686,0,0,"cies",6,11
"BareArea",3742,0,0,"cies",6,11
"Crop",3,0,0,"cies",6,11
"DuneSand",232,0,0,"cies",6,11
"Grass",1926,0,0,"cies",6,11
"HydroRipVeg",100,0,0,"cies",6,11
"MedSclF",18,0,0,"cies",6,11
"Reforestation",2902,0,0,"cies",6,11
"RipF",133,0,0,"cies",6,11
"RockScreeVeg",28,0,0,"cies",6,11
"SMedMarF",2,0,0,"cies",6,11
"SaltMar",253,0,0,"cies",6,11
"Shrub",772,0,0,"cies",6,11
"TempDecF",261,0,0,"cies",6,11
"WaterSurf",95,0,0,"cies",6,11
"ArtSurf",329,0,0,"cies",6,12
"AtlScrub",5686,0,0,"cies",6,12
"BareArea",3742,0,0,"cies",6,12
"Crop",3,0,0,"cies",6,12
"DuneSand",232,0,0,"cies",6,12
"Grass",1926,0,0,"cies",6,12
"HydroRipVeg",100,0,0,"cies",6,12
"MedSclF",18,0,0,"cies",6,12
"Reforestation",2902,0,0,"cies",6,12
"RipF",133,0,0,"cies",6,12
"RockScreeVeg",28,0,0,"cies",6,12
"SMedMarF",2,0,0,"cies",6,12
"SaltMar",253,0,0,"cies",6,12
"Shrub",772,0,0,"cies",6,12
"TempDecF",261,0,0,"cies",6,12
"WaterSurf",95,0,0,"cies",6,12
"ArtSurf",329,0,0,"cies",9,1
"AtlScrub",5686,0,0,"cies",9,1
"BareArea",3742,0,0,"cies",9,1
"Crop",3,0,0,"cies",9,1
"DuneSand",232,0,0,"cies",9,1
"Grass",1926,0,0,"cies",9,1
"HydroRipVeg",100,0,0,"cies",9,1
"MedSclF",18,0,0,"cies",9,1
"Reforestation",2902,0,0,"cies",9,1
"RipF",133,0,0,"cies",9,1
"RockScreeVeg",28,0,0,"cies",9,1
"SMedMarF",2,0,0,"cies",9,1
"SaltMar",253,0,0,"cies",9,1
"Shrub",772,0,0,"cies",9,1
"TempDecF",261,0,0,"cies",9,1
"WaterSurf",95,0,0,"cies",9,1
"ArtSurf",329,0,0,"cies",9,2
"AtlScrub",5686,0,0,"cies",9,2
"BareArea",3742,0,0,"cies",9,2
"Crop",3,0,0,"cies",9,2
"DuneSand",232,0,0,"cies",9,2
"Grass",1926,0,0,"cies",9,2
"HydroRipVeg",100,0,0,"cies",9,2
"MedSclF",18,0,0,"cies",9,2
"Reforestation",2902,0,0,"cies",9,2
"RipF",133,0,0,"cies",9,2
"RockScreeVeg",28,0,0,"cies",9,2
"SMedMarF",2,0,0,"cies",9,2
"SaltMar",253,0,0,"cies",9,2
"Shrub",772,0,0,"cies",9,2
"TempDecF",261,0,0,"cies",9,2
"WaterSurf",95,0,0,"cies",9,2
"ArtSurf",329,0,0,"cies",9,3
"AtlScrub",5686,0,0,"cies",9,3
"BareArea",3742,0,0,"cies",9,3
"Crop",3,0,0,"cies",9,3
"DuneSand",232,0,0,"cies",9,3
"Grass",1926,0,0,"cies",9,3
"HydroRipVeg",100,0,0,"cies",9,3
"MedSclF",18,0,0,"cies",9,3
"Reforestation",2902,0,0,"cies",9,3
"RipF",133,0,0,"cies",9,3
"RockScreeVeg",28,0,0,"cies",9,3
"SMedMarF",2,0,0,"cies",9,3
"SaltMar",253,0,0,"cies",9,3
"Shrub",772,0,0,"cies",9,3
"TempDecF",261,0,0,"cies",9,3
"WaterSurf",95,0,0,"cies",9,3
"ArtSurf",329,0,0,"cies",9,4
"AtlScrub",5686,0,0,"cies",9,4
"BareArea",3742,0,0,"cies",9,4
"Crop",3,0,0,"cies",9,4
"DuneSand",232,0,0,"cies",9,4
"Grass",1926,0,0,"cies",9,4
"HydroRipVeg",100,0,0,"cies",9,4
"MedSclF",18,0,0,"cies",9,4
"Reforestation",2902,0,0,"cies",9,4
"RipF",133,0,0,"cies",9,4
"RockScreeVeg",28,0,0,"cies",9,4
"SMedMarF",2,0,0,"cies",9,4
"SaltMar",253,0,0,"cies",9,4
"Shrub",772,0,0,"cies",9,4
"TempDecF",261,0,0,"cies",9,4
"WaterSurf",95,0,0,"cies",9,4
"ArtSurf",329,0,0,"cies",9,5
"AtlScrub",5686,0,0,"cies",9,5
"BareArea",3742,0,0,"cies",9,5
"Crop",3,0,0,"cies",9,5
"DuneSand",232,0,0,"cies",9,5
"Grass",1926,0,0,"cies",9,5
"HydroRipVeg",100,0,0,"cies",9,5
"MedSclF",18,0,0,"cies",9,5
"Reforestation",2902,0,0,"cies",9,5
"RipF",133,0,0,"cies",9,5
"RockScreeVeg",28,0,0,"cies",9,5
"SMedMarF",2,0,0,"cies",9,5
"SaltMar",253,0,0,"cies",9,5
"Shrub",772,0,0,"cies",9,5
"TempDecF",261,0,0,"cies",9,5
"WaterSurf",95,0,0,"cies",9,5
"ArtSurf",329,0,0,"cies",9,6
"AtlScrub",5686,0,0,"cies",9,6
"BareArea",3742,0,0,"cies",9,6
"Crop",3,0,0,"cies",9,6
"DuneSand",232,0,0,"cies",9,6
"Grass",1926,0,0,"cies",9,6
"HydroRipVeg",100,0,0,"cies",9,6
"MedSclF",18,0,0,"cies",9,6
"Reforestation",2902,0,0,"cies",9,6
"RipF",133,0,0,"cies",9,6
"RockScreeVeg",28,0,0,"cies",9,6
"SMedMarF",2,0,0,"cies",9,6
"SaltMar",253,0,0,"cies",9,6
"Shrub",772,0,0,"cies",9,6
"TempDecF",261,0,0,"cies",9,6
"WaterSurf",95,0,0,"cies",9,6
"ArtSurf",329,0,0,"cies",9,7
"AtlScrub",5686,0,0,"cies",9,7
"BareArea",3742,0,0,"cies",9,7
"Crop",3,0,0,"cies",9,7
"DuneSand",232,0,0,"cies",9,7
"Grass",1926,0,0,"cies",9,7
"HydroRipVeg",100,0,0,"cies",9,7
"MedSclF",18,0,0,"cies",9,7
"Reforestation",2902,0,0,"cies",9,7
"RipF",133,0,0,"cies",9,7
"RockScreeVeg",28,0,0,"cies",9,7
"SMedMarF",2,0,0,"cies",9,7
"SaltMar",253,0,0,"cies",9,7
"Shrub",772,0,0,"cies",9,7
"TempDecF",261,0,0,"cies",9,7
"WaterSurf",95,0,0,"cies",9,7
"ArtSurf",329,0,0,"cies",9,8
"AtlScrub",5686,0,0,"cies",9,8
"BareArea",3742,0,0,"cies",9,8
"Crop",3,0,0,"cies",9,8
"DuneSand",232,0,0,"cies",9,8
"Grass",1926,0,0,"cies",9,8
"HydroRipVeg",100,0,0,"cies",9,8
"MedSclF",18,0,0,"cies",9,8
"Reforestation",2902,0,0,"cies",9,8
"RipF",133,0,0,"cies",9,8
"RockScreeVeg",28,0,0,"cies",9,8
"SMedMarF",2,0,0,"cies",9,8
"SaltMar",253,0,0,"cies",9,8
"Shrub",772,0,0,"cies",9,8
"TempDecF",261,0,0,"cies",9,8
"WaterSurf",95,0,0,"cies",9,8
"ArtSurf",329,0,0,"cies",9,9
"AtlScrub",5686,0,0,"cies",9,9
"BareArea",3742,0,0,"cies",9,9
"Crop",3,0,0,"cies",9,9
"DuneSand",232,0,0,"cies",9,9
"Grass",1926,0,0,"cies",9,9
"HydroRipVeg",100,0,0,"cies",9,9
"MedSclF",18,0,0,"cies",9,9
"Reforestation",2902,0,0,"cies",9,9
"RipF",133,0,0,"cies",9,9
"RockScreeVeg",28,0,0,"cies",9,9
"SMedMarF",2,0,0,"cies",9,9
"SaltMar",253,0,0,"cies",9,9
"Shrub",772,0,0,"cies",9,9
"TempDecF",261,0,0,"cies",9,9
"WaterSurf",95,0,0,"cies",9,9
"ArtSurf",329,0,0,"cies",9,10
"AtlScrub",5686,0,0,"cies",9,10
"BareArea",3742,0,0,"cies",9,10
"Crop",3,0,0,"cies",9,10
"DuneSand",232,0,0,"cies",9,10
"Grass",1926,0,0,"cies",9,10
"HydroRipVeg",100,0,0,"cies",9,10
"MedSclF",18,0,0,"cies",9,10
"Reforestation",2902,0,0,"cies",9,10
"RipF",133,0,0,"cies",9,10
"RockScreeVeg",28,0,0,"cies",9,10
"SMedMarF",2,0,0,"cies",9,10
"SaltMar",253,0,0,"cies",9,10
"Shrub",772,0,0,"cies",9,10
"TempDecF",261,0,0,"cies",9,10
"WaterSurf",95,0,0,"cies",9,10
"ArtSurf",329,0,0,"cies",9,11
"AtlScrub",5686,0,0,"cies",9,11
"BareArea",3742,0,0,"cies",9,11
"Crop",3,0,0,"cies",9,11
"DuneSand",232,0,0,"cies",9,11
"Grass",1926,0,0,"cies",9,11
"HydroRipVeg",100,0,0,"cies",9,11
"MedSclF",18,0,0,"cies",9,11
"Reforestation",2902,0,0,"cies",9,11
"RipF",133,0,0,"cies",9,11
"RockScreeVeg",28,0,0,"cies",9,11
"SMedMarF",2,0,0,"cies",9,11
"SaltMar",253,0,0,"cies",9,11
"Shrub",772,0,0,"cies",9,11
"TempDecF",261,0,0,"cies",9,11
"WaterSurf",95,0,0,"cies",9,11
"ArtSurf",329,0,0,"cies",9,12
"AtlScrub",5686,0,0,"cies",9,12
"BareArea",3742,0,0,"cies",9,12
"Crop",3,0,0,"cies",9,12
"DuneSand",232,0,0,"cies",9,12
"Grass",1926,0,0,"cies",9,12
"HydroRipVeg",100,0,0,"cies",9,12
"MedSclF",18,0,0,"cies",9,12
"Reforestation",2902,0,0,"cies",9,12
"RipF",133,0,0,"cies",9,12
"RockScreeVeg",28,0,0,"cies",9,12
"SMedMarF",2,0,0,"cies",9,12
"SaltMar",253,0,0,"cies",9,12
"Shrub",772,0,0,"cies",9,12
"TempDecF",261,0,0,"cies",9,12
"WaterSurf",95,0,0,"cies",9,12
"ArtSurf",329,0,0,"cies",12,1
"AtlScrub",5686,0,0,"cies",12,1
"BareArea",3742,0,0,"cies",12,1
"Crop",3,0,0,"cies",12,1
"DuneSand",232,0,0,"cies",12,1
"Grass",1926,0,0,"cies",12,1
"HydroRipVeg",100,0,0,"cies",12,1
"MedSclF",18,0,0,"cies",12,1
"Reforestation",2902,0,0,"cies",12,1
"RipF",133,0,0,"cies",12,1
"RockScreeVeg",28,0,0,"cies",12,1
"SMedMarF",2,0,0,"cies",12,1
"SaltMar",253,0,0,"cies",12,1
"Shrub",772,0,0,"cies",12,1
"TempDecF",261,0,0,"cies",12,1
"WaterSurf",95,0,0,"cies",12,1
"ArtSurf",329,0,0,"cies",12,2
"AtlScrub",5686,0,0,"cies",12,2
"BareArea",3742,0,0,"cies",12,2
"Crop",3,0,0,"cies",12,2
"DuneSand",232,0,0,"cies",12,2
"Grass",1926,0,0,"cies",12,2
"HydroRipVeg",100,0,0,"cies",12,2
"MedSclF",18,0,0,"cies",12,2
"Reforestation",2902,0,0,"cies",12,2
"RipF",133,0,0,"cies",12,2
"RockScreeVeg",28,0,0,"cies",12,2
"SMedMarF",2,0,0,"cies",12,2
"SaltMar",253,0,0,"cies",12,2
"Shrub",772,0,0,"cies",12,2
"TempDecF",261,0,0,"cies",12,2
"WaterSurf",95,0,0,"cies",12,2
"ArtSurf",329,0,0,"cies",12,3
"AtlScrub",5686,0,0,"cies",12,3
"BareArea",3742,0,0,"cies",12,3
"Crop",3,0,0,"cies",12,3
"DuneSand",232,0,0,"cies",12,3
"Grass",1926,0,0,"cies",12,3
"HydroRipVeg",100,0,0,"cies",12,3
"MedSclF",18,0,0,"cies",12,3
"Reforestation",2902,0,0,"cies",12,3
"RipF",133,0,0,"cies",12,3
"RockScreeVeg",28,0,0,"cies",12,3
"SMedMarF",2,0,0,"cies",12,3
"SaltMar",253,0,0,"cies",12,3
"Shrub",772,0,0,"cies",12,3
"TempDecF",261,0,0,"cies",12,3
"WaterSurf",95,0,0,"cies",12,3
"ArtSurf",329,0,0,"cies",12,4
"AtlScrub",5686,0,0,"cies",12,4
"BareArea",3742,0,0,"cies",12,4
"Crop",3,0,0,"cies",12,4
"DuneSand",232,0,0,"cies",12,4
"Grass",1926,0,0,"cies",12,4
"HydroRipVeg",100,0,0,"cies",12,4
"MedSclF",18,0,0,"cies",12,4
"Reforestation",2902,0,0,"cies",12,4
"RipF",133,0,0,"cies",12,4
"RockScreeVeg",28,0,0,"cies",12,4
"SMedMarF",2,0,0,"cies",12,4
"SaltMar",253,0,0,"cies",12,4
"Shrub",772,0,0,"cies",12,4
"TempDecF",261,0,0,"cies",12,4
"WaterSurf",95,0,0,"cies",12,4
"ArtSurf",329,0,0,"cies",12,5
"AtlScrub",5686,0,0,"cies",12,5
"BareArea",3742,0,0,"cies",12,5
"Crop",3,0,0,"cies",12,5
"DuneSand",232,0,0,"cies",12,5
"Grass",1926,0,0,"cies",12,5
"HydroRipVeg",100,0,0,"cies",12,5
"MedSclF",18,0,0,"cies",12,5
"Reforestation",2902,0,0,"cies",12,5
"RipF",133,0,0,"cies",12,5
"RockScreeVeg",28,0,0,"cies",12,5
"SMedMarF",2,0,0,"cies",12,5
"SaltMar",253,0,0,"cies",12,5
"Shrub",772,0,0,"cies",12,5
"TempDecF",261,0,0,"cies",12,5
"WaterSurf",95,0,0,"cies",12,5
"ArtSurf",329,0,0,"cies",12,6
"AtlScrub",5686,0,0,"cies",12,6
"BareArea",3742,0,0,"cies",12,6
"Crop",3,0,0,"cies",12,6
"DuneSand",232,0,0,"cies",12,6
"Grass",1926,0,0,"cies",12,6
"HydroRipVeg",100,0,0,"cies",12,6
"MedSclF",18,0,0,"cies",12,6
"Reforestation",2902,0,0,"cies",12,6
"RipF",133,0,0,"cies",12,6
"RockScreeVeg",28,0,0,"cies",12,6
"SMedMarF",2,0,0,"cies",12,6
"SaltMar",253,0,0,"cies",12,6
"Shrub",772,0,0,"cies",12,6
"TempDecF",261,0,0,"cies",12,6
"WaterSurf",95,0,0,"cies",12,6
"ArtSurf",329,0,0,"cies",12,7
"AtlScrub",5686,0,0,"cies",12,7
"BareArea",3742,0,0,"cies",12,7
"Crop",3,0,0,"cies",12,7
"DuneSand",232,0,0,"cies",12,7
"Grass",1926,0,0,"cies",12,7
"HydroRipVeg",100,0,0,"cies",12,7
"MedSclF",18,0,0,"cies",12,7
"Reforestation",2902,0,0,"cies",12,7
"RipF",133,0,0,"cies",12,7
"RockScreeVeg",28,0,0,"cies",12,7
"SMedMarF",2,0,0,"cies",12,7
"SaltMar",253,0,0,"cies",12,7
"Shrub",772,0,0,"cies",12,7
"TempDecF",261,0,0,"cies",12,7
"WaterSurf",95,0,0,"cies",12,7
"ArtSurf",329,0,0,"cies",12,8
"AtlScrub",5686,0,0,"cies",12,8
"BareArea",3742,0,0,"cies",12,8
"Crop",3,0,0,"cies",12,8
"DuneSand",232,0,0,"cies",12,8
"Grass",1926,0,0,"cies",12,8
"HydroRipVeg",100,0,0,"cies",12,8
"MedSclF",18,0,0,"cies",12,8
"Reforestation",2902,0,0,"cies",12,8
"RipF",133,0,0,"cies",12,8
"RockScreeVeg",28,0,0,"cies",12,8
"SMedMarF",2,0,0,"cies",12,8
"SaltMar",253,0,0,"cies",12,8
"Shrub",772,0,0,"cies",12,8
"TempDecF",261,0,0,"cies",12,8
"WaterSurf",95,0,0,"cies",12,8
"ArtSurf",329,0,0,"cies",12,9
"AtlScrub",5686,0,0,"cies",12,9
"BareArea",3742,0,0,"cies",12,9
"Crop",3,0,0,"cies",12,9
"DuneSand",232,0,0,"cies",12,9
"Grass",1926,0,0,"cies",12,9
"HydroRipVeg",100,0,0,"cies",12,9
"MedSclF",18,0,0,"cies",12,9
"Reforestation",2902,0,0,"cies",12,9
"RipF",133,0,0,"cies",12,9
"RockScreeVeg",28,0,0,"cies",12,9
"SMedMarF",2,0,0,"cies",12,9
"SaltMar",253,0,0,"cies",12,9
"Shrub",772,0,0,"cies",12,9
"TempDecF",261,0,0,"cies",12,9
"WaterSurf",95,0,0,"cies",12,9
"ArtSurf",329,78,23.71,"cies",12,10
"AtlScrub",5686,1193,20.98,"cies",12,10
"BareArea",3742,177,4.73,"cies",12,10
"Crop",3,1,33.33,"cies",12,10
"DuneSand",232,0,0,"cies",12,10
"Grass",1926,297,15.42,"cies",12,10
"HydroRipVeg",100,0,0,"cies",12,10
"MedSclF",18,0,0,"cies",12,10
"Reforestation",2902,924,31.84,"cies",12,10
"RipF",133,52,39.1,"cies",12,10
"RockScreeVeg",28,1,3.57,"cies",12,10
"SMedMarF",2,0,0,"cies",12,10
"SaltMar",253,12,4.74,"cies",12,10
"Shrub",772,94,12.18,"cies",12,10
"TempDecF",261,0,0,"cies",12,10
"WaterSurf",95,1,1.05,"cies",12,10
"ArtSurf",329,0,0,"cies",12,11
"AtlScrub",5686,0,0,"cies",12,11
"BareArea",3742,0,0,"cies",12,11
"Crop",3,0,0,"cies",12,11
"DuneSand",232,0,0,"cies",12,11
"Grass",1926,0,0,"cies",12,11
"HydroRipVeg",100,0,0,"cies",12,11
"MedSclF",18,0,0,"cies",12,11
"Reforestation",2902,0,0,"cies",12,11
"RipF",133,0,0,"cies",12,11
"RockScreeVeg",28,0,0,"cies",12,11
"SMedMarF",2,0,0,"cies",12,11
"SaltMar",253,0,0,"cies",12,11
"Shrub",772,0,0,"cies",12,11
"TempDecF",261,0,0,"cies",12,11
"WaterSurf",95,0,0,"cies",12,11
"ArtSurf",329,0,0,"cies",12,12
"AtlScrub",5686,0,0,"cies",12,12
"BareArea",3742,0,0,"cies",12,12
"Crop",3,0,0,"cies",12,12
"DuneSand",232,0,0,"cies",12,12
"Grass",1926,0,0,"cies",12,12
"HydroRipVeg",100,0,0,"cies",12,12
"MedSclF",18,0,0,"cies",12,12
"Reforestation",2902,0,0,"cies",12,12
"RipF",133,0,0,"cies",12,12
"RockScreeVeg",28,0,0,"cies",12,12
"SMedMarF",2,0,0,"cies",12,12
"SaltMar",253,0,0,"cies",12,12
"Shrub",772,0,0,"cies",12,12
"TempDecF",261,0,0,"cies",12,12
"WaterSurf",95,0,0,"cies",12,12
"ArtSurf",2849,0,0,"monfrague",1,1
"Crop",1332,0,0,"monfrague",1,1
"Dehesa",17271,0,0,"monfrague",1,1
"Grass",5942,0,0,"monfrague",1,1
"HydroRipVeg",2264,34,1.5,"monfrague",1,1
"MedSclF",34504,0,0,"monfrague",1,1
"MedScrub",121317,0,0,"monfrague",1,1
"Reforestation",22719,0,0,"monfrague",1,1
"RipF",1179,0,0,"monfrague",1,1
"RockScreeVeg",16028,0,0,"monfrague",1,1
"SMedMarF",6002,0,0,"monfrague",1,1
"Shrub",13653,0,0,"monfrague",1,1
"WaterSurf",15572,487,3.13,"monfrague",1,1
"ArtSurf",2849,0,0,"monfrague",1,2
"Crop",1332,0,0,"monfrague",1,2
"Dehesa",17271,0,0,"monfrague",1,2
"Grass",5942,0,0,"monfrague",1,2
"HydroRipVeg",2264,0,0,"monfrague",1,2
"MedSclF",34504,0,0,"monfrague",1,2
"MedScrub",121317,0,0,"monfrague",1,2
"Reforestation",22719,0,0,"monfrague",1,2
"RipF",1179,0,0,"monfrague",1,2
"RockScreeVeg",16028,0,0,"monfrague",1,2
"SMedMarF",6002,0,0,"monfrague",1,2
"Shrub",13653,0,0,"monfrague",1,2
"WaterSurf",15572,0,0,"monfrague",1,2
"ArtSurf",2849,0,0,"monfrague",1,3
"Crop",1332,0,0,"monfrague",1,3
"Dehesa",17271,0,0,"monfrague",1,3
"Grass",5942,0,0,"monfrague",1,3
"HydroRipVeg",2264,0,0,"monfrague",1,3
"MedSclF",34504,0,0,"monfrague",1,3
"MedScrub",121317,0,0,"monfrague",1,3
"Reforestation",22719,0,0,"monfrague",1,3
"RipF",1179,0,0,"monfrague",1,3
"RockScreeVeg",16028,0,0,"monfrague",1,3
"SMedMarF",6002,0,0,"monfrague",1,3
"Shrub",13653,0,0,"monfrague",1,3
"WaterSurf",15572,3,0.02,"monfrague",1,3
"ArtSurf",2849,0,0,"monfrague",1,4
"Crop",1332,0,0,"monfrague",1,4
"Dehesa",17271,0,0,"monfrague",1,4
"Grass",5942,0,0,"monfrague",1,4
"HydroRipVeg",2264,0,0,"monfrague",1,4
"MedSclF",34504,0,0,"monfrague",1,4
"MedScrub",121317,0,0,"monfrague",1,4
"Reforestation",22719,0,0,"monfrague",1,4
"RipF",1179,0,0,"monfrague",1,4
"RockScreeVeg",16028,0,0,"monfrague",1,4
"SMedMarF",6002,0,0,"monfrague",1,4
"Shrub",13653,0,0,"monfrague",1,4
"WaterSurf",15572,0,0,"monfrague",1,4
"ArtSurf",2849,0,0,"monfrague",1,5
"Crop",1332,0,0,"monfrague",1,5
"Dehesa",17271,0,0,"monfrague",1,5
"Grass",5942,0,0,"monfrague",1,5
"HydroRipVeg",2264,0,0,"monfrague",1,5
"MedSclF",34504,0,0,"monfrague",1,5
"MedScrub",121317,0,0,"monfrague",1,5
"Reforestation",22719,0,0,"monfrague",1,5
"RipF",1179,0,0,"monfrague",1,5
"RockScreeVeg",16028,0,0,"monfrague",1,5
"SMedMarF",6002,0,0,"monfrague",1,5
"Shrub",13653,0,0,"monfrague",1,5
"WaterSurf",15572,0,0,"monfrague",1,5
"ArtSurf",2849,0,0,"monfrague",1,6
"Crop",1332,0,0,"monfrague",1,6
"Dehesa",17271,0,0,"monfrague",1,6
"Grass",5942,0,0,"monfrague",1,6
"HydroRipVeg",2264,2,0.09,"monfrague",1,6
"MedSclF",34504,0,0,"monfrague",1,6
"MedScrub",121317,0,0,"monfrague",1,6
"Reforestation",22719,1,0,"monfrague",1,6
"RipF",1179,0,0,"monfrague",1,6
"RockScreeVeg",16028,3,0.02,"monfrague",1,6
"SMedMarF",6002,0,0,"monfrague",1,6
"Shrub",13653,0,0,"monfrague",1,6
"WaterSurf",15572,0,0,"monfrague",1,6
"ArtSurf",2849,0,0,"monfrague",1,7
"Crop",1332,0,0,"monfrague",1,7
"Dehesa",17271,0,0,"monfrague",1,7
"Grass",5942,0,0,"monfrague",1,7
"HydroRipVeg",2264,0,0,"monfrague",1,7
"MedSclF",34504,0,0,"monfrague",1,7
"MedScrub",121317,0,0,"monfrague",1,7
"Reforestation",22719,0,0,"monfrague",1,7
"RipF",1179,0,0,"monfrague",1,7
"RockScreeVeg",16028,0,0,"monfrague",1,7
"SMedMarF",6002,0,0,"monfrague",1,7
"Shrub",13653,0,0,"monfrague",1,7
"WaterSurf",15572,1,0.01,"monfrague",1,7
"ArtSurf",2849,0,0,"monfrague",1,8
"Crop",1332,0,0,"monfrague",1,8
"Dehesa",17271,0,0,"monfrague",1,8
"Grass",5942,0,0,"monfrague",1,8
"HydroRipVeg",2264,0,0,"monfrague",1,8
"MedSclF",34504,0,0,"monfrague",1,8
"MedScrub",121317,0,0,"monfrague",1,8
"Reforestation",22719,0,0,"monfrague",1,8
"RipF",1179,0,0,"monfrague",1,8
"RockScreeVeg",16028,0,0,"monfrague",1,8
"SMedMarF",6002,0,0,"monfrague",1,8
"Shrub",13653,0,0,"monfrague",1,8
"WaterSurf",15572,0,0,"monfrague",1,8
"ArtSurf",2849,0,0,"monfrague",1,9
"Crop",1332,0,0,"monfrague",1,9
"Dehesa",17271,0,0,"monfrague",1,9
"Grass",5942,0,0,"monfrague",1,9
"HydroRipVeg",2264,0,0,"monfrague",1,9
"MedSclF",34504,0,0,"monfrague",1,9
"MedScrub",121317,0,0,"monfrague",1,9
"Reforestation",22719,0,0,"monfrague",1,9
"RipF",1179,0,0,"monfrague",1,9
"RockScreeVeg",16028,0,0,"monfrague",1,9
"SMedMarF",6002,0,0,"monfrague",1,9
"Shrub",13653,0,0,"monfrague",1,9
"WaterSurf",15572,0,0,"monfrague",1,9
"ArtSurf",2849,0,0,"monfrague",1,10
"Crop",1332,0,0,"monfrague",1,10
"Dehesa",17271,0,0,"monfrague",1,10
"Grass",5942,0,0,"monfrague",1,10
"HydroRipVeg",2264,0,0,"monfrague",1,10
"MedSclF",34504,0,0,"monfrague",1,10
"MedScrub",121317,0,0,"monfrague",1,10
"Reforestation",22719,0,0,"monfrague",1,10
"RipF",1179,0,0,"monfrague",1,10
"RockScreeVeg",16028,0,0,"monfrague",1,10
"SMedMarF",6002,0,0,"monfrague",1,10
"Shrub",13653,0,0,"monfrague",1,10
"WaterSurf",15572,0,0,"monfrague",1,10
"ArtSurf",2849,0,0,"monfrague",1,11
"Crop",1332,0,0,"monfrague",1,11
"Dehesa",17271,0,0,"monfrague",1,11
"Grass",5942,0,0,"monfrague",1,11
"HydroRipVeg",2264,0,0,"monfrague",1,11
"MedSclF",34504,0,0,"monfrague",1,11
"MedScrub",121317,0,0,"monfrague",1,11
"Reforestation",22719,0,0,"monfrague",1,11
"RipF",1179,0,0,"monfrague",1,11
"RockScreeVeg",16028,0,0,"monfrague",1,11
"SMedMarF",6002,0,0,"monfrague",1,11
"Shrub",13653,0,0,"monfrague",1,11
"WaterSurf",15572,0,0,"monfrague",1,11
"ArtSurf",2849,0,0,"monfrague",1,12
"Crop",1332,0,0,"monfrague",1,12
"Dehesa",17271,0,0,"monfrague",1,12
"Grass",5942,0,0,"monfrague",1,12
"HydroRipVeg",2264,0,0,"monfrague",1,12
"MedSclF",34504,0,0,"monfrague",1,12
"MedScrub",121317,0,0,"monfrague",1,12
"Reforestation",22719,0,0,"monfrague",1,12
"RipF",1179,0,0,"monfrague",1,12
"RockScreeVeg",16028,0,0,"monfrague",1,12
"SMedMarF",6002,0,0,"monfrague",1,12
"Shrub",13653,0,0,"monfrague",1,12
"WaterSurf",15572,0,0,"monfrague",1,12
"ArtSurf",2849,1,0.04,"monfrague",3,1
"Crop",1332,0,0,"monfrague",3,1
"Dehesa",17271,2,0.01,"monfrague",3,1
"Grass",5942,5,0.08,"monfrague",3,1
"HydroRipVeg",2264,144,6.36,"monfrague",3,1
"MedSclF",34504,1,0,"monfrague",3,1
"MedScrub",121317,1,0,"monfrague",3,1
"Reforestation",22719,1,0,"monfrague",3,1
"RipF",1179,0,0,"monfrague",3,1
"RockScreeVeg",16028,0,0,"monfrague",3,1
"SMedMarF",6002,0,0,"monfrague",3,1
"Shrub",13653,0,0,"monfrague",3,1
"WaterSurf",15572,1417,9.1,"monfrague",3,1
"ArtSurf",2849,1,0.04,"monfrague",3,2
"Crop",1332,0,0,"monfrague",3,2
"Dehesa",17271,0,0,"monfrague",3,2
"Grass",5942,7,0.12,"monfrague",3,2
"HydroRipVeg",2264,82,3.62,"monfrague",3,2
"MedSclF",34504,0,0,"monfrague",3,2
"MedScrub",121317,1,0,"monfrague",3,2
"Reforestation",22719,0,0,"monfrague",3,2
"RipF",1179,0,0,"monfrague",3,2
"RockScreeVeg",16028,0,0,"monfrague",3,2
"SMedMarF",6002,0,0,"monfrague",3,2
"Shrub",13653,1,0.01,"monfrague",3,2
"WaterSurf",15572,1686,10.83,"monfrague",3,2
"ArtSurf",2849,3,0.11,"monfrague",3,3
"Crop",1332,0,0,"monfrague",3,3
"Dehesa",17271,0,0,"monfrague",3,3
"Grass",5942,6,0.1,"monfrague",3,3
"HydroRipVeg",2264,151,6.67,"monfrague",3,3
"MedSclF",34504,0,0,"monfrague",3,3
"MedScrub",121317,1,0,"monfrague",3,3
"Reforestation",22719,0,0,"monfrague",3,3
"RipF",1179,0,0,"monfrague",3,3
"RockScreeVeg",16028,2,0.01,"monfrague",3,3
"SMedMarF",6002,0,0,"monfrague",3,3
"Shrub",13653,0,0,"monfrague",3,3
"WaterSurf",15572,1470,9.44,"monfrague",3,3
"ArtSurf",2849,0,0,"monfrague",3,4
"Crop",1332,0,0,"monfrague",3,4
"Dehesa",17271,0,0,"monfrague",3,4
"Grass",5942,0,0,"monfrague",3,4
"HydroRipVeg",2264,2,0.09,"monfrague",3,4
"MedSclF",34504,6,0.02,"monfrague",3,4
"MedScrub",121317,5,0,"monfrague",3,4
"Reforestation",22719,1,0,"monfrague",3,4
"RipF",1179,0,0,"monfrague",3,4
"RockScreeVeg",16028,13,0.08,"monfrague",3,4
"SMedMarF",6002,0,0,"monfrague",3,4
"Shrub",13653,2,0.01,"monfrague",3,4
"WaterSurf",15572,41,0.26,"monfrague",3,4
"ArtSurf",2849,0,0,"monfrague",3,5
"Crop",1332,0,0,"monfrague",3,5
"Dehesa",17271,0,0,"monfrague",3,5
"Grass",5942,0,0,"monfrague",3,5
"HydroRipVeg",2264,115,5.08,"monfrague",3,5
"MedSclF",34504,0,0,"monfrague",3,5
"MedScrub",121317,0,0,"monfrague",3,5
"Reforestation",22719,0,0,"monfrague",3,5
"RipF",1179,0,0,"monfrague",3,5
"RockScreeVeg",16028,1,0.01,"monfrague",3,5
"SMedMarF",6002,0,0,"monfrague",3,5
"Shrub",13653,0,0,"monfrague",3,5
"WaterSurf",15572,200,1.28,"monfrague",3,5
"ArtSurf",2849,0,0,"monfrague",3,6
"Crop",1332,0,0,"monfrague",3,6
"Dehesa",17271,0,0,"monfrague",3,6
"Grass",5942,0,0,"monfrague",3,6
"HydroRipVeg",2264,1,0.04,"monfrague",3,6
"MedSclF",34504,1,0,"monfrague",3,6
"MedScrub",121317,0,0,"monfrague",3,6
"Reforestation",22719,0,0,"monfrague",3,6
"RipF",1179,0,0,"monfrague",3,6
"RockScreeVeg",16028,5,0.03,"monfrague",3,6
"SMedMarF",6002,0,0,"monfrague",3,6
"Shrub",13653,0,0,"monfrague",3,6
"WaterSurf",15572,24,0.15,"monfrague",3,6
"ArtSurf",2849,0,0,"monfrague",3,7
"Crop",1332,0,0,"monfrague",3,7
"Dehesa",17271,0,0,"monfrague",3,7
"Grass",5942,0,0,"monfrague",3,7
"HydroRipVeg",2264,0,0,"monfrague",3,7
"MedSclF",34504,0,0,"monfrague",3,7
"MedScrub",121317,0,0,"monfrague",3,7
"Reforestation",22719,0,0,"monfrague",3,7
"RipF",1179,0,0,"monfrague",3,7
"RockScreeVeg",16028,2,0.01,"monfrague",3,7
"SMedMarF",6002,0,0,"monfrague",3,7
"Shrub",13653,0,0,"monfrague",3,7
"WaterSurf",15572,26,0.17,"monfrague",3,7
"ArtSurf",2849,0,0,"monfrague",3,8
"Crop",1332,0,0,"monfrague",3,8
"Dehesa",17271,0,0,"monfrague",3,8
"Grass",5942,0,0,"monfrague",3,8
"HydroRipVeg",2264,0,0,"monfrague",3,8
"MedSclF",34504,0,0,"monfrague",3,8
"MedScrub",121317,0,0,"monfrague",3,8
"Reforestation",22719,0,0,"monfrague",3,8
"RipF",1179,0,0,"monfrague",3,8
"RockScreeVeg",16028,0,0,"monfrague",3,8
"SMedMarF",6002,0,0,"monfrague",3,8
"Shrub",13653,0,0,"monfrague",3,8
"WaterSurf",15572,0,0,"monfrague",3,8
"ArtSurf",2849,0,0,"monfrague",3,9
"Crop",1332,0,0,"monfrague",3,9
"Dehesa",17271,0,0,"monfrague",3,9
"Grass",5942,0,0,"monfrague",3,9
"HydroRipVeg",2264,0,0,"monfrague",3,9
"MedSclF",34504,0,0,"monfrague",3,9
"MedScrub",121317,0,0,"monfrague",3,9
"Reforestation",22719,0,0,"monfrague",3,9
"RipF",1179,0,0,"monfrague",3,9
"RockScreeVeg",16028,0,0,"monfrague",3,9
"SMedMarF",6002,0,0,"monfrague",3,9
"Shrub",13653,0,0,"monfrague",3,9
"WaterSurf",15572,0,0,"monfrague",3,9
"ArtSurf",2849,0,0,"monfrague",3,10
"Crop",1332,0,0,"monfrague",3,10
"Dehesa",17271,0,0,"monfrague",3,10
"Grass",5942,0,0,"monfrague",3,10
"HydroRipVeg",2264,0,0,"monfrague",3,10
"MedSclF",34504,0,0,"monfrague",3,10
"MedScrub",121317,0,0,"monfrague",3,10
"Reforestation",22719,0,0,"monfrague",3,10
"RipF",1179,0,0,"monfrague",3,10
"RockScreeVeg",16028,0,0,"monfrague",3,10
"SMedMarF",6002,0,0,"monfrague",3,10
"Shrub",13653,0,0,"monfrague",3,10
"WaterSurf",15572,0,0,"monfrague",3,10
"ArtSurf",2849,0,0,"monfrague",3,11
"Crop",1332,0,0,"monfrague",3,11
"Dehesa",17271,0,0,"monfrague",3,11
"Grass",5942,0,0,"monfrague",3,11
"HydroRipVeg",2264,0,0,"monfrague",3,11
"MedSclF",34504,0,0,"monfrague",3,11
"MedScrub",121317,0,0,"monfrague",3,11
"Reforestation",22719,0,0,"monfrague",3,11
"RipF",1179,0,0,"monfrague",3,11
"RockScreeVeg",16028,0,0,"monfrague",3,11
"SMedMarF",6002,0,0,"monfrague",3,11
"Shrub",13653,0,0,"monfrague",3,11
"WaterSurf",15572,0,0,"monfrague",3,11
"ArtSurf",2849,0,0,"monfrague",3,12
"Crop",1332,0,0,"monfrague",3,12
"Dehesa",17271,0,0,"monfrague",3,12
"Grass",5942,0,0,"monfrague",3,12
"HydroRipVeg",2264,0,0,"monfrague",3,12
"MedSclF",34504,0,0,"monfrague",3,12
"MedScrub",121317,0,0,"monfrague",3,12
"Reforestation",22719,0,0,"monfrague",3,12
"RipF",1179,0,0,"monfrague",3,12
"RockScreeVeg",16028,0,0,"monfrague",3,12
"SMedMarF",6002,0,0,"monfrague",3,12
"Shrub",13653,0,0,"monfrague",3,12
"WaterSurf",15572,0,0,"monfrague",3,12
"ArtSurf",2849,2,0.07,"monfrague",6,1
"Crop",1332,0,0,"monfrague",6,1
"Dehesa",17271,1,0.01,"monfrague",6,1
"Grass",5942,6,0.1,"monfrague",6,1
"HydroRipVeg",2264,193,8.52,"monfrague",6,1
"MedSclF",34504,0,0,"monfrague",6,1
"MedScrub",121317,2,0,"monfrague",6,1
"Reforestation",22719,1,0,"monfrague",6,1
"RipF",1179,0,0,"monfrague",6,1
"RockScreeVeg",16028,0,0,"monfrague",6,1
"SMedMarF",6002,0,0,"monfrague",6,1
"Shrub",13653,0,0,"monfrague",6,1
"WaterSurf",15572,1732,11.12,"monfrague",6,1
"ArtSurf",2849,4,0.14,"monfrague",6,2
"Crop",1332,0,0,"monfrague",6,2
"Dehesa",17271,0,0,"monfrague",6,2
"Grass",5942,24,0.4,"monfrague",6,2
"HydroRipVeg",2264,345,15.24,"monfrague",6,2
"MedSclF",34504,3,0.01,"monfrague",6,2
"MedScrub",121317,2,0,"monfrague",6,2
"Reforestation",22719,0,0,"monfrague",6,2
"RipF",1179,0,0,"monfrague",6,2
"RockScreeVeg",16028,0,0,"monfrague",6,2
"SMedMarF",6002,0,0,"monfrague",6,2
"Shrub",13653,2,0.01,"monfrague",6,2
"WaterSurf",15572,6968,44.75,"monfrague",6,2
"ArtSurf",2849,3,0.11,"monfrague",6,3
"Crop",1332,0,0,"monfrague",6,3
"Dehesa",17271,0,0,"monfrague",6,3
"Grass",5942,1,0.02,"monfrague",6,3
"HydroRipVeg",2264,224,9.89,"monfrague",6,3
"MedSclF",34504,5,0.01,"monfrague",6,3
"MedScrub",121317,0,0,"monfrague",6,3
"Reforestation",22719,0,0,"monfrague",6,3
"RipF",1179,0,0,"monfrague",6,3
"RockScreeVeg",16028,1,0.01,"monfrague",6,3
"SMedMarF",6002,0,0,"monfrague",6,3
"Shrub",13653,0,0,"monfrague",6,3
"WaterSurf",15572,3261,20.94,"monfrague",6,3
"ArtSurf",2849,0,0,"monfrague",6,4
"Crop",1332,0,0,"monfrague",6,4
"Dehesa",17271,0,0,"monfrague",6,4
"Grass",5942,0,0,"monfrague",6,4
"HydroRipVeg",2264,20,0.88,"monfrague",6,4
"MedSclF",34504,0,0,"monfrague",6,4
"MedScrub",121317,2,0,"monfrague",6,4
"Reforestation",22719,0,0,"monfrague",6,4
"RipF",1179,0,0,"monfrague",6,4
"RockScreeVeg",16028,4,0.02,"monfrague",6,4
"SMedMarF",6002,0,0,"monfrague",6,4
"Shrub",13653,0,0,"monfrague",6,4
"WaterSurf",15572,43,0.28,"monfrague",6,4
"ArtSurf",2849,0,0,"monfrague",6,5
"Crop",1332,0,0,"monfrague",6,5
"Dehesa",17271,0,0,"monfrague",6,5
"Grass",5942,0,0,"monfrague",6,5
"HydroRipVeg",2264,19,0.84,"monfrague",6,5
"MedSclF",34504,0,0,"monfrague",6,5
"MedScrub",121317,1,0,"monfrague",6,5
"Reforestation",22719,0,0,"monfrague",6,5
"RipF",1179,0,0,"monfrague",6,5
"RockScreeVeg",16028,0,0,"monfrague",6,5
"SMedMarF",6002,0,0,"monfrague",6,5
"Shrub",13653,0,0,"monfrague",6,5
"WaterSurf",15572,2,0.01,"monfrague",6,5
"ArtSurf",2849,1,0.04,"monfrague",6,6
"Crop",1332,0,0,"monfrague",6,6
"Dehesa",17271,0,0,"monfrague",6,6
"Grass",5942,0,0,"monfrague",6,6
"HydroRipVeg",2264,26,1.15,"monfrague",6,6
"MedSclF",34504,0,0,"monfrague",6,6
"MedScrub",121317,0,0,"monfrague",6,6
"Reforestation",22719,0,0,"monfrague",6,6
"RipF",1179,0,0,"monfrague",6,6
"RockScreeVeg",16028,0,0,"monfrague",6,6
"SMedMarF",6002,0,0,"monfrague",6,6
"Shrub",13653,0,0,"monfrague",6,6
"WaterSurf",15572,13,0.08,"monfrague",6,6
"ArtSurf",2849,0,0,"monfrague",6,7
"Crop",1332,0,0,"monfrague",6,7
"Dehesa",17271,0,0,"monfrague",6,7
"Grass",5942,0,0,"monfrague",6,7
"HydroRipVeg",2264,60,2.65,"monfrague",6,7
"MedSclF",34504,0,0,"monfrague",6,7
"MedScrub",121317,0,0,"monfrague",6,7
"Reforestation",22719,0,0,"monfrague",6,7
"RipF",1179,0,0,"monfrague",6,7
"RockScreeVeg",16028,0,0,"monfrague",6,7
"SMedMarF",6002,0,0,"monfrague",6,7
"Shrub",13653,0,0,"monfrague",6,7
"WaterSurf",15572,166,1.07,"monfrague",6,7
"ArtSurf",2849,0,0,"monfrague",6,8
"Crop",1332,0,0,"monfrague",6,8
"Dehesa",17271,0,0,"monfrague",6,8
"Grass",5942,0,0,"monfrague",6,8
"HydroRipVeg",2264,19,0.84,"monfrague",6,8
"MedSclF",34504,0,0,"monfrague",6,8
"MedScrub",121317,0,0,"monfrague",6,8
"Reforestation",22719,0,0,"monfrague",6,8
"RipF",1179,0,0,"monfrague",6,8
"RockScreeVeg",16028,0,0,"monfrague",6,8
"SMedMarF",6002,0,0,"monfrague",6,8
"Shrub",13653,0,0,"monfrague",6,8
"WaterSurf",15572,4,0.03,"monfrague",6,8
"ArtSurf",2849,0,0,"monfrague",6,9
"Crop",1332,0,0,"monfrague",6,9
"Dehesa",17271,0,0,"monfrague",6,9
"Grass",5942,0,0,"monfrague",6,9
"HydroRipVeg",2264,0,0,"monfrague",6,9
"MedSclF",34504,0,0,"monfrague",6,9
"MedScrub",121317,0,0,"monfrague",6,9
"Reforestation",22719,0,0,"monfrague",6,9
"RipF",1179,0,0,"monfrague",6,9
"RockScreeVeg",16028,0,0,"monfrague",6,9
"SMedMarF",6002,0,0,"monfrague",6,9
"Shrub",13653,0,0,"monfrague",6,9
"WaterSurf",15572,0,0,"monfrague",6,9
"ArtSurf",2849,0,0,"monfrague",6,10
"Crop",1332,0,0,"monfrague",6,10
"Dehesa",17271,0,0,"monfrague",6,10
"Grass",5942,0,0,"monfrague",6,10
"HydroRipVeg",2264,0,0,"monfrague",6,10
"MedSclF",34504,0,0,"monfrague",6,10
"MedScrub",121317,0,0,"monfrague",6,10
"Reforestation",22719,0,0,"monfrague",6,10
"RipF",1179,0,0,"monfrague",6,10
"RockScreeVeg",16028,0,0,"monfrague",6,10
"SMedMarF",6002,0,0,"monfrague",6,10
"Shrub",13653,0,0,"monfrague",6,10
"WaterSurf",15572,0,0,"monfrague",6,10
"ArtSurf",2849,0,0,"monfrague",6,11
"Crop",1332,0,0,"monfrague",6,11
"Dehesa",17271,0,0,"monfrague",6,11
"Grass",5942,0,0,"monfrague",6,11
"HydroRipVeg",2264,0,0,"monfrague",6,11
"MedSclF",34504,0,0,"monfrague",6,11
"MedScrub",121317,0,0,"monfrague",6,11
"Reforestation",22719,0,0,"monfrague",6,11
"RipF",1179,0,0,"monfrague",6,11
"RockScreeVeg",16028,0,0,"monfrague",6,11
"SMedMarF",6002,0,0,"monfrague",6,11
"Shrub",13653,0,0,"monfrague",6,11
"WaterSurf",15572,0,0,"monfrague",6,11
"ArtSurf",2849,0,0,"monfrague",6,12
"Crop",1332,0,0,"monfrague",6,12
"Dehesa",17271,0,0,"monfrague",6,12
"Grass",5942,0,0,"monfrague",6,12
"HydroRipVeg",2264,0,0,"monfrague",6,12
"MedSclF",34504,0,0,"monfrague",6,12
"MedScrub",121317,0,0,"monfrague",6,12
"Reforestation",22719,0,0,"monfrague",6,12
"RipF",1179,0,0,"monfrague",6,12
"RockScreeVeg",16028,0,0,"monfrague",6,12
"SMedMarF",6002,0,0,"monfrague",6,12
"Shrub",13653,0,0,"monfrague",6,12
"WaterSurf",15572,0,0,"monfrague",6,12
"ArtSurf",2849,0,0,"monfrague",9,1
"Crop",1332,0,0,"monfrague",9,1
"Dehesa",17271,0,0,"monfrague",9,1
"Grass",5942,0,0,"monfrague",9,1
"HydroRipVeg",2264,24,1.06,"monfrague",9,1
"MedSclF",34504,0,0,"monfrague",9,1
"MedScrub",121317,0,0,"monfrague",9,1
"Reforestation",22719,1,0,"monfrague",9,1
"RipF",1179,0,0,"monfrague",9,1
"RockScreeVeg",16028,0,0,"monfrague",9,1
"SMedMarF",6002,0,0,"monfrague",9,1
"Shrub",13653,0,0,"monfrague",9,1
"WaterSurf",15572,157,1.01,"monfrague",9,1
"ArtSurf",2849,2,0.07,"monfrague",9,2
"Crop",1332,0,0,"monfrague",9,2
"Dehesa",17271,0,0,"monfrague",9,2
"Grass",5942,22,0.37,"monfrague",9,2
"HydroRipVeg",2264,322,14.22,"monfrague",9,2
"MedSclF",34504,3,0.01,"monfrague",9,2
"MedScrub",121317,1,0,"monfrague",9,2
"Reforestation",22719,0,0,"monfrague",9,2
"RipF",1179,0,0,"monfrague",9,2
"RockScreeVeg",16028,0,0,"monfrague",9,2
"SMedMarF",6002,0,0,"monfrague",9,2
"Shrub",13653,1,0.01,"monfrague",9,2
"WaterSurf",15572,5765,37.02,"monfrague",9,2
"ArtSurf",2849,2,0.07,"monfrague",9,3
"Crop",1332,0,0,"monfrague",9,3
"Dehesa",17271,0,0,"monfrague",9,3
"Grass",5942,0,0,"monfrague",9,3
"HydroRipVeg",2264,173,7.64,"monfrague",9,3
"MedSclF",34504,4,0.01,"monfrague",9,3
"MedScrub",121317,0,0,"monfrague",9,3
"Reforestation",22719,0,0,"monfrague",9,3
"RipF",1179,0,0,"monfrague",9,3
"RockScreeVeg",16028,1,0.01,"monfrague",9,3
"SMedMarF",6002,0,0,"monfrague",9,3
"Shrub",13653,1,0.01,"monfrague",9,3
"WaterSurf",15572,2351,15.1,"monfrague",9,3
"ArtSurf",2849,0,0,"monfrague",9,4
"Crop",1332,0,0,"monfrague",9,4
"Dehesa",17271,0,0,"monfrague",9,4
"Grass",5942,0,0,"monfrague",9,4
"HydroRipVeg",2264,26,1.15,"monfrague",9,4
"MedSclF",34504,0,0,"monfrague",9,4
"MedScrub",121317,0,0,"monfrague",9,4
"Reforestation",22719,0,0,"monfrague",9,4
"RipF",1179,0,0,"monfrague",9,4
"RockScreeVeg",16028,3,0.02,"monfrague",9,4
"SMedMarF",6002,0,0,"monfrague",9,4
"Shrub",13653,0,0,"monfrague",9,4
"WaterSurf",15572,34,0.22,"monfrague",9,4
"ArtSurf",2849,0,0,"monfrague",9,5
"Crop",1332,0,0,"monfrague",9,5
"Dehesa",17271,0,0,"monfrague",9,5
"Grass",5942,0,0,"monfrague",9,5
"HydroRipVeg",2264,49,2.16,"monfrague",9,5
"MedSclF",34504,0,0,"monfrague",9,5
"MedScrub",121317,0,0,"monfrague",9,5
"Reforestation",22719,0,0,"monfrague",9,5
"RipF",1179,0,0,"monfrague",9,5
"RockScreeVeg",16028,1,0.01,"monfrague",9,5
"SMedMarF",6002,0,0,"monfrague",9,5
"Shrub",13653,0,0,"monfrague",9,5
"WaterSurf",15572,9,0.06,"monfrague",9,5
"ArtSurf",2849,0,0,"monfrague",9,6
"Crop",1332,0,0,"monfrague",9,6
"Dehesa",17271,0,0,"monfrague",9,6
"Grass",5942,0,0,"monfrague",9,6
"HydroRipVeg",2264,27,1.19,"monfrague",9,6
"MedSclF",34504,0,0,"monfrague",9,6
"MedScrub",121317,0,0,"monfrague",9,6
"Reforestation",22719,0,0,"monfrague",9,6
"RipF",1179,0,0,"monfrague",9,6
"RockScreeVeg",16028,0,0,"monfrague",9,6
"SMedMarF",6002,0,0,"monfrague",9,6
"Shrub",13653,0,0,"monfrague",9,6
"WaterSurf",15572,1,0.01,"monfrague",9,6
"ArtSurf",2849,0,0,"monfrague",9,7
"Crop",1332,0,0,"monfrague",9,7
"Dehesa",17271,0,0,"monfrague",9,7
"Grass",5942,3,0.05,"monfrague",9,7
"HydroRipVeg",2264,50,2.21,"monfrague",9,7
"MedSclF",34504,0,0,"monfrague",9,7
"MedScrub",121317,0,0,"monfrague",9,7
"Reforestation",22719,0,0,"monfrague",9,7
"RipF",1179,0,0,"monfrague",9,7
"RockScreeVeg",16028,0,0,"monfrague",9,7
"SMedMarF",6002,0,0,"monfrague",9,7
"Shrub",13653,0,0,"monfrague",9,7
"WaterSurf",15572,167,1.07,"monfrague",9,7
"ArtSurf",2849,0,0,"monfrague",9,8
"Crop",1332,0,0,"monfrague",9,8
"Dehesa",17271,0,0,"monfrague",9,8
"Grass",5942,3,0.05,"monfrague",9,8
"HydroRipVeg",2264,29,1.28,"monfrague",9,8
"MedSclF",34504,0,0,"monfrague",9,8
"MedScrub",121317,0,0,"monfrague",9,8
"Reforestation",22719,0,0,"monfrague",9,8
"RipF",1179,0,0,"monfrague",9,8
"RockScreeVeg",16028,0,0,"monfrague",9,8
"SMedMarF",6002,0,0,"monfrague",9,8
"Shrub",13653,0,0,"monfrague",9,8
"WaterSurf",15572,21,0.13,"monfrague",9,8
"ArtSurf",2849,1,0.04,"monfrague",9,9
"Crop",1332,0,0,"monfrague",9,9
"Dehesa",17271,0,0,"monfrague",9,9
"Grass",5942,0,0,"monfrague",9,9
"HydroRipVeg",2264,77,3.4,"monfrague",9,9
"MedSclF",34504,0,0,"monfrague",9,9
"MedScrub",121317,0,0,"monfrague",9,9
"Reforestation",22719,0,0,"monfrague",9,9
"RipF",1179,0,0,"monfrague",9,9
"RockScreeVeg",16028,0,0,"monfrague",9,9
"SMedMarF",6002,0,0,"monfrague",9,9
"Shrub",13653,0,0,"monfrague",9,9
"WaterSurf",15572,43,0.28,"monfrague",9,9
"ArtSurf",2849,0,0,"monfrague",9,10
"Crop",1332,0,0,"monfrague",9,10
"Dehesa",17271,0,0,"monfrague",9,10
"Grass",5942,0,0,"monfrague",9,10
"HydroRipVeg",2264,10,0.44,"monfrague",9,10
"MedSclF",34504,0,0,"monfrague",9,10
"MedScrub",121317,0,0,"monfrague",9,10
"Reforestation",22719,0,0,"monfrague",9,10
"RipF",1179,0,0,"monfrague",9,10
"RockScreeVeg",16028,2,0.01,"monfrague",9,10
"SMedMarF",6002,0,0,"monfrague",9,10
"Shrub",13653,0,0,"monfrague",9,10
"WaterSurf",15572,44,0.28,"monfrague",9,10
"ArtSurf",2849,0,0,"monfrague",9,11
"Crop",1332,0,0,"monfrague",9,11
"Dehesa",17271,0,0,"monfrague",9,11
"Grass",5942,0,0,"monfrague",9,11
"HydroRipVeg",2264,0,0,"monfrague",9,11
"MedSclF",34504,0,0,"monfrague",9,11
"MedScrub",121317,0,0,"monfrague",9,11
"Reforestation",22719,0,0,"monfrague",9,11
"RipF",1179,0,0,"monfrague",9,11
"RockScreeVeg",16028,0,0,"monfrague",9,11
"SMedMarF",6002,0,0,"monfrague",9,11
"Shrub",13653,0,0,"monfrague",9,11
"WaterSurf",15572,0,0,"monfrague",9,11
"ArtSurf",2849,0,0,"monfrague",9,12
"Crop",1332,0,0,"monfrague",9,12
"Dehesa",17271,0,0,"monfrague",9,12
"Grass",5942,0,0,"monfrague",9,12
"HydroRipVeg",2264,0,0,"monfrague",9,12
"MedSclF",34504,0,0,"monfrague",9,12
"MedScrub",121317,0,0,"monfrague",9,12
"Reforestation",22719,0,0,"monfrague",9,12
"RipF",1179,0,0,"monfrague",9,12
"RockScreeVeg",16028,0,0,"monfrague",9,12
"SMedMarF",6002,0,0,"monfrague",9,12
"Shrub",13653,0,0,"monfrague",9,12
"WaterSurf",15572,0,0,"monfrague",9,12
"ArtSurf",2849,2,0.07,"monfrague",12,1
"Crop",1332,0,0,"monfrague",12,1
"Dehesa",17271,0,0,"monfrague",12,1
"Grass",5942,5,0.08,"monfrague",12,1
"HydroRipVeg",2264,121,5.34,"monfrague",12,1
"MedSclF",34504,0,0,"monfrague",12,1
"MedScrub",121317,0,0,"monfrague",12,1
"Reforestation",22719,1,0,"monfrague",12,1
"RipF",1179,0,0,"monfrague",12,1
"RockScreeVeg",16028,1,0.01,"monfrague",12,1
"SMedMarF",6002,0,0,"monfrague",12,1
"Shrub",13653,0,0,"monfrague",12,1
"WaterSurf",15572,792,5.09,"monfrague",12,1
"ArtSurf",2849,9,0.32,"monfrague",12,2
"Crop",1332,0,0,"monfrague",12,2
"Dehesa",17271,0,0,"monfrague",12,2
"Grass",5942,29,0.49,"monfrague",12,2
"HydroRipVeg",2264,564,24.91,"monfrague",12,2
"MedSclF",34504,5,0.01,"monfrague",12,2
"MedScrub",121317,1,0,"monfrague",12,2
"Reforestation",22719,0,0,"monfrague",12,2
"RipF",1179,0,0,"monfrague",12,2
"RockScreeVeg",16028,1,0.01,"monfrague",12,2
"SMedMarF",6002,0,0,"monfrague",12,2
"Shrub",13653,1,0.01,"monfrague",12,2
"WaterSurf",15572,7511,48.23,"monfrague",12,2
"ArtSurf",2849,3,0.11,"monfrague",12,3
"Crop",1332,0,0,"monfrague",12,3
"Dehesa",17271,0,0,"monfrague",12,3
"Grass",5942,1,0.02,"monfrague",12,3
"HydroRipVeg",2264,176,7.77,"monfrague",12,3
"MedSclF",34504,3,0.01,"monfrague",12,3
"MedScrub",121317,0,0,"monfrague",12,3
"Reforestation",22719,0,0,"monfrague",12,3
"RipF",1179,0,0,"monfrague",12,3
"RockScreeVeg",16028,0,0,"monfrague",12,3
"SMedMarF",6002,0,0,"monfrague",12,3
"Shrub",13653,0,0,"monfrague",12,3
"WaterSurf",15572,2306,14.81,"monfrague",12,3
"ArtSurf",2849,0,0,"monfrague",12,4
"Crop",1332,0,0,"monfrague",12,4
"Dehesa",17271,0,0,"monfrague",12,4
"Grass",5942,0,0,"monfrague",12,4
"HydroRipVeg",2264,22,0.97,"monfrague",12,4
"MedSclF",34504,0,0,"monfrague",12,4
"MedScrub",121317,0,0,"monfrague",12,4
"Reforestation",22719,0,0,"monfrague",12,4
"RipF",1179,0,0,"monfrague",12,4
"RockScreeVeg",16028,0,0,"monfrague",12,4
"SMedMarF",6002,0,0,"monfrague",12,4
"Shrub",13653,0,0,"monfrague",12,4
"WaterSurf",15572,16,0.1,"monfrague",12,4
"ArtSurf",2849,0,0,"monfrague",12,5
"Crop",1332,0,0,"monfrague",12,5
"Dehesa",17271,0,0,"monfrague",12,5
"Grass",5942,0,0,"monfrague",12,5
"HydroRipVeg",2264,50,2.21,"monfrague",12,5
"MedSclF",34504,0,0,"monfrague",12,5
"MedScrub",121317,1,0,"monfrague",12,5
"Reforestation",22719,0,0,"monfrague",12,5
"RipF",1179,0,0,"monfrague",12,5
"RockScreeVeg",16028,1,0.01,"monfrague",12,5
"SMedMarF",6002,0,0,"monfrague",12,5
"Shrub",13653,0,0,"monfrague",12,5
"WaterSurf",15572,18,0.12,"monfrague",12,5
"ArtSurf",2849,0,0,"monfrague",12,6
"Crop",1332,0,0,"monfrague",12,6
"Dehesa",17271,0,0,"monfrague",12,6
"Grass",5942,0,0,"monfrague",12,6
"HydroRipVeg",2264,24,1.06,"monfrague",12,6
"MedSclF",34504,0,0,"monfrague",12,6
"MedScrub",121317,0,0,"monfrague",12,6
"Reforestation",22719,0,0,"monfrague",12,6
"RipF",1179,0,0,"monfrague",12,6
"RockScreeVeg",16028,0,0,"monfrague",12,6
"SMedMarF",6002,0,0,"monfrague",12,6
"Shrub",13653,0,0,"monfrague",12,6
"WaterSurf",15572,3,0.02,"monfrague",12,6
"ArtSurf",2849,0,0,"monfrague",12,7
"Crop",1332,0,0,"monfrague",12,7
"Dehesa",17271,0,0,"monfrague",12,7
"Grass",5942,8,0.13,"monfrague",12,7
"HydroRipVeg",2264,72,3.18,"monfrague",12,7
"MedSclF",34504,0,0,"monfrague",12,7
"MedScrub",121317,0,0,"monfrague",12,7
"Reforestation",22719,0,0,"monfrague",12,7
"RipF",1179,0,0,"monfrague",12,7
"RockScreeVeg",16028,0,0,"monfrague",12,7
"SMedMarF",6002,0,0,"monfrague",12,7
"Shrub",13653,0,0,"monfrague",12,7
"WaterSurf",15572,172,1.1,"monfrague",12,7
"ArtSurf",2849,0,0,"monfrague",12,8
"Crop",1332,0,0,"monfrague",12,8
"Dehesa",17271,0,0,"monfrague",12,8
"Grass",5942,13,0.22,"monfrague",12,8
"HydroRipVeg",2264,60,2.65,"monfrague",12,8
"MedSclF",34504,0,0,"monfrague",12,8
"MedScrub",121317,0,0,"monfrague",12,8
"Reforestation",22719,0,0,"monfrague",12,8
"RipF",1179,0,0,"monfrague",12,8
"RockScreeVeg",16028,0,0,"monfrague",12,8
"SMedMarF",6002,0,0,"monfrague",12,8
"Shrub",13653,1,0.01,"monfrague",12,8
"WaterSurf",15572,6,0.04,"monfrague",12,8
"ArtSurf",2849,0,0,"monfrague",12,9
"Crop",1332,0,0,"monfrague",12,9
"Dehesa",17271,0,0,"monfrague",12,9
"Grass",5942,0,0,"monfrague",12,9
"HydroRipVeg",2264,67,2.96,"monfrague",12,9
"MedSclF",34504,0,0,"monfrague",12,9
"MedScrub",121317,1,0,"monfrague",12,9
"Reforestation",22719,0,0,"monfrague",12,9
"RipF",1179,0,0,"monfrague",12,9
"RockScreeVeg",16028,0,0,"monfrague",12,9
"SMedMarF",6002,0,0,"monfrague",12,9
"Shrub",13653,0,0,"monfrague",12,9
"WaterSurf",15572,60,0.39,"monfrague",12,9
"ArtSurf",2849,0,0,"monfrague",12,10
"Crop",1332,0,0,"monfrague",12,10
"Dehesa",17271,0,0,"monfrague",12,10
"Grass",5942,1,0.02,"monfrague",12,10
"HydroRipVeg",2264,5,0.22,"monfrague",12,10
"MedSclF",34504,0,0,"monfrague",12,10
"MedScrub",121317,0,0,"monfrague",12,10
"Reforestation",22719,0,0,"monfrague",12,10
"RipF",1179,0,0,"monfrague",12,10
"RockScreeVeg",16028,0,0,"monfrague",12,10
"SMedMarF",6002,0,0,"monfrague",12,10
"Shrub",13653,0,0,"monfrague",12,10
"WaterSurf",15572,13,0.08,"monfrague",12,10
"ArtSurf",2849,0,0,"monfrague",12,11
"Crop",1332,0,0,"monfrague",12,11
"Dehesa",17271,0,0,"monfrague",12,11
"Grass",5942,0,0,"monfrague",12,11
"HydroRipVeg",2264,0,0,"monfrague",12,11
"MedSclF",34504,0,0,"monfrague",12,11
"MedScrub",121317,0,0,"monfrague",12,11
"Reforestation",22719,0,0,"monfrague",12,11
"RipF",1179,0,0,"monfrague",12,11
"RockScreeVeg",16028,0,0,"monfrague",12,11
"SMedMarF",6002,0,0,"monfrague",12,11
"Shrub",13653,0,0,"monfrague",12,11
"WaterSurf",15572,7,0.04,"monfrague",12,11
"ArtSurf",2849,0,0,"monfrague",12,12
"Crop",1332,0,0,"monfrague",12,12
"Dehesa",17271,0,0,"monfrague",12,12
"Grass",5942,0,0,"monfrague",12,12
"HydroRipVeg",2264,0,0,"monfrague",12,12
"MedSclF",34504,0,0,"monfrague",12,12
"MedScrub",121317,0,0,"monfrague",12,12
"Reforestation",22719,0,0,"monfrague",12,12
"RipF",1179,0,0,"monfrague",12,12
"RockScreeVeg",16028,0,0,"monfrague",12,12
"SMedMarF",6002,0,0,"monfrague",12,12
"Shrub",13653,0,0,"monfrague",12,12
"WaterSurf",15572,0,0,"monfrague",12,12
"AlpConF",27586,0,0,"ordesa",1,1
"AlpScrGr",100261,0,0,"ordesa",1,1
"ArtSurf",26,0,0,"ordesa",1,1
"BareArea",3,0,0,"ordesa",1,1
"Grass",21109,0,0,"ordesa",1,1
"HydroRipVeg",204,0,0,"ordesa",1,1
"MedSclF",4221,0,0,"ordesa",1,1
"RipF",860,0,0,"ordesa",1,1
"RockScreeVeg",8836,0,0,"ordesa",1,1
"SMedMarF",1656,0,0,"ordesa",1,1
"Shrub",7570,0,0,"ordesa",1,1
"TempDecF",20036,0,0,"ordesa",1,1
"WaterSurf",20,0,0,"ordesa",1,1
"AlpConF",27603,4028,14.59,"ordesa",1,2
"AlpScrGr",102251,6953,6.8,"ordesa",1,2
"ArtSurf",26,4,15.38,"ordesa",1,2
"BareArea",203,0,0,"ordesa",1,2
"Grass",21113,3334,15.79,"ordesa",1,2
"HydroRipVeg",214,0,0,"ordesa",1,2
"MedSclF",4236,219,5.17,"ordesa",1,2
"RipF",860,138,16.05,"ordesa",1,2
"RockScreeVeg",13046,612,4.69,"ordesa",1,2
"SMedMarF",1671,206,12.33,"ordesa",1,2
"Shrub",7575,1203,15.88,"ordesa",1,2
"TempDecF",20084,2983,14.85,"ordesa",1,2
"WaterSurf",68,0,0,"ordesa",1,2
"AlpConF",27618,70,0.25,"ordesa",1,3
"AlpScrGr",101805,974,0.96,"ordesa",1,3
"ArtSurf",26,0,0,"ordesa",1,3
"BareArea",493,0,0,"ordesa",1,3
"Grass",21113,397,1.88,"ordesa",1,3
"HydroRipVeg",207,0,0,"ordesa",1,3
"MedSclF",4251,0,0,"ordesa",1,3
"RipF",860,6,0.7,"ordesa",1,3
"RockScreeVeg",11546,24,0.21,"ordesa",1,3
"SMedMarF",1671,2,0.12,"ordesa",1,3
"Shrub",7598,83,1.09,"ordesa",1,3
"TempDecF",20202,12,0.06,"ordesa",1,3
"WaterSurf",32,0,0,"ordesa",1,3
"AlpConF",27612,0,0,"ordesa",1,4
"AlpScrGr",99996,0,0,"ordesa",1,4
"ArtSurf",26,0,0,"ordesa",1,4
"Grass",21111,0,0,"ordesa",1,4
"HydroRipVeg",204,0,0,"ordesa",1,4
"MedSclF",4251,0,0,"ordesa",1,4
"RipF",860,0,0,"ordesa",1,4
"RockScreeVeg",8573,0,0,"ordesa",1,4
"SMedMarF",1671,0,0,"ordesa",1,4
"Shrub",7601,0,0,"ordesa",1,4
"TempDecF",20198,0,0,"ordesa",1,4
"WaterSurf",20,0,0,"ordesa",1,4
"AlpConF",28066,0,0,"ordesa",1,5
"AlpScrGr",98680,0,0,"ordesa",1,5
"ArtSurf",26,0,0,"ordesa",1,5
"Grass",21108,0,0,"ordesa",1,5
"HydroRipVeg",154,0,0,"ordesa",1,5
"MedSclF",4268,0,0,"ordesa",1,5
"RipF",865,0,0,"ordesa",1,5
"RockScreeVeg",8425,0,0,"ordesa",1,5
"SMedMarF",1749,0,0,"ordesa",1,5
"Shrub",7687,0,0,"ordesa",1,5
"TempDecF",20584,0,0,"ordesa",1,5
"WaterSurf",20,0,0,"ordesa",1,5
"AlpConF",28021,0,0,"ordesa",1,6
"AlpScrGr",100050,0,0,"ordesa",1,6
"ArtSurf",26,0,0,"ordesa",1,6
"Grass",21113,0,0,"ordesa",1,6
"HydroRipVeg",204,0,0,"ordesa",1,6
"MedSclF",4300,0,0,"ordesa",1,6
"RipF",866,0,0,"ordesa",1,6
"RockScreeVeg",8576,0,0,"ordesa",1,6
"SMedMarF",1746,0,0,"ordesa",1,6
"Shrub",7723,0,0,"ordesa",1,6
"TempDecF",20580,0,0,"ordesa",1,6
"WaterSurf",20,0,0,"ordesa",1,6
"AlpConF",28948,0,0,"ordesa",1,7
"AlpScrGr",104262,0,0,"ordesa",1,7
"ArtSurf",26,0,0,"ordesa",1,7
"Grass",21154,0,0,"ordesa",1,7
"HydroRipVeg",233,0,0,"ordesa",1,7
"MedSclF",4301,0,0,"ordesa",1,7
"RipF",874,0,0,"ordesa",1,7
"RockScreeVeg",9863,0,0,"ordesa",1,7
"SMedMarF",1812,0,0,"ordesa",1,7
"Shrub",7815,0,0,"ordesa",1,7
"TempDecF",21294,0,0,"ordesa",1,7
"WaterSurf",20,0,0,"ordesa",1,7
"AlpConF",28937,0,0,"ordesa",1,8
"AlpScrGr",104944,0,0,"ordesa",1,8
"ArtSurf",26,0,0,"ordesa",1,8
"Grass",21154,0,0,"ordesa",1,8
"HydroRipVeg",263,0,0,"ordesa",1,8
"MedSclF",4300,0,0,"ordesa",1,8
"RipF",874,0,0,"ordesa",1,8
"RockScreeVeg",11345,0,0,"ordesa",1,8
"SMedMarF",1810,0,0,"ordesa",1,8
"Shrub",7807,0,0,"ordesa",1,8
"TempDecF",21266,0,0,"ordesa",1,8
"WaterSurf",115,0,0,"ordesa",1,8
"AlpConF",28538,0,0,"ordesa",1,9
"AlpScrGr",105456,0,0,"ordesa",1,9
"ArtSurf",26,0,0,"ordesa",1,9
"Grass",21154,0,0,"ordesa",1,9
"HydroRipVeg",269,0,0,"ordesa",1,9
"MedSclF",4283,0,0,"ordesa",1,9
"RipF",870,0,0,"ordesa",1,9
"RockScreeVeg",11379,0,0,"ordesa",1,9
"SMedMarF",1757,0,0,"ordesa",1,9
"Shrub",7719,0,0,"ordesa",1,9
"TempDecF",20868,0,0,"ordesa",1,9
"WaterSurf",89,0,0,"ordesa",1,9
"AlpConF",27643,0,0,"ordesa",1,10
"AlpScrGr",100960,0,0,"ordesa",1,10
"ArtSurf",26,0,0,"ordesa",1,10
"Grass",21116,0,0,"ordesa",1,10
"HydroRipVeg",204,0,0,"ordesa",1,10
"MedSclF",4251,0,0,"ordesa",1,10
"RipF",860,0,0,"ordesa",1,10
"RockScreeVeg",8803,0,0,"ordesa",1,10
"SMedMarF",1672,0,0,"ordesa",1,10
"Shrub",7599,0,0,"ordesa",1,10
"TempDecF",20208,0,0,"ordesa",1,10
"WaterSurf",20,0,0,"ordesa",1,10
"AlpConF",27604,0,0,"ordesa",1,11
"AlpScrGr",100100,0,0,"ordesa",1,11
"ArtSurf",26,0,0,"ordesa",1,11
"BareArea",2,0,0,"ordesa",1,11
"Grass",21102,0,0,"ordesa",1,11
"HydroRipVeg",204,0,0,"ordesa",1,11
"MedSclF",4249,0,0,"ordesa",1,11
"RipF",860,0,0,"ordesa",1,11
"RockScreeVeg",8649,0,0,"ordesa",1,11
"SMedMarF",1645,0,0,"ordesa",1,11
"Shrub",7577,0,0,"ordesa",1,11
"TempDecF",20167,0,0,"ordesa",1,11
"WaterSurf",20,0,0,"ordesa",1,11
"AlpConF",27351,0,0,"ordesa",1,12
"AlpScrGr",99970,0,0,"ordesa",1,12
"ArtSurf",26,0,0,"ordesa",1,12
"Grass",21101,0,0,"ordesa",1,12
"HydroRipVeg",204,0,0,"ordesa",1,12
"MedSclF",4190,0,0,"ordesa",1,12
"RipF",854,0,0,"ordesa",1,12
"RockScreeVeg",8568,0,0,"ordesa",1,12
"SMedMarF",1625,0,0,"ordesa",1,12
"Shrub",7507,0,0,"ordesa",1,12
"TempDecF",19766,0,0,"ordesa",1,12
"WaterSurf",20,0,0,"ordesa",1,12
"AlpConF",27586,0,0,"ordesa",3,1
"AlpScrGr",100261,0,0,"ordesa",3,1
"ArtSurf",26,0,0,"ordesa",3,1
"BareArea",3,0,0,"ordesa",3,1
"Grass",21109,0,0,"ordesa",3,1
"HydroRipVeg",204,0,0,"ordesa",3,1
"MedSclF",4221,0,0,"ordesa",3,1
"RipF",860,0,0,"ordesa",3,1
"RockScreeVeg",8836,0,0,"ordesa",3,1
"SMedMarF",1656,0,0,"ordesa",3,1
"Shrub",7570,0,0,"ordesa",3,1
"TempDecF",20036,0,0,"ordesa",3,1
"WaterSurf",20,0,0,"ordesa",3,1
"AlpConF",27603,0,0,"ordesa",3,2
"AlpScrGr",102251,0,0,"ordesa",3,2
"ArtSurf",26,0,0,"ordesa",3,2
"BareArea",203,0,0,"ordesa",3,2
"Grass",21113,0,0,"ordesa",3,2
"HydroRipVeg",214,0,0,"ordesa",3,2
"MedSclF",4236,0,0,"ordesa",3,2
"RipF",860,0,0,"ordesa",3,2
"RockScreeVeg",13046,0,0,"ordesa",3,2
"SMedMarF",1671,0,0,"ordesa",3,2
"Shrub",7575,0,0,"ordesa",3,2
"TempDecF",20084,0,0,"ordesa",3,2
"WaterSurf",68,0,0,"ordesa",3,2
"AlpConF",27618,4821,17.46,"ordesa",3,3
"AlpScrGr",101805,41803,41.06,"ordesa",3,3
"ArtSurf",26,2,7.69,"ordesa",3,3
"BareArea",493,14,2.84,"ordesa",3,3
"Grass",21113,14687,69.56,"ordesa",3,3
"HydroRipVeg",207,24,11.59,"ordesa",3,3
"MedSclF",4251,108,2.54,"ordesa",3,3
"RipF",860,272,31.63,"ordesa",3,3
"RockScreeVeg",11546,1642,14.22,"ordesa",3,3
"SMedMarF",1671,205,12.27,"ordesa",3,3
"Shrub",7598,2430,31.98,"ordesa",3,3
"TempDecF",20202,2878,14.25,"ordesa",3,3
"WaterSurf",32,1,3.12,"ordesa",3,3
"AlpConF",27612,7,0.03,"ordesa",3,4
"AlpScrGr",99996,195,0.2,"ordesa",3,4
"ArtSurf",26,0,0,"ordesa",3,4
"Grass",21111,4,0.02,"ordesa",3,4
"HydroRipVeg",204,0,0,"ordesa",3,4
"MedSclF",4251,0,0,"ordesa",3,4
"RipF",860,0,0,"ordesa",3,4
"RockScreeVeg",8573,2,0.02,"ordesa",3,4
"SMedMarF",1671,0,0,"ordesa",3,4
"Shrub",7601,0,0,"ordesa",3,4
"TempDecF",20198,0,0,"ordesa",3,4
"WaterSurf",20,0,0,"ordesa",3,4
"AlpConF",28066,225,0.8,"ordesa",3,5
"AlpScrGr",98680,6105,6.19,"ordesa",3,5
"ArtSurf",26,0,0,"ordesa",3,5
"Grass",21108,1738,8.23,"ordesa",3,5
"HydroRipVeg",154,1,0.65,"ordesa",3,5
"MedSclF",4268,37,0.87,"ordesa",3,5
"RipF",865,10,1.16,"ordesa",3,5
"RockScreeVeg",8425,251,2.98,"ordesa",3,5
"SMedMarF",1749,12,0.69,"ordesa",3,5
"Shrub",7687,200,2.6,"ordesa",3,5
"TempDecF",20584,58,0.28,"ordesa",3,5
"WaterSurf",20,0,0,"ordesa",3,5
"AlpConF",28021,0,0,"ordesa",3,6
"AlpScrGr",100050,0,0,"ordesa",3,6
"ArtSurf",26,0,0,"ordesa",3,6
"Grass",21113,0,0,"ordesa",3,6
"HydroRipVeg",204,0,0,"ordesa",3,6
"MedSclF",4300,0,0,"ordesa",3,6
"RipF",866,0,0,"ordesa",3,6
"RockScreeVeg",8576,0,0,"ordesa",3,6
"SMedMarF",1746,0,0,"ordesa",3,6
"Shrub",7723,0,0,"ordesa",3,6
"TempDecF",20580,0,0,"ordesa",3,6
"WaterSurf",20,0,0,"ordesa",3,6
"AlpConF",28948,0,0,"ordesa",3,7
"AlpScrGr",104262,0,0,"ordesa",3,7
"ArtSurf",26,0,0,"ordesa",3,7
"Grass",21154,0,0,"ordesa",3,7
"HydroRipVeg",233,0,0,"ordesa",3,7
"MedSclF",4301,0,0,"ordesa",3,7
"RipF",874,0,0,"ordesa",3,7
"RockScreeVeg",9863,0,0,"ordesa",3,7
"SMedMarF",1812,0,0,"ordesa",3,7
"Shrub",7815,0,0,"ordesa",3,7
"TempDecF",21294,0,0,"ordesa",3,7
"WaterSurf",20,0,0,"ordesa",3,7
"AlpConF",28937,0,0,"ordesa",3,8
"AlpScrGr",104944,55,0.05,"ordesa",3,8
"ArtSurf",26,0,0,"ordesa",3,8
"Grass",21154,0,0,"ordesa",3,8
"HydroRipVeg",263,0,0,"ordesa",3,8
"MedSclF",4300,0,0,"ordesa",3,8
"RipF",874,0,0,"ordesa",3,8
"RockScreeVeg",11345,80,0.71,"ordesa",3,8
"SMedMarF",1810,0,0,"ordesa",3,8
"Shrub",7807,0,0,"ordesa",3,8
"TempDecF",21266,2,0.01,"ordesa",3,8
"WaterSurf",115,17,14.78,"ordesa",3,8
"AlpConF",28538,0,0,"ordesa",3,9
"AlpScrGr",105456,0,0,"ordesa",3,9
"ArtSurf",26,0,0,"ordesa",3,9
"Grass",21154,0,0,"ordesa",3,9
"HydroRipVeg",269,0,0,"ordesa",3,9
"MedSclF",4283,0,0,"ordesa",3,9
"RipF",870,0,0,"ordesa",3,9
"RockScreeVeg",11379,0,0,"ordesa",3,9
"SMedMarF",1757,0,0,"ordesa",3,9
"Shrub",7719,0,0,"ordesa",3,9
"TempDecF",20868,0,0,"ordesa",3,9
"WaterSurf",89,0,0,"ordesa",3,9
"AlpConF",27643,0,0,"ordesa",3,10
"AlpScrGr",100960,0,0,"ordesa",3,10
"ArtSurf",26,0,0,"ordesa",3,10
"Grass",21116,0,0,"ordesa",3,10
"HydroRipVeg",204,0,0,"ordesa",3,10
"MedSclF",4251,0,0,"ordesa",3,10
"RipF",860,0,0,"ordesa",3,10
"RockScreeVeg",8803,0,0,"ordesa",3,10
"SMedMarF",1672,0,0,"ordesa",3,10
"Shrub",7599,0,0,"ordesa",3,10
"TempDecF",20208,0,0,"ordesa",3,10
"WaterSurf",20,0,0,"ordesa",3,10
"AlpConF",27604,0,0,"ordesa",3,11
"AlpScrGr",100100,0,0,"ordesa",3,11
"ArtSurf",26,0,0,"ordesa",3,11
"BareArea",2,0,0,"ordesa",3,11
"Grass",21102,0,0,"ordesa",3,11
"HydroRipVeg",204,0,0,"ordesa",3,11
"MedSclF",4249,0,0,"ordesa",3,11
"RipF",860,0,0,"ordesa",3,11
"RockScreeVeg",8649,0,0,"ordesa",3,11
"SMedMarF",1645,0,0,"ordesa",3,11
"Shrub",7577,0,0,"ordesa",3,11
"TempDecF",20167,0,0,"ordesa",3,11
"WaterSurf",20,0,0,"ordesa",3,11
"AlpConF",27351,0,0,"ordesa",3,12
"AlpScrGr",99970,1,0,"ordesa",3,12
"ArtSurf",26,0,0,"ordesa",3,12
"Grass",21101,0,0,"ordesa",3,12
"HydroRipVeg",204,0,0,"ordesa",3,12
"MedSclF",4190,0,0,"ordesa",3,12
"RipF",854,0,0,"ordesa",3,12
"RockScreeVeg",8568,0,0,"ordesa",3,12
"SMedMarF",1625,0,0,"ordesa",3,12
"Shrub",7507,0,0,"ordesa",3,12
"TempDecF",19766,0,0,"ordesa",3,12
"WaterSurf",20,0,0,"ordesa",3,12
"AlpConF",27586,0,0,"ordesa",6,1
"AlpScrGr",100261,0,0,"ordesa",6,1
"ArtSurf",26,0,0,"ordesa",6,1
"BareArea",3,0,0,"ordesa",6,1
"Grass",21109,0,0,"ordesa",6,1
"HydroRipVeg",204,0,0,"ordesa",6,1
"MedSclF",4221,0,0,"ordesa",6,1
"RipF",860,0,0,"ordesa",6,1
"RockScreeVeg",8836,0,0,"ordesa",6,1
"SMedMarF",1656,0,0,"ordesa",6,1
"Shrub",7570,0,0,"ordesa",6,1
"TempDecF",20036,0,0,"ordesa",6,1
"WaterSurf",20,0,0,"ordesa",6,1
"AlpConF",27603,0,0,"ordesa",6,2
"AlpScrGr",102251,0,0,"ordesa",6,2
"ArtSurf",26,0,0,"ordesa",6,2
"BareArea",203,0,0,"ordesa",6,2
"Grass",21113,0,0,"ordesa",6,2
"HydroRipVeg",214,0,0,"ordesa",6,2
"MedSclF",4236,0,0,"ordesa",6,2
"RipF",860,0,0,"ordesa",6,2
"RockScreeVeg",13046,0,0,"ordesa",6,2
"SMedMarF",1671,0,0,"ordesa",6,2
"Shrub",7575,0,0,"ordesa",6,2
"TempDecF",20084,0,0,"ordesa",6,2
"WaterSurf",68,0,0,"ordesa",6,2
"AlpConF",27618,939,3.4,"ordesa",6,3
"AlpScrGr",101805,7540,7.41,"ordesa",6,3
"ArtSurf",26,0,0,"ordesa",6,3
"BareArea",493,0,0,"ordesa",6,3
"Grass",21113,2750,13.03,"ordesa",6,3
"HydroRipVeg",207,6,2.9,"ordesa",6,3
"MedSclF",4251,7,0.16,"ordesa",6,3
"RipF",860,121,14.07,"ordesa",6,3
"RockScreeVeg",11546,174,1.51,"ordesa",6,3
"SMedMarF",1671,22,1.32,"ordesa",6,3
"Shrub",7598,258,3.4,"ordesa",6,3
"TempDecF",20202,730,3.61,"ordesa",6,3
"WaterSurf",32,0,0,"ordesa",6,3
"AlpConF",27612,0,0,"ordesa",6,4
"AlpScrGr",99996,1,0,"ordesa",6,4
"ArtSurf",26,0,0,"ordesa",6,4
"Grass",21111,0,0,"ordesa",6,4
"HydroRipVeg",204,0,0,"ordesa",6,4
"MedSclF",4251,0,0,"ordesa",6,4
"RipF",860,0,0,"ordesa",6,4
"RockScreeVeg",8573,0,0,"ordesa",6,4
"SMedMarF",1671,0,0,"ordesa",6,4
"Shrub",7601,0,0,"ordesa",6,4
"TempDecF",20198,0,0,"ordesa",6,4
"WaterSurf",20,0,0,"ordesa",6,4
"AlpConF",28066,7,0.02,"ordesa",6,5
"AlpScrGr",98680,481,0.49,"ordesa",6,5
"ArtSurf",26,0,0,"ordesa",6,5
"Grass",21108,324,1.53,"ordesa",6,5
"HydroRipVeg",154,0,0,"ordesa",6,5
"MedSclF",4268,0,0,"ordesa",6,5
"RipF",865,9,1.04,"ordesa",6,5
"RockScreeVeg",8425,58,0.69,"ordesa",6,5
"SMedMarF",1749,0,0,"ordesa",6,5
"Shrub",7687,5,0.07,"ordesa",6,5
"TempDecF",20584,13,0.06,"ordesa",6,5
"WaterSurf",20,0,0,"ordesa",6,5
"AlpConF",28021,60,0.21,"ordesa",6,6
"AlpScrGr",100050,6156,6.15,"ordesa",6,6
"ArtSurf",26,0,0,"ordesa",6,6
"Grass",21113,436,2.07,"ordesa",6,6
"HydroRipVeg",204,5,2.45,"ordesa",6,6
"MedSclF",4300,4,0.09,"ordesa",6,6
"RipF",866,59,6.81,"ordesa",6,6
"RockScreeVeg",8576,288,3.36,"ordesa",6,6
"SMedMarF",1746,3,0.17,"ordesa",6,6
"Shrub",7723,30,0.39,"ordesa",6,6
"TempDecF",20580,49,0.24,"ordesa",6,6
"WaterSurf",20,0,0,"ordesa",6,6
"AlpConF",28948,29,0.1,"ordesa",6,7
"AlpScrGr",104262,2836,2.72,"ordesa",6,7
"ArtSurf",26,0,0,"ordesa",6,7
"Grass",21154,68,0.32,"ordesa",6,7
"HydroRipVeg",233,0,0,"ordesa",6,7
"MedSclF",4301,0,0,"ordesa",6,7
"RipF",874,24,2.75,"ordesa",6,7
"RockScreeVeg",9863,516,5.23,"ordesa",6,7
"SMedMarF",1812,0,0,"ordesa",6,7
"Shrub",7815,4,0.05,"ordesa",6,7
"TempDecF",21294,16,0.08,"ordesa",6,7
"WaterSurf",20,0,0,"ordesa",6,7
"AlpConF",28937,0,0,"ordesa",6,8
"AlpScrGr",104944,0,0,"ordesa",6,8
"ArtSurf",26,0,0,"ordesa",6,8
"Grass",21154,0,0,"ordesa",6,8
"HydroRipVeg",263,0,0,"ordesa",6,8
"MedSclF",4300,0,0,"ordesa",6,8
"RipF",874,0,0,"ordesa",6,8
"RockScreeVeg",11345,0,0,"ordesa",6,8
"SMedMarF",1810,0,0,"ordesa",6,8
"Shrub",7807,0,0,"ordesa",6,8
"TempDecF",21266,0,0,"ordesa",6,8
"WaterSurf",115,0,0,"ordesa",6,8
"AlpConF",28538,0,0,"ordesa",6,9
"AlpScrGr",105456,0,0,"ordesa",6,9
"ArtSurf",26,0,0,"ordesa",6,9
"Grass",21154,0,0,"ordesa",6,9
"HydroRipVeg",269,0,0,"ordesa",6,9
"MedSclF",4283,0,0,"ordesa",6,9
"RipF",870,0,0,"ordesa",6,9
"RockScreeVeg",11379,0,0,"ordesa",6,9
"SMedMarF",1757,0,0,"ordesa",6,9
"Shrub",7719,0,0,"ordesa",6,9
"TempDecF",20868,0,0,"ordesa",6,9
"WaterSurf",89,0,0,"ordesa",6,9
"AlpConF",27643,0,0,"ordesa",6,10
"AlpScrGr",100960,0,0,"ordesa",6,10
"ArtSurf",26,0,0,"ordesa",6,10
"Grass",21116,0,0,"ordesa",6,10
"HydroRipVeg",204,0,0,"ordesa",6,10
"MedSclF",4251,0,0,"ordesa",6,10
"RipF",860,0,0,"ordesa",6,10
"RockScreeVeg",8803,0,0,"ordesa",6,10
"SMedMarF",1672,0,0,"ordesa",6,10
"Shrub",7599,0,0,"ordesa",6,10
"TempDecF",20208,0,0,"ordesa",6,10
"WaterSurf",20,0,0,"ordesa",6,10
"AlpConF",27604,0,0,"ordesa",6,11
"AlpScrGr",100100,0,0,"ordesa",6,11
"ArtSurf",26,0,0,"ordesa",6,11
"BareArea",2,0,0,"ordesa",6,11
"Grass",21102,0,0,"ordesa",6,11
"HydroRipVeg",204,0,0,"ordesa",6,11
"MedSclF",4249,0,0,"ordesa",6,11
"RipF",860,0,0,"ordesa",6,11
"RockScreeVeg",8649,0,0,"ordesa",6,11
"SMedMarF",1645,0,0,"ordesa",6,11
"Shrub",7577,0,0,"ordesa",6,11
"TempDecF",20167,0,0,"ordesa",6,11
"WaterSurf",20,0,0,"ordesa",6,11
"AlpConF",27351,0,0,"ordesa",6,12
"AlpScrGr",99970,1,0,"ordesa",6,12
"ArtSurf",26,0,0,"ordesa",6,12
"Grass",21101,0,0,"ordesa",6,12
"HydroRipVeg",204,0,0,"ordesa",6,12
"MedSclF",4190,0,0,"ordesa",6,12
"RipF",854,0,0,"ordesa",6,12
"RockScreeVeg",8568,0,0,"ordesa",6,12
"SMedMarF",1625,0,0,"ordesa",6,12
"Shrub",7507,0,0,"ordesa",6,12
"TempDecF",19766,0,0,"ordesa",6,12
"WaterSurf",20,0,0,"ordesa",6,12
"AlpConF",27586,0,0,"ordesa",9,1
"AlpScrGr",100261,0,0,"ordesa",9,1
"ArtSurf",26,0,0,"ordesa",9,1
"BareArea",3,0,0,"ordesa",9,1
"Grass",21109,0,0,"ordesa",9,1
"HydroRipVeg",204,0,0,"ordesa",9,1
"MedSclF",4221,0,0,"ordesa",9,1
"RipF",860,0,0,"ordesa",9,1
"RockScreeVeg",8836,0,0,"ordesa",9,1
"SMedMarF",1656,0,0,"ordesa",9,1
"Shrub",7570,0,0,"ordesa",9,1
"TempDecF",20036,0,0,"ordesa",9,1
"WaterSurf",20,0,0,"ordesa",9,1
"AlpConF",27603,0,0,"ordesa",9,2
"AlpScrGr",102251,0,0,"ordesa",9,2
"ArtSurf",26,0,0,"ordesa",9,2
"BareArea",203,0,0,"ordesa",9,2
"Grass",21113,0,0,"ordesa",9,2
"HydroRipVeg",214,0,0,"ordesa",9,2
"MedSclF",4236,0,0,"ordesa",9,2
"RipF",860,0,0,"ordesa",9,2
"RockScreeVeg",13046,0,0,"ordesa",9,2
"SMedMarF",1671,0,0,"ordesa",9,2
"Shrub",7575,0,0,"ordesa",9,2
"TempDecF",20084,0,0,"ordesa",9,2
"WaterSurf",68,0,0,"ordesa",9,2
"AlpConF",27618,177,0.64,"ordesa",9,3
"AlpScrGr",101805,1374,1.35,"ordesa",9,3
"ArtSurf",26,0,0,"ordesa",9,3
"BareArea",493,0,0,"ordesa",9,3
"Grass",21113,202,0.96,"ordesa",9,3
"HydroRipVeg",207,0,0,"ordesa",9,3
"MedSclF",4251,0,0,"ordesa",9,3
"RipF",860,24,2.79,"ordesa",9,3
"RockScreeVeg",11546,24,0.21,"ordesa",9,3
"SMedMarF",1671,0,0,"ordesa",9,3
"Shrub",7598,5,0.07,"ordesa",9,3
"TempDecF",20202,86,0.43,"ordesa",9,3
"WaterSurf",32,0,0,"ordesa",9,3
"AlpConF",27612,0,0,"ordesa",9,4
"AlpScrGr",99996,0,0,"ordesa",9,4
"ArtSurf",26,0,0,"ordesa",9,4
"Grass",21111,0,0,"ordesa",9,4
"HydroRipVeg",204,0,0,"ordesa",9,4
"MedSclF",4251,0,0,"ordesa",9,4
"RipF",860,0,0,"ordesa",9,4
"RockScreeVeg",8573,0,0,"ordesa",9,4
"SMedMarF",1671,0,0,"ordesa",9,4
"Shrub",7601,0,0,"ordesa",9,4
"TempDecF",20198,0,0,"ordesa",9,4
"WaterSurf",20,0,0,"ordesa",9,4
"AlpConF",28066,0,0,"ordesa",9,5
"AlpScrGr",98680,0,0,"ordesa",9,5
"ArtSurf",26,0,0,"ordesa",9,5
"Grass",21108,2,0.01,"ordesa",9,5
"HydroRipVeg",154,0,0,"ordesa",9,5
"MedSclF",4268,0,0,"ordesa",9,5
"RipF",865,0,0,"ordesa",9,5
"RockScreeVeg",8425,0,0,"ordesa",9,5
"SMedMarF",1749,0,0,"ordesa",9,5
"Shrub",7687,0,0,"ordesa",9,5
"TempDecF",20584,0,0,"ordesa",9,5
"WaterSurf",20,0,0,"ordesa",9,5
"AlpConF",28021,0,0,"ordesa",9,6
"AlpScrGr",100050,150,0.15,"ordesa",9,6
"ArtSurf",26,0,0,"ordesa",9,6
"Grass",21113,24,0.11,"ordesa",9,6
"HydroRipVeg",204,0,0,"ordesa",9,6
"MedSclF",4300,0,0,"ordesa",9,6
"RipF",866,13,1.5,"ordesa",9,6
"RockScreeVeg",8576,5,0.06,"ordesa",9,6
"SMedMarF",1746,0,0,"ordesa",9,6
"Shrub",7723,0,0,"ordesa",9,6
"TempDecF",20580,4,0.02,"ordesa",9,6
"WaterSurf",20,0,0,"ordesa",9,6
"AlpConF",28948,2,0.01,"ordesa",9,7
"AlpScrGr",104262,158,0.15,"ordesa",9,7
"ArtSurf",26,0,0,"ordesa",9,7
"Grass",21154,15,0.07,"ordesa",9,7
"HydroRipVeg",233,0,0,"ordesa",9,7
"MedSclF",4301,0,0,"ordesa",9,7
"RipF",874,30,3.43,"ordesa",9,7
"RockScreeVeg",9863,15,0.15,"ordesa",9,7
"SMedMarF",1812,0,0,"ordesa",9,7
"Shrub",7815,0,0,"ordesa",9,7
"TempDecF",21294,8,0.04,"ordesa",9,7
"WaterSurf",20,0,0,"ordesa",9,7
"AlpConF",28937,11,0.04,"ordesa",9,8
"AlpScrGr",104944,973,0.93,"ordesa",9,8
"ArtSurf",26,0,0,"ordesa",9,8
"Grass",21154,0,0,"ordesa",9,8
"HydroRipVeg",263,0,0,"ordesa",9,8
"MedSclF",4300,0,0,"ordesa",9,8
"RipF",874,8,0.92,"ordesa",9,8
"RockScreeVeg",11345,478,4.21,"ordesa",9,8
"SMedMarF",1810,0,0,"ordesa",9,8
"Shrub",7807,0,0,"ordesa",9,8
"TempDecF",21266,1,0,"ordesa",9,8
"WaterSurf",115,2,1.74,"ordesa",9,8
"AlpConF",28538,2,0.01,"ordesa",9,9
"AlpScrGr",105456,17,0.02,"ordesa",9,9
"ArtSurf",26,0,0,"ordesa",9,9
"Grass",21154,0,0,"ordesa",9,9
"HydroRipVeg",269,0,0,"ordesa",9,9
"MedSclF",4283,0,0,"ordesa",9,9
"RipF",870,1,0.11,"ordesa",9,9
"RockScreeVeg",11379,49,0.43,"ordesa",9,9
"SMedMarF",1757,0,0,"ordesa",9,9
"Shrub",7719,0,0,"ordesa",9,9
"TempDecF",20868,0,0,"ordesa",9,9
"WaterSurf",89,0,0,"ordesa",9,9
"AlpConF",27643,0,0,"ordesa",9,10
"AlpScrGr",100960,0,0,"ordesa",9,10
"ArtSurf",26,0,0,"ordesa",9,10
"Grass",21116,0,0,"ordesa",9,10
"HydroRipVeg",204,0,0,"ordesa",9,10
"MedSclF",4251,0,0,"ordesa",9,10
"RipF",860,0,0,"ordesa",9,10
"RockScreeVeg",8803,0,0,"ordesa",9,10
"SMedMarF",1672,0,0,"ordesa",9,10
"Shrub",7599,0,0,"ordesa",9,10
"TempDecF",20208,0,0,"ordesa",9,10
"WaterSurf",20,0,0,"ordesa",9,10
"AlpConF",27604,0,0,"ordesa",9,11
"AlpScrGr",100100,0,0,"ordesa",9,11
"ArtSurf",26,0,0,"ordesa",9,11
"BareArea",2,0,0,"ordesa",9,11
"Grass",21102,0,0,"ordesa",9,11
"HydroRipVeg",204,0,0,"ordesa",9,11
"MedSclF",4249,0,0,"ordesa",9,11
"RipF",860,0,0,"ordesa",9,11
"RockScreeVeg",8649,0,0,"ordesa",9,11
"SMedMarF",1645,0,0,"ordesa",9,11
"Shrub",7577,0,0,"ordesa",9,11
"TempDecF",20167,0,0,"ordesa",9,11
"WaterSurf",20,0,0,"ordesa",9,11
"AlpConF",27351,0,0,"ordesa",9,12
"AlpScrGr",99970,0,0,"ordesa",9,12
"ArtSurf",26,0,0,"ordesa",9,12
"Grass",21101,0,0,"ordesa",9,12
"HydroRipVeg",204,0,0,"ordesa",9,12
"MedSclF",4190,0,0,"ordesa",9,12
"RipF",854,0,0,"ordesa",9,12
"RockScreeVeg",8568,0,0,"ordesa",9,12
"SMedMarF",1625,0,0,"ordesa",9,12
"Shrub",7507,0,0,"ordesa",9,12
"TempDecF",19766,0,0,"ordesa",9,12
"WaterSurf",20,0,0,"ordesa",9,12
"AlpConF",27586,0,0,"ordesa",12,1
"AlpScrGr",100261,0,0,"ordesa",12,1
"ArtSurf",26,0,0,"ordesa",12,1
"BareArea",3,0,0,"ordesa",12,1
"Grass",21109,0,0,"ordesa",12,1
"HydroRipVeg",204,0,0,"ordesa",12,1
"MedSclF",4221,0,0,"ordesa",12,1
"RipF",860,0,0,"ordesa",12,1
"RockScreeVeg",8836,0,0,"ordesa",12,1
"SMedMarF",1656,0,0,"ordesa",12,1
"Shrub",7570,0,0,"ordesa",12,1
"TempDecF",20036,0,0,"ordesa",12,1
"WaterSurf",20,0,0,"ordesa",12,1
"AlpConF",27603,0,0,"ordesa",12,2
"AlpScrGr",102251,0,0,"ordesa",12,2
"ArtSurf",26,0,0,"ordesa",12,2
"BareArea",203,0,0,"ordesa",12,2
"Grass",21113,0,0,"ordesa",12,2
"HydroRipVeg",214,0,0,"ordesa",12,2
"MedSclF",4236,0,0,"ordesa",12,2
"RipF",860,0,0,"ordesa",12,2
"RockScreeVeg",13046,0,0,"ordesa",12,2
"SMedMarF",1671,0,0,"ordesa",12,2
"Shrub",7575,0,0,"ordesa",12,2
"TempDecF",20084,0,0,"ordesa",12,2
"WaterSurf",68,0,0,"ordesa",12,2
"AlpConF",27618,602,2.18,"ordesa",12,3
"AlpScrGr",101805,5772,5.67,"ordesa",12,3
"ArtSurf",26,0,0,"ordesa",12,3
"BareArea",493,0,0,"ordesa",12,3
"Grass",21113,1076,5.1,"ordesa",12,3
"HydroRipVeg",207,4,1.93,"ordesa",12,3
"MedSclF",4251,3,0.07,"ordesa",12,3
"RipF",860,101,11.74,"ordesa",12,3
"RockScreeVeg",11546,202,1.75,"ordesa",12,3
"SMedMarF",1671,6,0.36,"ordesa",12,3
"Shrub",7598,30,0.39,"ordesa",12,3
"TempDecF",20202,334,1.65,"ordesa",12,3
"WaterSurf",32,0,0,"ordesa",12,3
"AlpConF",27612,0,0,"ordesa",12,4
"AlpScrGr",99996,0,0,"ordesa",12,4
"ArtSurf",26,0,0,"ordesa",12,4
"Grass",21111,0,0,"ordesa",12,4
"HydroRipVeg",204,0,0,"ordesa",12,4
"MedSclF",4251,0,0,"ordesa",12,4
"RipF",860,0,0,"ordesa",12,4
"RockScreeVeg",8573,0,0,"ordesa",12,4
"SMedMarF",1671,0,0,"ordesa",12,4
"Shrub",7601,0,0,"ordesa",12,4
"TempDecF",20198,0,0,"ordesa",12,4
"WaterSurf",20,0,0,"ordesa",12,4
"AlpConF",28066,0,0,"ordesa",12,5
"AlpScrGr",98680,81,0.08,"ordesa",12,5
"ArtSurf",26,0,0,"ordesa",12,5
"Grass",21108,24,0.11,"ordesa",12,5
"HydroRipVeg",154,0,0,"ordesa",12,5
"MedSclF",4268,0,0,"ordesa",12,5
"RipF",865,0,0,"ordesa",12,5
"RockScreeVeg",8425,5,0.06,"ordesa",12,5
"SMedMarF",1749,0,0,"ordesa",12,5
"Shrub",7687,0,0,"ordesa",12,5
"TempDecF",20584,0,0,"ordesa",12,5
"WaterSurf",20,0,0,"ordesa",12,5
"AlpConF",28021,0,0,"ordesa",12,6
"AlpScrGr",100050,0,0,"ordesa",12,6
"ArtSurf",26,0,0,"ordesa",12,6
"Grass",21113,0,0,"ordesa",12,6
"HydroRipVeg",204,0,0,"ordesa",12,6
"MedSclF",4300,0,0,"ordesa",12,6
"RipF",866,0,0,"ordesa",12,6
"RockScreeVeg",8576,0,0,"ordesa",12,6
"SMedMarF",1746,0,0,"ordesa",12,6
"Shrub",7723,0,0,"ordesa",12,6
"TempDecF",20580,0,0,"ordesa",12,6
"WaterSurf",20,0,0,"ordesa",12,6
"AlpConF",28948,0,0,"ordesa",12,7
"AlpScrGr",104262,0,0,"ordesa",12,7
"ArtSurf",26,0,0,"ordesa",12,7
"Grass",21154,0,0,"ordesa",12,7
"HydroRipVeg",233,0,0,"ordesa",12,7
"MedSclF",4301,0,0,"ordesa",12,7
"RipF",874,0,0,"ordesa",12,7
"RockScreeVeg",9863,0,0,"ordesa",12,7
"SMedMarF",1812,0,0,"ordesa",12,7
"Shrub",7815,0,0,"ordesa",12,7
"TempDecF",21294,0,0,"ordesa",12,7
"WaterSurf",20,0,0,"ordesa",12,7
"AlpConF",28937,4,0.01,"ordesa",12,8
"AlpScrGr",104944,821,0.78,"ordesa",12,8
"ArtSurf",26,0,0,"ordesa",12,8
"Grass",21154,0,0,"ordesa",12,8
"HydroRipVeg",263,0,0,"ordesa",12,8
"MedSclF",4300,0,0,"ordesa",12,8
"RipF",874,6,0.69,"ordesa",12,8
"RockScreeVeg",11345,335,2.95,"ordesa",12,8
"SMedMarF",1810,0,0,"ordesa",12,8
"Shrub",7807,0,0,"ordesa",12,8
"TempDecF",21266,1,0,"ordesa",12,8
"WaterSurf",115,2,1.74,"ordesa",12,8
"AlpConF",28538,0,0,"ordesa",12,9
"AlpScrGr",105456,13,0.01,"ordesa",12,9
"ArtSurf",26,0,0,"ordesa",12,9
"Grass",21154,0,0,"ordesa",12,9
"HydroRipVeg",269,0,0,"ordesa",12,9
"MedSclF",4283,0,0,"ordesa",12,9
"RipF",870,0,0,"ordesa",12,9
"RockScreeVeg",11379,67,0.59,"ordesa",12,9
"SMedMarF",1757,0,0,"ordesa",12,9
"Shrub",7719,0,0,"ordesa",12,9
"TempDecF",20868,0,0,"ordesa",12,9
"WaterSurf",89,0,0,"ordesa",12,9
"AlpConF",27643,0,0,"ordesa",12,10
"AlpScrGr",100960,0,0,"ordesa",12,10
"ArtSurf",26,0,0,"ordesa",12,10
"Grass",21116,0,0,"ordesa",12,10
"HydroRipVeg",204,0,0,"ordesa",12,10
"MedSclF",4251,0,0,"ordesa",12,10
"RipF",860,0,0,"ordesa",12,10
"RockScreeVeg",8803,0,0,"ordesa",12,10
"SMedMarF",1672,0,0,"ordesa",12,10
"Shrub",7599,0,0,"ordesa",12,10
"TempDecF",20208,0,0,"ordesa",12,10
"WaterSurf",20,0,0,"ordesa",12,10
"AlpConF",27604,0,0,"ordesa",12,11
"AlpScrGr",100100,0,0,"ordesa",12,11
"ArtSurf",26,0,0,"ordesa",12,11
"BareArea",2,0,0,"ordesa",12,11
"Grass",21102,0,0,"ordesa",12,11
"HydroRipVeg",204,0,0,"ordesa",12,11
"MedSclF",4249,0,0,"ordesa",12,11
"RipF",860,0,0,"ordesa",12,11
"RockScreeVeg",8649,0,0,"ordesa",12,11
"SMedMarF",1645,0,0,"ordesa",12,11
"Shrub",7577,0,0,"ordesa",12,11
"TempDecF",20167,0,0,"ordesa",12,11
"WaterSurf",20,0,0,"ordesa",12,11
"AlpConF",27351,0,0,"ordesa",12,12
"AlpScrGr",99970,0,0,"ordesa",12,12
"ArtSurf",26,0,0,"ordesa",12,12
"Grass",21101,0,0,"ordesa",12,12
"HydroRipVeg",204,0,0,"ordesa",12,12
"MedSclF",4190,0,0,"ordesa",12,12
"RipF",854,0,0,"ordesa",12,12
"RockScreeVeg",8568,0,0,"ordesa",12,12
"SMedMarF",1625,0,0,"ordesa",12,12
"Shrub",7507,0,0,"ordesa",12,12
"TempDecF",19766,0,0,"ordesa",12,12
"WaterSurf",20,0,0,"ordesa",12,12
"AlpScrGr",483629,0,0,"picoseuropa",1,1
"ArtSurf",2496,0,0,"picoseuropa",1,1
"AtlScrub",36465,0,0,"picoseuropa",1,1
"Crop",230,0,0,"picoseuropa",1,1
"Dehesa",60,0,0,"picoseuropa",1,1
"Grass",143161,0,0,"picoseuropa",1,1
"HydroRipVeg",808,0,0,"picoseuropa",1,1
"MedSclF",4576,0,0,"picoseuropa",1,1
"MedScrub",14993,0,0,"picoseuropa",1,1
"Reforestation",1264,0,0,"picoseuropa",1,1
"RipF",952,0,0,"picoseuropa",1,1
"RockScreeVeg",1117,0,0,"picoseuropa",1,1
"SMedMarF",8457,0,0,"picoseuropa",1,1
"Shrub",1579,0,0,"picoseuropa",1,1
"TempDecF",253477,0,0,"picoseuropa",1,1
"WaterSurf",715,0,0,"picoseuropa",1,1
"AlpScrGr",487132,0,0,"picoseuropa",1,2
"ArtSurf",2509,0,0,"picoseuropa",1,2
"AtlScrub",36902,0,0,"picoseuropa",1,2
"Crop",230,0,0,"picoseuropa",1,2
"Dehesa",71,0,0,"picoseuropa",1,2
"Grass",144344,0,0,"picoseuropa",1,2
"HydroRipVeg",811,0,0,"picoseuropa",1,2
"MedSclF",5374,0,0,"picoseuropa",1,2
"MedScrub",15105,0,0,"picoseuropa",1,2
"Reforestation",1269,0,0,"picoseuropa",1,2
"RipF",953,0,0,"picoseuropa",1,2
"RockScreeVeg",1134,0,0,"picoseuropa",1,2
"SMedMarF",8552,0,0,"picoseuropa",1,2
"Shrub",1597,0,0,"picoseuropa",1,2
"TempDecF",256029,0,0,"picoseuropa",1,2
"WaterSurf",737,0,0,"picoseuropa",1,2
"AlpScrGr",487768,0,0,"picoseuropa",1,3
"ArtSurf",2510,0,0,"picoseuropa",1,3
"AtlScrub",36927,0,0,"picoseuropa",1,3
"Crop",230,0,0,"picoseuropa",1,3
"Dehesa",71,0,0,"picoseuropa",1,3
"Grass",144481,0,0,"picoseuropa",1,3
"HydroRipVeg",811,0,0,"picoseuropa",1,3
"MedSclF",5590,0,0,"picoseuropa",1,3
"MedScrub",15115,0,0,"picoseuropa",1,3
"Reforestation",1269,0,0,"picoseuropa",1,3
"RipF",953,0,0,"picoseuropa",1,3
"RockScreeVeg",1135,0,0,"picoseuropa",1,3
"SMedMarF",8558,0,0,"picoseuropa",1,3
"Shrub",1599,0,0,"picoseuropa",1,3
"TempDecF",256357,0,0,"picoseuropa",1,3
"WaterSurf",760,0,0,"picoseuropa",1,3
"AlpScrGr",487876,0,0,"picoseuropa",1,4
"ArtSurf",2511,0,0,"picoseuropa",1,4
"AtlScrub",36929,0,0,"picoseuropa",1,4
"Crop",230,0,0,"picoseuropa",1,4
"Dehesa",71,0,0,"picoseuropa",1,4
"Grass",144505,0,0,"picoseuropa",1,4
"HydroRipVeg",811,0,0,"picoseuropa",1,4
"MedSclF",5591,0,0,"picoseuropa",1,4
"MedScrub",15118,0,0,"picoseuropa",1,4
"Reforestation",1269,0,0,"picoseuropa",1,4
"RipF",953,0,0,"picoseuropa",1,4
"RockScreeVeg",1135,0,0,"picoseuropa",1,4
"SMedMarF",8558,0,0,"picoseuropa",1,4
"Shrub",1599,0,0,"picoseuropa",1,4
"TempDecF",256516,0,0,"picoseuropa",1,4
"WaterSurf",763,0,0,"picoseuropa",1,4
"AlpScrGr",487848,0,0,"picoseuropa",1,5
"ArtSurf",2511,0,0,"picoseuropa",1,5
"AtlScrub",36969,0,0,"picoseuropa",1,5
"Crop",230,0,0,"picoseuropa",1,5
"Dehesa",71,0,0,"picoseuropa",1,5
"Grass",144570,0,0,"picoseuropa",1,5
"HydroRipVeg",815,0,0,"picoseuropa",1,5
"MedSclF",5631,0,0,"picoseuropa",1,5
"MedScrub",15123,0,0,"picoseuropa",1,5
"Reforestation",1269,0,0,"picoseuropa",1,5
"RipF",953,0,0,"picoseuropa",1,5
"RockScreeVeg",1135,0,0,"picoseuropa",1,5
"SMedMarF",8558,0,0,"picoseuropa",1,5
"Shrub",1599,0,0,"picoseuropa",1,5
"TempDecF",256687,0,0,"picoseuropa",1,5
"WaterSurf",773,0,0,"picoseuropa",1,5
"AlpScrGr",487273,77,0.02,"picoseuropa",1,6
"ArtSurf",2511,1,0.04,"picoseuropa",1,6
"AtlScrub",36969,82,0.22,"picoseuropa",1,6
"Crop",230,0,0,"picoseuropa",1,6
"Dehesa",71,4,5.63,"picoseuropa",1,6
"Grass",144593,169,0.12,"picoseuropa",1,6
"HydroRipVeg",815,0,0,"picoseuropa",1,6
"MedSclF",5631,35,0.62,"picoseuropa",1,6
"MedScrub",15123,52,0.34,"picoseuropa",1,6
"Reforestation",1269,0,0,"picoseuropa",1,6
"RipF",953,1,0.1,"picoseuropa",1,6
"RockScreeVeg",1135,3,0.26,"picoseuropa",1,6
"SMedMarF",8558,3,0.04,"picoseuropa",1,6
"Shrub",1599,9,0.56,"picoseuropa",1,6
"TempDecF",256695,274,0.11,"picoseuropa",1,6
"WaterSurf",774,0,0,"picoseuropa",1,6
"AlpScrGr",497696,0,0,"picoseuropa",1,7
"ArtSurf",2619,0,0,"picoseuropa",1,7
"AtlScrub",36969,0,0,"picoseuropa",1,7
"Crop",230,0,0,"picoseuropa",1,7
"Dehesa",71,0,0,"picoseuropa",1,7
"Grass",144792,0,0,"picoseuropa",1,7
"HydroRipVeg",815,0,0,"picoseuropa",1,7
"MedSclF",5631,0,0,"picoseuropa",1,7
"MedScrub",15123,0,0,"picoseuropa",1,7
"Reforestation",1269,0,0,"picoseuropa",1,7
"RipF",953,0,0,"picoseuropa",1,7
"RockScreeVeg",1135,0,0,"picoseuropa",1,7
"SMedMarF",8558,0,0,"picoseuropa",1,7
"Shrub",1599,0,0,"picoseuropa",1,7
"TempDecF",256697,0,0,"picoseuropa",1,7
"WaterSurf",774,0,0,"picoseuropa",1,7
"AlpScrGr",504321,0,0,"picoseuropa",1,8
"ArtSurf",2548,0,0,"picoseuropa",1,8
"AtlScrub",36969,0,0,"picoseuropa",1,8
"Crop",230,0,0,"picoseuropa",1,8
"Dehesa",71,0,0,"picoseuropa",1,8
"Grass",144733,0,0,"picoseuropa",1,8
"HydroRipVeg",815,0,0,"picoseuropa",1,8
"MedSclF",5631,0,0,"picoseuropa",1,8
"MedScrub",15121,0,0,"picoseuropa",1,8
"Reforestation",1269,0,0,"picoseuropa",1,8
"RipF",953,0,0,"picoseuropa",1,8
"RockScreeVeg",1135,0,0,"picoseuropa",1,8
"SMedMarF",8558,0,0,"picoseuropa",1,8
"Shrub",1599,0,0,"picoseuropa",1,8
"TempDecF",256675,0,0,"picoseuropa",1,8
"WaterSurf",771,0,0,"picoseuropa",1,8
"AlpScrGr",522100,0,0,"picoseuropa",1,9
"ArtSurf",2727,0,0,"picoseuropa",1,9
"AtlScrub",36964,0,0,"picoseuropa",1,9
"Crop",230,0,0,"picoseuropa",1,9
"Dehesa",71,0,0,"picoseuropa",1,9
"Grass",144813,0,0,"picoseuropa",1,9
"HydroRipVeg",811,0,0,"picoseuropa",1,9
"MedSclF",5617,0,0,"picoseuropa",1,9
"MedScrub",15119,0,0,"picoseuropa",1,9
"Reforestation",1269,0,0,"picoseuropa",1,9
"RipF",953,0,0,"picoseuropa",1,9
"RockScreeVeg",1135,0,0,"picoseuropa",1,9
"SMedMarF",8558,0,0,"picoseuropa",1,9
"Shrub",1599,0,0,"picoseuropa",1,9
"TempDecF",256510,0,0,"picoseuropa",1,9
"WaterSurf",761,0,0,"picoseuropa",1,9
"AlpScrGr",503669,0,0,"picoseuropa",1,10
"ArtSurf",2512,0,0,"picoseuropa",1,10
"AtlScrub",36927,0,0,"picoseuropa",1,10
"Crop",230,0,0,"picoseuropa",1,10
"Dehesa",71,0,0,"picoseuropa",1,10
"Grass",144539,0,0,"picoseuropa",1,10
"HydroRipVeg",811,0,0,"picoseuropa",1,10
"MedSclF",5580,0,0,"picoseuropa",1,10
"MedScrub",15115,0,0,"picoseuropa",1,10
"Reforestation",1269,0,0,"picoseuropa",1,10
"RipF",953,0,0,"picoseuropa",1,10
"RockScreeVeg",1135,0,0,"picoseuropa",1,10
"SMedMarF",8558,0,0,"picoseuropa",1,10
"Shrub",1599,0,0,"picoseuropa",1,10
"TempDecF",256336,0,0,"picoseuropa",1,10
"WaterSurf",752,0,0,"picoseuropa",1,10
"AlpScrGr",486719,0,0,"picoseuropa",1,11
"ArtSurf",2510,0,0,"picoseuropa",1,11
"AtlScrub",36869,0,0,"picoseuropa",1,11
"Crop",230,0,0,"picoseuropa",1,11
"Dehesa",71,0,0,"picoseuropa",1,11
"Grass",144253,0,0,"picoseuropa",1,11
"HydroRipVeg",811,0,0,"picoseuropa",1,11
"MedSclF",5373,0,0,"picoseuropa",1,11
"MedScrub",15082,0,0,"picoseuropa",1,11
"Reforestation",1269,0,0,"picoseuropa",1,11
"RipF",953,0,0,"picoseuropa",1,11
"RockScreeVeg",1132,0,0,"picoseuropa",1,11
"SMedMarF",8555,0,0,"picoseuropa",1,11
"Shrub",1598,0,0,"picoseuropa",1,11
"TempDecF",255911,0,0,"picoseuropa",1,11
"WaterSurf",745,0,0,"picoseuropa",1,11
"AlpScrGr",482406,0,0,"picoseuropa",1,12
"ArtSurf",2498,0,0,"picoseuropa",1,12
"AtlScrub",36212,0,0,"picoseuropa",1,12
"Crop",230,0,0,"picoseuropa",1,12
"Dehesa",57,0,0,"picoseuropa",1,12
"Grass",142707,0,0,"picoseuropa",1,12
"HydroRipVeg",802,0,0,"picoseuropa",1,12
"MedSclF",4578,0,0,"picoseuropa",1,12
"MedScrub",14918,0,0,"picoseuropa",1,12
"Reforestation",1266,0,0,"picoseuropa",1,12
"RipF",953,0,0,"picoseuropa",1,12
"RockScreeVeg",1099,0,0,"picoseuropa",1,12
"SMedMarF",8419,0,0,"picoseuropa",1,12
"Shrub",1532,0,0,"picoseuropa",1,12
"TempDecF",252908,0,0,"picoseuropa",1,12
"WaterSurf",708,0,0,"picoseuropa",1,12
"AlpScrGr",483629,0,0,"picoseuropa",3,1
"ArtSurf",2496,0,0,"picoseuropa",3,1
"AtlScrub",36465,0,0,"picoseuropa",3,1
"Crop",230,0,0,"picoseuropa",3,1
"Dehesa",60,0,0,"picoseuropa",3,1
"Grass",143161,0,0,"picoseuropa",3,1
"HydroRipVeg",808,0,0,"picoseuropa",3,1
"MedSclF",4576,0,0,"picoseuropa",3,1
"MedScrub",14993,0,0,"picoseuropa",3,1
"Reforestation",1264,0,0,"picoseuropa",3,1
"RipF",952,0,0,"picoseuropa",3,1
"RockScreeVeg",1117,0,0,"picoseuropa",3,1
"SMedMarF",8457,0,0,"picoseuropa",3,1
"Shrub",1579,0,0,"picoseuropa",3,1
"TempDecF",253477,0,0,"picoseuropa",3,1
"WaterSurf",715,0,0,"picoseuropa",3,1
"AlpScrGr",487132,0,0,"picoseuropa",3,2
"ArtSurf",2509,0,0,"picoseuropa",3,2
"AtlScrub",36902,0,0,"picoseuropa",3,2
"Crop",230,0,0,"picoseuropa",3,2
"Dehesa",71,0,0,"picoseuropa",3,2
"Grass",144344,0,0,"picoseuropa",3,2
"HydroRipVeg",811,0,0,"picoseuropa",3,2
"MedSclF",5374,0,0,"picoseuropa",3,2
"MedScrub",15105,0,0,"picoseuropa",3,2
"Reforestation",1269,0,0,"picoseuropa",3,2
"RipF",953,0,0,"picoseuropa",3,2
"RockScreeVeg",1134,0,0,"picoseuropa",3,2
"SMedMarF",8552,0,0,"picoseuropa",3,2
"Shrub",1597,0,0,"picoseuropa",3,2
"TempDecF",256029,0,0,"picoseuropa",3,2
"WaterSurf",737,0,0,"picoseuropa",3,2
"AlpScrGr",487768,26174,5.37,"picoseuropa",3,3
"ArtSurf",2510,232,9.24,"picoseuropa",3,3
"AtlScrub",36927,886,2.4,"picoseuropa",3,3
"Crop",230,3,1.3,"picoseuropa",3,3
"Dehesa",71,0,0,"picoseuropa",3,3
"Grass",144481,5894,4.08,"picoseuropa",3,3
"HydroRipVeg",811,95,11.71,"picoseuropa",3,3
"MedSclF",5590,69,1.23,"picoseuropa",3,3
"MedScrub",15115,505,3.34,"picoseuropa",3,3
"Reforestation",1269,10,0.79,"picoseuropa",3,3
"RipF",953,34,3.57,"picoseuropa",3,3
"RockScreeVeg",1135,13,1.15,"picoseuropa",3,3
"SMedMarF",8558,34,0.4,"picoseuropa",3,3
"Shrub",1599,65,4.07,"picoseuropa",3,3
"TempDecF",256357,11886,4.64,"picoseuropa",3,3
"WaterSurf",760,11,1.45,"picoseuropa",3,3
"AlpScrGr",487876,127145,26.06,"picoseuropa",3,4
"ArtSurf",2511,454,18.08,"picoseuropa",3,4
"AtlScrub",36929,5912,16.01,"picoseuropa",3,4
"Crop",230,7,3.04,"picoseuropa",3,4
"Dehesa",71,0,0,"picoseuropa",3,4
"Grass",144505,31015,21.46,"picoseuropa",3,4
"HydroRipVeg",811,338,41.68,"picoseuropa",3,4
"MedSclF",5591,253,4.53,"picoseuropa",3,4
"MedScrub",15118,2448,16.19,"picoseuropa",3,4
"Reforestation",1269,104,8.2,"picoseuropa",3,4
"RipF",953,167,17.52,"picoseuropa",3,4
"RockScreeVeg",1135,78,6.87,"picoseuropa",3,4
"SMedMarF",8558,1304,15.24,"picoseuropa",3,4
"Shrub",1599,402,25.14,"picoseuropa",3,4
"TempDecF",256516,52273,20.38,"picoseuropa",3,4
"WaterSurf",763,71,9.31,"picoseuropa",3,4
"AlpScrGr",487848,0,0,"picoseuropa",3,5
"ArtSurf",2511,0,0,"picoseuropa",3,5
"AtlScrub",36969,0,0,"picoseuropa",3,5
"Crop",230,0,0,"picoseuropa",3,5
"Dehesa",71,0,0,"picoseuropa",3,5
"Grass",144570,0,0,"picoseuropa",3,5
"HydroRipVeg",815,0,0,"picoseuropa",3,5
"MedSclF",5631,0,0,"picoseuropa",3,5
"MedScrub",15123,0,0,"picoseuropa",3,5
"Reforestation",1269,0,0,"picoseuropa",3,5
"RipF",953,0,0,"picoseuropa",3,5
"RockScreeVeg",1135,0,0,"picoseuropa",3,5
"SMedMarF",8558,0,0,"picoseuropa",3,5
"Shrub",1599,0,0,"picoseuropa",3,5
"TempDecF",256687,0,0,"picoseuropa",3,5
"WaterSurf",773,0,0,"picoseuropa",3,5
"AlpScrGr",487273,0,0,"picoseuropa",3,6
"ArtSurf",2511,0,0,"picoseuropa",3,6
"AtlScrub",36969,0,0,"picoseuropa",3,6
"Crop",230,0,0,"picoseuropa",3,6
"Dehesa",71,0,0,"picoseuropa",3,6
"Grass",144593,0,0,"picoseuropa",3,6
"HydroRipVeg",815,0,0,"picoseuropa",3,6
"MedSclF",5631,0,0,"picoseuropa",3,6
"MedScrub",15123,0,0,"picoseuropa",3,6
"Reforestation",1269,0,0,"picoseuropa",3,6
"RipF",953,0,0,"picoseuropa",3,6
"RockScreeVeg",1135,0,0,"picoseuropa",3,6
"SMedMarF",8558,0,0,"picoseuropa",3,6
"Shrub",1599,0,0,"picoseuropa",3,6
"TempDecF",256695,0,0,"picoseuropa",3,6
"WaterSurf",774,0,0,"picoseuropa",3,6
"AlpScrGr",497696,278,0.06,"picoseuropa",3,7
"ArtSurf",2619,1,0.04,"picoseuropa",3,7
"AtlScrub",36969,1,0,"picoseuropa",3,7
"Crop",230,0,0,"picoseuropa",3,7
"Dehesa",71,0,0,"picoseuropa",3,7
"Grass",144792,6,0,"picoseuropa",3,7
"HydroRipVeg",815,0,0,"picoseuropa",3,7
"MedSclF",5631,1,0.02,"picoseuropa",3,7
"MedScrub",15123,0,0,"picoseuropa",3,7
"Reforestation",1269,10,0.79,"picoseuropa",3,7
"RipF",953,4,0.42,"picoseuropa",3,7
"RockScreeVeg",1135,0,0,"picoseuropa",3,7
"SMedMarF",8558,0,0,"picoseuropa",3,7
"Shrub",1599,0,0,"picoseuropa",3,7
"TempDecF",256697,46,0.02,"picoseuropa",3,7
"WaterSurf",774,0,0,"picoseuropa",3,7
"AlpScrGr",504321,128,0.03,"picoseuropa",3,8
"ArtSurf",2548,1,0.04,"picoseuropa",3,8
"AtlScrub",36969,49,0.13,"picoseuropa",3,8
"Crop",230,0,0,"picoseuropa",3,8
"Dehesa",71,0,0,"picoseuropa",3,8
"Grass",144733,52,0.04,"picoseuropa",3,8
"HydroRipVeg",815,0,0,"picoseuropa",3,8
"MedSclF",5631,8,0.14,"picoseuropa",3,8
"MedScrub",15121,6,0.04,"picoseuropa",3,8
"Reforestation",1269,51,4.02,"picoseuropa",3,8
"RipF",953,1,0.1,"picoseuropa",3,8
"RockScreeVeg",1135,0,0,"picoseuropa",3,8
"SMedMarF",8558,9,0.11,"picoseuropa",3,8
"Shrub",1599,1,0.06,"picoseuropa",3,8
"TempDecF",256675,640,0.25,"picoseuropa",3,8
"WaterSurf",771,5,0.65,"picoseuropa",3,8
"AlpScrGr",522100,100,0.02,"picoseuropa",3,9
"ArtSurf",2727,0,0,"picoseuropa",3,9
"AtlScrub",36964,1,0,"picoseuropa",3,9
"Crop",230,0,0,"picoseuropa",3,9
"Dehesa",71,0,0,"picoseuropa",3,9
"Grass",144813,13,0.01,"picoseuropa",3,9
"HydroRipVeg",811,0,0,"picoseuropa",3,9
"MedSclF",5617,2,0.04,"picoseuropa",3,9
"MedScrub",15119,4,0.03,"picoseuropa",3,9
"Reforestation",1269,0,0,"picoseuropa",3,9
"RipF",953,0,0,"picoseuropa",3,9
"RockScreeVeg",1135,0,0,"picoseuropa",3,9
"SMedMarF",8558,14,0.16,"picoseuropa",3,9
"Shrub",1599,0,0,"picoseuropa",3,9
"TempDecF",256510,244,0.1,"picoseuropa",3,9
"WaterSurf",761,0,0,"picoseuropa",3,9
"AlpScrGr",503669,0,0,"picoseuropa",3,10
"ArtSurf",2512,0,0,"picoseuropa",3,10
"AtlScrub",36927,0,0,"picoseuropa",3,10
"Crop",230,0,0,"picoseuropa",3,10
"Dehesa",71,0,0,"picoseuropa",3,10
"Grass",144539,0,0,"picoseuropa",3,10
"HydroRipVeg",811,0,0,"picoseuropa",3,10
"MedSclF",5580,0,0,"picoseuropa",3,10
"MedScrub",15115,0,0,"picoseuropa",3,10
"Reforestation",1269,0,0,"picoseuropa",3,10
"RipF",953,0,0,"picoseuropa",3,10
"RockScreeVeg",1135,0,0,"picoseuropa",3,10
"SMedMarF",8558,0,0,"picoseuropa",3,10
"Shrub",1599,0,0,"picoseuropa",3,10
"TempDecF",256336,0,0,"picoseuropa",3,10
"WaterSurf",752,0,0,"picoseuropa",3,10
"AlpScrGr",486719,0,0,"picoseuropa",3,11
"ArtSurf",2510,0,0,"picoseuropa",3,11
"AtlScrub",36869,0,0,"picoseuropa",3,11
"Crop",230,0,0,"picoseuropa",3,11
"Dehesa",71,0,0,"picoseuropa",3,11
"Grass",144253,0,0,"picoseuropa",3,11
"HydroRipVeg",811,0,0,"picoseuropa",3,11
"MedSclF",5373,0,0,"picoseuropa",3,11
"MedScrub",15082,0,0,"picoseuropa",3,11
"Reforestation",1269,0,0,"picoseuropa",3,11
"RipF",953,0,0,"picoseuropa",3,11
"RockScreeVeg",1132,0,0,"picoseuropa",3,11
"SMedMarF",8555,0,0,"picoseuropa",3,11
"Shrub",1598,0,0,"picoseuropa",3,11
"TempDecF",255911,0,0,"picoseuropa",3,11
"WaterSurf",745,0,0,"picoseuropa",3,11
"AlpScrGr",482406,0,0,"picoseuropa",3,12
"ArtSurf",2498,0,0,"picoseuropa",3,12
"AtlScrub",36212,0,0,"picoseuropa",3,12
"Crop",230,0,0,"picoseuropa",3,12
"Dehesa",57,0,0,"picoseuropa",3,12
"Grass",142707,0,0,"picoseuropa",3,12
"HydroRipVeg",802,0,0,"picoseuropa",3,12
"MedSclF",4578,0,0,"picoseuropa",3,12
"MedScrub",14918,0,0,"picoseuropa",3,12
"Reforestation",1266,0,0,"picoseuropa",3,12
"RipF",953,0,0,"picoseuropa",3,12
"RockScreeVeg",1099,0,0,"picoseuropa",3,12
"SMedMarF",8419,0,0,"picoseuropa",3,12
"Shrub",1532,0,0,"picoseuropa",3,12
"TempDecF",252908,0,0,"picoseuropa",3,12
"WaterSurf",708,0,0,"picoseuropa",3,12
"AlpScrGr",483629,0,0,"picoseuropa",6,1
"ArtSurf",2496,0,0,"picoseuropa",6,1
"AtlScrub",36465,0,0,"picoseuropa",6,1
"Crop",230,0,0,"picoseuropa",6,1
"Dehesa",60,0,0,"picoseuropa",6,1
"Grass",143161,0,0,"picoseuropa",6,1
"HydroRipVeg",808,0,0,"picoseuropa",6,1
"MedSclF",4576,0,0,"picoseuropa",6,1
"MedScrub",14993,0,0,"picoseuropa",6,1
"Reforestation",1264,0,0,"picoseuropa",6,1
"RipF",952,0,0,"picoseuropa",6,1
"RockScreeVeg",1117,0,0,"picoseuropa",6,1
"SMedMarF",8457,0,0,"picoseuropa",6,1
"Shrub",1579,0,0,"picoseuropa",6,1
"TempDecF",253477,0,0,"picoseuropa",6,1
"WaterSurf",715,0,0,"picoseuropa",6,1
"AlpScrGr",487132,0,0,"picoseuropa",6,2
"ArtSurf",2509,0,0,"picoseuropa",6,2
"AtlScrub",36902,0,0,"picoseuropa",6,2
"Crop",230,0,0,"picoseuropa",6,2
"Dehesa",71,0,0,"picoseuropa",6,2
"Grass",144344,0,0,"picoseuropa",6,2
"HydroRipVeg",811,0,0,"picoseuropa",6,2
"MedSclF",5374,0,0,"picoseuropa",6,2
"MedScrub",15105,0,0,"picoseuropa",6,2
"Reforestation",1269,0,0,"picoseuropa",6,2
"RipF",953,0,0,"picoseuropa",6,2
"RockScreeVeg",1134,0,0,"picoseuropa",6,2
"SMedMarF",8552,0,0,"picoseuropa",6,2
"Shrub",1597,0,0,"picoseuropa",6,2
"TempDecF",256029,0,0,"picoseuropa",6,2
"WaterSurf",737,0,0,"picoseuropa",6,2
"AlpScrGr",487768,0,0,"picoseuropa",6,3
"ArtSurf",2510,0,0,"picoseuropa",6,3
"AtlScrub",36927,0,0,"picoseuropa",6,3
"Crop",230,0,0,"picoseuropa",6,3
"Dehesa",71,0,0,"picoseuropa",6,3
"Grass",144481,0,0,"picoseuropa",6,3
"HydroRipVeg",811,0,0,"picoseuropa",6,3
"MedSclF",5590,0,0,"picoseuropa",6,3
"MedScrub",15115,0,0,"picoseuropa",6,3
"Reforestation",1269,0,0,"picoseuropa",6,3
"RipF",953,0,0,"picoseuropa",6,3
"RockScreeVeg",1135,0,0,"picoseuropa",6,3
"SMedMarF",8558,0,0,"picoseuropa",6,3
"Shrub",1599,0,0,"picoseuropa",6,3
"TempDecF",256357,0,0,"picoseuropa",6,3
"WaterSurf",760,0,0,"picoseuropa",6,3
"AlpScrGr",487876,0,0,"picoseuropa",6,4
"ArtSurf",2511,0,0,"picoseuropa",6,4
"AtlScrub",36929,0,0,"picoseuropa",6,4
"Crop",230,0,0,"picoseuropa",6,4
"Dehesa",71,0,0,"picoseuropa",6,4
"Grass",144505,0,0,"picoseuropa",6,4
"HydroRipVeg",811,0,0,"picoseuropa",6,4
"MedSclF",5591,0,0,"picoseuropa",6,4
"MedScrub",15118,0,0,"picoseuropa",6,4
"Reforestation",1269,0,0,"picoseuropa",6,4
"RipF",953,0,0,"picoseuropa",6,4
"RockScreeVeg",1135,0,0,"picoseuropa",6,4
"SMedMarF",8558,0,0,"picoseuropa",6,4
"Shrub",1599,0,0,"picoseuropa",6,4
"TempDecF",256516,0,0,"picoseuropa",6,4
"WaterSurf",763,0,0,"picoseuropa",6,4
"AlpScrGr",487848,0,0,"picoseuropa",6,5
"ArtSurf",2511,0,0,"picoseuropa",6,5
"AtlScrub",36969,0,0,"picoseuropa",6,5
"Crop",230,0,0,"picoseuropa",6,5
"Dehesa",71,0,0,"picoseuropa",6,5
"Grass",144570,0,0,"picoseuropa",6,5
"HydroRipVeg",815,0,0,"picoseuropa",6,5
"MedSclF",5631,0,0,"picoseuropa",6,5
"MedScrub",15123,0,0,"picoseuropa",6,5
"Reforestation",1269,0,0,"picoseuropa",6,5
"RipF",953,0,0,"picoseuropa",6,5
"RockScreeVeg",1135,0,0,"picoseuropa",6,5
"SMedMarF",8558,0,0,"picoseuropa",6,5
"Shrub",1599,0,0,"picoseuropa",6,5
"TempDecF",256687,0,0,"picoseuropa",6,5
"WaterSurf",773,0,0,"picoseuropa",6,5
"AlpScrGr",487273,9,0,"picoseuropa",6,6
"ArtSurf",2511,0,0,"picoseuropa",6,6
"AtlScrub",36969,0,0,"picoseuropa",6,6
"Crop",230,0,0,"picoseuropa",6,6
"Dehesa",71,0,0,"picoseuropa",6,6
"Grass",144593,0,0,"picoseuropa",6,6
"HydroRipVeg",815,0,0,"picoseuropa",6,6
"MedSclF",5631,0,0,"picoseuropa",6,6
"MedScrub",15123,0,0,"picoseuropa",6,6
"Reforestation",1269,0,0,"picoseuropa",6,6
"RipF",953,0,0,"picoseuropa",6,6
"RockScreeVeg",1135,0,0,"picoseuropa",6,6
"SMedMarF",8558,0,0,"picoseuropa",6,6
"Shrub",1599,0,0,"picoseuropa",6,6
"TempDecF",256695,0,0,"picoseuropa",6,6
"WaterSurf",774,0,0,"picoseuropa",6,6
"AlpScrGr",497696,38,0.01,"picoseuropa",6,7
"ArtSurf",2619,0,0,"picoseuropa",6,7
"AtlScrub",36969,0,0,"picoseuropa",6,7
"Crop",230,0,0,"picoseuropa",6,7
"Dehesa",71,0,0,"picoseuropa",6,7
"Grass",144792,1,0,"picoseuropa",6,7
"HydroRipVeg",815,0,0,"picoseuropa",6,7
"MedSclF",5631,0,0,"picoseuropa",6,7
"MedScrub",15123,0,0,"picoseuropa",6,7
"Reforestation",1269,0,0,"picoseuropa",6,7
"RipF",953,0,0,"picoseuropa",6,7
"RockScreeVeg",1135,0,0,"picoseuropa",6,7
"SMedMarF",8558,0,0,"picoseuropa",6,7
"Shrub",1599,0,0,"picoseuropa",6,7
"TempDecF",256697,0,0,"picoseuropa",6,7
"WaterSurf",774,0,0,"picoseuropa",6,7
"AlpScrGr",504321,0,0,"picoseuropa",6,8
"ArtSurf",2548,0,0,"picoseuropa",6,8
"AtlScrub",36969,0,0,"picoseuropa",6,8
"Crop",230,0,0,"picoseuropa",6,8
"Dehesa",71,0,0,"picoseuropa",6,8
"Grass",144733,0,0,"picoseuropa",6,8
"HydroRipVeg",815,0,0,"picoseuropa",6,8
"MedSclF",5631,0,0,"picoseuropa",6,8
"MedScrub",15121,0,0,"picoseuropa",6,8
"Reforestation",1269,0,0,"picoseuropa",6,8
"RipF",953,0,0,"picoseuropa",6,8
"RockScreeVeg",1135,0,0,"picoseuropa",6,8
"SMedMarF",8558,0,0,"picoseuropa",6,8
"Shrub",1599,0,0,"picoseuropa",6,8
"TempDecF",256675,0,0,"picoseuropa",6,8
"WaterSurf",771,0,0,"picoseuropa",6,8
"AlpScrGr",522100,0,0,"picoseuropa",6,9
"ArtSurf",2727,0,0,"picoseuropa",6,9
"AtlScrub",36964,0,0,"picoseuropa",6,9
"Crop",230,0,0,"picoseuropa",6,9
"Dehesa",71,0,0,"picoseuropa",6,9
"Grass",144813,0,0,"picoseuropa",6,9
"HydroRipVeg",811,0,0,"picoseuropa",6,9
"MedSclF",5617,0,0,"picoseuropa",6,9
"MedScrub",15119,0,0,"picoseuropa",6,9
"Reforestation",1269,0,0,"picoseuropa",6,9
"RipF",953,0,0,"picoseuropa",6,9
"RockScreeVeg",1135,0,0,"picoseuropa",6,9
"SMedMarF",8558,0,0,"picoseuropa",6,9
"Shrub",1599,0,0,"picoseuropa",6,9
"TempDecF",256510,0,0,"picoseuropa",6,9
"WaterSurf",761,0,0,"picoseuropa",6,9
"AlpScrGr",503669,0,0,"picoseuropa",6,10
"ArtSurf",2512,0,0,"picoseuropa",6,10
"AtlScrub",36927,0,0,"picoseuropa",6,10
"Crop",230,0,0,"picoseuropa",6,10
"Dehesa",71,0,0,"picoseuropa",6,10
"Grass",144539,0,0,"picoseuropa",6,10
"HydroRipVeg",811,0,0,"picoseuropa",6,10
"MedSclF",5580,0,0,"picoseuropa",6,10
"MedScrub",15115,0,0,"picoseuropa",6,10
"Reforestation",1269,0,0,"picoseuropa",6,10
"RipF",953,0,0,"picoseuropa",6,10
"RockScreeVeg",1135,0,0,"picoseuropa",6,10
"SMedMarF",8558,0,0,"picoseuropa",6,10
"Shrub",1599,0,0,"picoseuropa",6,10
"TempDecF",256336,0,0,"picoseuropa",6,10
"WaterSurf",752,0,0,"picoseuropa",6,10
"AlpScrGr",486719,0,0,"picoseuropa",6,11
"ArtSurf",2510,0,0,"picoseuropa",6,11
"AtlScrub",36869,0,0,"picoseuropa",6,11
"Crop",230,0,0,"picoseuropa",6,11
"Dehesa",71,0,0,"picoseuropa",6,11
"Grass",144253,0,0,"picoseuropa",6,11
"HydroRipVeg",811,0,0,"picoseuropa",6,11
"MedSclF",5373,0,0,"picoseuropa",6,11
"MedScrub",15082,0,0,"picoseuropa",6,11
"Reforestation",1269,0,0,"picoseuropa",6,11
"RipF",953,0,0,"picoseuropa",6,11
"RockScreeVeg",1132,0,0,"picoseuropa",6,11
"SMedMarF",8555,0,0,"picoseuropa",6,11
"Shrub",1598,0,0,"picoseuropa",6,11
"TempDecF",255911,0,0,"picoseuropa",6,11
"WaterSurf",745,0,0,"picoseuropa",6,11
"AlpScrGr",482406,0,0,"picoseuropa",6,12
"ArtSurf",2498,0,0,"picoseuropa",6,12
"AtlScrub",36212,0,0,"picoseuropa",6,12
"Crop",230,0,0,"picoseuropa",6,12
"Dehesa",57,0,0,"picoseuropa",6,12
"Grass",142707,0,0,"picoseuropa",6,12
"HydroRipVeg",802,0,0,"picoseuropa",6,12
"MedSclF",4578,0,0,"picoseuropa",6,12
"MedScrub",14918,0,0,"picoseuropa",6,12
"Reforestation",1266,0,0,"picoseuropa",6,12
"RipF",953,0,0,"picoseuropa",6,12
"RockScreeVeg",1099,0,0,"picoseuropa",6,12
"SMedMarF",8419,0,0,"picoseuropa",6,12
"Shrub",1532,0,0,"picoseuropa",6,12
"TempDecF",252908,0,0,"picoseuropa",6,12
"WaterSurf",708,0,0,"picoseuropa",6,12
"AlpScrGr",483629,0,0,"picoseuropa",9,1
"ArtSurf",2496,0,0,"picoseuropa",9,1
"AtlScrub",36465,0,0,"picoseuropa",9,1
"Crop",230,0,0,"picoseuropa",9,1
"Dehesa",60,0,0,"picoseuropa",9,1
"Grass",143161,0,0,"picoseuropa",9,1
"HydroRipVeg",808,0,0,"picoseuropa",9,1
"MedSclF",4576,0,0,"picoseuropa",9,1
"MedScrub",14993,0,0,"picoseuropa",9,1
"Reforestation",1264,0,0,"picoseuropa",9,1
"RipF",952,0,0,"picoseuropa",9,1
"RockScreeVeg",1117,0,0,"picoseuropa",9,1
"SMedMarF",8457,0,0,"picoseuropa",9,1
"Shrub",1579,0,0,"picoseuropa",9,1
"TempDecF",253477,0,0,"picoseuropa",9,1
"WaterSurf",715,0,0,"picoseuropa",9,1
"AlpScrGr",487132,0,0,"picoseuropa",9,2
"ArtSurf",2509,0,0,"picoseuropa",9,2
"AtlScrub",36902,0,0,"picoseuropa",9,2
"Crop",230,0,0,"picoseuropa",9,2
"Dehesa",71,0,0,"picoseuropa",9,2
"Grass",144344,0,0,"picoseuropa",9,2
"HydroRipVeg",811,0,0,"picoseuropa",9,2
"MedSclF",5374,0,0,"picoseuropa",9,2
"MedScrub",15105,0,0,"picoseuropa",9,2
"Reforestation",1269,0,0,"picoseuropa",9,2
"RipF",953,0,0,"picoseuropa",9,2
"RockScreeVeg",1134,0,0,"picoseuropa",9,2
"SMedMarF",8552,0,0,"picoseuropa",9,2
"Shrub",1597,0,0,"picoseuropa",9,2
"TempDecF",256029,0,0,"picoseuropa",9,2
"WaterSurf",737,0,0,"picoseuropa",9,2
"AlpScrGr",487768,0,0,"picoseuropa",9,3
"ArtSurf",2510,0,0,"picoseuropa",9,3
"AtlScrub",36927,0,0,"picoseuropa",9,3
"Crop",230,0,0,"picoseuropa",9,3
"Dehesa",71,0,0,"picoseuropa",9,3
"Grass",144481,0,0,"picoseuropa",9,3
"HydroRipVeg",811,0,0,"picoseuropa",9,3
"MedSclF",5590,0,0,"picoseuropa",9,3
"MedScrub",15115,0,0,"picoseuropa",9,3
"Reforestation",1269,0,0,"picoseuropa",9,3
"RipF",953,0,0,"picoseuropa",9,3
"RockScreeVeg",1135,0,0,"picoseuropa",9,3
"SMedMarF",8558,0,0,"picoseuropa",9,3
"Shrub",1599,0,0,"picoseuropa",9,3
"TempDecF",256357,0,0,"picoseuropa",9,3
"WaterSurf",760,0,0,"picoseuropa",9,3
"AlpScrGr",487876,0,0,"picoseuropa",9,4
"ArtSurf",2511,0,0,"picoseuropa",9,4
"AtlScrub",36929,0,0,"picoseuropa",9,4
"Crop",230,0,0,"picoseuropa",9,4
"Dehesa",71,0,0,"picoseuropa",9,4
"Grass",144505,0,0,"picoseuropa",9,4
"HydroRipVeg",811,0,0,"picoseuropa",9,4
"MedSclF",5591,0,0,"picoseuropa",9,4
"MedScrub",15118,0,0,"picoseuropa",9,4
"Reforestation",1269,0,0,"picoseuropa",9,4
"RipF",953,0,0,"picoseuropa",9,4
"RockScreeVeg",1135,0,0,"picoseuropa",9,4
"SMedMarF",8558,0,0,"picoseuropa",9,4
"Shrub",1599,0,0,"picoseuropa",9,4
"TempDecF",256516,0,0,"picoseuropa",9,4
"WaterSurf",763,0,0,"picoseuropa",9,4
"AlpScrGr",487848,0,0,"picoseuropa",9,5
"ArtSurf",2511,0,0,"picoseuropa",9,5
"AtlScrub",36969,0,0,"picoseuropa",9,5
"Crop",230,0,0,"picoseuropa",9,5
"Dehesa",71,0,0,"picoseuropa",9,5
"Grass",144570,0,0,"picoseuropa",9,5
"HydroRipVeg",815,0,0,"picoseuropa",9,5
"MedSclF",5631,0,0,"picoseuropa",9,5
"MedScrub",15123,0,0,"picoseuropa",9,5
"Reforestation",1269,0,0,"picoseuropa",9,5
"RipF",953,0,0,"picoseuropa",9,5
"RockScreeVeg",1135,0,0,"picoseuropa",9,5
"SMedMarF",8558,0,0,"picoseuropa",9,5
"Shrub",1599,0,0,"picoseuropa",9,5
"TempDecF",256687,0,0,"picoseuropa",9,5
"WaterSurf",773,0,0,"picoseuropa",9,5
"AlpScrGr",487273,0,0,"picoseuropa",9,6
"ArtSurf",2511,0,0,"picoseuropa",9,6
"AtlScrub",36969,0,0,"picoseuropa",9,6
"Crop",230,0,0,"picoseuropa",9,6
"Dehesa",71,0,0,"picoseuropa",9,6
"Grass",144593,0,0,"picoseuropa",9,6
"HydroRipVeg",815,0,0,"picoseuropa",9,6
"MedSclF",5631,0,0,"picoseuropa",9,6
"MedScrub",15123,0,0,"picoseuropa",9,6
"Reforestation",1269,0,0,"picoseuropa",9,6
"RipF",953,0,0,"picoseuropa",9,6
"RockScreeVeg",1135,0,0,"picoseuropa",9,6
"SMedMarF",8558,0,0,"picoseuropa",9,6
"Shrub",1599,0,0,"picoseuropa",9,6
"TempDecF",256695,0,0,"picoseuropa",9,6
"WaterSurf",774,0,0,"picoseuropa",9,6
"AlpScrGr",497696,0,0,"picoseuropa",9,7
"ArtSurf",2619,0,0,"picoseuropa",9,7
"AtlScrub",36969,0,0,"picoseuropa",9,7
"Crop",230,0,0,"picoseuropa",9,7
"Dehesa",71,0,0,"picoseuropa",9,7
"Grass",144792,0,0,"picoseuropa",9,7
"HydroRipVeg",815,0,0,"picoseuropa",9,7
"MedSclF",5631,0,0,"picoseuropa",9,7
"MedScrub",15123,0,0,"picoseuropa",9,7
"Reforestation",1269,0,0,"picoseuropa",9,7
"RipF",953,0,0,"picoseuropa",9,7
"RockScreeVeg",1135,0,0,"picoseuropa",9,7
"SMedMarF",8558,0,0,"picoseuropa",9,7
"Shrub",1599,0,0,"picoseuropa",9,7
"TempDecF",256697,0,0,"picoseuropa",9,7
"WaterSurf",774,0,0,"picoseuropa",9,7
"AlpScrGr",504321,0,0,"picoseuropa",9,8
"ArtSurf",2548,0,0,"picoseuropa",9,8
"AtlScrub",36969,0,0,"picoseuropa",9,8
"Crop",230,0,0,"picoseuropa",9,8
"Dehesa",71,0,0,"picoseuropa",9,8
"Grass",144733,0,0,"picoseuropa",9,8
"HydroRipVeg",815,0,0,"picoseuropa",9,8
"MedSclF",5631,0,0,"picoseuropa",9,8
"MedScrub",15121,0,0,"picoseuropa",9,8
"Reforestation",1269,0,0,"picoseuropa",9,8
"RipF",953,0,0,"picoseuropa",9,8
"RockScreeVeg",1135,0,0,"picoseuropa",9,8
"SMedMarF",8558,0,0,"picoseuropa",9,8
"Shrub",1599,0,0,"picoseuropa",9,8
"TempDecF",256675,0,0,"picoseuropa",9,8
"WaterSurf",771,0,0,"picoseuropa",9,8
"AlpScrGr",522100,0,0,"picoseuropa",9,9
"ArtSurf",2727,0,0,"picoseuropa",9,9
"AtlScrub",36964,0,0,"picoseuropa",9,9
"Crop",230,0,0,"picoseuropa",9,9
"Dehesa",71,0,0,"picoseuropa",9,9
"Grass",144813,0,0,"picoseuropa",9,9
"HydroRipVeg",811,0,0,"picoseuropa",9,9
"MedSclF",5617,0,0,"picoseuropa",9,9
"MedScrub",15119,0,0,"picoseuropa",9,9
"Reforestation",1269,0,0,"picoseuropa",9,9
"RipF",953,0,0,"picoseuropa",9,9
"RockScreeVeg",1135,0,0,"picoseuropa",9,9
"SMedMarF",8558,0,0,"picoseuropa",9,9
"Shrub",1599,0,0,"picoseuropa",9,9
"TempDecF",256510,0,0,"picoseuropa",9,9
"WaterSurf",761,0,0,"picoseuropa",9,9
"AlpScrGr",503669,0,0,"picoseuropa",9,10
"ArtSurf",2512,0,0,"picoseuropa",9,10
"AtlScrub",36927,0,0,"picoseuropa",9,10
"Crop",230,0,0,"picoseuropa",9,10
"Dehesa",71,0,0,"picoseuropa",9,10
"Grass",144539,0,0,"picoseuropa",9,10
"HydroRipVeg",811,0,0,"picoseuropa",9,10
"MedSclF",5580,0,0,"picoseuropa",9,10
"MedScrub",15115,0,0,"picoseuropa",9,10
"Reforestation",1269,0,0,"picoseuropa",9,10
"RipF",953,0,0,"picoseuropa",9,10
"RockScreeVeg",1135,0,0,"picoseuropa",9,10
"SMedMarF",8558,0,0,"picoseuropa",9,10
"Shrub",1599,0,0,"picoseuropa",9,10
"TempDecF",256336,0,0,"picoseuropa",9,10
"WaterSurf",752,0,0,"picoseuropa",9,10
"AlpScrGr",486719,0,0,"picoseuropa",9,11
"ArtSurf",2510,0,0,"picoseuropa",9,11
"AtlScrub",36869,0,0,"picoseuropa",9,11
"Crop",230,0,0,"picoseuropa",9,11
"Dehesa",71,0,0,"picoseuropa",9,11
"Grass",144253,0,0,"picoseuropa",9,11
"HydroRipVeg",811,0,0,"picoseuropa",9,11
"MedSclF",5373,0,0,"picoseuropa",9,11
"MedScrub",15082,0,0,"picoseuropa",9,11
"Reforestation",1269,0,0,"picoseuropa",9,11
"RipF",953,0,0,"picoseuropa",9,11
"RockScreeVeg",1132,0,0,"picoseuropa",9,11
"SMedMarF",8555,0,0,"picoseuropa",9,11
"Shrub",1598,0,0,"picoseuropa",9,11
"TempDecF",255911,0,0,"picoseuropa",9,11
"WaterSurf",745,0,0,"picoseuropa",9,11
"AlpScrGr",482406,0,0,"picoseuropa",9,12
"ArtSurf",2498,0,0,"picoseuropa",9,12
"AtlScrub",36212,0,0,"picoseuropa",9,12
"Crop",230,0,0,"picoseuropa",9,12
"Dehesa",57,0,0,"picoseuropa",9,12
"Grass",142707,0,0,"picoseuropa",9,12
"HydroRipVeg",802,0,0,"picoseuropa",9,12
"MedSclF",4578,0,0,"picoseuropa",9,12
"MedScrub",14918,0,0,"picoseuropa",9,12
"Reforestation",1266,0,0,"picoseuropa",9,12
"RipF",953,0,0,"picoseuropa",9,12
"RockScreeVeg",1099,0,0,"picoseuropa",9,12
"SMedMarF",8419,0,0,"picoseuropa",9,12
"Shrub",1532,0,0,"picoseuropa",9,12
"TempDecF",252908,0,0,"picoseuropa",9,12
"WaterSurf",708,0,0,"picoseuropa",9,12
"AlpScrGr",483629,0,0,"picoseuropa",12,1
"ArtSurf",2496,0,0,"picoseuropa",12,1
"AtlScrub",36465,0,0,"picoseuropa",12,1
"Crop",230,0,0,"picoseuropa",12,1
"Dehesa",60,0,0,"picoseuropa",12,1
"Grass",143161,0,0,"picoseuropa",12,1
"HydroRipVeg",808,0,0,"picoseuropa",12,1
"MedSclF",4576,0,0,"picoseuropa",12,1
"MedScrub",14993,0,0,"picoseuropa",12,1
"Reforestation",1264,0,0,"picoseuropa",12,1
"RipF",952,0,0,"picoseuropa",12,1
"RockScreeVeg",1117,0,0,"picoseuropa",12,1
"SMedMarF",8457,0,0,"picoseuropa",12,1
"Shrub",1579,0,0,"picoseuropa",12,1
"TempDecF",253477,0,0,"picoseuropa",12,1
"WaterSurf",715,0,0,"picoseuropa",12,1
"AlpScrGr",487132,0,0,"picoseuropa",12,2
"ArtSurf",2509,0,0,"picoseuropa",12,2
"AtlScrub",36902,0,0,"picoseuropa",12,2
"Crop",230,0,0,"picoseuropa",12,2
"Dehesa",71,0,0,"picoseuropa",12,2
"Grass",144344,0,0,"picoseuropa",12,2
"HydroRipVeg",811,0,0,"picoseuropa",12,2
"MedSclF",5374,0,0,"picoseuropa",12,2
"MedScrub",15105,0,0,"picoseuropa",12,2
"Reforestation",1269,0,0,"picoseuropa",12,2
"RipF",953,0,0,"picoseuropa",12,2
"RockScreeVeg",1134,0,0,"picoseuropa",12,2
"SMedMarF",8552,0,0,"picoseuropa",12,2
"Shrub",1597,0,0,"picoseuropa",12,2
"TempDecF",256029,0,0,"picoseuropa",12,2
"WaterSurf",737,0,0,"picoseuropa",12,2
"AlpScrGr",487768,0,0,"picoseuropa",12,3
"ArtSurf",2510,0,0,"picoseuropa",12,3
"AtlScrub",36927,0,0,"picoseuropa",12,3
"Crop",230,0,0,"picoseuropa",12,3
"Dehesa",71,0,0,"picoseuropa",12,3
"Grass",144481,0,0,"picoseuropa",12,3
"HydroRipVeg",811,0,0,"picoseuropa",12,3
"MedSclF",5590,0,0,"picoseuropa",12,3
"MedScrub",15115,0,0,"picoseuropa",12,3
"Reforestation",1269,0,0,"picoseuropa",12,3
"RipF",953,0,0,"picoseuropa",12,3
"RockScreeVeg",1135,0,0,"picoseuropa",12,3
"SMedMarF",8558,0,0,"picoseuropa",12,3
"Shrub",1599,0,0,"picoseuropa",12,3
"TempDecF",256357,0,0,"picoseuropa",12,3
"WaterSurf",760,0,0,"picoseuropa",12,3
"AlpScrGr",487876,0,0,"picoseuropa",12,4
"ArtSurf",2511,0,0,"picoseuropa",12,4
"AtlScrub",36929,0,0,"picoseuropa",12,4
"Crop",230,0,0,"picoseuropa",12,4
"Dehesa",71,0,0,"picoseuropa",12,4
"Grass",144505,0,0,"picoseuropa",12,4
"HydroRipVeg",811,0,0,"picoseuropa",12,4
"MedSclF",5591,0,0,"picoseuropa",12,4
"MedScrub",15118,0,0,"picoseuropa",12,4
"Reforestation",1269,0,0,"picoseuropa",12,4
"RipF",953,0,0,"picoseuropa",12,4
"RockScreeVeg",1135,0,0,"picoseuropa",12,4
"SMedMarF",8558,0,0,"picoseuropa",12,4
"Shrub",1599,0,0,"picoseuropa",12,4
"TempDecF",256516,0,0,"picoseuropa",12,4
"WaterSurf",763,0,0,"picoseuropa",12,4
"AlpScrGr",487848,0,0,"picoseuropa",12,5
"ArtSurf",2511,0,0,"picoseuropa",12,5
"AtlScrub",36969,0,0,"picoseuropa",12,5
"Crop",230,0,0,"picoseuropa",12,5
"Dehesa",71,0,0,"picoseuropa",12,5
"Grass",144570,0,0,"picoseuropa",12,5
"HydroRipVeg",815,0,0,"picoseuropa",12,5
"MedSclF",5631,0,0,"picoseuropa",12,5
"MedScrub",15123,0,0,"picoseuropa",12,5
"Reforestation",1269,0,0,"picoseuropa",12,5
"RipF",953,0,0,"picoseuropa",12,5
"RockScreeVeg",1135,0,0,"picoseuropa",12,5
"SMedMarF",8558,0,0,"picoseuropa",12,5
"Shrub",1599,0,0,"picoseuropa",12,5
"TempDecF",256687,0,0,"picoseuropa",12,5
"WaterSurf",773,0,0,"picoseuropa",12,5
"AlpScrGr",487273,0,0,"picoseuropa",12,6
"ArtSurf",2511,0,0,"picoseuropa",12,6
"AtlScrub",36969,0,0,"picoseuropa",12,6
"Crop",230,0,0,"picoseuropa",12,6
"Dehesa",71,0,0,"picoseuropa",12,6
"Grass",144593,0,0,"picoseuropa",12,6
"HydroRipVeg",815,0,0,"picoseuropa",12,6
"MedSclF",5631,0,0,"picoseuropa",12,6
"MedScrub",15123,0,0,"picoseuropa",12,6
"Reforestation",1269,0,0,"picoseuropa",12,6
"RipF",953,0,0,"picoseuropa",12,6
"RockScreeVeg",1135,0,0,"picoseuropa",12,6
"SMedMarF",8558,0,0,"picoseuropa",12,6
"Shrub",1599,0,0,"picoseuropa",12,6
"TempDecF",256695,0,0,"picoseuropa",12,6
"WaterSurf",774,0,0,"picoseuropa",12,6
"AlpScrGr",497696,0,0,"picoseuropa",12,7
"ArtSurf",2619,0,0,"picoseuropa",12,7
"AtlScrub",36969,0,0,"picoseuropa",12,7
"Crop",230,0,0,"picoseuropa",12,7
"Dehesa",71,0,0,"picoseuropa",12,7
"Grass",144792,0,0,"picoseuropa",12,7
"HydroRipVeg",815,0,0,"picoseuropa",12,7
"MedSclF",5631,0,0,"picoseuropa",12,7
"MedScrub",15123,0,0,"picoseuropa",12,7
"Reforestation",1269,0,0,"picoseuropa",12,7
"RipF",953,0,0,"picoseuropa",12,7
"RockScreeVeg",1135,0,0,"picoseuropa",12,7
"SMedMarF",8558,0,0,"picoseuropa",12,7
"Shrub",1599,0,0,"picoseuropa",12,7
"TempDecF",256697,0,0,"picoseuropa",12,7
"WaterSurf",774,0,0,"picoseuropa",12,7
"AlpScrGr",504321,0,0,"picoseuropa",12,8
"ArtSurf",2548,0,0,"picoseuropa",12,8
"AtlScrub",36969,0,0,"picoseuropa",12,8
"Crop",230,0,0,"picoseuropa",12,8
"Dehesa",71,0,0,"picoseuropa",12,8
"Grass",144733,0,0,"picoseuropa",12,8
"HydroRipVeg",815,0,0,"picoseuropa",12,8
"MedSclF",5631,0,0,"picoseuropa",12,8
"MedScrub",15121,0,0,"picoseuropa",12,8
"Reforestation",1269,0,0,"picoseuropa",12,8
"RipF",953,0,0,"picoseuropa",12,8
"RockScreeVeg",1135,0,0,"picoseuropa",12,8
"SMedMarF",8558,0,0,"picoseuropa",12,8
"Shrub",1599,0,0,"picoseuropa",12,8
"TempDecF",256675,0,0,"picoseuropa",12,8
"WaterSurf",771,0,0,"picoseuropa",12,8
"AlpScrGr",522100,0,0,"picoseuropa",12,9
"ArtSurf",2727,0,0,"picoseuropa",12,9
"AtlScrub",36964,0,0,"picoseuropa",12,9
"Crop",230,0,0,"picoseuropa",12,9
"Dehesa",71,0,0,"picoseuropa",12,9
"Grass",144813,0,0,"picoseuropa",12,9
"HydroRipVeg",811,0,0,"picoseuropa",12,9
"MedSclF",5617,0,0,"picoseuropa",12,9
"MedScrub",15119,0,0,"picoseuropa",12,9
"Reforestation",1269,0,0,"picoseuropa",12,9
"RipF",953,0,0,"picoseuropa",12,9
"RockScreeVeg",1135,0,0,"picoseuropa",12,9
"SMedMarF",8558,0,0,"picoseuropa",12,9
"Shrub",1599,0,0,"picoseuropa",12,9
"TempDecF",256510,0,0,"picoseuropa",12,9
"WaterSurf",761,0,0,"picoseuropa",12,9
"AlpScrGr",503669,0,0,"picoseuropa",12,10
"ArtSurf",2512,0,0,"picoseuropa",12,10
"AtlScrub",36927,0,0,"picoseuropa",12,10
"Crop",230,0,0,"picoseuropa",12,10
"Dehesa",71,0,0,"picoseuropa",12,10
"Grass",144539,0,0,"picoseuropa",12,10
"HydroRipVeg",811,0,0,"picoseuropa",12,10
"MedSclF",5580,0,0,"picoseuropa",12,10
"MedScrub",15115,0,0,"picoseuropa",12,10
"Reforestation",1269,0,0,"picoseuropa",12,10
"RipF",953,0,0,"picoseuropa",12,10
"RockScreeVeg",1135,0,0,"picoseuropa",12,10
"SMedMarF",8558,0,0,"picoseuropa",12,10
"Shrub",1599,0,0,"picoseuropa",12,10
"TempDecF",256336,0,0,"picoseuropa",12,10
"WaterSurf",752,0,0,"picoseuropa",12,10
"AlpScrGr",486719,0,0,"picoseuropa",12,11
"ArtSurf",2510,0,0,"picoseuropa",12,11
"AtlScrub",36869,0,0,"picoseuropa",12,11
"Crop",230,0,0,"picoseuropa",12,11
"Dehesa",71,0,0,"picoseuropa",12,11
"Grass",144253,0,0,"picoseuropa",12,11
"HydroRipVeg",811,0,0,"picoseuropa",12,11
"MedSclF",5373,0,0,"picoseuropa",12,11
"MedScrub",15082,0,0,"picoseuropa",12,11
"Reforestation",1269,0,0,"picoseuropa",12,11
"RipF",953,0,0,"picoseuropa",12,11
"RockScreeVeg",1132,0,0,"picoseuropa",12,11
"SMedMarF",8555,0,0,"picoseuropa",12,11
"Shrub",1598,0,0,"picoseuropa",12,11
"TempDecF",255911,0,0,"picoseuropa",12,11
"WaterSurf",745,0,0,"picoseuropa",12,11
"AlpScrGr",482406,0,0,"picoseuropa",12,12
"ArtSurf",2498,0,0,"picoseuropa",12,12
"AtlScrub",36212,0,0,"picoseuropa",12,12
"Crop",230,0,0,"picoseuropa",12,12
"Dehesa",57,0,0,"picoseuropa",12,12
"Grass",142707,0,0,"picoseuropa",12,12
"HydroRipVeg",802,0,0,"picoseuropa",12,12
"MedSclF",4578,0,0,"picoseuropa",12,12
"MedScrub",14918,0,0,"picoseuropa",12,12
"Reforestation",1266,0,0,"picoseuropa",12,12
"RipF",953,0,0,"picoseuropa",12,12
"RockScreeVeg",1099,0,0,"picoseuropa",12,12
"SMedMarF",8419,0,0,"picoseuropa",12,12
"Shrub",1532,0,0,"picoseuropa",12,12
"TempDecF",252908,0,0,"picoseuropa",12,12
"WaterSurf",708,0,0,"picoseuropa",12,12
"AlpConF",173794,0,0,"sierranevada",1,1
"AlpScrGr",631034,0,0,"sierranevada",1,1
"AridScr",766,0,0,"sierranevada",1,1
"ArtSurf",8799,0,0,"sierranevada",1,1
"BareArea",50,0,0,"sierranevada",1,1
"Crop",1432,0,0,"sierranevada",1,1
"Grass",77894,0,0,"sierranevada",1,1
"HaloVeg",90,0,0,"sierranevada",1,1
"HydroRipVeg",1442,0,0,"sierranevada",1,1
"MedConF",2985,0,0,"sierranevada",1,1
"MedSclF",38403,0,0,"sierranevada",1,1
"MedScrub",110649,0,0,"sierranevada",1,1
"Reforestation",29222,0,0,"sierranevada",1,1
"RipF",2926,0,0,"sierranevada",1,1
"RockScreeVeg",99111,0,0,"sierranevada",1,1
"SMedMarF",16274,0,0,"sierranevada",1,1
"Shrub",3805,0,0,"sierranevada",1,1
"WaterSurf",246,0,0,"sierranevada",1,1
"AlpConF",173794,19469,11.2,"sierranevada",1,2
"AlpScrGr",631149,116312,18.43,"sierranevada",1,2
"AridScr",773,6,0.78,"sierranevada",1,2
"ArtSurf",8799,1369,15.56,"sierranevada",1,2
"BareArea",50,0,0,"sierranevada",1,2
"Crop",1432,221,15.43,"sierranevada",1,2
"Grass",77900,9295,11.93,"sierranevada",1,2
"HaloVeg",90,4,4.44,"sierranevada",1,2
"HydroRipVeg",1447,386,26.68,"sierranevada",1,2
"MedConF",2985,17,0.57,"sierranevada",1,2
"MedSclF",38437,2042,5.31,"sierranevada",1,2
"MedScrub",110663,14534,13.13,"sierranevada",1,2
"Reforestation",29226,2549,8.72,"sierranevada",1,2
"RipF",2930,551,18.81,"sierranevada",1,2
"RockScreeVeg",99119,3545,3.58,"sierranevada",1,2
"SMedMarF",16274,1348,8.28,"sierranevada",1,2
"Shrub",3805,551,14.48,"sierranevada",1,2
"WaterSurf",246,2,0.81,"sierranevada",1,2
"AlpConF",173796,1185,0.68,"sierranevada",1,3
"AlpScrGr",631177,50341,7.98,"sierranevada",1,3
"AridScr",774,0,0,"sierranevada",1,3
"ArtSurf",8799,88,1,"sierranevada",1,3
"BareArea",50,0,0,"sierranevada",1,3
"Crop",1432,0,0,"sierranevada",1,3
"Grass",77900,1309,1.68,"sierranevada",1,3
"HaloVeg",90,8,8.89,"sierranevada",1,3
"HydroRipVeg",1448,27,1.86,"sierranevada",1,3
"MedConF",2985,0,0,"sierranevada",1,3
"MedSclF",38437,10,0.03,"sierranevada",1,3
"MedScrub",110663,611,0.55,"sierranevada",1,3
"Reforestation",29226,1149,3.93,"sierranevada",1,3
"RipF",2930,19,0.65,"sierranevada",1,3
"RockScreeVeg",99121,3444,3.47,"sierranevada",1,3
"SMedMarF",16274,2,0.01,"sierranevada",1,3
"Shrub",3805,45,1.18,"sierranevada",1,3
"WaterSurf",246,1,0.41,"sierranevada",1,3
"AlpConF",173796,0,0,"sierranevada",1,4
"AlpScrGr",631177,0,0,"sierranevada",1,4
"AridScr",774,0,0,"sierranevada",1,4
"ArtSurf",8799,0,0,"sierranevada",1,4
"BareArea",50,0,0,"sierranevada",1,4
"Crop",1432,0,0,"sierranevada",1,4
"Grass",77900,0,0,"sierranevada",1,4
"HaloVeg",90,0,0,"sierranevada",1,4
"HydroRipVeg",1448,0,0,"sierranevada",1,4
"MedConF",2985,0,0,"sierranevada",1,4
"MedSclF",38437,0,0,"sierranevada",1,4
"MedScrub",110663,0,0,"sierranevada",1,4
"Reforestation",29226,0,0,"sierranevada",1,4
"RipF",2930,0,0,"sierranevada",1,4
"RockScreeVeg",99121,0,0,"sierranevada",1,4
"SMedMarF",16274,0,0,"sierranevada",1,4
"Shrub",3805,0,0,"sierranevada",1,4
"WaterSurf",246,0,0,"sierranevada",1,4
"AlpConF",173796,0,0,"sierranevada",1,5
"AlpScrGr",631177,0,0,"sierranevada",1,5
"AridScr",774,0,0,"sierranevada",1,5
"ArtSurf",8799,0,0,"sierranevada",1,5
"BareArea",50,0,0,"sierranevada",1,5
"Crop",1432,0,0,"sierranevada",1,5
"Grass",77900,0,0,"sierranevada",1,5
"HaloVeg",90,0,0,"sierranevada",1,5
"HydroRipVeg",1448,0,0,"sierranevada",1,5
"MedConF",2985,0,0,"sierranevada",1,5
"MedSclF",38437,0,0,"sierranevada",1,5
"MedScrub",110663,0,0,"sierranevada",1,5
"Reforestation",29226,0,0,"sierranevada",1,5
"RipF",2930,0,0,"sierranevada",1,5
"RockScreeVeg",99121,0,0,"sierranevada",1,5
"SMedMarF",16274,0,0,"sierranevada",1,5
"Shrub",3805,0,0,"sierranevada",1,5
"WaterSurf",246,0,0,"sierranevada",1,5
"AlpConF",173796,4,0,"sierranevada",1,6
"AlpScrGr",631177,0,0,"sierranevada",1,6
"AridScr",774,0,0,"sierranevada",1,6
"ArtSurf",8799,0,0,"sierranevada",1,6
"BareArea",50,0,0,"sierranevada",1,6
"Crop",1432,0,0,"sierranevada",1,6
"Grass",77900,2,0,"sierranevada",1,6
"HaloVeg",90,0,0,"sierranevada",1,6
"HydroRipVeg",1448,0,0,"sierranevada",1,6
"MedConF",2985,0,0,"sierranevada",1,6
"MedSclF",38437,0,0,"sierranevada",1,6
"MedScrub",110663,0,0,"sierranevada",1,6
"Reforestation",29226,0,0,"sierranevada",1,6
"RipF",2930,0,0,"sierranevada",1,6
"RockScreeVeg",99121,2,0,"sierranevada",1,6
"SMedMarF",16274,0,0,"sierranevada",1,6
"Shrub",3805,0,0,"sierranevada",1,6
"WaterSurf",246,0,0,"sierranevada",1,6
"AlpConF",173796,0,0,"sierranevada",1,7
"AlpScrGr",631181,0,0,"sierranevada",1,7
"AridScr",774,0,0,"sierranevada",1,7
"ArtSurf",8799,0,0,"sierranevada",1,7
"BareArea",50,0,0,"sierranevada",1,7
"Crop",1432,0,0,"sierranevada",1,7
"Grass",77900,0,0,"sierranevada",1,7
"HaloVeg",90,0,0,"sierranevada",1,7
"HydroRipVeg",1448,0,0,"sierranevada",1,7
"MedConF",2985,0,0,"sierranevada",1,7
"MedSclF",38437,0,0,"sierranevada",1,7
"MedScrub",110663,0,0,"sierranevada",1,7
"Reforestation",29226,0,0,"sierranevada",1,7
"RipF",2930,0,0,"sierranevada",1,7
"RockScreeVeg",99121,0,0,"sierranevada",1,7
"SMedMarF",16274,0,0,"sierranevada",1,7
"Shrub",3805,0,0,"sierranevada",1,7
"WaterSurf",246,0,0,"sierranevada",1,7
"AlpConF",173796,0,0,"sierranevada",1,8
"AlpScrGr",631178,29,0,"sierranevada",1,8
"AridScr",774,0,0,"sierranevada",1,8
"ArtSurf",8799,0,0,"sierranevada",1,8
"BareArea",50,0,0,"sierranevada",1,8
"Crop",1432,0,0,"sierranevada",1,8
"Grass",77900,5,0.01,"sierranevada",1,8
"HaloVeg",90,0,0,"sierranevada",1,8
"HydroRipVeg",1448,0,0,"sierranevada",1,8
"MedConF",2985,0,0,"sierranevada",1,8
"MedSclF",38437,0,0,"sierranevada",1,8
"MedScrub",110663,0,0,"sierranevada",1,8
"Reforestation",29226,0,0,"sierranevada",1,8
"RipF",2930,0,0,"sierranevada",1,8
"RockScreeVeg",99121,137,0.14,"sierranevada",1,8
"SMedMarF",16274,0,0,"sierranevada",1,8
"Shrub",3805,0,0,"sierranevada",1,8
"WaterSurf",246,0,0,"sierranevada",1,8
"AlpConF",173796,0,0,"sierranevada",1,9
"AlpScrGr",631177,0,0,"sierranevada",1,9
"AridScr",774,0,0,"sierranevada",1,9
"ArtSurf",8799,0,0,"sierranevada",1,9
"BareArea",50,0,0,"sierranevada",1,9
"Crop",1432,0,0,"sierranevada",1,9
"Grass",77900,0,0,"sierranevada",1,9
"HaloVeg",90,0,0,"sierranevada",1,9
"HydroRipVeg",1448,0,0,"sierranevada",1,9
"MedConF",2985,0,0,"sierranevada",1,9
"MedSclF",38437,0,0,"sierranevada",1,9
"MedScrub",110663,0,0,"sierranevada",1,9
"Reforestation",29226,0,0,"sierranevada",1,9
"RipF",2930,0,0,"sierranevada",1,9
"RockScreeVeg",99121,0,0,"sierranevada",1,9
"SMedMarF",16274,0,0,"sierranevada",1,9
"Shrub",3805,0,0,"sierranevada",1,9
"WaterSurf",246,0,0,"sierranevada",1,9
"AlpConF",173796,0,0,"sierranevada",1,10
"AlpScrGr",631178,0,0,"sierranevada",1,10
"AridScr",774,0,0,"sierranevada",1,10
"ArtSurf",8799,0,0,"sierranevada",1,10
"BareArea",50,0,0,"sierranevada",1,10
"Crop",1432,0,0,"sierranevada",1,10
"Grass",77900,0,0,"sierranevada",1,10
"HaloVeg",90,0,0,"sierranevada",1,10
"HydroRipVeg",1448,0,0,"sierranevada",1,10
"MedConF",2985,0,0,"sierranevada",1,10
"MedSclF",38437,0,0,"sierranevada",1,10
"MedScrub",110663,0,0,"sierranevada",1,10
"Reforestation",29226,0,0,"sierranevada",1,10
"RipF",2930,0,0,"sierranevada",1,10
"RockScreeVeg",99121,0,0,"sierranevada",1,10
"SMedMarF",16274,0,0,"sierranevada",1,10
"Shrub",3805,0,0,"sierranevada",1,10
"WaterSurf",246,0,0,"sierranevada",1,10
"AlpConF",173794,0,0,"sierranevada",1,11
"AlpScrGr",631149,0,0,"sierranevada",1,11
"AridScr",772,0,0,"sierranevada",1,11
"ArtSurf",8799,0,0,"sierranevada",1,11
"BareArea",50,0,0,"sierranevada",1,11
"Crop",1432,0,0,"sierranevada",1,11
"Grass",77897,0,0,"sierranevada",1,11
"HaloVeg",90,0,0,"sierranevada",1,11
"HydroRipVeg",1448,0,0,"sierranevada",1,11
"MedConF",2985,0,0,"sierranevada",1,11
"MedSclF",38428,0,0,"sierranevada",1,11
"MedScrub",110657,0,0,"sierranevada",1,11
"Reforestation",29224,0,0,"sierranevada",1,11
"RipF",2930,0,0,"sierranevada",1,11
"RockScreeVeg",99119,0,0,"sierranevada",1,11
"SMedMarF",16274,0,0,"sierranevada",1,11
"Shrub",3805,0,0,"sierranevada",1,11
"WaterSurf",246,0,0,"sierranevada",1,11
"AlpConF",173767,0,0,"sierranevada",1,12
"AlpScrGr",631026,0,0,"sierranevada",1,12
"AridScr",763,0,0,"sierranevada",1,12
"ArtSurf",8799,0,0,"sierranevada",1,12
"BareArea",50,0,0,"sierranevada",1,12
"Crop",1432,0,0,"sierranevada",1,12
"Grass",77879,0,0,"sierranevada",1,12
"HaloVeg",90,0,0,"sierranevada",1,12
"HydroRipVeg",1442,0,0,"sierranevada",1,12
"MedConF",2985,0,0,"sierranevada",1,12
"MedSclF",38375,0,0,"sierranevada",1,12
"MedScrub",110617,0,0,"sierranevada",1,12
"Reforestation",29221,0,0,"sierranevada",1,12
"RipF",2928,0,0,"sierranevada",1,12
"RockScreeVeg",99098,0,0,"sierranevada",1,12
"SMedMarF",16272,0,0,"sierranevada",1,12
"Shrub",3805,0,0,"sierranevada",1,12
"WaterSurf",246,0,0,"sierranevada",1,12
"AlpConF",173794,1,0,"sierranevada",3,1
"AlpScrGr",631034,0,0,"sierranevada",3,1
"AridScr",766,0,0,"sierranevada",3,1
"ArtSurf",8799,0,0,"sierranevada",3,1
"BareArea",50,0,0,"sierranevada",3,1
"Crop",1432,0,0,"sierranevada",3,1
"Grass",77894,0,0,"sierranevada",3,1
"HaloVeg",90,0,0,"sierranevada",3,1
"HydroRipVeg",1442,0,0,"sierranevada",3,1
"MedConF",2985,0,0,"sierranevada",3,1
"MedSclF",38403,0,0,"sierranevada",3,1
"MedScrub",110649,0,0,"sierranevada",3,1
"Reforestation",29222,0,0,"sierranevada",3,1
"RipF",2926,0,0,"sierranevada",3,1
"RockScreeVeg",99111,0,0,"sierranevada",3,1
"SMedMarF",16274,0,0,"sierranevada",3,1
"Shrub",3805,0,0,"sierranevada",3,1
"WaterSurf",246,0,0,"sierranevada",3,1
"AlpConF",173794,95,0.05,"sierranevada",3,2
"AlpScrGr",631149,1098,0.17,"sierranevada",3,2
"AridScr",773,0,0,"sierranevada",3,2
"ArtSurf",8799,13,0.15,"sierranevada",3,2
"BareArea",50,0,0,"sierranevada",3,2
"Crop",1432,5,0.35,"sierranevada",3,2
"Grass",77900,86,0.11,"sierranevada",3,2
"HaloVeg",90,0,0,"sierranevada",3,2
"HydroRipVeg",1447,2,0.14,"sierranevada",3,2
"MedConF",2985,0,0,"sierranevada",3,2
"MedSclF",38437,36,0.09,"sierranevada",3,2
"MedScrub",110663,49,0.04,"sierranevada",3,2
"Reforestation",29226,14,0.05,"sierranevada",3,2
"RipF",2930,1,0.03,"sierranevada",3,2
"RockScreeVeg",99119,57,0.06,"sierranevada",3,2
"SMedMarF",16274,9,0.06,"sierranevada",3,2
"Shrub",3805,9,0.24,"sierranevada",3,2
"WaterSurf",246,0,0,"sierranevada",3,2
"AlpConF",173796,2109,1.21,"sierranevada",3,3
"AlpScrGr",631177,22599,3.58,"sierranevada",3,3
"AridScr",774,0,0,"sierranevada",3,3
"ArtSurf",8799,55,0.63,"sierranevada",3,3
"BareArea",50,0,0,"sierranevada",3,3
"Crop",1432,3,0.21,"sierranevada",3,3
"Grass",77900,376,0.48,"sierranevada",3,3
"HaloVeg",90,1,1.11,"sierranevada",3,3
"HydroRipVeg",1448,21,1.45,"sierranevada",3,3
"MedConF",2985,0,0,"sierranevada",3,3
"MedSclF",38437,11,0.03,"sierranevada",3,3
"MedScrub",110663,426,0.38,"sierranevada",3,3
"Reforestation",29226,499,1.71,"sierranevada",3,3
"RipF",2930,7,0.24,"sierranevada",3,3
"RockScreeVeg",99121,379,0.38,"sierranevada",3,3
"SMedMarF",16274,23,0.14,"sierranevada",3,3
"Shrub",3805,27,0.71,"sierranevada",3,3
"WaterSurf",246,0,0,"sierranevada",3,3
"AlpConF",173796,281,0.16,"sierranevada",3,4
"AlpScrGr",631177,7148,1.13,"sierranevada",3,4
"AridScr",774,0,0,"sierranevada",3,4
"ArtSurf",8799,9,0.1,"sierranevada",3,4
"BareArea",50,0,0,"sierranevada",3,4
"Crop",1432,3,0.21,"sierranevada",3,4
"Grass",77900,28,0.04,"sierranevada",3,4
"HaloVeg",90,0,0,"sierranevada",3,4
"HydroRipVeg",1448,1,0.07,"sierranevada",3,4
"MedConF",2985,0,0,"sierranevada",3,4
"MedSclF",38437,0,0,"sierranevada",3,4
"MedScrub",110663,19,0.02,"sierranevada",3,4
"Reforestation",29226,40,0.14,"sierranevada",3,4
"RipF",2930,2,0.07,"sierranevada",3,4
"RockScreeVeg",99121,336,0.34,"sierranevada",3,4
"SMedMarF",16274,2,0.01,"sierranevada",3,4
"Shrub",3805,0,0,"sierranevada",3,4
"WaterSurf",246,0,0,"sierranevada",3,4
"AlpConF",173796,24,0.01,"sierranevada",3,5
"AlpScrGr",631177,5551,0.88,"sierranevada",3,5
"AridScr",774,0,0,"sierranevada",3,5
"ArtSurf",8799,5,0.06,"sierranevada",3,5
"BareArea",50,0,0,"sierranevada",3,5
"Crop",1432,0,0,"sierranevada",3,5
"Grass",77900,43,0.06,"sierranevada",3,5
"HaloVeg",90,0,0,"sierranevada",3,5
"HydroRipVeg",1448,0,0,"sierranevada",3,5
"MedConF",2985,0,0,"sierranevada",3,5
"MedSclF",38437,0,0,"sierranevada",3,5
"MedScrub",110663,7,0.01,"sierranevada",3,5
"Reforestation",29226,14,0.05,"sierranevada",3,5
"RipF",2930,0,0,"sierranevada",3,5
"RockScreeVeg",99121,989,1,"sierranevada",3,5
"SMedMarF",16274,5,0.03,"sierranevada",3,5
"Shrub",3805,0,0,"sierranevada",3,5
"WaterSurf",246,0,0,"sierranevada",3,5
"AlpConF",173796,212,0.12,"sierranevada",3,6
"AlpScrGr",631177,203,0.03,"sierranevada",3,6
"AridScr",774,0,0,"sierranevada",3,6
"ArtSurf",8799,0,0,"sierranevada",3,6
"BareArea",50,0,0,"sierranevada",3,6
"Crop",1432,0,0,"sierranevada",3,6
"Grass",77900,47,0.06,"sierranevada",3,6
"HaloVeg",90,0,0,"sierranevada",3,6
"HydroRipVeg",1448,0,0,"sierranevada",3,6
"MedConF",2985,0,0,"sierranevada",3,6
"MedSclF",38437,0,0,"sierranevada",3,6
"MedScrub",110663,3,0,"sierranevada",3,6
"Reforestation",29226,0,0,"sierranevada",3,6
"RipF",2930,0,0,"sierranevada",3,6
"RockScreeVeg",99121,690,0.7,"sierranevada",3,6
"SMedMarF",16274,0,0,"sierranevada",3,6
"Shrub",3805,0,0,"sierranevada",3,6
"WaterSurf",246,0,0,"sierranevada",3,6
"AlpConF",173796,40,0.02,"sierranevada",3,7
"AlpScrGr",631181,132,0.02,"sierranevada",3,7
"AridScr",774,0,0,"sierranevada",3,7
"ArtSurf",8799,1,0.01,"sierranevada",3,7
"BareArea",50,0,0,"sierranevada",3,7
"Crop",1432,0,0,"sierranevada",3,7
"Grass",77900,27,0.03,"sierranevada",3,7
"HaloVeg",90,0,0,"sierranevada",3,7
"HydroRipVeg",1448,0,0,"sierranevada",3,7
"MedConF",2985,0,0,"sierranevada",3,7
"MedSclF",38437,0,0,"sierranevada",3,7
"MedScrub",110663,0,0,"sierranevada",3,7
"Reforestation",29226,0,0,"sierranevada",3,7
"RipF",2930,0,0,"sierranevada",3,7
"RockScreeVeg",99121,507,0.51,"sierranevada",3,7
"SMedMarF",16274,0,0,"sierranevada",3,7
"Shrub",3805,0,0,"sierranevada",3,7
"WaterSurf",246,1,0.41,"sierranevada",3,7
"AlpConF",173796,1,0,"sierranevada",3,8
"AlpScrGr",631178,48,0.01,"sierranevada",3,8
"AridScr",774,0,0,"sierranevada",3,8
"ArtSurf",8799,0,0,"sierranevada",3,8
"BareArea",50,0,0,"sierranevada",3,8
"Crop",1432,0,0,"sierranevada",3,8
"Grass",77900,16,0.02,"sierranevada",3,8
"HaloVeg",90,0,0,"sierranevada",3,8
"HydroRipVeg",1448,0,0,"sierranevada",3,8
"MedConF",2985,0,0,"sierranevada",3,8
"MedSclF",38437,8,0.02,"sierranevada",3,8
"MedScrub",110663,13,0.01,"sierranevada",3,8
"Reforestation",29226,0,0,"sierranevada",3,8
"RipF",2930,0,0,"sierranevada",3,8
"RockScreeVeg",99121,231,0.23,"sierranevada",3,8
"SMedMarF",16274,0,0,"sierranevada",3,8
"Shrub",3805,0,0,"sierranevada",3,8
"WaterSurf",246,3,1.22,"sierranevada",3,8
"AlpConF",173796,0,0,"sierranevada",3,9
"AlpScrGr",631177,0,0,"sierranevada",3,9
"AridScr",774,0,0,"sierranevada",3,9
"ArtSurf",8799,0,0,"sierranevada",3,9
"BareArea",50,0,0,"sierranevada",3,9
"Crop",1432,0,0,"sierranevada",3,9
"Grass",77900,0,0,"sierranevada",3,9
"HaloVeg",90,0,0,"sierranevada",3,9
"HydroRipVeg",1448,0,0,"sierranevada",3,9
"MedConF",2985,0,0,"sierranevada",3,9
"MedSclF",38437,0,0,"sierranevada",3,9
"MedScrub",110663,0,0,"sierranevada",3,9
"Reforestation",29226,0,0,"sierranevada",3,9
"RipF",2930,0,0,"sierranevada",3,9
"RockScreeVeg",99121,0,0,"sierranevada",3,9
"SMedMarF",16274,0,0,"sierranevada",3,9
"Shrub",3805,0,0,"sierranevada",3,9
"WaterSurf",246,0,0,"sierranevada",3,9
"AlpConF",173796,0,0,"sierranevada",3,10
"AlpScrGr",631178,0,0,"sierranevada",3,10
"AridScr",774,0,0,"sierranevada",3,10
"ArtSurf",8799,0,0,"sierranevada",3,10
"BareArea",50,0,0,"sierranevada",3,10
"Crop",1432,0,0,"sierranevada",3,10
"Grass",77900,0,0,"sierranevada",3,10
"HaloVeg",90,0,0,"sierranevada",3,10
"HydroRipVeg",1448,0,0,"sierranevada",3,10
"MedConF",2985,0,0,"sierranevada",3,10
"MedSclF",38437,0,0,"sierranevada",3,10
"MedScrub",110663,0,0,"sierranevada",3,10
"Reforestation",29226,0,0,"sierranevada",3,10
"RipF",2930,0,0,"sierranevada",3,10
"RockScreeVeg",99121,0,0,"sierranevada",3,10
"SMedMarF",16274,0,0,"sierranevada",3,10
"Shrub",3805,0,0,"sierranevada",3,10
"WaterSurf",246,0,0,"sierranevada",3,10
"AlpConF",173794,40,0.02,"sierranevada",3,11
"AlpScrGr",631149,10985,1.74,"sierranevada",3,11
"AridScr",772,0,0,"sierranevada",3,11
"ArtSurf",8799,20,0.23,"sierranevada",3,11
"BareArea",50,0,0,"sierranevada",3,11
"Crop",1432,0,0,"sierranevada",3,11
"Grass",77897,91,0.12,"sierranevada",3,11
"HaloVeg",90,0,0,"sierranevada",3,11
"HydroRipVeg",1448,0,0,"sierranevada",3,11
"MedConF",2985,2,0.07,"sierranevada",3,11
"MedSclF",38428,1,0,"sierranevada",3,11
"MedScrub",110657,10,0.01,"sierranevada",3,11
"Reforestation",29224,3,0.01,"sierranevada",3,11
"RipF",2930,0,0,"sierranevada",3,11
"RockScreeVeg",99119,1097,1.11,"sierranevada",3,11
"SMedMarF",16274,0,0,"sierranevada",3,11
"Shrub",3805,0,0,"sierranevada",3,11
"WaterSurf",246,2,0.81,"sierranevada",3,11
"AlpConF",173767,0,0,"sierranevada",3,12
"AlpScrGr",631026,0,0,"sierranevada",3,12
"AridScr",763,0,0,"sierranevada",3,12
"ArtSurf",8799,0,0,"sierranevada",3,12
"BareArea",50,0,0,"sierranevada",3,12
"Crop",1432,0,0,"sierranevada",3,12
"Grass",77879,0,0,"sierranevada",3,12
"HaloVeg",90,0,0,"sierranevada",3,12
"HydroRipVeg",1442,0,0,"sierranevada",3,12
"MedConF",2985,0,0,"sierranevada",3,12
"MedSclF",38375,0,0,"sierranevada",3,12
"MedScrub",110617,0,0,"sierranevada",3,12
"Reforestation",29221,0,0,"sierranevada",3,12
"RipF",2928,0,0,"sierranevada",3,12
"RockScreeVeg",99098,0,0,"sierranevada",3,12
"SMedMarF",16272,0,0,"sierranevada",3,12
"Shrub",3805,0,0,"sierranevada",3,12
"WaterSurf",246,0,0,"sierranevada",3,12
"AlpConF",173794,3,0,"sierranevada",6,1
"AlpScrGr",631034,0,0,"sierranevada",6,1
"AridScr",766,0,0,"sierranevada",6,1
"ArtSurf",8799,0,0,"sierranevada",6,1
"BareArea",50,0,0,"sierranevada",6,1
"Crop",1432,0,0,"sierranevada",6,1
"Grass",77894,0,0,"sierranevada",6,1
"HaloVeg",90,0,0,"sierranevada",6,1
"HydroRipVeg",1442,0,0,"sierranevada",6,1
"MedConF",2985,0,0,"sierranevada",6,1
"MedSclF",38403,0,0,"sierranevada",6,1
"MedScrub",110649,0,0,"sierranevada",6,1
"Reforestation",29222,0,0,"sierranevada",6,1
"RipF",2926,0,0,"sierranevada",6,1
"RockScreeVeg",99111,0,0,"sierranevada",6,1
"SMedMarF",16274,0,0,"sierranevada",6,1
"Shrub",3805,0,0,"sierranevada",6,1
"WaterSurf",246,0,0,"sierranevada",6,1
"AlpConF",173794,35,0.02,"sierranevada",6,2
"AlpScrGr",631149,272,0.04,"sierranevada",6,2
"AridScr",773,0,0,"sierranevada",6,2
"ArtSurf",8799,0,0,"sierranevada",6,2
"BareArea",50,0,0,"sierranevada",6,2
"Crop",1432,0,0,"sierranevada",6,2
"Grass",77900,10,0.01,"sierranevada",6,2
"HaloVeg",90,0,0,"sierranevada",6,2
"HydroRipVeg",1447,0,0,"sierranevada",6,2
"MedConF",2985,0,0,"sierranevada",6,2
"MedSclF",38437,0,0,"sierranevada",6,2
"MedScrub",110663,1,0,"sierranevada",6,2
"Reforestation",29226,15,0.05,"sierranevada",6,2
"RipF",2930,0,0,"sierranevada",6,2
"RockScreeVeg",99119,6,0.01,"sierranevada",6,2
"SMedMarF",16274,0,0,"sierranevada",6,2
"Shrub",3805,0,0,"sierranevada",6,2
"WaterSurf",246,0,0,"sierranevada",6,2
"AlpConF",173796,0,0,"sierranevada",6,3
"AlpScrGr",631177,0,0,"sierranevada",6,3
"AridScr",774,0,0,"sierranevada",6,3
"ArtSurf",8799,0,0,"sierranevada",6,3
"BareArea",50,0,0,"sierranevada",6,3
"Crop",1432,0,0,"sierranevada",6,3
"Grass",77900,0,0,"sierranevada",6,3
"HaloVeg",90,0,0,"sierranevada",6,3
"HydroRipVeg",1448,0,0,"sierranevada",6,3
"MedConF",2985,0,0,"sierranevada",6,3
"MedSclF",38437,0,0,"sierranevada",6,3
"MedScrub",110663,0,0,"sierranevada",6,3
"Reforestation",29226,0,0,"sierranevada",6,3
"RipF",2930,0,0,"sierranevada",6,3
"RockScreeVeg",99121,0,0,"sierranevada",6,3
"SMedMarF",16274,0,0,"sierranevada",6,3
"Shrub",3805,0,0,"sierranevada",6,3
"WaterSurf",246,0,0,"sierranevada",6,3
"AlpConF",173796,0,0,"sierranevada",6,4
"AlpScrGr",631177,1,0,"sierranevada",6,4
"AridScr",774,0,0,"sierranevada",6,4
"ArtSurf",8799,0,0,"sierranevada",6,4
"BareArea",50,0,0,"sierranevada",6,4
"Crop",1432,0,0,"sierranevada",6,4
"Grass",77900,0,0,"sierranevada",6,4
"HaloVeg",90,0,0,"sierranevada",6,4
"HydroRipVeg",1448,0,0,"sierranevada",6,4
"MedConF",2985,0,0,"sierranevada",6,4
"MedSclF",38437,0,0,"sierranevada",6,4
"MedScrub",110663,0,0,"sierranevada",6,4
"Reforestation",29226,0,0,"sierranevada",6,4
"RipF",2930,0,0,"sierranevada",6,4
"RockScreeVeg",99121,0,0,"sierranevada",6,4
"SMedMarF",16274,0,0,"sierranevada",6,4
"Shrub",3805,0,0,"sierranevada",6,4
"WaterSurf",246,0,0,"sierranevada",6,4
"AlpConF",173796,642,0.37,"sierranevada",6,5
"AlpScrGr",631177,35787,5.67,"sierranevada",6,5
"AridScr",774,0,0,"sierranevada",6,5
"ArtSurf",8799,47,0.53,"sierranevada",6,5
"BareArea",50,0,0,"sierranevada",6,5
"Crop",1432,0,0,"sierranevada",6,5
"Grass",77900,448,0.58,"sierranevada",6,5
"HaloVeg",90,0,0,"sierranevada",6,5
"HydroRipVeg",1448,4,0.28,"sierranevada",6,5
"MedConF",2985,0,0,"sierranevada",6,5
"MedSclF",38437,8,0.02,"sierranevada",6,5
"MedScrub",110663,60,0.05,"sierranevada",6,5
"Reforestation",29226,181,0.62,"sierranevada",6,5
"RipF",2930,0,0,"sierranevada",6,5
"RockScreeVeg",99121,7149,7.21,"sierranevada",6,5
"SMedMarF",16274,0,0,"sierranevada",6,5
"Shrub",3805,0,0,"sierranevada",6,5
"WaterSurf",246,9,3.66,"sierranevada",6,5
"AlpConF",173796,257,0.15,"sierranevada",6,6
"AlpScrGr",631177,61105,9.68,"sierranevada",6,6
"AridScr",774,0,0,"sierranevada",6,6
"ArtSurf",8799,63,0.72,"sierranevada",6,6
"BareArea",50,0,0,"sierranevada",6,6
"Crop",1432,0,0,"sierranevada",6,6
"Grass",77900,1435,1.84,"sierranevada",6,6
"HaloVeg",90,0,0,"sierranevada",6,6
"HydroRipVeg",1448,2,0.14,"sierranevada",6,6
"MedConF",2985,6,0.2,"sierranevada",6,6
"MedSclF",38437,0,0,"sierranevada",6,6
"MedScrub",110663,107,0.1,"sierranevada",6,6
"Reforestation",29226,114,0.39,"sierranevada",6,6
"RipF",2930,1,0.03,"sierranevada",6,6
"RockScreeVeg",99121,33810,34.11,"sierranevada",6,6
"SMedMarF",16274,3,0.02,"sierranevada",6,6
"Shrub",3805,0,0,"sierranevada",6,6
"WaterSurf",246,100,40.65,"sierranevada",6,6
"AlpConF",173796,7,0,"sierranevada",6,7
"AlpScrGr",631181,11366,1.8,"sierranevada",6,7
"AridScr",774,0,0,"sierranevada",6,7
"ArtSurf",8799,18,0.2,"sierranevada",6,7
"BareArea",50,0,0,"sierranevada",6,7
"Crop",1432,0,0,"sierranevada",6,7
"Grass",77900,1202,1.54,"sierranevada",6,7
"HaloVeg",90,0,0,"sierranevada",6,7
"HydroRipVeg",1448,0,0,"sierranevada",6,7
"MedConF",2985,0,0,"sierranevada",6,7
"MedSclF",38437,0,0,"sierranevada",6,7
"MedScrub",110663,22,0.02,"sierranevada",6,7
"Reforestation",29226,0,0,"sierranevada",6,7
"RipF",2930,0,0,"sierranevada",6,7
"RockScreeVeg",99121,21179,21.37,"sierranevada",6,7
"SMedMarF",16274,0,0,"sierranevada",6,7
"Shrub",3805,0,0,"sierranevada",6,7
"WaterSurf",246,96,39.02,"sierranevada",6,7
"AlpConF",173796,0,0,"sierranevada",6,8
"AlpScrGr",631178,736,0.12,"sierranevada",6,8
"AridScr",774,0,0,"sierranevada",6,8
"ArtSurf",8799,1,0.01,"sierranevada",6,8
"BareArea",50,0,0,"sierranevada",6,8
"Crop",1432,0,0,"sierranevada",6,8
"Grass",77900,214,0.27,"sierranevada",6,8
"HaloVeg",90,0,0,"sierranevada",6,8
"HydroRipVeg",1448,0,0,"sierranevada",6,8
"MedConF",2985,0,0,"sierranevada",6,8
"MedSclF",38437,0,0,"sierranevada",6,8
"MedScrub",110663,0,0,"sierranevada",6,8
"Reforestation",29226,0,0,"sierranevada",6,8
"RipF",2930,0,0,"sierranevada",6,8
"RockScreeVeg",99121,3199,3.23,"sierranevada",6,8
"SMedMarF",16274,0,0,"sierranevada",6,8
"Shrub",3805,0,0,"sierranevada",6,8
"WaterSurf",246,7,2.85,"sierranevada",6,8
"AlpConF",173796,6,0,"sierranevada",6,9
"AlpScrGr",631177,0,0,"sierranevada",6,9
"AridScr",774,0,0,"sierranevada",6,9
"ArtSurf",8799,0,0,"sierranevada",6,9
"BareArea",50,0,0,"sierranevada",6,9
"Crop",1432,0,0,"sierranevada",6,9
"Grass",77900,0,0,"sierranevada",6,9
"HaloVeg",90,0,0,"sierranevada",6,9
"HydroRipVeg",1448,0,0,"sierranevada",6,9
"MedConF",2985,0,0,"sierranevada",6,9
"MedSclF",38437,0,0,"sierranevada",6,9
"MedScrub",110663,0,0,"sierranevada",6,9
"Reforestation",29226,0,0,"sierranevada",6,9
"RipF",2930,0,0,"sierranevada",6,9
"RockScreeVeg",99121,4,0,"sierranevada",6,9
"SMedMarF",16274,0,0,"sierranevada",6,9
"Shrub",3805,0,0,"sierranevada",6,9
"WaterSurf",246,0,0,"sierranevada",6,9
"AlpConF",173796,0,0,"sierranevada",6,10
"AlpScrGr",631178,0,0,"sierranevada",6,10
"AridScr",774,0,0,"sierranevada",6,10
"ArtSurf",8799,0,0,"sierranevada",6,10
"BareArea",50,0,0,"sierranevada",6,10
"Crop",1432,0,0,"sierranevada",6,10
"Grass",77900,0,0,"sierranevada",6,10
"HaloVeg",90,0,0,"sierranevada",6,10
"HydroRipVeg",1448,0,0,"sierranevada",6,10
"MedConF",2985,0,0,"sierranevada",6,10
"MedSclF",38437,0,0,"sierranevada",6,10
"MedScrub",110663,0,0,"sierranevada",6,10
"Reforestation",29226,0,0,"sierranevada",6,10
"RipF",2930,0,0,"sierranevada",6,10
"RockScreeVeg",99121,0,0,"sierranevada",6,10
"SMedMarF",16274,0,0,"sierranevada",6,10
"Shrub",3805,0,0,"sierranevada",6,10
"WaterSurf",246,0,0,"sierranevada",6,10
"AlpConF",173794,1,0,"sierranevada",6,11
"AlpScrGr",631149,479,0.08,"sierranevada",6,11
"AridScr",772,0,0,"sierranevada",6,11
"ArtSurf",8799,0,0,"sierranevada",6,11
"BareArea",50,0,0,"sierranevada",6,11
"Crop",1432,0,0,"sierranevada",6,11
"Grass",77897,11,0.01,"sierranevada",6,11
"HaloVeg",90,0,0,"sierranevada",6,11
"HydroRipVeg",1448,0,0,"sierranevada",6,11
"MedConF",2985,0,0,"sierranevada",6,11
"MedSclF",38428,0,0,"sierranevada",6,11
"MedScrub",110657,0,0,"sierranevada",6,11
"Reforestation",29224,0,0,"sierranevada",6,11
"RipF",2930,0,0,"sierranevada",6,11
"RockScreeVeg",99119,68,0.07,"sierranevada",6,11
"SMedMarF",16274,0,0,"sierranevada",6,11
"Shrub",3805,0,0,"sierranevada",6,11
"WaterSurf",246,0,0,"sierranevada",6,11
"AlpConF",173767,0,0,"sierranevada",6,12
"AlpScrGr",631026,0,0,"sierranevada",6,12
"AridScr",763,0,0,"sierranevada",6,12
"ArtSurf",8799,0,0,"sierranevada",6,12
"BareArea",50,0,0,"sierranevada",6,12
"Crop",1432,0,0,"sierranevada",6,12
"Grass",77879,1,0,"sierranevada",6,12
"HaloVeg",90,0,0,"sierranevada",6,12
"HydroRipVeg",1442,0,0,"sierranevada",6,12
"MedConF",2985,0,0,"sierranevada",6,12
"MedSclF",38375,0,0,"sierranevada",6,12
"MedScrub",110617,0,0,"sierranevada",6,12
"Reforestation",29221,0,0,"sierranevada",6,12
"RipF",2928,0,0,"sierranevada",6,12
"RockScreeVeg",99098,0,0,"sierranevada",6,12
"SMedMarF",16272,0,0,"sierranevada",6,12
"Shrub",3805,0,0,"sierranevada",6,12
"WaterSurf",246,0,0,"sierranevada",6,12
"AlpConF",173794,1986,1.14,"sierranevada",9,1
"AlpScrGr",631034,38,0.01,"sierranevada",9,1
"AridScr",766,0,0,"sierranevada",9,1
"ArtSurf",8799,5,0.06,"sierranevada",9,1
"BareArea",50,0,0,"sierranevada",9,1
"Crop",1432,0,0,"sierranevada",9,1
"Grass",77894,256,0.33,"sierranevada",9,1
"HaloVeg",90,0,0,"sierranevada",9,1
"HydroRipVeg",1442,0,0,"sierranevada",9,1
"MedConF",2985,0,0,"sierranevada",9,1
"MedSclF",38403,19,0.05,"sierranevada",9,1
"MedScrub",110649,16,0.01,"sierranevada",9,1
"Reforestation",29222,5,0.02,"sierranevada",9,1
"RipF",2926,0,0,"sierranevada",9,1
"RockScreeVeg",99111,0,0,"sierranevada",9,1
"SMedMarF",16274,0,0,"sierranevada",9,1
"Shrub",3805,0,0,"sierranevada",9,1
"WaterSurf",246,0,0,"sierranevada",9,1
"AlpConF",173794,3,0,"sierranevada",9,2
"AlpScrGr",631149,28,0,"sierranevada",9,2
"AridScr",773,0,0,"sierranevada",9,2
"ArtSurf",8799,0,0,"sierranevada",9,2
"BareArea",50,0,0,"sierranevada",9,2
"Crop",1432,0,0,"sierranevada",9,2
"Grass",77900,2,0,"sierranevada",9,2
"HaloVeg",90,0,0,"sierranevada",9,2
"HydroRipVeg",1447,0,0,"sierranevada",9,2
"MedConF",2985,0,0,"sierranevada",9,2
"MedSclF",38437,0,0,"sierranevada",9,2
"MedScrub",110663,0,0,"sierranevada",9,2
"Reforestation",29226,1,0,"sierranevada",9,2
"RipF",2930,0,0,"sierranevada",9,2
"RockScreeVeg",99119,4,0,"sierranevada",9,2
"SMedMarF",16274,0,0,"sierranevada",9,2
"Shrub",3805,0,0,"sierranevada",9,2
"WaterSurf",246,0,0,"sierranevada",9,2
"AlpConF",173796,0,0,"sierranevada",9,3
"AlpScrGr",631177,0,0,"sierranevada",9,3
"AridScr",774,0,0,"sierranevada",9,3
"ArtSurf",8799,0,0,"sierranevada",9,3
"BareArea",50,0,0,"sierranevada",9,3
"Crop",1432,0,0,"sierranevada",9,3
"Grass",77900,0,0,"sierranevada",9,3
"HaloVeg",90,0,0,"sierranevada",9,3
"HydroRipVeg",1448,0,0,"sierranevada",9,3
"MedConF",2985,0,0,"sierranevada",9,3
"MedSclF",38437,0,0,"sierranevada",9,3
"MedScrub",110663,0,0,"sierranevada",9,3
"Reforestation",29226,0,0,"sierranevada",9,3
"RipF",2930,0,0,"sierranevada",9,3
"RockScreeVeg",99121,0,0,"sierranevada",9,3
"SMedMarF",16274,0,0,"sierranevada",9,3
"Shrub",3805,0,0,"sierranevada",9,3
"WaterSurf",246,0,0,"sierranevada",9,3
"AlpConF",173796,51,0.03,"sierranevada",9,4
"AlpScrGr",631177,189,0.03,"sierranevada",9,4
"AridScr",774,0,0,"sierranevada",9,4
"ArtSurf",8799,1,0.01,"sierranevada",9,4
"BareArea",50,0,0,"sierranevada",9,4
"Crop",1432,0,0,"sierranevada",9,4
"Grass",77900,0,0,"sierranevada",9,4
"HaloVeg",90,0,0,"sierranevada",9,4
"HydroRipVeg",1448,0,0,"sierranevada",9,4
"MedConF",2985,0,0,"sierranevada",9,4
"MedSclF",38437,0,0,"sierranevada",9,4
"MedScrub",110663,0,0,"sierranevada",9,4
"Reforestation",29226,5,0.02,"sierranevada",9,4
"RipF",2930,0,0,"sierranevada",9,4
"RockScreeVeg",99121,7,0.01,"sierranevada",9,4
"SMedMarF",16274,0,0,"sierranevada",9,4
"Shrub",3805,0,0,"sierranevada",9,4
"WaterSurf",246,0,0,"sierranevada",9,4
"AlpConF",173796,502,0.29,"sierranevada",9,5
"AlpScrGr",631177,20167,3.2,"sierranevada",9,5
"AridScr",774,0,0,"sierranevada",9,5
"ArtSurf",8799,27,0.31,"sierranevada",9,5
"BareArea",50,0,0,"sierranevada",9,5
"Crop",1432,0,0,"sierranevada",9,5
"Grass",77900,542,0.7,"sierranevada",9,5
"HaloVeg",90,0,0,"sierranevada",9,5
"HydroRipVeg",1448,1,0.07,"sierranevada",9,5
"MedConF",2985,0,0,"sierranevada",9,5
"MedSclF",38437,13,0.03,"sierranevada",9,5
"MedScrub",110663,55,0.05,"sierranevada",9,5
"Reforestation",29226,85,0.29,"sierranevada",9,5
"RipF",2930,1,0.03,"sierranevada",9,5
"RockScreeVeg",99121,7441,7.51,"sierranevada",9,5
"SMedMarF",16274,0,0,"sierranevada",9,5
"Shrub",3805,0,0,"sierranevada",9,5
"WaterSurf",246,15,6.1,"sierranevada",9,5
"AlpConF",173796,87,0.05,"sierranevada",9,6
"AlpScrGr",631177,41454,6.57,"sierranevada",9,6
"AridScr",774,0,0,"sierranevada",9,6
"ArtSurf",8799,42,0.48,"sierranevada",9,6
"BareArea",50,0,0,"sierranevada",9,6
"Crop",1432,0,0,"sierranevada",9,6
"Grass",77900,1728,2.22,"sierranevada",9,6
"HaloVeg",90,0,0,"sierranevada",9,6
"HydroRipVeg",1448,0,0,"sierranevada",9,6
"MedConF",2985,0,0,"sierranevada",9,6
"MedSclF",38437,3,0.01,"sierranevada",9,6
"MedScrub",110663,53,0.05,"sierranevada",9,6
"Reforestation",29226,31,0.11,"sierranevada",9,6
"RipF",2930,0,0,"sierranevada",9,6
"RockScreeVeg",99121,31796,32.08,"sierranevada",9,6
"SMedMarF",16274,4,0.02,"sierranevada",9,6
"Shrub",3805,0,0,"sierranevada",9,6
"WaterSurf",246,110,44.72,"sierranevada",9,6
"AlpConF",173796,2,0,"sierranevada",9,7
"AlpScrGr",631181,5430,0.86,"sierranevada",9,7
"AridScr",774,0,0,"sierranevada",9,7
"ArtSurf",8799,5,0.06,"sierranevada",9,7
"BareArea",50,0,0,"sierranevada",9,7
"Crop",1432,0,0,"sierranevada",9,7
"Grass",77900,479,0.61,"sierranevada",9,7
"HaloVeg",90,0,0,"sierranevada",9,7
"HydroRipVeg",1448,0,0,"sierranevada",9,7
"MedConF",2985,0,0,"sierranevada",9,7
"MedSclF",38437,0,0,"sierranevada",9,7
"MedScrub",110663,0,0,"sierranevada",9,7
"Reforestation",29226,0,0,"sierranevada",9,7
"RipF",2930,0,0,"sierranevada",9,7
"RockScreeVeg",99121,9718,9.8,"sierranevada",9,7
"SMedMarF",16274,0,0,"sierranevada",9,7
"Shrub",3805,0,0,"sierranevada",9,7
"WaterSurf",246,47,19.11,"sierranevada",9,7
"AlpConF",173796,0,0,"sierranevada",9,8
"AlpScrGr",631178,1560,0.25,"sierranevada",9,8
"AridScr",774,0,0,"sierranevada",9,8
"ArtSurf",8799,4,0.05,"sierranevada",9,8
"BareArea",50,0,0,"sierranevada",9,8
"Crop",1432,0,0,"sierranevada",9,8
"Grass",77900,260,0.33,"sierranevada",9,8
"HaloVeg",90,0,0,"sierranevada",9,8
"HydroRipVeg",1448,0,0,"sierranevada",9,8
"MedConF",2985,0,0,"sierranevada",9,8
"MedSclF",38437,0,0,"sierranevada",9,8
"MedScrub",110663,0,0,"sierranevada",9,8
"Reforestation",29226,0,0,"sierranevada",9,8
"RipF",2930,0,0,"sierranevada",9,8
"RockScreeVeg",99121,4714,4.76,"sierranevada",9,8
"SMedMarF",16274,0,0,"sierranevada",9,8
"Shrub",3805,0,0,"sierranevada",9,8
"WaterSurf",246,37,15.04,"sierranevada",9,8
"AlpConF",173796,51,0.03,"sierranevada",9,9
"AlpScrGr",631177,211,0.03,"sierranevada",9,9
"AridScr",774,0,0,"sierranevada",9,9
"ArtSurf",8799,1,0.01,"sierranevada",9,9
"BareArea",50,0,0,"sierranevada",9,9
"Crop",1432,0,0,"sierranevada",9,9
"Grass",77900,118,0.15,"sierranevada",9,9
"HaloVeg",90,0,0,"sierranevada",9,9
"HydroRipVeg",1448,0,0,"sierranevada",9,9
"MedConF",2985,0,0,"sierranevada",9,9
"MedSclF",38437,0,0,"sierranevada",9,9
"MedScrub",110663,0,0,"sierranevada",9,9
"Reforestation",29226,1,0,"sierranevada",9,9
"RipF",2930,3,0.1,"sierranevada",9,9
"RockScreeVeg",99121,1388,1.4,"sierranevada",9,9
"SMedMarF",16274,0,0,"sierranevada",9,9
"Shrub",3805,0,0,"sierranevada",9,9
"WaterSurf",246,7,2.85,"sierranevada",9,9
"AlpConF",173796,2,0,"sierranevada",9,10
"AlpScrGr",631178,1,0,"sierranevada",9,10
"AridScr",774,0,0,"sierranevada",9,10
"ArtSurf",8799,0,0,"sierranevada",9,10
"BareArea",50,0,0,"sierranevada",9,10
"Crop",1432,0,0,"sierranevada",9,10
"Grass",77900,0,0,"sierranevada",9,10
"HaloVeg",90,0,0,"sierranevada",9,10
"HydroRipVeg",1448,0,0,"sierranevada",9,10
"MedConF",2985,0,0,"sierranevada",9,10
"MedSclF",38437,0,0,"sierranevada",9,10
"MedScrub",110663,0,0,"sierranevada",9,10
"Reforestation",29226,0,0,"sierranevada",9,10
"RipF",2930,0,0,"sierranevada",9,10
"RockScreeVeg",99121,1,0,"sierranevada",9,10
"SMedMarF",16274,0,0,"sierranevada",9,10
"Shrub",3805,0,0,"sierranevada",9,10
"WaterSurf",246,0,0,"sierranevada",9,10
"AlpConF",173794,5,0,"sierranevada",9,11
"AlpScrGr",631149,851,0.13,"sierranevada",9,11
"AridScr",772,0,0,"sierranevada",9,11
"ArtSurf",8799,3,0.03,"sierranevada",9,11
"BareArea",50,0,0,"sierranevada",9,11
"Crop",1432,0,0,"sierranevada",9,11
"Grass",77897,41,0.05,"sierranevada",9,11
"HaloVeg",90,0,0,"sierranevada",9,11
"HydroRipVeg",1448,0,0,"sierranevada",9,11
"MedConF",2985,0,0,"sierranevada",9,11
"MedSclF",38428,0,0,"sierranevada",9,11
"MedScrub",110657,0,0,"sierranevada",9,11
"Reforestation",29224,0,0,"sierranevada",9,11
"RipF",2930,0,0,"sierranevada",9,11
"RockScreeVeg",99119,321,0.32,"sierranevada",9,11
"SMedMarF",16274,0,0,"sierranevada",9,11
"Shrub",3805,0,0,"sierranevada",9,11
"WaterSurf",246,1,0.41,"sierranevada",9,11
"AlpConF",173767,0,0,"sierranevada",9,12
"AlpScrGr",631026,0,0,"sierranevada",9,12
"AridScr",763,0,0,"sierranevada",9,12
"ArtSurf",8799,0,0,"sierranevada",9,12
"BareArea",50,0,0,"sierranevada",9,12
"Crop",1432,0,0,"sierranevada",9,12
"Grass",77879,0,0,"sierranevada",9,12
"HaloVeg",90,0,0,"sierranevada",9,12
"HydroRipVeg",1442,0,0,"sierranevada",9,12
"MedConF",2985,0,0,"sierranevada",9,12
"MedSclF",38375,0,0,"sierranevada",9,12
"MedScrub",110617,0,0,"sierranevada",9,12
"Reforestation",29221,0,0,"sierranevada",9,12
"RipF",2928,0,0,"sierranevada",9,12
"RockScreeVeg",99098,3,0,"sierranevada",9,12
"SMedMarF",16272,0,0,"sierranevada",9,12
"Shrub",3805,0,0,"sierranevada",9,12
"WaterSurf",246,0,0,"sierranevada",9,12
"AlpConF",173794,0,0,"sierranevada",12,1
"AlpScrGr",631034,0,0,"sierranevada",12,1
"AridScr",766,0,0,"sierranevada",12,1
"ArtSurf",8799,0,0,"sierranevada",12,1
"BareArea",50,0,0,"sierranevada",12,1
"Crop",1432,0,0,"sierranevada",12,1
"Grass",77894,0,0,"sierranevada",12,1
"HaloVeg",90,0,0,"sierranevada",12,1
"HydroRipVeg",1442,0,0,"sierranevada",12,1
"MedConF",2985,0,0,"sierranevada",12,1
"MedSclF",38403,0,0,"sierranevada",12,1
"MedScrub",110649,0,0,"sierranevada",12,1
"Reforestation",29222,0,0,"sierranevada",12,1
"RipF",2926,0,0,"sierranevada",12,1
"RockScreeVeg",99111,0,0,"sierranevada",12,1
"SMedMarF",16274,0,0,"sierranevada",12,1
"Shrub",3805,0,0,"sierranevada",12,1
"WaterSurf",246,0,0,"sierranevada",12,1
"AlpConF",173794,0,0,"sierranevada",12,2
"AlpScrGr",631149,0,0,"sierranevada",12,2
"AridScr",773,0,0,"sierranevada",12,2
"ArtSurf",8799,0,0,"sierranevada",12,2
"BareArea",50,0,0,"sierranevada",12,2
"Crop",1432,0,0,"sierranevada",12,2
"Grass",77900,0,0,"sierranevada",12,2
"HaloVeg",90,0,0,"sierranevada",12,2
"HydroRipVeg",1447,0,0,"sierranevada",12,2
"MedConF",2985,0,0,"sierranevada",12,2
"MedSclF",38437,0,0,"sierranevada",12,2
"MedScrub",110663,0,0,"sierranevada",12,2
"Reforestation",29226,0,0,"sierranevada",12,2
"RipF",2930,0,0,"sierranevada",12,2
"RockScreeVeg",99119,0,0,"sierranevada",12,2
"SMedMarF",16274,0,0,"sierranevada",12,2
"Shrub",3805,0,0,"sierranevada",12,2
"WaterSurf",246,0,0,"sierranevada",12,2
"AlpConF",173796,0,0,"sierranevada",12,3
"AlpScrGr",631177,0,0,"sierranevada",12,3
"AridScr",774,0,0,"sierranevada",12,3
"ArtSurf",8799,0,0,"sierranevada",12,3
"BareArea",50,0,0,"sierranevada",12,3
"Crop",1432,0,0,"sierranevada",12,3
"Grass",77900,0,0,"sierranevada",12,3
"HaloVeg",90,0,0,"sierranevada",12,3
"HydroRipVeg",1448,0,0,"sierranevada",12,3
"MedConF",2985,0,0,"sierranevada",12,3
"MedSclF",38437,0,0,"sierranevada",12,3
"MedScrub",110663,0,0,"sierranevada",12,3
"Reforestation",29226,0,0,"sierranevada",12,3
"RipF",2930,0,0,"sierranevada",12,3
"RockScreeVeg",99121,0,0,"sierranevada",12,3
"SMedMarF",16274,0,0,"sierranevada",12,3
"Shrub",3805,0,0,"sierranevada",12,3
"WaterSurf",246,0,0,"sierranevada",12,3
"AlpConF",173796,0,0,"sierranevada",12,4
"AlpScrGr",631177,4,0,"sierranevada",12,4
"AridScr",774,0,0,"sierranevada",12,4
"ArtSurf",8799,0,0,"sierranevada",12,4
"BareArea",50,0,0,"sierranevada",12,4
"Crop",1432,0,0,"sierranevada",12,4
"Grass",77900,0,0,"sierranevada",12,4
"HaloVeg",90,0,0,"sierranevada",12,4
"HydroRipVeg",1448,0,0,"sierranevada",12,4
"MedConF",2985,0,0,"sierranevada",12,4
"MedSclF",38437,0,0,"sierranevada",12,4
"MedScrub",110663,0,0,"sierranevada",12,4
"Reforestation",29226,0,0,"sierranevada",12,4
"RipF",2930,0,0,"sierranevada",12,4
"RockScreeVeg",99121,0,0,"sierranevada",12,4
"SMedMarF",16274,0,0,"sierranevada",12,4
"Shrub",3805,0,0,"sierranevada",12,4
"WaterSurf",246,0,0,"sierranevada",12,4
"AlpConF",173796,426,0.25,"sierranevada",12,5
"AlpScrGr",631177,14719,2.33,"sierranevada",12,5
"AridScr",774,0,0,"sierranevada",12,5
"ArtSurf",8799,22,0.25,"sierranevada",12,5
"BareArea",50,0,0,"sierranevada",12,5
"Crop",1432,0,0,"sierranevada",12,5
"Grass",77900,455,0.58,"sierranevada",12,5
"HaloVeg",90,0,0,"sierranevada",12,5
"HydroRipVeg",1448,0,0,"sierranevada",12,5
"MedConF",2985,0,0,"sierranevada",12,5
"MedSclF",38437,11,0.03,"sierranevada",12,5
"MedScrub",110663,43,0.04,"sierranevada",12,5
"Reforestation",29226,75,0.26,"sierranevada",12,5
"RipF",2930,1,0.03,"sierranevada",12,5
"RockScreeVeg",99121,5377,5.42,"sierranevada",12,5
"SMedMarF",16274,0,0,"sierranevada",12,5
"Shrub",3805,0,0,"sierranevada",12,5
"WaterSurf",246,10,4.07,"sierranevada",12,5
"AlpConF",173796,62,0.04,"sierranevada",12,6
"AlpScrGr",631177,37303,5.91,"sierranevada",12,6
"AridScr",774,0,0,"sierranevada",12,6
"ArtSurf",8799,40,0.45,"sierranevada",12,6
"BareArea",50,0,0,"sierranevada",12,6
"Crop",1432,0,0,"sierranevada",12,6
"Grass",77900,1611,2.07,"sierranevada",12,6
"HaloVeg",90,0,0,"sierranevada",12,6
"HydroRipVeg",1448,0,0,"sierranevada",12,6
"MedConF",2985,0,0,"sierranevada",12,6
"MedSclF",38437,6,0.02,"sierranevada",12,6
"MedScrub",110663,47,0.04,"sierranevada",12,6
"Reforestation",29226,22,0.08,"sierranevada",12,6
"RipF",2930,0,0,"sierranevada",12,6
"RockScreeVeg",99121,29383,29.64,"sierranevada",12,6
"SMedMarF",16274,3,0.02,"sierranevada",12,6
"Shrub",3805,0,0,"sierranevada",12,6
"WaterSurf",246,99,40.24,"sierranevada",12,6
"AlpConF",173796,4,0,"sierranevada",12,7
"AlpScrGr",631181,5932,0.94,"sierranevada",12,7
"AridScr",774,0,0,"sierranevada",12,7
"ArtSurf",8799,7,0.08,"sierranevada",12,7
"BareArea",50,0,0,"sierranevada",12,7
"Crop",1432,0,0,"sierranevada",12,7
"Grass",77900,574,0.74,"sierranevada",12,7
"HaloVeg",90,0,0,"sierranevada",12,7
"HydroRipVeg",1448,0,0,"sierranevada",12,7
"MedConF",2985,0,0,"sierranevada",12,7
"MedSclF",38437,0,0,"sierranevada",12,7
"MedScrub",110663,1,0,"sierranevada",12,7
"Reforestation",29226,0,0,"sierranevada",12,7
"RipF",2930,0,0,"sierranevada",12,7
"RockScreeVeg",99121,11043,11.14,"sierranevada",12,7
"SMedMarF",16274,0,0,"sierranevada",12,7
"Shrub",3805,0,0,"sierranevada",12,7
"WaterSurf",246,57,23.17,"sierranevada",12,7
"AlpConF",173796,0,0,"sierranevada",12,8
"AlpScrGr",631178,784,0.12,"sierranevada",12,8
"AridScr",774,0,0,"sierranevada",12,8
"ArtSurf",8799,2,0.02,"sierranevada",12,8
"BareArea",50,0,0,"sierranevada",12,8
"Crop",1432,0,0,"sierranevada",12,8
"Grass",77900,148,0.19,"sierranevada",12,8
"HaloVeg",90,0,0,"sierranevada",12,8
"HydroRipVeg",1448,0,0,"sierranevada",12,8
"MedConF",2985,0,0,"sierranevada",12,8
"MedSclF",38437,0,0,"sierranevada",12,8
"MedScrub",110663,0,0,"sierranevada",12,8
"Reforestation",29226,0,0,"sierranevada",12,8
"RipF",2930,0,0,"sierranevada",12,8
"RockScreeVeg",99121,2616,2.64,"sierranevada",12,8
"SMedMarF",16274,0,0,"sierranevada",12,8
"Shrub",3805,0,0,"sierranevada",12,8
"WaterSurf",246,20,8.13,"sierranevada",12,8
"AlpConF",173796,13,0.01,"sierranevada",12,9
"AlpScrGr",631177,31,0,"sierranevada",12,9
"AridScr",774,0,0,"sierranevada",12,9
"ArtSurf",8799,1,0.01,"sierranevada",12,9
"BareArea",50,0,0,"sierranevada",12,9
"Crop",1432,0,0,"sierranevada",12,9
"Grass",77900,21,0.03,"sierranevada",12,9
"HaloVeg",90,0,0,"sierranevada",12,9
"HydroRipVeg",1448,0,0,"sierranevada",12,9
"MedConF",2985,0,0,"sierranevada",12,9
"MedSclF",38437,1,0,"sierranevada",12,9
"MedScrub",110663,0,0,"sierranevada",12,9
"Reforestation",29226,3,0.01,"sierranevada",12,9
"RipF",2930,0,0,"sierranevada",12,9
"RockScreeVeg",99121,238,0.24,"sierranevada",12,9
"SMedMarF",16274,0,0,"sierranevada",12,9
"Shrub",3805,0,0,"sierranevada",12,9
"WaterSurf",246,3,1.22,"sierranevada",12,9
"AlpConF",173796,50,0.03,"sierranevada",12,10
"AlpScrGr",631178,3,0,"sierranevada",12,10
"AridScr",774,0,0,"sierranevada",12,10
"ArtSurf",8799,0,0,"sierranevada",12,10
"BareArea",50,0,0,"sierranevada",12,10
"Crop",1432,0,0,"sierranevada",12,10
"Grass",77900,2,0,"sierranevada",12,10
"HaloVeg",90,0,0,"sierranevada",12,10
"HydroRipVeg",1448,0,0,"sierranevada",12,10
"MedConF",2985,0,0,"sierranevada",12,10
"MedSclF",38437,0,0,"sierranevada",12,10
"MedScrub",110663,0,0,"sierranevada",12,10
"Reforestation",29226,0,0,"sierranevada",12,10
"RipF",2930,0,0,"sierranevada",12,10
"RockScreeVeg",99121,55,0.06,"sierranevada",12,10
"SMedMarF",16274,0,0,"sierranevada",12,10
"Shrub",3805,0,0,"sierranevada",12,10
"WaterSurf",246,3,1.22,"sierranevada",12,10
"AlpConF",173794,0,0,"sierranevada",12,11
"AlpScrGr",631149,0,0,"sierranevada",12,11
"AridScr",772,0,0,"sierranevada",12,11
"ArtSurf",8799,0,0,"sierranevada",12,11
"BareArea",50,0,0,"sierranevada",12,11
"Crop",1432,0,0,"sierranevada",12,11
"Grass",77897,0,0,"sierranevada",12,11
"HaloVeg",90,0,0,"sierranevada",12,11
"HydroRipVeg",1448,0,0,"sierranevada",12,11
"MedConF",2985,0,0,"sierranevada",12,11
"MedSclF",38428,0,0,"sierranevada",12,11
"MedScrub",110657,0,0,"sierranevada",12,11
"Reforestation",29224,0,0,"sierranevada",12,11
"RipF",2930,0,0,"sierranevada",12,11
"RockScreeVeg",99119,0,0,"sierranevada",12,11
"SMedMarF",16274,0,0,"sierranevada",12,11
"Shrub",3805,0,0,"sierranevada",12,11
"WaterSurf",246,0,0,"sierranevada",12,11
"AlpConF",173767,0,0,"sierranevada",12,12
"AlpScrGr",631026,0,0,"sierranevada",12,12
"AridScr",763,0,0,"sierranevada",12,12
"ArtSurf",8799,0,0,"sierranevada",12,12
"BareArea",50,0,0,"sierranevada",12,12
"Crop",1432,0,0,"sierranevada",12,12
"Grass",77879,0,0,"sierranevada",12,12
"HaloVeg",90,0,0,"sierranevada",12,12
"HydroRipVeg",1442,0,0,"sierranevada",12,12
"MedConF",2985,0,0,"sierranevada",12,12
"MedSclF",38375,0,0,"sierranevada",12,12
"MedScrub",110617,0,0,"sierranevada",12,12
"Reforestation",29221,0,0,"sierranevada",12,12
"RipF",2928,0,0,"sierranevada",12,12
"RockScreeVeg",99098,0,0,"sierranevada",12,12
"SMedMarF",16272,0,0,"sierranevada",12,12
"Shrub",3805,0,0,"sierranevada",12,12
"WaterSurf",246,0,0,"sierranevada",12,12
