"Id_SNVeg","n_total","n_sig","prop_sig","parque","escala","mes"
"AlpConF",47119,0,0,"aiguestortes",1,1
"AlpScrGr",90179,0,0,"aiguestortes",1,1
"Grass",649,0,0,"aiguestortes",1,1
"HydroRipVeg",599,0,0,"aiguestortes",1,1
"RipF",223,0,0,"aiguestortes",1,1
"RockScreeVeg",60305,0,0,"aiguestortes",1,1
"Shrub",528,0,0,"aiguestortes",1,1
"TempDecF",913,0,0,"aiguestortes",1,1
"WaterSurf",4432,0,0,"aiguestortes",1,1
"AlpConF",47129,84,0.18,"aiguestortes",1,2
"AlpScrGr",90472,97,0.11,"aiguestortes",1,2
"Grass",647,7,1.08,"aiguestortes",1,2
"HydroRipVeg",599,2,0.33,"aiguestortes",1,2
"RipF",223,0,0,"aiguestortes",1,2
"RockScreeVeg",60535,42,0.07,"aiguestortes",1,2
"Shrub",528,33,6.25,"aiguestortes",1,2
"TempDecF",913,9,0.99,"aiguestortes",1,2
"WaterSurf",4432,0,0,"aiguestortes",1,2
"AlpConF",47131,0,0,"aiguestortes",1,3
"AlpScrGr",90046,0,0,"aiguestortes",1,3
"Grass",650,0,0,"aiguestortes",1,3
"HydroRipVeg",599,0,0,"aiguestortes",1,3
"RipF",223,0,0,"aiguestortes",1,3
"RockScreeVeg",59792,0,0,"aiguestortes",1,3
"Shrub",528,0,0,"aiguestortes",1,3
"TempDecF",913,0,0,"aiguestortes",1,3
"WaterSurf",4426,0,0,"aiguestortes",1,3
"AlpConF",47129,0,0,"aiguestortes",1,4
"AlpScrGr",89976,0,0,"aiguestortes",1,4
"Grass",650,0,0,"aiguestortes",1,4
"HydroRipVeg",599,0,0,"aiguestortes",1,4
"RipF",223,0,0,"aiguestortes",1,4
"RockScreeVeg",59380,0,0,"aiguestortes",1,4
"Shrub",528,0,0,"aiguestortes",1,4
"TempDecF",913,0,0,"aiguestortes",1,4
"WaterSurf",4420,0,0,"aiguestortes",1,4
"AlpConF",47125,0,0,"aiguestortes",1,5
"AlpScrGr",89502,0,0,"aiguestortes",1,5
"Grass",650,0,0,"aiguestortes",1,5
"HydroRipVeg",599,0,0,"aiguestortes",1,5
"RipF",223,0,0,"aiguestortes",1,5
"RockScreeVeg",58338,0,0,"aiguestortes",1,5
"Shrub",528,0,0,"aiguestortes",1,5
"TempDecF",913,0,0,"aiguestortes",1,5
"WaterSurf",4420,0,0,"aiguestortes",1,5
"AlpConF",47156,0,0,"aiguestortes",1,6
"AlpScrGr",89985,0,0,"aiguestortes",1,6
"Grass",650,0,0,"aiguestortes",1,6
"HydroRipVeg",599,0,0,"aiguestortes",1,6
"RipF",223,0,0,"aiguestortes",1,6
"RockScreeVeg",59389,0,0,"aiguestortes",1,6
"Shrub",528,0,0,"aiguestortes",1,6
"TempDecF",913,0,0,"aiguestortes",1,6
"WaterSurf",4420,0,0,"aiguestortes",1,6
"AlpConF",47156,0,0,"aiguestortes",1,7
"AlpScrGr",90194,0,0,"aiguestortes",1,7
"Grass",650,0,0,"aiguestortes",1,7
"HydroRipVeg",599,0,0,"aiguestortes",1,7
"RipF",223,0,0,"aiguestortes",1,7
"RockScreeVeg",59993,0,0,"aiguestortes",1,7
"Shrub",528,0,0,"aiguestortes",1,7
"TempDecF",913,0,0,"aiguestortes",1,7
"WaterSurf",4420,0,0,"aiguestortes",1,7
"AlpConF",47156,0,0,"aiguestortes",1,8
"AlpScrGr",90902,0,0,"aiguestortes",1,8
"Grass",650,0,0,"aiguestortes",1,8
"HydroRipVeg",599,0,0,"aiguestortes",1,8
"RipF",223,0,0,"aiguestortes",1,8
"RockScreeVeg",61591,0,0,"aiguestortes",1,8
"Shrub",528,0,0,"aiguestortes",1,8
"TempDecF",913,0,0,"aiguestortes",1,8
"WaterSurf",4420,0,0,"aiguestortes",1,8
"AlpConF",47133,0,0,"aiguestortes",1,9
"AlpScrGr",91031,0,0,"aiguestortes",1,9
"Grass",650,0,0,"aiguestortes",1,9
"HydroRipVeg",599,0,0,"aiguestortes",1,9
"RipF",223,0,0,"aiguestortes",1,9
"RockScreeVeg",61732,0,0,"aiguestortes",1,9
"Shrub",528,0,0,"aiguestortes",1,9
"TempDecF",913,0,0,"aiguestortes",1,9
"WaterSurf",4423,0,0,"aiguestortes",1,9
"AlpConF",47131,0,0,"aiguestortes",1,10
"AlpScrGr",90476,0,0,"aiguestortes",1,10
"Grass",650,0,0,"aiguestortes",1,10
"HydroRipVeg",599,0,0,"aiguestortes",1,10
"RipF",223,0,0,"aiguestortes",1,10
"RockScreeVeg",60534,0,0,"aiguestortes",1,10
"Shrub",528,0,0,"aiguestortes",1,10
"TempDecF",913,0,0,"aiguestortes",1,10
"WaterSurf",4420,0,0,"aiguestortes",1,10
"AlpConF",47073,14440,30.68,"aiguestortes",1,11
"AlpScrGr",89988,10333,11.48,"aiguestortes",1,11
"Grass",648,182,28.09,"aiguestortes",1,11
"HydroRipVeg",599,140,23.37,"aiguestortes",1,11
"RipF",223,30,13.45,"aiguestortes",1,11
"RockScreeVeg",59406,3886,6.54,"aiguestortes",1,11
"Shrub",528,34,6.44,"aiguestortes",1,11
"TempDecF",913,239,26.18,"aiguestortes",1,11
"WaterSurf",4420,406,9.19,"aiguestortes",1,11
"AlpConF",46858,0,0,"aiguestortes",1,12
"AlpScrGr",89999,0,0,"aiguestortes",1,12
"Grass",643,0,0,"aiguestortes",1,12
"HydroRipVeg",599,0,0,"aiguestortes",1,12
"RipF",223,0,0,"aiguestortes",1,12
"RockScreeVeg",59577,0,0,"aiguestortes",1,12
"Shrub",528,0,0,"aiguestortes",1,12
"TempDecF",904,0,0,"aiguestortes",1,12
"WaterSurf",4422,0,0,"aiguestortes",1,12
"AlpConF",47119,0,0,"aiguestortes",3,1
"AlpScrGr",90179,0,0,"aiguestortes",3,1
"Grass",649,0,0,"aiguestortes",3,1
"HydroRipVeg",599,0,0,"aiguestortes",3,1
"RipF",223,0,0,"aiguestortes",3,1
"RockScreeVeg",60305,0,0,"aiguestortes",3,1
"Shrub",528,0,0,"aiguestortes",3,1
"TempDecF",913,0,0,"aiguestortes",3,1
"WaterSurf",4432,0,0,"aiguestortes",3,1
"AlpConF",47129,329,0.7,"aiguestortes",3,2
"AlpScrGr",90472,206,0.23,"aiguestortes",3,2
"Grass",647,9,1.39,"aiguestortes",3,2
"HydroRipVeg",599,0,0,"aiguestortes",3,2
"RipF",223,0,0,"aiguestortes",3,2
"RockScreeVeg",60535,116,0.19,"aiguestortes",3,2
"Shrub",528,50,9.47,"aiguestortes",3,2
"TempDecF",913,69,7.56,"aiguestortes",3,2
"WaterSurf",4432,1,0.02,"aiguestortes",3,2
"AlpConF",47131,9,0.02,"aiguestortes",3,3
"AlpScrGr",90046,0,0,"aiguestortes",3,3
"Grass",650,0,0,"aiguestortes",3,3
"HydroRipVeg",599,1,0.17,"aiguestortes",3,3
"RipF",223,0,0,"aiguestortes",3,3
"RockScreeVeg",59792,0,0,"aiguestortes",3,3
"Shrub",528,0,0,"aiguestortes",3,3
"TempDecF",913,0,0,"aiguestortes",3,3
"WaterSurf",4426,0,0,"aiguestortes",3,3
"AlpConF",47129,0,0,"aiguestortes",3,4
"AlpScrGr",89976,0,0,"aiguestortes",3,4
"Grass",650,0,0,"aiguestortes",3,4
"HydroRipVeg",599,0,0,"aiguestortes",3,4
"RipF",223,0,0,"aiguestortes",3,4
"RockScreeVeg",59380,0,0,"aiguestortes",3,4
"Shrub",528,0,0,"aiguestortes",3,4
"TempDecF",913,0,0,"aiguestortes",3,4
"WaterSurf",4420,0,0,"aiguestortes",3,4
"AlpConF",47125,825,1.75,"aiguestortes",3,5
"AlpScrGr",89502,2465,2.75,"aiguestortes",3,5
"Grass",650,0,0,"aiguestortes",3,5
"HydroRipVeg",599,19,3.17,"aiguestortes",3,5
"RipF",223,0,0,"aiguestortes",3,5
"RockScreeVeg",58338,826,1.42,"aiguestortes",3,5
"Shrub",528,1,0.19,"aiguestortes",3,5
"TempDecF",913,28,3.07,"aiguestortes",3,5
"WaterSurf",4420,10,0.23,"aiguestortes",3,5
"AlpConF",47156,0,0,"aiguestortes",3,6
"AlpScrGr",89985,6,0.01,"aiguestortes",3,6
"Grass",650,0,0,"aiguestortes",3,6
"HydroRipVeg",599,0,0,"aiguestortes",3,6
"RipF",223,0,0,"aiguestortes",3,6
"RockScreeVeg",59389,2,0,"aiguestortes",3,6
"Shrub",528,0,0,"aiguestortes",3,6
"TempDecF",913,0,0,"aiguestortes",3,6
"WaterSurf",4420,0,0,"aiguestortes",3,6
"AlpConF",47156,0,0,"aiguestortes",3,7
"AlpScrGr",90194,0,0,"aiguestortes",3,7
"Grass",650,0,0,"aiguestortes",3,7
"HydroRipVeg",599,0,0,"aiguestortes",3,7
"RipF",223,0,0,"aiguestortes",3,7
"RockScreeVeg",59993,0,0,"aiguestortes",3,7
"Shrub",528,0,0,"aiguestortes",3,7
"TempDecF",913,0,0,"aiguestortes",3,7
"WaterSurf",4420,0,0,"aiguestortes",3,7
"AlpConF",47156,0,0,"aiguestortes",3,8
"AlpScrGr",90902,60,0.07,"aiguestortes",3,8
"Grass",650,0,0,"aiguestortes",3,8
"HydroRipVeg",599,0,0,"aiguestortes",3,8
"RipF",223,0,0,"aiguestortes",3,8
"RockScreeVeg",61591,26,0.04,"aiguestortes",3,8
"Shrub",528,0,0,"aiguestortes",3,8
"TempDecF",913,0,0,"aiguestortes",3,8
"WaterSurf",4420,1,0.02,"aiguestortes",3,8
"AlpConF",47133,0,0,"aiguestortes",3,9
"AlpScrGr",91031,0,0,"aiguestortes",3,9
"Grass",650,0,0,"aiguestortes",3,9
"HydroRipVeg",599,0,0,"aiguestortes",3,9
"RipF",223,0,0,"aiguestortes",3,9
"RockScreeVeg",61732,0,0,"aiguestortes",3,9
"Shrub",528,0,0,"aiguestortes",3,9
"TempDecF",913,0,0,"aiguestortes",3,9
"WaterSurf",4423,0,0,"aiguestortes",3,9
"AlpConF",47131,0,0,"aiguestortes",3,10
"AlpScrGr",90476,0,0,"aiguestortes",3,10
"Grass",650,0,0,"aiguestortes",3,10
"HydroRipVeg",599,0,0,"aiguestortes",3,10
"RipF",223,0,0,"aiguestortes",3,10
"RockScreeVeg",60534,0,0,"aiguestortes",3,10
"Shrub",528,0,0,"aiguestortes",3,10
"TempDecF",913,0,0,"aiguestortes",3,10
"WaterSurf",4420,0,0,"aiguestortes",3,10
"AlpConF",47073,2,0,"aiguestortes",3,11
"AlpScrGr",89988,0,0,"aiguestortes",3,11
"Grass",648,0,0,"aiguestortes",3,11
"HydroRipVeg",599,0,0,"aiguestortes",3,11
"RipF",223,0,0,"aiguestortes",3,11
"RockScreeVeg",59406,0,0,"aiguestortes",3,11
"Shrub",528,0,0,"aiguestortes",3,11
"TempDecF",913,0,0,"aiguestortes",3,11
"WaterSurf",4420,0,0,"aiguestortes",3,11
"AlpConF",46858,906,1.93,"aiguestortes",3,12
"AlpScrGr",89999,309,0.34,"aiguestortes",3,12
"Grass",643,14,2.18,"aiguestortes",3,12
"HydroRipVeg",599,1,0.17,"aiguestortes",3,12
"RipF",223,0,0,"aiguestortes",3,12
"RockScreeVeg",59577,55,0.09,"aiguestortes",3,12
"Shrub",528,0,0,"aiguestortes",3,12
"TempDecF",904,8,0.88,"aiguestortes",3,12
"WaterSurf",4422,5,0.11,"aiguestortes",3,12
"AlpConF",47119,1288,2.73,"aiguestortes",6,1
"AlpScrGr",90179,275,0.3,"aiguestortes",6,1
"Grass",649,38,5.86,"aiguestortes",6,1
"HydroRipVeg",599,1,0.17,"aiguestortes",6,1
"RipF",223,15,6.73,"aiguestortes",6,1
"RockScreeVeg",60305,27,0.04,"aiguestortes",6,1
"Shrub",528,40,7.58,"aiguestortes",6,1
"TempDecF",913,6,0.66,"aiguestortes",6,1
"WaterSurf",4432,1,0.02,"aiguestortes",6,1
"AlpConF",47129,0,0,"aiguestortes",6,2
"AlpScrGr",90472,0,0,"aiguestortes",6,2
"Grass",647,0,0,"aiguestortes",6,2
"HydroRipVeg",599,0,0,"aiguestortes",6,2
"RipF",223,0,0,"aiguestortes",6,2
"RockScreeVeg",60535,0,0,"aiguestortes",6,2
"Shrub",528,0,0,"aiguestortes",6,2
"TempDecF",913,0,0,"aiguestortes",6,2
"WaterSurf",4432,0,0,"aiguestortes",6,2
"AlpConF",47131,57,0.12,"aiguestortes",6,3
"AlpScrGr",90046,2,0,"aiguestortes",6,3
"Grass",650,2,0.31,"aiguestortes",6,3
"HydroRipVeg",599,0,0,"aiguestortes",6,3
"RipF",223,0,0,"aiguestortes",6,3
"RockScreeVeg",59792,0,0,"aiguestortes",6,3
"Shrub",528,0,0,"aiguestortes",6,3
"TempDecF",913,2,0.22,"aiguestortes",6,3
"WaterSurf",4426,2,0.05,"aiguestortes",6,3
"AlpConF",47129,0,0,"aiguestortes",6,4
"AlpScrGr",89976,0,0,"aiguestortes",6,4
"Grass",650,0,0,"aiguestortes",6,4
"HydroRipVeg",599,0,0,"aiguestortes",6,4
"RipF",223,0,0,"aiguestortes",6,4
"RockScreeVeg",59380,0,0,"aiguestortes",6,4
"Shrub",528,0,0,"aiguestortes",6,4
"TempDecF",913,0,0,"aiguestortes",6,4
"WaterSurf",4420,0,0,"aiguestortes",6,4
"AlpConF",47125,0,0,"aiguestortes",6,5
"AlpScrGr",89502,0,0,"aiguestortes",6,5
"Grass",650,0,0,"aiguestortes",6,5
"HydroRipVeg",599,0,0,"aiguestortes",6,5
"RipF",223,0,0,"aiguestortes",6,5
"RockScreeVeg",58338,0,0,"aiguestortes",6,5
"Shrub",528,0,0,"aiguestortes",6,5
"TempDecF",913,0,0,"aiguestortes",6,5
"WaterSurf",4420,0,0,"aiguestortes",6,5
"AlpConF",47156,2577,5.46,"aiguestortes",6,6
"AlpScrGr",89985,12477,13.87,"aiguestortes",6,6
"Grass",650,3,0.46,"aiguestortes",6,6
"HydroRipVeg",599,105,17.53,"aiguestortes",6,6
"RipF",223,3,1.35,"aiguestortes",6,6
"RockScreeVeg",59389,5703,9.6,"aiguestortes",6,6
"Shrub",528,0,0,"aiguestortes",6,6
"TempDecF",913,5,0.55,"aiguestortes",6,6
"WaterSurf",4420,169,3.82,"aiguestortes",6,6
"AlpConF",47156,0,0,"aiguestortes",6,7
"AlpScrGr",90194,0,0,"aiguestortes",6,7
"Grass",650,0,0,"aiguestortes",6,7
"HydroRipVeg",599,0,0,"aiguestortes",6,7
"RipF",223,0,0,"aiguestortes",6,7
"RockScreeVeg",59993,0,0,"aiguestortes",6,7
"Shrub",528,0,0,"aiguestortes",6,7
"TempDecF",913,0,0,"aiguestortes",6,7
"WaterSurf",4420,0,0,"aiguestortes",6,7
"AlpConF",47156,0,0,"aiguestortes",6,8
"AlpScrGr",90902,0,0,"aiguestortes",6,8
"Grass",650,0,0,"aiguestortes",6,8
"HydroRipVeg",599,0,0,"aiguestortes",6,8
"RipF",223,0,0,"aiguestortes",6,8
"RockScreeVeg",61591,0,0,"aiguestortes",6,8
"Shrub",528,0,0,"aiguestortes",6,8
"TempDecF",913,0,0,"aiguestortes",6,8
"WaterSurf",4420,0,0,"aiguestortes",6,8
"AlpConF",47133,0,0,"aiguestortes",6,9
"AlpScrGr",91031,0,0,"aiguestortes",6,9
"Grass",650,0,0,"aiguestortes",6,9
"HydroRipVeg",599,0,0,"aiguestortes",6,9
"RipF",223,0,0,"aiguestortes",6,9
"RockScreeVeg",61732,0,0,"aiguestortes",6,9
"Shrub",528,0,0,"aiguestortes",6,9
"TempDecF",913,0,0,"aiguestortes",6,9
"WaterSurf",4423,0,0,"aiguestortes",6,9
"AlpConF",47131,0,0,"aiguestortes",6,10
"AlpScrGr",90476,0,0,"aiguestortes",6,10
"Grass",650,0,0,"aiguestortes",6,10
"HydroRipVeg",599,0,0,"aiguestortes",6,10
"RipF",223,0,0,"aiguestortes",6,10
"RockScreeVeg",60534,0,0,"aiguestortes",6,10
"Shrub",528,0,0,"aiguestortes",6,10
"TempDecF",913,0,0,"aiguestortes",6,10
"WaterSurf",4420,0,0,"aiguestortes",6,10
"AlpConF",47073,0,0,"aiguestortes",6,11
"AlpScrGr",89988,0,0,"aiguestortes",6,11
"Grass",648,0,0,"aiguestortes",6,11
"HydroRipVeg",599,0,0,"aiguestortes",6,11
"RipF",223,0,0,"aiguestortes",6,11
"RockScreeVeg",59406,0,0,"aiguestortes",6,11
"Shrub",528,0,0,"aiguestortes",6,11
"TempDecF",913,0,0,"aiguestortes",6,11
"WaterSurf",4420,0,0,"aiguestortes",6,11
"AlpConF",46858,1985,4.24,"aiguestortes",6,12
"AlpScrGr",89999,670,0.74,"aiguestortes",6,12
"Grass",643,51,7.93,"aiguestortes",6,12
"HydroRipVeg",599,1,0.17,"aiguestortes",6,12
"RipF",223,19,8.52,"aiguestortes",6,12
"RockScreeVeg",59577,132,0.22,"aiguestortes",6,12
"Shrub",528,2,0.38,"aiguestortes",6,12
"TempDecF",904,25,2.77,"aiguestortes",6,12
"WaterSurf",4422,3,0.07,"aiguestortes",6,12
"AlpConF",47119,1634,3.47,"aiguestortes",9,1
"AlpScrGr",90179,277,0.31,"aiguestortes",9,1
"Grass",649,21,3.24,"aiguestortes",9,1
"HydroRipVeg",599,2,0.33,"aiguestortes",9,1
"RipF",223,7,3.14,"aiguestortes",9,1
"RockScreeVeg",60305,40,0.07,"aiguestortes",9,1
"Shrub",528,14,2.65,"aiguestortes",9,1
"TempDecF",913,3,0.33,"aiguestortes",9,1
"WaterSurf",4432,0,0,"aiguestortes",9,1
"AlpConF",47129,0,0,"aiguestortes",9,2
"AlpScrGr",90472,0,0,"aiguestortes",9,2
"Grass",647,0,0,"aiguestortes",9,2
"HydroRipVeg",599,0,0,"aiguestortes",9,2
"RipF",223,0,0,"aiguestortes",9,2
"RockScreeVeg",60535,0,0,"aiguestortes",9,2
"Shrub",528,0,0,"aiguestortes",9,2
"TempDecF",913,0,0,"aiguestortes",9,2
"WaterSurf",4432,0,0,"aiguestortes",9,2
"AlpConF",47131,1742,3.7,"aiguestortes",9,3
"AlpScrGr",90046,391,0.43,"aiguestortes",9,3
"Grass",650,12,1.85,"aiguestortes",9,3
"HydroRipVeg",599,2,0.33,"aiguestortes",9,3
"RipF",223,0,0,"aiguestortes",9,3
"RockScreeVeg",59792,95,0.16,"aiguestortes",9,3
"Shrub",528,22,4.17,"aiguestortes",9,3
"TempDecF",913,48,5.26,"aiguestortes",9,3
"WaterSurf",4426,10,0.23,"aiguestortes",9,3
"AlpConF",47129,0,0,"aiguestortes",9,4
"AlpScrGr",89976,0,0,"aiguestortes",9,4
"Grass",650,0,0,"aiguestortes",9,4
"HydroRipVeg",599,0,0,"aiguestortes",9,4
"RipF",223,0,0,"aiguestortes",9,4
"RockScreeVeg",59380,0,0,"aiguestortes",9,4
"Shrub",528,0,0,"aiguestortes",9,4
"TempDecF",913,0,0,"aiguestortes",9,4
"WaterSurf",4420,0,0,"aiguestortes",9,4
"AlpConF",47125,0,0,"aiguestortes",9,5
"AlpScrGr",89502,0,0,"aiguestortes",9,5
"Grass",650,0,0,"aiguestortes",9,5
"HydroRipVeg",599,0,0,"aiguestortes",9,5
"RipF",223,0,0,"aiguestortes",9,5
"RockScreeVeg",58338,0,0,"aiguestortes",9,5
"Shrub",528,0,0,"aiguestortes",9,5
"TempDecF",913,0,0,"aiguestortes",9,5
"WaterSurf",4420,0,0,"aiguestortes",9,5
"AlpConF",47156,21,0.04,"aiguestortes",9,6
"AlpScrGr",89985,299,0.33,"aiguestortes",9,6
"Grass",650,0,0,"aiguestortes",9,6
"HydroRipVeg",599,3,0.5,"aiguestortes",9,6
"RipF",223,0,0,"aiguestortes",9,6
"RockScreeVeg",59389,197,0.33,"aiguestortes",9,6
"Shrub",528,0,0,"aiguestortes",9,6
"TempDecF",913,0,0,"aiguestortes",9,6
"WaterSurf",4420,4,0.09,"aiguestortes",9,6
"AlpConF",47156,0,0,"aiguestortes",9,7
"AlpScrGr",90194,0,0,"aiguestortes",9,7
"Grass",650,0,0,"aiguestortes",9,7
"HydroRipVeg",599,0,0,"aiguestortes",9,7
"RipF",223,0,0,"aiguestortes",9,7
"RockScreeVeg",59993,0,0,"aiguestortes",9,7
"Shrub",528,0,0,"aiguestortes",9,7
"TempDecF",913,0,0,"aiguestortes",9,7
"WaterSurf",4420,0,0,"aiguestortes",9,7
"AlpConF",47156,0,0,"aiguestortes",9,8
"AlpScrGr",90902,0,0,"aiguestortes",9,8
"Grass",650,0,0,"aiguestortes",9,8
"HydroRipVeg",599,0,0,"aiguestortes",9,8
"RipF",223,0,0,"aiguestortes",9,8
"RockScreeVeg",61591,0,0,"aiguestortes",9,8
"Shrub",528,0,0,"aiguestortes",9,8
"TempDecF",913,0,0,"aiguestortes",9,8
"WaterSurf",4420,0,0,"aiguestortes",9,8
"AlpConF",47133,0,0,"aiguestortes",9,9
"AlpScrGr",91031,0,0,"aiguestortes",9,9
"Grass",650,0,0,"aiguestortes",9,9
"HydroRipVeg",599,0,0,"aiguestortes",9,9
"RipF",223,0,0,"aiguestortes",9,9
"RockScreeVeg",61732,0,0,"aiguestortes",9,9
"Shrub",528,0,0,"aiguestortes",9,9
"TempDecF",913,0,0,"aiguestortes",9,9
"WaterSurf",4423,0,0,"aiguestortes",9,9
"AlpConF",47131,0,0,"aiguestortes",9,10
"AlpScrGr",90476,0,0,"aiguestortes",9,10
"Grass",650,0,0,"aiguestortes",9,10
"HydroRipVeg",599,0,0,"aiguestortes",9,10
"RipF",223,0,0,"aiguestortes",9,10
"RockScreeVeg",60534,0,0,"aiguestortes",9,10
"Shrub",528,0,0,"aiguestortes",9,10
"TempDecF",913,0,0,"aiguestortes",9,10
"WaterSurf",4420,0,0,"aiguestortes",9,10
"AlpConF",47073,0,0,"aiguestortes",9,11
"AlpScrGr",89988,0,0,"aiguestortes",9,11
"Grass",648,0,0,"aiguestortes",9,11
"HydroRipVeg",599,0,0,"aiguestortes",9,11
"RipF",223,0,0,"aiguestortes",9,11
"RockScreeVeg",59406,0,0,"aiguestortes",9,11
"Shrub",528,0,0,"aiguestortes",9,11
"TempDecF",913,0,0,"aiguestortes",9,11
"WaterSurf",4420,0,0,"aiguestortes",9,11
"AlpConF",46858,2186,4.67,"aiguestortes",9,12
"AlpScrGr",89999,673,0.75,"aiguestortes",9,12
"Grass",643,62,9.64,"aiguestortes",9,12
"HydroRipVeg",599,4,0.67,"aiguestortes",9,12
"RipF",223,14,6.28,"aiguestortes",9,12
"RockScreeVeg",59577,146,0.25,"aiguestortes",9,12
"Shrub",528,0,0,"aiguestortes",9,12
"TempDecF",904,21,2.32,"aiguestortes",9,12
"WaterSurf",4422,3,0.07,"aiguestortes",9,12
"AlpConF",47119,111,0.24,"aiguestortes",12,1
"AlpScrGr",90179,6,0.01,"aiguestortes",12,1
"Grass",649,0,0,"aiguestortes",12,1
"HydroRipVeg",599,0,0,"aiguestortes",12,1
"RipF",223,0,0,"aiguestortes",12,1
"RockScreeVeg",60305,3,0,"aiguestortes",12,1
"Shrub",528,0,0,"aiguestortes",12,1
"TempDecF",913,0,0,"aiguestortes",12,1
"WaterSurf",4432,0,0,"aiguestortes",12,1
"AlpConF",47129,0,0,"aiguestortes",12,2
"AlpScrGr",90472,0,0,"aiguestortes",12,2
"Grass",647,0,0,"aiguestortes",12,2
"HydroRipVeg",599,0,0,"aiguestortes",12,2
"RipF",223,0,0,"aiguestortes",12,2
"RockScreeVeg",60535,0,0,"aiguestortes",12,2
"Shrub",528,0,0,"aiguestortes",12,2
"TempDecF",913,0,0,"aiguestortes",12,2
"WaterSurf",4432,0,0,"aiguestortes",12,2
"AlpConF",47131,313,0.66,"aiguestortes",12,3
"AlpScrGr",90046,141,0.16,"aiguestortes",12,3
"Grass",650,9,1.38,"aiguestortes",12,3
"HydroRipVeg",599,0,0,"aiguestortes",12,3
"RipF",223,0,0,"aiguestortes",12,3
"RockScreeVeg",59792,11,0.02,"aiguestortes",12,3
"Shrub",528,4,0.76,"aiguestortes",12,3
"TempDecF",913,14,1.53,"aiguestortes",12,3
"WaterSurf",4426,6,0.14,"aiguestortes",12,3
"AlpConF",47129,0,0,"aiguestortes",12,4
"AlpScrGr",89976,0,0,"aiguestortes",12,4
"Grass",650,0,0,"aiguestortes",12,4
"HydroRipVeg",599,0,0,"aiguestortes",12,4
"RipF",223,0,0,"aiguestortes",12,4
"RockScreeVeg",59380,0,0,"aiguestortes",12,4
"Shrub",528,0,0,"aiguestortes",12,4
"TempDecF",913,0,0,"aiguestortes",12,4
"WaterSurf",4420,0,0,"aiguestortes",12,4
"AlpConF",47125,0,0,"aiguestortes",12,5
"AlpScrGr",89502,0,0,"aiguestortes",12,5
"Grass",650,0,0,"aiguestortes",12,5
"HydroRipVeg",599,0,0,"aiguestortes",12,5
"RipF",223,0,0,"aiguestortes",12,5
"RockScreeVeg",58338,0,0,"aiguestortes",12,5
"Shrub",528,0,0,"aiguestortes",12,5
"TempDecF",913,0,0,"aiguestortes",12,5
"WaterSurf",4420,0,0,"aiguestortes",12,5
"AlpConF",47156,0,0,"aiguestortes",12,6
"AlpScrGr",89985,0,0,"aiguestortes",12,6
"Grass",650,0,0,"aiguestortes",12,6
"HydroRipVeg",599,0,0,"aiguestortes",12,6
"RipF",223,0,0,"aiguestortes",12,6
"RockScreeVeg",59389,0,0,"aiguestortes",12,6
"Shrub",528,0,0,"aiguestortes",12,6
"TempDecF",913,0,0,"aiguestortes",12,6
"WaterSurf",4420,0,0,"aiguestortes",12,6
"AlpConF",47156,0,0,"aiguestortes",12,7
"AlpScrGr",90194,1,0,"aiguestortes",12,7
"Grass",650,0,0,"aiguestortes",12,7
"HydroRipVeg",599,0,0,"aiguestortes",12,7
"RipF",223,0,0,"aiguestortes",12,7
"RockScreeVeg",59993,0,0,"aiguestortes",12,7
"Shrub",528,0,0,"aiguestortes",12,7
"TempDecF",913,0,0,"aiguestortes",12,7
"WaterSurf",4420,0,0,"aiguestortes",12,7
"AlpConF",47156,0,0,"aiguestortes",12,8
"AlpScrGr",90902,10,0.01,"aiguestortes",12,8
"Grass",650,0,0,"aiguestortes",12,8
"HydroRipVeg",599,0,0,"aiguestortes",12,8
"RipF",223,0,0,"aiguestortes",12,8
"RockScreeVeg",61591,6,0.01,"aiguestortes",12,8
"Shrub",528,0,0,"aiguestortes",12,8
"TempDecF",913,0,0,"aiguestortes",12,8
"WaterSurf",4420,0,0,"aiguestortes",12,8
"AlpConF",47133,0,0,"aiguestortes",12,9
"AlpScrGr",91031,0,0,"aiguestortes",12,9
"Grass",650,0,0,"aiguestortes",12,9
"HydroRipVeg",599,0,0,"aiguestortes",12,9
"RipF",223,0,0,"aiguestortes",12,9
"RockScreeVeg",61732,0,0,"aiguestortes",12,9
"Shrub",528,0,0,"aiguestortes",12,9
"TempDecF",913,0,0,"aiguestortes",12,9
"WaterSurf",4423,0,0,"aiguestortes",12,9
"AlpConF",47131,0,0,"aiguestortes",12,10
"AlpScrGr",90476,0,0,"aiguestortes",12,10
"Grass",650,0,0,"aiguestortes",12,10
"HydroRipVeg",599,0,0,"aiguestortes",12,10
"RipF",223,0,0,"aiguestortes",12,10
"RockScreeVeg",60534,0,0,"aiguestortes",12,10
"Shrub",528,0,0,"aiguestortes",12,10
"TempDecF",913,0,0,"aiguestortes",12,10
"WaterSurf",4420,0,0,"aiguestortes",12,10
"AlpConF",47073,0,0,"aiguestortes",12,11
"AlpScrGr",89988,0,0,"aiguestortes",12,11
"Grass",648,0,0,"aiguestortes",12,11
"HydroRipVeg",599,0,0,"aiguestortes",12,11
"RipF",223,0,0,"aiguestortes",12,11
"RockScreeVeg",59406,0,0,"aiguestortes",12,11
"Shrub",528,0,0,"aiguestortes",12,11
"TempDecF",913,0,0,"aiguestortes",12,11
"WaterSurf",4420,0,0,"aiguestortes",12,11
"AlpConF",46858,41,0.09,"aiguestortes",12,12
"AlpScrGr",89999,15,0.02,"aiguestortes",12,12
"Grass",643,0,0,"aiguestortes",12,12
"HydroRipVeg",599,0,0,"aiguestortes",12,12
"RipF",223,0,0,"aiguestortes",12,12
"RockScreeVeg",59577,6,0.01,"aiguestortes",12,12
"Shrub",528,0,0,"aiguestortes",12,12
"TempDecF",904,0,0,"aiguestortes",12,12
"WaterSurf",4422,0,0,"aiguestortes",12,12
"ArtSurf",7418,0,0,"cabaneros",1,1
"Crop",2473,0,0,"cabaneros",1,1
"Dehesa",36272,0,0,"cabaneros",1,1
"Grass",52784,0,0,"cabaneros",1,1
"HydroRipVeg",554,0,0,"cabaneros",1,1
"MedConF",35896,0,0,"cabaneros",1,1
"MedSclF",158690,0,0,"cabaneros",1,1
"MedScrub",187005,0,0,"cabaneros",1,1
"Reforestation",57,0,0,"cabaneros",1,1
"RipF",4764,0,0,"cabaneros",1,1
"RockScreeVeg",11067,0,0,"cabaneros",1,1
"SMedMarF",69447,0,0,"cabaneros",1,1
"Shrub",21978,0,0,"cabaneros",1,1
"WaterSurf",177,0,0,"cabaneros",1,1
"ArtSurf",7418,0,0,"cabaneros",1,2
"Crop",2473,0,0,"cabaneros",1,2
"Dehesa",36272,0,0,"cabaneros",1,2
"Grass",52784,0,0,"cabaneros",1,2
"HydroRipVeg",554,0,0,"cabaneros",1,2
"MedConF",35896,0,0,"cabaneros",1,2
"MedSclF",158690,0,0,"cabaneros",1,2
"MedScrub",187005,0,0,"cabaneros",1,2
"Reforestation",57,0,0,"cabaneros",1,2
"RipF",4764,0,0,"cabaneros",1,2
"RockScreeVeg",11067,0,0,"cabaneros",1,2
"SMedMarF",69447,0,0,"cabaneros",1,2
"Shrub",21978,0,0,"cabaneros",1,2
"WaterSurf",177,0,0,"cabaneros",1,2
"ArtSurf",7418,0,0,"cabaneros",1,3
"Crop",2473,0,0,"cabaneros",1,3
"Dehesa",36272,0,0,"cabaneros",1,3
"Grass",52784,0,0,"cabaneros",1,3
"HydroRipVeg",554,0,0,"cabaneros",1,3
"MedConF",35896,0,0,"cabaneros",1,3
"MedSclF",158690,0,0,"cabaneros",1,3
"MedScrub",187005,0,0,"cabaneros",1,3
"Reforestation",57,0,0,"cabaneros",1,3
"RipF",4764,0,0,"cabaneros",1,3
"RockScreeVeg",11067,0,0,"cabaneros",1,3
"SMedMarF",69447,0,0,"cabaneros",1,3
"Shrub",21978,0,0,"cabaneros",1,3
"WaterSurf",177,0,0,"cabaneros",1,3
"ArtSurf",7418,0,0,"cabaneros",1,4
"Crop",2473,0,0,"cabaneros",1,4
"Dehesa",36272,0,0,"cabaneros",1,4
"Grass",52784,0,0,"cabaneros",1,4
"HydroRipVeg",554,0,0,"cabaneros",1,4
"MedConF",35896,0,0,"cabaneros",1,4
"MedSclF",158690,0,0,"cabaneros",1,4
"MedScrub",187005,0,0,"cabaneros",1,4
"Reforestation",57,0,0,"cabaneros",1,4
"RipF",4764,0,0,"cabaneros",1,4
"RockScreeVeg",11067,0,0,"cabaneros",1,4
"SMedMarF",69447,0,0,"cabaneros",1,4
"Shrub",21978,0,0,"cabaneros",1,4
"WaterSurf",177,0,0,"cabaneros",1,4
"ArtSurf",7418,2,0.03,"cabaneros",1,5
"Crop",2473,0,0,"cabaneros",1,5
"Dehesa",36272,0,0,"cabaneros",1,5
"Grass",52784,0,0,"cabaneros",1,5
"HydroRipVeg",554,0,0,"cabaneros",1,5
"MedConF",35896,1,0,"cabaneros",1,5
"MedSclF",158690,96,0.06,"cabaneros",1,5
"MedScrub",187005,61,0.03,"cabaneros",1,5
"Reforestation",57,0,0,"cabaneros",1,5
"RipF",4764,1,0.02,"cabaneros",1,5
"RockScreeVeg",11067,7,0.06,"cabaneros",1,5
"SMedMarF",69447,110,0.16,"cabaneros",1,5
"Shrub",21978,1,0,"cabaneros",1,5
"WaterSurf",177,0,0,"cabaneros",1,5
"ArtSurf",7418,0,0,"cabaneros",1,6
"Crop",2473,0,0,"cabaneros",1,6
"Dehesa",36272,0,0,"cabaneros",1,6
"Grass",52784,0,0,"cabaneros",1,6
"HydroRipVeg",554,0,0,"cabaneros",1,6
"MedConF",35896,0,0,"cabaneros",1,6
"MedSclF",158690,0,0,"cabaneros",1,6
"MedScrub",187005,0,0,"cabaneros",1,6
"Reforestation",57,0,0,"cabaneros",1,6
"RipF",4764,0,0,"cabaneros",1,6
"RockScreeVeg",11067,0,0,"cabaneros",1,6
"SMedMarF",69447,0,0,"cabaneros",1,6
"Shrub",21978,0,0,"cabaneros",1,6
"WaterSurf",177,0,0,"cabaneros",1,6
"ArtSurf",7418,0,0,"cabaneros",1,7
"Crop",2473,0,0,"cabaneros",1,7
"Dehesa",36272,0,0,"cabaneros",1,7
"Grass",52784,0,0,"cabaneros",1,7
"HydroRipVeg",554,0,0,"cabaneros",1,7
"MedConF",35896,0,0,"cabaneros",1,7
"MedSclF",158690,0,0,"cabaneros",1,7
"MedScrub",187005,0,0,"cabaneros",1,7
"Reforestation",57,0,0,"cabaneros",1,7
"RipF",4764,0,0,"cabaneros",1,7
"RockScreeVeg",11067,0,0,"cabaneros",1,7
"SMedMarF",69447,0,0,"cabaneros",1,7
"Shrub",21978,0,0,"cabaneros",1,7
"WaterSurf",177,0,0,"cabaneros",1,7
"ArtSurf",7418,4,0.05,"cabaneros",1,8
"Crop",2473,0,0,"cabaneros",1,8
"Dehesa",36272,17,0.05,"cabaneros",1,8
"Grass",52784,62,0.12,"cabaneros",1,8
"HydroRipVeg",554,0,0,"cabaneros",1,8
"MedConF",35896,0,0,"cabaneros",1,8
"MedSclF",158690,2,0,"cabaneros",1,8
"MedScrub",187005,8,0,"cabaneros",1,8
"Reforestation",57,2,3.51,"cabaneros",1,8
"RipF",4764,0,0,"cabaneros",1,8
"RockScreeVeg",11067,10,0.09,"cabaneros",1,8
"SMedMarF",69447,4,0.01,"cabaneros",1,8
"Shrub",21978,0,0,"cabaneros",1,8
"WaterSurf",177,0,0,"cabaneros",1,8
"ArtSurf",7418,0,0,"cabaneros",1,9
"Crop",2473,0,0,"cabaneros",1,9
"Dehesa",36272,0,0,"cabaneros",1,9
"Grass",52784,0,0,"cabaneros",1,9
"HydroRipVeg",554,0,0,"cabaneros",1,9
"MedConF",35896,0,0,"cabaneros",1,9
"MedSclF",158690,0,0,"cabaneros",1,9
"MedScrub",187005,0,0,"cabaneros",1,9
"Reforestation",57,0,0,"cabaneros",1,9
"RipF",4764,0,0,"cabaneros",1,9
"RockScreeVeg",11067,0,0,"cabaneros",1,9
"SMedMarF",69447,0,0,"cabaneros",1,9
"Shrub",21978,0,0,"cabaneros",1,9
"WaterSurf",177,0,0,"cabaneros",1,9
"ArtSurf",7418,0,0,"cabaneros",1,10
"Crop",2473,0,0,"cabaneros",1,10
"Dehesa",36272,0,0,"cabaneros",1,10
"Grass",52784,0,0,"cabaneros",1,10
"HydroRipVeg",554,0,0,"cabaneros",1,10
"MedConF",35896,0,0,"cabaneros",1,10
"MedSclF",158690,0,0,"cabaneros",1,10
"MedScrub",187005,0,0,"cabaneros",1,10
"Reforestation",57,0,0,"cabaneros",1,10
"RipF",4764,0,0,"cabaneros",1,10
"RockScreeVeg",11067,0,0,"cabaneros",1,10
"SMedMarF",69447,0,0,"cabaneros",1,10
"Shrub",21978,0,0,"cabaneros",1,10
"WaterSurf",177,0,0,"cabaneros",1,10
"ArtSurf",7418,0,0,"cabaneros",1,11
"Crop",2473,0,0,"cabaneros",1,11
"Dehesa",36272,0,0,"cabaneros",1,11
"Grass",52784,0,0,"cabaneros",1,11
"HydroRipVeg",554,0,0,"cabaneros",1,11
"MedConF",35896,0,0,"cabaneros",1,11
"MedSclF",158690,0,0,"cabaneros",1,11
"MedScrub",187005,0,0,"cabaneros",1,11
"Reforestation",57,0,0,"cabaneros",1,11
"RipF",4764,0,0,"cabaneros",1,11
"RockScreeVeg",11067,0,0,"cabaneros",1,11
"SMedMarF",69447,0,0,"cabaneros",1,11
"Shrub",21978,0,0,"cabaneros",1,11
"WaterSurf",177,0,0,"cabaneros",1,11
"ArtSurf",7418,0,0,"cabaneros",1,12
"Crop",2473,0,0,"cabaneros",1,12
"Dehesa",36272,0,0,"cabaneros",1,12
"Grass",52784,0,0,"cabaneros",1,12
"HydroRipVeg",554,0,0,"cabaneros",1,12
"MedConF",35896,0,0,"cabaneros",1,12
"MedSclF",158688,0,0,"cabaneros",1,12
"MedScrub",187005,0,0,"cabaneros",1,12
"Reforestation",57,0,0,"cabaneros",1,12
"RipF",4764,0,0,"cabaneros",1,12
"RockScreeVeg",11067,0,0,"cabaneros",1,12
"SMedMarF",69447,0,0,"cabaneros",1,12
"Shrub",21978,0,0,"cabaneros",1,12
"WaterSurf",177,0,0,"cabaneros",1,12
"ArtSurf",7418,0,0,"cabaneros",3,1
"Crop",2473,0,0,"cabaneros",3,1
"Dehesa",36272,0,0,"cabaneros",3,1
"Grass",52784,0,0,"cabaneros",3,1
"HydroRipVeg",554,0,0,"cabaneros",3,1
"MedConF",35896,0,0,"cabaneros",3,1
"MedSclF",158690,0,0,"cabaneros",3,1
"MedScrub",187005,0,0,"cabaneros",3,1
"Reforestation",57,0,0,"cabaneros",3,1
"RipF",4764,0,0,"cabaneros",3,1
"RockScreeVeg",11067,0,0,"cabaneros",3,1
"SMedMarF",69447,0,0,"cabaneros",3,1
"Shrub",21978,0,0,"cabaneros",3,1
"WaterSurf",177,0,0,"cabaneros",3,1
"ArtSurf",7418,0,0,"cabaneros",3,2
"Crop",2473,0,0,"cabaneros",3,2
"Dehesa",36272,0,0,"cabaneros",3,2
"Grass",52784,0,0,"cabaneros",3,2
"HydroRipVeg",554,0,0,"cabaneros",3,2
"MedConF",35896,0,0,"cabaneros",3,2
"MedSclF",158690,0,0,"cabaneros",3,2
"MedScrub",187005,0,0,"cabaneros",3,2
"Reforestation",57,0,0,"cabaneros",3,2
"RipF",4764,0,0,"cabaneros",3,2
"RockScreeVeg",11067,0,0,"cabaneros",3,2
"SMedMarF",69447,0,0,"cabaneros",3,2
"Shrub",21978,0,0,"cabaneros",3,2
"WaterSurf",177,0,0,"cabaneros",3,2
"ArtSurf",7418,0,0,"cabaneros",3,3
"Crop",2473,0,0,"cabaneros",3,3
"Dehesa",36272,0,0,"cabaneros",3,3
"Grass",52784,0,0,"cabaneros",3,3
"HydroRipVeg",554,0,0,"cabaneros",3,3
"MedConF",35896,0,0,"cabaneros",3,3
"MedSclF",158690,0,0,"cabaneros",3,3
"MedScrub",187005,0,0,"cabaneros",3,3
"Reforestation",57,0,0,"cabaneros",3,3
"RipF",4764,0,0,"cabaneros",3,3
"RockScreeVeg",11067,0,0,"cabaneros",3,3
"SMedMarF",69447,0,0,"cabaneros",3,3
"Shrub",21978,0,0,"cabaneros",3,3
"WaterSurf",177,0,0,"cabaneros",3,3
"ArtSurf",7418,0,0,"cabaneros",3,4
"Crop",2473,0,0,"cabaneros",3,4
"Dehesa",36272,0,0,"cabaneros",3,4
"Grass",52784,0,0,"cabaneros",3,4
"HydroRipVeg",554,0,0,"cabaneros",3,4
"MedConF",35896,0,0,"cabaneros",3,4
"MedSclF",158690,0,0,"cabaneros",3,4
"MedScrub",187005,0,0,"cabaneros",3,4
"Reforestation",57,0,0,"cabaneros",3,4
"RipF",4764,0,0,"cabaneros",3,4
"RockScreeVeg",11067,0,0,"cabaneros",3,4
"SMedMarF",69447,0,0,"cabaneros",3,4
"Shrub",21978,0,0,"cabaneros",3,4
"WaterSurf",177,0,0,"cabaneros",3,4
"ArtSurf",7418,18,0.24,"cabaneros",3,5
"Crop",2473,0,0,"cabaneros",3,5
"Dehesa",36272,1,0,"cabaneros",3,5
"Grass",52784,1,0,"cabaneros",3,5
"HydroRipVeg",554,0,0,"cabaneros",3,5
"MedConF",35896,39,0.11,"cabaneros",3,5
"MedSclF",158690,1522,0.96,"cabaneros",3,5
"MedScrub",187005,1979,1.06,"cabaneros",3,5
"Reforestation",57,0,0,"cabaneros",3,5
"RipF",4764,16,0.34,"cabaneros",3,5
"RockScreeVeg",11067,419,3.79,"cabaneros",3,5
"SMedMarF",69447,7852,11.31,"cabaneros",3,5
"Shrub",21978,44,0.2,"cabaneros",3,5
"WaterSurf",177,0,0,"cabaneros",3,5
"ArtSurf",7418,0,0,"cabaneros",3,6
"Crop",2473,0,0,"cabaneros",3,6
"Dehesa",36272,0,0,"cabaneros",3,6
"Grass",52784,0,0,"cabaneros",3,6
"HydroRipVeg",554,0,0,"cabaneros",3,6
"MedConF",35896,0,0,"cabaneros",3,6
"MedSclF",158690,3,0,"cabaneros",3,6
"MedScrub",187005,2,0,"cabaneros",3,6
"Reforestation",57,0,0,"cabaneros",3,6
"RipF",4764,1,0.02,"cabaneros",3,6
"RockScreeVeg",11067,6,0.05,"cabaneros",3,6
"SMedMarF",69447,0,0,"cabaneros",3,6
"Shrub",21978,0,0,"cabaneros",3,6
"WaterSurf",177,0,0,"cabaneros",3,6
"ArtSurf",7418,0,0,"cabaneros",3,7
"Crop",2473,0,0,"cabaneros",3,7
"Dehesa",36272,0,0,"cabaneros",3,7
"Grass",52784,0,0,"cabaneros",3,7
"HydroRipVeg",554,1,0.18,"cabaneros",3,7
"MedConF",35896,0,0,"cabaneros",3,7
"MedSclF",158690,9,0.01,"cabaneros",3,7
"MedScrub",187005,0,0,"cabaneros",3,7
"Reforestation",57,0,0,"cabaneros",3,7
"RipF",4764,3,0.06,"cabaneros",3,7
"RockScreeVeg",11067,13,0.12,"cabaneros",3,7
"SMedMarF",69447,1,0,"cabaneros",3,7
"Shrub",21978,0,0,"cabaneros",3,7
"WaterSurf",177,0,0,"cabaneros",3,7
"ArtSurf",7418,0,0,"cabaneros",3,8
"Crop",2473,0,0,"cabaneros",3,8
"Dehesa",36272,0,0,"cabaneros",3,8
"Grass",52784,0,0,"cabaneros",3,8
"HydroRipVeg",554,0,0,"cabaneros",3,8
"MedConF",35896,0,0,"cabaneros",3,8
"MedSclF",158690,0,0,"cabaneros",3,8
"MedScrub",187005,0,0,"cabaneros",3,8
"Reforestation",57,0,0,"cabaneros",3,8
"RipF",4764,0,0,"cabaneros",3,8
"RockScreeVeg",11067,0,0,"cabaneros",3,8
"SMedMarF",69447,0,0,"cabaneros",3,8
"Shrub",21978,0,0,"cabaneros",3,8
"WaterSurf",177,0,0,"cabaneros",3,8
"ArtSurf",7418,33,0.44,"cabaneros",3,9
"Crop",2473,20,0.81,"cabaneros",3,9
"Dehesa",36272,310,0.85,"cabaneros",3,9
"Grass",52784,364,0.69,"cabaneros",3,9
"HydroRipVeg",554,0,0,"cabaneros",3,9
"MedConF",35896,0,0,"cabaneros",3,9
"MedSclF",158690,89,0.06,"cabaneros",3,9
"MedScrub",187005,281,0.15,"cabaneros",3,9
"Reforestation",57,6,10.53,"cabaneros",3,9
"RipF",4764,1,0.02,"cabaneros",3,9
"RockScreeVeg",11067,32,0.29,"cabaneros",3,9
"SMedMarF",69447,15,0.02,"cabaneros",3,9
"Shrub",21978,3,0.01,"cabaneros",3,9
"WaterSurf",177,1,0.56,"cabaneros",3,9
"ArtSurf",7418,0,0,"cabaneros",3,10
"Crop",2473,0,0,"cabaneros",3,10
"Dehesa",36272,35,0.1,"cabaneros",3,10
"Grass",52784,1,0,"cabaneros",3,10
"HydroRipVeg",554,2,0.36,"cabaneros",3,10
"MedConF",35896,0,0,"cabaneros",3,10
"MedSclF",158690,7,0,"cabaneros",3,10
"MedScrub",187005,1,0,"cabaneros",3,10
"Reforestation",57,0,0,"cabaneros",3,10
"RipF",4764,0,0,"cabaneros",3,10
"RockScreeVeg",11067,7,0.06,"cabaneros",3,10
"SMedMarF",69447,48,0.07,"cabaneros",3,10
"Shrub",21978,1,0,"cabaneros",3,10
"WaterSurf",177,2,1.13,"cabaneros",3,10
"ArtSurf",7418,0,0,"cabaneros",3,11
"Crop",2473,0,0,"cabaneros",3,11
"Dehesa",36272,0,0,"cabaneros",3,11
"Grass",52784,0,0,"cabaneros",3,11
"HydroRipVeg",554,0,0,"cabaneros",3,11
"MedConF",35896,0,0,"cabaneros",3,11
"MedSclF",158690,0,0,"cabaneros",3,11
"MedScrub",187005,0,0,"cabaneros",3,11
"Reforestation",57,0,0,"cabaneros",3,11
"RipF",4764,0,0,"cabaneros",3,11
"RockScreeVeg",11067,0,0,"cabaneros",3,11
"SMedMarF",69447,0,0,"cabaneros",3,11
"Shrub",21978,0,0,"cabaneros",3,11
"WaterSurf",177,0,0,"cabaneros",3,11
"ArtSurf",7418,0,0,"cabaneros",3,12
"Crop",2473,0,0,"cabaneros",3,12
"Dehesa",36272,0,0,"cabaneros",3,12
"Grass",52784,0,0,"cabaneros",3,12
"HydroRipVeg",554,0,0,"cabaneros",3,12
"MedConF",35896,0,0,"cabaneros",3,12
"MedSclF",158688,0,0,"cabaneros",3,12
"MedScrub",187005,0,0,"cabaneros",3,12
"Reforestation",57,0,0,"cabaneros",3,12
"RipF",4764,0,0,"cabaneros",3,12
"RockScreeVeg",11067,0,0,"cabaneros",3,12
"SMedMarF",69447,0,0,"cabaneros",3,12
"Shrub",21978,0,0,"cabaneros",3,12
"WaterSurf",177,0,0,"cabaneros",3,12
"ArtSurf",7418,0,0,"cabaneros",6,1
"Crop",2473,0,0,"cabaneros",6,1
"Dehesa",36272,0,0,"cabaneros",6,1
"Grass",52784,0,0,"cabaneros",6,1
"HydroRipVeg",554,0,0,"cabaneros",6,1
"MedConF",35896,0,0,"cabaneros",6,1
"MedSclF",158690,0,0,"cabaneros",6,1
"MedScrub",187005,0,0,"cabaneros",6,1
"Reforestation",57,0,0,"cabaneros",6,1
"RipF",4764,0,0,"cabaneros",6,1
"RockScreeVeg",11067,0,0,"cabaneros",6,1
"SMedMarF",69447,0,0,"cabaneros",6,1
"Shrub",21978,0,0,"cabaneros",6,1
"WaterSurf",177,0,0,"cabaneros",6,1
"ArtSurf",7418,0,0,"cabaneros",6,2
"Crop",2473,0,0,"cabaneros",6,2
"Dehesa",36272,0,0,"cabaneros",6,2
"Grass",52784,0,0,"cabaneros",6,2
"HydroRipVeg",554,0,0,"cabaneros",6,2
"MedConF",35896,0,0,"cabaneros",6,2
"MedSclF",158690,0,0,"cabaneros",6,2
"MedScrub",187005,0,0,"cabaneros",6,2
"Reforestation",57,0,0,"cabaneros",6,2
"RipF",4764,0,0,"cabaneros",6,2
"RockScreeVeg",11067,0,0,"cabaneros",6,2
"SMedMarF",69447,0,0,"cabaneros",6,2
"Shrub",21978,0,0,"cabaneros",6,2
"WaterSurf",177,0,0,"cabaneros",6,2
"ArtSurf",7418,0,0,"cabaneros",6,3
"Crop",2473,0,0,"cabaneros",6,3
"Dehesa",36272,0,0,"cabaneros",6,3
"Grass",52784,0,0,"cabaneros",6,3
"HydroRipVeg",554,0,0,"cabaneros",6,3
"MedConF",35896,0,0,"cabaneros",6,3
"MedSclF",158690,0,0,"cabaneros",6,3
"MedScrub",187005,0,0,"cabaneros",6,3
"Reforestation",57,0,0,"cabaneros",6,3
"RipF",4764,0,0,"cabaneros",6,3
"RockScreeVeg",11067,0,0,"cabaneros",6,3
"SMedMarF",69447,0,0,"cabaneros",6,3
"Shrub",21978,0,0,"cabaneros",6,3
"WaterSurf",177,0,0,"cabaneros",6,3
"ArtSurf",7418,0,0,"cabaneros",6,4
"Crop",2473,0,0,"cabaneros",6,4
"Dehesa",36272,0,0,"cabaneros",6,4
"Grass",52784,0,0,"cabaneros",6,4
"HydroRipVeg",554,0,0,"cabaneros",6,4
"MedConF",35896,0,0,"cabaneros",6,4
"MedSclF",158690,0,0,"cabaneros",6,4
"MedScrub",187005,0,0,"cabaneros",6,4
"Reforestation",57,0,0,"cabaneros",6,4
"RipF",4764,0,0,"cabaneros",6,4
"RockScreeVeg",11067,0,0,"cabaneros",6,4
"SMedMarF",69447,0,0,"cabaneros",6,4
"Shrub",21978,0,0,"cabaneros",6,4
"WaterSurf",177,0,0,"cabaneros",6,4
"ArtSurf",7418,28,0.38,"cabaneros",6,5
"Crop",2473,0,0,"cabaneros",6,5
"Dehesa",36272,4,0.01,"cabaneros",6,5
"Grass",52784,5,0.01,"cabaneros",6,5
"HydroRipVeg",554,0,0,"cabaneros",6,5
"MedConF",35896,73,0.2,"cabaneros",6,5
"MedSclF",158690,1384,0.87,"cabaneros",6,5
"MedScrub",187005,1683,0.9,"cabaneros",6,5
"Reforestation",57,0,0,"cabaneros",6,5
"RipF",4764,11,0.23,"cabaneros",6,5
"RockScreeVeg",11067,217,1.96,"cabaneros",6,5
"SMedMarF",69447,4379,6.31,"cabaneros",6,5
"Shrub",21978,79,0.36,"cabaneros",6,5
"WaterSurf",177,0,0,"cabaneros",6,5
"ArtSurf",7418,1,0.01,"cabaneros",6,6
"Crop",2473,0,0,"cabaneros",6,6
"Dehesa",36272,0,0,"cabaneros",6,6
"Grass",52784,0,0,"cabaneros",6,6
"HydroRipVeg",554,1,0.18,"cabaneros",6,6
"MedConF",35896,42,0.12,"cabaneros",6,6
"MedSclF",158690,36,0.02,"cabaneros",6,6
"MedScrub",187005,52,0.03,"cabaneros",6,6
"Reforestation",57,0,0,"cabaneros",6,6
"RipF",4764,12,0.25,"cabaneros",6,6
"RockScreeVeg",11067,13,0.12,"cabaneros",6,6
"SMedMarF",69447,33,0.05,"cabaneros",6,6
"Shrub",21978,0,0,"cabaneros",6,6
"WaterSurf",177,7,3.95,"cabaneros",6,6
"ArtSurf",7418,0,0,"cabaneros",6,7
"Crop",2473,0,0,"cabaneros",6,7
"Dehesa",36272,0,0,"cabaneros",6,7
"Grass",52784,0,0,"cabaneros",6,7
"HydroRipVeg",554,0,0,"cabaneros",6,7
"MedConF",35896,0,0,"cabaneros",6,7
"MedSclF",158690,5,0,"cabaneros",6,7
"MedScrub",187005,1,0,"cabaneros",6,7
"Reforestation",57,0,0,"cabaneros",6,7
"RipF",4764,6,0.13,"cabaneros",6,7
"RockScreeVeg",11067,1,0.01,"cabaneros",6,7
"SMedMarF",69447,2,0,"cabaneros",6,7
"Shrub",21978,0,0,"cabaneros",6,7
"WaterSurf",177,0,0,"cabaneros",6,7
"ArtSurf",7418,0,0,"cabaneros",6,8
"Crop",2473,0,0,"cabaneros",6,8
"Dehesa",36272,0,0,"cabaneros",6,8
"Grass",52784,0,0,"cabaneros",6,8
"HydroRipVeg",554,0,0,"cabaneros",6,8
"MedConF",35896,0,0,"cabaneros",6,8
"MedSclF",158690,5,0,"cabaneros",6,8
"MedScrub",187005,1,0,"cabaneros",6,8
"Reforestation",57,0,0,"cabaneros",6,8
"RipF",4764,3,0.06,"cabaneros",6,8
"RockScreeVeg",11067,2,0.02,"cabaneros",6,8
"SMedMarF",69447,19,0.03,"cabaneros",6,8
"Shrub",21978,0,0,"cabaneros",6,8
"WaterSurf",177,0,0,"cabaneros",6,8
"ArtSurf",7418,0,0,"cabaneros",6,9
"Crop",2473,0,0,"cabaneros",6,9
"Dehesa",36272,0,0,"cabaneros",6,9
"Grass",52784,0,0,"cabaneros",6,9
"HydroRipVeg",554,0,0,"cabaneros",6,9
"MedConF",35896,0,0,"cabaneros",6,9
"MedSclF",158690,0,0,"cabaneros",6,9
"MedScrub",187005,0,0,"cabaneros",6,9
"Reforestation",57,0,0,"cabaneros",6,9
"RipF",4764,0,0,"cabaneros",6,9
"RockScreeVeg",11067,0,0,"cabaneros",6,9
"SMedMarF",69447,0,0,"cabaneros",6,9
"Shrub",21978,0,0,"cabaneros",6,9
"WaterSurf",177,0,0,"cabaneros",6,9
"ArtSurf",7418,0,0,"cabaneros",6,10
"Crop",2473,0,0,"cabaneros",6,10
"Dehesa",36272,12,0.03,"cabaneros",6,10
"Grass",52784,0,0,"cabaneros",6,10
"HydroRipVeg",554,1,0.18,"cabaneros",6,10
"MedConF",35896,0,0,"cabaneros",6,10
"MedSclF",158690,0,0,"cabaneros",6,10
"MedScrub",187005,2,0,"cabaneros",6,10
"Reforestation",57,0,0,"cabaneros",6,10
"RipF",4764,0,0,"cabaneros",6,10
"RockScreeVeg",11067,4,0.04,"cabaneros",6,10
"SMedMarF",69447,5,0.01,"cabaneros",6,10
"Shrub",21978,1,0,"cabaneros",6,10
"WaterSurf",177,1,0.56,"cabaneros",6,10
"ArtSurf",7418,0,0,"cabaneros",6,11
"Crop",2473,0,0,"cabaneros",6,11
"Dehesa",36272,0,0,"cabaneros",6,11
"Grass",52784,0,0,"cabaneros",6,11
"HydroRipVeg",554,0,0,"cabaneros",6,11
"MedConF",35896,0,0,"cabaneros",6,11
"MedSclF",158690,0,0,"cabaneros",6,11
"MedScrub",187005,0,0,"cabaneros",6,11
"Reforestation",57,0,0,"cabaneros",6,11
"RipF",4764,0,0,"cabaneros",6,11
"RockScreeVeg",11067,0,0,"cabaneros",6,11
"SMedMarF",69447,0,0,"cabaneros",6,11
"Shrub",21978,0,0,"cabaneros",6,11
"WaterSurf",177,0,0,"cabaneros",6,11
"ArtSurf",7418,2,0.03,"cabaneros",6,12
"Crop",2473,0,0,"cabaneros",6,12
"Dehesa",36272,1,0,"cabaneros",6,12
"Grass",52784,1,0,"cabaneros",6,12
"HydroRipVeg",554,0,0,"cabaneros",6,12
"MedConF",35896,0,0,"cabaneros",6,12
"MedSclF",158688,3,0,"cabaneros",6,12
"MedScrub",187005,5,0,"cabaneros",6,12
"Reforestation",57,0,0,"cabaneros",6,12
"RipF",4764,0,0,"cabaneros",6,12
"RockScreeVeg",11067,0,0,"cabaneros",6,12
"SMedMarF",69447,3,0,"cabaneros",6,12
"Shrub",21978,0,0,"cabaneros",6,12
"WaterSurf",177,0,0,"cabaneros",6,12
"ArtSurf",7418,0,0,"cabaneros",9,1
"Crop",2473,0,0,"cabaneros",9,1
"Dehesa",36272,0,0,"cabaneros",9,1
"Grass",52784,0,0,"cabaneros",9,1
"HydroRipVeg",554,0,0,"cabaneros",9,1
"MedConF",35896,0,0,"cabaneros",9,1
"MedSclF",158690,0,0,"cabaneros",9,1
"MedScrub",187005,0,0,"cabaneros",9,1
"Reforestation",57,0,0,"cabaneros",9,1
"RipF",4764,0,0,"cabaneros",9,1
"RockScreeVeg",11067,0,0,"cabaneros",9,1
"SMedMarF",69447,0,0,"cabaneros",9,1
"Shrub",21978,0,0,"cabaneros",9,1
"WaterSurf",177,0,0,"cabaneros",9,1
"ArtSurf",7418,0,0,"cabaneros",9,2
"Crop",2473,0,0,"cabaneros",9,2
"Dehesa",36272,0,0,"cabaneros",9,2
"Grass",52784,0,0,"cabaneros",9,2
"HydroRipVeg",554,0,0,"cabaneros",9,2
"MedConF",35896,0,0,"cabaneros",9,2
"MedSclF",158690,0,0,"cabaneros",9,2
"MedScrub",187005,0,0,"cabaneros",9,2
"Reforestation",57,0,0,"cabaneros",9,2
"RipF",4764,0,0,"cabaneros",9,2
"RockScreeVeg",11067,0,0,"cabaneros",9,2
"SMedMarF",69447,0,0,"cabaneros",9,2
"Shrub",21978,0,0,"cabaneros",9,2
"WaterSurf",177,0,0,"cabaneros",9,2
"ArtSurf",7418,2,0.03,"cabaneros",9,3
"Crop",2473,0,0,"cabaneros",9,3
"Dehesa",36272,0,0,"cabaneros",9,3
"Grass",52784,2,0,"cabaneros",9,3
"HydroRipVeg",554,0,0,"cabaneros",9,3
"MedConF",35896,0,0,"cabaneros",9,3
"MedSclF",158690,3,0,"cabaneros",9,3
"MedScrub",187005,3,0,"cabaneros",9,3
"Reforestation",57,0,0,"cabaneros",9,3
"RipF",4764,0,0,"cabaneros",9,3
"RockScreeVeg",11067,0,0,"cabaneros",9,3
"SMedMarF",69447,0,0,"cabaneros",9,3
"Shrub",21978,0,0,"cabaneros",9,3
"WaterSurf",177,0,0,"cabaneros",9,3
"ArtSurf",7418,0,0,"cabaneros",9,4
"Crop",2473,0,0,"cabaneros",9,4
"Dehesa",36272,0,0,"cabaneros",9,4
"Grass",52784,0,0,"cabaneros",9,4
"HydroRipVeg",554,0,0,"cabaneros",9,4
"MedConF",35896,0,0,"cabaneros",9,4
"MedSclF",158690,0,0,"cabaneros",9,4
"MedScrub",187005,0,0,"cabaneros",9,4
"Reforestation",57,0,0,"cabaneros",9,4
"RipF",4764,0,0,"cabaneros",9,4
"RockScreeVeg",11067,0,0,"cabaneros",9,4
"SMedMarF",69447,0,0,"cabaneros",9,4
"Shrub",21978,0,0,"cabaneros",9,4
"WaterSurf",177,0,0,"cabaneros",9,4
"ArtSurf",7418,0,0,"cabaneros",9,5
"Crop",2473,0,0,"cabaneros",9,5
"Dehesa",36272,0,0,"cabaneros",9,5
"Grass",52784,0,0,"cabaneros",9,5
"HydroRipVeg",554,0,0,"cabaneros",9,5
"MedConF",35896,0,0,"cabaneros",9,5
"MedSclF",158690,0,0,"cabaneros",9,5
"MedScrub",187005,0,0,"cabaneros",9,5
"Reforestation",57,0,0,"cabaneros",9,5
"RipF",4764,0,0,"cabaneros",9,5
"RockScreeVeg",11067,0,0,"cabaneros",9,5
"SMedMarF",69447,0,0,"cabaneros",9,5
"Shrub",21978,0,0,"cabaneros",9,5
"WaterSurf",177,0,0,"cabaneros",9,5
"ArtSurf",7418,0,0,"cabaneros",9,6
"Crop",2473,0,0,"cabaneros",9,6
"Dehesa",36272,0,0,"cabaneros",9,6
"Grass",52784,0,0,"cabaneros",9,6
"HydroRipVeg",554,0,0,"cabaneros",9,6
"MedConF",35896,0,0,"cabaneros",9,6
"MedSclF",158690,0,0,"cabaneros",9,6
"MedScrub",187005,0,0,"cabaneros",9,6
"Reforestation",57,0,0,"cabaneros",9,6
"RipF",4764,0,0,"cabaneros",9,6
"RockScreeVeg",11067,0,0,"cabaneros",9,6
"SMedMarF",69447,0,0,"cabaneros",9,6
"Shrub",21978,0,0,"cabaneros",9,6
"WaterSurf",177,0,0,"cabaneros",9,6
"ArtSurf",7418,0,0,"cabaneros",9,7
"Crop",2473,0,0,"cabaneros",9,7
"Dehesa",36272,0,0,"cabaneros",9,7
"Grass",52784,0,0,"cabaneros",9,7
"HydroRipVeg",554,0,0,"cabaneros",9,7
"MedConF",35896,0,0,"cabaneros",9,7
"MedSclF",158690,0,0,"cabaneros",9,7
"MedScrub",187005,2,0,"cabaneros",9,7
"Reforestation",57,0,0,"cabaneros",9,7
"RipF",4764,5,0.1,"cabaneros",9,7
"RockScreeVeg",11067,1,0.01,"cabaneros",9,7
"SMedMarF",69447,2,0,"cabaneros",9,7
"Shrub",21978,0,0,"cabaneros",9,7
"WaterSurf",177,0,0,"cabaneros",9,7
"ArtSurf",7418,0,0,"cabaneros",9,8
"Crop",2473,0,0,"cabaneros",9,8
"Dehesa",36272,0,0,"cabaneros",9,8
"Grass",52784,0,0,"cabaneros",9,8
"HydroRipVeg",554,0,0,"cabaneros",9,8
"MedConF",35896,1,0,"cabaneros",9,8
"MedSclF",158690,5,0,"cabaneros",9,8
"MedScrub",187005,2,0,"cabaneros",9,8
"Reforestation",57,0,0,"cabaneros",9,8
"RipF",4764,0,0,"cabaneros",9,8
"RockScreeVeg",11067,5,0.05,"cabaneros",9,8
"SMedMarF",69447,18,0.03,"cabaneros",9,8
"Shrub",21978,0,0,"cabaneros",9,8
"WaterSurf",177,0,0,"cabaneros",9,8
"ArtSurf",7418,0,0,"cabaneros",9,9
"Crop",2473,0,0,"cabaneros",9,9
"Dehesa",36272,0,0,"cabaneros",9,9
"Grass",52784,0,0,"cabaneros",9,9
"HydroRipVeg",554,0,0,"cabaneros",9,9
"MedConF",35896,0,0,"cabaneros",9,9
"MedSclF",158690,0,0,"cabaneros",9,9
"MedScrub",187005,0,0,"cabaneros",9,9
"Reforestation",57,0,0,"cabaneros",9,9
"RipF",4764,0,0,"cabaneros",9,9
"RockScreeVeg",11067,4,0.04,"cabaneros",9,9
"SMedMarF",69447,0,0,"cabaneros",9,9
"Shrub",21978,0,0,"cabaneros",9,9
"WaterSurf",177,0,0,"cabaneros",9,9
"ArtSurf",7418,1,0.01,"cabaneros",9,10
"Crop",2473,0,0,"cabaneros",9,10
"Dehesa",36272,0,0,"cabaneros",9,10
"Grass",52784,0,0,"cabaneros",9,10
"HydroRipVeg",554,0,0,"cabaneros",9,10
"MedConF",35896,0,0,"cabaneros",9,10
"MedSclF",158690,0,0,"cabaneros",9,10
"MedScrub",187005,1,0,"cabaneros",9,10
"Reforestation",57,0,0,"cabaneros",9,10
"RipF",4764,0,0,"cabaneros",9,10
"RockScreeVeg",11067,5,0.05,"cabaneros",9,10
"SMedMarF",69447,1,0,"cabaneros",9,10
"Shrub",21978,0,0,"cabaneros",9,10
"WaterSurf",177,0,0,"cabaneros",9,10
"ArtSurf",7418,0,0,"cabaneros",9,11
"Crop",2473,0,0,"cabaneros",9,11
"Dehesa",36272,0,0,"cabaneros",9,11
"Grass",52784,0,0,"cabaneros",9,11
"HydroRipVeg",554,0,0,"cabaneros",9,11
"MedConF",35896,0,0,"cabaneros",9,11
"MedSclF",158690,0,0,"cabaneros",9,11
"MedScrub",187005,0,0,"cabaneros",9,11
"Reforestation",57,0,0,"cabaneros",9,11
"RipF",4764,0,0,"cabaneros",9,11
"RockScreeVeg",11067,0,0,"cabaneros",9,11
"SMedMarF",69447,0,0,"cabaneros",9,11
"Shrub",21978,0,0,"cabaneros",9,11
"WaterSurf",177,0,0,"cabaneros",9,11
"ArtSurf",7418,0,0,"cabaneros",9,12
"Crop",2473,0,0,"cabaneros",9,12
"Dehesa",36272,0,0,"cabaneros",9,12
"Grass",52784,0,0,"cabaneros",9,12
"HydroRipVeg",554,0,0,"cabaneros",9,12
"MedConF",35896,0,0,"cabaneros",9,12
"MedSclF",158688,0,0,"cabaneros",9,12
"MedScrub",187005,0,0,"cabaneros",9,12
"Reforestation",57,0,0,"cabaneros",9,12
"RipF",4764,0,0,"cabaneros",9,12
"RockScreeVeg",11067,0,0,"cabaneros",9,12
"SMedMarF",69447,0,0,"cabaneros",9,12
"Shrub",21978,0,0,"cabaneros",9,12
"WaterSurf",177,0,0,"cabaneros",9,12
"ArtSurf",7418,0,0,"cabaneros",12,1
"Crop",2473,0,0,"cabaneros",12,1
"Dehesa",36272,0,0,"cabaneros",12,1
"Grass",52784,0,0,"cabaneros",12,1
"HydroRipVeg",554,0,0,"cabaneros",12,1
"MedConF",35896,0,0,"cabaneros",12,1
"MedSclF",158690,0,0,"cabaneros",12,1
"MedScrub",187005,0,0,"cabaneros",12,1
"Reforestation",57,0,0,"cabaneros",12,1
"RipF",4764,0,0,"cabaneros",12,1
"RockScreeVeg",11067,0,0,"cabaneros",12,1
"SMedMarF",69447,0,0,"cabaneros",12,1
"Shrub",21978,0,0,"cabaneros",12,1
"WaterSurf",177,0,0,"cabaneros",12,1
"ArtSurf",7418,0,0,"cabaneros",12,2
"Crop",2473,0,0,"cabaneros",12,2
"Dehesa",36272,0,0,"cabaneros",12,2
"Grass",52784,0,0,"cabaneros",12,2
"HydroRipVeg",554,0,0,"cabaneros",12,2
"MedConF",35896,0,0,"cabaneros",12,2
"MedSclF",158690,0,0,"cabaneros",12,2
"MedScrub",187005,0,0,"cabaneros",12,2
"Reforestation",57,0,0,"cabaneros",12,2
"RipF",4764,0,0,"cabaneros",12,2
"RockScreeVeg",11067,0,0,"cabaneros",12,2
"SMedMarF",69447,0,0,"cabaneros",12,2
"Shrub",21978,0,0,"cabaneros",12,2
"WaterSurf",177,0,0,"cabaneros",12,2
"ArtSurf",7418,0,0,"cabaneros",12,3
"Crop",2473,0,0,"cabaneros",12,3
"Dehesa",36272,0,0,"cabaneros",12,3
"Grass",52784,0,0,"cabaneros",12,3
"HydroRipVeg",554,0,0,"cabaneros",12,3
"MedConF",35896,0,0,"cabaneros",12,3
"MedSclF",158690,0,0,"cabaneros",12,3
"MedScrub",187005,0,0,"cabaneros",12,3
"Reforestation",57,0,0,"cabaneros",12,3
"RipF",4764,0,0,"cabaneros",12,3
"RockScreeVeg",11067,0,0,"cabaneros",12,3
"SMedMarF",69447,0,0,"cabaneros",12,3
"Shrub",21978,0,0,"cabaneros",12,3
"WaterSurf",177,0,0,"cabaneros",12,3
"ArtSurf",7418,0,0,"cabaneros",12,4
"Crop",2473,0,0,"cabaneros",12,4
"Dehesa",36272,0,0,"cabaneros",12,4
"Grass",52784,0,0,"cabaneros",12,4
"HydroRipVeg",554,0,0,"cabaneros",12,4
"MedConF",35896,0,0,"cabaneros",12,4
"MedSclF",158690,0,0,"cabaneros",12,4
"MedScrub",187005,0,0,"cabaneros",12,4
"Reforestation",57,0,0,"cabaneros",12,4
"RipF",4764,0,0,"cabaneros",12,4
"RockScreeVeg",11067,0,0,"cabaneros",12,4
"SMedMarF",69447,0,0,"cabaneros",12,4
"Shrub",21978,0,0,"cabaneros",12,4
"WaterSurf",177,0,0,"cabaneros",12,4
"ArtSurf",7418,0,0,"cabaneros",12,5
"Crop",2473,0,0,"cabaneros",12,5
"Dehesa",36272,0,0,"cabaneros",12,5
"Grass",52784,0,0,"cabaneros",12,5
"HydroRipVeg",554,0,0,"cabaneros",12,5
"MedConF",35896,0,0,"cabaneros",12,5
"MedSclF",158690,0,0,"cabaneros",12,5
"MedScrub",187005,0,0,"cabaneros",12,5
"Reforestation",57,0,0,"cabaneros",12,5
"RipF",4764,0,0,"cabaneros",12,5
"RockScreeVeg",11067,0,0,"cabaneros",12,5
"SMedMarF",69447,0,0,"cabaneros",12,5
"Shrub",21978,0,0,"cabaneros",12,5
"WaterSurf",177,0,0,"cabaneros",12,5
"ArtSurf",7418,4,0.05,"cabaneros",12,6
"Crop",2473,0,0,"cabaneros",12,6
"Dehesa",36272,0,0,"cabaneros",12,6
"Grass",52784,0,0,"cabaneros",12,6
"HydroRipVeg",554,1,0.18,"cabaneros",12,6
"MedConF",35896,0,0,"cabaneros",12,6
"MedSclF",158690,3,0,"cabaneros",12,6
"MedScrub",187005,11,0.01,"cabaneros",12,6
"Reforestation",57,0,0,"cabaneros",12,6
"RipF",4764,0,0,"cabaneros",12,6
"RockScreeVeg",11067,2,0.02,"cabaneros",12,6
"SMedMarF",69447,10,0.01,"cabaneros",12,6
"Shrub",21978,0,0,"cabaneros",12,6
"WaterSurf",177,0,0,"cabaneros",12,6
"ArtSurf",7418,0,0,"cabaneros",12,7
"Crop",2473,0,0,"cabaneros",12,7
"Dehesa",36272,0,0,"cabaneros",12,7
"Grass",52784,0,0,"cabaneros",12,7
"HydroRipVeg",554,0,0,"cabaneros",12,7
"MedConF",35896,0,0,"cabaneros",12,7
"MedSclF",158690,0,0,"cabaneros",12,7
"MedScrub",187005,0,0,"cabaneros",12,7
"Reforestation",57,0,0,"cabaneros",12,7
"RipF",4764,0,0,"cabaneros",12,7
"RockScreeVeg",11067,0,0,"cabaneros",12,7
"SMedMarF",69447,0,0,"cabaneros",12,7
"Shrub",21978,0,0,"cabaneros",12,7
"WaterSurf",177,0,0,"cabaneros",12,7
"ArtSurf",7418,1,0.01,"cabaneros",12,8
"Crop",2473,0,0,"cabaneros",12,8
"Dehesa",36272,0,0,"cabaneros",12,8
"Grass",52784,0,0,"cabaneros",12,8
"HydroRipVeg",554,0,0,"cabaneros",12,8
"MedConF",35896,0,0,"cabaneros",12,8
"MedSclF",158690,14,0.01,"cabaneros",12,8
"MedScrub",187005,2,0,"cabaneros",12,8
"Reforestation",57,0,0,"cabaneros",12,8
"RipF",4764,0,0,"cabaneros",12,8
"RockScreeVeg",11067,8,0.07,"cabaneros",12,8
"SMedMarF",69447,18,0.03,"cabaneros",12,8
"Shrub",21978,0,0,"cabaneros",12,8
"WaterSurf",177,0,0,"cabaneros",12,8
"ArtSurf",7418,0,0,"cabaneros",12,9
"Crop",2473,0,0,"cabaneros",12,9
"Dehesa",36272,1,0,"cabaneros",12,9
"Grass",52784,0,0,"cabaneros",12,9
"HydroRipVeg",554,0,0,"cabaneros",12,9
"MedConF",35896,0,0,"cabaneros",12,9
"MedSclF",158690,0,0,"cabaneros",12,9
"MedScrub",187005,0,0,"cabaneros",12,9
"Reforestation",57,0,0,"cabaneros",12,9
"RipF",4764,0,0,"cabaneros",12,9
"RockScreeVeg",11067,1,0.01,"cabaneros",12,9
"SMedMarF",69447,0,0,"cabaneros",12,9
"Shrub",21978,0,0,"cabaneros",12,9
"WaterSurf",177,0,0,"cabaneros",12,9
"ArtSurf",7418,1,0.01,"cabaneros",12,10
"Crop",2473,0,0,"cabaneros",12,10
"Dehesa",36272,4,0.01,"cabaneros",12,10
"Grass",52784,0,0,"cabaneros",12,10
"HydroRipVeg",554,0,0,"cabaneros",12,10
"MedConF",35896,0,0,"cabaneros",12,10
"MedSclF",158690,1,0,"cabaneros",12,10
"MedScrub",187005,2,0,"cabaneros",12,10
"Reforestation",57,0,0,"cabaneros",12,10
"RipF",4764,0,0,"cabaneros",12,10
"RockScreeVeg",11067,10,0.09,"cabaneros",12,10
"SMedMarF",69447,1,0,"cabaneros",12,10
"Shrub",21978,1,0,"cabaneros",12,10
"WaterSurf",177,3,1.69,"cabaneros",12,10
"ArtSurf",7418,0,0,"cabaneros",12,11
"Crop",2473,0,0,"cabaneros",12,11
"Dehesa",36272,0,0,"cabaneros",12,11
"Grass",52784,0,0,"cabaneros",12,11
"HydroRipVeg",554,0,0,"cabaneros",12,11
"MedConF",35896,0,0,"cabaneros",12,11
"MedSclF",158690,0,0,"cabaneros",12,11
"MedScrub",187005,0,0,"cabaneros",12,11
"Reforestation",57,0,0,"cabaneros",12,11
"RipF",4764,0,0,"cabaneros",12,11
"RockScreeVeg",11067,0,0,"cabaneros",12,11
"SMedMarF",69447,0,0,"cabaneros",12,11
"Shrub",21978,0,0,"cabaneros",12,11
"WaterSurf",177,0,0,"cabaneros",12,11
"ArtSurf",7418,0,0,"cabaneros",12,12
"Crop",2473,0,0,"cabaneros",12,12
"Dehesa",36272,0,0,"cabaneros",12,12
"Grass",52784,0,0,"cabaneros",12,12
"HydroRipVeg",554,0,0,"cabaneros",12,12
"MedConF",35896,0,0,"cabaneros",12,12
"MedSclF",158688,0,0,"cabaneros",12,12
"MedScrub",187005,0,0,"cabaneros",12,12
"Reforestation",57,0,0,"cabaneros",12,12
"RipF",4764,0,0,"cabaneros",12,12
"RockScreeVeg",11067,0,0,"cabaneros",12,12
"SMedMarF",69447,0,0,"cabaneros",12,12
"Shrub",21978,0,0,"cabaneros",12,12
"WaterSurf",177,0,0,"cabaneros",12,12
"AridScr",7823,0,0,"cabrera",1,1
"ArtSurf",94,0,0,"cabrera",1,1
"BareArea",1122,0,0,"cabrera",1,1
"Crop",4,0,0,"cabrera",1,1
"Grass",13,0,0,"cabrera",1,1
"HaloVeg",52,0,0,"cabrera",1,1
"MedConF",8797,0,0,"cabrera",1,1
"MedScrub",486,0,0,"cabrera",1,1
"SaltMar",276,0,0,"cabrera",1,1
"AridScr",7823,0,0,"cabrera",1,2
"ArtSurf",94,0,0,"cabrera",1,2
"BareArea",1122,0,0,"cabrera",1,2
"Crop",4,0,0,"cabrera",1,2
"Grass",13,0,0,"cabrera",1,2
"HaloVeg",52,0,0,"cabrera",1,2
"MedConF",8797,0,0,"cabrera",1,2
"MedScrub",486,0,0,"cabrera",1,2
"SaltMar",276,0,0,"cabrera",1,2
"AridScr",7823,0,0,"cabrera",1,3
"ArtSurf",94,0,0,"cabrera",1,3
"BareArea",1122,0,0,"cabrera",1,3
"Crop",4,0,0,"cabrera",1,3
"Grass",13,0,0,"cabrera",1,3
"HaloVeg",52,0,0,"cabrera",1,3
"MedConF",8797,0,0,"cabrera",1,3
"MedScrub",486,0,0,"cabrera",1,3
"SaltMar",276,0,0,"cabrera",1,3
"AridScr",7823,0,0,"cabrera",1,4
"ArtSurf",94,0,0,"cabrera",1,4
"BareArea",1122,0,0,"cabrera",1,4
"Crop",4,0,0,"cabrera",1,4
"Grass",13,0,0,"cabrera",1,4
"HaloVeg",52,0,0,"cabrera",1,4
"MedConF",8797,0,0,"cabrera",1,4
"MedScrub",486,0,0,"cabrera",1,4
"SaltMar",276,0,0,"cabrera",1,4
"AridScr",7823,0,0,"cabrera",1,5
"ArtSurf",94,0,0,"cabrera",1,5
"BareArea",1122,0,0,"cabrera",1,5
"Crop",4,0,0,"cabrera",1,5
"Grass",13,0,0,"cabrera",1,5
"HaloVeg",52,0,0,"cabrera",1,5
"MedConF",8797,0,0,"cabrera",1,5
"MedScrub",486,0,0,"cabrera",1,5
"SaltMar",276,0,0,"cabrera",1,5
"AridScr",7823,0,0,"cabrera",1,6
"ArtSurf",94,0,0,"cabrera",1,6
"BareArea",1122,2,0.18,"cabrera",1,6
"Crop",4,0,0,"cabrera",1,6
"Grass",13,0,0,"cabrera",1,6
"HaloVeg",52,0,0,"cabrera",1,6
"MedConF",8797,0,0,"cabrera",1,6
"MedScrub",486,0,0,"cabrera",1,6
"SaltMar",276,1,0.36,"cabrera",1,6
"AridScr",7823,0,0,"cabrera",1,7
"ArtSurf",94,0,0,"cabrera",1,7
"BareArea",1122,0,0,"cabrera",1,7
"Crop",4,0,0,"cabrera",1,7
"Grass",13,0,0,"cabrera",1,7
"HaloVeg",52,0,0,"cabrera",1,7
"MedConF",8797,0,0,"cabrera",1,7
"MedScrub",486,0,0,"cabrera",1,7
"SaltMar",276,0,0,"cabrera",1,7
"AridScr",7823,0,0,"cabrera",1,8
"ArtSurf",94,0,0,"cabrera",1,8
"BareArea",1122,0,0,"cabrera",1,8
"Crop",4,0,0,"cabrera",1,8
"Grass",13,0,0,"cabrera",1,8
"HaloVeg",52,0,0,"cabrera",1,8
"MedConF",8797,0,0,"cabrera",1,8
"MedScrub",486,0,0,"cabrera",1,8
"SaltMar",276,0,0,"cabrera",1,8
"AridScr",7823,0,0,"cabrera",1,9
"ArtSurf",94,0,0,"cabrera",1,9
"BareArea",1122,0,0,"cabrera",1,9
"Crop",4,0,0,"cabrera",1,9
"Grass",13,0,0,"cabrera",1,9
"HaloVeg",52,0,0,"cabrera",1,9
"MedConF",8797,0,0,"cabrera",1,9
"MedScrub",486,0,0,"cabrera",1,9
"SaltMar",276,0,0,"cabrera",1,9
"AridScr",7823,0,0,"cabrera",1,10
"ArtSurf",94,0,0,"cabrera",1,10
"BareArea",1122,0,0,"cabrera",1,10
"Crop",4,0,0,"cabrera",1,10
"Grass",13,0,0,"cabrera",1,10
"HaloVeg",52,0,0,"cabrera",1,10
"MedConF",8797,0,0,"cabrera",1,10
"MedScrub",486,0,0,"cabrera",1,10
"SaltMar",276,0,0,"cabrera",1,10
"AridScr",7823,0,0,"cabrera",1,11
"ArtSurf",94,0,0,"cabrera",1,11
"BareArea",1122,0,0,"cabrera",1,11
"Crop",4,0,0,"cabrera",1,11
"Grass",13,0,0,"cabrera",1,11
"HaloVeg",52,0,0,"cabrera",1,11
"MedConF",8797,0,0,"cabrera",1,11
"MedScrub",486,0,0,"cabrera",1,11
"SaltMar",276,0,0,"cabrera",1,11
"AridScr",7823,0,0,"cabrera",1,12
"ArtSurf",94,0,0,"cabrera",1,12
"BareArea",1122,0,0,"cabrera",1,12
"Crop",4,0,0,"cabrera",1,12
"Grass",13,0,0,"cabrera",1,12
"HaloVeg",52,0,0,"cabrera",1,12
"MedConF",8797,0,0,"cabrera",1,12
"MedScrub",486,0,0,"cabrera",1,12
"SaltMar",276,0,0,"cabrera",1,12
"AridScr",7823,0,0,"cabrera",3,1
"ArtSurf",94,0,0,"cabrera",3,1
"BareArea",1122,0,0,"cabrera",3,1
"Crop",4,0,0,"cabrera",3,1
"Grass",13,0,0,"cabrera",3,1
"HaloVeg",52,0,0,"cabrera",3,1
"MedConF",8797,0,0,"cabrera",3,1
"MedScrub",486,0,0,"cabrera",3,1
"SaltMar",276,0,0,"cabrera",3,1
"AridScr",7823,0,0,"cabrera",3,2
"ArtSurf",94,0,0,"cabrera",3,2
"BareArea",1122,0,0,"cabrera",3,2
"Crop",4,0,0,"cabrera",3,2
"Grass",13,0,0,"cabrera",3,2
"HaloVeg",52,0,0,"cabrera",3,2
"MedConF",8797,0,0,"cabrera",3,2
"MedScrub",486,0,0,"cabrera",3,2
"SaltMar",276,0,0,"cabrera",3,2
"AridScr",7823,0,0,"cabrera",3,3
"ArtSurf",94,0,0,"cabrera",3,3
"BareArea",1122,0,0,"cabrera",3,3
"Crop",4,0,0,"cabrera",3,3
"Grass",13,0,0,"cabrera",3,3
"HaloVeg",52,0,0,"cabrera",3,3
"MedConF",8797,0,0,"cabrera",3,3
"MedScrub",486,0,0,"cabrera",3,3
"SaltMar",276,0,0,"cabrera",3,3
"AridScr",7823,0,0,"cabrera",3,4
"ArtSurf",94,0,0,"cabrera",3,4
"BareArea",1122,0,0,"cabrera",3,4
"Crop",4,0,0,"cabrera",3,4
"Grass",13,0,0,"cabrera",3,4
"HaloVeg",52,0,0,"cabrera",3,4
"MedConF",8797,0,0,"cabrera",3,4
"MedScrub",486,0,0,"cabrera",3,4
"SaltMar",276,0,0,"cabrera",3,4
"AridScr",7823,0,0,"cabrera",3,5
"ArtSurf",94,0,0,"cabrera",3,5
"BareArea",1122,0,0,"cabrera",3,5
"Crop",4,0,0,"cabrera",3,5
"Grass",13,0,0,"cabrera",3,5
"HaloVeg",52,0,0,"cabrera",3,5
"MedConF",8797,0,0,"cabrera",3,5
"MedScrub",486,0,0,"cabrera",3,5
"SaltMar",276,0,0,"cabrera",3,5
"AridScr",7823,0,0,"cabrera",3,6
"ArtSurf",94,0,0,"cabrera",3,6
"BareArea",1122,0,0,"cabrera",3,6
"Crop",4,0,0,"cabrera",3,6
"Grass",13,0,0,"cabrera",3,6
"HaloVeg",52,0,0,"cabrera",3,6
"MedConF",8797,0,0,"cabrera",3,6
"MedScrub",486,0,0,"cabrera",3,6
"SaltMar",276,0,0,"cabrera",3,6
"AridScr",7823,2,0.03,"cabrera",3,7
"ArtSurf",94,0,0,"cabrera",3,7
"BareArea",1122,5,0.45,"cabrera",3,7
"Crop",4,0,0,"cabrera",3,7
"Grass",13,0,0,"cabrera",3,7
"HaloVeg",52,0,0,"cabrera",3,7
"MedConF",8797,0,0,"cabrera",3,7
"MedScrub",486,0,0,"cabrera",3,7
"SaltMar",276,0,0,"cabrera",3,7
"AridScr",7823,0,0,"cabrera",3,8
"ArtSurf",94,0,0,"cabrera",3,8
"BareArea",1122,0,0,"cabrera",3,8
"Crop",4,0,0,"cabrera",3,8
"Grass",13,0,0,"cabrera",3,8
"HaloVeg",52,0,0,"cabrera",3,8
"MedConF",8797,0,0,"cabrera",3,8
"MedScrub",486,0,0,"cabrera",3,8
"SaltMar",276,0,0,"cabrera",3,8
"AridScr",7823,0,0,"cabrera",3,9
"ArtSurf",94,0,0,"cabrera",3,9
"BareArea",1122,0,0,"cabrera",3,9
"Crop",4,0,0,"cabrera",3,9
"Grass",13,0,0,"cabrera",3,9
"HaloVeg",52,0,0,"cabrera",3,9
"MedConF",8797,0,0,"cabrera",3,9
"MedScrub",486,0,0,"cabrera",3,9
"SaltMar",276,0,0,"cabrera",3,9
"AridScr",7823,0,0,"cabrera",3,10
"ArtSurf",94,0,0,"cabrera",3,10
"BareArea",1122,0,0,"cabrera",3,10
"Crop",4,0,0,"cabrera",3,10
"Grass",13,0,0,"cabrera",3,10
"HaloVeg",52,0,0,"cabrera",3,10
"MedConF",8797,0,0,"cabrera",3,10
"MedScrub",486,0,0,"cabrera",3,10
"SaltMar",276,0,0,"cabrera",3,10
"AridScr",7823,0,0,"cabrera",3,11
"ArtSurf",94,0,0,"cabrera",3,11
"BareArea",1122,0,0,"cabrera",3,11
"Crop",4,0,0,"cabrera",3,11
"Grass",13,0,0,"cabrera",3,11
"HaloVeg",52,0,0,"cabrera",3,11
"MedConF",8797,0,0,"cabrera",3,11
"MedScrub",486,0,0,"cabrera",3,11
"SaltMar",276,0,0,"cabrera",3,11
"AridScr",7823,0,0,"cabrera",3,12
"ArtSurf",94,0,0,"cabrera",3,12
"BareArea",1122,0,0,"cabrera",3,12
"Crop",4,0,0,"cabrera",3,12
"Grass",13,0,0,"cabrera",3,12
"HaloVeg",52,0,0,"cabrera",3,12
"MedConF",8797,0,0,"cabrera",3,12
"MedScrub",486,0,0,"cabrera",3,12
"SaltMar",276,0,0,"cabrera",3,12
"AridScr",7823,0,0,"cabrera",6,1
"ArtSurf",94,0,0,"cabrera",6,1
"BareArea",1122,0,0,"cabrera",6,1
"Crop",4,0,0,"cabrera",6,1
"Grass",13,0,0,"cabrera",6,1
"HaloVeg",52,0,0,"cabrera",6,1
"MedConF",8797,0,0,"cabrera",6,1
"MedScrub",486,0,0,"cabrera",6,1
"SaltMar",276,0,0,"cabrera",6,1
"AridScr",7823,0,0,"cabrera",6,2
"ArtSurf",94,0,0,"cabrera",6,2
"BareArea",1122,0,0,"cabrera",6,2
"Crop",4,0,0,"cabrera",6,2
"Grass",13,0,0,"cabrera",6,2
"HaloVeg",52,0,0,"cabrera",6,2
"MedConF",8797,0,0,"cabrera",6,2
"MedScrub",486,0,0,"cabrera",6,2
"SaltMar",276,0,0,"cabrera",6,2
"AridScr",7823,0,0,"cabrera",6,3
"ArtSurf",94,0,0,"cabrera",6,3
"BareArea",1122,0,0,"cabrera",6,3
"Crop",4,0,0,"cabrera",6,3
"Grass",13,0,0,"cabrera",6,3
"HaloVeg",52,0,0,"cabrera",6,3
"MedConF",8797,0,0,"cabrera",6,3
"MedScrub",486,0,0,"cabrera",6,3
"SaltMar",276,0,0,"cabrera",6,3
"AridScr",7823,0,0,"cabrera",6,4
"ArtSurf",94,0,0,"cabrera",6,4
"BareArea",1122,0,0,"cabrera",6,4
"Crop",4,0,0,"cabrera",6,4
"Grass",13,0,0,"cabrera",6,4
"HaloVeg",52,0,0,"cabrera",6,4
"MedConF",8797,0,0,"cabrera",6,4
"MedScrub",486,0,0,"cabrera",6,4
"SaltMar",276,0,0,"cabrera",6,4
"AridScr",7823,0,0,"cabrera",6,5
"ArtSurf",94,0,0,"cabrera",6,5
"BareArea",1122,0,0,"cabrera",6,5
"Crop",4,0,0,"cabrera",6,5
"Grass",13,0,0,"cabrera",6,5
"HaloVeg",52,0,0,"cabrera",6,5
"MedConF",8797,0,0,"cabrera",6,5
"MedScrub",486,0,0,"cabrera",6,5
"SaltMar",276,0,0,"cabrera",6,5
"AridScr",7823,0,0,"cabrera",6,6
"ArtSurf",94,0,0,"cabrera",6,6
"BareArea",1122,0,0,"cabrera",6,6
"Crop",4,0,0,"cabrera",6,6
"Grass",13,0,0,"cabrera",6,6
"HaloVeg",52,0,0,"cabrera",6,6
"MedConF",8797,0,0,"cabrera",6,6
"MedScrub",486,0,0,"cabrera",6,6
"SaltMar",276,0,0,"cabrera",6,6
"AridScr",7823,0,0,"cabrera",6,7
"ArtSurf",94,0,0,"cabrera",6,7
"BareArea",1122,0,0,"cabrera",6,7
"Crop",4,0,0,"cabrera",6,7
"Grass",13,0,0,"cabrera",6,7
"HaloVeg",52,0,0,"cabrera",6,7
"MedConF",8797,0,0,"cabrera",6,7
"MedScrub",486,0,0,"cabrera",6,7
"SaltMar",276,0,0,"cabrera",6,7
"AridScr",7823,0,0,"cabrera",6,8
"ArtSurf",94,0,0,"cabrera",6,8
"BareArea",1122,0,0,"cabrera",6,8
"Crop",4,0,0,"cabrera",6,8
"Grass",13,0,0,"cabrera",6,8
"HaloVeg",52,0,0,"cabrera",6,8
"MedConF",8797,0,0,"cabrera",6,8
"MedScrub",486,0,0,"cabrera",6,8
"SaltMar",276,0,0,"cabrera",6,8
"AridScr",7823,0,0,"cabrera",6,9
"ArtSurf",94,0,0,"cabrera",6,9
"BareArea",1122,0,0,"cabrera",6,9
"Crop",4,0,0,"cabrera",6,9
"Grass",13,0,0,"cabrera",6,9
"HaloVeg",52,0,0,"cabrera",6,9
"MedConF",8797,0,0,"cabrera",6,9
"MedScrub",486,0,0,"cabrera",6,9
"SaltMar",276,0,0,"cabrera",6,9
"AridScr",7823,0,0,"cabrera",6,10
"ArtSurf",94,0,0,"cabrera",6,10
"BareArea",1122,0,0,"cabrera",6,10
"Crop",4,0,0,"cabrera",6,10
"Grass",13,0,0,"cabrera",6,10
"HaloVeg",52,0,0,"cabrera",6,10
"MedConF",8797,0,0,"cabrera",6,10
"MedScrub",486,0,0,"cabrera",6,10
"SaltMar",276,0,0,"cabrera",6,10
"AridScr",7823,0,0,"cabrera",6,11
"ArtSurf",94,0,0,"cabrera",6,11
"BareArea",1122,0,0,"cabrera",6,11
"Crop",4,0,0,"cabrera",6,11
"Grass",13,0,0,"cabrera",6,11
"HaloVeg",52,0,0,"cabrera",6,11
"MedConF",8797,0,0,"cabrera",6,11
"MedScrub",486,0,0,"cabrera",6,11
"SaltMar",276,0,0,"cabrera",6,11
"AridScr",7823,0,0,"cabrera",6,12
"ArtSurf",94,0,0,"cabrera",6,12
"BareArea",1122,0,0,"cabrera",6,12
"Crop",4,0,0,"cabrera",6,12
"Grass",13,0,0,"cabrera",6,12
"HaloVeg",52,0,0,"cabrera",6,12
"MedConF",8797,0,0,"cabrera",6,12
"MedScrub",486,0,0,"cabrera",6,12
"SaltMar",276,0,0,"cabrera",6,12
"AridScr",7823,0,0,"cabrera",9,1
"ArtSurf",94,0,0,"cabrera",9,1
"BareArea",1122,0,0,"cabrera",9,1
"Crop",4,0,0,"cabrera",9,1
"Grass",13,0,0,"cabrera",9,1
"HaloVeg",52,0,0,"cabrera",9,1
"MedConF",8797,0,0,"cabrera",9,1
"MedScrub",486,0,0,"cabrera",9,1
"SaltMar",276,0,0,"cabrera",9,1
"AridScr",7823,0,0,"cabrera",9,2
"ArtSurf",94,0,0,"cabrera",9,2
"BareArea",1122,0,0,"cabrera",9,2
"Crop",4,0,0,"cabrera",9,2
"Grass",13,0,0,"cabrera",9,2
"HaloVeg",52,0,0,"cabrera",9,2
"MedConF",8797,0,0,"cabrera",9,2
"MedScrub",486,0,0,"cabrera",9,2
"SaltMar",276,0,0,"cabrera",9,2
"AridScr",7823,0,0,"cabrera",9,3
"ArtSurf",94,0,0,"cabrera",9,3
"BareArea",1122,0,0,"cabrera",9,3
"Crop",4,0,0,"cabrera",9,3
"Grass",13,0,0,"cabrera",9,3
"HaloVeg",52,0,0,"cabrera",9,3
"MedConF",8797,0,0,"cabrera",9,3
"MedScrub",486,0,0,"cabrera",9,3
"SaltMar",276,0,0,"cabrera",9,3
"AridScr",7823,0,0,"cabrera",9,4
"ArtSurf",94,0,0,"cabrera",9,4
"BareArea",1122,0,0,"cabrera",9,4
"Crop",4,0,0,"cabrera",9,4
"Grass",13,0,0,"cabrera",9,4
"HaloVeg",52,0,0,"cabrera",9,4
"MedConF",8797,0,0,"cabrera",9,4
"MedScrub",486,0,0,"cabrera",9,4
"SaltMar",276,0,0,"cabrera",9,4
"AridScr",7823,0,0,"cabrera",9,5
"ArtSurf",94,0,0,"cabrera",9,5
"BareArea",1122,0,0,"cabrera",9,5
"Crop",4,0,0,"cabrera",9,5
"Grass",13,0,0,"cabrera",9,5
"HaloVeg",52,0,0,"cabrera",9,5
"MedConF",8797,0,0,"cabrera",9,5
"MedScrub",486,0,0,"cabrera",9,5
"SaltMar",276,0,0,"cabrera",9,5
"AridScr",7823,0,0,"cabrera",9,6
"ArtSurf",94,0,0,"cabrera",9,6
"BareArea",1122,0,0,"cabrera",9,6
"Crop",4,0,0,"cabrera",9,6
"Grass",13,0,0,"cabrera",9,6
"HaloVeg",52,0,0,"cabrera",9,6
"MedConF",8797,0,0,"cabrera",9,6
"MedScrub",486,0,0,"cabrera",9,6
"SaltMar",276,0,0,"cabrera",9,6
"AridScr",7823,0,0,"cabrera",9,7
"ArtSurf",94,0,0,"cabrera",9,7
"BareArea",1122,0,0,"cabrera",9,7
"Crop",4,0,0,"cabrera",9,7
"Grass",13,0,0,"cabrera",9,7
"HaloVeg",52,0,0,"cabrera",9,7
"MedConF",8797,0,0,"cabrera",9,7
"MedScrub",486,0,0,"cabrera",9,7
"SaltMar",276,0,0,"cabrera",9,7
"AridScr",7823,0,0,"cabrera",9,8
"ArtSurf",94,0,0,"cabrera",9,8
"BareArea",1122,0,0,"cabrera",9,8
"Crop",4,0,0,"cabrera",9,8
"Grass",13,0,0,"cabrera",9,8
"HaloVeg",52,0,0,"cabrera",9,8
"MedConF",8797,0,0,"cabrera",9,8
"MedScrub",486,0,0,"cabrera",9,8
"SaltMar",276,0,0,"cabrera",9,8
"AridScr",7823,0,0,"cabrera",9,9
"ArtSurf",94,0,0,"cabrera",9,9
"BareArea",1122,0,0,"cabrera",9,9
"Crop",4,0,0,"cabrera",9,9
"Grass",13,0,0,"cabrera",9,9
"HaloVeg",52,0,0,"cabrera",9,9
"MedConF",8797,0,0,"cabrera",9,9
"MedScrub",486,0,0,"cabrera",9,9
"SaltMar",276,0,0,"cabrera",9,9
"AridScr",7823,0,0,"cabrera",9,10
"ArtSurf",94,0,0,"cabrera",9,10
"BareArea",1122,0,0,"cabrera",9,10
"Crop",4,0,0,"cabrera",9,10
"Grass",13,0,0,"cabrera",9,10
"HaloVeg",52,0,0,"cabrera",9,10
"MedConF",8797,0,0,"cabrera",9,10
"MedScrub",486,0,0,"cabrera",9,10
"SaltMar",276,0,0,"cabrera",9,10
"AridScr",7823,0,0,"cabrera",9,11
"ArtSurf",94,0,0,"cabrera",9,11
"BareArea",1122,0,0,"cabrera",9,11
"Crop",4,0,0,"cabrera",9,11
"Grass",13,0,0,"cabrera",9,11
"HaloVeg",52,0,0,"cabrera",9,11
"MedConF",8797,0,0,"cabrera",9,11
"MedScrub",486,0,0,"cabrera",9,11
"SaltMar",276,0,0,"cabrera",9,11
"AridScr",7823,0,0,"cabrera",9,12
"ArtSurf",94,0,0,"cabrera",9,12
"BareArea",1122,0,0,"cabrera",9,12
"Crop",4,0,0,"cabrera",9,12
"Grass",13,0,0,"cabrera",9,12
"HaloVeg",52,0,0,"cabrera",9,12
"MedConF",8797,0,0,"cabrera",9,12
"MedScrub",486,0,0,"cabrera",9,12
"SaltMar",276,0,0,"cabrera",9,12
"AridScr",7823,0,0,"cabrera",12,1
"ArtSurf",94,0,0,"cabrera",12,1
"BareArea",1122,0,0,"cabrera",12,1
"Crop",4,0,0,"cabrera",12,1
"Grass",13,0,0,"cabrera",12,1
"HaloVeg",52,0,0,"cabrera",12,1
"MedConF",8797,0,0,"cabrera",12,1
"MedScrub",486,0,0,"cabrera",12,1
"SaltMar",276,0,0,"cabrera",12,1
"AridScr",7823,0,0,"cabrera",12,2
"ArtSurf",94,0,0,"cabrera",12,2
"BareArea",1122,0,0,"cabrera",12,2
"Crop",4,0,0,"cabrera",12,2
"Grass",13,0,0,"cabrera",12,2
"HaloVeg",52,0,0,"cabrera",12,2
"MedConF",8797,0,0,"cabrera",12,2
"MedScrub",486,0,0,"cabrera",12,2
"SaltMar",276,0,0,"cabrera",12,2
"AridScr",7823,0,0,"cabrera",12,3
"ArtSurf",94,0,0,"cabrera",12,3
"BareArea",1122,0,0,"cabrera",12,3
"Crop",4,0,0,"cabrera",12,3
"Grass",13,0,0,"cabrera",12,3
"HaloVeg",52,0,0,"cabrera",12,3
"MedConF",8797,0,0,"cabrera",12,3
"MedScrub",486,0,0,"cabrera",12,3
"SaltMar",276,0,0,"cabrera",12,3
"AridScr",7823,0,0,"cabrera",12,4
"ArtSurf",94,0,0,"cabrera",12,4
"BareArea",1122,0,0,"cabrera",12,4
"Crop",4,0,0,"cabrera",12,4
"Grass",13,0,0,"cabrera",12,4
"HaloVeg",52,0,0,"cabrera",12,4
"MedConF",8797,0,0,"cabrera",12,4
"MedScrub",486,0,0,"cabrera",12,4
"SaltMar",276,0,0,"cabrera",12,4
"AridScr",7823,0,0,"cabrera",12,5
"ArtSurf",94,0,0,"cabrera",12,5
"BareArea",1122,0,0,"cabrera",12,5
"Crop",4,0,0,"cabrera",12,5
"Grass",13,0,0,"cabrera",12,5
"HaloVeg",52,0,0,"cabrera",12,5
"MedConF",8797,0,0,"cabrera",12,5
"MedScrub",486,0,0,"cabrera",12,5
"SaltMar",276,0,0,"cabrera",12,5
"AridScr",7823,0,0,"cabrera",12,6
"ArtSurf",94,0,0,"cabrera",12,6
"BareArea",1122,0,0,"cabrera",12,6
"Crop",4,0,0,"cabrera",12,6
"Grass",13,0,0,"cabrera",12,6
"HaloVeg",52,0,0,"cabrera",12,6
"MedConF",8797,0,0,"cabrera",12,6
"MedScrub",486,0,0,"cabrera",12,6
"SaltMar",276,0,0,"cabrera",12,6
"AridScr",7823,0,0,"cabrera",12,7
"ArtSurf",94,0,0,"cabrera",12,7
"BareArea",1122,0,0,"cabrera",12,7
"Crop",4,0,0,"cabrera",12,7
"Grass",13,0,0,"cabrera",12,7
"HaloVeg",52,0,0,"cabrera",12,7
"MedConF",8797,0,0,"cabrera",12,7
"MedScrub",486,0,0,"cabrera",12,7
"SaltMar",276,0,0,"cabrera",12,7
"AridScr",7823,0,0,"cabrera",12,8
"ArtSurf",94,0,0,"cabrera",12,8
"BareArea",1122,0,0,"cabrera",12,8
"Crop",4,0,0,"cabrera",12,8
"Grass",13,0,0,"cabrera",12,8
"HaloVeg",52,0,0,"cabrera",12,8
"MedConF",8797,0,0,"cabrera",12,8
"MedScrub",486,0,0,"cabrera",12,8
"SaltMar",276,0,0,"cabrera",12,8
"AridScr",7823,0,0,"cabrera",12,9
"ArtSurf",94,0,0,"cabrera",12,9
"BareArea",1122,0,0,"cabrera",12,9
"Crop",4,0,0,"cabrera",12,9
"Grass",13,0,0,"cabrera",12,9
"HaloVeg",52,0,0,"cabrera",12,9
"MedConF",8797,0,0,"cabrera",12,9
"MedScrub",486,0,0,"cabrera",12,9
"SaltMar",276,0,0,"cabrera",12,9
"AridScr",7823,0,0,"cabrera",12,10
"ArtSurf",94,0,0,"cabrera",12,10
"BareArea",1122,0,0,"cabrera",12,10
"Crop",4,0,0,"cabrera",12,10
"Grass",13,0,0,"cabrera",12,10
"HaloVeg",52,0,0,"cabrera",12,10
"MedConF",8797,0,0,"cabrera",12,10
"MedScrub",486,0,0,"cabrera",12,10
"SaltMar",276,0,0,"cabrera",12,10
"AridScr",7823,0,0,"cabrera",12,11
"ArtSurf",94,0,0,"cabrera",12,11
"BareArea",1122,0,0,"cabrera",12,11
"Crop",4,0,0,"cabrera",12,11
"Grass",13,0,0,"cabrera",12,11
"HaloVeg",52,0,0,"cabrera",12,11
"MedConF",8797,0,0,"cabrera",12,11
"MedScrub",486,0,0,"cabrera",12,11
"SaltMar",276,0,0,"cabrera",12,11
"AridScr",7823,0,0,"cabrera",12,12
"ArtSurf",94,0,0,"cabrera",12,12
"BareArea",1122,0,0,"cabrera",12,12
"Crop",4,0,0,"cabrera",12,12
"Grass",13,0,0,"cabrera",12,12
"HaloVeg",52,0,0,"cabrera",12,12
"MedConF",8797,0,0,"cabrera",12,12
"MedScrub",486,0,0,"cabrera",12,12
"SaltMar",276,0,0,"cabrera",12,12
"ArtSurf",247,0,0,"daimiel",1,1
"Crop",2273,0,0,"daimiel",1,1
"Dehesa",2601,0,0,"daimiel",1,1
"Grass",8172,0,0,"daimiel",1,1
"HaloVeg",2543,0,0,"daimiel",1,1
"HydroRipVeg",16350,0,0,"daimiel",1,1
"MedSclF",623,0,0,"daimiel",1,1
"Reforestation",25,0,0,"daimiel",1,1
"RipF",1501,0,0,"daimiel",1,1
"WaterSurf",8869,0,0,"daimiel",1,1
"ArtSurf",247,0,0,"daimiel",1,2
"Crop",2273,0,0,"daimiel",1,2
"Dehesa",2601,0,0,"daimiel",1,2
"Grass",8172,0,0,"daimiel",1,2
"HaloVeg",2543,0,0,"daimiel",1,2
"HydroRipVeg",16350,0,0,"daimiel",1,2
"MedSclF",623,0,0,"daimiel",1,2
"Reforestation",25,0,0,"daimiel",1,2
"RipF",1501,0,0,"daimiel",1,2
"WaterSurf",8869,0,0,"daimiel",1,2
"ArtSurf",247,0,0,"daimiel",1,3
"Crop",2273,0,0,"daimiel",1,3
"Dehesa",2601,0,0,"daimiel",1,3
"Grass",8172,0,0,"daimiel",1,3
"HaloVeg",2543,0,0,"daimiel",1,3
"HydroRipVeg",16350,0,0,"daimiel",1,3
"MedSclF",623,0,0,"daimiel",1,3
"Reforestation",25,0,0,"daimiel",1,3
"RipF",1501,0,0,"daimiel",1,3
"WaterSurf",8869,0,0,"daimiel",1,3
"ArtSurf",247,0,0,"daimiel",1,4
"Crop",2273,0,0,"daimiel",1,4
"Dehesa",2601,0,0,"daimiel",1,4
"Grass",8172,0,0,"daimiel",1,4
"HaloVeg",2543,0,0,"daimiel",1,4
"HydroRipVeg",16350,0,0,"daimiel",1,4
"MedSclF",623,0,0,"daimiel",1,4
"Reforestation",25,0,0,"daimiel",1,4
"RipF",1501,0,0,"daimiel",1,4
"WaterSurf",8869,0,0,"daimiel",1,4
"ArtSurf",247,0,0,"daimiel",1,5
"Crop",2273,0,0,"daimiel",1,5
"Dehesa",2601,0,0,"daimiel",1,5
"Grass",8172,0,0,"daimiel",1,5
"HaloVeg",2543,0,0,"daimiel",1,5
"HydroRipVeg",16350,0,0,"daimiel",1,5
"MedSclF",623,0,0,"daimiel",1,5
"Reforestation",25,0,0,"daimiel",1,5
"RipF",1501,0,0,"daimiel",1,5
"WaterSurf",8869,0,0,"daimiel",1,5
"ArtSurf",247,0,0,"daimiel",1,6
"Crop",2273,0,0,"daimiel",1,6
"Dehesa",2601,0,0,"daimiel",1,6
"Grass",8172,0,0,"daimiel",1,6
"HaloVeg",2543,0,0,"daimiel",1,6
"HydroRipVeg",16350,0,0,"daimiel",1,6
"MedSclF",623,0,0,"daimiel",1,6
"Reforestation",25,0,0,"daimiel",1,6
"RipF",1501,0,0,"daimiel",1,6
"WaterSurf",8869,0,0,"daimiel",1,6
"ArtSurf",247,0,0,"daimiel",1,7
"Crop",2273,0,0,"daimiel",1,7
"Dehesa",2601,0,0,"daimiel",1,7
"Grass",8172,0,0,"daimiel",1,7
"HaloVeg",2543,0,0,"daimiel",1,7
"HydroRipVeg",16350,0,0,"daimiel",1,7
"MedSclF",623,0,0,"daimiel",1,7
"Reforestation",25,0,0,"daimiel",1,7
"RipF",1501,0,0,"daimiel",1,7
"WaterSurf",8869,0,0,"daimiel",1,7
"ArtSurf",247,0,0,"daimiel",1,8
"Crop",2273,0,0,"daimiel",1,8
"Dehesa",2601,0,0,"daimiel",1,8
"Grass",8172,0,0,"daimiel",1,8
"HaloVeg",2543,0,0,"daimiel",1,8
"HydroRipVeg",16350,0,0,"daimiel",1,8
"MedSclF",623,0,0,"daimiel",1,8
"Reforestation",25,0,0,"daimiel",1,8
"RipF",1501,0,0,"daimiel",1,8
"WaterSurf",8869,0,0,"daimiel",1,8
"ArtSurf",247,0,0,"daimiel",1,9
"Crop",2273,0,0,"daimiel",1,9
"Dehesa",2601,0,0,"daimiel",1,9
"Grass",8172,0,0,"daimiel",1,9
"HaloVeg",2543,0,0,"daimiel",1,9
"HydroRipVeg",16350,0,0,"daimiel",1,9
"MedSclF",623,0,0,"daimiel",1,9
"Reforestation",25,0,0,"daimiel",1,9
"RipF",1501,0,0,"daimiel",1,9
"WaterSurf",8869,0,0,"daimiel",1,9
"ArtSurf",247,0,0,"daimiel",1,10
"Crop",2273,0,0,"daimiel",1,10
"Dehesa",2601,0,0,"daimiel",1,10
"Grass",8172,0,0,"daimiel",1,10
"HaloVeg",2543,0,0,"daimiel",1,10
"HydroRipVeg",16350,0,0,"daimiel",1,10
"MedSclF",623,0,0,"daimiel",1,10
"Reforestation",25,0,0,"daimiel",1,10
"RipF",1501,0,0,"daimiel",1,10
"WaterSurf",8869,0,0,"daimiel",1,10
"ArtSurf",247,0,0,"daimiel",1,11
"Crop",2273,0,0,"daimiel",1,11
"Dehesa",2601,0,0,"daimiel",1,11
"Grass",8172,0,0,"daimiel",1,11
"HaloVeg",2543,0,0,"daimiel",1,11
"HydroRipVeg",16350,0,0,"daimiel",1,11
"MedSclF",623,0,0,"daimiel",1,11
"Reforestation",25,0,0,"daimiel",1,11
"RipF",1501,0,0,"daimiel",1,11
"WaterSurf",8869,0,0,"daimiel",1,11
"ArtSurf",247,0,0,"daimiel",1,12
"Crop",2273,0,0,"daimiel",1,12
"Dehesa",2601,0,0,"daimiel",1,12
"Grass",8172,0,0,"daimiel",1,12
"HaloVeg",2543,0,0,"daimiel",1,12
"HydroRipVeg",16350,0,0,"daimiel",1,12
"MedSclF",623,0,0,"daimiel",1,12
"Reforestation",25,0,0,"daimiel",1,12
"RipF",1501,0,0,"daimiel",1,12
"WaterSurf",8869,0,0,"daimiel",1,12
"ArtSurf",247,0,0,"daimiel",3,1
"Crop",2273,0,0,"daimiel",3,1
"Dehesa",2601,0,0,"daimiel",3,1
"Grass",8172,0,0,"daimiel",3,1
"HaloVeg",2543,0,0,"daimiel",3,1
"HydroRipVeg",16350,0,0,"daimiel",3,1
"MedSclF",623,0,0,"daimiel",3,1
"Reforestation",25,0,0,"daimiel",3,1
"RipF",1501,0,0,"daimiel",3,1
"WaterSurf",8869,0,0,"daimiel",3,1
"ArtSurf",247,0,0,"daimiel",3,2
"Crop",2273,0,0,"daimiel",3,2
"Dehesa",2601,0,0,"daimiel",3,2
"Grass",8172,0,0,"daimiel",3,2
"HaloVeg",2543,0,0,"daimiel",3,2
"HydroRipVeg",16350,0,0,"daimiel",3,2
"MedSclF",623,0,0,"daimiel",3,2
"Reforestation",25,0,0,"daimiel",3,2
"RipF",1501,0,0,"daimiel",3,2
"WaterSurf",8869,0,0,"daimiel",3,2
"ArtSurf",247,0,0,"daimiel",3,3
"Crop",2273,0,0,"daimiel",3,3
"Dehesa",2601,0,0,"daimiel",3,3
"Grass",8172,0,0,"daimiel",3,3
"HaloVeg",2543,0,0,"daimiel",3,3
"HydroRipVeg",16350,0,0,"daimiel",3,3
"MedSclF",623,0,0,"daimiel",3,3
"Reforestation",25,0,0,"daimiel",3,3
"RipF",1501,0,0,"daimiel",3,3
"WaterSurf",8869,0,0,"daimiel",3,3
"ArtSurf",247,0,0,"daimiel",3,4
"Crop",2273,0,0,"daimiel",3,4
"Dehesa",2601,0,0,"daimiel",3,4
"Grass",8172,0,0,"daimiel",3,4
"HaloVeg",2543,0,0,"daimiel",3,4
"HydroRipVeg",16350,0,0,"daimiel",3,4
"MedSclF",623,0,0,"daimiel",3,4
"Reforestation",25,0,0,"daimiel",3,4
"RipF",1501,0,0,"daimiel",3,4
"WaterSurf",8869,0,0,"daimiel",3,4
"ArtSurf",247,0,0,"daimiel",3,5
"Crop",2273,0,0,"daimiel",3,5
"Dehesa",2601,0,0,"daimiel",3,5
"Grass",8172,0,0,"daimiel",3,5
"HaloVeg",2543,0,0,"daimiel",3,5
"HydroRipVeg",16350,0,0,"daimiel",3,5
"MedSclF",623,0,0,"daimiel",3,5
"Reforestation",25,0,0,"daimiel",3,5
"RipF",1501,0,0,"daimiel",3,5
"WaterSurf",8869,0,0,"daimiel",3,5
"ArtSurf",247,0,0,"daimiel",3,6
"Crop",2273,0,0,"daimiel",3,6
"Dehesa",2601,0,0,"daimiel",3,6
"Grass",8172,0,0,"daimiel",3,6
"HaloVeg",2543,0,0,"daimiel",3,6
"HydroRipVeg",16350,2,0.01,"daimiel",3,6
"MedSclF",623,0,0,"daimiel",3,6
"Reforestation",25,0,0,"daimiel",3,6
"RipF",1501,0,0,"daimiel",3,6
"WaterSurf",8869,0,0,"daimiel",3,6
"ArtSurf",247,0,0,"daimiel",3,7
"Crop",2273,0,0,"daimiel",3,7
"Dehesa",2601,0,0,"daimiel",3,7
"Grass",8172,0,0,"daimiel",3,7
"HaloVeg",2543,0,0,"daimiel",3,7
"HydroRipVeg",16350,0,0,"daimiel",3,7
"MedSclF",623,0,0,"daimiel",3,7
"Reforestation",25,0,0,"daimiel",3,7
"RipF",1501,0,0,"daimiel",3,7
"WaterSurf",8869,0,0,"daimiel",3,7
"ArtSurf",247,0,0,"daimiel",3,8
"Crop",2273,0,0,"daimiel",3,8
"Dehesa",2601,0,0,"daimiel",3,8
"Grass",8172,0,0,"daimiel",3,8
"HaloVeg",2543,0,0,"daimiel",3,8
"HydroRipVeg",16350,0,0,"daimiel",3,8
"MedSclF",623,0,0,"daimiel",3,8
"Reforestation",25,0,0,"daimiel",3,8
"RipF",1501,0,0,"daimiel",3,8
"WaterSurf",8869,0,0,"daimiel",3,8
"ArtSurf",247,0,0,"daimiel",3,9
"Crop",2273,0,0,"daimiel",3,9
"Dehesa",2601,0,0,"daimiel",3,9
"Grass",8172,0,0,"daimiel",3,9
"HaloVeg",2543,0,0,"daimiel",3,9
"HydroRipVeg",16350,0,0,"daimiel",3,9
"MedSclF",623,0,0,"daimiel",3,9
"Reforestation",25,0,0,"daimiel",3,9
"RipF",1501,0,0,"daimiel",3,9
"WaterSurf",8869,0,0,"daimiel",3,9
"ArtSurf",247,0,0,"daimiel",3,10
"Crop",2273,0,0,"daimiel",3,10
"Dehesa",2601,0,0,"daimiel",3,10
"Grass",8172,0,0,"daimiel",3,10
"HaloVeg",2543,0,0,"daimiel",3,10
"HydroRipVeg",16350,0,0,"daimiel",3,10
"MedSclF",623,0,0,"daimiel",3,10
"Reforestation",25,0,0,"daimiel",3,10
"RipF",1501,0,0,"daimiel",3,10
"WaterSurf",8869,0,0,"daimiel",3,10
"ArtSurf",247,0,0,"daimiel",3,11
"Crop",2273,0,0,"daimiel",3,11
"Dehesa",2601,0,0,"daimiel",3,11
"Grass",8172,0,0,"daimiel",3,11
"HaloVeg",2543,0,0,"daimiel",3,11
"HydroRipVeg",16350,0,0,"daimiel",3,11
"MedSclF",623,0,0,"daimiel",3,11
"Reforestation",25,0,0,"daimiel",3,11
"RipF",1501,0,0,"daimiel",3,11
"WaterSurf",8869,0,0,"daimiel",3,11
"ArtSurf",247,0,0,"daimiel",3,12
"Crop",2273,0,0,"daimiel",3,12
"Dehesa",2601,0,0,"daimiel",3,12
"Grass",8172,0,0,"daimiel",3,12
"HaloVeg",2543,0,0,"daimiel",3,12
"HydroRipVeg",16350,0,0,"daimiel",3,12
"MedSclF",623,0,0,"daimiel",3,12
"Reforestation",25,0,0,"daimiel",3,12
"RipF",1501,0,0,"daimiel",3,12
"WaterSurf",8869,0,0,"daimiel",3,12
"ArtSurf",247,0,0,"daimiel",6,1
"Crop",2273,0,0,"daimiel",6,1
"Dehesa",2601,0,0,"daimiel",6,1
"Grass",8172,0,0,"daimiel",6,1
"HaloVeg",2543,0,0,"daimiel",6,1
"HydroRipVeg",16350,2,0.01,"daimiel",6,1
"MedSclF",623,0,0,"daimiel",6,1
"Reforestation",25,0,0,"daimiel",6,1
"RipF",1501,0,0,"daimiel",6,1
"WaterSurf",8869,0,0,"daimiel",6,1
"ArtSurf",247,0,0,"daimiel",6,2
"Crop",2273,0,0,"daimiel",6,2
"Dehesa",2601,0,0,"daimiel",6,2
"Grass",8172,0,0,"daimiel",6,2
"HaloVeg",2543,0,0,"daimiel",6,2
"HydroRipVeg",16350,0,0,"daimiel",6,2
"MedSclF",623,0,0,"daimiel",6,2
"Reforestation",25,0,0,"daimiel",6,2
"RipF",1501,0,0,"daimiel",6,2
"WaterSurf",8869,0,0,"daimiel",6,2
"ArtSurf",247,0,0,"daimiel",6,3
"Crop",2273,0,0,"daimiel",6,3
"Dehesa",2601,0,0,"daimiel",6,3
"Grass",8172,0,0,"daimiel",6,3
"HaloVeg",2543,0,0,"daimiel",6,3
"HydroRipVeg",16350,0,0,"daimiel",6,3
"MedSclF",623,0,0,"daimiel",6,3
"Reforestation",25,0,0,"daimiel",6,3
"RipF",1501,0,0,"daimiel",6,3
"WaterSurf",8869,0,0,"daimiel",6,3
"ArtSurf",247,0,0,"daimiel",6,4
"Crop",2273,0,0,"daimiel",6,4
"Dehesa",2601,0,0,"daimiel",6,4
"Grass",8172,0,0,"daimiel",6,4
"HaloVeg",2543,0,0,"daimiel",6,4
"HydroRipVeg",16350,0,0,"daimiel",6,4
"MedSclF",623,0,0,"daimiel",6,4
"Reforestation",25,0,0,"daimiel",6,4
"RipF",1501,0,0,"daimiel",6,4
"WaterSurf",8869,0,0,"daimiel",6,4
"ArtSurf",247,0,0,"daimiel",6,5
"Crop",2273,0,0,"daimiel",6,5
"Dehesa",2601,0,0,"daimiel",6,5
"Grass",8172,0,0,"daimiel",6,5
"HaloVeg",2543,0,0,"daimiel",6,5
"HydroRipVeg",16350,0,0,"daimiel",6,5
"MedSclF",623,0,0,"daimiel",6,5
"Reforestation",25,0,0,"daimiel",6,5
"RipF",1501,0,0,"daimiel",6,5
"WaterSurf",8869,0,0,"daimiel",6,5
"ArtSurf",247,0,0,"daimiel",6,6
"Crop",2273,0,0,"daimiel",6,6
"Dehesa",2601,0,0,"daimiel",6,6
"Grass",8172,0,0,"daimiel",6,6
"HaloVeg",2543,0,0,"daimiel",6,6
"HydroRipVeg",16350,0,0,"daimiel",6,6
"MedSclF",623,0,0,"daimiel",6,6
"Reforestation",25,0,0,"daimiel",6,6
"RipF",1501,0,0,"daimiel",6,6
"WaterSurf",8869,0,0,"daimiel",6,6
"ArtSurf",247,0,0,"daimiel",6,7
"Crop",2273,0,0,"daimiel",6,7
"Dehesa",2601,0,0,"daimiel",6,7
"Grass",8172,0,0,"daimiel",6,7
"HaloVeg",2543,0,0,"daimiel",6,7
"HydroRipVeg",16350,0,0,"daimiel",6,7
"MedSclF",623,0,0,"daimiel",6,7
"Reforestation",25,0,0,"daimiel",6,7
"RipF",1501,0,0,"daimiel",6,7
"WaterSurf",8869,2,0.02,"daimiel",6,7
"ArtSurf",247,0,0,"daimiel",6,8
"Crop",2273,0,0,"daimiel",6,8
"Dehesa",2601,0,0,"daimiel",6,8
"Grass",8172,0,0,"daimiel",6,8
"HaloVeg",2543,0,0,"daimiel",6,8
"HydroRipVeg",16350,0,0,"daimiel",6,8
"MedSclF",623,0,0,"daimiel",6,8
"Reforestation",25,0,0,"daimiel",6,8
"RipF",1501,0,0,"daimiel",6,8
"WaterSurf",8869,0,0,"daimiel",6,8
"ArtSurf",247,0,0,"daimiel",6,9
"Crop",2273,0,0,"daimiel",6,9
"Dehesa",2601,0,0,"daimiel",6,9
"Grass",8172,0,0,"daimiel",6,9
"HaloVeg",2543,0,0,"daimiel",6,9
"HydroRipVeg",16350,0,0,"daimiel",6,9
"MedSclF",623,0,0,"daimiel",6,9
"Reforestation",25,0,0,"daimiel",6,9
"RipF",1501,0,0,"daimiel",6,9
"WaterSurf",8869,0,0,"daimiel",6,9
"ArtSurf",247,0,0,"daimiel",6,10
"Crop",2273,0,0,"daimiel",6,10
"Dehesa",2601,0,0,"daimiel",6,10
"Grass",8172,0,0,"daimiel",6,10
"HaloVeg",2543,0,0,"daimiel",6,10
"HydroRipVeg",16350,0,0,"daimiel",6,10
"MedSclF",623,0,0,"daimiel",6,10
"Reforestation",25,0,0,"daimiel",6,10
"RipF",1501,0,0,"daimiel",6,10
"WaterSurf",8869,0,0,"daimiel",6,10
"ArtSurf",247,0,0,"daimiel",6,11
"Crop",2273,0,0,"daimiel",6,11
"Dehesa",2601,0,0,"daimiel",6,11
"Grass",8172,0,0,"daimiel",6,11
"HaloVeg",2543,0,0,"daimiel",6,11
"HydroRipVeg",16350,0,0,"daimiel",6,11
"MedSclF",623,0,0,"daimiel",6,11
"Reforestation",25,0,0,"daimiel",6,11
"RipF",1501,0,0,"daimiel",6,11
"WaterSurf",8869,0,0,"daimiel",6,11
"ArtSurf",247,0,0,"daimiel",6,12
"Crop",2273,0,0,"daimiel",6,12
"Dehesa",2601,0,0,"daimiel",6,12
"Grass",8172,0,0,"daimiel",6,12
"HaloVeg",2543,0,0,"daimiel",6,12
"HydroRipVeg",16350,0,0,"daimiel",6,12
"MedSclF",623,0,0,"daimiel",6,12
"Reforestation",25,0,0,"daimiel",6,12
"RipF",1501,0,0,"daimiel",6,12
"WaterSurf",8869,0,0,"daimiel",6,12
"ArtSurf",247,0,0,"daimiel",9,1
"Crop",2273,0,0,"daimiel",9,1
"Dehesa",2601,0,0,"daimiel",9,1
"Grass",8172,0,0,"daimiel",9,1
"HaloVeg",2543,0,0,"daimiel",9,1
"HydroRipVeg",16350,0,0,"daimiel",9,1
"MedSclF",623,0,0,"daimiel",9,1
"Reforestation",25,0,0,"daimiel",9,1
"RipF",1501,0,0,"daimiel",9,1
"WaterSurf",8869,0,0,"daimiel",9,1
"ArtSurf",247,0,0,"daimiel",9,2
"Crop",2273,0,0,"daimiel",9,2
"Dehesa",2601,0,0,"daimiel",9,2
"Grass",8172,0,0,"daimiel",9,2
"HaloVeg",2543,0,0,"daimiel",9,2
"HydroRipVeg",16350,0,0,"daimiel",9,2
"MedSclF",623,0,0,"daimiel",9,2
"Reforestation",25,0,0,"daimiel",9,2
"RipF",1501,0,0,"daimiel",9,2
"WaterSurf",8869,0,0,"daimiel",9,2
"ArtSurf",247,0,0,"daimiel",9,3
"Crop",2273,0,0,"daimiel",9,3
"Dehesa",2601,0,0,"daimiel",9,3
"Grass",8172,0,0,"daimiel",9,3
"HaloVeg",2543,0,0,"daimiel",9,3
"HydroRipVeg",16350,0,0,"daimiel",9,3
"MedSclF",623,0,0,"daimiel",9,3
"Reforestation",25,0,0,"daimiel",9,3
"RipF",1501,0,0,"daimiel",9,3
"WaterSurf",8869,0,0,"daimiel",9,3
"ArtSurf",247,0,0,"daimiel",9,4
"Crop",2273,0,0,"daimiel",9,4
"Dehesa",2601,0,0,"daimiel",9,4
"Grass",8172,0,0,"daimiel",9,4
"HaloVeg",2543,0,0,"daimiel",9,4
"HydroRipVeg",16350,0,0,"daimiel",9,4
"MedSclF",623,0,0,"daimiel",9,4
"Reforestation",25,0,0,"daimiel",9,4
"RipF",1501,0,0,"daimiel",9,4
"WaterSurf",8869,0,0,"daimiel",9,4
"ArtSurf",247,0,0,"daimiel",9,5
"Crop",2273,0,0,"daimiel",9,5
"Dehesa",2601,0,0,"daimiel",9,5
"Grass",8172,0,0,"daimiel",9,5
"HaloVeg",2543,0,0,"daimiel",9,5
"HydroRipVeg",16350,0,0,"daimiel",9,5
"MedSclF",623,0,0,"daimiel",9,5
"Reforestation",25,0,0,"daimiel",9,5
"RipF",1501,0,0,"daimiel",9,5
"WaterSurf",8869,0,0,"daimiel",9,5
"ArtSurf",247,0,0,"daimiel",9,6
"Crop",2273,0,0,"daimiel",9,6
"Dehesa",2601,0,0,"daimiel",9,6
"Grass",8172,0,0,"daimiel",9,6
"HaloVeg",2543,0,0,"daimiel",9,6
"HydroRipVeg",16350,0,0,"daimiel",9,6
"MedSclF",623,0,0,"daimiel",9,6
"Reforestation",25,0,0,"daimiel",9,6
"RipF",1501,0,0,"daimiel",9,6
"WaterSurf",8869,0,0,"daimiel",9,6
"ArtSurf",247,0,0,"daimiel",9,7
"Crop",2273,0,0,"daimiel",9,7
"Dehesa",2601,0,0,"daimiel",9,7
"Grass",8172,0,0,"daimiel",9,7
"HaloVeg",2543,0,0,"daimiel",9,7
"HydroRipVeg",16350,0,0,"daimiel",9,7
"MedSclF",623,0,0,"daimiel",9,7
"Reforestation",25,0,0,"daimiel",9,7
"RipF",1501,0,0,"daimiel",9,7
"WaterSurf",8869,0,0,"daimiel",9,7
"ArtSurf",247,0,0,"daimiel",9,8
"Crop",2273,0,0,"daimiel",9,8
"Dehesa",2601,0,0,"daimiel",9,8
"Grass",8172,0,0,"daimiel",9,8
"HaloVeg",2543,0,0,"daimiel",9,8
"HydroRipVeg",16350,0,0,"daimiel",9,8
"MedSclF",623,0,0,"daimiel",9,8
"Reforestation",25,0,0,"daimiel",9,8
"RipF",1501,0,0,"daimiel",9,8
"WaterSurf",8869,0,0,"daimiel",9,8
"ArtSurf",247,0,0,"daimiel",9,9
"Crop",2273,0,0,"daimiel",9,9
"Dehesa",2601,0,0,"daimiel",9,9
"Grass",8172,0,0,"daimiel",9,9
"HaloVeg",2543,0,0,"daimiel",9,9
"HydroRipVeg",16350,0,0,"daimiel",9,9
"MedSclF",623,0,0,"daimiel",9,9
"Reforestation",25,0,0,"daimiel",9,9
"RipF",1501,0,0,"daimiel",9,9
"WaterSurf",8869,0,0,"daimiel",9,9
"ArtSurf",247,0,0,"daimiel",9,10
"Crop",2273,0,0,"daimiel",9,10
"Dehesa",2601,0,0,"daimiel",9,10
"Grass",8172,0,0,"daimiel",9,10
"HaloVeg",2543,0,0,"daimiel",9,10
"HydroRipVeg",16350,0,0,"daimiel",9,10
"MedSclF",623,0,0,"daimiel",9,10
"Reforestation",25,0,0,"daimiel",9,10
"RipF",1501,0,0,"daimiel",9,10
"WaterSurf",8869,0,0,"daimiel",9,10
"ArtSurf",247,0,0,"daimiel",9,11
"Crop",2273,0,0,"daimiel",9,11
"Dehesa",2601,0,0,"daimiel",9,11
"Grass",8172,0,0,"daimiel",9,11
"HaloVeg",2543,0,0,"daimiel",9,11
"HydroRipVeg",16350,0,0,"daimiel",9,11
"MedSclF",623,0,0,"daimiel",9,11
"Reforestation",25,0,0,"daimiel",9,11
"RipF",1501,0,0,"daimiel",9,11
"WaterSurf",8869,0,0,"daimiel",9,11
"ArtSurf",247,0,0,"daimiel",9,12
"Crop",2273,0,0,"daimiel",9,12
"Dehesa",2601,0,0,"daimiel",9,12
"Grass",8172,0,0,"daimiel",9,12
"HaloVeg",2543,0,0,"daimiel",9,12
"HydroRipVeg",16350,0,0,"daimiel",9,12
"MedSclF",623,0,0,"daimiel",9,12
"Reforestation",25,0,0,"daimiel",9,12
"RipF",1501,0,0,"daimiel",9,12
"WaterSurf",8869,0,0,"daimiel",9,12
"ArtSurf",247,0,0,"daimiel",12,1
"Crop",2273,0,0,"daimiel",12,1
"Dehesa",2601,0,0,"daimiel",12,1
"Grass",8172,0,0,"daimiel",12,1
"HaloVeg",2543,0,0,"daimiel",12,1
"HydroRipVeg",16350,0,0,"daimiel",12,1
"MedSclF",623,0,0,"daimiel",12,1
"Reforestation",25,0,0,"daimiel",12,1
"RipF",1501,0,0,"daimiel",12,1
"WaterSurf",8869,0,0,"daimiel",12,1
"ArtSurf",247,0,0,"daimiel",12,2
"Crop",2273,0,0,"daimiel",12,2
"Dehesa",2601,0,0,"daimiel",12,2
"Grass",8172,0,0,"daimiel",12,2
"HaloVeg",2543,0,0,"daimiel",12,2
"HydroRipVeg",16350,0,0,"daimiel",12,2
"MedSclF",623,0,0,"daimiel",12,2
"Reforestation",25,0,0,"daimiel",12,2
"RipF",1501,0,0,"daimiel",12,2
"WaterSurf",8869,0,0,"daimiel",12,2
"ArtSurf",247,0,0,"daimiel",12,3
"Crop",2273,0,0,"daimiel",12,3
"Dehesa",2601,0,0,"daimiel",12,3
"Grass",8172,0,0,"daimiel",12,3
"HaloVeg",2543,0,0,"daimiel",12,3
"HydroRipVeg",16350,0,0,"daimiel",12,3
"MedSclF",623,0,0,"daimiel",12,3
"Reforestation",25,0,0,"daimiel",12,3
"RipF",1501,0,0,"daimiel",12,3
"WaterSurf",8869,0,0,"daimiel",12,3
"ArtSurf",247,0,0,"daimiel",12,4
"Crop",2273,0,0,"daimiel",12,4
"Dehesa",2601,0,0,"daimiel",12,4
"Grass",8172,0,0,"daimiel",12,4
"HaloVeg",2543,0,0,"daimiel",12,4
"HydroRipVeg",16350,0,0,"daimiel",12,4
"MedSclF",623,0,0,"daimiel",12,4
"Reforestation",25,0,0,"daimiel",12,4
"RipF",1501,0,0,"daimiel",12,4
"WaterSurf",8869,0,0,"daimiel",12,4
"ArtSurf",247,0,0,"daimiel",12,5
"Crop",2273,0,0,"daimiel",12,5
"Dehesa",2601,0,0,"daimiel",12,5
"Grass",8172,0,0,"daimiel",12,5
"HaloVeg",2543,0,0,"daimiel",12,5
"HydroRipVeg",16350,0,0,"daimiel",12,5
"MedSclF",623,0,0,"daimiel",12,5
"Reforestation",25,0,0,"daimiel",12,5
"RipF",1501,0,0,"daimiel",12,5
"WaterSurf",8869,0,0,"daimiel",12,5
"ArtSurf",247,0,0,"daimiel",12,6
"Crop",2273,0,0,"daimiel",12,6
"Dehesa",2601,0,0,"daimiel",12,6
"Grass",8172,0,0,"daimiel",12,6
"HaloVeg",2543,0,0,"daimiel",12,6
"HydroRipVeg",16350,0,0,"daimiel",12,6
"MedSclF",623,0,0,"daimiel",12,6
"Reforestation",25,0,0,"daimiel",12,6
"RipF",1501,0,0,"daimiel",12,6
"WaterSurf",8869,0,0,"daimiel",12,6
"ArtSurf",247,0,0,"daimiel",12,7
"Crop",2273,0,0,"daimiel",12,7
"Dehesa",2601,0,0,"daimiel",12,7
"Grass",8172,0,0,"daimiel",12,7
"HaloVeg",2543,0,0,"daimiel",12,7
"HydroRipVeg",16350,0,0,"daimiel",12,7
"MedSclF",623,0,0,"daimiel",12,7
"Reforestation",25,0,0,"daimiel",12,7
"RipF",1501,0,0,"daimiel",12,7
"WaterSurf",8869,0,0,"daimiel",12,7
"ArtSurf",247,0,0,"daimiel",12,8
"Crop",2273,0,0,"daimiel",12,8
"Dehesa",2601,0,0,"daimiel",12,8
"Grass",8172,0,0,"daimiel",12,8
"HaloVeg",2543,0,0,"daimiel",12,8
"HydroRipVeg",16350,0,0,"daimiel",12,8
"MedSclF",623,0,0,"daimiel",12,8
"Reforestation",25,0,0,"daimiel",12,8
"RipF",1501,0,0,"daimiel",12,8
"WaterSurf",8869,0,0,"daimiel",12,8
"ArtSurf",247,0,0,"daimiel",12,9
"Crop",2273,0,0,"daimiel",12,9
"Dehesa",2601,0,0,"daimiel",12,9
"Grass",8172,0,0,"daimiel",12,9
"HaloVeg",2543,0,0,"daimiel",12,9
"HydroRipVeg",16350,0,0,"daimiel",12,9
"MedSclF",623,0,0,"daimiel",12,9
"Reforestation",25,0,0,"daimiel",12,9
"RipF",1501,0,0,"daimiel",12,9
"WaterSurf",8869,0,0,"daimiel",12,9
"ArtSurf",247,0,0,"daimiel",12,10
"Crop",2273,0,0,"daimiel",12,10
"Dehesa",2601,0,0,"daimiel",12,10
"Grass",8172,0,0,"daimiel",12,10
"HaloVeg",2543,0,0,"daimiel",12,10
"HydroRipVeg",16350,0,0,"daimiel",12,10
"MedSclF",623,0,0,"daimiel",12,10
"Reforestation",25,0,0,"daimiel",12,10
"RipF",1501,0,0,"daimiel",12,10
"WaterSurf",8869,0,0,"daimiel",12,10
"ArtSurf",247,0,0,"daimiel",12,11
"Crop",2273,0,0,"daimiel",12,11
"Dehesa",2601,0,0,"daimiel",12,11
"Grass",8172,0,0,"daimiel",12,11
"HaloVeg",2543,0,0,"daimiel",12,11
"HydroRipVeg",16350,0,0,"daimiel",12,11
"MedSclF",623,0,0,"daimiel",12,11
"Reforestation",25,0,0,"daimiel",12,11
"RipF",1501,0,0,"daimiel",12,11
"WaterSurf",8869,0,0,"daimiel",12,11
"ArtSurf",247,0,0,"daimiel",12,12
"Crop",2273,0,0,"daimiel",12,12
"Dehesa",2601,0,0,"daimiel",12,12
"Grass",8172,0,0,"daimiel",12,12
"HaloVeg",2543,0,0,"daimiel",12,12
"HydroRipVeg",16350,0,0,"daimiel",12,12
"MedSclF",623,0,0,"daimiel",12,12
"Reforestation",25,0,0,"daimiel",12,12
"RipF",1501,0,0,"daimiel",12,12
"WaterSurf",8869,0,0,"daimiel",12,12
"ArtSurf",12613,0,0,"donana",1,1
"BareArea",6426,0,0,"donana",1,1
"DuneSand",52133,0,0,"donana",1,1
"Grass",23898,0,0,"donana",1,1
"HydroRipVeg",39646,0,0,"donana",1,1
"MedConF",76259,0,0,"donana",1,1
"MedSclF",6483,0,0,"donana",1,1
"MedScrub",129201,0,0,"donana",1,1
"Reforestation",2747,0,0,"donana",1,1
"RipF",418,0,0,"donana",1,1
"SaltMar",344960,0,0,"donana",1,1
"Shrub",6017,0,0,"donana",1,1
"WaterSurf",41748,0,0,"donana",1,1
"ArtSurf",12613,0,0,"donana",1,2
"BareArea",6426,0,0,"donana",1,2
"DuneSand",52133,0,0,"donana",1,2
"Grass",23898,0,0,"donana",1,2
"HydroRipVeg",39646,0,0,"donana",1,2
"MedConF",76259,0,0,"donana",1,2
"MedSclF",6483,0,0,"donana",1,2
"MedScrub",129201,0,0,"donana",1,2
"Reforestation",2747,0,0,"donana",1,2
"RipF",418,0,0,"donana",1,2
"SaltMar",344960,0,0,"donana",1,2
"Shrub",6017,0,0,"donana",1,2
"WaterSurf",41748,0,0,"donana",1,2
"ArtSurf",12613,0,0,"donana",1,3
"BareArea",6426,0,0,"donana",1,3
"DuneSand",52133,0,0,"donana",1,3
"Grass",23898,0,0,"donana",1,3
"HydroRipVeg",39646,0,0,"donana",1,3
"MedConF",76259,0,0,"donana",1,3
"MedSclF",6483,0,0,"donana",1,3
"MedScrub",129201,0,0,"donana",1,3
"Reforestation",2747,0,0,"donana",1,3
"RipF",418,0,0,"donana",1,3
"SaltMar",344960,0,0,"donana",1,3
"Shrub",6017,0,0,"donana",1,3
"WaterSurf",41748,0,0,"donana",1,3
"ArtSurf",12613,0,0,"donana",1,4
"BareArea",6426,0,0,"donana",1,4
"DuneSand",52133,0,0,"donana",1,4
"Grass",23898,0,0,"donana",1,4
"HydroRipVeg",39646,0,0,"donana",1,4
"MedConF",76259,0,0,"donana",1,4
"MedSclF",6483,0,0,"donana",1,4
"MedScrub",129201,0,0,"donana",1,4
"Reforestation",2747,0,0,"donana",1,4
"RipF",418,0,0,"donana",1,4
"SaltMar",344960,0,0,"donana",1,4
"Shrub",6017,0,0,"donana",1,4
"WaterSurf",41748,0,0,"donana",1,4
"ArtSurf",12613,0,0,"donana",1,5
"BareArea",6426,0,0,"donana",1,5
"DuneSand",52133,0,0,"donana",1,5
"Grass",23898,0,0,"donana",1,5
"HydroRipVeg",39646,0,0,"donana",1,5
"MedConF",76259,0,0,"donana",1,5
"MedSclF",6483,0,0,"donana",1,5
"MedScrub",129201,0,0,"donana",1,5
"Reforestation",2747,0,0,"donana",1,5
"RipF",418,0,0,"donana",1,5
"SaltMar",344960,0,0,"donana",1,5
"Shrub",6017,0,0,"donana",1,5
"WaterSurf",41748,0,0,"donana",1,5
"ArtSurf",12613,0,0,"donana",1,6
"BareArea",6426,0,0,"donana",1,6
"DuneSand",52133,0,0,"donana",1,6
"Grass",23898,0,0,"donana",1,6
"HydroRipVeg",39646,0,0,"donana",1,6
"MedConF",76259,0,0,"donana",1,6
"MedSclF",6483,0,0,"donana",1,6
"MedScrub",129201,0,0,"donana",1,6
"Reforestation",2747,0,0,"donana",1,6
"RipF",418,0,0,"donana",1,6
"SaltMar",344960,0,0,"donana",1,6
"Shrub",6017,0,0,"donana",1,6
"WaterSurf",41748,0,0,"donana",1,6
"ArtSurf",12613,0,0,"donana",1,7
"BareArea",6426,0,0,"donana",1,7
"DuneSand",52133,0,0,"donana",1,7
"Grass",23898,0,0,"donana",1,7
"HydroRipVeg",39646,0,0,"donana",1,7
"MedConF",76259,0,0,"donana",1,7
"MedSclF",6483,0,0,"donana",1,7
"MedScrub",129201,0,0,"donana",1,7
"Reforestation",2747,0,0,"donana",1,7
"RipF",418,0,0,"donana",1,7
"SaltMar",344960,0,0,"donana",1,7
"Shrub",6017,0,0,"donana",1,7
"WaterSurf",41748,0,0,"donana",1,7
"ArtSurf",12613,0,0,"donana",1,8
"BareArea",6426,0,0,"donana",1,8
"DuneSand",52133,0,0,"donana",1,8
"Grass",23898,0,0,"donana",1,8
"HydroRipVeg",39646,0,0,"donana",1,8
"MedConF",76259,0,0,"donana",1,8
"MedSclF",6483,0,0,"donana",1,8
"MedScrub",129201,0,0,"donana",1,8
"Reforestation",2747,0,0,"donana",1,8
"RipF",418,0,0,"donana",1,8
"SaltMar",344960,0,0,"donana",1,8
"Shrub",6017,0,0,"donana",1,8
"WaterSurf",41748,0,0,"donana",1,8
"ArtSurf",12613,2180,17.28,"donana",1,9
"BareArea",6426,717,11.16,"donana",1,9
"DuneSand",52133,7795,14.95,"donana",1,9
"Grass",23898,1995,8.35,"donana",1,9
"HydroRipVeg",39646,8711,21.97,"donana",1,9
"MedConF",76259,2815,3.69,"donana",1,9
"MedSclF",6483,69,1.06,"donana",1,9
"MedScrub",129201,7237,5.6,"donana",1,9
"Reforestation",2747,142,5.17,"donana",1,9
"RipF",418,59,14.11,"donana",1,9
"SaltMar",344960,25641,7.43,"donana",1,9
"Shrub",6017,132,2.19,"donana",1,9
"WaterSurf",41748,2163,5.18,"donana",1,9
"ArtSurf",12613,0,0,"donana",1,10
"BareArea",6426,0,0,"donana",1,10
"DuneSand",52133,0,0,"donana",1,10
"Grass",23898,0,0,"donana",1,10
"HydroRipVeg",39646,0,0,"donana",1,10
"MedConF",76259,0,0,"donana",1,10
"MedSclF",6483,0,0,"donana",1,10
"MedScrub",129201,0,0,"donana",1,10
"Reforestation",2747,0,0,"donana",1,10
"RipF",418,0,0,"donana",1,10
"SaltMar",344960,0,0,"donana",1,10
"Shrub",6017,0,0,"donana",1,10
"WaterSurf",41748,0,0,"donana",1,10
"ArtSurf",12613,0,0,"donana",1,11
"BareArea",6426,0,0,"donana",1,11
"DuneSand",52133,0,0,"donana",1,11
"Grass",23898,0,0,"donana",1,11
"HydroRipVeg",39646,0,0,"donana",1,11
"MedConF",76259,0,0,"donana",1,11
"MedSclF",6483,0,0,"donana",1,11
"MedScrub",129201,0,0,"donana",1,11
"Reforestation",2747,0,0,"donana",1,11
"RipF",418,0,0,"donana",1,11
"SaltMar",344960,0,0,"donana",1,11
"Shrub",6017,0,0,"donana",1,11
"WaterSurf",41748,0,0,"donana",1,11
"ArtSurf",12613,0,0,"donana",1,12
"BareArea",6426,0,0,"donana",1,12
"DuneSand",52133,0,0,"donana",1,12
"Grass",23898,0,0,"donana",1,12
"HydroRipVeg",39646,0,0,"donana",1,12
"MedConF",76259,0,0,"donana",1,12
"MedSclF",6483,0,0,"donana",1,12
"MedScrub",129201,0,0,"donana",1,12
"Reforestation",2747,0,0,"donana",1,12
"RipF",418,0,0,"donana",1,12
"SaltMar",344960,0,0,"donana",1,12
"Shrub",6017,0,0,"donana",1,12
"WaterSurf",41748,0,0,"donana",1,12
"ArtSurf",12613,0,0,"donana",3,1
"BareArea",6426,0,0,"donana",3,1
"DuneSand",52133,0,0,"donana",3,1
"Grass",23898,0,0,"donana",3,1
"HydroRipVeg",39646,0,0,"donana",3,1
"MedConF",76259,0,0,"donana",3,1
"MedSclF",6483,0,0,"donana",3,1
"MedScrub",129201,0,0,"donana",3,1
"Reforestation",2747,0,0,"donana",3,1
"RipF",418,0,0,"donana",3,1
"SaltMar",344960,0,0,"donana",3,1
"Shrub",6017,0,0,"donana",3,1
"WaterSurf",41748,0,0,"donana",3,1
"ArtSurf",12613,0,0,"donana",3,2
"BareArea",6426,0,0,"donana",3,2
"DuneSand",52133,0,0,"donana",3,2
"Grass",23898,0,0,"donana",3,2
"HydroRipVeg",39646,0,0,"donana",3,2
"MedConF",76259,0,0,"donana",3,2
"MedSclF",6483,0,0,"donana",3,2
"MedScrub",129201,0,0,"donana",3,2
"Reforestation",2747,0,0,"donana",3,2
"RipF",418,0,0,"donana",3,2
"SaltMar",344960,0,0,"donana",3,2
"Shrub",6017,0,0,"donana",3,2
"WaterSurf",41748,0,0,"donana",3,2
"ArtSurf",12613,0,0,"donana",3,3
"BareArea",6426,0,0,"donana",3,3
"DuneSand",52133,0,0,"donana",3,3
"Grass",23898,0,0,"donana",3,3
"HydroRipVeg",39646,0,0,"donana",3,3
"MedConF",76259,0,0,"donana",3,3
"MedSclF",6483,0,0,"donana",3,3
"MedScrub",129201,0,0,"donana",3,3
"Reforestation",2747,0,0,"donana",3,3
"RipF",418,0,0,"donana",3,3
"SaltMar",344960,0,0,"donana",3,3
"Shrub",6017,0,0,"donana",3,3
"WaterSurf",41748,0,0,"donana",3,3
"ArtSurf",12613,0,0,"donana",3,4
"BareArea",6426,0,0,"donana",3,4
"DuneSand",52133,0,0,"donana",3,4
"Grass",23898,0,0,"donana",3,4
"HydroRipVeg",39646,0,0,"donana",3,4
"MedConF",76259,0,0,"donana",3,4
"MedSclF",6483,0,0,"donana",3,4
"MedScrub",129201,0,0,"donana",3,4
"Reforestation",2747,0,0,"donana",3,4
"RipF",418,0,0,"donana",3,4
"SaltMar",344960,0,0,"donana",3,4
"Shrub",6017,0,0,"donana",3,4
"WaterSurf",41748,0,0,"donana",3,4
"ArtSurf",12613,0,0,"donana",3,5
"BareArea",6426,0,0,"donana",3,5
"DuneSand",52133,0,0,"donana",3,5
"Grass",23898,0,0,"donana",3,5
"HydroRipVeg",39646,0,0,"donana",3,5
"MedConF",76259,0,0,"donana",3,5
"MedSclF",6483,0,0,"donana",3,5
"MedScrub",129201,0,0,"donana",3,5
"Reforestation",2747,0,0,"donana",3,5
"RipF",418,0,0,"donana",3,5
"SaltMar",344960,0,0,"donana",3,5
"Shrub",6017,0,0,"donana",3,5
"WaterSurf",41748,0,0,"donana",3,5
"ArtSurf",12613,0,0,"donana",3,6
"BareArea",6426,0,0,"donana",3,6
"DuneSand",52133,0,0,"donana",3,6
"Grass",23898,0,0,"donana",3,6
"HydroRipVeg",39646,0,0,"donana",3,6
"MedConF",76259,0,0,"donana",3,6
"MedSclF",6483,0,0,"donana",3,6
"MedScrub",129201,0,0,"donana",3,6
"Reforestation",2747,0,0,"donana",3,6
"RipF",418,0,0,"donana",3,6
"SaltMar",344960,0,0,"donana",3,6
"Shrub",6017,0,0,"donana",3,6
"WaterSurf",41748,0,0,"donana",3,6
"ArtSurf",12613,0,0,"donana",3,7
"BareArea",6426,0,0,"donana",3,7
"DuneSand",52133,0,0,"donana",3,7
"Grass",23898,0,0,"donana",3,7
"HydroRipVeg",39646,0,0,"donana",3,7
"MedConF",76259,0,0,"donana",3,7
"MedSclF",6483,0,0,"donana",3,7
"MedScrub",129201,0,0,"donana",3,7
"Reforestation",2747,0,0,"donana",3,7
"RipF",418,0,0,"donana",3,7
"SaltMar",344960,0,0,"donana",3,7
"Shrub",6017,0,0,"donana",3,7
"WaterSurf",41748,0,0,"donana",3,7
"ArtSurf",12613,0,0,"donana",3,8
"BareArea",6426,0,0,"donana",3,8
"DuneSand",52133,0,0,"donana",3,8
"Grass",23898,0,0,"donana",3,8
"HydroRipVeg",39646,0,0,"donana",3,8
"MedConF",76259,0,0,"donana",3,8
"MedSclF",6483,0,0,"donana",3,8
"MedScrub",129201,0,0,"donana",3,8
"Reforestation",2747,0,0,"donana",3,8
"RipF",418,0,0,"donana",3,8
"SaltMar",344960,0,0,"donana",3,8
"Shrub",6017,0,0,"donana",3,8
"WaterSurf",41748,0,0,"donana",3,8
"ArtSurf",12613,462,3.66,"donana",3,9
"BareArea",6426,402,6.26,"donana",3,9
"DuneSand",52133,5697,10.93,"donana",3,9
"Grass",23898,309,1.29,"donana",3,9
"HydroRipVeg",39646,3339,8.42,"donana",3,9
"MedConF",76259,608,0.8,"donana",3,9
"MedSclF",6483,5,0.08,"donana",3,9
"MedScrub",129201,1838,1.42,"donana",3,9
"Reforestation",2747,10,0.36,"donana",3,9
"RipF",418,34,8.13,"donana",3,9
"SaltMar",344960,4178,1.21,"donana",3,9
"Shrub",6017,1,0.02,"donana",3,9
"WaterSurf",41748,611,1.46,"donana",3,9
"ArtSurf",12613,0,0,"donana",3,10
"BareArea",6426,18,0.28,"donana",3,10
"DuneSand",52133,3,0.01,"donana",3,10
"Grass",23898,5,0.02,"donana",3,10
"HydroRipVeg",39646,192,0.48,"donana",3,10
"MedConF",76259,0,0,"donana",3,10
"MedSclF",6483,0,0,"donana",3,10
"MedScrub",129201,1,0,"donana",3,10
"Reforestation",2747,0,0,"donana",3,10
"RipF",418,0,0,"donana",3,10
"SaltMar",344960,598,0.17,"donana",3,10
"Shrub",6017,0,0,"donana",3,10
"WaterSurf",41748,16,0.04,"donana",3,10
"ArtSurf",12613,0,0,"donana",3,11
"BareArea",6426,0,0,"donana",3,11
"DuneSand",52133,0,0,"donana",3,11
"Grass",23898,0,0,"donana",3,11
"HydroRipVeg",39646,0,0,"donana",3,11
"MedConF",76259,0,0,"donana",3,11
"MedSclF",6483,0,0,"donana",3,11
"MedScrub",129201,0,0,"donana",3,11
"Reforestation",2747,0,0,"donana",3,11
"RipF",418,0,0,"donana",3,11
"SaltMar",344960,0,0,"donana",3,11
"Shrub",6017,0,0,"donana",3,11
"WaterSurf",41748,0,0,"donana",3,11
"ArtSurf",12613,0,0,"donana",3,12
"BareArea",6426,0,0,"donana",3,12
"DuneSand",52133,0,0,"donana",3,12
"Grass",23898,0,0,"donana",3,12
"HydroRipVeg",39646,0,0,"donana",3,12
"MedConF",76259,0,0,"donana",3,12
"MedSclF",6483,0,0,"donana",3,12
"MedScrub",129201,0,0,"donana",3,12
"Reforestation",2747,0,0,"donana",3,12
"RipF",418,0,0,"donana",3,12
"SaltMar",344960,0,0,"donana",3,12
"Shrub",6017,0,0,"donana",3,12
"WaterSurf",41748,0,0,"donana",3,12
"ArtSurf",12613,0,0,"donana",6,1
"BareArea",6426,0,0,"donana",6,1
"DuneSand",52133,0,0,"donana",6,1
"Grass",23898,0,0,"donana",6,1
"HydroRipVeg",39646,0,0,"donana",6,1
"MedConF",76259,0,0,"donana",6,1
"MedSclF",6483,0,0,"donana",6,1
"MedScrub",129201,0,0,"donana",6,1
"Reforestation",2747,0,0,"donana",6,1
"RipF",418,0,0,"donana",6,1
"SaltMar",344960,0,0,"donana",6,1
"Shrub",6017,0,0,"donana",6,1
"WaterSurf",41748,0,0,"donana",6,1
"ArtSurf",12613,0,0,"donana",6,2
"BareArea",6426,0,0,"donana",6,2
"DuneSand",52133,0,0,"donana",6,2
"Grass",23898,0,0,"donana",6,2
"HydroRipVeg",39646,0,0,"donana",6,2
"MedConF",76259,0,0,"donana",6,2
"MedSclF",6483,0,0,"donana",6,2
"MedScrub",129201,0,0,"donana",6,2
"Reforestation",2747,0,0,"donana",6,2
"RipF",418,0,0,"donana",6,2
"SaltMar",344960,0,0,"donana",6,2
"Shrub",6017,0,0,"donana",6,2
"WaterSurf",41748,0,0,"donana",6,2
"ArtSurf",12613,0,0,"donana",6,3
"BareArea",6426,0,0,"donana",6,3
"DuneSand",52133,0,0,"donana",6,3
"Grass",23898,0,0,"donana",6,3
"HydroRipVeg",39646,0,0,"donana",6,3
"MedConF",76259,0,0,"donana",6,3
"MedSclF",6483,0,0,"donana",6,3
"MedScrub",129201,0,0,"donana",6,3
"Reforestation",2747,0,0,"donana",6,3
"RipF",418,0,0,"donana",6,3
"SaltMar",344960,0,0,"donana",6,3
"Shrub",6017,0,0,"donana",6,3
"WaterSurf",41748,0,0,"donana",6,3
"ArtSurf",12613,13,0.1,"donana",6,4
"BareArea",6426,354,5.51,"donana",6,4
"DuneSand",52133,1233,2.37,"donana",6,4
"Grass",23898,2,0.01,"donana",6,4
"HydroRipVeg",39646,282,0.71,"donana",6,4
"MedConF",76259,209,0.27,"donana",6,4
"MedSclF",6483,0,0,"donana",6,4
"MedScrub",129201,152,0.12,"donana",6,4
"Reforestation",2747,0,0,"donana",6,4
"RipF",418,0,0,"donana",6,4
"SaltMar",344960,2914,0.84,"donana",6,4
"Shrub",6017,0,0,"donana",6,4
"WaterSurf",41748,16811,40.27,"donana",6,4
"ArtSurf",12613,0,0,"donana",6,5
"BareArea",6426,0,0,"donana",6,5
"DuneSand",52133,0,0,"donana",6,5
"Grass",23898,0,0,"donana",6,5
"HydroRipVeg",39646,0,0,"donana",6,5
"MedConF",76259,0,0,"donana",6,5
"MedSclF",6483,0,0,"donana",6,5
"MedScrub",129201,0,0,"donana",6,5
"Reforestation",2747,0,0,"donana",6,5
"RipF",418,0,0,"donana",6,5
"SaltMar",344960,0,0,"donana",6,5
"Shrub",6017,0,0,"donana",6,5
"WaterSurf",41748,0,0,"donana",6,5
"ArtSurf",12613,0,0,"donana",6,6
"BareArea",6426,0,0,"donana",6,6
"DuneSand",52133,0,0,"donana",6,6
"Grass",23898,0,0,"donana",6,6
"HydroRipVeg",39646,0,0,"donana",6,6
"MedConF",76259,0,0,"donana",6,6
"MedSclF",6483,0,0,"donana",6,6
"MedScrub",129201,0,0,"donana",6,6
"Reforestation",2747,0,0,"donana",6,6
"RipF",418,0,0,"donana",6,6
"SaltMar",344960,0,0,"donana",6,6
"Shrub",6017,0,0,"donana",6,6
"WaterSurf",41748,0,0,"donana",6,6
"ArtSurf",12613,0,0,"donana",6,7
"BareArea",6426,0,0,"donana",6,7
"DuneSand",52133,0,0,"donana",6,7
"Grass",23898,0,0,"donana",6,7
"HydroRipVeg",39646,0,0,"donana",6,7
"MedConF",76259,0,0,"donana",6,7
"MedSclF",6483,0,0,"donana",6,7
"MedScrub",129201,0,0,"donana",6,7
"Reforestation",2747,0,0,"donana",6,7
"RipF",418,0,0,"donana",6,7
"SaltMar",344960,0,0,"donana",6,7
"Shrub",6017,0,0,"donana",6,7
"WaterSurf",41748,0,0,"donana",6,7
"ArtSurf",12613,0,0,"donana",6,8
"BareArea",6426,0,0,"donana",6,8
"DuneSand",52133,0,0,"donana",6,8
"Grass",23898,0,0,"donana",6,8
"HydroRipVeg",39646,0,0,"donana",6,8
"MedConF",76259,0,0,"donana",6,8
"MedSclF",6483,0,0,"donana",6,8
"MedScrub",129201,0,0,"donana",6,8
"Reforestation",2747,0,0,"donana",6,8
"RipF",418,0,0,"donana",6,8
"SaltMar",344960,0,0,"donana",6,8
"Shrub",6017,0,0,"donana",6,8
"WaterSurf",41748,0,0,"donana",6,8
"ArtSurf",12613,0,0,"donana",6,9
"BareArea",6426,0,0,"donana",6,9
"DuneSand",52133,0,0,"donana",6,9
"Grass",23898,0,0,"donana",6,9
"HydroRipVeg",39646,0,0,"donana",6,9
"MedConF",76259,0,0,"donana",6,9
"MedSclF",6483,0,0,"donana",6,9
"MedScrub",129201,0,0,"donana",6,9
"Reforestation",2747,0,0,"donana",6,9
"RipF",418,0,0,"donana",6,9
"SaltMar",344960,0,0,"donana",6,9
"Shrub",6017,0,0,"donana",6,9
"WaterSurf",41748,0,0,"donana",6,9
"ArtSurf",12613,0,0,"donana",6,10
"BareArea",6426,0,0,"donana",6,10
"DuneSand",52133,0,0,"donana",6,10
"Grass",23898,0,0,"donana",6,10
"HydroRipVeg",39646,0,0,"donana",6,10
"MedConF",76259,0,0,"donana",6,10
"MedSclF",6483,0,0,"donana",6,10
"MedScrub",129201,0,0,"donana",6,10
"Reforestation",2747,0,0,"donana",6,10
"RipF",418,0,0,"donana",6,10
"SaltMar",344960,0,0,"donana",6,10
"Shrub",6017,0,0,"donana",6,10
"WaterSurf",41748,0,0,"donana",6,10
"ArtSurf",12613,0,0,"donana",6,11
"BareArea",6426,0,0,"donana",6,11
"DuneSand",52133,0,0,"donana",6,11
"Grass",23898,0,0,"donana",6,11
"HydroRipVeg",39646,0,0,"donana",6,11
"MedConF",76259,0,0,"donana",6,11
"MedSclF",6483,0,0,"donana",6,11
"MedScrub",129201,0,0,"donana",6,11
"Reforestation",2747,0,0,"donana",6,11
"RipF",418,0,0,"donana",6,11
"SaltMar",344960,0,0,"donana",6,11
"Shrub",6017,0,0,"donana",6,11
"WaterSurf",41748,0,0,"donana",6,11
"ArtSurf",12613,0,0,"donana",6,12
"BareArea",6426,0,0,"donana",6,12
"DuneSand",52133,0,0,"donana",6,12
"Grass",23898,0,0,"donana",6,12
"HydroRipVeg",39646,0,0,"donana",6,12
"MedConF",76259,0,0,"donana",6,12
"MedSclF",6483,0,0,"donana",6,12
"MedScrub",129201,0,0,"donana",6,12
"Reforestation",2747,0,0,"donana",6,12
"RipF",418,0,0,"donana",6,12
"SaltMar",344960,0,0,"donana",6,12
"Shrub",6017,0,0,"donana",6,12
"WaterSurf",41748,0,0,"donana",6,12
"ArtSurf",12613,0,0,"donana",9,1
"BareArea",6426,0,0,"donana",9,1
"DuneSand",52133,0,0,"donana",9,1
"Grass",23898,0,0,"donana",9,1
"HydroRipVeg",39646,0,0,"donana",9,1
"MedConF",76259,0,0,"donana",9,1
"MedSclF",6483,0,0,"donana",9,1
"MedScrub",129201,0,0,"donana",9,1
"Reforestation",2747,0,0,"donana",9,1
"RipF",418,0,0,"donana",9,1
"SaltMar",344960,0,0,"donana",9,1
"Shrub",6017,0,0,"donana",9,1
"WaterSurf",41748,0,0,"donana",9,1
"ArtSurf",12613,0,0,"donana",9,2
"BareArea",6426,0,0,"donana",9,2
"DuneSand",52133,0,0,"donana",9,2
"Grass",23898,0,0,"donana",9,2
"HydroRipVeg",39646,0,0,"donana",9,2
"MedConF",76259,0,0,"donana",9,2
"MedSclF",6483,0,0,"donana",9,2
"MedScrub",129201,0,0,"donana",9,2
"Reforestation",2747,0,0,"donana",9,2
"RipF",418,0,0,"donana",9,2
"SaltMar",344960,0,0,"donana",9,2
"Shrub",6017,0,0,"donana",9,2
"WaterSurf",41748,0,0,"donana",9,2
"ArtSurf",12613,0,0,"donana",9,3
"BareArea",6426,0,0,"donana",9,3
"DuneSand",52133,0,0,"donana",9,3
"Grass",23898,0,0,"donana",9,3
"HydroRipVeg",39646,0,0,"donana",9,3
"MedConF",76259,0,0,"donana",9,3
"MedSclF",6483,0,0,"donana",9,3
"MedScrub",129201,0,0,"donana",9,3
"Reforestation",2747,0,0,"donana",9,3
"RipF",418,0,0,"donana",9,3
"SaltMar",344960,0,0,"donana",9,3
"Shrub",6017,0,0,"donana",9,3
"WaterSurf",41748,0,0,"donana",9,3
"ArtSurf",12613,7,0.06,"donana",9,4
"BareArea",6426,112,1.74,"donana",9,4
"DuneSand",52133,315,0.6,"donana",9,4
"Grass",23898,0,0,"donana",9,4
"HydroRipVeg",39646,71,0.18,"donana",9,4
"MedConF",76259,81,0.11,"donana",9,4
"MedSclF",6483,0,0,"donana",9,4
"MedScrub",129201,49,0.04,"donana",9,4
"Reforestation",2747,0,0,"donana",9,4
"RipF",418,0,0,"donana",9,4
"SaltMar",344960,370,0.11,"donana",9,4
"Shrub",6017,0,0,"donana",9,4
"WaterSurf",41748,486,1.16,"donana",9,4
"ArtSurf",12613,0,0,"donana",9,5
"BareArea",6426,0,0,"donana",9,5
"DuneSand",52133,0,0,"donana",9,5
"Grass",23898,0,0,"donana",9,5
"HydroRipVeg",39646,0,0,"donana",9,5
"MedConF",76259,0,0,"donana",9,5
"MedSclF",6483,0,0,"donana",9,5
"MedScrub",129201,0,0,"donana",9,5
"Reforestation",2747,0,0,"donana",9,5
"RipF",418,0,0,"donana",9,5
"SaltMar",344960,0,0,"donana",9,5
"Shrub",6017,0,0,"donana",9,5
"WaterSurf",41748,0,0,"donana",9,5
"ArtSurf",12613,0,0,"donana",9,6
"BareArea",6426,0,0,"donana",9,6
"DuneSand",52133,0,0,"donana",9,6
"Grass",23898,0,0,"donana",9,6
"HydroRipVeg",39646,0,0,"donana",9,6
"MedConF",76259,0,0,"donana",9,6
"MedSclF",6483,0,0,"donana",9,6
"MedScrub",129201,0,0,"donana",9,6
"Reforestation",2747,0,0,"donana",9,6
"RipF",418,0,0,"donana",9,6
"SaltMar",344960,0,0,"donana",9,6
"Shrub",6017,0,0,"donana",9,6
"WaterSurf",41748,0,0,"donana",9,6
"ArtSurf",12613,2,0.02,"donana",9,7
"BareArea",6426,100,1.56,"donana",9,7
"DuneSand",52133,83,0.16,"donana",9,7
"Grass",23898,0,0,"donana",9,7
"HydroRipVeg",39646,11,0.03,"donana",9,7
"MedConF",76259,7,0.01,"donana",9,7
"MedSclF",6483,0,0,"donana",9,7
"MedScrub",129201,21,0.02,"donana",9,7
"Reforestation",2747,0,0,"donana",9,7
"RipF",418,0,0,"donana",9,7
"SaltMar",344960,974,0.28,"donana",9,7
"Shrub",6017,0,0,"donana",9,7
"WaterSurf",41748,3690,8.84,"donana",9,7
"ArtSurf",12613,0,0,"donana",9,8
"BareArea",6426,0,0,"donana",9,8
"DuneSand",52133,0,0,"donana",9,8
"Grass",23898,0,0,"donana",9,8
"HydroRipVeg",39646,0,0,"donana",9,8
"MedConF",76259,0,0,"donana",9,8
"MedSclF",6483,0,0,"donana",9,8
"MedScrub",129201,0,0,"donana",9,8
"Reforestation",2747,0,0,"donana",9,8
"RipF",418,0,0,"donana",9,8
"SaltMar",344960,0,0,"donana",9,8
"Shrub",6017,0,0,"donana",9,8
"WaterSurf",41748,0,0,"donana",9,8
"ArtSurf",12613,0,0,"donana",9,9
"BareArea",6426,0,0,"donana",9,9
"DuneSand",52133,0,0,"donana",9,9
"Grass",23898,0,0,"donana",9,9
"HydroRipVeg",39646,0,0,"donana",9,9
"MedConF",76259,0,0,"donana",9,9
"MedSclF",6483,0,0,"donana",9,9
"MedScrub",129201,0,0,"donana",9,9
"Reforestation",2747,0,0,"donana",9,9
"RipF",418,0,0,"donana",9,9
"SaltMar",344960,0,0,"donana",9,9
"Shrub",6017,0,0,"donana",9,9
"WaterSurf",41748,0,0,"donana",9,9
"ArtSurf",12613,0,0,"donana",9,10
"BareArea",6426,0,0,"donana",9,10
"DuneSand",52133,0,0,"donana",9,10
"Grass",23898,0,0,"donana",9,10
"HydroRipVeg",39646,0,0,"donana",9,10
"MedConF",76259,0,0,"donana",9,10
"MedSclF",6483,0,0,"donana",9,10
"MedScrub",129201,0,0,"donana",9,10
"Reforestation",2747,0,0,"donana",9,10
"RipF",418,0,0,"donana",9,10
"SaltMar",344960,0,0,"donana",9,10
"Shrub",6017,0,0,"donana",9,10
"WaterSurf",41748,0,0,"donana",9,10
"ArtSurf",12613,0,0,"donana",9,11
"BareArea",6426,0,0,"donana",9,11
"DuneSand",52133,0,0,"donana",9,11
"Grass",23898,0,0,"donana",9,11
"HydroRipVeg",39646,0,0,"donana",9,11
"MedConF",76259,0,0,"donana",9,11
"MedSclF",6483,0,0,"donana",9,11
"MedScrub",129201,0,0,"donana",9,11
"Reforestation",2747,0,0,"donana",9,11
"RipF",418,0,0,"donana",9,11
"SaltMar",344960,0,0,"donana",9,11
"Shrub",6017,0,0,"donana",9,11
"WaterSurf",41748,0,0,"donana",9,11
"ArtSurf",12613,0,0,"donana",9,12
"BareArea",6426,0,0,"donana",9,12
"DuneSand",52133,0,0,"donana",9,12
"Grass",23898,0,0,"donana",9,12
"HydroRipVeg",39646,0,0,"donana",9,12
"MedConF",76259,0,0,"donana",9,12
"MedSclF",6483,0,0,"donana",9,12
"MedScrub",129201,0,0,"donana",9,12
"Reforestation",2747,0,0,"donana",9,12
"RipF",418,0,0,"donana",9,12
"SaltMar",344960,0,0,"donana",9,12
"Shrub",6017,0,0,"donana",9,12
"WaterSurf",41748,0,0,"donana",9,12
"ArtSurf",12613,0,0,"donana",12,1
"BareArea",6426,0,0,"donana",12,1
"DuneSand",52133,0,0,"donana",12,1
"Grass",23898,0,0,"donana",12,1
"HydroRipVeg",39646,0,0,"donana",12,1
"MedConF",76259,0,0,"donana",12,1
"MedSclF",6483,0,0,"donana",12,1
"MedScrub",129201,0,0,"donana",12,1
"Reforestation",2747,0,0,"donana",12,1
"RipF",418,0,0,"donana",12,1
"SaltMar",344960,0,0,"donana",12,1
"Shrub",6017,0,0,"donana",12,1
"WaterSurf",41748,0,0,"donana",12,1
"ArtSurf",12613,0,0,"donana",12,2
"BareArea",6426,0,0,"donana",12,2
"DuneSand",52133,0,0,"donana",12,2
"Grass",23898,0,0,"donana",12,2
"HydroRipVeg",39646,0,0,"donana",12,2
"MedConF",76259,0,0,"donana",12,2
"MedSclF",6483,0,0,"donana",12,2
"MedScrub",129201,0,0,"donana",12,2
"Reforestation",2747,0,0,"donana",12,2
"RipF",418,0,0,"donana",12,2
"SaltMar",344960,0,0,"donana",12,2
"Shrub",6017,0,0,"donana",12,2
"WaterSurf",41748,0,0,"donana",12,2
"ArtSurf",12613,0,0,"donana",12,3
"BareArea",6426,0,0,"donana",12,3
"DuneSand",52133,0,0,"donana",12,3
"Grass",23898,0,0,"donana",12,3
"HydroRipVeg",39646,0,0,"donana",12,3
"MedConF",76259,0,0,"donana",12,3
"MedSclF",6483,0,0,"donana",12,3
"MedScrub",129201,0,0,"donana",12,3
"Reforestation",2747,0,0,"donana",12,3
"RipF",418,0,0,"donana",12,3
"SaltMar",344960,0,0,"donana",12,3
"Shrub",6017,0,0,"donana",12,3
"WaterSurf",41748,0,0,"donana",12,3
"ArtSurf",12613,0,0,"donana",12,4
"BareArea",6426,0,0,"donana",12,4
"DuneSand",52133,0,0,"donana",12,4
"Grass",23898,0,0,"donana",12,4
"HydroRipVeg",39646,0,0,"donana",12,4
"MedConF",76259,0,0,"donana",12,4
"MedSclF",6483,0,0,"donana",12,4
"MedScrub",129201,0,0,"donana",12,4
"Reforestation",2747,0,0,"donana",12,4
"RipF",418,0,0,"donana",12,4
"SaltMar",344960,0,0,"donana",12,4
"Shrub",6017,0,0,"donana",12,4
"WaterSurf",41748,0,0,"donana",12,4
"ArtSurf",12613,2,0.02,"donana",12,5
"BareArea",6426,64,1,"donana",12,5
"DuneSand",52133,4791,9.19,"donana",12,5
"Grass",23898,4,0.02,"donana",12,5
"HydroRipVeg",39646,23,0.06,"donana",12,5
"MedConF",76259,100,0.13,"donana",12,5
"MedSclF",6483,0,0,"donana",12,5
"MedScrub",129201,25,0.02,"donana",12,5
"Reforestation",2747,0,0,"donana",12,5
"RipF",418,1,0.24,"donana",12,5
"SaltMar",344960,11,0,"donana",12,5
"Shrub",6017,0,0,"donana",12,5
"WaterSurf",41748,175,0.42,"donana",12,5
"ArtSurf",12613,0,0,"donana",12,6
"BareArea",6426,0,0,"donana",12,6
"DuneSand",52133,0,0,"donana",12,6
"Grass",23898,0,0,"donana",12,6
"HydroRipVeg",39646,0,0,"donana",12,6
"MedConF",76259,0,0,"donana",12,6
"MedSclF",6483,0,0,"donana",12,6
"MedScrub",129201,0,0,"donana",12,6
"Reforestation",2747,0,0,"donana",12,6
"RipF",418,0,0,"donana",12,6
"SaltMar",344960,0,0,"donana",12,6
"Shrub",6017,0,0,"donana",12,6
"WaterSurf",41748,0,0,"donana",12,6
"ArtSurf",12613,0,0,"donana",12,7
"BareArea",6426,0,0,"donana",12,7
"DuneSand",52133,0,0,"donana",12,7
"Grass",23898,0,0,"donana",12,7
"HydroRipVeg",39646,0,0,"donana",12,7
"MedConF",76259,0,0,"donana",12,7
"MedSclF",6483,0,0,"donana",12,7
"MedScrub",129201,0,0,"donana",12,7
"Reforestation",2747,0,0,"donana",12,7
"RipF",418,0,0,"donana",12,7
"SaltMar",344960,0,0,"donana",12,7
"Shrub",6017,0,0,"donana",12,7
"WaterSurf",41748,0,0,"donana",12,7
"ArtSurf",12613,0,0,"donana",12,8
"BareArea",6426,3,0.05,"donana",12,8
"DuneSand",52133,5,0.01,"donana",12,8
"Grass",23898,0,0,"donana",12,8
"HydroRipVeg",39646,0,0,"donana",12,8
"MedConF",76259,0,0,"donana",12,8
"MedSclF",6483,0,0,"donana",12,8
"MedScrub",129201,6,0,"donana",12,8
"Reforestation",2747,0,0,"donana",12,8
"RipF",418,0,0,"donana",12,8
"SaltMar",344960,2,0,"donana",12,8
"Shrub",6017,0,0,"donana",12,8
"WaterSurf",41748,4,0.01,"donana",12,8
"ArtSurf",12613,0,0,"donana",12,9
"BareArea",6426,4,0.06,"donana",12,9
"DuneSand",52133,188,0.36,"donana",12,9
"Grass",23898,0,0,"donana",12,9
"HydroRipVeg",39646,0,0,"donana",12,9
"MedConF",76259,18,0.02,"donana",12,9
"MedSclF",6483,0,0,"donana",12,9
"MedScrub",129201,4,0,"donana",12,9
"Reforestation",2747,0,0,"donana",12,9
"RipF",418,0,0,"donana",12,9
"SaltMar",344960,9,0,"donana",12,9
"Shrub",6017,0,0,"donana",12,9
"WaterSurf",41748,137,0.33,"donana",12,9
"ArtSurf",12613,0,0,"donana",12,10
"BareArea",6426,0,0,"donana",12,10
"DuneSand",52133,0,0,"donana",12,10
"Grass",23898,0,0,"donana",12,10
"HydroRipVeg",39646,0,0,"donana",12,10
"MedConF",76259,0,0,"donana",12,10
"MedSclF",6483,0,0,"donana",12,10
"MedScrub",129201,0,0,"donana",12,10
"Reforestation",2747,0,0,"donana",12,10
"RipF",418,0,0,"donana",12,10
"SaltMar",344960,0,0,"donana",12,10
"Shrub",6017,0,0,"donana",12,10
"WaterSurf",41748,0,0,"donana",12,10
"ArtSurf",12613,0,0,"donana",12,11
"BareArea",6426,0,0,"donana",12,11
"DuneSand",52133,0,0,"donana",12,11
"Grass",23898,0,0,"donana",12,11
"HydroRipVeg",39646,0,0,"donana",12,11
"MedConF",76259,0,0,"donana",12,11
"MedSclF",6483,0,0,"donana",12,11
"MedScrub",129201,0,0,"donana",12,11
"Reforestation",2747,0,0,"donana",12,11
"RipF",418,0,0,"donana",12,11
"SaltMar",344960,0,0,"donana",12,11
"Shrub",6017,0,0,"donana",12,11
"WaterSurf",41748,0,0,"donana",12,11
"ArtSurf",12613,0,0,"donana",12,12
"BareArea",6426,0,0,"donana",12,12
"DuneSand",52133,0,0,"donana",12,12
"Grass",23898,0,0,"donana",12,12
"HydroRipVeg",39646,0,0,"donana",12,12
"MedConF",76259,0,0,"donana",12,12
"MedSclF",6483,0,0,"donana",12,12
"MedScrub",129201,0,0,"donana",12,12
"Reforestation",2747,0,0,"donana",12,12
"RipF",418,0,0,"donana",12,12
"SaltMar",344960,0,0,"donana",12,12
"Shrub",6017,0,0,"donana",12,12
"WaterSurf",41748,0,0,"donana",12,12
"AlpConF",129960,5767,4.44,"guadarrama",1,1
"AlpScrGr",172894,15259,8.83,"guadarrama",1,1
"ArtSurf",1490,72,4.83,"guadarrama",1,1
"Grass",7028,308,4.38,"guadarrama",1,1
"MedSclF",3280,72,2.2,"guadarrama",1,1
"MedScrub",38947,1298,3.33,"guadarrama",1,1
"Peatland",229,3,1.31,"guadarrama",1,1
"Reforestation",88147,2824,3.2,"guadarrama",1,1
"RipF",529,4,0.76,"guadarrama",1,1
"RockScreeVeg",46691,2406,5.15,"guadarrama",1,1
"SMedMarF",5314,80,1.51,"guadarrama",1,1
"Shrub",3703,68,1.84,"guadarrama",1,1
"TempDecF",1436,10,0.7,"guadarrama",1,1
"WaterSurf",30,0,0,"guadarrama",1,1
"AlpConF",129960,19329,14.87,"guadarrama",1,2
"AlpScrGr",172894,45588,26.37,"guadarrama",1,2
"ArtSurf",1490,189,12.68,"guadarrama",1,2
"Grass",7028,1538,21.88,"guadarrama",1,2
"MedSclF",3280,188,5.73,"guadarrama",1,2
"MedScrub",38947,1709,4.39,"guadarrama",1,2
"Peatland",229,47,20.52,"guadarrama",1,2
"Reforestation",88149,8045,9.13,"guadarrama",1,2
"RipF",529,12,2.27,"guadarrama",1,2
"RockScreeVeg",46691,6196,13.27,"guadarrama",1,2
"SMedMarF",5314,304,5.72,"guadarrama",1,2
"Shrub",3703,466,12.58,"guadarrama",1,2
"TempDecF",1436,7,0.49,"guadarrama",1,2
"WaterSurf",30,0,0,"guadarrama",1,2
"AlpConF",129960,2475,1.9,"guadarrama",1,3
"AlpScrGr",172894,12562,7.27,"guadarrama",1,3
"ArtSurf",1490,84,5.64,"guadarrama",1,3
"Grass",7028,131,1.86,"guadarrama",1,3
"MedSclF",3280,0,0,"guadarrama",1,3
"MedScrub",38947,939,2.41,"guadarrama",1,3
"Peatland",229,18,7.86,"guadarrama",1,3
"Reforestation",88149,2921,3.31,"guadarrama",1,3
"RipF",529,2,0.38,"guadarrama",1,3
"RockScreeVeg",46691,767,1.64,"guadarrama",1,3
"SMedMarF",5314,0,0,"guadarrama",1,3
"Shrub",3703,72,1.94,"guadarrama",1,3
"TempDecF",1436,1,0.07,"guadarrama",1,3
"WaterSurf",30,0,0,"guadarrama",1,3
"AlpConF",129960,0,0,"guadarrama",1,4
"AlpScrGr",172894,0,0,"guadarrama",1,4
"ArtSurf",1490,0,0,"guadarrama",1,4
"Grass",7028,0,0,"guadarrama",1,4
"MedSclF",3280,0,0,"guadarrama",1,4
"MedScrub",38947,0,0,"guadarrama",1,4
"Peatland",229,0,0,"guadarrama",1,4
"Reforestation",88149,0,0,"guadarrama",1,4
"RipF",529,0,0,"guadarrama",1,4
"RockScreeVeg",46691,0,0,"guadarrama",1,4
"SMedMarF",5314,0,0,"guadarrama",1,4
"Shrub",3703,0,0,"guadarrama",1,4
"TempDecF",1436,0,0,"guadarrama",1,4
"WaterSurf",30,0,0,"guadarrama",1,4
"AlpConF",129960,0,0,"guadarrama",1,5
"AlpScrGr",172894,0,0,"guadarrama",1,5
"ArtSurf",1490,0,0,"guadarrama",1,5
"Grass",7028,0,0,"guadarrama",1,5
"MedSclF",3280,0,0,"guadarrama",1,5
"MedScrub",38947,0,0,"guadarrama",1,5
"Peatland",229,0,0,"guadarrama",1,5
"Reforestation",88149,0,0,"guadarrama",1,5
"RipF",529,0,0,"guadarrama",1,5
"RockScreeVeg",46691,0,0,"guadarrama",1,5
"SMedMarF",5314,0,0,"guadarrama",1,5
"Shrub",3703,0,0,"guadarrama",1,5
"TempDecF",1436,0,0,"guadarrama",1,5
"WaterSurf",30,0,0,"guadarrama",1,5
"AlpConF",129960,40,0.03,"guadarrama",1,6
"AlpScrGr",172894,15,0.01,"guadarrama",1,6
"ArtSurf",1490,1,0.07,"guadarrama",1,6
"Grass",7028,0,0,"guadarrama",1,6
"MedSclF",3280,1,0.03,"guadarrama",1,6
"MedScrub",38947,1,0,"guadarrama",1,6
"Peatland",229,0,0,"guadarrama",1,6
"Reforestation",88149,10,0.01,"guadarrama",1,6
"RipF",529,0,0,"guadarrama",1,6
"RockScreeVeg",46691,5,0.01,"guadarrama",1,6
"SMedMarF",5314,22,0.41,"guadarrama",1,6
"Shrub",3703,0,0,"guadarrama",1,6
"TempDecF",1436,0,0,"guadarrama",1,6
"WaterSurf",30,0,0,"guadarrama",1,6
"AlpConF",129960,2,0,"guadarrama",1,7
"AlpScrGr",172894,0,0,"guadarrama",1,7
"ArtSurf",1490,0,0,"guadarrama",1,7
"Grass",7028,0,0,"guadarrama",1,7
"MedSclF",3280,0,0,"guadarrama",1,7
"MedScrub",38947,0,0,"guadarrama",1,7
"Peatland",229,0,0,"guadarrama",1,7
"Reforestation",88149,0,0,"guadarrama",1,7
"RipF",529,0,0,"guadarrama",1,7
"RockScreeVeg",46691,0,0,"guadarrama",1,7
"SMedMarF",5314,0,0,"guadarrama",1,7
"Shrub",3703,0,0,"guadarrama",1,7
"TempDecF",1436,0,0,"guadarrama",1,7
"WaterSurf",30,0,0,"guadarrama",1,7
"AlpConF",129960,0,0,"guadarrama",1,8
"AlpScrGr",172894,0,0,"guadarrama",1,8
"ArtSurf",1490,0,0,"guadarrama",1,8
"Grass",7028,0,0,"guadarrama",1,8
"MedSclF",3280,0,0,"guadarrama",1,8
"MedScrub",38947,0,0,"guadarrama",1,8
"Peatland",229,0,0,"guadarrama",1,8
"Reforestation",88149,0,0,"guadarrama",1,8
"RipF",529,0,0,"guadarrama",1,8
"RockScreeVeg",46691,0,0,"guadarrama",1,8
"SMedMarF",5314,0,0,"guadarrama",1,8
"Shrub",3703,0,0,"guadarrama",1,8
"TempDecF",1436,0,0,"guadarrama",1,8
"WaterSurf",30,0,0,"guadarrama",1,8
"AlpConF",129960,0,0,"guadarrama",1,9
"AlpScrGr",172894,0,0,"guadarrama",1,9
"ArtSurf",1490,0,0,"guadarrama",1,9
"Grass",7028,0,0,"guadarrama",1,9
"MedSclF",3280,0,0,"guadarrama",1,9
"MedScrub",38947,0,0,"guadarrama",1,9
"Peatland",229,0,0,"guadarrama",1,9
"Reforestation",88149,0,0,"guadarrama",1,9
"RipF",529,0,0,"guadarrama",1,9
"RockScreeVeg",46691,0,0,"guadarrama",1,9
"SMedMarF",5314,0,0,"guadarrama",1,9
"Shrub",3703,0,0,"guadarrama",1,9
"TempDecF",1436,0,0,"guadarrama",1,9
"WaterSurf",30,0,0,"guadarrama",1,9
"AlpConF",129960,0,0,"guadarrama",1,10
"AlpScrGr",172894,0,0,"guadarrama",1,10
"ArtSurf",1490,0,0,"guadarrama",1,10
"Grass",7028,0,0,"guadarrama",1,10
"MedSclF",3280,0,0,"guadarrama",1,10
"MedScrub",38947,0,0,"guadarrama",1,10
"Peatland",229,0,0,"guadarrama",1,10
"Reforestation",88149,0,0,"guadarrama",1,10
"RipF",529,0,0,"guadarrama",1,10
"RockScreeVeg",46691,0,0,"guadarrama",1,10
"SMedMarF",5314,0,0,"guadarrama",1,10
"Shrub",3703,0,0,"guadarrama",1,10
"TempDecF",1436,0,0,"guadarrama",1,10
"WaterSurf",30,0,0,"guadarrama",1,10
"AlpConF",129960,0,0,"guadarrama",1,11
"AlpScrGr",172894,0,0,"guadarrama",1,11
"ArtSurf",1490,0,0,"guadarrama",1,11
"Grass",7028,0,0,"guadarrama",1,11
"MedSclF",3280,0,0,"guadarrama",1,11
"MedScrub",38947,0,0,"guadarrama",1,11
"Peatland",229,0,0,"guadarrama",1,11
"Reforestation",88149,0,0,"guadarrama",1,11
"RipF",529,0,0,"guadarrama",1,11
"RockScreeVeg",46691,0,0,"guadarrama",1,11
"SMedMarF",5314,0,0,"guadarrama",1,11
"Shrub",3703,0,0,"guadarrama",1,11
"TempDecF",1436,0,0,"guadarrama",1,11
"WaterSurf",30,0,0,"guadarrama",1,11
"AlpConF",129960,0,0,"guadarrama",1,12
"AlpScrGr",172894,0,0,"guadarrama",1,12
"ArtSurf",1490,0,0,"guadarrama",1,12
"Grass",7028,0,0,"guadarrama",1,12
"MedSclF",3280,0,0,"guadarrama",1,12
"MedScrub",38947,0,0,"guadarrama",1,12
"Peatland",229,0,0,"guadarrama",1,12
"Reforestation",88133,0,0,"guadarrama",1,12
"RipF",529,0,0,"guadarrama",1,12
"RockScreeVeg",46691,0,0,"guadarrama",1,12
"SMedMarF",5314,0,0,"guadarrama",1,12
"Shrub",3703,0,0,"guadarrama",1,12
"TempDecF",1436,0,0,"guadarrama",1,12
"WaterSurf",30,0,0,"guadarrama",1,12
"AlpConF",129960,22714,17.48,"guadarrama",3,1
"AlpScrGr",172894,46964,27.16,"guadarrama",3,1
"ArtSurf",1490,200,13.42,"guadarrama",3,1
"Grass",7028,556,7.91,"guadarrama",3,1
"MedSclF",3280,100,3.05,"guadarrama",3,1
"MedScrub",38947,1828,4.69,"guadarrama",3,1
"Peatland",229,44,19.21,"guadarrama",3,1
"Reforestation",88147,10722,12.16,"guadarrama",3,1
"RipF",529,6,1.13,"guadarrama",3,1
"RockScreeVeg",46691,7175,15.37,"guadarrama",3,1
"SMedMarF",5314,307,5.78,"guadarrama",3,1
"Shrub",3703,192,5.18,"guadarrama",3,1
"TempDecF",1436,5,0.35,"guadarrama",3,1
"WaterSurf",30,0,0,"guadarrama",3,1
"AlpConF",129960,57736,44.43,"guadarrama",3,2
"AlpScrGr",172894,111555,64.52,"guadarrama",3,2
"ArtSurf",1490,631,42.35,"guadarrama",3,2
"Grass",7028,2253,32.06,"guadarrama",3,2
"MedSclF",3280,509,15.52,"guadarrama",3,2
"MedScrub",38947,7746,19.89,"guadarrama",3,2
"Peatland",229,131,57.21,"guadarrama",3,2
"Reforestation",88149,27932,31.69,"guadarrama",3,2
"RipF",529,79,14.93,"guadarrama",3,2
"RockScreeVeg",46691,17124,36.68,"guadarrama",3,2
"SMedMarF",5314,1070,20.14,"guadarrama",3,2
"Shrub",3703,705,19.04,"guadarrama",3,2
"TempDecF",1436,49,3.41,"guadarrama",3,2
"WaterSurf",30,0,0,"guadarrama",3,2
"AlpConF",129960,41275,31.76,"guadarrama",3,3
"AlpScrGr",172894,102448,59.25,"guadarrama",3,3
"ArtSurf",1490,428,28.72,"guadarrama",3,3
"Grass",7028,1154,16.42,"guadarrama",3,3
"MedSclF",3280,473,14.42,"guadarrama",3,3
"MedScrub",38947,5807,14.91,"guadarrama",3,3
"Peatland",229,100,43.67,"guadarrama",3,3
"Reforestation",88149,24812,28.15,"guadarrama",3,3
"RipF",529,31,5.86,"guadarrama",3,3
"RockScreeVeg",46691,13979,29.94,"guadarrama",3,3
"SMedMarF",5314,254,4.78,"guadarrama",3,3
"Shrub",3703,442,11.94,"guadarrama",3,3
"TempDecF",1436,25,1.74,"guadarrama",3,3
"WaterSurf",30,6,20,"guadarrama",3,3
"AlpConF",129960,1591,1.22,"guadarrama",3,4
"AlpScrGr",172894,5358,3.1,"guadarrama",3,4
"ArtSurf",1490,30,2.01,"guadarrama",3,4
"Grass",7028,15,0.21,"guadarrama",3,4
"MedSclF",3280,0,0,"guadarrama",3,4
"MedScrub",38947,140,0.36,"guadarrama",3,4
"Peatland",229,14,6.11,"guadarrama",3,4
"Reforestation",88149,971,1.1,"guadarrama",3,4
"RipF",529,0,0,"guadarrama",3,4
"RockScreeVeg",46691,291,0.62,"guadarrama",3,4
"SMedMarF",5314,19,0.36,"guadarrama",3,4
"Shrub",3703,12,0.32,"guadarrama",3,4
"TempDecF",1436,0,0,"guadarrama",3,4
"WaterSurf",30,2,6.67,"guadarrama",3,4
"AlpConF",129960,0,0,"guadarrama",3,5
"AlpScrGr",172894,0,0,"guadarrama",3,5
"ArtSurf",1490,0,0,"guadarrama",3,5
"Grass",7028,0,0,"guadarrama",3,5
"MedSclF",3280,0,0,"guadarrama",3,5
"MedScrub",38947,0,0,"guadarrama",3,5
"Peatland",229,0,0,"guadarrama",3,5
"Reforestation",88149,0,0,"guadarrama",3,5
"RipF",529,0,0,"guadarrama",3,5
"RockScreeVeg",46691,0,0,"guadarrama",3,5
"SMedMarF",5314,0,0,"guadarrama",3,5
"Shrub",3703,0,0,"guadarrama",3,5
"TempDecF",1436,0,0,"guadarrama",3,5
"WaterSurf",30,0,0,"guadarrama",3,5
"AlpConF",129960,65,0.05,"guadarrama",3,6
"AlpScrGr",172894,175,0.1,"guadarrama",3,6
"ArtSurf",1490,4,0.27,"guadarrama",3,6
"Grass",7028,1,0.01,"guadarrama",3,6
"MedSclF",3280,5,0.15,"guadarrama",3,6
"MedScrub",38947,27,0.07,"guadarrama",3,6
"Peatland",229,0,0,"guadarrama",3,6
"Reforestation",88149,31,0.04,"guadarrama",3,6
"RipF",529,0,0,"guadarrama",3,6
"RockScreeVeg",46691,225,0.48,"guadarrama",3,6
"SMedMarF",5314,22,0.41,"guadarrama",3,6
"Shrub",3703,3,0.08,"guadarrama",3,6
"TempDecF",1436,6,0.42,"guadarrama",3,6
"WaterSurf",30,0,0,"guadarrama",3,6
"AlpConF",129960,88,0.07,"guadarrama",3,7
"AlpScrGr",172894,7,0,"guadarrama",3,7
"ArtSurf",1490,0,0,"guadarrama",3,7
"Grass",7028,0,0,"guadarrama",3,7
"MedSclF",3280,0,0,"guadarrama",3,7
"MedScrub",38947,0,0,"guadarrama",3,7
"Peatland",229,0,0,"guadarrama",3,7
"Reforestation",88149,5,0.01,"guadarrama",3,7
"RipF",529,0,0,"guadarrama",3,7
"RockScreeVeg",46691,12,0.03,"guadarrama",3,7
"SMedMarF",5314,8,0.15,"guadarrama",3,7
"Shrub",3703,0,0,"guadarrama",3,7
"TempDecF",1436,0,0,"guadarrama",3,7
"WaterSurf",30,0,0,"guadarrama",3,7
"AlpConF",129960,0,0,"guadarrama",3,8
"AlpScrGr",172894,0,0,"guadarrama",3,8
"ArtSurf",1490,0,0,"guadarrama",3,8
"Grass",7028,0,0,"guadarrama",3,8
"MedSclF",3280,0,0,"guadarrama",3,8
"MedScrub",38947,0,0,"guadarrama",3,8
"Peatland",229,0,0,"guadarrama",3,8
"Reforestation",88149,0,0,"guadarrama",3,8
"RipF",529,0,0,"guadarrama",3,8
"RockScreeVeg",46691,12,0.03,"guadarrama",3,8
"SMedMarF",5314,0,0,"guadarrama",3,8
"Shrub",3703,0,0,"guadarrama",3,8
"TempDecF",1436,0,0,"guadarrama",3,8
"WaterSurf",30,0,0,"guadarrama",3,8
"AlpConF",129960,0,0,"guadarrama",3,9
"AlpScrGr",172894,0,0,"guadarrama",3,9
"ArtSurf",1490,0,0,"guadarrama",3,9
"Grass",7028,0,0,"guadarrama",3,9
"MedSclF",3280,0,0,"guadarrama",3,9
"MedScrub",38947,0,0,"guadarrama",3,9
"Peatland",229,0,0,"guadarrama",3,9
"Reforestation",88149,7,0.01,"guadarrama",3,9
"RipF",529,0,0,"guadarrama",3,9
"RockScreeVeg",46691,0,0,"guadarrama",3,9
"SMedMarF",5314,0,0,"guadarrama",3,9
"Shrub",3703,0,0,"guadarrama",3,9
"TempDecF",1436,0,0,"guadarrama",3,9
"WaterSurf",30,0,0,"guadarrama",3,9
"AlpConF",129960,0,0,"guadarrama",3,10
"AlpScrGr",172894,0,0,"guadarrama",3,10
"ArtSurf",1490,0,0,"guadarrama",3,10
"Grass",7028,0,0,"guadarrama",3,10
"MedSclF",3280,0,0,"guadarrama",3,10
"MedScrub",38947,0,0,"guadarrama",3,10
"Peatland",229,0,0,"guadarrama",3,10
"Reforestation",88149,0,0,"guadarrama",3,10
"RipF",529,0,0,"guadarrama",3,10
"RockScreeVeg",46691,0,0,"guadarrama",3,10
"SMedMarF",5314,0,0,"guadarrama",3,10
"Shrub",3703,0,0,"guadarrama",3,10
"TempDecF",1436,0,0,"guadarrama",3,10
"WaterSurf",30,0,0,"guadarrama",3,10
"AlpConF",129960,0,0,"guadarrama",3,11
"AlpScrGr",172894,0,0,"guadarrama",3,11
"ArtSurf",1490,0,0,"guadarrama",3,11
"Grass",7028,0,0,"guadarrama",3,11
"MedSclF",3280,0,0,"guadarrama",3,11
"MedScrub",38947,0,0,"guadarrama",3,11
"Peatland",229,0,0,"guadarrama",3,11
"Reforestation",88149,0,0,"guadarrama",3,11
"RipF",529,0,0,"guadarrama",3,11
"RockScreeVeg",46691,0,0,"guadarrama",3,11
"SMedMarF",5314,0,0,"guadarrama",3,11
"Shrub",3703,0,0,"guadarrama",3,11
"TempDecF",1436,0,0,"guadarrama",3,11
"WaterSurf",30,0,0,"guadarrama",3,11
"AlpConF",129960,0,0,"guadarrama",3,12
"AlpScrGr",172894,0,0,"guadarrama",3,12
"ArtSurf",1490,0,0,"guadarrama",3,12
"Grass",7028,0,0,"guadarrama",3,12
"MedSclF",3280,0,0,"guadarrama",3,12
"MedScrub",38947,0,0,"guadarrama",3,12
"Peatland",229,0,0,"guadarrama",3,12
"Reforestation",88133,0,0,"guadarrama",3,12
"RipF",529,0,0,"guadarrama",3,12
"RockScreeVeg",46691,0,0,"guadarrama",3,12
"SMedMarF",5314,0,0,"guadarrama",3,12
"Shrub",3703,0,0,"guadarrama",3,12
"TempDecF",1436,0,0,"guadarrama",3,12
"WaterSurf",30,0,0,"guadarrama",3,12
"AlpConF",129960,0,0,"guadarrama",6,1
"AlpScrGr",172894,0,0,"guadarrama",6,1
"ArtSurf",1490,0,0,"guadarrama",6,1
"Grass",7028,0,0,"guadarrama",6,1
"MedSclF",3280,0,0,"guadarrama",6,1
"MedScrub",38947,0,0,"guadarrama",6,1
"Peatland",229,0,0,"guadarrama",6,1
"Reforestation",88147,0,0,"guadarrama",6,1
"RipF",529,0,0,"guadarrama",6,1
"RockScreeVeg",46691,0,0,"guadarrama",6,1
"SMedMarF",5314,0,0,"guadarrama",6,1
"Shrub",3703,0,0,"guadarrama",6,1
"TempDecF",1436,0,0,"guadarrama",6,1
"WaterSurf",30,0,0,"guadarrama",6,1
"AlpConF",129960,10368,7.98,"guadarrama",6,2
"AlpScrGr",172894,3880,2.24,"guadarrama",6,2
"ArtSurf",1490,31,2.08,"guadarrama",6,2
"Grass",7028,89,1.27,"guadarrama",6,2
"MedSclF",3280,26,0.79,"guadarrama",6,2
"MedScrub",38947,458,1.18,"guadarrama",6,2
"Peatland",229,10,4.37,"guadarrama",6,2
"Reforestation",88149,4918,5.58,"guadarrama",6,2
"RipF",529,6,1.13,"guadarrama",6,2
"RockScreeVeg",46691,1066,2.28,"guadarrama",6,2
"SMedMarF",5314,91,1.71,"guadarrama",6,2
"Shrub",3703,7,0.19,"guadarrama",6,2
"TempDecF",1436,3,0.21,"guadarrama",6,2
"WaterSurf",30,0,0,"guadarrama",6,2
"AlpConF",129960,61690,47.47,"guadarrama",6,3
"AlpScrGr",172894,114973,66.5,"guadarrama",6,3
"ArtSurf",1490,646,43.36,"guadarrama",6,3
"Grass",7028,1660,23.62,"guadarrama",6,3
"MedSclF",3280,731,22.29,"guadarrama",6,3
"MedScrub",38947,7546,19.38,"guadarrama",6,3
"Peatland",229,146,63.76,"guadarrama",6,3
"Reforestation",88149,32196,36.52,"guadarrama",6,3
"RipF",529,68,12.85,"guadarrama",6,3
"RockScreeVeg",46691,16850,36.09,"guadarrama",6,3
"SMedMarF",5314,1086,20.44,"guadarrama",6,3
"Shrub",3703,448,12.1,"guadarrama",6,3
"TempDecF",1436,40,2.79,"guadarrama",6,3
"WaterSurf",30,7,23.33,"guadarrama",6,3
"AlpConF",129960,9337,7.18,"guadarrama",6,4
"AlpScrGr",172894,28430,16.44,"guadarrama",6,4
"ArtSurf",1490,96,6.44,"guadarrama",6,4
"Grass",7028,184,2.62,"guadarrama",6,4
"MedSclF",3280,1,0.03,"guadarrama",6,4
"MedScrub",38947,604,1.55,"guadarrama",6,4
"Peatland",229,59,25.76,"guadarrama",6,4
"Reforestation",88149,5917,6.71,"guadarrama",6,4
"RipF",529,2,0.38,"guadarrama",6,4
"RockScreeVeg",46691,3018,6.46,"guadarrama",6,4
"SMedMarF",5314,17,0.32,"guadarrama",6,4
"Shrub",3703,10,0.27,"guadarrama",6,4
"TempDecF",1436,2,0.14,"guadarrama",6,4
"WaterSurf",30,3,10,"guadarrama",6,4
"AlpConF",129960,0,0,"guadarrama",6,5
"AlpScrGr",172894,0,0,"guadarrama",6,5
"ArtSurf",1490,0,0,"guadarrama",6,5
"Grass",7028,0,0,"guadarrama",6,5
"MedSclF",3280,0,0,"guadarrama",6,5
"MedScrub",38947,0,0,"guadarrama",6,5
"Peatland",229,0,0,"guadarrama",6,5
"Reforestation",88149,0,0,"guadarrama",6,5
"RipF",529,0,0,"guadarrama",6,5
"RockScreeVeg",46691,0,0,"guadarrama",6,5
"SMedMarF",5314,0,0,"guadarrama",6,5
"Shrub",3703,0,0,"guadarrama",6,5
"TempDecF",1436,0,0,"guadarrama",6,5
"WaterSurf",30,0,0,"guadarrama",6,5
"AlpConF",129960,19,0.01,"guadarrama",6,6
"AlpScrGr",172894,732,0.42,"guadarrama",6,6
"ArtSurf",1490,2,0.13,"guadarrama",6,6
"Grass",7028,1,0.01,"guadarrama",6,6
"MedSclF",3280,0,0,"guadarrama",6,6
"MedScrub",38947,31,0.08,"guadarrama",6,6
"Peatland",229,0,0,"guadarrama",6,6
"Reforestation",88149,42,0.05,"guadarrama",6,6
"RipF",529,0,0,"guadarrama",6,6
"RockScreeVeg",46691,561,1.2,"guadarrama",6,6
"SMedMarF",5314,0,0,"guadarrama",6,6
"Shrub",3703,0,0,"guadarrama",6,6
"TempDecF",1436,0,0,"guadarrama",6,6
"WaterSurf",30,2,6.67,"guadarrama",6,6
"AlpConF",129960,0,0,"guadarrama",6,7
"AlpScrGr",172894,0,0,"guadarrama",6,7
"ArtSurf",1490,0,0,"guadarrama",6,7
"Grass",7028,0,0,"guadarrama",6,7
"MedSclF",3280,0,0,"guadarrama",6,7
"MedScrub",38947,0,0,"guadarrama",6,7
"Peatland",229,0,0,"guadarrama",6,7
"Reforestation",88149,0,0,"guadarrama",6,7
"RipF",529,0,0,"guadarrama",6,7
"RockScreeVeg",46691,0,0,"guadarrama",6,7
"SMedMarF",5314,0,0,"guadarrama",6,7
"Shrub",3703,0,0,"guadarrama",6,7
"TempDecF",1436,0,0,"guadarrama",6,7
"WaterSurf",30,0,0,"guadarrama",6,7
"AlpConF",129960,0,0,"guadarrama",6,8
"AlpScrGr",172894,0,0,"guadarrama",6,8
"ArtSurf",1490,0,0,"guadarrama",6,8
"Grass",7028,0,0,"guadarrama",6,8
"MedSclF",3280,0,0,"guadarrama",6,8
"MedScrub",38947,0,0,"guadarrama",6,8
"Peatland",229,0,0,"guadarrama",6,8
"Reforestation",88149,0,0,"guadarrama",6,8
"RipF",529,0,0,"guadarrama",6,8
"RockScreeVeg",46691,0,0,"guadarrama",6,8
"SMedMarF",5314,0,0,"guadarrama",6,8
"Shrub",3703,0,0,"guadarrama",6,8
"TempDecF",1436,0,0,"guadarrama",6,8
"WaterSurf",30,0,0,"guadarrama",6,8
"AlpConF",129960,0,0,"guadarrama",6,9
"AlpScrGr",172894,0,0,"guadarrama",6,9
"ArtSurf",1490,0,0,"guadarrama",6,9
"Grass",7028,0,0,"guadarrama",6,9
"MedSclF",3280,0,0,"guadarrama",6,9
"MedScrub",38947,0,0,"guadarrama",6,9
"Peatland",229,0,0,"guadarrama",6,9
"Reforestation",88149,0,0,"guadarrama",6,9
"RipF",529,0,0,"guadarrama",6,9
"RockScreeVeg",46691,0,0,"guadarrama",6,9
"SMedMarF",5314,0,0,"guadarrama",6,9
"Shrub",3703,0,0,"guadarrama",6,9
"TempDecF",1436,0,0,"guadarrama",6,9
"WaterSurf",30,0,0,"guadarrama",6,9
"AlpConF",129960,0,0,"guadarrama",6,10
"AlpScrGr",172894,0,0,"guadarrama",6,10
"ArtSurf",1490,0,0,"guadarrama",6,10
"Grass",7028,0,0,"guadarrama",6,10
"MedSclF",3280,0,0,"guadarrama",6,10
"MedScrub",38947,0,0,"guadarrama",6,10
"Peatland",229,0,0,"guadarrama",6,10
"Reforestation",88149,0,0,"guadarrama",6,10
"RipF",529,0,0,"guadarrama",6,10
"RockScreeVeg",46691,0,0,"guadarrama",6,10
"SMedMarF",5314,0,0,"guadarrama",6,10
"Shrub",3703,0,0,"guadarrama",6,10
"TempDecF",1436,0,0,"guadarrama",6,10
"WaterSurf",30,0,0,"guadarrama",6,10
"AlpConF",129960,0,0,"guadarrama",6,11
"AlpScrGr",172894,0,0,"guadarrama",6,11
"ArtSurf",1490,0,0,"guadarrama",6,11
"Grass",7028,0,0,"guadarrama",6,11
"MedSclF",3280,0,0,"guadarrama",6,11
"MedScrub",38947,0,0,"guadarrama",6,11
"Peatland",229,0,0,"guadarrama",6,11
"Reforestation",88149,0,0,"guadarrama",6,11
"RipF",529,0,0,"guadarrama",6,11
"RockScreeVeg",46691,0,0,"guadarrama",6,11
"SMedMarF",5314,0,0,"guadarrama",6,11
"Shrub",3703,0,0,"guadarrama",6,11
"TempDecF",1436,0,0,"guadarrama",6,11
"WaterSurf",30,0,0,"guadarrama",6,11
"AlpConF",129960,0,0,"guadarrama",6,12
"AlpScrGr",172894,0,0,"guadarrama",6,12
"ArtSurf",1490,0,0,"guadarrama",6,12
"Grass",7028,0,0,"guadarrama",6,12
"MedSclF",3280,0,0,"guadarrama",6,12
"MedScrub",38947,0,0,"guadarrama",6,12
"Peatland",229,0,0,"guadarrama",6,12
"Reforestation",88133,0,0,"guadarrama",6,12
"RipF",529,0,0,"guadarrama",6,12
"RockScreeVeg",46691,0,0,"guadarrama",6,12
"SMedMarF",5314,0,0,"guadarrama",6,12
"Shrub",3703,0,0,"guadarrama",6,12
"TempDecF",1436,0,0,"guadarrama",6,12
"WaterSurf",30,0,0,"guadarrama",6,12
"AlpConF",129960,1,0,"guadarrama",9,1
"AlpScrGr",172894,0,0,"guadarrama",9,1
"ArtSurf",1490,0,0,"guadarrama",9,1
"Grass",7028,0,0,"guadarrama",9,1
"MedSclF",3280,0,0,"guadarrama",9,1
"MedScrub",38947,0,0,"guadarrama",9,1
"Peatland",229,0,0,"guadarrama",9,1
"Reforestation",88147,0,0,"guadarrama",9,1
"RipF",529,0,0,"guadarrama",9,1
"RockScreeVeg",46691,0,0,"guadarrama",9,1
"SMedMarF",5314,0,0,"guadarrama",9,1
"Shrub",3703,0,0,"guadarrama",9,1
"TempDecF",1436,0,0,"guadarrama",9,1
"WaterSurf",30,0,0,"guadarrama",9,1
"AlpConF",129960,7902,6.08,"guadarrama",9,2
"AlpScrGr",172894,1925,1.11,"guadarrama",9,2
"ArtSurf",1490,35,2.35,"guadarrama",9,2
"Grass",7028,108,1.54,"guadarrama",9,2
"MedSclF",3280,15,0.46,"guadarrama",9,2
"MedScrub",38947,236,0.61,"guadarrama",9,2
"Peatland",229,1,0.44,"guadarrama",9,2
"Reforestation",88149,3315,3.76,"guadarrama",9,2
"RipF",529,2,0.38,"guadarrama",9,2
"RockScreeVeg",46691,491,1.05,"guadarrama",9,2
"SMedMarF",5314,156,2.94,"guadarrama",9,2
"Shrub",3703,19,0.51,"guadarrama",9,2
"TempDecF",1436,3,0.21,"guadarrama",9,2
"WaterSurf",30,0,0,"guadarrama",9,2
"AlpConF",129960,33900,26.08,"guadarrama",9,3
"AlpScrGr",172894,63283,36.6,"guadarrama",9,3
"ArtSurf",1490,313,21.01,"guadarrama",9,3
"Grass",7028,606,8.62,"guadarrama",9,3
"MedSclF",3280,119,3.63,"guadarrama",9,3
"MedScrub",38947,2639,6.78,"guadarrama",9,3
"Peatland",229,93,40.61,"guadarrama",9,3
"Reforestation",88149,15699,17.81,"guadarrama",9,3
"RipF",529,3,0.57,"guadarrama",9,3
"RockScreeVeg",46691,6851,14.67,"guadarrama",9,3
"SMedMarF",5314,257,4.84,"guadarrama",9,3
"Shrub",3703,55,1.49,"guadarrama",9,3
"TempDecF",1436,13,0.91,"guadarrama",9,3
"WaterSurf",30,3,10,"guadarrama",9,3
"AlpConF",129960,0,0,"guadarrama",9,4
"AlpScrGr",172894,0,0,"guadarrama",9,4
"ArtSurf",1490,0,0,"guadarrama",9,4
"Grass",7028,0,0,"guadarrama",9,4
"MedSclF",3280,0,0,"guadarrama",9,4
"MedScrub",38947,0,0,"guadarrama",9,4
"Peatland",229,0,0,"guadarrama",9,4
"Reforestation",88149,0,0,"guadarrama",9,4
"RipF",529,0,0,"guadarrama",9,4
"RockScreeVeg",46691,0,0,"guadarrama",9,4
"SMedMarF",5314,0,0,"guadarrama",9,4
"Shrub",3703,0,0,"guadarrama",9,4
"TempDecF",1436,0,0,"guadarrama",9,4
"WaterSurf",30,0,0,"guadarrama",9,4
"AlpConF",129960,0,0,"guadarrama",9,5
"AlpScrGr",172894,0,0,"guadarrama",9,5
"ArtSurf",1490,0,0,"guadarrama",9,5
"Grass",7028,0,0,"guadarrama",9,5
"MedSclF",3280,0,0,"guadarrama",9,5
"MedScrub",38947,0,0,"guadarrama",9,5
"Peatland",229,0,0,"guadarrama",9,5
"Reforestation",88149,0,0,"guadarrama",9,5
"RipF",529,0,0,"guadarrama",9,5
"RockScreeVeg",46691,0,0,"guadarrama",9,5
"SMedMarF",5314,0,0,"guadarrama",9,5
"Shrub",3703,0,0,"guadarrama",9,5
"TempDecF",1436,0,0,"guadarrama",9,5
"WaterSurf",30,0,0,"guadarrama",9,5
"AlpConF",129960,0,0,"guadarrama",9,6
"AlpScrGr",172894,0,0,"guadarrama",9,6
"ArtSurf",1490,0,0,"guadarrama",9,6
"Grass",7028,0,0,"guadarrama",9,6
"MedSclF",3280,0,0,"guadarrama",9,6
"MedScrub",38947,0,0,"guadarrama",9,6
"Peatland",229,0,0,"guadarrama",9,6
"Reforestation",88149,0,0,"guadarrama",9,6
"RipF",529,0,0,"guadarrama",9,6
"RockScreeVeg",46691,0,0,"guadarrama",9,6
"SMedMarF",5314,0,0,"guadarrama",9,6
"Shrub",3703,0,0,"guadarrama",9,6
"TempDecF",1436,0,0,"guadarrama",9,6
"WaterSurf",30,0,0,"guadarrama",9,6
"AlpConF",129960,0,0,"guadarrama",9,7
"AlpScrGr",172894,0,0,"guadarrama",9,7
"ArtSurf",1490,0,0,"guadarrama",9,7
"Grass",7028,0,0,"guadarrama",9,7
"MedSclF",3280,0,0,"guadarrama",9,7
"MedScrub",38947,0,0,"guadarrama",9,7
"Peatland",229,0,0,"guadarrama",9,7
"Reforestation",88149,0,0,"guadarrama",9,7
"RipF",529,0,0,"guadarrama",9,7
"RockScreeVeg",46691,0,0,"guadarrama",9,7
"SMedMarF",5314,0,0,"guadarrama",9,7
"Shrub",3703,0,0,"guadarrama",9,7
"TempDecF",1436,0,0,"guadarrama",9,7
"WaterSurf",30,0,0,"guadarrama",9,7
"AlpConF",129960,0,0,"guadarrama",9,8
"AlpScrGr",172894,0,0,"guadarrama",9,8
"ArtSurf",1490,0,0,"guadarrama",9,8
"Grass",7028,0,0,"guadarrama",9,8
"MedSclF",3280,0,0,"guadarrama",9,8
"MedScrub",38947,0,0,"guadarrama",9,8
"Peatland",229,0,0,"guadarrama",9,8
"Reforestation",88149,0,0,"guadarrama",9,8
"RipF",529,0,0,"guadarrama",9,8
"RockScreeVeg",46691,0,0,"guadarrama",9,8
"SMedMarF",5314,0,0,"guadarrama",9,8
"Shrub",3703,0,0,"guadarrama",9,8
"TempDecF",1436,0,0,"guadarrama",9,8
"WaterSurf",30,0,0,"guadarrama",9,8
"AlpConF",129960,0,0,"guadarrama",9,9
"AlpScrGr",172894,0,0,"guadarrama",9,9
"ArtSurf",1490,0,0,"guadarrama",9,9
"Grass",7028,0,0,"guadarrama",9,9
"MedSclF",3280,0,0,"guadarrama",9,9
"MedScrub",38947,0,0,"guadarrama",9,9
"Peatland",229,0,0,"guadarrama",9,9
"Reforestation",88149,0,0,"guadarrama",9,9
"RipF",529,0,0,"guadarrama",9,9
"RockScreeVeg",46691,0,0,"guadarrama",9,9
"SMedMarF",5314,0,0,"guadarrama",9,9
"Shrub",3703,0,0,"guadarrama",9,9
"TempDecF",1436,0,0,"guadarrama",9,9
"WaterSurf",30,0,0,"guadarrama",9,9
"AlpConF",129960,0,0,"guadarrama",9,10
"AlpScrGr",172894,0,0,"guadarrama",9,10
"ArtSurf",1490,0,0,"guadarrama",9,10
"Grass",7028,0,0,"guadarrama",9,10
"MedSclF",3280,0,0,"guadarrama",9,10
"MedScrub",38947,0,0,"guadarrama",9,10
"Peatland",229,0,0,"guadarrama",9,10
"Reforestation",88149,0,0,"guadarrama",9,10
"RipF",529,0,0,"guadarrama",9,10
"RockScreeVeg",46691,0,0,"guadarrama",9,10
"SMedMarF",5314,0,0,"guadarrama",9,10
"Shrub",3703,0,0,"guadarrama",9,10
"TempDecF",1436,0,0,"guadarrama",9,10
"WaterSurf",30,0,0,"guadarrama",9,10
"AlpConF",129960,0,0,"guadarrama",9,11
"AlpScrGr",172894,0,0,"guadarrama",9,11
"ArtSurf",1490,0,0,"guadarrama",9,11
"Grass",7028,0,0,"guadarrama",9,11
"MedSclF",3280,0,0,"guadarrama",9,11
"MedScrub",38947,0,0,"guadarrama",9,11
"Peatland",229,0,0,"guadarrama",9,11
"Reforestation",88149,0,0,"guadarrama",9,11
"RipF",529,0,0,"guadarrama",9,11
"RockScreeVeg",46691,0,0,"guadarrama",9,11
"SMedMarF",5314,0,0,"guadarrama",9,11
"Shrub",3703,0,0,"guadarrama",9,11
"TempDecF",1436,0,0,"guadarrama",9,11
"WaterSurf",30,0,0,"guadarrama",9,11
"AlpConF",129960,0,0,"guadarrama",9,12
"AlpScrGr",172894,0,0,"guadarrama",9,12
"ArtSurf",1490,0,0,"guadarrama",9,12
"Grass",7028,0,0,"guadarrama",9,12
"MedSclF",3280,0,0,"guadarrama",9,12
"MedScrub",38947,0,0,"guadarrama",9,12
"Peatland",229,0,0,"guadarrama",9,12
"Reforestation",88133,0,0,"guadarrama",9,12
"RipF",529,0,0,"guadarrama",9,12
"RockScreeVeg",46691,0,0,"guadarrama",9,12
"SMedMarF",5314,0,0,"guadarrama",9,12
"Shrub",3703,0,0,"guadarrama",9,12
"TempDecF",1436,0,0,"guadarrama",9,12
"WaterSurf",30,0,0,"guadarrama",9,12
"AlpConF",129960,1,0,"guadarrama",12,1
"AlpScrGr",172894,0,0,"guadarrama",12,1
"ArtSurf",1490,0,0,"guadarrama",12,1
"Grass",7028,0,0,"guadarrama",12,1
"MedSclF",3280,0,0,"guadarrama",12,1
"MedScrub",38947,0,0,"guadarrama",12,1
"Peatland",229,0,0,"guadarrama",12,1
"Reforestation",88147,0,0,"guadarrama",12,1
"RipF",529,0,0,"guadarrama",12,1
"RockScreeVeg",46691,0,0,"guadarrama",12,1
"SMedMarF",5314,0,0,"guadarrama",12,1
"Shrub",3703,0,0,"guadarrama",12,1
"TempDecF",1436,0,0,"guadarrama",12,1
"WaterSurf",30,0,0,"guadarrama",12,1
"AlpConF",129960,0,0,"guadarrama",12,2
"AlpScrGr",172894,0,0,"guadarrama",12,2
"ArtSurf",1490,0,0,"guadarrama",12,2
"Grass",7028,0,0,"guadarrama",12,2
"MedSclF",3280,0,0,"guadarrama",12,2
"MedScrub",38947,0,0,"guadarrama",12,2
"Peatland",229,0,0,"guadarrama",12,2
"Reforestation",88149,0,0,"guadarrama",12,2
"RipF",529,0,0,"guadarrama",12,2
"RockScreeVeg",46691,0,0,"guadarrama",12,2
"SMedMarF",5314,0,0,"guadarrama",12,2
"Shrub",3703,0,0,"guadarrama",12,2
"TempDecF",1436,0,0,"guadarrama",12,2
"WaterSurf",30,0,0,"guadarrama",12,2
"AlpConF",129960,6832,5.26,"guadarrama",12,3
"AlpScrGr",172894,19732,11.41,"guadarrama",12,3
"ArtSurf",1490,73,4.9,"guadarrama",12,3
"Grass",7028,156,2.22,"guadarrama",12,3
"MedSclF",3280,12,0.37,"guadarrama",12,3
"MedScrub",38947,460,1.18,"guadarrama",12,3
"Peatland",229,40,17.47,"guadarrama",12,3
"Reforestation",88149,5535,6.28,"guadarrama",12,3
"RipF",529,3,0.57,"guadarrama",12,3
"RockScreeVeg",46691,1104,2.36,"guadarrama",12,3
"SMedMarF",5314,48,0.9,"guadarrama",12,3
"Shrub",3703,5,0.14,"guadarrama",12,3
"TempDecF",1436,3,0.21,"guadarrama",12,3
"WaterSurf",30,0,0,"guadarrama",12,3
"AlpConF",129960,0,0,"guadarrama",12,4
"AlpScrGr",172894,0,0,"guadarrama",12,4
"ArtSurf",1490,0,0,"guadarrama",12,4
"Grass",7028,0,0,"guadarrama",12,4
"MedSclF",3280,0,0,"guadarrama",12,4
"MedScrub",38947,0,0,"guadarrama",12,4
"Peatland",229,0,0,"guadarrama",12,4
"Reforestation",88149,0,0,"guadarrama",12,4
"RipF",529,0,0,"guadarrama",12,4
"RockScreeVeg",46691,0,0,"guadarrama",12,4
"SMedMarF",5314,0,0,"guadarrama",12,4
"Shrub",3703,0,0,"guadarrama",12,4
"TempDecF",1436,0,0,"guadarrama",12,4
"WaterSurf",30,0,0,"guadarrama",12,4
"AlpConF",129960,0,0,"guadarrama",12,5
"AlpScrGr",172894,0,0,"guadarrama",12,5
"ArtSurf",1490,0,0,"guadarrama",12,5
"Grass",7028,0,0,"guadarrama",12,5
"MedSclF",3280,0,0,"guadarrama",12,5
"MedScrub",38947,0,0,"guadarrama",12,5
"Peatland",229,0,0,"guadarrama",12,5
"Reforestation",88149,0,0,"guadarrama",12,5
"RipF",529,0,0,"guadarrama",12,5
"RockScreeVeg",46691,0,0,"guadarrama",12,5
"SMedMarF",5314,0,0,"guadarrama",12,5
"Shrub",3703,0,0,"guadarrama",12,5
"TempDecF",1436,0,0,"guadarrama",12,5
"WaterSurf",30,0,0,"guadarrama",12,5
"AlpConF",129960,0,0,"guadarrama",12,6
"AlpScrGr",172894,0,0,"guadarrama",12,6
"ArtSurf",1490,0,0,"guadarrama",12,6
"Grass",7028,0,0,"guadarrama",12,6
"MedSclF",3280,0,0,"guadarrama",12,6
"MedScrub",38947,0,0,"guadarrama",12,6
"Peatland",229,0,0,"guadarrama",12,6
"Reforestation",88149,0,0,"guadarrama",12,6
"RipF",529,0,0,"guadarrama",12,6
"RockScreeVeg",46691,0,0,"guadarrama",12,6
"SMedMarF",5314,0,0,"guadarrama",12,6
"Shrub",3703,0,0,"guadarrama",12,6
"TempDecF",1436,0,0,"guadarrama",12,6
"WaterSurf",30,0,0,"guadarrama",12,6
"AlpConF",129960,0,0,"guadarrama",12,7
"AlpScrGr",172894,0,0,"guadarrama",12,7
"ArtSurf",1490,0,0,"guadarrama",12,7
"Grass",7028,0,0,"guadarrama",12,7
"MedSclF",3280,0,0,"guadarrama",12,7
"MedScrub",38947,0,0,"guadarrama",12,7
"Peatland",229,0,0,"guadarrama",12,7
"Reforestation",88149,0,0,"guadarrama",12,7
"RipF",529,0,0,"guadarrama",12,7
"RockScreeVeg",46691,0,0,"guadarrama",12,7
"SMedMarF",5314,0,0,"guadarrama",12,7
"Shrub",3703,0,0,"guadarrama",12,7
"TempDecF",1436,0,0,"guadarrama",12,7
"WaterSurf",30,0,0,"guadarrama",12,7
"AlpConF",129960,0,0,"guadarrama",12,8
"AlpScrGr",172894,0,0,"guadarrama",12,8
"ArtSurf",1490,0,0,"guadarrama",12,8
"Grass",7028,0,0,"guadarrama",12,8
"MedSclF",3280,0,0,"guadarrama",12,8
"MedScrub",38947,0,0,"guadarrama",12,8
"Peatland",229,0,0,"guadarrama",12,8
"Reforestation",88149,0,0,"guadarrama",12,8
"RipF",529,0,0,"guadarrama",12,8
"RockScreeVeg",46691,0,0,"guadarrama",12,8
"SMedMarF",5314,0,0,"guadarrama",12,8
"Shrub",3703,0,0,"guadarrama",12,8
"TempDecF",1436,0,0,"guadarrama",12,8
"WaterSurf",30,0,0,"guadarrama",12,8
"AlpConF",129960,0,0,"guadarrama",12,9
"AlpScrGr",172894,0,0,"guadarrama",12,9
"ArtSurf",1490,0,0,"guadarrama",12,9
"Grass",7028,0,0,"guadarrama",12,9
"MedSclF",3280,0,0,"guadarrama",12,9
"MedScrub",38947,0,0,"guadarrama",12,9
"Peatland",229,0,0,"guadarrama",12,9
"Reforestation",88149,0,0,"guadarrama",12,9
"RipF",529,0,0,"guadarrama",12,9
"RockScreeVeg",46691,0,0,"guadarrama",12,9
"SMedMarF",5314,0,0,"guadarrama",12,9
"Shrub",3703,0,0,"guadarrama",12,9
"TempDecF",1436,0,0,"guadarrama",12,9
"WaterSurf",30,0,0,"guadarrama",12,9
"AlpConF",129960,0,0,"guadarrama",12,10
"AlpScrGr",172894,0,0,"guadarrama",12,10
"ArtSurf",1490,0,0,"guadarrama",12,10
"Grass",7028,0,0,"guadarrama",12,10
"MedSclF",3280,0,0,"guadarrama",12,10
"MedScrub",38947,0,0,"guadarrama",12,10
"Peatland",229,0,0,"guadarrama",12,10
"Reforestation",88149,0,0,"guadarrama",12,10
"RipF",529,0,0,"guadarrama",12,10
"RockScreeVeg",46691,0,0,"guadarrama",12,10
"SMedMarF",5314,0,0,"guadarrama",12,10
"Shrub",3703,0,0,"guadarrama",12,10
"TempDecF",1436,0,0,"guadarrama",12,10
"WaterSurf",30,0,0,"guadarrama",12,10
"AlpConF",129960,0,0,"guadarrama",12,11
"AlpScrGr",172894,0,0,"guadarrama",12,11
"ArtSurf",1490,0,0,"guadarrama",12,11
"Grass",7028,0,0,"guadarrama",12,11
"MedSclF",3280,0,0,"guadarrama",12,11
"MedScrub",38947,0,0,"guadarrama",12,11
"Peatland",229,0,0,"guadarrama",12,11
"Reforestation",88149,0,0,"guadarrama",12,11
"RipF",529,0,0,"guadarrama",12,11
"RockScreeVeg",46691,0,0,"guadarrama",12,11
"SMedMarF",5314,0,0,"guadarrama",12,11
"Shrub",3703,0,0,"guadarrama",12,11
"TempDecF",1436,0,0,"guadarrama",12,11
"WaterSurf",30,0,0,"guadarrama",12,11
"AlpConF",129960,0,0,"guadarrama",12,12
"AlpScrGr",172894,0,0,"guadarrama",12,12
"ArtSurf",1490,0,0,"guadarrama",12,12
"Grass",7028,0,0,"guadarrama",12,12
"MedSclF",3280,0,0,"guadarrama",12,12
"MedScrub",38947,0,0,"guadarrama",12,12
"Peatland",229,0,0,"guadarrama",12,12
"Reforestation",88133,0,0,"guadarrama",12,12
"RipF",529,0,0,"guadarrama",12,12
"RockScreeVeg",46691,0,0,"guadarrama",12,12
"SMedMarF",5314,0,0,"guadarrama",12,12
"Shrub",3703,0,0,"guadarrama",12,12
"TempDecF",1436,0,0,"guadarrama",12,12
"WaterSurf",30,0,0,"guadarrama",12,12
"ArtSurf",329,0,0,"cies",1,1
"AtlScrub",5686,0,0,"cies",1,1
"BareArea",3742,0,0,"cies",1,1
"Crop",3,0,0,"cies",1,1
"DuneSand",232,0,0,"cies",1,1
"Grass",1926,0,0,"cies",1,1
"HydroRipVeg",100,0,0,"cies",1,1
"MedSclF",18,0,0,"cies",1,1
"Reforestation",2902,0,0,"cies",1,1
"RipF",133,0,0,"cies",1,1
"RockScreeVeg",28,0,0,"cies",1,1
"SMedMarF",2,0,0,"cies",1,1
"SaltMar",253,0,0,"cies",1,1
"Shrub",772,0,0,"cies",1,1
"TempDecF",261,0,0,"cies",1,1
"WaterSurf",95,0,0,"cies",1,1
"ArtSurf",329,0,0,"cies",1,2
"AtlScrub",5686,0,0,"cies",1,2
"BareArea",3742,0,0,"cies",1,2
"Crop",3,0,0,"cies",1,2
"DuneSand",232,0,0,"cies",1,2
"Grass",1926,0,0,"cies",1,2
"HydroRipVeg",100,0,0,"cies",1,2
"MedSclF",18,0,0,"cies",1,2
"Reforestation",2902,0,0,"cies",1,2
"RipF",133,0,0,"cies",1,2
"RockScreeVeg",28,0,0,"cies",1,2
"SMedMarF",2,0,0,"cies",1,2
"SaltMar",253,0,0,"cies",1,2
"Shrub",772,0,0,"cies",1,2
"TempDecF",261,0,0,"cies",1,2
"WaterSurf",95,0,0,"cies",1,2
"ArtSurf",329,0,0,"cies",1,3
"AtlScrub",5686,0,0,"cies",1,3
"BareArea",3742,0,0,"cies",1,3
"Crop",3,0,0,"cies",1,3
"DuneSand",232,0,0,"cies",1,3
"Grass",1926,0,0,"cies",1,3
"HydroRipVeg",100,0,0,"cies",1,3
"MedSclF",18,0,0,"cies",1,3
"Reforestation",2902,0,0,"cies",1,3
"RipF",133,0,0,"cies",1,3
"RockScreeVeg",28,0,0,"cies",1,3
"SMedMarF",2,0,0,"cies",1,3
"SaltMar",253,0,0,"cies",1,3
"Shrub",772,0,0,"cies",1,3
"TempDecF",261,0,0,"cies",1,3
"WaterSurf",95,0,0,"cies",1,3
"ArtSurf",329,0,0,"cies",1,4
"AtlScrub",5686,0,0,"cies",1,4
"BareArea",3742,0,0,"cies",1,4
"Crop",3,0,0,"cies",1,4
"DuneSand",232,0,0,"cies",1,4
"Grass",1926,0,0,"cies",1,4
"HydroRipVeg",100,0,0,"cies",1,4
"MedSclF",18,0,0,"cies",1,4
"Reforestation",2902,0,0,"cies",1,4
"RipF",133,0,0,"cies",1,4
"RockScreeVeg",28,0,0,"cies",1,4
"SMedMarF",2,0,0,"cies",1,4
"SaltMar",253,0,0,"cies",1,4
"Shrub",772,0,0,"cies",1,4
"TempDecF",261,0,0,"cies",1,4
"WaterSurf",95,0,0,"cies",1,4
"ArtSurf",329,0,0,"cies",1,5
"AtlScrub",5686,0,0,"cies",1,5
"BareArea",3742,0,0,"cies",1,5
"Crop",3,0,0,"cies",1,5
"DuneSand",232,0,0,"cies",1,5
"Grass",1926,0,0,"cies",1,5
"HydroRipVeg",100,0,0,"cies",1,5
"MedSclF",18,0,0,"cies",1,5
"Reforestation",2902,0,0,"cies",1,5
"RipF",133,0,0,"cies",1,5
"RockScreeVeg",28,0,0,"cies",1,5
"SMedMarF",2,0,0,"cies",1,5
"SaltMar",253,0,0,"cies",1,5
"Shrub",772,0,0,"cies",1,5
"TempDecF",261,0,0,"cies",1,5
"WaterSurf",95,0,0,"cies",1,5
"ArtSurf",329,0,0,"cies",1,6
"AtlScrub",5686,0,0,"cies",1,6
"BareArea",3742,0,0,"cies",1,6
"Crop",3,0,0,"cies",1,6
"DuneSand",232,0,0,"cies",1,6
"Grass",1926,0,0,"cies",1,6
"HydroRipVeg",100,0,0,"cies",1,6
"MedSclF",18,0,0,"cies",1,6
"Reforestation",2902,0,0,"cies",1,6
"RipF",133,0,0,"cies",1,6
"RockScreeVeg",28,0,0,"cies",1,6
"SMedMarF",2,0,0,"cies",1,6
"SaltMar",253,0,0,"cies",1,6
"Shrub",772,0,0,"cies",1,6
"TempDecF",261,0,0,"cies",1,6
"WaterSurf",95,0,0,"cies",1,6
"ArtSurf",329,0,0,"cies",1,7
"AtlScrub",5686,0,0,"cies",1,7
"BareArea",3742,0,0,"cies",1,7
"Crop",3,0,0,"cies",1,7
"DuneSand",232,0,0,"cies",1,7
"Grass",1926,0,0,"cies",1,7
"HydroRipVeg",100,0,0,"cies",1,7
"MedSclF",18,0,0,"cies",1,7
"Reforestation",2902,0,0,"cies",1,7
"RipF",133,0,0,"cies",1,7
"RockScreeVeg",28,0,0,"cies",1,7
"SMedMarF",2,0,0,"cies",1,7
"SaltMar",253,0,0,"cies",1,7
"Shrub",772,0,0,"cies",1,7
"TempDecF",261,0,0,"cies",1,7
"WaterSurf",95,0,0,"cies",1,7
"ArtSurf",329,0,0,"cies",1,8
"AtlScrub",5686,0,0,"cies",1,8
"BareArea",3742,0,0,"cies",1,8
"Crop",3,0,0,"cies",1,8
"DuneSand",232,0,0,"cies",1,8
"Grass",1926,0,0,"cies",1,8
"HydroRipVeg",100,0,0,"cies",1,8
"MedSclF",18,0,0,"cies",1,8
"Reforestation",2902,0,0,"cies",1,8
"RipF",133,0,0,"cies",1,8
"RockScreeVeg",28,0,0,"cies",1,8
"SMedMarF",2,0,0,"cies",1,8
"SaltMar",253,0,0,"cies",1,8
"Shrub",772,0,0,"cies",1,8
"TempDecF",261,0,0,"cies",1,8
"WaterSurf",95,0,0,"cies",1,8
"ArtSurf",329,0,0,"cies",1,9
"AtlScrub",5686,1,0.02,"cies",1,9
"BareArea",3742,21,0.56,"cies",1,9
"Crop",3,0,0,"cies",1,9
"DuneSand",232,1,0.43,"cies",1,9
"Grass",1926,0,0,"cies",1,9
"HydroRipVeg",100,0,0,"cies",1,9
"MedSclF",18,0,0,"cies",1,9
"Reforestation",2902,0,0,"cies",1,9
"RipF",133,0,0,"cies",1,9
"RockScreeVeg",28,0,0,"cies",1,9
"SMedMarF",2,0,0,"cies",1,9
"SaltMar",253,0,0,"cies",1,9
"Shrub",772,2,0.26,"cies",1,9
"TempDecF",261,0,0,"cies",1,9
"WaterSurf",95,0,0,"cies",1,9
"ArtSurf",329,0,0,"cies",1,10
"AtlScrub",5686,0,0,"cies",1,10
"BareArea",3742,0,0,"cies",1,10
"Crop",3,0,0,"cies",1,10
"DuneSand",232,0,0,"cies",1,10
"Grass",1926,0,0,"cies",1,10
"HydroRipVeg",100,0,0,"cies",1,10
"MedSclF",18,0,0,"cies",1,10
"Reforestation",2902,0,0,"cies",1,10
"RipF",133,0,0,"cies",1,10
"RockScreeVeg",28,0,0,"cies",1,10
"SMedMarF",2,0,0,"cies",1,10
"SaltMar",253,0,0,"cies",1,10
"Shrub",772,0,0,"cies",1,10
"TempDecF",261,0,0,"cies",1,10
"WaterSurf",95,0,0,"cies",1,10
"ArtSurf",329,0,0,"cies",1,11
"AtlScrub",5686,0,0,"cies",1,11
"BareArea",3742,0,0,"cies",1,11
"Crop",3,0,0,"cies",1,11
"DuneSand",232,0,0,"cies",1,11
"Grass",1926,0,0,"cies",1,11
"HydroRipVeg",100,0,0,"cies",1,11
"MedSclF",18,0,0,"cies",1,11
"Reforestation",2902,0,0,"cies",1,11
"RipF",133,0,0,"cies",1,11
"RockScreeVeg",28,0,0,"cies",1,11
"SMedMarF",2,0,0,"cies",1,11
"SaltMar",253,0,0,"cies",1,11
"Shrub",772,0,0,"cies",1,11
"TempDecF",261,0,0,"cies",1,11
"WaterSurf",95,0,0,"cies",1,11
"ArtSurf",329,0,0,"cies",1,12
"AtlScrub",5686,0,0,"cies",1,12
"BareArea",3742,0,0,"cies",1,12
"Crop",3,0,0,"cies",1,12
"DuneSand",232,0,0,"cies",1,12
"Grass",1926,0,0,"cies",1,12
"HydroRipVeg",100,0,0,"cies",1,12
"MedSclF",18,0,0,"cies",1,12
"Reforestation",2902,0,0,"cies",1,12
"RipF",133,0,0,"cies",1,12
"RockScreeVeg",28,0,0,"cies",1,12
"SMedMarF",2,0,0,"cies",1,12
"SaltMar",253,0,0,"cies",1,12
"Shrub",772,0,0,"cies",1,12
"TempDecF",261,0,0,"cies",1,12
"WaterSurf",95,0,0,"cies",1,12
"ArtSurf",329,0,0,"cies",3,1
"AtlScrub",5686,0,0,"cies",3,1
"BareArea",3742,0,0,"cies",3,1
"Crop",3,0,0,"cies",3,1
"DuneSand",232,0,0,"cies",3,1
"Grass",1926,0,0,"cies",3,1
"HydroRipVeg",100,0,0,"cies",3,1
"MedSclF",18,0,0,"cies",3,1
"Reforestation",2902,0,0,"cies",3,1
"RipF",133,0,0,"cies",3,1
"RockScreeVeg",28,0,0,"cies",3,1
"SMedMarF",2,0,0,"cies",3,1
"SaltMar",253,0,0,"cies",3,1
"Shrub",772,0,0,"cies",3,1
"TempDecF",261,0,0,"cies",3,1
"WaterSurf",95,0,0,"cies",3,1
"ArtSurf",329,0,0,"cies",3,2
"AtlScrub",5686,0,0,"cies",3,2
"BareArea",3742,0,0,"cies",3,2
"Crop",3,0,0,"cies",3,2
"DuneSand",232,0,0,"cies",3,2
"Grass",1926,0,0,"cies",3,2
"HydroRipVeg",100,0,0,"cies",3,2
"MedSclF",18,0,0,"cies",3,2
"Reforestation",2902,0,0,"cies",3,2
"RipF",133,0,0,"cies",3,2
"RockScreeVeg",28,0,0,"cies",3,2
"SMedMarF",2,0,0,"cies",3,2
"SaltMar",253,0,0,"cies",3,2
"Shrub",772,0,0,"cies",3,2
"TempDecF",261,0,0,"cies",3,2
"WaterSurf",95,0,0,"cies",3,2
"ArtSurf",329,0,0,"cies",3,3
"AtlScrub",5686,0,0,"cies",3,3
"BareArea",3742,0,0,"cies",3,3
"Crop",3,0,0,"cies",3,3
"DuneSand",232,0,0,"cies",3,3
"Grass",1926,0,0,"cies",3,3
"HydroRipVeg",100,0,0,"cies",3,3
"MedSclF",18,0,0,"cies",3,3
"Reforestation",2902,0,0,"cies",3,3
"RipF",133,0,0,"cies",3,3
"RockScreeVeg",28,0,0,"cies",3,3
"SMedMarF",2,0,0,"cies",3,3
"SaltMar",253,0,0,"cies",3,3
"Shrub",772,0,0,"cies",3,3
"TempDecF",261,0,0,"cies",3,3
"WaterSurf",95,0,0,"cies",3,3
"ArtSurf",329,0,0,"cies",3,4
"AtlScrub",5686,0,0,"cies",3,4
"BareArea",3742,0,0,"cies",3,4
"Crop",3,0,0,"cies",3,4
"DuneSand",232,0,0,"cies",3,4
"Grass",1926,0,0,"cies",3,4
"HydroRipVeg",100,0,0,"cies",3,4
"MedSclF",18,0,0,"cies",3,4
"Reforestation",2902,0,0,"cies",3,4
"RipF",133,0,0,"cies",3,4
"RockScreeVeg",28,0,0,"cies",3,4
"SMedMarF",2,0,0,"cies",3,4
"SaltMar",253,0,0,"cies",3,4
"Shrub",772,0,0,"cies",3,4
"TempDecF",261,0,0,"cies",3,4
"WaterSurf",95,0,0,"cies",3,4
"ArtSurf",329,0,0,"cies",3,5
"AtlScrub",5686,0,0,"cies",3,5
"BareArea",3742,0,0,"cies",3,5
"Crop",3,0,0,"cies",3,5
"DuneSand",232,0,0,"cies",3,5
"Grass",1926,0,0,"cies",3,5
"HydroRipVeg",100,0,0,"cies",3,5
"MedSclF",18,0,0,"cies",3,5
"Reforestation",2902,0,0,"cies",3,5
"RipF",133,0,0,"cies",3,5
"RockScreeVeg",28,0,0,"cies",3,5
"SMedMarF",2,0,0,"cies",3,5
"SaltMar",253,0,0,"cies",3,5
"Shrub",772,0,0,"cies",3,5
"TempDecF",261,0,0,"cies",3,5
"WaterSurf",95,0,0,"cies",3,5
"ArtSurf",329,0,0,"cies",3,6
"AtlScrub",5686,0,0,"cies",3,6
"BareArea",3742,0,0,"cies",3,6
"Crop",3,0,0,"cies",3,6
"DuneSand",232,0,0,"cies",3,6
"Grass",1926,0,0,"cies",3,6
"HydroRipVeg",100,0,0,"cies",3,6
"MedSclF",18,0,0,"cies",3,6
"Reforestation",2902,0,0,"cies",3,6
"RipF",133,0,0,"cies",3,6
"RockScreeVeg",28,0,0,"cies",3,6
"SMedMarF",2,0,0,"cies",3,6
"SaltMar",253,0,0,"cies",3,6
"Shrub",772,0,0,"cies",3,6
"TempDecF",261,0,0,"cies",3,6
"WaterSurf",95,0,0,"cies",3,6
"ArtSurf",329,0,0,"cies",3,7
"AtlScrub",5686,0,0,"cies",3,7
"BareArea",3742,0,0,"cies",3,7
"Crop",3,0,0,"cies",3,7
"DuneSand",232,0,0,"cies",3,7
"Grass",1926,0,0,"cies",3,7
"HydroRipVeg",100,0,0,"cies",3,7
"MedSclF",18,0,0,"cies",3,7
"Reforestation",2902,0,0,"cies",3,7
"RipF",133,0,0,"cies",3,7
"RockScreeVeg",28,0,0,"cies",3,7
"SMedMarF",2,0,0,"cies",3,7
"SaltMar",253,0,0,"cies",3,7
"Shrub",772,0,0,"cies",3,7
"TempDecF",261,0,0,"cies",3,7
"WaterSurf",95,0,0,"cies",3,7
"ArtSurf",329,0,0,"cies",3,8
"AtlScrub",5686,0,0,"cies",3,8
"BareArea",3742,12,0.32,"cies",3,8
"Crop",3,0,0,"cies",3,8
"DuneSand",232,4,1.72,"cies",3,8
"Grass",1926,4,0.21,"cies",3,8
"HydroRipVeg",100,0,0,"cies",3,8
"MedSclF",18,0,0,"cies",3,8
"Reforestation",2902,0,0,"cies",3,8
"RipF",133,0,0,"cies",3,8
"RockScreeVeg",28,0,0,"cies",3,8
"SMedMarF",2,0,0,"cies",3,8
"SaltMar",253,0,0,"cies",3,8
"Shrub",772,0,0,"cies",3,8
"TempDecF",261,0,0,"cies",3,8
"WaterSurf",95,0,0,"cies",3,8
"ArtSurf",329,0,0,"cies",3,9
"AtlScrub",5686,1,0.02,"cies",3,9
"BareArea",3742,4,0.11,"cies",3,9
"Crop",3,0,0,"cies",3,9
"DuneSand",232,4,1.72,"cies",3,9
"Grass",1926,2,0.1,"cies",3,9
"HydroRipVeg",100,0,0,"cies",3,9
"MedSclF",18,0,0,"cies",3,9
"Reforestation",2902,0,0,"cies",3,9
"RipF",133,0,0,"cies",3,9
"RockScreeVeg",28,0,0,"cies",3,9
"SMedMarF",2,0,0,"cies",3,9
"SaltMar",253,0,0,"cies",3,9
"Shrub",772,0,0,"cies",3,9
"TempDecF",261,0,0,"cies",3,9
"WaterSurf",95,0,0,"cies",3,9
"ArtSurf",329,0,0,"cies",3,10
"AtlScrub",5686,0,0,"cies",3,10
"BareArea",3742,1,0.03,"cies",3,10
"Crop",3,0,0,"cies",3,10
"DuneSand",232,0,0,"cies",3,10
"Grass",1926,0,0,"cies",3,10
"HydroRipVeg",100,0,0,"cies",3,10
"MedSclF",18,0,0,"cies",3,10
"Reforestation",2902,0,0,"cies",3,10
"RipF",133,0,0,"cies",3,10
"RockScreeVeg",28,0,0,"cies",3,10
"SMedMarF",2,0,0,"cies",3,10
"SaltMar",253,0,0,"cies",3,10
"Shrub",772,0,0,"cies",3,10
"TempDecF",261,0,0,"cies",3,10
"WaterSurf",95,0,0,"cies",3,10
"ArtSurf",329,0,0,"cies",3,11
"AtlScrub",5686,0,0,"cies",3,11
"BareArea",3742,0,0,"cies",3,11
"Crop",3,0,0,"cies",3,11
"DuneSand",232,1,0.43,"cies",3,11
"Grass",1926,0,0,"cies",3,11
"HydroRipVeg",100,0,0,"cies",3,11
"MedSclF",18,0,0,"cies",3,11
"Reforestation",2902,1,0.03,"cies",3,11
"RipF",133,0,0,"cies",3,11
"RockScreeVeg",28,0,0,"cies",3,11
"SMedMarF",2,0,0,"cies",3,11
"SaltMar",253,0,0,"cies",3,11
"Shrub",772,0,0,"cies",3,11
"TempDecF",261,0,0,"cies",3,11
"WaterSurf",95,0,0,"cies",3,11
"ArtSurf",329,0,0,"cies",3,12
"AtlScrub",5686,0,0,"cies",3,12
"BareArea",3742,0,0,"cies",3,12
"Crop",3,0,0,"cies",3,12
"DuneSand",232,0,0,"cies",3,12
"Grass",1926,0,0,"cies",3,12
"HydroRipVeg",100,0,0,"cies",3,12
"MedSclF",18,0,0,"cies",3,12
"Reforestation",2902,0,0,"cies",3,12
"RipF",133,0,0,"cies",3,12
"RockScreeVeg",28,0,0,"cies",3,12
"SMedMarF",2,0,0,"cies",3,12
"SaltMar",253,0,0,"cies",3,12
"Shrub",772,0,0,"cies",3,12
"TempDecF",261,0,0,"cies",3,12
"WaterSurf",95,0,0,"cies",3,12
"ArtSurf",329,0,0,"cies",6,1
"AtlScrub",5686,0,0,"cies",6,1
"BareArea",3742,0,0,"cies",6,1
"Crop",3,0,0,"cies",6,1
"DuneSand",232,0,0,"cies",6,1
"Grass",1926,0,0,"cies",6,1
"HydroRipVeg",100,0,0,"cies",6,1
"MedSclF",18,0,0,"cies",6,1
"Reforestation",2902,0,0,"cies",6,1
"RipF",133,0,0,"cies",6,1
"RockScreeVeg",28,0,0,"cies",6,1
"SMedMarF",2,0,0,"cies",6,1
"SaltMar",253,0,0,"cies",6,1
"Shrub",772,0,0,"cies",6,1
"TempDecF",261,0,0,"cies",6,1
"WaterSurf",95,0,0,"cies",6,1
"ArtSurf",329,0,0,"cies",6,2
"AtlScrub",5686,0,0,"cies",6,2
"BareArea",3742,0,0,"cies",6,2
"Crop",3,0,0,"cies",6,2
"DuneSand",232,0,0,"cies",6,2
"Grass",1926,0,0,"cies",6,2
"HydroRipVeg",100,0,0,"cies",6,2
"MedSclF",18,0,0,"cies",6,2
"Reforestation",2902,0,0,"cies",6,2
"RipF",133,0,0,"cies",6,2
"RockScreeVeg",28,0,0,"cies",6,2
"SMedMarF",2,0,0,"cies",6,2
"SaltMar",253,0,0,"cies",6,2
"Shrub",772,0,0,"cies",6,2
"TempDecF",261,0,0,"cies",6,2
"WaterSurf",95,0,0,"cies",6,2
"ArtSurf",329,0,0,"cies",6,3
"AtlScrub",5686,0,0,"cies",6,3
"BareArea",3742,0,0,"cies",6,3
"Crop",3,0,0,"cies",6,3
"DuneSand",232,0,0,"cies",6,3
"Grass",1926,0,0,"cies",6,3
"HydroRipVeg",100,0,0,"cies",6,3
"MedSclF",18,0,0,"cies",6,3
"Reforestation",2902,0,0,"cies",6,3
"RipF",133,0,0,"cies",6,3
"RockScreeVeg",28,0,0,"cies",6,3
"SMedMarF",2,0,0,"cies",6,3
"SaltMar",253,0,0,"cies",6,3
"Shrub",772,0,0,"cies",6,3
"TempDecF",261,0,0,"cies",6,3
"WaterSurf",95,0,0,"cies",6,3
"ArtSurf",329,0,0,"cies",6,4
"AtlScrub",5686,0,0,"cies",6,4
"BareArea",3742,0,0,"cies",6,4
"Crop",3,0,0,"cies",6,4
"DuneSand",232,0,0,"cies",6,4
"Grass",1926,0,0,"cies",6,4
"HydroRipVeg",100,0,0,"cies",6,4
"MedSclF",18,0,0,"cies",6,4
"Reforestation",2902,0,0,"cies",6,4
"RipF",133,0,0,"cies",6,4
"RockScreeVeg",28,0,0,"cies",6,4
"SMedMarF",2,0,0,"cies",6,4
"SaltMar",253,0,0,"cies",6,4
"Shrub",772,0,0,"cies",6,4
"TempDecF",261,0,0,"cies",6,4
"WaterSurf",95,0,0,"cies",6,4
"ArtSurf",329,0,0,"cies",6,5
"AtlScrub",5686,0,0,"cies",6,5
"BareArea",3742,0,0,"cies",6,5
"Crop",3,0,0,"cies",6,5
"DuneSand",232,0,0,"cies",6,5
"Grass",1926,0,0,"cies",6,5
"HydroRipVeg",100,0,0,"cies",6,5
"MedSclF",18,0,0,"cies",6,5
"Reforestation",2902,0,0,"cies",6,5
"RipF",133,0,0,"cies",6,5
"RockScreeVeg",28,0,0,"cies",6,5
"SMedMarF",2,0,0,"cies",6,5
"SaltMar",253,0,0,"cies",6,5
"Shrub",772,0,0,"cies",6,5
"TempDecF",261,0,0,"cies",6,5
"WaterSurf",95,0,0,"cies",6,5
"ArtSurf",329,0,0,"cies",6,6
"AtlScrub",5686,0,0,"cies",6,6
"BareArea",3742,0,0,"cies",6,6
"Crop",3,0,0,"cies",6,6
"DuneSand",232,0,0,"cies",6,6
"Grass",1926,0,0,"cies",6,6
"HydroRipVeg",100,0,0,"cies",6,6
"MedSclF",18,0,0,"cies",6,6
"Reforestation",2902,0,0,"cies",6,6
"RipF",133,0,0,"cies",6,6
"RockScreeVeg",28,0,0,"cies",6,6
"SMedMarF",2,0,0,"cies",6,6
"SaltMar",253,0,0,"cies",6,6
"Shrub",772,0,0,"cies",6,6
"TempDecF",261,0,0,"cies",6,6
"WaterSurf",95,0,0,"cies",6,6
"ArtSurf",329,0,0,"cies",6,7
"AtlScrub",5686,0,0,"cies",6,7
"BareArea",3742,0,0,"cies",6,7
"Crop",3,0,0,"cies",6,7
"DuneSand",232,0,0,"cies",6,7
"Grass",1926,0,0,"cies",6,7
"HydroRipVeg",100,0,0,"cies",6,7
"MedSclF",18,0,0,"cies",6,7
"Reforestation",2902,0,0,"cies",6,7
"RipF",133,0,0,"cies",6,7
"RockScreeVeg",28,0,0,"cies",6,7
"SMedMarF",2,0,0,"cies",6,7
"SaltMar",253,0,0,"cies",6,7
"Shrub",772,0,0,"cies",6,7
"TempDecF",261,0,0,"cies",6,7
"WaterSurf",95,0,0,"cies",6,7
"ArtSurf",329,0,0,"cies",6,8
"AtlScrub",5686,0,0,"cies",6,8
"BareArea",3742,0,0,"cies",6,8
"Crop",3,0,0,"cies",6,8
"DuneSand",232,0,0,"cies",6,8
"Grass",1926,0,0,"cies",6,8
"HydroRipVeg",100,0,0,"cies",6,8
"MedSclF",18,0,0,"cies",6,8
"Reforestation",2902,0,0,"cies",6,8
"RipF",133,0,0,"cies",6,8
"RockScreeVeg",28,0,0,"cies",6,8
"SMedMarF",2,0,0,"cies",6,8
"SaltMar",253,0,0,"cies",6,8
"Shrub",772,0,0,"cies",6,8
"TempDecF",261,0,0,"cies",6,8
"WaterSurf",95,0,0,"cies",6,8
"ArtSurf",329,0,0,"cies",6,9
"AtlScrub",5686,0,0,"cies",6,9
"BareArea",3742,0,0,"cies",6,9
"Crop",3,0,0,"cies",6,9
"DuneSand",232,0,0,"cies",6,9
"Grass",1926,0,0,"cies",6,9
"HydroRipVeg",100,0,0,"cies",6,9
"MedSclF",18,0,0,"cies",6,9
"Reforestation",2902,0,0,"cies",6,9
"RipF",133,0,0,"cies",6,9
"RockScreeVeg",28,0,0,"cies",6,9
"SMedMarF",2,0,0,"cies",6,9
"SaltMar",253,0,0,"cies",6,9
"Shrub",772,0,0,"cies",6,9
"TempDecF",261,0,0,"cies",6,9
"WaterSurf",95,0,0,"cies",6,9
"ArtSurf",329,0,0,"cies",6,10
"AtlScrub",5686,0,0,"cies",6,10
"BareArea",3742,0,0,"cies",6,10
"Crop",3,0,0,"cies",6,10
"DuneSand",232,0,0,"cies",6,10
"Grass",1926,0,0,"cies",6,10
"HydroRipVeg",100,0,0,"cies",6,10
"MedSclF",18,0,0,"cies",6,10
"Reforestation",2902,0,0,"cies",6,10
"RipF",133,0,0,"cies",6,10
"RockScreeVeg",28,0,0,"cies",6,10
"SMedMarF",2,0,0,"cies",6,10
"SaltMar",253,0,0,"cies",6,10
"Shrub",772,0,0,"cies",6,10
"TempDecF",261,0,0,"cies",6,10
"WaterSurf",95,0,0,"cies",6,10
"ArtSurf",329,0,0,"cies",6,11
"AtlScrub",5686,0,0,"cies",6,11
"BareArea",3742,0,0,"cies",6,11
"Crop",3,0,0,"cies",6,11
"DuneSand",232,0,0,"cies",6,11
"Grass",1926,0,0,"cies",6,11
"HydroRipVeg",100,0,0,"cies",6,11
"MedSclF",18,0,0,"cies",6,11
"Reforestation",2902,0,0,"cies",6,11
"RipF",133,0,0,"cies",6,11
"RockScreeVeg",28,0,0,"cies",6,11
"SMedMarF",2,0,0,"cies",6,11
"SaltMar",253,0,0,"cies",6,11
"Shrub",772,0,0,"cies",6,11
"TempDecF",261,0,0,"cies",6,11
"WaterSurf",95,0,0,"cies",6,11
"ArtSurf",329,0,0,"cies",6,12
"AtlScrub",5686,0,0,"cies",6,12
"BareArea",3742,0,0,"cies",6,12
"Crop",3,0,0,"cies",6,12
"DuneSand",232,0,0,"cies",6,12
"Grass",1926,0,0,"cies",6,12
"HydroRipVeg",100,0,0,"cies",6,12
"MedSclF",18,0,0,"cies",6,12
"Reforestation",2902,0,0,"cies",6,12
"RipF",133,0,0,"cies",6,12
"RockScreeVeg",28,0,0,"cies",6,12
"SMedMarF",2,0,0,"cies",6,12
"SaltMar",253,0,0,"cies",6,12
"Shrub",772,0,0,"cies",6,12
"TempDecF",261,0,0,"cies",6,12
"WaterSurf",95,0,0,"cies",6,12
"ArtSurf",329,0,0,"cies",9,1
"AtlScrub",5686,0,0,"cies",9,1
"BareArea",3742,0,0,"cies",9,1
"Crop",3,0,0,"cies",9,1
"DuneSand",232,0,0,"cies",9,1
"Grass",1926,0,0,"cies",9,1
"HydroRipVeg",100,0,0,"cies",9,1
"MedSclF",18,0,0,"cies",9,1
"Reforestation",2902,0,0,"cies",9,1
"RipF",133,0,0,"cies",9,1
"RockScreeVeg",28,0,0,"cies",9,1
"SMedMarF",2,0,0,"cies",9,1
"SaltMar",253,0,0,"cies",9,1
"Shrub",772,0,0,"cies",9,1
"TempDecF",261,0,0,"cies",9,1
"WaterSurf",95,0,0,"cies",9,1
"ArtSurf",329,0,0,"cies",9,2
"AtlScrub",5686,0,0,"cies",9,2
"BareArea",3742,0,0,"cies",9,2
"Crop",3,0,0,"cies",9,2
"DuneSand",232,0,0,"cies",9,2
"Grass",1926,0,0,"cies",9,2
"HydroRipVeg",100,0,0,"cies",9,2
"MedSclF",18,0,0,"cies",9,2
"Reforestation",2902,0,0,"cies",9,2
"RipF",133,0,0,"cies",9,2
"RockScreeVeg",28,0,0,"cies",9,2
"SMedMarF",2,0,0,"cies",9,2
"SaltMar",253,0,0,"cies",9,2
"Shrub",772,0,0,"cies",9,2
"TempDecF",261,0,0,"cies",9,2
"WaterSurf",95,0,0,"cies",9,2
"ArtSurf",329,0,0,"cies",9,3
"AtlScrub",5686,0,0,"cies",9,3
"BareArea",3742,0,0,"cies",9,3
"Crop",3,0,0,"cies",9,3
"DuneSand",232,0,0,"cies",9,3
"Grass",1926,0,0,"cies",9,3
"HydroRipVeg",100,0,0,"cies",9,3
"MedSclF",18,0,0,"cies",9,3
"Reforestation",2902,0,0,"cies",9,3
"RipF",133,0,0,"cies",9,3
"RockScreeVeg",28,0,0,"cies",9,3
"SMedMarF",2,0,0,"cies",9,3
"SaltMar",253,0,0,"cies",9,3
"Shrub",772,0,0,"cies",9,3
"TempDecF",261,0,0,"cies",9,3
"WaterSurf",95,0,0,"cies",9,3
"ArtSurf",329,0,0,"cies",9,4
"AtlScrub",5686,0,0,"cies",9,4
"BareArea",3742,0,0,"cies",9,4
"Crop",3,0,0,"cies",9,4
"DuneSand",232,0,0,"cies",9,4
"Grass",1926,0,0,"cies",9,4
"HydroRipVeg",100,0,0,"cies",9,4
"MedSclF",18,0,0,"cies",9,4
"Reforestation",2902,0,0,"cies",9,4
"RipF",133,0,0,"cies",9,4
"RockScreeVeg",28,0,0,"cies",9,4
"SMedMarF",2,0,0,"cies",9,4
"SaltMar",253,0,0,"cies",9,4
"Shrub",772,0,0,"cies",9,4
"TempDecF",261,0,0,"cies",9,4
"WaterSurf",95,0,0,"cies",9,4
"ArtSurf",329,0,0,"cies",9,5
"AtlScrub",5686,0,0,"cies",9,5
"BareArea",3742,0,0,"cies",9,5
"Crop",3,0,0,"cies",9,5
"DuneSand",232,0,0,"cies",9,5
"Grass",1926,0,0,"cies",9,5
"HydroRipVeg",100,0,0,"cies",9,5
"MedSclF",18,0,0,"cies",9,5
"Reforestation",2902,0,0,"cies",9,5
"RipF",133,0,0,"cies",9,5
"RockScreeVeg",28,0,0,"cies",9,5
"SMedMarF",2,0,0,"cies",9,5
"SaltMar",253,0,0,"cies",9,5
"Shrub",772,0,0,"cies",9,5
"TempDecF",261,0,0,"cies",9,5
"WaterSurf",95,0,0,"cies",9,5
"ArtSurf",329,0,0,"cies",9,6
"AtlScrub",5686,0,0,"cies",9,6
"BareArea",3742,0,0,"cies",9,6
"Crop",3,0,0,"cies",9,6
"DuneSand",232,0,0,"cies",9,6
"Grass",1926,0,0,"cies",9,6
"HydroRipVeg",100,0,0,"cies",9,6
"MedSclF",18,0,0,"cies",9,6
"Reforestation",2902,0,0,"cies",9,6
"RipF",133,0,0,"cies",9,6
"RockScreeVeg",28,0,0,"cies",9,6
"SMedMarF",2,0,0,"cies",9,6
"SaltMar",253,0,0,"cies",9,6
"Shrub",772,0,0,"cies",9,6
"TempDecF",261,0,0,"cies",9,6
"WaterSurf",95,0,0,"cies",9,6
"ArtSurf",329,0,0,"cies",9,7
"AtlScrub",5686,0,0,"cies",9,7
"BareArea",3742,0,0,"cies",9,7
"Crop",3,0,0,"cies",9,7
"DuneSand",232,0,0,"cies",9,7
"Grass",1926,0,0,"cies",9,7
"HydroRipVeg",100,0,0,"cies",9,7
"MedSclF",18,0,0,"cies",9,7
"Reforestation",2902,0,0,"cies",9,7
"RipF",133,0,0,"cies",9,7
"RockScreeVeg",28,0,0,"cies",9,7
"SMedMarF",2,0,0,"cies",9,7
"SaltMar",253,0,0,"cies",9,7
"Shrub",772,0,0,"cies",9,7
"TempDecF",261,0,0,"cies",9,7
"WaterSurf",95,0,0,"cies",9,7
"ArtSurf",329,0,0,"cies",9,8
"AtlScrub",5686,0,0,"cies",9,8
"BareArea",3742,0,0,"cies",9,8
"Crop",3,0,0,"cies",9,8
"DuneSand",232,0,0,"cies",9,8
"Grass",1926,0,0,"cies",9,8
"HydroRipVeg",100,0,0,"cies",9,8
"MedSclF",18,0,0,"cies",9,8
"Reforestation",2902,0,0,"cies",9,8
"RipF",133,0,0,"cies",9,8
"RockScreeVeg",28,0,0,"cies",9,8
"SMedMarF",2,0,0,"cies",9,8
"SaltMar",253,0,0,"cies",9,8
"Shrub",772,0,0,"cies",9,8
"TempDecF",261,0,0,"cies",9,8
"WaterSurf",95,0,0,"cies",9,8
"ArtSurf",329,0,0,"cies",9,9
"AtlScrub",5686,0,0,"cies",9,9
"BareArea",3742,0,0,"cies",9,9
"Crop",3,0,0,"cies",9,9
"DuneSand",232,0,0,"cies",9,9
"Grass",1926,0,0,"cies",9,9
"HydroRipVeg",100,0,0,"cies",9,9
"MedSclF",18,0,0,"cies",9,9
"Reforestation",2902,0,0,"cies",9,9
"RipF",133,0,0,"cies",9,9
"RockScreeVeg",28,0,0,"cies",9,9
"SMedMarF",2,0,0,"cies",9,9
"SaltMar",253,0,0,"cies",9,9
"Shrub",772,0,0,"cies",9,9
"TempDecF",261,0,0,"cies",9,9
"WaterSurf",95,0,0,"cies",9,9
"ArtSurf",329,0,0,"cies",9,10
"AtlScrub",5686,0,0,"cies",9,10
"BareArea",3742,0,0,"cies",9,10
"Crop",3,0,0,"cies",9,10
"DuneSand",232,0,0,"cies",9,10
"Grass",1926,0,0,"cies",9,10
"HydroRipVeg",100,0,0,"cies",9,10
"MedSclF",18,0,0,"cies",9,10
"Reforestation",2902,0,0,"cies",9,10
"RipF",133,0,0,"cies",9,10
"RockScreeVeg",28,0,0,"cies",9,10
"SMedMarF",2,0,0,"cies",9,10
"SaltMar",253,0,0,"cies",9,10
"Shrub",772,0,0,"cies",9,10
"TempDecF",261,0,0,"cies",9,10
"WaterSurf",95,0,0,"cies",9,10
"ArtSurf",329,0,0,"cies",9,11
"AtlScrub",5686,0,0,"cies",9,11
"BareArea",3742,0,0,"cies",9,11
"Crop",3,0,0,"cies",9,11
"DuneSand",232,0,0,"cies",9,11
"Grass",1926,0,0,"cies",9,11
"HydroRipVeg",100,0,0,"cies",9,11
"MedSclF",18,0,0,"cies",9,11
"Reforestation",2902,0,0,"cies",9,11
"RipF",133,0,0,"cies",9,11
"RockScreeVeg",28,0,0,"cies",9,11
"SMedMarF",2,0,0,"cies",9,11
"SaltMar",253,0,0,"cies",9,11
"Shrub",772,0,0,"cies",9,11
"TempDecF",261,0,0,"cies",9,11
"WaterSurf",95,0,0,"cies",9,11
"ArtSurf",329,0,0,"cies",9,12
"AtlScrub",5686,0,0,"cies",9,12
"BareArea",3742,0,0,"cies",9,12
"Crop",3,0,0,"cies",9,12
"DuneSand",232,0,0,"cies",9,12
"Grass",1926,0,0,"cies",9,12
"HydroRipVeg",100,0,0,"cies",9,12
"MedSclF",18,0,0,"cies",9,12
"Reforestation",2902,0,0,"cies",9,12
"RipF",133,0,0,"cies",9,12
"RockScreeVeg",28,0,0,"cies",9,12
"SMedMarF",2,0,0,"cies",9,12
"SaltMar",253,0,0,"cies",9,12
"Shrub",772,0,0,"cies",9,12
"TempDecF",261,0,0,"cies",9,12
"WaterSurf",95,0,0,"cies",9,12
"ArtSurf",329,0,0,"cies",12,1
"AtlScrub",5686,0,0,"cies",12,1
"BareArea",3742,0,0,"cies",12,1
"Crop",3,0,0,"cies",12,1
"DuneSand",232,0,0,"cies",12,1
"Grass",1926,0,0,"cies",12,1
"HydroRipVeg",100,0,0,"cies",12,1
"MedSclF",18,0,0,"cies",12,1
"Reforestation",2902,0,0,"cies",12,1
"RipF",133,0,0,"cies",12,1
"RockScreeVeg",28,0,0,"cies",12,1
"SMedMarF",2,0,0,"cies",12,1
"SaltMar",253,0,0,"cies",12,1
"Shrub",772,0,0,"cies",12,1
"TempDecF",261,0,0,"cies",12,1
"WaterSurf",95,0,0,"cies",12,1
"ArtSurf",329,0,0,"cies",12,2
"AtlScrub",5686,0,0,"cies",12,2
"BareArea",3742,0,0,"cies",12,2
"Crop",3,0,0,"cies",12,2
"DuneSand",232,0,0,"cies",12,2
"Grass",1926,0,0,"cies",12,2
"HydroRipVeg",100,0,0,"cies",12,2
"MedSclF",18,0,0,"cies",12,2
"Reforestation",2902,0,0,"cies",12,2
"RipF",133,0,0,"cies",12,2
"RockScreeVeg",28,0,0,"cies",12,2
"SMedMarF",2,0,0,"cies",12,2
"SaltMar",253,0,0,"cies",12,2
"Shrub",772,0,0,"cies",12,2
"TempDecF",261,0,0,"cies",12,2
"WaterSurf",95,0,0,"cies",12,2
"ArtSurf",329,0,0,"cies",12,3
"AtlScrub",5686,0,0,"cies",12,3
"BareArea",3742,0,0,"cies",12,3
"Crop",3,0,0,"cies",12,3
"DuneSand",232,0,0,"cies",12,3
"Grass",1926,0,0,"cies",12,3
"HydroRipVeg",100,0,0,"cies",12,3
"MedSclF",18,0,0,"cies",12,3
"Reforestation",2902,0,0,"cies",12,3
"RipF",133,0,0,"cies",12,3
"RockScreeVeg",28,0,0,"cies",12,3
"SMedMarF",2,0,0,"cies",12,3
"SaltMar",253,0,0,"cies",12,3
"Shrub",772,0,0,"cies",12,3
"TempDecF",261,0,0,"cies",12,3
"WaterSurf",95,0,0,"cies",12,3
"ArtSurf",329,0,0,"cies",12,4
"AtlScrub",5686,0,0,"cies",12,4
"BareArea",3742,0,0,"cies",12,4
"Crop",3,0,0,"cies",12,4
"DuneSand",232,0,0,"cies",12,4
"Grass",1926,0,0,"cies",12,4
"HydroRipVeg",100,0,0,"cies",12,4
"MedSclF",18,0,0,"cies",12,4
"Reforestation",2902,0,0,"cies",12,4
"RipF",133,0,0,"cies",12,4
"RockScreeVeg",28,0,0,"cies",12,4
"SMedMarF",2,0,0,"cies",12,4
"SaltMar",253,0,0,"cies",12,4
"Shrub",772,0,0,"cies",12,4
"TempDecF",261,0,0,"cies",12,4
"WaterSurf",95,0,0,"cies",12,4
"ArtSurf",329,0,0,"cies",12,5
"AtlScrub",5686,0,0,"cies",12,5
"BareArea",3742,0,0,"cies",12,5
"Crop",3,0,0,"cies",12,5
"DuneSand",232,0,0,"cies",12,5
"Grass",1926,0,0,"cies",12,5
"HydroRipVeg",100,0,0,"cies",12,5
"MedSclF",18,0,0,"cies",12,5
"Reforestation",2902,0,0,"cies",12,5
"RipF",133,0,0,"cies",12,5
"RockScreeVeg",28,0,0,"cies",12,5
"SMedMarF",2,0,0,"cies",12,5
"SaltMar",253,0,0,"cies",12,5
"Shrub",772,0,0,"cies",12,5
"TempDecF",261,0,0,"cies",12,5
"WaterSurf",95,0,0,"cies",12,5
"ArtSurf",329,0,0,"cies",12,6
"AtlScrub",5686,0,0,"cies",12,6
"BareArea",3742,0,0,"cies",12,6
"Crop",3,0,0,"cies",12,6
"DuneSand",232,0,0,"cies",12,6
"Grass",1926,0,0,"cies",12,6
"HydroRipVeg",100,0,0,"cies",12,6
"MedSclF",18,0,0,"cies",12,6
"Reforestation",2902,0,0,"cies",12,6
"RipF",133,0,0,"cies",12,6
"RockScreeVeg",28,0,0,"cies",12,6
"SMedMarF",2,0,0,"cies",12,6
"SaltMar",253,0,0,"cies",12,6
"Shrub",772,0,0,"cies",12,6
"TempDecF",261,0,0,"cies",12,6
"WaterSurf",95,0,0,"cies",12,6
"ArtSurf",329,0,0,"cies",12,7
"AtlScrub",5686,0,0,"cies",12,7
"BareArea",3742,0,0,"cies",12,7
"Crop",3,0,0,"cies",12,7
"DuneSand",232,0,0,"cies",12,7
"Grass",1926,0,0,"cies",12,7
"HydroRipVeg",100,0,0,"cies",12,7
"MedSclF",18,0,0,"cies",12,7
"Reforestation",2902,0,0,"cies",12,7
"RipF",133,0,0,"cies",12,7
"RockScreeVeg",28,0,0,"cies",12,7
"SMedMarF",2,0,0,"cies",12,7
"SaltMar",253,0,0,"cies",12,7
"Shrub",772,0,0,"cies",12,7
"TempDecF",261,0,0,"cies",12,7
"WaterSurf",95,0,0,"cies",12,7
"ArtSurf",329,0,0,"cies",12,8
"AtlScrub",5686,0,0,"cies",12,8
"BareArea",3742,2,0.05,"cies",12,8
"Crop",3,0,0,"cies",12,8
"DuneSand",232,1,0.43,"cies",12,8
"Grass",1926,2,0.1,"cies",12,8
"HydroRipVeg",100,0,0,"cies",12,8
"MedSclF",18,0,0,"cies",12,8
"Reforestation",2902,0,0,"cies",12,8
"RipF",133,0,0,"cies",12,8
"RockScreeVeg",28,0,0,"cies",12,8
"SMedMarF",2,0,0,"cies",12,8
"SaltMar",253,0,0,"cies",12,8
"Shrub",772,0,0,"cies",12,8
"TempDecF",261,0,0,"cies",12,8
"WaterSurf",95,0,0,"cies",12,8
"ArtSurf",329,0,0,"cies",12,9
"AtlScrub",5686,0,0,"cies",12,9
"BareArea",3742,0,0,"cies",12,9
"Crop",3,0,0,"cies",12,9
"DuneSand",232,0,0,"cies",12,9
"Grass",1926,0,0,"cies",12,9
"HydroRipVeg",100,0,0,"cies",12,9
"MedSclF",18,0,0,"cies",12,9
"Reforestation",2902,0,0,"cies",12,9
"RipF",133,0,0,"cies",12,9
"RockScreeVeg",28,0,0,"cies",12,9
"SMedMarF",2,0,0,"cies",12,9
"SaltMar",253,0,0,"cies",12,9
"Shrub",772,0,0,"cies",12,9
"TempDecF",261,0,0,"cies",12,9
"WaterSurf",95,0,0,"cies",12,9
"ArtSurf",329,0,0,"cies",12,10
"AtlScrub",5686,0,0,"cies",12,10
"BareArea",3742,0,0,"cies",12,10
"Crop",3,0,0,"cies",12,10
"DuneSand",232,0,0,"cies",12,10
"Grass",1926,0,0,"cies",12,10
"HydroRipVeg",100,0,0,"cies",12,10
"MedSclF",18,0,0,"cies",12,10
"Reforestation",2902,0,0,"cies",12,10
"RipF",133,0,0,"cies",12,10
"RockScreeVeg",28,0,0,"cies",12,10
"SMedMarF",2,0,0,"cies",12,10
"SaltMar",253,0,0,"cies",12,10
"Shrub",772,0,0,"cies",12,10
"TempDecF",261,0,0,"cies",12,10
"WaterSurf",95,0,0,"cies",12,10
"ArtSurf",329,0,0,"cies",12,11
"AtlScrub",5686,0,0,"cies",12,11
"BareArea",3742,0,0,"cies",12,11
"Crop",3,0,0,"cies",12,11
"DuneSand",232,0,0,"cies",12,11
"Grass",1926,0,0,"cies",12,11
"HydroRipVeg",100,0,0,"cies",12,11
"MedSclF",18,0,0,"cies",12,11
"Reforestation",2902,0,0,"cies",12,11
"RipF",133,0,0,"cies",12,11
"RockScreeVeg",28,0,0,"cies",12,11
"SMedMarF",2,0,0,"cies",12,11
"SaltMar",253,0,0,"cies",12,11
"Shrub",772,0,0,"cies",12,11
"TempDecF",261,0,0,"cies",12,11
"WaterSurf",95,0,0,"cies",12,11
"ArtSurf",329,0,0,"cies",12,12
"AtlScrub",5686,0,0,"cies",12,12
"BareArea",3742,0,0,"cies",12,12
"Crop",3,0,0,"cies",12,12
"DuneSand",232,0,0,"cies",12,12
"Grass",1926,0,0,"cies",12,12
"HydroRipVeg",100,0,0,"cies",12,12
"MedSclF",18,0,0,"cies",12,12
"Reforestation",2902,0,0,"cies",12,12
"RipF",133,0,0,"cies",12,12
"RockScreeVeg",28,0,0,"cies",12,12
"SMedMarF",2,0,0,"cies",12,12
"SaltMar",253,0,0,"cies",12,12
"Shrub",772,0,0,"cies",12,12
"TempDecF",261,0,0,"cies",12,12
"WaterSurf",95,0,0,"cies",12,12
"ArtSurf",2849,0,0,"monfrague",1,1
"Crop",1332,0,0,"monfrague",1,1
"Dehesa",17271,0,0,"monfrague",1,1
"Grass",5942,0,0,"monfrague",1,1
"HydroRipVeg",2264,0,0,"monfrague",1,1
"MedSclF",34504,0,0,"monfrague",1,1
"MedScrub",121317,0,0,"monfrague",1,1
"Reforestation",22719,0,0,"monfrague",1,1
"RipF",1179,0,0,"monfrague",1,1
"RockScreeVeg",16028,0,0,"monfrague",1,1
"SMedMarF",6002,0,0,"monfrague",1,1
"Shrub",13653,0,0,"monfrague",1,1
"WaterSurf",15572,0,0,"monfrague",1,1
"ArtSurf",2849,0,0,"monfrague",1,2
"Crop",1332,0,0,"monfrague",1,2
"Dehesa",17271,0,0,"monfrague",1,2
"Grass",5942,0,0,"monfrague",1,2
"HydroRipVeg",2264,0,0,"monfrague",1,2
"MedSclF",34504,0,0,"monfrague",1,2
"MedScrub",121317,0,0,"monfrague",1,2
"Reforestation",22719,0,0,"monfrague",1,2
"RipF",1179,0,0,"monfrague",1,2
"RockScreeVeg",16028,0,0,"monfrague",1,2
"SMedMarF",6002,0,0,"monfrague",1,2
"Shrub",13653,0,0,"monfrague",1,2
"WaterSurf",15572,0,0,"monfrague",1,2
"ArtSurf",2849,0,0,"monfrague",1,3
"Crop",1332,0,0,"monfrague",1,3
"Dehesa",17271,0,0,"monfrague",1,3
"Grass",5942,0,0,"monfrague",1,3
"HydroRipVeg",2264,0,0,"monfrague",1,3
"MedSclF",34504,0,0,"monfrague",1,3
"MedScrub",121317,0,0,"monfrague",1,3
"Reforestation",22719,0,0,"monfrague",1,3
"RipF",1179,0,0,"monfrague",1,3
"RockScreeVeg",16028,0,0,"monfrague",1,3
"SMedMarF",6002,0,0,"monfrague",1,3
"Shrub",13653,0,0,"monfrague",1,3
"WaterSurf",15572,0,0,"monfrague",1,3
"ArtSurf",2849,0,0,"monfrague",1,4
"Crop",1332,0,0,"monfrague",1,4
"Dehesa",17271,0,0,"monfrague",1,4
"Grass",5942,0,0,"monfrague",1,4
"HydroRipVeg",2264,0,0,"monfrague",1,4
"MedSclF",34504,0,0,"monfrague",1,4
"MedScrub",121317,0,0,"monfrague",1,4
"Reforestation",22719,0,0,"monfrague",1,4
"RipF",1179,0,0,"monfrague",1,4
"RockScreeVeg",16028,0,0,"monfrague",1,4
"SMedMarF",6002,0,0,"monfrague",1,4
"Shrub",13653,0,0,"monfrague",1,4
"WaterSurf",15572,0,0,"monfrague",1,4
"ArtSurf",2849,0,0,"monfrague",1,5
"Crop",1332,0,0,"monfrague",1,5
"Dehesa",17271,0,0,"monfrague",1,5
"Grass",5942,0,0,"monfrague",1,5
"HydroRipVeg",2264,0,0,"monfrague",1,5
"MedSclF",34504,0,0,"monfrague",1,5
"MedScrub",121317,0,0,"monfrague",1,5
"Reforestation",22719,0,0,"monfrague",1,5
"RipF",1179,0,0,"monfrague",1,5
"RockScreeVeg",16028,0,0,"monfrague",1,5
"SMedMarF",6002,0,0,"monfrague",1,5
"Shrub",13653,0,0,"monfrague",1,5
"WaterSurf",15572,0,0,"monfrague",1,5
"ArtSurf",2849,0,0,"monfrague",1,6
"Crop",1332,0,0,"monfrague",1,6
"Dehesa",17271,0,0,"monfrague",1,6
"Grass",5942,0,0,"monfrague",1,6
"HydroRipVeg",2264,0,0,"monfrague",1,6
"MedSclF",34504,0,0,"monfrague",1,6
"MedScrub",121317,0,0,"monfrague",1,6
"Reforestation",22719,0,0,"monfrague",1,6
"RipF",1179,0,0,"monfrague",1,6
"RockScreeVeg",16028,0,0,"monfrague",1,6
"SMedMarF",6002,0,0,"monfrague",1,6
"Shrub",13653,0,0,"monfrague",1,6
"WaterSurf",15572,2,0.01,"monfrague",1,6
"ArtSurf",2849,1,0.04,"monfrague",1,7
"Crop",1332,0,0,"monfrague",1,7
"Dehesa",17271,0,0,"monfrague",1,7
"Grass",5942,0,0,"monfrague",1,7
"HydroRipVeg",2264,0,0,"monfrague",1,7
"MedSclF",34504,0,0,"monfrague",1,7
"MedScrub",121317,21,0.02,"monfrague",1,7
"Reforestation",22719,0,0,"monfrague",1,7
"RipF",1179,0,0,"monfrague",1,7
"RockScreeVeg",16028,0,0,"monfrague",1,7
"SMedMarF",6002,0,0,"monfrague",1,7
"Shrub",13653,0,0,"monfrague",1,7
"WaterSurf",15572,16,0.1,"monfrague",1,7
"ArtSurf",2849,0,0,"monfrague",1,8
"Crop",1332,0,0,"monfrague",1,8
"Dehesa",17271,0,0,"monfrague",1,8
"Grass",5942,0,0,"monfrague",1,8
"HydroRipVeg",2264,0,0,"monfrague",1,8
"MedSclF",34504,0,0,"monfrague",1,8
"MedScrub",121317,0,0,"monfrague",1,8
"Reforestation",22719,0,0,"monfrague",1,8
"RipF",1179,0,0,"monfrague",1,8
"RockScreeVeg",16028,0,0,"monfrague",1,8
"SMedMarF",6002,0,0,"monfrague",1,8
"Shrub",13653,0,0,"monfrague",1,8
"WaterSurf",15572,0,0,"monfrague",1,8
"ArtSurf",2849,0,0,"monfrague",1,9
"Crop",1332,0,0,"monfrague",1,9
"Dehesa",17271,0,0,"monfrague",1,9
"Grass",5942,0,0,"monfrague",1,9
"HydroRipVeg",2264,0,0,"monfrague",1,9
"MedSclF",34504,0,0,"monfrague",1,9
"MedScrub",121317,0,0,"monfrague",1,9
"Reforestation",22719,0,0,"monfrague",1,9
"RipF",1179,0,0,"monfrague",1,9
"RockScreeVeg",16028,0,0,"monfrague",1,9
"SMedMarF",6002,0,0,"monfrague",1,9
"Shrub",13653,0,0,"monfrague",1,9
"WaterSurf",15572,0,0,"monfrague",1,9
"ArtSurf",2849,0,0,"monfrague",1,10
"Crop",1332,0,0,"monfrague",1,10
"Dehesa",17271,0,0,"monfrague",1,10
"Grass",5942,0,0,"monfrague",1,10
"HydroRipVeg",2264,0,0,"monfrague",1,10
"MedSclF",34504,0,0,"monfrague",1,10
"MedScrub",121317,0,0,"monfrague",1,10
"Reforestation",22719,0,0,"monfrague",1,10
"RipF",1179,0,0,"monfrague",1,10
"RockScreeVeg",16028,0,0,"monfrague",1,10
"SMedMarF",6002,0,0,"monfrague",1,10
"Shrub",13653,0,0,"monfrague",1,10
"WaterSurf",15572,0,0,"monfrague",1,10
"ArtSurf",2849,0,0,"monfrague",1,11
"Crop",1332,0,0,"monfrague",1,11
"Dehesa",17271,0,0,"monfrague",1,11
"Grass",5942,0,0,"monfrague",1,11
"HydroRipVeg",2264,0,0,"monfrague",1,11
"MedSclF",34504,0,0,"monfrague",1,11
"MedScrub",121317,0,0,"monfrague",1,11
"Reforestation",22719,0,0,"monfrague",1,11
"RipF",1179,0,0,"monfrague",1,11
"RockScreeVeg",16028,0,0,"monfrague",1,11
"SMedMarF",6002,0,0,"monfrague",1,11
"Shrub",13653,0,0,"monfrague",1,11
"WaterSurf",15572,0,0,"monfrague",1,11
"ArtSurf",2849,0,0,"monfrague",1,12
"Crop",1332,0,0,"monfrague",1,12
"Dehesa",17271,1,0.01,"monfrague",1,12
"Grass",5942,0,0,"monfrague",1,12
"HydroRipVeg",2264,0,0,"monfrague",1,12
"MedSclF",34504,8,0.02,"monfrague",1,12
"MedScrub",121317,23,0.02,"monfrague",1,12
"Reforestation",22719,0,0,"monfrague",1,12
"RipF",1179,0,0,"monfrague",1,12
"RockScreeVeg",16028,1,0.01,"monfrague",1,12
"SMedMarF",6002,1,0.02,"monfrague",1,12
"Shrub",13653,0,0,"monfrague",1,12
"WaterSurf",15572,0,0,"monfrague",1,12
"ArtSurf",2849,0,0,"monfrague",3,1
"Crop",1332,0,0,"monfrague",3,1
"Dehesa",17271,0,0,"monfrague",3,1
"Grass",5942,0,0,"monfrague",3,1
"HydroRipVeg",2264,0,0,"monfrague",3,1
"MedSclF",34504,0,0,"monfrague",3,1
"MedScrub",121317,0,0,"monfrague",3,1
"Reforestation",22719,0,0,"monfrague",3,1
"RipF",1179,0,0,"monfrague",3,1
"RockScreeVeg",16028,0,0,"monfrague",3,1
"SMedMarF",6002,0,0,"monfrague",3,1
"Shrub",13653,0,0,"monfrague",3,1
"WaterSurf",15572,0,0,"monfrague",3,1
"ArtSurf",2849,0,0,"monfrague",3,2
"Crop",1332,0,0,"monfrague",3,2
"Dehesa",17271,0,0,"monfrague",3,2
"Grass",5942,0,0,"monfrague",3,2
"HydroRipVeg",2264,0,0,"monfrague",3,2
"MedSclF",34504,0,0,"monfrague",3,2
"MedScrub",121317,0,0,"monfrague",3,2
"Reforestation",22719,0,0,"monfrague",3,2
"RipF",1179,0,0,"monfrague",3,2
"RockScreeVeg",16028,0,0,"monfrague",3,2
"SMedMarF",6002,0,0,"monfrague",3,2
"Shrub",13653,0,0,"monfrague",3,2
"WaterSurf",15572,0,0,"monfrague",3,2
"ArtSurf",2849,0,0,"monfrague",3,3
"Crop",1332,0,0,"monfrague",3,3
"Dehesa",17271,0,0,"monfrague",3,3
"Grass",5942,0,0,"monfrague",3,3
"HydroRipVeg",2264,0,0,"monfrague",3,3
"MedSclF",34504,0,0,"monfrague",3,3
"MedScrub",121317,0,0,"monfrague",3,3
"Reforestation",22719,0,0,"monfrague",3,3
"RipF",1179,0,0,"monfrague",3,3
"RockScreeVeg",16028,0,0,"monfrague",3,3
"SMedMarF",6002,0,0,"monfrague",3,3
"Shrub",13653,0,0,"monfrague",3,3
"WaterSurf",15572,0,0,"monfrague",3,3
"ArtSurf",2849,0,0,"monfrague",3,4
"Crop",1332,0,0,"monfrague",3,4
"Dehesa",17271,0,0,"monfrague",3,4
"Grass",5942,0,0,"monfrague",3,4
"HydroRipVeg",2264,0,0,"monfrague",3,4
"MedSclF",34504,0,0,"monfrague",3,4
"MedScrub",121317,0,0,"monfrague",3,4
"Reforestation",22719,0,0,"monfrague",3,4
"RipF",1179,0,0,"monfrague",3,4
"RockScreeVeg",16028,0,0,"monfrague",3,4
"SMedMarF",6002,0,0,"monfrague",3,4
"Shrub",13653,0,0,"monfrague",3,4
"WaterSurf",15572,0,0,"monfrague",3,4
"ArtSurf",2849,1,0.04,"monfrague",3,5
"Crop",1332,0,0,"monfrague",3,5
"Dehesa",17271,0,0,"monfrague",3,5
"Grass",5942,0,0,"monfrague",3,5
"HydroRipVeg",2264,146,6.45,"monfrague",3,5
"MedSclF",34504,0,0,"monfrague",3,5
"MedScrub",121317,0,0,"monfrague",3,5
"Reforestation",22719,0,0,"monfrague",3,5
"RipF",1179,1,0.08,"monfrague",3,5
"RockScreeVeg",16028,1,0.01,"monfrague",3,5
"SMedMarF",6002,0,0,"monfrague",3,5
"Shrub",13653,0,0,"monfrague",3,5
"WaterSurf",15572,442,2.84,"monfrague",3,5
"ArtSurf",2849,0,0,"monfrague",3,6
"Crop",1332,0,0,"monfrague",3,6
"Dehesa",17271,0,0,"monfrague",3,6
"Grass",5942,0,0,"monfrague",3,6
"HydroRipVeg",2264,2,0.09,"monfrague",3,6
"MedSclF",34504,0,0,"monfrague",3,6
"MedScrub",121317,0,0,"monfrague",3,6
"Reforestation",22719,0,0,"monfrague",3,6
"RipF",1179,0,0,"monfrague",3,6
"RockScreeVeg",16028,0,0,"monfrague",3,6
"SMedMarF",6002,0,0,"monfrague",3,6
"Shrub",13653,0,0,"monfrague",3,6
"WaterSurf",15572,3,0.02,"monfrague",3,6
"ArtSurf",2849,0,0,"monfrague",3,7
"Crop",1332,0,0,"monfrague",3,7
"Dehesa",17271,0,0,"monfrague",3,7
"Grass",5942,0,0,"monfrague",3,7
"HydroRipVeg",2264,4,0.18,"monfrague",3,7
"MedSclF",34504,0,0,"monfrague",3,7
"MedScrub",121317,0,0,"monfrague",3,7
"Reforestation",22719,0,0,"monfrague",3,7
"RipF",1179,0,0,"monfrague",3,7
"RockScreeVeg",16028,0,0,"monfrague",3,7
"SMedMarF",6002,0,0,"monfrague",3,7
"Shrub",13653,0,0,"monfrague",3,7
"WaterSurf",15572,17,0.11,"monfrague",3,7
"ArtSurf",2849,0,0,"monfrague",3,8
"Crop",1332,0,0,"monfrague",3,8
"Dehesa",17271,0,0,"monfrague",3,8
"Grass",5942,0,0,"monfrague",3,8
"HydroRipVeg",2264,0,0,"monfrague",3,8
"MedSclF",34504,0,0,"monfrague",3,8
"MedScrub",121317,0,0,"monfrague",3,8
"Reforestation",22719,0,0,"monfrague",3,8
"RipF",1179,0,0,"monfrague",3,8
"RockScreeVeg",16028,0,0,"monfrague",3,8
"SMedMarF",6002,0,0,"monfrague",3,8
"Shrub",13653,0,0,"monfrague",3,8
"WaterSurf",15572,0,0,"monfrague",3,8
"ArtSurf",2849,0,0,"monfrague",3,9
"Crop",1332,0,0,"monfrague",3,9
"Dehesa",17271,0,0,"monfrague",3,9
"Grass",5942,0,0,"monfrague",3,9
"HydroRipVeg",2264,0,0,"monfrague",3,9
"MedSclF",34504,0,0,"monfrague",3,9
"MedScrub",121317,0,0,"monfrague",3,9
"Reforestation",22719,0,0,"monfrague",3,9
"RipF",1179,0,0,"monfrague",3,9
"RockScreeVeg",16028,0,0,"monfrague",3,9
"SMedMarF",6002,0,0,"monfrague",3,9
"Shrub",13653,0,0,"monfrague",3,9
"WaterSurf",15572,0,0,"monfrague",3,9
"ArtSurf",2849,0,0,"monfrague",3,10
"Crop",1332,0,0,"monfrague",3,10
"Dehesa",17271,0,0,"monfrague",3,10
"Grass",5942,0,0,"monfrague",3,10
"HydroRipVeg",2264,0,0,"monfrague",3,10
"MedSclF",34504,0,0,"monfrague",3,10
"MedScrub",121317,0,0,"monfrague",3,10
"Reforestation",22719,0,0,"monfrague",3,10
"RipF",1179,0,0,"monfrague",3,10
"RockScreeVeg",16028,0,0,"monfrague",3,10
"SMedMarF",6002,0,0,"monfrague",3,10
"Shrub",13653,0,0,"monfrague",3,10
"WaterSurf",15572,0,0,"monfrague",3,10
"ArtSurf",2849,0,0,"monfrague",3,11
"Crop",1332,0,0,"monfrague",3,11
"Dehesa",17271,0,0,"monfrague",3,11
"Grass",5942,0,0,"monfrague",3,11
"HydroRipVeg",2264,0,0,"monfrague",3,11
"MedSclF",34504,0,0,"monfrague",3,11
"MedScrub",121317,0,0,"monfrague",3,11
"Reforestation",22719,0,0,"monfrague",3,11
"RipF",1179,0,0,"monfrague",3,11
"RockScreeVeg",16028,0,0,"monfrague",3,11
"SMedMarF",6002,0,0,"monfrague",3,11
"Shrub",13653,0,0,"monfrague",3,11
"WaterSurf",15572,0,0,"monfrague",3,11
"ArtSurf",2849,0,0,"monfrague",3,12
"Crop",1332,0,0,"monfrague",3,12
"Dehesa",17271,0,0,"monfrague",3,12
"Grass",5942,0,0,"monfrague",3,12
"HydroRipVeg",2264,0,0,"monfrague",3,12
"MedSclF",34504,0,0,"monfrague",3,12
"MedScrub",121317,0,0,"monfrague",3,12
"Reforestation",22719,0,0,"monfrague",3,12
"RipF",1179,0,0,"monfrague",3,12
"RockScreeVeg",16028,0,0,"monfrague",3,12
"SMedMarF",6002,0,0,"monfrague",3,12
"Shrub",13653,0,0,"monfrague",3,12
"WaterSurf",15572,0,0,"monfrague",3,12
"ArtSurf",2849,0,0,"monfrague",6,1
"Crop",1332,0,0,"monfrague",6,1
"Dehesa",17271,0,0,"monfrague",6,1
"Grass",5942,0,0,"monfrague",6,1
"HydroRipVeg",2264,0,0,"monfrague",6,1
"MedSclF",34504,0,0,"monfrague",6,1
"MedScrub",121317,0,0,"monfrague",6,1
"Reforestation",22719,0,0,"monfrague",6,1
"RipF",1179,0,0,"monfrague",6,1
"RockScreeVeg",16028,0,0,"monfrague",6,1
"SMedMarF",6002,0,0,"monfrague",6,1
"Shrub",13653,0,0,"monfrague",6,1
"WaterSurf",15572,0,0,"monfrague",6,1
"ArtSurf",2849,0,0,"monfrague",6,2
"Crop",1332,0,0,"monfrague",6,2
"Dehesa",17271,0,0,"monfrague",6,2
"Grass",5942,0,0,"monfrague",6,2
"HydroRipVeg",2264,0,0,"monfrague",6,2
"MedSclF",34504,0,0,"monfrague",6,2
"MedScrub",121317,0,0,"monfrague",6,2
"Reforestation",22719,0,0,"monfrague",6,2
"RipF",1179,0,0,"monfrague",6,2
"RockScreeVeg",16028,0,0,"monfrague",6,2
"SMedMarF",6002,0,0,"monfrague",6,2
"Shrub",13653,0,0,"monfrague",6,2
"WaterSurf",15572,0,0,"monfrague",6,2
"ArtSurf",2849,0,0,"monfrague",6,3
"Crop",1332,0,0,"monfrague",6,3
"Dehesa",17271,0,0,"monfrague",6,3
"Grass",5942,0,0,"monfrague",6,3
"HydroRipVeg",2264,0,0,"monfrague",6,3
"MedSclF",34504,0,0,"monfrague",6,3
"MedScrub",121317,0,0,"monfrague",6,3
"Reforestation",22719,0,0,"monfrague",6,3
"RipF",1179,0,0,"monfrague",6,3
"RockScreeVeg",16028,0,0,"monfrague",6,3
"SMedMarF",6002,0,0,"monfrague",6,3
"Shrub",13653,0,0,"monfrague",6,3
"WaterSurf",15572,0,0,"monfrague",6,3
"ArtSurf",2849,0,0,"monfrague",6,4
"Crop",1332,0,0,"monfrague",6,4
"Dehesa",17271,0,0,"monfrague",6,4
"Grass",5942,0,0,"monfrague",6,4
"HydroRipVeg",2264,0,0,"monfrague",6,4
"MedSclF",34504,0,0,"monfrague",6,4
"MedScrub",121317,0,0,"monfrague",6,4
"Reforestation",22719,0,0,"monfrague",6,4
"RipF",1179,0,0,"monfrague",6,4
"RockScreeVeg",16028,0,0,"monfrague",6,4
"SMedMarF",6002,0,0,"monfrague",6,4
"Shrub",13653,0,0,"monfrague",6,4
"WaterSurf",15572,0,0,"monfrague",6,4
"ArtSurf",2849,0,0,"monfrague",6,5
"Crop",1332,0,0,"monfrague",6,5
"Dehesa",17271,0,0,"monfrague",6,5
"Grass",5942,0,0,"monfrague",6,5
"HydroRipVeg",2264,45,1.99,"monfrague",6,5
"MedSclF",34504,0,0,"monfrague",6,5
"MedScrub",121317,1,0,"monfrague",6,5
"Reforestation",22719,1,0,"monfrague",6,5
"RipF",1179,0,0,"monfrague",6,5
"RockScreeVeg",16028,0,0,"monfrague",6,5
"SMedMarF",6002,0,0,"monfrague",6,5
"Shrub",13653,0,0,"monfrague",6,5
"WaterSurf",15572,104,0.67,"monfrague",6,5
"ArtSurf",2849,0,0,"monfrague",6,6
"Crop",1332,0,0,"monfrague",6,6
"Dehesa",17271,0,0,"monfrague",6,6
"Grass",5942,0,0,"monfrague",6,6
"HydroRipVeg",2264,23,1.02,"monfrague",6,6
"MedSclF",34504,0,0,"monfrague",6,6
"MedScrub",121317,0,0,"monfrague",6,6
"Reforestation",22719,0,0,"monfrague",6,6
"RipF",1179,0,0,"monfrague",6,6
"RockScreeVeg",16028,0,0,"monfrague",6,6
"SMedMarF",6002,0,0,"monfrague",6,6
"Shrub",13653,0,0,"monfrague",6,6
"WaterSurf",15572,3,0.02,"monfrague",6,6
"ArtSurf",2849,0,0,"monfrague",6,7
"Crop",1332,0,0,"monfrague",6,7
"Dehesa",17271,0,0,"monfrague",6,7
"Grass",5942,0,0,"monfrague",6,7
"HydroRipVeg",2264,25,1.1,"monfrague",6,7
"MedSclF",34504,0,0,"monfrague",6,7
"MedScrub",121317,0,0,"monfrague",6,7
"Reforestation",22719,0,0,"monfrague",6,7
"RipF",1179,0,0,"monfrague",6,7
"RockScreeVeg",16028,0,0,"monfrague",6,7
"SMedMarF",6002,0,0,"monfrague",6,7
"Shrub",13653,0,0,"monfrague",6,7
"WaterSurf",15572,7,0.04,"monfrague",6,7
"ArtSurf",2849,1,0.04,"monfrague",6,8
"Crop",1332,0,0,"monfrague",6,8
"Dehesa",17271,0,0,"monfrague",6,8
"Grass",5942,0,0,"monfrague",6,8
"HydroRipVeg",2264,0,0,"monfrague",6,8
"MedSclF",34504,0,0,"monfrague",6,8
"MedScrub",121317,0,0,"monfrague",6,8
"Reforestation",22719,0,0,"monfrague",6,8
"RipF",1179,0,0,"monfrague",6,8
"RockScreeVeg",16028,0,0,"monfrague",6,8
"SMedMarF",6002,0,0,"monfrague",6,8
"Shrub",13653,0,0,"monfrague",6,8
"WaterSurf",15572,0,0,"monfrague",6,8
"ArtSurf",2849,0,0,"monfrague",6,9
"Crop",1332,0,0,"monfrague",6,9
"Dehesa",17271,0,0,"monfrague",6,9
"Grass",5942,0,0,"monfrague",6,9
"HydroRipVeg",2264,0,0,"monfrague",6,9
"MedSclF",34504,0,0,"monfrague",6,9
"MedScrub",121317,0,0,"monfrague",6,9
"Reforestation",22719,0,0,"monfrague",6,9
"RipF",1179,0,0,"monfrague",6,9
"RockScreeVeg",16028,0,0,"monfrague",6,9
"SMedMarF",6002,0,0,"monfrague",6,9
"Shrub",13653,0,0,"monfrague",6,9
"WaterSurf",15572,0,0,"monfrague",6,9
"ArtSurf",2849,3,0.11,"monfrague",6,10
"Crop",1332,0,0,"monfrague",6,10
"Dehesa",17271,0,0,"monfrague",6,10
"Grass",5942,0,0,"monfrague",6,10
"HydroRipVeg",2264,0,0,"monfrague",6,10
"MedSclF",34504,0,0,"monfrague",6,10
"MedScrub",121317,0,0,"monfrague",6,10
"Reforestation",22719,0,0,"monfrague",6,10
"RipF",1179,0,0,"monfrague",6,10
"RockScreeVeg",16028,3,0.02,"monfrague",6,10
"SMedMarF",6002,0,0,"monfrague",6,10
"Shrub",13653,0,0,"monfrague",6,10
"WaterSurf",15572,2,0.01,"monfrague",6,10
"ArtSurf",2849,0,0,"monfrague",6,11
"Crop",1332,0,0,"monfrague",6,11
"Dehesa",17271,0,0,"monfrague",6,11
"Grass",5942,0,0,"monfrague",6,11
"HydroRipVeg",2264,0,0,"monfrague",6,11
"MedSclF",34504,0,0,"monfrague",6,11
"MedScrub",121317,0,0,"monfrague",6,11
"Reforestation",22719,0,0,"monfrague",6,11
"RipF",1179,0,0,"monfrague",6,11
"RockScreeVeg",16028,0,0,"monfrague",6,11
"SMedMarF",6002,0,0,"monfrague",6,11
"Shrub",13653,0,0,"monfrague",6,11
"WaterSurf",15572,0,0,"monfrague",6,11
"ArtSurf",2849,0,0,"monfrague",6,12
"Crop",1332,0,0,"monfrague",6,12
"Dehesa",17271,0,0,"monfrague",6,12
"Grass",5942,0,0,"monfrague",6,12
"HydroRipVeg",2264,0,0,"monfrague",6,12
"MedSclF",34504,0,0,"monfrague",6,12
"MedScrub",121317,0,0,"monfrague",6,12
"Reforestation",22719,0,0,"monfrague",6,12
"RipF",1179,0,0,"monfrague",6,12
"RockScreeVeg",16028,0,0,"monfrague",6,12
"SMedMarF",6002,0,0,"monfrague",6,12
"Shrub",13653,0,0,"monfrague",6,12
"WaterSurf",15572,0,0,"monfrague",6,12
"ArtSurf",2849,0,0,"monfrague",9,1
"Crop",1332,0,0,"monfrague",9,1
"Dehesa",17271,0,0,"monfrague",9,1
"Grass",5942,0,0,"monfrague",9,1
"HydroRipVeg",2264,0,0,"monfrague",9,1
"MedSclF",34504,0,0,"monfrague",9,1
"MedScrub",121317,0,0,"monfrague",9,1
"Reforestation",22719,0,0,"monfrague",9,1
"RipF",1179,0,0,"monfrague",9,1
"RockScreeVeg",16028,0,0,"monfrague",9,1
"SMedMarF",6002,0,0,"monfrague",9,1
"Shrub",13653,0,0,"monfrague",9,1
"WaterSurf",15572,0,0,"monfrague",9,1
"ArtSurf",2849,0,0,"monfrague",9,2
"Crop",1332,0,0,"monfrague",9,2
"Dehesa",17271,0,0,"monfrague",9,2
"Grass",5942,0,0,"monfrague",9,2
"HydroRipVeg",2264,0,0,"monfrague",9,2
"MedSclF",34504,0,0,"monfrague",9,2
"MedScrub",121317,0,0,"monfrague",9,2
"Reforestation",22719,0,0,"monfrague",9,2
"RipF",1179,0,0,"monfrague",9,2
"RockScreeVeg",16028,0,0,"monfrague",9,2
"SMedMarF",6002,0,0,"monfrague",9,2
"Shrub",13653,0,0,"monfrague",9,2
"WaterSurf",15572,0,0,"monfrague",9,2
"ArtSurf",2849,0,0,"monfrague",9,3
"Crop",1332,0,0,"monfrague",9,3
"Dehesa",17271,0,0,"monfrague",9,3
"Grass",5942,0,0,"monfrague",9,3
"HydroRipVeg",2264,0,0,"monfrague",9,3
"MedSclF",34504,0,0,"monfrague",9,3
"MedScrub",121317,0,0,"monfrague",9,3
"Reforestation",22719,0,0,"monfrague",9,3
"RipF",1179,0,0,"monfrague",9,3
"RockScreeVeg",16028,0,0,"monfrague",9,3
"SMedMarF",6002,0,0,"monfrague",9,3
"Shrub",13653,0,0,"monfrague",9,3
"WaterSurf",15572,0,0,"monfrague",9,3
"ArtSurf",2849,0,0,"monfrague",9,4
"Crop",1332,0,0,"monfrague",9,4
"Dehesa",17271,0,0,"monfrague",9,4
"Grass",5942,0,0,"monfrague",9,4
"HydroRipVeg",2264,0,0,"monfrague",9,4
"MedSclF",34504,0,0,"monfrague",9,4
"MedScrub",121317,0,0,"monfrague",9,4
"Reforestation",22719,0,0,"monfrague",9,4
"RipF",1179,0,0,"monfrague",9,4
"RockScreeVeg",16028,0,0,"monfrague",9,4
"SMedMarF",6002,0,0,"monfrague",9,4
"Shrub",13653,0,0,"monfrague",9,4
"WaterSurf",15572,0,0,"monfrague",9,4
"ArtSurf",2849,0,0,"monfrague",9,5
"Crop",1332,0,0,"monfrague",9,5
"Dehesa",17271,0,0,"monfrague",9,5
"Grass",5942,0,0,"monfrague",9,5
"HydroRipVeg",2264,0,0,"monfrague",9,5
"MedSclF",34504,0,0,"monfrague",9,5
"MedScrub",121317,0,0,"monfrague",9,5
"Reforestation",22719,0,0,"monfrague",9,5
"RipF",1179,0,0,"monfrague",9,5
"RockScreeVeg",16028,0,0,"monfrague",9,5
"SMedMarF",6002,0,0,"monfrague",9,5
"Shrub",13653,0,0,"monfrague",9,5
"WaterSurf",15572,0,0,"monfrague",9,5
"ArtSurf",2849,0,0,"monfrague",9,6
"Crop",1332,0,0,"monfrague",9,6
"Dehesa",17271,0,0,"monfrague",9,6
"Grass",5942,0,0,"monfrague",9,6
"HydroRipVeg",2264,0,0,"monfrague",9,6
"MedSclF",34504,0,0,"monfrague",9,6
"MedScrub",121317,0,0,"monfrague",9,6
"Reforestation",22719,0,0,"monfrague",9,6
"RipF",1179,0,0,"monfrague",9,6
"RockScreeVeg",16028,0,0,"monfrague",9,6
"SMedMarF",6002,0,0,"monfrague",9,6
"Shrub",13653,0,0,"monfrague",9,6
"WaterSurf",15572,0,0,"monfrague",9,6
"ArtSurf",2849,0,0,"monfrague",9,7
"Crop",1332,0,0,"monfrague",9,7
"Dehesa",17271,0,0,"monfrague",9,7
"Grass",5942,0,0,"monfrague",9,7
"HydroRipVeg",2264,0,0,"monfrague",9,7
"MedSclF",34504,0,0,"monfrague",9,7
"MedScrub",121317,0,0,"monfrague",9,7
"Reforestation",22719,0,0,"monfrague",9,7
"RipF",1179,0,0,"monfrague",9,7
"RockScreeVeg",16028,0,0,"monfrague",9,7
"SMedMarF",6002,0,0,"monfrague",9,7
"Shrub",13653,0,0,"monfrague",9,7
"WaterSurf",15572,0,0,"monfrague",9,7
"ArtSurf",2849,0,0,"monfrague",9,8
"Crop",1332,0,0,"monfrague",9,8
"Dehesa",17271,0,0,"monfrague",9,8
"Grass",5942,0,0,"monfrague",9,8
"HydroRipVeg",2264,0,0,"monfrague",9,8
"MedSclF",34504,0,0,"monfrague",9,8
"MedScrub",121317,0,0,"monfrague",9,8
"Reforestation",22719,0,0,"monfrague",9,8
"RipF",1179,0,0,"monfrague",9,8
"RockScreeVeg",16028,0,0,"monfrague",9,8
"SMedMarF",6002,0,0,"monfrague",9,8
"Shrub",13653,0,0,"monfrague",9,8
"WaterSurf",15572,0,0,"monfrague",9,8
"ArtSurf",2849,0,0,"monfrague",9,9
"Crop",1332,0,0,"monfrague",9,9
"Dehesa",17271,0,0,"monfrague",9,9
"Grass",5942,0,0,"monfrague",9,9
"HydroRipVeg",2264,0,0,"monfrague",9,9
"MedSclF",34504,0,0,"monfrague",9,9
"MedScrub",121317,0,0,"monfrague",9,9
"Reforestation",22719,0,0,"monfrague",9,9
"RipF",1179,0,0,"monfrague",9,9
"RockScreeVeg",16028,0,0,"monfrague",9,9
"SMedMarF",6002,0,0,"monfrague",9,9
"Shrub",13653,0,0,"monfrague",9,9
"WaterSurf",15572,0,0,"monfrague",9,9
"ArtSurf",2849,1,0.04,"monfrague",9,10
"Crop",1332,0,0,"monfrague",9,10
"Dehesa",17271,0,0,"monfrague",9,10
"Grass",5942,0,0,"monfrague",9,10
"HydroRipVeg",2264,0,0,"monfrague",9,10
"MedSclF",34504,0,0,"monfrague",9,10
"MedScrub",121317,0,0,"monfrague",9,10
"Reforestation",22719,0,0,"monfrague",9,10
"RipF",1179,0,0,"monfrague",9,10
"RockScreeVeg",16028,0,0,"monfrague",9,10
"SMedMarF",6002,0,0,"monfrague",9,10
"Shrub",13653,0,0,"monfrague",9,10
"WaterSurf",15572,0,0,"monfrague",9,10
"ArtSurf",2849,0,0,"monfrague",9,11
"Crop",1332,0,0,"monfrague",9,11
"Dehesa",17271,0,0,"monfrague",9,11
"Grass",5942,0,0,"monfrague",9,11
"HydroRipVeg",2264,0,0,"monfrague",9,11
"MedSclF",34504,0,0,"monfrague",9,11
"MedScrub",121317,0,0,"monfrague",9,11
"Reforestation",22719,0,0,"monfrague",9,11
"RipF",1179,0,0,"monfrague",9,11
"RockScreeVeg",16028,0,0,"monfrague",9,11
"SMedMarF",6002,0,0,"monfrague",9,11
"Shrub",13653,0,0,"monfrague",9,11
"WaterSurf",15572,0,0,"monfrague",9,11
"ArtSurf",2849,0,0,"monfrague",9,12
"Crop",1332,0,0,"monfrague",9,12
"Dehesa",17271,0,0,"monfrague",9,12
"Grass",5942,0,0,"monfrague",9,12
"HydroRipVeg",2264,0,0,"monfrague",9,12
"MedSclF",34504,0,0,"monfrague",9,12
"MedScrub",121317,0,0,"monfrague",9,12
"Reforestation",22719,0,0,"monfrague",9,12
"RipF",1179,0,0,"monfrague",9,12
"RockScreeVeg",16028,0,0,"monfrague",9,12
"SMedMarF",6002,0,0,"monfrague",9,12
"Shrub",13653,0,0,"monfrague",9,12
"WaterSurf",15572,0,0,"monfrague",9,12
"ArtSurf",2849,0,0,"monfrague",12,1
"Crop",1332,0,0,"monfrague",12,1
"Dehesa",17271,0,0,"monfrague",12,1
"Grass",5942,0,0,"monfrague",12,1
"HydroRipVeg",2264,0,0,"monfrague",12,1
"MedSclF",34504,0,0,"monfrague",12,1
"MedScrub",121317,0,0,"monfrague",12,1
"Reforestation",22719,0,0,"monfrague",12,1
"RipF",1179,0,0,"monfrague",12,1
"RockScreeVeg",16028,0,0,"monfrague",12,1
"SMedMarF",6002,0,0,"monfrague",12,1
"Shrub",13653,0,0,"monfrague",12,1
"WaterSurf",15572,0,0,"monfrague",12,1
"ArtSurf",2849,0,0,"monfrague",12,2
"Crop",1332,0,0,"monfrague",12,2
"Dehesa",17271,0,0,"monfrague",12,2
"Grass",5942,0,0,"monfrague",12,2
"HydroRipVeg",2264,0,0,"monfrague",12,2
"MedSclF",34504,0,0,"monfrague",12,2
"MedScrub",121317,0,0,"monfrague",12,2
"Reforestation",22719,0,0,"monfrague",12,2
"RipF",1179,0,0,"monfrague",12,2
"RockScreeVeg",16028,0,0,"monfrague",12,2
"SMedMarF",6002,0,0,"monfrague",12,2
"Shrub",13653,0,0,"monfrague",12,2
"WaterSurf",15572,0,0,"monfrague",12,2
"ArtSurf",2849,0,0,"monfrague",12,3
"Crop",1332,0,0,"monfrague",12,3
"Dehesa",17271,0,0,"monfrague",12,3
"Grass",5942,0,0,"monfrague",12,3
"HydroRipVeg",2264,0,0,"monfrague",12,3
"MedSclF",34504,0,0,"monfrague",12,3
"MedScrub",121317,0,0,"monfrague",12,3
"Reforestation",22719,0,0,"monfrague",12,3
"RipF",1179,0,0,"monfrague",12,3
"RockScreeVeg",16028,0,0,"monfrague",12,3
"SMedMarF",6002,0,0,"monfrague",12,3
"Shrub",13653,0,0,"monfrague",12,3
"WaterSurf",15572,0,0,"monfrague",12,3
"ArtSurf",2849,0,0,"monfrague",12,4
"Crop",1332,0,0,"monfrague",12,4
"Dehesa",17271,0,0,"monfrague",12,4
"Grass",5942,0,0,"monfrague",12,4
"HydroRipVeg",2264,0,0,"monfrague",12,4
"MedSclF",34504,0,0,"monfrague",12,4
"MedScrub",121317,0,0,"monfrague",12,4
"Reforestation",22719,0,0,"monfrague",12,4
"RipF",1179,0,0,"monfrague",12,4
"RockScreeVeg",16028,0,0,"monfrague",12,4
"SMedMarF",6002,0,0,"monfrague",12,4
"Shrub",13653,0,0,"monfrague",12,4
"WaterSurf",15572,0,0,"monfrague",12,4
"ArtSurf",2849,0,0,"monfrague",12,5
"Crop",1332,0,0,"monfrague",12,5
"Dehesa",17271,0,0,"monfrague",12,5
"Grass",5942,0,0,"monfrague",12,5
"HydroRipVeg",2264,0,0,"monfrague",12,5
"MedSclF",34504,0,0,"monfrague",12,5
"MedScrub",121317,0,0,"monfrague",12,5
"Reforestation",22719,0,0,"monfrague",12,5
"RipF",1179,0,0,"monfrague",12,5
"RockScreeVeg",16028,0,0,"monfrague",12,5
"SMedMarF",6002,0,0,"monfrague",12,5
"Shrub",13653,0,0,"monfrague",12,5
"WaterSurf",15572,0,0,"monfrague",12,5
"ArtSurf",2849,0,0,"monfrague",12,6
"Crop",1332,0,0,"monfrague",12,6
"Dehesa",17271,0,0,"monfrague",12,6
"Grass",5942,0,0,"monfrague",12,6
"HydroRipVeg",2264,0,0,"monfrague",12,6
"MedSclF",34504,0,0,"monfrague",12,6
"MedScrub",121317,0,0,"monfrague",12,6
"Reforestation",22719,0,0,"monfrague",12,6
"RipF",1179,0,0,"monfrague",12,6
"RockScreeVeg",16028,0,0,"monfrague",12,6
"SMedMarF",6002,0,0,"monfrague",12,6
"Shrub",13653,0,0,"monfrague",12,6
"WaterSurf",15572,0,0,"monfrague",12,6
"ArtSurf",2849,0,0,"monfrague",12,7
"Crop",1332,0,0,"monfrague",12,7
"Dehesa",17271,0,0,"monfrague",12,7
"Grass",5942,0,0,"monfrague",12,7
"HydroRipVeg",2264,0,0,"monfrague",12,7
"MedSclF",34504,0,0,"monfrague",12,7
"MedScrub",121317,0,0,"monfrague",12,7
"Reforestation",22719,0,0,"monfrague",12,7
"RipF",1179,0,0,"monfrague",12,7
"RockScreeVeg",16028,0,0,"monfrague",12,7
"SMedMarF",6002,0,0,"monfrague",12,7
"Shrub",13653,0,0,"monfrague",12,7
"WaterSurf",15572,0,0,"monfrague",12,7
"ArtSurf",2849,0,0,"monfrague",12,8
"Crop",1332,0,0,"monfrague",12,8
"Dehesa",17271,0,0,"monfrague",12,8
"Grass",5942,0,0,"monfrague",12,8
"HydroRipVeg",2264,0,0,"monfrague",12,8
"MedSclF",34504,0,0,"monfrague",12,8
"MedScrub",121317,0,0,"monfrague",12,8
"Reforestation",22719,0,0,"monfrague",12,8
"RipF",1179,0,0,"monfrague",12,8
"RockScreeVeg",16028,0,0,"monfrague",12,8
"SMedMarF",6002,0,0,"monfrague",12,8
"Shrub",13653,0,0,"monfrague",12,8
"WaterSurf",15572,0,0,"monfrague",12,8
"ArtSurf",2849,0,0,"monfrague",12,9
"Crop",1332,0,0,"monfrague",12,9
"Dehesa",17271,0,0,"monfrague",12,9
"Grass",5942,0,0,"monfrague",12,9
"HydroRipVeg",2264,0,0,"monfrague",12,9
"MedSclF",34504,0,0,"monfrague",12,9
"MedScrub",121317,0,0,"monfrague",12,9
"Reforestation",22719,0,0,"monfrague",12,9
"RipF",1179,0,0,"monfrague",12,9
"RockScreeVeg",16028,0,0,"monfrague",12,9
"SMedMarF",6002,0,0,"monfrague",12,9
"Shrub",13653,0,0,"monfrague",12,9
"WaterSurf",15572,0,0,"monfrague",12,9
"ArtSurf",2849,0,0,"monfrague",12,10
"Crop",1332,0,0,"monfrague",12,10
"Dehesa",17271,0,0,"monfrague",12,10
"Grass",5942,0,0,"monfrague",12,10
"HydroRipVeg",2264,0,0,"monfrague",12,10
"MedSclF",34504,0,0,"monfrague",12,10
"MedScrub",121317,0,0,"monfrague",12,10
"Reforestation",22719,0,0,"monfrague",12,10
"RipF",1179,0,0,"monfrague",12,10
"RockScreeVeg",16028,0,0,"monfrague",12,10
"SMedMarF",6002,0,0,"monfrague",12,10
"Shrub",13653,0,0,"monfrague",12,10
"WaterSurf",15572,0,0,"monfrague",12,10
"ArtSurf",2849,0,0,"monfrague",12,11
"Crop",1332,0,0,"monfrague",12,11
"Dehesa",17271,0,0,"monfrague",12,11
"Grass",5942,0,0,"monfrague",12,11
"HydroRipVeg",2264,0,0,"monfrague",12,11
"MedSclF",34504,0,0,"monfrague",12,11
"MedScrub",121317,0,0,"monfrague",12,11
"Reforestation",22719,0,0,"monfrague",12,11
"RipF",1179,0,0,"monfrague",12,11
"RockScreeVeg",16028,0,0,"monfrague",12,11
"SMedMarF",6002,0,0,"monfrague",12,11
"Shrub",13653,0,0,"monfrague",12,11
"WaterSurf",15572,0,0,"monfrague",12,11
"ArtSurf",2849,0,0,"monfrague",12,12
"Crop",1332,0,0,"monfrague",12,12
"Dehesa",17271,0,0,"monfrague",12,12
"Grass",5942,0,0,"monfrague",12,12
"HydroRipVeg",2264,0,0,"monfrague",12,12
"MedSclF",34504,0,0,"monfrague",12,12
"MedScrub",121317,0,0,"monfrague",12,12
"Reforestation",22719,0,0,"monfrague",12,12
"RipF",1179,0,0,"monfrague",12,12
"RockScreeVeg",16028,0,0,"monfrague",12,12
"SMedMarF",6002,0,0,"monfrague",12,12
"Shrub",13653,0,0,"monfrague",12,12
"WaterSurf",15572,0,0,"monfrague",12,12
"AlpConF",27586,0,0,"ordesa",1,1
"AlpScrGr",100261,0,0,"ordesa",1,1
"ArtSurf",26,0,0,"ordesa",1,1
"BareArea",3,0,0,"ordesa",1,1
"Grass",21109,0,0,"ordesa",1,1
"HydroRipVeg",204,0,0,"ordesa",1,1
"MedSclF",4221,0,0,"ordesa",1,1
"RipF",860,0,0,"ordesa",1,1
"RockScreeVeg",8836,0,0,"ordesa",1,1
"SMedMarF",1656,0,0,"ordesa",1,1
"Shrub",7570,0,0,"ordesa",1,1
"TempDecF",20036,0,0,"ordesa",1,1
"WaterSurf",20,0,0,"ordesa",1,1
"AlpConF",27603,0,0,"ordesa",1,2
"AlpScrGr",102251,0,0,"ordesa",1,2
"ArtSurf",26,0,0,"ordesa",1,2
"BareArea",203,0,0,"ordesa",1,2
"Grass",21113,0,0,"ordesa",1,2
"HydroRipVeg",214,0,0,"ordesa",1,2
"MedSclF",4236,0,0,"ordesa",1,2
"RipF",860,0,0,"ordesa",1,2
"RockScreeVeg",13046,0,0,"ordesa",1,2
"SMedMarF",1671,0,0,"ordesa",1,2
"Shrub",7575,0,0,"ordesa",1,2
"TempDecF",20084,0,0,"ordesa",1,2
"WaterSurf",68,0,0,"ordesa",1,2
"AlpConF",27618,0,0,"ordesa",1,3
"AlpScrGr",101805,0,0,"ordesa",1,3
"ArtSurf",26,0,0,"ordesa",1,3
"BareArea",493,0,0,"ordesa",1,3
"Grass",21113,0,0,"ordesa",1,3
"HydroRipVeg",207,0,0,"ordesa",1,3
"MedSclF",4251,0,0,"ordesa",1,3
"RipF",860,0,0,"ordesa",1,3
"RockScreeVeg",11546,0,0,"ordesa",1,3
"SMedMarF",1671,0,0,"ordesa",1,3
"Shrub",7598,0,0,"ordesa",1,3
"TempDecF",20202,0,0,"ordesa",1,3
"WaterSurf",32,0,0,"ordesa",1,3
"AlpConF",27612,0,0,"ordesa",1,4
"AlpScrGr",99996,0,0,"ordesa",1,4
"ArtSurf",26,0,0,"ordesa",1,4
"Grass",21111,0,0,"ordesa",1,4
"HydroRipVeg",204,0,0,"ordesa",1,4
"MedSclF",4251,0,0,"ordesa",1,4
"RipF",860,0,0,"ordesa",1,4
"RockScreeVeg",8573,0,0,"ordesa",1,4
"SMedMarF",1671,0,0,"ordesa",1,4
"Shrub",7601,0,0,"ordesa",1,4
"TempDecF",20198,0,0,"ordesa",1,4
"WaterSurf",20,0,0,"ordesa",1,4
"AlpConF",28066,65,0.23,"ordesa",1,5
"AlpScrGr",98680,2784,2.82,"ordesa",1,5
"ArtSurf",26,0,0,"ordesa",1,5
"Grass",21108,712,3.37,"ordesa",1,5
"HydroRipVeg",154,0,0,"ordesa",1,5
"MedSclF",4268,0,0,"ordesa",1,5
"RipF",865,2,0.23,"ordesa",1,5
"RockScreeVeg",8425,64,0.76,"ordesa",1,5
"SMedMarF",1749,0,0,"ordesa",1,5
"Shrub",7687,3,0.04,"ordesa",1,5
"TempDecF",20584,43,0.21,"ordesa",1,5
"WaterSurf",20,0,0,"ordesa",1,5
"AlpConF",28021,2,0.01,"ordesa",1,6
"AlpScrGr",100050,0,0,"ordesa",1,6
"ArtSurf",26,0,0,"ordesa",1,6
"Grass",21113,0,0,"ordesa",1,6
"HydroRipVeg",204,0,0,"ordesa",1,6
"MedSclF",4300,0,0,"ordesa",1,6
"RipF",866,0,0,"ordesa",1,6
"RockScreeVeg",8576,0,0,"ordesa",1,6
"SMedMarF",1746,0,0,"ordesa",1,6
"Shrub",7723,0,0,"ordesa",1,6
"TempDecF",20580,0,0,"ordesa",1,6
"WaterSurf",20,0,0,"ordesa",1,6
"AlpConF",28948,0,0,"ordesa",1,7
"AlpScrGr",104262,0,0,"ordesa",1,7
"ArtSurf",26,0,0,"ordesa",1,7
"Grass",21154,0,0,"ordesa",1,7
"HydroRipVeg",233,0,0,"ordesa",1,7
"MedSclF",4301,0,0,"ordesa",1,7
"RipF",874,0,0,"ordesa",1,7
"RockScreeVeg",9863,0,0,"ordesa",1,7
"SMedMarF",1812,0,0,"ordesa",1,7
"Shrub",7815,0,0,"ordesa",1,7
"TempDecF",21294,0,0,"ordesa",1,7
"WaterSurf",20,0,0,"ordesa",1,7
"AlpConF",28937,0,0,"ordesa",1,8
"AlpScrGr",104944,0,0,"ordesa",1,8
"ArtSurf",26,0,0,"ordesa",1,8
"Grass",21154,0,0,"ordesa",1,8
"HydroRipVeg",263,0,0,"ordesa",1,8
"MedSclF",4300,0,0,"ordesa",1,8
"RipF",874,0,0,"ordesa",1,8
"RockScreeVeg",11345,0,0,"ordesa",1,8
"SMedMarF",1810,0,0,"ordesa",1,8
"Shrub",7807,0,0,"ordesa",1,8
"TempDecF",21266,0,0,"ordesa",1,8
"WaterSurf",115,0,0,"ordesa",1,8
"AlpConF",28538,0,0,"ordesa",1,9
"AlpScrGr",105456,0,0,"ordesa",1,9
"ArtSurf",26,0,0,"ordesa",1,9
"Grass",21154,0,0,"ordesa",1,9
"HydroRipVeg",269,0,0,"ordesa",1,9
"MedSclF",4283,0,0,"ordesa",1,9
"RipF",870,0,0,"ordesa",1,9
"RockScreeVeg",11379,0,0,"ordesa",1,9
"SMedMarF",1757,0,0,"ordesa",1,9
"Shrub",7719,0,0,"ordesa",1,9
"TempDecF",20868,0,0,"ordesa",1,9
"WaterSurf",89,0,0,"ordesa",1,9
"AlpConF",27643,0,0,"ordesa",1,10
"AlpScrGr",100960,0,0,"ordesa",1,10
"ArtSurf",26,0,0,"ordesa",1,10
"Grass",21116,0,0,"ordesa",1,10
"HydroRipVeg",204,0,0,"ordesa",1,10
"MedSclF",4251,0,0,"ordesa",1,10
"RipF",860,0,0,"ordesa",1,10
"RockScreeVeg",8803,0,0,"ordesa",1,10
"SMedMarF",1672,0,0,"ordesa",1,10
"Shrub",7599,0,0,"ordesa",1,10
"TempDecF",20208,0,0,"ordesa",1,10
"WaterSurf",20,0,0,"ordesa",1,10
"AlpConF",27604,524,1.9,"ordesa",1,11
"AlpScrGr",100100,10094,10.08,"ordesa",1,11
"ArtSurf",26,4,15.38,"ordesa",1,11
"BareArea",2,0,0,"ordesa",1,11
"Grass",21102,4704,22.29,"ordesa",1,11
"HydroRipVeg",204,0,0,"ordesa",1,11
"MedSclF",4249,2,0.05,"ordesa",1,11
"RipF",860,28,3.26,"ordesa",1,11
"RockScreeVeg",8649,99,1.14,"ordesa",1,11
"SMedMarF",1645,42,2.55,"ordesa",1,11
"Shrub",7577,587,7.75,"ordesa",1,11
"TempDecF",20167,270,1.34,"ordesa",1,11
"WaterSurf",20,0,0,"ordesa",1,11
"AlpConF",27351,0,0,"ordesa",1,12
"AlpScrGr",99970,0,0,"ordesa",1,12
"ArtSurf",26,0,0,"ordesa",1,12
"Grass",21101,0,0,"ordesa",1,12
"HydroRipVeg",204,0,0,"ordesa",1,12
"MedSclF",4190,0,0,"ordesa",1,12
"RipF",854,0,0,"ordesa",1,12
"RockScreeVeg",8568,1,0.01,"ordesa",1,12
"SMedMarF",1625,0,0,"ordesa",1,12
"Shrub",7507,0,0,"ordesa",1,12
"TempDecF",19766,0,0,"ordesa",1,12
"WaterSurf",20,0,0,"ordesa",1,12
"AlpConF",27586,2,0.01,"ordesa",3,1
"AlpScrGr",100261,99,0.1,"ordesa",3,1
"ArtSurf",26,0,0,"ordesa",3,1
"BareArea",3,0,0,"ordesa",3,1
"Grass",21109,9,0.04,"ordesa",3,1
"HydroRipVeg",204,0,0,"ordesa",3,1
"MedSclF",4221,0,0,"ordesa",3,1
"RipF",860,0,0,"ordesa",3,1
"RockScreeVeg",8836,0,0,"ordesa",3,1
"SMedMarF",1656,0,0,"ordesa",3,1
"Shrub",7570,9,0.12,"ordesa",3,1
"TempDecF",20036,1,0,"ordesa",3,1
"WaterSurf",20,0,0,"ordesa",3,1
"AlpConF",27603,3134,11.35,"ordesa",3,2
"AlpScrGr",102251,4814,4.71,"ordesa",3,2
"ArtSurf",26,0,0,"ordesa",3,2
"BareArea",203,0,0,"ordesa",3,2
"Grass",21113,2278,10.79,"ordesa",3,2
"HydroRipVeg",214,0,0,"ordesa",3,2
"MedSclF",4236,368,8.69,"ordesa",3,2
"RipF",860,161,18.72,"ordesa",3,2
"RockScreeVeg",13046,399,3.06,"ordesa",3,2
"SMedMarF",1671,227,13.58,"ordesa",3,2
"Shrub",7575,1305,17.23,"ordesa",3,2
"TempDecF",20084,2498,12.44,"ordesa",3,2
"WaterSurf",68,0,0,"ordesa",3,2
"AlpConF",27618,0,0,"ordesa",3,3
"AlpScrGr",101805,0,0,"ordesa",3,3
"ArtSurf",26,0,0,"ordesa",3,3
"BareArea",493,0,0,"ordesa",3,3
"Grass",21113,0,0,"ordesa",3,3
"HydroRipVeg",207,0,0,"ordesa",3,3
"MedSclF",4251,0,0,"ordesa",3,3
"RipF",860,0,0,"ordesa",3,3
"RockScreeVeg",11546,0,0,"ordesa",3,3
"SMedMarF",1671,0,0,"ordesa",3,3
"Shrub",7598,0,0,"ordesa",3,3
"TempDecF",20202,1,0,"ordesa",3,3
"WaterSurf",32,0,0,"ordesa",3,3
"AlpConF",27612,0,0,"ordesa",3,4
"AlpScrGr",99996,0,0,"ordesa",3,4
"ArtSurf",26,0,0,"ordesa",3,4
"Grass",21111,0,0,"ordesa",3,4
"HydroRipVeg",204,0,0,"ordesa",3,4
"MedSclF",4251,0,0,"ordesa",3,4
"RipF",860,0,0,"ordesa",3,4
"RockScreeVeg",8573,0,0,"ordesa",3,4
"SMedMarF",1671,0,0,"ordesa",3,4
"Shrub",7601,0,0,"ordesa",3,4
"TempDecF",20198,0,0,"ordesa",3,4
"WaterSurf",20,0,0,"ordesa",3,4
"AlpConF",28066,51,0.18,"ordesa",3,5
"AlpScrGr",98680,4937,5,"ordesa",3,5
"ArtSurf",26,0,0,"ordesa",3,5
"Grass",21108,2056,9.74,"ordesa",3,5
"HydroRipVeg",154,0,0,"ordesa",3,5
"MedSclF",4268,0,0,"ordesa",3,5
"RipF",865,0,0,"ordesa",3,5
"RockScreeVeg",8425,44,0.52,"ordesa",3,5
"SMedMarF",1749,1,0.06,"ordesa",3,5
"Shrub",7687,128,1.67,"ordesa",3,5
"TempDecF",20584,13,0.06,"ordesa",3,5
"WaterSurf",20,0,0,"ordesa",3,5
"AlpConF",28021,0,0,"ordesa",3,6
"AlpScrGr",100050,0,0,"ordesa",3,6
"ArtSurf",26,0,0,"ordesa",3,6
"Grass",21113,0,0,"ordesa",3,6
"HydroRipVeg",204,0,0,"ordesa",3,6
"MedSclF",4300,0,0,"ordesa",3,6
"RipF",866,0,0,"ordesa",3,6
"RockScreeVeg",8576,0,0,"ordesa",3,6
"SMedMarF",1746,0,0,"ordesa",3,6
"Shrub",7723,0,0,"ordesa",3,6
"TempDecF",20580,0,0,"ordesa",3,6
"WaterSurf",20,0,0,"ordesa",3,6
"AlpConF",28948,0,0,"ordesa",3,7
"AlpScrGr",104262,0,0,"ordesa",3,7
"ArtSurf",26,0,0,"ordesa",3,7
"Grass",21154,0,0,"ordesa",3,7
"HydroRipVeg",233,0,0,"ordesa",3,7
"MedSclF",4301,0,0,"ordesa",3,7
"RipF",874,0,0,"ordesa",3,7
"RockScreeVeg",9863,0,0,"ordesa",3,7
"SMedMarF",1812,0,0,"ordesa",3,7
"Shrub",7815,0,0,"ordesa",3,7
"TempDecF",21294,0,0,"ordesa",3,7
"WaterSurf",20,0,0,"ordesa",3,7
"AlpConF",28937,1,0,"ordesa",3,8
"AlpScrGr",104944,22,0.02,"ordesa",3,8
"ArtSurf",26,0,0,"ordesa",3,8
"Grass",21154,0,0,"ordesa",3,8
"HydroRipVeg",263,0,0,"ordesa",3,8
"MedSclF",4300,0,0,"ordesa",3,8
"RipF",874,0,0,"ordesa",3,8
"RockScreeVeg",11345,90,0.79,"ordesa",3,8
"SMedMarF",1810,0,0,"ordesa",3,8
"Shrub",7807,0,0,"ordesa",3,8
"TempDecF",21266,0,0,"ordesa",3,8
"WaterSurf",115,0,0,"ordesa",3,8
"AlpConF",28538,0,0,"ordesa",3,9
"AlpScrGr",105456,0,0,"ordesa",3,9
"ArtSurf",26,0,0,"ordesa",3,9
"Grass",21154,0,0,"ordesa",3,9
"HydroRipVeg",269,0,0,"ordesa",3,9
"MedSclF",4283,0,0,"ordesa",3,9
"RipF",870,0,0,"ordesa",3,9
"RockScreeVeg",11379,0,0,"ordesa",3,9
"SMedMarF",1757,0,0,"ordesa",3,9
"Shrub",7719,0,0,"ordesa",3,9
"TempDecF",20868,0,0,"ordesa",3,9
"WaterSurf",89,0,0,"ordesa",3,9
"AlpConF",27643,0,0,"ordesa",3,10
"AlpScrGr",100960,0,0,"ordesa",3,10
"ArtSurf",26,0,0,"ordesa",3,10
"Grass",21116,0,0,"ordesa",3,10
"HydroRipVeg",204,0,0,"ordesa",3,10
"MedSclF",4251,0,0,"ordesa",3,10
"RipF",860,0,0,"ordesa",3,10
"RockScreeVeg",8803,0,0,"ordesa",3,10
"SMedMarF",1672,0,0,"ordesa",3,10
"Shrub",7599,0,0,"ordesa",3,10
"TempDecF",20208,0,0,"ordesa",3,10
"WaterSurf",20,0,0,"ordesa",3,10
"AlpConF",27604,0,0,"ordesa",3,11
"AlpScrGr",100100,0,0,"ordesa",3,11
"ArtSurf",26,0,0,"ordesa",3,11
"BareArea",2,0,0,"ordesa",3,11
"Grass",21102,0,0,"ordesa",3,11
"HydroRipVeg",204,0,0,"ordesa",3,11
"MedSclF",4249,0,0,"ordesa",3,11
"RipF",860,0,0,"ordesa",3,11
"RockScreeVeg",8649,0,0,"ordesa",3,11
"SMedMarF",1645,0,0,"ordesa",3,11
"Shrub",7577,0,0,"ordesa",3,11
"TempDecF",20167,0,0,"ordesa",3,11
"WaterSurf",20,0,0,"ordesa",3,11
"AlpConF",27351,0,0,"ordesa",3,12
"AlpScrGr",99970,0,0,"ordesa",3,12
"ArtSurf",26,0,0,"ordesa",3,12
"Grass",21101,0,0,"ordesa",3,12
"HydroRipVeg",204,0,0,"ordesa",3,12
"MedSclF",4190,0,0,"ordesa",3,12
"RipF",854,0,0,"ordesa",3,12
"RockScreeVeg",8568,0,0,"ordesa",3,12
"SMedMarF",1625,0,0,"ordesa",3,12
"Shrub",7507,0,0,"ordesa",3,12
"TempDecF",19766,0,0,"ordesa",3,12
"WaterSurf",20,0,0,"ordesa",3,12
"AlpConF",27586,1394,5.05,"ordesa",6,1
"AlpScrGr",100261,10134,10.11,"ordesa",6,1
"ArtSurf",26,1,3.85,"ordesa",6,1
"BareArea",3,0,0,"ordesa",6,1
"Grass",21109,4628,21.92,"ordesa",6,1
"HydroRipVeg",204,2,0.98,"ordesa",6,1
"MedSclF",4221,3,0.07,"ordesa",6,1
"RipF",860,83,9.65,"ordesa",6,1
"RockScreeVeg",8836,357,4.04,"ordesa",6,1
"SMedMarF",1656,131,7.91,"ordesa",6,1
"Shrub",7570,1096,14.48,"ordesa",6,1
"TempDecF",20036,968,4.83,"ordesa",6,1
"WaterSurf",20,0,0,"ordesa",6,1
"AlpConF",27603,0,0,"ordesa",6,2
"AlpScrGr",102251,0,0,"ordesa",6,2
"ArtSurf",26,0,0,"ordesa",6,2
"BareArea",203,0,0,"ordesa",6,2
"Grass",21113,0,0,"ordesa",6,2
"HydroRipVeg",214,0,0,"ordesa",6,2
"MedSclF",4236,0,0,"ordesa",6,2
"RipF",860,0,0,"ordesa",6,2
"RockScreeVeg",13046,0,0,"ordesa",6,2
"SMedMarF",1671,0,0,"ordesa",6,2
"Shrub",7575,0,0,"ordesa",6,2
"TempDecF",20084,0,0,"ordesa",6,2
"WaterSurf",68,0,0,"ordesa",6,2
"AlpConF",27618,0,0,"ordesa",6,3
"AlpScrGr",101805,0,0,"ordesa",6,3
"ArtSurf",26,0,0,"ordesa",6,3
"BareArea",493,0,0,"ordesa",6,3
"Grass",21113,0,0,"ordesa",6,3
"HydroRipVeg",207,0,0,"ordesa",6,3
"MedSclF",4251,0,0,"ordesa",6,3
"RipF",860,0,0,"ordesa",6,3
"RockScreeVeg",11546,0,0,"ordesa",6,3
"SMedMarF",1671,0,0,"ordesa",6,3
"Shrub",7598,0,0,"ordesa",6,3
"TempDecF",20202,0,0,"ordesa",6,3
"WaterSurf",32,0,0,"ordesa",6,3
"AlpConF",27612,0,0,"ordesa",6,4
"AlpScrGr",99996,0,0,"ordesa",6,4
"ArtSurf",26,0,0,"ordesa",6,4
"Grass",21111,0,0,"ordesa",6,4
"HydroRipVeg",204,0,0,"ordesa",6,4
"MedSclF",4251,0,0,"ordesa",6,4
"RipF",860,0,0,"ordesa",6,4
"RockScreeVeg",8573,0,0,"ordesa",6,4
"SMedMarF",1671,0,0,"ordesa",6,4
"Shrub",7601,0,0,"ordesa",6,4
"TempDecF",20198,0,0,"ordesa",6,4
"WaterSurf",20,0,0,"ordesa",6,4
"AlpConF",28066,0,0,"ordesa",6,5
"AlpScrGr",98680,0,0,"ordesa",6,5
"ArtSurf",26,0,0,"ordesa",6,5
"Grass",21108,0,0,"ordesa",6,5
"HydroRipVeg",154,0,0,"ordesa",6,5
"MedSclF",4268,0,0,"ordesa",6,5
"RipF",865,0,0,"ordesa",6,5
"RockScreeVeg",8425,0,0,"ordesa",6,5
"SMedMarF",1749,0,0,"ordesa",6,5
"Shrub",7687,0,0,"ordesa",6,5
"TempDecF",20584,0,0,"ordesa",6,5
"WaterSurf",20,0,0,"ordesa",6,5
"AlpConF",28021,0,0,"ordesa",6,6
"AlpScrGr",100050,0,0,"ordesa",6,6
"ArtSurf",26,0,0,"ordesa",6,6
"Grass",21113,0,0,"ordesa",6,6
"HydroRipVeg",204,0,0,"ordesa",6,6
"MedSclF",4300,0,0,"ordesa",6,6
"RipF",866,0,0,"ordesa",6,6
"RockScreeVeg",8576,0,0,"ordesa",6,6
"SMedMarF",1746,0,0,"ordesa",6,6
"Shrub",7723,0,0,"ordesa",6,6
"TempDecF",20580,0,0,"ordesa",6,6
"WaterSurf",20,0,0,"ordesa",6,6
"AlpConF",28948,0,0,"ordesa",6,7
"AlpScrGr",104262,0,0,"ordesa",6,7
"ArtSurf",26,0,0,"ordesa",6,7
"Grass",21154,0,0,"ordesa",6,7
"HydroRipVeg",233,0,0,"ordesa",6,7
"MedSclF",4301,0,0,"ordesa",6,7
"RipF",874,0,0,"ordesa",6,7
"RockScreeVeg",9863,0,0,"ordesa",6,7
"SMedMarF",1812,0,0,"ordesa",6,7
"Shrub",7815,0,0,"ordesa",6,7
"TempDecF",21294,0,0,"ordesa",6,7
"WaterSurf",20,0,0,"ordesa",6,7
"AlpConF",28937,0,0,"ordesa",6,8
"AlpScrGr",104944,0,0,"ordesa",6,8
"ArtSurf",26,0,0,"ordesa",6,8
"Grass",21154,0,0,"ordesa",6,8
"HydroRipVeg",263,0,0,"ordesa",6,8
"MedSclF",4300,0,0,"ordesa",6,8
"RipF",874,0,0,"ordesa",6,8
"RockScreeVeg",11345,0,0,"ordesa",6,8
"SMedMarF",1810,0,0,"ordesa",6,8
"Shrub",7807,0,0,"ordesa",6,8
"TempDecF",21266,0,0,"ordesa",6,8
"WaterSurf",115,0,0,"ordesa",6,8
"AlpConF",28538,0,0,"ordesa",6,9
"AlpScrGr",105456,0,0,"ordesa",6,9
"ArtSurf",26,0,0,"ordesa",6,9
"Grass",21154,0,0,"ordesa",6,9
"HydroRipVeg",269,0,0,"ordesa",6,9
"MedSclF",4283,0,0,"ordesa",6,9
"RipF",870,0,0,"ordesa",6,9
"RockScreeVeg",11379,0,0,"ordesa",6,9
"SMedMarF",1757,0,0,"ordesa",6,9
"Shrub",7719,0,0,"ordesa",6,9
"TempDecF",20868,0,0,"ordesa",6,9
"WaterSurf",89,0,0,"ordesa",6,9
"AlpConF",27643,0,0,"ordesa",6,10
"AlpScrGr",100960,0,0,"ordesa",6,10
"ArtSurf",26,0,0,"ordesa",6,10
"Grass",21116,0,0,"ordesa",6,10
"HydroRipVeg",204,0,0,"ordesa",6,10
"MedSclF",4251,0,0,"ordesa",6,10
"RipF",860,0,0,"ordesa",6,10
"RockScreeVeg",8803,0,0,"ordesa",6,10
"SMedMarF",1672,0,0,"ordesa",6,10
"Shrub",7599,0,0,"ordesa",6,10
"TempDecF",20208,0,0,"ordesa",6,10
"WaterSurf",20,0,0,"ordesa",6,10
"AlpConF",27604,0,0,"ordesa",6,11
"AlpScrGr",100100,0,0,"ordesa",6,11
"ArtSurf",26,0,0,"ordesa",6,11
"BareArea",2,0,0,"ordesa",6,11
"Grass",21102,0,0,"ordesa",6,11
"HydroRipVeg",204,0,0,"ordesa",6,11
"MedSclF",4249,0,0,"ordesa",6,11
"RipF",860,0,0,"ordesa",6,11
"RockScreeVeg",8649,0,0,"ordesa",6,11
"SMedMarF",1645,0,0,"ordesa",6,11
"Shrub",7577,0,0,"ordesa",6,11
"TempDecF",20167,0,0,"ordesa",6,11
"WaterSurf",20,0,0,"ordesa",6,11
"AlpConF",27351,0,0,"ordesa",6,12
"AlpScrGr",99970,0,0,"ordesa",6,12
"ArtSurf",26,0,0,"ordesa",6,12
"Grass",21101,0,0,"ordesa",6,12
"HydroRipVeg",204,0,0,"ordesa",6,12
"MedSclF",4190,0,0,"ordesa",6,12
"RipF",854,0,0,"ordesa",6,12
"RockScreeVeg",8568,0,0,"ordesa",6,12
"SMedMarF",1625,0,0,"ordesa",6,12
"Shrub",7507,0,0,"ordesa",6,12
"TempDecF",19766,0,0,"ordesa",6,12
"WaterSurf",20,0,0,"ordesa",6,12
"AlpConF",27586,3,0.01,"ordesa",9,1
"AlpScrGr",100261,258,0.26,"ordesa",9,1
"ArtSurf",26,0,0,"ordesa",9,1
"BareArea",3,0,0,"ordesa",9,1
"Grass",21109,158,0.75,"ordesa",9,1
"HydroRipVeg",204,0,0,"ordesa",9,1
"MedSclF",4221,0,0,"ordesa",9,1
"RipF",860,1,0.12,"ordesa",9,1
"RockScreeVeg",8836,3,0.03,"ordesa",9,1
"SMedMarF",1656,0,0,"ordesa",9,1
"Shrub",7570,19,0.25,"ordesa",9,1
"TempDecF",20036,3,0.01,"ordesa",9,1
"WaterSurf",20,0,0,"ordesa",9,1
"AlpConF",27603,0,0,"ordesa",9,2
"AlpScrGr",102251,0,0,"ordesa",9,2
"ArtSurf",26,0,0,"ordesa",9,2
"BareArea",203,0,0,"ordesa",9,2
"Grass",21113,0,0,"ordesa",9,2
"HydroRipVeg",214,0,0,"ordesa",9,2
"MedSclF",4236,0,0,"ordesa",9,2
"RipF",860,0,0,"ordesa",9,2
"RockScreeVeg",13046,0,0,"ordesa",9,2
"SMedMarF",1671,0,0,"ordesa",9,2
"Shrub",7575,0,0,"ordesa",9,2
"TempDecF",20084,0,0,"ordesa",9,2
"WaterSurf",68,0,0,"ordesa",9,2
"AlpConF",27618,0,0,"ordesa",9,3
"AlpScrGr",101805,0,0,"ordesa",9,3
"ArtSurf",26,0,0,"ordesa",9,3
"BareArea",493,0,0,"ordesa",9,3
"Grass",21113,0,0,"ordesa",9,3
"HydroRipVeg",207,0,0,"ordesa",9,3
"MedSclF",4251,0,0,"ordesa",9,3
"RipF",860,0,0,"ordesa",9,3
"RockScreeVeg",11546,0,0,"ordesa",9,3
"SMedMarF",1671,0,0,"ordesa",9,3
"Shrub",7598,0,0,"ordesa",9,3
"TempDecF",20202,0,0,"ordesa",9,3
"WaterSurf",32,0,0,"ordesa",9,3
"AlpConF",27612,0,0,"ordesa",9,4
"AlpScrGr",99996,0,0,"ordesa",9,4
"ArtSurf",26,0,0,"ordesa",9,4
"Grass",21111,0,0,"ordesa",9,4
"HydroRipVeg",204,0,0,"ordesa",9,4
"MedSclF",4251,0,0,"ordesa",9,4
"RipF",860,0,0,"ordesa",9,4
"RockScreeVeg",8573,0,0,"ordesa",9,4
"SMedMarF",1671,0,0,"ordesa",9,4
"Shrub",7601,0,0,"ordesa",9,4
"TempDecF",20198,0,0,"ordesa",9,4
"WaterSurf",20,0,0,"ordesa",9,4
"AlpConF",28066,0,0,"ordesa",9,5
"AlpScrGr",98680,0,0,"ordesa",9,5
"ArtSurf",26,0,0,"ordesa",9,5
"Grass",21108,0,0,"ordesa",9,5
"HydroRipVeg",154,0,0,"ordesa",9,5
"MedSclF",4268,0,0,"ordesa",9,5
"RipF",865,0,0,"ordesa",9,5
"RockScreeVeg",8425,0,0,"ordesa",9,5
"SMedMarF",1749,0,0,"ordesa",9,5
"Shrub",7687,0,0,"ordesa",9,5
"TempDecF",20584,0,0,"ordesa",9,5
"WaterSurf",20,0,0,"ordesa",9,5
"AlpConF",28021,0,0,"ordesa",9,6
"AlpScrGr",100050,0,0,"ordesa",9,6
"ArtSurf",26,0,0,"ordesa",9,6
"Grass",21113,0,0,"ordesa",9,6
"HydroRipVeg",204,0,0,"ordesa",9,6
"MedSclF",4300,0,0,"ordesa",9,6
"RipF",866,0,0,"ordesa",9,6
"RockScreeVeg",8576,0,0,"ordesa",9,6
"SMedMarF",1746,0,0,"ordesa",9,6
"Shrub",7723,0,0,"ordesa",9,6
"TempDecF",20580,0,0,"ordesa",9,6
"WaterSurf",20,0,0,"ordesa",9,6
"AlpConF",28948,0,0,"ordesa",9,7
"AlpScrGr",104262,0,0,"ordesa",9,7
"ArtSurf",26,0,0,"ordesa",9,7
"Grass",21154,0,0,"ordesa",9,7
"HydroRipVeg",233,0,0,"ordesa",9,7
"MedSclF",4301,0,0,"ordesa",9,7
"RipF",874,0,0,"ordesa",9,7
"RockScreeVeg",9863,0,0,"ordesa",9,7
"SMedMarF",1812,0,0,"ordesa",9,7
"Shrub",7815,0,0,"ordesa",9,7
"TempDecF",21294,0,0,"ordesa",9,7
"WaterSurf",20,0,0,"ordesa",9,7
"AlpConF",28937,0,0,"ordesa",9,8
"AlpScrGr",104944,0,0,"ordesa",9,8
"ArtSurf",26,0,0,"ordesa",9,8
"Grass",21154,0,0,"ordesa",9,8
"HydroRipVeg",263,0,0,"ordesa",9,8
"MedSclF",4300,0,0,"ordesa",9,8
"RipF",874,0,0,"ordesa",9,8
"RockScreeVeg",11345,0,0,"ordesa",9,8
"SMedMarF",1810,0,0,"ordesa",9,8
"Shrub",7807,0,0,"ordesa",9,8
"TempDecF",21266,0,0,"ordesa",9,8
"WaterSurf",115,0,0,"ordesa",9,8
"AlpConF",28538,0,0,"ordesa",9,9
"AlpScrGr",105456,0,0,"ordesa",9,9
"ArtSurf",26,0,0,"ordesa",9,9
"Grass",21154,0,0,"ordesa",9,9
"HydroRipVeg",269,0,0,"ordesa",9,9
"MedSclF",4283,0,0,"ordesa",9,9
"RipF",870,0,0,"ordesa",9,9
"RockScreeVeg",11379,0,0,"ordesa",9,9
"SMedMarF",1757,0,0,"ordesa",9,9
"Shrub",7719,0,0,"ordesa",9,9
"TempDecF",20868,0,0,"ordesa",9,9
"WaterSurf",89,0,0,"ordesa",9,9
"AlpConF",27643,0,0,"ordesa",9,10
"AlpScrGr",100960,0,0,"ordesa",9,10
"ArtSurf",26,0,0,"ordesa",9,10
"Grass",21116,0,0,"ordesa",9,10
"HydroRipVeg",204,0,0,"ordesa",9,10
"MedSclF",4251,0,0,"ordesa",9,10
"RipF",860,0,0,"ordesa",9,10
"RockScreeVeg",8803,0,0,"ordesa",9,10
"SMedMarF",1672,0,0,"ordesa",9,10
"Shrub",7599,0,0,"ordesa",9,10
"TempDecF",20208,0,0,"ordesa",9,10
"WaterSurf",20,0,0,"ordesa",9,10
"AlpConF",27604,0,0,"ordesa",9,11
"AlpScrGr",100100,0,0,"ordesa",9,11
"ArtSurf",26,0,0,"ordesa",9,11
"BareArea",2,0,0,"ordesa",9,11
"Grass",21102,0,0,"ordesa",9,11
"HydroRipVeg",204,0,0,"ordesa",9,11
"MedSclF",4249,0,0,"ordesa",9,11
"RipF",860,0,0,"ordesa",9,11
"RockScreeVeg",8649,0,0,"ordesa",9,11
"SMedMarF",1645,0,0,"ordesa",9,11
"Shrub",7577,0,0,"ordesa",9,11
"TempDecF",20167,0,0,"ordesa",9,11
"WaterSurf",20,0,0,"ordesa",9,11
"AlpConF",27351,0,0,"ordesa",9,12
"AlpScrGr",99970,0,0,"ordesa",9,12
"ArtSurf",26,0,0,"ordesa",9,12
"Grass",21101,0,0,"ordesa",9,12
"HydroRipVeg",204,0,0,"ordesa",9,12
"MedSclF",4190,0,0,"ordesa",9,12
"RipF",854,0,0,"ordesa",9,12
"RockScreeVeg",8568,0,0,"ordesa",9,12
"SMedMarF",1625,0,0,"ordesa",9,12
"Shrub",7507,0,0,"ordesa",9,12
"TempDecF",19766,0,0,"ordesa",9,12
"WaterSurf",20,0,0,"ordesa",9,12
"AlpConF",27586,0,0,"ordesa",12,1
"AlpScrGr",100261,0,0,"ordesa",12,1
"ArtSurf",26,0,0,"ordesa",12,1
"BareArea",3,0,0,"ordesa",12,1
"Grass",21109,0,0,"ordesa",12,1
"HydroRipVeg",204,0,0,"ordesa",12,1
"MedSclF",4221,0,0,"ordesa",12,1
"RipF",860,0,0,"ordesa",12,1
"RockScreeVeg",8836,0,0,"ordesa",12,1
"SMedMarF",1656,0,0,"ordesa",12,1
"Shrub",7570,0,0,"ordesa",12,1
"TempDecF",20036,0,0,"ordesa",12,1
"WaterSurf",20,0,0,"ordesa",12,1
"AlpConF",27603,0,0,"ordesa",12,2
"AlpScrGr",102251,0,0,"ordesa",12,2
"ArtSurf",26,0,0,"ordesa",12,2
"BareArea",203,0,0,"ordesa",12,2
"Grass",21113,0,0,"ordesa",12,2
"HydroRipVeg",214,0,0,"ordesa",12,2
"MedSclF",4236,0,0,"ordesa",12,2
"RipF",860,0,0,"ordesa",12,2
"RockScreeVeg",13046,0,0,"ordesa",12,2
"SMedMarF",1671,0,0,"ordesa",12,2
"Shrub",7575,0,0,"ordesa",12,2
"TempDecF",20084,0,0,"ordesa",12,2
"WaterSurf",68,0,0,"ordesa",12,2
"AlpConF",27618,0,0,"ordesa",12,3
"AlpScrGr",101805,0,0,"ordesa",12,3
"ArtSurf",26,0,0,"ordesa",12,3
"BareArea",493,0,0,"ordesa",12,3
"Grass",21113,0,0,"ordesa",12,3
"HydroRipVeg",207,0,0,"ordesa",12,3
"MedSclF",4251,0,0,"ordesa",12,3
"RipF",860,0,0,"ordesa",12,3
"RockScreeVeg",11546,0,0,"ordesa",12,3
"SMedMarF",1671,0,0,"ordesa",12,3
"Shrub",7598,0,0,"ordesa",12,3
"TempDecF",20202,0,0,"ordesa",12,3
"WaterSurf",32,0,0,"ordesa",12,3
"AlpConF",27612,0,0,"ordesa",12,4
"AlpScrGr",99996,0,0,"ordesa",12,4
"ArtSurf",26,0,0,"ordesa",12,4
"Grass",21111,0,0,"ordesa",12,4
"HydroRipVeg",204,0,0,"ordesa",12,4
"MedSclF",4251,0,0,"ordesa",12,4
"RipF",860,0,0,"ordesa",12,4
"RockScreeVeg",8573,0,0,"ordesa",12,4
"SMedMarF",1671,0,0,"ordesa",12,4
"Shrub",7601,0,0,"ordesa",12,4
"TempDecF",20198,0,0,"ordesa",12,4
"WaterSurf",20,0,0,"ordesa",12,4
"AlpConF",28066,0,0,"ordesa",12,5
"AlpScrGr",98680,0,0,"ordesa",12,5
"ArtSurf",26,0,0,"ordesa",12,5
"Grass",21108,0,0,"ordesa",12,5
"HydroRipVeg",154,0,0,"ordesa",12,5
"MedSclF",4268,0,0,"ordesa",12,5
"RipF",865,0,0,"ordesa",12,5
"RockScreeVeg",8425,0,0,"ordesa",12,5
"SMedMarF",1749,0,0,"ordesa",12,5
"Shrub",7687,0,0,"ordesa",12,5
"TempDecF",20584,0,0,"ordesa",12,5
"WaterSurf",20,0,0,"ordesa",12,5
"AlpConF",28021,0,0,"ordesa",12,6
"AlpScrGr",100050,0,0,"ordesa",12,6
"ArtSurf",26,0,0,"ordesa",12,6
"Grass",21113,0,0,"ordesa",12,6
"HydroRipVeg",204,0,0,"ordesa",12,6
"MedSclF",4300,0,0,"ordesa",12,6
"RipF",866,0,0,"ordesa",12,6
"RockScreeVeg",8576,0,0,"ordesa",12,6
"SMedMarF",1746,0,0,"ordesa",12,6
"Shrub",7723,0,0,"ordesa",12,6
"TempDecF",20580,0,0,"ordesa",12,6
"WaterSurf",20,0,0,"ordesa",12,6
"AlpConF",28948,0,0,"ordesa",12,7
"AlpScrGr",104262,0,0,"ordesa",12,7
"ArtSurf",26,0,0,"ordesa",12,7
"Grass",21154,0,0,"ordesa",12,7
"HydroRipVeg",233,0,0,"ordesa",12,7
"MedSclF",4301,0,0,"ordesa",12,7
"RipF",874,0,0,"ordesa",12,7
"RockScreeVeg",9863,0,0,"ordesa",12,7
"SMedMarF",1812,0,0,"ordesa",12,7
"Shrub",7815,0,0,"ordesa",12,7
"TempDecF",21294,0,0,"ordesa",12,7
"WaterSurf",20,0,0,"ordesa",12,7
"AlpConF",28937,0,0,"ordesa",12,8
"AlpScrGr",104944,0,0,"ordesa",12,8
"ArtSurf",26,0,0,"ordesa",12,8
"Grass",21154,0,0,"ordesa",12,8
"HydroRipVeg",263,0,0,"ordesa",12,8
"MedSclF",4300,0,0,"ordesa",12,8
"RipF",874,0,0,"ordesa",12,8
"RockScreeVeg",11345,0,0,"ordesa",12,8
"SMedMarF",1810,0,0,"ordesa",12,8
"Shrub",7807,0,0,"ordesa",12,8
"TempDecF",21266,0,0,"ordesa",12,8
"WaterSurf",115,0,0,"ordesa",12,8
"AlpConF",28538,0,0,"ordesa",12,9
"AlpScrGr",105456,0,0,"ordesa",12,9
"ArtSurf",26,0,0,"ordesa",12,9
"Grass",21154,0,0,"ordesa",12,9
"HydroRipVeg",269,0,0,"ordesa",12,9
"MedSclF",4283,0,0,"ordesa",12,9
"RipF",870,0,0,"ordesa",12,9
"RockScreeVeg",11379,0,0,"ordesa",12,9
"SMedMarF",1757,0,0,"ordesa",12,9
"Shrub",7719,0,0,"ordesa",12,9
"TempDecF",20868,0,0,"ordesa",12,9
"WaterSurf",89,0,0,"ordesa",12,9
"AlpConF",27643,0,0,"ordesa",12,10
"AlpScrGr",100960,0,0,"ordesa",12,10
"ArtSurf",26,0,0,"ordesa",12,10
"Grass",21116,0,0,"ordesa",12,10
"HydroRipVeg",204,0,0,"ordesa",12,10
"MedSclF",4251,0,0,"ordesa",12,10
"RipF",860,0,0,"ordesa",12,10
"RockScreeVeg",8803,0,0,"ordesa",12,10
"SMedMarF",1672,0,0,"ordesa",12,10
"Shrub",7599,0,0,"ordesa",12,10
"TempDecF",20208,0,0,"ordesa",12,10
"WaterSurf",20,0,0,"ordesa",12,10
"AlpConF",27604,0,0,"ordesa",12,11
"AlpScrGr",100100,0,0,"ordesa",12,11
"ArtSurf",26,0,0,"ordesa",12,11
"BareArea",2,0,0,"ordesa",12,11
"Grass",21102,0,0,"ordesa",12,11
"HydroRipVeg",204,0,0,"ordesa",12,11
"MedSclF",4249,0,0,"ordesa",12,11
"RipF",860,0,0,"ordesa",12,11
"RockScreeVeg",8649,0,0,"ordesa",12,11
"SMedMarF",1645,0,0,"ordesa",12,11
"Shrub",7577,0,0,"ordesa",12,11
"TempDecF",20167,0,0,"ordesa",12,11
"WaterSurf",20,0,0,"ordesa",12,11
"AlpConF",27351,0,0,"ordesa",12,12
"AlpScrGr",99970,0,0,"ordesa",12,12
"ArtSurf",26,0,0,"ordesa",12,12
"Grass",21101,0,0,"ordesa",12,12
"HydroRipVeg",204,0,0,"ordesa",12,12
"MedSclF",4190,0,0,"ordesa",12,12
"RipF",854,0,0,"ordesa",12,12
"RockScreeVeg",8568,0,0,"ordesa",12,12
"SMedMarF",1625,0,0,"ordesa",12,12
"Shrub",7507,0,0,"ordesa",12,12
"TempDecF",19766,0,0,"ordesa",12,12
"WaterSurf",20,0,0,"ordesa",12,12
"AlpScrGr",483629,0,0,"picoseuropa",1,1
"ArtSurf",2496,0,0,"picoseuropa",1,1
"AtlScrub",36465,0,0,"picoseuropa",1,1
"Crop",230,0,0,"picoseuropa",1,1
"Dehesa",60,0,0,"picoseuropa",1,1
"Grass",143161,0,0,"picoseuropa",1,1
"HydroRipVeg",808,0,0,"picoseuropa",1,1
"MedSclF",4576,0,0,"picoseuropa",1,1
"MedScrub",14993,0,0,"picoseuropa",1,1
"Reforestation",1264,0,0,"picoseuropa",1,1
"RipF",952,0,0,"picoseuropa",1,1
"RockScreeVeg",1117,0,0,"picoseuropa",1,1
"SMedMarF",8457,0,0,"picoseuropa",1,1
"Shrub",1579,0,0,"picoseuropa",1,1
"TempDecF",253477,0,0,"picoseuropa",1,1
"WaterSurf",715,0,0,"picoseuropa",1,1
"AlpScrGr",487132,165941,34.06,"picoseuropa",1,2
"ArtSurf",2509,1236,49.26,"picoseuropa",1,2
"AtlScrub",36902,21940,59.45,"picoseuropa",1,2
"Crop",230,117,50.87,"picoseuropa",1,2
"Dehesa",71,0,0,"picoseuropa",1,2
"Grass",144344,76343,52.89,"picoseuropa",1,2
"HydroRipVeg",811,416,51.29,"picoseuropa",1,2
"MedSclF",5374,781,14.53,"picoseuropa",1,2
"MedScrub",15105,7282,48.21,"picoseuropa",1,2
"Reforestation",1269,178,14.03,"picoseuropa",1,2
"RipF",953,507,53.2,"picoseuropa",1,2
"RockScreeVeg",1134,283,24.96,"picoseuropa",1,2
"SMedMarF",8552,3020,35.31,"picoseuropa",1,2
"Shrub",1597,725,45.4,"picoseuropa",1,2
"TempDecF",256029,148244,57.9,"picoseuropa",1,2
"WaterSurf",737,183,24.83,"picoseuropa",1,2
"AlpScrGr",487768,0,0,"picoseuropa",1,3
"ArtSurf",2510,0,0,"picoseuropa",1,3
"AtlScrub",36927,0,0,"picoseuropa",1,3
"Crop",230,0,0,"picoseuropa",1,3
"Dehesa",71,0,0,"picoseuropa",1,3
"Grass",144481,0,0,"picoseuropa",1,3
"HydroRipVeg",811,0,0,"picoseuropa",1,3
"MedSclF",5590,0,0,"picoseuropa",1,3
"MedScrub",15115,0,0,"picoseuropa",1,3
"Reforestation",1269,0,0,"picoseuropa",1,3
"RipF",953,0,0,"picoseuropa",1,3
"RockScreeVeg",1135,0,0,"picoseuropa",1,3
"SMedMarF",8558,0,0,"picoseuropa",1,3
"Shrub",1599,0,0,"picoseuropa",1,3
"TempDecF",256357,0,0,"picoseuropa",1,3
"WaterSurf",760,0,0,"picoseuropa",1,3
"AlpScrGr",487876,0,0,"picoseuropa",1,4
"ArtSurf",2511,0,0,"picoseuropa",1,4
"AtlScrub",36929,0,0,"picoseuropa",1,4
"Crop",230,0,0,"picoseuropa",1,4
"Dehesa",71,0,0,"picoseuropa",1,4
"Grass",144505,0,0,"picoseuropa",1,4
"HydroRipVeg",811,0,0,"picoseuropa",1,4
"MedSclF",5591,0,0,"picoseuropa",1,4
"MedScrub",15118,0,0,"picoseuropa",1,4
"Reforestation",1269,0,0,"picoseuropa",1,4
"RipF",953,0,0,"picoseuropa",1,4
"RockScreeVeg",1135,0,0,"picoseuropa",1,4
"SMedMarF",8558,0,0,"picoseuropa",1,4
"Shrub",1599,0,0,"picoseuropa",1,4
"TempDecF",256516,0,0,"picoseuropa",1,4
"WaterSurf",763,0,0,"picoseuropa",1,4
"AlpScrGr",487848,0,0,"picoseuropa",1,5
"ArtSurf",2511,0,0,"picoseuropa",1,5
"AtlScrub",36969,0,0,"picoseuropa",1,5
"Crop",230,0,0,"picoseuropa",1,5
"Dehesa",71,0,0,"picoseuropa",1,5
"Grass",144570,0,0,"picoseuropa",1,5
"HydroRipVeg",815,0,0,"picoseuropa",1,5
"MedSclF",5631,0,0,"picoseuropa",1,5
"MedScrub",15123,0,0,"picoseuropa",1,5
"Reforestation",1269,0,0,"picoseuropa",1,5
"RipF",953,0,0,"picoseuropa",1,5
"RockScreeVeg",1135,0,0,"picoseuropa",1,5
"SMedMarF",8558,0,0,"picoseuropa",1,5
"Shrub",1599,0,0,"picoseuropa",1,5
"TempDecF",256687,0,0,"picoseuropa",1,5
"WaterSurf",773,0,0,"picoseuropa",1,5
"AlpScrGr",487273,0,0,"picoseuropa",1,6
"ArtSurf",2511,0,0,"picoseuropa",1,6
"AtlScrub",36969,0,0,"picoseuropa",1,6
"Crop",230,0,0,"picoseuropa",1,6
"Dehesa",71,0,0,"picoseuropa",1,6
"Grass",144593,0,0,"picoseuropa",1,6
"HydroRipVeg",815,0,0,"picoseuropa",1,6
"MedSclF",5631,0,0,"picoseuropa",1,6
"MedScrub",15123,0,0,"picoseuropa",1,6
"Reforestation",1269,0,0,"picoseuropa",1,6
"RipF",953,0,0,"picoseuropa",1,6
"RockScreeVeg",1135,0,0,"picoseuropa",1,6
"SMedMarF",8558,0,0,"picoseuropa",1,6
"Shrub",1599,0,0,"picoseuropa",1,6
"TempDecF",256695,0,0,"picoseuropa",1,6
"WaterSurf",774,0,0,"picoseuropa",1,6
"AlpScrGr",497696,0,0,"picoseuropa",1,7
"ArtSurf",2619,0,0,"picoseuropa",1,7
"AtlScrub",36969,0,0,"picoseuropa",1,7
"Crop",230,0,0,"picoseuropa",1,7
"Dehesa",71,0,0,"picoseuropa",1,7
"Grass",144792,0,0,"picoseuropa",1,7
"HydroRipVeg",815,0,0,"picoseuropa",1,7
"MedSclF",5631,0,0,"picoseuropa",1,7
"MedScrub",15123,0,0,"picoseuropa",1,7
"Reforestation",1269,0,0,"picoseuropa",1,7
"RipF",953,0,0,"picoseuropa",1,7
"RockScreeVeg",1135,0,0,"picoseuropa",1,7
"SMedMarF",8558,0,0,"picoseuropa",1,7
"Shrub",1599,0,0,"picoseuropa",1,7
"TempDecF",256697,0,0,"picoseuropa",1,7
"WaterSurf",774,0,0,"picoseuropa",1,7
"AlpScrGr",504321,0,0,"picoseuropa",1,8
"ArtSurf",2548,0,0,"picoseuropa",1,8
"AtlScrub",36969,0,0,"picoseuropa",1,8
"Crop",230,0,0,"picoseuropa",1,8
"Dehesa",71,0,0,"picoseuropa",1,8
"Grass",144733,0,0,"picoseuropa",1,8
"HydroRipVeg",815,0,0,"picoseuropa",1,8
"MedSclF",5631,0,0,"picoseuropa",1,8
"MedScrub",15121,0,0,"picoseuropa",1,8
"Reforestation",1269,0,0,"picoseuropa",1,8
"RipF",953,0,0,"picoseuropa",1,8
"RockScreeVeg",1135,0,0,"picoseuropa",1,8
"SMedMarF",8558,0,0,"picoseuropa",1,8
"Shrub",1599,0,0,"picoseuropa",1,8
"TempDecF",256675,0,0,"picoseuropa",1,8
"WaterSurf",771,0,0,"picoseuropa",1,8
"AlpScrGr",522100,0,0,"picoseuropa",1,9
"ArtSurf",2727,0,0,"picoseuropa",1,9
"AtlScrub",36964,0,0,"picoseuropa",1,9
"Crop",230,0,0,"picoseuropa",1,9
"Dehesa",71,0,0,"picoseuropa",1,9
"Grass",144813,0,0,"picoseuropa",1,9
"HydroRipVeg",811,0,0,"picoseuropa",1,9
"MedSclF",5617,0,0,"picoseuropa",1,9
"MedScrub",15119,0,0,"picoseuropa",1,9
"Reforestation",1269,0,0,"picoseuropa",1,9
"RipF",953,0,0,"picoseuropa",1,9
"RockScreeVeg",1135,0,0,"picoseuropa",1,9
"SMedMarF",8558,0,0,"picoseuropa",1,9
"Shrub",1599,0,0,"picoseuropa",1,9
"TempDecF",256510,0,0,"picoseuropa",1,9
"WaterSurf",761,0,0,"picoseuropa",1,9
"AlpScrGr",503669,0,0,"picoseuropa",1,10
"ArtSurf",2512,0,0,"picoseuropa",1,10
"AtlScrub",36927,0,0,"picoseuropa",1,10
"Crop",230,0,0,"picoseuropa",1,10
"Dehesa",71,0,0,"picoseuropa",1,10
"Grass",144539,0,0,"picoseuropa",1,10
"HydroRipVeg",811,0,0,"picoseuropa",1,10
"MedSclF",5580,0,0,"picoseuropa",1,10
"MedScrub",15115,0,0,"picoseuropa",1,10
"Reforestation",1269,0,0,"picoseuropa",1,10
"RipF",953,0,0,"picoseuropa",1,10
"RockScreeVeg",1135,0,0,"picoseuropa",1,10
"SMedMarF",8558,0,0,"picoseuropa",1,10
"Shrub",1599,0,0,"picoseuropa",1,10
"TempDecF",256336,0,0,"picoseuropa",1,10
"WaterSurf",752,0,0,"picoseuropa",1,10
"AlpScrGr",486719,0,0,"picoseuropa",1,11
"ArtSurf",2510,0,0,"picoseuropa",1,11
"AtlScrub",36869,0,0,"picoseuropa",1,11
"Crop",230,0,0,"picoseuropa",1,11
"Dehesa",71,0,0,"picoseuropa",1,11
"Grass",144253,0,0,"picoseuropa",1,11
"HydroRipVeg",811,0,0,"picoseuropa",1,11
"MedSclF",5373,0,0,"picoseuropa",1,11
"MedScrub",15082,0,0,"picoseuropa",1,11
"Reforestation",1269,0,0,"picoseuropa",1,11
"RipF",953,0,0,"picoseuropa",1,11
"RockScreeVeg",1132,0,0,"picoseuropa",1,11
"SMedMarF",8555,0,0,"picoseuropa",1,11
"Shrub",1598,0,0,"picoseuropa",1,11
"TempDecF",255911,0,0,"picoseuropa",1,11
"WaterSurf",745,0,0,"picoseuropa",1,11
"AlpScrGr",482406,0,0,"picoseuropa",1,12
"ArtSurf",2498,0,0,"picoseuropa",1,12
"AtlScrub",36212,0,0,"picoseuropa",1,12
"Crop",230,0,0,"picoseuropa",1,12
"Dehesa",57,0,0,"picoseuropa",1,12
"Grass",142707,0,0,"picoseuropa",1,12
"HydroRipVeg",802,0,0,"picoseuropa",1,12
"MedSclF",4578,0,0,"picoseuropa",1,12
"MedScrub",14918,0,0,"picoseuropa",1,12
"Reforestation",1266,0,0,"picoseuropa",1,12
"RipF",953,0,0,"picoseuropa",1,12
"RockScreeVeg",1099,0,0,"picoseuropa",1,12
"SMedMarF",8419,0,0,"picoseuropa",1,12
"Shrub",1532,0,0,"picoseuropa",1,12
"TempDecF",252908,0,0,"picoseuropa",1,12
"WaterSurf",708,0,0,"picoseuropa",1,12
"AlpScrGr",483629,0,0,"picoseuropa",3,1
"ArtSurf",2496,0,0,"picoseuropa",3,1
"AtlScrub",36465,0,0,"picoseuropa",3,1
"Crop",230,0,0,"picoseuropa",3,1
"Dehesa",60,0,0,"picoseuropa",3,1
"Grass",143161,0,0,"picoseuropa",3,1
"HydroRipVeg",808,0,0,"picoseuropa",3,1
"MedSclF",4576,0,0,"picoseuropa",3,1
"MedScrub",14993,0,0,"picoseuropa",3,1
"Reforestation",1264,0,0,"picoseuropa",3,1
"RipF",952,0,0,"picoseuropa",3,1
"RockScreeVeg",1117,0,0,"picoseuropa",3,1
"SMedMarF",8457,0,0,"picoseuropa",3,1
"Shrub",1579,0,0,"picoseuropa",3,1
"TempDecF",253477,0,0,"picoseuropa",3,1
"WaterSurf",715,0,0,"picoseuropa",3,1
"AlpScrGr",487132,71989,14.78,"picoseuropa",3,2
"ArtSurf",2509,548,21.84,"picoseuropa",3,2
"AtlScrub",36902,6772,18.35,"picoseuropa",3,2
"Crop",230,86,37.39,"picoseuropa",3,2
"Dehesa",71,4,5.63,"picoseuropa",3,2
"Grass",144344,27983,19.39,"picoseuropa",3,2
"HydroRipVeg",811,149,18.37,"picoseuropa",3,2
"MedSclF",5374,482,8.97,"picoseuropa",3,2
"MedScrub",15105,4348,28.79,"picoseuropa",3,2
"Reforestation",1269,45,3.55,"picoseuropa",3,2
"RipF",953,129,13.54,"picoseuropa",3,2
"RockScreeVeg",1134,211,18.61,"picoseuropa",3,2
"SMedMarF",8552,975,11.4,"picoseuropa",3,2
"Shrub",1597,308,19.29,"picoseuropa",3,2
"TempDecF",256029,91801,35.86,"picoseuropa",3,2
"WaterSurf",737,66,8.96,"picoseuropa",3,2
"AlpScrGr",487768,183121,37.54,"picoseuropa",3,3
"ArtSurf",2510,1440,57.37,"picoseuropa",3,3
"AtlScrub",36927,17776,48.14,"picoseuropa",3,3
"Crop",230,164,71.3,"picoseuropa",3,3
"Dehesa",71,24,33.8,"picoseuropa",3,3
"Grass",144481,71679,49.61,"picoseuropa",3,3
"HydroRipVeg",811,457,56.35,"picoseuropa",3,3
"MedSclF",5590,959,17.16,"picoseuropa",3,3
"MedScrub",15115,6455,42.71,"picoseuropa",3,3
"Reforestation",1269,331,26.08,"picoseuropa",3,3
"RipF",953,660,69.25,"picoseuropa",3,3
"RockScreeVeg",1135,270,23.79,"picoseuropa",3,3
"SMedMarF",8558,2798,32.69,"picoseuropa",3,3
"Shrub",1599,659,41.21,"picoseuropa",3,3
"TempDecF",256357,153310,59.8,"picoseuropa",3,3
"WaterSurf",760,204,26.84,"picoseuropa",3,3
"AlpScrGr",487876,187764,38.49,"picoseuropa",3,4
"ArtSurf",2511,953,37.95,"picoseuropa",3,4
"AtlScrub",36929,7983,21.62,"picoseuropa",3,4
"Crop",230,17,7.39,"picoseuropa",3,4
"Dehesa",71,1,1.41,"picoseuropa",3,4
"Grass",144505,58934,40.78,"picoseuropa",3,4
"HydroRipVeg",811,493,60.79,"picoseuropa",3,4
"MedSclF",5591,478,8.55,"picoseuropa",3,4
"MedScrub",15118,5124,33.89,"picoseuropa",3,4
"Reforestation",1269,290,22.85,"picoseuropa",3,4
"RipF",953,519,54.46,"picoseuropa",3,4
"RockScreeVeg",1135,253,22.29,"picoseuropa",3,4
"SMedMarF",8558,3694,43.16,"picoseuropa",3,4
"Shrub",1599,644,40.28,"picoseuropa",3,4
"TempDecF",256516,150146,58.53,"picoseuropa",3,4
"WaterSurf",763,119,15.6,"picoseuropa",3,4
"AlpScrGr",487848,193151,39.59,"picoseuropa",3,5
"ArtSurf",2511,658,26.2,"picoseuropa",3,5
"AtlScrub",36969,15663,42.37,"picoseuropa",3,5
"Crop",230,26,11.3,"picoseuropa",3,5
"Dehesa",71,7,9.86,"picoseuropa",3,5
"Grass",144570,66149,45.76,"picoseuropa",3,5
"HydroRipVeg",815,436,53.5,"picoseuropa",3,5
"MedSclF",5631,825,14.65,"picoseuropa",3,5
"MedScrub",15123,4171,27.58,"picoseuropa",3,5
"Reforestation",1269,408,32.15,"picoseuropa",3,5
"RipF",953,593,62.22,"picoseuropa",3,5
"RockScreeVeg",1135,141,12.42,"picoseuropa",3,5
"SMedMarF",8558,4948,57.82,"picoseuropa",3,5
"Shrub",1599,845,52.85,"picoseuropa",3,5
"TempDecF",256687,127009,49.48,"picoseuropa",3,5
"WaterSurf",773,222,28.72,"picoseuropa",3,5
"AlpScrGr",487273,0,0,"picoseuropa",3,6
"ArtSurf",2511,0,0,"picoseuropa",3,6
"AtlScrub",36969,0,0,"picoseuropa",3,6
"Crop",230,0,0,"picoseuropa",3,6
"Dehesa",71,0,0,"picoseuropa",3,6
"Grass",144593,0,0,"picoseuropa",3,6
"HydroRipVeg",815,0,0,"picoseuropa",3,6
"MedSclF",5631,0,0,"picoseuropa",3,6
"MedScrub",15123,0,0,"picoseuropa",3,6
"Reforestation",1269,0,0,"picoseuropa",3,6
"RipF",953,0,0,"picoseuropa",3,6
"RockScreeVeg",1135,0,0,"picoseuropa",3,6
"SMedMarF",8558,0,0,"picoseuropa",3,6
"Shrub",1599,0,0,"picoseuropa",3,6
"TempDecF",256695,0,0,"picoseuropa",3,6
"WaterSurf",774,0,0,"picoseuropa",3,6
"AlpScrGr",497696,16,0,"picoseuropa",3,7
"ArtSurf",2619,0,0,"picoseuropa",3,7
"AtlScrub",36969,0,0,"picoseuropa",3,7
"Crop",230,0,0,"picoseuropa",3,7
"Dehesa",71,0,0,"picoseuropa",3,7
"Grass",144792,0,0,"picoseuropa",3,7
"HydroRipVeg",815,0,0,"picoseuropa",3,7
"MedSclF",5631,0,0,"picoseuropa",3,7
"MedScrub",15123,0,0,"picoseuropa",3,7
"Reforestation",1269,0,0,"picoseuropa",3,7
"RipF",953,0,0,"picoseuropa",3,7
"RockScreeVeg",1135,0,0,"picoseuropa",3,7
"SMedMarF",8558,0,0,"picoseuropa",3,7
"Shrub",1599,0,0,"picoseuropa",3,7
"TempDecF",256697,0,0,"picoseuropa",3,7
"WaterSurf",774,0,0,"picoseuropa",3,7
"AlpScrGr",504321,85,0.02,"picoseuropa",3,8
"ArtSurf",2548,0,0,"picoseuropa",3,8
"AtlScrub",36969,0,0,"picoseuropa",3,8
"Crop",230,0,0,"picoseuropa",3,8
"Dehesa",71,0,0,"picoseuropa",3,8
"Grass",144733,1,0,"picoseuropa",3,8
"HydroRipVeg",815,0,0,"picoseuropa",3,8
"MedSclF",5631,3,0.05,"picoseuropa",3,8
"MedScrub",15121,0,0,"picoseuropa",3,8
"Reforestation",1269,0,0,"picoseuropa",3,8
"RipF",953,0,0,"picoseuropa",3,8
"RockScreeVeg",1135,0,0,"picoseuropa",3,8
"SMedMarF",8558,2,0.02,"picoseuropa",3,8
"Shrub",1599,0,0,"picoseuropa",3,8
"TempDecF",256675,45,0.02,"picoseuropa",3,8
"WaterSurf",771,0,0,"picoseuropa",3,8
"AlpScrGr",522100,0,0,"picoseuropa",3,9
"ArtSurf",2727,0,0,"picoseuropa",3,9
"AtlScrub",36964,0,0,"picoseuropa",3,9
"Crop",230,0,0,"picoseuropa",3,9
"Dehesa",71,0,0,"picoseuropa",3,9
"Grass",144813,0,0,"picoseuropa",3,9
"HydroRipVeg",811,0,0,"picoseuropa",3,9
"MedSclF",5617,0,0,"picoseuropa",3,9
"MedScrub",15119,0,0,"picoseuropa",3,9
"Reforestation",1269,0,0,"picoseuropa",3,9
"RipF",953,0,0,"picoseuropa",3,9
"RockScreeVeg",1135,0,0,"picoseuropa",3,9
"SMedMarF",8558,0,0,"picoseuropa",3,9
"Shrub",1599,0,0,"picoseuropa",3,9
"TempDecF",256510,0,0,"picoseuropa",3,9
"WaterSurf",761,0,0,"picoseuropa",3,9
"AlpScrGr",503669,0,0,"picoseuropa",3,10
"ArtSurf",2512,0,0,"picoseuropa",3,10
"AtlScrub",36927,0,0,"picoseuropa",3,10
"Crop",230,0,0,"picoseuropa",3,10
"Dehesa",71,0,0,"picoseuropa",3,10
"Grass",144539,0,0,"picoseuropa",3,10
"HydroRipVeg",811,0,0,"picoseuropa",3,10
"MedSclF",5580,0,0,"picoseuropa",3,10
"MedScrub",15115,0,0,"picoseuropa",3,10
"Reforestation",1269,0,0,"picoseuropa",3,10
"RipF",953,0,0,"picoseuropa",3,10
"RockScreeVeg",1135,0,0,"picoseuropa",3,10
"SMedMarF",8558,0,0,"picoseuropa",3,10
"Shrub",1599,0,0,"picoseuropa",3,10
"TempDecF",256336,0,0,"picoseuropa",3,10
"WaterSurf",752,0,0,"picoseuropa",3,10
"AlpScrGr",486719,0,0,"picoseuropa",3,11
"ArtSurf",2510,0,0,"picoseuropa",3,11
"AtlScrub",36869,0,0,"picoseuropa",3,11
"Crop",230,0,0,"picoseuropa",3,11
"Dehesa",71,0,0,"picoseuropa",3,11
"Grass",144253,0,0,"picoseuropa",3,11
"HydroRipVeg",811,0,0,"picoseuropa",3,11
"MedSclF",5373,0,0,"picoseuropa",3,11
"MedScrub",15082,0,0,"picoseuropa",3,11
"Reforestation",1269,0,0,"picoseuropa",3,11
"RipF",953,0,0,"picoseuropa",3,11
"RockScreeVeg",1132,0,0,"picoseuropa",3,11
"SMedMarF",8555,0,0,"picoseuropa",3,11
"Shrub",1598,0,0,"picoseuropa",3,11
"TempDecF",255911,0,0,"picoseuropa",3,11
"WaterSurf",745,0,0,"picoseuropa",3,11
"AlpScrGr",482406,125,0.03,"picoseuropa",3,12
"ArtSurf",2498,7,0.28,"picoseuropa",3,12
"AtlScrub",36212,10,0.03,"picoseuropa",3,12
"Crop",230,0,0,"picoseuropa",3,12
"Dehesa",57,0,0,"picoseuropa",3,12
"Grass",142707,128,0.09,"picoseuropa",3,12
"HydroRipVeg",802,0,0,"picoseuropa",3,12
"MedSclF",4578,0,0,"picoseuropa",3,12
"MedScrub",14918,3,0.02,"picoseuropa",3,12
"Reforestation",1266,14,1.11,"picoseuropa",3,12
"RipF",953,1,0.1,"picoseuropa",3,12
"RockScreeVeg",1099,0,0,"picoseuropa",3,12
"SMedMarF",8419,13,0.15,"picoseuropa",3,12
"Shrub",1532,1,0.07,"picoseuropa",3,12
"TempDecF",252908,423,0.17,"picoseuropa",3,12
"WaterSurf",708,0,0,"picoseuropa",3,12
"AlpScrGr",483629,0,0,"picoseuropa",6,1
"ArtSurf",2496,0,0,"picoseuropa",6,1
"AtlScrub",36465,0,0,"picoseuropa",6,1
"Crop",230,0,0,"picoseuropa",6,1
"Dehesa",60,0,0,"picoseuropa",6,1
"Grass",143161,0,0,"picoseuropa",6,1
"HydroRipVeg",808,0,0,"picoseuropa",6,1
"MedSclF",4576,0,0,"picoseuropa",6,1
"MedScrub",14993,0,0,"picoseuropa",6,1
"Reforestation",1264,0,0,"picoseuropa",6,1
"RipF",952,0,0,"picoseuropa",6,1
"RockScreeVeg",1117,0,0,"picoseuropa",6,1
"SMedMarF",8457,0,0,"picoseuropa",6,1
"Shrub",1579,0,0,"picoseuropa",6,1
"TempDecF",253477,0,0,"picoseuropa",6,1
"WaterSurf",715,0,0,"picoseuropa",6,1
"AlpScrGr",487132,0,0,"picoseuropa",6,2
"ArtSurf",2509,0,0,"picoseuropa",6,2
"AtlScrub",36902,0,0,"picoseuropa",6,2
"Crop",230,0,0,"picoseuropa",6,2
"Dehesa",71,0,0,"picoseuropa",6,2
"Grass",144344,0,0,"picoseuropa",6,2
"HydroRipVeg",811,0,0,"picoseuropa",6,2
"MedSclF",5374,0,0,"picoseuropa",6,2
"MedScrub",15105,0,0,"picoseuropa",6,2
"Reforestation",1269,0,0,"picoseuropa",6,2
"RipF",953,0,0,"picoseuropa",6,2
"RockScreeVeg",1134,0,0,"picoseuropa",6,2
"SMedMarF",8552,0,0,"picoseuropa",6,2
"Shrub",1597,0,0,"picoseuropa",6,2
"TempDecF",256029,0,0,"picoseuropa",6,2
"WaterSurf",737,0,0,"picoseuropa",6,2
"AlpScrGr",487768,2430,0.5,"picoseuropa",6,3
"ArtSurf",2510,14,0.56,"picoseuropa",6,3
"AtlScrub",36927,61,0.17,"picoseuropa",6,3
"Crop",230,0,0,"picoseuropa",6,3
"Dehesa",71,0,0,"picoseuropa",6,3
"Grass",144481,632,0.44,"picoseuropa",6,3
"HydroRipVeg",811,10,1.23,"picoseuropa",6,3
"MedSclF",5590,21,0.38,"picoseuropa",6,3
"MedScrub",15115,107,0.71,"picoseuropa",6,3
"Reforestation",1269,1,0.08,"picoseuropa",6,3
"RipF",953,2,0.21,"picoseuropa",6,3
"RockScreeVeg",1135,2,0.18,"picoseuropa",6,3
"SMedMarF",8558,39,0.46,"picoseuropa",6,3
"Shrub",1599,10,0.63,"picoseuropa",6,3
"TempDecF",256357,6280,2.45,"picoseuropa",6,3
"WaterSurf",760,3,0.39,"picoseuropa",6,3
"AlpScrGr",487876,32714,6.71,"picoseuropa",6,4
"ArtSurf",2511,98,3.9,"picoseuropa",6,4
"AtlScrub",36929,781,2.11,"picoseuropa",6,4
"Crop",230,0,0,"picoseuropa",6,4
"Dehesa",71,0,0,"picoseuropa",6,4
"Grass",144505,8849,6.12,"picoseuropa",6,4
"HydroRipVeg",811,72,8.88,"picoseuropa",6,4
"MedSclF",5591,50,0.89,"picoseuropa",6,4
"MedScrub",15118,752,4.97,"picoseuropa",6,4
"Reforestation",1269,8,0.63,"picoseuropa",6,4
"RipF",953,13,1.36,"picoseuropa",6,4
"RockScreeVeg",1135,33,2.91,"picoseuropa",6,4
"SMedMarF",8558,524,6.12,"picoseuropa",6,4
"Shrub",1599,102,6.38,"picoseuropa",6,4
"TempDecF",256516,17775,6.93,"picoseuropa",6,4
"WaterSurf",763,7,0.92,"picoseuropa",6,4
"AlpScrGr",487848,156035,31.98,"picoseuropa",6,5
"ArtSurf",2511,481,19.16,"picoseuropa",6,5
"AtlScrub",36969,9630,26.05,"picoseuropa",6,5
"Crop",230,7,3.04,"picoseuropa",6,5
"Dehesa",71,0,0,"picoseuropa",6,5
"Grass",144570,39696,27.46,"picoseuropa",6,5
"HydroRipVeg",815,313,38.4,"picoseuropa",6,5
"MedSclF",5631,247,4.39,"picoseuropa",6,5
"MedScrub",15123,2141,14.16,"picoseuropa",6,5
"Reforestation",1269,102,8.04,"picoseuropa",6,5
"RipF",953,232,24.34,"picoseuropa",6,5
"RockScreeVeg",1135,96,8.46,"picoseuropa",6,5
"SMedMarF",8558,2093,24.46,"picoseuropa",6,5
"Shrub",1599,366,22.89,"picoseuropa",6,5
"TempDecF",256687,39920,15.55,"picoseuropa",6,5
"WaterSurf",773,84,10.87,"picoseuropa",6,5
"AlpScrGr",487273,6408,1.32,"picoseuropa",6,6
"ArtSurf",2511,0,0,"picoseuropa",6,6
"AtlScrub",36969,10,0.03,"picoseuropa",6,6
"Crop",230,0,0,"picoseuropa",6,6
"Dehesa",71,0,0,"picoseuropa",6,6
"Grass",144593,755,0.52,"picoseuropa",6,6
"HydroRipVeg",815,1,0.12,"picoseuropa",6,6
"MedSclF",5631,0,0,"picoseuropa",6,6
"MedScrub",15123,6,0.04,"picoseuropa",6,6
"Reforestation",1269,0,0,"picoseuropa",6,6
"RipF",953,0,0,"picoseuropa",6,6
"RockScreeVeg",1135,1,0.09,"picoseuropa",6,6
"SMedMarF",8558,4,0.05,"picoseuropa",6,6
"Shrub",1599,7,0.44,"picoseuropa",6,6
"TempDecF",256695,60,0.02,"picoseuropa",6,6
"WaterSurf",774,4,0.52,"picoseuropa",6,6
"AlpScrGr",497696,3,0,"picoseuropa",6,7
"ArtSurf",2619,0,0,"picoseuropa",6,7
"AtlScrub",36969,0,0,"picoseuropa",6,7
"Crop",230,0,0,"picoseuropa",6,7
"Dehesa",71,0,0,"picoseuropa",6,7
"Grass",144792,0,0,"picoseuropa",6,7
"HydroRipVeg",815,0,0,"picoseuropa",6,7
"MedSclF",5631,0,0,"picoseuropa",6,7
"MedScrub",15123,0,0,"picoseuropa",6,7
"Reforestation",1269,0,0,"picoseuropa",6,7
"RipF",953,0,0,"picoseuropa",6,7
"RockScreeVeg",1135,0,0,"picoseuropa",6,7
"SMedMarF",8558,0,0,"picoseuropa",6,7
"Shrub",1599,0,0,"picoseuropa",6,7
"TempDecF",256697,0,0,"picoseuropa",6,7
"WaterSurf",774,0,0,"picoseuropa",6,7
"AlpScrGr",504321,0,0,"picoseuropa",6,8
"ArtSurf",2548,0,0,"picoseuropa",6,8
"AtlScrub",36969,0,0,"picoseuropa",6,8
"Crop",230,0,0,"picoseuropa",6,8
"Dehesa",71,0,0,"picoseuropa",6,8
"Grass",144733,0,0,"picoseuropa",6,8
"HydroRipVeg",815,0,0,"picoseuropa",6,8
"MedSclF",5631,0,0,"picoseuropa",6,8
"MedScrub",15121,0,0,"picoseuropa",6,8
"Reforestation",1269,0,0,"picoseuropa",6,8
"RipF",953,0,0,"picoseuropa",6,8
"RockScreeVeg",1135,0,0,"picoseuropa",6,8
"SMedMarF",8558,0,0,"picoseuropa",6,8
"Shrub",1599,0,0,"picoseuropa",6,8
"TempDecF",256675,0,0,"picoseuropa",6,8
"WaterSurf",771,0,0,"picoseuropa",6,8
"AlpScrGr",522100,0,0,"picoseuropa",6,9
"ArtSurf",2727,0,0,"picoseuropa",6,9
"AtlScrub",36964,0,0,"picoseuropa",6,9
"Crop",230,0,0,"picoseuropa",6,9
"Dehesa",71,0,0,"picoseuropa",6,9
"Grass",144813,0,0,"picoseuropa",6,9
"HydroRipVeg",811,0,0,"picoseuropa",6,9
"MedSclF",5617,0,0,"picoseuropa",6,9
"MedScrub",15119,0,0,"picoseuropa",6,9
"Reforestation",1269,0,0,"picoseuropa",6,9
"RipF",953,0,0,"picoseuropa",6,9
"RockScreeVeg",1135,0,0,"picoseuropa",6,9
"SMedMarF",8558,0,0,"picoseuropa",6,9
"Shrub",1599,0,0,"picoseuropa",6,9
"TempDecF",256510,0,0,"picoseuropa",6,9
"WaterSurf",761,0,0,"picoseuropa",6,9
"AlpScrGr",503669,0,0,"picoseuropa",6,10
"ArtSurf",2512,0,0,"picoseuropa",6,10
"AtlScrub",36927,0,0,"picoseuropa",6,10
"Crop",230,0,0,"picoseuropa",6,10
"Dehesa",71,0,0,"picoseuropa",6,10
"Grass",144539,0,0,"picoseuropa",6,10
"HydroRipVeg",811,0,0,"picoseuropa",6,10
"MedSclF",5580,0,0,"picoseuropa",6,10
"MedScrub",15115,0,0,"picoseuropa",6,10
"Reforestation",1269,0,0,"picoseuropa",6,10
"RipF",953,0,0,"picoseuropa",6,10
"RockScreeVeg",1135,0,0,"picoseuropa",6,10
"SMedMarF",8558,0,0,"picoseuropa",6,10
"Shrub",1599,0,0,"picoseuropa",6,10
"TempDecF",256336,0,0,"picoseuropa",6,10
"WaterSurf",752,0,0,"picoseuropa",6,10
"AlpScrGr",486719,0,0,"picoseuropa",6,11
"ArtSurf",2510,0,0,"picoseuropa",6,11
"AtlScrub",36869,0,0,"picoseuropa",6,11
"Crop",230,0,0,"picoseuropa",6,11
"Dehesa",71,0,0,"picoseuropa",6,11
"Grass",144253,0,0,"picoseuropa",6,11
"HydroRipVeg",811,0,0,"picoseuropa",6,11
"MedSclF",5373,0,0,"picoseuropa",6,11
"MedScrub",15082,0,0,"picoseuropa",6,11
"Reforestation",1269,0,0,"picoseuropa",6,11
"RipF",953,0,0,"picoseuropa",6,11
"RockScreeVeg",1132,0,0,"picoseuropa",6,11
"SMedMarF",8555,0,0,"picoseuropa",6,11
"Shrub",1598,0,0,"picoseuropa",6,11
"TempDecF",255911,0,0,"picoseuropa",6,11
"WaterSurf",745,0,0,"picoseuropa",6,11
"AlpScrGr",482406,0,0,"picoseuropa",6,12
"ArtSurf",2498,0,0,"picoseuropa",6,12
"AtlScrub",36212,0,0,"picoseuropa",6,12
"Crop",230,0,0,"picoseuropa",6,12
"Dehesa",57,0,0,"picoseuropa",6,12
"Grass",142707,0,0,"picoseuropa",6,12
"HydroRipVeg",802,0,0,"picoseuropa",6,12
"MedSclF",4578,0,0,"picoseuropa",6,12
"MedScrub",14918,0,0,"picoseuropa",6,12
"Reforestation",1266,0,0,"picoseuropa",6,12
"RipF",953,0,0,"picoseuropa",6,12
"RockScreeVeg",1099,0,0,"picoseuropa",6,12
"SMedMarF",8419,0,0,"picoseuropa",6,12
"Shrub",1532,0,0,"picoseuropa",6,12
"TempDecF",252908,0,0,"picoseuropa",6,12
"WaterSurf",708,0,0,"picoseuropa",6,12
"AlpScrGr",483629,0,0,"picoseuropa",9,1
"ArtSurf",2496,0,0,"picoseuropa",9,1
"AtlScrub",36465,0,0,"picoseuropa",9,1
"Crop",230,0,0,"picoseuropa",9,1
"Dehesa",60,0,0,"picoseuropa",9,1
"Grass",143161,0,0,"picoseuropa",9,1
"HydroRipVeg",808,0,0,"picoseuropa",9,1
"MedSclF",4576,0,0,"picoseuropa",9,1
"MedScrub",14993,0,0,"picoseuropa",9,1
"Reforestation",1264,0,0,"picoseuropa",9,1
"RipF",952,0,0,"picoseuropa",9,1
"RockScreeVeg",1117,0,0,"picoseuropa",9,1
"SMedMarF",8457,0,0,"picoseuropa",9,1
"Shrub",1579,0,0,"picoseuropa",9,1
"TempDecF",253477,0,0,"picoseuropa",9,1
"WaterSurf",715,0,0,"picoseuropa",9,1
"AlpScrGr",487132,0,0,"picoseuropa",9,2
"ArtSurf",2509,0,0,"picoseuropa",9,2
"AtlScrub",36902,0,0,"picoseuropa",9,2
"Crop",230,0,0,"picoseuropa",9,2
"Dehesa",71,0,0,"picoseuropa",9,2
"Grass",144344,0,0,"picoseuropa",9,2
"HydroRipVeg",811,0,0,"picoseuropa",9,2
"MedSclF",5374,0,0,"picoseuropa",9,2
"MedScrub",15105,0,0,"picoseuropa",9,2
"Reforestation",1269,0,0,"picoseuropa",9,2
"RipF",953,0,0,"picoseuropa",9,2
"RockScreeVeg",1134,0,0,"picoseuropa",9,2
"SMedMarF",8552,0,0,"picoseuropa",9,2
"Shrub",1597,0,0,"picoseuropa",9,2
"TempDecF",256029,0,0,"picoseuropa",9,2
"WaterSurf",737,0,0,"picoseuropa",9,2
"AlpScrGr",487768,0,0,"picoseuropa",9,3
"ArtSurf",2510,0,0,"picoseuropa",9,3
"AtlScrub",36927,0,0,"picoseuropa",9,3
"Crop",230,0,0,"picoseuropa",9,3
"Dehesa",71,0,0,"picoseuropa",9,3
"Grass",144481,0,0,"picoseuropa",9,3
"HydroRipVeg",811,0,0,"picoseuropa",9,3
"MedSclF",5590,0,0,"picoseuropa",9,3
"MedScrub",15115,0,0,"picoseuropa",9,3
"Reforestation",1269,0,0,"picoseuropa",9,3
"RipF",953,0,0,"picoseuropa",9,3
"RockScreeVeg",1135,0,0,"picoseuropa",9,3
"SMedMarF",8558,0,0,"picoseuropa",9,3
"Shrub",1599,0,0,"picoseuropa",9,3
"TempDecF",256357,0,0,"picoseuropa",9,3
"WaterSurf",760,0,0,"picoseuropa",9,3
"AlpScrGr",487876,0,0,"picoseuropa",9,4
"ArtSurf",2511,0,0,"picoseuropa",9,4
"AtlScrub",36929,0,0,"picoseuropa",9,4
"Crop",230,0,0,"picoseuropa",9,4
"Dehesa",71,0,0,"picoseuropa",9,4
"Grass",144505,0,0,"picoseuropa",9,4
"HydroRipVeg",811,0,0,"picoseuropa",9,4
"MedSclF",5591,0,0,"picoseuropa",9,4
"MedScrub",15118,0,0,"picoseuropa",9,4
"Reforestation",1269,0,0,"picoseuropa",9,4
"RipF",953,0,0,"picoseuropa",9,4
"RockScreeVeg",1135,0,0,"picoseuropa",9,4
"SMedMarF",8558,0,0,"picoseuropa",9,4
"Shrub",1599,0,0,"picoseuropa",9,4
"TempDecF",256516,0,0,"picoseuropa",9,4
"WaterSurf",763,0,0,"picoseuropa",9,4
"AlpScrGr",487848,41563,8.52,"picoseuropa",9,5
"ArtSurf",2511,140,5.58,"picoseuropa",9,5
"AtlScrub",36969,3877,10.49,"picoseuropa",9,5
"Crop",230,1,0.43,"picoseuropa",9,5
"Dehesa",71,0,0,"picoseuropa",9,5
"Grass",144570,12660,8.76,"picoseuropa",9,5
"HydroRipVeg",815,71,8.71,"picoseuropa",9,5
"MedSclF",5631,40,0.71,"picoseuropa",9,5
"MedScrub",15123,350,2.31,"picoseuropa",9,5
"Reforestation",1269,6,0.47,"picoseuropa",9,5
"RipF",953,58,6.09,"picoseuropa",9,5
"RockScreeVeg",1135,8,0.7,"picoseuropa",9,5
"SMedMarF",8558,480,5.61,"picoseuropa",9,5
"Shrub",1599,102,6.38,"picoseuropa",9,5
"TempDecF",256687,12469,4.86,"picoseuropa",9,5
"WaterSurf",773,23,2.98,"picoseuropa",9,5
"AlpScrGr",487273,0,0,"picoseuropa",9,6
"ArtSurf",2511,0,0,"picoseuropa",9,6
"AtlScrub",36969,0,0,"picoseuropa",9,6
"Crop",230,0,0,"picoseuropa",9,6
"Dehesa",71,0,0,"picoseuropa",9,6
"Grass",144593,0,0,"picoseuropa",9,6
"HydroRipVeg",815,0,0,"picoseuropa",9,6
"MedSclF",5631,0,0,"picoseuropa",9,6
"MedScrub",15123,0,0,"picoseuropa",9,6
"Reforestation",1269,0,0,"picoseuropa",9,6
"RipF",953,0,0,"picoseuropa",9,6
"RockScreeVeg",1135,0,0,"picoseuropa",9,6
"SMedMarF",8558,0,0,"picoseuropa",9,6
"Shrub",1599,0,0,"picoseuropa",9,6
"TempDecF",256695,0,0,"picoseuropa",9,6
"WaterSurf",774,0,0,"picoseuropa",9,6
"AlpScrGr",497696,0,0,"picoseuropa",9,7
"ArtSurf",2619,0,0,"picoseuropa",9,7
"AtlScrub",36969,0,0,"picoseuropa",9,7
"Crop",230,0,0,"picoseuropa",9,7
"Dehesa",71,0,0,"picoseuropa",9,7
"Grass",144792,0,0,"picoseuropa",9,7
"HydroRipVeg",815,0,0,"picoseuropa",9,7
"MedSclF",5631,0,0,"picoseuropa",9,7
"MedScrub",15123,0,0,"picoseuropa",9,7
"Reforestation",1269,0,0,"picoseuropa",9,7
"RipF",953,0,0,"picoseuropa",9,7
"RockScreeVeg",1135,0,0,"picoseuropa",9,7
"SMedMarF",8558,0,0,"picoseuropa",9,7
"Shrub",1599,0,0,"picoseuropa",9,7
"TempDecF",256697,0,0,"picoseuropa",9,7
"WaterSurf",774,0,0,"picoseuropa",9,7
"AlpScrGr",504321,0,0,"picoseuropa",9,8
"ArtSurf",2548,0,0,"picoseuropa",9,8
"AtlScrub",36969,0,0,"picoseuropa",9,8
"Crop",230,0,0,"picoseuropa",9,8
"Dehesa",71,0,0,"picoseuropa",9,8
"Grass",144733,0,0,"picoseuropa",9,8
"HydroRipVeg",815,0,0,"picoseuropa",9,8
"MedSclF",5631,0,0,"picoseuropa",9,8
"MedScrub",15121,0,0,"picoseuropa",9,8
"Reforestation",1269,0,0,"picoseuropa",9,8
"RipF",953,0,0,"picoseuropa",9,8
"RockScreeVeg",1135,0,0,"picoseuropa",9,8
"SMedMarF",8558,0,0,"picoseuropa",9,8
"Shrub",1599,0,0,"picoseuropa",9,8
"TempDecF",256675,0,0,"picoseuropa",9,8
"WaterSurf",771,0,0,"picoseuropa",9,8
"AlpScrGr",522100,0,0,"picoseuropa",9,9
"ArtSurf",2727,0,0,"picoseuropa",9,9
"AtlScrub",36964,0,0,"picoseuropa",9,9
"Crop",230,0,0,"picoseuropa",9,9
"Dehesa",71,0,0,"picoseuropa",9,9
"Grass",144813,0,0,"picoseuropa",9,9
"HydroRipVeg",811,0,0,"picoseuropa",9,9
"MedSclF",5617,0,0,"picoseuropa",9,9
"MedScrub",15119,0,0,"picoseuropa",9,9
"Reforestation",1269,0,0,"picoseuropa",9,9
"RipF",953,0,0,"picoseuropa",9,9
"RockScreeVeg",1135,0,0,"picoseuropa",9,9
"SMedMarF",8558,0,0,"picoseuropa",9,9
"Shrub",1599,0,0,"picoseuropa",9,9
"TempDecF",256510,0,0,"picoseuropa",9,9
"WaterSurf",761,0,0,"picoseuropa",9,9
"AlpScrGr",503669,0,0,"picoseuropa",9,10
"ArtSurf",2512,0,0,"picoseuropa",9,10
"AtlScrub",36927,0,0,"picoseuropa",9,10
"Crop",230,0,0,"picoseuropa",9,10
"Dehesa",71,0,0,"picoseuropa",9,10
"Grass",144539,0,0,"picoseuropa",9,10
"HydroRipVeg",811,0,0,"picoseuropa",9,10
"MedSclF",5580,0,0,"picoseuropa",9,10
"MedScrub",15115,0,0,"picoseuropa",9,10
"Reforestation",1269,0,0,"picoseuropa",9,10
"RipF",953,0,0,"picoseuropa",9,10
"RockScreeVeg",1135,0,0,"picoseuropa",9,10
"SMedMarF",8558,0,0,"picoseuropa",9,10
"Shrub",1599,0,0,"picoseuropa",9,10
"TempDecF",256336,0,0,"picoseuropa",9,10
"WaterSurf",752,0,0,"picoseuropa",9,10
"AlpScrGr",486719,0,0,"picoseuropa",9,11
"ArtSurf",2510,0,0,"picoseuropa",9,11
"AtlScrub",36869,0,0,"picoseuropa",9,11
"Crop",230,0,0,"picoseuropa",9,11
"Dehesa",71,0,0,"picoseuropa",9,11
"Grass",144253,0,0,"picoseuropa",9,11
"HydroRipVeg",811,0,0,"picoseuropa",9,11
"MedSclF",5373,0,0,"picoseuropa",9,11
"MedScrub",15082,0,0,"picoseuropa",9,11
"Reforestation",1269,0,0,"picoseuropa",9,11
"RipF",953,0,0,"picoseuropa",9,11
"RockScreeVeg",1132,0,0,"picoseuropa",9,11
"SMedMarF",8555,0,0,"picoseuropa",9,11
"Shrub",1598,0,0,"picoseuropa",9,11
"TempDecF",255911,0,0,"picoseuropa",9,11
"WaterSurf",745,0,0,"picoseuropa",9,11
"AlpScrGr",482406,0,0,"picoseuropa",9,12
"ArtSurf",2498,0,0,"picoseuropa",9,12
"AtlScrub",36212,0,0,"picoseuropa",9,12
"Crop",230,0,0,"picoseuropa",9,12
"Dehesa",57,0,0,"picoseuropa",9,12
"Grass",142707,0,0,"picoseuropa",9,12
"HydroRipVeg",802,0,0,"picoseuropa",9,12
"MedSclF",4578,0,0,"picoseuropa",9,12
"MedScrub",14918,0,0,"picoseuropa",9,12
"Reforestation",1266,0,0,"picoseuropa",9,12
"RipF",953,0,0,"picoseuropa",9,12
"RockScreeVeg",1099,0,0,"picoseuropa",9,12
"SMedMarF",8419,0,0,"picoseuropa",9,12
"Shrub",1532,0,0,"picoseuropa",9,12
"TempDecF",252908,0,0,"picoseuropa",9,12
"WaterSurf",708,0,0,"picoseuropa",9,12
"AlpScrGr",483629,0,0,"picoseuropa",12,1
"ArtSurf",2496,0,0,"picoseuropa",12,1
"AtlScrub",36465,0,0,"picoseuropa",12,1
"Crop",230,0,0,"picoseuropa",12,1
"Dehesa",60,0,0,"picoseuropa",12,1
"Grass",143161,0,0,"picoseuropa",12,1
"HydroRipVeg",808,0,0,"picoseuropa",12,1
"MedSclF",4576,0,0,"picoseuropa",12,1
"MedScrub",14993,0,0,"picoseuropa",12,1
"Reforestation",1264,0,0,"picoseuropa",12,1
"RipF",952,0,0,"picoseuropa",12,1
"RockScreeVeg",1117,0,0,"picoseuropa",12,1
"SMedMarF",8457,0,0,"picoseuropa",12,1
"Shrub",1579,0,0,"picoseuropa",12,1
"TempDecF",253477,0,0,"picoseuropa",12,1
"WaterSurf",715,0,0,"picoseuropa",12,1
"AlpScrGr",487132,0,0,"picoseuropa",12,2
"ArtSurf",2509,0,0,"picoseuropa",12,2
"AtlScrub",36902,0,0,"picoseuropa",12,2
"Crop",230,0,0,"picoseuropa",12,2
"Dehesa",71,0,0,"picoseuropa",12,2
"Grass",144344,0,0,"picoseuropa",12,2
"HydroRipVeg",811,0,0,"picoseuropa",12,2
"MedSclF",5374,0,0,"picoseuropa",12,2
"MedScrub",15105,0,0,"picoseuropa",12,2
"Reforestation",1269,0,0,"picoseuropa",12,2
"RipF",953,0,0,"picoseuropa",12,2
"RockScreeVeg",1134,0,0,"picoseuropa",12,2
"SMedMarF",8552,0,0,"picoseuropa",12,2
"Shrub",1597,0,0,"picoseuropa",12,2
"TempDecF",256029,0,0,"picoseuropa",12,2
"WaterSurf",737,0,0,"picoseuropa",12,2
"AlpScrGr",487768,0,0,"picoseuropa",12,3
"ArtSurf",2510,0,0,"picoseuropa",12,3
"AtlScrub",36927,0,0,"picoseuropa",12,3
"Crop",230,0,0,"picoseuropa",12,3
"Dehesa",71,0,0,"picoseuropa",12,3
"Grass",144481,0,0,"picoseuropa",12,3
"HydroRipVeg",811,0,0,"picoseuropa",12,3
"MedSclF",5590,0,0,"picoseuropa",12,3
"MedScrub",15115,0,0,"picoseuropa",12,3
"Reforestation",1269,0,0,"picoseuropa",12,3
"RipF",953,0,0,"picoseuropa",12,3
"RockScreeVeg",1135,0,0,"picoseuropa",12,3
"SMedMarF",8558,0,0,"picoseuropa",12,3
"Shrub",1599,0,0,"picoseuropa",12,3
"TempDecF",256357,0,0,"picoseuropa",12,3
"WaterSurf",760,0,0,"picoseuropa",12,3
"AlpScrGr",487876,0,0,"picoseuropa",12,4
"ArtSurf",2511,0,0,"picoseuropa",12,4
"AtlScrub",36929,0,0,"picoseuropa",12,4
"Crop",230,0,0,"picoseuropa",12,4
"Dehesa",71,0,0,"picoseuropa",12,4
"Grass",144505,0,0,"picoseuropa",12,4
"HydroRipVeg",811,0,0,"picoseuropa",12,4
"MedSclF",5591,0,0,"picoseuropa",12,4
"MedScrub",15118,0,0,"picoseuropa",12,4
"Reforestation",1269,0,0,"picoseuropa",12,4
"RipF",953,0,0,"picoseuropa",12,4
"RockScreeVeg",1135,0,0,"picoseuropa",12,4
"SMedMarF",8558,0,0,"picoseuropa",12,4
"Shrub",1599,0,0,"picoseuropa",12,4
"TempDecF",256516,0,0,"picoseuropa",12,4
"WaterSurf",763,0,0,"picoseuropa",12,4
"AlpScrGr",487848,0,0,"picoseuropa",12,5
"ArtSurf",2511,0,0,"picoseuropa",12,5
"AtlScrub",36969,0,0,"picoseuropa",12,5
"Crop",230,0,0,"picoseuropa",12,5
"Dehesa",71,0,0,"picoseuropa",12,5
"Grass",144570,0,0,"picoseuropa",12,5
"HydroRipVeg",815,0,0,"picoseuropa",12,5
"MedSclF",5631,0,0,"picoseuropa",12,5
"MedScrub",15123,0,0,"picoseuropa",12,5
"Reforestation",1269,0,0,"picoseuropa",12,5
"RipF",953,0,0,"picoseuropa",12,5
"RockScreeVeg",1135,0,0,"picoseuropa",12,5
"SMedMarF",8558,0,0,"picoseuropa",12,5
"Shrub",1599,0,0,"picoseuropa",12,5
"TempDecF",256687,0,0,"picoseuropa",12,5
"WaterSurf",773,0,0,"picoseuropa",12,5
"AlpScrGr",487273,0,0,"picoseuropa",12,6
"ArtSurf",2511,0,0,"picoseuropa",12,6
"AtlScrub",36969,0,0,"picoseuropa",12,6
"Crop",230,0,0,"picoseuropa",12,6
"Dehesa",71,0,0,"picoseuropa",12,6
"Grass",144593,0,0,"picoseuropa",12,6
"HydroRipVeg",815,0,0,"picoseuropa",12,6
"MedSclF",5631,0,0,"picoseuropa",12,6
"MedScrub",15123,0,0,"picoseuropa",12,6
"Reforestation",1269,0,0,"picoseuropa",12,6
"RipF",953,0,0,"picoseuropa",12,6
"RockScreeVeg",1135,0,0,"picoseuropa",12,6
"SMedMarF",8558,0,0,"picoseuropa",12,6
"Shrub",1599,0,0,"picoseuropa",12,6
"TempDecF",256695,0,0,"picoseuropa",12,6
"WaterSurf",774,0,0,"picoseuropa",12,6
"AlpScrGr",497696,0,0,"picoseuropa",12,7
"ArtSurf",2619,0,0,"picoseuropa",12,7
"AtlScrub",36969,0,0,"picoseuropa",12,7
"Crop",230,0,0,"picoseuropa",12,7
"Dehesa",71,0,0,"picoseuropa",12,7
"Grass",144792,0,0,"picoseuropa",12,7
"HydroRipVeg",815,0,0,"picoseuropa",12,7
"MedSclF",5631,0,0,"picoseuropa",12,7
"MedScrub",15123,0,0,"picoseuropa",12,7
"Reforestation",1269,0,0,"picoseuropa",12,7
"RipF",953,0,0,"picoseuropa",12,7
"RockScreeVeg",1135,0,0,"picoseuropa",12,7
"SMedMarF",8558,0,0,"picoseuropa",12,7
"Shrub",1599,0,0,"picoseuropa",12,7
"TempDecF",256697,0,0,"picoseuropa",12,7
"WaterSurf",774,0,0,"picoseuropa",12,7
"AlpScrGr",504321,0,0,"picoseuropa",12,8
"ArtSurf",2548,0,0,"picoseuropa",12,8
"AtlScrub",36969,0,0,"picoseuropa",12,8
"Crop",230,0,0,"picoseuropa",12,8
"Dehesa",71,0,0,"picoseuropa",12,8
"Grass",144733,0,0,"picoseuropa",12,8
"HydroRipVeg",815,0,0,"picoseuropa",12,8
"MedSclF",5631,0,0,"picoseuropa",12,8
"MedScrub",15121,0,0,"picoseuropa",12,8
"Reforestation",1269,0,0,"picoseuropa",12,8
"RipF",953,0,0,"picoseuropa",12,8
"RockScreeVeg",1135,0,0,"picoseuropa",12,8
"SMedMarF",8558,0,0,"picoseuropa",12,8
"Shrub",1599,0,0,"picoseuropa",12,8
"TempDecF",256675,0,0,"picoseuropa",12,8
"WaterSurf",771,0,0,"picoseuropa",12,8
"AlpScrGr",522100,0,0,"picoseuropa",12,9
"ArtSurf",2727,0,0,"picoseuropa",12,9
"AtlScrub",36964,0,0,"picoseuropa",12,9
"Crop",230,0,0,"picoseuropa",12,9
"Dehesa",71,0,0,"picoseuropa",12,9
"Grass",144813,0,0,"picoseuropa",12,9
"HydroRipVeg",811,0,0,"picoseuropa",12,9
"MedSclF",5617,0,0,"picoseuropa",12,9
"MedScrub",15119,0,0,"picoseuropa",12,9
"Reforestation",1269,0,0,"picoseuropa",12,9
"RipF",953,0,0,"picoseuropa",12,9
"RockScreeVeg",1135,0,0,"picoseuropa",12,9
"SMedMarF",8558,0,0,"picoseuropa",12,9
"Shrub",1599,0,0,"picoseuropa",12,9
"TempDecF",256510,0,0,"picoseuropa",12,9
"WaterSurf",761,0,0,"picoseuropa",12,9
"AlpScrGr",503669,0,0,"picoseuropa",12,10
"ArtSurf",2512,0,0,"picoseuropa",12,10
"AtlScrub",36927,0,0,"picoseuropa",12,10
"Crop",230,0,0,"picoseuropa",12,10
"Dehesa",71,0,0,"picoseuropa",12,10
"Grass",144539,0,0,"picoseuropa",12,10
"HydroRipVeg",811,0,0,"picoseuropa",12,10
"MedSclF",5580,0,0,"picoseuropa",12,10
"MedScrub",15115,0,0,"picoseuropa",12,10
"Reforestation",1269,0,0,"picoseuropa",12,10
"RipF",953,0,0,"picoseuropa",12,10
"RockScreeVeg",1135,0,0,"picoseuropa",12,10
"SMedMarF",8558,0,0,"picoseuropa",12,10
"Shrub",1599,0,0,"picoseuropa",12,10
"TempDecF",256336,0,0,"picoseuropa",12,10
"WaterSurf",752,0,0,"picoseuropa",12,10
"AlpScrGr",486719,0,0,"picoseuropa",12,11
"ArtSurf",2510,0,0,"picoseuropa",12,11
"AtlScrub",36869,0,0,"picoseuropa",12,11
"Crop",230,0,0,"picoseuropa",12,11
"Dehesa",71,0,0,"picoseuropa",12,11
"Grass",144253,0,0,"picoseuropa",12,11
"HydroRipVeg",811,0,0,"picoseuropa",12,11
"MedSclF",5373,0,0,"picoseuropa",12,11
"MedScrub",15082,0,0,"picoseuropa",12,11
"Reforestation",1269,0,0,"picoseuropa",12,11
"RipF",953,0,0,"picoseuropa",12,11
"RockScreeVeg",1132,0,0,"picoseuropa",12,11
"SMedMarF",8555,0,0,"picoseuropa",12,11
"Shrub",1598,0,0,"picoseuropa",12,11
"TempDecF",255911,0,0,"picoseuropa",12,11
"WaterSurf",745,0,0,"picoseuropa",12,11
"AlpScrGr",482406,0,0,"picoseuropa",12,12
"ArtSurf",2498,0,0,"picoseuropa",12,12
"AtlScrub",36212,0,0,"picoseuropa",12,12
"Crop",230,0,0,"picoseuropa",12,12
"Dehesa",57,0,0,"picoseuropa",12,12
"Grass",142707,0,0,"picoseuropa",12,12
"HydroRipVeg",802,0,0,"picoseuropa",12,12
"MedSclF",4578,0,0,"picoseuropa",12,12
"MedScrub",14918,0,0,"picoseuropa",12,12
"Reforestation",1266,0,0,"picoseuropa",12,12
"RipF",953,0,0,"picoseuropa",12,12
"RockScreeVeg",1099,0,0,"picoseuropa",12,12
"SMedMarF",8419,0,0,"picoseuropa",12,12
"Shrub",1532,0,0,"picoseuropa",12,12
"TempDecF",252908,0,0,"picoseuropa",12,12
"WaterSurf",708,0,0,"picoseuropa",12,12
"AlpConF",173794,53,0.03,"sierranevada",1,1
"AlpScrGr",631034,13,0,"sierranevada",1,1
"AridScr",766,0,0,"sierranevada",1,1
"ArtSurf",8799,2,0.02,"sierranevada",1,1
"BareArea",50,0,0,"sierranevada",1,1
"Crop",1432,0,0,"sierranevada",1,1
"Grass",77894,18,0.02,"sierranevada",1,1
"HaloVeg",90,0,0,"sierranevada",1,1
"HydroRipVeg",1442,0,0,"sierranevada",1,1
"MedConF",2985,0,0,"sierranevada",1,1
"MedSclF",38403,79,0.21,"sierranevada",1,1
"MedScrub",110649,33,0.03,"sierranevada",1,1
"Reforestation",29222,0,0,"sierranevada",1,1
"RipF",2926,0,0,"sierranevada",1,1
"RockScreeVeg",99111,1,0,"sierranevada",1,1
"SMedMarF",16274,2,0.01,"sierranevada",1,1
"Shrub",3805,0,0,"sierranevada",1,1
"WaterSurf",246,0,0,"sierranevada",1,1
"AlpConF",173794,34695,19.96,"sierranevada",1,2
"AlpScrGr",631149,233694,37.03,"sierranevada",1,2
"AridScr",773,13,1.68,"sierranevada",1,2
"ArtSurf",8799,3809,43.29,"sierranevada",1,2
"BareArea",50,0,0,"sierranevada",1,2
"Crop",1432,445,31.08,"sierranevada",1,2
"Grass",77900,19639,25.21,"sierranevada",1,2
"HaloVeg",90,44,48.89,"sierranevada",1,2
"HydroRipVeg",1447,644,44.51,"sierranevada",1,2
"MedConF",2985,30,1.01,"sierranevada",1,2
"MedSclF",38437,4089,10.64,"sierranevada",1,2
"MedScrub",110663,36271,32.78,"sierranevada",1,2
"Reforestation",29226,11804,40.39,"sierranevada",1,2
"RipF",2930,964,32.9,"sierranevada",1,2
"RockScreeVeg",99119,9273,9.36,"sierranevada",1,2
"SMedMarF",16274,4984,30.63,"sierranevada",1,2
"Shrub",3805,1508,39.63,"sierranevada",1,2
"WaterSurf",246,10,4.07,"sierranevada",1,2
"AlpConF",173796,0,0,"sierranevada",1,3
"AlpScrGr",631177,0,0,"sierranevada",1,3
"AridScr",774,0,0,"sierranevada",1,3
"ArtSurf",8799,0,0,"sierranevada",1,3
"BareArea",50,0,0,"sierranevada",1,3
"Crop",1432,0,0,"sierranevada",1,3
"Grass",77900,0,0,"sierranevada",1,3
"HaloVeg",90,0,0,"sierranevada",1,3
"HydroRipVeg",1448,0,0,"sierranevada",1,3
"MedConF",2985,0,0,"sierranevada",1,3
"MedSclF",38437,0,0,"sierranevada",1,3
"MedScrub",110663,0,0,"sierranevada",1,3
"Reforestation",29226,0,0,"sierranevada",1,3
"RipF",2930,0,0,"sierranevada",1,3
"RockScreeVeg",99121,0,0,"sierranevada",1,3
"SMedMarF",16274,0,0,"sierranevada",1,3
"Shrub",3805,0,0,"sierranevada",1,3
"WaterSurf",246,0,0,"sierranevada",1,3
"AlpConF",173796,0,0,"sierranevada",1,4
"AlpScrGr",631177,0,0,"sierranevada",1,4
"AridScr",774,0,0,"sierranevada",1,4
"ArtSurf",8799,0,0,"sierranevada",1,4
"BareArea",50,0,0,"sierranevada",1,4
"Crop",1432,0,0,"sierranevada",1,4
"Grass",77900,0,0,"sierranevada",1,4
"HaloVeg",90,0,0,"sierranevada",1,4
"HydroRipVeg",1448,0,0,"sierranevada",1,4
"MedConF",2985,0,0,"sierranevada",1,4
"MedSclF",38437,0,0,"sierranevada",1,4
"MedScrub",110663,0,0,"sierranevada",1,4
"Reforestation",29226,0,0,"sierranevada",1,4
"RipF",2930,0,0,"sierranevada",1,4
"RockScreeVeg",99121,0,0,"sierranevada",1,4
"SMedMarF",16274,0,0,"sierranevada",1,4
"Shrub",3805,0,0,"sierranevada",1,4
"WaterSurf",246,0,0,"sierranevada",1,4
"AlpConF",173796,0,0,"sierranevada",1,5
"AlpScrGr",631177,0,0,"sierranevada",1,5
"AridScr",774,0,0,"sierranevada",1,5
"ArtSurf",8799,0,0,"sierranevada",1,5
"BareArea",50,0,0,"sierranevada",1,5
"Crop",1432,0,0,"sierranevada",1,5
"Grass",77900,0,0,"sierranevada",1,5
"HaloVeg",90,0,0,"sierranevada",1,5
"HydroRipVeg",1448,0,0,"sierranevada",1,5
"MedConF",2985,0,0,"sierranevada",1,5
"MedSclF",38437,0,0,"sierranevada",1,5
"MedScrub",110663,0,0,"sierranevada",1,5
"Reforestation",29226,0,0,"sierranevada",1,5
"RipF",2930,0,0,"sierranevada",1,5
"RockScreeVeg",99121,0,0,"sierranevada",1,5
"SMedMarF",16274,0,0,"sierranevada",1,5
"Shrub",3805,0,0,"sierranevada",1,5
"WaterSurf",246,0,0,"sierranevada",1,5
"AlpConF",173796,0,0,"sierranevada",1,6
"AlpScrGr",631177,0,0,"sierranevada",1,6
"AridScr",774,0,0,"sierranevada",1,6
"ArtSurf",8799,0,0,"sierranevada",1,6
"BareArea",50,0,0,"sierranevada",1,6
"Crop",1432,0,0,"sierranevada",1,6
"Grass",77900,0,0,"sierranevada",1,6
"HaloVeg",90,0,0,"sierranevada",1,6
"HydroRipVeg",1448,0,0,"sierranevada",1,6
"MedConF",2985,0,0,"sierranevada",1,6
"MedSclF",38437,0,0,"sierranevada",1,6
"MedScrub",110663,0,0,"sierranevada",1,6
"Reforestation",29226,0,0,"sierranevada",1,6
"RipF",2930,0,0,"sierranevada",1,6
"RockScreeVeg",99121,0,0,"sierranevada",1,6
"SMedMarF",16274,0,0,"sierranevada",1,6
"Shrub",3805,0,0,"sierranevada",1,6
"WaterSurf",246,0,0,"sierranevada",1,6
"AlpConF",173796,0,0,"sierranevada",1,7
"AlpScrGr",631181,0,0,"sierranevada",1,7
"AridScr",774,0,0,"sierranevada",1,7
"ArtSurf",8799,0,0,"sierranevada",1,7
"BareArea",50,0,0,"sierranevada",1,7
"Crop",1432,0,0,"sierranevada",1,7
"Grass",77900,0,0,"sierranevada",1,7
"HaloVeg",90,0,0,"sierranevada",1,7
"HydroRipVeg",1448,0,0,"sierranevada",1,7
"MedConF",2985,0,0,"sierranevada",1,7
"MedSclF",38437,0,0,"sierranevada",1,7
"MedScrub",110663,0,0,"sierranevada",1,7
"Reforestation",29226,0,0,"sierranevada",1,7
"RipF",2930,0,0,"sierranevada",1,7
"RockScreeVeg",99121,0,0,"sierranevada",1,7
"SMedMarF",16274,0,0,"sierranevada",1,7
"Shrub",3805,0,0,"sierranevada",1,7
"WaterSurf",246,0,0,"sierranevada",1,7
"AlpConF",173796,0,0,"sierranevada",1,8
"AlpScrGr",631178,0,0,"sierranevada",1,8
"AridScr",774,0,0,"sierranevada",1,8
"ArtSurf",8799,0,0,"sierranevada",1,8
"BareArea",50,0,0,"sierranevada",1,8
"Crop",1432,0,0,"sierranevada",1,8
"Grass",77900,0,0,"sierranevada",1,8
"HaloVeg",90,0,0,"sierranevada",1,8
"HydroRipVeg",1448,0,0,"sierranevada",1,8
"MedConF",2985,0,0,"sierranevada",1,8
"MedSclF",38437,0,0,"sierranevada",1,8
"MedScrub",110663,0,0,"sierranevada",1,8
"Reforestation",29226,0,0,"sierranevada",1,8
"RipF",2930,0,0,"sierranevada",1,8
"RockScreeVeg",99121,0,0,"sierranevada",1,8
"SMedMarF",16274,0,0,"sierranevada",1,8
"Shrub",3805,0,0,"sierranevada",1,8
"WaterSurf",246,0,0,"sierranevada",1,8
"AlpConF",173796,0,0,"sierranevada",1,9
"AlpScrGr",631177,0,0,"sierranevada",1,9
"AridScr",774,0,0,"sierranevada",1,9
"ArtSurf",8799,0,0,"sierranevada",1,9
"BareArea",50,0,0,"sierranevada",1,9
"Crop",1432,0,0,"sierranevada",1,9
"Grass",77900,0,0,"sierranevada",1,9
"HaloVeg",90,0,0,"sierranevada",1,9
"HydroRipVeg",1448,0,0,"sierranevada",1,9
"MedConF",2985,0,0,"sierranevada",1,9
"MedSclF",38437,0,0,"sierranevada",1,9
"MedScrub",110663,0,0,"sierranevada",1,9
"Reforestation",29226,0,0,"sierranevada",1,9
"RipF",2930,0,0,"sierranevada",1,9
"RockScreeVeg",99121,0,0,"sierranevada",1,9
"SMedMarF",16274,0,0,"sierranevada",1,9
"Shrub",3805,0,0,"sierranevada",1,9
"WaterSurf",246,0,0,"sierranevada",1,9
"AlpConF",173796,0,0,"sierranevada",1,10
"AlpScrGr",631178,0,0,"sierranevada",1,10
"AridScr",774,0,0,"sierranevada",1,10
"ArtSurf",8799,0,0,"sierranevada",1,10
"BareArea",50,0,0,"sierranevada",1,10
"Crop",1432,0,0,"sierranevada",1,10
"Grass",77900,0,0,"sierranevada",1,10
"HaloVeg",90,0,0,"sierranevada",1,10
"HydroRipVeg",1448,0,0,"sierranevada",1,10
"MedConF",2985,0,0,"sierranevada",1,10
"MedSclF",38437,0,0,"sierranevada",1,10
"MedScrub",110663,0,0,"sierranevada",1,10
"Reforestation",29226,0,0,"sierranevada",1,10
"RipF",2930,0,0,"sierranevada",1,10
"RockScreeVeg",99121,0,0,"sierranevada",1,10
"SMedMarF",16274,0,0,"sierranevada",1,10
"Shrub",3805,0,0,"sierranevada",1,10
"WaterSurf",246,0,0,"sierranevada",1,10
"AlpConF",173794,337,0.19,"sierranevada",1,11
"AlpScrGr",631149,24817,3.93,"sierranevada",1,11
"AridScr",772,0,0,"sierranevada",1,11
"ArtSurf",8799,27,0.31,"sierranevada",1,11
"BareArea",50,0,0,"sierranevada",1,11
"Crop",1432,1,0.07,"sierranevada",1,11
"Grass",77897,111,0.14,"sierranevada",1,11
"HaloVeg",90,0,0,"sierranevada",1,11
"HydroRipVeg",1448,2,0.14,"sierranevada",1,11
"MedConF",2985,1,0.03,"sierranevada",1,11
"MedSclF",38428,5,0.01,"sierranevada",1,11
"MedScrub",110657,62,0.06,"sierranevada",1,11
"Reforestation",29224,80,0.27,"sierranevada",1,11
"RipF",2930,2,0.07,"sierranevada",1,11
"RockScreeVeg",99119,1950,1.97,"sierranevada",1,11
"SMedMarF",16274,3,0.02,"sierranevada",1,11
"Shrub",3805,0,0,"sierranevada",1,11
"WaterSurf",246,1,0.41,"sierranevada",1,11
"AlpConF",173767,2188,1.26,"sierranevada",1,12
"AlpScrGr",631026,44487,7.05,"sierranevada",1,12
"AridScr",763,3,0.39,"sierranevada",1,12
"ArtSurf",8799,415,4.72,"sierranevada",1,12
"BareArea",50,0,0,"sierranevada",1,12
"Crop",1432,0,0,"sierranevada",1,12
"Grass",77879,395,0.51,"sierranevada",1,12
"HaloVeg",90,0,0,"sierranevada",1,12
"HydroRipVeg",1442,4,0.28,"sierranevada",1,12
"MedConF",2985,24,0.8,"sierranevada",1,12
"MedSclF",38375,69,0.18,"sierranevada",1,12
"MedScrub",110617,564,0.51,"sierranevada",1,12
"Reforestation",29221,1843,6.31,"sierranevada",1,12
"RipF",2928,12,0.41,"sierranevada",1,12
"RockScreeVeg",99098,1382,1.39,"sierranevada",1,12
"SMedMarF",16272,134,0.82,"sierranevada",1,12
"Shrub",3805,110,2.89,"sierranevada",1,12
"WaterSurf",246,5,2.03,"sierranevada",1,12
"AlpConF",173794,426,0.25,"sierranevada",3,1
"AlpScrGr",631034,42494,6.73,"sierranevada",3,1
"AridScr",766,0,0,"sierranevada",3,1
"ArtSurf",8799,191,2.17,"sierranevada",3,1
"BareArea",50,0,0,"sierranevada",3,1
"Crop",1432,2,0.14,"sierranevada",3,1
"Grass",77894,353,0.45,"sierranevada",3,1
"HaloVeg",90,0,0,"sierranevada",3,1
"HydroRipVeg",1442,14,0.97,"sierranevada",3,1
"MedConF",2985,28,0.94,"sierranevada",3,1
"MedSclF",38403,485,1.26,"sierranevada",3,1
"MedScrub",110649,505,0.46,"sierranevada",3,1
"Reforestation",29222,616,2.11,"sierranevada",3,1
"RipF",2926,11,0.38,"sierranevada",3,1
"RockScreeVeg",99111,2170,2.19,"sierranevada",3,1
"SMedMarF",16274,261,1.6,"sierranevada",3,1
"Shrub",3805,50,1.31,"sierranevada",3,1
"WaterSurf",246,0,0,"sierranevada",3,1
"AlpConF",173794,82794,47.64,"sierranevada",3,2
"AlpScrGr",631149,417364,66.13,"sierranevada",3,2
"AridScr",773,16,2.07,"sierranevada",3,2
"ArtSurf",8799,5907,67.13,"sierranevada",3,2
"BareArea",50,1,2,"sierranevada",3,2
"Crop",1432,564,39.39,"sierranevada",3,2
"Grass",77900,33198,42.62,"sierranevada",3,2
"HaloVeg",90,57,63.33,"sierranevada",3,2
"HydroRipVeg",1447,1076,74.36,"sierranevada",3,2
"MedConF",2985,313,10.49,"sierranevada",3,2
"MedSclF",38437,10054,26.16,"sierranevada",3,2
"MedScrub",110663,57340,51.81,"sierranevada",3,2
"Reforestation",29226,20705,70.84,"sierranevada",3,2
"RipF",2930,1705,58.19,"sierranevada",3,2
"RockScreeVeg",99119,17052,17.2,"sierranevada",3,2
"SMedMarF",16274,9275,56.99,"sierranevada",3,2
"Shrub",3805,2785,73.19,"sierranevada",3,2
"WaterSurf",246,18,7.32,"sierranevada",3,2
"AlpConF",173796,33057,19.02,"sierranevada",3,3
"AlpScrGr",631177,246217,39.01,"sierranevada",3,3
"AridScr",774,10,1.29,"sierranevada",3,3
"ArtSurf",8799,1969,22.38,"sierranevada",3,3
"BareArea",50,0,0,"sierranevada",3,3
"Crop",1432,302,21.09,"sierranevada",3,3
"Grass",77900,10861,13.94,"sierranevada",3,3
"HaloVeg",90,15,16.67,"sierranevada",3,3
"HydroRipVeg",1448,632,43.65,"sierranevada",3,3
"MedConF",2985,10,0.34,"sierranevada",3,3
"MedSclF",38437,1186,3.09,"sierranevada",3,3
"MedScrub",110663,19902,17.98,"sierranevada",3,3
"Reforestation",29226,12494,42.75,"sierranevada",3,3
"RipF",2930,1044,35.63,"sierranevada",3,3
"RockScreeVeg",99121,6762,6.82,"sierranevada",3,3
"SMedMarF",16274,3545,21.78,"sierranevada",3,3
"Shrub",3805,1304,34.27,"sierranevada",3,3
"WaterSurf",246,2,0.81,"sierranevada",3,3
"AlpConF",173796,0,0,"sierranevada",3,4
"AlpScrGr",631177,0,0,"sierranevada",3,4
"AridScr",774,0,0,"sierranevada",3,4
"ArtSurf",8799,0,0,"sierranevada",3,4
"BareArea",50,0,0,"sierranevada",3,4
"Crop",1432,0,0,"sierranevada",3,4
"Grass",77900,0,0,"sierranevada",3,4
"HaloVeg",90,0,0,"sierranevada",3,4
"HydroRipVeg",1448,0,0,"sierranevada",3,4
"MedConF",2985,0,0,"sierranevada",3,4
"MedSclF",38437,0,0,"sierranevada",3,4
"MedScrub",110663,0,0,"sierranevada",3,4
"Reforestation",29226,0,0,"sierranevada",3,4
"RipF",2930,0,0,"sierranevada",3,4
"RockScreeVeg",99121,0,0,"sierranevada",3,4
"SMedMarF",16274,0,0,"sierranevada",3,4
"Shrub",3805,0,0,"sierranevada",3,4
"WaterSurf",246,0,0,"sierranevada",3,4
"AlpConF",173796,60,0.03,"sierranevada",3,5
"AlpScrGr",631177,5926,0.94,"sierranevada",3,5
"AridScr",774,0,0,"sierranevada",3,5
"ArtSurf",8799,4,0.05,"sierranevada",3,5
"BareArea",50,0,0,"sierranevada",3,5
"Crop",1432,0,0,"sierranevada",3,5
"Grass",77900,11,0.01,"sierranevada",3,5
"HaloVeg",90,0,0,"sierranevada",3,5
"HydroRipVeg",1448,1,0.07,"sierranevada",3,5
"MedConF",2985,0,0,"sierranevada",3,5
"MedSclF",38437,6,0.02,"sierranevada",3,5
"MedScrub",110663,38,0.03,"sierranevada",3,5
"Reforestation",29226,44,0.15,"sierranevada",3,5
"RipF",2930,5,0.17,"sierranevada",3,5
"RockScreeVeg",99121,380,0.38,"sierranevada",3,5
"SMedMarF",16274,130,0.8,"sierranevada",3,5
"Shrub",3805,0,0,"sierranevada",3,5
"WaterSurf",246,2,0.81,"sierranevada",3,5
"AlpConF",173796,7,0,"sierranevada",3,6
"AlpScrGr",631177,1758,0.28,"sierranevada",3,6
"AridScr",774,0,0,"sierranevada",3,6
"ArtSurf",8799,1,0.01,"sierranevada",3,6
"BareArea",50,0,0,"sierranevada",3,6
"Crop",1432,0,0,"sierranevada",3,6
"Grass",77900,57,0.07,"sierranevada",3,6
"HaloVeg",90,0,0,"sierranevada",3,6
"HydroRipVeg",1448,0,0,"sierranevada",3,6
"MedConF",2985,2,0.07,"sierranevada",3,6
"MedSclF",38437,0,0,"sierranevada",3,6
"MedScrub",110663,2,0,"sierranevada",3,6
"Reforestation",29226,0,0,"sierranevada",3,6
"RipF",2930,0,0,"sierranevada",3,6
"RockScreeVeg",99121,2035,2.05,"sierranevada",3,6
"SMedMarF",16274,0,0,"sierranevada",3,6
"Shrub",3805,0,0,"sierranevada",3,6
"WaterSurf",246,9,3.66,"sierranevada",3,6
"AlpConF",173796,0,0,"sierranevada",3,7
"AlpScrGr",631181,1458,0.23,"sierranevada",3,7
"AridScr",774,0,0,"sierranevada",3,7
"ArtSurf",8799,1,0.01,"sierranevada",3,7
"BareArea",50,0,0,"sierranevada",3,7
"Crop",1432,0,0,"sierranevada",3,7
"Grass",77900,157,0.2,"sierranevada",3,7
"HaloVeg",90,0,0,"sierranevada",3,7
"HydroRipVeg",1448,0,0,"sierranevada",3,7
"MedConF",2985,0,0,"sierranevada",3,7
"MedSclF",38437,0,0,"sierranevada",3,7
"MedScrub",110663,0,0,"sierranevada",3,7
"Reforestation",29226,0,0,"sierranevada",3,7
"RipF",2930,0,0,"sierranevada",3,7
"RockScreeVeg",99121,3109,3.14,"sierranevada",3,7
"SMedMarF",16274,0,0,"sierranevada",3,7
"Shrub",3805,0,0,"sierranevada",3,7
"WaterSurf",246,9,3.66,"sierranevada",3,7
"AlpConF",173796,0,0,"sierranevada",3,8
"AlpScrGr",631178,2,0,"sierranevada",3,8
"AridScr",774,0,0,"sierranevada",3,8
"ArtSurf",8799,1,0.01,"sierranevada",3,8
"BareArea",50,0,0,"sierranevada",3,8
"Crop",1432,0,0,"sierranevada",3,8
"Grass",77900,0,0,"sierranevada",3,8
"HaloVeg",90,0,0,"sierranevada",3,8
"HydroRipVeg",1448,0,0,"sierranevada",3,8
"MedConF",2985,0,0,"sierranevada",3,8
"MedSclF",38437,0,0,"sierranevada",3,8
"MedScrub",110663,0,0,"sierranevada",3,8
"Reforestation",29226,0,0,"sierranevada",3,8
"RipF",2930,0,0,"sierranevada",3,8
"RockScreeVeg",99121,5,0.01,"sierranevada",3,8
"SMedMarF",16274,1,0.01,"sierranevada",3,8
"Shrub",3805,0,0,"sierranevada",3,8
"WaterSurf",246,2,0.81,"sierranevada",3,8
"AlpConF",173796,0,0,"sierranevada",3,9
"AlpScrGr",631177,0,0,"sierranevada",3,9
"AridScr",774,0,0,"sierranevada",3,9
"ArtSurf",8799,0,0,"sierranevada",3,9
"BareArea",50,0,0,"sierranevada",3,9
"Crop",1432,0,0,"sierranevada",3,9
"Grass",77900,0,0,"sierranevada",3,9
"HaloVeg",90,0,0,"sierranevada",3,9
"HydroRipVeg",1448,0,0,"sierranevada",3,9
"MedConF",2985,0,0,"sierranevada",3,9
"MedSclF",38437,0,0,"sierranevada",3,9
"MedScrub",110663,0,0,"sierranevada",3,9
"Reforestation",29226,0,0,"sierranevada",3,9
"RipF",2930,0,0,"sierranevada",3,9
"RockScreeVeg",99121,0,0,"sierranevada",3,9
"SMedMarF",16274,0,0,"sierranevada",3,9
"Shrub",3805,0,0,"sierranevada",3,9
"WaterSurf",246,0,0,"sierranevada",3,9
"AlpConF",173796,2,0,"sierranevada",3,10
"AlpScrGr",631178,6,0,"sierranevada",3,10
"AridScr",774,0,0,"sierranevada",3,10
"ArtSurf",8799,0,0,"sierranevada",3,10
"BareArea",50,0,0,"sierranevada",3,10
"Crop",1432,0,0,"sierranevada",3,10
"Grass",77900,4,0.01,"sierranevada",3,10
"HaloVeg",90,0,0,"sierranevada",3,10
"HydroRipVeg",1448,0,0,"sierranevada",3,10
"MedConF",2985,0,0,"sierranevada",3,10
"MedSclF",38437,0,0,"sierranevada",3,10
"MedScrub",110663,2,0,"sierranevada",3,10
"Reforestation",29226,0,0,"sierranevada",3,10
"RipF",2930,0,0,"sierranevada",3,10
"RockScreeVeg",99121,0,0,"sierranevada",3,10
"SMedMarF",16274,0,0,"sierranevada",3,10
"Shrub",3805,0,0,"sierranevada",3,10
"WaterSurf",246,0,0,"sierranevada",3,10
"AlpConF",173794,0,0,"sierranevada",3,11
"AlpScrGr",631149,0,0,"sierranevada",3,11
"AridScr",772,0,0,"sierranevada",3,11
"ArtSurf",8799,0,0,"sierranevada",3,11
"BareArea",50,0,0,"sierranevada",3,11
"Crop",1432,0,0,"sierranevada",3,11
"Grass",77897,0,0,"sierranevada",3,11
"HaloVeg",90,0,0,"sierranevada",3,11
"HydroRipVeg",1448,0,0,"sierranevada",3,11
"MedConF",2985,0,0,"sierranevada",3,11
"MedSclF",38428,0,0,"sierranevada",3,11
"MedScrub",110657,0,0,"sierranevada",3,11
"Reforestation",29224,0,0,"sierranevada",3,11
"RipF",2930,0,0,"sierranevada",3,11
"RockScreeVeg",99119,0,0,"sierranevada",3,11
"SMedMarF",16274,0,0,"sierranevada",3,11
"Shrub",3805,0,0,"sierranevada",3,11
"WaterSurf",246,0,0,"sierranevada",3,11
"AlpConF",173767,0,0,"sierranevada",3,12
"AlpScrGr",631026,0,0,"sierranevada",3,12
"AridScr",763,0,0,"sierranevada",3,12
"ArtSurf",8799,0,0,"sierranevada",3,12
"BareArea",50,0,0,"sierranevada",3,12
"Crop",1432,0,0,"sierranevada",3,12
"Grass",77879,0,0,"sierranevada",3,12
"HaloVeg",90,0,0,"sierranevada",3,12
"HydroRipVeg",1442,0,0,"sierranevada",3,12
"MedConF",2985,0,0,"sierranevada",3,12
"MedSclF",38375,0,0,"sierranevada",3,12
"MedScrub",110617,0,0,"sierranevada",3,12
"Reforestation",29221,0,0,"sierranevada",3,12
"RipF",2928,0,0,"sierranevada",3,12
"RockScreeVeg",99098,0,0,"sierranevada",3,12
"SMedMarF",16272,0,0,"sierranevada",3,12
"Shrub",3805,0,0,"sierranevada",3,12
"WaterSurf",246,0,0,"sierranevada",3,12
"AlpConF",173794,613,0.35,"sierranevada",6,1
"AlpScrGr",631034,9397,1.49,"sierranevada",6,1
"AridScr",766,2,0.26,"sierranevada",6,1
"ArtSurf",8799,150,1.7,"sierranevada",6,1
"BareArea",50,0,0,"sierranevada",6,1
"Crop",1432,3,0.21,"sierranevada",6,1
"Grass",77894,283,0.36,"sierranevada",6,1
"HaloVeg",90,1,1.11,"sierranevada",6,1
"HydroRipVeg",1442,4,0.28,"sierranevada",6,1
"MedConF",2985,74,2.48,"sierranevada",6,1
"MedSclF",38403,425,1.11,"sierranevada",6,1
"MedScrub",110649,421,0.38,"sierranevada",6,1
"Reforestation",29222,232,0.79,"sierranevada",6,1
"RipF",2926,6,0.21,"sierranevada",6,1
"RockScreeVeg",99111,765,0.77,"sierranevada",6,1
"SMedMarF",16274,149,0.92,"sierranevada",6,1
"Shrub",3805,10,0.26,"sierranevada",6,1
"WaterSurf",246,0,0,"sierranevada",6,1
"AlpConF",173794,31853,18.33,"sierranevada",6,2
"AlpScrGr",631149,218991,34.7,"sierranevada",6,2
"AridScr",773,5,0.65,"sierranevada",6,2
"ArtSurf",8799,2739,31.13,"sierranevada",6,2
"BareArea",50,0,0,"sierranevada",6,2
"Crop",1432,126,8.8,"sierranevada",6,2
"Grass",77900,13353,17.14,"sierranevada",6,2
"HaloVeg",90,29,32.22,"sierranevada",6,2
"HydroRipVeg",1447,456,31.51,"sierranevada",6,2
"MedConF",2985,488,16.35,"sierranevada",6,2
"MedSclF",38437,4173,10.86,"sierranevada",6,2
"MedScrub",110663,23405,21.15,"sierranevada",6,2
"Reforestation",29226,10768,36.84,"sierranevada",6,2
"RipF",2930,704,24.03,"sierranevada",6,2
"RockScreeVeg",99119,8141,8.21,"sierranevada",6,2
"SMedMarF",16274,5314,32.65,"sierranevada",6,2
"Shrub",3805,1786,46.94,"sierranevada",6,2
"WaterSurf",246,13,5.28,"sierranevada",6,2
"AlpConF",173796,9333,5.37,"sierranevada",6,3
"AlpScrGr",631177,85959,13.62,"sierranevada",6,3
"AridScr",774,1,0.13,"sierranevada",6,3
"ArtSurf",8799,520,5.91,"sierranevada",6,3
"BareArea",50,0,0,"sierranevada",6,3
"Crop",1432,54,3.77,"sierranevada",6,3
"Grass",77900,2985,3.83,"sierranevada",6,3
"HaloVeg",90,5,5.56,"sierranevada",6,3
"HydroRipVeg",1448,176,12.15,"sierranevada",6,3
"MedConF",2985,18,0.6,"sierranevada",6,3
"MedSclF",38437,632,1.64,"sierranevada",6,3
"MedScrub",110663,6894,6.23,"sierranevada",6,3
"Reforestation",29226,6201,21.22,"sierranevada",6,3
"RipF",2930,282,9.62,"sierranevada",6,3
"RockScreeVeg",99121,2373,2.39,"sierranevada",6,3
"SMedMarF",16274,1927,11.84,"sierranevada",6,3
"Shrub",3805,935,24.57,"sierranevada",6,3
"WaterSurf",246,2,0.81,"sierranevada",6,3
"AlpConF",173796,0,0,"sierranevada",6,4
"AlpScrGr",631177,2,0,"sierranevada",6,4
"AridScr",774,0,0,"sierranevada",6,4
"ArtSurf",8799,0,0,"sierranevada",6,4
"BareArea",50,0,0,"sierranevada",6,4
"Crop",1432,0,0,"sierranevada",6,4
"Grass",77900,0,0,"sierranevada",6,4
"HaloVeg",90,0,0,"sierranevada",6,4
"HydroRipVeg",1448,0,0,"sierranevada",6,4
"MedConF",2985,0,0,"sierranevada",6,4
"MedSclF",38437,0,0,"sierranevada",6,4
"MedScrub",110663,0,0,"sierranevada",6,4
"Reforestation",29226,0,0,"sierranevada",6,4
"RipF",2930,0,0,"sierranevada",6,4
"RockScreeVeg",99121,1,0,"sierranevada",6,4
"SMedMarF",16274,0,0,"sierranevada",6,4
"Shrub",3805,0,0,"sierranevada",6,4
"WaterSurf",246,0,0,"sierranevada",6,4
"AlpConF",173796,487,0.28,"sierranevada",6,5
"AlpScrGr",631177,30841,4.89,"sierranevada",6,5
"AridScr",774,0,0,"sierranevada",6,5
"ArtSurf",8799,38,0.43,"sierranevada",6,5
"BareArea",50,1,2,"sierranevada",6,5
"Crop",1432,0,0,"sierranevada",6,5
"Grass",77900,154,0.2,"sierranevada",6,5
"HaloVeg",90,0,0,"sierranevada",6,5
"HydroRipVeg",1448,5,0.35,"sierranevada",6,5
"MedConF",2985,4,0.13,"sierranevada",6,5
"MedSclF",38437,10,0.03,"sierranevada",6,5
"MedScrub",110663,153,0.14,"sierranevada",6,5
"Reforestation",29226,469,1.6,"sierranevada",6,5
"RipF",2930,28,0.96,"sierranevada",6,5
"RockScreeVeg",99121,2358,2.38,"sierranevada",6,5
"SMedMarF",16274,103,0.63,"sierranevada",6,5
"Shrub",3805,8,0.21,"sierranevada",6,5
"WaterSurf",246,3,1.22,"sierranevada",6,5
"AlpConF",173796,0,0,"sierranevada",6,6
"AlpScrGr",631177,0,0,"sierranevada",6,6
"AridScr",774,0,0,"sierranevada",6,6
"ArtSurf",8799,0,0,"sierranevada",6,6
"BareArea",50,0,0,"sierranevada",6,6
"Crop",1432,0,0,"sierranevada",6,6
"Grass",77900,0,0,"sierranevada",6,6
"HaloVeg",90,0,0,"sierranevada",6,6
"HydroRipVeg",1448,0,0,"sierranevada",6,6
"MedConF",2985,0,0,"sierranevada",6,6
"MedSclF",38437,0,0,"sierranevada",6,6
"MedScrub",110663,0,0,"sierranevada",6,6
"Reforestation",29226,0,0,"sierranevada",6,6
"RipF",2930,0,0,"sierranevada",6,6
"RockScreeVeg",99121,0,0,"sierranevada",6,6
"SMedMarF",16274,0,0,"sierranevada",6,6
"Shrub",3805,0,0,"sierranevada",6,6
"WaterSurf",246,0,0,"sierranevada",6,6
"AlpConF",173796,0,0,"sierranevada",6,7
"AlpScrGr",631181,606,0.1,"sierranevada",6,7
"AridScr",774,0,0,"sierranevada",6,7
"ArtSurf",8799,0,0,"sierranevada",6,7
"BareArea",50,0,0,"sierranevada",6,7
"Crop",1432,0,0,"sierranevada",6,7
"Grass",77900,39,0.05,"sierranevada",6,7
"HaloVeg",90,0,0,"sierranevada",6,7
"HydroRipVeg",1448,0,0,"sierranevada",6,7
"MedConF",2985,0,0,"sierranevada",6,7
"MedSclF",38437,0,0,"sierranevada",6,7
"MedScrub",110663,1,0,"sierranevada",6,7
"Reforestation",29226,0,0,"sierranevada",6,7
"RipF",2930,0,0,"sierranevada",6,7
"RockScreeVeg",99121,859,0.87,"sierranevada",6,7
"SMedMarF",16274,0,0,"sierranevada",6,7
"Shrub",3805,0,0,"sierranevada",6,7
"WaterSurf",246,3,1.22,"sierranevada",6,7
"AlpConF",173796,0,0,"sierranevada",6,8
"AlpScrGr",631178,21,0,"sierranevada",6,8
"AridScr",774,0,0,"sierranevada",6,8
"ArtSurf",8799,0,0,"sierranevada",6,8
"BareArea",50,0,0,"sierranevada",6,8
"Crop",1432,0,0,"sierranevada",6,8
"Grass",77900,11,0.01,"sierranevada",6,8
"HaloVeg",90,0,0,"sierranevada",6,8
"HydroRipVeg",1448,0,0,"sierranevada",6,8
"MedConF",2985,0,0,"sierranevada",6,8
"MedSclF",38437,0,0,"sierranevada",6,8
"MedScrub",110663,1,0,"sierranevada",6,8
"Reforestation",29226,0,0,"sierranevada",6,8
"RipF",2930,0,0,"sierranevada",6,8
"RockScreeVeg",99121,106,0.11,"sierranevada",6,8
"SMedMarF",16274,0,0,"sierranevada",6,8
"Shrub",3805,0,0,"sierranevada",6,8
"WaterSurf",246,2,0.81,"sierranevada",6,8
"AlpConF",173796,0,0,"sierranevada",6,9
"AlpScrGr",631177,0,0,"sierranevada",6,9
"AridScr",774,0,0,"sierranevada",6,9
"ArtSurf",8799,0,0,"sierranevada",6,9
"BareArea",50,0,0,"sierranevada",6,9
"Crop",1432,0,0,"sierranevada",6,9
"Grass",77900,0,0,"sierranevada",6,9
"HaloVeg",90,0,0,"sierranevada",6,9
"HydroRipVeg",1448,0,0,"sierranevada",6,9
"MedConF",2985,0,0,"sierranevada",6,9
"MedSclF",38437,0,0,"sierranevada",6,9
"MedScrub",110663,0,0,"sierranevada",6,9
"Reforestation",29226,0,0,"sierranevada",6,9
"RipF",2930,0,0,"sierranevada",6,9
"RockScreeVeg",99121,0,0,"sierranevada",6,9
"SMedMarF",16274,0,0,"sierranevada",6,9
"Shrub",3805,0,0,"sierranevada",6,9
"WaterSurf",246,0,0,"sierranevada",6,9
"AlpConF",173796,0,0,"sierranevada",6,10
"AlpScrGr",631178,0,0,"sierranevada",6,10
"AridScr",774,0,0,"sierranevada",6,10
"ArtSurf",8799,0,0,"sierranevada",6,10
"BareArea",50,0,0,"sierranevada",6,10
"Crop",1432,0,0,"sierranevada",6,10
"Grass",77900,0,0,"sierranevada",6,10
"HaloVeg",90,0,0,"sierranevada",6,10
"HydroRipVeg",1448,0,0,"sierranevada",6,10
"MedConF",2985,0,0,"sierranevada",6,10
"MedSclF",38437,0,0,"sierranevada",6,10
"MedScrub",110663,0,0,"sierranevada",6,10
"Reforestation",29226,0,0,"sierranevada",6,10
"RipF",2930,0,0,"sierranevada",6,10
"RockScreeVeg",99121,0,0,"sierranevada",6,10
"SMedMarF",16274,0,0,"sierranevada",6,10
"Shrub",3805,0,0,"sierranevada",6,10
"WaterSurf",246,0,0,"sierranevada",6,10
"AlpConF",173794,0,0,"sierranevada",6,11
"AlpScrGr",631149,0,0,"sierranevada",6,11
"AridScr",772,0,0,"sierranevada",6,11
"ArtSurf",8799,0,0,"sierranevada",6,11
"BareArea",50,0,0,"sierranevada",6,11
"Crop",1432,0,0,"sierranevada",6,11
"Grass",77897,0,0,"sierranevada",6,11
"HaloVeg",90,0,0,"sierranevada",6,11
"HydroRipVeg",1448,0,0,"sierranevada",6,11
"MedConF",2985,0,0,"sierranevada",6,11
"MedSclF",38428,0,0,"sierranevada",6,11
"MedScrub",110657,0,0,"sierranevada",6,11
"Reforestation",29224,0,0,"sierranevada",6,11
"RipF",2930,0,0,"sierranevada",6,11
"RockScreeVeg",99119,0,0,"sierranevada",6,11
"SMedMarF",16274,0,0,"sierranevada",6,11
"Shrub",3805,0,0,"sierranevada",6,11
"WaterSurf",246,0,0,"sierranevada",6,11
"AlpConF",173767,0,0,"sierranevada",6,12
"AlpScrGr",631026,0,0,"sierranevada",6,12
"AridScr",763,0,0,"sierranevada",6,12
"ArtSurf",8799,0,0,"sierranevada",6,12
"BareArea",50,0,0,"sierranevada",6,12
"Crop",1432,0,0,"sierranevada",6,12
"Grass",77879,0,0,"sierranevada",6,12
"HaloVeg",90,0,0,"sierranevada",6,12
"HydroRipVeg",1442,0,0,"sierranevada",6,12
"MedConF",2985,0,0,"sierranevada",6,12
"MedSclF",38375,0,0,"sierranevada",6,12
"MedScrub",110617,0,0,"sierranevada",6,12
"Reforestation",29221,0,0,"sierranevada",6,12
"RipF",2928,0,0,"sierranevada",6,12
"RockScreeVeg",99098,0,0,"sierranevada",6,12
"SMedMarF",16272,0,0,"sierranevada",6,12
"Shrub",3805,0,0,"sierranevada",6,12
"WaterSurf",246,0,0,"sierranevada",6,12
"AlpConF",173794,2076,1.19,"sierranevada",9,1
"AlpScrGr",631034,24287,3.85,"sierranevada",9,1
"AridScr",766,3,0.39,"sierranevada",9,1
"ArtSurf",8799,181,2.06,"sierranevada",9,1
"BareArea",50,0,0,"sierranevada",9,1
"Crop",1432,11,0.77,"sierranevada",9,1
"Grass",77894,571,0.73,"sierranevada",9,1
"HaloVeg",90,4,4.44,"sierranevada",9,1
"HydroRipVeg",1442,6,0.42,"sierranevada",9,1
"MedConF",2985,102,3.42,"sierranevada",9,1
"MedSclF",38403,275,0.72,"sierranevada",9,1
"MedScrub",110649,722,0.65,"sierranevada",9,1
"Reforestation",29222,249,0.85,"sierranevada",9,1
"RipF",2926,10,0.34,"sierranevada",9,1
"RockScreeVeg",99111,1312,1.32,"sierranevada",9,1
"SMedMarF",16274,249,1.53,"sierranevada",9,1
"Shrub",3805,21,0.55,"sierranevada",9,1
"WaterSurf",246,0,0,"sierranevada",9,1
"AlpConF",173794,21851,12.57,"sierranevada",9,2
"AlpScrGr",631149,174014,27.57,"sierranevada",9,2
"AridScr",773,7,0.91,"sierranevada",9,2
"ArtSurf",8799,2017,22.92,"sierranevada",9,2
"BareArea",50,2,4,"sierranevada",9,2
"Crop",1432,59,4.12,"sierranevada",9,2
"Grass",77900,7952,10.21,"sierranevada",9,2
"HaloVeg",90,24,26.67,"sierranevada",9,2
"HydroRipVeg",1447,332,22.94,"sierranevada",9,2
"MedConF",2985,441,14.77,"sierranevada",9,2
"MedSclF",38437,2789,7.26,"sierranevada",9,2
"MedScrub",110663,15277,13.8,"sierranevada",9,2
"Reforestation",29226,6996,23.94,"sierranevada",9,2
"RipF",2930,428,14.61,"sierranevada",9,2
"RockScreeVeg",99119,7267,7.33,"sierranevada",9,2
"SMedMarF",16274,2936,18.04,"sierranevada",9,2
"Shrub",3805,887,23.31,"sierranevada",9,2
"WaterSurf",246,11,4.47,"sierranevada",9,2
"AlpConF",173796,12699,7.31,"sierranevada",9,3
"AlpScrGr",631177,120040,19.02,"sierranevada",9,3
"AridScr",774,4,0.52,"sierranevada",9,3
"ArtSurf",8799,855,9.72,"sierranevada",9,3
"BareArea",50,0,0,"sierranevada",9,3
"Crop",1432,62,4.33,"sierranevada",9,3
"Grass",77900,3784,4.86,"sierranevada",9,3
"HaloVeg",90,5,5.56,"sierranevada",9,3
"HydroRipVeg",1448,248,17.13,"sierranevada",9,3
"MedConF",2985,44,1.47,"sierranevada",9,3
"MedSclF",38437,1059,2.76,"sierranevada",9,3
"MedScrub",110663,8863,8.01,"sierranevada",9,3
"Reforestation",29226,8360,28.6,"sierranevada",9,3
"RipF",2930,321,10.96,"sierranevada",9,3
"RockScreeVeg",99121,4668,4.71,"sierranevada",9,3
"SMedMarF",16274,2381,14.63,"sierranevada",9,3
"Shrub",3805,1175,30.88,"sierranevada",9,3
"WaterSurf",246,7,2.85,"sierranevada",9,3
"AlpConF",173796,7,0,"sierranevada",9,4
"AlpScrGr",631177,439,0.07,"sierranevada",9,4
"AridScr",774,0,0,"sierranevada",9,4
"ArtSurf",8799,1,0.01,"sierranevada",9,4
"BareArea",50,0,0,"sierranevada",9,4
"Crop",1432,0,0,"sierranevada",9,4
"Grass",77900,18,0.02,"sierranevada",9,4
"HaloVeg",90,0,0,"sierranevada",9,4
"HydroRipVeg",1448,0,0,"sierranevada",9,4
"MedConF",2985,0,0,"sierranevada",9,4
"MedSclF",38437,2,0.01,"sierranevada",9,4
"MedScrub",110663,7,0.01,"sierranevada",9,4
"Reforestation",29226,4,0.01,"sierranevada",9,4
"RipF",2930,0,0,"sierranevada",9,4
"RockScreeVeg",99121,116,0.12,"sierranevada",9,4
"SMedMarF",16274,0,0,"sierranevada",9,4
"Shrub",3805,0,0,"sierranevada",9,4
"WaterSurf",246,0,0,"sierranevada",9,4
"AlpConF",173796,157,0.09,"sierranevada",9,5
"AlpScrGr",631177,15597,2.47,"sierranevada",9,5
"AridScr",774,0,0,"sierranevada",9,5
"ArtSurf",8799,88,1,"sierranevada",9,5
"BareArea",50,4,8,"sierranevada",9,5
"Crop",1432,0,0,"sierranevada",9,5
"Grass",77900,230,0.3,"sierranevada",9,5
"HaloVeg",90,0,0,"sierranevada",9,5
"HydroRipVeg",1448,0,0,"sierranevada",9,5
"MedConF",2985,12,0.4,"sierranevada",9,5
"MedSclF",38437,10,0.03,"sierranevada",9,5
"MedScrub",110663,143,0.13,"sierranevada",9,5
"Reforestation",29226,271,0.93,"sierranevada",9,5
"RipF",2930,1,0.03,"sierranevada",9,5
"RockScreeVeg",99121,3309,3.34,"sierranevada",9,5
"SMedMarF",16274,48,0.29,"sierranevada",9,5
"Shrub",3805,1,0.03,"sierranevada",9,5
"WaterSurf",246,5,2.03,"sierranevada",9,5
"AlpConF",173796,0,0,"sierranevada",9,6
"AlpScrGr",631177,0,0,"sierranevada",9,6
"AridScr",774,0,0,"sierranevada",9,6
"ArtSurf",8799,0,0,"sierranevada",9,6
"BareArea",50,0,0,"sierranevada",9,6
"Crop",1432,0,0,"sierranevada",9,6
"Grass",77900,0,0,"sierranevada",9,6
"HaloVeg",90,0,0,"sierranevada",9,6
"HydroRipVeg",1448,0,0,"sierranevada",9,6
"MedConF",2985,0,0,"sierranevada",9,6
"MedSclF",38437,0,0,"sierranevada",9,6
"MedScrub",110663,0,0,"sierranevada",9,6
"Reforestation",29226,0,0,"sierranevada",9,6
"RipF",2930,0,0,"sierranevada",9,6
"RockScreeVeg",99121,0,0,"sierranevada",9,6
"SMedMarF",16274,0,0,"sierranevada",9,6
"Shrub",3805,0,0,"sierranevada",9,6
"WaterSurf",246,0,0,"sierranevada",9,6
"AlpConF",173796,1,0,"sierranevada",9,7
"AlpScrGr",631181,465,0.07,"sierranevada",9,7
"AridScr",774,0,0,"sierranevada",9,7
"ArtSurf",8799,4,0.05,"sierranevada",9,7
"BareArea",50,0,0,"sierranevada",9,7
"Crop",1432,0,0,"sierranevada",9,7
"Grass",77900,16,0.02,"sierranevada",9,7
"HaloVeg",90,0,0,"sierranevada",9,7
"HydroRipVeg",1448,0,0,"sierranevada",9,7
"MedConF",2985,0,0,"sierranevada",9,7
"MedSclF",38437,0,0,"sierranevada",9,7
"MedScrub",110663,4,0,"sierranevada",9,7
"Reforestation",29226,4,0.01,"sierranevada",9,7
"RipF",2930,0,0,"sierranevada",9,7
"RockScreeVeg",99121,404,0.41,"sierranevada",9,7
"SMedMarF",16274,0,0,"sierranevada",9,7
"Shrub",3805,0,0,"sierranevada",9,7
"WaterSurf",246,1,0.41,"sierranevada",9,7
"AlpConF",173796,0,0,"sierranevada",9,8
"AlpScrGr",631178,1,0,"sierranevada",9,8
"AridScr",774,0,0,"sierranevada",9,8
"ArtSurf",8799,1,0.01,"sierranevada",9,8
"BareArea",50,0,0,"sierranevada",9,8
"Crop",1432,0,0,"sierranevada",9,8
"Grass",77900,0,0,"sierranevada",9,8
"HaloVeg",90,0,0,"sierranevada",9,8
"HydroRipVeg",1448,0,0,"sierranevada",9,8
"MedConF",2985,0,0,"sierranevada",9,8
"MedSclF",38437,0,0,"sierranevada",9,8
"MedScrub",110663,0,0,"sierranevada",9,8
"Reforestation",29226,2,0.01,"sierranevada",9,8
"RipF",2930,0,0,"sierranevada",9,8
"RockScreeVeg",99121,1,0,"sierranevada",9,8
"SMedMarF",16274,0,0,"sierranevada",9,8
"Shrub",3805,0,0,"sierranevada",9,8
"WaterSurf",246,0,0,"sierranevada",9,8
"AlpConF",173796,0,0,"sierranevada",9,9
"AlpScrGr",631177,0,0,"sierranevada",9,9
"AridScr",774,0,0,"sierranevada",9,9
"ArtSurf",8799,0,0,"sierranevada",9,9
"BareArea",50,0,0,"sierranevada",9,9
"Crop",1432,0,0,"sierranevada",9,9
"Grass",77900,0,0,"sierranevada",9,9
"HaloVeg",90,0,0,"sierranevada",9,9
"HydroRipVeg",1448,0,0,"sierranevada",9,9
"MedConF",2985,0,0,"sierranevada",9,9
"MedSclF",38437,0,0,"sierranevada",9,9
"MedScrub",110663,0,0,"sierranevada",9,9
"Reforestation",29226,3,0.01,"sierranevada",9,9
"RipF",2930,0,0,"sierranevada",9,9
"RockScreeVeg",99121,0,0,"sierranevada",9,9
"SMedMarF",16274,0,0,"sierranevada",9,9
"Shrub",3805,0,0,"sierranevada",9,9
"WaterSurf",246,0,0,"sierranevada",9,9
"AlpConF",173796,0,0,"sierranevada",9,10
"AlpScrGr",631178,0,0,"sierranevada",9,10
"AridScr",774,0,0,"sierranevada",9,10
"ArtSurf",8799,0,0,"sierranevada",9,10
"BareArea",50,0,0,"sierranevada",9,10
"Crop",1432,0,0,"sierranevada",9,10
"Grass",77900,0,0,"sierranevada",9,10
"HaloVeg",90,0,0,"sierranevada",9,10
"HydroRipVeg",1448,0,0,"sierranevada",9,10
"MedConF",2985,0,0,"sierranevada",9,10
"MedSclF",38437,0,0,"sierranevada",9,10
"MedScrub",110663,0,0,"sierranevada",9,10
"Reforestation",29226,0,0,"sierranevada",9,10
"RipF",2930,0,0,"sierranevada",9,10
"RockScreeVeg",99121,0,0,"sierranevada",9,10
"SMedMarF",16274,0,0,"sierranevada",9,10
"Shrub",3805,0,0,"sierranevada",9,10
"WaterSurf",246,0,0,"sierranevada",9,10
"AlpConF",173794,0,0,"sierranevada",9,11
"AlpScrGr",631149,0,0,"sierranevada",9,11
"AridScr",772,0,0,"sierranevada",9,11
"ArtSurf",8799,0,0,"sierranevada",9,11
"BareArea",50,0,0,"sierranevada",9,11
"Crop",1432,0,0,"sierranevada",9,11
"Grass",77897,0,0,"sierranevada",9,11
"HaloVeg",90,0,0,"sierranevada",9,11
"HydroRipVeg",1448,0,0,"sierranevada",9,11
"MedConF",2985,0,0,"sierranevada",9,11
"MedSclF",38428,0,0,"sierranevada",9,11
"MedScrub",110657,0,0,"sierranevada",9,11
"Reforestation",29224,0,0,"sierranevada",9,11
"RipF",2930,0,0,"sierranevada",9,11
"RockScreeVeg",99119,0,0,"sierranevada",9,11
"SMedMarF",16274,0,0,"sierranevada",9,11
"Shrub",3805,0,0,"sierranevada",9,11
"WaterSurf",246,0,0,"sierranevada",9,11
"AlpConF",173767,0,0,"sierranevada",9,12
"AlpScrGr",631026,0,0,"sierranevada",9,12
"AridScr",763,0,0,"sierranevada",9,12
"ArtSurf",8799,0,0,"sierranevada",9,12
"BareArea",50,0,0,"sierranevada",9,12
"Crop",1432,0,0,"sierranevada",9,12
"Grass",77879,0,0,"sierranevada",9,12
"HaloVeg",90,0,0,"sierranevada",9,12
"HydroRipVeg",1442,0,0,"sierranevada",9,12
"MedConF",2985,0,0,"sierranevada",9,12
"MedSclF",38375,0,0,"sierranevada",9,12
"MedScrub",110617,0,0,"sierranevada",9,12
"Reforestation",29221,0,0,"sierranevada",9,12
"RipF",2928,0,0,"sierranevada",9,12
"RockScreeVeg",99098,0,0,"sierranevada",9,12
"SMedMarF",16272,0,0,"sierranevada",9,12
"Shrub",3805,0,0,"sierranevada",9,12
"WaterSurf",246,0,0,"sierranevada",9,12
"AlpConF",173794,0,0,"sierranevada",12,1
"AlpScrGr",631034,0,0,"sierranevada",12,1
"AridScr",766,0,0,"sierranevada",12,1
"ArtSurf",8799,0,0,"sierranevada",12,1
"BareArea",50,0,0,"sierranevada",12,1
"Crop",1432,0,0,"sierranevada",12,1
"Grass",77894,0,0,"sierranevada",12,1
"HaloVeg",90,0,0,"sierranevada",12,1
"HydroRipVeg",1442,0,0,"sierranevada",12,1
"MedConF",2985,0,0,"sierranevada",12,1
"MedSclF",38403,0,0,"sierranevada",12,1
"MedScrub",110649,0,0,"sierranevada",12,1
"Reforestation",29222,0,0,"sierranevada",12,1
"RipF",2926,0,0,"sierranevada",12,1
"RockScreeVeg",99111,0,0,"sierranevada",12,1
"SMedMarF",16274,0,0,"sierranevada",12,1
"Shrub",3805,0,0,"sierranevada",12,1
"WaterSurf",246,0,0,"sierranevada",12,1
"AlpConF",173794,5541,3.19,"sierranevada",12,2
"AlpScrGr",631149,81923,12.98,"sierranevada",12,2
"AridScr",773,1,0.13,"sierranevada",12,2
"ArtSurf",8799,628,7.14,"sierranevada",12,2
"BareArea",50,0,0,"sierranevada",12,2
"Crop",1432,28,1.96,"sierranevada",12,2
"Grass",77900,2622,3.37,"sierranevada",12,2
"HaloVeg",90,6,6.67,"sierranevada",12,2
"HydroRipVeg",1447,220,15.2,"sierranevada",12,2
"MedConF",2985,73,2.45,"sierranevada",12,2
"MedSclF",38437,763,1.99,"sierranevada",12,2
"MedScrub",110663,5341,4.83,"sierranevada",12,2
"Reforestation",29226,3053,10.45,"sierranevada",12,2
"RipF",2930,235,8.02,"sierranevada",12,2
"RockScreeVeg",99119,2652,2.68,"sierranevada",12,2
"SMedMarF",16274,1060,6.51,"sierranevada",12,2
"Shrub",3805,290,7.62,"sierranevada",12,2
"WaterSurf",246,1,0.41,"sierranevada",12,2
"AlpConF",173796,1520,0.87,"sierranevada",12,3
"AlpScrGr",631177,8745,1.39,"sierranevada",12,3
"AridScr",774,0,0,"sierranevada",12,3
"ArtSurf",8799,40,0.45,"sierranevada",12,3
"BareArea",50,0,0,"sierranevada",12,3
"Crop",1432,16,1.12,"sierranevada",12,3
"Grass",77900,452,0.58,"sierranevada",12,3
"HaloVeg",90,0,0,"sierranevada",12,3
"HydroRipVeg",1448,30,2.07,"sierranevada",12,3
"MedConF",2985,5,0.17,"sierranevada",12,3
"MedSclF",38437,86,0.22,"sierranevada",12,3
"MedScrub",110663,1035,0.94,"sierranevada",12,3
"Reforestation",29226,686,2.35,"sierranevada",12,3
"RipF",2930,27,0.92,"sierranevada",12,3
"RockScreeVeg",99121,461,0.47,"sierranevada",12,3
"SMedMarF",16274,338,2.08,"sierranevada",12,3
"Shrub",3805,138,3.63,"sierranevada",12,3
"WaterSurf",246,2,0.81,"sierranevada",12,3
"AlpConF",173796,0,0,"sierranevada",12,4
"AlpScrGr",631177,1,0,"sierranevada",12,4
"AridScr",774,0,0,"sierranevada",12,4
"ArtSurf",8799,0,0,"sierranevada",12,4
"BareArea",50,0,0,"sierranevada",12,4
"Crop",1432,0,0,"sierranevada",12,4
"Grass",77900,0,0,"sierranevada",12,4
"HaloVeg",90,0,0,"sierranevada",12,4
"HydroRipVeg",1448,0,0,"sierranevada",12,4
"MedConF",2985,0,0,"sierranevada",12,4
"MedSclF",38437,0,0,"sierranevada",12,4
"MedScrub",110663,0,0,"sierranevada",12,4
"Reforestation",29226,0,0,"sierranevada",12,4
"RipF",2930,0,0,"sierranevada",12,4
"RockScreeVeg",99121,0,0,"sierranevada",12,4
"SMedMarF",16274,0,0,"sierranevada",12,4
"Shrub",3805,0,0,"sierranevada",12,4
"WaterSurf",246,0,0,"sierranevada",12,4
"AlpConF",173796,20,0.01,"sierranevada",12,5
"AlpScrGr",631177,1292,0.2,"sierranevada",12,5
"AridScr",774,0,0,"sierranevada",12,5
"ArtSurf",8799,8,0.09,"sierranevada",12,5
"BareArea",50,0,0,"sierranevada",12,5
"Crop",1432,0,0,"sierranevada",12,5
"Grass",77900,52,0.07,"sierranevada",12,5
"HaloVeg",90,0,0,"sierranevada",12,5
"HydroRipVeg",1448,0,0,"sierranevada",12,5
"MedConF",2985,1,0.03,"sierranevada",12,5
"MedSclF",38437,1,0,"sierranevada",12,5
"MedScrub",110663,34,0.03,"sierranevada",12,5
"Reforestation",29226,12,0.04,"sierranevada",12,5
"RipF",2930,0,0,"sierranevada",12,5
"RockScreeVeg",99121,322,0.32,"sierranevada",12,5
"SMedMarF",16274,0,0,"sierranevada",12,5
"Shrub",3805,0,0,"sierranevada",12,5
"WaterSurf",246,0,0,"sierranevada",12,5
"AlpConF",173796,0,0,"sierranevada",12,6
"AlpScrGr",631177,0,0,"sierranevada",12,6
"AridScr",774,0,0,"sierranevada",12,6
"ArtSurf",8799,0,0,"sierranevada",12,6
"BareArea",50,0,0,"sierranevada",12,6
"Crop",1432,0,0,"sierranevada",12,6
"Grass",77900,0,0,"sierranevada",12,6
"HaloVeg",90,0,0,"sierranevada",12,6
"HydroRipVeg",1448,0,0,"sierranevada",12,6
"MedConF",2985,0,0,"sierranevada",12,6
"MedSclF",38437,0,0,"sierranevada",12,6
"MedScrub",110663,0,0,"sierranevada",12,6
"Reforestation",29226,0,0,"sierranevada",12,6
"RipF",2930,0,0,"sierranevada",12,6
"RockScreeVeg",99121,0,0,"sierranevada",12,6
"SMedMarF",16274,0,0,"sierranevada",12,6
"Shrub",3805,0,0,"sierranevada",12,6
"WaterSurf",246,0,0,"sierranevada",12,6
"AlpConF",173796,6,0,"sierranevada",12,7
"AlpScrGr",631181,76,0.01,"sierranevada",12,7
"AridScr",774,0,0,"sierranevada",12,7
"ArtSurf",8799,4,0.05,"sierranevada",12,7
"BareArea",50,0,0,"sierranevada",12,7
"Crop",1432,0,0,"sierranevada",12,7
"Grass",77900,7,0.01,"sierranevada",12,7
"HaloVeg",90,0,0,"sierranevada",12,7
"HydroRipVeg",1448,0,0,"sierranevada",12,7
"MedConF",2985,1,0.03,"sierranevada",12,7
"MedSclF",38437,0,0,"sierranevada",12,7
"MedScrub",110663,16,0.01,"sierranevada",12,7
"Reforestation",29226,14,0.05,"sierranevada",12,7
"RipF",2930,0,0,"sierranevada",12,7
"RockScreeVeg",99121,27,0.03,"sierranevada",12,7
"SMedMarF",16274,0,0,"sierranevada",12,7
"Shrub",3805,0,0,"sierranevada",12,7
"WaterSurf",246,0,0,"sierranevada",12,7
"AlpConF",173796,0,0,"sierranevada",12,8
"AlpScrGr",631178,5,0,"sierranevada",12,8
"AridScr",774,0,0,"sierranevada",12,8
"ArtSurf",8799,3,0.03,"sierranevada",12,8
"BareArea",50,0,0,"sierranevada",12,8
"Crop",1432,0,0,"sierranevada",12,8
"Grass",77900,0,0,"sierranevada",12,8
"HaloVeg",90,0,0,"sierranevada",12,8
"HydroRipVeg",1448,0,0,"sierranevada",12,8
"MedConF",2985,0,0,"sierranevada",12,8
"MedSclF",38437,0,0,"sierranevada",12,8
"MedScrub",110663,0,0,"sierranevada",12,8
"Reforestation",29226,35,0.12,"sierranevada",12,8
"RipF",2930,0,0,"sierranevada",12,8
"RockScreeVeg",99121,0,0,"sierranevada",12,8
"SMedMarF",16274,0,0,"sierranevada",12,8
"Shrub",3805,0,0,"sierranevada",12,8
"WaterSurf",246,0,0,"sierranevada",12,8
"AlpConF",173796,0,0,"sierranevada",12,9
"AlpScrGr",631177,0,0,"sierranevada",12,9
"AridScr",774,0,0,"sierranevada",12,9
"ArtSurf",8799,0,0,"sierranevada",12,9
"BareArea",50,0,0,"sierranevada",12,9
"Crop",1432,0,0,"sierranevada",12,9
"Grass",77900,0,0,"sierranevada",12,9
"HaloVeg",90,0,0,"sierranevada",12,9
"HydroRipVeg",1448,0,0,"sierranevada",12,9
"MedConF",2985,0,0,"sierranevada",12,9
"MedSclF",38437,0,0,"sierranevada",12,9
"MedScrub",110663,0,0,"sierranevada",12,9
"Reforestation",29226,0,0,"sierranevada",12,9
"RipF",2930,0,0,"sierranevada",12,9
"RockScreeVeg",99121,0,0,"sierranevada",12,9
"SMedMarF",16274,0,0,"sierranevada",12,9
"Shrub",3805,0,0,"sierranevada",12,9
"WaterSurf",246,0,0,"sierranevada",12,9
"AlpConF",173796,0,0,"sierranevada",12,10
"AlpScrGr",631178,0,0,"sierranevada",12,10
"AridScr",774,0,0,"sierranevada",12,10
"ArtSurf",8799,0,0,"sierranevada",12,10
"BareArea",50,0,0,"sierranevada",12,10
"Crop",1432,0,0,"sierranevada",12,10
"Grass",77900,0,0,"sierranevada",12,10
"HaloVeg",90,0,0,"sierranevada",12,10
"HydroRipVeg",1448,0,0,"sierranevada",12,10
"MedConF",2985,0,0,"sierranevada",12,10
"MedSclF",38437,0,0,"sierranevada",12,10
"MedScrub",110663,0,0,"sierranevada",12,10
"Reforestation",29226,0,0,"sierranevada",12,10
"RipF",2930,0,0,"sierranevada",12,10
"RockScreeVeg",99121,0,0,"sierranevada",12,10
"SMedMarF",16274,0,0,"sierranevada",12,10
"Shrub",3805,0,0,"sierranevada",12,10
"WaterSurf",246,0,0,"sierranevada",12,10
"AlpConF",173794,0,0,"sierranevada",12,11
"AlpScrGr",631149,0,0,"sierranevada",12,11
"AridScr",772,0,0,"sierranevada",12,11
"ArtSurf",8799,0,0,"sierranevada",12,11
"BareArea",50,0,0,"sierranevada",12,11
"Crop",1432,0,0,"sierranevada",12,11
"Grass",77897,0,0,"sierranevada",12,11
"HaloVeg",90,0,0,"sierranevada",12,11
"HydroRipVeg",1448,0,0,"sierranevada",12,11
"MedConF",2985,0,0,"sierranevada",12,11
"MedSclF",38428,0,0,"sierranevada",12,11
"MedScrub",110657,0,0,"sierranevada",12,11
"Reforestation",29224,0,0,"sierranevada",12,11
"RipF",2930,0,0,"sierranevada",12,11
"RockScreeVeg",99119,0,0,"sierranevada",12,11
"SMedMarF",16274,0,0,"sierranevada",12,11
"Shrub",3805,0,0,"sierranevada",12,11
"WaterSurf",246,0,0,"sierranevada",12,11
"AlpConF",173767,0,0,"sierranevada",12,12
"AlpScrGr",631026,0,0,"sierranevada",12,12
"AridScr",763,0,0,"sierranevada",12,12
"ArtSurf",8799,0,0,"sierranevada",12,12
"BareArea",50,0,0,"sierranevada",12,12
"Crop",1432,0,0,"sierranevada",12,12
"Grass",77879,0,0,"sierranevada",12,12
"HaloVeg",90,0,0,"sierranevada",12,12
"HydroRipVeg",1442,0,0,"sierranevada",12,12
"MedConF",2985,0,0,"sierranevada",12,12
"MedSclF",38375,0,0,"sierranevada",12,12
"MedScrub",110617,0,0,"sierranevada",12,12
"Reforestation",29221,0,0,"sierranevada",12,12
"RipF",2928,0,0,"sierranevada",12,12
"RockScreeVeg",99098,0,0,"sierranevada",12,12
"SMedMarF",16272,0,0,"sierranevada",12,12
"Shrub",3805,0,0,"sierranevada",12,12
"WaterSurf",246,0,0,"sierranevada",12,12
