"Id_SNVeg","n_total","n_sig","prop_sig","parque","escala","mes"
"AlpConF",47119,0,0,"aiguestortes",1,1
"AlpScrGr",90179,0,0,"aiguestortes",1,1
"Grass",649,0,0,"aiguestortes",1,1
"HydroRipVeg",599,0,0,"aiguestortes",1,1
"RipF",223,0,0,"aiguestortes",1,1
"RockScreeVeg",60305,0,0,"aiguestortes",1,1
"Shrub",528,0,0,"aiguestortes",1,1
"TempDecF",913,0,0,"aiguestortes",1,1
"WaterSurf",4432,0,0,"aiguestortes",1,1
"AlpConF",47129,0,0,"aiguestortes",1,2
"AlpScrGr",90472,22,0.02,"aiguestortes",1,2
"Grass",647,0,0,"aiguestortes",1,2
"HydroRipVeg",599,0,0,"aiguestortes",1,2
"RipF",223,0,0,"aiguestortes",1,2
"RockScreeVeg",60535,4,0.01,"aiguestortes",1,2
"Shrub",528,0,0,"aiguestortes",1,2
"TempDecF",913,0,0,"aiguestortes",1,2
"WaterSurf",4432,1,0.02,"aiguestortes",1,2
"AlpConF",47131,0,0,"aiguestortes",1,3
"AlpScrGr",90046,0,0,"aiguestortes",1,3
"Grass",650,0,0,"aiguestortes",1,3
"HydroRipVeg",599,0,0,"aiguestortes",1,3
"RipF",223,0,0,"aiguestortes",1,3
"RockScreeVeg",59792,0,0,"aiguestortes",1,3
"Shrub",528,0,0,"aiguestortes",1,3
"TempDecF",913,0,0,"aiguestortes",1,3
"WaterSurf",4426,0,0,"aiguestortes",1,3
"AlpConF",47129,0,0,"aiguestortes",1,4
"AlpScrGr",89976,0,0,"aiguestortes",1,4
"Grass",650,0,0,"aiguestortes",1,4
"HydroRipVeg",599,0,0,"aiguestortes",1,4
"RipF",223,0,0,"aiguestortes",1,4
"RockScreeVeg",59380,0,0,"aiguestortes",1,4
"Shrub",528,0,0,"aiguestortes",1,4
"TempDecF",913,0,0,"aiguestortes",1,4
"WaterSurf",4420,0,0,"aiguestortes",1,4
"AlpConF",47125,0,0,"aiguestortes",1,5
"AlpScrGr",89502,0,0,"aiguestortes",1,5
"Grass",650,0,0,"aiguestortes",1,5
"HydroRipVeg",599,0,0,"aiguestortes",1,5
"RipF",223,0,0,"aiguestortes",1,5
"RockScreeVeg",58338,0,0,"aiguestortes",1,5
"Shrub",528,0,0,"aiguestortes",1,5
"TempDecF",913,0,0,"aiguestortes",1,5
"WaterSurf",4420,0,0,"aiguestortes",1,5
"AlpConF",47156,0,0,"aiguestortes",1,6
"AlpScrGr",89985,0,0,"aiguestortes",1,6
"Grass",650,0,0,"aiguestortes",1,6
"HydroRipVeg",599,0,0,"aiguestortes",1,6
"RipF",223,0,0,"aiguestortes",1,6
"RockScreeVeg",59389,0,0,"aiguestortes",1,6
"Shrub",528,0,0,"aiguestortes",1,6
"TempDecF",913,0,0,"aiguestortes",1,6
"WaterSurf",4420,0,0,"aiguestortes",1,6
"AlpConF",47156,0,0,"aiguestortes",1,7
"AlpScrGr",90194,0,0,"aiguestortes",1,7
"Grass",650,0,0,"aiguestortes",1,7
"HydroRipVeg",599,0,0,"aiguestortes",1,7
"RipF",223,0,0,"aiguestortes",1,7
"RockScreeVeg",59993,0,0,"aiguestortes",1,7
"Shrub",528,0,0,"aiguestortes",1,7
"TempDecF",913,0,0,"aiguestortes",1,7
"WaterSurf",4420,0,0,"aiguestortes",1,7
"AlpConF",47156,0,0,"aiguestortes",1,8
"AlpScrGr",90902,0,0,"aiguestortes",1,8
"Grass",650,0,0,"aiguestortes",1,8
"HydroRipVeg",599,0,0,"aiguestortes",1,8
"RipF",223,0,0,"aiguestortes",1,8
"RockScreeVeg",61591,0,0,"aiguestortes",1,8
"Shrub",528,0,0,"aiguestortes",1,8
"TempDecF",913,0,0,"aiguestortes",1,8
"WaterSurf",4420,0,0,"aiguestortes",1,8
"AlpConF",47133,0,0,"aiguestortes",1,9
"AlpScrGr",91031,0,0,"aiguestortes",1,9
"Grass",650,0,0,"aiguestortes",1,9
"HydroRipVeg",599,0,0,"aiguestortes",1,9
"RipF",223,0,0,"aiguestortes",1,9
"RockScreeVeg",61732,0,0,"aiguestortes",1,9
"Shrub",528,0,0,"aiguestortes",1,9
"TempDecF",913,0,0,"aiguestortes",1,9
"WaterSurf",4423,0,0,"aiguestortes",1,9
"AlpConF",47131,0,0,"aiguestortes",1,10
"AlpScrGr",90476,0,0,"aiguestortes",1,10
"Grass",650,0,0,"aiguestortes",1,10
"HydroRipVeg",599,0,0,"aiguestortes",1,10
"RipF",223,0,0,"aiguestortes",1,10
"RockScreeVeg",60534,0,0,"aiguestortes",1,10
"Shrub",528,0,0,"aiguestortes",1,10
"TempDecF",913,0,0,"aiguestortes",1,10
"WaterSurf",4420,0,0,"aiguestortes",1,10
"AlpConF",47073,0,0,"aiguestortes",1,11
"AlpScrGr",89988,0,0,"aiguestortes",1,11
"Grass",648,0,0,"aiguestortes",1,11
"HydroRipVeg",599,0,0,"aiguestortes",1,11
"RipF",223,0,0,"aiguestortes",1,11
"RockScreeVeg",59406,0,0,"aiguestortes",1,11
"Shrub",528,0,0,"aiguestortes",1,11
"TempDecF",913,0,0,"aiguestortes",1,11
"WaterSurf",4420,0,0,"aiguestortes",1,11
"AlpConF",46858,0,0,"aiguestortes",1,12
"AlpScrGr",89999,0,0,"aiguestortes",1,12
"Grass",643,0,0,"aiguestortes",1,12
"HydroRipVeg",599,0,0,"aiguestortes",1,12
"RipF",223,0,0,"aiguestortes",1,12
"RockScreeVeg",59577,0,0,"aiguestortes",1,12
"Shrub",528,0,0,"aiguestortes",1,12
"TempDecF",904,0,0,"aiguestortes",1,12
"WaterSurf",4422,0,0,"aiguestortes",1,12
"AlpConF",47119,0,0,"aiguestortes",3,1
"AlpScrGr",90179,0,0,"aiguestortes",3,1
"Grass",649,0,0,"aiguestortes",3,1
"HydroRipVeg",599,0,0,"aiguestortes",3,1
"RipF",223,0,0,"aiguestortes",3,1
"RockScreeVeg",60305,0,0,"aiguestortes",3,1
"Shrub",528,0,0,"aiguestortes",3,1
"TempDecF",913,0,0,"aiguestortes",3,1
"WaterSurf",4432,0,0,"aiguestortes",3,1
"AlpConF",47129,0,0,"aiguestortes",3,2
"AlpScrGr",90472,0,0,"aiguestortes",3,2
"Grass",647,0,0,"aiguestortes",3,2
"HydroRipVeg",599,0,0,"aiguestortes",3,2
"RipF",223,0,0,"aiguestortes",3,2
"RockScreeVeg",60535,0,0,"aiguestortes",3,2
"Shrub",528,0,0,"aiguestortes",3,2
"TempDecF",913,0,0,"aiguestortes",3,2
"WaterSurf",4432,0,0,"aiguestortes",3,2
"AlpConF",47131,0,0,"aiguestortes",3,3
"AlpScrGr",90046,0,0,"aiguestortes",3,3
"Grass",650,0,0,"aiguestortes",3,3
"HydroRipVeg",599,0,0,"aiguestortes",3,3
"RipF",223,0,0,"aiguestortes",3,3
"RockScreeVeg",59792,0,0,"aiguestortes",3,3
"Shrub",528,0,0,"aiguestortes",3,3
"TempDecF",913,0,0,"aiguestortes",3,3
"WaterSurf",4426,0,0,"aiguestortes",3,3
"AlpConF",47129,0,0,"aiguestortes",3,4
"AlpScrGr",89976,1,0,"aiguestortes",3,4
"Grass",650,0,0,"aiguestortes",3,4
"HydroRipVeg",599,0,0,"aiguestortes",3,4
"RipF",223,0,0,"aiguestortes",3,4
"RockScreeVeg",59380,0,0,"aiguestortes",3,4
"Shrub",528,0,0,"aiguestortes",3,4
"TempDecF",913,0,0,"aiguestortes",3,4
"WaterSurf",4420,0,0,"aiguestortes",3,4
"AlpConF",47125,0,0,"aiguestortes",3,5
"AlpScrGr",89502,0,0,"aiguestortes",3,5
"Grass",650,0,0,"aiguestortes",3,5
"HydroRipVeg",599,0,0,"aiguestortes",3,5
"RipF",223,0,0,"aiguestortes",3,5
"RockScreeVeg",58338,0,0,"aiguestortes",3,5
"Shrub",528,0,0,"aiguestortes",3,5
"TempDecF",913,0,0,"aiguestortes",3,5
"WaterSurf",4420,0,0,"aiguestortes",3,5
"AlpConF",47156,0,0,"aiguestortes",3,6
"AlpScrGr",89985,0,0,"aiguestortes",3,6
"Grass",650,0,0,"aiguestortes",3,6
"HydroRipVeg",599,0,0,"aiguestortes",3,6
"RipF",223,0,0,"aiguestortes",3,6
"RockScreeVeg",59389,0,0,"aiguestortes",3,6
"Shrub",528,0,0,"aiguestortes",3,6
"TempDecF",913,0,0,"aiguestortes",3,6
"WaterSurf",4420,0,0,"aiguestortes",3,6
"AlpConF",47156,0,0,"aiguestortes",3,7
"AlpScrGr",90194,2,0,"aiguestortes",3,7
"Grass",650,0,0,"aiguestortes",3,7
"HydroRipVeg",599,0,0,"aiguestortes",3,7
"RipF",223,0,0,"aiguestortes",3,7
"RockScreeVeg",59993,0,0,"aiguestortes",3,7
"Shrub",528,0,0,"aiguestortes",3,7
"TempDecF",913,0,0,"aiguestortes",3,7
"WaterSurf",4420,0,0,"aiguestortes",3,7
"AlpConF",47156,14343,30.42,"aiguestortes",3,8
"AlpScrGr",90902,29824,32.81,"aiguestortes",3,8
"Grass",650,519,79.85,"aiguestortes",3,8
"HydroRipVeg",599,274,45.74,"aiguestortes",3,8
"RipF",223,60,26.91,"aiguestortes",3,8
"RockScreeVeg",61591,23056,37.43,"aiguestortes",3,8
"Shrub",528,259,49.05,"aiguestortes",3,8
"TempDecF",913,75,8.21,"aiguestortes",3,8
"WaterSurf",4420,945,21.38,"aiguestortes",3,8
"AlpConF",47133,98,0.21,"aiguestortes",3,9
"AlpScrGr",91031,1450,1.59,"aiguestortes",3,9
"Grass",650,136,20.92,"aiguestortes",3,9
"HydroRipVeg",599,32,5.34,"aiguestortes",3,9
"RipF",223,0,0,"aiguestortes",3,9
"RockScreeVeg",61732,23,0.04,"aiguestortes",3,9
"Shrub",528,3,0.57,"aiguestortes",3,9
"TempDecF",913,0,0,"aiguestortes",3,9
"WaterSurf",4423,8,0.18,"aiguestortes",3,9
"AlpConF",47131,0,0,"aiguestortes",3,10
"AlpScrGr",90476,0,0,"aiguestortes",3,10
"Grass",650,0,0,"aiguestortes",3,10
"HydroRipVeg",599,0,0,"aiguestortes",3,10
"RipF",223,0,0,"aiguestortes",3,10
"RockScreeVeg",60534,0,0,"aiguestortes",3,10
"Shrub",528,0,0,"aiguestortes",3,10
"TempDecF",913,0,0,"aiguestortes",3,10
"WaterSurf",4420,0,0,"aiguestortes",3,10
"AlpConF",47073,0,0,"aiguestortes",3,11
"AlpScrGr",89988,0,0,"aiguestortes",3,11
"Grass",648,0,0,"aiguestortes",3,11
"HydroRipVeg",599,0,0,"aiguestortes",3,11
"RipF",223,0,0,"aiguestortes",3,11
"RockScreeVeg",59406,0,0,"aiguestortes",3,11
"Shrub",528,0,0,"aiguestortes",3,11
"TempDecF",913,0,0,"aiguestortes",3,11
"WaterSurf",4420,0,0,"aiguestortes",3,11
"AlpConF",46858,0,0,"aiguestortes",3,12
"AlpScrGr",89999,0,0,"aiguestortes",3,12
"Grass",643,0,0,"aiguestortes",3,12
"HydroRipVeg",599,0,0,"aiguestortes",3,12
"RipF",223,0,0,"aiguestortes",3,12
"RockScreeVeg",59577,0,0,"aiguestortes",3,12
"Shrub",528,0,0,"aiguestortes",3,12
"TempDecF",904,0,0,"aiguestortes",3,12
"WaterSurf",4422,0,0,"aiguestortes",3,12
"AlpConF",47119,0,0,"aiguestortes",6,1
"AlpScrGr",90179,0,0,"aiguestortes",6,1
"Grass",649,0,0,"aiguestortes",6,1
"HydroRipVeg",599,0,0,"aiguestortes",6,1
"RipF",223,0,0,"aiguestortes",6,1
"RockScreeVeg",60305,0,0,"aiguestortes",6,1
"Shrub",528,0,0,"aiguestortes",6,1
"TempDecF",913,0,0,"aiguestortes",6,1
"WaterSurf",4432,0,0,"aiguestortes",6,1
"AlpConF",47129,0,0,"aiguestortes",6,2
"AlpScrGr",90472,0,0,"aiguestortes",6,2
"Grass",647,0,0,"aiguestortes",6,2
"HydroRipVeg",599,0,0,"aiguestortes",6,2
"RipF",223,0,0,"aiguestortes",6,2
"RockScreeVeg",60535,0,0,"aiguestortes",6,2
"Shrub",528,0,0,"aiguestortes",6,2
"TempDecF",913,0,0,"aiguestortes",6,2
"WaterSurf",4432,0,0,"aiguestortes",6,2
"AlpConF",47131,0,0,"aiguestortes",6,3
"AlpScrGr",90046,0,0,"aiguestortes",6,3
"Grass",650,0,0,"aiguestortes",6,3
"HydroRipVeg",599,0,0,"aiguestortes",6,3
"RipF",223,0,0,"aiguestortes",6,3
"RockScreeVeg",59792,0,0,"aiguestortes",6,3
"Shrub",528,0,0,"aiguestortes",6,3
"TempDecF",913,0,0,"aiguestortes",6,3
"WaterSurf",4426,0,0,"aiguestortes",6,3
"AlpConF",47129,0,0,"aiguestortes",6,4
"AlpScrGr",89976,0,0,"aiguestortes",6,4
"Grass",650,0,0,"aiguestortes",6,4
"HydroRipVeg",599,0,0,"aiguestortes",6,4
"RipF",223,0,0,"aiguestortes",6,4
"RockScreeVeg",59380,0,0,"aiguestortes",6,4
"Shrub",528,0,0,"aiguestortes",6,4
"TempDecF",913,0,0,"aiguestortes",6,4
"WaterSurf",4420,0,0,"aiguestortes",6,4
"AlpConF",47125,0,0,"aiguestortes",6,5
"AlpScrGr",89502,0,0,"aiguestortes",6,5
"Grass",650,0,0,"aiguestortes",6,5
"HydroRipVeg",599,0,0,"aiguestortes",6,5
"RipF",223,0,0,"aiguestortes",6,5
"RockScreeVeg",58338,0,0,"aiguestortes",6,5
"Shrub",528,0,0,"aiguestortes",6,5
"TempDecF",913,0,0,"aiguestortes",6,5
"WaterSurf",4420,0,0,"aiguestortes",6,5
"AlpConF",47156,70,0.15,"aiguestortes",6,6
"AlpScrGr",89985,24,0.03,"aiguestortes",6,6
"Grass",650,3,0.46,"aiguestortes",6,6
"HydroRipVeg",599,1,0.17,"aiguestortes",6,6
"RipF",223,0,0,"aiguestortes",6,6
"RockScreeVeg",59389,47,0.08,"aiguestortes",6,6
"Shrub",528,4,0.76,"aiguestortes",6,6
"TempDecF",913,1,0.11,"aiguestortes",6,6
"WaterSurf",4420,1,0.02,"aiguestortes",6,6
"AlpConF",47156,0,0,"aiguestortes",6,7
"AlpScrGr",90194,0,0,"aiguestortes",6,7
"Grass",650,0,0,"aiguestortes",6,7
"HydroRipVeg",599,0,0,"aiguestortes",6,7
"RipF",223,0,0,"aiguestortes",6,7
"RockScreeVeg",59993,0,0,"aiguestortes",6,7
"Shrub",528,0,0,"aiguestortes",6,7
"TempDecF",913,0,0,"aiguestortes",6,7
"WaterSurf",4420,0,0,"aiguestortes",6,7
"AlpConF",47156,278,0.59,"aiguestortes",6,8
"AlpScrGr",90902,1612,1.77,"aiguestortes",6,8
"Grass",650,59,9.08,"aiguestortes",6,8
"HydroRipVeg",599,23,3.84,"aiguestortes",6,8
"RipF",223,0,0,"aiguestortes",6,8
"RockScreeVeg",61591,901,1.46,"aiguestortes",6,8
"Shrub",528,7,1.33,"aiguestortes",6,8
"TempDecF",913,2,0.22,"aiguestortes",6,8
"WaterSurf",4420,26,0.59,"aiguestortes",6,8
"AlpConF",47133,0,0,"aiguestortes",6,9
"AlpScrGr",91031,0,0,"aiguestortes",6,9
"Grass",650,0,0,"aiguestortes",6,9
"HydroRipVeg",599,0,0,"aiguestortes",6,9
"RipF",223,0,0,"aiguestortes",6,9
"RockScreeVeg",61732,0,0,"aiguestortes",6,9
"Shrub",528,0,0,"aiguestortes",6,9
"TempDecF",913,0,0,"aiguestortes",6,9
"WaterSurf",4423,0,0,"aiguestortes",6,9
"AlpConF",47131,0,0,"aiguestortes",6,10
"AlpScrGr",90476,0,0,"aiguestortes",6,10
"Grass",650,0,0,"aiguestortes",6,10
"HydroRipVeg",599,0,0,"aiguestortes",6,10
"RipF",223,0,0,"aiguestortes",6,10
"RockScreeVeg",60534,0,0,"aiguestortes",6,10
"Shrub",528,0,0,"aiguestortes",6,10
"TempDecF",913,0,0,"aiguestortes",6,10
"WaterSurf",4420,0,0,"aiguestortes",6,10
"AlpConF",47073,0,0,"aiguestortes",6,11
"AlpScrGr",89988,0,0,"aiguestortes",6,11
"Grass",648,0,0,"aiguestortes",6,11
"HydroRipVeg",599,0,0,"aiguestortes",6,11
"RipF",223,0,0,"aiguestortes",6,11
"RockScreeVeg",59406,0,0,"aiguestortes",6,11
"Shrub",528,0,0,"aiguestortes",6,11
"TempDecF",913,0,0,"aiguestortes",6,11
"WaterSurf",4420,0,0,"aiguestortes",6,11
"AlpConF",46858,0,0,"aiguestortes",6,12
"AlpScrGr",89999,0,0,"aiguestortes",6,12
"Grass",643,0,0,"aiguestortes",6,12
"HydroRipVeg",599,0,0,"aiguestortes",6,12
"RipF",223,0,0,"aiguestortes",6,12
"RockScreeVeg",59577,0,0,"aiguestortes",6,12
"Shrub",528,0,0,"aiguestortes",6,12
"TempDecF",904,0,0,"aiguestortes",6,12
"WaterSurf",4422,0,0,"aiguestortes",6,12
"AlpConF",47119,0,0,"aiguestortes",9,1
"AlpScrGr",90179,0,0,"aiguestortes",9,1
"Grass",649,0,0,"aiguestortes",9,1
"HydroRipVeg",599,0,0,"aiguestortes",9,1
"RipF",223,0,0,"aiguestortes",9,1
"RockScreeVeg",60305,0,0,"aiguestortes",9,1
"Shrub",528,0,0,"aiguestortes",9,1
"TempDecF",913,0,0,"aiguestortes",9,1
"WaterSurf",4432,0,0,"aiguestortes",9,1
"AlpConF",47129,0,0,"aiguestortes",9,2
"AlpScrGr",90472,0,0,"aiguestortes",9,2
"Grass",647,0,0,"aiguestortes",9,2
"HydroRipVeg",599,0,0,"aiguestortes",9,2
"RipF",223,0,0,"aiguestortes",9,2
"RockScreeVeg",60535,0,0,"aiguestortes",9,2
"Shrub",528,0,0,"aiguestortes",9,2
"TempDecF",913,0,0,"aiguestortes",9,2
"WaterSurf",4432,6,0.14,"aiguestortes",9,2
"AlpConF",47131,0,0,"aiguestortes",9,3
"AlpScrGr",90046,0,0,"aiguestortes",9,3
"Grass",650,0,0,"aiguestortes",9,3
"HydroRipVeg",599,0,0,"aiguestortes",9,3
"RipF",223,0,0,"aiguestortes",9,3
"RockScreeVeg",59792,0,0,"aiguestortes",9,3
"Shrub",528,0,0,"aiguestortes",9,3
"TempDecF",913,0,0,"aiguestortes",9,3
"WaterSurf",4426,0,0,"aiguestortes",9,3
"AlpConF",47129,0,0,"aiguestortes",9,4
"AlpScrGr",89976,0,0,"aiguestortes",9,4
"Grass",650,0,0,"aiguestortes",9,4
"HydroRipVeg",599,0,0,"aiguestortes",9,4
"RipF",223,0,0,"aiguestortes",9,4
"RockScreeVeg",59380,0,0,"aiguestortes",9,4
"Shrub",528,0,0,"aiguestortes",9,4
"TempDecF",913,0,0,"aiguestortes",9,4
"WaterSurf",4420,0,0,"aiguestortes",9,4
"AlpConF",47125,0,0,"aiguestortes",9,5
"AlpScrGr",89502,0,0,"aiguestortes",9,5
"Grass",650,0,0,"aiguestortes",9,5
"HydroRipVeg",599,0,0,"aiguestortes",9,5
"RipF",223,0,0,"aiguestortes",9,5
"RockScreeVeg",58338,0,0,"aiguestortes",9,5
"Shrub",528,0,0,"aiguestortes",9,5
"TempDecF",913,0,0,"aiguestortes",9,5
"WaterSurf",4420,0,0,"aiguestortes",9,5
"AlpConF",47156,2,0,"aiguestortes",9,6
"AlpScrGr",89985,0,0,"aiguestortes",9,6
"Grass",650,0,0,"aiguestortes",9,6
"HydroRipVeg",599,0,0,"aiguestortes",9,6
"RipF",223,0,0,"aiguestortes",9,6
"RockScreeVeg",59389,0,0,"aiguestortes",9,6
"Shrub",528,0,0,"aiguestortes",9,6
"TempDecF",913,0,0,"aiguestortes",9,6
"WaterSurf",4420,0,0,"aiguestortes",9,6
"AlpConF",47156,0,0,"aiguestortes",9,7
"AlpScrGr",90194,0,0,"aiguestortes",9,7
"Grass",650,0,0,"aiguestortes",9,7
"HydroRipVeg",599,0,0,"aiguestortes",9,7
"RipF",223,0,0,"aiguestortes",9,7
"RockScreeVeg",59993,0,0,"aiguestortes",9,7
"Shrub",528,0,0,"aiguestortes",9,7
"TempDecF",913,0,0,"aiguestortes",9,7
"WaterSurf",4420,0,0,"aiguestortes",9,7
"AlpConF",47156,2,0,"aiguestortes",9,8
"AlpScrGr",90902,10,0.01,"aiguestortes",9,8
"Grass",650,0,0,"aiguestortes",9,8
"HydroRipVeg",599,0,0,"aiguestortes",9,8
"RipF",223,0,0,"aiguestortes",9,8
"RockScreeVeg",61591,6,0.01,"aiguestortes",9,8
"Shrub",528,0,0,"aiguestortes",9,8
"TempDecF",913,0,0,"aiguestortes",9,8
"WaterSurf",4420,2,0.05,"aiguestortes",9,8
"AlpConF",47133,0,0,"aiguestortes",9,9
"AlpScrGr",91031,0,0,"aiguestortes",9,9
"Grass",650,0,0,"aiguestortes",9,9
"HydroRipVeg",599,0,0,"aiguestortes",9,9
"RipF",223,0,0,"aiguestortes",9,9
"RockScreeVeg",61732,0,0,"aiguestortes",9,9
"Shrub",528,0,0,"aiguestortes",9,9
"TempDecF",913,0,0,"aiguestortes",9,9
"WaterSurf",4423,0,0,"aiguestortes",9,9
"AlpConF",47131,0,0,"aiguestortes",9,10
"AlpScrGr",90476,0,0,"aiguestortes",9,10
"Grass",650,0,0,"aiguestortes",9,10
"HydroRipVeg",599,0,0,"aiguestortes",9,10
"RipF",223,0,0,"aiguestortes",9,10
"RockScreeVeg",60534,0,0,"aiguestortes",9,10
"Shrub",528,0,0,"aiguestortes",9,10
"TempDecF",913,0,0,"aiguestortes",9,10
"WaterSurf",4420,0,0,"aiguestortes",9,10
"AlpConF",47073,0,0,"aiguestortes",9,11
"AlpScrGr",89988,0,0,"aiguestortes",9,11
"Grass",648,0,0,"aiguestortes",9,11
"HydroRipVeg",599,0,0,"aiguestortes",9,11
"RipF",223,0,0,"aiguestortes",9,11
"RockScreeVeg",59406,0,0,"aiguestortes",9,11
"Shrub",528,0,0,"aiguestortes",9,11
"TempDecF",913,0,0,"aiguestortes",9,11
"WaterSurf",4420,0,0,"aiguestortes",9,11
"AlpConF",46858,0,0,"aiguestortes",9,12
"AlpScrGr",89999,0,0,"aiguestortes",9,12
"Grass",643,0,0,"aiguestortes",9,12
"HydroRipVeg",599,0,0,"aiguestortes",9,12
"RipF",223,0,0,"aiguestortes",9,12
"RockScreeVeg",59577,0,0,"aiguestortes",9,12
"Shrub",528,0,0,"aiguestortes",9,12
"TempDecF",904,0,0,"aiguestortes",9,12
"WaterSurf",4422,0,0,"aiguestortes",9,12
"AlpConF",47119,0,0,"aiguestortes",12,1
"AlpScrGr",90179,0,0,"aiguestortes",12,1
"Grass",649,0,0,"aiguestortes",12,1
"HydroRipVeg",599,0,0,"aiguestortes",12,1
"RipF",223,0,0,"aiguestortes",12,1
"RockScreeVeg",60305,0,0,"aiguestortes",12,1
"Shrub",528,0,0,"aiguestortes",12,1
"TempDecF",913,0,0,"aiguestortes",12,1
"WaterSurf",4432,0,0,"aiguestortes",12,1
"AlpConF",47129,0,0,"aiguestortes",12,2
"AlpScrGr",90472,0,0,"aiguestortes",12,2
"Grass",647,0,0,"aiguestortes",12,2
"HydroRipVeg",599,0,0,"aiguestortes",12,2
"RipF",223,0,0,"aiguestortes",12,2
"RockScreeVeg",60535,0,0,"aiguestortes",12,2
"Shrub",528,0,0,"aiguestortes",12,2
"TempDecF",913,0,0,"aiguestortes",12,2
"WaterSurf",4432,0,0,"aiguestortes",12,2
"AlpConF",47131,2,0,"aiguestortes",12,3
"AlpScrGr",90046,0,0,"aiguestortes",12,3
"Grass",650,0,0,"aiguestortes",12,3
"HydroRipVeg",599,0,0,"aiguestortes",12,3
"RipF",223,0,0,"aiguestortes",12,3
"RockScreeVeg",59792,0,0,"aiguestortes",12,3
"Shrub",528,0,0,"aiguestortes",12,3
"TempDecF",913,0,0,"aiguestortes",12,3
"WaterSurf",4426,0,0,"aiguestortes",12,3
"AlpConF",47129,0,0,"aiguestortes",12,4
"AlpScrGr",89976,0,0,"aiguestortes",12,4
"Grass",650,0,0,"aiguestortes",12,4
"HydroRipVeg",599,0,0,"aiguestortes",12,4
"RipF",223,0,0,"aiguestortes",12,4
"RockScreeVeg",59380,0,0,"aiguestortes",12,4
"Shrub",528,0,0,"aiguestortes",12,4
"TempDecF",913,0,0,"aiguestortes",12,4
"WaterSurf",4420,0,0,"aiguestortes",12,4
"AlpConF",47125,0,0,"aiguestortes",12,5
"AlpScrGr",89502,0,0,"aiguestortes",12,5
"Grass",650,0,0,"aiguestortes",12,5
"HydroRipVeg",599,0,0,"aiguestortes",12,5
"RipF",223,0,0,"aiguestortes",12,5
"RockScreeVeg",58338,0,0,"aiguestortes",12,5
"Shrub",528,0,0,"aiguestortes",12,5
"TempDecF",913,0,0,"aiguestortes",12,5
"WaterSurf",4420,0,0,"aiguestortes",12,5
"AlpConF",47156,0,0,"aiguestortes",12,6
"AlpScrGr",89985,0,0,"aiguestortes",12,6
"Grass",650,0,0,"aiguestortes",12,6
"HydroRipVeg",599,0,0,"aiguestortes",12,6
"RipF",223,0,0,"aiguestortes",12,6
"RockScreeVeg",59389,0,0,"aiguestortes",12,6
"Shrub",528,0,0,"aiguestortes",12,6
"TempDecF",913,0,0,"aiguestortes",12,6
"WaterSurf",4420,0,0,"aiguestortes",12,6
"AlpConF",47156,0,0,"aiguestortes",12,7
"AlpScrGr",90194,0,0,"aiguestortes",12,7
"Grass",650,0,0,"aiguestortes",12,7
"HydroRipVeg",599,0,0,"aiguestortes",12,7
"RipF",223,0,0,"aiguestortes",12,7
"RockScreeVeg",59993,0,0,"aiguestortes",12,7
"Shrub",528,0,0,"aiguestortes",12,7
"TempDecF",913,0,0,"aiguestortes",12,7
"WaterSurf",4420,0,0,"aiguestortes",12,7
"AlpConF",47156,4274,9.06,"aiguestortes",12,8
"AlpScrGr",90902,10258,11.28,"aiguestortes",12,8
"Grass",650,147,22.62,"aiguestortes",12,8
"HydroRipVeg",599,79,13.19,"aiguestortes",12,8
"RipF",223,7,3.14,"aiguestortes",12,8
"RockScreeVeg",61591,4897,7.95,"aiguestortes",12,8
"Shrub",528,107,20.27,"aiguestortes",12,8
"TempDecF",913,35,3.83,"aiguestortes",12,8
"WaterSurf",4420,332,7.51,"aiguestortes",12,8
"AlpConF",47133,0,0,"aiguestortes",12,9
"AlpScrGr",91031,0,0,"aiguestortes",12,9
"Grass",650,0,0,"aiguestortes",12,9
"HydroRipVeg",599,0,0,"aiguestortes",12,9
"RipF",223,0,0,"aiguestortes",12,9
"RockScreeVeg",61732,0,0,"aiguestortes",12,9
"Shrub",528,0,0,"aiguestortes",12,9
"TempDecF",913,0,0,"aiguestortes",12,9
"WaterSurf",4423,0,0,"aiguestortes",12,9
"AlpConF",47131,0,0,"aiguestortes",12,10
"AlpScrGr",90476,0,0,"aiguestortes",12,10
"Grass",650,0,0,"aiguestortes",12,10
"HydroRipVeg",599,0,0,"aiguestortes",12,10
"RipF",223,0,0,"aiguestortes",12,10
"RockScreeVeg",60534,0,0,"aiguestortes",12,10
"Shrub",528,0,0,"aiguestortes",12,10
"TempDecF",913,0,0,"aiguestortes",12,10
"WaterSurf",4420,0,0,"aiguestortes",12,10
"AlpConF",47073,0,0,"aiguestortes",12,11
"AlpScrGr",89988,0,0,"aiguestortes",12,11
"Grass",648,0,0,"aiguestortes",12,11
"HydroRipVeg",599,0,0,"aiguestortes",12,11
"RipF",223,0,0,"aiguestortes",12,11
"RockScreeVeg",59406,0,0,"aiguestortes",12,11
"Shrub",528,0,0,"aiguestortes",12,11
"TempDecF",913,0,0,"aiguestortes",12,11
"WaterSurf",4420,0,0,"aiguestortes",12,11
"AlpConF",46858,0,0,"aiguestortes",12,12
"AlpScrGr",89999,0,0,"aiguestortes",12,12
"Grass",643,0,0,"aiguestortes",12,12
"HydroRipVeg",599,0,0,"aiguestortes",12,12
"RipF",223,0,0,"aiguestortes",12,12
"RockScreeVeg",59577,0,0,"aiguestortes",12,12
"Shrub",528,0,0,"aiguestortes",12,12
"TempDecF",904,0,0,"aiguestortes",12,12
"WaterSurf",4422,0,0,"aiguestortes",12,12
"ArtSurf",7418,0,0,"cabaneros",1,1
"Crop",2473,0,0,"cabaneros",1,1
"Dehesa",36272,0,0,"cabaneros",1,1
"Grass",52784,0,0,"cabaneros",1,1
"HydroRipVeg",554,0,0,"cabaneros",1,1
"MedConF",35896,0,0,"cabaneros",1,1
"MedSclF",158690,0,0,"cabaneros",1,1
"MedScrub",187005,0,0,"cabaneros",1,1
"Reforestation",57,0,0,"cabaneros",1,1
"RipF",4764,0,0,"cabaneros",1,1
"RockScreeVeg",11067,0,0,"cabaneros",1,1
"SMedMarF",69447,0,0,"cabaneros",1,1
"Shrub",21978,0,0,"cabaneros",1,1
"WaterSurf",177,0,0,"cabaneros",1,1
"ArtSurf",7418,0,0,"cabaneros",1,2
"Crop",2473,0,0,"cabaneros",1,2
"Dehesa",36272,0,0,"cabaneros",1,2
"Grass",52784,0,0,"cabaneros",1,2
"HydroRipVeg",554,0,0,"cabaneros",1,2
"MedConF",35896,0,0,"cabaneros",1,2
"MedSclF",158690,0,0,"cabaneros",1,2
"MedScrub",187005,0,0,"cabaneros",1,2
"Reforestation",57,0,0,"cabaneros",1,2
"RipF",4764,0,0,"cabaneros",1,2
"RockScreeVeg",11067,0,0,"cabaneros",1,2
"SMedMarF",69447,0,0,"cabaneros",1,2
"Shrub",21978,0,0,"cabaneros",1,2
"WaterSurf",177,0,0,"cabaneros",1,2
"ArtSurf",7418,0,0,"cabaneros",1,3
"Crop",2473,0,0,"cabaneros",1,3
"Dehesa",36272,0,0,"cabaneros",1,3
"Grass",52784,0,0,"cabaneros",1,3
"HydroRipVeg",554,0,0,"cabaneros",1,3
"MedConF",35896,0,0,"cabaneros",1,3
"MedSclF",158690,0,0,"cabaneros",1,3
"MedScrub",187005,0,0,"cabaneros",1,3
"Reforestation",57,0,0,"cabaneros",1,3
"RipF",4764,0,0,"cabaneros",1,3
"RockScreeVeg",11067,0,0,"cabaneros",1,3
"SMedMarF",69447,0,0,"cabaneros",1,3
"Shrub",21978,0,0,"cabaneros",1,3
"WaterSurf",177,0,0,"cabaneros",1,3
"ArtSurf",7418,0,0,"cabaneros",1,4
"Crop",2473,0,0,"cabaneros",1,4
"Dehesa",36272,0,0,"cabaneros",1,4
"Grass",52784,0,0,"cabaneros",1,4
"HydroRipVeg",554,0,0,"cabaneros",1,4
"MedConF",35896,0,0,"cabaneros",1,4
"MedSclF",158690,2,0,"cabaneros",1,4
"MedScrub",187005,0,0,"cabaneros",1,4
"Reforestation",57,0,0,"cabaneros",1,4
"RipF",4764,0,0,"cabaneros",1,4
"RockScreeVeg",11067,0,0,"cabaneros",1,4
"SMedMarF",69447,0,0,"cabaneros",1,4
"Shrub",21978,0,0,"cabaneros",1,4
"WaterSurf",177,0,0,"cabaneros",1,4
"ArtSurf",7418,0,0,"cabaneros",1,5
"Crop",2473,0,0,"cabaneros",1,5
"Dehesa",36272,0,0,"cabaneros",1,5
"Grass",52784,0,0,"cabaneros",1,5
"HydroRipVeg",554,0,0,"cabaneros",1,5
"MedConF",35896,0,0,"cabaneros",1,5
"MedSclF",158690,0,0,"cabaneros",1,5
"MedScrub",187005,0,0,"cabaneros",1,5
"Reforestation",57,0,0,"cabaneros",1,5
"RipF",4764,0,0,"cabaneros",1,5
"RockScreeVeg",11067,0,0,"cabaneros",1,5
"SMedMarF",69447,0,0,"cabaneros",1,5
"Shrub",21978,0,0,"cabaneros",1,5
"WaterSurf",177,0,0,"cabaneros",1,5
"ArtSurf",7418,0,0,"cabaneros",1,6
"Crop",2473,0,0,"cabaneros",1,6
"Dehesa",36272,0,0,"cabaneros",1,6
"Grass",52784,0,0,"cabaneros",1,6
"HydroRipVeg",554,0,0,"cabaneros",1,6
"MedConF",35896,0,0,"cabaneros",1,6
"MedSclF",158690,0,0,"cabaneros",1,6
"MedScrub",187005,0,0,"cabaneros",1,6
"Reforestation",57,0,0,"cabaneros",1,6
"RipF",4764,0,0,"cabaneros",1,6
"RockScreeVeg",11067,0,0,"cabaneros",1,6
"SMedMarF",69447,0,0,"cabaneros",1,6
"Shrub",21978,0,0,"cabaneros",1,6
"WaterSurf",177,0,0,"cabaneros",1,6
"ArtSurf",7418,0,0,"cabaneros",1,7
"Crop",2473,0,0,"cabaneros",1,7
"Dehesa",36272,0,0,"cabaneros",1,7
"Grass",52784,0,0,"cabaneros",1,7
"HydroRipVeg",554,0,0,"cabaneros",1,7
"MedConF",35896,0,0,"cabaneros",1,7
"MedSclF",158690,0,0,"cabaneros",1,7
"MedScrub",187005,0,0,"cabaneros",1,7
"Reforestation",57,0,0,"cabaneros",1,7
"RipF",4764,0,0,"cabaneros",1,7
"RockScreeVeg",11067,0,0,"cabaneros",1,7
"SMedMarF",69447,0,0,"cabaneros",1,7
"Shrub",21978,0,0,"cabaneros",1,7
"WaterSurf",177,0,0,"cabaneros",1,7
"ArtSurf",7418,0,0,"cabaneros",1,8
"Crop",2473,0,0,"cabaneros",1,8
"Dehesa",36272,0,0,"cabaneros",1,8
"Grass",52784,0,0,"cabaneros",1,8
"HydroRipVeg",554,0,0,"cabaneros",1,8
"MedConF",35896,0,0,"cabaneros",1,8
"MedSclF",158690,0,0,"cabaneros",1,8
"MedScrub",187005,0,0,"cabaneros",1,8
"Reforestation",57,0,0,"cabaneros",1,8
"RipF",4764,0,0,"cabaneros",1,8
"RockScreeVeg",11067,0,0,"cabaneros",1,8
"SMedMarF",69447,0,0,"cabaneros",1,8
"Shrub",21978,0,0,"cabaneros",1,8
"WaterSurf",177,0,0,"cabaneros",1,8
"ArtSurf",7418,0,0,"cabaneros",1,9
"Crop",2473,0,0,"cabaneros",1,9
"Dehesa",36272,1,0,"cabaneros",1,9
"Grass",52784,0,0,"cabaneros",1,9
"HydroRipVeg",554,0,0,"cabaneros",1,9
"MedConF",35896,2,0.01,"cabaneros",1,9
"MedSclF",158690,10,0.01,"cabaneros",1,9
"MedScrub",187005,8,0,"cabaneros",1,9
"Reforestation",57,0,0,"cabaneros",1,9
"RipF",4764,0,0,"cabaneros",1,9
"RockScreeVeg",11067,15,0.14,"cabaneros",1,9
"SMedMarF",69447,119,0.17,"cabaneros",1,9
"Shrub",21978,0,0,"cabaneros",1,9
"WaterSurf",177,0,0,"cabaneros",1,9
"ArtSurf",7418,0,0,"cabaneros",1,10
"Crop",2473,0,0,"cabaneros",1,10
"Dehesa",36272,0,0,"cabaneros",1,10
"Grass",52784,0,0,"cabaneros",1,10
"HydroRipVeg",554,0,0,"cabaneros",1,10
"MedConF",35896,0,0,"cabaneros",1,10
"MedSclF",158690,0,0,"cabaneros",1,10
"MedScrub",187005,0,0,"cabaneros",1,10
"Reforestation",57,0,0,"cabaneros",1,10
"RipF",4764,0,0,"cabaneros",1,10
"RockScreeVeg",11067,0,0,"cabaneros",1,10
"SMedMarF",69447,0,0,"cabaneros",1,10
"Shrub",21978,0,0,"cabaneros",1,10
"WaterSurf",177,0,0,"cabaneros",1,10
"ArtSurf",7418,0,0,"cabaneros",1,11
"Crop",2473,0,0,"cabaneros",1,11
"Dehesa",36272,0,0,"cabaneros",1,11
"Grass",52784,0,0,"cabaneros",1,11
"HydroRipVeg",554,0,0,"cabaneros",1,11
"MedConF",35896,0,0,"cabaneros",1,11
"MedSclF",158690,0,0,"cabaneros",1,11
"MedScrub",187005,0,0,"cabaneros",1,11
"Reforestation",57,0,0,"cabaneros",1,11
"RipF",4764,0,0,"cabaneros",1,11
"RockScreeVeg",11067,0,0,"cabaneros",1,11
"SMedMarF",69447,0,0,"cabaneros",1,11
"Shrub",21978,0,0,"cabaneros",1,11
"WaterSurf",177,0,0,"cabaneros",1,11
"ArtSurf",7418,0,0,"cabaneros",1,12
"Crop",2473,0,0,"cabaneros",1,12
"Dehesa",36272,0,0,"cabaneros",1,12
"Grass",52784,0,0,"cabaneros",1,12
"HydroRipVeg",554,0,0,"cabaneros",1,12
"MedConF",35896,0,0,"cabaneros",1,12
"MedSclF",158688,0,0,"cabaneros",1,12
"MedScrub",187005,0,0,"cabaneros",1,12
"Reforestation",57,0,0,"cabaneros",1,12
"RipF",4764,0,0,"cabaneros",1,12
"RockScreeVeg",11067,0,0,"cabaneros",1,12
"SMedMarF",69447,0,0,"cabaneros",1,12
"Shrub",21978,0,0,"cabaneros",1,12
"WaterSurf",177,0,0,"cabaneros",1,12
"ArtSurf",7418,0,0,"cabaneros",3,1
"Crop",2473,0,0,"cabaneros",3,1
"Dehesa",36272,0,0,"cabaneros",3,1
"Grass",52784,0,0,"cabaneros",3,1
"HydroRipVeg",554,0,0,"cabaneros",3,1
"MedConF",35896,0,0,"cabaneros",3,1
"MedSclF",158690,0,0,"cabaneros",3,1
"MedScrub",187005,0,0,"cabaneros",3,1
"Reforestation",57,0,0,"cabaneros",3,1
"RipF",4764,0,0,"cabaneros",3,1
"RockScreeVeg",11067,0,0,"cabaneros",3,1
"SMedMarF",69447,0,0,"cabaneros",3,1
"Shrub",21978,0,0,"cabaneros",3,1
"WaterSurf",177,0,0,"cabaneros",3,1
"ArtSurf",7418,0,0,"cabaneros",3,2
"Crop",2473,0,0,"cabaneros",3,2
"Dehesa",36272,0,0,"cabaneros",3,2
"Grass",52784,0,0,"cabaneros",3,2
"HydroRipVeg",554,0,0,"cabaneros",3,2
"MedConF",35896,0,0,"cabaneros",3,2
"MedSclF",158690,0,0,"cabaneros",3,2
"MedScrub",187005,0,0,"cabaneros",3,2
"Reforestation",57,0,0,"cabaneros",3,2
"RipF",4764,0,0,"cabaneros",3,2
"RockScreeVeg",11067,0,0,"cabaneros",3,2
"SMedMarF",69447,0,0,"cabaneros",3,2
"Shrub",21978,0,0,"cabaneros",3,2
"WaterSurf",177,0,0,"cabaneros",3,2
"ArtSurf",7418,15,0.2,"cabaneros",3,3
"Crop",2473,14,0.57,"cabaneros",3,3
"Dehesa",36272,754,2.08,"cabaneros",3,3
"Grass",52784,856,1.62,"cabaneros",3,3
"HydroRipVeg",554,5,0.9,"cabaneros",3,3
"MedConF",35896,5,0.01,"cabaneros",3,3
"MedSclF",158690,255,0.16,"cabaneros",3,3
"MedScrub",187005,618,0.33,"cabaneros",3,3
"Reforestation",57,0,0,"cabaneros",3,3
"RipF",4764,16,0.34,"cabaneros",3,3
"RockScreeVeg",11067,41,0.37,"cabaneros",3,3
"SMedMarF",69447,111,0.16,"cabaneros",3,3
"Shrub",21978,56,0.25,"cabaneros",3,3
"WaterSurf",177,0,0,"cabaneros",3,3
"ArtSurf",7418,680,9.17,"cabaneros",3,4
"Crop",2473,623,25.19,"cabaneros",3,4
"Dehesa",36272,17929,49.43,"cabaneros",3,4
"Grass",52784,35203,66.69,"cabaneros",3,4
"HydroRipVeg",554,59,10.65,"cabaneros",3,4
"MedConF",35896,118,0.33,"cabaneros",3,4
"MedSclF",158690,5797,3.65,"cabaneros",3,4
"MedScrub",187005,14115,7.55,"cabaneros",3,4
"Reforestation",57,0,0,"cabaneros",3,4
"RipF",4764,326,6.84,"cabaneros",3,4
"RockScreeVeg",11067,571,5.16,"cabaneros",3,4
"SMedMarF",69447,2289,3.3,"cabaneros",3,4
"Shrub",21978,1497,6.81,"cabaneros",3,4
"WaterSurf",177,26,14.69,"cabaneros",3,4
"ArtSurf",7418,1382,18.63,"cabaneros",3,5
"Crop",2473,1719,69.51,"cabaneros",3,5
"Dehesa",36272,23296,64.23,"cabaneros",3,5
"Grass",52784,46093,87.32,"cabaneros",3,5
"HydroRipVeg",554,95,17.15,"cabaneros",3,5
"MedConF",35896,208,0.58,"cabaneros",3,5
"MedSclF",158690,12029,7.58,"cabaneros",3,5
"MedScrub",187005,31124,16.64,"cabaneros",3,5
"Reforestation",57,0,0,"cabaneros",3,5
"RipF",4764,568,11.92,"cabaneros",3,5
"RockScreeVeg",11067,973,8.79,"cabaneros",3,5
"SMedMarF",69447,3435,4.95,"cabaneros",3,5
"Shrub",21978,2136,9.72,"cabaneros",3,5
"WaterSurf",177,34,19.21,"cabaneros",3,5
"ArtSurf",7418,2118,28.55,"cabaneros",3,6
"Crop",2473,1630,65.91,"cabaneros",3,6
"Dehesa",36272,19593,54.02,"cabaneros",3,6
"Grass",52784,40039,75.85,"cabaneros",3,6
"HydroRipVeg",554,197,35.56,"cabaneros",3,6
"MedConF",35896,275,0.77,"cabaneros",3,6
"MedSclF",158690,32948,20.76,"cabaneros",3,6
"MedScrub",187005,71574,38.27,"cabaneros",3,6
"Reforestation",57,0,0,"cabaneros",3,6
"RipF",4764,1008,21.16,"cabaneros",3,6
"RockScreeVeg",11067,1180,10.66,"cabaneros",3,6
"SMedMarF",69447,8814,12.69,"cabaneros",3,6
"Shrub",21978,6201,28.21,"cabaneros",3,6
"WaterSurf",177,19,10.73,"cabaneros",3,6
"ArtSurf",7418,1613,21.74,"cabaneros",3,7
"Crop",2473,637,25.76,"cabaneros",3,7
"Dehesa",36272,10814,29.81,"cabaneros",3,7
"Grass",52784,23926,45.33,"cabaneros",3,7
"HydroRipVeg",554,134,24.19,"cabaneros",3,7
"MedConF",35896,402,1.12,"cabaneros",3,7
"MedSclF",158690,20410,12.86,"cabaneros",3,7
"MedScrub",187005,73382,39.24,"cabaneros",3,7
"Reforestation",57,3,5.26,"cabaneros",3,7
"RipF",4764,593,12.45,"cabaneros",3,7
"RockScreeVeg",11067,970,8.76,"cabaneros",3,7
"SMedMarF",69447,7274,10.47,"cabaneros",3,7
"Shrub",21978,5006,22.78,"cabaneros",3,7
"WaterSurf",177,8,4.52,"cabaneros",3,7
"ArtSurf",7418,0,0,"cabaneros",3,8
"Crop",2473,0,0,"cabaneros",3,8
"Dehesa",36272,0,0,"cabaneros",3,8
"Grass",52784,0,0,"cabaneros",3,8
"HydroRipVeg",554,0,0,"cabaneros",3,8
"MedConF",35896,0,0,"cabaneros",3,8
"MedSclF",158690,0,0,"cabaneros",3,8
"MedScrub",187005,1,0,"cabaneros",3,8
"Reforestation",57,0,0,"cabaneros",3,8
"RipF",4764,0,0,"cabaneros",3,8
"RockScreeVeg",11067,0,0,"cabaneros",3,8
"SMedMarF",69447,0,0,"cabaneros",3,8
"Shrub",21978,0,0,"cabaneros",3,8
"WaterSurf",177,0,0,"cabaneros",3,8
"ArtSurf",7418,0,0,"cabaneros",3,9
"Crop",2473,0,0,"cabaneros",3,9
"Dehesa",36272,0,0,"cabaneros",3,9
"Grass",52784,0,0,"cabaneros",3,9
"HydroRipVeg",554,0,0,"cabaneros",3,9
"MedConF",35896,0,0,"cabaneros",3,9
"MedSclF",158690,0,0,"cabaneros",3,9
"MedScrub",187005,0,0,"cabaneros",3,9
"Reforestation",57,0,0,"cabaneros",3,9
"RipF",4764,0,0,"cabaneros",3,9
"RockScreeVeg",11067,0,0,"cabaneros",3,9
"SMedMarF",69447,0,0,"cabaneros",3,9
"Shrub",21978,0,0,"cabaneros",3,9
"WaterSurf",177,0,0,"cabaneros",3,9
"ArtSurf",7418,0,0,"cabaneros",3,10
"Crop",2473,0,0,"cabaneros",3,10
"Dehesa",36272,0,0,"cabaneros",3,10
"Grass",52784,0,0,"cabaneros",3,10
"HydroRipVeg",554,0,0,"cabaneros",3,10
"MedConF",35896,0,0,"cabaneros",3,10
"MedSclF",158690,0,0,"cabaneros",3,10
"MedScrub",187005,0,0,"cabaneros",3,10
"Reforestation",57,0,0,"cabaneros",3,10
"RipF",4764,0,0,"cabaneros",3,10
"RockScreeVeg",11067,0,0,"cabaneros",3,10
"SMedMarF",69447,0,0,"cabaneros",3,10
"Shrub",21978,0,0,"cabaneros",3,10
"WaterSurf",177,0,0,"cabaneros",3,10
"ArtSurf",7418,0,0,"cabaneros",3,11
"Crop",2473,0,0,"cabaneros",3,11
"Dehesa",36272,0,0,"cabaneros",3,11
"Grass",52784,0,0,"cabaneros",3,11
"HydroRipVeg",554,0,0,"cabaneros",3,11
"MedConF",35896,0,0,"cabaneros",3,11
"MedSclF",158690,0,0,"cabaneros",3,11
"MedScrub",187005,0,0,"cabaneros",3,11
"Reforestation",57,0,0,"cabaneros",3,11
"RipF",4764,0,0,"cabaneros",3,11
"RockScreeVeg",11067,0,0,"cabaneros",3,11
"SMedMarF",69447,0,0,"cabaneros",3,11
"Shrub",21978,0,0,"cabaneros",3,11
"WaterSurf",177,0,0,"cabaneros",3,11
"ArtSurf",7418,0,0,"cabaneros",3,12
"Crop",2473,0,0,"cabaneros",3,12
"Dehesa",36272,0,0,"cabaneros",3,12
"Grass",52784,0,0,"cabaneros",3,12
"HydroRipVeg",554,0,0,"cabaneros",3,12
"MedConF",35896,0,0,"cabaneros",3,12
"MedSclF",158688,0,0,"cabaneros",3,12
"MedScrub",187005,0,0,"cabaneros",3,12
"Reforestation",57,0,0,"cabaneros",3,12
"RipF",4764,0,0,"cabaneros",3,12
"RockScreeVeg",11067,0,0,"cabaneros",3,12
"SMedMarF",69447,0,0,"cabaneros",3,12
"Shrub",21978,0,0,"cabaneros",3,12
"WaterSurf",177,0,0,"cabaneros",3,12
"ArtSurf",7418,0,0,"cabaneros",6,1
"Crop",2473,0,0,"cabaneros",6,1
"Dehesa",36272,0,0,"cabaneros",6,1
"Grass",52784,0,0,"cabaneros",6,1
"HydroRipVeg",554,0,0,"cabaneros",6,1
"MedConF",35896,0,0,"cabaneros",6,1
"MedSclF",158690,0,0,"cabaneros",6,1
"MedScrub",187005,0,0,"cabaneros",6,1
"Reforestation",57,0,0,"cabaneros",6,1
"RipF",4764,0,0,"cabaneros",6,1
"RockScreeVeg",11067,0,0,"cabaneros",6,1
"SMedMarF",69447,0,0,"cabaneros",6,1
"Shrub",21978,0,0,"cabaneros",6,1
"WaterSurf",177,0,0,"cabaneros",6,1
"ArtSurf",7418,1,0.01,"cabaneros",6,2
"Crop",2473,0,0,"cabaneros",6,2
"Dehesa",36272,8,0.02,"cabaneros",6,2
"Grass",52784,14,0.03,"cabaneros",6,2
"HydroRipVeg",554,0,0,"cabaneros",6,2
"MedConF",35896,0,0,"cabaneros",6,2
"MedSclF",158690,0,0,"cabaneros",6,2
"MedScrub",187005,12,0.01,"cabaneros",6,2
"Reforestation",57,0,0,"cabaneros",6,2
"RipF",4764,3,0.06,"cabaneros",6,2
"RockScreeVeg",11067,0,0,"cabaneros",6,2
"SMedMarF",69447,4,0.01,"cabaneros",6,2
"Shrub",21978,1,0,"cabaneros",6,2
"WaterSurf",177,0,0,"cabaneros",6,2
"ArtSurf",7418,5,0.07,"cabaneros",6,3
"Crop",2473,20,0.81,"cabaneros",6,3
"Dehesa",36272,761,2.1,"cabaneros",6,3
"Grass",52784,1003,1.9,"cabaneros",6,3
"HydroRipVeg",554,3,0.54,"cabaneros",6,3
"MedConF",35896,2,0.01,"cabaneros",6,3
"MedSclF",158690,101,0.06,"cabaneros",6,3
"MedScrub",187005,123,0.07,"cabaneros",6,3
"Reforestation",57,0,0,"cabaneros",6,3
"RipF",4764,6,0.13,"cabaneros",6,3
"RockScreeVeg",11067,7,0.06,"cabaneros",6,3
"SMedMarF",69447,61,0.09,"cabaneros",6,3
"Shrub",21978,91,0.41,"cabaneros",6,3
"WaterSurf",177,0,0,"cabaneros",6,3
"ArtSurf",7418,276,3.72,"cabaneros",6,4
"Crop",2473,1440,58.23,"cabaneros",6,4
"Dehesa",36272,14242,39.26,"cabaneros",6,4
"Grass",52784,30422,57.63,"cabaneros",6,4
"HydroRipVeg",554,58,10.47,"cabaneros",6,4
"MedConF",35896,31,0.09,"cabaneros",6,4
"MedSclF",158690,2988,1.88,"cabaneros",6,4
"MedScrub",187005,5944,3.18,"cabaneros",6,4
"Reforestation",57,3,5.26,"cabaneros",6,4
"RipF",4764,161,3.38,"cabaneros",6,4
"RockScreeVeg",11067,202,1.83,"cabaneros",6,4
"SMedMarF",69447,2057,2.96,"cabaneros",6,4
"Shrub",21978,1458,6.63,"cabaneros",6,4
"WaterSurf",177,14,7.91,"cabaneros",6,4
"ArtSurf",7418,1123,15.14,"cabaneros",6,5
"Crop",2473,1778,71.9,"cabaneros",6,5
"Dehesa",36272,20156,55.57,"cabaneros",6,5
"Grass",52784,36853,69.82,"cabaneros",6,5
"HydroRipVeg",554,102,18.41,"cabaneros",6,5
"MedConF",35896,123,0.34,"cabaneros",6,5
"MedSclF",158690,16430,10.35,"cabaneros",6,5
"MedScrub",187005,28068,15.01,"cabaneros",6,5
"Reforestation",57,15,26.32,"cabaneros",6,5
"RipF",4764,709,14.88,"cabaneros",6,5
"RockScreeVeg",11067,726,6.56,"cabaneros",6,5
"SMedMarF",69447,6262,9.02,"cabaneros",6,5
"Shrub",21978,2724,12.39,"cabaneros",6,5
"WaterSurf",177,29,16.38,"cabaneros",6,5
"ArtSurf",7418,3520,47.45,"cabaneros",6,6
"Crop",2473,2271,91.83,"cabaneros",6,6
"Dehesa",36272,27019,74.49,"cabaneros",6,6
"Grass",52784,47280,89.57,"cabaneros",6,6
"HydroRipVeg",554,264,47.65,"cabaneros",6,6
"MedConF",35896,652,1.82,"cabaneros",6,6
"MedSclF",158690,89660,56.5,"cabaneros",6,6
"MedScrub",187005,127712,68.29,"cabaneros",6,6
"Reforestation",57,13,22.81,"cabaneros",6,6
"RipF",4764,1863,39.11,"cabaneros",6,6
"RockScreeVeg",11067,1944,17.57,"cabaneros",6,6
"SMedMarF",69447,26966,38.83,"cabaneros",6,6
"Shrub",21978,14993,68.22,"cabaneros",6,6
"WaterSurf",177,60,33.9,"cabaneros",6,6
"ArtSurf",7418,3739,50.4,"cabaneros",6,7
"Crop",2473,2200,88.96,"cabaneros",6,7
"Dehesa",36272,25772,71.05,"cabaneros",6,7
"Grass",52784,46052,87.25,"cabaneros",6,7
"HydroRipVeg",554,285,51.44,"cabaneros",6,7
"MedConF",35896,649,1.81,"cabaneros",6,7
"MedSclF",158690,78668,49.57,"cabaneros",6,7
"MedScrub",187005,127978,68.44,"cabaneros",6,7
"Reforestation",57,20,35.09,"cabaneros",6,7
"RipF",4764,1114,23.38,"cabaneros",6,7
"RockScreeVeg",11067,1606,14.51,"cabaneros",6,7
"SMedMarF",69447,19892,28.64,"cabaneros",6,7
"Shrub",21978,14859,67.61,"cabaneros",6,7
"WaterSurf",177,56,31.64,"cabaneros",6,7
"ArtSurf",7418,4155,56.01,"cabaneros",6,8
"Crop",2473,1867,75.5,"cabaneros",6,8
"Dehesa",36272,21051,58.04,"cabaneros",6,8
"Grass",52784,40784,77.27,"cabaneros",6,8
"HydroRipVeg",554,269,48.56,"cabaneros",6,8
"MedConF",35896,1043,2.91,"cabaneros",6,8
"MedSclF",158690,71666,45.16,"cabaneros",6,8
"MedScrub",187005,134443,71.89,"cabaneros",6,8
"Reforestation",57,6,10.53,"cabaneros",6,8
"RipF",4764,1158,24.31,"cabaneros",6,8
"RockScreeVeg",11067,2631,23.77,"cabaneros",6,8
"SMedMarF",69447,16552,23.83,"cabaneros",6,8
"Shrub",21978,14107,64.19,"cabaneros",6,8
"WaterSurf",177,35,19.77,"cabaneros",6,8
"ArtSurf",7418,0,0,"cabaneros",6,9
"Crop",2473,0,0,"cabaneros",6,9
"Dehesa",36272,0,0,"cabaneros",6,9
"Grass",52784,0,0,"cabaneros",6,9
"HydroRipVeg",554,0,0,"cabaneros",6,9
"MedConF",35896,0,0,"cabaneros",6,9
"MedSclF",158690,0,0,"cabaneros",6,9
"MedScrub",187005,0,0,"cabaneros",6,9
"Reforestation",57,0,0,"cabaneros",6,9
"RipF",4764,0,0,"cabaneros",6,9
"RockScreeVeg",11067,0,0,"cabaneros",6,9
"SMedMarF",69447,0,0,"cabaneros",6,9
"Shrub",21978,0,0,"cabaneros",6,9
"WaterSurf",177,0,0,"cabaneros",6,9
"ArtSurf",7418,0,0,"cabaneros",6,10
"Crop",2473,0,0,"cabaneros",6,10
"Dehesa",36272,0,0,"cabaneros",6,10
"Grass",52784,0,0,"cabaneros",6,10
"HydroRipVeg",554,0,0,"cabaneros",6,10
"MedConF",35896,0,0,"cabaneros",6,10
"MedSclF",158690,0,0,"cabaneros",6,10
"MedScrub",187005,0,0,"cabaneros",6,10
"Reforestation",57,0,0,"cabaneros",6,10
"RipF",4764,0,0,"cabaneros",6,10
"RockScreeVeg",11067,0,0,"cabaneros",6,10
"SMedMarF",69447,0,0,"cabaneros",6,10
"Shrub",21978,0,0,"cabaneros",6,10
"WaterSurf",177,0,0,"cabaneros",6,10
"ArtSurf",7418,0,0,"cabaneros",6,11
"Crop",2473,0,0,"cabaneros",6,11
"Dehesa",36272,0,0,"cabaneros",6,11
"Grass",52784,0,0,"cabaneros",6,11
"HydroRipVeg",554,0,0,"cabaneros",6,11
"MedConF",35896,0,0,"cabaneros",6,11
"MedSclF",158690,0,0,"cabaneros",6,11
"MedScrub",187005,0,0,"cabaneros",6,11
"Reforestation",57,0,0,"cabaneros",6,11
"RipF",4764,0,0,"cabaneros",6,11
"RockScreeVeg",11067,0,0,"cabaneros",6,11
"SMedMarF",69447,0,0,"cabaneros",6,11
"Shrub",21978,0,0,"cabaneros",6,11
"WaterSurf",177,0,0,"cabaneros",6,11
"ArtSurf",7418,0,0,"cabaneros",6,12
"Crop",2473,0,0,"cabaneros",6,12
"Dehesa",36272,30,0.08,"cabaneros",6,12
"Grass",52784,6,0.01,"cabaneros",6,12
"HydroRipVeg",554,0,0,"cabaneros",6,12
"MedConF",35896,0,0,"cabaneros",6,12
"MedSclF",158688,0,0,"cabaneros",6,12
"MedScrub",187005,0,0,"cabaneros",6,12
"Reforestation",57,0,0,"cabaneros",6,12
"RipF",4764,0,0,"cabaneros",6,12
"RockScreeVeg",11067,0,0,"cabaneros",6,12
"SMedMarF",69447,0,0,"cabaneros",6,12
"Shrub",21978,0,0,"cabaneros",6,12
"WaterSurf",177,0,0,"cabaneros",6,12
"ArtSurf",7418,0,0,"cabaneros",9,1
"Crop",2473,0,0,"cabaneros",9,1
"Dehesa",36272,0,0,"cabaneros",9,1
"Grass",52784,0,0,"cabaneros",9,1
"HydroRipVeg",554,0,0,"cabaneros",9,1
"MedConF",35896,0,0,"cabaneros",9,1
"MedSclF",158690,0,0,"cabaneros",9,1
"MedScrub",187005,0,0,"cabaneros",9,1
"Reforestation",57,0,0,"cabaneros",9,1
"RipF",4764,0,0,"cabaneros",9,1
"RockScreeVeg",11067,0,0,"cabaneros",9,1
"SMedMarF",69447,0,0,"cabaneros",9,1
"Shrub",21978,0,0,"cabaneros",9,1
"WaterSurf",177,0,0,"cabaneros",9,1
"ArtSurf",7418,0,0,"cabaneros",9,2
"Crop",2473,0,0,"cabaneros",9,2
"Dehesa",36272,0,0,"cabaneros",9,2
"Grass",52784,0,0,"cabaneros",9,2
"HydroRipVeg",554,0,0,"cabaneros",9,2
"MedConF",35896,0,0,"cabaneros",9,2
"MedSclF",158690,0,0,"cabaneros",9,2
"MedScrub",187005,0,0,"cabaneros",9,2
"Reforestation",57,0,0,"cabaneros",9,2
"RipF",4764,0,0,"cabaneros",9,2
"RockScreeVeg",11067,0,0,"cabaneros",9,2
"SMedMarF",69447,0,0,"cabaneros",9,2
"Shrub",21978,0,0,"cabaneros",9,2
"WaterSurf",177,0,0,"cabaneros",9,2
"ArtSurf",7418,8,0.11,"cabaneros",9,3
"Crop",2473,58,2.35,"cabaneros",9,3
"Dehesa",36272,941,2.59,"cabaneros",9,3
"Grass",52784,1514,2.87,"cabaneros",9,3
"HydroRipVeg",554,3,0.54,"cabaneros",9,3
"MedConF",35896,4,0.01,"cabaneros",9,3
"MedSclF",158690,76,0.05,"cabaneros",9,3
"MedScrub",187005,105,0.06,"cabaneros",9,3
"Reforestation",57,0,0,"cabaneros",9,3
"RipF",4764,9,0.19,"cabaneros",9,3
"RockScreeVeg",11067,7,0.06,"cabaneros",9,3
"SMedMarF",69447,69,0.1,"cabaneros",9,3
"Shrub",21978,121,0.55,"cabaneros",9,3
"WaterSurf",177,0,0,"cabaneros",9,3
"ArtSurf",7418,475,6.4,"cabaneros",9,4
"Crop",2473,1760,71.17,"cabaneros",9,4
"Dehesa",36272,18483,50.96,"cabaneros",9,4
"Grass",52784,38169,72.31,"cabaneros",9,4
"HydroRipVeg",554,87,15.7,"cabaneros",9,4
"MedConF",35896,112,0.31,"cabaneros",9,4
"MedSclF",158690,5354,3.37,"cabaneros",9,4
"MedScrub",187005,10685,5.71,"cabaneros",9,4
"Reforestation",57,16,28.07,"cabaneros",9,4
"RipF",4764,321,6.74,"cabaneros",9,4
"RockScreeVeg",11067,437,3.95,"cabaneros",9,4
"SMedMarF",69447,2858,4.12,"cabaneros",9,4
"Shrub",21978,1874,8.53,"cabaneros",9,4
"WaterSurf",177,18,10.17,"cabaneros",9,4
"ArtSurf",7418,1466,19.76,"cabaneros",9,5
"Crop",2473,1938,78.37,"cabaneros",9,5
"Dehesa",36272,21052,58.04,"cabaneros",9,5
"Grass",52784,39097,74.07,"cabaneros",9,5
"HydroRipVeg",554,120,21.66,"cabaneros",9,5
"MedConF",35896,268,0.75,"cabaneros",9,5
"MedSclF",158690,23256,14.65,"cabaneros",9,5
"MedScrub",187005,36755,19.65,"cabaneros",9,5
"Reforestation",57,25,43.86,"cabaneros",9,5
"RipF",4764,936,19.65,"cabaneros",9,5
"RockScreeVeg",11067,995,8.99,"cabaneros",9,5
"SMedMarF",69447,7432,10.7,"cabaneros",9,5
"Shrub",21978,3435,15.63,"cabaneros",9,5
"WaterSurf",177,36,20.34,"cabaneros",9,5
"ArtSurf",7418,3709,50,"cabaneros",9,6
"Crop",2473,2131,86.17,"cabaneros",9,6
"Dehesa",36272,22008,60.67,"cabaneros",9,6
"Grass",52784,40301,76.35,"cabaneros",9,6
"HydroRipVeg",554,223,40.25,"cabaneros",9,6
"MedConF",35896,1467,4.09,"cabaneros",9,6
"MedSclF",158690,86376,54.43,"cabaneros",9,6
"MedScrub",187005,122570,65.54,"cabaneros",9,6
"Reforestation",57,10,17.54,"cabaneros",9,6
"RipF",4764,1823,38.27,"cabaneros",9,6
"RockScreeVeg",11067,2197,19.85,"cabaneros",9,6
"SMedMarF",69447,24157,34.78,"cabaneros",9,6
"Shrub",21978,13356,60.77,"cabaneros",9,6
"WaterSurf",177,66,37.29,"cabaneros",9,6
"ArtSurf",7418,4572,61.63,"cabaneros",9,7
"Crop",2473,2030,82.09,"cabaneros",9,7
"Dehesa",36272,24903,68.66,"cabaneros",9,7
"Grass",52784,44834,84.94,"cabaneros",9,7
"HydroRipVeg",554,300,54.15,"cabaneros",9,7
"MedConF",35896,1898,5.29,"cabaneros",9,7
"MedSclF",158690,117548,74.07,"cabaneros",9,7
"MedScrub",187005,156155,83.5,"cabaneros",9,7
"Reforestation",57,39,68.42,"cabaneros",9,7
"RipF",4764,1957,41.08,"cabaneros",9,7
"RockScreeVeg",11067,3087,27.89,"cabaneros",9,7
"SMedMarF",69447,37743,54.35,"cabaneros",9,7
"Shrub",21978,19037,86.62,"cabaneros",9,7
"WaterSurf",177,58,32.77,"cabaneros",9,7
"ArtSurf",7418,4308,58.07,"cabaneros",9,8
"Crop",2473,1960,79.26,"cabaneros",9,8
"Dehesa",36272,23151,63.83,"cabaneros",9,8
"Grass",52784,41741,79.08,"cabaneros",9,8
"HydroRipVeg",554,276,49.82,"cabaneros",9,8
"MedConF",35896,1511,4.21,"cabaneros",9,8
"MedSclF",158690,107107,67.49,"cabaneros",9,8
"MedScrub",187005,150448,80.45,"cabaneros",9,8
"Reforestation",57,28,49.12,"cabaneros",9,8
"RipF",4764,1483,31.13,"cabaneros",9,8
"RockScreeVeg",11067,3186,28.79,"cabaneros",9,8
"SMedMarF",69447,28936,41.67,"cabaneros",9,8
"Shrub",21978,17864,81.28,"cabaneros",9,8
"WaterSurf",177,40,22.6,"cabaneros",9,8
"ArtSurf",7418,4169,56.2,"cabaneros",9,9
"Crop",2473,1232,49.82,"cabaneros",9,9
"Dehesa",36272,15834,43.65,"cabaneros",9,9
"Grass",52784,31447,59.58,"cabaneros",9,9
"HydroRipVeg",554,295,53.25,"cabaneros",9,9
"MedConF",35896,11209,31.23,"cabaneros",9,9
"MedSclF",158690,130187,82.04,"cabaneros",9,9
"MedScrub",187005,151458,80.99,"cabaneros",9,9
"Reforestation",57,23,40.35,"cabaneros",9,9
"RipF",4764,2313,48.55,"cabaneros",9,9
"RockScreeVeg",11067,3825,34.56,"cabaneros",9,9
"SMedMarF",69447,46734,67.29,"cabaneros",9,9
"Shrub",21978,20200,91.91,"cabaneros",9,9
"WaterSurf",177,48,27.12,"cabaneros",9,9
"ArtSurf",7418,529,7.13,"cabaneros",9,10
"Crop",2473,7,0.28,"cabaneros",9,10
"Dehesa",36272,435,1.2,"cabaneros",9,10
"Grass",52784,165,0.31,"cabaneros",9,10
"HydroRipVeg",554,57,10.29,"cabaneros",9,10
"MedConF",35896,754,2.1,"cabaneros",9,10
"MedSclF",158690,27469,17.31,"cabaneros",9,10
"MedScrub",187005,28167,15.06,"cabaneros",9,10
"Reforestation",57,2,3.51,"cabaneros",9,10
"RipF",4764,195,4.09,"cabaneros",9,10
"RockScreeVeg",11067,451,4.08,"cabaneros",9,10
"SMedMarF",69447,6084,8.76,"cabaneros",9,10
"Shrub",21978,3407,15.5,"cabaneros",9,10
"WaterSurf",177,5,2.82,"cabaneros",9,10
"ArtSurf",7418,0,0,"cabaneros",9,11
"Crop",2473,0,0,"cabaneros",9,11
"Dehesa",36272,0,0,"cabaneros",9,11
"Grass",52784,0,0,"cabaneros",9,11
"HydroRipVeg",554,0,0,"cabaneros",9,11
"MedConF",35896,0,0,"cabaneros",9,11
"MedSclF",158690,0,0,"cabaneros",9,11
"MedScrub",187005,0,0,"cabaneros",9,11
"Reforestation",57,0,0,"cabaneros",9,11
"RipF",4764,0,0,"cabaneros",9,11
"RockScreeVeg",11067,0,0,"cabaneros",9,11
"SMedMarF",69447,0,0,"cabaneros",9,11
"Shrub",21978,0,0,"cabaneros",9,11
"WaterSurf",177,0,0,"cabaneros",9,11
"ArtSurf",7418,0,0,"cabaneros",9,12
"Crop",2473,0,0,"cabaneros",9,12
"Dehesa",36272,0,0,"cabaneros",9,12
"Grass",52784,0,0,"cabaneros",9,12
"HydroRipVeg",554,0,0,"cabaneros",9,12
"MedConF",35896,0,0,"cabaneros",9,12
"MedSclF",158688,0,0,"cabaneros",9,12
"MedScrub",187005,0,0,"cabaneros",9,12
"Reforestation",57,0,0,"cabaneros",9,12
"RipF",4764,0,0,"cabaneros",9,12
"RockScreeVeg",11067,0,0,"cabaneros",9,12
"SMedMarF",69447,0,0,"cabaneros",9,12
"Shrub",21978,0,0,"cabaneros",9,12
"WaterSurf",177,0,0,"cabaneros",9,12
"ArtSurf",7418,0,0,"cabaneros",12,1
"Crop",2473,0,0,"cabaneros",12,1
"Dehesa",36272,0,0,"cabaneros",12,1
"Grass",52784,0,0,"cabaneros",12,1
"HydroRipVeg",554,0,0,"cabaneros",12,1
"MedConF",35896,0,0,"cabaneros",12,1
"MedSclF",158690,0,0,"cabaneros",12,1
"MedScrub",187005,0,0,"cabaneros",12,1
"Reforestation",57,0,0,"cabaneros",12,1
"RipF",4764,0,0,"cabaneros",12,1
"RockScreeVeg",11067,0,0,"cabaneros",12,1
"SMedMarF",69447,0,0,"cabaneros",12,1
"Shrub",21978,0,0,"cabaneros",12,1
"WaterSurf",177,0,0,"cabaneros",12,1
"ArtSurf",7418,0,0,"cabaneros",12,2
"Crop",2473,0,0,"cabaneros",12,2
"Dehesa",36272,0,0,"cabaneros",12,2
"Grass",52784,0,0,"cabaneros",12,2
"HydroRipVeg",554,0,0,"cabaneros",12,2
"MedConF",35896,0,0,"cabaneros",12,2
"MedSclF",158690,0,0,"cabaneros",12,2
"MedScrub",187005,0,0,"cabaneros",12,2
"Reforestation",57,0,0,"cabaneros",12,2
"RipF",4764,0,0,"cabaneros",12,2
"RockScreeVeg",11067,0,0,"cabaneros",12,2
"SMedMarF",69447,0,0,"cabaneros",12,2
"Shrub",21978,0,0,"cabaneros",12,2
"WaterSurf",177,0,0,"cabaneros",12,2
"ArtSurf",7418,0,0,"cabaneros",12,3
"Crop",2473,0,0,"cabaneros",12,3
"Dehesa",36272,0,0,"cabaneros",12,3
"Grass",52784,0,0,"cabaneros",12,3
"HydroRipVeg",554,0,0,"cabaneros",12,3
"MedConF",35896,0,0,"cabaneros",12,3
"MedSclF",158690,0,0,"cabaneros",12,3
"MedScrub",187005,0,0,"cabaneros",12,3
"Reforestation",57,0,0,"cabaneros",12,3
"RipF",4764,0,0,"cabaneros",12,3
"RockScreeVeg",11067,0,0,"cabaneros",12,3
"SMedMarF",69447,0,0,"cabaneros",12,3
"Shrub",21978,0,0,"cabaneros",12,3
"WaterSurf",177,0,0,"cabaneros",12,3
"ArtSurf",7418,16,0.22,"cabaneros",12,4
"Crop",2473,113,4.57,"cabaneros",12,4
"Dehesa",36272,323,0.89,"cabaneros",12,4
"Grass",52784,952,1.8,"cabaneros",12,4
"HydroRipVeg",554,0,0,"cabaneros",12,4
"MedConF",35896,0,0,"cabaneros",12,4
"MedSclF",158690,75,0.05,"cabaneros",12,4
"MedScrub",187005,154,0.08,"cabaneros",12,4
"Reforestation",57,0,0,"cabaneros",12,4
"RipF",4764,1,0.02,"cabaneros",12,4
"RockScreeVeg",11067,0,0,"cabaneros",12,4
"SMedMarF",69447,37,0.05,"cabaneros",12,4
"Shrub",21978,37,0.17,"cabaneros",12,4
"WaterSurf",177,0,0,"cabaneros",12,4
"ArtSurf",7418,1355,18.27,"cabaneros",12,5
"Crop",2473,1858,75.13,"cabaneros",12,5
"Dehesa",36272,20143,55.53,"cabaneros",12,5
"Grass",52784,37252,70.57,"cabaneros",12,5
"HydroRipVeg",554,129,23.29,"cabaneros",12,5
"MedConF",35896,247,0.69,"cabaneros",12,5
"MedSclF",158690,21116,13.31,"cabaneros",12,5
"MedScrub",187005,36737,19.64,"cabaneros",12,5
"Reforestation",57,22,38.6,"cabaneros",12,5
"RipF",4764,873,18.32,"cabaneros",12,5
"RockScreeVeg",11067,891,8.05,"cabaneros",12,5
"SMedMarF",69447,6848,9.86,"cabaneros",12,5
"Shrub",21978,3285,14.95,"cabaneros",12,5
"WaterSurf",177,23,12.99,"cabaneros",12,5
"ArtSurf",7418,3385,45.63,"cabaneros",12,6
"Crop",2473,2026,81.92,"cabaneros",12,6
"Dehesa",36272,18144,50.02,"cabaneros",12,6
"Grass",52784,34779,65.89,"cabaneros",12,6
"HydroRipVeg",554,212,38.27,"cabaneros",12,6
"MedConF",35896,2093,5.83,"cabaneros",12,6
"MedSclF",158690,84632,53.33,"cabaneros",12,6
"MedScrub",187005,118697,63.47,"cabaneros",12,6
"Reforestation",57,6,10.53,"cabaneros",12,6
"RipF",4764,1889,39.65,"cabaneros",12,6
"RockScreeVeg",11067,2201,19.89,"cabaneros",12,6
"SMedMarF",69447,24518,35.3,"cabaneros",12,6
"Shrub",21978,12684,57.71,"cabaneros",12,6
"WaterSurf",177,55,31.07,"cabaneros",12,6
"ArtSurf",7418,4263,57.47,"cabaneros",12,7
"Crop",2473,2023,81.8,"cabaneros",12,7
"Dehesa",36272,22453,61.9,"cabaneros",12,7
"Grass",52784,42491,80.5,"cabaneros",12,7
"HydroRipVeg",554,262,47.29,"cabaneros",12,7
"MedConF",35896,3550,9.89,"cabaneros",12,7
"MedSclF",158690,109589,69.06,"cabaneros",12,7
"MedScrub",187005,151859,81.21,"cabaneros",12,7
"Reforestation",57,32,56.14,"cabaneros",12,7
"RipF",4764,1716,36.02,"cabaneros",12,7
"RockScreeVeg",11067,2668,24.11,"cabaneros",12,7
"SMedMarF",69447,33905,48.82,"cabaneros",12,7
"Shrub",21978,18106,82.38,"cabaneros",12,7
"WaterSurf",177,48,27.12,"cabaneros",12,7
"ArtSurf",7418,4261,57.44,"cabaneros",12,8
"Crop",2473,2151,86.98,"cabaneros",12,8
"Dehesa",36272,21873,60.3,"cabaneros",12,8
"Grass",52784,40883,77.45,"cabaneros",12,8
"HydroRipVeg",554,269,48.56,"cabaneros",12,8
"MedConF",35896,3192,8.89,"cabaneros",12,8
"MedSclF",158690,102383,64.52,"cabaneros",12,8
"MedScrub",187005,148205,79.25,"cabaneros",12,8
"Reforestation",57,29,50.88,"cabaneros",12,8
"RipF",4764,1330,27.92,"cabaneros",12,8
"RockScreeVeg",11067,2876,25.99,"cabaneros",12,8
"SMedMarF",69447,26774,38.55,"cabaneros",12,8
"Shrub",21978,17588,80.03,"cabaneros",12,8
"WaterSurf",177,42,23.73,"cabaneros",12,8
"ArtSurf",7418,4031,54.34,"cabaneros",12,9
"Crop",2473,952,38.5,"cabaneros",12,9
"Dehesa",36272,10368,28.58,"cabaneros",12,9
"Grass",52784,23567,44.65,"cabaneros",12,9
"HydroRipVeg",554,230,41.52,"cabaneros",12,9
"MedConF",35896,9309,25.93,"cabaneros",12,9
"MedSclF",158690,123352,77.73,"cabaneros",12,9
"MedScrub",187005,145024,77.55,"cabaneros",12,9
"Reforestation",57,18,31.58,"cabaneros",12,9
"RipF",4764,1931,40.53,"cabaneros",12,9
"RockScreeVeg",11067,3452,31.19,"cabaneros",12,9
"SMedMarF",69447,40514,58.34,"cabaneros",12,9
"Shrub",21978,19061,86.73,"cabaneros",12,9
"WaterSurf",177,35,19.77,"cabaneros",12,9
"ArtSurf",7418,3456,46.59,"cabaneros",12,10
"Crop",2473,241,9.75,"cabaneros",12,10
"Dehesa",36272,1986,5.48,"cabaneros",12,10
"Grass",52784,2645,5.01,"cabaneros",12,10
"HydroRipVeg",554,250,45.13,"cabaneros",12,10
"MedConF",35896,7742,21.57,"cabaneros",12,10
"MedSclF",158690,126901,79.97,"cabaneros",12,10
"MedScrub",187005,144208,77.11,"cabaneros",12,10
"Reforestation",57,40,70.18,"cabaneros",12,10
"RipF",4764,2113,44.35,"cabaneros",12,10
"RockScreeVeg",11067,3710,33.52,"cabaneros",12,10
"SMedMarF",69447,44101,63.5,"cabaneros",12,10
"Shrub",21978,17364,79.01,"cabaneros",12,10
"WaterSurf",177,38,21.47,"cabaneros",12,10
"ArtSurf",7418,1987,26.79,"cabaneros",12,11
"Crop",2473,145,5.86,"cabaneros",12,11
"Dehesa",36272,910,2.51,"cabaneros",12,11
"Grass",52784,1571,2.98,"cabaneros",12,11
"HydroRipVeg",554,103,18.59,"cabaneros",12,11
"MedConF",35896,3314,9.23,"cabaneros",12,11
"MedSclF",158690,67090,42.28,"cabaneros",12,11
"MedScrub",187005,76775,41.06,"cabaneros",12,11
"Reforestation",57,2,3.51,"cabaneros",12,11
"RipF",4764,1082,22.71,"cabaneros",12,11
"RockScreeVeg",11067,2586,23.37,"cabaneros",12,11
"SMedMarF",69447,23952,34.49,"cabaneros",12,11
"Shrub",21978,6812,30.99,"cabaneros",12,11
"WaterSurf",177,22,12.43,"cabaneros",12,11
"ArtSurf",7418,0,0,"cabaneros",12,12
"Crop",2473,0,0,"cabaneros",12,12
"Dehesa",36272,0,0,"cabaneros",12,12
"Grass",52784,0,0,"cabaneros",12,12
"HydroRipVeg",554,0,0,"cabaneros",12,12
"MedConF",35896,0,0,"cabaneros",12,12
"MedSclF",158688,0,0,"cabaneros",12,12
"MedScrub",187005,0,0,"cabaneros",12,12
"Reforestation",57,0,0,"cabaneros",12,12
"RipF",4764,0,0,"cabaneros",12,12
"RockScreeVeg",11067,0,0,"cabaneros",12,12
"SMedMarF",69447,0,0,"cabaneros",12,12
"Shrub",21978,0,0,"cabaneros",12,12
"WaterSurf",177,0,0,"cabaneros",12,12
"AridScr",7823,0,0,"cabrera",1,1
"ArtSurf",94,0,0,"cabrera",1,1
"BareArea",1122,0,0,"cabrera",1,1
"Crop",4,0,0,"cabrera",1,1
"Grass",13,0,0,"cabrera",1,1
"HaloVeg",52,0,0,"cabrera",1,1
"MedConF",8797,0,0,"cabrera",1,1
"MedScrub",486,0,0,"cabrera",1,1
"SaltMar",276,0,0,"cabrera",1,1
"AridScr",7823,0,0,"cabrera",1,2
"ArtSurf",94,0,0,"cabrera",1,2
"BareArea",1122,0,0,"cabrera",1,2
"Crop",4,0,0,"cabrera",1,2
"Grass",13,0,0,"cabrera",1,2
"HaloVeg",52,0,0,"cabrera",1,2
"MedConF",8797,0,0,"cabrera",1,2
"MedScrub",486,0,0,"cabrera",1,2
"SaltMar",276,0,0,"cabrera",1,2
"AridScr",7823,0,0,"cabrera",1,3
"ArtSurf",94,0,0,"cabrera",1,3
"BareArea",1122,0,0,"cabrera",1,3
"Crop",4,0,0,"cabrera",1,3
"Grass",13,0,0,"cabrera",1,3
"HaloVeg",52,0,0,"cabrera",1,3
"MedConF",8797,0,0,"cabrera",1,3
"MedScrub",486,0,0,"cabrera",1,3
"SaltMar",276,0,0,"cabrera",1,3
"AridScr",7823,0,0,"cabrera",1,4
"ArtSurf",94,0,0,"cabrera",1,4
"BareArea",1122,0,0,"cabrera",1,4
"Crop",4,0,0,"cabrera",1,4
"Grass",13,0,0,"cabrera",1,4
"HaloVeg",52,0,0,"cabrera",1,4
"MedConF",8797,0,0,"cabrera",1,4
"MedScrub",486,0,0,"cabrera",1,4
"SaltMar",276,0,0,"cabrera",1,4
"AridScr",7823,0,0,"cabrera",1,5
"ArtSurf",94,0,0,"cabrera",1,5
"BareArea",1122,0,0,"cabrera",1,5
"Crop",4,0,0,"cabrera",1,5
"Grass",13,0,0,"cabrera",1,5
"HaloVeg",52,0,0,"cabrera",1,5
"MedConF",8797,0,0,"cabrera",1,5
"MedScrub",486,0,0,"cabrera",1,5
"SaltMar",276,0,0,"cabrera",1,5
"AridScr",7823,4489,57.38,"cabrera",1,6
"ArtSurf",94,69,73.4,"cabrera",1,6
"BareArea",1122,168,14.97,"cabrera",1,6
"Crop",4,4,100,"cabrera",1,6
"Grass",13,5,38.46,"cabrera",1,6
"HaloVeg",52,0,0,"cabrera",1,6
"MedConF",8797,6383,72.56,"cabrera",1,6
"MedScrub",486,370,76.13,"cabrera",1,6
"SaltMar",276,65,23.55,"cabrera",1,6
"AridScr",7823,0,0,"cabrera",1,7
"ArtSurf",94,0,0,"cabrera",1,7
"BareArea",1122,0,0,"cabrera",1,7
"Crop",4,0,0,"cabrera",1,7
"Grass",13,0,0,"cabrera",1,7
"HaloVeg",52,0,0,"cabrera",1,7
"MedConF",8797,0,0,"cabrera",1,7
"MedScrub",486,0,0,"cabrera",1,7
"SaltMar",276,0,0,"cabrera",1,7
"AridScr",7823,0,0,"cabrera",1,8
"ArtSurf",94,0,0,"cabrera",1,8
"BareArea",1122,0,0,"cabrera",1,8
"Crop",4,0,0,"cabrera",1,8
"Grass",13,0,0,"cabrera",1,8
"HaloVeg",52,0,0,"cabrera",1,8
"MedConF",8797,0,0,"cabrera",1,8
"MedScrub",486,0,0,"cabrera",1,8
"SaltMar",276,0,0,"cabrera",1,8
"AridScr",7823,0,0,"cabrera",1,9
"ArtSurf",94,0,0,"cabrera",1,9
"BareArea",1122,0,0,"cabrera",1,9
"Crop",4,0,0,"cabrera",1,9
"Grass",13,0,0,"cabrera",1,9
"HaloVeg",52,0,0,"cabrera",1,9
"MedConF",8797,0,0,"cabrera",1,9
"MedScrub",486,0,0,"cabrera",1,9
"SaltMar",276,0,0,"cabrera",1,9
"AridScr",7823,0,0,"cabrera",1,10
"ArtSurf",94,0,0,"cabrera",1,10
"BareArea",1122,0,0,"cabrera",1,10
"Crop",4,0,0,"cabrera",1,10
"Grass",13,0,0,"cabrera",1,10
"HaloVeg",52,0,0,"cabrera",1,10
"MedConF",8797,0,0,"cabrera",1,10
"MedScrub",486,0,0,"cabrera",1,10
"SaltMar",276,0,0,"cabrera",1,10
"AridScr",7823,0,0,"cabrera",1,11
"ArtSurf",94,0,0,"cabrera",1,11
"BareArea",1122,0,0,"cabrera",1,11
"Crop",4,0,0,"cabrera",1,11
"Grass",13,0,0,"cabrera",1,11
"HaloVeg",52,0,0,"cabrera",1,11
"MedConF",8797,0,0,"cabrera",1,11
"MedScrub",486,0,0,"cabrera",1,11
"SaltMar",276,0,0,"cabrera",1,11
"AridScr",7823,0,0,"cabrera",1,12
"ArtSurf",94,0,0,"cabrera",1,12
"BareArea",1122,0,0,"cabrera",1,12
"Crop",4,0,0,"cabrera",1,12
"Grass",13,0,0,"cabrera",1,12
"HaloVeg",52,0,0,"cabrera",1,12
"MedConF",8797,0,0,"cabrera",1,12
"MedScrub",486,0,0,"cabrera",1,12
"SaltMar",276,0,0,"cabrera",1,12
"AridScr",7823,0,0,"cabrera",3,1
"ArtSurf",94,0,0,"cabrera",3,1
"BareArea",1122,0,0,"cabrera",3,1
"Crop",4,0,0,"cabrera",3,1
"Grass",13,0,0,"cabrera",3,1
"HaloVeg",52,0,0,"cabrera",3,1
"MedConF",8797,0,0,"cabrera",3,1
"MedScrub",486,0,0,"cabrera",3,1
"SaltMar",276,0,0,"cabrera",3,1
"AridScr",7823,460,5.88,"cabrera",3,2
"ArtSurf",94,0,0,"cabrera",3,2
"BareArea",1122,15,1.34,"cabrera",3,2
"Crop",4,0,0,"cabrera",3,2
"Grass",13,0,0,"cabrera",3,2
"HaloVeg",52,3,5.77,"cabrera",3,2
"MedConF",8797,91,1.03,"cabrera",3,2
"MedScrub",486,0,0,"cabrera",3,2
"SaltMar",276,29,10.51,"cabrera",3,2
"AridScr",7823,521,6.66,"cabrera",3,3
"ArtSurf",94,7,7.45,"cabrera",3,3
"BareArea",1122,5,0.45,"cabrera",3,3
"Crop",4,1,25,"cabrera",3,3
"Grass",13,10,76.92,"cabrera",3,3
"HaloVeg",52,2,3.85,"cabrera",3,3
"MedConF",8797,115,1.31,"cabrera",3,3
"MedScrub",486,0,0,"cabrera",3,3
"SaltMar",276,24,8.7,"cabrera",3,3
"AridScr",7823,326,4.17,"cabrera",3,4
"ArtSurf",94,6,6.38,"cabrera",3,4
"BareArea",1122,8,0.71,"cabrera",3,4
"Crop",4,0,0,"cabrera",3,4
"Grass",13,4,30.77,"cabrera",3,4
"HaloVeg",52,0,0,"cabrera",3,4
"MedConF",8797,33,0.38,"cabrera",3,4
"MedScrub",486,0,0,"cabrera",3,4
"SaltMar",276,24,8.7,"cabrera",3,4
"AridScr",7823,5673,72.52,"cabrera",3,5
"ArtSurf",94,51,54.26,"cabrera",3,5
"BareArea",1122,202,18,"cabrera",3,5
"Crop",4,4,100,"cabrera",3,5
"Grass",13,13,100,"cabrera",3,5
"HaloVeg",52,41,78.85,"cabrera",3,5
"MedConF",8797,5237,59.53,"cabrera",3,5
"MedScrub",486,279,57.41,"cabrera",3,5
"SaltMar",276,130,47.1,"cabrera",3,5
"AridScr",7823,5853,74.82,"cabrera",3,6
"ArtSurf",94,73,77.66,"cabrera",3,6
"BareArea",1122,288,25.67,"cabrera",3,6
"Crop",4,4,100,"cabrera",3,6
"Grass",13,11,84.62,"cabrera",3,6
"HaloVeg",52,18,34.62,"cabrera",3,6
"MedConF",8797,5992,68.11,"cabrera",3,6
"MedScrub",486,336,69.14,"cabrera",3,6
"SaltMar",276,141,51.09,"cabrera",3,6
"AridScr",7823,6053,77.37,"cabrera",3,7
"ArtSurf",94,61,64.89,"cabrera",3,7
"BareArea",1122,272,24.24,"cabrera",3,7
"Crop",4,4,100,"cabrera",3,7
"Grass",13,7,53.85,"cabrera",3,7
"HaloVeg",52,7,13.46,"cabrera",3,7
"MedConF",8797,7159,81.38,"cabrera",3,7
"MedScrub",486,409,84.16,"cabrera",3,7
"SaltMar",276,80,28.99,"cabrera",3,7
"AridScr",7823,2263,28.93,"cabrera",3,8
"ArtSurf",94,23,24.47,"cabrera",3,8
"BareArea",1122,60,5.35,"cabrera",3,8
"Crop",4,2,50,"cabrera",3,8
"Grass",13,1,7.69,"cabrera",3,8
"HaloVeg",52,34,65.38,"cabrera",3,8
"MedConF",8797,2353,26.75,"cabrera",3,8
"MedScrub",486,163,33.54,"cabrera",3,8
"SaltMar",276,75,27.17,"cabrera",3,8
"AridScr",7823,0,0,"cabrera",3,9
"ArtSurf",94,0,0,"cabrera",3,9
"BareArea",1122,0,0,"cabrera",3,9
"Crop",4,0,0,"cabrera",3,9
"Grass",13,0,0,"cabrera",3,9
"HaloVeg",52,0,0,"cabrera",3,9
"MedConF",8797,0,0,"cabrera",3,9
"MedScrub",486,0,0,"cabrera",3,9
"SaltMar",276,0,0,"cabrera",3,9
"AridScr",7823,162,2.07,"cabrera",3,10
"ArtSurf",94,1,1.06,"cabrera",3,10
"BareArea",1122,3,0.27,"cabrera",3,10
"Crop",4,0,0,"cabrera",3,10
"Grass",13,0,0,"cabrera",3,10
"HaloVeg",52,0,0,"cabrera",3,10
"MedConF",8797,464,5.27,"cabrera",3,10
"MedScrub",486,48,9.88,"cabrera",3,10
"SaltMar",276,0,0,"cabrera",3,10
"AridScr",7823,0,0,"cabrera",3,11
"ArtSurf",94,0,0,"cabrera",3,11
"BareArea",1122,0,0,"cabrera",3,11
"Crop",4,0,0,"cabrera",3,11
"Grass",13,0,0,"cabrera",3,11
"HaloVeg",52,0,0,"cabrera",3,11
"MedConF",8797,0,0,"cabrera",3,11
"MedScrub",486,0,0,"cabrera",3,11
"SaltMar",276,0,0,"cabrera",3,11
"AridScr",7823,0,0,"cabrera",3,12
"ArtSurf",94,0,0,"cabrera",3,12
"BareArea",1122,0,0,"cabrera",3,12
"Crop",4,0,0,"cabrera",3,12
"Grass",13,0,0,"cabrera",3,12
"HaloVeg",52,0,0,"cabrera",3,12
"MedConF",8797,0,0,"cabrera",3,12
"MedScrub",486,0,0,"cabrera",3,12
"SaltMar",276,0,0,"cabrera",3,12
"AridScr",7823,0,0,"cabrera",6,1
"ArtSurf",94,0,0,"cabrera",6,1
"BareArea",1122,0,0,"cabrera",6,1
"Crop",4,0,0,"cabrera",6,1
"Grass",13,0,0,"cabrera",6,1
"HaloVeg",52,0,0,"cabrera",6,1
"MedConF",8797,0,0,"cabrera",6,1
"MedScrub",486,0,0,"cabrera",6,1
"SaltMar",276,0,0,"cabrera",6,1
"AridScr",7823,1748,22.34,"cabrera",6,2
"ArtSurf",94,3,3.19,"cabrera",6,2
"BareArea",1122,53,4.72,"cabrera",6,2
"Crop",4,0,0,"cabrera",6,2
"Grass",13,7,53.85,"cabrera",6,2
"HaloVeg",52,12,23.08,"cabrera",6,2
"MedConF",8797,869,9.88,"cabrera",6,2
"MedScrub",486,69,14.2,"cabrera",6,2
"SaltMar",276,21,7.61,"cabrera",6,2
"AridScr",7823,289,3.69,"cabrera",6,3
"ArtSurf",94,4,4.26,"cabrera",6,3
"BareArea",1122,4,0.36,"cabrera",6,3
"Crop",4,3,75,"cabrera",6,3
"Grass",13,10,76.92,"cabrera",6,3
"HaloVeg",52,5,9.62,"cabrera",6,3
"MedConF",8797,119,1.35,"cabrera",6,3
"MedScrub",486,0,0,"cabrera",6,3
"SaltMar",276,9,3.26,"cabrera",6,3
"AridScr",7823,2861,36.57,"cabrera",6,4
"ArtSurf",94,26,27.66,"cabrera",6,4
"BareArea",1122,56,4.99,"cabrera",6,4
"Crop",4,4,100,"cabrera",6,4
"Grass",13,12,92.31,"cabrera",6,4
"HaloVeg",52,22,42.31,"cabrera",6,4
"MedConF",8797,2144,24.37,"cabrera",6,4
"MedScrub",486,54,11.11,"cabrera",6,4
"SaltMar",276,79,28.62,"cabrera",6,4
"AridScr",7823,6324,80.84,"cabrera",6,5
"ArtSurf",94,35,37.23,"cabrera",6,5
"BareArea",1122,246,21.93,"cabrera",6,5
"Crop",4,4,100,"cabrera",6,5
"Grass",13,11,84.62,"cabrera",6,5
"HaloVeg",52,36,69.23,"cabrera",6,5
"MedConF",8797,5863,66.65,"cabrera",6,5
"MedScrub",486,391,80.45,"cabrera",6,5
"SaltMar",276,155,56.16,"cabrera",6,5
"AridScr",7823,5276,67.44,"cabrera",6,6
"ArtSurf",94,34,36.17,"cabrera",6,6
"BareArea",1122,218,19.43,"cabrera",6,6
"Crop",4,4,100,"cabrera",6,6
"Grass",13,13,100,"cabrera",6,6
"HaloVeg",52,21,40.38,"cabrera",6,6
"MedConF",8797,3498,39.76,"cabrera",6,6
"MedScrub",486,215,44.24,"cabrera",6,6
"SaltMar",276,127,46.01,"cabrera",6,6
"AridScr",7823,7524,96.18,"cabrera",6,7
"ArtSurf",94,69,73.4,"cabrera",6,7
"BareArea",1122,485,43.23,"cabrera",6,7
"Crop",4,4,100,"cabrera",6,7
"Grass",13,11,84.62,"cabrera",6,7
"HaloVeg",52,18,34.62,"cabrera",6,7
"MedConF",8797,7885,89.63,"cabrera",6,7
"MedScrub",486,475,97.74,"cabrera",6,7
"SaltMar",276,122,44.2,"cabrera",6,7
"AridScr",7823,7291,93.2,"cabrera",6,8
"ArtSurf",94,73,77.66,"cabrera",6,8
"BareArea",1122,474,42.25,"cabrera",6,8
"Crop",4,4,100,"cabrera",6,8
"Grass",13,8,61.54,"cabrera",6,8
"HaloVeg",52,42,80.77,"cabrera",6,8
"MedConF",8797,7738,87.96,"cabrera",6,8
"MedScrub",486,439,90.33,"cabrera",6,8
"SaltMar",276,155,56.16,"cabrera",6,8
"AridScr",7823,0,0,"cabrera",6,9
"ArtSurf",94,0,0,"cabrera",6,9
"BareArea",1122,0,0,"cabrera",6,9
"Crop",4,0,0,"cabrera",6,9
"Grass",13,0,0,"cabrera",6,9
"HaloVeg",52,0,0,"cabrera",6,9
"MedConF",8797,0,0,"cabrera",6,9
"MedScrub",486,0,0,"cabrera",6,9
"SaltMar",276,0,0,"cabrera",6,9
"AridScr",7823,2535,32.4,"cabrera",6,10
"ArtSurf",94,13,13.83,"cabrera",6,10
"BareArea",1122,59,5.26,"cabrera",6,10
"Crop",4,0,0,"cabrera",6,10
"Grass",13,0,0,"cabrera",6,10
"HaloVeg",52,4,7.69,"cabrera",6,10
"MedConF",8797,3281,37.3,"cabrera",6,10
"MedScrub",486,237,48.77,"cabrera",6,10
"SaltMar",276,6,2.17,"cabrera",6,10
"AridScr",7823,0,0,"cabrera",6,11
"ArtSurf",94,0,0,"cabrera",6,11
"BareArea",1122,0,0,"cabrera",6,11
"Crop",4,0,0,"cabrera",6,11
"Grass",13,0,0,"cabrera",6,11
"HaloVeg",52,0,0,"cabrera",6,11
"MedConF",8797,0,0,"cabrera",6,11
"MedScrub",486,0,0,"cabrera",6,11
"SaltMar",276,0,0,"cabrera",6,11
"AridScr",7823,0,0,"cabrera",6,12
"ArtSurf",94,0,0,"cabrera",6,12
"BareArea",1122,0,0,"cabrera",6,12
"Crop",4,0,0,"cabrera",6,12
"Grass",13,0,0,"cabrera",6,12
"HaloVeg",52,0,0,"cabrera",6,12
"MedConF",8797,0,0,"cabrera",6,12
"MedScrub",486,0,0,"cabrera",6,12
"SaltMar",276,0,0,"cabrera",6,12
"AridScr",7823,0,0,"cabrera",9,1
"ArtSurf",94,0,0,"cabrera",9,1
"BareArea",1122,0,0,"cabrera",9,1
"Crop",4,0,0,"cabrera",9,1
"Grass",13,0,0,"cabrera",9,1
"HaloVeg",52,0,0,"cabrera",9,1
"MedConF",8797,0,0,"cabrera",9,1
"MedScrub",486,0,0,"cabrera",9,1
"SaltMar",276,0,0,"cabrera",9,1
"AridScr",7823,1903,24.33,"cabrera",9,2
"ArtSurf",94,0,0,"cabrera",9,2
"BareArea",1122,77,6.86,"cabrera",9,2
"Crop",4,0,0,"cabrera",9,2
"Grass",13,7,53.85,"cabrera",9,2
"HaloVeg",52,15,28.85,"cabrera",9,2
"MedConF",8797,1136,12.91,"cabrera",9,2
"MedScrub",486,99,20.37,"cabrera",9,2
"SaltMar",276,37,13.41,"cabrera",9,2
"AridScr",7823,721,9.22,"cabrera",9,3
"ArtSurf",94,4,4.26,"cabrera",9,3
"BareArea",1122,11,0.98,"cabrera",9,3
"Crop",4,1,25,"cabrera",9,3
"Grass",13,11,84.62,"cabrera",9,3
"HaloVeg",52,6,11.54,"cabrera",9,3
"MedConF",8797,432,4.91,"cabrera",9,3
"MedScrub",486,5,1.03,"cabrera",9,3
"SaltMar",276,4,1.45,"cabrera",9,3
"AridScr",7823,4879,62.37,"cabrera",9,4
"ArtSurf",94,31,32.98,"cabrera",9,4
"BareArea",1122,148,13.19,"cabrera",9,4
"Crop",4,4,100,"cabrera",9,4
"Grass",13,12,92.31,"cabrera",9,4
"HaloVeg",52,26,50,"cabrera",9,4
"MedConF",8797,4099,46.6,"cabrera",9,4
"MedScrub",486,204,41.98,"cabrera",9,4
"SaltMar",276,71,25.72,"cabrera",9,4
"AridScr",7823,6096,77.92,"cabrera",9,5
"ArtSurf",94,38,40.43,"cabrera",9,5
"BareArea",1122,231,20.59,"cabrera",9,5
"Crop",4,4,100,"cabrera",9,5
"Grass",13,10,76.92,"cabrera",9,5
"HaloVeg",52,31,59.62,"cabrera",9,5
"MedConF",8797,6145,69.85,"cabrera",9,5
"MedScrub",486,455,93.62,"cabrera",9,5
"SaltMar",276,85,30.8,"cabrera",9,5
"AridScr",7823,6416,82.01,"cabrera",9,6
"ArtSurf",94,43,45.74,"cabrera",9,6
"BareArea",1122,228,20.32,"cabrera",9,6
"Crop",4,4,100,"cabrera",9,6
"Grass",13,8,61.54,"cabrera",9,6
"HaloVeg",52,23,44.23,"cabrera",9,6
"MedConF",8797,4832,54.93,"cabrera",9,6
"MedScrub",486,359,73.87,"cabrera",9,6
"SaltMar",276,105,38.04,"cabrera",9,6
"AridScr",7823,7612,97.3,"cabrera",9,7
"ArtSurf",94,79,84.04,"cabrera",9,7
"BareArea",1122,504,44.92,"cabrera",9,7
"Crop",4,4,100,"cabrera",9,7
"Grass",13,7,53.85,"cabrera",9,7
"HaloVeg",52,29,55.77,"cabrera",9,7
"MedConF",8797,8589,97.64,"cabrera",9,7
"MedScrub",486,486,100,"cabrera",9,7
"SaltMar",276,149,53.99,"cabrera",9,7
"AridScr",7823,7534,96.31,"cabrera",9,8
"ArtSurf",94,77,81.91,"cabrera",9,8
"BareArea",1122,410,36.54,"cabrera",9,8
"Crop",4,4,100,"cabrera",9,8
"Grass",13,7,53.85,"cabrera",9,8
"HaloVeg",52,35,67.31,"cabrera",9,8
"MedConF",8797,8438,95.92,"cabrera",9,8
"MedScrub",486,475,97.74,"cabrera",9,8
"SaltMar",276,163,59.06,"cabrera",9,8
"AridScr",7823,3432,43.87,"cabrera",9,9
"ArtSurf",94,8,8.51,"cabrera",9,9
"BareArea",1122,90,8.02,"cabrera",9,9
"Crop",4,1,25,"cabrera",9,9
"Grass",13,4,30.77,"cabrera",9,9
"HaloVeg",52,1,1.92,"cabrera",9,9
"MedConF",8797,2171,24.68,"cabrera",9,9
"MedScrub",486,119,24.49,"cabrera",9,9
"SaltMar",276,27,9.78,"cabrera",9,9
"AridScr",7823,5420,69.28,"cabrera",9,10
"ArtSurf",94,36,38.3,"cabrera",9,10
"BareArea",1122,127,11.32,"cabrera",9,10
"Crop",4,0,0,"cabrera",9,10
"Grass",13,5,38.46,"cabrera",9,10
"HaloVeg",52,9,17.31,"cabrera",9,10
"MedConF",8797,6157,69.99,"cabrera",9,10
"MedScrub",486,425,87.45,"cabrera",9,10
"SaltMar",276,18,6.52,"cabrera",9,10
"AridScr",7823,0,0,"cabrera",9,11
"ArtSurf",94,0,0,"cabrera",9,11
"BareArea",1122,0,0,"cabrera",9,11
"Crop",4,0,0,"cabrera",9,11
"Grass",13,0,0,"cabrera",9,11
"HaloVeg",52,0,0,"cabrera",9,11
"MedConF",8797,0,0,"cabrera",9,11
"MedScrub",486,0,0,"cabrera",9,11
"SaltMar",276,0,0,"cabrera",9,11
"AridScr",7823,0,0,"cabrera",9,12
"ArtSurf",94,0,0,"cabrera",9,12
"BareArea",1122,0,0,"cabrera",9,12
"Crop",4,0,0,"cabrera",9,12
"Grass",13,0,0,"cabrera",9,12
"HaloVeg",52,0,0,"cabrera",9,12
"MedConF",8797,0,0,"cabrera",9,12
"MedScrub",486,0,0,"cabrera",9,12
"SaltMar",276,0,0,"cabrera",9,12
"AridScr",7823,0,0,"cabrera",12,1
"ArtSurf",94,0,0,"cabrera",12,1
"BareArea",1122,0,0,"cabrera",12,1
"Crop",4,0,0,"cabrera",12,1
"Grass",13,0,0,"cabrera",12,1
"HaloVeg",52,0,0,"cabrera",12,1
"MedConF",8797,0,0,"cabrera",12,1
"MedScrub",486,0,0,"cabrera",12,1
"SaltMar",276,0,0,"cabrera",12,1
"AridScr",7823,2929,37.44,"cabrera",12,2
"ArtSurf",94,3,3.19,"cabrera",12,2
"BareArea",1122,92,8.2,"cabrera",12,2
"Crop",4,0,0,"cabrera",12,2
"Grass",13,2,15.38,"cabrera",12,2
"HaloVeg",52,8,15.38,"cabrera",12,2
"MedConF",8797,1455,16.54,"cabrera",12,2
"MedScrub",486,93,19.14,"cabrera",12,2
"SaltMar",276,45,16.3,"cabrera",12,2
"AridScr",7823,1492,19.07,"cabrera",12,3
"ArtSurf",94,4,4.26,"cabrera",12,3
"BareArea",1122,22,1.96,"cabrera",12,3
"Crop",4,1,25,"cabrera",12,3
"Grass",13,6,46.15,"cabrera",12,3
"HaloVeg",52,3,5.77,"cabrera",12,3
"MedConF",8797,759,8.63,"cabrera",12,3
"MedScrub",486,57,11.73,"cabrera",12,3
"SaltMar",276,7,2.54,"cabrera",12,3
"AridScr",7823,5323,68.04,"cabrera",12,4
"ArtSurf",94,33,35.11,"cabrera",12,4
"BareArea",1122,195,17.38,"cabrera",12,4
"Crop",4,4,100,"cabrera",12,4
"Grass",13,11,84.62,"cabrera",12,4
"HaloVeg",52,29,55.77,"cabrera",12,4
"MedConF",8797,4968,56.47,"cabrera",12,4
"MedScrub",486,271,55.76,"cabrera",12,4
"SaltMar",276,98,35.51,"cabrera",12,4
"AridScr",7823,6209,79.37,"cabrera",12,5
"ArtSurf",94,33,35.11,"cabrera",12,5
"BareArea",1122,229,20.41,"cabrera",12,5
"Crop",4,2,50,"cabrera",12,5
"Grass",13,10,76.92,"cabrera",12,5
"HaloVeg",52,35,67.31,"cabrera",12,5
"MedConF",8797,6195,70.42,"cabrera",12,5
"MedScrub",486,448,92.18,"cabrera",12,5
"SaltMar",276,77,27.9,"cabrera",12,5
"AridScr",7823,3885,49.66,"cabrera",12,6
"ArtSurf",94,12,12.77,"cabrera",12,6
"BareArea",1122,82,7.31,"cabrera",12,6
"Crop",4,4,100,"cabrera",12,6
"Grass",13,4,30.77,"cabrera",12,6
"HaloVeg",52,17,32.69,"cabrera",12,6
"MedConF",8797,1949,22.16,"cabrera",12,6
"MedScrub",486,152,31.28,"cabrera",12,6
"SaltMar",276,50,18.12,"cabrera",12,6
"AridScr",7823,7624,97.46,"cabrera",12,7
"ArtSurf",94,76,80.85,"cabrera",12,7
"BareArea",1122,528,47.06,"cabrera",12,7
"Crop",4,4,100,"cabrera",12,7
"Grass",13,8,61.54,"cabrera",12,7
"HaloVeg",52,35,67.31,"cabrera",12,7
"MedConF",8797,8668,98.53,"cabrera",12,7
"MedScrub",486,486,100,"cabrera",12,7
"SaltMar",276,155,56.16,"cabrera",12,7
"AridScr",7823,7524,96.18,"cabrera",12,8
"ArtSurf",94,79,84.04,"cabrera",12,8
"BareArea",1122,394,35.12,"cabrera",12,8
"Crop",4,4,100,"cabrera",12,8
"Grass",13,7,53.85,"cabrera",12,8
"HaloVeg",52,36,69.23,"cabrera",12,8
"MedConF",8797,8625,98.04,"cabrera",12,8
"MedScrub",486,479,98.56,"cabrera",12,8
"SaltMar",276,163,59.06,"cabrera",12,8
"AridScr",7823,6217,79.47,"cabrera",12,9
"ArtSurf",94,58,61.7,"cabrera",12,9
"BareArea",1122,188,16.76,"cabrera",12,9
"Crop",4,4,100,"cabrera",12,9
"Grass",13,6,46.15,"cabrera",12,9
"HaloVeg",52,2,3.85,"cabrera",12,9
"MedConF",8797,7004,79.62,"cabrera",12,9
"MedScrub",486,393,80.86,"cabrera",12,9
"SaltMar",276,51,18.48,"cabrera",12,9
"AridScr",7823,5320,68,"cabrera",12,10
"ArtSurf",94,43,45.74,"cabrera",12,10
"BareArea",1122,122,10.87,"cabrera",12,10
"Crop",4,1,25,"cabrera",12,10
"Grass",13,3,23.08,"cabrera",12,10
"HaloVeg",52,6,11.54,"cabrera",12,10
"MedConF",8797,7232,82.21,"cabrera",12,10
"MedScrub",486,449,92.39,"cabrera",12,10
"SaltMar",276,15,5.43,"cabrera",12,10
"AridScr",7823,0,0,"cabrera",12,11
"ArtSurf",94,0,0,"cabrera",12,11
"BareArea",1122,0,0,"cabrera",12,11
"Crop",4,0,0,"cabrera",12,11
"Grass",13,0,0,"cabrera",12,11
"HaloVeg",52,0,0,"cabrera",12,11
"MedConF",8797,0,0,"cabrera",12,11
"MedScrub",486,0,0,"cabrera",12,11
"SaltMar",276,0,0,"cabrera",12,11
"AridScr",7823,3,0.04,"cabrera",12,12
"ArtSurf",94,0,0,"cabrera",12,12
"BareArea",1122,0,0,"cabrera",12,12
"Crop",4,0,0,"cabrera",12,12
"Grass",13,0,0,"cabrera",12,12
"HaloVeg",52,0,0,"cabrera",12,12
"MedConF",8797,0,0,"cabrera",12,12
"MedScrub",486,0,0,"cabrera",12,12
"SaltMar",276,0,0,"cabrera",12,12
"ArtSurf",247,0,0,"daimiel",1,1
"Crop",2273,0,0,"daimiel",1,1
"Dehesa",2601,0,0,"daimiel",1,1
"Grass",8172,0,0,"daimiel",1,1
"HaloVeg",2543,0,0,"daimiel",1,1
"HydroRipVeg",16350,0,0,"daimiel",1,1
"MedSclF",623,0,0,"daimiel",1,1
"Reforestation",25,0,0,"daimiel",1,1
"RipF",1501,0,0,"daimiel",1,1
"WaterSurf",8869,0,0,"daimiel",1,1
"ArtSurf",247,0,0,"daimiel",1,2
"Crop",2273,0,0,"daimiel",1,2
"Dehesa",2601,0,0,"daimiel",1,2
"Grass",8172,0,0,"daimiel",1,2
"HaloVeg",2543,0,0,"daimiel",1,2
"HydroRipVeg",16350,0,0,"daimiel",1,2
"MedSclF",623,0,0,"daimiel",1,2
"Reforestation",25,0,0,"daimiel",1,2
"RipF",1501,0,0,"daimiel",1,2
"WaterSurf",8869,0,0,"daimiel",1,2
"ArtSurf",247,0,0,"daimiel",1,3
"Crop",2273,0,0,"daimiel",1,3
"Dehesa",2601,0,0,"daimiel",1,3
"Grass",8172,0,0,"daimiel",1,3
"HaloVeg",2543,0,0,"daimiel",1,3
"HydroRipVeg",16350,0,0,"daimiel",1,3
"MedSclF",623,0,0,"daimiel",1,3
"Reforestation",25,0,0,"daimiel",1,3
"RipF",1501,0,0,"daimiel",1,3
"WaterSurf",8869,0,0,"daimiel",1,3
"ArtSurf",247,2,0.81,"daimiel",1,4
"Crop",2273,13,0.57,"daimiel",1,4
"Dehesa",2601,54,2.08,"daimiel",1,4
"Grass",8172,74,0.91,"daimiel",1,4
"HaloVeg",2543,103,4.05,"daimiel",1,4
"HydroRipVeg",16350,3,0.02,"daimiel",1,4
"MedSclF",623,27,4.33,"daimiel",1,4
"Reforestation",25,0,0,"daimiel",1,4
"RipF",1501,2,0.13,"daimiel",1,4
"WaterSurf",8869,0,0,"daimiel",1,4
"ArtSurf",247,8,3.24,"daimiel",1,5
"Crop",2273,16,0.7,"daimiel",1,5
"Dehesa",2601,30,1.15,"daimiel",1,5
"Grass",8172,73,0.89,"daimiel",1,5
"HaloVeg",2543,363,14.27,"daimiel",1,5
"HydroRipVeg",16350,36,0.22,"daimiel",1,5
"MedSclF",623,23,3.69,"daimiel",1,5
"Reforestation",25,0,0,"daimiel",1,5
"RipF",1501,8,0.53,"daimiel",1,5
"WaterSurf",8869,0,0,"daimiel",1,5
"ArtSurf",247,0,0,"daimiel",1,6
"Crop",2273,0,0,"daimiel",1,6
"Dehesa",2601,0,0,"daimiel",1,6
"Grass",8172,0,0,"daimiel",1,6
"HaloVeg",2543,0,0,"daimiel",1,6
"HydroRipVeg",16350,0,0,"daimiel",1,6
"MedSclF",623,0,0,"daimiel",1,6
"Reforestation",25,0,0,"daimiel",1,6
"RipF",1501,0,0,"daimiel",1,6
"WaterSurf",8869,0,0,"daimiel",1,6
"ArtSurf",247,0,0,"daimiel",1,7
"Crop",2273,0,0,"daimiel",1,7
"Dehesa",2601,0,0,"daimiel",1,7
"Grass",8172,0,0,"daimiel",1,7
"HaloVeg",2543,0,0,"daimiel",1,7
"HydroRipVeg",16350,0,0,"daimiel",1,7
"MedSclF",623,0,0,"daimiel",1,7
"Reforestation",25,0,0,"daimiel",1,7
"RipF",1501,0,0,"daimiel",1,7
"WaterSurf",8869,0,0,"daimiel",1,7
"ArtSurf",247,0,0,"daimiel",1,8
"Crop",2273,0,0,"daimiel",1,8
"Dehesa",2601,0,0,"daimiel",1,8
"Grass",8172,0,0,"daimiel",1,8
"HaloVeg",2543,0,0,"daimiel",1,8
"HydroRipVeg",16350,0,0,"daimiel",1,8
"MedSclF",623,0,0,"daimiel",1,8
"Reforestation",25,0,0,"daimiel",1,8
"RipF",1501,0,0,"daimiel",1,8
"WaterSurf",8869,0,0,"daimiel",1,8
"ArtSurf",247,0,0,"daimiel",1,9
"Crop",2273,0,0,"daimiel",1,9
"Dehesa",2601,0,0,"daimiel",1,9
"Grass",8172,0,0,"daimiel",1,9
"HaloVeg",2543,0,0,"daimiel",1,9
"HydroRipVeg",16350,27,0.17,"daimiel",1,9
"MedSclF",623,0,0,"daimiel",1,9
"Reforestation",25,0,0,"daimiel",1,9
"RipF",1501,0,0,"daimiel",1,9
"WaterSurf",8869,13,0.15,"daimiel",1,9
"ArtSurf",247,0,0,"daimiel",1,10
"Crop",2273,0,0,"daimiel",1,10
"Dehesa",2601,0,0,"daimiel",1,10
"Grass",8172,0,0,"daimiel",1,10
"HaloVeg",2543,0,0,"daimiel",1,10
"HydroRipVeg",16350,0,0,"daimiel",1,10
"MedSclF",623,0,0,"daimiel",1,10
"Reforestation",25,0,0,"daimiel",1,10
"RipF",1501,0,0,"daimiel",1,10
"WaterSurf",8869,0,0,"daimiel",1,10
"ArtSurf",247,0,0,"daimiel",1,11
"Crop",2273,0,0,"daimiel",1,11
"Dehesa",2601,0,0,"daimiel",1,11
"Grass",8172,0,0,"daimiel",1,11
"HaloVeg",2543,0,0,"daimiel",1,11
"HydroRipVeg",16350,0,0,"daimiel",1,11
"MedSclF",623,0,0,"daimiel",1,11
"Reforestation",25,0,0,"daimiel",1,11
"RipF",1501,0,0,"daimiel",1,11
"WaterSurf",8869,0,0,"daimiel",1,11
"ArtSurf",247,0,0,"daimiel",1,12
"Crop",2273,0,0,"daimiel",1,12
"Dehesa",2601,0,0,"daimiel",1,12
"Grass",8172,0,0,"daimiel",1,12
"HaloVeg",2543,0,0,"daimiel",1,12
"HydroRipVeg",16350,0,0,"daimiel",1,12
"MedSclF",623,0,0,"daimiel",1,12
"Reforestation",25,0,0,"daimiel",1,12
"RipF",1501,0,0,"daimiel",1,12
"WaterSurf",8869,0,0,"daimiel",1,12
"ArtSurf",247,0,0,"daimiel",3,1
"Crop",2273,0,0,"daimiel",3,1
"Dehesa",2601,0,0,"daimiel",3,1
"Grass",8172,0,0,"daimiel",3,1
"HaloVeg",2543,0,0,"daimiel",3,1
"HydroRipVeg",16350,4,0.02,"daimiel",3,1
"MedSclF",623,0,0,"daimiel",3,1
"Reforestation",25,0,0,"daimiel",3,1
"RipF",1501,0,0,"daimiel",3,1
"WaterSurf",8869,0,0,"daimiel",3,1
"ArtSurf",247,0,0,"daimiel",3,2
"Crop",2273,0,0,"daimiel",3,2
"Dehesa",2601,0,0,"daimiel",3,2
"Grass",8172,0,0,"daimiel",3,2
"HaloVeg",2543,0,0,"daimiel",3,2
"HydroRipVeg",16350,0,0,"daimiel",3,2
"MedSclF",623,0,0,"daimiel",3,2
"Reforestation",25,0,0,"daimiel",3,2
"RipF",1501,0,0,"daimiel",3,2
"WaterSurf",8869,0,0,"daimiel",3,2
"ArtSurf",247,0,0,"daimiel",3,3
"Crop",2273,0,0,"daimiel",3,3
"Dehesa",2601,0,0,"daimiel",3,3
"Grass",8172,0,0,"daimiel",3,3
"HaloVeg",2543,0,0,"daimiel",3,3
"HydroRipVeg",16350,0,0,"daimiel",3,3
"MedSclF",623,0,0,"daimiel",3,3
"Reforestation",25,0,0,"daimiel",3,3
"RipF",1501,0,0,"daimiel",3,3
"WaterSurf",8869,0,0,"daimiel",3,3
"ArtSurf",247,17,6.88,"daimiel",3,4
"Crop",2273,69,3.04,"daimiel",3,4
"Dehesa",2601,291,11.19,"daimiel",3,4
"Grass",8172,286,3.5,"daimiel",3,4
"HaloVeg",2543,543,21.35,"daimiel",3,4
"HydroRipVeg",16350,130,0.8,"daimiel",3,4
"MedSclF",623,70,11.24,"daimiel",3,4
"Reforestation",25,11,44,"daimiel",3,4
"RipF",1501,72,4.8,"daimiel",3,4
"WaterSurf",8869,10,0.11,"daimiel",3,4
"ArtSurf",247,86,34.82,"daimiel",3,5
"Crop",2273,223,9.81,"daimiel",3,5
"Dehesa",2601,1776,68.28,"daimiel",3,5
"Grass",8172,2184,26.73,"daimiel",3,5
"HaloVeg",2543,1331,52.34,"daimiel",3,5
"HydroRipVeg",16350,684,4.18,"daimiel",3,5
"MedSclF",623,491,78.81,"daimiel",3,5
"Reforestation",25,21,84,"daimiel",3,5
"RipF",1501,342,22.78,"daimiel",3,5
"WaterSurf",8869,9,0.1,"daimiel",3,5
"ArtSurf",247,30,12.15,"daimiel",3,6
"Crop",2273,213,9.37,"daimiel",3,6
"Dehesa",2601,1011,38.87,"daimiel",3,6
"Grass",8172,1296,15.86,"daimiel",3,6
"HaloVeg",2543,1162,45.69,"daimiel",3,6
"HydroRipVeg",16350,380,2.32,"daimiel",3,6
"MedSclF",623,498,79.94,"daimiel",3,6
"Reforestation",25,4,16,"daimiel",3,6
"RipF",1501,166,11.06,"daimiel",3,6
"WaterSurf",8869,0,0,"daimiel",3,6
"ArtSurf",247,2,0.81,"daimiel",3,7
"Crop",2273,116,5.1,"daimiel",3,7
"Dehesa",2601,116,4.46,"daimiel",3,7
"Grass",8172,453,5.54,"daimiel",3,7
"HaloVeg",2543,572,22.49,"daimiel",3,7
"HydroRipVeg",16350,64,0.39,"daimiel",3,7
"MedSclF",623,80,12.84,"daimiel",3,7
"Reforestation",25,2,8,"daimiel",3,7
"RipF",1501,90,6,"daimiel",3,7
"WaterSurf",8869,0,0,"daimiel",3,7
"ArtSurf",247,0,0,"daimiel",3,8
"Crop",2273,0,0,"daimiel",3,8
"Dehesa",2601,0,0,"daimiel",3,8
"Grass",8172,0,0,"daimiel",3,8
"HaloVeg",2543,0,0,"daimiel",3,8
"HydroRipVeg",16350,0,0,"daimiel",3,8
"MedSclF",623,0,0,"daimiel",3,8
"Reforestation",25,0,0,"daimiel",3,8
"RipF",1501,0,0,"daimiel",3,8
"WaterSurf",8869,0,0,"daimiel",3,8
"ArtSurf",247,0,0,"daimiel",3,9
"Crop",2273,0,0,"daimiel",3,9
"Dehesa",2601,0,0,"daimiel",3,9
"Grass",8172,0,0,"daimiel",3,9
"HaloVeg",2543,0,0,"daimiel",3,9
"HydroRipVeg",16350,0,0,"daimiel",3,9
"MedSclF",623,0,0,"daimiel",3,9
"Reforestation",25,0,0,"daimiel",3,9
"RipF",1501,0,0,"daimiel",3,9
"WaterSurf",8869,0,0,"daimiel",3,9
"ArtSurf",247,0,0,"daimiel",3,10
"Crop",2273,0,0,"daimiel",3,10
"Dehesa",2601,0,0,"daimiel",3,10
"Grass",8172,0,0,"daimiel",3,10
"HaloVeg",2543,0,0,"daimiel",3,10
"HydroRipVeg",16350,0,0,"daimiel",3,10
"MedSclF",623,0,0,"daimiel",3,10
"Reforestation",25,0,0,"daimiel",3,10
"RipF",1501,0,0,"daimiel",3,10
"WaterSurf",8869,0,0,"daimiel",3,10
"ArtSurf",247,63,25.51,"daimiel",3,11
"Crop",2273,817,35.94,"daimiel",3,11
"Dehesa",2601,1465,56.32,"daimiel",3,11
"Grass",8172,1891,23.14,"daimiel",3,11
"HaloVeg",2543,986,38.77,"daimiel",3,11
"HydroRipVeg",16350,575,3.52,"daimiel",3,11
"MedSclF",623,119,19.1,"daimiel",3,11
"Reforestation",25,18,72,"daimiel",3,11
"RipF",1501,225,14.99,"daimiel",3,11
"WaterSurf",8869,791,8.92,"daimiel",3,11
"ArtSurf",247,0,0,"daimiel",3,12
"Crop",2273,0,0,"daimiel",3,12
"Dehesa",2601,0,0,"daimiel",3,12
"Grass",8172,0,0,"daimiel",3,12
"HaloVeg",2543,0,0,"daimiel",3,12
"HydroRipVeg",16350,0,0,"daimiel",3,12
"MedSclF",623,0,0,"daimiel",3,12
"Reforestation",25,0,0,"daimiel",3,12
"RipF",1501,0,0,"daimiel",3,12
"WaterSurf",8869,0,0,"daimiel",3,12
"ArtSurf",247,0,0,"daimiel",6,1
"Crop",2273,0,0,"daimiel",6,1
"Dehesa",2601,0,0,"daimiel",6,1
"Grass",8172,4,0.05,"daimiel",6,1
"HaloVeg",2543,1,0.04,"daimiel",6,1
"HydroRipVeg",16350,5,0.03,"daimiel",6,1
"MedSclF",623,0,0,"daimiel",6,1
"Reforestation",25,0,0,"daimiel",6,1
"RipF",1501,0,0,"daimiel",6,1
"WaterSurf",8869,0,0,"daimiel",6,1
"ArtSurf",247,10,4.05,"daimiel",6,2
"Crop",2273,30,1.32,"daimiel",6,2
"Dehesa",2601,21,0.81,"daimiel",6,2
"Grass",8172,198,2.42,"daimiel",6,2
"HaloVeg",2543,237,9.32,"daimiel",6,2
"HydroRipVeg",16350,380,2.32,"daimiel",6,2
"MedSclF",623,27,4.33,"daimiel",6,2
"Reforestation",25,7,28,"daimiel",6,2
"RipF",1501,109,7.26,"daimiel",6,2
"WaterSurf",8869,22,0.25,"daimiel",6,2
"ArtSurf",247,35,14.17,"daimiel",6,3
"Crop",2273,62,2.73,"daimiel",6,3
"Dehesa",2601,329,12.65,"daimiel",6,3
"Grass",8172,419,5.13,"daimiel",6,3
"HaloVeg",2543,780,30.67,"daimiel",6,3
"HydroRipVeg",16350,1023,6.26,"daimiel",6,3
"MedSclF",623,121,19.42,"daimiel",6,3
"Reforestation",25,15,60,"daimiel",6,3
"RipF",1501,296,19.72,"daimiel",6,3
"WaterSurf",8869,17,0.19,"daimiel",6,3
"ArtSurf",247,73,29.55,"daimiel",6,4
"Crop",2273,158,6.95,"daimiel",6,4
"Dehesa",2601,566,21.76,"daimiel",6,4
"Grass",8172,768,9.4,"daimiel",6,4
"HaloVeg",2543,1633,64.22,"daimiel",6,4
"HydroRipVeg",16350,2165,13.24,"daimiel",6,4
"MedSclF",623,311,49.92,"daimiel",6,4
"Reforestation",25,20,80,"daimiel",6,4
"RipF",1501,611,40.71,"daimiel",6,4
"WaterSurf",8869,89,1,"daimiel",6,4
"ArtSurf",247,93,37.65,"daimiel",6,5
"Crop",2273,211,9.28,"daimiel",6,5
"Dehesa",2601,790,30.37,"daimiel",6,5
"Grass",8172,1401,17.14,"daimiel",6,5
"HaloVeg",2543,2122,83.44,"daimiel",6,5
"HydroRipVeg",16350,2595,15.87,"daimiel",6,5
"MedSclF",623,507,81.38,"daimiel",6,5
"Reforestation",25,22,88,"daimiel",6,5
"RipF",1501,801,53.36,"daimiel",6,5
"WaterSurf",8869,44,0.5,"daimiel",6,5
"ArtSurf",247,53,21.46,"daimiel",6,6
"Crop",2273,202,8.89,"daimiel",6,6
"Dehesa",2601,555,21.34,"daimiel",6,6
"Grass",8172,1722,21.07,"daimiel",6,6
"HaloVeg",2543,1931,75.93,"daimiel",6,6
"HydroRipVeg",16350,1814,11.09,"daimiel",6,6
"MedSclF",623,535,85.87,"daimiel",6,6
"Reforestation",25,20,80,"daimiel",6,6
"RipF",1501,533,35.51,"daimiel",6,6
"WaterSurf",8869,37,0.42,"daimiel",6,6
"ArtSurf",247,32,12.96,"daimiel",6,7
"Crop",2273,439,19.31,"daimiel",6,7
"Dehesa",2601,503,19.34,"daimiel",6,7
"Grass",8172,2086,25.53,"daimiel",6,7
"HaloVeg",2543,1735,68.23,"daimiel",6,7
"HydroRipVeg",16350,1684,10.3,"daimiel",6,7
"MedSclF",623,501,80.42,"daimiel",6,7
"Reforestation",25,10,40,"daimiel",6,7
"RipF",1501,444,29.58,"daimiel",6,7
"WaterSurf",8869,7,0.08,"daimiel",6,7
"ArtSurf",247,10,4.05,"daimiel",6,8
"Crop",2273,395,17.38,"daimiel",6,8
"Dehesa",2601,297,11.42,"daimiel",6,8
"Grass",8172,670,8.2,"daimiel",6,8
"HaloVeg",2543,689,27.09,"daimiel",6,8
"HydroRipVeg",16350,304,1.86,"daimiel",6,8
"MedSclF",623,98,15.73,"daimiel",6,8
"Reforestation",25,4,16,"daimiel",6,8
"RipF",1501,87,5.8,"daimiel",6,8
"WaterSurf",8869,0,0,"daimiel",6,8
"ArtSurf",247,0,0,"daimiel",6,9
"Crop",2273,2,0.09,"daimiel",6,9
"Dehesa",2601,25,0.96,"daimiel",6,9
"Grass",8172,12,0.15,"daimiel",6,9
"HaloVeg",2543,76,2.99,"daimiel",6,9
"HydroRipVeg",16350,1,0.01,"daimiel",6,9
"MedSclF",623,9,1.44,"daimiel",6,9
"Reforestation",25,0,0,"daimiel",6,9
"RipF",1501,11,0.73,"daimiel",6,9
"WaterSurf",8869,0,0,"daimiel",6,9
"ArtSurf",247,0,0,"daimiel",6,10
"Crop",2273,0,0,"daimiel",6,10
"Dehesa",2601,0,0,"daimiel",6,10
"Grass",8172,0,0,"daimiel",6,10
"HaloVeg",2543,0,0,"daimiel",6,10
"HydroRipVeg",16350,0,0,"daimiel",6,10
"MedSclF",623,0,0,"daimiel",6,10
"Reforestation",25,0,0,"daimiel",6,10
"RipF",1501,0,0,"daimiel",6,10
"WaterSurf",8869,0,0,"daimiel",6,10
"ArtSurf",247,21,8.5,"daimiel",6,11
"Crop",2273,225,9.9,"daimiel",6,11
"Dehesa",2601,500,19.22,"daimiel",6,11
"Grass",8172,735,8.99,"daimiel",6,11
"HaloVeg",2543,368,14.47,"daimiel",6,11
"HydroRipVeg",16350,188,1.15,"daimiel",6,11
"MedSclF",623,25,4.01,"daimiel",6,11
"Reforestation",25,9,36,"daimiel",6,11
"RipF",1501,86,5.73,"daimiel",6,11
"WaterSurf",8869,28,0.32,"daimiel",6,11
"ArtSurf",247,0,0,"daimiel",6,12
"Crop",2273,0,0,"daimiel",6,12
"Dehesa",2601,0,0,"daimiel",6,12
"Grass",8172,0,0,"daimiel",6,12
"HaloVeg",2543,0,0,"daimiel",6,12
"HydroRipVeg",16350,0,0,"daimiel",6,12
"MedSclF",623,0,0,"daimiel",6,12
"Reforestation",25,0,0,"daimiel",6,12
"RipF",1501,0,0,"daimiel",6,12
"WaterSurf",8869,0,0,"daimiel",6,12
"ArtSurf",247,0,0,"daimiel",9,1
"Crop",2273,0,0,"daimiel",9,1
"Dehesa",2601,0,0,"daimiel",9,1
"Grass",8172,0,0,"daimiel",9,1
"HaloVeg",2543,0,0,"daimiel",9,1
"HydroRipVeg",16350,0,0,"daimiel",9,1
"MedSclF",623,0,0,"daimiel",9,1
"Reforestation",25,0,0,"daimiel",9,1
"RipF",1501,0,0,"daimiel",9,1
"WaterSurf",8869,0,0,"daimiel",9,1
"ArtSurf",247,1,0.4,"daimiel",9,2
"Crop",2273,1,0.04,"daimiel",9,2
"Dehesa",2601,0,0,"daimiel",9,2
"Grass",8172,30,0.37,"daimiel",9,2
"HaloVeg",2543,49,1.93,"daimiel",9,2
"HydroRipVeg",16350,81,0.5,"daimiel",9,2
"MedSclF",623,1,0.16,"daimiel",9,2
"Reforestation",25,3,12,"daimiel",9,2
"RipF",1501,15,1,"daimiel",9,2
"WaterSurf",8869,3,0.03,"daimiel",9,2
"ArtSurf",247,55,22.27,"daimiel",9,3
"Crop",2273,134,5.9,"daimiel",9,3
"Dehesa",2601,517,19.88,"daimiel",9,3
"Grass",8172,617,7.55,"daimiel",9,3
"HaloVeg",2543,1162,45.69,"daimiel",9,3
"HydroRipVeg",16350,1722,10.53,"daimiel",9,3
"MedSclF",623,179,28.73,"daimiel",9,3
"Reforestation",25,20,80,"daimiel",9,3
"RipF",1501,464,30.91,"daimiel",9,3
"WaterSurf",8869,78,0.88,"daimiel",9,3
"ArtSurf",247,99,40.08,"daimiel",9,4
"Crop",2273,173,7.61,"daimiel",9,4
"Dehesa",2601,829,31.87,"daimiel",9,4
"Grass",8172,1254,15.35,"daimiel",9,4
"HaloVeg",2543,1961,77.11,"daimiel",9,4
"HydroRipVeg",16350,2552,15.61,"daimiel",9,4
"MedSclF",623,329,52.81,"daimiel",9,4
"Reforestation",25,22,88,"daimiel",9,4
"RipF",1501,767,51.1,"daimiel",9,4
"WaterSurf",8869,90,1.01,"daimiel",9,4
"ArtSurf",247,129,52.23,"daimiel",9,5
"Crop",2273,232,10.21,"daimiel",9,5
"Dehesa",2601,1663,63.94,"daimiel",9,5
"Grass",8172,1984,24.28,"daimiel",9,5
"HaloVeg",2543,2259,88.83,"daimiel",9,5
"HydroRipVeg",16350,3275,20.03,"daimiel",9,5
"MedSclF",623,534,85.71,"daimiel",9,5
"Reforestation",25,22,88,"daimiel",9,5
"RipF",1501,967,64.42,"daimiel",9,5
"WaterSurf",8869,78,0.88,"daimiel",9,5
"ArtSurf",247,89,36.03,"daimiel",9,6
"Crop",2273,237,10.43,"daimiel",9,6
"Dehesa",2601,493,18.95,"daimiel",9,6
"Grass",8172,1652,20.22,"daimiel",9,6
"HaloVeg",2543,2146,84.39,"daimiel",9,6
"HydroRipVeg",16350,2974,18.19,"daimiel",9,6
"MedSclF",623,536,86.04,"daimiel",9,6
"Reforestation",25,13,52,"daimiel",9,6
"RipF",1501,719,47.9,"daimiel",9,6
"WaterSurf",8869,43,0.48,"daimiel",9,6
"ArtSurf",247,75,30.36,"daimiel",9,7
"Crop",2273,663,29.17,"daimiel",9,7
"Dehesa",2601,775,29.8,"daimiel",9,7
"Grass",8172,2570,31.45,"daimiel",9,7
"HaloVeg",2543,2384,93.75,"daimiel",9,7
"HydroRipVeg",16350,4296,26.28,"daimiel",9,7
"MedSclF",623,582,93.42,"daimiel",9,7
"Reforestation",25,18,72,"daimiel",9,7
"RipF",1501,796,53.03,"daimiel",9,7
"WaterSurf",8869,75,0.85,"daimiel",9,7
"ArtSurf",247,35,14.17,"daimiel",9,8
"Crop",2273,433,19.05,"daimiel",9,8
"Dehesa",2601,184,7.07,"daimiel",9,8
"Grass",8172,919,11.25,"daimiel",9,8
"HaloVeg",2543,1606,63.15,"daimiel",9,8
"HydroRipVeg",16350,2657,16.25,"daimiel",9,8
"MedSclF",623,216,34.67,"daimiel",9,8
"Reforestation",25,3,12,"daimiel",9,8
"RipF",1501,364,24.25,"daimiel",9,8
"WaterSurf",8869,36,0.41,"daimiel",9,8
"ArtSurf",247,34,13.77,"daimiel",9,9
"Crop",2273,113,4.97,"daimiel",9,9
"Dehesa",2601,211,8.11,"daimiel",9,9
"Grass",8172,741,9.07,"daimiel",9,9
"HaloVeg",2543,1272,50.02,"daimiel",9,9
"HydroRipVeg",16350,2596,15.88,"daimiel",9,9
"MedSclF",623,313,50.24,"daimiel",9,9
"Reforestation",25,0,0,"daimiel",9,9
"RipF",1501,387,25.78,"daimiel",9,9
"WaterSurf",8869,72,0.81,"daimiel",9,9
"ArtSurf",247,0,0,"daimiel",9,10
"Crop",2273,0,0,"daimiel",9,10
"Dehesa",2601,0,0,"daimiel",9,10
"Grass",8172,0,0,"daimiel",9,10
"HaloVeg",2543,0,0,"daimiel",9,10
"HydroRipVeg",16350,0,0,"daimiel",9,10
"MedSclF",623,0,0,"daimiel",9,10
"Reforestation",25,0,0,"daimiel",9,10
"RipF",1501,0,0,"daimiel",9,10
"WaterSurf",8869,0,0,"daimiel",9,10
"ArtSurf",247,0,0,"daimiel",9,11
"Crop",2273,0,0,"daimiel",9,11
"Dehesa",2601,0,0,"daimiel",9,11
"Grass",8172,0,0,"daimiel",9,11
"HaloVeg",2543,0,0,"daimiel",9,11
"HydroRipVeg",16350,0,0,"daimiel",9,11
"MedSclF",623,0,0,"daimiel",9,11
"Reforestation",25,0,0,"daimiel",9,11
"RipF",1501,1,0.07,"daimiel",9,11
"WaterSurf",8869,0,0,"daimiel",9,11
"ArtSurf",247,0,0,"daimiel",9,12
"Crop",2273,0,0,"daimiel",9,12
"Dehesa",2601,0,0,"daimiel",9,12
"Grass",8172,0,0,"daimiel",9,12
"HaloVeg",2543,0,0,"daimiel",9,12
"HydroRipVeg",16350,0,0,"daimiel",9,12
"MedSclF",623,0,0,"daimiel",9,12
"Reforestation",25,0,0,"daimiel",9,12
"RipF",1501,0,0,"daimiel",9,12
"WaterSurf",8869,0,0,"daimiel",9,12
"ArtSurf",247,0,0,"daimiel",12,1
"Crop",2273,0,0,"daimiel",12,1
"Dehesa",2601,0,0,"daimiel",12,1
"Grass",8172,0,0,"daimiel",12,1
"HaloVeg",2543,0,0,"daimiel",12,1
"HydroRipVeg",16350,0,0,"daimiel",12,1
"MedSclF",623,0,0,"daimiel",12,1
"Reforestation",25,0,0,"daimiel",12,1
"RipF",1501,0,0,"daimiel",12,1
"WaterSurf",8869,0,0,"daimiel",12,1
"ArtSurf",247,0,0,"daimiel",12,2
"Crop",2273,0,0,"daimiel",12,2
"Dehesa",2601,0,0,"daimiel",12,2
"Grass",8172,0,0,"daimiel",12,2
"HaloVeg",2543,0,0,"daimiel",12,2
"HydroRipVeg",16350,0,0,"daimiel",12,2
"MedSclF",623,0,0,"daimiel",12,2
"Reforestation",25,0,0,"daimiel",12,2
"RipF",1501,0,0,"daimiel",12,2
"WaterSurf",8869,0,0,"daimiel",12,2
"ArtSurf",247,7,2.83,"daimiel",12,3
"Crop",2273,8,0.35,"daimiel",12,3
"Dehesa",2601,7,0.27,"daimiel",12,3
"Grass",8172,132,1.62,"daimiel",12,3
"HaloVeg",2543,236,9.28,"daimiel",12,3
"HydroRipVeg",16350,458,2.8,"daimiel",12,3
"MedSclF",623,12,1.93,"daimiel",12,3
"Reforestation",25,7,28,"daimiel",12,3
"RipF",1501,53,3.53,"daimiel",12,3
"WaterSurf",8869,24,0.27,"daimiel",12,3
"ArtSurf",247,4,1.62,"daimiel",12,4
"Crop",2273,8,0.35,"daimiel",12,4
"Dehesa",2601,34,1.31,"daimiel",12,4
"Grass",8172,184,2.25,"daimiel",12,4
"HaloVeg",2543,463,18.21,"daimiel",12,4
"HydroRipVeg",16350,401,2.45,"daimiel",12,4
"MedSclF",623,9,1.44,"daimiel",12,4
"Reforestation",25,1,4,"daimiel",12,4
"RipF",1501,135,8.99,"daimiel",12,4
"WaterSurf",8869,14,0.16,"daimiel",12,4
"ArtSurf",247,110,44.53,"daimiel",12,5
"Crop",2273,222,9.77,"daimiel",12,5
"Dehesa",2601,1415,54.4,"daimiel",12,5
"Grass",8172,1871,22.9,"daimiel",12,5
"HaloVeg",2543,2217,87.18,"daimiel",12,5
"HydroRipVeg",16350,2889,17.67,"daimiel",12,5
"MedSclF",623,521,83.63,"daimiel",12,5
"Reforestation",25,22,88,"daimiel",12,5
"RipF",1501,832,55.43,"daimiel",12,5
"WaterSurf",8869,32,0.36,"daimiel",12,5
"ArtSurf",247,88,35.63,"daimiel",12,6
"Crop",2273,220,9.68,"daimiel",12,6
"Dehesa",2601,451,17.34,"daimiel",12,6
"Grass",8172,1556,19.04,"daimiel",12,6
"HaloVeg",2543,2113,83.09,"daimiel",12,6
"HydroRipVeg",16350,2977,18.21,"daimiel",12,6
"MedSclF",623,536,86.04,"daimiel",12,6
"Reforestation",25,11,44,"daimiel",12,6
"RipF",1501,721,48.03,"daimiel",12,6
"WaterSurf",8869,41,0.46,"daimiel",12,6
"ArtSurf",247,48,19.43,"daimiel",12,7
"Crop",2273,394,17.33,"daimiel",12,7
"Dehesa",2601,404,15.53,"daimiel",12,7
"Grass",8172,1482,18.14,"daimiel",12,7
"HaloVeg",2543,2078,81.71,"daimiel",12,7
"HydroRipVeg",16350,3086,18.87,"daimiel",12,7
"MedSclF",623,515,82.66,"daimiel",12,7
"Reforestation",25,6,24,"daimiel",12,7
"RipF",1501,637,42.44,"daimiel",12,7
"WaterSurf",8869,34,0.38,"daimiel",12,7
"ArtSurf",247,38,15.38,"daimiel",12,8
"Crop",2273,396,17.42,"daimiel",12,8
"Dehesa",2601,192,7.38,"daimiel",12,8
"Grass",8172,1005,12.3,"daimiel",12,8
"HaloVeg",2543,1711,67.28,"daimiel",12,8
"HydroRipVeg",16350,2724,16.66,"daimiel",12,8
"MedSclF",623,268,43.02,"daimiel",12,8
"Reforestation",25,4,16,"daimiel",12,8
"RipF",1501,397,26.45,"daimiel",12,8
"WaterSurf",8869,40,0.45,"daimiel",12,8
"ArtSurf",247,45,18.22,"daimiel",12,9
"Crop",2273,251,11.04,"daimiel",12,9
"Dehesa",2601,197,7.57,"daimiel",12,9
"Grass",8172,940,11.5,"daimiel",12,9
"HaloVeg",2543,1874,73.69,"daimiel",12,9
"HydroRipVeg",16350,5256,32.15,"daimiel",12,9
"MedSclF",623,379,60.83,"daimiel",12,9
"Reforestation",25,1,4,"daimiel",12,9
"RipF",1501,635,42.31,"daimiel",12,9
"WaterSurf",8869,179,2.02,"daimiel",12,9
"ArtSurf",247,96,38.87,"daimiel",12,10
"Crop",2273,193,8.49,"daimiel",12,10
"Dehesa",2601,61,2.35,"daimiel",12,10
"Grass",8172,967,11.83,"daimiel",12,10
"HaloVeg",2543,1779,69.96,"daimiel",12,10
"HydroRipVeg",16350,11745,71.83,"daimiel",12,10
"MedSclF",623,353,56.66,"daimiel",12,10
"Reforestation",25,13,52,"daimiel",12,10
"RipF",1501,1103,73.48,"daimiel",12,10
"WaterSurf",8869,1441,16.25,"daimiel",12,10
"ArtSurf",247,49,19.84,"daimiel",12,11
"Crop",2273,181,7.96,"daimiel",12,11
"Dehesa",2601,474,18.22,"daimiel",12,11
"Grass",8172,888,10.87,"daimiel",12,11
"HaloVeg",2543,1040,40.9,"daimiel",12,11
"HydroRipVeg",16350,2214,13.54,"daimiel",12,11
"MedSclF",623,250,40.13,"daimiel",12,11
"Reforestation",25,17,68,"daimiel",12,11
"RipF",1501,304,20.25,"daimiel",12,11
"WaterSurf",8869,311,3.51,"daimiel",12,11
"ArtSurf",247,0,0,"daimiel",12,12
"Crop",2273,0,0,"daimiel",12,12
"Dehesa",2601,0,0,"daimiel",12,12
"Grass",8172,0,0,"daimiel",12,12
"HaloVeg",2543,0,0,"daimiel",12,12
"HydroRipVeg",16350,0,0,"daimiel",12,12
"MedSclF",623,0,0,"daimiel",12,12
"Reforestation",25,0,0,"daimiel",12,12
"RipF",1501,0,0,"daimiel",12,12
"WaterSurf",8869,0,0,"daimiel",12,12
"ArtSurf",12613,0,0,"donana",1,1
"BareArea",6426,0,0,"donana",1,1
"DuneSand",52133,0,0,"donana",1,1
"Grass",23898,0,0,"donana",1,1
"HydroRipVeg",39646,0,0,"donana",1,1
"MedConF",76259,0,0,"donana",1,1
"MedSclF",6483,0,0,"donana",1,1
"MedScrub",129201,0,0,"donana",1,1
"Reforestation",2747,0,0,"donana",1,1
"RipF",418,0,0,"donana",1,1
"SaltMar",344960,0,0,"donana",1,1
"Shrub",6017,0,0,"donana",1,1
"WaterSurf",41748,0,0,"donana",1,1
"ArtSurf",12613,0,0,"donana",1,2
"BareArea",6426,0,0,"donana",1,2
"DuneSand",52133,0,0,"donana",1,2
"Grass",23898,0,0,"donana",1,2
"HydroRipVeg",39646,0,0,"donana",1,2
"MedConF",76259,0,0,"donana",1,2
"MedSclF",6483,0,0,"donana",1,2
"MedScrub",129201,0,0,"donana",1,2
"Reforestation",2747,0,0,"donana",1,2
"RipF",418,0,0,"donana",1,2
"SaltMar",344960,0,0,"donana",1,2
"Shrub",6017,0,0,"donana",1,2
"WaterSurf",41748,0,0,"donana",1,2
"ArtSurf",12613,0,0,"donana",1,3
"BareArea",6426,0,0,"donana",1,3
"DuneSand",52133,0,0,"donana",1,3
"Grass",23898,0,0,"donana",1,3
"HydroRipVeg",39646,0,0,"donana",1,3
"MedConF",76259,0,0,"donana",1,3
"MedSclF",6483,0,0,"donana",1,3
"MedScrub",129201,0,0,"donana",1,3
"Reforestation",2747,0,0,"donana",1,3
"RipF",418,0,0,"donana",1,3
"SaltMar",344960,0,0,"donana",1,3
"Shrub",6017,0,0,"donana",1,3
"WaterSurf",41748,0,0,"donana",1,3
"ArtSurf",12613,0,0,"donana",1,4
"BareArea",6426,0,0,"donana",1,4
"DuneSand",52133,0,0,"donana",1,4
"Grass",23898,0,0,"donana",1,4
"HydroRipVeg",39646,0,0,"donana",1,4
"MedConF",76259,0,0,"donana",1,4
"MedSclF",6483,0,0,"donana",1,4
"MedScrub",129201,0,0,"donana",1,4
"Reforestation",2747,0,0,"donana",1,4
"RipF",418,0,0,"donana",1,4
"SaltMar",344960,0,0,"donana",1,4
"Shrub",6017,0,0,"donana",1,4
"WaterSurf",41748,0,0,"donana",1,4
"ArtSurf",12613,0,0,"donana",1,5
"BareArea",6426,0,0,"donana",1,5
"DuneSand",52133,0,0,"donana",1,5
"Grass",23898,0,0,"donana",1,5
"HydroRipVeg",39646,0,0,"donana",1,5
"MedConF",76259,0,0,"donana",1,5
"MedSclF",6483,0,0,"donana",1,5
"MedScrub",129201,0,0,"donana",1,5
"Reforestation",2747,0,0,"donana",1,5
"RipF",418,0,0,"donana",1,5
"SaltMar",344960,0,0,"donana",1,5
"Shrub",6017,0,0,"donana",1,5
"WaterSurf",41748,0,0,"donana",1,5
"ArtSurf",12613,0,0,"donana",1,6
"BareArea",6426,0,0,"donana",1,6
"DuneSand",52133,0,0,"donana",1,6
"Grass",23898,0,0,"donana",1,6
"HydroRipVeg",39646,0,0,"donana",1,6
"MedConF",76259,0,0,"donana",1,6
"MedSclF",6483,0,0,"donana",1,6
"MedScrub",129201,0,0,"donana",1,6
"Reforestation",2747,0,0,"donana",1,6
"RipF",418,0,0,"donana",1,6
"SaltMar",344960,0,0,"donana",1,6
"Shrub",6017,0,0,"donana",1,6
"WaterSurf",41748,0,0,"donana",1,6
"ArtSurf",12613,0,0,"donana",1,7
"BareArea",6426,0,0,"donana",1,7
"DuneSand",52133,0,0,"donana",1,7
"Grass",23898,0,0,"donana",1,7
"HydroRipVeg",39646,0,0,"donana",1,7
"MedConF",76259,0,0,"donana",1,7
"MedSclF",6483,0,0,"donana",1,7
"MedScrub",129201,0,0,"donana",1,7
"Reforestation",2747,0,0,"donana",1,7
"RipF",418,0,0,"donana",1,7
"SaltMar",344960,0,0,"donana",1,7
"Shrub",6017,0,0,"donana",1,7
"WaterSurf",41748,0,0,"donana",1,7
"ArtSurf",12613,0,0,"donana",1,8
"BareArea",6426,0,0,"donana",1,8
"DuneSand",52133,0,0,"donana",1,8
"Grass",23898,0,0,"donana",1,8
"HydroRipVeg",39646,0,0,"donana",1,8
"MedConF",76259,0,0,"donana",1,8
"MedSclF",6483,0,0,"donana",1,8
"MedScrub",129201,0,0,"donana",1,8
"Reforestation",2747,0,0,"donana",1,8
"RipF",418,0,0,"donana",1,8
"SaltMar",344960,0,0,"donana",1,8
"Shrub",6017,0,0,"donana",1,8
"WaterSurf",41748,0,0,"donana",1,8
"ArtSurf",12613,0,0,"donana",1,9
"BareArea",6426,0,0,"donana",1,9
"DuneSand",52133,0,0,"donana",1,9
"Grass",23898,0,0,"donana",1,9
"HydroRipVeg",39646,0,0,"donana",1,9
"MedConF",76259,0,0,"donana",1,9
"MedSclF",6483,0,0,"donana",1,9
"MedScrub",129201,0,0,"donana",1,9
"Reforestation",2747,0,0,"donana",1,9
"RipF",418,0,0,"donana",1,9
"SaltMar",344960,0,0,"donana",1,9
"Shrub",6017,0,0,"donana",1,9
"WaterSurf",41748,0,0,"donana",1,9
"ArtSurf",12613,0,0,"donana",1,10
"BareArea",6426,0,0,"donana",1,10
"DuneSand",52133,0,0,"donana",1,10
"Grass",23898,0,0,"donana",1,10
"HydroRipVeg",39646,0,0,"donana",1,10
"MedConF",76259,0,0,"donana",1,10
"MedSclF",6483,0,0,"donana",1,10
"MedScrub",129201,0,0,"donana",1,10
"Reforestation",2747,0,0,"donana",1,10
"RipF",418,0,0,"donana",1,10
"SaltMar",344960,0,0,"donana",1,10
"Shrub",6017,0,0,"donana",1,10
"WaterSurf",41748,0,0,"donana",1,10
"ArtSurf",12613,0,0,"donana",1,11
"BareArea",6426,0,0,"donana",1,11
"DuneSand",52133,0,0,"donana",1,11
"Grass",23898,0,0,"donana",1,11
"HydroRipVeg",39646,0,0,"donana",1,11
"MedConF",76259,0,0,"donana",1,11
"MedSclF",6483,0,0,"donana",1,11
"MedScrub",129201,0,0,"donana",1,11
"Reforestation",2747,0,0,"donana",1,11
"RipF",418,0,0,"donana",1,11
"SaltMar",344960,0,0,"donana",1,11
"Shrub",6017,0,0,"donana",1,11
"WaterSurf",41748,0,0,"donana",1,11
"ArtSurf",12613,238,1.89,"donana",1,12
"BareArea",6426,116,1.81,"donana",1,12
"DuneSand",52133,462,0.89,"donana",1,12
"Grass",23898,38,0.16,"donana",1,12
"HydroRipVeg",39646,313,0.79,"donana",1,12
"MedConF",76259,460,0.6,"donana",1,12
"MedSclF",6483,22,0.34,"donana",1,12
"MedScrub",129201,1171,0.91,"donana",1,12
"Reforestation",2747,3,0.11,"donana",1,12
"RipF",418,1,0.24,"donana",1,12
"SaltMar",344960,93,0.03,"donana",1,12
"Shrub",6017,19,0.32,"donana",1,12
"WaterSurf",41748,23,0.06,"donana",1,12
"ArtSurf",12613,2085,16.53,"donana",3,1
"BareArea",6426,18,0.28,"donana",3,1
"DuneSand",52133,1949,3.74,"donana",3,1
"Grass",23898,3096,12.96,"donana",3,1
"HydroRipVeg",39646,7754,19.56,"donana",3,1
"MedConF",76259,10118,13.27,"donana",3,1
"MedSclF",6483,1402,21.63,"donana",3,1
"MedScrub",129201,30362,23.5,"donana",3,1
"Reforestation",2747,305,11.1,"donana",3,1
"RipF",418,28,6.7,"donana",3,1
"SaltMar",344960,2436,0.71,"donana",3,1
"Shrub",6017,1500,24.93,"donana",3,1
"WaterSurf",41748,205,0.49,"donana",3,1
"ArtSurf",12613,2055,16.29,"donana",3,2
"BareArea",6426,26,0.4,"donana",3,2
"DuneSand",52133,2406,4.62,"donana",3,2
"Grass",23898,2254,9.43,"donana",3,2
"HydroRipVeg",39646,4689,11.83,"donana",3,2
"MedConF",76259,3684,4.83,"donana",3,2
"MedSclF",6483,1087,16.77,"donana",3,2
"MedScrub",129201,28623,22.15,"donana",3,2
"Reforestation",2747,685,24.94,"donana",3,2
"RipF",418,14,3.35,"donana",3,2
"SaltMar",344960,1950,0.57,"donana",3,2
"Shrub",6017,1043,17.33,"donana",3,2
"WaterSurf",41748,207,0.5,"donana",3,2
"ArtSurf",12613,169,1.34,"donana",3,3
"BareArea",6426,0,0,"donana",3,3
"DuneSand",52133,34,0.07,"donana",3,3
"Grass",23898,596,2.49,"donana",3,3
"HydroRipVeg",39646,159,0.4,"donana",3,3
"MedConF",76259,70,0.09,"donana",3,3
"MedSclF",6483,237,3.66,"donana",3,3
"MedScrub",129201,3065,2.37,"donana",3,3
"Reforestation",2747,65,2.37,"donana",3,3
"RipF",418,0,0,"donana",3,3
"SaltMar",344960,239,0.07,"donana",3,3
"Shrub",6017,114,1.89,"donana",3,3
"WaterSurf",41748,8,0.02,"donana",3,3
"ArtSurf",12613,5629,44.63,"donana",3,4
"BareArea",6426,308,4.79,"donana",3,4
"DuneSand",52133,1592,3.05,"donana",3,4
"Grass",23898,17347,72.59,"donana",3,4
"HydroRipVeg",39646,10772,27.17,"donana",3,4
"MedConF",76259,17379,22.79,"donana",3,4
"MedSclF",6483,4205,64.86,"donana",3,4
"MedScrub",129201,52950,40.98,"donana",3,4
"Reforestation",2747,1690,61.52,"donana",3,4
"RipF",418,236,56.46,"donana",3,4
"SaltMar",344960,89766,26.02,"donana",3,4
"Shrub",6017,3463,57.55,"donana",3,4
"WaterSurf",41748,380,0.91,"donana",3,4
"ArtSurf",12613,5286,41.91,"donana",3,5
"BareArea",6426,453,7.05,"donana",3,5
"DuneSand",52133,1357,2.6,"donana",3,5
"Grass",23898,18530,77.54,"donana",3,5
"HydroRipVeg",39646,15380,38.79,"donana",3,5
"MedConF",76259,24948,32.71,"donana",3,5
"MedSclF",6483,5262,81.17,"donana",3,5
"MedScrub",129201,66071,51.14,"donana",3,5
"Reforestation",2747,1456,53,"donana",3,5
"RipF",418,253,60.53,"donana",3,5
"SaltMar",344960,112854,32.72,"donana",3,5
"Shrub",6017,4770,79.28,"donana",3,5
"WaterSurf",41748,538,1.29,"donana",3,5
"ArtSurf",12613,1432,11.35,"donana",3,6
"BareArea",6426,565,8.79,"donana",3,6
"DuneSand",52133,1324,2.54,"donana",3,6
"Grass",23898,9809,41.05,"donana",3,6
"HydroRipVeg",39646,13618,34.35,"donana",3,6
"MedConF",76259,2865,3.76,"donana",3,6
"MedSclF",6483,2343,36.14,"donana",3,6
"MedScrub",129201,25717,19.9,"donana",3,6
"Reforestation",2747,314,11.43,"donana",3,6
"RipF",418,88,21.05,"donana",3,6
"SaltMar",344960,17876,5.18,"donana",3,6
"Shrub",6017,2006,33.34,"donana",3,6
"WaterSurf",41748,705,1.69,"donana",3,6
"ArtSurf",12613,0,0,"donana",3,7
"BareArea",6426,0,0,"donana",3,7
"DuneSand",52133,0,0,"donana",3,7
"Grass",23898,0,0,"donana",3,7
"HydroRipVeg",39646,0,0,"donana",3,7
"MedConF",76259,0,0,"donana",3,7
"MedSclF",6483,0,0,"donana",3,7
"MedScrub",129201,0,0,"donana",3,7
"Reforestation",2747,0,0,"donana",3,7
"RipF",418,0,0,"donana",3,7
"SaltMar",344960,0,0,"donana",3,7
"Shrub",6017,0,0,"donana",3,7
"WaterSurf",41748,0,0,"donana",3,7
"ArtSurf",12613,0,0,"donana",3,8
"BareArea",6426,0,0,"donana",3,8
"DuneSand",52133,0,0,"donana",3,8
"Grass",23898,0,0,"donana",3,8
"HydroRipVeg",39646,0,0,"donana",3,8
"MedConF",76259,0,0,"donana",3,8
"MedSclF",6483,0,0,"donana",3,8
"MedScrub",129201,0,0,"donana",3,8
"Reforestation",2747,0,0,"donana",3,8
"RipF",418,0,0,"donana",3,8
"SaltMar",344960,0,0,"donana",3,8
"Shrub",6017,0,0,"donana",3,8
"WaterSurf",41748,0,0,"donana",3,8
"ArtSurf",12613,0,0,"donana",3,9
"BareArea",6426,0,0,"donana",3,9
"DuneSand",52133,0,0,"donana",3,9
"Grass",23898,0,0,"donana",3,9
"HydroRipVeg",39646,0,0,"donana",3,9
"MedConF",76259,0,0,"donana",3,9
"MedSclF",6483,0,0,"donana",3,9
"MedScrub",129201,0,0,"donana",3,9
"Reforestation",2747,0,0,"donana",3,9
"RipF",418,0,0,"donana",3,9
"SaltMar",344960,3,0,"donana",3,9
"Shrub",6017,0,0,"donana",3,9
"WaterSurf",41748,0,0,"donana",3,9
"ArtSurf",12613,0,0,"donana",3,10
"BareArea",6426,0,0,"donana",3,10
"DuneSand",52133,0,0,"donana",3,10
"Grass",23898,0,0,"donana",3,10
"HydroRipVeg",39646,0,0,"donana",3,10
"MedConF",76259,0,0,"donana",3,10
"MedSclF",6483,0,0,"donana",3,10
"MedScrub",129201,0,0,"donana",3,10
"Reforestation",2747,0,0,"donana",3,10
"RipF",418,0,0,"donana",3,10
"SaltMar",344960,0,0,"donana",3,10
"Shrub",6017,0,0,"donana",3,10
"WaterSurf",41748,0,0,"donana",3,10
"ArtSurf",12613,133,1.05,"donana",3,11
"BareArea",6426,2,0.03,"donana",3,11
"DuneSand",52133,50,0.1,"donana",3,11
"Grass",23898,2294,9.6,"donana",3,11
"HydroRipVeg",39646,405,1.02,"donana",3,11
"MedConF",76259,30,0.04,"donana",3,11
"MedSclF",6483,262,4.04,"donana",3,11
"MedScrub",129201,349,0.27,"donana",3,11
"Reforestation",2747,12,0.44,"donana",3,11
"RipF",418,28,6.7,"donana",3,11
"SaltMar",344960,4734,1.37,"donana",3,11
"Shrub",6017,119,1.98,"donana",3,11
"WaterSurf",41748,16,0.04,"donana",3,11
"ArtSurf",12613,1309,10.38,"donana",3,12
"BareArea",6426,42,0.65,"donana",3,12
"DuneSand",52133,1061,2.04,"donana",3,12
"Grass",23898,3533,14.78,"donana",3,12
"HydroRipVeg",39646,3488,8.8,"donana",3,12
"MedConF",76259,2191,2.87,"donana",3,12
"MedSclF",6483,1088,16.78,"donana",3,12
"MedScrub",129201,14501,11.22,"donana",3,12
"Reforestation",2747,130,4.73,"donana",3,12
"RipF",418,30,7.18,"donana",3,12
"SaltMar",344960,3055,0.89,"donana",3,12
"Shrub",6017,618,10.27,"donana",3,12
"WaterSurf",41748,82,0.2,"donana",3,12
"ArtSurf",12613,2364,18.74,"donana",6,1
"BareArea",6426,15,0.23,"donana",6,1
"DuneSand",52133,1737,3.33,"donana",6,1
"Grass",23898,5703,23.86,"donana",6,1
"HydroRipVeg",39646,10277,25.92,"donana",6,1
"MedConF",76259,12369,16.22,"donana",6,1
"MedSclF",6483,2602,40.14,"donana",6,1
"MedScrub",129201,43731,33.85,"donana",6,1
"Reforestation",2747,585,21.3,"donana",6,1
"RipF",418,50,11.96,"donana",6,1
"SaltMar",344960,4167,1.21,"donana",6,1
"Shrub",6017,2606,43.31,"donana",6,1
"WaterSurf",41748,268,0.64,"donana",6,1
"ArtSurf",12613,2717,21.54,"donana",6,2
"BareArea",6426,40,0.62,"donana",6,2
"DuneSand",52133,1944,3.73,"donana",6,2
"Grass",23898,6304,26.38,"donana",6,2
"HydroRipVeg",39646,9609,24.24,"donana",6,2
"MedConF",76259,7788,10.21,"donana",6,2
"MedSclF",6483,2532,39.06,"donana",6,2
"MedScrub",129201,45246,35.02,"donana",6,2
"Reforestation",2747,889,32.36,"donana",6,2
"RipF",418,55,13.16,"donana",6,2
"SaltMar",344960,5157,1.49,"donana",6,2
"Shrub",6017,2506,41.65,"donana",6,2
"WaterSurf",41748,292,0.7,"donana",6,2
"ArtSurf",12613,3095,24.54,"donana",6,3
"BareArea",6426,34,0.53,"donana",6,3
"DuneSand",52133,2266,4.35,"donana",6,3
"Grass",23898,6342,26.54,"donana",6,3
"HydroRipVeg",39646,8522,21.5,"donana",6,3
"MedConF",76259,7475,9.8,"donana",6,3
"MedSclF",6483,2146,33.1,"donana",6,3
"MedScrub",129201,51543,39.89,"donana",6,3
"Reforestation",2747,1423,51.8,"donana",6,3
"RipF",418,35,8.37,"donana",6,3
"SaltMar",344960,5385,1.56,"donana",6,3
"Shrub",6017,2064,34.3,"donana",6,3
"WaterSurf",41748,179,0.43,"donana",6,3
"ArtSurf",12613,4394,34.84,"donana",6,4
"BareArea",6426,24,0.37,"donana",6,4
"DuneSand",52133,2663,5.11,"donana",6,4
"Grass",23898,10447,43.71,"donana",6,4
"HydroRipVeg",39646,13139,33.14,"donana",6,4
"MedConF",76259,15996,20.98,"donana",6,4
"MedSclF",6483,3458,53.34,"donana",6,4
"MedScrub",129201,81228,62.87,"donana",6,4
"Reforestation",2747,2163,78.74,"donana",6,4
"RipF",418,138,33.01,"donana",6,4
"SaltMar",344960,11463,3.32,"donana",6,4
"Shrub",6017,3590,59.66,"donana",6,4
"WaterSurf",41748,274,0.66,"donana",6,4
"ArtSurf",12613,5716,45.32,"donana",6,5
"BareArea",6426,252,3.92,"donana",6,5
"DuneSand",52133,5965,11.44,"donana",6,5
"Grass",23898,16720,69.96,"donana",6,5
"HydroRipVeg",39646,23667,59.7,"donana",6,5
"MedConF",76259,51000,66.88,"donana",6,5
"MedSclF",6483,6092,93.97,"donana",6,5
"MedScrub",129201,113239,87.65,"donana",6,5
"Reforestation",2747,2636,95.96,"donana",6,5
"RipF",418,254,60.77,"donana",6,5
"SaltMar",344960,76204,22.09,"donana",6,5
"Shrub",6017,5626,93.5,"donana",6,5
"WaterSurf",41748,570,1.37,"donana",6,5
"ArtSurf",12613,6648,52.71,"donana",6,6
"BareArea",6426,1360,21.16,"donana",6,6
"DuneSand",52133,7300,14,"donana",6,6
"Grass",23898,17349,72.6,"donana",6,6
"HydroRipVeg",39646,30312,76.46,"donana",6,6
"MedConF",76259,26339,34.54,"donana",6,6
"MedSclF",6483,5366,82.77,"donana",6,6
"MedScrub",129201,77849,60.25,"donana",6,6
"Reforestation",2747,1544,56.21,"donana",6,6
"RipF",418,355,84.93,"donana",6,6
"SaltMar",344960,195458,56.66,"donana",6,6
"Shrub",6017,4826,80.21,"donana",6,6
"WaterSurf",41748,1983,4.75,"donana",6,6
"ArtSurf",12613,5197,41.2,"donana",6,7
"BareArea",6426,1524,23.72,"donana",6,7
"DuneSand",52133,6572,12.61,"donana",6,7
"Grass",23898,16017,67.02,"donana",6,7
"HydroRipVeg",39646,25540,64.42,"donana",6,7
"MedConF",76259,19304,25.31,"donana",6,7
"MedSclF",6483,4965,76.58,"donana",6,7
"MedScrub",129201,60674,46.96,"donana",6,7
"Reforestation",2747,705,25.66,"donana",6,7
"RipF",418,311,74.4,"donana",6,7
"SaltMar",344960,204988,59.42,"donana",6,7
"Shrub",6017,4359,72.44,"donana",6,7
"WaterSurf",41748,4848,11.61,"donana",6,7
"ArtSurf",12613,2764,21.91,"donana",6,8
"BareArea",6426,1049,16.32,"donana",6,8
"DuneSand",52133,1929,3.7,"donana",6,8
"Grass",23898,16220,67.87,"donana",6,8
"HydroRipVeg",39646,20356,51.34,"donana",6,8
"MedConF",76259,15586,20.44,"donana",6,8
"MedSclF",6483,5450,84.07,"donana",6,8
"MedScrub",129201,67830,52.5,"donana",6,8
"Reforestation",2747,1042,37.93,"donana",6,8
"RipF",418,256,61.24,"donana",6,8
"SaltMar",344960,101387,29.39,"donana",6,8
"Shrub",6017,5100,84.76,"donana",6,8
"WaterSurf",41748,2474,5.93,"donana",6,8
"ArtSurf",12613,0,0,"donana",6,9
"BareArea",6426,0,0,"donana",6,9
"DuneSand",52133,1,0,"donana",6,9
"Grass",23898,0,0,"donana",6,9
"HydroRipVeg",39646,0,0,"donana",6,9
"MedConF",76259,0,0,"donana",6,9
"MedSclF",6483,2,0.03,"donana",6,9
"MedScrub",129201,0,0,"donana",6,9
"Reforestation",2747,0,0,"donana",6,9
"RipF",418,0,0,"donana",6,9
"SaltMar",344960,3,0,"donana",6,9
"Shrub",6017,0,0,"donana",6,9
"WaterSurf",41748,0,0,"donana",6,9
"ArtSurf",12613,0,0,"donana",6,10
"BareArea",6426,0,0,"donana",6,10
"DuneSand",52133,0,0,"donana",6,10
"Grass",23898,0,0,"donana",6,10
"HydroRipVeg",39646,0,0,"donana",6,10
"MedConF",76259,0,0,"donana",6,10
"MedSclF",6483,0,0,"donana",6,10
"MedScrub",129201,0,0,"donana",6,10
"Reforestation",2747,0,0,"donana",6,10
"RipF",418,0,0,"donana",6,10
"SaltMar",344960,0,0,"donana",6,10
"Shrub",6017,0,0,"donana",6,10
"WaterSurf",41748,0,0,"donana",6,10
"ArtSurf",12613,20,0.16,"donana",6,11
"BareArea",6426,1,0.02,"donana",6,11
"DuneSand",52133,2,0,"donana",6,11
"Grass",23898,602,2.52,"donana",6,11
"HydroRipVeg",39646,151,0.38,"donana",6,11
"MedConF",76259,6,0.01,"donana",6,11
"MedSclF",6483,60,0.93,"donana",6,11
"MedScrub",129201,86,0.07,"donana",6,11
"Reforestation",2747,0,0,"donana",6,11
"RipF",418,2,0.48,"donana",6,11
"SaltMar",344960,1119,0.32,"donana",6,11
"Shrub",6017,33,0.55,"donana",6,11
"WaterSurf",41748,2,0,"donana",6,11
"ArtSurf",12613,1129,8.95,"donana",6,12
"BareArea",6426,47,0.73,"donana",6,12
"DuneSand",52133,1039,1.99,"donana",6,12
"Grass",23898,2885,12.07,"donana",6,12
"HydroRipVeg",39646,3380,8.53,"donana",6,12
"MedConF",76259,2263,2.97,"donana",6,12
"MedSclF",6483,897,13.84,"donana",6,12
"MedScrub",129201,13316,10.31,"donana",6,12
"Reforestation",2747,151,5.5,"donana",6,12
"RipF",418,25,5.98,"donana",6,12
"SaltMar",344960,2860,0.83,"donana",6,12
"Shrub",6017,602,10,"donana",6,12
"WaterSurf",41748,71,0.17,"donana",6,12
"ArtSurf",12613,1984,15.73,"donana",9,1
"BareArea",6426,12,0.19,"donana",9,1
"DuneSand",52133,1685,3.23,"donana",9,1
"Grass",23898,3467,14.51,"donana",9,1
"HydroRipVeg",39646,8795,22.18,"donana",9,1
"MedConF",76259,10372,13.6,"donana",9,1
"MedSclF",6483,1655,25.53,"donana",9,1
"MedScrub",129201,30250,23.41,"donana",9,1
"Reforestation",2747,265,9.65,"donana",9,1
"RipF",418,40,9.57,"donana",9,1
"SaltMar",344960,3515,1.02,"donana",9,1
"Shrub",6017,1685,28,"donana",9,1
"WaterSurf",41748,200,0.48,"donana",9,1
"ArtSurf",12613,2655,21.05,"donana",9,2
"BareArea",6426,48,0.75,"donana",9,2
"DuneSand",52133,1836,3.52,"donana",9,2
"Grass",23898,5886,24.63,"donana",9,2
"HydroRipVeg",39646,9526,24.03,"donana",9,2
"MedConF",76259,7618,9.99,"donana",9,2
"MedSclF",6483,2391,36.88,"donana",9,2
"MedScrub",129201,42607,32.98,"donana",9,2
"Reforestation",2747,883,32.14,"donana",9,2
"RipF",418,52,12.44,"donana",9,2
"SaltMar",344960,5074,1.47,"donana",9,2
"Shrub",6017,2343,38.94,"donana",9,2
"WaterSurf",41748,279,0.67,"donana",9,2
"ArtSurf",12613,2921,23.16,"donana",9,3
"BareArea",6426,28,0.44,"donana",9,3
"DuneSand",52133,2037,3.91,"donana",9,3
"Grass",23898,5408,22.63,"donana",9,3
"HydroRipVeg",39646,8157,20.57,"donana",9,3
"MedConF",76259,7165,9.4,"donana",9,3
"MedSclF",6483,1979,30.53,"donana",9,3
"MedScrub",129201,48074,37.21,"donana",9,3
"Reforestation",2747,1282,46.67,"donana",9,3
"RipF",418,27,6.46,"donana",9,3
"SaltMar",344960,4892,1.42,"donana",9,3
"Shrub",6017,1872,31.11,"donana",9,3
"WaterSurf",41748,174,0.42,"donana",9,3
"ArtSurf",12613,4336,34.38,"donana",9,4
"BareArea",6426,21,0.33,"donana",9,4
"DuneSand",52133,2311,4.43,"donana",9,4
"Grass",23898,11020,46.11,"donana",9,4
"HydroRipVeg",39646,13407,33.82,"donana",9,4
"MedConF",76259,14524,19.05,"donana",9,4
"MedSclF",6483,3941,60.79,"donana",9,4
"MedScrub",129201,84698,65.56,"donana",9,4
"Reforestation",2747,2494,90.79,"donana",9,4
"RipF",418,168,40.19,"donana",9,4
"SaltMar",344960,10052,2.91,"donana",9,4
"Shrub",6017,4075,67.72,"donana",9,4
"WaterSurf",41748,309,0.74,"donana",9,4
"ArtSurf",12613,6684,52.99,"donana",9,5
"BareArea",6426,213,3.31,"donana",9,5
"DuneSand",52133,6191,11.88,"donana",9,5
"Grass",23898,16341,68.38,"donana",9,5
"HydroRipVeg",39646,24312,61.32,"donana",9,5
"MedConF",76259,54261,71.15,"donana",9,5
"MedSclF",6483,6222,95.97,"donana",9,5
"MedScrub",129201,111344,86.18,"donana",9,5
"Reforestation",2747,2626,95.6,"donana",9,5
"RipF",418,260,62.2,"donana",9,5
"SaltMar",344960,92299,26.76,"donana",9,5
"Shrub",6017,5737,95.35,"donana",9,5
"WaterSurf",41748,588,1.41,"donana",9,5
"ArtSurf",12613,5068,40.18,"donana",9,6
"BareArea",6426,852,13.26,"donana",9,6
"DuneSand",52133,4577,8.78,"donana",9,6
"Grass",23898,16824,70.4,"donana",9,6
"HydroRipVeg",39646,30861,77.84,"donana",9,6
"MedConF",76259,28628,37.54,"donana",9,6
"MedSclF",6483,5938,91.59,"donana",9,6
"MedScrub",129201,91551,70.86,"donana",9,6
"Reforestation",2747,2340,85.18,"donana",9,6
"RipF",418,306,73.21,"donana",9,6
"SaltMar",344960,155033,44.94,"donana",9,6
"Shrub",6017,5330,88.58,"donana",9,6
"WaterSurf",41748,1631,3.91,"donana",9,6
"ArtSurf",12613,7349,58.27,"donana",9,7
"BareArea",6426,1279,19.9,"donana",9,7
"DuneSand",52133,13143,25.21,"donana",9,7
"Grass",23898,19783,82.78,"donana",9,7
"HydroRipVeg",39646,34467,86.94,"donana",9,7
"MedConF",76259,57646,75.59,"donana",9,7
"MedSclF",6483,6375,98.33,"donana",9,7
"MedScrub",129201,116027,89.8,"donana",9,7
"Reforestation",2747,2498,90.94,"donana",9,7
"RipF",418,364,87.08,"donana",9,7
"SaltMar",344960,167664,48.6,"donana",9,7
"Shrub",6017,5843,97.11,"donana",9,7
"WaterSurf",41748,5053,12.1,"donana",9,7
"ArtSurf",12613,5120,40.59,"donana",9,8
"BareArea",6426,760,11.83,"donana",9,8
"DuneSand",52133,8253,15.83,"donana",9,8
"Grass",23898,17475,73.12,"donana",9,8
"HydroRipVeg",39646,30206,76.19,"donana",9,8
"MedConF",76259,59129,77.54,"donana",9,8
"MedSclF",6483,6344,97.86,"donana",9,8
"MedScrub",129201,109979,85.12,"donana",9,8
"Reforestation",2747,2555,93.01,"donana",9,8
"RipF",418,326,77.99,"donana",9,8
"SaltMar",344960,78063,22.63,"donana",9,8
"Shrub",6017,5883,97.77,"donana",9,8
"WaterSurf",41748,3363,8.06,"donana",9,8
"ArtSurf",12613,5024,39.83,"donana",9,9
"BareArea",6426,876,13.63,"donana",9,9
"DuneSand",52133,6561,12.59,"donana",9,9
"Grass",23898,17531,73.36,"donana",9,9
"HydroRipVeg",39646,25794,65.06,"donana",9,9
"MedConF",76259,58521,76.74,"donana",9,9
"MedSclF",6483,6294,97.08,"donana",9,9
"MedScrub",129201,104651,81,"donana",9,9
"Reforestation",2747,1997,72.7,"donana",9,9
"RipF",418,309,73.92,"donana",9,9
"SaltMar",344960,76596,22.2,"donana",9,9
"Shrub",6017,5866,97.49,"donana",9,9
"WaterSurf",41748,2084,4.99,"donana",9,9
"ArtSurf",12613,0,0,"donana",9,10
"BareArea",6426,0,0,"donana",9,10
"DuneSand",52133,0,0,"donana",9,10
"Grass",23898,0,0,"donana",9,10
"HydroRipVeg",39646,0,0,"donana",9,10
"MedConF",76259,0,0,"donana",9,10
"MedSclF",6483,0,0,"donana",9,10
"MedScrub",129201,0,0,"donana",9,10
"Reforestation",2747,0,0,"donana",9,10
"RipF",418,0,0,"donana",9,10
"SaltMar",344960,0,0,"donana",9,10
"Shrub",6017,0,0,"donana",9,10
"WaterSurf",41748,0,0,"donana",9,10
"ArtSurf",12613,0,0,"donana",9,11
"BareArea",6426,0,0,"donana",9,11
"DuneSand",52133,0,0,"donana",9,11
"Grass",23898,0,0,"donana",9,11
"HydroRipVeg",39646,0,0,"donana",9,11
"MedConF",76259,0,0,"donana",9,11
"MedSclF",6483,2,0.03,"donana",9,11
"MedScrub",129201,0,0,"donana",9,11
"Reforestation",2747,0,0,"donana",9,11
"RipF",418,0,0,"donana",9,11
"SaltMar",344960,0,0,"donana",9,11
"Shrub",6017,0,0,"donana",9,11
"WaterSurf",41748,0,0,"donana",9,11
"ArtSurf",12613,1617,12.82,"donana",9,12
"BareArea",6426,26,0.4,"donana",9,12
"DuneSand",52133,1501,2.88,"donana",9,12
"Grass",23898,3518,14.72,"donana",9,12
"HydroRipVeg",39646,4993,12.59,"donana",9,12
"MedConF",76259,5791,7.59,"donana",9,12
"MedSclF",6483,1539,23.74,"donana",9,12
"MedScrub",129201,28729,22.24,"donana",9,12
"Reforestation",2747,253,9.21,"donana",9,12
"RipF",418,24,5.74,"donana",9,12
"SaltMar",344960,3631,1.05,"donana",9,12
"Shrub",6017,1265,21.02,"donana",9,12
"WaterSurf",41748,118,0.28,"donana",9,12
"ArtSurf",12613,2375,18.83,"donana",12,1
"BareArea",6426,6,0.09,"donana",12,1
"DuneSand",52133,2002,3.84,"donana",12,1
"Grass",23898,2861,11.97,"donana",12,1
"HydroRipVeg",39646,9144,23.06,"donana",12,1
"MedConF",76259,12990,17.03,"donana",12,1
"MedSclF",6483,1547,23.86,"donana",12,1
"MedScrub",129201,41158,31.86,"donana",12,1
"Reforestation",2747,198,7.21,"donana",12,1
"RipF",418,37,8.85,"donana",12,1
"SaltMar",344960,3434,1,"donana",12,1
"Shrub",6017,1888,31.38,"donana",12,1
"WaterSurf",41748,185,0.44,"donana",12,1
"ArtSurf",12613,2961,23.48,"donana",12,2
"BareArea",6426,29,0.45,"donana",12,2
"DuneSand",52133,1855,3.56,"donana",12,2
"Grass",23898,5088,21.29,"donana",12,2
"HydroRipVeg",39646,10076,25.41,"donana",12,2
"MedConF",76259,12171,15.96,"donana",12,2
"MedSclF",6483,2811,43.36,"donana",12,2
"MedScrub",129201,53182,41.16,"donana",12,2
"Reforestation",2747,821,29.89,"donana",12,2
"RipF",418,50,11.96,"donana",12,2
"SaltMar",344960,6253,1.81,"donana",12,2
"Shrub",6017,3155,52.43,"donana",12,2
"WaterSurf",41748,278,0.67,"donana",12,2
"ArtSurf",12613,3335,26.44,"donana",12,3
"BareArea",6426,24,0.37,"donana",12,3
"DuneSand",52133,2520,4.83,"donana",12,3
"Grass",23898,6141,25.7,"donana",12,3
"HydroRipVeg",39646,9694,24.45,"donana",12,3
"MedConF",76259,10762,14.11,"donana",12,3
"MedSclF",6483,2345,36.17,"donana",12,3
"MedScrub",129201,59893,46.36,"donana",12,3
"Reforestation",2747,1701,61.92,"donana",12,3
"RipF",418,50,11.96,"donana",12,3
"SaltMar",344960,6198,1.8,"donana",12,3
"Shrub",6017,2515,41.8,"donana",12,3
"WaterSurf",41748,214,0.51,"donana",12,3
"ArtSurf",12613,4121,32.67,"donana",12,4
"BareArea",6426,19,0.3,"donana",12,4
"DuneSand",52133,2332,4.47,"donana",12,4
"Grass",23898,10165,42.53,"donana",12,4
"HydroRipVeg",39646,13352,33.68,"donana",12,4
"MedConF",76259,14929,19.58,"donana",12,4
"MedSclF",6483,3616,55.78,"donana",12,4
"MedScrub",129201,81191,62.84,"donana",12,4
"Reforestation",2747,2343,85.29,"donana",12,4
"RipF",418,158,37.8,"donana",12,4
"SaltMar",344960,9403,2.73,"donana",12,4
"Shrub",6017,3818,63.45,"donana",12,4
"WaterSurf",41748,290,0.69,"donana",12,4
"ArtSurf",12613,6686,53.01,"donana",12,5
"BareArea",6426,241,3.75,"donana",12,5
"DuneSand",52133,6501,12.47,"donana",12,5
"Grass",23898,16343,68.39,"donana",12,5
"HydroRipVeg",39646,24247,61.16,"donana",12,5
"MedConF",76259,57114,74.89,"donana",12,5
"MedSclF",6483,6249,96.39,"donana",12,5
"MedScrub",129201,112083,86.75,"donana",12,5
"Reforestation",2747,2622,95.45,"donana",12,5
"RipF",418,262,62.68,"donana",12,5
"SaltMar",344960,87067,25.24,"donana",12,5
"Shrub",6017,5757,95.68,"donana",12,5
"WaterSurf",41748,593,1.42,"donana",12,5
"ArtSurf",12613,4264,33.81,"donana",12,6
"BareArea",6426,649,10.1,"donana",12,6
"DuneSand",52133,3935,7.55,"donana",12,6
"Grass",23898,14608,61.13,"donana",12,6
"HydroRipVeg",39646,27702,69.87,"donana",12,6
"MedConF",76259,24473,32.09,"donana",12,6
"MedSclF",6483,5787,89.26,"donana",12,6
"MedScrub",129201,84569,65.46,"donana",12,6
"Reforestation",2747,2319,84.42,"donana",12,6
"RipF",418,285,68.18,"donana",12,6
"SaltMar",344960,125616,36.41,"donana",12,6
"Shrub",6017,5193,86.31,"donana",12,6
"WaterSurf",41748,1113,2.67,"donana",12,6
"ArtSurf",12613,6321,50.11,"donana",12,7
"BareArea",6426,1213,18.88,"donana",12,7
"DuneSand",52133,7659,14.69,"donana",12,7
"Grass",23898,19861,83.11,"donana",12,7
"HydroRipVeg",39646,33113,83.52,"donana",12,7
"MedConF",76259,60831,79.77,"donana",12,7
"MedSclF",6483,6388,98.53,"donana",12,7
"MedScrub",129201,110636,85.63,"donana",12,7
"Reforestation",2747,2658,96.76,"donana",12,7
"RipF",418,348,83.25,"donana",12,7
"SaltMar",344960,157484,45.65,"donana",12,7
"Shrub",6017,5919,98.37,"donana",12,7
"WaterSurf",41748,3185,7.63,"donana",12,7
"ArtSurf",12613,5060,40.12,"donana",12,8
"BareArea",6426,860,13.38,"donana",12,8
"DuneSand",52133,7561,14.5,"donana",12,8
"Grass",23898,17472,73.11,"donana",12,8
"HydroRipVeg",39646,29518,74.45,"donana",12,8
"MedConF",76259,58364,76.53,"donana",12,8
"MedSclF",6483,6291,97.04,"donana",12,8
"MedScrub",129201,101089,78.24,"donana",12,8
"Reforestation",2747,2535,92.28,"donana",12,8
"RipF",418,317,75.84,"donana",12,8
"SaltMar",344960,85273,24.72,"donana",12,8
"Shrub",6017,5906,98.16,"donana",12,8
"WaterSurf",41748,2577,6.17,"donana",12,8
"ArtSurf",12613,4485,35.56,"donana",12,9
"BareArea",6426,607,9.45,"donana",12,9
"DuneSand",52133,5890,11.3,"donana",12,9
"Grass",23898,15816,66.18,"donana",12,9
"HydroRipVeg",39646,25733,64.91,"donana",12,9
"MedConF",76259,60705,79.6,"donana",12,9
"MedSclF",6483,6259,96.54,"donana",12,9
"MedScrub",129201,102872,79.62,"donana",12,9
"Reforestation",2747,2421,88.13,"donana",12,9
"RipF",418,295,70.57,"donana",12,9
"SaltMar",344960,42639,12.36,"donana",12,9
"Shrub",6017,5864,97.46,"donana",12,9
"WaterSurf",41748,839,2.01,"donana",12,9
"ArtSurf",12613,3429,27.19,"donana",12,10
"BareArea",6426,91,1.42,"donana",12,10
"DuneSand",52133,5611,10.76,"donana",12,10
"Grass",23898,5574,23.32,"donana",12,10
"HydroRipVeg",39646,14631,36.9,"donana",12,10
"MedConF",76259,31703,41.57,"donana",12,10
"MedSclF",6483,4864,75.03,"donana",12,10
"MedScrub",129201,79402,61.46,"donana",12,10
"Reforestation",2747,1594,58.03,"donana",12,10
"RipF",418,157,37.56,"donana",12,10
"SaltMar",344960,7432,2.15,"donana",12,10
"Shrub",6017,4780,79.44,"donana",12,10
"WaterSurf",41748,480,1.15,"donana",12,10
"ArtSurf",12613,1110,8.8,"donana",12,11
"BareArea",6426,1,0.02,"donana",12,11
"DuneSand",52133,433,0.83,"donana",12,11
"Grass",23898,2587,10.83,"donana",12,11
"HydroRipVeg",39646,4221,10.65,"donana",12,11
"MedConF",76259,5179,6.79,"donana",12,11
"MedSclF",6483,1878,28.97,"donana",12,11
"MedScrub",129201,33902,26.24,"donana",12,11
"Reforestation",2747,77,2.8,"donana",12,11
"RipF",418,24,5.74,"donana",12,11
"SaltMar",344960,2411,0.7,"donana",12,11
"Shrub",6017,1733,28.8,"donana",12,11
"WaterSurf",41748,160,0.38,"donana",12,11
"ArtSurf",12613,2223,17.62,"donana",12,12
"BareArea",6426,40,0.62,"donana",12,12
"DuneSand",52133,2465,4.73,"donana",12,12
"Grass",23898,3144,13.16,"donana",12,12
"HydroRipVeg",39646,7365,18.58,"donana",12,12
"MedConF",76259,11585,15.19,"donana",12,12
"MedSclF",6483,2011,31.02,"donana",12,12
"MedScrub",129201,41500,32.12,"donana",12,12
"Reforestation",2747,226,8.23,"donana",12,12
"RipF",418,30,7.18,"donana",12,12
"SaltMar",344960,2990,0.87,"donana",12,12
"Shrub",6017,1947,32.36,"donana",12,12
"WaterSurf",41748,153,0.37,"donana",12,12
"AlpConF",129960,0,0,"guadarrama",1,1
"AlpScrGr",172894,0,0,"guadarrama",1,1
"ArtSurf",1490,0,0,"guadarrama",1,1
"Grass",7028,9,0.13,"guadarrama",1,1
"MedSclF",3280,111,3.38,"guadarrama",1,1
"MedScrub",38947,264,0.68,"guadarrama",1,1
"Peatland",229,0,0,"guadarrama",1,1
"Reforestation",88147,46,0.05,"guadarrama",1,1
"RipF",529,2,0.38,"guadarrama",1,1
"RockScreeVeg",46691,1179,2.53,"guadarrama",1,1
"SMedMarF",5314,0,0,"guadarrama",1,1
"Shrub",3703,59,1.59,"guadarrama",1,1
"TempDecF",1436,1,0.07,"guadarrama",1,1
"WaterSurf",30,0,0,"guadarrama",1,1
"AlpConF",129960,0,0,"guadarrama",1,2
"AlpScrGr",172894,0,0,"guadarrama",1,2
"ArtSurf",1490,0,0,"guadarrama",1,2
"Grass",7028,0,0,"guadarrama",1,2
"MedSclF",3280,0,0,"guadarrama",1,2
"MedScrub",38947,0,0,"guadarrama",1,2
"Peatland",229,0,0,"guadarrama",1,2
"Reforestation",88149,0,0,"guadarrama",1,2
"RipF",529,0,0,"guadarrama",1,2
"RockScreeVeg",46691,0,0,"guadarrama",1,2
"SMedMarF",5314,0,0,"guadarrama",1,2
"Shrub",3703,0,0,"guadarrama",1,2
"TempDecF",1436,0,0,"guadarrama",1,2
"WaterSurf",30,0,0,"guadarrama",1,2
"AlpConF",129960,4,0,"guadarrama",1,3
"AlpScrGr",172894,2,0,"guadarrama",1,3
"ArtSurf",1490,0,0,"guadarrama",1,3
"Grass",7028,0,0,"guadarrama",1,3
"MedSclF",3280,13,0.4,"guadarrama",1,3
"MedScrub",38947,130,0.33,"guadarrama",1,3
"Peatland",229,0,0,"guadarrama",1,3
"Reforestation",88149,16,0.02,"guadarrama",1,3
"RipF",529,0,0,"guadarrama",1,3
"RockScreeVeg",46691,370,0.79,"guadarrama",1,3
"SMedMarF",5314,0,0,"guadarrama",1,3
"Shrub",3703,0,0,"guadarrama",1,3
"TempDecF",1436,2,0.14,"guadarrama",1,3
"WaterSurf",30,0,0,"guadarrama",1,3
"AlpConF",129960,0,0,"guadarrama",1,4
"AlpScrGr",172894,0,0,"guadarrama",1,4
"ArtSurf",1490,0,0,"guadarrama",1,4
"Grass",7028,0,0,"guadarrama",1,4
"MedSclF",3280,0,0,"guadarrama",1,4
"MedScrub",38947,0,0,"guadarrama",1,4
"Peatland",229,0,0,"guadarrama",1,4
"Reforestation",88149,0,0,"guadarrama",1,4
"RipF",529,0,0,"guadarrama",1,4
"RockScreeVeg",46691,0,0,"guadarrama",1,4
"SMedMarF",5314,0,0,"guadarrama",1,4
"Shrub",3703,0,0,"guadarrama",1,4
"TempDecF",1436,0,0,"guadarrama",1,4
"WaterSurf",30,0,0,"guadarrama",1,4
"AlpConF",129960,0,0,"guadarrama",1,5
"AlpScrGr",172894,0,0,"guadarrama",1,5
"ArtSurf",1490,0,0,"guadarrama",1,5
"Grass",7028,0,0,"guadarrama",1,5
"MedSclF",3280,0,0,"guadarrama",1,5
"MedScrub",38947,0,0,"guadarrama",1,5
"Peatland",229,0,0,"guadarrama",1,5
"Reforestation",88149,0,0,"guadarrama",1,5
"RipF",529,0,0,"guadarrama",1,5
"RockScreeVeg",46691,0,0,"guadarrama",1,5
"SMedMarF",5314,0,0,"guadarrama",1,5
"Shrub",3703,0,0,"guadarrama",1,5
"TempDecF",1436,0,0,"guadarrama",1,5
"WaterSurf",30,0,0,"guadarrama",1,5
"AlpConF",129960,0,0,"guadarrama",1,6
"AlpScrGr",172894,0,0,"guadarrama",1,6
"ArtSurf",1490,0,0,"guadarrama",1,6
"Grass",7028,0,0,"guadarrama",1,6
"MedSclF",3280,0,0,"guadarrama",1,6
"MedScrub",38947,0,0,"guadarrama",1,6
"Peatland",229,0,0,"guadarrama",1,6
"Reforestation",88149,0,0,"guadarrama",1,6
"RipF",529,0,0,"guadarrama",1,6
"RockScreeVeg",46691,0,0,"guadarrama",1,6
"SMedMarF",5314,0,0,"guadarrama",1,6
"Shrub",3703,0,0,"guadarrama",1,6
"TempDecF",1436,0,0,"guadarrama",1,6
"WaterSurf",30,0,0,"guadarrama",1,6
"AlpConF",129960,0,0,"guadarrama",1,7
"AlpScrGr",172894,0,0,"guadarrama",1,7
"ArtSurf",1490,0,0,"guadarrama",1,7
"Grass",7028,0,0,"guadarrama",1,7
"MedSclF",3280,0,0,"guadarrama",1,7
"MedScrub",38947,0,0,"guadarrama",1,7
"Peatland",229,0,0,"guadarrama",1,7
"Reforestation",88149,0,0,"guadarrama",1,7
"RipF",529,0,0,"guadarrama",1,7
"RockScreeVeg",46691,0,0,"guadarrama",1,7
"SMedMarF",5314,0,0,"guadarrama",1,7
"Shrub",3703,0,0,"guadarrama",1,7
"TempDecF",1436,0,0,"guadarrama",1,7
"WaterSurf",30,0,0,"guadarrama",1,7
"AlpConF",129960,0,0,"guadarrama",1,8
"AlpScrGr",172894,0,0,"guadarrama",1,8
"ArtSurf",1490,0,0,"guadarrama",1,8
"Grass",7028,0,0,"guadarrama",1,8
"MedSclF",3280,0,0,"guadarrama",1,8
"MedScrub",38947,0,0,"guadarrama",1,8
"Peatland",229,0,0,"guadarrama",1,8
"Reforestation",88149,0,0,"guadarrama",1,8
"RipF",529,0,0,"guadarrama",1,8
"RockScreeVeg",46691,0,0,"guadarrama",1,8
"SMedMarF",5314,0,0,"guadarrama",1,8
"Shrub",3703,0,0,"guadarrama",1,8
"TempDecF",1436,0,0,"guadarrama",1,8
"WaterSurf",30,0,0,"guadarrama",1,8
"AlpConF",129960,1,0,"guadarrama",1,9
"AlpScrGr",172894,0,0,"guadarrama",1,9
"ArtSurf",1490,0,0,"guadarrama",1,9
"Grass",7028,0,0,"guadarrama",1,9
"MedSclF",3280,0,0,"guadarrama",1,9
"MedScrub",38947,1,0,"guadarrama",1,9
"Peatland",229,0,0,"guadarrama",1,9
"Reforestation",88149,0,0,"guadarrama",1,9
"RipF",529,0,0,"guadarrama",1,9
"RockScreeVeg",46691,0,0,"guadarrama",1,9
"SMedMarF",5314,0,0,"guadarrama",1,9
"Shrub",3703,0,0,"guadarrama",1,9
"TempDecF",1436,0,0,"guadarrama",1,9
"WaterSurf",30,0,0,"guadarrama",1,9
"AlpConF",129960,0,0,"guadarrama",1,10
"AlpScrGr",172894,0,0,"guadarrama",1,10
"ArtSurf",1490,0,0,"guadarrama",1,10
"Grass",7028,0,0,"guadarrama",1,10
"MedSclF",3280,0,0,"guadarrama",1,10
"MedScrub",38947,0,0,"guadarrama",1,10
"Peatland",229,0,0,"guadarrama",1,10
"Reforestation",88149,0,0,"guadarrama",1,10
"RipF",529,0,0,"guadarrama",1,10
"RockScreeVeg",46691,0,0,"guadarrama",1,10
"SMedMarF",5314,0,0,"guadarrama",1,10
"Shrub",3703,0,0,"guadarrama",1,10
"TempDecF",1436,0,0,"guadarrama",1,10
"WaterSurf",30,0,0,"guadarrama",1,10
"AlpConF",129960,0,0,"guadarrama",1,11
"AlpScrGr",172894,0,0,"guadarrama",1,11
"ArtSurf",1490,0,0,"guadarrama",1,11
"Grass",7028,0,0,"guadarrama",1,11
"MedSclF",3280,0,0,"guadarrama",1,11
"MedScrub",38947,0,0,"guadarrama",1,11
"Peatland",229,0,0,"guadarrama",1,11
"Reforestation",88149,0,0,"guadarrama",1,11
"RipF",529,0,0,"guadarrama",1,11
"RockScreeVeg",46691,0,0,"guadarrama",1,11
"SMedMarF",5314,0,0,"guadarrama",1,11
"Shrub",3703,0,0,"guadarrama",1,11
"TempDecF",1436,0,0,"guadarrama",1,11
"WaterSurf",30,0,0,"guadarrama",1,11
"AlpConF",129960,0,0,"guadarrama",1,12
"AlpScrGr",172894,0,0,"guadarrama",1,12
"ArtSurf",1490,0,0,"guadarrama",1,12
"Grass",7028,0,0,"guadarrama",1,12
"MedSclF",3280,0,0,"guadarrama",1,12
"MedScrub",38947,0,0,"guadarrama",1,12
"Peatland",229,0,0,"guadarrama",1,12
"Reforestation",88133,0,0,"guadarrama",1,12
"RipF",529,0,0,"guadarrama",1,12
"RockScreeVeg",46691,0,0,"guadarrama",1,12
"SMedMarF",5314,0,0,"guadarrama",1,12
"Shrub",3703,0,0,"guadarrama",1,12
"TempDecF",1436,0,0,"guadarrama",1,12
"WaterSurf",30,0,0,"guadarrama",1,12
"AlpConF",129960,0,0,"guadarrama",3,1
"AlpScrGr",172894,0,0,"guadarrama",3,1
"ArtSurf",1490,0,0,"guadarrama",3,1
"Grass",7028,0,0,"guadarrama",3,1
"MedSclF",3280,0,0,"guadarrama",3,1
"MedScrub",38947,0,0,"guadarrama",3,1
"Peatland",229,0,0,"guadarrama",3,1
"Reforestation",88147,0,0,"guadarrama",3,1
"RipF",529,0,0,"guadarrama",3,1
"RockScreeVeg",46691,0,0,"guadarrama",3,1
"SMedMarF",5314,0,0,"guadarrama",3,1
"Shrub",3703,0,0,"guadarrama",3,1
"TempDecF",1436,0,0,"guadarrama",3,1
"WaterSurf",30,0,0,"guadarrama",3,1
"AlpConF",129960,151,0.12,"guadarrama",3,2
"AlpScrGr",172894,14,0.01,"guadarrama",3,2
"ArtSurf",1490,1,0.07,"guadarrama",3,2
"Grass",7028,191,2.72,"guadarrama",3,2
"MedSclF",3280,699,21.31,"guadarrama",3,2
"MedScrub",38947,2015,5.17,"guadarrama",3,2
"Peatland",229,0,0,"guadarrama",3,2
"Reforestation",88149,804,0.91,"guadarrama",3,2
"RipF",529,16,3.02,"guadarrama",3,2
"RockScreeVeg",46691,4575,9.8,"guadarrama",3,2
"SMedMarF",5314,93,1.75,"guadarrama",3,2
"Shrub",3703,541,14.61,"guadarrama",3,2
"TempDecF",1436,114,7.94,"guadarrama",3,2
"WaterSurf",30,0,0,"guadarrama",3,2
"AlpConF",129960,392,0.3,"guadarrama",3,3
"AlpScrGr",172894,11,0.01,"guadarrama",3,3
"ArtSurf",1490,0,0,"guadarrama",3,3
"Grass",7028,15,0.21,"guadarrama",3,3
"MedSclF",3280,135,4.12,"guadarrama",3,3
"MedScrub",38947,491,1.26,"guadarrama",3,3
"Peatland",229,0,0,"guadarrama",3,3
"Reforestation",88149,409,0.46,"guadarrama",3,3
"RipF",529,0,0,"guadarrama",3,3
"RockScreeVeg",46691,854,1.83,"guadarrama",3,3
"SMedMarF",5314,98,1.84,"guadarrama",3,3
"Shrub",3703,21,0.57,"guadarrama",3,3
"TempDecF",1436,34,2.37,"guadarrama",3,3
"WaterSurf",30,0,0,"guadarrama",3,3
"AlpConF",129960,0,0,"guadarrama",3,4
"AlpScrGr",172894,0,0,"guadarrama",3,4
"ArtSurf",1490,0,0,"guadarrama",3,4
"Grass",7028,0,0,"guadarrama",3,4
"MedSclF",3280,0,0,"guadarrama",3,4
"MedScrub",38947,0,0,"guadarrama",3,4
"Peatland",229,0,0,"guadarrama",3,4
"Reforestation",88149,0,0,"guadarrama",3,4
"RipF",529,0,0,"guadarrama",3,4
"RockScreeVeg",46691,0,0,"guadarrama",3,4
"SMedMarF",5314,0,0,"guadarrama",3,4
"Shrub",3703,0,0,"guadarrama",3,4
"TempDecF",1436,0,0,"guadarrama",3,4
"WaterSurf",30,0,0,"guadarrama",3,4
"AlpConF",129960,75,0.06,"guadarrama",3,5
"AlpScrGr",172894,327,0.19,"guadarrama",3,5
"ArtSurf",1490,2,0.13,"guadarrama",3,5
"Grass",7028,234,3.33,"guadarrama",3,5
"MedSclF",3280,18,0.55,"guadarrama",3,5
"MedScrub",38947,528,1.36,"guadarrama",3,5
"Peatland",229,0,0,"guadarrama",3,5
"Reforestation",88149,73,0.08,"guadarrama",3,5
"RipF",529,0,0,"guadarrama",3,5
"RockScreeVeg",46691,238,0.51,"guadarrama",3,5
"SMedMarF",5314,6,0.11,"guadarrama",3,5
"Shrub",3703,20,0.54,"guadarrama",3,5
"TempDecF",1436,0,0,"guadarrama",3,5
"WaterSurf",30,0,0,"guadarrama",3,5
"AlpConF",129960,4721,3.63,"guadarrama",3,6
"AlpScrGr",172894,39937,23.1,"guadarrama",3,6
"ArtSurf",1490,152,10.2,"guadarrama",3,6
"Grass",7028,5016,71.37,"guadarrama",3,6
"MedSclF",3280,718,21.89,"guadarrama",3,6
"MedScrub",38947,10216,26.23,"guadarrama",3,6
"Peatland",229,21,9.17,"guadarrama",3,6
"Reforestation",88149,6461,7.33,"guadarrama",3,6
"RipF",529,101,19.09,"guadarrama",3,6
"RockScreeVeg",46691,7656,16.4,"guadarrama",3,6
"SMedMarF",5314,1472,27.7,"guadarrama",3,6
"Shrub",3703,1897,51.23,"guadarrama",3,6
"TempDecF",1436,6,0.42,"guadarrama",3,6
"WaterSurf",30,0,0,"guadarrama",3,6
"AlpConF",129960,10615,8.17,"guadarrama",3,7
"AlpScrGr",172894,76254,44.1,"guadarrama",3,7
"ArtSurf",1490,300,20.13,"guadarrama",3,7
"Grass",7028,5908,84.06,"guadarrama",3,7
"MedSclF",3280,1553,47.35,"guadarrama",3,7
"MedScrub",38947,21639,55.56,"guadarrama",3,7
"Peatland",229,62,27.07,"guadarrama",3,7
"Reforestation",88149,18450,20.93,"guadarrama",3,7
"RipF",529,176,33.27,"guadarrama",3,7
"RockScreeVeg",46691,13259,28.4,"guadarrama",3,7
"SMedMarF",5314,1566,29.47,"guadarrama",3,7
"Shrub",3703,2407,65,"guadarrama",3,7
"TempDecF",1436,22,1.53,"guadarrama",3,7
"WaterSurf",30,3,10,"guadarrama",3,7
"AlpConF",129960,674,0.52,"guadarrama",3,8
"AlpScrGr",172894,10914,6.31,"guadarrama",3,8
"ArtSurf",1490,68,4.56,"guadarrama",3,8
"Grass",7028,283,4.03,"guadarrama",3,8
"MedSclF",3280,85,2.59,"guadarrama",3,8
"MedScrub",38947,2109,5.42,"guadarrama",3,8
"Peatland",229,13,5.68,"guadarrama",3,8
"Reforestation",88149,697,0.79,"guadarrama",3,8
"RipF",529,2,0.38,"guadarrama",3,8
"RockScreeVeg",46691,762,1.63,"guadarrama",3,8
"SMedMarF",5314,92,1.73,"guadarrama",3,8
"Shrub",3703,79,2.13,"guadarrama",3,8
"TempDecF",1436,3,0.21,"guadarrama",3,8
"WaterSurf",30,0,0,"guadarrama",3,8
"AlpConF",129960,406,0.31,"guadarrama",3,9
"AlpScrGr",172894,8615,4.98,"guadarrama",3,9
"ArtSurf",1490,54,3.62,"guadarrama",3,9
"Grass",7028,1132,16.11,"guadarrama",3,9
"MedSclF",3280,268,8.17,"guadarrama",3,9
"MedScrub",38947,4116,10.57,"guadarrama",3,9
"Peatland",229,1,0.44,"guadarrama",3,9
"Reforestation",88149,938,1.06,"guadarrama",3,9
"RipF",529,6,1.13,"guadarrama",3,9
"RockScreeVeg",46691,2442,5.23,"guadarrama",3,9
"SMedMarF",5314,86,1.62,"guadarrama",3,9
"Shrub",3703,97,2.62,"guadarrama",3,9
"TempDecF",1436,64,4.46,"guadarrama",3,9
"WaterSurf",30,2,6.67,"guadarrama",3,9
"AlpConF",129960,96,0.07,"guadarrama",3,10
"AlpScrGr",172894,1116,0.65,"guadarrama",3,10
"ArtSurf",1490,26,1.74,"guadarrama",3,10
"Grass",7028,1653,23.52,"guadarrama",3,10
"MedSclF",3280,34,1.04,"guadarrama",3,10
"MedScrub",38947,979,2.51,"guadarrama",3,10
"Peatland",229,1,0.44,"guadarrama",3,10
"Reforestation",88149,429,0.49,"guadarrama",3,10
"RipF",529,38,7.18,"guadarrama",3,10
"RockScreeVeg",46691,306,0.66,"guadarrama",3,10
"SMedMarF",5314,34,0.64,"guadarrama",3,10
"Shrub",3703,270,7.29,"guadarrama",3,10
"TempDecF",1436,0,0,"guadarrama",3,10
"WaterSurf",30,0,0,"guadarrama",3,10
"AlpConF",129960,0,0,"guadarrama",3,11
"AlpScrGr",172894,0,0,"guadarrama",3,11
"ArtSurf",1490,0,0,"guadarrama",3,11
"Grass",7028,0,0,"guadarrama",3,11
"MedSclF",3280,0,0,"guadarrama",3,11
"MedScrub",38947,0,0,"guadarrama",3,11
"Peatland",229,0,0,"guadarrama",3,11
"Reforestation",88149,0,0,"guadarrama",3,11
"RipF",529,0,0,"guadarrama",3,11
"RockScreeVeg",46691,0,0,"guadarrama",3,11
"SMedMarF",5314,0,0,"guadarrama",3,11
"Shrub",3703,0,0,"guadarrama",3,11
"TempDecF",1436,0,0,"guadarrama",3,11
"WaterSurf",30,0,0,"guadarrama",3,11
"AlpConF",129960,0,0,"guadarrama",3,12
"AlpScrGr",172894,0,0,"guadarrama",3,12
"ArtSurf",1490,0,0,"guadarrama",3,12
"Grass",7028,0,0,"guadarrama",3,12
"MedSclF",3280,0,0,"guadarrama",3,12
"MedScrub",38947,0,0,"guadarrama",3,12
"Peatland",229,0,0,"guadarrama",3,12
"Reforestation",88133,0,0,"guadarrama",3,12
"RipF",529,0,0,"guadarrama",3,12
"RockScreeVeg",46691,0,0,"guadarrama",3,12
"SMedMarF",5314,0,0,"guadarrama",3,12
"Shrub",3703,0,0,"guadarrama",3,12
"TempDecF",1436,0,0,"guadarrama",3,12
"WaterSurf",30,0,0,"guadarrama",3,12
"AlpConF",129960,0,0,"guadarrama",6,1
"AlpScrGr",172894,0,0,"guadarrama",6,1
"ArtSurf",1490,0,0,"guadarrama",6,1
"Grass",7028,0,0,"guadarrama",6,1
"MedSclF",3280,0,0,"guadarrama",6,1
"MedScrub",38947,1,0,"guadarrama",6,1
"Peatland",229,0,0,"guadarrama",6,1
"Reforestation",88147,3,0,"guadarrama",6,1
"RipF",529,0,0,"guadarrama",6,1
"RockScreeVeg",46691,0,0,"guadarrama",6,1
"SMedMarF",5314,0,0,"guadarrama",6,1
"Shrub",3703,1,0.03,"guadarrama",6,1
"TempDecF",1436,0,0,"guadarrama",6,1
"WaterSurf",30,0,0,"guadarrama",6,1
"AlpConF",129960,0,0,"guadarrama",6,2
"AlpScrGr",172894,0,0,"guadarrama",6,2
"ArtSurf",1490,0,0,"guadarrama",6,2
"Grass",7028,0,0,"guadarrama",6,2
"MedSclF",3280,0,0,"guadarrama",6,2
"MedScrub",38947,0,0,"guadarrama",6,2
"Peatland",229,0,0,"guadarrama",6,2
"Reforestation",88149,0,0,"guadarrama",6,2
"RipF",529,0,0,"guadarrama",6,2
"RockScreeVeg",46691,0,0,"guadarrama",6,2
"SMedMarF",5314,0,0,"guadarrama",6,2
"Shrub",3703,0,0,"guadarrama",6,2
"TempDecF",1436,0,0,"guadarrama",6,2
"WaterSurf",30,0,0,"guadarrama",6,2
"AlpConF",129960,0,0,"guadarrama",6,3
"AlpScrGr",172894,0,0,"guadarrama",6,3
"ArtSurf",1490,0,0,"guadarrama",6,3
"Grass",7028,0,0,"guadarrama",6,3
"MedSclF",3280,0,0,"guadarrama",6,3
"MedScrub",38947,0,0,"guadarrama",6,3
"Peatland",229,0,0,"guadarrama",6,3
"Reforestation",88149,0,0,"guadarrama",6,3
"RipF",529,0,0,"guadarrama",6,3
"RockScreeVeg",46691,0,0,"guadarrama",6,3
"SMedMarF",5314,0,0,"guadarrama",6,3
"Shrub",3703,0,0,"guadarrama",6,3
"TempDecF",1436,0,0,"guadarrama",6,3
"WaterSurf",30,0,0,"guadarrama",6,3
"AlpConF",129960,0,0,"guadarrama",6,4
"AlpScrGr",172894,0,0,"guadarrama",6,4
"ArtSurf",1490,0,0,"guadarrama",6,4
"Grass",7028,0,0,"guadarrama",6,4
"MedSclF",3280,0,0,"guadarrama",6,4
"MedScrub",38947,0,0,"guadarrama",6,4
"Peatland",229,0,0,"guadarrama",6,4
"Reforestation",88149,0,0,"guadarrama",6,4
"RipF",529,0,0,"guadarrama",6,4
"RockScreeVeg",46691,0,0,"guadarrama",6,4
"SMedMarF",5314,0,0,"guadarrama",6,4
"Shrub",3703,0,0,"guadarrama",6,4
"TempDecF",1436,0,0,"guadarrama",6,4
"WaterSurf",30,0,0,"guadarrama",6,4
"AlpConF",129960,0,0,"guadarrama",6,5
"AlpScrGr",172894,0,0,"guadarrama",6,5
"ArtSurf",1490,0,0,"guadarrama",6,5
"Grass",7028,0,0,"guadarrama",6,5
"MedSclF",3280,0,0,"guadarrama",6,5
"MedScrub",38947,0,0,"guadarrama",6,5
"Peatland",229,0,0,"guadarrama",6,5
"Reforestation",88149,0,0,"guadarrama",6,5
"RipF",529,0,0,"guadarrama",6,5
"RockScreeVeg",46691,0,0,"guadarrama",6,5
"SMedMarF",5314,0,0,"guadarrama",6,5
"Shrub",3703,0,0,"guadarrama",6,5
"TempDecF",1436,0,0,"guadarrama",6,5
"WaterSurf",30,0,0,"guadarrama",6,5
"AlpConF",129960,3385,2.6,"guadarrama",6,6
"AlpScrGr",172894,5337,3.09,"guadarrama",6,6
"ArtSurf",1490,44,2.95,"guadarrama",6,6
"Grass",7028,3822,54.38,"guadarrama",6,6
"MedSclF",3280,514,15.67,"guadarrama",6,6
"MedScrub",38947,5687,14.6,"guadarrama",6,6
"Peatland",229,16,6.99,"guadarrama",6,6
"Reforestation",88149,2151,2.44,"guadarrama",6,6
"RipF",529,119,22.5,"guadarrama",6,6
"RockScreeVeg",46691,2323,4.98,"guadarrama",6,6
"SMedMarF",5314,761,14.32,"guadarrama",6,6
"Shrub",3703,1772,47.85,"guadarrama",6,6
"TempDecF",1436,23,1.6,"guadarrama",6,6
"WaterSurf",30,0,0,"guadarrama",6,6
"AlpConF",129960,382,0.29,"guadarrama",6,7
"AlpScrGr",172894,776,0.45,"guadarrama",6,7
"ArtSurf",1490,11,0.74,"guadarrama",6,7
"Grass",7028,1797,25.57,"guadarrama",6,7
"MedSclF",3280,247,7.53,"guadarrama",6,7
"MedScrub",38947,1292,3.32,"guadarrama",6,7
"Peatland",229,4,1.75,"guadarrama",6,7
"Reforestation",88149,176,0.2,"guadarrama",6,7
"RipF",529,24,4.54,"guadarrama",6,7
"RockScreeVeg",46691,507,1.09,"guadarrama",6,7
"SMedMarF",5314,158,2.97,"guadarrama",6,7
"Shrub",3703,694,18.74,"guadarrama",6,7
"TempDecF",1436,1,0.07,"guadarrama",6,7
"WaterSurf",30,0,0,"guadarrama",6,7
"AlpConF",129960,0,0,"guadarrama",6,8
"AlpScrGr",172894,0,0,"guadarrama",6,8
"ArtSurf",1490,0,0,"guadarrama",6,8
"Grass",7028,0,0,"guadarrama",6,8
"MedSclF",3280,0,0,"guadarrama",6,8
"MedScrub",38947,4,0.01,"guadarrama",6,8
"Peatland",229,0,0,"guadarrama",6,8
"Reforestation",88149,0,0,"guadarrama",6,8
"RipF",529,0,0,"guadarrama",6,8
"RockScreeVeg",46691,1,0,"guadarrama",6,8
"SMedMarF",5314,0,0,"guadarrama",6,8
"Shrub",3703,0,0,"guadarrama",6,8
"TempDecF",1436,0,0,"guadarrama",6,8
"WaterSurf",30,0,0,"guadarrama",6,8
"AlpConF",129960,0,0,"guadarrama",6,9
"AlpScrGr",172894,0,0,"guadarrama",6,9
"ArtSurf",1490,0,0,"guadarrama",6,9
"Grass",7028,0,0,"guadarrama",6,9
"MedSclF",3280,0,0,"guadarrama",6,9
"MedScrub",38947,0,0,"guadarrama",6,9
"Peatland",229,0,0,"guadarrama",6,9
"Reforestation",88149,0,0,"guadarrama",6,9
"RipF",529,0,0,"guadarrama",6,9
"RockScreeVeg",46691,0,0,"guadarrama",6,9
"SMedMarF",5314,0,0,"guadarrama",6,9
"Shrub",3703,0,0,"guadarrama",6,9
"TempDecF",1436,0,0,"guadarrama",6,9
"WaterSurf",30,0,0,"guadarrama",6,9
"AlpConF",129960,3,0,"guadarrama",6,10
"AlpScrGr",172894,69,0.04,"guadarrama",6,10
"ArtSurf",1490,1,0.07,"guadarrama",6,10
"Grass",7028,3,0.04,"guadarrama",6,10
"MedSclF",3280,0,0,"guadarrama",6,10
"MedScrub",38947,17,0.04,"guadarrama",6,10
"Peatland",229,0,0,"guadarrama",6,10
"Reforestation",88149,8,0.01,"guadarrama",6,10
"RipF",529,0,0,"guadarrama",6,10
"RockScreeVeg",46691,3,0.01,"guadarrama",6,10
"SMedMarF",5314,0,0,"guadarrama",6,10
"Shrub",3703,2,0.05,"guadarrama",6,10
"TempDecF",1436,0,0,"guadarrama",6,10
"WaterSurf",30,0,0,"guadarrama",6,10
"AlpConF",129960,0,0,"guadarrama",6,11
"AlpScrGr",172894,0,0,"guadarrama",6,11
"ArtSurf",1490,0,0,"guadarrama",6,11
"Grass",7028,0,0,"guadarrama",6,11
"MedSclF",3280,0,0,"guadarrama",6,11
"MedScrub",38947,0,0,"guadarrama",6,11
"Peatland",229,0,0,"guadarrama",6,11
"Reforestation",88149,0,0,"guadarrama",6,11
"RipF",529,0,0,"guadarrama",6,11
"RockScreeVeg",46691,0,0,"guadarrama",6,11
"SMedMarF",5314,0,0,"guadarrama",6,11
"Shrub",3703,0,0,"guadarrama",6,11
"TempDecF",1436,0,0,"guadarrama",6,11
"WaterSurf",30,0,0,"guadarrama",6,11
"AlpConF",129960,0,0,"guadarrama",6,12
"AlpScrGr",172894,0,0,"guadarrama",6,12
"ArtSurf",1490,0,0,"guadarrama",6,12
"Grass",7028,0,0,"guadarrama",6,12
"MedSclF",3280,0,0,"guadarrama",6,12
"MedScrub",38947,0,0,"guadarrama",6,12
"Peatland",229,0,0,"guadarrama",6,12
"Reforestation",88133,0,0,"guadarrama",6,12
"RipF",529,0,0,"guadarrama",6,12
"RockScreeVeg",46691,0,0,"guadarrama",6,12
"SMedMarF",5314,0,0,"guadarrama",6,12
"Shrub",3703,0,0,"guadarrama",6,12
"TempDecF",1436,0,0,"guadarrama",6,12
"WaterSurf",30,0,0,"guadarrama",6,12
"AlpConF",129960,0,0,"guadarrama",9,1
"AlpScrGr",172894,0,0,"guadarrama",9,1
"ArtSurf",1490,0,0,"guadarrama",9,1
"Grass",7028,0,0,"guadarrama",9,1
"MedSclF",3280,0,0,"guadarrama",9,1
"MedScrub",38947,0,0,"guadarrama",9,1
"Peatland",229,0,0,"guadarrama",9,1
"Reforestation",88147,0,0,"guadarrama",9,1
"RipF",529,0,0,"guadarrama",9,1
"RockScreeVeg",46691,0,0,"guadarrama",9,1
"SMedMarF",5314,0,0,"guadarrama",9,1
"Shrub",3703,0,0,"guadarrama",9,1
"TempDecF",1436,0,0,"guadarrama",9,1
"WaterSurf",30,0,0,"guadarrama",9,1
"AlpConF",129960,0,0,"guadarrama",9,2
"AlpScrGr",172894,0,0,"guadarrama",9,2
"ArtSurf",1490,0,0,"guadarrama",9,2
"Grass",7028,0,0,"guadarrama",9,2
"MedSclF",3280,0,0,"guadarrama",9,2
"MedScrub",38947,0,0,"guadarrama",9,2
"Peatland",229,0,0,"guadarrama",9,2
"Reforestation",88149,0,0,"guadarrama",9,2
"RipF",529,0,0,"guadarrama",9,2
"RockScreeVeg",46691,0,0,"guadarrama",9,2
"SMedMarF",5314,0,0,"guadarrama",9,2
"Shrub",3703,0,0,"guadarrama",9,2
"TempDecF",1436,0,0,"guadarrama",9,2
"WaterSurf",30,0,0,"guadarrama",9,2
"AlpConF",129960,0,0,"guadarrama",9,3
"AlpScrGr",172894,0,0,"guadarrama",9,3
"ArtSurf",1490,0,0,"guadarrama",9,3
"Grass",7028,0,0,"guadarrama",9,3
"MedSclF",3280,0,0,"guadarrama",9,3
"MedScrub",38947,0,0,"guadarrama",9,3
"Peatland",229,0,0,"guadarrama",9,3
"Reforestation",88149,0,0,"guadarrama",9,3
"RipF",529,0,0,"guadarrama",9,3
"RockScreeVeg",46691,0,0,"guadarrama",9,3
"SMedMarF",5314,0,0,"guadarrama",9,3
"Shrub",3703,0,0,"guadarrama",9,3
"TempDecF",1436,0,0,"guadarrama",9,3
"WaterSurf",30,0,0,"guadarrama",9,3
"AlpConF",129960,0,0,"guadarrama",9,4
"AlpScrGr",172894,0,0,"guadarrama",9,4
"ArtSurf",1490,0,0,"guadarrama",9,4
"Grass",7028,0,0,"guadarrama",9,4
"MedSclF",3280,0,0,"guadarrama",9,4
"MedScrub",38947,0,0,"guadarrama",9,4
"Peatland",229,0,0,"guadarrama",9,4
"Reforestation",88149,0,0,"guadarrama",9,4
"RipF",529,0,0,"guadarrama",9,4
"RockScreeVeg",46691,0,0,"guadarrama",9,4
"SMedMarF",5314,0,0,"guadarrama",9,4
"Shrub",3703,0,0,"guadarrama",9,4
"TempDecF",1436,0,0,"guadarrama",9,4
"WaterSurf",30,0,0,"guadarrama",9,4
"AlpConF",129960,0,0,"guadarrama",9,5
"AlpScrGr",172894,0,0,"guadarrama",9,5
"ArtSurf",1490,0,0,"guadarrama",9,5
"Grass",7028,0,0,"guadarrama",9,5
"MedSclF",3280,0,0,"guadarrama",9,5
"MedScrub",38947,0,0,"guadarrama",9,5
"Peatland",229,0,0,"guadarrama",9,5
"Reforestation",88149,0,0,"guadarrama",9,5
"RipF",529,0,0,"guadarrama",9,5
"RockScreeVeg",46691,0,0,"guadarrama",9,5
"SMedMarF",5314,0,0,"guadarrama",9,5
"Shrub",3703,0,0,"guadarrama",9,5
"TempDecF",1436,0,0,"guadarrama",9,5
"WaterSurf",30,0,0,"guadarrama",9,5
"AlpConF",129960,1697,1.31,"guadarrama",9,6
"AlpScrGr",172894,4534,2.62,"guadarrama",9,6
"ArtSurf",1490,25,1.68,"guadarrama",9,6
"Grass",7028,3077,43.78,"guadarrama",9,6
"MedSclF",3280,440,13.41,"guadarrama",9,6
"MedScrub",38947,4059,10.42,"guadarrama",9,6
"Peatland",229,5,2.18,"guadarrama",9,6
"Reforestation",88149,1068,1.21,"guadarrama",9,6
"RipF",529,76,14.37,"guadarrama",9,6
"RockScreeVeg",46691,2608,5.59,"guadarrama",9,6
"SMedMarF",5314,513,9.65,"guadarrama",9,6
"Shrub",3703,1544,41.7,"guadarrama",9,6
"TempDecF",1436,5,0.35,"guadarrama",9,6
"WaterSurf",30,0,0,"guadarrama",9,6
"AlpConF",129960,8,0.01,"guadarrama",9,7
"AlpScrGr",172894,13,0.01,"guadarrama",9,7
"ArtSurf",1490,0,0,"guadarrama",9,7
"Grass",7028,140,1.99,"guadarrama",9,7
"MedSclF",3280,8,0.24,"guadarrama",9,7
"MedScrub",38947,180,0.46,"guadarrama",9,7
"Peatland",229,1,0.44,"guadarrama",9,7
"Reforestation",88149,4,0,"guadarrama",9,7
"RipF",529,1,0.19,"guadarrama",9,7
"RockScreeVeg",46691,43,0.09,"guadarrama",9,7
"SMedMarF",5314,4,0.08,"guadarrama",9,7
"Shrub",3703,65,1.76,"guadarrama",9,7
"TempDecF",1436,0,0,"guadarrama",9,7
"WaterSurf",30,0,0,"guadarrama",9,7
"AlpConF",129960,3,0,"guadarrama",9,8
"AlpScrGr",172894,35,0.02,"guadarrama",9,8
"ArtSurf",1490,0,0,"guadarrama",9,8
"Grass",7028,38,0.54,"guadarrama",9,8
"MedSclF",3280,6,0.18,"guadarrama",9,8
"MedScrub",38947,77,0.2,"guadarrama",9,8
"Peatland",229,3,1.31,"guadarrama",9,8
"Reforestation",88149,13,0.01,"guadarrama",9,8
"RipF",529,1,0.19,"guadarrama",9,8
"RockScreeVeg",46691,52,0.11,"guadarrama",9,8
"SMedMarF",5314,15,0.28,"guadarrama",9,8
"Shrub",3703,43,1.16,"guadarrama",9,8
"TempDecF",1436,0,0,"guadarrama",9,8
"WaterSurf",30,0,0,"guadarrama",9,8
"AlpConF",129960,0,0,"guadarrama",9,9
"AlpScrGr",172894,0,0,"guadarrama",9,9
"ArtSurf",1490,0,0,"guadarrama",9,9
"Grass",7028,0,0,"guadarrama",9,9
"MedSclF",3280,0,0,"guadarrama",9,9
"MedScrub",38947,0,0,"guadarrama",9,9
"Peatland",229,0,0,"guadarrama",9,9
"Reforestation",88149,0,0,"guadarrama",9,9
"RipF",529,0,0,"guadarrama",9,9
"RockScreeVeg",46691,0,0,"guadarrama",9,9
"SMedMarF",5314,0,0,"guadarrama",9,9
"Shrub",3703,0,0,"guadarrama",9,9
"TempDecF",1436,0,0,"guadarrama",9,9
"WaterSurf",30,0,0,"guadarrama",9,9
"AlpConF",129960,0,0,"guadarrama",9,10
"AlpScrGr",172894,0,0,"guadarrama",9,10
"ArtSurf",1490,0,0,"guadarrama",9,10
"Grass",7028,0,0,"guadarrama",9,10
"MedSclF",3280,0,0,"guadarrama",9,10
"MedScrub",38947,0,0,"guadarrama",9,10
"Peatland",229,0,0,"guadarrama",9,10
"Reforestation",88149,0,0,"guadarrama",9,10
"RipF",529,0,0,"guadarrama",9,10
"RockScreeVeg",46691,0,0,"guadarrama",9,10
"SMedMarF",5314,0,0,"guadarrama",9,10
"Shrub",3703,0,0,"guadarrama",9,10
"TempDecF",1436,0,0,"guadarrama",9,10
"WaterSurf",30,0,0,"guadarrama",9,10
"AlpConF",129960,0,0,"guadarrama",9,11
"AlpScrGr",172894,0,0,"guadarrama",9,11
"ArtSurf",1490,0,0,"guadarrama",9,11
"Grass",7028,0,0,"guadarrama",9,11
"MedSclF",3280,0,0,"guadarrama",9,11
"MedScrub",38947,0,0,"guadarrama",9,11
"Peatland",229,0,0,"guadarrama",9,11
"Reforestation",88149,0,0,"guadarrama",9,11
"RipF",529,0,0,"guadarrama",9,11
"RockScreeVeg",46691,0,0,"guadarrama",9,11
"SMedMarF",5314,0,0,"guadarrama",9,11
"Shrub",3703,0,0,"guadarrama",9,11
"TempDecF",1436,0,0,"guadarrama",9,11
"WaterSurf",30,0,0,"guadarrama",9,11
"AlpConF",129960,0,0,"guadarrama",9,12
"AlpScrGr",172894,0,0,"guadarrama",9,12
"ArtSurf",1490,0,0,"guadarrama",9,12
"Grass",7028,0,0,"guadarrama",9,12
"MedSclF",3280,0,0,"guadarrama",9,12
"MedScrub",38947,0,0,"guadarrama",9,12
"Peatland",229,0,0,"guadarrama",9,12
"Reforestation",88133,0,0,"guadarrama",9,12
"RipF",529,0,0,"guadarrama",9,12
"RockScreeVeg",46691,0,0,"guadarrama",9,12
"SMedMarF",5314,0,0,"guadarrama",9,12
"Shrub",3703,0,0,"guadarrama",9,12
"TempDecF",1436,0,0,"guadarrama",9,12
"WaterSurf",30,0,0,"guadarrama",9,12
"AlpConF",129960,0,0,"guadarrama",12,1
"AlpScrGr",172894,0,0,"guadarrama",12,1
"ArtSurf",1490,0,0,"guadarrama",12,1
"Grass",7028,0,0,"guadarrama",12,1
"MedSclF",3280,0,0,"guadarrama",12,1
"MedScrub",38947,0,0,"guadarrama",12,1
"Peatland",229,0,0,"guadarrama",12,1
"Reforestation",88147,0,0,"guadarrama",12,1
"RipF",529,0,0,"guadarrama",12,1
"RockScreeVeg",46691,0,0,"guadarrama",12,1
"SMedMarF",5314,0,0,"guadarrama",12,1
"Shrub",3703,0,0,"guadarrama",12,1
"TempDecF",1436,0,0,"guadarrama",12,1
"WaterSurf",30,0,0,"guadarrama",12,1
"AlpConF",129960,0,0,"guadarrama",12,2
"AlpScrGr",172894,0,0,"guadarrama",12,2
"ArtSurf",1490,0,0,"guadarrama",12,2
"Grass",7028,0,0,"guadarrama",12,2
"MedSclF",3280,0,0,"guadarrama",12,2
"MedScrub",38947,0,0,"guadarrama",12,2
"Peatland",229,0,0,"guadarrama",12,2
"Reforestation",88149,0,0,"guadarrama",12,2
"RipF",529,0,0,"guadarrama",12,2
"RockScreeVeg",46691,0,0,"guadarrama",12,2
"SMedMarF",5314,0,0,"guadarrama",12,2
"Shrub",3703,0,0,"guadarrama",12,2
"TempDecF",1436,0,0,"guadarrama",12,2
"WaterSurf",30,0,0,"guadarrama",12,2
"AlpConF",129960,0,0,"guadarrama",12,3
"AlpScrGr",172894,0,0,"guadarrama",12,3
"ArtSurf",1490,0,0,"guadarrama",12,3
"Grass",7028,0,0,"guadarrama",12,3
"MedSclF",3280,0,0,"guadarrama",12,3
"MedScrub",38947,0,0,"guadarrama",12,3
"Peatland",229,0,0,"guadarrama",12,3
"Reforestation",88149,0,0,"guadarrama",12,3
"RipF",529,0,0,"guadarrama",12,3
"RockScreeVeg",46691,0,0,"guadarrama",12,3
"SMedMarF",5314,0,0,"guadarrama",12,3
"Shrub",3703,0,0,"guadarrama",12,3
"TempDecF",1436,0,0,"guadarrama",12,3
"WaterSurf",30,0,0,"guadarrama",12,3
"AlpConF",129960,0,0,"guadarrama",12,4
"AlpScrGr",172894,0,0,"guadarrama",12,4
"ArtSurf",1490,0,0,"guadarrama",12,4
"Grass",7028,0,0,"guadarrama",12,4
"MedSclF",3280,0,0,"guadarrama",12,4
"MedScrub",38947,0,0,"guadarrama",12,4
"Peatland",229,0,0,"guadarrama",12,4
"Reforestation",88149,0,0,"guadarrama",12,4
"RipF",529,0,0,"guadarrama",12,4
"RockScreeVeg",46691,0,0,"guadarrama",12,4
"SMedMarF",5314,0,0,"guadarrama",12,4
"Shrub",3703,0,0,"guadarrama",12,4
"TempDecF",1436,0,0,"guadarrama",12,4
"WaterSurf",30,0,0,"guadarrama",12,4
"AlpConF",129960,3,0,"guadarrama",12,5
"AlpScrGr",172894,124,0.07,"guadarrama",12,5
"ArtSurf",1490,0,0,"guadarrama",12,5
"Grass",7028,10,0.14,"guadarrama",12,5
"MedSclF",3280,0,0,"guadarrama",12,5
"MedScrub",38947,12,0.03,"guadarrama",12,5
"Peatland",229,0,0,"guadarrama",12,5
"Reforestation",88149,4,0,"guadarrama",12,5
"RipF",529,0,0,"guadarrama",12,5
"RockScreeVeg",46691,45,0.1,"guadarrama",12,5
"SMedMarF",5314,3,0.06,"guadarrama",12,5
"Shrub",3703,0,0,"guadarrama",12,5
"TempDecF",1436,0,0,"guadarrama",12,5
"WaterSurf",30,0,0,"guadarrama",12,5
"AlpConF",129960,2950,2.27,"guadarrama",12,6
"AlpScrGr",172894,14704,8.5,"guadarrama",12,6
"ArtSurf",1490,52,3.49,"guadarrama",12,6
"Grass",7028,3824,54.41,"guadarrama",12,6
"MedSclF",3280,645,19.66,"guadarrama",12,6
"MedScrub",38947,6478,16.63,"guadarrama",12,6
"Peatland",229,9,3.93,"guadarrama",12,6
"Reforestation",88149,3155,3.58,"guadarrama",12,6
"RipF",529,108,20.42,"guadarrama",12,6
"RockScreeVeg",46691,4696,10.06,"guadarrama",12,6
"SMedMarF",5314,786,14.79,"guadarrama",12,6
"Shrub",3703,1841,49.72,"guadarrama",12,6
"TempDecF",1436,16,1.11,"guadarrama",12,6
"WaterSurf",30,0,0,"guadarrama",12,6
"AlpConF",129960,0,0,"guadarrama",12,7
"AlpScrGr",172894,0,0,"guadarrama",12,7
"ArtSurf",1490,0,0,"guadarrama",12,7
"Grass",7028,2,0.03,"guadarrama",12,7
"MedSclF",3280,0,0,"guadarrama",12,7
"MedScrub",38947,4,0.01,"guadarrama",12,7
"Peatland",229,0,0,"guadarrama",12,7
"Reforestation",88149,0,0,"guadarrama",12,7
"RipF",529,0,0,"guadarrama",12,7
"RockScreeVeg",46691,1,0,"guadarrama",12,7
"SMedMarF",5314,0,0,"guadarrama",12,7
"Shrub",3703,1,0.03,"guadarrama",12,7
"TempDecF",1436,0,0,"guadarrama",12,7
"WaterSurf",30,0,0,"guadarrama",12,7
"AlpConF",129960,0,0,"guadarrama",12,8
"AlpScrGr",172894,0,0,"guadarrama",12,8
"ArtSurf",1490,0,0,"guadarrama",12,8
"Grass",7028,0,0,"guadarrama",12,8
"MedSclF",3280,0,0,"guadarrama",12,8
"MedScrub",38947,0,0,"guadarrama",12,8
"Peatland",229,0,0,"guadarrama",12,8
"Reforestation",88149,0,0,"guadarrama",12,8
"RipF",529,0,0,"guadarrama",12,8
"RockScreeVeg",46691,0,0,"guadarrama",12,8
"SMedMarF",5314,0,0,"guadarrama",12,8
"Shrub",3703,0,0,"guadarrama",12,8
"TempDecF",1436,0,0,"guadarrama",12,8
"WaterSurf",30,0,0,"guadarrama",12,8
"AlpConF",129960,0,0,"guadarrama",12,9
"AlpScrGr",172894,0,0,"guadarrama",12,9
"ArtSurf",1490,0,0,"guadarrama",12,9
"Grass",7028,0,0,"guadarrama",12,9
"MedSclF",3280,0,0,"guadarrama",12,9
"MedScrub",38947,0,0,"guadarrama",12,9
"Peatland",229,0,0,"guadarrama",12,9
"Reforestation",88149,0,0,"guadarrama",12,9
"RipF",529,0,0,"guadarrama",12,9
"RockScreeVeg",46691,0,0,"guadarrama",12,9
"SMedMarF",5314,0,0,"guadarrama",12,9
"Shrub",3703,0,0,"guadarrama",12,9
"TempDecF",1436,0,0,"guadarrama",12,9
"WaterSurf",30,0,0,"guadarrama",12,9
"AlpConF",129960,0,0,"guadarrama",12,10
"AlpScrGr",172894,0,0,"guadarrama",12,10
"ArtSurf",1490,0,0,"guadarrama",12,10
"Grass",7028,0,0,"guadarrama",12,10
"MedSclF",3280,0,0,"guadarrama",12,10
"MedScrub",38947,0,0,"guadarrama",12,10
"Peatland",229,0,0,"guadarrama",12,10
"Reforestation",88149,0,0,"guadarrama",12,10
"RipF",529,0,0,"guadarrama",12,10
"RockScreeVeg",46691,0,0,"guadarrama",12,10
"SMedMarF",5314,0,0,"guadarrama",12,10
"Shrub",3703,0,0,"guadarrama",12,10
"TempDecF",1436,0,0,"guadarrama",12,10
"WaterSurf",30,0,0,"guadarrama",12,10
"AlpConF",129960,0,0,"guadarrama",12,11
"AlpScrGr",172894,0,0,"guadarrama",12,11
"ArtSurf",1490,0,0,"guadarrama",12,11
"Grass",7028,0,0,"guadarrama",12,11
"MedSclF",3280,0,0,"guadarrama",12,11
"MedScrub",38947,0,0,"guadarrama",12,11
"Peatland",229,0,0,"guadarrama",12,11
"Reforestation",88149,0,0,"guadarrama",12,11
"RipF",529,0,0,"guadarrama",12,11
"RockScreeVeg",46691,0,0,"guadarrama",12,11
"SMedMarF",5314,0,0,"guadarrama",12,11
"Shrub",3703,0,0,"guadarrama",12,11
"TempDecF",1436,0,0,"guadarrama",12,11
"WaterSurf",30,0,0,"guadarrama",12,11
"AlpConF",129960,0,0,"guadarrama",12,12
"AlpScrGr",172894,0,0,"guadarrama",12,12
"ArtSurf",1490,0,0,"guadarrama",12,12
"Grass",7028,0,0,"guadarrama",12,12
"MedSclF",3280,0,0,"guadarrama",12,12
"MedScrub",38947,0,0,"guadarrama",12,12
"Peatland",229,0,0,"guadarrama",12,12
"Reforestation",88133,0,0,"guadarrama",12,12
"RipF",529,0,0,"guadarrama",12,12
"RockScreeVeg",46691,0,0,"guadarrama",12,12
"SMedMarF",5314,0,0,"guadarrama",12,12
"Shrub",3703,0,0,"guadarrama",12,12
"TempDecF",1436,0,0,"guadarrama",12,12
"WaterSurf",30,0,0,"guadarrama",12,12
"ArtSurf",329,0,0,"cies",1,1
"AtlScrub",5686,0,0,"cies",1,1
"BareArea",3742,0,0,"cies",1,1
"Crop",3,0,0,"cies",1,1
"DuneSand",232,0,0,"cies",1,1
"Grass",1926,0,0,"cies",1,1
"HydroRipVeg",100,0,0,"cies",1,1
"MedSclF",18,0,0,"cies",1,1
"Reforestation",2902,0,0,"cies",1,1
"RipF",133,0,0,"cies",1,1
"RockScreeVeg",28,0,0,"cies",1,1
"SMedMarF",2,0,0,"cies",1,1
"SaltMar",253,0,0,"cies",1,1
"Shrub",772,0,0,"cies",1,1
"TempDecF",261,0,0,"cies",1,1
"WaterSurf",95,0,0,"cies",1,1
"ArtSurf",329,0,0,"cies",1,2
"AtlScrub",5686,0,0,"cies",1,2
"BareArea",3742,0,0,"cies",1,2
"Crop",3,0,0,"cies",1,2
"DuneSand",232,0,0,"cies",1,2
"Grass",1926,0,0,"cies",1,2
"HydroRipVeg",100,0,0,"cies",1,2
"MedSclF",18,0,0,"cies",1,2
"Reforestation",2902,0,0,"cies",1,2
"RipF",133,0,0,"cies",1,2
"RockScreeVeg",28,0,0,"cies",1,2
"SMedMarF",2,0,0,"cies",1,2
"SaltMar",253,0,0,"cies",1,2
"Shrub",772,0,0,"cies",1,2
"TempDecF",261,0,0,"cies",1,2
"WaterSurf",95,0,0,"cies",1,2
"ArtSurf",329,0,0,"cies",1,3
"AtlScrub",5686,0,0,"cies",1,3
"BareArea",3742,0,0,"cies",1,3
"Crop",3,0,0,"cies",1,3
"DuneSand",232,0,0,"cies",1,3
"Grass",1926,0,0,"cies",1,3
"HydroRipVeg",100,0,0,"cies",1,3
"MedSclF",18,0,0,"cies",1,3
"Reforestation",2902,0,0,"cies",1,3
"RipF",133,0,0,"cies",1,3
"RockScreeVeg",28,0,0,"cies",1,3
"SMedMarF",2,0,0,"cies",1,3
"SaltMar",253,0,0,"cies",1,3
"Shrub",772,0,0,"cies",1,3
"TempDecF",261,0,0,"cies",1,3
"WaterSurf",95,0,0,"cies",1,3
"ArtSurf",329,0,0,"cies",1,4
"AtlScrub",5686,0,0,"cies",1,4
"BareArea",3742,0,0,"cies",1,4
"Crop",3,0,0,"cies",1,4
"DuneSand",232,0,0,"cies",1,4
"Grass",1926,0,0,"cies",1,4
"HydroRipVeg",100,0,0,"cies",1,4
"MedSclF",18,0,0,"cies",1,4
"Reforestation",2902,0,0,"cies",1,4
"RipF",133,0,0,"cies",1,4
"RockScreeVeg",28,0,0,"cies",1,4
"SMedMarF",2,0,0,"cies",1,4
"SaltMar",253,0,0,"cies",1,4
"Shrub",772,0,0,"cies",1,4
"TempDecF",261,0,0,"cies",1,4
"WaterSurf",95,0,0,"cies",1,4
"ArtSurf",329,0,0,"cies",1,5
"AtlScrub",5686,0,0,"cies",1,5
"BareArea",3742,0,0,"cies",1,5
"Crop",3,0,0,"cies",1,5
"DuneSand",232,0,0,"cies",1,5
"Grass",1926,0,0,"cies",1,5
"HydroRipVeg",100,0,0,"cies",1,5
"MedSclF",18,0,0,"cies",1,5
"Reforestation",2902,0,0,"cies",1,5
"RipF",133,0,0,"cies",1,5
"RockScreeVeg",28,0,0,"cies",1,5
"SMedMarF",2,0,0,"cies",1,5
"SaltMar",253,0,0,"cies",1,5
"Shrub",772,0,0,"cies",1,5
"TempDecF",261,0,0,"cies",1,5
"WaterSurf",95,0,0,"cies",1,5
"ArtSurf",329,0,0,"cies",1,6
"AtlScrub",5686,0,0,"cies",1,6
"BareArea",3742,0,0,"cies",1,6
"Crop",3,0,0,"cies",1,6
"DuneSand",232,0,0,"cies",1,6
"Grass",1926,0,0,"cies",1,6
"HydroRipVeg",100,0,0,"cies",1,6
"MedSclF",18,0,0,"cies",1,6
"Reforestation",2902,0,0,"cies",1,6
"RipF",133,0,0,"cies",1,6
"RockScreeVeg",28,0,0,"cies",1,6
"SMedMarF",2,0,0,"cies",1,6
"SaltMar",253,0,0,"cies",1,6
"Shrub",772,0,0,"cies",1,6
"TempDecF",261,0,0,"cies",1,6
"WaterSurf",95,0,0,"cies",1,6
"ArtSurf",329,0,0,"cies",1,7
"AtlScrub",5686,0,0,"cies",1,7
"BareArea",3742,1,0.03,"cies",1,7
"Crop",3,0,0,"cies",1,7
"DuneSand",232,0,0,"cies",1,7
"Grass",1926,0,0,"cies",1,7
"HydroRipVeg",100,0,0,"cies",1,7
"MedSclF",18,0,0,"cies",1,7
"Reforestation",2902,2,0.07,"cies",1,7
"RipF",133,0,0,"cies",1,7
"RockScreeVeg",28,0,0,"cies",1,7
"SMedMarF",2,0,0,"cies",1,7
"SaltMar",253,0,0,"cies",1,7
"Shrub",772,0,0,"cies",1,7
"TempDecF",261,0,0,"cies",1,7
"WaterSurf",95,0,0,"cies",1,7
"ArtSurf",329,0,0,"cies",1,8
"AtlScrub",5686,0,0,"cies",1,8
"BareArea",3742,0,0,"cies",1,8
"Crop",3,0,0,"cies",1,8
"DuneSand",232,0,0,"cies",1,8
"Grass",1926,0,0,"cies",1,8
"HydroRipVeg",100,0,0,"cies",1,8
"MedSclF",18,0,0,"cies",1,8
"Reforestation",2902,0,0,"cies",1,8
"RipF",133,0,0,"cies",1,8
"RockScreeVeg",28,0,0,"cies",1,8
"SMedMarF",2,0,0,"cies",1,8
"SaltMar",253,0,0,"cies",1,8
"Shrub",772,0,0,"cies",1,8
"TempDecF",261,0,0,"cies",1,8
"WaterSurf",95,0,0,"cies",1,8
"ArtSurf",329,0,0,"cies",1,9
"AtlScrub",5686,0,0,"cies",1,9
"BareArea",3742,0,0,"cies",1,9
"Crop",3,0,0,"cies",1,9
"DuneSand",232,0,0,"cies",1,9
"Grass",1926,0,0,"cies",1,9
"HydroRipVeg",100,0,0,"cies",1,9
"MedSclF",18,0,0,"cies",1,9
"Reforestation",2902,0,0,"cies",1,9
"RipF",133,0,0,"cies",1,9
"RockScreeVeg",28,0,0,"cies",1,9
"SMedMarF",2,0,0,"cies",1,9
"SaltMar",253,0,0,"cies",1,9
"Shrub",772,0,0,"cies",1,9
"TempDecF",261,0,0,"cies",1,9
"WaterSurf",95,0,0,"cies",1,9
"ArtSurf",329,0,0,"cies",1,10
"AtlScrub",5686,0,0,"cies",1,10
"BareArea",3742,0,0,"cies",1,10
"Crop",3,0,0,"cies",1,10
"DuneSand",232,0,0,"cies",1,10
"Grass",1926,0,0,"cies",1,10
"HydroRipVeg",100,0,0,"cies",1,10
"MedSclF",18,0,0,"cies",1,10
"Reforestation",2902,0,0,"cies",1,10
"RipF",133,0,0,"cies",1,10
"RockScreeVeg",28,0,0,"cies",1,10
"SMedMarF",2,0,0,"cies",1,10
"SaltMar",253,0,0,"cies",1,10
"Shrub",772,0,0,"cies",1,10
"TempDecF",261,0,0,"cies",1,10
"WaterSurf",95,0,0,"cies",1,10
"ArtSurf",329,0,0,"cies",1,11
"AtlScrub",5686,0,0,"cies",1,11
"BareArea",3742,0,0,"cies",1,11
"Crop",3,0,0,"cies",1,11
"DuneSand",232,0,0,"cies",1,11
"Grass",1926,0,0,"cies",1,11
"HydroRipVeg",100,0,0,"cies",1,11
"MedSclF",18,0,0,"cies",1,11
"Reforestation",2902,0,0,"cies",1,11
"RipF",133,0,0,"cies",1,11
"RockScreeVeg",28,0,0,"cies",1,11
"SMedMarF",2,0,0,"cies",1,11
"SaltMar",253,0,0,"cies",1,11
"Shrub",772,0,0,"cies",1,11
"TempDecF",261,0,0,"cies",1,11
"WaterSurf",95,0,0,"cies",1,11
"ArtSurf",329,0,0,"cies",1,12
"AtlScrub",5686,0,0,"cies",1,12
"BareArea",3742,0,0,"cies",1,12
"Crop",3,0,0,"cies",1,12
"DuneSand",232,0,0,"cies",1,12
"Grass",1926,0,0,"cies",1,12
"HydroRipVeg",100,0,0,"cies",1,12
"MedSclF",18,0,0,"cies",1,12
"Reforestation",2902,0,0,"cies",1,12
"RipF",133,0,0,"cies",1,12
"RockScreeVeg",28,0,0,"cies",1,12
"SMedMarF",2,0,0,"cies",1,12
"SaltMar",253,0,0,"cies",1,12
"Shrub",772,0,0,"cies",1,12
"TempDecF",261,0,0,"cies",1,12
"WaterSurf",95,0,0,"cies",1,12
"ArtSurf",329,0,0,"cies",3,1
"AtlScrub",5686,0,0,"cies",3,1
"BareArea",3742,0,0,"cies",3,1
"Crop",3,0,0,"cies",3,1
"DuneSand",232,0,0,"cies",3,1
"Grass",1926,0,0,"cies",3,1
"HydroRipVeg",100,0,0,"cies",3,1
"MedSclF",18,0,0,"cies",3,1
"Reforestation",2902,0,0,"cies",3,1
"RipF",133,0,0,"cies",3,1
"RockScreeVeg",28,0,0,"cies",3,1
"SMedMarF",2,0,0,"cies",3,1
"SaltMar",253,0,0,"cies",3,1
"Shrub",772,0,0,"cies",3,1
"TempDecF",261,0,0,"cies",3,1
"WaterSurf",95,0,0,"cies",3,1
"ArtSurf",329,0,0,"cies",3,2
"AtlScrub",5686,0,0,"cies",3,2
"BareArea",3742,0,0,"cies",3,2
"Crop",3,0,0,"cies",3,2
"DuneSand",232,0,0,"cies",3,2
"Grass",1926,0,0,"cies",3,2
"HydroRipVeg",100,0,0,"cies",3,2
"MedSclF",18,0,0,"cies",3,2
"Reforestation",2902,0,0,"cies",3,2
"RipF",133,0,0,"cies",3,2
"RockScreeVeg",28,0,0,"cies",3,2
"SMedMarF",2,0,0,"cies",3,2
"SaltMar",253,0,0,"cies",3,2
"Shrub",772,0,0,"cies",3,2
"TempDecF",261,0,0,"cies",3,2
"WaterSurf",95,0,0,"cies",3,2
"ArtSurf",329,0,0,"cies",3,3
"AtlScrub",5686,0,0,"cies",3,3
"BareArea",3742,0,0,"cies",3,3
"Crop",3,0,0,"cies",3,3
"DuneSand",232,0,0,"cies",3,3
"Grass",1926,0,0,"cies",3,3
"HydroRipVeg",100,0,0,"cies",3,3
"MedSclF",18,0,0,"cies",3,3
"Reforestation",2902,0,0,"cies",3,3
"RipF",133,0,0,"cies",3,3
"RockScreeVeg",28,0,0,"cies",3,3
"SMedMarF",2,0,0,"cies",3,3
"SaltMar",253,0,0,"cies",3,3
"Shrub",772,0,0,"cies",3,3
"TempDecF",261,0,0,"cies",3,3
"WaterSurf",95,0,0,"cies",3,3
"ArtSurf",329,0,0,"cies",3,4
"AtlScrub",5686,0,0,"cies",3,4
"BareArea",3742,0,0,"cies",3,4
"Crop",3,0,0,"cies",3,4
"DuneSand",232,0,0,"cies",3,4
"Grass",1926,0,0,"cies",3,4
"HydroRipVeg",100,0,0,"cies",3,4
"MedSclF",18,0,0,"cies",3,4
"Reforestation",2902,0,0,"cies",3,4
"RipF",133,0,0,"cies",3,4
"RockScreeVeg",28,0,0,"cies",3,4
"SMedMarF",2,0,0,"cies",3,4
"SaltMar",253,0,0,"cies",3,4
"Shrub",772,0,0,"cies",3,4
"TempDecF",261,0,0,"cies",3,4
"WaterSurf",95,0,0,"cies",3,4
"ArtSurf",329,0,0,"cies",3,5
"AtlScrub",5686,0,0,"cies",3,5
"BareArea",3742,0,0,"cies",3,5
"Crop",3,0,0,"cies",3,5
"DuneSand",232,0,0,"cies",3,5
"Grass",1926,0,0,"cies",3,5
"HydroRipVeg",100,0,0,"cies",3,5
"MedSclF",18,0,0,"cies",3,5
"Reforestation",2902,0,0,"cies",3,5
"RipF",133,0,0,"cies",3,5
"RockScreeVeg",28,0,0,"cies",3,5
"SMedMarF",2,0,0,"cies",3,5
"SaltMar",253,0,0,"cies",3,5
"Shrub",772,0,0,"cies",3,5
"TempDecF",261,0,0,"cies",3,5
"WaterSurf",95,0,0,"cies",3,5
"ArtSurf",329,20,6.08,"cies",3,6
"AtlScrub",5686,547,9.62,"cies",3,6
"BareArea",3742,456,12.19,"cies",3,6
"Crop",3,0,0,"cies",3,6
"DuneSand",232,8,3.45,"cies",3,6
"Grass",1926,415,21.55,"cies",3,6
"HydroRipVeg",100,17,17,"cies",3,6
"MedSclF",18,0,0,"cies",3,6
"Reforestation",2902,50,1.72,"cies",3,6
"RipF",133,0,0,"cies",3,6
"RockScreeVeg",28,16,57.14,"cies",3,6
"SMedMarF",2,0,0,"cies",3,6
"SaltMar",253,89,35.18,"cies",3,6
"Shrub",772,142,18.39,"cies",3,6
"TempDecF",261,1,0.38,"cies",3,6
"WaterSurf",95,0,0,"cies",3,6
"ArtSurf",329,5,1.52,"cies",3,7
"AtlScrub",5686,502,8.83,"cies",3,7
"BareArea",3742,548,14.64,"cies",3,7
"Crop",3,0,0,"cies",3,7
"DuneSand",232,20,8.62,"cies",3,7
"Grass",1926,339,17.6,"cies",3,7
"HydroRipVeg",100,25,25,"cies",3,7
"MedSclF",18,1,5.56,"cies",3,7
"Reforestation",2902,189,6.51,"cies",3,7
"RipF",133,6,4.51,"cies",3,7
"RockScreeVeg",28,0,0,"cies",3,7
"SMedMarF",2,0,0,"cies",3,7
"SaltMar",253,32,12.65,"cies",3,7
"Shrub",772,115,14.9,"cies",3,7
"TempDecF",261,1,0.38,"cies",3,7
"WaterSurf",95,0,0,"cies",3,7
"ArtSurf",329,153,46.5,"cies",3,8
"AtlScrub",5686,2546,44.78,"cies",3,8
"BareArea",3742,1519,40.59,"cies",3,8
"Crop",3,2,66.67,"cies",3,8
"DuneSand",232,56,24.14,"cies",3,8
"Grass",1926,1276,66.25,"cies",3,8
"HydroRipVeg",100,40,40,"cies",3,8
"MedSclF",18,0,0,"cies",3,8
"Reforestation",2902,287,9.89,"cies",3,8
"RipF",133,30,22.56,"cies",3,8
"RockScreeVeg",28,28,100,"cies",3,8
"SMedMarF",2,0,0,"cies",3,8
"SaltMar",253,164,64.82,"cies",3,8
"Shrub",772,419,54.27,"cies",3,8
"TempDecF",261,2,0.77,"cies",3,8
"WaterSurf",95,0,0,"cies",3,8
"ArtSurf",329,152,46.2,"cies",3,9
"AtlScrub",5686,2193,38.57,"cies",3,9
"BareArea",3742,970,25.92,"cies",3,9
"Crop",3,1,33.33,"cies",3,9
"DuneSand",232,31,13.36,"cies",3,9
"Grass",1926,959,49.79,"cies",3,9
"HydroRipVeg",100,44,44,"cies",3,9
"MedSclF",18,0,0,"cies",3,9
"Reforestation",2902,201,6.93,"cies",3,9
"RipF",133,29,21.8,"cies",3,9
"RockScreeVeg",28,26,92.86,"cies",3,9
"SMedMarF",2,0,0,"cies",3,9
"SaltMar",253,150,59.29,"cies",3,9
"Shrub",772,351,45.47,"cies",3,9
"TempDecF",261,2,0.77,"cies",3,9
"WaterSurf",95,0,0,"cies",3,9
"ArtSurf",329,5,1.52,"cies",3,10
"AtlScrub",5686,68,1.2,"cies",3,10
"BareArea",3742,73,1.95,"cies",3,10
"Crop",3,0,0,"cies",3,10
"DuneSand",232,1,0.43,"cies",3,10
"Grass",1926,68,3.53,"cies",3,10
"HydroRipVeg",100,3,3,"cies",3,10
"MedSclF",18,0,0,"cies",3,10
"Reforestation",2902,1,0.03,"cies",3,10
"RipF",133,1,0.75,"cies",3,10
"RockScreeVeg",28,0,0,"cies",3,10
"SMedMarF",2,0,0,"cies",3,10
"SaltMar",253,11,4.35,"cies",3,10
"Shrub",772,38,4.92,"cies",3,10
"TempDecF",261,0,0,"cies",3,10
"WaterSurf",95,0,0,"cies",3,10
"ArtSurf",329,0,0,"cies",3,11
"AtlScrub",5686,0,0,"cies",3,11
"BareArea",3742,0,0,"cies",3,11
"Crop",3,0,0,"cies",3,11
"DuneSand",232,0,0,"cies",3,11
"Grass",1926,0,0,"cies",3,11
"HydroRipVeg",100,0,0,"cies",3,11
"MedSclF",18,0,0,"cies",3,11
"Reforestation",2902,0,0,"cies",3,11
"RipF",133,0,0,"cies",3,11
"RockScreeVeg",28,0,0,"cies",3,11
"SMedMarF",2,0,0,"cies",3,11
"SaltMar",253,0,0,"cies",3,11
"Shrub",772,0,0,"cies",3,11
"TempDecF",261,0,0,"cies",3,11
"WaterSurf",95,0,0,"cies",3,11
"ArtSurf",329,0,0,"cies",3,12
"AtlScrub",5686,0,0,"cies",3,12
"BareArea",3742,0,0,"cies",3,12
"Crop",3,0,0,"cies",3,12
"DuneSand",232,0,0,"cies",3,12
"Grass",1926,0,0,"cies",3,12
"HydroRipVeg",100,0,0,"cies",3,12
"MedSclF",18,0,0,"cies",3,12
"Reforestation",2902,0,0,"cies",3,12
"RipF",133,0,0,"cies",3,12
"RockScreeVeg",28,0,0,"cies",3,12
"SMedMarF",2,0,0,"cies",3,12
"SaltMar",253,0,0,"cies",3,12
"Shrub",772,0,0,"cies",3,12
"TempDecF",261,0,0,"cies",3,12
"WaterSurf",95,0,0,"cies",3,12
"ArtSurf",329,0,0,"cies",6,1
"AtlScrub",5686,0,0,"cies",6,1
"BareArea",3742,2,0.05,"cies",6,1
"Crop",3,0,0,"cies",6,1
"DuneSand",232,0,0,"cies",6,1
"Grass",1926,0,0,"cies",6,1
"HydroRipVeg",100,0,0,"cies",6,1
"MedSclF",18,0,0,"cies",6,1
"Reforestation",2902,0,0,"cies",6,1
"RipF",133,0,0,"cies",6,1
"RockScreeVeg",28,0,0,"cies",6,1
"SMedMarF",2,0,0,"cies",6,1
"SaltMar",253,0,0,"cies",6,1
"Shrub",772,0,0,"cies",6,1
"TempDecF",261,0,0,"cies",6,1
"WaterSurf",95,0,0,"cies",6,1
"ArtSurf",329,0,0,"cies",6,2
"AtlScrub",5686,0,0,"cies",6,2
"BareArea",3742,0,0,"cies",6,2
"Crop",3,0,0,"cies",6,2
"DuneSand",232,0,0,"cies",6,2
"Grass",1926,0,0,"cies",6,2
"HydroRipVeg",100,0,0,"cies",6,2
"MedSclF",18,0,0,"cies",6,2
"Reforestation",2902,0,0,"cies",6,2
"RipF",133,0,0,"cies",6,2
"RockScreeVeg",28,0,0,"cies",6,2
"SMedMarF",2,0,0,"cies",6,2
"SaltMar",253,0,0,"cies",6,2
"Shrub",772,0,0,"cies",6,2
"TempDecF",261,0,0,"cies",6,2
"WaterSurf",95,0,0,"cies",6,2
"ArtSurf",329,0,0,"cies",6,3
"AtlScrub",5686,0,0,"cies",6,3
"BareArea",3742,0,0,"cies",6,3
"Crop",3,0,0,"cies",6,3
"DuneSand",232,0,0,"cies",6,3
"Grass",1926,0,0,"cies",6,3
"HydroRipVeg",100,0,0,"cies",6,3
"MedSclF",18,0,0,"cies",6,3
"Reforestation",2902,0,0,"cies",6,3
"RipF",133,0,0,"cies",6,3
"RockScreeVeg",28,0,0,"cies",6,3
"SMedMarF",2,0,0,"cies",6,3
"SaltMar",253,0,0,"cies",6,3
"Shrub",772,0,0,"cies",6,3
"TempDecF",261,0,0,"cies",6,3
"WaterSurf",95,0,0,"cies",6,3
"ArtSurf",329,0,0,"cies",6,4
"AtlScrub",5686,2,0.04,"cies",6,4
"BareArea",3742,10,0.27,"cies",6,4
"Crop",3,0,0,"cies",6,4
"DuneSand",232,1,0.43,"cies",6,4
"Grass",1926,0,0,"cies",6,4
"HydroRipVeg",100,0,0,"cies",6,4
"MedSclF",18,0,0,"cies",6,4
"Reforestation",2902,0,0,"cies",6,4
"RipF",133,0,0,"cies",6,4
"RockScreeVeg",28,0,0,"cies",6,4
"SMedMarF",2,0,0,"cies",6,4
"SaltMar",253,0,0,"cies",6,4
"Shrub",772,0,0,"cies",6,4
"TempDecF",261,0,0,"cies",6,4
"WaterSurf",95,0,0,"cies",6,4
"ArtSurf",329,0,0,"cies",6,5
"AtlScrub",5686,9,0.16,"cies",6,5
"BareArea",3742,14,0.37,"cies",6,5
"Crop",3,0,0,"cies",6,5
"DuneSand",232,0,0,"cies",6,5
"Grass",1926,4,0.21,"cies",6,5
"HydroRipVeg",100,0,0,"cies",6,5
"MedSclF",18,0,0,"cies",6,5
"Reforestation",2902,0,0,"cies",6,5
"RipF",133,0,0,"cies",6,5
"RockScreeVeg",28,0,0,"cies",6,5
"SMedMarF",2,0,0,"cies",6,5
"SaltMar",253,0,0,"cies",6,5
"Shrub",772,0,0,"cies",6,5
"TempDecF",261,0,0,"cies",6,5
"WaterSurf",95,0,0,"cies",6,5
"ArtSurf",329,6,1.82,"cies",6,6
"AtlScrub",5686,612,10.76,"cies",6,6
"BareArea",3742,270,7.22,"cies",6,6
"Crop",3,0,0,"cies",6,6
"DuneSand",232,11,4.74,"cies",6,6
"Grass",1926,137,7.11,"cies",6,6
"HydroRipVeg",100,16,16,"cies",6,6
"MedSclF",18,0,0,"cies",6,6
"Reforestation",2902,75,2.58,"cies",6,6
"RipF",133,6,4.51,"cies",6,6
"RockScreeVeg",28,7,25,"cies",6,6
"SMedMarF",2,0,0,"cies",6,6
"SaltMar",253,28,11.07,"cies",6,6
"Shrub",772,44,5.7,"cies",6,6
"TempDecF",261,0,0,"cies",6,6
"WaterSurf",95,0,0,"cies",6,6
"ArtSurf",329,0,0,"cies",6,7
"AtlScrub",5686,5,0.09,"cies",6,7
"BareArea",3742,15,0.4,"cies",6,7
"Crop",3,0,0,"cies",6,7
"DuneSand",232,0,0,"cies",6,7
"Grass",1926,1,0.05,"cies",6,7
"HydroRipVeg",100,0,0,"cies",6,7
"MedSclF",18,0,0,"cies",6,7
"Reforestation",2902,3,0.1,"cies",6,7
"RipF",133,0,0,"cies",6,7
"RockScreeVeg",28,0,0,"cies",6,7
"SMedMarF",2,0,0,"cies",6,7
"SaltMar",253,0,0,"cies",6,7
"Shrub",772,0,0,"cies",6,7
"TempDecF",261,0,0,"cies",6,7
"WaterSurf",95,0,0,"cies",6,7
"ArtSurf",329,38,11.55,"cies",6,8
"AtlScrub",5686,1818,31.97,"cies",6,8
"BareArea",3742,404,10.8,"cies",6,8
"Crop",3,0,0,"cies",6,8
"DuneSand",232,15,6.47,"cies",6,8
"Grass",1926,486,25.23,"cies",6,8
"HydroRipVeg",100,30,30,"cies",6,8
"MedSclF",18,0,0,"cies",6,8
"Reforestation",2902,188,6.48,"cies",6,8
"RipF",133,48,36.09,"cies",6,8
"RockScreeVeg",28,20,71.43,"cies",6,8
"SMedMarF",2,0,0,"cies",6,8
"SaltMar",253,71,28.06,"cies",6,8
"Shrub",772,233,30.18,"cies",6,8
"TempDecF",261,0,0,"cies",6,8
"WaterSurf",95,0,0,"cies",6,8
"ArtSurf",329,30,9.12,"cies",6,9
"AtlScrub",5686,1090,19.17,"cies",6,9
"BareArea",3742,467,12.48,"cies",6,9
"Crop",3,0,0,"cies",6,9
"DuneSand",232,22,9.48,"cies",6,9
"Grass",1926,426,22.12,"cies",6,9
"HydroRipVeg",100,38,38,"cies",6,9
"MedSclF",18,0,0,"cies",6,9
"Reforestation",2902,105,3.62,"cies",6,9
"RipF",133,7,5.26,"cies",6,9
"RockScreeVeg",28,18,64.29,"cies",6,9
"SMedMarF",2,0,0,"cies",6,9
"SaltMar",253,79,31.23,"cies",6,9
"Shrub",772,207,26.81,"cies",6,9
"TempDecF",261,0,0,"cies",6,9
"WaterSurf",95,0,0,"cies",6,9
"ArtSurf",329,0,0,"cies",6,10
"AtlScrub",5686,0,0,"cies",6,10
"BareArea",3742,0,0,"cies",6,10
"Crop",3,0,0,"cies",6,10
"DuneSand",232,0,0,"cies",6,10
"Grass",1926,0,0,"cies",6,10
"HydroRipVeg",100,0,0,"cies",6,10
"MedSclF",18,0,0,"cies",6,10
"Reforestation",2902,0,0,"cies",6,10
"RipF",133,0,0,"cies",6,10
"RockScreeVeg",28,0,0,"cies",6,10
"SMedMarF",2,0,0,"cies",6,10
"SaltMar",253,0,0,"cies",6,10
"Shrub",772,0,0,"cies",6,10
"TempDecF",261,0,0,"cies",6,10
"WaterSurf",95,0,0,"cies",6,10
"ArtSurf",329,0,0,"cies",6,11
"AtlScrub",5686,0,0,"cies",6,11
"BareArea",3742,0,0,"cies",6,11
"Crop",3,0,0,"cies",6,11
"DuneSand",232,0,0,"cies",6,11
"Grass",1926,0,0,"cies",6,11
"HydroRipVeg",100,0,0,"cies",6,11
"MedSclF",18,0,0,"cies",6,11
"Reforestation",2902,0,0,"cies",6,11
"RipF",133,0,0,"cies",6,11
"RockScreeVeg",28,0,0,"cies",6,11
"SMedMarF",2,0,0,"cies",6,11
"SaltMar",253,0,0,"cies",6,11
"Shrub",772,0,0,"cies",6,11
"TempDecF",261,0,0,"cies",6,11
"WaterSurf",95,0,0,"cies",6,11
"ArtSurf",329,0,0,"cies",6,12
"AtlScrub",5686,0,0,"cies",6,12
"BareArea",3742,0,0,"cies",6,12
"Crop",3,0,0,"cies",6,12
"DuneSand",232,0,0,"cies",6,12
"Grass",1926,0,0,"cies",6,12
"HydroRipVeg",100,0,0,"cies",6,12
"MedSclF",18,0,0,"cies",6,12
"Reforestation",2902,0,0,"cies",6,12
"RipF",133,0,0,"cies",6,12
"RockScreeVeg",28,0,0,"cies",6,12
"SMedMarF",2,0,0,"cies",6,12
"SaltMar",253,0,0,"cies",6,12
"Shrub",772,0,0,"cies",6,12
"TempDecF",261,0,0,"cies",6,12
"WaterSurf",95,0,0,"cies",6,12
"ArtSurf",329,0,0,"cies",9,1
"AtlScrub",5686,0,0,"cies",9,1
"BareArea",3742,2,0.05,"cies",9,1
"Crop",3,0,0,"cies",9,1
"DuneSand",232,0,0,"cies",9,1
"Grass",1926,0,0,"cies",9,1
"HydroRipVeg",100,0,0,"cies",9,1
"MedSclF",18,0,0,"cies",9,1
"Reforestation",2902,0,0,"cies",9,1
"RipF",133,0,0,"cies",9,1
"RockScreeVeg",28,0,0,"cies",9,1
"SMedMarF",2,0,0,"cies",9,1
"SaltMar",253,0,0,"cies",9,1
"Shrub",772,0,0,"cies",9,1
"TempDecF",261,0,0,"cies",9,1
"WaterSurf",95,0,0,"cies",9,1
"ArtSurf",329,0,0,"cies",9,2
"AtlScrub",5686,0,0,"cies",9,2
"BareArea",3742,0,0,"cies",9,2
"Crop",3,0,0,"cies",9,2
"DuneSand",232,0,0,"cies",9,2
"Grass",1926,0,0,"cies",9,2
"HydroRipVeg",100,0,0,"cies",9,2
"MedSclF",18,0,0,"cies",9,2
"Reforestation",2902,0,0,"cies",9,2
"RipF",133,0,0,"cies",9,2
"RockScreeVeg",28,0,0,"cies",9,2
"SMedMarF",2,0,0,"cies",9,2
"SaltMar",253,0,0,"cies",9,2
"Shrub",772,0,0,"cies",9,2
"TempDecF",261,0,0,"cies",9,2
"WaterSurf",95,0,0,"cies",9,2
"ArtSurf",329,0,0,"cies",9,3
"AtlScrub",5686,0,0,"cies",9,3
"BareArea",3742,0,0,"cies",9,3
"Crop",3,0,0,"cies",9,3
"DuneSand",232,0,0,"cies",9,3
"Grass",1926,0,0,"cies",9,3
"HydroRipVeg",100,0,0,"cies",9,3
"MedSclF",18,0,0,"cies",9,3
"Reforestation",2902,0,0,"cies",9,3
"RipF",133,0,0,"cies",9,3
"RockScreeVeg",28,0,0,"cies",9,3
"SMedMarF",2,0,0,"cies",9,3
"SaltMar",253,0,0,"cies",9,3
"Shrub",772,0,0,"cies",9,3
"TempDecF",261,0,0,"cies",9,3
"WaterSurf",95,0,0,"cies",9,3
"ArtSurf",329,0,0,"cies",9,4
"AtlScrub",5686,6,0.11,"cies",9,4
"BareArea",3742,25,0.67,"cies",9,4
"Crop",3,0,0,"cies",9,4
"DuneSand",232,1,0.43,"cies",9,4
"Grass",1926,4,0.21,"cies",9,4
"HydroRipVeg",100,0,0,"cies",9,4
"MedSclF",18,0,0,"cies",9,4
"Reforestation",2902,0,0,"cies",9,4
"RipF",133,0,0,"cies",9,4
"RockScreeVeg",28,0,0,"cies",9,4
"SMedMarF",2,0,0,"cies",9,4
"SaltMar",253,0,0,"cies",9,4
"Shrub",772,0,0,"cies",9,4
"TempDecF",261,0,0,"cies",9,4
"WaterSurf",95,0,0,"cies",9,4
"ArtSurf",329,0,0,"cies",9,5
"AtlScrub",5686,2,0.04,"cies",9,5
"BareArea",3742,3,0.08,"cies",9,5
"Crop",3,0,0,"cies",9,5
"DuneSand",232,0,0,"cies",9,5
"Grass",1926,0,0,"cies",9,5
"HydroRipVeg",100,0,0,"cies",9,5
"MedSclF",18,0,0,"cies",9,5
"Reforestation",2902,0,0,"cies",9,5
"RipF",133,0,0,"cies",9,5
"RockScreeVeg",28,0,0,"cies",9,5
"SMedMarF",2,0,0,"cies",9,5
"SaltMar",253,0,0,"cies",9,5
"Shrub",772,0,0,"cies",9,5
"TempDecF",261,0,0,"cies",9,5
"WaterSurf",95,0,0,"cies",9,5
"ArtSurf",329,0,0,"cies",9,6
"AtlScrub",5686,0,0,"cies",9,6
"BareArea",3742,1,0.03,"cies",9,6
"Crop",3,0,0,"cies",9,6
"DuneSand",232,0,0,"cies",9,6
"Grass",1926,0,0,"cies",9,6
"HydroRipVeg",100,0,0,"cies",9,6
"MedSclF",18,0,0,"cies",9,6
"Reforestation",2902,1,0.03,"cies",9,6
"RipF",133,0,0,"cies",9,6
"RockScreeVeg",28,0,0,"cies",9,6
"SMedMarF",2,0,0,"cies",9,6
"SaltMar",253,0,0,"cies",9,6
"Shrub",772,0,0,"cies",9,6
"TempDecF",261,0,0,"cies",9,6
"WaterSurf",95,0,0,"cies",9,6
"ArtSurf",329,0,0,"cies",9,7
"AtlScrub",5686,0,0,"cies",9,7
"BareArea",3742,0,0,"cies",9,7
"Crop",3,0,0,"cies",9,7
"DuneSand",232,0,0,"cies",9,7
"Grass",1926,0,0,"cies",9,7
"HydroRipVeg",100,0,0,"cies",9,7
"MedSclF",18,0,0,"cies",9,7
"Reforestation",2902,0,0,"cies",9,7
"RipF",133,0,0,"cies",9,7
"RockScreeVeg",28,0,0,"cies",9,7
"SMedMarF",2,0,0,"cies",9,7
"SaltMar",253,0,0,"cies",9,7
"Shrub",772,0,0,"cies",9,7
"TempDecF",261,0,0,"cies",9,7
"WaterSurf",95,0,0,"cies",9,7
"ArtSurf",329,0,0,"cies",9,8
"AtlScrub",5686,30,0.53,"cies",9,8
"BareArea",3742,75,2,"cies",9,8
"Crop",3,0,0,"cies",9,8
"DuneSand",232,1,0.43,"cies",9,8
"Grass",1926,11,0.57,"cies",9,8
"HydroRipVeg",100,0,0,"cies",9,8
"MedSclF",18,0,0,"cies",9,8
"Reforestation",2902,10,0.34,"cies",9,8
"RipF",133,0,0,"cies",9,8
"RockScreeVeg",28,0,0,"cies",9,8
"SMedMarF",2,0,0,"cies",9,8
"SaltMar",253,0,0,"cies",9,8
"Shrub",772,9,1.17,"cies",9,8
"TempDecF",261,0,0,"cies",9,8
"WaterSurf",95,0,0,"cies",9,8
"ArtSurf",329,0,0,"cies",9,9
"AtlScrub",5686,0,0,"cies",9,9
"BareArea",3742,0,0,"cies",9,9
"Crop",3,0,0,"cies",9,9
"DuneSand",232,0,0,"cies",9,9
"Grass",1926,0,0,"cies",9,9
"HydroRipVeg",100,0,0,"cies",9,9
"MedSclF",18,0,0,"cies",9,9
"Reforestation",2902,0,0,"cies",9,9
"RipF",133,0,0,"cies",9,9
"RockScreeVeg",28,0,0,"cies",9,9
"SMedMarF",2,0,0,"cies",9,9
"SaltMar",253,0,0,"cies",9,9
"Shrub",772,0,0,"cies",9,9
"TempDecF",261,0,0,"cies",9,9
"WaterSurf",95,0,0,"cies",9,9
"ArtSurf",329,0,0,"cies",9,10
"AtlScrub",5686,20,0.35,"cies",9,10
"BareArea",3742,7,0.19,"cies",9,10
"Crop",3,0,0,"cies",9,10
"DuneSand",232,2,0.86,"cies",9,10
"Grass",1926,1,0.05,"cies",9,10
"HydroRipVeg",100,0,0,"cies",9,10
"MedSclF",18,0,0,"cies",9,10
"Reforestation",2902,7,0.24,"cies",9,10
"RipF",133,0,0,"cies",9,10
"RockScreeVeg",28,0,0,"cies",9,10
"SMedMarF",2,0,0,"cies",9,10
"SaltMar",253,0,0,"cies",9,10
"Shrub",772,0,0,"cies",9,10
"TempDecF",261,0,0,"cies",9,10
"WaterSurf",95,0,0,"cies",9,10
"ArtSurf",329,1,0.3,"cies",9,11
"AtlScrub",5686,3,0.05,"cies",9,11
"BareArea",3742,16,0.43,"cies",9,11
"Crop",3,0,0,"cies",9,11
"DuneSand",232,0,0,"cies",9,11
"Grass",1926,4,0.21,"cies",9,11
"HydroRipVeg",100,2,2,"cies",9,11
"MedSclF",18,0,0,"cies",9,11
"Reforestation",2902,2,0.07,"cies",9,11
"RipF",133,0,0,"cies",9,11
"RockScreeVeg",28,0,0,"cies",9,11
"SMedMarF",2,0,0,"cies",9,11
"SaltMar",253,0,0,"cies",9,11
"Shrub",772,6,0.78,"cies",9,11
"TempDecF",261,0,0,"cies",9,11
"WaterSurf",95,0,0,"cies",9,11
"ArtSurf",329,0,0,"cies",9,12
"AtlScrub",5686,0,0,"cies",9,12
"BareArea",3742,0,0,"cies",9,12
"Crop",3,0,0,"cies",9,12
"DuneSand",232,0,0,"cies",9,12
"Grass",1926,0,0,"cies",9,12
"HydroRipVeg",100,0,0,"cies",9,12
"MedSclF",18,0,0,"cies",9,12
"Reforestation",2902,0,0,"cies",9,12
"RipF",133,0,0,"cies",9,12
"RockScreeVeg",28,0,0,"cies",9,12
"SMedMarF",2,0,0,"cies",9,12
"SaltMar",253,0,0,"cies",9,12
"Shrub",772,0,0,"cies",9,12
"TempDecF",261,0,0,"cies",9,12
"WaterSurf",95,0,0,"cies",9,12
"ArtSurf",329,0,0,"cies",12,1
"AtlScrub",5686,0,0,"cies",12,1
"BareArea",3742,0,0,"cies",12,1
"Crop",3,0,0,"cies",12,1
"DuneSand",232,0,0,"cies",12,1
"Grass",1926,0,0,"cies",12,1
"HydroRipVeg",100,0,0,"cies",12,1
"MedSclF",18,0,0,"cies",12,1
"Reforestation",2902,0,0,"cies",12,1
"RipF",133,0,0,"cies",12,1
"RockScreeVeg",28,0,0,"cies",12,1
"SMedMarF",2,0,0,"cies",12,1
"SaltMar",253,0,0,"cies",12,1
"Shrub",772,0,0,"cies",12,1
"TempDecF",261,0,0,"cies",12,1
"WaterSurf",95,0,0,"cies",12,1
"ArtSurf",329,0,0,"cies",12,2
"AtlScrub",5686,0,0,"cies",12,2
"BareArea",3742,0,0,"cies",12,2
"Crop",3,0,0,"cies",12,2
"DuneSand",232,0,0,"cies",12,2
"Grass",1926,0,0,"cies",12,2
"HydroRipVeg",100,0,0,"cies",12,2
"MedSclF",18,0,0,"cies",12,2
"Reforestation",2902,0,0,"cies",12,2
"RipF",133,0,0,"cies",12,2
"RockScreeVeg",28,0,0,"cies",12,2
"SMedMarF",2,0,0,"cies",12,2
"SaltMar",253,0,0,"cies",12,2
"Shrub",772,0,0,"cies",12,2
"TempDecF",261,0,0,"cies",12,2
"WaterSurf",95,0,0,"cies",12,2
"ArtSurf",329,0,0,"cies",12,3
"AtlScrub",5686,0,0,"cies",12,3
"BareArea",3742,0,0,"cies",12,3
"Crop",3,0,0,"cies",12,3
"DuneSand",232,0,0,"cies",12,3
"Grass",1926,0,0,"cies",12,3
"HydroRipVeg",100,0,0,"cies",12,3
"MedSclF",18,0,0,"cies",12,3
"Reforestation",2902,0,0,"cies",12,3
"RipF",133,0,0,"cies",12,3
"RockScreeVeg",28,0,0,"cies",12,3
"SMedMarF",2,0,0,"cies",12,3
"SaltMar",253,0,0,"cies",12,3
"Shrub",772,0,0,"cies",12,3
"TempDecF",261,0,0,"cies",12,3
"WaterSurf",95,0,0,"cies",12,3
"ArtSurf",329,0,0,"cies",12,4
"AtlScrub",5686,9,0.16,"cies",12,4
"BareArea",3742,53,1.42,"cies",12,4
"Crop",3,0,0,"cies",12,4
"DuneSand",232,7,3.02,"cies",12,4
"Grass",1926,8,0.42,"cies",12,4
"HydroRipVeg",100,0,0,"cies",12,4
"MedSclF",18,0,0,"cies",12,4
"Reforestation",2902,1,0.03,"cies",12,4
"RipF",133,0,0,"cies",12,4
"RockScreeVeg",28,0,0,"cies",12,4
"SMedMarF",2,0,0,"cies",12,4
"SaltMar",253,0,0,"cies",12,4
"Shrub",772,0,0,"cies",12,4
"TempDecF",261,0,0,"cies",12,4
"WaterSurf",95,0,0,"cies",12,4
"ArtSurf",329,1,0.3,"cies",12,5
"AtlScrub",5686,21,0.37,"cies",12,5
"BareArea",3742,27,0.72,"cies",12,5
"Crop",3,0,0,"cies",12,5
"DuneSand",232,0,0,"cies",12,5
"Grass",1926,4,0.21,"cies",12,5
"HydroRipVeg",100,0,0,"cies",12,5
"MedSclF",18,0,0,"cies",12,5
"Reforestation",2902,0,0,"cies",12,5
"RipF",133,0,0,"cies",12,5
"RockScreeVeg",28,0,0,"cies",12,5
"SMedMarF",2,0,0,"cies",12,5
"SaltMar",253,4,1.58,"cies",12,5
"Shrub",772,0,0,"cies",12,5
"TempDecF",261,0,0,"cies",12,5
"WaterSurf",95,0,0,"cies",12,5
"ArtSurf",329,6,1.82,"cies",12,6
"AtlScrub",5686,659,11.59,"cies",12,6
"BareArea",3742,97,2.59,"cies",12,6
"Crop",3,0,0,"cies",12,6
"DuneSand",232,0,0,"cies",12,6
"Grass",1926,83,4.31,"cies",12,6
"HydroRipVeg",100,0,0,"cies",12,6
"MedSclF",18,0,0,"cies",12,6
"Reforestation",2902,70,2.41,"cies",12,6
"RipF",133,7,5.26,"cies",12,6
"RockScreeVeg",28,2,7.14,"cies",12,6
"SMedMarF",2,0,0,"cies",12,6
"SaltMar",253,21,8.3,"cies",12,6
"Shrub",772,16,2.07,"cies",12,6
"TempDecF",261,0,0,"cies",12,6
"WaterSurf",95,0,0,"cies",12,6
"ArtSurf",329,0,0,"cies",12,7
"AtlScrub",5686,2,0.04,"cies",12,7
"BareArea",3742,2,0.05,"cies",12,7
"Crop",3,0,0,"cies",12,7
"DuneSand",232,0,0,"cies",12,7
"Grass",1926,0,0,"cies",12,7
"HydroRipVeg",100,0,0,"cies",12,7
"MedSclF",18,0,0,"cies",12,7
"Reforestation",2902,4,0.14,"cies",12,7
"RipF",133,0,0,"cies",12,7
"RockScreeVeg",28,0,0,"cies",12,7
"SMedMarF",2,0,0,"cies",12,7
"SaltMar",253,0,0,"cies",12,7
"Shrub",772,2,0.26,"cies",12,7
"TempDecF",261,0,0,"cies",12,7
"WaterSurf",95,0,0,"cies",12,7
"ArtSurf",329,0,0,"cies",12,8
"AtlScrub",5686,85,1.49,"cies",12,8
"BareArea",3742,131,3.5,"cies",12,8
"Crop",3,0,0,"cies",12,8
"DuneSand",232,5,2.16,"cies",12,8
"Grass",1926,39,2.02,"cies",12,8
"HydroRipVeg",100,0,0,"cies",12,8
"MedSclF",18,0,0,"cies",12,8
"Reforestation",2902,53,1.83,"cies",12,8
"RipF",133,0,0,"cies",12,8
"RockScreeVeg",28,1,3.57,"cies",12,8
"SMedMarF",2,0,0,"cies",12,8
"SaltMar",253,8,3.16,"cies",12,8
"Shrub",772,27,3.5,"cies",12,8
"TempDecF",261,0,0,"cies",12,8
"WaterSurf",95,0,0,"cies",12,8
"ArtSurf",329,0,0,"cies",12,9
"AtlScrub",5686,0,0,"cies",12,9
"BareArea",3742,0,0,"cies",12,9
"Crop",3,0,0,"cies",12,9
"DuneSand",232,0,0,"cies",12,9
"Grass",1926,0,0,"cies",12,9
"HydroRipVeg",100,0,0,"cies",12,9
"MedSclF",18,0,0,"cies",12,9
"Reforestation",2902,0,0,"cies",12,9
"RipF",133,0,0,"cies",12,9
"RockScreeVeg",28,0,0,"cies",12,9
"SMedMarF",2,0,0,"cies",12,9
"SaltMar",253,0,0,"cies",12,9
"Shrub",772,0,0,"cies",12,9
"TempDecF",261,0,0,"cies",12,9
"WaterSurf",95,0,0,"cies",12,9
"ArtSurf",329,0,0,"cies",12,10
"AtlScrub",5686,0,0,"cies",12,10
"BareArea",3742,0,0,"cies",12,10
"Crop",3,0,0,"cies",12,10
"DuneSand",232,0,0,"cies",12,10
"Grass",1926,0,0,"cies",12,10
"HydroRipVeg",100,0,0,"cies",12,10
"MedSclF",18,0,0,"cies",12,10
"Reforestation",2902,0,0,"cies",12,10
"RipF",133,0,0,"cies",12,10
"RockScreeVeg",28,0,0,"cies",12,10
"SMedMarF",2,0,0,"cies",12,10
"SaltMar",253,0,0,"cies",12,10
"Shrub",772,0,0,"cies",12,10
"TempDecF",261,0,0,"cies",12,10
"WaterSurf",95,0,0,"cies",12,10
"ArtSurf",329,0,0,"cies",12,11
"AtlScrub",5686,0,0,"cies",12,11
"BareArea",3742,0,0,"cies",12,11
"Crop",3,0,0,"cies",12,11
"DuneSand",232,0,0,"cies",12,11
"Grass",1926,0,0,"cies",12,11
"HydroRipVeg",100,0,0,"cies",12,11
"MedSclF",18,0,0,"cies",12,11
"Reforestation",2902,0,0,"cies",12,11
"RipF",133,0,0,"cies",12,11
"RockScreeVeg",28,0,0,"cies",12,11
"SMedMarF",2,0,0,"cies",12,11
"SaltMar",253,0,0,"cies",12,11
"Shrub",772,0,0,"cies",12,11
"TempDecF",261,0,0,"cies",12,11
"WaterSurf",95,0,0,"cies",12,11
"ArtSurf",329,0,0,"cies",12,12
"AtlScrub",5686,0,0,"cies",12,12
"BareArea",3742,0,0,"cies",12,12
"Crop",3,0,0,"cies",12,12
"DuneSand",232,0,0,"cies",12,12
"Grass",1926,0,0,"cies",12,12
"HydroRipVeg",100,0,0,"cies",12,12
"MedSclF",18,0,0,"cies",12,12
"Reforestation",2902,0,0,"cies",12,12
"RipF",133,0,0,"cies",12,12
"RockScreeVeg",28,0,0,"cies",12,12
"SMedMarF",2,0,0,"cies",12,12
"SaltMar",253,0,0,"cies",12,12
"Shrub",772,0,0,"cies",12,12
"TempDecF",261,0,0,"cies",12,12
"WaterSurf",95,0,0,"cies",12,12
"ArtSurf",2849,0,0,"monfrague",1,1
"Crop",1332,0,0,"monfrague",1,1
"Dehesa",17271,0,0,"monfrague",1,1
"Grass",5942,0,0,"monfrague",1,1
"HydroRipVeg",2264,0,0,"monfrague",1,1
"MedSclF",34504,0,0,"monfrague",1,1
"MedScrub",121317,0,0,"monfrague",1,1
"Reforestation",22719,0,0,"monfrague",1,1
"RipF",1179,0,0,"monfrague",1,1
"RockScreeVeg",16028,0,0,"monfrague",1,1
"SMedMarF",6002,0,0,"monfrague",1,1
"Shrub",13653,0,0,"monfrague",1,1
"WaterSurf",15572,0,0,"monfrague",1,1
"ArtSurf",2849,0,0,"monfrague",1,2
"Crop",1332,0,0,"monfrague",1,2
"Dehesa",17271,0,0,"monfrague",1,2
"Grass",5942,0,0,"monfrague",1,2
"HydroRipVeg",2264,0,0,"monfrague",1,2
"MedSclF",34504,0,0,"monfrague",1,2
"MedScrub",121317,0,0,"monfrague",1,2
"Reforestation",22719,0,0,"monfrague",1,2
"RipF",1179,0,0,"monfrague",1,2
"RockScreeVeg",16028,0,0,"monfrague",1,2
"SMedMarF",6002,0,0,"monfrague",1,2
"Shrub",13653,0,0,"monfrague",1,2
"WaterSurf",15572,0,0,"monfrague",1,2
"ArtSurf",2849,0,0,"monfrague",1,3
"Crop",1332,0,0,"monfrague",1,3
"Dehesa",17271,0,0,"monfrague",1,3
"Grass",5942,0,0,"monfrague",1,3
"HydroRipVeg",2264,0,0,"monfrague",1,3
"MedSclF",34504,0,0,"monfrague",1,3
"MedScrub",121317,0,0,"monfrague",1,3
"Reforestation",22719,0,0,"monfrague",1,3
"RipF",1179,0,0,"monfrague",1,3
"RockScreeVeg",16028,0,0,"monfrague",1,3
"SMedMarF",6002,0,0,"monfrague",1,3
"Shrub",13653,0,0,"monfrague",1,3
"WaterSurf",15572,0,0,"monfrague",1,3
"ArtSurf",2849,0,0,"monfrague",1,4
"Crop",1332,0,0,"monfrague",1,4
"Dehesa",17271,0,0,"monfrague",1,4
"Grass",5942,0,0,"monfrague",1,4
"HydroRipVeg",2264,0,0,"monfrague",1,4
"MedSclF",34504,0,0,"monfrague",1,4
"MedScrub",121317,0,0,"monfrague",1,4
"Reforestation",22719,0,0,"monfrague",1,4
"RipF",1179,0,0,"monfrague",1,4
"RockScreeVeg",16028,0,0,"monfrague",1,4
"SMedMarF",6002,0,0,"monfrague",1,4
"Shrub",13653,0,0,"monfrague",1,4
"WaterSurf",15572,0,0,"monfrague",1,4
"ArtSurf",2849,0,0,"monfrague",1,5
"Crop",1332,0,0,"monfrague",1,5
"Dehesa",17271,0,0,"monfrague",1,5
"Grass",5942,0,0,"monfrague",1,5
"HydroRipVeg",2264,0,0,"monfrague",1,5
"MedSclF",34504,0,0,"monfrague",1,5
"MedScrub",121317,0,0,"monfrague",1,5
"Reforestation",22719,0,0,"monfrague",1,5
"RipF",1179,0,0,"monfrague",1,5
"RockScreeVeg",16028,0,0,"monfrague",1,5
"SMedMarF",6002,0,0,"monfrague",1,5
"Shrub",13653,0,0,"monfrague",1,5
"WaterSurf",15572,0,0,"monfrague",1,5
"ArtSurf",2849,0,0,"monfrague",1,6
"Crop",1332,0,0,"monfrague",1,6
"Dehesa",17271,0,0,"monfrague",1,6
"Grass",5942,0,0,"monfrague",1,6
"HydroRipVeg",2264,0,0,"monfrague",1,6
"MedSclF",34504,0,0,"monfrague",1,6
"MedScrub",121317,0,0,"monfrague",1,6
"Reforestation",22719,0,0,"monfrague",1,6
"RipF",1179,0,0,"monfrague",1,6
"RockScreeVeg",16028,0,0,"monfrague",1,6
"SMedMarF",6002,0,0,"monfrague",1,6
"Shrub",13653,0,0,"monfrague",1,6
"WaterSurf",15572,0,0,"monfrague",1,6
"ArtSurf",2849,388,13.62,"monfrague",1,7
"Crop",1332,42,3.15,"monfrague",1,7
"Dehesa",17271,5415,31.35,"monfrague",1,7
"Grass",5942,1157,19.47,"monfrague",1,7
"HydroRipVeg",2264,166,7.33,"monfrague",1,7
"MedSclF",34504,6666,19.32,"monfrague",1,7
"MedScrub",121317,25081,20.67,"monfrague",1,7
"Reforestation",22719,3507,15.44,"monfrague",1,7
"RipF",1179,85,7.21,"monfrague",1,7
"RockScreeVeg",16028,4098,25.57,"monfrague",1,7
"SMedMarF",6002,423,7.05,"monfrague",1,7
"Shrub",13653,1609,11.78,"monfrague",1,7
"WaterSurf",15572,359,2.31,"monfrague",1,7
"ArtSurf",2849,0,0,"monfrague",1,8
"Crop",1332,0,0,"monfrague",1,8
"Dehesa",17271,0,0,"monfrague",1,8
"Grass",5942,0,0,"monfrague",1,8
"HydroRipVeg",2264,0,0,"monfrague",1,8
"MedSclF",34504,0,0,"monfrague",1,8
"MedScrub",121317,0,0,"monfrague",1,8
"Reforestation",22719,0,0,"monfrague",1,8
"RipF",1179,0,0,"monfrague",1,8
"RockScreeVeg",16028,0,0,"monfrague",1,8
"SMedMarF",6002,0,0,"monfrague",1,8
"Shrub",13653,0,0,"monfrague",1,8
"WaterSurf",15572,0,0,"monfrague",1,8
"ArtSurf",2849,0,0,"monfrague",1,9
"Crop",1332,0,0,"monfrague",1,9
"Dehesa",17271,0,0,"monfrague",1,9
"Grass",5942,0,0,"monfrague",1,9
"HydroRipVeg",2264,0,0,"monfrague",1,9
"MedSclF",34504,0,0,"monfrague",1,9
"MedScrub",121317,0,0,"monfrague",1,9
"Reforestation",22719,0,0,"monfrague",1,9
"RipF",1179,0,0,"monfrague",1,9
"RockScreeVeg",16028,0,0,"monfrague",1,9
"SMedMarF",6002,0,0,"monfrague",1,9
"Shrub",13653,0,0,"monfrague",1,9
"WaterSurf",15572,0,0,"monfrague",1,9
"ArtSurf",2849,0,0,"monfrague",1,10
"Crop",1332,0,0,"monfrague",1,10
"Dehesa",17271,0,0,"monfrague",1,10
"Grass",5942,0,0,"monfrague",1,10
"HydroRipVeg",2264,0,0,"monfrague",1,10
"MedSclF",34504,0,0,"monfrague",1,10
"MedScrub",121317,0,0,"monfrague",1,10
"Reforestation",22719,0,0,"monfrague",1,10
"RipF",1179,0,0,"monfrague",1,10
"RockScreeVeg",16028,0,0,"monfrague",1,10
"SMedMarF",6002,0,0,"monfrague",1,10
"Shrub",13653,0,0,"monfrague",1,10
"WaterSurf",15572,0,0,"monfrague",1,10
"ArtSurf",2849,0,0,"monfrague",1,11
"Crop",1332,0,0,"monfrague",1,11
"Dehesa",17271,0,0,"monfrague",1,11
"Grass",5942,0,0,"monfrague",1,11
"HydroRipVeg",2264,0,0,"monfrague",1,11
"MedSclF",34504,0,0,"monfrague",1,11
"MedScrub",121317,0,0,"monfrague",1,11
"Reforestation",22719,0,0,"monfrague",1,11
"RipF",1179,0,0,"monfrague",1,11
"RockScreeVeg",16028,0,0,"monfrague",1,11
"SMedMarF",6002,0,0,"monfrague",1,11
"Shrub",13653,0,0,"monfrague",1,11
"WaterSurf",15572,0,0,"monfrague",1,11
"ArtSurf",2849,0,0,"monfrague",1,12
"Crop",1332,0,0,"monfrague",1,12
"Dehesa",17271,0,0,"monfrague",1,12
"Grass",5942,0,0,"monfrague",1,12
"HydroRipVeg",2264,0,0,"monfrague",1,12
"MedSclF",34504,0,0,"monfrague",1,12
"MedScrub",121317,0,0,"monfrague",1,12
"Reforestation",22719,0,0,"monfrague",1,12
"RipF",1179,0,0,"monfrague",1,12
"RockScreeVeg",16028,0,0,"monfrague",1,12
"SMedMarF",6002,0,0,"monfrague",1,12
"Shrub",13653,0,0,"monfrague",1,12
"WaterSurf",15572,0,0,"monfrague",1,12
"ArtSurf",2849,329,11.55,"monfrague",3,1
"Crop",1332,81,6.08,"monfrague",3,1
"Dehesa",17271,4080,23.62,"monfrague",3,1
"Grass",5942,1672,28.14,"monfrague",3,1
"HydroRipVeg",2264,222,9.81,"monfrague",3,1
"MedSclF",34504,4075,11.81,"monfrague",3,1
"MedScrub",121317,11522,9.5,"monfrague",3,1
"Reforestation",22719,697,3.07,"monfrague",3,1
"RipF",1179,244,20.7,"monfrague",3,1
"RockScreeVeg",16028,1863,11.62,"monfrague",3,1
"SMedMarF",6002,431,7.18,"monfrague",3,1
"Shrub",13653,1378,10.09,"monfrague",3,1
"WaterSurf",15572,20,0.13,"monfrague",3,1
"ArtSurf",2849,112,3.93,"monfrague",3,2
"Crop",1332,67,5.03,"monfrague",3,2
"Dehesa",17271,3461,20.04,"monfrague",3,2
"Grass",5942,1452,24.44,"monfrague",3,2
"HydroRipVeg",2264,291,12.85,"monfrague",3,2
"MedSclF",34504,1980,5.74,"monfrague",3,2
"MedScrub",121317,3769,3.11,"monfrague",3,2
"Reforestation",22719,411,1.81,"monfrague",3,2
"RipF",1179,89,7.55,"monfrague",3,2
"RockScreeVeg",16028,916,5.71,"monfrague",3,2
"SMedMarF",6002,166,2.77,"monfrague",3,2
"Shrub",13653,258,1.89,"monfrague",3,2
"WaterSurf",15572,17,0.11,"monfrague",3,2
"ArtSurf",2849,338,11.86,"monfrague",3,3
"Crop",1332,76,5.71,"monfrague",3,3
"Dehesa",17271,4733,27.4,"monfrague",3,3
"Grass",5942,1667,28.05,"monfrague",3,3
"HydroRipVeg",2264,244,10.78,"monfrague",3,3
"MedSclF",34504,5292,15.34,"monfrague",3,3
"MedScrub",121317,13623,11.23,"monfrague",3,3
"Reforestation",22719,2252,9.91,"monfrague",3,3
"RipF",1179,76,6.45,"monfrague",3,3
"RockScreeVeg",16028,3417,21.32,"monfrague",3,3
"SMedMarF",6002,773,12.88,"monfrague",3,3
"Shrub",13653,1069,7.83,"monfrague",3,3
"WaterSurf",15572,93,0.6,"monfrague",3,3
"ArtSurf",2849,838,29.41,"monfrague",3,4
"Crop",1332,316,23.72,"monfrague",3,4
"Dehesa",17271,13567,78.55,"monfrague",3,4
"Grass",5942,5033,84.7,"monfrague",3,4
"HydroRipVeg",2264,1057,46.69,"monfrague",3,4
"MedSclF",34504,12367,35.84,"monfrague",3,4
"MedScrub",121317,37754,31.12,"monfrague",3,4
"Reforestation",22719,3679,16.19,"monfrague",3,4
"RipF",1179,397,33.67,"monfrague",3,4
"RockScreeVeg",16028,8369,52.21,"monfrague",3,4
"SMedMarF",6002,748,12.46,"monfrague",3,4
"Shrub",13653,2234,16.36,"monfrague",3,4
"WaterSurf",15572,1383,8.88,"monfrague",3,4
"ArtSurf",2849,1215,42.65,"monfrague",3,5
"Crop",1332,453,34.01,"monfrague",3,5
"Dehesa",17271,15021,86.97,"monfrague",3,5
"Grass",5942,5189,87.33,"monfrague",3,5
"HydroRipVeg",2264,765,33.79,"monfrague",3,5
"MedSclF",34504,17745,51.43,"monfrague",3,5
"MedScrub",121317,61954,51.07,"monfrague",3,5
"Reforestation",22719,4610,20.29,"monfrague",3,5
"RipF",1179,499,42.32,"monfrague",3,5
"RockScreeVeg",16028,9784,61.04,"monfrague",3,5
"SMedMarF",6002,2280,37.99,"monfrague",3,5
"Shrub",13653,4957,36.31,"monfrague",3,5
"WaterSurf",15572,543,3.49,"monfrague",3,5
"ArtSurf",2849,2173,76.27,"monfrague",3,6
"Crop",1332,605,45.42,"monfrague",3,6
"Dehesa",17271,16390,94.9,"monfrague",3,6
"Grass",5942,5556,93.5,"monfrague",3,6
"HydroRipVeg",2264,900,39.75,"monfrague",3,6
"MedSclF",34504,27854,80.73,"monfrague",3,6
"MedScrub",121317,110462,91.05,"monfrague",3,6
"Reforestation",22719,12863,56.62,"monfrague",3,6
"RipF",1179,806,68.36,"monfrague",3,6
"RockScreeVeg",16028,13500,84.23,"monfrague",3,6
"SMedMarF",6002,4586,76.41,"monfrague",3,6
"Shrub",13653,10391,76.11,"monfrague",3,6
"WaterSurf",15572,1418,9.11,"monfrague",3,6
"ArtSurf",2849,1844,64.72,"monfrague",3,7
"Crop",1332,657,49.32,"monfrague",3,7
"Dehesa",17271,13262,76.79,"monfrague",3,7
"Grass",5942,4105,69.08,"monfrague",3,7
"HydroRipVeg",2264,654,28.89,"monfrague",3,7
"MedSclF",34504,32424,93.97,"monfrague",3,7
"MedScrub",121317,104972,86.53,"monfrague",3,7
"Reforestation",22719,10136,44.61,"monfrague",3,7
"RipF",1179,867,73.54,"monfrague",3,7
"RockScreeVeg",16028,13433,83.81,"monfrague",3,7
"SMedMarF",6002,5260,87.64,"monfrague",3,7
"Shrub",13653,12658,92.71,"monfrague",3,7
"WaterSurf",15572,984,6.32,"monfrague",3,7
"ArtSurf",2849,0,0,"monfrague",3,8
"Crop",1332,0,0,"monfrague",3,8
"Dehesa",17271,0,0,"monfrague",3,8
"Grass",5942,0,0,"monfrague",3,8
"HydroRipVeg",2264,0,0,"monfrague",3,8
"MedSclF",34504,0,0,"monfrague",3,8
"MedScrub",121317,1,0,"monfrague",3,8
"Reforestation",22719,0,0,"monfrague",3,8
"RipF",1179,0,0,"monfrague",3,8
"RockScreeVeg",16028,0,0,"monfrague",3,8
"SMedMarF",6002,0,0,"monfrague",3,8
"Shrub",13653,0,0,"monfrague",3,8
"WaterSurf",15572,0,0,"monfrague",3,8
"ArtSurf",2849,0,0,"monfrague",3,9
"Crop",1332,0,0,"monfrague",3,9
"Dehesa",17271,0,0,"monfrague",3,9
"Grass",5942,0,0,"monfrague",3,9
"HydroRipVeg",2264,0,0,"monfrague",3,9
"MedSclF",34504,0,0,"monfrague",3,9
"MedScrub",121317,0,0,"monfrague",3,9
"Reforestation",22719,0,0,"monfrague",3,9
"RipF",1179,0,0,"monfrague",3,9
"RockScreeVeg",16028,0,0,"monfrague",3,9
"SMedMarF",6002,0,0,"monfrague",3,9
"Shrub",13653,0,0,"monfrague",3,9
"WaterSurf",15572,0,0,"monfrague",3,9
"ArtSurf",2849,0,0,"monfrague",3,10
"Crop",1332,0,0,"monfrague",3,10
"Dehesa",17271,0,0,"monfrague",3,10
"Grass",5942,0,0,"monfrague",3,10
"HydroRipVeg",2264,0,0,"monfrague",3,10
"MedSclF",34504,0,0,"monfrague",3,10
"MedScrub",121317,0,0,"monfrague",3,10
"Reforestation",22719,0,0,"monfrague",3,10
"RipF",1179,0,0,"monfrague",3,10
"RockScreeVeg",16028,0,0,"monfrague",3,10
"SMedMarF",6002,0,0,"monfrague",3,10
"Shrub",13653,0,0,"monfrague",3,10
"WaterSurf",15572,0,0,"monfrague",3,10
"ArtSurf",2849,0,0,"monfrague",3,11
"Crop",1332,1,0.08,"monfrague",3,11
"Dehesa",17271,2,0.01,"monfrague",3,11
"Grass",5942,1,0.02,"monfrague",3,11
"HydroRipVeg",2264,0,0,"monfrague",3,11
"MedSclF",34504,2,0.01,"monfrague",3,11
"MedScrub",121317,5,0,"monfrague",3,11
"Reforestation",22719,1,0,"monfrague",3,11
"RipF",1179,0,0,"monfrague",3,11
"RockScreeVeg",16028,0,0,"monfrague",3,11
"SMedMarF",6002,3,0.05,"monfrague",3,11
"Shrub",13653,0,0,"monfrague",3,11
"WaterSurf",15572,0,0,"monfrague",3,11
"ArtSurf",2849,0,0,"monfrague",3,12
"Crop",1332,0,0,"monfrague",3,12
"Dehesa",17271,0,0,"monfrague",3,12
"Grass",5942,0,0,"monfrague",3,12
"HydroRipVeg",2264,0,0,"monfrague",3,12
"MedSclF",34504,0,0,"monfrague",3,12
"MedScrub",121317,0,0,"monfrague",3,12
"Reforestation",22719,0,0,"monfrague",3,12
"RipF",1179,0,0,"monfrague",3,12
"RockScreeVeg",16028,0,0,"monfrague",3,12
"SMedMarF",6002,0,0,"monfrague",3,12
"Shrub",13653,0,0,"monfrague",3,12
"WaterSurf",15572,0,0,"monfrague",3,12
"ArtSurf",2849,539,18.92,"monfrague",6,1
"Crop",1332,159,11.94,"monfrague",6,1
"Dehesa",17271,8024,46.46,"monfrague",6,1
"Grass",5942,2968,49.95,"monfrague",6,1
"HydroRipVeg",2264,245,10.82,"monfrague",6,1
"MedSclF",34504,6075,17.61,"monfrague",6,1
"MedScrub",121317,20434,16.84,"monfrague",6,1
"Reforestation",22719,1497,6.59,"monfrague",6,1
"RipF",1179,362,30.7,"monfrague",6,1
"RockScreeVeg",16028,2835,17.69,"monfrague",6,1
"SMedMarF",6002,769,12.81,"monfrague",6,1
"Shrub",13653,2316,16.96,"monfrague",6,1
"WaterSurf",15572,49,0.31,"monfrague",6,1
"ArtSurf",2849,504,17.69,"monfrague",6,2
"Crop",1332,174,13.06,"monfrague",6,2
"Dehesa",17271,10198,59.05,"monfrague",6,2
"Grass",5942,3545,59.66,"monfrague",6,2
"HydroRipVeg",2264,367,16.21,"monfrague",6,2
"MedSclF",34504,6217,18.02,"monfrague",6,2
"MedScrub",121317,17134,14.12,"monfrague",6,2
"Reforestation",22719,1927,8.48,"monfrague",6,2
"RipF",1179,373,31.64,"monfrague",6,2
"RockScreeVeg",16028,2448,15.27,"monfrague",6,2
"SMedMarF",6002,958,15.96,"monfrague",6,2
"Shrub",13653,1483,10.86,"monfrague",6,2
"WaterSurf",15572,40,0.26,"monfrague",6,2
"ArtSurf",2849,479,16.81,"monfrague",6,3
"Crop",1332,117,8.78,"monfrague",6,3
"Dehesa",17271,10090,58.42,"monfrague",6,3
"Grass",5942,3441,57.91,"monfrague",6,3
"HydroRipVeg",2264,298,13.16,"monfrague",6,3
"MedSclF",34504,7470,21.65,"monfrague",6,3
"MedScrub",121317,17716,14.6,"monfrague",6,3
"Reforestation",22719,1894,8.34,"monfrague",6,3
"RipF",1179,185,15.69,"monfrague",6,3
"RockScreeVeg",16028,3631,22.65,"monfrague",6,3
"SMedMarF",6002,410,6.83,"monfrague",6,3
"Shrub",13653,1097,8.03,"monfrague",6,3
"WaterSurf",15572,98,0.63,"monfrague",6,3
"ArtSurf",2849,1161,40.75,"monfrague",6,4
"Crop",1332,368,27.63,"monfrague",6,4
"Dehesa",17271,15448,89.44,"monfrague",6,4
"Grass",5942,4972,83.68,"monfrague",6,4
"HydroRipVeg",2264,902,39.84,"monfrague",6,4
"MedSclF",34504,18785,54.44,"monfrague",6,4
"MedScrub",121317,60821,50.13,"monfrague",6,4
"Reforestation",22719,7532,33.15,"monfrague",6,4
"RipF",1179,599,50.81,"monfrague",6,4
"RockScreeVeg",16028,10022,62.53,"monfrague",6,4
"SMedMarF",6002,2159,35.97,"monfrague",6,4
"Shrub",13653,4910,35.96,"monfrague",6,4
"WaterSurf",15572,845,5.43,"monfrague",6,4
"ArtSurf",2849,1627,57.11,"monfrague",6,5
"Crop",1332,478,35.89,"monfrague",6,5
"Dehesa",17271,16351,94.67,"monfrague",6,5
"Grass",5942,5207,87.63,"monfrague",6,5
"HydroRipVeg",2264,860,37.99,"monfrague",6,5
"MedSclF",34504,25482,73.85,"monfrague",6,5
"MedScrub",121317,74851,61.7,"monfrague",6,5
"Reforestation",22719,7275,32.02,"monfrague",6,5
"RipF",1179,637,54.03,"monfrague",6,5
"RockScreeVeg",16028,11770,73.43,"monfrague",6,5
"SMedMarF",6002,3863,64.36,"monfrague",6,5
"Shrub",13653,8761,64.17,"monfrague",6,5
"WaterSurf",15572,1449,9.31,"monfrague",6,5
"ArtSurf",2849,1551,54.44,"monfrague",6,6
"Crop",1332,396,29.73,"monfrague",6,6
"Dehesa",17271,12981,75.16,"monfrague",6,6
"Grass",5942,4038,67.96,"monfrague",6,6
"HydroRipVeg",2264,1009,44.57,"monfrague",6,6
"MedSclF",34504,27625,80.06,"monfrague",6,6
"MedScrub",121317,89598,73.85,"monfrague",6,6
"Reforestation",22719,10186,44.83,"monfrague",6,6
"RipF",1179,632,53.6,"monfrague",6,6
"RockScreeVeg",16028,11033,68.84,"monfrague",6,6
"SMedMarF",6002,4877,81.26,"monfrague",6,6
"Shrub",13653,10778,78.94,"monfrague",6,6
"WaterSurf",15572,1253,8.05,"monfrague",6,6
"ArtSurf",2849,1829,64.2,"monfrague",6,7
"Crop",1332,438,32.88,"monfrague",6,7
"Dehesa",17271,14657,84.86,"monfrague",6,7
"Grass",5942,4207,70.8,"monfrague",6,7
"HydroRipVeg",2264,839,37.06,"monfrague",6,7
"MedSclF",34504,31606,91.6,"monfrague",6,7
"MedScrub",121317,101809,83.92,"monfrague",6,7
"Reforestation",22719,11854,52.18,"monfrague",6,7
"RipF",1179,854,72.43,"monfrague",6,7
"RockScreeVeg",16028,13510,84.29,"monfrague",6,7
"SMedMarF",6002,5469,91.12,"monfrague",6,7
"Shrub",13653,12538,91.83,"monfrague",6,7
"WaterSurf",15572,1213,7.79,"monfrague",6,7
"ArtSurf",2849,1582,55.53,"monfrague",6,8
"Crop",1332,397,29.8,"monfrague",6,8
"Dehesa",17271,11668,67.56,"monfrague",6,8
"Grass",5942,3708,62.4,"monfrague",6,8
"HydroRipVeg",2264,792,34.98,"monfrague",6,8
"MedSclF",34504,21346,61.87,"monfrague",6,8
"MedScrub",121317,89873,74.08,"monfrague",6,8
"Reforestation",22719,9488,41.76,"monfrague",6,8
"RipF",1179,530,44.95,"monfrague",6,8
"RockScreeVeg",16028,9993,62.35,"monfrague",6,8
"SMedMarF",6002,3826,63.75,"monfrague",6,8
"Shrub",13653,9181,67.25,"monfrague",6,8
"WaterSurf",15572,3106,19.95,"monfrague",6,8
"ArtSurf",2849,0,0,"monfrague",6,9
"Crop",1332,0,0,"monfrague",6,9
"Dehesa",17271,0,0,"monfrague",6,9
"Grass",5942,0,0,"monfrague",6,9
"HydroRipVeg",2264,0,0,"monfrague",6,9
"MedSclF",34504,0,0,"monfrague",6,9
"MedScrub",121317,0,0,"monfrague",6,9
"Reforestation",22719,0,0,"monfrague",6,9
"RipF",1179,0,0,"monfrague",6,9
"RockScreeVeg",16028,0,0,"monfrague",6,9
"SMedMarF",6002,0,0,"monfrague",6,9
"Shrub",13653,0,0,"monfrague",6,9
"WaterSurf",15572,0,0,"monfrague",6,9
"ArtSurf",2849,214,7.51,"monfrague",6,10
"Crop",1332,151,11.34,"monfrague",6,10
"Dehesa",17271,1185,6.86,"monfrague",6,10
"Grass",5942,754,12.69,"monfrague",6,10
"HydroRipVeg",2264,22,0.97,"monfrague",6,10
"MedSclF",34504,1805,5.23,"monfrague",6,10
"MedScrub",121317,9975,8.22,"monfrague",6,10
"Reforestation",22719,1097,4.83,"monfrague",6,10
"RipF",1179,13,1.1,"monfrague",6,10
"RockScreeVeg",16028,1711,10.68,"monfrague",6,10
"SMedMarF",6002,225,3.75,"monfrague",6,10
"Shrub",13653,593,4.34,"monfrague",6,10
"WaterSurf",15572,69,0.44,"monfrague",6,10
"ArtSurf",2849,0,0,"monfrague",6,11
"Crop",1332,0,0,"monfrague",6,11
"Dehesa",17271,0,0,"monfrague",6,11
"Grass",5942,0,0,"monfrague",6,11
"HydroRipVeg",2264,0,0,"monfrague",6,11
"MedSclF",34504,0,0,"monfrague",6,11
"MedScrub",121317,0,0,"monfrague",6,11
"Reforestation",22719,0,0,"monfrague",6,11
"RipF",1179,0,0,"monfrague",6,11
"RockScreeVeg",16028,0,0,"monfrague",6,11
"SMedMarF",6002,0,0,"monfrague",6,11
"Shrub",13653,0,0,"monfrague",6,11
"WaterSurf",15572,0,0,"monfrague",6,11
"ArtSurf",2849,0,0,"monfrague",6,12
"Crop",1332,1,0.08,"monfrague",6,12
"Dehesa",17271,8,0.05,"monfrague",6,12
"Grass",5942,13,0.22,"monfrague",6,12
"HydroRipVeg",2264,0,0,"monfrague",6,12
"MedSclF",34504,1,0,"monfrague",6,12
"MedScrub",121317,7,0.01,"monfrague",6,12
"Reforestation",22719,0,0,"monfrague",6,12
"RipF",1179,0,0,"monfrague",6,12
"RockScreeVeg",16028,0,0,"monfrague",6,12
"SMedMarF",6002,0,0,"monfrague",6,12
"Shrub",13653,0,0,"monfrague",6,12
"WaterSurf",15572,0,0,"monfrague",6,12
"ArtSurf",2849,0,0,"monfrague",9,1
"Crop",1332,0,0,"monfrague",9,1
"Dehesa",17271,0,0,"monfrague",9,1
"Grass",5942,0,0,"monfrague",9,1
"HydroRipVeg",2264,0,0,"monfrague",9,1
"MedSclF",34504,0,0,"monfrague",9,1
"MedScrub",121317,0,0,"monfrague",9,1
"Reforestation",22719,0,0,"monfrague",9,1
"RipF",1179,0,0,"monfrague",9,1
"RockScreeVeg",16028,0,0,"monfrague",9,1
"SMedMarF",6002,0,0,"monfrague",9,1
"Shrub",13653,0,0,"monfrague",9,1
"WaterSurf",15572,0,0,"monfrague",9,1
"ArtSurf",2849,821,28.82,"monfrague",9,2
"Crop",1332,221,16.59,"monfrague",9,2
"Dehesa",17271,11651,67.46,"monfrague",9,2
"Grass",5942,3796,63.88,"monfrague",9,2
"HydroRipVeg",2264,389,17.18,"monfrague",9,2
"MedSclF",34504,10650,30.87,"monfrague",9,2
"MedScrub",121317,30914,25.48,"monfrague",9,2
"Reforestation",22719,4474,19.69,"monfrague",9,2
"RipF",1179,551,46.73,"monfrague",9,2
"RockScreeVeg",16028,3954,24.67,"monfrague",9,2
"SMedMarF",6002,2239,37.3,"monfrague",9,2
"Shrub",13653,3373,24.71,"monfrague",9,2
"WaterSurf",15572,84,0.54,"monfrague",9,2
"ArtSurf",2849,228,8,"monfrague",9,3
"Crop",1332,31,2.33,"monfrague",9,3
"Dehesa",17271,6179,35.78,"monfrague",9,3
"Grass",5942,2262,38.07,"monfrague",9,3
"HydroRipVeg",2264,193,8.52,"monfrague",9,3
"MedSclF",34504,3156,9.15,"monfrague",9,3
"MedScrub",121317,7710,6.36,"monfrague",9,3
"Reforestation",22719,824,3.63,"monfrague",9,3
"RipF",1179,85,7.21,"monfrague",9,3
"RockScreeVeg",16028,1869,11.66,"monfrague",9,3
"SMedMarF",6002,110,1.83,"monfrague",9,3
"Shrub",13653,323,2.37,"monfrague",9,3
"WaterSurf",15572,38,0.24,"monfrague",9,3
"ArtSurf",2849,996,34.96,"monfrague",9,4
"Crop",1332,285,21.4,"monfrague",9,4
"Dehesa",17271,14941,86.51,"monfrague",9,4
"Grass",5942,4860,81.79,"monfrague",9,4
"HydroRipVeg",2264,949,41.92,"monfrague",9,4
"MedSclF",34504,17790,51.56,"monfrague",9,4
"MedScrub",121317,51037,42.07,"monfrague",9,4
"Reforestation",22719,5369,23.63,"monfrague",9,4
"RipF",1179,609,51.65,"monfrague",9,4
"RockScreeVeg",16028,9689,60.45,"monfrague",9,4
"SMedMarF",6002,2053,34.21,"monfrague",9,4
"Shrub",13653,4308,31.55,"monfrague",9,4
"WaterSurf",15572,839,5.39,"monfrague",9,4
"ArtSurf",2849,1652,57.99,"monfrague",9,5
"Crop",1332,409,30.71,"monfrague",9,5
"Dehesa",17271,16355,94.7,"monfrague",9,5
"Grass",5942,5021,84.5,"monfrague",9,5
"HydroRipVeg",2264,807,35.64,"monfrague",9,5
"MedSclF",34504,26752,77.53,"monfrague",9,5
"MedScrub",121317,77385,63.79,"monfrague",9,5
"Reforestation",22719,6904,30.39,"monfrague",9,5
"RipF",1179,581,49.28,"monfrague",9,5
"RockScreeVeg",16028,12189,76.05,"monfrague",9,5
"SMedMarF",6002,3881,64.66,"monfrague",9,5
"Shrub",13653,9116,66.77,"monfrague",9,5
"WaterSurf",15572,1382,8.87,"monfrague",9,5
"ArtSurf",2849,2079,72.97,"monfrague",9,6
"Crop",1332,445,33.41,"monfrague",9,6
"Dehesa",17271,15637,90.54,"monfrague",9,6
"Grass",5942,4694,79,"monfrague",9,6
"HydroRipVeg",2264,997,44.04,"monfrague",9,6
"MedSclF",34504,31773,92.08,"monfrague",9,6
"MedScrub",121317,102061,84.13,"monfrague",9,6
"Reforestation",22719,13519,59.51,"monfrague",9,6
"RipF",1179,825,69.97,"monfrague",9,6
"RockScreeVeg",16028,13217,82.46,"monfrague",9,6
"SMedMarF",6002,5613,93.52,"monfrague",9,6
"Shrub",13653,12574,92.1,"monfrague",9,6
"WaterSurf",15572,1964,12.61,"monfrague",9,6
"ArtSurf",2849,2266,79.54,"monfrague",9,7
"Crop",1332,512,38.44,"monfrague",9,7
"Dehesa",17271,15746,91.17,"monfrague",9,7
"Grass",5942,4571,76.93,"monfrague",9,7
"HydroRipVeg",2264,793,35.03,"monfrague",9,7
"MedSclF",34504,32834,95.16,"monfrague",9,7
"MedScrub",121317,107921,88.96,"monfrague",9,7
"Reforestation",22719,16319,71.83,"monfrague",9,7
"RipF",1179,974,82.61,"monfrague",9,7
"RockScreeVeg",16028,13805,86.13,"monfrague",9,7
"SMedMarF",6002,5692,94.84,"monfrague",9,7
"Shrub",13653,12985,95.11,"monfrague",9,7
"WaterSurf",15572,1173,7.53,"monfrague",9,7
"ArtSurf",2849,1848,64.86,"monfrague",9,8
"Crop",1332,379,28.45,"monfrague",9,8
"Dehesa",17271,13184,76.34,"monfrague",9,8
"Grass",5942,3696,62.2,"monfrague",9,8
"HydroRipVeg",2264,986,43.55,"monfrague",9,8
"MedSclF",34504,28465,82.5,"monfrague",9,8
"MedScrub",121317,94993,78.3,"monfrague",9,8
"Reforestation",22719,11093,48.83,"monfrague",9,8
"RipF",1179,611,51.82,"monfrague",9,8
"RockScreeVeg",16028,11965,74.65,"monfrague",9,8
"SMedMarF",6002,4587,76.42,"monfrague",9,8
"Shrub",13653,10467,76.66,"monfrague",9,8
"WaterSurf",15572,3008,19.32,"monfrague",9,8
"ArtSurf",2849,1943,68.2,"monfrague",9,9
"Crop",1332,409,30.71,"monfrague",9,9
"Dehesa",17271,11034,63.89,"monfrague",9,9
"Grass",5942,2607,43.87,"monfrague",9,9
"HydroRipVeg",2264,675,29.81,"monfrague",9,9
"MedSclF",34504,30273,87.74,"monfrague",9,9
"MedScrub",121317,95947,79.09,"monfrague",9,9
"Reforestation",22719,15269,67.21,"monfrague",9,9
"RipF",1179,678,57.51,"monfrague",9,9
"RockScreeVeg",16028,12208,76.17,"monfrague",9,9
"SMedMarF",6002,5726,95.4,"monfrague",9,9
"Shrub",13653,12527,91.75,"monfrague",9,9
"WaterSurf",15572,1341,8.61,"monfrague",9,9
"ArtSurf",2849,1572,55.18,"monfrague",9,10
"Crop",1332,388,29.13,"monfrague",9,10
"Dehesa",17271,8499,49.21,"monfrague",9,10
"Grass",5942,3307,55.65,"monfrague",9,10
"HydroRipVeg",2264,445,19.66,"monfrague",9,10
"MedSclF",34504,23343,67.65,"monfrague",9,10
"MedScrub",121317,81515,67.19,"monfrague",9,10
"Reforestation",22719,10956,48.22,"monfrague",9,10
"RipF",1179,467,39.61,"monfrague",9,10
"RockScreeVeg",16028,9681,60.4,"monfrague",9,10
"SMedMarF",6002,4804,80.04,"monfrague",9,10
"Shrub",13653,9595,70.28,"monfrague",9,10
"WaterSurf",15572,1649,10.59,"monfrague",9,10
"ArtSurf",2849,0,0,"monfrague",9,11
"Crop",1332,0,0,"monfrague",9,11
"Dehesa",17271,0,0,"monfrague",9,11
"Grass",5942,0,0,"monfrague",9,11
"HydroRipVeg",2264,0,0,"monfrague",9,11
"MedSclF",34504,1,0,"monfrague",9,11
"MedScrub",121317,0,0,"monfrague",9,11
"Reforestation",22719,0,0,"monfrague",9,11
"RipF",1179,0,0,"monfrague",9,11
"RockScreeVeg",16028,0,0,"monfrague",9,11
"SMedMarF",6002,0,0,"monfrague",9,11
"Shrub",13653,0,0,"monfrague",9,11
"WaterSurf",15572,0,0,"monfrague",9,11
"ArtSurf",2849,0,0,"monfrague",9,12
"Crop",1332,0,0,"monfrague",9,12
"Dehesa",17271,0,0,"monfrague",9,12
"Grass",5942,0,0,"monfrague",9,12
"HydroRipVeg",2264,0,0,"monfrague",9,12
"MedSclF",34504,0,0,"monfrague",9,12
"MedScrub",121317,0,0,"monfrague",9,12
"Reforestation",22719,0,0,"monfrague",9,12
"RipF",1179,0,0,"monfrague",9,12
"RockScreeVeg",16028,0,0,"monfrague",9,12
"SMedMarF",6002,0,0,"monfrague",9,12
"Shrub",13653,0,0,"monfrague",9,12
"WaterSurf",15572,0,0,"monfrague",9,12
"ArtSurf",2849,1,0.04,"monfrague",12,1
"Crop",1332,0,0,"monfrague",12,1
"Dehesa",17271,2,0.01,"monfrague",12,1
"Grass",5942,0,0,"monfrague",12,1
"HydroRipVeg",2264,0,0,"monfrague",12,1
"MedSclF",34504,22,0.06,"monfrague",12,1
"MedScrub",121317,27,0.02,"monfrague",12,1
"Reforestation",22719,55,0.24,"monfrague",12,1
"RipF",1179,0,0,"monfrague",12,1
"RockScreeVeg",16028,7,0.04,"monfrague",12,1
"SMedMarF",6002,9,0.15,"monfrague",12,1
"Shrub",13653,9,0.07,"monfrague",12,1
"WaterSurf",15572,0,0,"monfrague",12,1
"ArtSurf",2849,1346,47.24,"monfrague",12,2
"Crop",1332,246,18.47,"monfrague",12,2
"Dehesa",17271,12690,73.48,"monfrague",12,2
"Grass",5942,3298,55.5,"monfrague",12,2
"HydroRipVeg",2264,382,16.87,"monfrague",12,2
"MedSclF",34504,20837,60.39,"monfrague",12,2
"MedScrub",121317,58393,48.13,"monfrague",12,2
"Reforestation",22719,8920,39.26,"monfrague",12,2
"RipF",1179,671,56.91,"monfrague",12,2
"RockScreeVeg",16028,7429,46.35,"monfrague",12,2
"SMedMarF",6002,4844,80.71,"monfrague",12,2
"Shrub",13653,8322,60.95,"monfrague",12,2
"WaterSurf",15572,134,0.86,"monfrague",12,2
"ArtSurf",2849,137,4.81,"monfrague",12,3
"Crop",1332,19,1.43,"monfrague",12,3
"Dehesa",17271,3468,20.08,"monfrague",12,3
"Grass",5942,1130,19.02,"monfrague",12,3
"HydroRipVeg",2264,95,4.2,"monfrague",12,3
"MedSclF",34504,1953,5.66,"monfrague",12,3
"MedScrub",121317,5130,4.23,"monfrague",12,3
"Reforestation",22719,774,3.41,"monfrague",12,3
"RipF",1179,76,6.45,"monfrague",12,3
"RockScreeVeg",16028,1407,8.78,"monfrague",12,3
"SMedMarF",6002,246,4.1,"monfrague",12,3
"Shrub",13653,344,2.52,"monfrague",12,3
"WaterSurf",15572,22,0.14,"monfrague",12,3
"ArtSurf",2849,682,23.94,"monfrague",12,4
"Crop",1332,170,12.76,"monfrague",12,4
"Dehesa",17271,10637,61.59,"monfrague",12,4
"Grass",5942,3064,51.57,"monfrague",12,4
"HydroRipVeg",2264,652,28.8,"monfrague",12,4
"MedSclF",34504,11364,32.94,"monfrague",12,4
"MedScrub",121317,36343,29.96,"monfrague",12,4
"Reforestation",22719,5371,23.64,"monfrague",12,4
"RipF",1179,423,35.88,"monfrague",12,4
"RockScreeVeg",16028,7369,45.98,"monfrague",12,4
"SMedMarF",6002,1698,28.29,"monfrague",12,4
"Shrub",13653,2607,19.09,"monfrague",12,4
"WaterSurf",15572,483,3.1,"monfrague",12,4
"ArtSurf",2849,1791,62.86,"monfrague",12,5
"Crop",1332,450,33.78,"monfrague",12,5
"Dehesa",17271,16428,95.12,"monfrague",12,5
"Grass",5942,5209,87.66,"monfrague",12,5
"HydroRipVeg",2264,752,33.22,"monfrague",12,5
"MedSclF",34504,26210,75.96,"monfrague",12,5
"MedScrub",121317,84226,69.43,"monfrague",12,5
"Reforestation",22719,8050,35.43,"monfrague",12,5
"RipF",1179,615,52.16,"monfrague",12,5
"RockScreeVeg",16028,12578,78.48,"monfrague",12,5
"SMedMarF",6002,3965,66.06,"monfrague",12,5
"Shrub",13653,8964,65.66,"monfrague",12,5
"WaterSurf",15572,1142,7.33,"monfrague",12,5
"ArtSurf",2849,2134,74.9,"monfrague",12,6
"Crop",1332,424,31.83,"monfrague",12,6
"Dehesa",17271,15594,90.29,"monfrague",12,6
"Grass",5942,4677,78.71,"monfrague",12,6
"HydroRipVeg",2264,1009,44.57,"monfrague",12,6
"MedSclF",34504,32059,92.91,"monfrague",12,6
"MedScrub",121317,102663,84.62,"monfrague",12,6
"Reforestation",22719,13847,60.95,"monfrague",12,6
"RipF",1179,804,68.19,"monfrague",12,6
"RockScreeVeg",16028,13710,85.54,"monfrague",12,6
"SMedMarF",6002,5686,94.74,"monfrague",12,6
"Shrub",13653,12723,93.19,"monfrague",12,6
"WaterSurf",15572,1947,12.5,"monfrague",12,6
"ArtSurf",2849,2203,77.33,"monfrague",12,7
"Crop",1332,441,33.11,"monfrague",12,7
"Dehesa",17271,15482,89.64,"monfrague",12,7
"Grass",5942,4222,71.05,"monfrague",12,7
"HydroRipVeg",2264,802,35.42,"monfrague",12,7
"MedSclF",34504,33036,95.75,"monfrague",12,7
"MedScrub",121317,106189,87.53,"monfrague",12,7
"Reforestation",22719,14946,65.79,"monfrague",12,7
"RipF",1179,961,81.51,"monfrague",12,7
"RockScreeVeg",16028,14016,87.45,"monfrague",12,7
"SMedMarF",6002,5832,97.17,"monfrague",12,7
"Shrub",13653,13160,96.39,"monfrague",12,7
"WaterSurf",15572,1232,7.91,"monfrague",12,7
"ArtSurf",2849,1705,59.85,"monfrague",12,8
"Crop",1332,357,26.8,"monfrague",12,8
"Dehesa",17271,11981,69.37,"monfrague",12,8
"Grass",5942,3300,55.54,"monfrague",12,8
"HydroRipVeg",2264,807,35.64,"monfrague",12,8
"MedSclF",34504,28131,81.53,"monfrague",12,8
"MedScrub",121317,88703,73.12,"monfrague",12,8
"Reforestation",22719,9149,40.27,"monfrague",12,8
"RipF",1179,500,42.41,"monfrague",12,8
"RockScreeVeg",16028,11094,69.22,"monfrague",12,8
"SMedMarF",6002,4607,76.76,"monfrague",12,8
"Shrub",13653,9966,72.99,"monfrague",12,8
"WaterSurf",15572,1989,12.77,"monfrague",12,8
"ArtSurf",2849,1441,50.58,"monfrague",12,9
"Crop",1332,314,23.57,"monfrague",12,9
"Dehesa",17271,7854,45.48,"monfrague",12,9
"Grass",5942,1815,30.55,"monfrague",12,9
"HydroRipVeg",2264,501,22.13,"monfrague",12,9
"MedSclF",34504,27350,79.27,"monfrague",12,9
"MedScrub",121317,77754,64.09,"monfrague",12,9
"Reforestation",22719,10159,44.72,"monfrague",12,9
"RipF",1179,409,34.69,"monfrague",12,9
"RockScreeVeg",16028,8472,52.86,"monfrague",12,9
"SMedMarF",6002,5347,89.09,"monfrague",12,9
"Shrub",13653,11057,80.99,"monfrague",12,9
"WaterSurf",15572,1122,7.21,"monfrague",12,9
"ArtSurf",2849,1833,64.34,"monfrague",12,10
"Crop",1332,399,29.95,"monfrague",12,10
"Dehesa",17271,11038,63.91,"monfrague",12,10
"Grass",5942,3798,63.92,"monfrague",12,10
"HydroRipVeg",2264,456,20.14,"monfrague",12,10
"MedSclF",34504,27696,80.27,"monfrague",12,10
"MedScrub",121317,91188,75.17,"monfrague",12,10
"Reforestation",22719,13126,57.78,"monfrague",12,10
"RipF",1179,567,48.09,"monfrague",12,10
"RockScreeVeg",16028,10014,62.48,"monfrague",12,10
"SMedMarF",6002,4851,80.82,"monfrague",12,10
"Shrub",13653,10608,77.7,"monfrague",12,10
"WaterSurf",15572,1553,9.97,"monfrague",12,10
"ArtSurf",2849,539,18.92,"monfrague",12,11
"Crop",1332,89,6.68,"monfrague",12,11
"Dehesa",17271,2405,13.93,"monfrague",12,11
"Grass",5942,564,9.49,"monfrague",12,11
"HydroRipVeg",2264,67,2.96,"monfrague",12,11
"MedSclF",34504,7800,22.61,"monfrague",12,11
"MedScrub",121317,31521,25.98,"monfrague",12,11
"Reforestation",22719,4549,20.02,"monfrague",12,11
"RipF",1179,158,13.4,"monfrague",12,11
"RockScreeVeg",16028,3055,19.06,"monfrague",12,11
"SMedMarF",6002,2093,34.87,"monfrague",12,11
"Shrub",13653,3958,28.99,"monfrague",12,11
"WaterSurf",15572,534,3.43,"monfrague",12,11
"ArtSurf",2849,2,0.07,"monfrague",12,12
"Crop",1332,0,0,"monfrague",12,12
"Dehesa",17271,3,0.02,"monfrague",12,12
"Grass",5942,0,0,"monfrague",12,12
"HydroRipVeg",2264,0,0,"monfrague",12,12
"MedSclF",34504,2,0.01,"monfrague",12,12
"MedScrub",121317,18,0.01,"monfrague",12,12
"Reforestation",22719,1,0,"monfrague",12,12
"RipF",1179,0,0,"monfrague",12,12
"RockScreeVeg",16028,4,0.02,"monfrague",12,12
"SMedMarF",6002,0,0,"monfrague",12,12
"Shrub",13653,5,0.04,"monfrague",12,12
"WaterSurf",15572,0,0,"monfrague",12,12
"AlpConF",27586,0,0,"ordesa",1,1
"AlpScrGr",100409,0,0,"ordesa",1,1
"ArtSurf",26,0,0,"ordesa",1,1
"BareArea",3,0,0,"ordesa",1,1
"Grass",21218,0,0,"ordesa",1,1
"HydroRipVeg",204,0,0,"ordesa",1,1
"MedSclF",4221,0,0,"ordesa",1,1
"RipF",860,0,0,"ordesa",1,1
"RockScreeVeg",8877,0,0,"ordesa",1,1
"SMedMarF",1656,0,0,"ordesa",1,1
"Shrub",7570,0,0,"ordesa",1,1
"TempDecF",20036,0,0,"ordesa",1,1
"WaterSurf",20,0,0,"ordesa",1,1
"AlpConF",27603,1,0,"ordesa",1,2
"AlpScrGr",102461,884,0.86,"ordesa",1,2
"ArtSurf",26,0,0,"ordesa",1,2
"BareArea",222,1,0.45,"ordesa",1,2
"Grass",21222,48,0.23,"ordesa",1,2
"HydroRipVeg",214,3,1.4,"ordesa",1,2
"MedSclF",4236,22,0.52,"ordesa",1,2
"RipF",860,0,0,"ordesa",1,2
"RockScreeVeg",13604,317,2.33,"ordesa",1,2
"SMedMarF",1671,0,0,"ordesa",1,2
"Shrub",7575,13,0.17,"ordesa",1,2
"TempDecF",20084,12,0.06,"ordesa",1,2
"WaterSurf",71,0,0,"ordesa",1,2
"AlpConF",27618,0,0,"ordesa",1,3
"AlpScrGr",101988,0,0,"ordesa",1,3
"ArtSurf",26,0,0,"ordesa",1,3
"BareArea",547,0,0,"ordesa",1,3
"Grass",21222,0,0,"ordesa",1,3
"HydroRipVeg",207,0,0,"ordesa",1,3
"MedSclF",4251,0,0,"ordesa",1,3
"RipF",860,0,0,"ordesa",1,3
"RockScreeVeg",12284,0,0,"ordesa",1,3
"SMedMarF",1671,0,0,"ordesa",1,3
"Shrub",7598,0,0,"ordesa",1,3
"TempDecF",20202,0,0,"ordesa",1,3
"WaterSurf",35,0,0,"ordesa",1,3
"AlpConF",27612,0,0,"ordesa",1,4
"AlpScrGr",100142,0,0,"ordesa",1,4
"ArtSurf",26,0,0,"ordesa",1,4
"Grass",21220,0,0,"ordesa",1,4
"HydroRipVeg",204,0,0,"ordesa",1,4
"MedSclF",4251,0,0,"ordesa",1,4
"RipF",860,0,0,"ordesa",1,4
"RockScreeVeg",8608,0,0,"ordesa",1,4
"SMedMarF",1671,0,0,"ordesa",1,4
"Shrub",7601,0,0,"ordesa",1,4
"TempDecF",20198,0,0,"ordesa",1,4
"WaterSurf",20,0,0,"ordesa",1,4
"AlpConF",28066,0,0,"ordesa",1,5
"AlpScrGr",98778,0,0,"ordesa",1,5
"ArtSurf",26,0,0,"ordesa",1,5
"Grass",21196,0,0,"ordesa",1,5
"HydroRipVeg",154,0,0,"ordesa",1,5
"MedSclF",4268,0,0,"ordesa",1,5
"RipF",865,0,0,"ordesa",1,5
"RockScreeVeg",8460,0,0,"ordesa",1,5
"SMedMarF",1749,0,0,"ordesa",1,5
"Shrub",7687,0,0,"ordesa",1,5
"TempDecF",20584,0,0,"ordesa",1,5
"WaterSurf",20,0,0,"ordesa",1,5
"AlpConF",28021,0,0,"ordesa",1,6
"AlpScrGr",100196,0,0,"ordesa",1,6
"ArtSurf",26,0,0,"ordesa",1,6
"Grass",21222,0,0,"ordesa",1,6
"HydroRipVeg",204,0,0,"ordesa",1,6
"MedSclF",4300,0,0,"ordesa",1,6
"RipF",866,0,0,"ordesa",1,6
"RockScreeVeg",8611,0,0,"ordesa",1,6
"SMedMarF",1746,0,0,"ordesa",1,6
"Shrub",7723,0,0,"ordesa",1,6
"TempDecF",20580,0,0,"ordesa",1,6
"WaterSurf",20,0,0,"ordesa",1,6
"AlpConF",28948,0,0,"ordesa",1,7
"AlpScrGr",104562,0,0,"ordesa",1,7
"ArtSurf",26,0,0,"ordesa",1,7
"Grass",21263,0,0,"ordesa",1,7
"HydroRipVeg",233,0,0,"ordesa",1,7
"MedSclF",4301,0,0,"ordesa",1,7
"RipF",874,0,0,"ordesa",1,7
"RockScreeVeg",9898,0,0,"ordesa",1,7
"SMedMarF",1812,0,0,"ordesa",1,7
"Shrub",7815,0,0,"ordesa",1,7
"TempDecF",21294,0,0,"ordesa",1,7
"WaterSurf",20,0,0,"ordesa",1,7
"AlpConF",28937,0,0,"ordesa",1,8
"AlpScrGr",105460,0,0,"ordesa",1,8
"ArtSurf",26,0,0,"ordesa",1,8
"Grass",21263,0,0,"ordesa",1,8
"HydroRipVeg",263,0,0,"ordesa",1,8
"MedSclF",4300,0,0,"ordesa",1,8
"RipF",874,0,0,"ordesa",1,8
"RockScreeVeg",11894,0,0,"ordesa",1,8
"SMedMarF",1810,0,0,"ordesa",1,8
"Shrub",7807,0,0,"ordesa",1,8
"TempDecF",21266,0,0,"ordesa",1,8
"WaterSurf",115,0,0,"ordesa",1,8
"AlpConF",28538,0,0,"ordesa",1,9
"AlpScrGr",105989,0,0,"ordesa",1,9
"ArtSurf",26,0,0,"ordesa",1,9
"Grass",21263,0,0,"ordesa",1,9
"HydroRipVeg",269,0,0,"ordesa",1,9
"MedSclF",4283,0,0,"ordesa",1,9
"RipF",870,0,0,"ordesa",1,9
"RockScreeVeg",11933,0,0,"ordesa",1,9
"SMedMarF",1757,0,0,"ordesa",1,9
"Shrub",7719,0,0,"ordesa",1,9
"TempDecF",20868,0,0,"ordesa",1,9
"WaterSurf",89,0,0,"ordesa",1,9
"AlpConF",27643,0,0,"ordesa",1,10
"AlpScrGr",101108,0,0,"ordesa",1,10
"ArtSurf",26,0,0,"ordesa",1,10
"Grass",21225,0,0,"ordesa",1,10
"HydroRipVeg",204,0,0,"ordesa",1,10
"MedSclF",4251,0,0,"ordesa",1,10
"RipF",860,0,0,"ordesa",1,10
"RockScreeVeg",8838,0,0,"ordesa",1,10
"SMedMarF",1672,0,0,"ordesa",1,10
"Shrub",7599,0,0,"ordesa",1,10
"TempDecF",20208,0,0,"ordesa",1,10
"WaterSurf",20,0,0,"ordesa",1,10
"AlpConF",27604,0,0,"ordesa",1,11
"AlpScrGr",100246,0,0,"ordesa",1,11
"ArtSurf",26,0,0,"ordesa",1,11
"BareArea",2,0,0,"ordesa",1,11
"Grass",21211,0,0,"ordesa",1,11
"HydroRipVeg",204,0,0,"ordesa",1,11
"MedSclF",4249,0,0,"ordesa",1,11
"RipF",860,0,0,"ordesa",1,11
"RockScreeVeg",8684,0,0,"ordesa",1,11
"SMedMarF",1645,0,0,"ordesa",1,11
"Shrub",7577,0,0,"ordesa",1,11
"TempDecF",20167,0,0,"ordesa",1,11
"WaterSurf",20,0,0,"ordesa",1,11
"AlpConF",27351,0,0,"ordesa",1,12
"AlpScrGr",100116,0,0,"ordesa",1,12
"ArtSurf",26,0,0,"ordesa",1,12
"Grass",21210,0,0,"ordesa",1,12
"HydroRipVeg",204,0,0,"ordesa",1,12
"MedSclF",4190,0,0,"ordesa",1,12
"RipF",854,0,0,"ordesa",1,12
"RockScreeVeg",8603,0,0,"ordesa",1,12
"SMedMarF",1625,0,0,"ordesa",1,12
"Shrub",7507,0,0,"ordesa",1,12
"TempDecF",19766,0,0,"ordesa",1,12
"WaterSurf",20,0,0,"ordesa",1,12
"AlpConF",27586,0,0,"ordesa",3,1
"AlpScrGr",100409,0,0,"ordesa",3,1
"ArtSurf",26,0,0,"ordesa",3,1
"BareArea",3,0,0,"ordesa",3,1
"Grass",21218,0,0,"ordesa",3,1
"HydroRipVeg",204,0,0,"ordesa",3,1
"MedSclF",4221,0,0,"ordesa",3,1
"RipF",860,0,0,"ordesa",3,1
"RockScreeVeg",8877,0,0,"ordesa",3,1
"SMedMarF",1656,0,0,"ordesa",3,1
"Shrub",7570,0,0,"ordesa",3,1
"TempDecF",20036,0,0,"ordesa",3,1
"WaterSurf",20,0,0,"ordesa",3,1
"AlpConF",27603,0,0,"ordesa",3,2
"AlpScrGr",102461,1,0,"ordesa",3,2
"ArtSurf",26,0,0,"ordesa",3,2
"BareArea",222,0,0,"ordesa",3,2
"Grass",21222,0,0,"ordesa",3,2
"HydroRipVeg",214,0,0,"ordesa",3,2
"MedSclF",4236,0,0,"ordesa",3,2
"RipF",860,0,0,"ordesa",3,2
"RockScreeVeg",13604,0,0,"ordesa",3,2
"SMedMarF",1671,0,0,"ordesa",3,2
"Shrub",7575,0,0,"ordesa",3,2
"TempDecF",20084,0,0,"ordesa",3,2
"WaterSurf",71,0,0,"ordesa",3,2
"AlpConF",27618,130,0.47,"ordesa",3,3
"AlpScrGr",101988,792,0.78,"ordesa",3,3
"ArtSurf",26,0,0,"ordesa",3,3
"BareArea",547,0,0,"ordesa",3,3
"Grass",21222,40,0.19,"ordesa",3,3
"HydroRipVeg",207,0,0,"ordesa",3,3
"MedSclF",4251,55,1.29,"ordesa",3,3
"RipF",860,0,0,"ordesa",3,3
"RockScreeVeg",12284,351,2.86,"ordesa",3,3
"SMedMarF",1671,20,1.2,"ordesa",3,3
"Shrub",7598,55,0.72,"ordesa",3,3
"TempDecF",20202,83,0.41,"ordesa",3,3
"WaterSurf",35,0,0,"ordesa",3,3
"AlpConF",27612,12,0.04,"ordesa",3,4
"AlpScrGr",100142,0,0,"ordesa",3,4
"ArtSurf",26,0,0,"ordesa",3,4
"Grass",21220,0,0,"ordesa",3,4
"HydroRipVeg",204,0,0,"ordesa",3,4
"MedSclF",4251,3,0.07,"ordesa",3,4
"RipF",860,0,0,"ordesa",3,4
"RockScreeVeg",8608,0,0,"ordesa",3,4
"SMedMarF",1671,0,0,"ordesa",3,4
"Shrub",7601,0,0,"ordesa",3,4
"TempDecF",20198,16,0.08,"ordesa",3,4
"WaterSurf",20,0,0,"ordesa",3,4
"AlpConF",28066,41,0.15,"ordesa",3,5
"AlpScrGr",98778,8,0.01,"ordesa",3,5
"ArtSurf",26,0,0,"ordesa",3,5
"Grass",21196,1,0,"ordesa",3,5
"HydroRipVeg",154,0,0,"ordesa",3,5
"MedSclF",4268,5,0.12,"ordesa",3,5
"RipF",865,0,0,"ordesa",3,5
"RockScreeVeg",8460,3,0.04,"ordesa",3,5
"SMedMarF",1749,12,0.69,"ordesa",3,5
"Shrub",7687,5,0.07,"ordesa",3,5
"TempDecF",20584,11,0.05,"ordesa",3,5
"WaterSurf",20,1,5,"ordesa",3,5
"AlpConF",28021,0,0,"ordesa",3,6
"AlpScrGr",100196,0,0,"ordesa",3,6
"ArtSurf",26,0,0,"ordesa",3,6
"Grass",21222,0,0,"ordesa",3,6
"HydroRipVeg",204,0,0,"ordesa",3,6
"MedSclF",4300,0,0,"ordesa",3,6
"RipF",866,0,0,"ordesa",3,6
"RockScreeVeg",8611,0,0,"ordesa",3,6
"SMedMarF",1746,0,0,"ordesa",3,6
"Shrub",7723,0,0,"ordesa",3,6
"TempDecF",20580,0,0,"ordesa",3,6
"WaterSurf",20,0,0,"ordesa",3,6
"AlpConF",28948,0,0,"ordesa",3,7
"AlpScrGr",104562,0,0,"ordesa",3,7
"ArtSurf",26,0,0,"ordesa",3,7
"Grass",21263,0,0,"ordesa",3,7
"HydroRipVeg",233,0,0,"ordesa",3,7
"MedSclF",4301,0,0,"ordesa",3,7
"RipF",874,0,0,"ordesa",3,7
"RockScreeVeg",9898,0,0,"ordesa",3,7
"SMedMarF",1812,0,0,"ordesa",3,7
"Shrub",7815,0,0,"ordesa",3,7
"TempDecF",21294,0,0,"ordesa",3,7
"WaterSurf",20,0,0,"ordesa",3,7
"AlpConF",28937,3403,11.76,"ordesa",3,8
"AlpScrGr",105460,39424,37.38,"ordesa",3,8
"ArtSurf",26,10,38.46,"ordesa",3,8
"Grass",21263,14730,69.28,"ordesa",3,8
"HydroRipVeg",263,6,2.28,"ordesa",3,8
"MedSclF",4300,544,12.65,"ordesa",3,8
"RipF",874,39,4.46,"ordesa",3,8
"RockScreeVeg",11894,822,6.91,"ordesa",3,8
"SMedMarF",1810,230,12.71,"ordesa",3,8
"Shrub",7807,2728,34.94,"ordesa",3,8
"TempDecF",21266,1767,8.31,"ordesa",3,8
"WaterSurf",115,0,0,"ordesa",3,8
"AlpConF",28538,446,1.56,"ordesa",3,9
"AlpScrGr",105989,9229,8.71,"ordesa",3,9
"ArtSurf",26,6,23.08,"ordesa",3,9
"Grass",21263,3972,18.68,"ordesa",3,9
"HydroRipVeg",269,2,0.74,"ordesa",3,9
"MedSclF",4283,63,1.47,"ordesa",3,9
"RipF",870,7,0.8,"ordesa",3,9
"RockScreeVeg",11933,113,0.95,"ordesa",3,9
"SMedMarF",1757,6,0.34,"ordesa",3,9
"Shrub",7719,1000,12.96,"ordesa",3,9
"TempDecF",20868,158,0.76,"ordesa",3,9
"WaterSurf",89,0,0,"ordesa",3,9
"AlpConF",27643,0,0,"ordesa",3,10
"AlpScrGr",101108,0,0,"ordesa",3,10
"ArtSurf",26,0,0,"ordesa",3,10
"Grass",21225,0,0,"ordesa",3,10
"HydroRipVeg",204,0,0,"ordesa",3,10
"MedSclF",4251,0,0,"ordesa",3,10
"RipF",860,0,0,"ordesa",3,10
"RockScreeVeg",8838,0,0,"ordesa",3,10
"SMedMarF",1672,0,0,"ordesa",3,10
"Shrub",7599,0,0,"ordesa",3,10
"TempDecF",20208,0,0,"ordesa",3,10
"WaterSurf",20,0,0,"ordesa",3,10
"AlpConF",27604,0,0,"ordesa",3,11
"AlpScrGr",100246,0,0,"ordesa",3,11
"ArtSurf",26,0,0,"ordesa",3,11
"BareArea",2,0,0,"ordesa",3,11
"Grass",21211,0,0,"ordesa",3,11
"HydroRipVeg",204,0,0,"ordesa",3,11
"MedSclF",4249,0,0,"ordesa",3,11
"RipF",860,0,0,"ordesa",3,11
"RockScreeVeg",8684,0,0,"ordesa",3,11
"SMedMarF",1645,0,0,"ordesa",3,11
"Shrub",7577,0,0,"ordesa",3,11
"TempDecF",20167,0,0,"ordesa",3,11
"WaterSurf",20,0,0,"ordesa",3,11
"AlpConF",27351,0,0,"ordesa",3,12
"AlpScrGr",100116,0,0,"ordesa",3,12
"ArtSurf",26,0,0,"ordesa",3,12
"Grass",21210,0,0,"ordesa",3,12
"HydroRipVeg",204,0,0,"ordesa",3,12
"MedSclF",4190,0,0,"ordesa",3,12
"RipF",854,0,0,"ordesa",3,12
"RockScreeVeg",8603,0,0,"ordesa",3,12
"SMedMarF",1625,0,0,"ordesa",3,12
"Shrub",7507,0,0,"ordesa",3,12
"TempDecF",19766,0,0,"ordesa",3,12
"WaterSurf",20,0,0,"ordesa",3,12
"AlpConF",27586,0,0,"ordesa",6,1
"AlpScrGr",100409,0,0,"ordesa",6,1
"ArtSurf",26,0,0,"ordesa",6,1
"BareArea",3,0,0,"ordesa",6,1
"Grass",21218,0,0,"ordesa",6,1
"HydroRipVeg",204,0,0,"ordesa",6,1
"MedSclF",4221,0,0,"ordesa",6,1
"RipF",860,0,0,"ordesa",6,1
"RockScreeVeg",8877,0,0,"ordesa",6,1
"SMedMarF",1656,0,0,"ordesa",6,1
"Shrub",7570,0,0,"ordesa",6,1
"TempDecF",20036,0,0,"ordesa",6,1
"WaterSurf",20,0,0,"ordesa",6,1
"AlpConF",27603,0,0,"ordesa",6,2
"AlpScrGr",102461,0,0,"ordesa",6,2
"ArtSurf",26,0,0,"ordesa",6,2
"BareArea",222,0,0,"ordesa",6,2
"Grass",21222,0,0,"ordesa",6,2
"HydroRipVeg",214,0,0,"ordesa",6,2
"MedSclF",4236,0,0,"ordesa",6,2
"RipF",860,0,0,"ordesa",6,2
"RockScreeVeg",13604,0,0,"ordesa",6,2
"SMedMarF",1671,0,0,"ordesa",6,2
"Shrub",7575,0,0,"ordesa",6,2
"TempDecF",20084,0,0,"ordesa",6,2
"WaterSurf",71,0,0,"ordesa",6,2
"AlpConF",27618,12,0.04,"ordesa",6,3
"AlpScrGr",101988,35,0.03,"ordesa",6,3
"ArtSurf",26,0,0,"ordesa",6,3
"BareArea",547,0,0,"ordesa",6,3
"Grass",21222,3,0.01,"ordesa",6,3
"HydroRipVeg",207,0,0,"ordesa",6,3
"MedSclF",4251,0,0,"ordesa",6,3
"RipF",860,0,0,"ordesa",6,3
"RockScreeVeg",12284,11,0.09,"ordesa",6,3
"SMedMarF",1671,1,0.06,"ordesa",6,3
"Shrub",7598,5,0.07,"ordesa",6,3
"TempDecF",20202,5,0.02,"ordesa",6,3
"WaterSurf",35,0,0,"ordesa",6,3
"AlpConF",27612,0,0,"ordesa",6,4
"AlpScrGr",100142,0,0,"ordesa",6,4
"ArtSurf",26,0,0,"ordesa",6,4
"Grass",21220,0,0,"ordesa",6,4
"HydroRipVeg",204,0,0,"ordesa",6,4
"MedSclF",4251,0,0,"ordesa",6,4
"RipF",860,0,0,"ordesa",6,4
"RockScreeVeg",8608,0,0,"ordesa",6,4
"SMedMarF",1671,0,0,"ordesa",6,4
"Shrub",7601,0,0,"ordesa",6,4
"TempDecF",20198,0,0,"ordesa",6,4
"WaterSurf",20,0,0,"ordesa",6,4
"AlpConF",28066,3,0.01,"ordesa",6,5
"AlpScrGr",98778,0,0,"ordesa",6,5
"ArtSurf",26,0,0,"ordesa",6,5
"Grass",21196,2,0.01,"ordesa",6,5
"HydroRipVeg",154,0,0,"ordesa",6,5
"MedSclF",4268,1,0.02,"ordesa",6,5
"RipF",865,0,0,"ordesa",6,5
"RockScreeVeg",8460,0,0,"ordesa",6,5
"SMedMarF",1749,0,0,"ordesa",6,5
"Shrub",7687,1,0.01,"ordesa",6,5
"TempDecF",20584,2,0.01,"ordesa",6,5
"WaterSurf",20,0,0,"ordesa",6,5
"AlpConF",28021,0,0,"ordesa",6,6
"AlpScrGr",100196,29,0.03,"ordesa",6,6
"ArtSurf",26,0,0,"ordesa",6,6
"Grass",21222,46,0.22,"ordesa",6,6
"HydroRipVeg",204,0,0,"ordesa",6,6
"MedSclF",4300,0,0,"ordesa",6,6
"RipF",866,0,0,"ordesa",6,6
"RockScreeVeg",8611,7,0.08,"ordesa",6,6
"SMedMarF",1746,0,0,"ordesa",6,6
"Shrub",7723,10,0.13,"ordesa",6,6
"TempDecF",20580,2,0.01,"ordesa",6,6
"WaterSurf",20,0,0,"ordesa",6,6
"AlpConF",28948,17,0.06,"ordesa",6,7
"AlpScrGr",104562,20,0.02,"ordesa",6,7
"ArtSurf",26,0,0,"ordesa",6,7
"Grass",21263,9,0.04,"ordesa",6,7
"HydroRipVeg",233,0,0,"ordesa",6,7
"MedSclF",4301,1,0.02,"ordesa",6,7
"RipF",874,0,0,"ordesa",6,7
"RockScreeVeg",9898,2,0.02,"ordesa",6,7
"SMedMarF",1812,0,0,"ordesa",6,7
"Shrub",7815,3,0.04,"ordesa",6,7
"TempDecF",21294,4,0.02,"ordesa",6,7
"WaterSurf",20,0,0,"ordesa",6,7
"AlpConF",28937,0,0,"ordesa",6,8
"AlpScrGr",105460,0,0,"ordesa",6,8
"ArtSurf",26,0,0,"ordesa",6,8
"Grass",21263,0,0,"ordesa",6,8
"HydroRipVeg",263,0,0,"ordesa",6,8
"MedSclF",4300,0,0,"ordesa",6,8
"RipF",874,0,0,"ordesa",6,8
"RockScreeVeg",11894,0,0,"ordesa",6,8
"SMedMarF",1810,0,0,"ordesa",6,8
"Shrub",7807,0,0,"ordesa",6,8
"TempDecF",21266,0,0,"ordesa",6,8
"WaterSurf",115,0,0,"ordesa",6,8
"AlpConF",28538,117,0.41,"ordesa",6,9
"AlpScrGr",105989,2327,2.2,"ordesa",6,9
"ArtSurf",26,3,11.54,"ordesa",6,9
"Grass",21263,1370,6.44,"ordesa",6,9
"HydroRipVeg",269,0,0,"ordesa",6,9
"MedSclF",4283,22,0.51,"ordesa",6,9
"RipF",870,3,0.34,"ordesa",6,9
"RockScreeVeg",11933,71,0.59,"ordesa",6,9
"SMedMarF",1757,0,0,"ordesa",6,9
"Shrub",7719,250,3.24,"ordesa",6,9
"TempDecF",20868,67,0.32,"ordesa",6,9
"WaterSurf",89,0,0,"ordesa",6,9
"AlpConF",27643,0,0,"ordesa",6,10
"AlpScrGr",101108,0,0,"ordesa",6,10
"ArtSurf",26,0,0,"ordesa",6,10
"Grass",21225,0,0,"ordesa",6,10
"HydroRipVeg",204,0,0,"ordesa",6,10
"MedSclF",4251,0,0,"ordesa",6,10
"RipF",860,0,0,"ordesa",6,10
"RockScreeVeg",8838,0,0,"ordesa",6,10
"SMedMarF",1672,0,0,"ordesa",6,10
"Shrub",7599,0,0,"ordesa",6,10
"TempDecF",20208,0,0,"ordesa",6,10
"WaterSurf",20,0,0,"ordesa",6,10
"AlpConF",27604,0,0,"ordesa",6,11
"AlpScrGr",100246,0,0,"ordesa",6,11
"ArtSurf",26,0,0,"ordesa",6,11
"BareArea",2,0,0,"ordesa",6,11
"Grass",21211,0,0,"ordesa",6,11
"HydroRipVeg",204,0,0,"ordesa",6,11
"MedSclF",4249,0,0,"ordesa",6,11
"RipF",860,0,0,"ordesa",6,11
"RockScreeVeg",8684,0,0,"ordesa",6,11
"SMedMarF",1645,0,0,"ordesa",6,11
"Shrub",7577,0,0,"ordesa",6,11
"TempDecF",20167,0,0,"ordesa",6,11
"WaterSurf",20,0,0,"ordesa",6,11
"AlpConF",27351,0,0,"ordesa",6,12
"AlpScrGr",100116,0,0,"ordesa",6,12
"ArtSurf",26,0,0,"ordesa",6,12
"Grass",21210,0,0,"ordesa",6,12
"HydroRipVeg",204,0,0,"ordesa",6,12
"MedSclF",4190,0,0,"ordesa",6,12
"RipF",854,0,0,"ordesa",6,12
"RockScreeVeg",8603,0,0,"ordesa",6,12
"SMedMarF",1625,0,0,"ordesa",6,12
"Shrub",7507,0,0,"ordesa",6,12
"TempDecF",19766,0,0,"ordesa",6,12
"WaterSurf",20,0,0,"ordesa",6,12
"AlpConF",27586,0,0,"ordesa",9,1
"AlpScrGr",100409,0,0,"ordesa",9,1
"ArtSurf",26,0,0,"ordesa",9,1
"BareArea",3,0,0,"ordesa",9,1
"Grass",21218,0,0,"ordesa",9,1
"HydroRipVeg",204,0,0,"ordesa",9,1
"MedSclF",4221,0,0,"ordesa",9,1
"RipF",860,0,0,"ordesa",9,1
"RockScreeVeg",8877,0,0,"ordesa",9,1
"SMedMarF",1656,0,0,"ordesa",9,1
"Shrub",7570,0,0,"ordesa",9,1
"TempDecF",20036,0,0,"ordesa",9,1
"WaterSurf",20,0,0,"ordesa",9,1
"AlpConF",27603,0,0,"ordesa",9,2
"AlpScrGr",102461,0,0,"ordesa",9,2
"ArtSurf",26,0,0,"ordesa",9,2
"BareArea",222,0,0,"ordesa",9,2
"Grass",21222,0,0,"ordesa",9,2
"HydroRipVeg",214,0,0,"ordesa",9,2
"MedSclF",4236,0,0,"ordesa",9,2
"RipF",860,0,0,"ordesa",9,2
"RockScreeVeg",13604,0,0,"ordesa",9,2
"SMedMarF",1671,0,0,"ordesa",9,2
"Shrub",7575,0,0,"ordesa",9,2
"TempDecF",20084,0,0,"ordesa",9,2
"WaterSurf",71,0,0,"ordesa",9,2
"AlpConF",27618,6,0.02,"ordesa",9,3
"AlpScrGr",101988,4,0,"ordesa",9,3
"ArtSurf",26,0,0,"ordesa",9,3
"BareArea",547,0,0,"ordesa",9,3
"Grass",21222,0,0,"ordesa",9,3
"HydroRipVeg",207,0,0,"ordesa",9,3
"MedSclF",4251,0,0,"ordesa",9,3
"RipF",860,0,0,"ordesa",9,3
"RockScreeVeg",12284,0,0,"ordesa",9,3
"SMedMarF",1671,0,0,"ordesa",9,3
"Shrub",7598,0,0,"ordesa",9,3
"TempDecF",20202,2,0.01,"ordesa",9,3
"WaterSurf",35,0,0,"ordesa",9,3
"AlpConF",27612,0,0,"ordesa",9,4
"AlpScrGr",100142,0,0,"ordesa",9,4
"ArtSurf",26,0,0,"ordesa",9,4
"Grass",21220,0,0,"ordesa",9,4
"HydroRipVeg",204,0,0,"ordesa",9,4
"MedSclF",4251,0,0,"ordesa",9,4
"RipF",860,0,0,"ordesa",9,4
"RockScreeVeg",8608,0,0,"ordesa",9,4
"SMedMarF",1671,0,0,"ordesa",9,4
"Shrub",7601,0,0,"ordesa",9,4
"TempDecF",20198,0,0,"ordesa",9,4
"WaterSurf",20,0,0,"ordesa",9,4
"AlpConF",28066,5,0.02,"ordesa",9,5
"AlpScrGr",98778,0,0,"ordesa",9,5
"ArtSurf",26,0,0,"ordesa",9,5
"Grass",21196,0,0,"ordesa",9,5
"HydroRipVeg",154,0,0,"ordesa",9,5
"MedSclF",4268,2,0.05,"ordesa",9,5
"RipF",865,0,0,"ordesa",9,5
"RockScreeVeg",8460,0,0,"ordesa",9,5
"SMedMarF",1749,0,0,"ordesa",9,5
"Shrub",7687,0,0,"ordesa",9,5
"TempDecF",20584,0,0,"ordesa",9,5
"WaterSurf",20,0,0,"ordesa",9,5
"AlpConF",28021,0,0,"ordesa",9,6
"AlpScrGr",100196,0,0,"ordesa",9,6
"ArtSurf",26,0,0,"ordesa",9,6
"Grass",21222,0,0,"ordesa",9,6
"HydroRipVeg",204,0,0,"ordesa",9,6
"MedSclF",4300,0,0,"ordesa",9,6
"RipF",866,0,0,"ordesa",9,6
"RockScreeVeg",8611,0,0,"ordesa",9,6
"SMedMarF",1746,0,0,"ordesa",9,6
"Shrub",7723,0,0,"ordesa",9,6
"TempDecF",20580,0,0,"ordesa",9,6
"WaterSurf",20,0,0,"ordesa",9,6
"AlpConF",28948,26,0.09,"ordesa",9,7
"AlpScrGr",104562,19,0.02,"ordesa",9,7
"ArtSurf",26,0,0,"ordesa",9,7
"Grass",21263,1,0,"ordesa",9,7
"HydroRipVeg",233,0,0,"ordesa",9,7
"MedSclF",4301,1,0.02,"ordesa",9,7
"RipF",874,0,0,"ordesa",9,7
"RockScreeVeg",9898,0,0,"ordesa",9,7
"SMedMarF",1812,0,0,"ordesa",9,7
"Shrub",7815,4,0.05,"ordesa",9,7
"TempDecF",21294,1,0,"ordesa",9,7
"WaterSurf",20,0,0,"ordesa",9,7
"AlpConF",28937,10380,35.87,"ordesa",9,8
"AlpScrGr",105460,52850,50.11,"ordesa",9,8
"ArtSurf",26,23,88.46,"ordesa",9,8
"Grass",21263,17050,80.19,"ordesa",9,8
"HydroRipVeg",263,88,33.46,"ordesa",9,8
"MedSclF",4300,1050,24.42,"ordesa",9,8
"RipF",874,201,23,"ordesa",9,8
"RockScreeVeg",11894,1476,12.41,"ordesa",9,8
"SMedMarF",1810,938,51.82,"ordesa",9,8
"Shrub",7807,3678,47.11,"ordesa",9,8
"TempDecF",21266,5325,25.04,"ordesa",9,8
"WaterSurf",115,0,0,"ordesa",9,8
"AlpConF",28538,889,3.12,"ordesa",9,9
"AlpScrGr",105989,3964,3.74,"ordesa",9,9
"ArtSurf",26,0,0,"ordesa",9,9
"Grass",21263,860,4.04,"ordesa",9,9
"HydroRipVeg",269,27,10.04,"ordesa",9,9
"MedSclF",4283,75,1.75,"ordesa",9,9
"RipF",870,9,1.03,"ordesa",9,9
"RockScreeVeg",11933,157,1.32,"ordesa",9,9
"SMedMarF",1757,36,2.05,"ordesa",9,9
"Shrub",7719,211,2.73,"ordesa",9,9
"TempDecF",20868,571,2.74,"ordesa",9,9
"WaterSurf",89,0,0,"ordesa",9,9
"AlpConF",27643,0,0,"ordesa",9,10
"AlpScrGr",101108,0,0,"ordesa",9,10
"ArtSurf",26,0,0,"ordesa",9,10
"Grass",21225,0,0,"ordesa",9,10
"HydroRipVeg",204,0,0,"ordesa",9,10
"MedSclF",4251,0,0,"ordesa",9,10
"RipF",860,0,0,"ordesa",9,10
"RockScreeVeg",8838,0,0,"ordesa",9,10
"SMedMarF",1672,0,0,"ordesa",9,10
"Shrub",7599,0,0,"ordesa",9,10
"TempDecF",20208,0,0,"ordesa",9,10
"WaterSurf",20,0,0,"ordesa",9,10
"AlpConF",27604,0,0,"ordesa",9,11
"AlpScrGr",100246,0,0,"ordesa",9,11
"ArtSurf",26,0,0,"ordesa",9,11
"BareArea",2,0,0,"ordesa",9,11
"Grass",21211,0,0,"ordesa",9,11
"HydroRipVeg",204,0,0,"ordesa",9,11
"MedSclF",4249,0,0,"ordesa",9,11
"RipF",860,0,0,"ordesa",9,11
"RockScreeVeg",8684,0,0,"ordesa",9,11
"SMedMarF",1645,0,0,"ordesa",9,11
"Shrub",7577,0,0,"ordesa",9,11
"TempDecF",20167,0,0,"ordesa",9,11
"WaterSurf",20,0,0,"ordesa",9,11
"AlpConF",27351,0,0,"ordesa",9,12
"AlpScrGr",100116,0,0,"ordesa",9,12
"ArtSurf",26,0,0,"ordesa",9,12
"Grass",21210,0,0,"ordesa",9,12
"HydroRipVeg",204,0,0,"ordesa",9,12
"MedSclF",4190,0,0,"ordesa",9,12
"RipF",854,0,0,"ordesa",9,12
"RockScreeVeg",8603,0,0,"ordesa",9,12
"SMedMarF",1625,0,0,"ordesa",9,12
"Shrub",7507,0,0,"ordesa",9,12
"TempDecF",19766,0,0,"ordesa",9,12
"WaterSurf",20,0,0,"ordesa",9,12
"AlpConF",27586,0,0,"ordesa",12,1
"AlpScrGr",100409,0,0,"ordesa",12,1
"ArtSurf",26,0,0,"ordesa",12,1
"BareArea",3,0,0,"ordesa",12,1
"Grass",21218,0,0,"ordesa",12,1
"HydroRipVeg",204,0,0,"ordesa",12,1
"MedSclF",4221,0,0,"ordesa",12,1
"RipF",860,0,0,"ordesa",12,1
"RockScreeVeg",8877,0,0,"ordesa",12,1
"SMedMarF",1656,0,0,"ordesa",12,1
"Shrub",7570,0,0,"ordesa",12,1
"TempDecF",20036,0,0,"ordesa",12,1
"WaterSurf",20,0,0,"ordesa",12,1
"AlpConF",27603,0,0,"ordesa",12,2
"AlpScrGr",102461,0,0,"ordesa",12,2
"ArtSurf",26,0,0,"ordesa",12,2
"BareArea",222,0,0,"ordesa",12,2
"Grass",21222,0,0,"ordesa",12,2
"HydroRipVeg",214,0,0,"ordesa",12,2
"MedSclF",4236,0,0,"ordesa",12,2
"RipF",860,0,0,"ordesa",12,2
"RockScreeVeg",13604,0,0,"ordesa",12,2
"SMedMarF",1671,0,0,"ordesa",12,2
"Shrub",7575,0,0,"ordesa",12,2
"TempDecF",20084,0,0,"ordesa",12,2
"WaterSurf",71,0,0,"ordesa",12,2
"AlpConF",27618,79,0.29,"ordesa",12,3
"AlpScrGr",101988,73,0.07,"ordesa",12,3
"ArtSurf",26,0,0,"ordesa",12,3
"BareArea",547,0,0,"ordesa",12,3
"Grass",21222,6,0.03,"ordesa",12,3
"HydroRipVeg",207,0,0,"ordesa",12,3
"MedSclF",4251,10,0.24,"ordesa",12,3
"RipF",860,0,0,"ordesa",12,3
"RockScreeVeg",12284,10,0.08,"ordesa",12,3
"SMedMarF",1671,12,0.72,"ordesa",12,3
"Shrub",7598,17,0.22,"ordesa",12,3
"TempDecF",20202,59,0.29,"ordesa",12,3
"WaterSurf",35,0,0,"ordesa",12,3
"AlpConF",27612,0,0,"ordesa",12,4
"AlpScrGr",100142,0,0,"ordesa",12,4
"ArtSurf",26,0,0,"ordesa",12,4
"Grass",21220,0,0,"ordesa",12,4
"HydroRipVeg",204,0,0,"ordesa",12,4
"MedSclF",4251,0,0,"ordesa",12,4
"RipF",860,0,0,"ordesa",12,4
"RockScreeVeg",8608,0,0,"ordesa",12,4
"SMedMarF",1671,0,0,"ordesa",12,4
"Shrub",7601,0,0,"ordesa",12,4
"TempDecF",20198,0,0,"ordesa",12,4
"WaterSurf",20,0,0,"ordesa",12,4
"AlpConF",28066,3,0.01,"ordesa",12,5
"AlpScrGr",98778,0,0,"ordesa",12,5
"ArtSurf",26,0,0,"ordesa",12,5
"Grass",21196,1,0,"ordesa",12,5
"HydroRipVeg",154,0,0,"ordesa",12,5
"MedSclF",4268,1,0.02,"ordesa",12,5
"RipF",865,0,0,"ordesa",12,5
"RockScreeVeg",8460,0,0,"ordesa",12,5
"SMedMarF",1749,0,0,"ordesa",12,5
"Shrub",7687,2,0.03,"ordesa",12,5
"TempDecF",20584,0,0,"ordesa",12,5
"WaterSurf",20,0,0,"ordesa",12,5
"AlpConF",28021,0,0,"ordesa",12,6
"AlpScrGr",100196,0,0,"ordesa",12,6
"ArtSurf",26,0,0,"ordesa",12,6
"Grass",21222,0,0,"ordesa",12,6
"HydroRipVeg",204,0,0,"ordesa",12,6
"MedSclF",4300,0,0,"ordesa",12,6
"RipF",866,0,0,"ordesa",12,6
"RockScreeVeg",8611,0,0,"ordesa",12,6
"SMedMarF",1746,0,0,"ordesa",12,6
"Shrub",7723,0,0,"ordesa",12,6
"TempDecF",20580,0,0,"ordesa",12,6
"WaterSurf",20,0,0,"ordesa",12,6
"AlpConF",28948,0,0,"ordesa",12,7
"AlpScrGr",104562,0,0,"ordesa",12,7
"ArtSurf",26,0,0,"ordesa",12,7
"Grass",21263,0,0,"ordesa",12,7
"HydroRipVeg",233,0,0,"ordesa",12,7
"MedSclF",4301,0,0,"ordesa",12,7
"RipF",874,0,0,"ordesa",12,7
"RockScreeVeg",9898,0,0,"ordesa",12,7
"SMedMarF",1812,0,0,"ordesa",12,7
"Shrub",7815,0,0,"ordesa",12,7
"TempDecF",21294,0,0,"ordesa",12,7
"WaterSurf",20,0,0,"ordesa",12,7
"AlpConF",28937,8750,30.24,"ordesa",12,8
"AlpScrGr",105460,52917,50.18,"ordesa",12,8
"ArtSurf",26,15,57.69,"ordesa",12,8
"Grass",21263,16369,76.98,"ordesa",12,8
"HydroRipVeg",263,149,56.65,"ordesa",12,8
"MedSclF",4300,922,21.44,"ordesa",12,8
"RipF",874,170,19.45,"ordesa",12,8
"RockScreeVeg",11894,1420,11.94,"ordesa",12,8
"SMedMarF",1810,895,49.45,"ordesa",12,8
"Shrub",7807,3113,39.87,"ordesa",12,8
"TempDecF",21266,3422,16.09,"ordesa",12,8
"WaterSurf",115,0,0,"ordesa",12,8
"AlpConF",28538,754,2.64,"ordesa",12,9
"AlpScrGr",105989,9371,8.84,"ordesa",12,9
"ArtSurf",26,0,0,"ordesa",12,9
"Grass",21263,1185,5.57,"ordesa",12,9
"HydroRipVeg",269,151,56.13,"ordesa",12,9
"MedSclF",4283,80,1.87,"ordesa",12,9
"RipF",870,9,1.03,"ordesa",12,9
"RockScreeVeg",11933,205,1.72,"ordesa",12,9
"SMedMarF",1757,31,1.76,"ordesa",12,9
"Shrub",7719,144,1.87,"ordesa",12,9
"TempDecF",20868,357,1.71,"ordesa",12,9
"WaterSurf",89,0,0,"ordesa",12,9
"AlpConF",27643,0,0,"ordesa",12,10
"AlpScrGr",101108,0,0,"ordesa",12,10
"ArtSurf",26,0,0,"ordesa",12,10
"Grass",21225,0,0,"ordesa",12,10
"HydroRipVeg",204,0,0,"ordesa",12,10
"MedSclF",4251,0,0,"ordesa",12,10
"RipF",860,0,0,"ordesa",12,10
"RockScreeVeg",8838,0,0,"ordesa",12,10
"SMedMarF",1672,0,0,"ordesa",12,10
"Shrub",7599,0,0,"ordesa",12,10
"TempDecF",20208,0,0,"ordesa",12,10
"WaterSurf",20,0,0,"ordesa",12,10
"AlpConF",27604,0,0,"ordesa",12,11
"AlpScrGr",100246,0,0,"ordesa",12,11
"ArtSurf",26,0,0,"ordesa",12,11
"BareArea",2,0,0,"ordesa",12,11
"Grass",21211,0,0,"ordesa",12,11
"HydroRipVeg",204,0,0,"ordesa",12,11
"MedSclF",4249,0,0,"ordesa",12,11
"RipF",860,0,0,"ordesa",12,11
"RockScreeVeg",8684,0,0,"ordesa",12,11
"SMedMarF",1645,0,0,"ordesa",12,11
"Shrub",7577,0,0,"ordesa",12,11
"TempDecF",20167,0,0,"ordesa",12,11
"WaterSurf",20,0,0,"ordesa",12,11
"AlpConF",27351,0,0,"ordesa",12,12
"AlpScrGr",100116,0,0,"ordesa",12,12
"ArtSurf",26,0,0,"ordesa",12,12
"Grass",21210,0,0,"ordesa",12,12
"HydroRipVeg",204,0,0,"ordesa",12,12
"MedSclF",4190,0,0,"ordesa",12,12
"RipF",854,0,0,"ordesa",12,12
"RockScreeVeg",8603,0,0,"ordesa",12,12
"SMedMarF",1625,0,0,"ordesa",12,12
"Shrub",7507,0,0,"ordesa",12,12
"TempDecF",19766,0,0,"ordesa",12,12
"WaterSurf",20,0,0,"ordesa",12,12
"AlpScrGr",483629,0,0,"picoseuropa",1,1
"ArtSurf",2496,0,0,"picoseuropa",1,1
"AtlScrub",36465,0,0,"picoseuropa",1,1
"Crop",230,0,0,"picoseuropa",1,1
"Dehesa",60,0,0,"picoseuropa",1,1
"Grass",143161,0,0,"picoseuropa",1,1
"HydroRipVeg",808,0,0,"picoseuropa",1,1
"MedSclF",4576,0,0,"picoseuropa",1,1
"MedScrub",14993,0,0,"picoseuropa",1,1
"Reforestation",1264,0,0,"picoseuropa",1,1
"RipF",952,0,0,"picoseuropa",1,1
"RockScreeVeg",1117,0,0,"picoseuropa",1,1
"SMedMarF",8457,0,0,"picoseuropa",1,1
"Shrub",1579,0,0,"picoseuropa",1,1
"TempDecF",253477,0,0,"picoseuropa",1,1
"WaterSurf",715,0,0,"picoseuropa",1,1
"AlpScrGr",487132,0,0,"picoseuropa",1,2
"ArtSurf",2509,0,0,"picoseuropa",1,2
"AtlScrub",36902,0,0,"picoseuropa",1,2
"Crop",230,0,0,"picoseuropa",1,2
"Dehesa",71,0,0,"picoseuropa",1,2
"Grass",144344,0,0,"picoseuropa",1,2
"HydroRipVeg",811,0,0,"picoseuropa",1,2
"MedSclF",5374,0,0,"picoseuropa",1,2
"MedScrub",15105,0,0,"picoseuropa",1,2
"Reforestation",1269,0,0,"picoseuropa",1,2
"RipF",953,0,0,"picoseuropa",1,2
"RockScreeVeg",1134,0,0,"picoseuropa",1,2
"SMedMarF",8552,0,0,"picoseuropa",1,2
"Shrub",1597,0,0,"picoseuropa",1,2
"TempDecF",256029,0,0,"picoseuropa",1,2
"WaterSurf",737,0,0,"picoseuropa",1,2
"AlpScrGr",487768,0,0,"picoseuropa",1,3
"ArtSurf",2510,0,0,"picoseuropa",1,3
"AtlScrub",36927,0,0,"picoseuropa",1,3
"Crop",230,0,0,"picoseuropa",1,3
"Dehesa",71,0,0,"picoseuropa",1,3
"Grass",144481,0,0,"picoseuropa",1,3
"HydroRipVeg",811,0,0,"picoseuropa",1,3
"MedSclF",5590,0,0,"picoseuropa",1,3
"MedScrub",15115,0,0,"picoseuropa",1,3
"Reforestation",1269,0,0,"picoseuropa",1,3
"RipF",953,0,0,"picoseuropa",1,3
"RockScreeVeg",1135,0,0,"picoseuropa",1,3
"SMedMarF",8558,0,0,"picoseuropa",1,3
"Shrub",1599,0,0,"picoseuropa",1,3
"TempDecF",256357,0,0,"picoseuropa",1,3
"WaterSurf",760,0,0,"picoseuropa",1,3
"AlpScrGr",487876,0,0,"picoseuropa",1,4
"ArtSurf",2511,0,0,"picoseuropa",1,4
"AtlScrub",36929,0,0,"picoseuropa",1,4
"Crop",230,0,0,"picoseuropa",1,4
"Dehesa",71,0,0,"picoseuropa",1,4
"Grass",144505,0,0,"picoseuropa",1,4
"HydroRipVeg",811,0,0,"picoseuropa",1,4
"MedSclF",5591,0,0,"picoseuropa",1,4
"MedScrub",15118,0,0,"picoseuropa",1,4
"Reforestation",1269,0,0,"picoseuropa",1,4
"RipF",953,0,0,"picoseuropa",1,4
"RockScreeVeg",1135,0,0,"picoseuropa",1,4
"SMedMarF",8558,0,0,"picoseuropa",1,4
"Shrub",1599,0,0,"picoseuropa",1,4
"TempDecF",256516,0,0,"picoseuropa",1,4
"WaterSurf",763,0,0,"picoseuropa",1,4
"AlpScrGr",487848,0,0,"picoseuropa",1,5
"ArtSurf",2511,0,0,"picoseuropa",1,5
"AtlScrub",36969,0,0,"picoseuropa",1,5
"Crop",230,0,0,"picoseuropa",1,5
"Dehesa",71,0,0,"picoseuropa",1,5
"Grass",144570,0,0,"picoseuropa",1,5
"HydroRipVeg",815,0,0,"picoseuropa",1,5
"MedSclF",5631,0,0,"picoseuropa",1,5
"MedScrub",15123,0,0,"picoseuropa",1,5
"Reforestation",1269,0,0,"picoseuropa",1,5
"RipF",953,0,0,"picoseuropa",1,5
"RockScreeVeg",1135,0,0,"picoseuropa",1,5
"SMedMarF",8558,0,0,"picoseuropa",1,5
"Shrub",1599,0,0,"picoseuropa",1,5
"TempDecF",256687,0,0,"picoseuropa",1,5
"WaterSurf",773,0,0,"picoseuropa",1,5
"AlpScrGr",487273,0,0,"picoseuropa",1,6
"ArtSurf",2511,0,0,"picoseuropa",1,6
"AtlScrub",36969,0,0,"picoseuropa",1,6
"Crop",230,0,0,"picoseuropa",1,6
"Dehesa",71,0,0,"picoseuropa",1,6
"Grass",144593,0,0,"picoseuropa",1,6
"HydroRipVeg",815,0,0,"picoseuropa",1,6
"MedSclF",5631,0,0,"picoseuropa",1,6
"MedScrub",15123,0,0,"picoseuropa",1,6
"Reforestation",1269,0,0,"picoseuropa",1,6
"RipF",953,0,0,"picoseuropa",1,6
"RockScreeVeg",1135,0,0,"picoseuropa",1,6
"SMedMarF",8558,0,0,"picoseuropa",1,6
"Shrub",1599,0,0,"picoseuropa",1,6
"TempDecF",256695,0,0,"picoseuropa",1,6
"WaterSurf",774,0,0,"picoseuropa",1,6
"AlpScrGr",497696,30817,6.19,"picoseuropa",1,7
"ArtSurf",2619,213,8.13,"picoseuropa",1,7
"AtlScrub",36969,786,2.13,"picoseuropa",1,7
"Crop",230,77,33.48,"picoseuropa",1,7
"Dehesa",71,0,0,"picoseuropa",1,7
"Grass",144792,11900,8.22,"picoseuropa",1,7
"HydroRipVeg",815,9,1.1,"picoseuropa",1,7
"MedSclF",5631,475,8.44,"picoseuropa",1,7
"MedScrub",15123,371,2.45,"picoseuropa",1,7
"Reforestation",1269,2,0.16,"picoseuropa",1,7
"RipF",953,31,3.25,"picoseuropa",1,7
"RockScreeVeg",1135,37,3.26,"picoseuropa",1,7
"SMedMarF",8558,906,10.59,"picoseuropa",1,7
"Shrub",1599,56,3.5,"picoseuropa",1,7
"TempDecF",256697,6381,2.49,"picoseuropa",1,7
"WaterSurf",774,12,1.55,"picoseuropa",1,7
"AlpScrGr",504321,82,0.02,"picoseuropa",1,8
"ArtSurf",2548,0,0,"picoseuropa",1,8
"AtlScrub",36969,0,0,"picoseuropa",1,8
"Crop",230,0,0,"picoseuropa",1,8
"Dehesa",71,0,0,"picoseuropa",1,8
"Grass",144733,71,0.05,"picoseuropa",1,8
"HydroRipVeg",815,0,0,"picoseuropa",1,8
"MedSclF",5631,0,0,"picoseuropa",1,8
"MedScrub",15121,0,0,"picoseuropa",1,8
"Reforestation",1269,0,0,"picoseuropa",1,8
"RipF",953,0,0,"picoseuropa",1,8
"RockScreeVeg",1135,0,0,"picoseuropa",1,8
"SMedMarF",8558,0,0,"picoseuropa",1,8
"Shrub",1599,0,0,"picoseuropa",1,8
"TempDecF",256675,0,0,"picoseuropa",1,8
"WaterSurf",771,0,0,"picoseuropa",1,8
"AlpScrGr",522100,0,0,"picoseuropa",1,9
"ArtSurf",2727,0,0,"picoseuropa",1,9
"AtlScrub",36964,0,0,"picoseuropa",1,9
"Crop",230,0,0,"picoseuropa",1,9
"Dehesa",71,0,0,"picoseuropa",1,9
"Grass",144813,0,0,"picoseuropa",1,9
"HydroRipVeg",811,0,0,"picoseuropa",1,9
"MedSclF",5617,0,0,"picoseuropa",1,9
"MedScrub",15119,0,0,"picoseuropa",1,9
"Reforestation",1269,0,0,"picoseuropa",1,9
"RipF",953,0,0,"picoseuropa",1,9
"RockScreeVeg",1135,0,0,"picoseuropa",1,9
"SMedMarF",8558,0,0,"picoseuropa",1,9
"Shrub",1599,0,0,"picoseuropa",1,9
"TempDecF",256510,0,0,"picoseuropa",1,9
"WaterSurf",761,0,0,"picoseuropa",1,9
"AlpScrGr",503669,0,0,"picoseuropa",1,10
"ArtSurf",2512,0,0,"picoseuropa",1,10
"AtlScrub",36927,0,0,"picoseuropa",1,10
"Crop",230,0,0,"picoseuropa",1,10
"Dehesa",71,0,0,"picoseuropa",1,10
"Grass",144539,0,0,"picoseuropa",1,10
"HydroRipVeg",811,0,0,"picoseuropa",1,10
"MedSclF",5580,0,0,"picoseuropa",1,10
"MedScrub",15115,0,0,"picoseuropa",1,10
"Reforestation",1269,0,0,"picoseuropa",1,10
"RipF",953,0,0,"picoseuropa",1,10
"RockScreeVeg",1135,0,0,"picoseuropa",1,10
"SMedMarF",8558,0,0,"picoseuropa",1,10
"Shrub",1599,0,0,"picoseuropa",1,10
"TempDecF",256336,0,0,"picoseuropa",1,10
"WaterSurf",752,0,0,"picoseuropa",1,10
"AlpScrGr",486719,0,0,"picoseuropa",1,11
"ArtSurf",2510,0,0,"picoseuropa",1,11
"AtlScrub",36869,0,0,"picoseuropa",1,11
"Crop",230,0,0,"picoseuropa",1,11
"Dehesa",71,0,0,"picoseuropa",1,11
"Grass",144253,0,0,"picoseuropa",1,11
"HydroRipVeg",811,0,0,"picoseuropa",1,11
"MedSclF",5373,0,0,"picoseuropa",1,11
"MedScrub",15082,0,0,"picoseuropa",1,11
"Reforestation",1269,0,0,"picoseuropa",1,11
"RipF",953,0,0,"picoseuropa",1,11
"RockScreeVeg",1132,0,0,"picoseuropa",1,11
"SMedMarF",8555,0,0,"picoseuropa",1,11
"Shrub",1598,0,0,"picoseuropa",1,11
"TempDecF",255911,0,0,"picoseuropa",1,11
"WaterSurf",745,0,0,"picoseuropa",1,11
"AlpScrGr",482406,0,0,"picoseuropa",1,12
"ArtSurf",2498,0,0,"picoseuropa",1,12
"AtlScrub",36212,0,0,"picoseuropa",1,12
"Crop",230,0,0,"picoseuropa",1,12
"Dehesa",57,0,0,"picoseuropa",1,12
"Grass",142707,0,0,"picoseuropa",1,12
"HydroRipVeg",802,0,0,"picoseuropa",1,12
"MedSclF",4578,0,0,"picoseuropa",1,12
"MedScrub",14918,0,0,"picoseuropa",1,12
"Reforestation",1266,0,0,"picoseuropa",1,12
"RipF",953,0,0,"picoseuropa",1,12
"RockScreeVeg",1099,0,0,"picoseuropa",1,12
"SMedMarF",8419,0,0,"picoseuropa",1,12
"Shrub",1532,0,0,"picoseuropa",1,12
"TempDecF",252908,0,0,"picoseuropa",1,12
"WaterSurf",708,0,0,"picoseuropa",1,12
"AlpScrGr",483629,0,0,"picoseuropa",3,1
"ArtSurf",2496,0,0,"picoseuropa",3,1
"AtlScrub",36465,0,0,"picoseuropa",3,1
"Crop",230,0,0,"picoseuropa",3,1
"Dehesa",60,0,0,"picoseuropa",3,1
"Grass",143161,0,0,"picoseuropa",3,1
"HydroRipVeg",808,0,0,"picoseuropa",3,1
"MedSclF",4576,0,0,"picoseuropa",3,1
"MedScrub",14993,0,0,"picoseuropa",3,1
"Reforestation",1264,0,0,"picoseuropa",3,1
"RipF",952,0,0,"picoseuropa",3,1
"RockScreeVeg",1117,0,0,"picoseuropa",3,1
"SMedMarF",8457,0,0,"picoseuropa",3,1
"Shrub",1579,0,0,"picoseuropa",3,1
"TempDecF",253477,0,0,"picoseuropa",3,1
"WaterSurf",715,0,0,"picoseuropa",3,1
"AlpScrGr",487132,0,0,"picoseuropa",3,2
"ArtSurf",2509,0,0,"picoseuropa",3,2
"AtlScrub",36902,0,0,"picoseuropa",3,2
"Crop",230,0,0,"picoseuropa",3,2
"Dehesa",71,0,0,"picoseuropa",3,2
"Grass",144344,0,0,"picoseuropa",3,2
"HydroRipVeg",811,0,0,"picoseuropa",3,2
"MedSclF",5374,0,0,"picoseuropa",3,2
"MedScrub",15105,0,0,"picoseuropa",3,2
"Reforestation",1269,0,0,"picoseuropa",3,2
"RipF",953,0,0,"picoseuropa",3,2
"RockScreeVeg",1134,0,0,"picoseuropa",3,2
"SMedMarF",8552,0,0,"picoseuropa",3,2
"Shrub",1597,0,0,"picoseuropa",3,2
"TempDecF",256029,0,0,"picoseuropa",3,2
"WaterSurf",737,0,0,"picoseuropa",3,2
"AlpScrGr",487768,488,0.1,"picoseuropa",3,3
"ArtSurf",2510,2,0.08,"picoseuropa",3,3
"AtlScrub",36927,5,0.01,"picoseuropa",3,3
"Crop",230,0,0,"picoseuropa",3,3
"Dehesa",71,0,0,"picoseuropa",3,3
"Grass",144481,25,0.02,"picoseuropa",3,3
"HydroRipVeg",811,0,0,"picoseuropa",3,3
"MedSclF",5590,37,0.66,"picoseuropa",3,3
"MedScrub",15115,3,0.02,"picoseuropa",3,3
"Reforestation",1269,0,0,"picoseuropa",3,3
"RipF",953,0,0,"picoseuropa",3,3
"RockScreeVeg",1135,2,0.18,"picoseuropa",3,3
"SMedMarF",8558,5,0.06,"picoseuropa",3,3
"Shrub",1599,0,0,"picoseuropa",3,3
"TempDecF",256357,14,0.01,"picoseuropa",3,3
"WaterSurf",760,0,0,"picoseuropa",3,3
"AlpScrGr",487876,2663,0.55,"picoseuropa",3,4
"ArtSurf",2511,2,0.08,"picoseuropa",3,4
"AtlScrub",36929,65,0.18,"picoseuropa",3,4
"Crop",230,0,0,"picoseuropa",3,4
"Dehesa",71,0,0,"picoseuropa",3,4
"Grass",144505,169,0.12,"picoseuropa",3,4
"HydroRipVeg",811,0,0,"picoseuropa",3,4
"MedSclF",5591,313,5.6,"picoseuropa",3,4
"MedScrub",15118,92,0.61,"picoseuropa",3,4
"Reforestation",1269,7,0.55,"picoseuropa",3,4
"RipF",953,0,0,"picoseuropa",3,4
"RockScreeVeg",1135,5,0.44,"picoseuropa",3,4
"SMedMarF",8558,13,0.15,"picoseuropa",3,4
"Shrub",1599,0,0,"picoseuropa",3,4
"TempDecF",256516,59,0.02,"picoseuropa",3,4
"WaterSurf",763,0,0,"picoseuropa",3,4
"AlpScrGr",487848,0,0,"picoseuropa",3,5
"ArtSurf",2511,0,0,"picoseuropa",3,5
"AtlScrub",36969,0,0,"picoseuropa",3,5
"Crop",230,0,0,"picoseuropa",3,5
"Dehesa",71,0,0,"picoseuropa",3,5
"Grass",144570,0,0,"picoseuropa",3,5
"HydroRipVeg",815,0,0,"picoseuropa",3,5
"MedSclF",5631,0,0,"picoseuropa",3,5
"MedScrub",15123,0,0,"picoseuropa",3,5
"Reforestation",1269,0,0,"picoseuropa",3,5
"RipF",953,0,0,"picoseuropa",3,5
"RockScreeVeg",1135,0,0,"picoseuropa",3,5
"SMedMarF",8558,0,0,"picoseuropa",3,5
"Shrub",1599,0,0,"picoseuropa",3,5
"TempDecF",256687,0,0,"picoseuropa",3,5
"WaterSurf",773,0,0,"picoseuropa",3,5
"AlpScrGr",487273,0,0,"picoseuropa",3,6
"ArtSurf",2511,0,0,"picoseuropa",3,6
"AtlScrub",36969,0,0,"picoseuropa",3,6
"Crop",230,0,0,"picoseuropa",3,6
"Dehesa",71,0,0,"picoseuropa",3,6
"Grass",144593,0,0,"picoseuropa",3,6
"HydroRipVeg",815,0,0,"picoseuropa",3,6
"MedSclF",5631,0,0,"picoseuropa",3,6
"MedScrub",15123,0,0,"picoseuropa",3,6
"Reforestation",1269,0,0,"picoseuropa",3,6
"RipF",953,0,0,"picoseuropa",3,6
"RockScreeVeg",1135,0,0,"picoseuropa",3,6
"SMedMarF",8558,0,0,"picoseuropa",3,6
"Shrub",1599,0,0,"picoseuropa",3,6
"TempDecF",256695,0,0,"picoseuropa",3,6
"WaterSurf",774,0,0,"picoseuropa",3,6
"AlpScrGr",497696,113373,22.78,"picoseuropa",3,7
"ArtSurf",2619,883,33.72,"picoseuropa",3,7
"AtlScrub",36969,2003,5.42,"picoseuropa",3,7
"Crop",230,103,44.78,"picoseuropa",3,7
"Dehesa",71,0,0,"picoseuropa",3,7
"Grass",144792,52701,36.4,"picoseuropa",3,7
"HydroRipVeg",815,159,19.51,"picoseuropa",3,7
"MedSclF",5631,857,15.22,"picoseuropa",3,7
"MedScrub",15123,1761,11.64,"picoseuropa",3,7
"Reforestation",1269,9,0.71,"picoseuropa",3,7
"RipF",953,141,14.8,"picoseuropa",3,7
"RockScreeVeg",1135,81,7.14,"picoseuropa",3,7
"SMedMarF",8558,1050,12.27,"picoseuropa",3,7
"Shrub",1599,218,13.63,"picoseuropa",3,7
"TempDecF",256697,7475,2.91,"picoseuropa",3,7
"WaterSurf",774,25,3.23,"picoseuropa",3,7
"AlpScrGr",504321,81063,16.07,"picoseuropa",3,8
"ArtSurf",2548,539,21.15,"picoseuropa",3,8
"AtlScrub",36969,2139,5.79,"picoseuropa",3,8
"Crop",230,83,36.09,"picoseuropa",3,8
"Dehesa",71,0,0,"picoseuropa",3,8
"Grass",144733,38411,26.54,"picoseuropa",3,8
"HydroRipVeg",815,113,13.87,"picoseuropa",3,8
"MedSclF",5631,138,2.45,"picoseuropa",3,8
"MedScrub",15121,1606,10.62,"picoseuropa",3,8
"Reforestation",1269,1,0.08,"picoseuropa",3,8
"RipF",953,31,3.25,"picoseuropa",3,8
"RockScreeVeg",1135,142,12.51,"picoseuropa",3,8
"SMedMarF",8558,221,2.58,"picoseuropa",3,8
"Shrub",1599,49,3.06,"picoseuropa",3,8
"TempDecF",256675,1228,0.48,"picoseuropa",3,8
"WaterSurf",771,4,0.52,"picoseuropa",3,8
"AlpScrGr",522100,84231,16.13,"picoseuropa",3,9
"ArtSurf",2727,843,30.91,"picoseuropa",3,9
"AtlScrub",36964,4142,11.21,"picoseuropa",3,9
"Crop",230,76,33.04,"picoseuropa",3,9
"Dehesa",71,9,12.68,"picoseuropa",3,9
"Grass",144813,45594,31.48,"picoseuropa",3,9
"HydroRipVeg",811,147,18.13,"picoseuropa",3,9
"MedSclF",5617,454,8.08,"picoseuropa",3,9
"MedScrub",15119,2864,18.94,"picoseuropa",3,9
"Reforestation",1269,17,1.34,"picoseuropa",3,9
"RipF",953,63,6.61,"picoseuropa",3,9
"RockScreeVeg",1135,227,20,"picoseuropa",3,9
"SMedMarF",8558,482,5.63,"picoseuropa",3,9
"Shrub",1599,175,10.94,"picoseuropa",3,9
"TempDecF",256510,9909,3.86,"picoseuropa",3,9
"WaterSurf",761,12,1.58,"picoseuropa",3,9
"AlpScrGr",503669,0,0,"picoseuropa",3,10
"ArtSurf",2512,0,0,"picoseuropa",3,10
"AtlScrub",36927,0,0,"picoseuropa",3,10
"Crop",230,0,0,"picoseuropa",3,10
"Dehesa",71,0,0,"picoseuropa",3,10
"Grass",144539,0,0,"picoseuropa",3,10
"HydroRipVeg",811,0,0,"picoseuropa",3,10
"MedSclF",5580,0,0,"picoseuropa",3,10
"MedScrub",15115,0,0,"picoseuropa",3,10
"Reforestation",1269,0,0,"picoseuropa",3,10
"RipF",953,0,0,"picoseuropa",3,10
"RockScreeVeg",1135,0,0,"picoseuropa",3,10
"SMedMarF",8558,0,0,"picoseuropa",3,10
"Shrub",1599,0,0,"picoseuropa",3,10
"TempDecF",256336,0,0,"picoseuropa",3,10
"WaterSurf",752,0,0,"picoseuropa",3,10
"AlpScrGr",486719,0,0,"picoseuropa",3,11
"ArtSurf",2510,0,0,"picoseuropa",3,11
"AtlScrub",36869,0,0,"picoseuropa",3,11
"Crop",230,0,0,"picoseuropa",3,11
"Dehesa",71,0,0,"picoseuropa",3,11
"Grass",144253,0,0,"picoseuropa",3,11
"HydroRipVeg",811,0,0,"picoseuropa",3,11
"MedSclF",5373,0,0,"picoseuropa",3,11
"MedScrub",15082,0,0,"picoseuropa",3,11
"Reforestation",1269,0,0,"picoseuropa",3,11
"RipF",953,0,0,"picoseuropa",3,11
"RockScreeVeg",1132,0,0,"picoseuropa",3,11
"SMedMarF",8555,0,0,"picoseuropa",3,11
"Shrub",1598,0,0,"picoseuropa",3,11
"TempDecF",255911,0,0,"picoseuropa",3,11
"WaterSurf",745,0,0,"picoseuropa",3,11
"AlpScrGr",482406,0,0,"picoseuropa",3,12
"ArtSurf",2498,0,0,"picoseuropa",3,12
"AtlScrub",36212,0,0,"picoseuropa",3,12
"Crop",230,0,0,"picoseuropa",3,12
"Dehesa",57,0,0,"picoseuropa",3,12
"Grass",142707,0,0,"picoseuropa",3,12
"HydroRipVeg",802,0,0,"picoseuropa",3,12
"MedSclF",4578,0,0,"picoseuropa",3,12
"MedScrub",14918,0,0,"picoseuropa",3,12
"Reforestation",1266,0,0,"picoseuropa",3,12
"RipF",953,0,0,"picoseuropa",3,12
"RockScreeVeg",1099,0,0,"picoseuropa",3,12
"SMedMarF",8419,0,0,"picoseuropa",3,12
"Shrub",1532,0,0,"picoseuropa",3,12
"TempDecF",252908,0,0,"picoseuropa",3,12
"WaterSurf",708,0,0,"picoseuropa",3,12
"AlpScrGr",483629,0,0,"picoseuropa",6,1
"ArtSurf",2496,0,0,"picoseuropa",6,1
"AtlScrub",36465,0,0,"picoseuropa",6,1
"Crop",230,0,0,"picoseuropa",6,1
"Dehesa",60,0,0,"picoseuropa",6,1
"Grass",143161,0,0,"picoseuropa",6,1
"HydroRipVeg",808,0,0,"picoseuropa",6,1
"MedSclF",4576,0,0,"picoseuropa",6,1
"MedScrub",14993,0,0,"picoseuropa",6,1
"Reforestation",1264,0,0,"picoseuropa",6,1
"RipF",952,0,0,"picoseuropa",6,1
"RockScreeVeg",1117,0,0,"picoseuropa",6,1
"SMedMarF",8457,0,0,"picoseuropa",6,1
"Shrub",1579,0,0,"picoseuropa",6,1
"TempDecF",253477,0,0,"picoseuropa",6,1
"WaterSurf",715,0,0,"picoseuropa",6,1
"AlpScrGr",487132,0,0,"picoseuropa",6,2
"ArtSurf",2509,0,0,"picoseuropa",6,2
"AtlScrub",36902,0,0,"picoseuropa",6,2
"Crop",230,0,0,"picoseuropa",6,2
"Dehesa",71,0,0,"picoseuropa",6,2
"Grass",144344,0,0,"picoseuropa",6,2
"HydroRipVeg",811,0,0,"picoseuropa",6,2
"MedSclF",5374,0,0,"picoseuropa",6,2
"MedScrub",15105,0,0,"picoseuropa",6,2
"Reforestation",1269,0,0,"picoseuropa",6,2
"RipF",953,0,0,"picoseuropa",6,2
"RockScreeVeg",1134,0,0,"picoseuropa",6,2
"SMedMarF",8552,0,0,"picoseuropa",6,2
"Shrub",1597,0,0,"picoseuropa",6,2
"TempDecF",256029,0,0,"picoseuropa",6,2
"WaterSurf",737,0,0,"picoseuropa",6,2
"AlpScrGr",487768,0,0,"picoseuropa",6,3
"ArtSurf",2510,0,0,"picoseuropa",6,3
"AtlScrub",36927,0,0,"picoseuropa",6,3
"Crop",230,0,0,"picoseuropa",6,3
"Dehesa",71,0,0,"picoseuropa",6,3
"Grass",144481,0,0,"picoseuropa",6,3
"HydroRipVeg",811,0,0,"picoseuropa",6,3
"MedSclF",5590,0,0,"picoseuropa",6,3
"MedScrub",15115,0,0,"picoseuropa",6,3
"Reforestation",1269,0,0,"picoseuropa",6,3
"RipF",953,0,0,"picoseuropa",6,3
"RockScreeVeg",1135,0,0,"picoseuropa",6,3
"SMedMarF",8558,0,0,"picoseuropa",6,3
"Shrub",1599,0,0,"picoseuropa",6,3
"TempDecF",256357,0,0,"picoseuropa",6,3
"WaterSurf",760,0,0,"picoseuropa",6,3
"AlpScrGr",487876,0,0,"picoseuropa",6,4
"ArtSurf",2511,0,0,"picoseuropa",6,4
"AtlScrub",36929,0,0,"picoseuropa",6,4
"Crop",230,0,0,"picoseuropa",6,4
"Dehesa",71,0,0,"picoseuropa",6,4
"Grass",144505,0,0,"picoseuropa",6,4
"HydroRipVeg",811,0,0,"picoseuropa",6,4
"MedSclF",5591,0,0,"picoseuropa",6,4
"MedScrub",15118,0,0,"picoseuropa",6,4
"Reforestation",1269,0,0,"picoseuropa",6,4
"RipF",953,0,0,"picoseuropa",6,4
"RockScreeVeg",1135,0,0,"picoseuropa",6,4
"SMedMarF",8558,0,0,"picoseuropa",6,4
"Shrub",1599,0,0,"picoseuropa",6,4
"TempDecF",256516,0,0,"picoseuropa",6,4
"WaterSurf",763,0,0,"picoseuropa",6,4
"AlpScrGr",487848,0,0,"picoseuropa",6,5
"ArtSurf",2511,0,0,"picoseuropa",6,5
"AtlScrub",36969,0,0,"picoseuropa",6,5
"Crop",230,0,0,"picoseuropa",6,5
"Dehesa",71,0,0,"picoseuropa",6,5
"Grass",144570,0,0,"picoseuropa",6,5
"HydroRipVeg",815,0,0,"picoseuropa",6,5
"MedSclF",5631,0,0,"picoseuropa",6,5
"MedScrub",15123,0,0,"picoseuropa",6,5
"Reforestation",1269,0,0,"picoseuropa",6,5
"RipF",953,0,0,"picoseuropa",6,5
"RockScreeVeg",1135,0,0,"picoseuropa",6,5
"SMedMarF",8558,0,0,"picoseuropa",6,5
"Shrub",1599,0,0,"picoseuropa",6,5
"TempDecF",256687,0,0,"picoseuropa",6,5
"WaterSurf",773,0,0,"picoseuropa",6,5
"AlpScrGr",487273,0,0,"picoseuropa",6,6
"ArtSurf",2511,0,0,"picoseuropa",6,6
"AtlScrub",36969,0,0,"picoseuropa",6,6
"Crop",230,0,0,"picoseuropa",6,6
"Dehesa",71,0,0,"picoseuropa",6,6
"Grass",144593,0,0,"picoseuropa",6,6
"HydroRipVeg",815,0,0,"picoseuropa",6,6
"MedSclF",5631,0,0,"picoseuropa",6,6
"MedScrub",15123,0,0,"picoseuropa",6,6
"Reforestation",1269,0,0,"picoseuropa",6,6
"RipF",953,0,0,"picoseuropa",6,6
"RockScreeVeg",1135,0,0,"picoseuropa",6,6
"SMedMarF",8558,0,0,"picoseuropa",6,6
"Shrub",1599,0,0,"picoseuropa",6,6
"TempDecF",256695,0,0,"picoseuropa",6,6
"WaterSurf",774,0,0,"picoseuropa",6,6
"AlpScrGr",497696,2,0,"picoseuropa",6,7
"ArtSurf",2619,0,0,"picoseuropa",6,7
"AtlScrub",36969,0,0,"picoseuropa",6,7
"Crop",230,0,0,"picoseuropa",6,7
"Dehesa",71,0,0,"picoseuropa",6,7
"Grass",144792,0,0,"picoseuropa",6,7
"HydroRipVeg",815,0,0,"picoseuropa",6,7
"MedSclF",5631,0,0,"picoseuropa",6,7
"MedScrub",15123,0,0,"picoseuropa",6,7
"Reforestation",1269,0,0,"picoseuropa",6,7
"RipF",953,0,0,"picoseuropa",6,7
"RockScreeVeg",1135,0,0,"picoseuropa",6,7
"SMedMarF",8558,0,0,"picoseuropa",6,7
"Shrub",1599,0,0,"picoseuropa",6,7
"TempDecF",256697,0,0,"picoseuropa",6,7
"WaterSurf",774,0,0,"picoseuropa",6,7
"AlpScrGr",504321,0,0,"picoseuropa",6,8
"ArtSurf",2548,0,0,"picoseuropa",6,8
"AtlScrub",36969,0,0,"picoseuropa",6,8
"Crop",230,0,0,"picoseuropa",6,8
"Dehesa",71,0,0,"picoseuropa",6,8
"Grass",144733,0,0,"picoseuropa",6,8
"HydroRipVeg",815,0,0,"picoseuropa",6,8
"MedSclF",5631,0,0,"picoseuropa",6,8
"MedScrub",15121,0,0,"picoseuropa",6,8
"Reforestation",1269,0,0,"picoseuropa",6,8
"RipF",953,0,0,"picoseuropa",6,8
"RockScreeVeg",1135,0,0,"picoseuropa",6,8
"SMedMarF",8558,0,0,"picoseuropa",6,8
"Shrub",1599,0,0,"picoseuropa",6,8
"TempDecF",256675,0,0,"picoseuropa",6,8
"WaterSurf",771,0,0,"picoseuropa",6,8
"AlpScrGr",522100,0,0,"picoseuropa",6,9
"ArtSurf",2727,0,0,"picoseuropa",6,9
"AtlScrub",36964,0,0,"picoseuropa",6,9
"Crop",230,0,0,"picoseuropa",6,9
"Dehesa",71,0,0,"picoseuropa",6,9
"Grass",144813,0,0,"picoseuropa",6,9
"HydroRipVeg",811,0,0,"picoseuropa",6,9
"MedSclF",5617,0,0,"picoseuropa",6,9
"MedScrub",15119,0,0,"picoseuropa",6,9
"Reforestation",1269,0,0,"picoseuropa",6,9
"RipF",953,0,0,"picoseuropa",6,9
"RockScreeVeg",1135,0,0,"picoseuropa",6,9
"SMedMarF",8558,0,0,"picoseuropa",6,9
"Shrub",1599,0,0,"picoseuropa",6,9
"TempDecF",256510,0,0,"picoseuropa",6,9
"WaterSurf",761,0,0,"picoseuropa",6,9
"AlpScrGr",503669,0,0,"picoseuropa",6,10
"ArtSurf",2512,0,0,"picoseuropa",6,10
"AtlScrub",36927,0,0,"picoseuropa",6,10
"Crop",230,0,0,"picoseuropa",6,10
"Dehesa",71,0,0,"picoseuropa",6,10
"Grass",144539,0,0,"picoseuropa",6,10
"HydroRipVeg",811,0,0,"picoseuropa",6,10
"MedSclF",5580,0,0,"picoseuropa",6,10
"MedScrub",15115,0,0,"picoseuropa",6,10
"Reforestation",1269,0,0,"picoseuropa",6,10
"RipF",953,0,0,"picoseuropa",6,10
"RockScreeVeg",1135,0,0,"picoseuropa",6,10
"SMedMarF",8558,0,0,"picoseuropa",6,10
"Shrub",1599,0,0,"picoseuropa",6,10
"TempDecF",256336,0,0,"picoseuropa",6,10
"WaterSurf",752,0,0,"picoseuropa",6,10
"AlpScrGr",486719,0,0,"picoseuropa",6,11
"ArtSurf",2510,0,0,"picoseuropa",6,11
"AtlScrub",36869,0,0,"picoseuropa",6,11
"Crop",230,0,0,"picoseuropa",6,11
"Dehesa",71,0,0,"picoseuropa",6,11
"Grass",144253,0,0,"picoseuropa",6,11
"HydroRipVeg",811,0,0,"picoseuropa",6,11
"MedSclF",5373,0,0,"picoseuropa",6,11
"MedScrub",15082,0,0,"picoseuropa",6,11
"Reforestation",1269,0,0,"picoseuropa",6,11
"RipF",953,0,0,"picoseuropa",6,11
"RockScreeVeg",1132,0,0,"picoseuropa",6,11
"SMedMarF",8555,0,0,"picoseuropa",6,11
"Shrub",1598,0,0,"picoseuropa",6,11
"TempDecF",255911,0,0,"picoseuropa",6,11
"WaterSurf",745,0,0,"picoseuropa",6,11
"AlpScrGr",482406,0,0,"picoseuropa",6,12
"ArtSurf",2498,0,0,"picoseuropa",6,12
"AtlScrub",36212,0,0,"picoseuropa",6,12
"Crop",230,0,0,"picoseuropa",6,12
"Dehesa",57,0,0,"picoseuropa",6,12
"Grass",142707,0,0,"picoseuropa",6,12
"HydroRipVeg",802,0,0,"picoseuropa",6,12
"MedSclF",4578,0,0,"picoseuropa",6,12
"MedScrub",14918,0,0,"picoseuropa",6,12
"Reforestation",1266,0,0,"picoseuropa",6,12
"RipF",953,0,0,"picoseuropa",6,12
"RockScreeVeg",1099,0,0,"picoseuropa",6,12
"SMedMarF",8419,0,0,"picoseuropa",6,12
"Shrub",1532,0,0,"picoseuropa",6,12
"TempDecF",252908,0,0,"picoseuropa",6,12
"WaterSurf",708,0,0,"picoseuropa",6,12
"AlpScrGr",483629,0,0,"picoseuropa",9,1
"ArtSurf",2496,0,0,"picoseuropa",9,1
"AtlScrub",36465,0,0,"picoseuropa",9,1
"Crop",230,0,0,"picoseuropa",9,1
"Dehesa",60,0,0,"picoseuropa",9,1
"Grass",143161,0,0,"picoseuropa",9,1
"HydroRipVeg",808,0,0,"picoseuropa",9,1
"MedSclF",4576,0,0,"picoseuropa",9,1
"MedScrub",14993,0,0,"picoseuropa",9,1
"Reforestation",1264,0,0,"picoseuropa",9,1
"RipF",952,0,0,"picoseuropa",9,1
"RockScreeVeg",1117,0,0,"picoseuropa",9,1
"SMedMarF",8457,0,0,"picoseuropa",9,1
"Shrub",1579,0,0,"picoseuropa",9,1
"TempDecF",253477,0,0,"picoseuropa",9,1
"WaterSurf",715,0,0,"picoseuropa",9,1
"AlpScrGr",487132,0,0,"picoseuropa",9,2
"ArtSurf",2509,0,0,"picoseuropa",9,2
"AtlScrub",36902,0,0,"picoseuropa",9,2
"Crop",230,0,0,"picoseuropa",9,2
"Dehesa",71,0,0,"picoseuropa",9,2
"Grass",144344,0,0,"picoseuropa",9,2
"HydroRipVeg",811,0,0,"picoseuropa",9,2
"MedSclF",5374,0,0,"picoseuropa",9,2
"MedScrub",15105,0,0,"picoseuropa",9,2
"Reforestation",1269,0,0,"picoseuropa",9,2
"RipF",953,0,0,"picoseuropa",9,2
"RockScreeVeg",1134,0,0,"picoseuropa",9,2
"SMedMarF",8552,0,0,"picoseuropa",9,2
"Shrub",1597,0,0,"picoseuropa",9,2
"TempDecF",256029,0,0,"picoseuropa",9,2
"WaterSurf",737,0,0,"picoseuropa",9,2
"AlpScrGr",487768,0,0,"picoseuropa",9,3
"ArtSurf",2510,0,0,"picoseuropa",9,3
"AtlScrub",36927,0,0,"picoseuropa",9,3
"Crop",230,0,0,"picoseuropa",9,3
"Dehesa",71,0,0,"picoseuropa",9,3
"Grass",144481,0,0,"picoseuropa",9,3
"HydroRipVeg",811,0,0,"picoseuropa",9,3
"MedSclF",5590,0,0,"picoseuropa",9,3
"MedScrub",15115,0,0,"picoseuropa",9,3
"Reforestation",1269,0,0,"picoseuropa",9,3
"RipF",953,0,0,"picoseuropa",9,3
"RockScreeVeg",1135,0,0,"picoseuropa",9,3
"SMedMarF",8558,0,0,"picoseuropa",9,3
"Shrub",1599,0,0,"picoseuropa",9,3
"TempDecF",256357,0,0,"picoseuropa",9,3
"WaterSurf",760,0,0,"picoseuropa",9,3
"AlpScrGr",487876,0,0,"picoseuropa",9,4
"ArtSurf",2511,0,0,"picoseuropa",9,4
"AtlScrub",36929,0,0,"picoseuropa",9,4
"Crop",230,0,0,"picoseuropa",9,4
"Dehesa",71,0,0,"picoseuropa",9,4
"Grass",144505,0,0,"picoseuropa",9,4
"HydroRipVeg",811,0,0,"picoseuropa",9,4
"MedSclF",5591,0,0,"picoseuropa",9,4
"MedScrub",15118,0,0,"picoseuropa",9,4
"Reforestation",1269,0,0,"picoseuropa",9,4
"RipF",953,0,0,"picoseuropa",9,4
"RockScreeVeg",1135,0,0,"picoseuropa",9,4
"SMedMarF",8558,0,0,"picoseuropa",9,4
"Shrub",1599,0,0,"picoseuropa",9,4
"TempDecF",256516,0,0,"picoseuropa",9,4
"WaterSurf",763,0,0,"picoseuropa",9,4
"AlpScrGr",487848,0,0,"picoseuropa",9,5
"ArtSurf",2511,0,0,"picoseuropa",9,5
"AtlScrub",36969,0,0,"picoseuropa",9,5
"Crop",230,0,0,"picoseuropa",9,5
"Dehesa",71,0,0,"picoseuropa",9,5
"Grass",144570,0,0,"picoseuropa",9,5
"HydroRipVeg",815,0,0,"picoseuropa",9,5
"MedSclF",5631,0,0,"picoseuropa",9,5
"MedScrub",15123,0,0,"picoseuropa",9,5
"Reforestation",1269,0,0,"picoseuropa",9,5
"RipF",953,0,0,"picoseuropa",9,5
"RockScreeVeg",1135,0,0,"picoseuropa",9,5
"SMedMarF",8558,0,0,"picoseuropa",9,5
"Shrub",1599,0,0,"picoseuropa",9,5
"TempDecF",256687,0,0,"picoseuropa",9,5
"WaterSurf",773,0,0,"picoseuropa",9,5
"AlpScrGr",487273,0,0,"picoseuropa",9,6
"ArtSurf",2511,0,0,"picoseuropa",9,6
"AtlScrub",36969,0,0,"picoseuropa",9,6
"Crop",230,0,0,"picoseuropa",9,6
"Dehesa",71,0,0,"picoseuropa",9,6
"Grass",144593,0,0,"picoseuropa",9,6
"HydroRipVeg",815,0,0,"picoseuropa",9,6
"MedSclF",5631,0,0,"picoseuropa",9,6
"MedScrub",15123,0,0,"picoseuropa",9,6
"Reforestation",1269,0,0,"picoseuropa",9,6
"RipF",953,0,0,"picoseuropa",9,6
"RockScreeVeg",1135,0,0,"picoseuropa",9,6
"SMedMarF",8558,0,0,"picoseuropa",9,6
"Shrub",1599,0,0,"picoseuropa",9,6
"TempDecF",256695,0,0,"picoseuropa",9,6
"WaterSurf",774,0,0,"picoseuropa",9,6
"AlpScrGr",497696,0,0,"picoseuropa",9,7
"ArtSurf",2619,0,0,"picoseuropa",9,7
"AtlScrub",36969,0,0,"picoseuropa",9,7
"Crop",230,0,0,"picoseuropa",9,7
"Dehesa",71,0,0,"picoseuropa",9,7
"Grass",144792,0,0,"picoseuropa",9,7
"HydroRipVeg",815,0,0,"picoseuropa",9,7
"MedSclF",5631,0,0,"picoseuropa",9,7
"MedScrub",15123,0,0,"picoseuropa",9,7
"Reforestation",1269,0,0,"picoseuropa",9,7
"RipF",953,0,0,"picoseuropa",9,7
"RockScreeVeg",1135,0,0,"picoseuropa",9,7
"SMedMarF",8558,0,0,"picoseuropa",9,7
"Shrub",1599,0,0,"picoseuropa",9,7
"TempDecF",256697,0,0,"picoseuropa",9,7
"WaterSurf",774,0,0,"picoseuropa",9,7
"AlpScrGr",504321,0,0,"picoseuropa",9,8
"ArtSurf",2548,0,0,"picoseuropa",9,8
"AtlScrub",36969,0,0,"picoseuropa",9,8
"Crop",230,0,0,"picoseuropa",9,8
"Dehesa",71,0,0,"picoseuropa",9,8
"Grass",144733,0,0,"picoseuropa",9,8
"HydroRipVeg",815,0,0,"picoseuropa",9,8
"MedSclF",5631,0,0,"picoseuropa",9,8
"MedScrub",15121,0,0,"picoseuropa",9,8
"Reforestation",1269,0,0,"picoseuropa",9,8
"RipF",953,0,0,"picoseuropa",9,8
"RockScreeVeg",1135,0,0,"picoseuropa",9,8
"SMedMarF",8558,0,0,"picoseuropa",9,8
"Shrub",1599,0,0,"picoseuropa",9,8
"TempDecF",256675,0,0,"picoseuropa",9,8
"WaterSurf",771,0,0,"picoseuropa",9,8
"AlpScrGr",522100,7,0,"picoseuropa",9,9
"ArtSurf",2727,0,0,"picoseuropa",9,9
"AtlScrub",36964,0,0,"picoseuropa",9,9
"Crop",230,0,0,"picoseuropa",9,9
"Dehesa",71,0,0,"picoseuropa",9,9
"Grass",144813,4,0,"picoseuropa",9,9
"HydroRipVeg",811,0,0,"picoseuropa",9,9
"MedSclF",5617,0,0,"picoseuropa",9,9
"MedScrub",15119,0,0,"picoseuropa",9,9
"Reforestation",1269,1,0.08,"picoseuropa",9,9
"RipF",953,0,0,"picoseuropa",9,9
"RockScreeVeg",1135,0,0,"picoseuropa",9,9
"SMedMarF",8558,0,0,"picoseuropa",9,9
"Shrub",1599,0,0,"picoseuropa",9,9
"TempDecF",256510,13,0.01,"picoseuropa",9,9
"WaterSurf",761,0,0,"picoseuropa",9,9
"AlpScrGr",503669,0,0,"picoseuropa",9,10
"ArtSurf",2512,0,0,"picoseuropa",9,10
"AtlScrub",36927,0,0,"picoseuropa",9,10
"Crop",230,0,0,"picoseuropa",9,10
"Dehesa",71,0,0,"picoseuropa",9,10
"Grass",144539,0,0,"picoseuropa",9,10
"HydroRipVeg",811,0,0,"picoseuropa",9,10
"MedSclF",5580,0,0,"picoseuropa",9,10
"MedScrub",15115,0,0,"picoseuropa",9,10
"Reforestation",1269,0,0,"picoseuropa",9,10
"RipF",953,0,0,"picoseuropa",9,10
"RockScreeVeg",1135,0,0,"picoseuropa",9,10
"SMedMarF",8558,0,0,"picoseuropa",9,10
"Shrub",1599,0,0,"picoseuropa",9,10
"TempDecF",256336,0,0,"picoseuropa",9,10
"WaterSurf",752,0,0,"picoseuropa",9,10
"AlpScrGr",486719,0,0,"picoseuropa",9,11
"ArtSurf",2510,0,0,"picoseuropa",9,11
"AtlScrub",36869,0,0,"picoseuropa",9,11
"Crop",230,0,0,"picoseuropa",9,11
"Dehesa",71,0,0,"picoseuropa",9,11
"Grass",144253,0,0,"picoseuropa",9,11
"HydroRipVeg",811,0,0,"picoseuropa",9,11
"MedSclF",5373,0,0,"picoseuropa",9,11
"MedScrub",15082,0,0,"picoseuropa",9,11
"Reforestation",1269,0,0,"picoseuropa",9,11
"RipF",953,0,0,"picoseuropa",9,11
"RockScreeVeg",1132,0,0,"picoseuropa",9,11
"SMedMarF",8555,0,0,"picoseuropa",9,11
"Shrub",1598,0,0,"picoseuropa",9,11
"TempDecF",255911,0,0,"picoseuropa",9,11
"WaterSurf",745,0,0,"picoseuropa",9,11
"AlpScrGr",482406,2,0,"picoseuropa",9,12
"ArtSurf",2498,0,0,"picoseuropa",9,12
"AtlScrub",36212,0,0,"picoseuropa",9,12
"Crop",230,0,0,"picoseuropa",9,12
"Dehesa",57,0,0,"picoseuropa",9,12
"Grass",142707,0,0,"picoseuropa",9,12
"HydroRipVeg",802,0,0,"picoseuropa",9,12
"MedSclF",4578,0,0,"picoseuropa",9,12
"MedScrub",14918,0,0,"picoseuropa",9,12
"Reforestation",1266,0,0,"picoseuropa",9,12
"RipF",953,0,0,"picoseuropa",9,12
"RockScreeVeg",1099,0,0,"picoseuropa",9,12
"SMedMarF",8419,0,0,"picoseuropa",9,12
"Shrub",1532,0,0,"picoseuropa",9,12
"TempDecF",252908,0,0,"picoseuropa",9,12
"WaterSurf",708,0,0,"picoseuropa",9,12
"AlpScrGr",483629,0,0,"picoseuropa",12,1
"ArtSurf",2496,0,0,"picoseuropa",12,1
"AtlScrub",36465,0,0,"picoseuropa",12,1
"Crop",230,0,0,"picoseuropa",12,1
"Dehesa",60,0,0,"picoseuropa",12,1
"Grass",143161,0,0,"picoseuropa",12,1
"HydroRipVeg",808,0,0,"picoseuropa",12,1
"MedSclF",4576,0,0,"picoseuropa",12,1
"MedScrub",14993,0,0,"picoseuropa",12,1
"Reforestation",1264,0,0,"picoseuropa",12,1
"RipF",952,0,0,"picoseuropa",12,1
"RockScreeVeg",1117,0,0,"picoseuropa",12,1
"SMedMarF",8457,0,0,"picoseuropa",12,1
"Shrub",1579,0,0,"picoseuropa",12,1
"TempDecF",253477,0,0,"picoseuropa",12,1
"WaterSurf",715,0,0,"picoseuropa",12,1
"AlpScrGr",487132,0,0,"picoseuropa",12,2
"ArtSurf",2509,0,0,"picoseuropa",12,2
"AtlScrub",36902,0,0,"picoseuropa",12,2
"Crop",230,0,0,"picoseuropa",12,2
"Dehesa",71,0,0,"picoseuropa",12,2
"Grass",144344,0,0,"picoseuropa",12,2
"HydroRipVeg",811,0,0,"picoseuropa",12,2
"MedSclF",5374,0,0,"picoseuropa",12,2
"MedScrub",15105,0,0,"picoseuropa",12,2
"Reforestation",1269,0,0,"picoseuropa",12,2
"RipF",953,0,0,"picoseuropa",12,2
"RockScreeVeg",1134,0,0,"picoseuropa",12,2
"SMedMarF",8552,0,0,"picoseuropa",12,2
"Shrub",1597,0,0,"picoseuropa",12,2
"TempDecF",256029,0,0,"picoseuropa",12,2
"WaterSurf",737,0,0,"picoseuropa",12,2
"AlpScrGr",487768,0,0,"picoseuropa",12,3
"ArtSurf",2510,0,0,"picoseuropa",12,3
"AtlScrub",36927,0,0,"picoseuropa",12,3
"Crop",230,0,0,"picoseuropa",12,3
"Dehesa",71,0,0,"picoseuropa",12,3
"Grass",144481,0,0,"picoseuropa",12,3
"HydroRipVeg",811,0,0,"picoseuropa",12,3
"MedSclF",5590,0,0,"picoseuropa",12,3
"MedScrub",15115,0,0,"picoseuropa",12,3
"Reforestation",1269,0,0,"picoseuropa",12,3
"RipF",953,0,0,"picoseuropa",12,3
"RockScreeVeg",1135,0,0,"picoseuropa",12,3
"SMedMarF",8558,0,0,"picoseuropa",12,3
"Shrub",1599,0,0,"picoseuropa",12,3
"TempDecF",256357,0,0,"picoseuropa",12,3
"WaterSurf",760,0,0,"picoseuropa",12,3
"AlpScrGr",487876,0,0,"picoseuropa",12,4
"ArtSurf",2511,0,0,"picoseuropa",12,4
"AtlScrub",36929,0,0,"picoseuropa",12,4
"Crop",230,0,0,"picoseuropa",12,4
"Dehesa",71,0,0,"picoseuropa",12,4
"Grass",144505,0,0,"picoseuropa",12,4
"HydroRipVeg",811,0,0,"picoseuropa",12,4
"MedSclF",5591,0,0,"picoseuropa",12,4
"MedScrub",15118,0,0,"picoseuropa",12,4
"Reforestation",1269,0,0,"picoseuropa",12,4
"RipF",953,0,0,"picoseuropa",12,4
"RockScreeVeg",1135,0,0,"picoseuropa",12,4
"SMedMarF",8558,0,0,"picoseuropa",12,4
"Shrub",1599,0,0,"picoseuropa",12,4
"TempDecF",256516,0,0,"picoseuropa",12,4
"WaterSurf",763,0,0,"picoseuropa",12,4
"AlpScrGr",487848,0,0,"picoseuropa",12,5
"ArtSurf",2511,0,0,"picoseuropa",12,5
"AtlScrub",36969,0,0,"picoseuropa",12,5
"Crop",230,0,0,"picoseuropa",12,5
"Dehesa",71,0,0,"picoseuropa",12,5
"Grass",144570,0,0,"picoseuropa",12,5
"HydroRipVeg",815,0,0,"picoseuropa",12,5
"MedSclF",5631,0,0,"picoseuropa",12,5
"MedScrub",15123,0,0,"picoseuropa",12,5
"Reforestation",1269,0,0,"picoseuropa",12,5
"RipF",953,0,0,"picoseuropa",12,5
"RockScreeVeg",1135,0,0,"picoseuropa",12,5
"SMedMarF",8558,0,0,"picoseuropa",12,5
"Shrub",1599,0,0,"picoseuropa",12,5
"TempDecF",256687,0,0,"picoseuropa",12,5
"WaterSurf",773,0,0,"picoseuropa",12,5
"AlpScrGr",487273,0,0,"picoseuropa",12,6
"ArtSurf",2511,0,0,"picoseuropa",12,6
"AtlScrub",36969,0,0,"picoseuropa",12,6
"Crop",230,0,0,"picoseuropa",12,6
"Dehesa",71,0,0,"picoseuropa",12,6
"Grass",144593,0,0,"picoseuropa",12,6
"HydroRipVeg",815,0,0,"picoseuropa",12,6
"MedSclF",5631,0,0,"picoseuropa",12,6
"MedScrub",15123,0,0,"picoseuropa",12,6
"Reforestation",1269,0,0,"picoseuropa",12,6
"RipF",953,0,0,"picoseuropa",12,6
"RockScreeVeg",1135,0,0,"picoseuropa",12,6
"SMedMarF",8558,0,0,"picoseuropa",12,6
"Shrub",1599,0,0,"picoseuropa",12,6
"TempDecF",256695,0,0,"picoseuropa",12,6
"WaterSurf",774,0,0,"picoseuropa",12,6
"AlpScrGr",497696,0,0,"picoseuropa",12,7
"ArtSurf",2619,0,0,"picoseuropa",12,7
"AtlScrub",36969,0,0,"picoseuropa",12,7
"Crop",230,0,0,"picoseuropa",12,7
"Dehesa",71,0,0,"picoseuropa",12,7
"Grass",144792,0,0,"picoseuropa",12,7
"HydroRipVeg",815,0,0,"picoseuropa",12,7
"MedSclF",5631,0,0,"picoseuropa",12,7
"MedScrub",15123,0,0,"picoseuropa",12,7
"Reforestation",1269,0,0,"picoseuropa",12,7
"RipF",953,0,0,"picoseuropa",12,7
"RockScreeVeg",1135,0,0,"picoseuropa",12,7
"SMedMarF",8558,0,0,"picoseuropa",12,7
"Shrub",1599,0,0,"picoseuropa",12,7
"TempDecF",256697,0,0,"picoseuropa",12,7
"WaterSurf",774,0,0,"picoseuropa",12,7
"AlpScrGr",504321,0,0,"picoseuropa",12,8
"ArtSurf",2548,0,0,"picoseuropa",12,8
"AtlScrub",36969,0,0,"picoseuropa",12,8
"Crop",230,0,0,"picoseuropa",12,8
"Dehesa",71,0,0,"picoseuropa",12,8
"Grass",144733,0,0,"picoseuropa",12,8
"HydroRipVeg",815,0,0,"picoseuropa",12,8
"MedSclF",5631,0,0,"picoseuropa",12,8
"MedScrub",15121,0,0,"picoseuropa",12,8
"Reforestation",1269,0,0,"picoseuropa",12,8
"RipF",953,0,0,"picoseuropa",12,8
"RockScreeVeg",1135,0,0,"picoseuropa",12,8
"SMedMarF",8558,0,0,"picoseuropa",12,8
"Shrub",1599,0,0,"picoseuropa",12,8
"TempDecF",256675,0,0,"picoseuropa",12,8
"WaterSurf",771,0,0,"picoseuropa",12,8
"AlpScrGr",522100,0,0,"picoseuropa",12,9
"ArtSurf",2727,0,0,"picoseuropa",12,9
"AtlScrub",36964,0,0,"picoseuropa",12,9
"Crop",230,0,0,"picoseuropa",12,9
"Dehesa",71,0,0,"picoseuropa",12,9
"Grass",144813,0,0,"picoseuropa",12,9
"HydroRipVeg",811,0,0,"picoseuropa",12,9
"MedSclF",5617,0,0,"picoseuropa",12,9
"MedScrub",15119,0,0,"picoseuropa",12,9
"Reforestation",1269,0,0,"picoseuropa",12,9
"RipF",953,0,0,"picoseuropa",12,9
"RockScreeVeg",1135,0,0,"picoseuropa",12,9
"SMedMarF",8558,0,0,"picoseuropa",12,9
"Shrub",1599,0,0,"picoseuropa",12,9
"TempDecF",256510,0,0,"picoseuropa",12,9
"WaterSurf",761,0,0,"picoseuropa",12,9
"AlpScrGr",503669,0,0,"picoseuropa",12,10
"ArtSurf",2512,0,0,"picoseuropa",12,10
"AtlScrub",36927,0,0,"picoseuropa",12,10
"Crop",230,0,0,"picoseuropa",12,10
"Dehesa",71,0,0,"picoseuropa",12,10
"Grass",144539,0,0,"picoseuropa",12,10
"HydroRipVeg",811,0,0,"picoseuropa",12,10
"MedSclF",5580,0,0,"picoseuropa",12,10
"MedScrub",15115,0,0,"picoseuropa",12,10
"Reforestation",1269,0,0,"picoseuropa",12,10
"RipF",953,0,0,"picoseuropa",12,10
"RockScreeVeg",1135,0,0,"picoseuropa",12,10
"SMedMarF",8558,0,0,"picoseuropa",12,10
"Shrub",1599,0,0,"picoseuropa",12,10
"TempDecF",256336,0,0,"picoseuropa",12,10
"WaterSurf",752,0,0,"picoseuropa",12,10
"AlpScrGr",486719,0,0,"picoseuropa",12,11
"ArtSurf",2510,0,0,"picoseuropa",12,11
"AtlScrub",36869,0,0,"picoseuropa",12,11
"Crop",230,0,0,"picoseuropa",12,11
"Dehesa",71,0,0,"picoseuropa",12,11
"Grass",144253,0,0,"picoseuropa",12,11
"HydroRipVeg",811,0,0,"picoseuropa",12,11
"MedSclF",5373,0,0,"picoseuropa",12,11
"MedScrub",15082,0,0,"picoseuropa",12,11
"Reforestation",1269,0,0,"picoseuropa",12,11
"RipF",953,0,0,"picoseuropa",12,11
"RockScreeVeg",1132,0,0,"picoseuropa",12,11
"SMedMarF",8555,0,0,"picoseuropa",12,11
"Shrub",1598,0,0,"picoseuropa",12,11
"TempDecF",255911,0,0,"picoseuropa",12,11
"WaterSurf",745,0,0,"picoseuropa",12,11
"AlpScrGr",482406,0,0,"picoseuropa",12,12
"ArtSurf",2498,0,0,"picoseuropa",12,12
"AtlScrub",36212,0,0,"picoseuropa",12,12
"Crop",230,0,0,"picoseuropa",12,12
"Dehesa",57,0,0,"picoseuropa",12,12
"Grass",142707,0,0,"picoseuropa",12,12
"HydroRipVeg",802,0,0,"picoseuropa",12,12
"MedSclF",4578,0,0,"picoseuropa",12,12
"MedScrub",14918,0,0,"picoseuropa",12,12
"Reforestation",1266,0,0,"picoseuropa",12,12
"RipF",953,0,0,"picoseuropa",12,12
"RockScreeVeg",1099,0,0,"picoseuropa",12,12
"SMedMarF",8419,0,0,"picoseuropa",12,12
"Shrub",1532,0,0,"picoseuropa",12,12
"TempDecF",252908,0,0,"picoseuropa",12,12
"WaterSurf",708,0,0,"picoseuropa",12,12
"AlpConF",173794,0,0,"sierranevada",1,1
"AlpScrGr",631034,0,0,"sierranevada",1,1
"AridScr",766,0,0,"sierranevada",1,1
"ArtSurf",8799,0,0,"sierranevada",1,1
"BareArea",50,0,0,"sierranevada",1,1
"Crop",1432,0,0,"sierranevada",1,1
"Grass",77894,0,0,"sierranevada",1,1
"HaloVeg",90,0,0,"sierranevada",1,1
"HydroRipVeg",1442,0,0,"sierranevada",1,1
"MedConF",2985,0,0,"sierranevada",1,1
"MedSclF",38403,0,0,"sierranevada",1,1
"MedScrub",110649,0,0,"sierranevada",1,1
"Reforestation",29222,0,0,"sierranevada",1,1
"RipF",2926,0,0,"sierranevada",1,1
"RockScreeVeg",99111,0,0,"sierranevada",1,1
"SMedMarF",16274,0,0,"sierranevada",1,1
"Shrub",3805,0,0,"sierranevada",1,1
"WaterSurf",246,0,0,"sierranevada",1,1
"AlpConF",173794,22,0.01,"sierranevada",1,2
"AlpScrGr",631149,2436,0.39,"sierranevada",1,2
"AridScr",773,15,1.94,"sierranevada",1,2
"ArtSurf",8799,5,0.06,"sierranevada",1,2
"BareArea",50,1,2,"sierranevada",1,2
"Crop",1432,0,0,"sierranevada",1,2
"Grass",77900,176,0.23,"sierranevada",1,2
"HaloVeg",90,0,0,"sierranevada",1,2
"HydroRipVeg",1447,1,0.07,"sierranevada",1,2
"MedConF",2985,4,0.13,"sierranevada",1,2
"MedSclF",38437,54,0.14,"sierranevada",1,2
"MedScrub",110663,94,0.08,"sierranevada",1,2
"Reforestation",29226,17,0.06,"sierranevada",1,2
"RipF",2930,0,0,"sierranevada",1,2
"RockScreeVeg",99119,3453,3.48,"sierranevada",1,2
"SMedMarF",16274,0,0,"sierranevada",1,2
"Shrub",3805,0,0,"sierranevada",1,2
"WaterSurf",246,35,14.23,"sierranevada",1,2
"AlpConF",173796,0,0,"sierranevada",1,3
"AlpScrGr",631177,0,0,"sierranevada",1,3
"AridScr",774,0,0,"sierranevada",1,3
"ArtSurf",8799,0,0,"sierranevada",1,3
"BareArea",50,0,0,"sierranevada",1,3
"Crop",1432,0,0,"sierranevada",1,3
"Grass",77900,0,0,"sierranevada",1,3
"HaloVeg",90,0,0,"sierranevada",1,3
"HydroRipVeg",1448,0,0,"sierranevada",1,3
"MedConF",2985,0,0,"sierranevada",1,3
"MedSclF",38437,0,0,"sierranevada",1,3
"MedScrub",110663,0,0,"sierranevada",1,3
"Reforestation",29226,0,0,"sierranevada",1,3
"RipF",2930,0,0,"sierranevada",1,3
"RockScreeVeg",99121,0,0,"sierranevada",1,3
"SMedMarF",16274,0,0,"sierranevada",1,3
"Shrub",3805,0,0,"sierranevada",1,3
"WaterSurf",246,0,0,"sierranevada",1,3
"AlpConF",173796,0,0,"sierranevada",1,4
"AlpScrGr",631177,0,0,"sierranevada",1,4
"AridScr",774,0,0,"sierranevada",1,4
"ArtSurf",8799,0,0,"sierranevada",1,4
"BareArea",50,0,0,"sierranevada",1,4
"Crop",1432,0,0,"sierranevada",1,4
"Grass",77900,0,0,"sierranevada",1,4
"HaloVeg",90,0,0,"sierranevada",1,4
"HydroRipVeg",1448,0,0,"sierranevada",1,4
"MedConF",2985,0,0,"sierranevada",1,4
"MedSclF",38437,0,0,"sierranevada",1,4
"MedScrub",110663,0,0,"sierranevada",1,4
"Reforestation",29226,0,0,"sierranevada",1,4
"RipF",2930,0,0,"sierranevada",1,4
"RockScreeVeg",99121,0,0,"sierranevada",1,4
"SMedMarF",16274,0,0,"sierranevada",1,4
"Shrub",3805,0,0,"sierranevada",1,4
"WaterSurf",246,0,0,"sierranevada",1,4
"AlpConF",173796,0,0,"sierranevada",1,5
"AlpScrGr",631177,0,0,"sierranevada",1,5
"AridScr",774,0,0,"sierranevada",1,5
"ArtSurf",8799,0,0,"sierranevada",1,5
"BareArea",50,0,0,"sierranevada",1,5
"Crop",1432,0,0,"sierranevada",1,5
"Grass",77900,0,0,"sierranevada",1,5
"HaloVeg",90,0,0,"sierranevada",1,5
"HydroRipVeg",1448,0,0,"sierranevada",1,5
"MedConF",2985,0,0,"sierranevada",1,5
"MedSclF",38437,0,0,"sierranevada",1,5
"MedScrub",110663,0,0,"sierranevada",1,5
"Reforestation",29226,0,0,"sierranevada",1,5
"RipF",2930,0,0,"sierranevada",1,5
"RockScreeVeg",99121,0,0,"sierranevada",1,5
"SMedMarF",16274,0,0,"sierranevada",1,5
"Shrub",3805,0,0,"sierranevada",1,5
"WaterSurf",246,0,0,"sierranevada",1,5
"AlpConF",173796,0,0,"sierranevada",1,6
"AlpScrGr",631177,2,0,"sierranevada",1,6
"AridScr",774,0,0,"sierranevada",1,6
"ArtSurf",8799,0,0,"sierranevada",1,6
"BareArea",50,0,0,"sierranevada",1,6
"Crop",1432,0,0,"sierranevada",1,6
"Grass",77900,0,0,"sierranevada",1,6
"HaloVeg",90,0,0,"sierranevada",1,6
"HydroRipVeg",1448,0,0,"sierranevada",1,6
"MedConF",2985,0,0,"sierranevada",1,6
"MedSclF",38437,0,0,"sierranevada",1,6
"MedScrub",110663,0,0,"sierranevada",1,6
"Reforestation",29226,2,0.01,"sierranevada",1,6
"RipF",2930,0,0,"sierranevada",1,6
"RockScreeVeg",99121,0,0,"sierranevada",1,6
"SMedMarF",16274,0,0,"sierranevada",1,6
"Shrub",3805,0,0,"sierranevada",1,6
"WaterSurf",246,0,0,"sierranevada",1,6
"AlpConF",173796,0,0,"sierranevada",1,7
"AlpScrGr",631181,0,0,"sierranevada",1,7
"AridScr",774,0,0,"sierranevada",1,7
"ArtSurf",8799,0,0,"sierranevada",1,7
"BareArea",50,0,0,"sierranevada",1,7
"Crop",1432,0,0,"sierranevada",1,7
"Grass",77900,0,0,"sierranevada",1,7
"HaloVeg",90,0,0,"sierranevada",1,7
"HydroRipVeg",1448,0,0,"sierranevada",1,7
"MedConF",2985,0,0,"sierranevada",1,7
"MedSclF",38437,0,0,"sierranevada",1,7
"MedScrub",110663,0,0,"sierranevada",1,7
"Reforestation",29226,0,0,"sierranevada",1,7
"RipF",2930,0,0,"sierranevada",1,7
"RockScreeVeg",99121,0,0,"sierranevada",1,7
"SMedMarF",16274,0,0,"sierranevada",1,7
"Shrub",3805,0,0,"sierranevada",1,7
"WaterSurf",246,0,0,"sierranevada",1,7
"AlpConF",173796,0,0,"sierranevada",1,8
"AlpScrGr",631178,0,0,"sierranevada",1,8
"AridScr",774,0,0,"sierranevada",1,8
"ArtSurf",8799,0,0,"sierranevada",1,8
"BareArea",50,0,0,"sierranevada",1,8
"Crop",1432,0,0,"sierranevada",1,8
"Grass",77900,0,0,"sierranevada",1,8
"HaloVeg",90,0,0,"sierranevada",1,8
"HydroRipVeg",1448,0,0,"sierranevada",1,8
"MedConF",2985,0,0,"sierranevada",1,8
"MedSclF",38437,0,0,"sierranevada",1,8
"MedScrub",110663,0,0,"sierranevada",1,8
"Reforestation",29226,0,0,"sierranevada",1,8
"RipF",2930,0,0,"sierranevada",1,8
"RockScreeVeg",99121,0,0,"sierranevada",1,8
"SMedMarF",16274,0,0,"sierranevada",1,8
"Shrub",3805,0,0,"sierranevada",1,8
"WaterSurf",246,0,0,"sierranevada",1,8
"AlpConF",173796,0,0,"sierranevada",1,9
"AlpScrGr",631177,0,0,"sierranevada",1,9
"AridScr",774,0,0,"sierranevada",1,9
"ArtSurf",8799,0,0,"sierranevada",1,9
"BareArea",50,0,0,"sierranevada",1,9
"Crop",1432,0,0,"sierranevada",1,9
"Grass",77900,0,0,"sierranevada",1,9
"HaloVeg",90,0,0,"sierranevada",1,9
"HydroRipVeg",1448,0,0,"sierranevada",1,9
"MedConF",2985,0,0,"sierranevada",1,9
"MedSclF",38437,0,0,"sierranevada",1,9
"MedScrub",110663,0,0,"sierranevada",1,9
"Reforestation",29226,0,0,"sierranevada",1,9
"RipF",2930,0,0,"sierranevada",1,9
"RockScreeVeg",99121,0,0,"sierranevada",1,9
"SMedMarF",16274,0,0,"sierranevada",1,9
"Shrub",3805,0,0,"sierranevada",1,9
"WaterSurf",246,0,0,"sierranevada",1,9
"AlpConF",173796,0,0,"sierranevada",1,10
"AlpScrGr",631178,0,0,"sierranevada",1,10
"AridScr",774,0,0,"sierranevada",1,10
"ArtSurf",8799,0,0,"sierranevada",1,10
"BareArea",50,0,0,"sierranevada",1,10
"Crop",1432,0,0,"sierranevada",1,10
"Grass",77900,0,0,"sierranevada",1,10
"HaloVeg",90,0,0,"sierranevada",1,10
"HydroRipVeg",1448,0,0,"sierranevada",1,10
"MedConF",2985,0,0,"sierranevada",1,10
"MedSclF",38437,0,0,"sierranevada",1,10
"MedScrub",110663,0,0,"sierranevada",1,10
"Reforestation",29226,0,0,"sierranevada",1,10
"RipF",2930,0,0,"sierranevada",1,10
"RockScreeVeg",99121,0,0,"sierranevada",1,10
"SMedMarF",16274,0,0,"sierranevada",1,10
"Shrub",3805,0,0,"sierranevada",1,10
"WaterSurf",246,0,0,"sierranevada",1,10
"AlpConF",173794,0,0,"sierranevada",1,11
"AlpScrGr",631149,0,0,"sierranevada",1,11
"AridScr",772,0,0,"sierranevada",1,11
"ArtSurf",8799,0,0,"sierranevada",1,11
"BareArea",50,0,0,"sierranevada",1,11
"Crop",1432,0,0,"sierranevada",1,11
"Grass",77897,0,0,"sierranevada",1,11
"HaloVeg",90,0,0,"sierranevada",1,11
"HydroRipVeg",1448,0,0,"sierranevada",1,11
"MedConF",2985,0,0,"sierranevada",1,11
"MedSclF",38428,0,0,"sierranevada",1,11
"MedScrub",110657,0,0,"sierranevada",1,11
"Reforestation",29224,0,0,"sierranevada",1,11
"RipF",2930,0,0,"sierranevada",1,11
"RockScreeVeg",99119,0,0,"sierranevada",1,11
"SMedMarF",16274,0,0,"sierranevada",1,11
"Shrub",3805,0,0,"sierranevada",1,11
"WaterSurf",246,0,0,"sierranevada",1,11
"AlpConF",173767,0,0,"sierranevada",1,12
"AlpScrGr",631026,0,0,"sierranevada",1,12
"AridScr",763,0,0,"sierranevada",1,12
"ArtSurf",8799,0,0,"sierranevada",1,12
"BareArea",50,0,0,"sierranevada",1,12
"Crop",1432,0,0,"sierranevada",1,12
"Grass",77879,0,0,"sierranevada",1,12
"HaloVeg",90,0,0,"sierranevada",1,12
"HydroRipVeg",1442,0,0,"sierranevada",1,12
"MedConF",2985,0,0,"sierranevada",1,12
"MedSclF",38375,0,0,"sierranevada",1,12
"MedScrub",110617,0,0,"sierranevada",1,12
"Reforestation",29221,0,0,"sierranevada",1,12
"RipF",2928,0,0,"sierranevada",1,12
"RockScreeVeg",99098,0,0,"sierranevada",1,12
"SMedMarF",16272,0,0,"sierranevada",1,12
"Shrub",3805,0,0,"sierranevada",1,12
"WaterSurf",246,0,0,"sierranevada",1,12
"AlpConF",173794,0,0,"sierranevada",3,1
"AlpScrGr",631034,0,0,"sierranevada",3,1
"AridScr",766,0,0,"sierranevada",3,1
"ArtSurf",8799,0,0,"sierranevada",3,1
"BareArea",50,0,0,"sierranevada",3,1
"Crop",1432,0,0,"sierranevada",3,1
"Grass",77894,0,0,"sierranevada",3,1
"HaloVeg",90,0,0,"sierranevada",3,1
"HydroRipVeg",1442,0,0,"sierranevada",3,1
"MedConF",2985,0,0,"sierranevada",3,1
"MedSclF",38403,0,0,"sierranevada",3,1
"MedScrub",110649,0,0,"sierranevada",3,1
"Reforestation",29222,0,0,"sierranevada",3,1
"RipF",2926,0,0,"sierranevada",3,1
"RockScreeVeg",99111,0,0,"sierranevada",3,1
"SMedMarF",16274,0,0,"sierranevada",3,1
"Shrub",3805,0,0,"sierranevada",3,1
"WaterSurf",246,0,0,"sierranevada",3,1
"AlpConF",173794,1498,0.86,"sierranevada",3,2
"AlpScrGr",631149,881,0.14,"sierranevada",3,2
"AridScr",773,75,9.7,"sierranevada",3,2
"ArtSurf",8799,87,0.99,"sierranevada",3,2
"BareArea",50,0,0,"sierranevada",3,2
"Crop",1432,11,0.77,"sierranevada",3,2
"Grass",77900,1237,1.59,"sierranevada",3,2
"HaloVeg",90,0,0,"sierranevada",3,2
"HydroRipVeg",1447,10,0.69,"sierranevada",3,2
"MedConF",2985,101,3.38,"sierranevada",3,2
"MedSclF",38437,822,2.14,"sierranevada",3,2
"MedScrub",110663,2754,2.49,"sierranevada",3,2
"Reforestation",29226,69,0.24,"sierranevada",3,2
"RipF",2930,38,1.3,"sierranevada",3,2
"RockScreeVeg",99119,523,0.53,"sierranevada",3,2
"SMedMarF",16274,65,0.4,"sierranevada",3,2
"Shrub",3805,13,0.34,"sierranevada",3,2
"WaterSurf",246,1,0.41,"sierranevada",3,2
"AlpConF",173796,0,0,"sierranevada",3,3
"AlpScrGr",631177,58,0.01,"sierranevada",3,3
"AridScr",774,0,0,"sierranevada",3,3
"ArtSurf",8799,1,0.01,"sierranevada",3,3
"BareArea",50,0,0,"sierranevada",3,3
"Crop",1432,0,0,"sierranevada",3,3
"Grass",77900,46,0.06,"sierranevada",3,3
"HaloVeg",90,0,0,"sierranevada",3,3
"HydroRipVeg",1448,0,0,"sierranevada",3,3
"MedConF",2985,0,0,"sierranevada",3,3
"MedSclF",38437,107,0.28,"sierranevada",3,3
"MedScrub",110663,178,0.16,"sierranevada",3,3
"Reforestation",29226,0,0,"sierranevada",3,3
"RipF",2930,1,0.03,"sierranevada",3,3
"RockScreeVeg",99121,177,0.18,"sierranevada",3,3
"SMedMarF",16274,1,0.01,"sierranevada",3,3
"Shrub",3805,0,0,"sierranevada",3,3
"WaterSurf",246,8,3.25,"sierranevada",3,3
"AlpConF",173796,2,0,"sierranevada",3,4
"AlpScrGr",631177,4,0,"sierranevada",3,4
"AridScr",774,0,0,"sierranevada",3,4
"ArtSurf",8799,2,0.02,"sierranevada",3,4
"BareArea",50,0,0,"sierranevada",3,4
"Crop",1432,0,0,"sierranevada",3,4
"Grass",77900,7,0.01,"sierranevada",3,4
"HaloVeg",90,0,0,"sierranevada",3,4
"HydroRipVeg",1448,0,0,"sierranevada",3,4
"MedConF",2985,0,0,"sierranevada",3,4
"MedSclF",38437,6,0.02,"sierranevada",3,4
"MedScrub",110663,21,0.02,"sierranevada",3,4
"Reforestation",29226,0,0,"sierranevada",3,4
"RipF",2930,0,0,"sierranevada",3,4
"RockScreeVeg",99121,12,0.01,"sierranevada",3,4
"SMedMarF",16274,0,0,"sierranevada",3,4
"Shrub",3805,0,0,"sierranevada",3,4
"WaterSurf",246,0,0,"sierranevada",3,4
"AlpConF",173796,149,0.09,"sierranevada",3,5
"AlpScrGr",631177,3005,0.48,"sierranevada",3,5
"AridScr",774,14,1.81,"sierranevada",3,5
"ArtSurf",8799,121,1.38,"sierranevada",3,5
"BareArea",50,3,6,"sierranevada",3,5
"Crop",1432,139,9.71,"sierranevada",3,5
"Grass",77900,1747,2.24,"sierranevada",3,5
"HaloVeg",90,10,11.11,"sierranevada",3,5
"HydroRipVeg",1448,25,1.73,"sierranevada",3,5
"MedConF",2985,0,0,"sierranevada",3,5
"MedSclF",38437,786,2.04,"sierranevada",3,5
"MedScrub",110663,6331,5.72,"sierranevada",3,5
"Reforestation",29226,46,0.16,"sierranevada",3,5
"RipF",2930,59,2.01,"sierranevada",3,5
"RockScreeVeg",99121,1401,1.41,"sierranevada",3,5
"SMedMarF",16274,54,0.33,"sierranevada",3,5
"Shrub",3805,60,1.58,"sierranevada",3,5
"WaterSurf",246,0,0,"sierranevada",3,5
"AlpConF",173796,43391,24.97,"sierranevada",3,6
"AlpScrGr",631177,377044,59.74,"sierranevada",3,6
"AridScr",774,534,68.99,"sierranevada",3,6
"ArtSurf",8799,3821,43.43,"sierranevada",3,6
"BareArea",50,15,30,"sierranevada",3,6
"Crop",1432,1084,75.7,"sierranevada",3,6
"Grass",77900,37370,47.97,"sierranevada",3,6
"HaloVeg",90,67,74.44,"sierranevada",3,6
"HydroRipVeg",1448,1114,76.93,"sierranevada",3,6
"MedConF",2985,690,23.12,"sierranevada",3,6
"MedSclF",38437,19897,51.77,"sierranevada",3,6
"MedScrub",110663,80489,72.73,"sierranevada",3,6
"Reforestation",29226,8797,30.1,"sierranevada",3,6
"RipF",2930,2074,70.78,"sierranevada",3,6
"RockScreeVeg",99121,18729,18.9,"sierranevada",3,6
"SMedMarF",16274,12779,78.52,"sierranevada",3,6
"Shrub",3805,3145,82.65,"sierranevada",3,6
"WaterSurf",246,8,3.25,"sierranevada",3,6
"AlpConF",173796,54680,31.46,"sierranevada",3,7
"AlpScrGr",631181,522355,82.76,"sierranevada",3,7
"AridScr",774,361,46.64,"sierranevada",3,7
"ArtSurf",8799,4461,50.7,"sierranevada",3,7
"BareArea",50,19,38,"sierranevada",3,7
"Crop",1432,958,66.9,"sierranevada",3,7
"Grass",77900,43938,56.4,"sierranevada",3,7
"HaloVeg",90,86,95.56,"sierranevada",3,7
"HydroRipVeg",1448,1186,81.91,"sierranevada",3,7
"MedConF",2985,1089,36.48,"sierranevada",3,7
"MedSclF",38437,23237,60.45,"sierranevada",3,7
"MedScrub",110663,82846,74.86,"sierranevada",3,7
"Reforestation",29226,11029,37.74,"sierranevada",3,7
"RipF",2930,1896,64.71,"sierranevada",3,7
"RockScreeVeg",99121,26903,27.14,"sierranevada",3,7
"SMedMarF",16274,11198,68.81,"sierranevada",3,7
"Shrub",3805,3373,88.65,"sierranevada",3,7
"WaterSurf",246,8,3.25,"sierranevada",3,7
"AlpConF",173796,20782,11.96,"sierranevada",3,8
"AlpScrGr",631178,340934,54.02,"sierranevada",3,8
"AridScr",774,38,4.91,"sierranevada",3,8
"ArtSurf",8799,1543,17.54,"sierranevada",3,8
"BareArea",50,12,24,"sierranevada",3,8
"Crop",1432,181,12.64,"sierranevada",3,8
"Grass",77900,10830,13.9,"sierranevada",3,8
"HaloVeg",90,1,1.11,"sierranevada",3,8
"HydroRipVeg",1448,514,35.5,"sierranevada",3,8
"MedConF",2985,131,4.39,"sierranevada",3,8
"MedSclF",38437,2086,5.43,"sierranevada",3,8
"MedScrub",110663,24696,22.32,"sierranevada",3,8
"Reforestation",29226,2043,6.99,"sierranevada",3,8
"RipF",2930,437,14.91,"sierranevada",3,8
"RockScreeVeg",99121,16985,17.14,"sierranevada",3,8
"SMedMarF",16274,1144,7.03,"sierranevada",3,8
"Shrub",3805,1064,27.96,"sierranevada",3,8
"WaterSurf",246,8,3.25,"sierranevada",3,8
"AlpConF",173796,0,0,"sierranevada",3,9
"AlpScrGr",631177,0,0,"sierranevada",3,9
"AridScr",774,0,0,"sierranevada",3,9
"ArtSurf",8799,0,0,"sierranevada",3,9
"BareArea",50,0,0,"sierranevada",3,9
"Crop",1432,0,0,"sierranevada",3,9
"Grass",77900,0,0,"sierranevada",3,9
"HaloVeg",90,0,0,"sierranevada",3,9
"HydroRipVeg",1448,0,0,"sierranevada",3,9
"MedConF",2985,0,0,"sierranevada",3,9
"MedSclF",38437,0,0,"sierranevada",3,9
"MedScrub",110663,0,0,"sierranevada",3,9
"Reforestation",29226,0,0,"sierranevada",3,9
"RipF",2930,0,0,"sierranevada",3,9
"RockScreeVeg",99121,0,0,"sierranevada",3,9
"SMedMarF",16274,0,0,"sierranevada",3,9
"Shrub",3805,0,0,"sierranevada",3,9
"WaterSurf",246,0,0,"sierranevada",3,9
"AlpConF",173796,0,0,"sierranevada",3,10
"AlpScrGr",631178,3,0,"sierranevada",3,10
"AridScr",774,0,0,"sierranevada",3,10
"ArtSurf",8799,0,0,"sierranevada",3,10
"BareArea",50,0,0,"sierranevada",3,10
"Crop",1432,0,0,"sierranevada",3,10
"Grass",77900,2,0,"sierranevada",3,10
"HaloVeg",90,0,0,"sierranevada",3,10
"HydroRipVeg",1448,0,0,"sierranevada",3,10
"MedConF",2985,0,0,"sierranevada",3,10
"MedSclF",38437,0,0,"sierranevada",3,10
"MedScrub",110663,0,0,"sierranevada",3,10
"Reforestation",29226,0,0,"sierranevada",3,10
"RipF",2930,0,0,"sierranevada",3,10
"RockScreeVeg",99121,1,0,"sierranevada",3,10
"SMedMarF",16274,0,0,"sierranevada",3,10
"Shrub",3805,0,0,"sierranevada",3,10
"WaterSurf",246,0,0,"sierranevada",3,10
"AlpConF",173794,259,0.15,"sierranevada",3,11
"AlpScrGr",631149,5039,0.8,"sierranevada",3,11
"AridScr",772,458,59.33,"sierranevada",3,11
"ArtSurf",8799,147,1.67,"sierranevada",3,11
"BareArea",50,3,6,"sierranevada",3,11
"Crop",1432,202,14.11,"sierranevada",3,11
"Grass",77897,3247,4.17,"sierranevada",3,11
"HaloVeg",90,12,13.33,"sierranevada",3,11
"HydroRipVeg",1448,16,1.1,"sierranevada",3,11
"MedConF",2985,161,5.39,"sierranevada",3,11
"MedSclF",38428,1572,4.09,"sierranevada",3,11
"MedScrub",110657,6637,6,"sierranevada",3,11
"Reforestation",29224,106,0.36,"sierranevada",3,11
"RipF",2930,45,1.54,"sierranevada",3,11
"RockScreeVeg",99119,2202,2.22,"sierranevada",3,11
"SMedMarF",16274,120,0.74,"sierranevada",3,11
"Shrub",3805,52,1.37,"sierranevada",3,11
"WaterSurf",246,0,0,"sierranevada",3,11
"AlpConF",173767,0,0,"sierranevada",3,12
"AlpScrGr",631026,23,0,"sierranevada",3,12
"AridScr",763,3,0.39,"sierranevada",3,12
"ArtSurf",8799,3,0.03,"sierranevada",3,12
"BareArea",50,0,0,"sierranevada",3,12
"Crop",1432,14,0.98,"sierranevada",3,12
"Grass",77879,46,0.06,"sierranevada",3,12
"HaloVeg",90,0,0,"sierranevada",3,12
"HydroRipVeg",1442,2,0.14,"sierranevada",3,12
"MedConF",2985,0,0,"sierranevada",3,12
"MedSclF",38375,20,0.05,"sierranevada",3,12
"MedScrub",110617,149,0.13,"sierranevada",3,12
"Reforestation",29221,6,0.02,"sierranevada",3,12
"RipF",2928,0,0,"sierranevada",3,12
"RockScreeVeg",99098,117,0.12,"sierranevada",3,12
"SMedMarF",16272,0,0,"sierranevada",3,12
"Shrub",3805,0,0,"sierranevada",3,12
"WaterSurf",246,0,0,"sierranevada",3,12
"AlpConF",173794,0,0,"sierranevada",6,1
"AlpScrGr",631034,0,0,"sierranevada",6,1
"AridScr",766,0,0,"sierranevada",6,1
"ArtSurf",8799,0,0,"sierranevada",6,1
"BareArea",50,0,0,"sierranevada",6,1
"Crop",1432,0,0,"sierranevada",6,1
"Grass",77894,0,0,"sierranevada",6,1
"HaloVeg",90,0,0,"sierranevada",6,1
"HydroRipVeg",1442,0,0,"sierranevada",6,1
"MedConF",2985,0,0,"sierranevada",6,1
"MedSclF",38403,0,0,"sierranevada",6,1
"MedScrub",110649,0,0,"sierranevada",6,1
"Reforestation",29222,0,0,"sierranevada",6,1
"RipF",2926,0,0,"sierranevada",6,1
"RockScreeVeg",99111,0,0,"sierranevada",6,1
"SMedMarF",16274,0,0,"sierranevada",6,1
"Shrub",3805,0,0,"sierranevada",6,1
"WaterSurf",246,0,0,"sierranevada",6,1
"AlpConF",173794,33,0.02,"sierranevada",6,2
"AlpScrGr",631149,42,0.01,"sierranevada",6,2
"AridScr",773,26,3.36,"sierranevada",6,2
"ArtSurf",8799,21,0.24,"sierranevada",6,2
"BareArea",50,0,0,"sierranevada",6,2
"Crop",1432,29,2.03,"sierranevada",6,2
"Grass",77900,140,0.18,"sierranevada",6,2
"HaloVeg",90,0,0,"sierranevada",6,2
"HydroRipVeg",1447,9,0.62,"sierranevada",6,2
"MedConF",2985,0,0,"sierranevada",6,2
"MedSclF",38437,124,0.32,"sierranevada",6,2
"MedScrub",110663,1832,1.66,"sierranevada",6,2
"Reforestation",29226,14,0.05,"sierranevada",6,2
"RipF",2930,12,0.41,"sierranevada",6,2
"RockScreeVeg",99119,602,0.61,"sierranevada",6,2
"SMedMarF",16274,3,0.02,"sierranevada",6,2
"Shrub",3805,13,0.34,"sierranevada",6,2
"WaterSurf",246,0,0,"sierranevada",6,2
"AlpConF",173796,3,0,"sierranevada",6,3
"AlpScrGr",631177,26,0,"sierranevada",6,3
"AridScr",774,12,1.55,"sierranevada",6,3
"ArtSurf",8799,10,0.11,"sierranevada",6,3
"BareArea",50,0,0,"sierranevada",6,3
"Crop",1432,14,0.98,"sierranevada",6,3
"Grass",77900,87,0.11,"sierranevada",6,3
"HaloVeg",90,0,0,"sierranevada",6,3
"HydroRipVeg",1448,4,0.28,"sierranevada",6,3
"MedConF",2985,0,0,"sierranevada",6,3
"MedSclF",38437,100,0.26,"sierranevada",6,3
"MedScrub",110663,742,0.67,"sierranevada",6,3
"Reforestation",29226,3,0.01,"sierranevada",6,3
"RipF",2930,5,0.17,"sierranevada",6,3
"RockScreeVeg",99121,174,0.18,"sierranevada",6,3
"SMedMarF",16274,0,0,"sierranevada",6,3
"Shrub",3805,0,0,"sierranevada",6,3
"WaterSurf",246,0,0,"sierranevada",6,3
"AlpConF",173796,0,0,"sierranevada",6,4
"AlpScrGr",631177,40,0.01,"sierranevada",6,4
"AridScr",774,0,0,"sierranevada",6,4
"ArtSurf",8799,2,0.02,"sierranevada",6,4
"BareArea",50,0,0,"sierranevada",6,4
"Crop",1432,2,0.14,"sierranevada",6,4
"Grass",77900,2,0,"sierranevada",6,4
"HaloVeg",90,0,0,"sierranevada",6,4
"HydroRipVeg",1448,0,0,"sierranevada",6,4
"MedConF",2985,0,0,"sierranevada",6,4
"MedSclF",38437,0,0,"sierranevada",6,4
"MedScrub",110663,22,0.02,"sierranevada",6,4
"Reforestation",29226,0,0,"sierranevada",6,4
"RipF",2930,0,0,"sierranevada",6,4
"RockScreeVeg",99121,18,0.02,"sierranevada",6,4
"SMedMarF",16274,0,0,"sierranevada",6,4
"Shrub",3805,0,0,"sierranevada",6,4
"WaterSurf",246,0,0,"sierranevada",6,4
"AlpConF",173796,245,0.14,"sierranevada",6,5
"AlpScrGr",631177,7027,1.11,"sierranevada",6,5
"AridScr",774,134,17.31,"sierranevada",6,5
"ArtSurf",8799,196,2.23,"sierranevada",6,5
"BareArea",50,3,6,"sierranevada",6,5
"Crop",1432,268,18.72,"sierranevada",6,5
"Grass",77900,2768,3.55,"sierranevada",6,5
"HaloVeg",90,14,15.56,"sierranevada",6,5
"HydroRipVeg",1448,116,8.01,"sierranevada",6,5
"MedConF",2985,0,0,"sierranevada",6,5
"MedSclF",38437,2950,7.67,"sierranevada",6,5
"MedScrub",110663,9485,8.57,"sierranevada",6,5
"Reforestation",29226,120,0.41,"sierranevada",6,5
"RipF",2930,84,2.87,"sierranevada",6,5
"RockScreeVeg",99121,1516,1.53,"sierranevada",6,5
"SMedMarF",16274,61,0.37,"sierranevada",6,5
"Shrub",3805,87,2.29,"sierranevada",6,5
"WaterSurf",246,0,0,"sierranevada",6,5
"AlpConF",173796,3084,1.77,"sierranevada",6,6
"AlpScrGr",631177,57113,9.05,"sierranevada",6,6
"AridScr",774,466,60.21,"sierranevada",6,6
"ArtSurf",8799,776,8.82,"sierranevada",6,6
"BareArea",50,5,10,"sierranevada",6,6
"Crop",1432,546,38.13,"sierranevada",6,6
"Grass",77900,12209,15.67,"sierranevada",6,6
"HaloVeg",90,39,43.33,"sierranevada",6,6
"HydroRipVeg",1448,419,28.94,"sierranevada",6,6
"MedConF",2985,164,5.49,"sierranevada",6,6
"MedSclF",38437,11206,29.15,"sierranevada",6,6
"MedScrub",110663,27681,25.01,"sierranevada",6,6
"Reforestation",29226,946,3.24,"sierranevada",6,6
"RipF",2930,390,13.31,"sierranevada",6,6
"RockScreeVeg",99121,6471,6.53,"sierranevada",6,6
"SMedMarF",16274,2101,12.91,"sierranevada",6,6
"Shrub",3805,639,16.79,"sierranevada",6,6
"WaterSurf",246,0,0,"sierranevada",6,6
"AlpConF",173796,52618,30.28,"sierranevada",6,7
"AlpScrGr",631181,408288,64.69,"sierranevada",6,7
"AridScr",774,547,70.67,"sierranevada",6,7
"ArtSurf",8799,4042,45.94,"sierranevada",6,7
"BareArea",50,18,36,"sierranevada",6,7
"Crop",1432,1248,87.15,"sierranevada",6,7
"Grass",77900,40412,51.88,"sierranevada",6,7
"HaloVeg",90,64,71.11,"sierranevada",6,7
"HydroRipVeg",1448,1193,82.39,"sierranevada",6,7
"MedConF",2985,927,31.06,"sierranevada",6,7
"MedSclF",38437,33268,86.55,"sierranevada",6,7
"MedScrub",110663,86332,78.01,"sierranevada",6,7
"Reforestation",29226,5867,20.07,"sierranevada",6,7
"RipF",2930,1797,61.33,"sierranevada",6,7
"RockScreeVeg",99121,18473,18.64,"sierranevada",6,7
"SMedMarF",16274,13251,81.42,"sierranevada",6,7
"Shrub",3805,3061,80.45,"sierranevada",6,7
"WaterSurf",246,5,2.03,"sierranevada",6,7
"AlpConF",173796,70722,40.69,"sierranevada",6,8
"AlpScrGr",631178,399022,63.22,"sierranevada",6,8
"AridScr",774,492,63.57,"sierranevada",6,8
"ArtSurf",8799,3750,42.62,"sierranevada",6,8
"BareArea",50,30,60,"sierranevada",6,8
"Crop",1432,1048,73.18,"sierranevada",6,8
"Grass",77900,45941,58.97,"sierranevada",6,8
"HaloVeg",90,66,73.33,"sierranevada",6,8
"HydroRipVeg",1448,1123,77.56,"sierranevada",6,8
"MedConF",2985,1891,63.35,"sierranevada",6,8
"MedSclF",38437,32705,85.09,"sierranevada",6,8
"MedScrub",110663,85049,76.85,"sierranevada",6,8
"Reforestation",29226,5843,19.99,"sierranevada",6,8
"RipF",2930,1949,66.52,"sierranevada",6,8
"RockScreeVeg",99121,24732,24.95,"sierranevada",6,8
"SMedMarF",16274,13659,83.93,"sierranevada",6,8
"Shrub",3805,3209,84.34,"sierranevada",6,8
"WaterSurf",246,31,12.6,"sierranevada",6,8
"AlpConF",173796,641,0.37,"sierranevada",6,9
"AlpScrGr",631177,32364,5.13,"sierranevada",6,9
"AridScr",774,6,0.78,"sierranevada",6,9
"ArtSurf",8799,189,2.15,"sierranevada",6,9
"BareArea",50,2,4,"sierranevada",6,9
"Crop",1432,75,5.24,"sierranevada",6,9
"Grass",77900,3038,3.9,"sierranevada",6,9
"HaloVeg",90,17,18.89,"sierranevada",6,9
"HydroRipVeg",1448,149,10.29,"sierranevada",6,9
"MedConF",2985,52,1.74,"sierranevada",6,9
"MedSclF",38437,825,2.15,"sierranevada",6,9
"MedScrub",110663,5961,5.39,"sierranevada",6,9
"Reforestation",29226,216,0.74,"sierranevada",6,9
"RipF",2930,73,2.49,"sierranevada",6,9
"RockScreeVeg",99121,1249,1.26,"sierranevada",6,9
"SMedMarF",16274,252,1.55,"sierranevada",6,9
"Shrub",3805,342,8.99,"sierranevada",6,9
"WaterSurf",246,3,1.22,"sierranevada",6,9
"AlpConF",173796,77,0.04,"sierranevada",6,10
"AlpScrGr",631178,4311,0.68,"sierranevada",6,10
"AridScr",774,0,0,"sierranevada",6,10
"ArtSurf",8799,20,0.23,"sierranevada",6,10
"BareArea",50,0,0,"sierranevada",6,10
"Crop",1432,26,1.82,"sierranevada",6,10
"Grass",77900,274,0.35,"sierranevada",6,10
"HaloVeg",90,0,0,"sierranevada",6,10
"HydroRipVeg",1448,22,1.52,"sierranevada",6,10
"MedConF",2985,0,0,"sierranevada",6,10
"MedSclF",38437,17,0.04,"sierranevada",6,10
"MedScrub",110663,465,0.42,"sierranevada",6,10
"Reforestation",29226,6,0.02,"sierranevada",6,10
"RipF",2930,26,0.89,"sierranevada",6,10
"RockScreeVeg",99121,258,0.26,"sierranevada",6,10
"SMedMarF",16274,11,0.07,"sierranevada",6,10
"Shrub",3805,3,0.08,"sierranevada",6,10
"WaterSurf",246,0,0,"sierranevada",6,10
"AlpConF",173794,0,0,"sierranevada",6,11
"AlpScrGr",631149,125,0.02,"sierranevada",6,11
"AridScr",772,54,6.99,"sierranevada",6,11
"ArtSurf",8799,0,0,"sierranevada",6,11
"BareArea",50,0,0,"sierranevada",6,11
"Crop",1432,7,0.49,"sierranevada",6,11
"Grass",77897,47,0.06,"sierranevada",6,11
"HaloVeg",90,2,2.22,"sierranevada",6,11
"HydroRipVeg",1448,0,0,"sierranevada",6,11
"MedConF",2985,0,0,"sierranevada",6,11
"MedSclF",38428,0,0,"sierranevada",6,11
"MedScrub",110657,31,0.03,"sierranevada",6,11
"Reforestation",29224,1,0,"sierranevada",6,11
"RipF",2930,0,0,"sierranevada",6,11
"RockScreeVeg",99119,33,0.03,"sierranevada",6,11
"SMedMarF",16274,2,0.01,"sierranevada",6,11
"Shrub",3805,0,0,"sierranevada",6,11
"WaterSurf",246,0,0,"sierranevada",6,11
"AlpConF",173767,1,0,"sierranevada",6,12
"AlpScrGr",631026,27,0,"sierranevada",6,12
"AridScr",763,7,0.92,"sierranevada",6,12
"ArtSurf",8799,2,0.02,"sierranevada",6,12
"BareArea",50,1,2,"sierranevada",6,12
"Crop",1432,9,0.63,"sierranevada",6,12
"Grass",77879,23,0.03,"sierranevada",6,12
"HaloVeg",90,0,0,"sierranevada",6,12
"HydroRipVeg",1442,3,0.21,"sierranevada",6,12
"MedConF",2985,0,0,"sierranevada",6,12
"MedSclF",38375,30,0.08,"sierranevada",6,12
"MedScrub",110617,209,0.19,"sierranevada",6,12
"Reforestation",29221,12,0.04,"sierranevada",6,12
"RipF",2928,0,0,"sierranevada",6,12
"RockScreeVeg",99098,93,0.09,"sierranevada",6,12
"SMedMarF",16272,0,0,"sierranevada",6,12
"Shrub",3805,0,0,"sierranevada",6,12
"WaterSurf",246,0,0,"sierranevada",6,12
"AlpConF",173794,0,0,"sierranevada",9,1
"AlpScrGr",631034,0,0,"sierranevada",9,1
"AridScr",766,0,0,"sierranevada",9,1
"ArtSurf",8799,0,0,"sierranevada",9,1
"BareArea",50,0,0,"sierranevada",9,1
"Crop",1432,0,0,"sierranevada",9,1
"Grass",77894,0,0,"sierranevada",9,1
"HaloVeg",90,0,0,"sierranevada",9,1
"HydroRipVeg",1442,0,0,"sierranevada",9,1
"MedConF",2985,0,0,"sierranevada",9,1
"MedSclF",38403,0,0,"sierranevada",9,1
"MedScrub",110649,1,0,"sierranevada",9,1
"Reforestation",29222,0,0,"sierranevada",9,1
"RipF",2926,0,0,"sierranevada",9,1
"RockScreeVeg",99111,0,0,"sierranevada",9,1
"SMedMarF",16274,0,0,"sierranevada",9,1
"Shrub",3805,0,0,"sierranevada",9,1
"WaterSurf",246,0,0,"sierranevada",9,1
"AlpConF",173794,8,0,"sierranevada",9,2
"AlpScrGr",631149,84,0.01,"sierranevada",9,2
"AridScr",773,12,1.55,"sierranevada",9,2
"ArtSurf",8799,5,0.06,"sierranevada",9,2
"BareArea",50,0,0,"sierranevada",9,2
"Crop",1432,3,0.21,"sierranevada",9,2
"Grass",77900,49,0.06,"sierranevada",9,2
"HaloVeg",90,0,0,"sierranevada",9,2
"HydroRipVeg",1447,1,0.07,"sierranevada",9,2
"MedConF",2985,2,0.07,"sierranevada",9,2
"MedSclF",38437,39,0.1,"sierranevada",9,2
"MedScrub",110663,461,0.42,"sierranevada",9,2
"Reforestation",29226,0,0,"sierranevada",9,2
"RipF",2930,4,0.14,"sierranevada",9,2
"RockScreeVeg",99119,227,0.23,"sierranevada",9,2
"SMedMarF",16274,0,0,"sierranevada",9,2
"Shrub",3805,4,0.11,"sierranevada",9,2
"WaterSurf",246,0,0,"sierranevada",9,2
"AlpConF",173796,0,0,"sierranevada",9,3
"AlpScrGr",631177,0,0,"sierranevada",9,3
"AridScr",774,0,0,"sierranevada",9,3
"ArtSurf",8799,0,0,"sierranevada",9,3
"BareArea",50,0,0,"sierranevada",9,3
"Crop",1432,0,0,"sierranevada",9,3
"Grass",77900,0,0,"sierranevada",9,3
"HaloVeg",90,0,0,"sierranevada",9,3
"HydroRipVeg",1448,0,0,"sierranevada",9,3
"MedConF",2985,0,0,"sierranevada",9,3
"MedSclF",38437,0,0,"sierranevada",9,3
"MedScrub",110663,0,0,"sierranevada",9,3
"Reforestation",29226,0,0,"sierranevada",9,3
"RipF",2930,0,0,"sierranevada",9,3
"RockScreeVeg",99121,0,0,"sierranevada",9,3
"SMedMarF",16274,0,0,"sierranevada",9,3
"Shrub",3805,0,0,"sierranevada",9,3
"WaterSurf",246,0,0,"sierranevada",9,3
"AlpConF",173796,21,0.01,"sierranevada",9,4
"AlpScrGr",631177,596,0.09,"sierranevada",9,4
"AridScr",774,20,2.58,"sierranevada",9,4
"ArtSurf",8799,32,0.36,"sierranevada",9,4
"BareArea",50,0,0,"sierranevada",9,4
"Crop",1432,34,2.37,"sierranevada",9,4
"Grass",77900,259,0.33,"sierranevada",9,4
"HaloVeg",90,0,0,"sierranevada",9,4
"HydroRipVeg",1448,19,1.31,"sierranevada",9,4
"MedConF",2985,1,0.03,"sierranevada",9,4
"MedSclF",38437,178,0.46,"sierranevada",9,4
"MedScrub",110663,1716,1.55,"sierranevada",9,4
"Reforestation",29226,34,0.12,"sierranevada",9,4
"RipF",2930,15,0.51,"sierranevada",9,4
"RockScreeVeg",99121,344,0.35,"sierranevada",9,4
"SMedMarF",16274,11,0.07,"sierranevada",9,4
"Shrub",3805,21,0.55,"sierranevada",9,4
"WaterSurf",246,0,0,"sierranevada",9,4
"AlpConF",173796,916,0.53,"sierranevada",9,5
"AlpScrGr",631177,27449,4.35,"sierranevada",9,5
"AridScr",774,198,25.58,"sierranevada",9,5
"ArtSurf",8799,430,4.89,"sierranevada",9,5
"BareArea",50,4,8,"sierranevada",9,5
"Crop",1432,403,28.14,"sierranevada",9,5
"Grass",77900,6801,8.73,"sierranevada",9,5
"HaloVeg",90,32,35.56,"sierranevada",9,5
"HydroRipVeg",1448,226,15.61,"sierranevada",9,5
"MedConF",2985,2,0.07,"sierranevada",9,5
"MedSclF",38437,5663,14.73,"sierranevada",9,5
"MedScrub",110663,18495,16.71,"sierranevada",9,5
"Reforestation",29226,301,1.03,"sierranevada",9,5
"RipF",2930,258,8.81,"sierranevada",9,5
"RockScreeVeg",99121,4284,4.32,"sierranevada",9,5
"SMedMarF",16274,461,2.83,"sierranevada",9,5
"Shrub",3805,276,7.25,"sierranevada",9,5
"WaterSurf",246,0,0,"sierranevada",9,5
"AlpConF",173796,8311,4.78,"sierranevada",9,6
"AlpScrGr",631177,162012,25.67,"sierranevada",9,6
"AridScr",774,541,69.9,"sierranevada",9,6
"ArtSurf",8799,1847,20.99,"sierranevada",9,6
"BareArea",50,7,14,"sierranevada",9,6
"Crop",1432,907,63.34,"sierranevada",9,6
"Grass",77900,20879,26.8,"sierranevada",9,6
"HaloVeg",90,50,55.56,"sierranevada",9,6
"HydroRipVeg",1448,788,54.42,"sierranevada",9,6
"MedConF",2985,305,10.22,"sierranevada",9,6
"MedSclF",38437,23435,60.97,"sierranevada",9,6
"MedScrub",110663,46708,42.21,"sierranevada",9,6
"Reforestation",29226,1955,6.69,"sierranevada",9,6
"RipF",2930,946,32.29,"sierranevada",9,6
"RockScreeVeg",99121,10714,10.81,"sierranevada",9,6
"SMedMarF",16274,5448,33.48,"sierranevada",9,6
"Shrub",3805,1222,32.12,"sierranevada",9,6
"WaterSurf",246,1,0.41,"sierranevada",9,6
"AlpConF",173796,52578,30.25,"sierranevada",9,7
"AlpScrGr",631181,309447,49.03,"sierranevada",9,7
"AridScr",774,552,71.32,"sierranevada",9,7
"ArtSurf",8799,2595,29.49,"sierranevada",9,7
"BareArea",50,18,36,"sierranevada",9,7
"Crop",1432,1052,73.46,"sierranevada",9,7
"Grass",77900,36926,47.4,"sierranevada",9,7
"HaloVeg",90,66,73.33,"sierranevada",9,7
"HydroRipVeg",1448,1025,70.79,"sierranevada",9,7
"MedConF",2985,995,33.33,"sierranevada",9,7
"MedSclF",38437,34240,89.08,"sierranevada",9,7
"MedScrub",110663,71937,65.01,"sierranevada",9,7
"Reforestation",29226,5220,17.86,"sierranevada",9,7
"RipF",2930,1698,57.95,"sierranevada",9,7
"RockScreeVeg",99121,15456,15.59,"sierranevada",9,7
"SMedMarF",16274,11407,70.09,"sierranevada",9,7
"Shrub",3805,2911,76.5,"sierranevada",9,7
"WaterSurf",246,12,4.88,"sierranevada",9,7
"AlpConF",173796,79992,46.03,"sierranevada",9,8
"AlpScrGr",631178,459441,72.79,"sierranevada",9,8
"AridScr",774,518,66.93,"sierranevada",9,8
"ArtSurf",8799,2790,31.71,"sierranevada",9,8
"BareArea",50,29,58,"sierranevada",9,8
"Crop",1432,947,66.13,"sierranevada",9,8
"Grass",77900,48223,61.9,"sierranevada",9,8
"HaloVeg",90,61,67.78,"sierranevada",9,8
"HydroRipVeg",1448,1174,81.08,"sierranevada",9,8
"MedConF",2985,1730,57.96,"sierranevada",9,8
"MedSclF",38437,34929,90.87,"sierranevada",9,8
"MedScrub",110663,77855,70.35,"sierranevada",9,8
"Reforestation",29226,6580,22.51,"sierranevada",9,8
"RipF",2930,2187,74.64,"sierranevada",9,8
"RockScreeVeg",99121,44241,44.63,"sierranevada",9,8
"SMedMarF",16274,13886,85.33,"sierranevada",9,8
"Shrub",3805,2934,77.11,"sierranevada",9,8
"WaterSurf",246,56,22.76,"sierranevada",9,8
"AlpConF",173796,4416,2.54,"sierranevada",9,9
"AlpScrGr",631177,134231,21.27,"sierranevada",9,9
"AridScr",774,231,29.84,"sierranevada",9,9
"ArtSurf",8799,712,8.09,"sierranevada",9,9
"BareArea",50,12,24,"sierranevada",9,9
"Crop",1432,541,37.78,"sierranevada",9,9
"Grass",77900,10475,13.45,"sierranevada",9,9
"HaloVeg",90,29,32.22,"sierranevada",9,9
"HydroRipVeg",1448,576,39.78,"sierranevada",9,9
"MedConF",2985,379,12.7,"sierranevada",9,9
"MedSclF",38437,7647,19.89,"sierranevada",9,9
"MedScrub",110663,21087,19.06,"sierranevada",9,9
"Reforestation",29226,1063,3.64,"sierranevada",9,9
"RipF",2930,452,15.43,"sierranevada",9,9
"RockScreeVeg",99121,11612,11.71,"sierranevada",9,9
"SMedMarF",16274,1434,8.81,"sierranevada",9,9
"Shrub",3805,676,17.77,"sierranevada",9,9
"WaterSurf",246,42,17.07,"sierranevada",9,9
"AlpConF",173796,708,0.41,"sierranevada",9,10
"AlpScrGr",631178,32600,5.16,"sierranevada",9,10
"AridScr",774,4,0.52,"sierranevada",9,10
"ArtSurf",8799,242,2.75,"sierranevada",9,10
"BareArea",50,1,2,"sierranevada",9,10
"Crop",1432,339,23.67,"sierranevada",9,10
"Grass",77900,4144,5.32,"sierranevada",9,10
"HaloVeg",90,9,10,"sierranevada",9,10
"HydroRipVeg",1448,186,12.85,"sierranevada",9,10
"MedConF",2985,55,1.84,"sierranevada",9,10
"MedSclF",38437,1133,2.95,"sierranevada",9,10
"MedScrub",110663,8086,7.31,"sierranevada",9,10
"Reforestation",29226,335,1.15,"sierranevada",9,10
"RipF",2930,243,8.29,"sierranevada",9,10
"RockScreeVeg",99121,2246,2.27,"sierranevada",9,10
"SMedMarF",16274,1910,11.74,"sierranevada",9,10
"Shrub",3805,280,7.36,"sierranevada",9,10
"WaterSurf",246,3,1.22,"sierranevada",9,10
"AlpConF",173794,0,0,"sierranevada",9,11
"AlpScrGr",631149,0,0,"sierranevada",9,11
"AridScr",772,0,0,"sierranevada",9,11
"ArtSurf",8799,0,0,"sierranevada",9,11
"BareArea",50,0,0,"sierranevada",9,11
"Crop",1432,0,0,"sierranevada",9,11
"Grass",77897,0,0,"sierranevada",9,11
"HaloVeg",90,0,0,"sierranevada",9,11
"HydroRipVeg",1448,0,0,"sierranevada",9,11
"MedConF",2985,0,0,"sierranevada",9,11
"MedSclF",38428,0,0,"sierranevada",9,11
"MedScrub",110657,0,0,"sierranevada",9,11
"Reforestation",29224,0,0,"sierranevada",9,11
"RipF",2930,0,0,"sierranevada",9,11
"RockScreeVeg",99119,0,0,"sierranevada",9,11
"SMedMarF",16274,0,0,"sierranevada",9,11
"Shrub",3805,0,0,"sierranevada",9,11
"WaterSurf",246,0,0,"sierranevada",9,11
"AlpConF",173767,0,0,"sierranevada",9,12
"AlpScrGr",631026,0,0,"sierranevada",9,12
"AridScr",763,0,0,"sierranevada",9,12
"ArtSurf",8799,0,0,"sierranevada",9,12
"BareArea",50,0,0,"sierranevada",9,12
"Crop",1432,0,0,"sierranevada",9,12
"Grass",77879,0,0,"sierranevada",9,12
"HaloVeg",90,0,0,"sierranevada",9,12
"HydroRipVeg",1442,0,0,"sierranevada",9,12
"MedConF",2985,0,0,"sierranevada",9,12
"MedSclF",38375,0,0,"sierranevada",9,12
"MedScrub",110617,0,0,"sierranevada",9,12
"Reforestation",29221,0,0,"sierranevada",9,12
"RipF",2928,0,0,"sierranevada",9,12
"RockScreeVeg",99098,0,0,"sierranevada",9,12
"SMedMarF",16272,0,0,"sierranevada",9,12
"Shrub",3805,0,0,"sierranevada",9,12
"WaterSurf",246,0,0,"sierranevada",9,12
"AlpConF",173794,0,0,"sierranevada",12,1
"AlpScrGr",631034,0,0,"sierranevada",12,1
"AridScr",766,0,0,"sierranevada",12,1
"ArtSurf",8799,0,0,"sierranevada",12,1
"BareArea",50,0,0,"sierranevada",12,1
"Crop",1432,0,0,"sierranevada",12,1
"Grass",77894,0,0,"sierranevada",12,1
"HaloVeg",90,0,0,"sierranevada",12,1
"HydroRipVeg",1442,0,0,"sierranevada",12,1
"MedConF",2985,0,0,"sierranevada",12,1
"MedSclF",38403,0,0,"sierranevada",12,1
"MedScrub",110649,0,0,"sierranevada",12,1
"Reforestation",29222,0,0,"sierranevada",12,1
"RipF",2926,0,0,"sierranevada",12,1
"RockScreeVeg",99111,0,0,"sierranevada",12,1
"SMedMarF",16274,0,0,"sierranevada",12,1
"Shrub",3805,0,0,"sierranevada",12,1
"WaterSurf",246,0,0,"sierranevada",12,1
"AlpConF",173794,30,0.02,"sierranevada",12,2
"AlpScrGr",631149,347,0.05,"sierranevada",12,2
"AridScr",773,49,6.34,"sierranevada",12,2
"ArtSurf",8799,7,0.08,"sierranevada",12,2
"BareArea",50,0,0,"sierranevada",12,2
"Crop",1432,0,0,"sierranevada",12,2
"Grass",77900,62,0.08,"sierranevada",12,2
"HaloVeg",90,0,0,"sierranevada",12,2
"HydroRipVeg",1447,2,0.14,"sierranevada",12,2
"MedConF",2985,29,0.97,"sierranevada",12,2
"MedSclF",38437,86,0.22,"sierranevada",12,2
"MedScrub",110663,401,0.36,"sierranevada",12,2
"Reforestation",29226,0,0,"sierranevada",12,2
"RipF",2930,11,0.38,"sierranevada",12,2
"RockScreeVeg",99119,102,0.1,"sierranevada",12,2
"SMedMarF",16274,2,0.01,"sierranevada",12,2
"Shrub",3805,7,0.18,"sierranevada",12,2
"WaterSurf",246,0,0,"sierranevada",12,2
"AlpConF",173796,0,0,"sierranevada",12,3
"AlpScrGr",631177,0,0,"sierranevada",12,3
"AridScr",774,0,0,"sierranevada",12,3
"ArtSurf",8799,0,0,"sierranevada",12,3
"BareArea",50,0,0,"sierranevada",12,3
"Crop",1432,0,0,"sierranevada",12,3
"Grass",77900,0,0,"sierranevada",12,3
"HaloVeg",90,0,0,"sierranevada",12,3
"HydroRipVeg",1448,0,0,"sierranevada",12,3
"MedConF",2985,0,0,"sierranevada",12,3
"MedSclF",38437,0,0,"sierranevada",12,3
"MedScrub",110663,0,0,"sierranevada",12,3
"Reforestation",29226,0,0,"sierranevada",12,3
"RipF",2930,0,0,"sierranevada",12,3
"RockScreeVeg",99121,0,0,"sierranevada",12,3
"SMedMarF",16274,0,0,"sierranevada",12,3
"Shrub",3805,0,0,"sierranevada",12,3
"WaterSurf",246,0,0,"sierranevada",12,3
"AlpConF",173796,0,0,"sierranevada",12,4
"AlpScrGr",631177,86,0.01,"sierranevada",12,4
"AridScr",774,6,0.78,"sierranevada",12,4
"ArtSurf",8799,6,0.07,"sierranevada",12,4
"BareArea",50,0,0,"sierranevada",12,4
"Crop",1432,5,0.35,"sierranevada",12,4
"Grass",77900,19,0.02,"sierranevada",12,4
"HaloVeg",90,0,0,"sierranevada",12,4
"HydroRipVeg",1448,3,0.21,"sierranevada",12,4
"MedConF",2985,1,0.03,"sierranevada",12,4
"MedSclF",38437,8,0.02,"sierranevada",12,4
"MedScrub",110663,114,0.1,"sierranevada",12,4
"Reforestation",29226,3,0.01,"sierranevada",12,4
"RipF",2930,2,0.07,"sierranevada",12,4
"RockScreeVeg",99121,31,0.03,"sierranevada",12,4
"SMedMarF",16274,1,0.01,"sierranevada",12,4
"Shrub",3805,0,0,"sierranevada",12,4
"WaterSurf",246,0,0,"sierranevada",12,4
"AlpConF",173796,496,0.29,"sierranevada",12,5
"AlpScrGr",631177,18638,2.95,"sierranevada",12,5
"AridScr",774,200,25.84,"sierranevada",12,5
"ArtSurf",8799,294,3.34,"sierranevada",12,5
"BareArea",50,3,6,"sierranevada",12,5
"Crop",1432,281,19.62,"sierranevada",12,5
"Grass",77900,4859,6.24,"sierranevada",12,5
"HaloVeg",90,26,28.89,"sierranevada",12,5
"HydroRipVeg",1448,150,10.36,"sierranevada",12,5
"MedConF",2985,0,0,"sierranevada",12,5
"MedSclF",38437,3400,8.85,"sierranevada",12,5
"MedScrub",110663,13571,12.26,"sierranevada",12,5
"Reforestation",29226,217,0.74,"sierranevada",12,5
"RipF",2930,188,6.42,"sierranevada",12,5
"RockScreeVeg",99121,3514,3.55,"sierranevada",12,5
"SMedMarF",16274,366,2.25,"sierranevada",12,5
"Shrub",3805,128,3.36,"sierranevada",12,5
"WaterSurf",246,0,0,"sierranevada",12,5
"AlpConF",173796,6332,3.64,"sierranevada",12,6
"AlpScrGr",631177,145874,23.11,"sierranevada",12,6
"AridScr",774,517,66.8,"sierranevada",12,6
"ArtSurf",8799,1529,17.38,"sierranevada",12,6
"BareArea",50,7,14,"sierranevada",12,6
"Crop",1432,760,53.07,"sierranevada",12,6
"Grass",77900,18606,23.88,"sierranevada",12,6
"HaloVeg",90,47,52.22,"sierranevada",12,6
"HydroRipVeg",1448,713,49.24,"sierranevada",12,6
"MedConF",2985,264,8.84,"sierranevada",12,6
"MedSclF",38437,22179,57.7,"sierranevada",12,6
"MedScrub",110663,41908,37.87,"sierranevada",12,6
"Reforestation",29226,1659,5.68,"sierranevada",12,6
"RipF",2930,865,29.52,"sierranevada",12,6
"RockScreeVeg",99121,9884,9.97,"sierranevada",12,6
"SMedMarF",16274,5031,30.91,"sierranevada",12,6
"Shrub",3805,1080,28.38,"sierranevada",12,6
"WaterSurf",246,1,0.41,"sierranevada",12,6
"AlpConF",173796,71343,41.05,"sierranevada",12,7
"AlpScrGr",631181,343318,54.39,"sierranevada",12,7
"AridScr",774,574,74.16,"sierranevada",12,7
"ArtSurf",8799,2749,31.24,"sierranevada",12,7
"BareArea",50,19,38,"sierranevada",12,7
"Crop",1432,1004,70.11,"sierranevada",12,7
"Grass",77900,40916,52.52,"sierranevada",12,7
"HaloVeg",90,60,66.67,"sierranevada",12,7
"HydroRipVeg",1448,1106,76.38,"sierranevada",12,7
"MedConF",2985,1044,34.97,"sierranevada",12,7
"MedSclF",38437,34722,90.33,"sierranevada",12,7
"MedScrub",110663,76499,69.13,"sierranevada",12,7
"Reforestation",29226,7123,24.37,"sierranevada",12,7
"RipF",2930,1849,63.11,"sierranevada",12,7
"RockScreeVeg",99121,16282,16.43,"sierranevada",12,7
"SMedMarF",16274,11889,73.06,"sierranevada",12,7
"Shrub",3805,2980,78.32,"sierranevada",12,7
"WaterSurf",246,11,4.47,"sierranevada",12,7
"AlpConF",173796,98249,56.53,"sierranevada",12,8
"AlpScrGr",631178,419256,66.42,"sierranevada",12,8
"AridScr",774,565,73,"sierranevada",12,8
"ArtSurf",8799,2728,31,"sierranevada",12,8
"BareArea",50,30,60,"sierranevada",12,8
"Crop",1432,932,65.08,"sierranevada",12,8
"Grass",77900,51239,65.78,"sierranevada",12,8
"HaloVeg",90,47,52.22,"sierranevada",12,8
"HydroRipVeg",1448,1183,81.7,"sierranevada",12,8
"MedConF",2985,1956,65.53,"sierranevada",12,8
"MedSclF",38437,36039,93.76,"sierranevada",12,8
"MedScrub",110663,80400,72.65,"sierranevada",12,8
"Reforestation",29226,8555,29.27,"sierranevada",12,8
"RipF",2930,2298,78.43,"sierranevada",12,8
"RockScreeVeg",99121,42689,43.07,"sierranevada",12,8
"SMedMarF",16274,14842,91.2,"sierranevada",12,8
"Shrub",3805,3017,79.29,"sierranevada",12,8
"WaterSurf",246,62,25.2,"sierranevada",12,8
"AlpConF",173796,4480,2.58,"sierranevada",12,9
"AlpScrGr",631177,121695,19.28,"sierranevada",12,9
"AridScr",774,274,35.4,"sierranevada",12,9
"ArtSurf",8799,677,7.69,"sierranevada",12,9
"BareArea",50,15,30,"sierranevada",12,9
"Crop",1432,599,41.83,"sierranevada",12,9
"Grass",77900,11191,14.37,"sierranevada",12,9
"HaloVeg",90,22,24.44,"sierranevada",12,9
"HydroRipVeg",1448,551,38.05,"sierranevada",12,9
"MedConF",2985,454,15.21,"sierranevada",12,9
"MedSclF",38437,15663,40.75,"sierranevada",12,9
"MedScrub",110663,23015,20.8,"sierranevada",12,9
"Reforestation",29226,1304,4.46,"sierranevada",12,9
"RipF",2930,460,15.7,"sierranevada",12,9
"RockScreeVeg",99121,12747,12.86,"sierranevada",12,9
"SMedMarF",16274,1453,8.93,"sierranevada",12,9
"Shrub",3805,743,19.53,"sierranevada",12,9
"WaterSurf",246,39,15.85,"sierranevada",12,9
"AlpConF",173796,534,0.31,"sierranevada",12,10
"AlpScrGr",631178,43493,6.89,"sierranevada",12,10
"AridScr",774,88,11.37,"sierranevada",12,10
"ArtSurf",8799,225,2.56,"sierranevada",12,10
"BareArea",50,3,6,"sierranevada",12,10
"Crop",1432,370,25.84,"sierranevada",12,10
"Grass",77900,4722,6.06,"sierranevada",12,10
"HaloVeg",90,18,20,"sierranevada",12,10
"HydroRipVeg",1448,200,13.81,"sierranevada",12,10
"MedConF",2985,128,4.29,"sierranevada",12,10
"MedSclF",38437,5433,14.13,"sierranevada",12,10
"MedScrub",110663,9359,8.46,"sierranevada",12,10
"Reforestation",29226,768,2.63,"sierranevada",12,10
"RipF",2930,211,7.2,"sierranevada",12,10
"RockScreeVeg",99121,2490,2.51,"sierranevada",12,10
"SMedMarF",16274,1006,6.18,"sierranevada",12,10
"Shrub",3805,245,6.44,"sierranevada",12,10
"WaterSurf",246,5,2.03,"sierranevada",12,10
"AlpConF",173794,0,0,"sierranevada",12,11
"AlpScrGr",631149,0,0,"sierranevada",12,11
"AridScr",772,0,0,"sierranevada",12,11
"ArtSurf",8799,0,0,"sierranevada",12,11
"BareArea",50,0,0,"sierranevada",12,11
"Crop",1432,0,0,"sierranevada",12,11
"Grass",77897,0,0,"sierranevada",12,11
"HaloVeg",90,0,0,"sierranevada",12,11
"HydroRipVeg",1448,0,0,"sierranevada",12,11
"MedConF",2985,0,0,"sierranevada",12,11
"MedSclF",38428,0,0,"sierranevada",12,11
"MedScrub",110657,0,0,"sierranevada",12,11
"Reforestation",29224,0,0,"sierranevada",12,11
"RipF",2930,0,0,"sierranevada",12,11
"RockScreeVeg",99119,0,0,"sierranevada",12,11
"SMedMarF",16274,0,0,"sierranevada",12,11
"Shrub",3805,0,0,"sierranevada",12,11
"WaterSurf",246,0,0,"sierranevada",12,11
"AlpConF",173767,0,0,"sierranevada",12,12
"AlpScrGr",631026,0,0,"sierranevada",12,12
"AridScr",763,0,0,"sierranevada",12,12
"ArtSurf",8799,0,0,"sierranevada",12,12
"BareArea",50,0,0,"sierranevada",12,12
"Crop",1432,0,0,"sierranevada",12,12
"Grass",77879,0,0,"sierranevada",12,12
"HaloVeg",90,0,0,"sierranevada",12,12
"HydroRipVeg",1442,0,0,"sierranevada",12,12
"MedConF",2985,0,0,"sierranevada",12,12
"MedSclF",38375,0,0,"sierranevada",12,12
"MedScrub",110617,0,0,"sierranevada",12,12
"Reforestation",29221,0,0,"sierranevada",12,12
"RipF",2928,0,0,"sierranevada",12,12
"RockScreeVeg",99098,0,0,"sierranevada",12,12
"SMedMarF",16272,0,0,"sierranevada",12,12
"Shrub",3805,0,0,"sierranevada",12,12
"WaterSurf",246,0,0,"sierranevada",12,12
