"Id_SNVeg","n_total","n_sig","prop_sig","parque","escala","mes"
"AlpConF",47119,0,0,"aiguestortes",1,1
"AlpScrGr",90179,0,0,"aiguestortes",1,1
"Grass",649,0,0,"aiguestortes",1,1
"HydroRipVeg",599,0,0,"aiguestortes",1,1
"RipF",223,0,0,"aiguestortes",1,1
"RockScreeVeg",60305,0,0,"aiguestortes",1,1
"Shrub",528,0,0,"aiguestortes",1,1
"TempDecF",913,0,0,"aiguestortes",1,1
"WaterSurf",4432,0,0,"aiguestortes",1,1
"AlpConF",47129,1,0,"aiguestortes",1,2
"AlpScrGr",90472,27,0.03,"aiguestortes",1,2
"Grass",647,0,0,"aiguestortes",1,2
"HydroRipVeg",599,0,0,"aiguestortes",1,2
"RipF",223,0,0,"aiguestortes",1,2
"RockScreeVeg",60535,21,0.03,"aiguestortes",1,2
"Shrub",528,0,0,"aiguestortes",1,2
"TempDecF",913,0,0,"aiguestortes",1,2
"WaterSurf",4432,0,0,"aiguestortes",1,2
"AlpConF",47131,0,0,"aiguestortes",1,3
"AlpScrGr",90046,0,0,"aiguestortes",1,3
"Grass",650,0,0,"aiguestortes",1,3
"HydroRipVeg",599,0,0,"aiguestortes",1,3
"RipF",223,0,0,"aiguestortes",1,3
"RockScreeVeg",59792,0,0,"aiguestortes",1,3
"Shrub",528,0,0,"aiguestortes",1,3
"TempDecF",913,0,0,"aiguestortes",1,3
"WaterSurf",4426,0,0,"aiguestortes",1,3
"AlpConF",47129,0,0,"aiguestortes",1,4
"AlpScrGr",89976,0,0,"aiguestortes",1,4
"Grass",650,0,0,"aiguestortes",1,4
"HydroRipVeg",599,0,0,"aiguestortes",1,4
"RipF",223,0,0,"aiguestortes",1,4
"RockScreeVeg",59380,0,0,"aiguestortes",1,4
"Shrub",528,0,0,"aiguestortes",1,4
"TempDecF",913,0,0,"aiguestortes",1,4
"WaterSurf",4420,0,0,"aiguestortes",1,4
"AlpConF",47125,0,0,"aiguestortes",1,5
"AlpScrGr",89502,0,0,"aiguestortes",1,5
"Grass",650,0,0,"aiguestortes",1,5
"HydroRipVeg",599,0,0,"aiguestortes",1,5
"RipF",223,0,0,"aiguestortes",1,5
"RockScreeVeg",58338,0,0,"aiguestortes",1,5
"Shrub",528,0,0,"aiguestortes",1,5
"TempDecF",913,0,0,"aiguestortes",1,5
"WaterSurf",4420,0,0,"aiguestortes",1,5
"AlpConF",47156,0,0,"aiguestortes",1,6
"AlpScrGr",89985,0,0,"aiguestortes",1,6
"Grass",650,0,0,"aiguestortes",1,6
"HydroRipVeg",599,0,0,"aiguestortes",1,6
"RipF",223,0,0,"aiguestortes",1,6
"RockScreeVeg",59389,0,0,"aiguestortes",1,6
"Shrub",528,0,0,"aiguestortes",1,6
"TempDecF",913,0,0,"aiguestortes",1,6
"WaterSurf",4420,0,0,"aiguestortes",1,6
"AlpConF",47156,0,0,"aiguestortes",1,7
"AlpScrGr",90194,0,0,"aiguestortes",1,7
"Grass",650,0,0,"aiguestortes",1,7
"HydroRipVeg",599,0,0,"aiguestortes",1,7
"RipF",223,0,0,"aiguestortes",1,7
"RockScreeVeg",59993,0,0,"aiguestortes",1,7
"Shrub",528,0,0,"aiguestortes",1,7
"TempDecF",913,0,0,"aiguestortes",1,7
"WaterSurf",4420,0,0,"aiguestortes",1,7
"AlpConF",47156,0,0,"aiguestortes",1,8
"AlpScrGr",90902,0,0,"aiguestortes",1,8
"Grass",650,0,0,"aiguestortes",1,8
"HydroRipVeg",599,0,0,"aiguestortes",1,8
"RipF",223,0,0,"aiguestortes",1,8
"RockScreeVeg",61591,0,0,"aiguestortes",1,8
"Shrub",528,0,0,"aiguestortes",1,8
"TempDecF",913,0,0,"aiguestortes",1,8
"WaterSurf",4420,0,0,"aiguestortes",1,8
"AlpConF",47133,0,0,"aiguestortes",1,9
"AlpScrGr",91031,0,0,"aiguestortes",1,9
"Grass",650,0,0,"aiguestortes",1,9
"HydroRipVeg",599,0,0,"aiguestortes",1,9
"RipF",223,0,0,"aiguestortes",1,9
"RockScreeVeg",61732,0,0,"aiguestortes",1,9
"Shrub",528,0,0,"aiguestortes",1,9
"TempDecF",913,0,0,"aiguestortes",1,9
"WaterSurf",4423,0,0,"aiguestortes",1,9
"AlpConF",47131,0,0,"aiguestortes",1,10
"AlpScrGr",90476,0,0,"aiguestortes",1,10
"Grass",650,0,0,"aiguestortes",1,10
"HydroRipVeg",599,0,0,"aiguestortes",1,10
"RipF",223,0,0,"aiguestortes",1,10
"RockScreeVeg",60534,0,0,"aiguestortes",1,10
"Shrub",528,0,0,"aiguestortes",1,10
"TempDecF",913,0,0,"aiguestortes",1,10
"WaterSurf",4420,0,0,"aiguestortes",1,10
"AlpConF",47073,2,0,"aiguestortes",1,11
"AlpScrGr",89988,88,0.1,"aiguestortes",1,11
"Grass",648,0,0,"aiguestortes",1,11
"HydroRipVeg",599,0,0,"aiguestortes",1,11
"RipF",223,0,0,"aiguestortes",1,11
"RockScreeVeg",59406,85,0.14,"aiguestortes",1,11
"Shrub",528,0,0,"aiguestortes",1,11
"TempDecF",913,0,0,"aiguestortes",1,11
"WaterSurf",4420,8,0.18,"aiguestortes",1,11
"AlpConF",46858,0,0,"aiguestortes",1,12
"AlpScrGr",89999,0,0,"aiguestortes",1,12
"Grass",643,0,0,"aiguestortes",1,12
"HydroRipVeg",599,0,0,"aiguestortes",1,12
"RipF",223,0,0,"aiguestortes",1,12
"RockScreeVeg",59577,0,0,"aiguestortes",1,12
"Shrub",528,0,0,"aiguestortes",1,12
"TempDecF",904,0,0,"aiguestortes",1,12
"WaterSurf",4422,0,0,"aiguestortes",1,12
"AlpConF",47119,0,0,"aiguestortes",3,1
"AlpScrGr",90179,0,0,"aiguestortes",3,1
"Grass",649,0,0,"aiguestortes",3,1
"HydroRipVeg",599,0,0,"aiguestortes",3,1
"RipF",223,0,0,"aiguestortes",3,1
"RockScreeVeg",60305,0,0,"aiguestortes",3,1
"Shrub",528,0,0,"aiguestortes",3,1
"TempDecF",913,0,0,"aiguestortes",3,1
"WaterSurf",4432,0,0,"aiguestortes",3,1
"AlpConF",47129,3,0.01,"aiguestortes",3,2
"AlpScrGr",90472,143,0.16,"aiguestortes",3,2
"Grass",647,0,0,"aiguestortes",3,2
"HydroRipVeg",599,0,0,"aiguestortes",3,2
"RipF",223,0,0,"aiguestortes",3,2
"RockScreeVeg",60535,66,0.11,"aiguestortes",3,2
"Shrub",528,0,0,"aiguestortes",3,2
"TempDecF",913,0,0,"aiguestortes",3,2
"WaterSurf",4432,1,0.02,"aiguestortes",3,2
"AlpConF",47131,0,0,"aiguestortes",3,3
"AlpScrGr",90046,0,0,"aiguestortes",3,3
"Grass",650,0,0,"aiguestortes",3,3
"HydroRipVeg",599,0,0,"aiguestortes",3,3
"RipF",223,0,0,"aiguestortes",3,3
"RockScreeVeg",59792,0,0,"aiguestortes",3,3
"Shrub",528,0,0,"aiguestortes",3,3
"TempDecF",913,0,0,"aiguestortes",3,3
"WaterSurf",4426,0,0,"aiguestortes",3,3
"AlpConF",47129,0,0,"aiguestortes",3,4
"AlpScrGr",89976,0,0,"aiguestortes",3,4
"Grass",650,0,0,"aiguestortes",3,4
"HydroRipVeg",599,0,0,"aiguestortes",3,4
"RipF",223,0,0,"aiguestortes",3,4
"RockScreeVeg",59380,0,0,"aiguestortes",3,4
"Shrub",528,0,0,"aiguestortes",3,4
"TempDecF",913,0,0,"aiguestortes",3,4
"WaterSurf",4420,0,0,"aiguestortes",3,4
"AlpConF",47125,0,0,"aiguestortes",3,5
"AlpScrGr",89502,9,0.01,"aiguestortes",3,5
"Grass",650,0,0,"aiguestortes",3,5
"HydroRipVeg",599,0,0,"aiguestortes",3,5
"RipF",223,0,0,"aiguestortes",3,5
"RockScreeVeg",58338,1,0,"aiguestortes",3,5
"Shrub",528,0,0,"aiguestortes",3,5
"TempDecF",913,0,0,"aiguestortes",3,5
"WaterSurf",4420,0,0,"aiguestortes",3,5
"AlpConF",47156,0,0,"aiguestortes",3,6
"AlpScrGr",89985,0,0,"aiguestortes",3,6
"Grass",650,0,0,"aiguestortes",3,6
"HydroRipVeg",599,0,0,"aiguestortes",3,6
"RipF",223,0,0,"aiguestortes",3,6
"RockScreeVeg",59389,0,0,"aiguestortes",3,6
"Shrub",528,0,0,"aiguestortes",3,6
"TempDecF",913,0,0,"aiguestortes",3,6
"WaterSurf",4420,0,0,"aiguestortes",3,6
"AlpConF",47156,0,0,"aiguestortes",3,7
"AlpScrGr",90194,0,0,"aiguestortes",3,7
"Grass",650,0,0,"aiguestortes",3,7
"HydroRipVeg",599,0,0,"aiguestortes",3,7
"RipF",223,0,0,"aiguestortes",3,7
"RockScreeVeg",59993,0,0,"aiguestortes",3,7
"Shrub",528,0,0,"aiguestortes",3,7
"TempDecF",913,0,0,"aiguestortes",3,7
"WaterSurf",4420,0,0,"aiguestortes",3,7
"AlpConF",47156,4431,9.4,"aiguestortes",3,8
"AlpScrGr",90902,13122,14.44,"aiguestortes",3,8
"Grass",650,244,37.54,"aiguestortes",3,8
"HydroRipVeg",599,98,16.36,"aiguestortes",3,8
"RipF",223,7,3.14,"aiguestortes",3,8
"RockScreeVeg",61591,10399,16.88,"aiguestortes",3,8
"Shrub",528,48,9.09,"aiguestortes",3,8
"TempDecF",913,39,4.27,"aiguestortes",3,8
"WaterSurf",4420,508,11.49,"aiguestortes",3,8
"AlpConF",47133,0,0,"aiguestortes",3,9
"AlpScrGr",91031,0,0,"aiguestortes",3,9
"Grass",650,0,0,"aiguestortes",3,9
"HydroRipVeg",599,0,0,"aiguestortes",3,9
"RipF",223,0,0,"aiguestortes",3,9
"RockScreeVeg",61732,0,0,"aiguestortes",3,9
"Shrub",528,0,0,"aiguestortes",3,9
"TempDecF",913,0,0,"aiguestortes",3,9
"WaterSurf",4423,0,0,"aiguestortes",3,9
"AlpConF",47131,0,0,"aiguestortes",3,10
"AlpScrGr",90476,0,0,"aiguestortes",3,10
"Grass",650,0,0,"aiguestortes",3,10
"HydroRipVeg",599,0,0,"aiguestortes",3,10
"RipF",223,0,0,"aiguestortes",3,10
"RockScreeVeg",60534,0,0,"aiguestortes",3,10
"Shrub",528,0,0,"aiguestortes",3,10
"TempDecF",913,0,0,"aiguestortes",3,10
"WaterSurf",4420,0,0,"aiguestortes",3,10
"AlpConF",47073,0,0,"aiguestortes",3,11
"AlpScrGr",89988,0,0,"aiguestortes",3,11
"Grass",648,0,0,"aiguestortes",3,11
"HydroRipVeg",599,0,0,"aiguestortes",3,11
"RipF",223,0,0,"aiguestortes",3,11
"RockScreeVeg",59406,0,0,"aiguestortes",3,11
"Shrub",528,0,0,"aiguestortes",3,11
"TempDecF",913,0,0,"aiguestortes",3,11
"WaterSurf",4420,0,0,"aiguestortes",3,11
"AlpConF",46858,0,0,"aiguestortes",3,12
"AlpScrGr",89999,0,0,"aiguestortes",3,12
"Grass",643,0,0,"aiguestortes",3,12
"HydroRipVeg",599,0,0,"aiguestortes",3,12
"RipF",223,0,0,"aiguestortes",3,12
"RockScreeVeg",59577,0,0,"aiguestortes",3,12
"Shrub",528,0,0,"aiguestortes",3,12
"TempDecF",904,0,0,"aiguestortes",3,12
"WaterSurf",4422,0,0,"aiguestortes",3,12
"AlpConF",47119,0,0,"aiguestortes",6,1
"AlpScrGr",90179,14,0.02,"aiguestortes",6,1
"Grass",649,0,0,"aiguestortes",6,1
"HydroRipVeg",599,0,0,"aiguestortes",6,1
"RipF",223,0,0,"aiguestortes",6,1
"RockScreeVeg",60305,8,0.01,"aiguestortes",6,1
"Shrub",528,0,0,"aiguestortes",6,1
"TempDecF",913,0,0,"aiguestortes",6,1
"WaterSurf",4432,1,0.02,"aiguestortes",6,1
"AlpConF",47129,0,0,"aiguestortes",6,2
"AlpScrGr",90472,0,0,"aiguestortes",6,2
"Grass",647,0,0,"aiguestortes",6,2
"HydroRipVeg",599,0,0,"aiguestortes",6,2
"RipF",223,0,0,"aiguestortes",6,2
"RockScreeVeg",60535,0,0,"aiguestortes",6,2
"Shrub",528,0,0,"aiguestortes",6,2
"TempDecF",913,0,0,"aiguestortes",6,2
"WaterSurf",4432,0,0,"aiguestortes",6,2
"AlpConF",47131,0,0,"aiguestortes",6,3
"AlpScrGr",90046,0,0,"aiguestortes",6,3
"Grass",650,0,0,"aiguestortes",6,3
"HydroRipVeg",599,0,0,"aiguestortes",6,3
"RipF",223,0,0,"aiguestortes",6,3
"RockScreeVeg",59792,0,0,"aiguestortes",6,3
"Shrub",528,0,0,"aiguestortes",6,3
"TempDecF",913,0,0,"aiguestortes",6,3
"WaterSurf",4426,0,0,"aiguestortes",6,3
"AlpConF",47129,0,0,"aiguestortes",6,4
"AlpScrGr",89976,0,0,"aiguestortes",6,4
"Grass",650,0,0,"aiguestortes",6,4
"HydroRipVeg",599,0,0,"aiguestortes",6,4
"RipF",223,0,0,"aiguestortes",6,4
"RockScreeVeg",59380,0,0,"aiguestortes",6,4
"Shrub",528,0,0,"aiguestortes",6,4
"TempDecF",913,0,0,"aiguestortes",6,4
"WaterSurf",4420,0,0,"aiguestortes",6,4
"AlpConF",47125,0,0,"aiguestortes",6,5
"AlpScrGr",89502,0,0,"aiguestortes",6,5
"Grass",650,0,0,"aiguestortes",6,5
"HydroRipVeg",599,0,0,"aiguestortes",6,5
"RipF",223,0,0,"aiguestortes",6,5
"RockScreeVeg",58338,0,0,"aiguestortes",6,5
"Shrub",528,0,0,"aiguestortes",6,5
"TempDecF",913,0,0,"aiguestortes",6,5
"WaterSurf",4420,0,0,"aiguestortes",6,5
"AlpConF",47156,6,0.01,"aiguestortes",6,6
"AlpScrGr",89985,5,0.01,"aiguestortes",6,6
"Grass",650,0,0,"aiguestortes",6,6
"HydroRipVeg",599,0,0,"aiguestortes",6,6
"RipF",223,0,0,"aiguestortes",6,6
"RockScreeVeg",59389,19,0.03,"aiguestortes",6,6
"Shrub",528,0,0,"aiguestortes",6,6
"TempDecF",913,0,0,"aiguestortes",6,6
"WaterSurf",4420,1,0.02,"aiguestortes",6,6
"AlpConF",47156,0,0,"aiguestortes",6,7
"AlpScrGr",90194,0,0,"aiguestortes",6,7
"Grass",650,0,0,"aiguestortes",6,7
"HydroRipVeg",599,0,0,"aiguestortes",6,7
"RipF",223,0,0,"aiguestortes",6,7
"RockScreeVeg",59993,0,0,"aiguestortes",6,7
"Shrub",528,0,0,"aiguestortes",6,7
"TempDecF",913,0,0,"aiguestortes",6,7
"WaterSurf",4420,0,0,"aiguestortes",6,7
"AlpConF",47156,2,0,"aiguestortes",6,8
"AlpScrGr",90902,6,0.01,"aiguestortes",6,8
"Grass",650,0,0,"aiguestortes",6,8
"HydroRipVeg",599,0,0,"aiguestortes",6,8
"RipF",223,0,0,"aiguestortes",6,8
"RockScreeVeg",61591,15,0.02,"aiguestortes",6,8
"Shrub",528,0,0,"aiguestortes",6,8
"TempDecF",913,0,0,"aiguestortes",6,8
"WaterSurf",4420,2,0.05,"aiguestortes",6,8
"AlpConF",47133,0,0,"aiguestortes",6,9
"AlpScrGr",91031,4,0,"aiguestortes",6,9
"Grass",650,0,0,"aiguestortes",6,9
"HydroRipVeg",599,0,0,"aiguestortes",6,9
"RipF",223,0,0,"aiguestortes",6,9
"RockScreeVeg",61732,2,0,"aiguestortes",6,9
"Shrub",528,0,0,"aiguestortes",6,9
"TempDecF",913,0,0,"aiguestortes",6,9
"WaterSurf",4423,0,0,"aiguestortes",6,9
"AlpConF",47131,0,0,"aiguestortes",6,10
"AlpScrGr",90476,0,0,"aiguestortes",6,10
"Grass",650,0,0,"aiguestortes",6,10
"HydroRipVeg",599,0,0,"aiguestortes",6,10
"RipF",223,0,0,"aiguestortes",6,10
"RockScreeVeg",60534,0,0,"aiguestortes",6,10
"Shrub",528,0,0,"aiguestortes",6,10
"TempDecF",913,0,0,"aiguestortes",6,10
"WaterSurf",4420,0,0,"aiguestortes",6,10
"AlpConF",47073,0,0,"aiguestortes",6,11
"AlpScrGr",89988,0,0,"aiguestortes",6,11
"Grass",648,0,0,"aiguestortes",6,11
"HydroRipVeg",599,0,0,"aiguestortes",6,11
"RipF",223,0,0,"aiguestortes",6,11
"RockScreeVeg",59406,0,0,"aiguestortes",6,11
"Shrub",528,0,0,"aiguestortes",6,11
"TempDecF",913,0,0,"aiguestortes",6,11
"WaterSurf",4420,0,0,"aiguestortes",6,11
"AlpConF",46858,0,0,"aiguestortes",6,12
"AlpScrGr",89999,8,0.01,"aiguestortes",6,12
"Grass",643,0,0,"aiguestortes",6,12
"HydroRipVeg",599,0,0,"aiguestortes",6,12
"RipF",223,0,0,"aiguestortes",6,12
"RockScreeVeg",59577,0,0,"aiguestortes",6,12
"Shrub",528,0,0,"aiguestortes",6,12
"TempDecF",904,0,0,"aiguestortes",6,12
"WaterSurf",4422,0,0,"aiguestortes",6,12
"AlpConF",47119,0,0,"aiguestortes",9,1
"AlpScrGr",90179,15,0.02,"aiguestortes",9,1
"Grass",649,0,0,"aiguestortes",9,1
"HydroRipVeg",599,0,0,"aiguestortes",9,1
"RipF",223,0,0,"aiguestortes",9,1
"RockScreeVeg",60305,20,0.03,"aiguestortes",9,1
"Shrub",528,0,0,"aiguestortes",9,1
"TempDecF",913,0,0,"aiguestortes",9,1
"WaterSurf",4432,1,0.02,"aiguestortes",9,1
"AlpConF",47129,0,0,"aiguestortes",9,2
"AlpScrGr",90472,0,0,"aiguestortes",9,2
"Grass",647,0,0,"aiguestortes",9,2
"HydroRipVeg",599,0,0,"aiguestortes",9,2
"RipF",223,0,0,"aiguestortes",9,2
"RockScreeVeg",60535,0,0,"aiguestortes",9,2
"Shrub",528,0,0,"aiguestortes",9,2
"TempDecF",913,0,0,"aiguestortes",9,2
"WaterSurf",4432,0,0,"aiguestortes",9,2
"AlpConF",47131,0,0,"aiguestortes",9,3
"AlpScrGr",90046,0,0,"aiguestortes",9,3
"Grass",650,0,0,"aiguestortes",9,3
"HydroRipVeg",599,0,0,"aiguestortes",9,3
"RipF",223,0,0,"aiguestortes",9,3
"RockScreeVeg",59792,0,0,"aiguestortes",9,3
"Shrub",528,0,0,"aiguestortes",9,3
"TempDecF",913,0,0,"aiguestortes",9,3
"WaterSurf",4426,0,0,"aiguestortes",9,3
"AlpConF",47129,0,0,"aiguestortes",9,4
"AlpScrGr",89976,0,0,"aiguestortes",9,4
"Grass",650,0,0,"aiguestortes",9,4
"HydroRipVeg",599,0,0,"aiguestortes",9,4
"RipF",223,0,0,"aiguestortes",9,4
"RockScreeVeg",59380,0,0,"aiguestortes",9,4
"Shrub",528,0,0,"aiguestortes",9,4
"TempDecF",913,0,0,"aiguestortes",9,4
"WaterSurf",4420,0,0,"aiguestortes",9,4
"AlpConF",47125,0,0,"aiguestortes",9,5
"AlpScrGr",89502,0,0,"aiguestortes",9,5
"Grass",650,0,0,"aiguestortes",9,5
"HydroRipVeg",599,0,0,"aiguestortes",9,5
"RipF",223,0,0,"aiguestortes",9,5
"RockScreeVeg",58338,0,0,"aiguestortes",9,5
"Shrub",528,0,0,"aiguestortes",9,5
"TempDecF",913,0,0,"aiguestortes",9,5
"WaterSurf",4420,0,0,"aiguestortes",9,5
"AlpConF",47156,0,0,"aiguestortes",9,6
"AlpScrGr",89985,0,0,"aiguestortes",9,6
"Grass",650,0,0,"aiguestortes",9,6
"HydroRipVeg",599,0,0,"aiguestortes",9,6
"RipF",223,0,0,"aiguestortes",9,6
"RockScreeVeg",59389,0,0,"aiguestortes",9,6
"Shrub",528,0,0,"aiguestortes",9,6
"TempDecF",913,0,0,"aiguestortes",9,6
"WaterSurf",4420,0,0,"aiguestortes",9,6
"AlpConF",47156,0,0,"aiguestortes",9,7
"AlpScrGr",90194,0,0,"aiguestortes",9,7
"Grass",650,0,0,"aiguestortes",9,7
"HydroRipVeg",599,0,0,"aiguestortes",9,7
"RipF",223,0,0,"aiguestortes",9,7
"RockScreeVeg",59993,0,0,"aiguestortes",9,7
"Shrub",528,0,0,"aiguestortes",9,7
"TempDecF",913,0,0,"aiguestortes",9,7
"WaterSurf",4420,0,0,"aiguestortes",9,7
"AlpConF",47156,1,0,"aiguestortes",9,8
"AlpScrGr",90902,1,0,"aiguestortes",9,8
"Grass",650,0,0,"aiguestortes",9,8
"HydroRipVeg",599,0,0,"aiguestortes",9,8
"RipF",223,0,0,"aiguestortes",9,8
"RockScreeVeg",61591,6,0.01,"aiguestortes",9,8
"Shrub",528,0,0,"aiguestortes",9,8
"TempDecF",913,0,0,"aiguestortes",9,8
"WaterSurf",4420,0,0,"aiguestortes",9,8
"AlpConF",47133,0,0,"aiguestortes",9,9
"AlpScrGr",91031,0,0,"aiguestortes",9,9
"Grass",650,0,0,"aiguestortes",9,9
"HydroRipVeg",599,0,0,"aiguestortes",9,9
"RipF",223,0,0,"aiguestortes",9,9
"RockScreeVeg",61732,0,0,"aiguestortes",9,9
"Shrub",528,0,0,"aiguestortes",9,9
"TempDecF",913,0,0,"aiguestortes",9,9
"WaterSurf",4423,0,0,"aiguestortes",9,9
"AlpConF",47131,0,0,"aiguestortes",9,10
"AlpScrGr",90476,0,0,"aiguestortes",9,10
"Grass",650,0,0,"aiguestortes",9,10
"HydroRipVeg",599,0,0,"aiguestortes",9,10
"RipF",223,0,0,"aiguestortes",9,10
"RockScreeVeg",60534,0,0,"aiguestortes",9,10
"Shrub",528,0,0,"aiguestortes",9,10
"TempDecF",913,0,0,"aiguestortes",9,10
"WaterSurf",4420,0,0,"aiguestortes",9,10
"AlpConF",47073,0,0,"aiguestortes",9,11
"AlpScrGr",89988,0,0,"aiguestortes",9,11
"Grass",648,0,0,"aiguestortes",9,11
"HydroRipVeg",599,0,0,"aiguestortes",9,11
"RipF",223,0,0,"aiguestortes",9,11
"RockScreeVeg",59406,0,0,"aiguestortes",9,11
"Shrub",528,0,0,"aiguestortes",9,11
"TempDecF",913,0,0,"aiguestortes",9,11
"WaterSurf",4420,0,0,"aiguestortes",9,11
"AlpConF",46858,0,0,"aiguestortes",9,12
"AlpScrGr",89999,17,0.02,"aiguestortes",9,12
"Grass",643,0,0,"aiguestortes",9,12
"HydroRipVeg",599,0,0,"aiguestortes",9,12
"RipF",223,0,0,"aiguestortes",9,12
"RockScreeVeg",59577,11,0.02,"aiguestortes",9,12
"Shrub",528,0,0,"aiguestortes",9,12
"TempDecF",904,0,0,"aiguestortes",9,12
"WaterSurf",4422,0,0,"aiguestortes",9,12
"AlpConF",47119,0,0,"aiguestortes",12,1
"AlpScrGr",90179,2,0,"aiguestortes",12,1
"Grass",649,0,0,"aiguestortes",12,1
"HydroRipVeg",599,0,0,"aiguestortes",12,1
"RipF",223,0,0,"aiguestortes",12,1
"RockScreeVeg",60305,4,0.01,"aiguestortes",12,1
"Shrub",528,0,0,"aiguestortes",12,1
"TempDecF",913,0,0,"aiguestortes",12,1
"WaterSurf",4432,0,0,"aiguestortes",12,1
"AlpConF",47129,0,0,"aiguestortes",12,2
"AlpScrGr",90472,0,0,"aiguestortes",12,2
"Grass",647,0,0,"aiguestortes",12,2
"HydroRipVeg",599,0,0,"aiguestortes",12,2
"RipF",223,0,0,"aiguestortes",12,2
"RockScreeVeg",60535,0,0,"aiguestortes",12,2
"Shrub",528,0,0,"aiguestortes",12,2
"TempDecF",913,0,0,"aiguestortes",12,2
"WaterSurf",4432,0,0,"aiguestortes",12,2
"AlpConF",47131,0,0,"aiguestortes",12,3
"AlpScrGr",90046,0,0,"aiguestortes",12,3
"Grass",650,0,0,"aiguestortes",12,3
"HydroRipVeg",599,0,0,"aiguestortes",12,3
"RipF",223,0,0,"aiguestortes",12,3
"RockScreeVeg",59792,0,0,"aiguestortes",12,3
"Shrub",528,0,0,"aiguestortes",12,3
"TempDecF",913,0,0,"aiguestortes",12,3
"WaterSurf",4426,0,0,"aiguestortes",12,3
"AlpConF",47129,0,0,"aiguestortes",12,4
"AlpScrGr",89976,0,0,"aiguestortes",12,4
"Grass",650,0,0,"aiguestortes",12,4
"HydroRipVeg",599,0,0,"aiguestortes",12,4
"RipF",223,0,0,"aiguestortes",12,4
"RockScreeVeg",59380,0,0,"aiguestortes",12,4
"Shrub",528,0,0,"aiguestortes",12,4
"TempDecF",913,0,0,"aiguestortes",12,4
"WaterSurf",4420,0,0,"aiguestortes",12,4
"AlpConF",47125,0,0,"aiguestortes",12,5
"AlpScrGr",89502,0,0,"aiguestortes",12,5
"Grass",650,0,0,"aiguestortes",12,5
"HydroRipVeg",599,0,0,"aiguestortes",12,5
"RipF",223,0,0,"aiguestortes",12,5
"RockScreeVeg",58338,0,0,"aiguestortes",12,5
"Shrub",528,0,0,"aiguestortes",12,5
"TempDecF",913,0,0,"aiguestortes",12,5
"WaterSurf",4420,0,0,"aiguestortes",12,5
"AlpConF",47156,0,0,"aiguestortes",12,6
"AlpScrGr",89985,0,0,"aiguestortes",12,6
"Grass",650,0,0,"aiguestortes",12,6
"HydroRipVeg",599,0,0,"aiguestortes",12,6
"RipF",223,0,0,"aiguestortes",12,6
"RockScreeVeg",59389,0,0,"aiguestortes",12,6
"Shrub",528,0,0,"aiguestortes",12,6
"TempDecF",913,0,0,"aiguestortes",12,6
"WaterSurf",4420,0,0,"aiguestortes",12,6
"AlpConF",47156,0,0,"aiguestortes",12,7
"AlpScrGr",90194,1,0,"aiguestortes",12,7
"Grass",650,0,0,"aiguestortes",12,7
"HydroRipVeg",599,0,0,"aiguestortes",12,7
"RipF",223,0,0,"aiguestortes",12,7
"RockScreeVeg",59993,0,0,"aiguestortes",12,7
"Shrub",528,0,0,"aiguestortes",12,7
"TempDecF",913,0,0,"aiguestortes",12,7
"WaterSurf",4420,0,0,"aiguestortes",12,7
"AlpConF",47156,126,0.27,"aiguestortes",12,8
"AlpScrGr",90902,437,0.48,"aiguestortes",12,8
"Grass",650,6,0.92,"aiguestortes",12,8
"HydroRipVeg",599,5,0.83,"aiguestortes",12,8
"RipF",223,0,0,"aiguestortes",12,8
"RockScreeVeg",61591,521,0.85,"aiguestortes",12,8
"Shrub",528,2,0.38,"aiguestortes",12,8
"TempDecF",913,7,0.77,"aiguestortes",12,8
"WaterSurf",4420,32,0.72,"aiguestortes",12,8
"AlpConF",47133,0,0,"aiguestortes",12,9
"AlpScrGr",91031,0,0,"aiguestortes",12,9
"Grass",650,0,0,"aiguestortes",12,9
"HydroRipVeg",599,0,0,"aiguestortes",12,9
"RipF",223,0,0,"aiguestortes",12,9
"RockScreeVeg",61732,0,0,"aiguestortes",12,9
"Shrub",528,0,0,"aiguestortes",12,9
"TempDecF",913,0,0,"aiguestortes",12,9
"WaterSurf",4423,0,0,"aiguestortes",12,9
"AlpConF",47131,0,0,"aiguestortes",12,10
"AlpScrGr",90476,0,0,"aiguestortes",12,10
"Grass",650,0,0,"aiguestortes",12,10
"HydroRipVeg",599,0,0,"aiguestortes",12,10
"RipF",223,0,0,"aiguestortes",12,10
"RockScreeVeg",60534,0,0,"aiguestortes",12,10
"Shrub",528,0,0,"aiguestortes",12,10
"TempDecF",913,0,0,"aiguestortes",12,10
"WaterSurf",4420,0,0,"aiguestortes",12,10
"AlpConF",47073,0,0,"aiguestortes",12,11
"AlpScrGr",89988,0,0,"aiguestortes",12,11
"Grass",648,0,0,"aiguestortes",12,11
"HydroRipVeg",599,0,0,"aiguestortes",12,11
"RipF",223,0,0,"aiguestortes",12,11
"RockScreeVeg",59406,0,0,"aiguestortes",12,11
"Shrub",528,0,0,"aiguestortes",12,11
"TempDecF",913,0,0,"aiguestortes",12,11
"WaterSurf",4420,0,0,"aiguestortes",12,11
"AlpConF",46858,0,0,"aiguestortes",12,12
"AlpScrGr",89999,0,0,"aiguestortes",12,12
"Grass",643,0,0,"aiguestortes",12,12
"HydroRipVeg",599,0,0,"aiguestortes",12,12
"RipF",223,0,0,"aiguestortes",12,12
"RockScreeVeg",59577,0,0,"aiguestortes",12,12
"Shrub",528,0,0,"aiguestortes",12,12
"TempDecF",904,0,0,"aiguestortes",12,12
"WaterSurf",4422,0,0,"aiguestortes",12,12
"ArtSurf",7418,0,0,"cabaneros",1,1
"Crop",2473,0,0,"cabaneros",1,1
"Dehesa",36272,0,0,"cabaneros",1,1
"Grass",52784,0,0,"cabaneros",1,1
"HydroRipVeg",554,0,0,"cabaneros",1,1
"MedConF",35896,0,0,"cabaneros",1,1
"MedSclF",158690,0,0,"cabaneros",1,1
"MedScrub",187005,0,0,"cabaneros",1,1
"Reforestation",57,0,0,"cabaneros",1,1
"RipF",4764,0,0,"cabaneros",1,1
"RockScreeVeg",11067,0,0,"cabaneros",1,1
"SMedMarF",69447,0,0,"cabaneros",1,1
"Shrub",21978,0,0,"cabaneros",1,1
"WaterSurf",177,0,0,"cabaneros",1,1
"ArtSurf",7418,0,0,"cabaneros",1,2
"Crop",2473,0,0,"cabaneros",1,2
"Dehesa",36272,0,0,"cabaneros",1,2
"Grass",52784,0,0,"cabaneros",1,2
"HydroRipVeg",554,0,0,"cabaneros",1,2
"MedConF",35896,0,0,"cabaneros",1,2
"MedSclF",158690,0,0,"cabaneros",1,2
"MedScrub",187005,0,0,"cabaneros",1,2
"Reforestation",57,0,0,"cabaneros",1,2
"RipF",4764,0,0,"cabaneros",1,2
"RockScreeVeg",11067,0,0,"cabaneros",1,2
"SMedMarF",69447,0,0,"cabaneros",1,2
"Shrub",21978,0,0,"cabaneros",1,2
"WaterSurf",177,0,0,"cabaneros",1,2
"ArtSurf",7418,0,0,"cabaneros",1,3
"Crop",2473,0,0,"cabaneros",1,3
"Dehesa",36272,0,0,"cabaneros",1,3
"Grass",52784,0,0,"cabaneros",1,3
"HydroRipVeg",554,0,0,"cabaneros",1,3
"MedConF",35896,0,0,"cabaneros",1,3
"MedSclF",158690,0,0,"cabaneros",1,3
"MedScrub",187005,0,0,"cabaneros",1,3
"Reforestation",57,0,0,"cabaneros",1,3
"RipF",4764,0,0,"cabaneros",1,3
"RockScreeVeg",11067,0,0,"cabaneros",1,3
"SMedMarF",69447,0,0,"cabaneros",1,3
"Shrub",21978,0,0,"cabaneros",1,3
"WaterSurf",177,0,0,"cabaneros",1,3
"ArtSurf",7418,0,0,"cabaneros",1,4
"Crop",2473,0,0,"cabaneros",1,4
"Dehesa",36272,0,0,"cabaneros",1,4
"Grass",52784,0,0,"cabaneros",1,4
"HydroRipVeg",554,0,0,"cabaneros",1,4
"MedConF",35896,0,0,"cabaneros",1,4
"MedSclF",158690,0,0,"cabaneros",1,4
"MedScrub",187005,0,0,"cabaneros",1,4
"Reforestation",57,0,0,"cabaneros",1,4
"RipF",4764,0,0,"cabaneros",1,4
"RockScreeVeg",11067,0,0,"cabaneros",1,4
"SMedMarF",69447,0,0,"cabaneros",1,4
"Shrub",21978,0,0,"cabaneros",1,4
"WaterSurf",177,0,0,"cabaneros",1,4
"ArtSurf",7418,151,2.04,"cabaneros",1,5
"Crop",2473,268,10.84,"cabaneros",1,5
"Dehesa",36272,3403,9.38,"cabaneros",1,5
"Grass",52784,4695,8.89,"cabaneros",1,5
"HydroRipVeg",554,9,1.62,"cabaneros",1,5
"MedConF",35896,35,0.1,"cabaneros",1,5
"MedSclF",158690,1448,0.91,"cabaneros",1,5
"MedScrub",187005,2508,1.34,"cabaneros",1,5
"Reforestation",57,0,0,"cabaneros",1,5
"RipF",4764,21,0.44,"cabaneros",1,5
"RockScreeVeg",11067,91,0.82,"cabaneros",1,5
"SMedMarF",69447,188,0.27,"cabaneros",1,5
"Shrub",21978,188,0.86,"cabaneros",1,5
"WaterSurf",177,0,0,"cabaneros",1,5
"ArtSurf",7418,0,0,"cabaneros",1,6
"Crop",2473,0,0,"cabaneros",1,6
"Dehesa",36272,0,0,"cabaneros",1,6
"Grass",52784,0,0,"cabaneros",1,6
"HydroRipVeg",554,0,0,"cabaneros",1,6
"MedConF",35896,0,0,"cabaneros",1,6
"MedSclF",158690,0,0,"cabaneros",1,6
"MedScrub",187005,0,0,"cabaneros",1,6
"Reforestation",57,0,0,"cabaneros",1,6
"RipF",4764,0,0,"cabaneros",1,6
"RockScreeVeg",11067,0,0,"cabaneros",1,6
"SMedMarF",69447,0,0,"cabaneros",1,6
"Shrub",21978,0,0,"cabaneros",1,6
"WaterSurf",177,0,0,"cabaneros",1,6
"ArtSurf",7418,0,0,"cabaneros",1,7
"Crop",2473,0,0,"cabaneros",1,7
"Dehesa",36272,0,0,"cabaneros",1,7
"Grass",52784,0,0,"cabaneros",1,7
"HydroRipVeg",554,0,0,"cabaneros",1,7
"MedConF",35896,0,0,"cabaneros",1,7
"MedSclF",158690,0,0,"cabaneros",1,7
"MedScrub",187005,0,0,"cabaneros",1,7
"Reforestation",57,0,0,"cabaneros",1,7
"RipF",4764,0,0,"cabaneros",1,7
"RockScreeVeg",11067,0,0,"cabaneros",1,7
"SMedMarF",69447,0,0,"cabaneros",1,7
"Shrub",21978,0,0,"cabaneros",1,7
"WaterSurf",177,0,0,"cabaneros",1,7
"ArtSurf",7418,419,5.65,"cabaneros",1,8
"Crop",2473,3,0.12,"cabaneros",1,8
"Dehesa",36272,123,0.34,"cabaneros",1,8
"Grass",52784,53,0.1,"cabaneros",1,8
"HydroRipVeg",554,5,0.9,"cabaneros",1,8
"MedConF",35896,12275,34.2,"cabaneros",1,8
"MedSclF",158690,4227,2.66,"cabaneros",1,8
"MedScrub",187005,10850,5.8,"cabaneros",1,8
"Reforestation",57,2,3.51,"cabaneros",1,8
"RipF",4764,138,2.9,"cabaneros",1,8
"RockScreeVeg",11067,182,1.64,"cabaneros",1,8
"SMedMarF",69447,1725,2.48,"cabaneros",1,8
"Shrub",21978,599,2.73,"cabaneros",1,8
"WaterSurf",177,4,2.26,"cabaneros",1,8
"ArtSurf",7418,0,0,"cabaneros",1,9
"Crop",2473,0,0,"cabaneros",1,9
"Dehesa",36272,0,0,"cabaneros",1,9
"Grass",52784,0,0,"cabaneros",1,9
"HydroRipVeg",554,0,0,"cabaneros",1,9
"MedConF",35896,0,0,"cabaneros",1,9
"MedSclF",158690,0,0,"cabaneros",1,9
"MedScrub",187005,0,0,"cabaneros",1,9
"Reforestation",57,0,0,"cabaneros",1,9
"RipF",4764,0,0,"cabaneros",1,9
"RockScreeVeg",11067,0,0,"cabaneros",1,9
"SMedMarF",69447,0,0,"cabaneros",1,9
"Shrub",21978,0,0,"cabaneros",1,9
"WaterSurf",177,0,0,"cabaneros",1,9
"ArtSurf",7418,0,0,"cabaneros",1,10
"Crop",2473,0,0,"cabaneros",1,10
"Dehesa",36272,0,0,"cabaneros",1,10
"Grass",52784,0,0,"cabaneros",1,10
"HydroRipVeg",554,0,0,"cabaneros",1,10
"MedConF",35896,0,0,"cabaneros",1,10
"MedSclF",158690,0,0,"cabaneros",1,10
"MedScrub",187005,0,0,"cabaneros",1,10
"Reforestation",57,0,0,"cabaneros",1,10
"RipF",4764,0,0,"cabaneros",1,10
"RockScreeVeg",11067,0,0,"cabaneros",1,10
"SMedMarF",69447,0,0,"cabaneros",1,10
"Shrub",21978,0,0,"cabaneros",1,10
"WaterSurf",177,0,0,"cabaneros",1,10
"ArtSurf",7418,0,0,"cabaneros",1,11
"Crop",2473,0,0,"cabaneros",1,11
"Dehesa",36272,0,0,"cabaneros",1,11
"Grass",52784,0,0,"cabaneros",1,11
"HydroRipVeg",554,0,0,"cabaneros",1,11
"MedConF",35896,0,0,"cabaneros",1,11
"MedSclF",158690,0,0,"cabaneros",1,11
"MedScrub",187005,0,0,"cabaneros",1,11
"Reforestation",57,0,0,"cabaneros",1,11
"RipF",4764,0,0,"cabaneros",1,11
"RockScreeVeg",11067,0,0,"cabaneros",1,11
"SMedMarF",69447,0,0,"cabaneros",1,11
"Shrub",21978,0,0,"cabaneros",1,11
"WaterSurf",177,0,0,"cabaneros",1,11
"ArtSurf",7418,0,0,"cabaneros",1,12
"Crop",2473,0,0,"cabaneros",1,12
"Dehesa",36272,0,0,"cabaneros",1,12
"Grass",52784,0,0,"cabaneros",1,12
"HydroRipVeg",554,0,0,"cabaneros",1,12
"MedConF",35896,0,0,"cabaneros",1,12
"MedSclF",158688,0,0,"cabaneros",1,12
"MedScrub",187005,0,0,"cabaneros",1,12
"Reforestation",57,0,0,"cabaneros",1,12
"RipF",4764,0,0,"cabaneros",1,12
"RockScreeVeg",11067,0,0,"cabaneros",1,12
"SMedMarF",69447,0,0,"cabaneros",1,12
"Shrub",21978,0,0,"cabaneros",1,12
"WaterSurf",177,0,0,"cabaneros",1,12
"ArtSurf",7418,0,0,"cabaneros",3,1
"Crop",2473,0,0,"cabaneros",3,1
"Dehesa",36272,0,0,"cabaneros",3,1
"Grass",52784,0,0,"cabaneros",3,1
"HydroRipVeg",554,0,0,"cabaneros",3,1
"MedConF",35896,0,0,"cabaneros",3,1
"MedSclF",158690,0,0,"cabaneros",3,1
"MedScrub",187005,0,0,"cabaneros",3,1
"Reforestation",57,0,0,"cabaneros",3,1
"RipF",4764,0,0,"cabaneros",3,1
"RockScreeVeg",11067,0,0,"cabaneros",3,1
"SMedMarF",69447,0,0,"cabaneros",3,1
"Shrub",21978,0,0,"cabaneros",3,1
"WaterSurf",177,0,0,"cabaneros",3,1
"ArtSurf",7418,0,0,"cabaneros",3,2
"Crop",2473,0,0,"cabaneros",3,2
"Dehesa",36272,0,0,"cabaneros",3,2
"Grass",52784,0,0,"cabaneros",3,2
"HydroRipVeg",554,0,0,"cabaneros",3,2
"MedConF",35896,0,0,"cabaneros",3,2
"MedSclF",158690,0,0,"cabaneros",3,2
"MedScrub",187005,0,0,"cabaneros",3,2
"Reforestation",57,0,0,"cabaneros",3,2
"RipF",4764,0,0,"cabaneros",3,2
"RockScreeVeg",11067,0,0,"cabaneros",3,2
"SMedMarF",69447,0,0,"cabaneros",3,2
"Shrub",21978,0,0,"cabaneros",3,2
"WaterSurf",177,0,0,"cabaneros",3,2
"ArtSurf",7418,0,0,"cabaneros",3,3
"Crop",2473,0,0,"cabaneros",3,3
"Dehesa",36272,0,0,"cabaneros",3,3
"Grass",52784,0,0,"cabaneros",3,3
"HydroRipVeg",554,0,0,"cabaneros",3,3
"MedConF",35896,0,0,"cabaneros",3,3
"MedSclF",158690,0,0,"cabaneros",3,3
"MedScrub",187005,0,0,"cabaneros",3,3
"Reforestation",57,0,0,"cabaneros",3,3
"RipF",4764,0,0,"cabaneros",3,3
"RockScreeVeg",11067,0,0,"cabaneros",3,3
"SMedMarF",69447,0,0,"cabaneros",3,3
"Shrub",21978,0,0,"cabaneros",3,3
"WaterSurf",177,0,0,"cabaneros",3,3
"ArtSurf",7418,0,0,"cabaneros",3,4
"Crop",2473,0,0,"cabaneros",3,4
"Dehesa",36272,0,0,"cabaneros",3,4
"Grass",52784,0,0,"cabaneros",3,4
"HydroRipVeg",554,0,0,"cabaneros",3,4
"MedConF",35896,0,0,"cabaneros",3,4
"MedSclF",158690,0,0,"cabaneros",3,4
"MedScrub",187005,0,0,"cabaneros",3,4
"Reforestation",57,0,0,"cabaneros",3,4
"RipF",4764,0,0,"cabaneros",3,4
"RockScreeVeg",11067,0,0,"cabaneros",3,4
"SMedMarF",69447,0,0,"cabaneros",3,4
"Shrub",21978,0,0,"cabaneros",3,4
"WaterSurf",177,0,0,"cabaneros",3,4
"ArtSurf",7418,1401,18.89,"cabaneros",3,5
"Crop",2473,1948,78.77,"cabaneros",3,5
"Dehesa",36272,22683,62.54,"cabaneros",3,5
"Grass",52784,45942,87.04,"cabaneros",3,5
"HydroRipVeg",554,107,19.31,"cabaneros",3,5
"MedConF",35896,249,0.69,"cabaneros",3,5
"MedSclF",158690,13067,8.23,"cabaneros",3,5
"MedScrub",187005,32403,17.33,"cabaneros",3,5
"Reforestation",57,10,17.54,"cabaneros",3,5
"RipF",4764,589,12.36,"cabaneros",3,5
"RockScreeVeg",11067,1234,11.15,"cabaneros",3,5
"SMedMarF",69447,3880,5.59,"cabaneros",3,5
"Shrub",21978,2209,10.05,"cabaneros",3,5
"WaterSurf",177,29,16.38,"cabaneros",3,5
"ArtSurf",7418,2382,32.11,"cabaneros",3,6
"Crop",2473,2026,81.92,"cabaneros",3,6
"Dehesa",36272,21520,59.33,"cabaneros",3,6
"Grass",52784,42535,80.58,"cabaneros",3,6
"HydroRipVeg",554,208,37.55,"cabaneros",3,6
"MedConF",35896,569,1.59,"cabaneros",3,6
"MedSclF",158690,55743,35.13,"cabaneros",3,6
"MedScrub",187005,86546,46.28,"cabaneros",3,6
"Reforestation",57,1,1.75,"cabaneros",3,6
"RipF",4764,1553,32.6,"cabaneros",3,6
"RockScreeVeg",11067,1512,13.66,"cabaneros",3,6
"SMedMarF",69447,15803,22.76,"cabaneros",3,6
"Shrub",21978,8979,40.85,"cabaneros",3,6
"WaterSurf",177,25,14.12,"cabaneros",3,6
"ArtSurf",7418,1913,25.79,"cabaneros",3,7
"Crop",2473,924,37.36,"cabaneros",3,7
"Dehesa",36272,9170,25.28,"cabaneros",3,7
"Grass",52784,19010,36.01,"cabaneros",3,7
"HydroRipVeg",554,133,24.01,"cabaneros",3,7
"MedConF",35896,1381,3.85,"cabaneros",3,7
"MedSclF",158690,34602,21.8,"cabaneros",3,7
"MedScrub",187005,85146,45.53,"cabaneros",3,7
"Reforestation",57,8,14.04,"cabaneros",3,7
"RipF",4764,774,16.25,"cabaneros",3,7
"RockScreeVeg",11067,1034,9.34,"cabaneros",3,7
"SMedMarF",69447,9486,13.66,"cabaneros",3,7
"Shrub",21978,6669,30.34,"cabaneros",3,7
"WaterSurf",177,14,7.91,"cabaneros",3,7
"ArtSurf",7418,0,0,"cabaneros",3,8
"Crop",2473,0,0,"cabaneros",3,8
"Dehesa",36272,0,0,"cabaneros",3,8
"Grass",52784,0,0,"cabaneros",3,8
"HydroRipVeg",554,0,0,"cabaneros",3,8
"MedConF",35896,1,0,"cabaneros",3,8
"MedSclF",158690,2,0,"cabaneros",3,8
"MedScrub",187005,38,0.02,"cabaneros",3,8
"Reforestation",57,0,0,"cabaneros",3,8
"RipF",4764,0,0,"cabaneros",3,8
"RockScreeVeg",11067,0,0,"cabaneros",3,8
"SMedMarF",69447,4,0.01,"cabaneros",3,8
"Shrub",21978,0,0,"cabaneros",3,8
"WaterSurf",177,0,0,"cabaneros",3,8
"ArtSurf",7418,376,5.07,"cabaneros",3,9
"Crop",2473,10,0.4,"cabaneros",3,9
"Dehesa",36272,234,0.65,"cabaneros",3,9
"Grass",52784,56,0.11,"cabaneros",3,9
"HydroRipVeg",554,9,1.62,"cabaneros",3,9
"MedConF",35896,21919,61.06,"cabaneros",3,9
"MedSclF",158690,5318,3.35,"cabaneros",3,9
"MedScrub",187005,10192,5.45,"cabaneros",3,9
"Reforestation",57,0,0,"cabaneros",3,9
"RipF",4764,297,6.23,"cabaneros",3,9
"RockScreeVeg",11067,264,2.39,"cabaneros",3,9
"SMedMarF",69447,3677,5.29,"cabaneros",3,9
"Shrub",21978,342,1.56,"cabaneros",3,9
"WaterSurf",177,9,5.08,"cabaneros",3,9
"ArtSurf",7418,282,3.8,"cabaneros",3,10
"Crop",2473,20,0.81,"cabaneros",3,10
"Dehesa",36272,351,0.97,"cabaneros",3,10
"Grass",52784,286,0.54,"cabaneros",3,10
"HydroRipVeg",554,36,6.5,"cabaneros",3,10
"MedConF",35896,4852,13.52,"cabaneros",3,10
"MedSclF",158690,2338,1.47,"cabaneros",3,10
"MedScrub",187005,8735,4.67,"cabaneros",3,10
"Reforestation",57,0,0,"cabaneros",3,10
"RipF",4764,176,3.69,"cabaneros",3,10
"RockScreeVeg",11067,159,1.44,"cabaneros",3,10
"SMedMarF",69447,718,1.03,"cabaneros",3,10
"Shrub",21978,194,0.88,"cabaneros",3,10
"WaterSurf",177,5,2.82,"cabaneros",3,10
"ArtSurf",7418,0,0,"cabaneros",3,11
"Crop",2473,0,0,"cabaneros",3,11
"Dehesa",36272,0,0,"cabaneros",3,11
"Grass",52784,0,0,"cabaneros",3,11
"HydroRipVeg",554,0,0,"cabaneros",3,11
"MedConF",35896,0,0,"cabaneros",3,11
"MedSclF",158690,0,0,"cabaneros",3,11
"MedScrub",187005,0,0,"cabaneros",3,11
"Reforestation",57,0,0,"cabaneros",3,11
"RipF",4764,0,0,"cabaneros",3,11
"RockScreeVeg",11067,0,0,"cabaneros",3,11
"SMedMarF",69447,0,0,"cabaneros",3,11
"Shrub",21978,0,0,"cabaneros",3,11
"WaterSurf",177,0,0,"cabaneros",3,11
"ArtSurf",7418,0,0,"cabaneros",3,12
"Crop",2473,0,0,"cabaneros",3,12
"Dehesa",36272,0,0,"cabaneros",3,12
"Grass",52784,0,0,"cabaneros",3,12
"HydroRipVeg",554,0,0,"cabaneros",3,12
"MedConF",35896,0,0,"cabaneros",3,12
"MedSclF",158688,0,0,"cabaneros",3,12
"MedScrub",187005,0,0,"cabaneros",3,12
"Reforestation",57,0,0,"cabaneros",3,12
"RipF",4764,0,0,"cabaneros",3,12
"RockScreeVeg",11067,0,0,"cabaneros",3,12
"SMedMarF",69447,0,0,"cabaneros",3,12
"Shrub",21978,0,0,"cabaneros",3,12
"WaterSurf",177,0,0,"cabaneros",3,12
"ArtSurf",7418,0,0,"cabaneros",6,1
"Crop",2473,0,0,"cabaneros",6,1
"Dehesa",36272,0,0,"cabaneros",6,1
"Grass",52784,0,0,"cabaneros",6,1
"HydroRipVeg",554,0,0,"cabaneros",6,1
"MedConF",35896,0,0,"cabaneros",6,1
"MedSclF",158690,0,0,"cabaneros",6,1
"MedScrub",187005,0,0,"cabaneros",6,1
"Reforestation",57,0,0,"cabaneros",6,1
"RipF",4764,0,0,"cabaneros",6,1
"RockScreeVeg",11067,0,0,"cabaneros",6,1
"SMedMarF",69447,0,0,"cabaneros",6,1
"Shrub",21978,0,0,"cabaneros",6,1
"WaterSurf",177,0,0,"cabaneros",6,1
"ArtSurf",7418,0,0,"cabaneros",6,2
"Crop",2473,0,0,"cabaneros",6,2
"Dehesa",36272,0,0,"cabaneros",6,2
"Grass",52784,0,0,"cabaneros",6,2
"HydroRipVeg",554,0,0,"cabaneros",6,2
"MedConF",35896,0,0,"cabaneros",6,2
"MedSclF",158690,0,0,"cabaneros",6,2
"MedScrub",187005,0,0,"cabaneros",6,2
"Reforestation",57,0,0,"cabaneros",6,2
"RipF",4764,0,0,"cabaneros",6,2
"RockScreeVeg",11067,0,0,"cabaneros",6,2
"SMedMarF",69447,0,0,"cabaneros",6,2
"Shrub",21978,0,0,"cabaneros",6,2
"WaterSurf",177,0,0,"cabaneros",6,2
"ArtSurf",7418,0,0,"cabaneros",6,3
"Crop",2473,0,0,"cabaneros",6,3
"Dehesa",36272,0,0,"cabaneros",6,3
"Grass",52784,0,0,"cabaneros",6,3
"HydroRipVeg",554,0,0,"cabaneros",6,3
"MedConF",35896,0,0,"cabaneros",6,3
"MedSclF",158690,0,0,"cabaneros",6,3
"MedScrub",187005,0,0,"cabaneros",6,3
"Reforestation",57,0,0,"cabaneros",6,3
"RipF",4764,0,0,"cabaneros",6,3
"RockScreeVeg",11067,0,0,"cabaneros",6,3
"SMedMarF",69447,0,0,"cabaneros",6,3
"Shrub",21978,0,0,"cabaneros",6,3
"WaterSurf",177,0,0,"cabaneros",6,3
"ArtSurf",7418,0,0,"cabaneros",6,4
"Crop",2473,0,0,"cabaneros",6,4
"Dehesa",36272,0,0,"cabaneros",6,4
"Grass",52784,0,0,"cabaneros",6,4
"HydroRipVeg",554,0,0,"cabaneros",6,4
"MedConF",35896,0,0,"cabaneros",6,4
"MedSclF",158690,0,0,"cabaneros",6,4
"MedScrub",187005,0,0,"cabaneros",6,4
"Reforestation",57,0,0,"cabaneros",6,4
"RipF",4764,0,0,"cabaneros",6,4
"RockScreeVeg",11067,0,0,"cabaneros",6,4
"SMedMarF",69447,0,0,"cabaneros",6,4
"Shrub",21978,0,0,"cabaneros",6,4
"WaterSurf",177,0,0,"cabaneros",6,4
"ArtSurf",7418,414,5.58,"cabaneros",6,5
"Crop",2473,1486,60.09,"cabaneros",6,5
"Dehesa",36272,16561,45.66,"cabaneros",6,5
"Grass",52784,31782,60.21,"cabaneros",6,5
"HydroRipVeg",554,18,3.25,"cabaneros",6,5
"MedConF",35896,119,0.33,"cabaneros",6,5
"MedSclF",158690,3110,1.96,"cabaneros",6,5
"MedScrub",187005,5949,3.18,"cabaneros",6,5
"Reforestation",57,1,1.75,"cabaneros",6,5
"RipF",4764,137,2.88,"cabaneros",6,5
"RockScreeVeg",11067,262,2.37,"cabaneros",6,5
"SMedMarF",69447,797,1.15,"cabaneros",6,5
"Shrub",21978,892,4.06,"cabaneros",6,5
"WaterSurf",177,5,2.82,"cabaneros",6,5
"ArtSurf",7418,1732,23.35,"cabaneros",6,6
"Crop",2473,2231,90.21,"cabaneros",6,6
"Dehesa",36272,22069,60.84,"cabaneros",6,6
"Grass",52784,41594,78.8,"cabaneros",6,6
"HydroRipVeg",554,132,23.83,"cabaneros",6,6
"MedConF",35896,509,1.42,"cabaneros",6,6
"MedSclF",158690,46535,29.32,"cabaneros",6,6
"MedScrub",187005,63068,33.73,"cabaneros",6,6
"Reforestation",57,5,8.77,"cabaneros",6,6
"RipF",4764,908,19.06,"cabaneros",6,6
"RockScreeVeg",11067,950,8.58,"cabaneros",6,6
"SMedMarF",69447,11623,16.74,"cabaneros",6,6
"Shrub",21978,7929,36.08,"cabaneros",6,6
"WaterSurf",177,34,19.21,"cabaneros",6,6
"ArtSurf",7418,1481,19.96,"cabaneros",6,7
"Crop",2473,1622,65.59,"cabaneros",6,7
"Dehesa",36272,13076,36.05,"cabaneros",6,7
"Grass",52784,26761,50.7,"cabaneros",6,7
"HydroRipVeg",554,137,24.73,"cabaneros",6,7
"MedConF",35896,702,1.96,"cabaneros",6,7
"MedSclF",158690,41241,25.99,"cabaneros",6,7
"MedScrub",187005,57976,31,"cabaneros",6,7
"Reforestation",57,25,43.86,"cabaneros",6,7
"RipF",4764,738,15.49,"cabaneros",6,7
"RockScreeVeg",11067,645,5.83,"cabaneros",6,7
"SMedMarF",69447,9466,13.63,"cabaneros",6,7
"Shrub",21978,6898,31.39,"cabaneros",6,7
"WaterSurf",177,32,18.08,"cabaneros",6,7
"ArtSurf",7418,4222,56.92,"cabaneros",6,8
"Crop",2473,2192,88.64,"cabaneros",6,8
"Dehesa",36272,21738,59.93,"cabaneros",6,8
"Grass",52784,40203,76.17,"cabaneros",6,8
"HydroRipVeg",554,241,43.5,"cabaneros",6,8
"MedConF",35896,5696,15.87,"cabaneros",6,8
"MedSclF",158690,76879,48.45,"cabaneros",6,8
"MedScrub",187005,129338,69.16,"cabaneros",6,8
"Reforestation",57,23,40.35,"cabaneros",6,8
"RipF",4764,1194,25.06,"cabaneros",6,8
"RockScreeVeg",11067,3246,29.33,"cabaneros",6,8
"SMedMarF",69447,21163,30.47,"cabaneros",6,8
"Shrub",21978,13668,62.19,"cabaneros",6,8
"WaterSurf",177,49,27.68,"cabaneros",6,8
"ArtSurf",7418,117,1.58,"cabaneros",6,9
"Crop",2473,25,1.01,"cabaneros",6,9
"Dehesa",36272,321,0.88,"cabaneros",6,9
"Grass",52784,676,1.28,"cabaneros",6,9
"HydroRipVeg",554,3,0.54,"cabaneros",6,9
"MedConF",35896,4535,12.63,"cabaneros",6,9
"MedSclF",158690,2262,1.43,"cabaneros",6,9
"MedScrub",187005,3901,2.09,"cabaneros",6,9
"Reforestation",57,0,0,"cabaneros",6,9
"RipF",4764,149,3.13,"cabaneros",6,9
"RockScreeVeg",11067,76,0.69,"cabaneros",6,9
"SMedMarF",69447,1286,1.85,"cabaneros",6,9
"Shrub",21978,346,1.57,"cabaneros",6,9
"WaterSurf",177,3,1.69,"cabaneros",6,9
"ArtSurf",7418,672,9.06,"cabaneros",6,10
"Crop",2473,18,0.73,"cabaneros",6,10
"Dehesa",36272,451,1.24,"cabaneros",6,10
"Grass",52784,671,1.27,"cabaneros",6,10
"HydroRipVeg",554,71,12.82,"cabaneros",6,10
"MedConF",35896,5856,16.31,"cabaneros",6,10
"MedSclF",158690,9279,5.85,"cabaneros",6,10
"MedScrub",187005,22125,11.83,"cabaneros",6,10
"Reforestation",57,0,0,"cabaneros",6,10
"RipF",4764,425,8.92,"cabaneros",6,10
"RockScreeVeg",11067,567,5.12,"cabaneros",6,10
"SMedMarF",69447,2472,3.56,"cabaneros",6,10
"Shrub",21978,677,3.08,"cabaneros",6,10
"WaterSurf",177,9,5.08,"cabaneros",6,10
"ArtSurf",7418,0,0,"cabaneros",6,11
"Crop",2473,0,0,"cabaneros",6,11
"Dehesa",36272,0,0,"cabaneros",6,11
"Grass",52784,0,0,"cabaneros",6,11
"HydroRipVeg",554,0,0,"cabaneros",6,11
"MedConF",35896,0,0,"cabaneros",6,11
"MedSclF",158690,0,0,"cabaneros",6,11
"MedScrub",187005,0,0,"cabaneros",6,11
"Reforestation",57,0,0,"cabaneros",6,11
"RipF",4764,0,0,"cabaneros",6,11
"RockScreeVeg",11067,0,0,"cabaneros",6,11
"SMedMarF",69447,0,0,"cabaneros",6,11
"Shrub",21978,0,0,"cabaneros",6,11
"WaterSurf",177,0,0,"cabaneros",6,11
"ArtSurf",7418,6,0.08,"cabaneros",6,12
"Crop",2473,0,0,"cabaneros",6,12
"Dehesa",36272,1,0,"cabaneros",6,12
"Grass",52784,1,0,"cabaneros",6,12
"HydroRipVeg",554,1,0.18,"cabaneros",6,12
"MedConF",35896,668,1.86,"cabaneros",6,12
"MedSclF",158688,14,0.01,"cabaneros",6,12
"MedScrub",187005,80,0.04,"cabaneros",6,12
"Reforestation",57,0,0,"cabaneros",6,12
"RipF",4764,0,0,"cabaneros",6,12
"RockScreeVeg",11067,2,0.02,"cabaneros",6,12
"SMedMarF",69447,4,0.01,"cabaneros",6,12
"Shrub",21978,0,0,"cabaneros",6,12
"WaterSurf",177,0,0,"cabaneros",6,12
"ArtSurf",7418,0,0,"cabaneros",9,1
"Crop",2473,0,0,"cabaneros",9,1
"Dehesa",36272,0,0,"cabaneros",9,1
"Grass",52784,0,0,"cabaneros",9,1
"HydroRipVeg",554,0,0,"cabaneros",9,1
"MedConF",35896,0,0,"cabaneros",9,1
"MedSclF",158690,0,0,"cabaneros",9,1
"MedScrub",187005,0,0,"cabaneros",9,1
"Reforestation",57,0,0,"cabaneros",9,1
"RipF",4764,0,0,"cabaneros",9,1
"RockScreeVeg",11067,0,0,"cabaneros",9,1
"SMedMarF",69447,0,0,"cabaneros",9,1
"Shrub",21978,0,0,"cabaneros",9,1
"WaterSurf",177,0,0,"cabaneros",9,1
"ArtSurf",7418,0,0,"cabaneros",9,2
"Crop",2473,0,0,"cabaneros",9,2
"Dehesa",36272,0,0,"cabaneros",9,2
"Grass",52784,0,0,"cabaneros",9,2
"HydroRipVeg",554,0,0,"cabaneros",9,2
"MedConF",35896,0,0,"cabaneros",9,2
"MedSclF",158690,0,0,"cabaneros",9,2
"MedScrub",187005,0,0,"cabaneros",9,2
"Reforestation",57,0,0,"cabaneros",9,2
"RipF",4764,0,0,"cabaneros",9,2
"RockScreeVeg",11067,0,0,"cabaneros",9,2
"SMedMarF",69447,0,0,"cabaneros",9,2
"Shrub",21978,0,0,"cabaneros",9,2
"WaterSurf",177,0,0,"cabaneros",9,2
"ArtSurf",7418,5,0.07,"cabaneros",9,3
"Crop",2473,0,0,"cabaneros",9,3
"Dehesa",36272,0,0,"cabaneros",9,3
"Grass",52784,0,0,"cabaneros",9,3
"HydroRipVeg",554,0,0,"cabaneros",9,3
"MedConF",35896,194,0.54,"cabaneros",9,3
"MedSclF",158690,0,0,"cabaneros",9,3
"MedScrub",187005,1,0,"cabaneros",9,3
"Reforestation",57,0,0,"cabaneros",9,3
"RipF",4764,0,0,"cabaneros",9,3
"RockScreeVeg",11067,0,0,"cabaneros",9,3
"SMedMarF",69447,1,0,"cabaneros",9,3
"Shrub",21978,0,0,"cabaneros",9,3
"WaterSurf",177,0,0,"cabaneros",9,3
"ArtSurf",7418,0,0,"cabaneros",9,4
"Crop",2473,0,0,"cabaneros",9,4
"Dehesa",36272,0,0,"cabaneros",9,4
"Grass",52784,0,0,"cabaneros",9,4
"HydroRipVeg",554,0,0,"cabaneros",9,4
"MedConF",35896,0,0,"cabaneros",9,4
"MedSclF",158690,0,0,"cabaneros",9,4
"MedScrub",187005,0,0,"cabaneros",9,4
"Reforestation",57,0,0,"cabaneros",9,4
"RipF",4764,0,0,"cabaneros",9,4
"RockScreeVeg",11067,0,0,"cabaneros",9,4
"SMedMarF",69447,0,0,"cabaneros",9,4
"Shrub",21978,0,0,"cabaneros",9,4
"WaterSurf",177,0,0,"cabaneros",9,4
"ArtSurf",7418,0,0,"cabaneros",9,5
"Crop",2473,0,0,"cabaneros",9,5
"Dehesa",36272,0,0,"cabaneros",9,5
"Grass",52784,0,0,"cabaneros",9,5
"HydroRipVeg",554,0,0,"cabaneros",9,5
"MedConF",35896,0,0,"cabaneros",9,5
"MedSclF",158690,0,0,"cabaneros",9,5
"MedScrub",187005,0,0,"cabaneros",9,5
"Reforestation",57,0,0,"cabaneros",9,5
"RipF",4764,0,0,"cabaneros",9,5
"RockScreeVeg",11067,0,0,"cabaneros",9,5
"SMedMarF",69447,0,0,"cabaneros",9,5
"Shrub",21978,0,0,"cabaneros",9,5
"WaterSurf",177,0,0,"cabaneros",9,5
"ArtSurf",7418,0,0,"cabaneros",9,6
"Crop",2473,1,0.04,"cabaneros",9,6
"Dehesa",36272,3,0.01,"cabaneros",9,6
"Grass",52784,9,0.02,"cabaneros",9,6
"HydroRipVeg",554,0,0,"cabaneros",9,6
"MedConF",35896,0,0,"cabaneros",9,6
"MedSclF",158690,0,0,"cabaneros",9,6
"MedScrub",187005,5,0,"cabaneros",9,6
"Reforestation",57,0,0,"cabaneros",9,6
"RipF",4764,0,0,"cabaneros",9,6
"RockScreeVeg",11067,0,0,"cabaneros",9,6
"SMedMarF",69447,0,0,"cabaneros",9,6
"Shrub",21978,0,0,"cabaneros",9,6
"WaterSurf",177,0,0,"cabaneros",9,6
"ArtSurf",7418,328,4.42,"cabaneros",9,7
"Crop",2473,296,11.97,"cabaneros",9,7
"Dehesa",36272,1120,3.09,"cabaneros",9,7
"Grass",52784,2359,4.47,"cabaneros",9,7
"HydroRipVeg",554,22,3.97,"cabaneros",9,7
"MedConF",35896,1165,3.25,"cabaneros",9,7
"MedSclF",158690,11150,7.03,"cabaneros",9,7
"MedScrub",187005,9600,5.13,"cabaneros",9,7
"Reforestation",57,1,1.75,"cabaneros",9,7
"RipF",4764,77,1.62,"cabaneros",9,7
"RockScreeVeg",11067,96,0.87,"cabaneros",9,7
"SMedMarF",69447,1487,2.14,"cabaneros",9,7
"Shrub",21978,1625,7.39,"cabaneros",9,7
"WaterSurf",177,7,3.95,"cabaneros",9,7
"ArtSurf",7418,1405,18.94,"cabaneros",9,8
"Crop",2473,1179,47.67,"cabaneros",9,8
"Dehesa",36272,6126,16.89,"cabaneros",9,8
"Grass",52784,13622,25.81,"cabaneros",9,8
"HydroRipVeg",554,62,11.19,"cabaneros",9,8
"MedConF",35896,4516,12.58,"cabaneros",9,8
"MedSclF",158690,21253,13.39,"cabaneros",9,8
"MedScrub",187005,34529,18.46,"cabaneros",9,8
"Reforestation",57,10,17.54,"cabaneros",9,8
"RipF",4764,293,6.15,"cabaneros",9,8
"RockScreeVeg",11067,798,7.21,"cabaneros",9,8
"SMedMarF",69447,5095,7.34,"cabaneros",9,8
"Shrub",21978,3717,16.91,"cabaneros",9,8
"WaterSurf",177,18,10.17,"cabaneros",9,8
"ArtSurf",7418,2758,37.18,"cabaneros",9,9
"Crop",2473,945,38.21,"cabaneros",9,9
"Dehesa",36272,11274,31.08,"cabaneros",9,9
"Grass",52784,23482,44.49,"cabaneros",9,9
"HydroRipVeg",554,146,26.35,"cabaneros",9,9
"MedConF",35896,18793,52.35,"cabaneros",9,9
"MedSclF",158690,78837,49.68,"cabaneros",9,9
"MedScrub",187005,92874,49.66,"cabaneros",9,9
"Reforestation",57,3,5.26,"cabaneros",9,9
"RipF",4764,1853,38.9,"cabaneros",9,9
"RockScreeVeg",11067,2664,24.07,"cabaneros",9,9
"SMedMarF",69447,28245,40.67,"cabaneros",9,9
"Shrub",21978,12138,55.23,"cabaneros",9,9
"WaterSurf",177,46,25.99,"cabaneros",9,9
"ArtSurf",7418,1223,16.49,"cabaneros",9,10
"Crop",2473,42,1.7,"cabaneros",9,10
"Dehesa",36272,1133,3.12,"cabaneros",9,10
"Grass",52784,1188,2.25,"cabaneros",9,10
"HydroRipVeg",554,86,15.52,"cabaneros",9,10
"MedConF",35896,6224,17.34,"cabaneros",9,10
"MedSclF",158690,28730,18.1,"cabaneros",9,10
"MedScrub",187005,43703,23.37,"cabaneros",9,10
"Reforestation",57,3,5.26,"cabaneros",9,10
"RipF",4764,628,13.18,"cabaneros",9,10
"RockScreeVeg",11067,1002,9.05,"cabaneros",9,10
"SMedMarF",69447,10995,15.83,"cabaneros",9,10
"Shrub",21978,3596,16.36,"cabaneros",9,10
"WaterSurf",177,13,7.34,"cabaneros",9,10
"ArtSurf",7418,0,0,"cabaneros",9,11
"Crop",2473,0,0,"cabaneros",9,11
"Dehesa",36272,0,0,"cabaneros",9,11
"Grass",52784,0,0,"cabaneros",9,11
"HydroRipVeg",554,0,0,"cabaneros",9,11
"MedConF",35896,0,0,"cabaneros",9,11
"MedSclF",158690,0,0,"cabaneros",9,11
"MedScrub",187005,0,0,"cabaneros",9,11
"Reforestation",57,0,0,"cabaneros",9,11
"RipF",4764,0,0,"cabaneros",9,11
"RockScreeVeg",11067,0,0,"cabaneros",9,11
"SMedMarF",69447,0,0,"cabaneros",9,11
"Shrub",21978,0,0,"cabaneros",9,11
"WaterSurf",177,0,0,"cabaneros",9,11
"ArtSurf",7418,0,0,"cabaneros",9,12
"Crop",2473,0,0,"cabaneros",9,12
"Dehesa",36272,0,0,"cabaneros",9,12
"Grass",52784,0,0,"cabaneros",9,12
"HydroRipVeg",554,0,0,"cabaneros",9,12
"MedConF",35896,0,0,"cabaneros",9,12
"MedSclF",158688,0,0,"cabaneros",9,12
"MedScrub",187005,0,0,"cabaneros",9,12
"Reforestation",57,0,0,"cabaneros",9,12
"RipF",4764,0,0,"cabaneros",9,12
"RockScreeVeg",11067,0,0,"cabaneros",9,12
"SMedMarF",69447,0,0,"cabaneros",9,12
"Shrub",21978,0,0,"cabaneros",9,12
"WaterSurf",177,0,0,"cabaneros",9,12
"ArtSurf",7418,0,0,"cabaneros",12,1
"Crop",2473,0,0,"cabaneros",12,1
"Dehesa",36272,0,0,"cabaneros",12,1
"Grass",52784,0,0,"cabaneros",12,1
"HydroRipVeg",554,0,0,"cabaneros",12,1
"MedConF",35896,0,0,"cabaneros",12,1
"MedSclF",158690,0,0,"cabaneros",12,1
"MedScrub",187005,0,0,"cabaneros",12,1
"Reforestation",57,0,0,"cabaneros",12,1
"RipF",4764,0,0,"cabaneros",12,1
"RockScreeVeg",11067,0,0,"cabaneros",12,1
"SMedMarF",69447,0,0,"cabaneros",12,1
"Shrub",21978,0,0,"cabaneros",12,1
"WaterSurf",177,0,0,"cabaneros",12,1
"ArtSurf",7418,0,0,"cabaneros",12,2
"Crop",2473,0,0,"cabaneros",12,2
"Dehesa",36272,0,0,"cabaneros",12,2
"Grass",52784,0,0,"cabaneros",12,2
"HydroRipVeg",554,0,0,"cabaneros",12,2
"MedConF",35896,0,0,"cabaneros",12,2
"MedSclF",158690,0,0,"cabaneros",12,2
"MedScrub",187005,0,0,"cabaneros",12,2
"Reforestation",57,0,0,"cabaneros",12,2
"RipF",4764,0,0,"cabaneros",12,2
"RockScreeVeg",11067,0,0,"cabaneros",12,2
"SMedMarF",69447,0,0,"cabaneros",12,2
"Shrub",21978,0,0,"cabaneros",12,2
"WaterSurf",177,0,0,"cabaneros",12,2
"ArtSurf",7418,0,0,"cabaneros",12,3
"Crop",2473,0,0,"cabaneros",12,3
"Dehesa",36272,0,0,"cabaneros",12,3
"Grass",52784,0,0,"cabaneros",12,3
"HydroRipVeg",554,0,0,"cabaneros",12,3
"MedConF",35896,0,0,"cabaneros",12,3
"MedSclF",158690,0,0,"cabaneros",12,3
"MedScrub",187005,0,0,"cabaneros",12,3
"Reforestation",57,0,0,"cabaneros",12,3
"RipF",4764,0,0,"cabaneros",12,3
"RockScreeVeg",11067,0,0,"cabaneros",12,3
"SMedMarF",69447,0,0,"cabaneros",12,3
"Shrub",21978,0,0,"cabaneros",12,3
"WaterSurf",177,0,0,"cabaneros",12,3
"ArtSurf",7418,0,0,"cabaneros",12,4
"Crop",2473,0,0,"cabaneros",12,4
"Dehesa",36272,0,0,"cabaneros",12,4
"Grass",52784,0,0,"cabaneros",12,4
"HydroRipVeg",554,0,0,"cabaneros",12,4
"MedConF",35896,0,0,"cabaneros",12,4
"MedSclF",158690,0,0,"cabaneros",12,4
"MedScrub",187005,0,0,"cabaneros",12,4
"Reforestation",57,0,0,"cabaneros",12,4
"RipF",4764,0,0,"cabaneros",12,4
"RockScreeVeg",11067,0,0,"cabaneros",12,4
"SMedMarF",69447,0,0,"cabaneros",12,4
"Shrub",21978,0,0,"cabaneros",12,4
"WaterSurf",177,0,0,"cabaneros",12,4
"ArtSurf",7418,0,0,"cabaneros",12,5
"Crop",2473,0,0,"cabaneros",12,5
"Dehesa",36272,0,0,"cabaneros",12,5
"Grass",52784,0,0,"cabaneros",12,5
"HydroRipVeg",554,0,0,"cabaneros",12,5
"MedConF",35896,0,0,"cabaneros",12,5
"MedSclF",158690,0,0,"cabaneros",12,5
"MedScrub",187005,0,0,"cabaneros",12,5
"Reforestation",57,0,0,"cabaneros",12,5
"RipF",4764,0,0,"cabaneros",12,5
"RockScreeVeg",11067,0,0,"cabaneros",12,5
"SMedMarF",69447,0,0,"cabaneros",12,5
"Shrub",21978,0,0,"cabaneros",12,5
"WaterSurf",177,0,0,"cabaneros",12,5
"ArtSurf",7418,127,1.71,"cabaneros",12,6
"Crop",2473,19,0.77,"cabaneros",12,6
"Dehesa",36272,155,0.43,"cabaneros",12,6
"Grass",52784,191,0.36,"cabaneros",12,6
"HydroRipVeg",554,0,0,"cabaneros",12,6
"MedConF",35896,2583,7.2,"cabaneros",12,6
"MedSclF",158690,1945,1.23,"cabaneros",12,6
"MedScrub",187005,2813,1.5,"cabaneros",12,6
"Reforestation",57,0,0,"cabaneros",12,6
"RipF",4764,37,0.78,"cabaneros",12,6
"RockScreeVeg",11067,16,0.14,"cabaneros",12,6
"SMedMarF",69447,371,0.53,"cabaneros",12,6
"Shrub",21978,232,1.06,"cabaneros",12,6
"WaterSurf",177,5,2.82,"cabaneros",12,6
"ArtSurf",7418,0,0,"cabaneros",12,7
"Crop",2473,0,0,"cabaneros",12,7
"Dehesa",36272,0,0,"cabaneros",12,7
"Grass",52784,0,0,"cabaneros",12,7
"HydroRipVeg",554,0,0,"cabaneros",12,7
"MedConF",35896,0,0,"cabaneros",12,7
"MedSclF",158690,0,0,"cabaneros",12,7
"MedScrub",187005,0,0,"cabaneros",12,7
"Reforestation",57,0,0,"cabaneros",12,7
"RipF",4764,0,0,"cabaneros",12,7
"RockScreeVeg",11067,0,0,"cabaneros",12,7
"SMedMarF",69447,0,0,"cabaneros",12,7
"Shrub",21978,0,0,"cabaneros",12,7
"WaterSurf",177,0,0,"cabaneros",12,7
"ArtSurf",7418,388,5.23,"cabaneros",12,8
"Crop",2473,224,9.06,"cabaneros",12,8
"Dehesa",36272,667,1.84,"cabaneros",12,8
"Grass",52784,1418,2.69,"cabaneros",12,8
"HydroRipVeg",554,12,2.17,"cabaneros",12,8
"MedConF",35896,7727,21.53,"cabaneros",12,8
"MedSclF",158690,5001,3.15,"cabaneros",12,8
"MedScrub",187005,9522,5.09,"cabaneros",12,8
"Reforestation",57,3,5.26,"cabaneros",12,8
"RipF",4764,68,1.43,"cabaneros",12,8
"RockScreeVeg",11067,68,0.61,"cabaneros",12,8
"SMedMarF",69447,1074,1.55,"cabaneros",12,8
"Shrub",21978,1057,4.81,"cabaneros",12,8
"WaterSurf",177,0,0,"cabaneros",12,8
"ArtSurf",7418,91,1.23,"cabaneros",12,9
"Crop",2473,16,0.65,"cabaneros",12,9
"Dehesa",36272,123,0.34,"cabaneros",12,9
"Grass",52784,120,0.23,"cabaneros",12,9
"HydroRipVeg",554,3,0.54,"cabaneros",12,9
"MedConF",35896,8073,22.49,"cabaneros",12,9
"MedSclF",158690,541,0.34,"cabaneros",12,9
"MedScrub",187005,1186,0.63,"cabaneros",12,9
"Reforestation",57,0,0,"cabaneros",12,9
"RipF",4764,19,0.4,"cabaneros",12,9
"RockScreeVeg",11067,26,0.23,"cabaneros",12,9
"SMedMarF",69447,232,0.33,"cabaneros",12,9
"Shrub",21978,88,0.4,"cabaneros",12,9
"WaterSurf",177,6,3.39,"cabaneros",12,9
"ArtSurf",7418,2761,37.22,"cabaneros",12,10
"Crop",2473,379,15.33,"cabaneros",12,10
"Dehesa",36272,2341,6.45,"cabaneros",12,10
"Grass",52784,4076,7.72,"cabaneros",12,10
"HydroRipVeg",554,152,27.44,"cabaneros",12,10
"MedConF",35896,19493,54.3,"cabaneros",12,10
"MedSclF",158690,74883,47.19,"cabaneros",12,10
"MedScrub",187005,96245,51.47,"cabaneros",12,10
"Reforestation",57,25,43.86,"cabaneros",12,10
"RipF",4764,1437,30.16,"cabaneros",12,10
"RockScreeVeg",11067,2479,22.4,"cabaneros",12,10
"SMedMarF",69447,27095,39.02,"cabaneros",12,10
"Shrub",21978,10356,47.12,"cabaneros",12,10
"WaterSurf",177,33,18.64,"cabaneros",12,10
"ArtSurf",7418,0,0,"cabaneros",12,11
"Crop",2473,0,0,"cabaneros",12,11
"Dehesa",36272,0,0,"cabaneros",12,11
"Grass",52784,0,0,"cabaneros",12,11
"HydroRipVeg",554,0,0,"cabaneros",12,11
"MedConF",35896,10,0.03,"cabaneros",12,11
"MedSclF",158690,2,0,"cabaneros",12,11
"MedScrub",187005,6,0,"cabaneros",12,11
"Reforestation",57,0,0,"cabaneros",12,11
"RipF",4764,0,0,"cabaneros",12,11
"RockScreeVeg",11067,2,0.02,"cabaneros",12,11
"SMedMarF",69447,2,0,"cabaneros",12,11
"Shrub",21978,0,0,"cabaneros",12,11
"WaterSurf",177,0,0,"cabaneros",12,11
"ArtSurf",7418,0,0,"cabaneros",12,12
"Crop",2473,0,0,"cabaneros",12,12
"Dehesa",36272,0,0,"cabaneros",12,12
"Grass",52784,0,0,"cabaneros",12,12
"HydroRipVeg",554,0,0,"cabaneros",12,12
"MedConF",35896,0,0,"cabaneros",12,12
"MedSclF",158688,0,0,"cabaneros",12,12
"MedScrub",187005,0,0,"cabaneros",12,12
"Reforestation",57,0,0,"cabaneros",12,12
"RipF",4764,0,0,"cabaneros",12,12
"RockScreeVeg",11067,0,0,"cabaneros",12,12
"SMedMarF",69447,0,0,"cabaneros",12,12
"Shrub",21978,0,0,"cabaneros",12,12
"WaterSurf",177,0,0,"cabaneros",12,12
"AridScr",7823,0,0,"cabrera",1,1
"ArtSurf",94,0,0,"cabrera",1,1
"BareArea",1122,0,0,"cabrera",1,1
"Crop",4,0,0,"cabrera",1,1
"Grass",13,0,0,"cabrera",1,1
"HaloVeg",52,0,0,"cabrera",1,1
"MedConF",8797,0,0,"cabrera",1,1
"MedScrub",486,0,0,"cabrera",1,1
"SaltMar",276,0,0,"cabrera",1,1
"AridScr",7823,0,0,"cabrera",1,2
"ArtSurf",94,0,0,"cabrera",1,2
"BareArea",1122,0,0,"cabrera",1,2
"Crop",4,0,0,"cabrera",1,2
"Grass",13,0,0,"cabrera",1,2
"HaloVeg",52,0,0,"cabrera",1,2
"MedConF",8797,0,0,"cabrera",1,2
"MedScrub",486,0,0,"cabrera",1,2
"SaltMar",276,0,0,"cabrera",1,2
"AridScr",7823,0,0,"cabrera",1,3
"ArtSurf",94,0,0,"cabrera",1,3
"BareArea",1122,0,0,"cabrera",1,3
"Crop",4,0,0,"cabrera",1,3
"Grass",13,0,0,"cabrera",1,3
"HaloVeg",52,0,0,"cabrera",1,3
"MedConF",8797,0,0,"cabrera",1,3
"MedScrub",486,0,0,"cabrera",1,3
"SaltMar",276,0,0,"cabrera",1,3
"AridScr",7823,0,0,"cabrera",1,4
"ArtSurf",94,0,0,"cabrera",1,4
"BareArea",1122,0,0,"cabrera",1,4
"Crop",4,0,0,"cabrera",1,4
"Grass",13,0,0,"cabrera",1,4
"HaloVeg",52,0,0,"cabrera",1,4
"MedConF",8797,0,0,"cabrera",1,4
"MedScrub",486,0,0,"cabrera",1,4
"SaltMar",276,0,0,"cabrera",1,4
"AridScr",7823,0,0,"cabrera",1,5
"ArtSurf",94,0,0,"cabrera",1,5
"BareArea",1122,0,0,"cabrera",1,5
"Crop",4,0,0,"cabrera",1,5
"Grass",13,0,0,"cabrera",1,5
"HaloVeg",52,0,0,"cabrera",1,5
"MedConF",8797,0,0,"cabrera",1,5
"MedScrub",486,0,0,"cabrera",1,5
"SaltMar",276,0,0,"cabrera",1,5
"AridScr",7823,4784,61.15,"cabrera",1,6
"ArtSurf",94,47,50,"cabrera",1,6
"BareArea",1122,87,7.75,"cabrera",1,6
"Crop",4,0,0,"cabrera",1,6
"Grass",13,4,30.77,"cabrera",1,6
"HaloVeg",52,2,3.85,"cabrera",1,6
"MedConF",8797,6788,77.16,"cabrera",1,6
"MedScrub",486,415,85.39,"cabrera",1,6
"SaltMar",276,26,9.42,"cabrera",1,6
"AridScr",7823,0,0,"cabrera",1,7
"ArtSurf",94,0,0,"cabrera",1,7
"BareArea",1122,0,0,"cabrera",1,7
"Crop",4,0,0,"cabrera",1,7
"Grass",13,0,0,"cabrera",1,7
"HaloVeg",52,0,0,"cabrera",1,7
"MedConF",8797,0,0,"cabrera",1,7
"MedScrub",486,0,0,"cabrera",1,7
"SaltMar",276,0,0,"cabrera",1,7
"AridScr",7823,0,0,"cabrera",1,8
"ArtSurf",94,0,0,"cabrera",1,8
"BareArea",1122,0,0,"cabrera",1,8
"Crop",4,0,0,"cabrera",1,8
"Grass",13,0,0,"cabrera",1,8
"HaloVeg",52,0,0,"cabrera",1,8
"MedConF",8797,0,0,"cabrera",1,8
"MedScrub",486,0,0,"cabrera",1,8
"SaltMar",276,0,0,"cabrera",1,8
"AridScr",7823,0,0,"cabrera",1,9
"ArtSurf",94,0,0,"cabrera",1,9
"BareArea",1122,0,0,"cabrera",1,9
"Crop",4,0,0,"cabrera",1,9
"Grass",13,0,0,"cabrera",1,9
"HaloVeg",52,0,0,"cabrera",1,9
"MedConF",8797,0,0,"cabrera",1,9
"MedScrub",486,0,0,"cabrera",1,9
"SaltMar",276,0,0,"cabrera",1,9
"AridScr",7823,0,0,"cabrera",1,10
"ArtSurf",94,0,0,"cabrera",1,10
"BareArea",1122,0,0,"cabrera",1,10
"Crop",4,0,0,"cabrera",1,10
"Grass",13,0,0,"cabrera",1,10
"HaloVeg",52,0,0,"cabrera",1,10
"MedConF",8797,0,0,"cabrera",1,10
"MedScrub",486,0,0,"cabrera",1,10
"SaltMar",276,0,0,"cabrera",1,10
"AridScr",7823,0,0,"cabrera",1,11
"ArtSurf",94,0,0,"cabrera",1,11
"BareArea",1122,0,0,"cabrera",1,11
"Crop",4,0,0,"cabrera",1,11
"Grass",13,0,0,"cabrera",1,11
"HaloVeg",52,0,0,"cabrera",1,11
"MedConF",8797,0,0,"cabrera",1,11
"MedScrub",486,0,0,"cabrera",1,11
"SaltMar",276,0,0,"cabrera",1,11
"AridScr",7823,0,0,"cabrera",1,12
"ArtSurf",94,0,0,"cabrera",1,12
"BareArea",1122,0,0,"cabrera",1,12
"Crop",4,0,0,"cabrera",1,12
"Grass",13,0,0,"cabrera",1,12
"HaloVeg",52,0,0,"cabrera",1,12
"MedConF",8797,0,0,"cabrera",1,12
"MedScrub",486,0,0,"cabrera",1,12
"SaltMar",276,0,0,"cabrera",1,12
"AridScr",7823,0,0,"cabrera",3,1
"ArtSurf",94,0,0,"cabrera",3,1
"BareArea",1122,0,0,"cabrera",3,1
"Crop",4,0,0,"cabrera",3,1
"Grass",13,0,0,"cabrera",3,1
"HaloVeg",52,0,0,"cabrera",3,1
"MedConF",8797,0,0,"cabrera",3,1
"MedScrub",486,0,0,"cabrera",3,1
"SaltMar",276,0,0,"cabrera",3,1
"AridScr",7823,0,0,"cabrera",3,2
"ArtSurf",94,0,0,"cabrera",3,2
"BareArea",1122,0,0,"cabrera",3,2
"Crop",4,0,0,"cabrera",3,2
"Grass",13,0,0,"cabrera",3,2
"HaloVeg",52,0,0,"cabrera",3,2
"MedConF",8797,0,0,"cabrera",3,2
"MedScrub",486,0,0,"cabrera",3,2
"SaltMar",276,0,0,"cabrera",3,2
"AridScr",7823,0,0,"cabrera",3,3
"ArtSurf",94,0,0,"cabrera",3,3
"BareArea",1122,0,0,"cabrera",3,3
"Crop",4,0,0,"cabrera",3,3
"Grass",13,0,0,"cabrera",3,3
"HaloVeg",52,0,0,"cabrera",3,3
"MedConF",8797,0,0,"cabrera",3,3
"MedScrub",486,0,0,"cabrera",3,3
"SaltMar",276,0,0,"cabrera",3,3
"AridScr",7823,5,0.06,"cabrera",3,4
"ArtSurf",94,0,0,"cabrera",3,4
"BareArea",1122,0,0,"cabrera",3,4
"Crop",4,0,0,"cabrera",3,4
"Grass",13,0,0,"cabrera",3,4
"HaloVeg",52,0,0,"cabrera",3,4
"MedConF",8797,0,0,"cabrera",3,4
"MedScrub",486,0,0,"cabrera",3,4
"SaltMar",276,0,0,"cabrera",3,4
"AridScr",7823,2746,35.1,"cabrera",3,5
"ArtSurf",94,18,19.15,"cabrera",3,5
"BareArea",1122,118,10.52,"cabrera",3,5
"Crop",4,0,0,"cabrera",3,5
"Grass",13,5,38.46,"cabrera",3,5
"HaloVeg",52,19,36.54,"cabrera",3,5
"MedConF",8797,1505,17.11,"cabrera",3,5
"MedScrub",486,98,20.16,"cabrera",3,5
"SaltMar",276,45,16.3,"cabrera",3,5
"AridScr",7823,5803,74.18,"cabrera",3,6
"ArtSurf",94,49,52.13,"cabrera",3,6
"BareArea",1122,202,18,"cabrera",3,6
"Crop",4,2,50,"cabrera",3,6
"Grass",13,2,15.38,"cabrera",3,6
"HaloVeg",52,30,57.69,"cabrera",3,6
"MedConF",8797,7150,81.28,"cabrera",3,6
"MedScrub",486,401,82.51,"cabrera",3,6
"SaltMar",276,113,40.94,"cabrera",3,6
"AridScr",7823,3267,41.76,"cabrera",3,7
"ArtSurf",94,21,22.34,"cabrera",3,7
"BareArea",1122,132,11.76,"cabrera",3,7
"Crop",4,0,0,"cabrera",3,7
"Grass",13,0,0,"cabrera",3,7
"HaloVeg",52,2,3.85,"cabrera",3,7
"MedConF",8797,5488,62.38,"cabrera",3,7
"MedScrub",486,331,68.11,"cabrera",3,7
"SaltMar",276,23,8.33,"cabrera",3,7
"AridScr",7823,0,0,"cabrera",3,8
"ArtSurf",94,0,0,"cabrera",3,8
"BareArea",1122,0,0,"cabrera",3,8
"Crop",4,0,0,"cabrera",3,8
"Grass",13,0,0,"cabrera",3,8
"HaloVeg",52,0,0,"cabrera",3,8
"MedConF",8797,0,0,"cabrera",3,8
"MedScrub",486,0,0,"cabrera",3,8
"SaltMar",276,0,0,"cabrera",3,8
"AridScr",7823,0,0,"cabrera",3,9
"ArtSurf",94,0,0,"cabrera",3,9
"BareArea",1122,0,0,"cabrera",3,9
"Crop",4,0,0,"cabrera",3,9
"Grass",13,0,0,"cabrera",3,9
"HaloVeg",52,0,0,"cabrera",3,9
"MedConF",8797,0,0,"cabrera",3,9
"MedScrub",486,0,0,"cabrera",3,9
"SaltMar",276,0,0,"cabrera",3,9
"AridScr",7823,0,0,"cabrera",3,10
"ArtSurf",94,0,0,"cabrera",3,10
"BareArea",1122,0,0,"cabrera",3,10
"Crop",4,0,0,"cabrera",3,10
"Grass",13,0,0,"cabrera",3,10
"HaloVeg",52,0,0,"cabrera",3,10
"MedConF",8797,0,0,"cabrera",3,10
"MedScrub",486,0,0,"cabrera",3,10
"SaltMar",276,0,0,"cabrera",3,10
"AridScr",7823,0,0,"cabrera",3,11
"ArtSurf",94,0,0,"cabrera",3,11
"BareArea",1122,0,0,"cabrera",3,11
"Crop",4,0,0,"cabrera",3,11
"Grass",13,0,0,"cabrera",3,11
"HaloVeg",52,0,0,"cabrera",3,11
"MedConF",8797,0,0,"cabrera",3,11
"MedScrub",486,0,0,"cabrera",3,11
"SaltMar",276,0,0,"cabrera",3,11
"AridScr",7823,0,0,"cabrera",3,12
"ArtSurf",94,0,0,"cabrera",3,12
"BareArea",1122,0,0,"cabrera",3,12
"Crop",4,0,0,"cabrera",3,12
"Grass",13,0,0,"cabrera",3,12
"HaloVeg",52,0,0,"cabrera",3,12
"MedConF",8797,0,0,"cabrera",3,12
"MedScrub",486,0,0,"cabrera",3,12
"SaltMar",276,0,0,"cabrera",3,12
"AridScr",7823,0,0,"cabrera",6,1
"ArtSurf",94,0,0,"cabrera",6,1
"BareArea",1122,0,0,"cabrera",6,1
"Crop",4,0,0,"cabrera",6,1
"Grass",13,0,0,"cabrera",6,1
"HaloVeg",52,0,0,"cabrera",6,1
"MedConF",8797,0,0,"cabrera",6,1
"MedScrub",486,0,0,"cabrera",6,1
"SaltMar",276,0,0,"cabrera",6,1
"AridScr",7823,0,0,"cabrera",6,2
"ArtSurf",94,0,0,"cabrera",6,2
"BareArea",1122,0,0,"cabrera",6,2
"Crop",4,0,0,"cabrera",6,2
"Grass",13,0,0,"cabrera",6,2
"HaloVeg",52,0,0,"cabrera",6,2
"MedConF",8797,0,0,"cabrera",6,2
"MedScrub",486,0,0,"cabrera",6,2
"SaltMar",276,0,0,"cabrera",6,2
"AridScr",7823,0,0,"cabrera",6,3
"ArtSurf",94,0,0,"cabrera",6,3
"BareArea",1122,0,0,"cabrera",6,3
"Crop",4,0,0,"cabrera",6,3
"Grass",13,0,0,"cabrera",6,3
"HaloVeg",52,0,0,"cabrera",6,3
"MedConF",8797,0,0,"cabrera",6,3
"MedScrub",486,0,0,"cabrera",6,3
"SaltMar",276,0,0,"cabrera",6,3
"AridScr",7823,0,0,"cabrera",6,4
"ArtSurf",94,0,0,"cabrera",6,4
"BareArea",1122,0,0,"cabrera",6,4
"Crop",4,0,0,"cabrera",6,4
"Grass",13,0,0,"cabrera",6,4
"HaloVeg",52,0,0,"cabrera",6,4
"MedConF",8797,0,0,"cabrera",6,4
"MedScrub",486,0,0,"cabrera",6,4
"SaltMar",276,0,0,"cabrera",6,4
"AridScr",7823,0,0,"cabrera",6,5
"ArtSurf",94,0,0,"cabrera",6,5
"BareArea",1122,0,0,"cabrera",6,5
"Crop",4,0,0,"cabrera",6,5
"Grass",13,0,0,"cabrera",6,5
"HaloVeg",52,0,0,"cabrera",6,5
"MedConF",8797,0,0,"cabrera",6,5
"MedScrub",486,0,0,"cabrera",6,5
"SaltMar",276,0,0,"cabrera",6,5
"AridScr",7823,0,0,"cabrera",6,6
"ArtSurf",94,0,0,"cabrera",6,6
"BareArea",1122,0,0,"cabrera",6,6
"Crop",4,0,0,"cabrera",6,6
"Grass",13,0,0,"cabrera",6,6
"HaloVeg",52,0,0,"cabrera",6,6
"MedConF",8797,0,0,"cabrera",6,6
"MedScrub",486,0,0,"cabrera",6,6
"SaltMar",276,0,0,"cabrera",6,6
"AridScr",7823,0,0,"cabrera",6,7
"ArtSurf",94,0,0,"cabrera",6,7
"BareArea",1122,0,0,"cabrera",6,7
"Crop",4,0,0,"cabrera",6,7
"Grass",13,0,0,"cabrera",6,7
"HaloVeg",52,0,0,"cabrera",6,7
"MedConF",8797,0,0,"cabrera",6,7
"MedScrub",486,0,0,"cabrera",6,7
"SaltMar",276,0,0,"cabrera",6,7
"AridScr",7823,0,0,"cabrera",6,8
"ArtSurf",94,0,0,"cabrera",6,8
"BareArea",1122,0,0,"cabrera",6,8
"Crop",4,0,0,"cabrera",6,8
"Grass",13,0,0,"cabrera",6,8
"HaloVeg",52,0,0,"cabrera",6,8
"MedConF",8797,0,0,"cabrera",6,8
"MedScrub",486,0,0,"cabrera",6,8
"SaltMar",276,0,0,"cabrera",6,8
"AridScr",7823,0,0,"cabrera",6,9
"ArtSurf",94,0,0,"cabrera",6,9
"BareArea",1122,0,0,"cabrera",6,9
"Crop",4,0,0,"cabrera",6,9
"Grass",13,0,0,"cabrera",6,9
"HaloVeg",52,0,0,"cabrera",6,9
"MedConF",8797,0,0,"cabrera",6,9
"MedScrub",486,0,0,"cabrera",6,9
"SaltMar",276,0,0,"cabrera",6,9
"AridScr",7823,0,0,"cabrera",6,10
"ArtSurf",94,0,0,"cabrera",6,10
"BareArea",1122,0,0,"cabrera",6,10
"Crop",4,0,0,"cabrera",6,10
"Grass",13,0,0,"cabrera",6,10
"HaloVeg",52,0,0,"cabrera",6,10
"MedConF",8797,0,0,"cabrera",6,10
"MedScrub",486,0,0,"cabrera",6,10
"SaltMar",276,0,0,"cabrera",6,10
"AridScr",7823,0,0,"cabrera",6,11
"ArtSurf",94,0,0,"cabrera",6,11
"BareArea",1122,0,0,"cabrera",6,11
"Crop",4,0,0,"cabrera",6,11
"Grass",13,0,0,"cabrera",6,11
"HaloVeg",52,0,0,"cabrera",6,11
"MedConF",8797,0,0,"cabrera",6,11
"MedScrub",486,0,0,"cabrera",6,11
"SaltMar",276,0,0,"cabrera",6,11
"AridScr",7823,0,0,"cabrera",6,12
"ArtSurf",94,0,0,"cabrera",6,12
"BareArea",1122,0,0,"cabrera",6,12
"Crop",4,0,0,"cabrera",6,12
"Grass",13,0,0,"cabrera",6,12
"HaloVeg",52,0,0,"cabrera",6,12
"MedConF",8797,0,0,"cabrera",6,12
"MedScrub",486,0,0,"cabrera",6,12
"SaltMar",276,0,0,"cabrera",6,12
"AridScr",7823,0,0,"cabrera",9,1
"ArtSurf",94,0,0,"cabrera",9,1
"BareArea",1122,0,0,"cabrera",9,1
"Crop",4,0,0,"cabrera",9,1
"Grass",13,0,0,"cabrera",9,1
"HaloVeg",52,0,0,"cabrera",9,1
"MedConF",8797,0,0,"cabrera",9,1
"MedScrub",486,0,0,"cabrera",9,1
"SaltMar",276,0,0,"cabrera",9,1
"AridScr",7823,0,0,"cabrera",9,2
"ArtSurf",94,0,0,"cabrera",9,2
"BareArea",1122,0,0,"cabrera",9,2
"Crop",4,0,0,"cabrera",9,2
"Grass",13,0,0,"cabrera",9,2
"HaloVeg",52,0,0,"cabrera",9,2
"MedConF",8797,0,0,"cabrera",9,2
"MedScrub",486,0,0,"cabrera",9,2
"SaltMar",276,0,0,"cabrera",9,2
"AridScr",7823,1,0.01,"cabrera",9,3
"ArtSurf",94,0,0,"cabrera",9,3
"BareArea",1122,0,0,"cabrera",9,3
"Crop",4,0,0,"cabrera",9,3
"Grass",13,0,0,"cabrera",9,3
"HaloVeg",52,0,0,"cabrera",9,3
"MedConF",8797,0,0,"cabrera",9,3
"MedScrub",486,0,0,"cabrera",9,3
"SaltMar",276,0,0,"cabrera",9,3
"AridScr",7823,0,0,"cabrera",9,4
"ArtSurf",94,0,0,"cabrera",9,4
"BareArea",1122,0,0,"cabrera",9,4
"Crop",4,0,0,"cabrera",9,4
"Grass",13,0,0,"cabrera",9,4
"HaloVeg",52,0,0,"cabrera",9,4
"MedConF",8797,0,0,"cabrera",9,4
"MedScrub",486,0,0,"cabrera",9,4
"SaltMar",276,0,0,"cabrera",9,4
"AridScr",7823,0,0,"cabrera",9,5
"ArtSurf",94,0,0,"cabrera",9,5
"BareArea",1122,0,0,"cabrera",9,5
"Crop",4,0,0,"cabrera",9,5
"Grass",13,0,0,"cabrera",9,5
"HaloVeg",52,0,0,"cabrera",9,5
"MedConF",8797,0,0,"cabrera",9,5
"MedScrub",486,0,0,"cabrera",9,5
"SaltMar",276,0,0,"cabrera",9,5
"AridScr",7823,0,0,"cabrera",9,6
"ArtSurf",94,0,0,"cabrera",9,6
"BareArea",1122,0,0,"cabrera",9,6
"Crop",4,0,0,"cabrera",9,6
"Grass",13,0,0,"cabrera",9,6
"HaloVeg",52,0,0,"cabrera",9,6
"MedConF",8797,0,0,"cabrera",9,6
"MedScrub",486,0,0,"cabrera",9,6
"SaltMar",276,0,0,"cabrera",9,6
"AridScr",7823,0,0,"cabrera",9,7
"ArtSurf",94,0,0,"cabrera",9,7
"BareArea",1122,0,0,"cabrera",9,7
"Crop",4,0,0,"cabrera",9,7
"Grass",13,0,0,"cabrera",9,7
"HaloVeg",52,0,0,"cabrera",9,7
"MedConF",8797,0,0,"cabrera",9,7
"MedScrub",486,0,0,"cabrera",9,7
"SaltMar",276,0,0,"cabrera",9,7
"AridScr",7823,0,0,"cabrera",9,8
"ArtSurf",94,0,0,"cabrera",9,8
"BareArea",1122,0,0,"cabrera",9,8
"Crop",4,0,0,"cabrera",9,8
"Grass",13,0,0,"cabrera",9,8
"HaloVeg",52,0,0,"cabrera",9,8
"MedConF",8797,0,0,"cabrera",9,8
"MedScrub",486,0,0,"cabrera",9,8
"SaltMar",276,0,0,"cabrera",9,8
"AridScr",7823,0,0,"cabrera",9,9
"ArtSurf",94,0,0,"cabrera",9,9
"BareArea",1122,0,0,"cabrera",9,9
"Crop",4,0,0,"cabrera",9,9
"Grass",13,0,0,"cabrera",9,9
"HaloVeg",52,0,0,"cabrera",9,9
"MedConF",8797,0,0,"cabrera",9,9
"MedScrub",486,0,0,"cabrera",9,9
"SaltMar",276,0,0,"cabrera",9,9
"AridScr",7823,0,0,"cabrera",9,10
"ArtSurf",94,0,0,"cabrera",9,10
"BareArea",1122,0,0,"cabrera",9,10
"Crop",4,0,0,"cabrera",9,10
"Grass",13,0,0,"cabrera",9,10
"HaloVeg",52,0,0,"cabrera",9,10
"MedConF",8797,0,0,"cabrera",9,10
"MedScrub",486,0,0,"cabrera",9,10
"SaltMar",276,0,0,"cabrera",9,10
"AridScr",7823,0,0,"cabrera",9,11
"ArtSurf",94,0,0,"cabrera",9,11
"BareArea",1122,0,0,"cabrera",9,11
"Crop",4,0,0,"cabrera",9,11
"Grass",13,0,0,"cabrera",9,11
"HaloVeg",52,0,0,"cabrera",9,11
"MedConF",8797,0,0,"cabrera",9,11
"MedScrub",486,0,0,"cabrera",9,11
"SaltMar",276,0,0,"cabrera",9,11
"AridScr",7823,0,0,"cabrera",9,12
"ArtSurf",94,0,0,"cabrera",9,12
"BareArea",1122,0,0,"cabrera",9,12
"Crop",4,0,0,"cabrera",9,12
"Grass",13,0,0,"cabrera",9,12
"HaloVeg",52,0,0,"cabrera",9,12
"MedConF",8797,0,0,"cabrera",9,12
"MedScrub",486,0,0,"cabrera",9,12
"SaltMar",276,0,0,"cabrera",9,12
"AridScr",7823,0,0,"cabrera",12,1
"ArtSurf",94,0,0,"cabrera",12,1
"BareArea",1122,0,0,"cabrera",12,1
"Crop",4,0,0,"cabrera",12,1
"Grass",13,0,0,"cabrera",12,1
"HaloVeg",52,0,0,"cabrera",12,1
"MedConF",8797,0,0,"cabrera",12,1
"MedScrub",486,0,0,"cabrera",12,1
"SaltMar",276,0,0,"cabrera",12,1
"AridScr",7823,0,0,"cabrera",12,2
"ArtSurf",94,0,0,"cabrera",12,2
"BareArea",1122,0,0,"cabrera",12,2
"Crop",4,0,0,"cabrera",12,2
"Grass",13,0,0,"cabrera",12,2
"HaloVeg",52,0,0,"cabrera",12,2
"MedConF",8797,0,0,"cabrera",12,2
"MedScrub",486,0,0,"cabrera",12,2
"SaltMar",276,0,0,"cabrera",12,2
"AridScr",7823,0,0,"cabrera",12,3
"ArtSurf",94,0,0,"cabrera",12,3
"BareArea",1122,0,0,"cabrera",12,3
"Crop",4,0,0,"cabrera",12,3
"Grass",13,0,0,"cabrera",12,3
"HaloVeg",52,0,0,"cabrera",12,3
"MedConF",8797,0,0,"cabrera",12,3
"MedScrub",486,0,0,"cabrera",12,3
"SaltMar",276,0,0,"cabrera",12,3
"AridScr",7823,0,0,"cabrera",12,4
"ArtSurf",94,0,0,"cabrera",12,4
"BareArea",1122,0,0,"cabrera",12,4
"Crop",4,0,0,"cabrera",12,4
"Grass",13,0,0,"cabrera",12,4
"HaloVeg",52,0,0,"cabrera",12,4
"MedConF",8797,0,0,"cabrera",12,4
"MedScrub",486,0,0,"cabrera",12,4
"SaltMar",276,0,0,"cabrera",12,4
"AridScr",7823,0,0,"cabrera",12,5
"ArtSurf",94,0,0,"cabrera",12,5
"BareArea",1122,0,0,"cabrera",12,5
"Crop",4,0,0,"cabrera",12,5
"Grass",13,0,0,"cabrera",12,5
"HaloVeg",52,0,0,"cabrera",12,5
"MedConF",8797,0,0,"cabrera",12,5
"MedScrub",486,0,0,"cabrera",12,5
"SaltMar",276,0,0,"cabrera",12,5
"AridScr",7823,0,0,"cabrera",12,6
"ArtSurf",94,0,0,"cabrera",12,6
"BareArea",1122,0,0,"cabrera",12,6
"Crop",4,0,0,"cabrera",12,6
"Grass",13,0,0,"cabrera",12,6
"HaloVeg",52,0,0,"cabrera",12,6
"MedConF",8797,0,0,"cabrera",12,6
"MedScrub",486,0,0,"cabrera",12,6
"SaltMar",276,0,0,"cabrera",12,6
"AridScr",7823,0,0,"cabrera",12,7
"ArtSurf",94,0,0,"cabrera",12,7
"BareArea",1122,0,0,"cabrera",12,7
"Crop",4,0,0,"cabrera",12,7
"Grass",13,0,0,"cabrera",12,7
"HaloVeg",52,0,0,"cabrera",12,7
"MedConF",8797,0,0,"cabrera",12,7
"MedScrub",486,0,0,"cabrera",12,7
"SaltMar",276,0,0,"cabrera",12,7
"AridScr",7823,0,0,"cabrera",12,8
"ArtSurf",94,0,0,"cabrera",12,8
"BareArea",1122,0,0,"cabrera",12,8
"Crop",4,0,0,"cabrera",12,8
"Grass",13,0,0,"cabrera",12,8
"HaloVeg",52,0,0,"cabrera",12,8
"MedConF",8797,0,0,"cabrera",12,8
"MedScrub",486,0,0,"cabrera",12,8
"SaltMar",276,0,0,"cabrera",12,8
"AridScr",7823,0,0,"cabrera",12,9
"ArtSurf",94,0,0,"cabrera",12,9
"BareArea",1122,0,0,"cabrera",12,9
"Crop",4,0,0,"cabrera",12,9
"Grass",13,0,0,"cabrera",12,9
"HaloVeg",52,0,0,"cabrera",12,9
"MedConF",8797,0,0,"cabrera",12,9
"MedScrub",486,0,0,"cabrera",12,9
"SaltMar",276,0,0,"cabrera",12,9
"AridScr",7823,0,0,"cabrera",12,10
"ArtSurf",94,0,0,"cabrera",12,10
"BareArea",1122,0,0,"cabrera",12,10
"Crop",4,0,0,"cabrera",12,10
"Grass",13,0,0,"cabrera",12,10
"HaloVeg",52,0,0,"cabrera",12,10
"MedConF",8797,0,0,"cabrera",12,10
"MedScrub",486,0,0,"cabrera",12,10
"SaltMar",276,0,0,"cabrera",12,10
"AridScr",7823,0,0,"cabrera",12,11
"ArtSurf",94,0,0,"cabrera",12,11
"BareArea",1122,0,0,"cabrera",12,11
"Crop",4,0,0,"cabrera",12,11
"Grass",13,0,0,"cabrera",12,11
"HaloVeg",52,0,0,"cabrera",12,11
"MedConF",8797,0,0,"cabrera",12,11
"MedScrub",486,0,0,"cabrera",12,11
"SaltMar",276,0,0,"cabrera",12,11
"AridScr",7823,0,0,"cabrera",12,12
"ArtSurf",94,0,0,"cabrera",12,12
"BareArea",1122,0,0,"cabrera",12,12
"Crop",4,0,0,"cabrera",12,12
"Grass",13,0,0,"cabrera",12,12
"HaloVeg",52,0,0,"cabrera",12,12
"MedConF",8797,0,0,"cabrera",12,12
"MedScrub",486,0,0,"cabrera",12,12
"SaltMar",276,0,0,"cabrera",12,12
"ArtSurf",247,0,0,"daimiel",1,1
"Crop",2273,0,0,"daimiel",1,1
"Dehesa",2601,0,0,"daimiel",1,1
"Grass",8172,0,0,"daimiel",1,1
"HaloVeg",2543,0,0,"daimiel",1,1
"HydroRipVeg",16350,0,0,"daimiel",1,1
"MedSclF",623,0,0,"daimiel",1,1
"Reforestation",25,0,0,"daimiel",1,1
"RipF",1501,0,0,"daimiel",1,1
"WaterSurf",8869,0,0,"daimiel",1,1
"ArtSurf",247,0,0,"daimiel",1,2
"Crop",2273,0,0,"daimiel",1,2
"Dehesa",2601,0,0,"daimiel",1,2
"Grass",8172,0,0,"daimiel",1,2
"HaloVeg",2543,0,0,"daimiel",1,2
"HydroRipVeg",16350,0,0,"daimiel",1,2
"MedSclF",623,0,0,"daimiel",1,2
"Reforestation",25,0,0,"daimiel",1,2
"RipF",1501,0,0,"daimiel",1,2
"WaterSurf",8869,0,0,"daimiel",1,2
"ArtSurf",247,0,0,"daimiel",1,3
"Crop",2273,0,0,"daimiel",1,3
"Dehesa",2601,0,0,"daimiel",1,3
"Grass",8172,0,0,"daimiel",1,3
"HaloVeg",2543,0,0,"daimiel",1,3
"HydroRipVeg",16350,0,0,"daimiel",1,3
"MedSclF",623,0,0,"daimiel",1,3
"Reforestation",25,0,0,"daimiel",1,3
"RipF",1501,0,0,"daimiel",1,3
"WaterSurf",8869,0,0,"daimiel",1,3
"ArtSurf",247,0,0,"daimiel",1,4
"Crop",2273,0,0,"daimiel",1,4
"Dehesa",2601,0,0,"daimiel",1,4
"Grass",8172,0,0,"daimiel",1,4
"HaloVeg",2543,0,0,"daimiel",1,4
"HydroRipVeg",16350,0,0,"daimiel",1,4
"MedSclF",623,0,0,"daimiel",1,4
"Reforestation",25,0,0,"daimiel",1,4
"RipF",1501,0,0,"daimiel",1,4
"WaterSurf",8869,0,0,"daimiel",1,4
"ArtSurf",247,5,2.02,"daimiel",1,5
"Crop",2273,14,0.62,"daimiel",1,5
"Dehesa",2601,846,32.53,"daimiel",1,5
"Grass",8172,122,1.49,"daimiel",1,5
"HaloVeg",2543,462,18.17,"daimiel",1,5
"HydroRipVeg",16350,107,0.65,"daimiel",1,5
"MedSclF",623,154,24.72,"daimiel",1,5
"Reforestation",25,0,0,"daimiel",1,5
"RipF",1501,41,2.73,"daimiel",1,5
"WaterSurf",8869,1,0.01,"daimiel",1,5
"ArtSurf",247,0,0,"daimiel",1,6
"Crop",2273,0,0,"daimiel",1,6
"Dehesa",2601,0,0,"daimiel",1,6
"Grass",8172,0,0,"daimiel",1,6
"HaloVeg",2543,0,0,"daimiel",1,6
"HydroRipVeg",16350,0,0,"daimiel",1,6
"MedSclF",623,0,0,"daimiel",1,6
"Reforestation",25,0,0,"daimiel",1,6
"RipF",1501,0,0,"daimiel",1,6
"WaterSurf",8869,0,0,"daimiel",1,6
"ArtSurf",247,0,0,"daimiel",1,7
"Crop",2273,0,0,"daimiel",1,7
"Dehesa",2601,0,0,"daimiel",1,7
"Grass",8172,0,0,"daimiel",1,7
"HaloVeg",2543,0,0,"daimiel",1,7
"HydroRipVeg",16350,0,0,"daimiel",1,7
"MedSclF",623,0,0,"daimiel",1,7
"Reforestation",25,0,0,"daimiel",1,7
"RipF",1501,0,0,"daimiel",1,7
"WaterSurf",8869,0,0,"daimiel",1,7
"ArtSurf",247,0,0,"daimiel",1,8
"Crop",2273,0,0,"daimiel",1,8
"Dehesa",2601,0,0,"daimiel",1,8
"Grass",8172,0,0,"daimiel",1,8
"HaloVeg",2543,0,0,"daimiel",1,8
"HydroRipVeg",16350,0,0,"daimiel",1,8
"MedSclF",623,0,0,"daimiel",1,8
"Reforestation",25,0,0,"daimiel",1,8
"RipF",1501,0,0,"daimiel",1,8
"WaterSurf",8869,0,0,"daimiel",1,8
"ArtSurf",247,0,0,"daimiel",1,9
"Crop",2273,0,0,"daimiel",1,9
"Dehesa",2601,0,0,"daimiel",1,9
"Grass",8172,0,0,"daimiel",1,9
"HaloVeg",2543,0,0,"daimiel",1,9
"HydroRipVeg",16350,0,0,"daimiel",1,9
"MedSclF",623,0,0,"daimiel",1,9
"Reforestation",25,0,0,"daimiel",1,9
"RipF",1501,0,0,"daimiel",1,9
"WaterSurf",8869,0,0,"daimiel",1,9
"ArtSurf",247,0,0,"daimiel",1,10
"Crop",2273,0,0,"daimiel",1,10
"Dehesa",2601,0,0,"daimiel",1,10
"Grass",8172,0,0,"daimiel",1,10
"HaloVeg",2543,0,0,"daimiel",1,10
"HydroRipVeg",16350,0,0,"daimiel",1,10
"MedSclF",623,0,0,"daimiel",1,10
"Reforestation",25,0,0,"daimiel",1,10
"RipF",1501,0,0,"daimiel",1,10
"WaterSurf",8869,0,0,"daimiel",1,10
"ArtSurf",247,0,0,"daimiel",1,11
"Crop",2273,0,0,"daimiel",1,11
"Dehesa",2601,0,0,"daimiel",1,11
"Grass",8172,0,0,"daimiel",1,11
"HaloVeg",2543,0,0,"daimiel",1,11
"HydroRipVeg",16350,0,0,"daimiel",1,11
"MedSclF",623,0,0,"daimiel",1,11
"Reforestation",25,0,0,"daimiel",1,11
"RipF",1501,0,0,"daimiel",1,11
"WaterSurf",8869,0,0,"daimiel",1,11
"ArtSurf",247,0,0,"daimiel",1,12
"Crop",2273,0,0,"daimiel",1,12
"Dehesa",2601,0,0,"daimiel",1,12
"Grass",8172,0,0,"daimiel",1,12
"HaloVeg",2543,0,0,"daimiel",1,12
"HydroRipVeg",16350,0,0,"daimiel",1,12
"MedSclF",623,0,0,"daimiel",1,12
"Reforestation",25,0,0,"daimiel",1,12
"RipF",1501,0,0,"daimiel",1,12
"WaterSurf",8869,0,0,"daimiel",1,12
"ArtSurf",247,0,0,"daimiel",3,1
"Crop",2273,0,0,"daimiel",3,1
"Dehesa",2601,0,0,"daimiel",3,1
"Grass",8172,0,0,"daimiel",3,1
"HaloVeg",2543,0,0,"daimiel",3,1
"HydroRipVeg",16350,0,0,"daimiel",3,1
"MedSclF",623,0,0,"daimiel",3,1
"Reforestation",25,0,0,"daimiel",3,1
"RipF",1501,0,0,"daimiel",3,1
"WaterSurf",8869,0,0,"daimiel",3,1
"ArtSurf",247,0,0,"daimiel",3,2
"Crop",2273,0,0,"daimiel",3,2
"Dehesa",2601,0,0,"daimiel",3,2
"Grass",8172,0,0,"daimiel",3,2
"HaloVeg",2543,0,0,"daimiel",3,2
"HydroRipVeg",16350,0,0,"daimiel",3,2
"MedSclF",623,0,0,"daimiel",3,2
"Reforestation",25,0,0,"daimiel",3,2
"RipF",1501,0,0,"daimiel",3,2
"WaterSurf",8869,0,0,"daimiel",3,2
"ArtSurf",247,0,0,"daimiel",3,3
"Crop",2273,0,0,"daimiel",3,3
"Dehesa",2601,0,0,"daimiel",3,3
"Grass",8172,0,0,"daimiel",3,3
"HaloVeg",2543,0,0,"daimiel",3,3
"HydroRipVeg",16350,0,0,"daimiel",3,3
"MedSclF",623,0,0,"daimiel",3,3
"Reforestation",25,0,0,"daimiel",3,3
"RipF",1501,0,0,"daimiel",3,3
"WaterSurf",8869,0,0,"daimiel",3,3
"ArtSurf",247,0,0,"daimiel",3,4
"Crop",2273,0,0,"daimiel",3,4
"Dehesa",2601,0,0,"daimiel",3,4
"Grass",8172,0,0,"daimiel",3,4
"HaloVeg",2543,0,0,"daimiel",3,4
"HydroRipVeg",16350,0,0,"daimiel",3,4
"MedSclF",623,0,0,"daimiel",3,4
"Reforestation",25,0,0,"daimiel",3,4
"RipF",1501,0,0,"daimiel",3,4
"WaterSurf",8869,0,0,"daimiel",3,4
"ArtSurf",247,32,12.96,"daimiel",3,5
"Crop",2273,147,6.47,"daimiel",3,5
"Dehesa",2601,1313,50.48,"daimiel",3,5
"Grass",8172,604,7.39,"daimiel",3,5
"HaloVeg",2543,740,29.1,"daimiel",3,5
"HydroRipVeg",16350,177,1.08,"daimiel",3,5
"MedSclF",623,414,66.45,"daimiel",3,5
"Reforestation",25,8,32,"daimiel",3,5
"RipF",1501,123,8.19,"daimiel",3,5
"WaterSurf",8869,0,0,"daimiel",3,5
"ArtSurf",247,20,8.1,"daimiel",3,6
"Crop",2273,112,4.93,"daimiel",3,6
"Dehesa",2601,348,13.38,"daimiel",3,6
"Grass",8172,624,7.64,"daimiel",3,6
"HaloVeg",2543,1033,40.62,"daimiel",3,6
"HydroRipVeg",16350,294,1.8,"daimiel",3,6
"MedSclF",623,493,79.13,"daimiel",3,6
"Reforestation",25,1,4,"daimiel",3,6
"RipF",1501,136,9.06,"daimiel",3,6
"WaterSurf",8869,0,0,"daimiel",3,6
"ArtSurf",247,7,2.83,"daimiel",3,7
"Crop",2273,96,4.22,"daimiel",3,7
"Dehesa",2601,108,4.15,"daimiel",3,7
"Grass",8172,472,5.78,"daimiel",3,7
"HaloVeg",2543,1137,44.71,"daimiel",3,7
"HydroRipVeg",16350,796,4.87,"daimiel",3,7
"MedSclF",623,368,59.07,"daimiel",3,7
"Reforestation",25,3,12,"daimiel",3,7
"RipF",1501,251,16.72,"daimiel",3,7
"WaterSurf",8869,5,0.06,"daimiel",3,7
"ArtSurf",247,0,0,"daimiel",3,8
"Crop",2273,0,0,"daimiel",3,8
"Dehesa",2601,0,0,"daimiel",3,8
"Grass",8172,0,0,"daimiel",3,8
"HaloVeg",2543,0,0,"daimiel",3,8
"HydroRipVeg",16350,0,0,"daimiel",3,8
"MedSclF",623,0,0,"daimiel",3,8
"Reforestation",25,0,0,"daimiel",3,8
"RipF",1501,0,0,"daimiel",3,8
"WaterSurf",8869,0,0,"daimiel",3,8
"ArtSurf",247,0,0,"daimiel",3,9
"Crop",2273,0,0,"daimiel",3,9
"Dehesa",2601,0,0,"daimiel",3,9
"Grass",8172,0,0,"daimiel",3,9
"HaloVeg",2543,0,0,"daimiel",3,9
"HydroRipVeg",16350,0,0,"daimiel",3,9
"MedSclF",623,0,0,"daimiel",3,9
"Reforestation",25,0,0,"daimiel",3,9
"RipF",1501,0,0,"daimiel",3,9
"WaterSurf",8869,0,0,"daimiel",3,9
"ArtSurf",247,0,0,"daimiel",3,10
"Crop",2273,0,0,"daimiel",3,10
"Dehesa",2601,0,0,"daimiel",3,10
"Grass",8172,0,0,"daimiel",3,10
"HaloVeg",2543,0,0,"daimiel",3,10
"HydroRipVeg",16350,0,0,"daimiel",3,10
"MedSclF",623,0,0,"daimiel",3,10
"Reforestation",25,0,0,"daimiel",3,10
"RipF",1501,0,0,"daimiel",3,10
"WaterSurf",8869,0,0,"daimiel",3,10
"ArtSurf",247,0,0,"daimiel",3,11
"Crop",2273,0,0,"daimiel",3,11
"Dehesa",2601,0,0,"daimiel",3,11
"Grass",8172,0,0,"daimiel",3,11
"HaloVeg",2543,0,0,"daimiel",3,11
"HydroRipVeg",16350,0,0,"daimiel",3,11
"MedSclF",623,0,0,"daimiel",3,11
"Reforestation",25,0,0,"daimiel",3,11
"RipF",1501,0,0,"daimiel",3,11
"WaterSurf",8869,0,0,"daimiel",3,11
"ArtSurf",247,0,0,"daimiel",3,12
"Crop",2273,0,0,"daimiel",3,12
"Dehesa",2601,0,0,"daimiel",3,12
"Grass",8172,0,0,"daimiel",3,12
"HaloVeg",2543,0,0,"daimiel",3,12
"HydroRipVeg",16350,0,0,"daimiel",3,12
"MedSclF",623,0,0,"daimiel",3,12
"Reforestation",25,0,0,"daimiel",3,12
"RipF",1501,0,0,"daimiel",3,12
"WaterSurf",8869,0,0,"daimiel",3,12
"ArtSurf",247,0,0,"daimiel",6,1
"Crop",2273,0,0,"daimiel",6,1
"Dehesa",2601,0,0,"daimiel",6,1
"Grass",8172,0,0,"daimiel",6,1
"HaloVeg",2543,0,0,"daimiel",6,1
"HydroRipVeg",16350,0,0,"daimiel",6,1
"MedSclF",623,0,0,"daimiel",6,1
"Reforestation",25,0,0,"daimiel",6,1
"RipF",1501,0,0,"daimiel",6,1
"WaterSurf",8869,0,0,"daimiel",6,1
"ArtSurf",247,0,0,"daimiel",6,2
"Crop",2273,0,0,"daimiel",6,2
"Dehesa",2601,0,0,"daimiel",6,2
"Grass",8172,0,0,"daimiel",6,2
"HaloVeg",2543,0,0,"daimiel",6,2
"HydroRipVeg",16350,0,0,"daimiel",6,2
"MedSclF",623,0,0,"daimiel",6,2
"Reforestation",25,0,0,"daimiel",6,2
"RipF",1501,0,0,"daimiel",6,2
"WaterSurf",8869,0,0,"daimiel",6,2
"ArtSurf",247,0,0,"daimiel",6,3
"Crop",2273,0,0,"daimiel",6,3
"Dehesa",2601,0,0,"daimiel",6,3
"Grass",8172,0,0,"daimiel",6,3
"HaloVeg",2543,0,0,"daimiel",6,3
"HydroRipVeg",16350,0,0,"daimiel",6,3
"MedSclF",623,0,0,"daimiel",6,3
"Reforestation",25,0,0,"daimiel",6,3
"RipF",1501,0,0,"daimiel",6,3
"WaterSurf",8869,0,0,"daimiel",6,3
"ArtSurf",247,0,0,"daimiel",6,4
"Crop",2273,0,0,"daimiel",6,4
"Dehesa",2601,0,0,"daimiel",6,4
"Grass",8172,0,0,"daimiel",6,4
"HaloVeg",2543,0,0,"daimiel",6,4
"HydroRipVeg",16350,0,0,"daimiel",6,4
"MedSclF",623,0,0,"daimiel",6,4
"Reforestation",25,0,0,"daimiel",6,4
"RipF",1501,0,0,"daimiel",6,4
"WaterSurf",8869,0,0,"daimiel",6,4
"ArtSurf",247,0,0,"daimiel",6,5
"Crop",2273,0,0,"daimiel",6,5
"Dehesa",2601,0,0,"daimiel",6,5
"Grass",8172,0,0,"daimiel",6,5
"HaloVeg",2543,0,0,"daimiel",6,5
"HydroRipVeg",16350,0,0,"daimiel",6,5
"MedSclF",623,0,0,"daimiel",6,5
"Reforestation",25,0,0,"daimiel",6,5
"RipF",1501,0,0,"daimiel",6,5
"WaterSurf",8869,0,0,"daimiel",6,5
"ArtSurf",247,10,4.05,"daimiel",6,6
"Crop",2273,68,2.99,"daimiel",6,6
"Dehesa",2601,169,6.5,"daimiel",6,6
"Grass",8172,561,6.86,"daimiel",6,6
"HaloVeg",2543,1022,40.19,"daimiel",6,6
"HydroRipVeg",16350,511,3.13,"daimiel",6,6
"MedSclF",623,420,67.42,"daimiel",6,6
"Reforestation",25,4,16,"daimiel",6,6
"RipF",1501,149,9.93,"daimiel",6,6
"WaterSurf",8869,19,0.21,"daimiel",6,6
"ArtSurf",247,6,2.43,"daimiel",6,7
"Crop",2273,76,3.34,"daimiel",6,7
"Dehesa",2601,105,4.04,"daimiel",6,7
"Grass",8172,821,10.05,"daimiel",6,7
"HaloVeg",2543,1277,50.22,"daimiel",6,7
"HydroRipVeg",16350,1456,8.91,"daimiel",6,7
"MedSclF",623,396,63.56,"daimiel",6,7
"Reforestation",25,4,16,"daimiel",6,7
"RipF",1501,275,18.32,"daimiel",6,7
"WaterSurf",8869,24,0.27,"daimiel",6,7
"ArtSurf",247,1,0.4,"daimiel",6,8
"Crop",2273,20,0.88,"daimiel",6,8
"Dehesa",2601,17,0.65,"daimiel",6,8
"Grass",8172,142,1.74,"daimiel",6,8
"HaloVeg",2543,556,21.86,"daimiel",6,8
"HydroRipVeg",16350,510,3.12,"daimiel",6,8
"MedSclF",623,47,7.54,"daimiel",6,8
"Reforestation",25,0,0,"daimiel",6,8
"RipF",1501,49,3.26,"daimiel",6,8
"WaterSurf",8869,13,0.15,"daimiel",6,8
"ArtSurf",247,0,0,"daimiel",6,9
"Crop",2273,0,0,"daimiel",6,9
"Dehesa",2601,0,0,"daimiel",6,9
"Grass",8172,0,0,"daimiel",6,9
"HaloVeg",2543,0,0,"daimiel",6,9
"HydroRipVeg",16350,0,0,"daimiel",6,9
"MedSclF",623,0,0,"daimiel",6,9
"Reforestation",25,0,0,"daimiel",6,9
"RipF",1501,0,0,"daimiel",6,9
"WaterSurf",8869,0,0,"daimiel",6,9
"ArtSurf",247,0,0,"daimiel",6,10
"Crop",2273,0,0,"daimiel",6,10
"Dehesa",2601,0,0,"daimiel",6,10
"Grass",8172,0,0,"daimiel",6,10
"HaloVeg",2543,0,0,"daimiel",6,10
"HydroRipVeg",16350,0,0,"daimiel",6,10
"MedSclF",623,0,0,"daimiel",6,10
"Reforestation",25,0,0,"daimiel",6,10
"RipF",1501,0,0,"daimiel",6,10
"WaterSurf",8869,0,0,"daimiel",6,10
"ArtSurf",247,0,0,"daimiel",6,11
"Crop",2273,0,0,"daimiel",6,11
"Dehesa",2601,0,0,"daimiel",6,11
"Grass",8172,0,0,"daimiel",6,11
"HaloVeg",2543,0,0,"daimiel",6,11
"HydroRipVeg",16350,0,0,"daimiel",6,11
"MedSclF",623,0,0,"daimiel",6,11
"Reforestation",25,0,0,"daimiel",6,11
"RipF",1501,0,0,"daimiel",6,11
"WaterSurf",8869,0,0,"daimiel",6,11
"ArtSurf",247,0,0,"daimiel",6,12
"Crop",2273,0,0,"daimiel",6,12
"Dehesa",2601,0,0,"daimiel",6,12
"Grass",8172,0,0,"daimiel",6,12
"HaloVeg",2543,0,0,"daimiel",6,12
"HydroRipVeg",16350,0,0,"daimiel",6,12
"MedSclF",623,0,0,"daimiel",6,12
"Reforestation",25,0,0,"daimiel",6,12
"RipF",1501,0,0,"daimiel",6,12
"WaterSurf",8869,0,0,"daimiel",6,12
"ArtSurf",247,0,0,"daimiel",9,1
"Crop",2273,0,0,"daimiel",9,1
"Dehesa",2601,0,0,"daimiel",9,1
"Grass",8172,0,0,"daimiel",9,1
"HaloVeg",2543,0,0,"daimiel",9,1
"HydroRipVeg",16350,0,0,"daimiel",9,1
"MedSclF",623,0,0,"daimiel",9,1
"Reforestation",25,0,0,"daimiel",9,1
"RipF",1501,0,0,"daimiel",9,1
"WaterSurf",8869,0,0,"daimiel",9,1
"ArtSurf",247,0,0,"daimiel",9,2
"Crop",2273,0,0,"daimiel",9,2
"Dehesa",2601,0,0,"daimiel",9,2
"Grass",8172,0,0,"daimiel",9,2
"HaloVeg",2543,0,0,"daimiel",9,2
"HydroRipVeg",16350,0,0,"daimiel",9,2
"MedSclF",623,0,0,"daimiel",9,2
"Reforestation",25,0,0,"daimiel",9,2
"RipF",1501,0,0,"daimiel",9,2
"WaterSurf",8869,0,0,"daimiel",9,2
"ArtSurf",247,0,0,"daimiel",9,3
"Crop",2273,0,0,"daimiel",9,3
"Dehesa",2601,0,0,"daimiel",9,3
"Grass",8172,0,0,"daimiel",9,3
"HaloVeg",2543,0,0,"daimiel",9,3
"HydroRipVeg",16350,0,0,"daimiel",9,3
"MedSclF",623,0,0,"daimiel",9,3
"Reforestation",25,0,0,"daimiel",9,3
"RipF",1501,0,0,"daimiel",9,3
"WaterSurf",8869,0,0,"daimiel",9,3
"ArtSurf",247,0,0,"daimiel",9,4
"Crop",2273,0,0,"daimiel",9,4
"Dehesa",2601,0,0,"daimiel",9,4
"Grass",8172,0,0,"daimiel",9,4
"HaloVeg",2543,0,0,"daimiel",9,4
"HydroRipVeg",16350,0,0,"daimiel",9,4
"MedSclF",623,0,0,"daimiel",9,4
"Reforestation",25,0,0,"daimiel",9,4
"RipF",1501,0,0,"daimiel",9,4
"WaterSurf",8869,0,0,"daimiel",9,4
"ArtSurf",247,0,0,"daimiel",9,5
"Crop",2273,0,0,"daimiel",9,5
"Dehesa",2601,0,0,"daimiel",9,5
"Grass",8172,0,0,"daimiel",9,5
"HaloVeg",2543,0,0,"daimiel",9,5
"HydroRipVeg",16350,0,0,"daimiel",9,5
"MedSclF",623,0,0,"daimiel",9,5
"Reforestation",25,0,0,"daimiel",9,5
"RipF",1501,0,0,"daimiel",9,5
"WaterSurf",8869,0,0,"daimiel",9,5
"ArtSurf",247,0,0,"daimiel",9,6
"Crop",2273,0,0,"daimiel",9,6
"Dehesa",2601,0,0,"daimiel",9,6
"Grass",8172,0,0,"daimiel",9,6
"HaloVeg",2543,0,0,"daimiel",9,6
"HydroRipVeg",16350,0,0,"daimiel",9,6
"MedSclF",623,0,0,"daimiel",9,6
"Reforestation",25,0,0,"daimiel",9,6
"RipF",1501,0,0,"daimiel",9,6
"WaterSurf",8869,0,0,"daimiel",9,6
"ArtSurf",247,1,0.4,"daimiel",9,7
"Crop",2273,4,0.18,"daimiel",9,7
"Dehesa",2601,2,0.08,"daimiel",9,7
"Grass",8172,15,0.18,"daimiel",9,7
"HaloVeg",2543,177,6.96,"daimiel",9,7
"HydroRipVeg",16350,121,0.74,"daimiel",9,7
"MedSclF",623,100,16.05,"daimiel",9,7
"Reforestation",25,0,0,"daimiel",9,7
"RipF",1501,28,1.87,"daimiel",9,7
"WaterSurf",8869,6,0.07,"daimiel",9,7
"ArtSurf",247,0,0,"daimiel",9,8
"Crop",2273,0,0,"daimiel",9,8
"Dehesa",2601,0,0,"daimiel",9,8
"Grass",8172,1,0.01,"daimiel",9,8
"HaloVeg",2543,0,0,"daimiel",9,8
"HydroRipVeg",16350,0,0,"daimiel",9,8
"MedSclF",623,0,0,"daimiel",9,8
"Reforestation",25,0,0,"daimiel",9,8
"RipF",1501,0,0,"daimiel",9,8
"WaterSurf",8869,0,0,"daimiel",9,8
"ArtSurf",247,0,0,"daimiel",9,9
"Crop",2273,0,0,"daimiel",9,9
"Dehesa",2601,0,0,"daimiel",9,9
"Grass",8172,0,0,"daimiel",9,9
"HaloVeg",2543,0,0,"daimiel",9,9
"HydroRipVeg",16350,0,0,"daimiel",9,9
"MedSclF",623,0,0,"daimiel",9,9
"Reforestation",25,0,0,"daimiel",9,9
"RipF",1501,0,0,"daimiel",9,9
"WaterSurf",8869,0,0,"daimiel",9,9
"ArtSurf",247,0,0,"daimiel",9,10
"Crop",2273,0,0,"daimiel",9,10
"Dehesa",2601,0,0,"daimiel",9,10
"Grass",8172,0,0,"daimiel",9,10
"HaloVeg",2543,0,0,"daimiel",9,10
"HydroRipVeg",16350,0,0,"daimiel",9,10
"MedSclF",623,0,0,"daimiel",9,10
"Reforestation",25,0,0,"daimiel",9,10
"RipF",1501,0,0,"daimiel",9,10
"WaterSurf",8869,0,0,"daimiel",9,10
"ArtSurf",247,0,0,"daimiel",9,11
"Crop",2273,0,0,"daimiel",9,11
"Dehesa",2601,0,0,"daimiel",9,11
"Grass",8172,0,0,"daimiel",9,11
"HaloVeg",2543,0,0,"daimiel",9,11
"HydroRipVeg",16350,0,0,"daimiel",9,11
"MedSclF",623,0,0,"daimiel",9,11
"Reforestation",25,0,0,"daimiel",9,11
"RipF",1501,0,0,"daimiel",9,11
"WaterSurf",8869,0,0,"daimiel",9,11
"ArtSurf",247,0,0,"daimiel",9,12
"Crop",2273,0,0,"daimiel",9,12
"Dehesa",2601,0,0,"daimiel",9,12
"Grass",8172,0,0,"daimiel",9,12
"HaloVeg",2543,0,0,"daimiel",9,12
"HydroRipVeg",16350,0,0,"daimiel",9,12
"MedSclF",623,0,0,"daimiel",9,12
"Reforestation",25,0,0,"daimiel",9,12
"RipF",1501,0,0,"daimiel",9,12
"WaterSurf",8869,0,0,"daimiel",9,12
"ArtSurf",247,0,0,"daimiel",12,1
"Crop",2273,0,0,"daimiel",12,1
"Dehesa",2601,0,0,"daimiel",12,1
"Grass",8172,0,0,"daimiel",12,1
"HaloVeg",2543,0,0,"daimiel",12,1
"HydroRipVeg",16350,0,0,"daimiel",12,1
"MedSclF",623,0,0,"daimiel",12,1
"Reforestation",25,0,0,"daimiel",12,1
"RipF",1501,0,0,"daimiel",12,1
"WaterSurf",8869,0,0,"daimiel",12,1
"ArtSurf",247,0,0,"daimiel",12,2
"Crop",2273,0,0,"daimiel",12,2
"Dehesa",2601,0,0,"daimiel",12,2
"Grass",8172,0,0,"daimiel",12,2
"HaloVeg",2543,0,0,"daimiel",12,2
"HydroRipVeg",16350,0,0,"daimiel",12,2
"MedSclF",623,0,0,"daimiel",12,2
"Reforestation",25,0,0,"daimiel",12,2
"RipF",1501,0,0,"daimiel",12,2
"WaterSurf",8869,0,0,"daimiel",12,2
"ArtSurf",247,0,0,"daimiel",12,3
"Crop",2273,0,0,"daimiel",12,3
"Dehesa",2601,0,0,"daimiel",12,3
"Grass",8172,0,0,"daimiel",12,3
"HaloVeg",2543,0,0,"daimiel",12,3
"HydroRipVeg",16350,0,0,"daimiel",12,3
"MedSclF",623,0,0,"daimiel",12,3
"Reforestation",25,0,0,"daimiel",12,3
"RipF",1501,0,0,"daimiel",12,3
"WaterSurf",8869,0,0,"daimiel",12,3
"ArtSurf",247,0,0,"daimiel",12,4
"Crop",2273,0,0,"daimiel",12,4
"Dehesa",2601,0,0,"daimiel",12,4
"Grass",8172,0,0,"daimiel",12,4
"HaloVeg",2543,0,0,"daimiel",12,4
"HydroRipVeg",16350,0,0,"daimiel",12,4
"MedSclF",623,0,0,"daimiel",12,4
"Reforestation",25,0,0,"daimiel",12,4
"RipF",1501,0,0,"daimiel",12,4
"WaterSurf",8869,0,0,"daimiel",12,4
"ArtSurf",247,0,0,"daimiel",12,5
"Crop",2273,0,0,"daimiel",12,5
"Dehesa",2601,0,0,"daimiel",12,5
"Grass",8172,0,0,"daimiel",12,5
"HaloVeg",2543,0,0,"daimiel",12,5
"HydroRipVeg",16350,0,0,"daimiel",12,5
"MedSclF",623,0,0,"daimiel",12,5
"Reforestation",25,0,0,"daimiel",12,5
"RipF",1501,0,0,"daimiel",12,5
"WaterSurf",8869,0,0,"daimiel",12,5
"ArtSurf",247,0,0,"daimiel",12,6
"Crop",2273,0,0,"daimiel",12,6
"Dehesa",2601,0,0,"daimiel",12,6
"Grass",8172,0,0,"daimiel",12,6
"HaloVeg",2543,0,0,"daimiel",12,6
"HydroRipVeg",16350,0,0,"daimiel",12,6
"MedSclF",623,0,0,"daimiel",12,6
"Reforestation",25,0,0,"daimiel",12,6
"RipF",1501,0,0,"daimiel",12,6
"WaterSurf",8869,0,0,"daimiel",12,6
"ArtSurf",247,0,0,"daimiel",12,7
"Crop",2273,0,0,"daimiel",12,7
"Dehesa",2601,0,0,"daimiel",12,7
"Grass",8172,0,0,"daimiel",12,7
"HaloVeg",2543,0,0,"daimiel",12,7
"HydroRipVeg",16350,0,0,"daimiel",12,7
"MedSclF",623,0,0,"daimiel",12,7
"Reforestation",25,0,0,"daimiel",12,7
"RipF",1501,0,0,"daimiel",12,7
"WaterSurf",8869,0,0,"daimiel",12,7
"ArtSurf",247,0,0,"daimiel",12,8
"Crop",2273,5,0.22,"daimiel",12,8
"Dehesa",2601,0,0,"daimiel",12,8
"Grass",8172,0,0,"daimiel",12,8
"HaloVeg",2543,0,0,"daimiel",12,8
"HydroRipVeg",16350,0,0,"daimiel",12,8
"MedSclF",623,0,0,"daimiel",12,8
"Reforestation",25,0,0,"daimiel",12,8
"RipF",1501,0,0,"daimiel",12,8
"WaterSurf",8869,0,0,"daimiel",12,8
"ArtSurf",247,0,0,"daimiel",12,9
"Crop",2273,0,0,"daimiel",12,9
"Dehesa",2601,0,0,"daimiel",12,9
"Grass",8172,0,0,"daimiel",12,9
"HaloVeg",2543,0,0,"daimiel",12,9
"HydroRipVeg",16350,0,0,"daimiel",12,9
"MedSclF",623,0,0,"daimiel",12,9
"Reforestation",25,0,0,"daimiel",12,9
"RipF",1501,0,0,"daimiel",12,9
"WaterSurf",8869,0,0,"daimiel",12,9
"ArtSurf",247,0,0,"daimiel",12,10
"Crop",2273,0,0,"daimiel",12,10
"Dehesa",2601,0,0,"daimiel",12,10
"Grass",8172,0,0,"daimiel",12,10
"HaloVeg",2543,0,0,"daimiel",12,10
"HydroRipVeg",16350,0,0,"daimiel",12,10
"MedSclF",623,0,0,"daimiel",12,10
"Reforestation",25,0,0,"daimiel",12,10
"RipF",1501,0,0,"daimiel",12,10
"WaterSurf",8869,0,0,"daimiel",12,10
"ArtSurf",247,0,0,"daimiel",12,11
"Crop",2273,0,0,"daimiel",12,11
"Dehesa",2601,0,0,"daimiel",12,11
"Grass",8172,0,0,"daimiel",12,11
"HaloVeg",2543,0,0,"daimiel",12,11
"HydroRipVeg",16350,0,0,"daimiel",12,11
"MedSclF",623,0,0,"daimiel",12,11
"Reforestation",25,0,0,"daimiel",12,11
"RipF",1501,0,0,"daimiel",12,11
"WaterSurf",8869,0,0,"daimiel",12,11
"ArtSurf",247,0,0,"daimiel",12,12
"Crop",2273,0,0,"daimiel",12,12
"Dehesa",2601,0,0,"daimiel",12,12
"Grass",8172,0,0,"daimiel",12,12
"HaloVeg",2543,0,0,"daimiel",12,12
"HydroRipVeg",16350,0,0,"daimiel",12,12
"MedSclF",623,0,0,"daimiel",12,12
"Reforestation",25,0,0,"daimiel",12,12
"RipF",1501,0,0,"daimiel",12,12
"WaterSurf",8869,0,0,"daimiel",12,12
"ArtSurf",12613,0,0,"donana",1,1
"BareArea",6426,0,0,"donana",1,1
"DuneSand",52133,0,0,"donana",1,1
"Grass",23898,0,0,"donana",1,1
"HydroRipVeg",39646,0,0,"donana",1,1
"MedConF",76259,0,0,"donana",1,1
"MedSclF",6483,0,0,"donana",1,1
"MedScrub",129201,0,0,"donana",1,1
"Reforestation",2747,0,0,"donana",1,1
"RipF",418,0,0,"donana",1,1
"SaltMar",344960,0,0,"donana",1,1
"Shrub",6017,0,0,"donana",1,1
"WaterSurf",41748,0,0,"donana",1,1
"ArtSurf",12613,0,0,"donana",1,2
"BareArea",6426,0,0,"donana",1,2
"DuneSand",52133,0,0,"donana",1,2
"Grass",23898,0,0,"donana",1,2
"HydroRipVeg",39646,0,0,"donana",1,2
"MedConF",76259,0,0,"donana",1,2
"MedSclF",6483,0,0,"donana",1,2
"MedScrub",129201,0,0,"donana",1,2
"Reforestation",2747,0,0,"donana",1,2
"RipF",418,0,0,"donana",1,2
"SaltMar",344960,0,0,"donana",1,2
"Shrub",6017,0,0,"donana",1,2
"WaterSurf",41748,0,0,"donana",1,2
"ArtSurf",12613,0,0,"donana",1,3
"BareArea",6426,0,0,"donana",1,3
"DuneSand",52133,0,0,"donana",1,3
"Grass",23898,0,0,"donana",1,3
"HydroRipVeg",39646,0,0,"donana",1,3
"MedConF",76259,0,0,"donana",1,3
"MedSclF",6483,0,0,"donana",1,3
"MedScrub",129201,0,0,"donana",1,3
"Reforestation",2747,0,0,"donana",1,3
"RipF",418,0,0,"donana",1,3
"SaltMar",344960,0,0,"donana",1,3
"Shrub",6017,0,0,"donana",1,3
"WaterSurf",41748,0,0,"donana",1,3
"ArtSurf",12613,0,0,"donana",1,4
"BareArea",6426,0,0,"donana",1,4
"DuneSand",52133,0,0,"donana",1,4
"Grass",23898,0,0,"donana",1,4
"HydroRipVeg",39646,0,0,"donana",1,4
"MedConF",76259,0,0,"donana",1,4
"MedSclF",6483,0,0,"donana",1,4
"MedScrub",129201,0,0,"donana",1,4
"Reforestation",2747,0,0,"donana",1,4
"RipF",418,0,0,"donana",1,4
"SaltMar",344960,0,0,"donana",1,4
"Shrub",6017,0,0,"donana",1,4
"WaterSurf",41748,0,0,"donana",1,4
"ArtSurf",12613,0,0,"donana",1,5
"BareArea",6426,0,0,"donana",1,5
"DuneSand",52133,0,0,"donana",1,5
"Grass",23898,0,0,"donana",1,5
"HydroRipVeg",39646,0,0,"donana",1,5
"MedConF",76259,0,0,"donana",1,5
"MedSclF",6483,0,0,"donana",1,5
"MedScrub",129201,0,0,"donana",1,5
"Reforestation",2747,0,0,"donana",1,5
"RipF",418,0,0,"donana",1,5
"SaltMar",344960,0,0,"donana",1,5
"Shrub",6017,0,0,"donana",1,5
"WaterSurf",41748,0,0,"donana",1,5
"ArtSurf",12613,0,0,"donana",1,6
"BareArea",6426,0,0,"donana",1,6
"DuneSand",52133,0,0,"donana",1,6
"Grass",23898,0,0,"donana",1,6
"HydroRipVeg",39646,0,0,"donana",1,6
"MedConF",76259,0,0,"donana",1,6
"MedSclF",6483,0,0,"donana",1,6
"MedScrub",129201,0,0,"donana",1,6
"Reforestation",2747,0,0,"donana",1,6
"RipF",418,0,0,"donana",1,6
"SaltMar",344960,0,0,"donana",1,6
"Shrub",6017,0,0,"donana",1,6
"WaterSurf",41748,0,0,"donana",1,6
"ArtSurf",12613,0,0,"donana",1,7
"BareArea",6426,0,0,"donana",1,7
"DuneSand",52133,0,0,"donana",1,7
"Grass",23898,0,0,"donana",1,7
"HydroRipVeg",39646,0,0,"donana",1,7
"MedConF",76259,0,0,"donana",1,7
"MedSclF",6483,0,0,"donana",1,7
"MedScrub",129201,0,0,"donana",1,7
"Reforestation",2747,0,0,"donana",1,7
"RipF",418,0,0,"donana",1,7
"SaltMar",344960,0,0,"donana",1,7
"Shrub",6017,0,0,"donana",1,7
"WaterSurf",41748,0,0,"donana",1,7
"ArtSurf",12613,0,0,"donana",1,8
"BareArea",6426,0,0,"donana",1,8
"DuneSand",52133,0,0,"donana",1,8
"Grass",23898,0,0,"donana",1,8
"HydroRipVeg",39646,0,0,"donana",1,8
"MedConF",76259,0,0,"donana",1,8
"MedSclF",6483,0,0,"donana",1,8
"MedScrub",129201,0,0,"donana",1,8
"Reforestation",2747,0,0,"donana",1,8
"RipF",418,0,0,"donana",1,8
"SaltMar",344960,0,0,"donana",1,8
"Shrub",6017,0,0,"donana",1,8
"WaterSurf",41748,0,0,"donana",1,8
"ArtSurf",12613,10,0.08,"donana",1,9
"BareArea",6426,34,0.53,"donana",1,9
"DuneSand",52133,105,0.2,"donana",1,9
"Grass",23898,19,0.08,"donana",1,9
"HydroRipVeg",39646,0,0,"donana",1,9
"MedConF",76259,77,0.1,"donana",1,9
"MedSclF",6483,1,0.02,"donana",1,9
"MedScrub",129201,39,0.03,"donana",1,9
"Reforestation",2747,2,0.07,"donana",1,9
"RipF",418,0,0,"donana",1,9
"SaltMar",344960,101,0.03,"donana",1,9
"Shrub",6017,0,0,"donana",1,9
"WaterSurf",41748,61,0.15,"donana",1,9
"ArtSurf",12613,0,0,"donana",1,10
"BareArea",6426,0,0,"donana",1,10
"DuneSand",52133,0,0,"donana",1,10
"Grass",23898,0,0,"donana",1,10
"HydroRipVeg",39646,0,0,"donana",1,10
"MedConF",76259,0,0,"donana",1,10
"MedSclF",6483,0,0,"donana",1,10
"MedScrub",129201,0,0,"donana",1,10
"Reforestation",2747,0,0,"donana",1,10
"RipF",418,0,0,"donana",1,10
"SaltMar",344960,0,0,"donana",1,10
"Shrub",6017,0,0,"donana",1,10
"WaterSurf",41748,0,0,"donana",1,10
"ArtSurf",12613,0,0,"donana",1,11
"BareArea",6426,0,0,"donana",1,11
"DuneSand",52133,0,0,"donana",1,11
"Grass",23898,0,0,"donana",1,11
"HydroRipVeg",39646,0,0,"donana",1,11
"MedConF",76259,0,0,"donana",1,11
"MedSclF",6483,0,0,"donana",1,11
"MedScrub",129201,0,0,"donana",1,11
"Reforestation",2747,0,0,"donana",1,11
"RipF",418,0,0,"donana",1,11
"SaltMar",344960,0,0,"donana",1,11
"Shrub",6017,0,0,"donana",1,11
"WaterSurf",41748,0,0,"donana",1,11
"ArtSurf",12613,0,0,"donana",1,12
"BareArea",6426,0,0,"donana",1,12
"DuneSand",52133,0,0,"donana",1,12
"Grass",23898,0,0,"donana",1,12
"HydroRipVeg",39646,0,0,"donana",1,12
"MedConF",76259,0,0,"donana",1,12
"MedSclF",6483,0,0,"donana",1,12
"MedScrub",129201,0,0,"donana",1,12
"Reforestation",2747,0,0,"donana",1,12
"RipF",418,0,0,"donana",1,12
"SaltMar",344960,0,0,"donana",1,12
"Shrub",6017,0,0,"donana",1,12
"WaterSurf",41748,0,0,"donana",1,12
"ArtSurf",12613,0,0,"donana",3,1
"BareArea",6426,0,0,"donana",3,1
"DuneSand",52133,0,0,"donana",3,1
"Grass",23898,0,0,"donana",3,1
"HydroRipVeg",39646,0,0,"donana",3,1
"MedConF",76259,0,0,"donana",3,1
"MedSclF",6483,0,0,"donana",3,1
"MedScrub",129201,0,0,"donana",3,1
"Reforestation",2747,0,0,"donana",3,1
"RipF",418,0,0,"donana",3,1
"SaltMar",344960,0,0,"donana",3,1
"Shrub",6017,0,0,"donana",3,1
"WaterSurf",41748,0,0,"donana",3,1
"ArtSurf",12613,0,0,"donana",3,2
"BareArea",6426,0,0,"donana",3,2
"DuneSand",52133,0,0,"donana",3,2
"Grass",23898,0,0,"donana",3,2
"HydroRipVeg",39646,0,0,"donana",3,2
"MedConF",76259,0,0,"donana",3,2
"MedSclF",6483,0,0,"donana",3,2
"MedScrub",129201,0,0,"donana",3,2
"Reforestation",2747,0,0,"donana",3,2
"RipF",418,0,0,"donana",3,2
"SaltMar",344960,0,0,"donana",3,2
"Shrub",6017,0,0,"donana",3,2
"WaterSurf",41748,0,0,"donana",3,2
"ArtSurf",12613,0,0,"donana",3,3
"BareArea",6426,0,0,"donana",3,3
"DuneSand",52133,0,0,"donana",3,3
"Grass",23898,0,0,"donana",3,3
"HydroRipVeg",39646,0,0,"donana",3,3
"MedConF",76259,0,0,"donana",3,3
"MedSclF",6483,0,0,"donana",3,3
"MedScrub",129201,0,0,"donana",3,3
"Reforestation",2747,0,0,"donana",3,3
"RipF",418,0,0,"donana",3,3
"SaltMar",344960,0,0,"donana",3,3
"Shrub",6017,0,0,"donana",3,3
"WaterSurf",41748,0,0,"donana",3,3
"ArtSurf",12613,0,0,"donana",3,4
"BareArea",6426,0,0,"donana",3,4
"DuneSand",52133,0,0,"donana",3,4
"Grass",23898,0,0,"donana",3,4
"HydroRipVeg",39646,0,0,"donana",3,4
"MedConF",76259,0,0,"donana",3,4
"MedSclF",6483,0,0,"donana",3,4
"MedScrub",129201,0,0,"donana",3,4
"Reforestation",2747,0,0,"donana",3,4
"RipF",418,0,0,"donana",3,4
"SaltMar",344960,0,0,"donana",3,4
"Shrub",6017,0,0,"donana",3,4
"WaterSurf",41748,0,0,"donana",3,4
"ArtSurf",12613,0,0,"donana",3,5
"BareArea",6426,0,0,"donana",3,5
"DuneSand",52133,0,0,"donana",3,5
"Grass",23898,0,0,"donana",3,5
"HydroRipVeg",39646,0,0,"donana",3,5
"MedConF",76259,0,0,"donana",3,5
"MedSclF",6483,0,0,"donana",3,5
"MedScrub",129201,0,0,"donana",3,5
"Reforestation",2747,0,0,"donana",3,5
"RipF",418,0,0,"donana",3,5
"SaltMar",344960,0,0,"donana",3,5
"Shrub",6017,0,0,"donana",3,5
"WaterSurf",41748,0,0,"donana",3,5
"ArtSurf",12613,0,0,"donana",3,6
"BareArea",6426,0,0,"donana",3,6
"DuneSand",52133,0,0,"donana",3,6
"Grass",23898,0,0,"donana",3,6
"HydroRipVeg",39646,0,0,"donana",3,6
"MedConF",76259,0,0,"donana",3,6
"MedSclF",6483,0,0,"donana",3,6
"MedScrub",129201,0,0,"donana",3,6
"Reforestation",2747,0,0,"donana",3,6
"RipF",418,0,0,"donana",3,6
"SaltMar",344960,0,0,"donana",3,6
"Shrub",6017,0,0,"donana",3,6
"WaterSurf",41748,0,0,"donana",3,6
"ArtSurf",12613,0,0,"donana",3,7
"BareArea",6426,0,0,"donana",3,7
"DuneSand",52133,0,0,"donana",3,7
"Grass",23898,0,0,"donana",3,7
"HydroRipVeg",39646,0,0,"donana",3,7
"MedConF",76259,0,0,"donana",3,7
"MedSclF",6483,0,0,"donana",3,7
"MedScrub",129201,0,0,"donana",3,7
"Reforestation",2747,0,0,"donana",3,7
"RipF",418,0,0,"donana",3,7
"SaltMar",344960,0,0,"donana",3,7
"Shrub",6017,0,0,"donana",3,7
"WaterSurf",41748,0,0,"donana",3,7
"ArtSurf",12613,0,0,"donana",3,8
"BareArea",6426,0,0,"donana",3,8
"DuneSand",52133,0,0,"donana",3,8
"Grass",23898,0,0,"donana",3,8
"HydroRipVeg",39646,0,0,"donana",3,8
"MedConF",76259,0,0,"donana",3,8
"MedSclF",6483,0,0,"donana",3,8
"MedScrub",129201,0,0,"donana",3,8
"Reforestation",2747,0,0,"donana",3,8
"RipF",418,0,0,"donana",3,8
"SaltMar",344960,0,0,"donana",3,8
"Shrub",6017,0,0,"donana",3,8
"WaterSurf",41748,0,0,"donana",3,8
"ArtSurf",12613,26,0.21,"donana",3,9
"BareArea",6426,0,0,"donana",3,9
"DuneSand",52133,5,0.01,"donana",3,9
"Grass",23898,45,0.19,"donana",3,9
"HydroRipVeg",39646,85,0.21,"donana",3,9
"MedConF",76259,639,0.84,"donana",3,9
"MedSclF",6483,7,0.11,"donana",3,9
"MedScrub",129201,436,0.34,"donana",3,9
"Reforestation",2747,3,0.11,"donana",3,9
"RipF",418,0,0,"donana",3,9
"SaltMar",344960,505,0.15,"donana",3,9
"Shrub",6017,10,0.17,"donana",3,9
"WaterSurf",41748,29,0.07,"donana",3,9
"ArtSurf",12613,0,0,"donana",3,10
"BareArea",6426,0,0,"donana",3,10
"DuneSand",52133,0,0,"donana",3,10
"Grass",23898,6,0.03,"donana",3,10
"HydroRipVeg",39646,0,0,"donana",3,10
"MedConF",76259,4,0.01,"donana",3,10
"MedSclF",6483,0,0,"donana",3,10
"MedScrub",129201,10,0.01,"donana",3,10
"Reforestation",2747,0,0,"donana",3,10
"RipF",418,0,0,"donana",3,10
"SaltMar",344960,1,0,"donana",3,10
"Shrub",6017,0,0,"donana",3,10
"WaterSurf",41748,0,0,"donana",3,10
"ArtSurf",12613,0,0,"donana",3,11
"BareArea",6426,0,0,"donana",3,11
"DuneSand",52133,0,0,"donana",3,11
"Grass",23898,0,0,"donana",3,11
"HydroRipVeg",39646,0,0,"donana",3,11
"MedConF",76259,0,0,"donana",3,11
"MedSclF",6483,0,0,"donana",3,11
"MedScrub",129201,0,0,"donana",3,11
"Reforestation",2747,0,0,"donana",3,11
"RipF",418,0,0,"donana",3,11
"SaltMar",344960,0,0,"donana",3,11
"Shrub",6017,0,0,"donana",3,11
"WaterSurf",41748,0,0,"donana",3,11
"ArtSurf",12613,0,0,"donana",3,12
"BareArea",6426,0,0,"donana",3,12
"DuneSand",52133,0,0,"donana",3,12
"Grass",23898,0,0,"donana",3,12
"HydroRipVeg",39646,0,0,"donana",3,12
"MedConF",76259,0,0,"donana",3,12
"MedSclF",6483,0,0,"donana",3,12
"MedScrub",129201,0,0,"donana",3,12
"Reforestation",2747,0,0,"donana",3,12
"RipF",418,0,0,"donana",3,12
"SaltMar",344960,0,0,"donana",3,12
"Shrub",6017,0,0,"donana",3,12
"WaterSurf",41748,0,0,"donana",3,12
"ArtSurf",12613,0,0,"donana",6,1
"BareArea",6426,0,0,"donana",6,1
"DuneSand",52133,0,0,"donana",6,1
"Grass",23898,0,0,"donana",6,1
"HydroRipVeg",39646,0,0,"donana",6,1
"MedConF",76259,0,0,"donana",6,1
"MedSclF",6483,0,0,"donana",6,1
"MedScrub",129201,0,0,"donana",6,1
"Reforestation",2747,0,0,"donana",6,1
"RipF",418,0,0,"donana",6,1
"SaltMar",344960,0,0,"donana",6,1
"Shrub",6017,0,0,"donana",6,1
"WaterSurf",41748,0,0,"donana",6,1
"ArtSurf",12613,0,0,"donana",6,2
"BareArea",6426,0,0,"donana",6,2
"DuneSand",52133,0,0,"donana",6,2
"Grass",23898,0,0,"donana",6,2
"HydroRipVeg",39646,0,0,"donana",6,2
"MedConF",76259,0,0,"donana",6,2
"MedSclF",6483,0,0,"donana",6,2
"MedScrub",129201,0,0,"donana",6,2
"Reforestation",2747,0,0,"donana",6,2
"RipF",418,0,0,"donana",6,2
"SaltMar",344960,0,0,"donana",6,2
"Shrub",6017,0,0,"donana",6,2
"WaterSurf",41748,0,0,"donana",6,2
"ArtSurf",12613,0,0,"donana",6,3
"BareArea",6426,0,0,"donana",6,3
"DuneSand",52133,0,0,"donana",6,3
"Grass",23898,0,0,"donana",6,3
"HydroRipVeg",39646,0,0,"donana",6,3
"MedConF",76259,0,0,"donana",6,3
"MedSclF",6483,0,0,"donana",6,3
"MedScrub",129201,0,0,"donana",6,3
"Reforestation",2747,0,0,"donana",6,3
"RipF",418,0,0,"donana",6,3
"SaltMar",344960,0,0,"donana",6,3
"Shrub",6017,0,0,"donana",6,3
"WaterSurf",41748,0,0,"donana",6,3
"ArtSurf",12613,3299,26.16,"donana",6,4
"BareArea",6426,360,5.6,"donana",6,4
"DuneSand",52133,1288,2.47,"donana",6,4
"Grass",23898,14791,61.89,"donana",6,4
"HydroRipVeg",39646,6037,15.23,"donana",6,4
"MedConF",76259,18370,24.09,"donana",6,4
"MedSclF",6483,2823,43.54,"donana",6,4
"MedScrub",129201,19963,15.45,"donana",6,4
"Reforestation",2747,571,20.79,"donana",6,4
"RipF",418,215,51.44,"donana",6,4
"SaltMar",344960,66975,19.42,"donana",6,4
"Shrub",6017,2240,37.23,"donana",6,4
"WaterSurf",41748,158,0.38,"donana",6,4
"ArtSurf",12613,0,0,"donana",6,5
"BareArea",6426,0,0,"donana",6,5
"DuneSand",52133,0,0,"donana",6,5
"Grass",23898,0,0,"donana",6,5
"HydroRipVeg",39646,0,0,"donana",6,5
"MedConF",76259,0,0,"donana",6,5
"MedSclF",6483,0,0,"donana",6,5
"MedScrub",129201,0,0,"donana",6,5
"Reforestation",2747,0,0,"donana",6,5
"RipF",418,0,0,"donana",6,5
"SaltMar",344960,0,0,"donana",6,5
"Shrub",6017,0,0,"donana",6,5
"WaterSurf",41748,0,0,"donana",6,5
"ArtSurf",12613,0,0,"donana",6,6
"BareArea",6426,0,0,"donana",6,6
"DuneSand",52133,0,0,"donana",6,6
"Grass",23898,0,0,"donana",6,6
"HydroRipVeg",39646,0,0,"donana",6,6
"MedConF",76259,0,0,"donana",6,6
"MedSclF",6483,0,0,"donana",6,6
"MedScrub",129201,0,0,"donana",6,6
"Reforestation",2747,0,0,"donana",6,6
"RipF",418,0,0,"donana",6,6
"SaltMar",344960,0,0,"donana",6,6
"Shrub",6017,0,0,"donana",6,6
"WaterSurf",41748,0,0,"donana",6,6
"ArtSurf",12613,0,0,"donana",6,7
"BareArea",6426,0,0,"donana",6,7
"DuneSand",52133,0,0,"donana",6,7
"Grass",23898,0,0,"donana",6,7
"HydroRipVeg",39646,0,0,"donana",6,7
"MedConF",76259,0,0,"donana",6,7
"MedSclF",6483,0,0,"donana",6,7
"MedScrub",129201,0,0,"donana",6,7
"Reforestation",2747,0,0,"donana",6,7
"RipF",418,0,0,"donana",6,7
"SaltMar",344960,0,0,"donana",6,7
"Shrub",6017,0,0,"donana",6,7
"WaterSurf",41748,0,0,"donana",6,7
"ArtSurf",12613,0,0,"donana",6,8
"BareArea",6426,0,0,"donana",6,8
"DuneSand",52133,0,0,"donana",6,8
"Grass",23898,0,0,"donana",6,8
"HydroRipVeg",39646,0,0,"donana",6,8
"MedConF",76259,0,0,"donana",6,8
"MedSclF",6483,0,0,"donana",6,8
"MedScrub",129201,0,0,"donana",6,8
"Reforestation",2747,0,0,"donana",6,8
"RipF",418,0,0,"donana",6,8
"SaltMar",344960,0,0,"donana",6,8
"Shrub",6017,0,0,"donana",6,8
"WaterSurf",41748,0,0,"donana",6,8
"ArtSurf",12613,0,0,"donana",6,9
"BareArea",6426,0,0,"donana",6,9
"DuneSand",52133,0,0,"donana",6,9
"Grass",23898,0,0,"donana",6,9
"HydroRipVeg",39646,0,0,"donana",6,9
"MedConF",76259,0,0,"donana",6,9
"MedSclF",6483,0,0,"donana",6,9
"MedScrub",129201,0,0,"donana",6,9
"Reforestation",2747,0,0,"donana",6,9
"RipF",418,0,0,"donana",6,9
"SaltMar",344960,0,0,"donana",6,9
"Shrub",6017,0,0,"donana",6,9
"WaterSurf",41748,0,0,"donana",6,9
"ArtSurf",12613,0,0,"donana",6,10
"BareArea",6426,0,0,"donana",6,10
"DuneSand",52133,0,0,"donana",6,10
"Grass",23898,0,0,"donana",6,10
"HydroRipVeg",39646,0,0,"donana",6,10
"MedConF",76259,0,0,"donana",6,10
"MedSclF",6483,0,0,"donana",6,10
"MedScrub",129201,0,0,"donana",6,10
"Reforestation",2747,0,0,"donana",6,10
"RipF",418,0,0,"donana",6,10
"SaltMar",344960,0,0,"donana",6,10
"Shrub",6017,0,0,"donana",6,10
"WaterSurf",41748,0,0,"donana",6,10
"ArtSurf",12613,0,0,"donana",6,11
"BareArea",6426,0,0,"donana",6,11
"DuneSand",52133,0,0,"donana",6,11
"Grass",23898,0,0,"donana",6,11
"HydroRipVeg",39646,0,0,"donana",6,11
"MedConF",76259,0,0,"donana",6,11
"MedSclF",6483,0,0,"donana",6,11
"MedScrub",129201,0,0,"donana",6,11
"Reforestation",2747,0,0,"donana",6,11
"RipF",418,0,0,"donana",6,11
"SaltMar",344960,0,0,"donana",6,11
"Shrub",6017,0,0,"donana",6,11
"WaterSurf",41748,0,0,"donana",6,11
"ArtSurf",12613,0,0,"donana",6,12
"BareArea",6426,0,0,"donana",6,12
"DuneSand",52133,0,0,"donana",6,12
"Grass",23898,0,0,"donana",6,12
"HydroRipVeg",39646,0,0,"donana",6,12
"MedConF",76259,0,0,"donana",6,12
"MedSclF",6483,0,0,"donana",6,12
"MedScrub",129201,0,0,"donana",6,12
"Reforestation",2747,0,0,"donana",6,12
"RipF",418,0,0,"donana",6,12
"SaltMar",344960,0,0,"donana",6,12
"Shrub",6017,0,0,"donana",6,12
"WaterSurf",41748,0,0,"donana",6,12
"ArtSurf",12613,0,0,"donana",9,1
"BareArea",6426,0,0,"donana",9,1
"DuneSand",52133,0,0,"donana",9,1
"Grass",23898,0,0,"donana",9,1
"HydroRipVeg",39646,0,0,"donana",9,1
"MedConF",76259,0,0,"donana",9,1
"MedSclF",6483,0,0,"donana",9,1
"MedScrub",129201,0,0,"donana",9,1
"Reforestation",2747,0,0,"donana",9,1
"RipF",418,0,0,"donana",9,1
"SaltMar",344960,0,0,"donana",9,1
"Shrub",6017,0,0,"donana",9,1
"WaterSurf",41748,0,0,"donana",9,1
"ArtSurf",12613,0,0,"donana",9,2
"BareArea",6426,0,0,"donana",9,2
"DuneSand",52133,0,0,"donana",9,2
"Grass",23898,0,0,"donana",9,2
"HydroRipVeg",39646,0,0,"donana",9,2
"MedConF",76259,0,0,"donana",9,2
"MedSclF",6483,0,0,"donana",9,2
"MedScrub",129201,0,0,"donana",9,2
"Reforestation",2747,0,0,"donana",9,2
"RipF",418,0,0,"donana",9,2
"SaltMar",344960,0,0,"donana",9,2
"Shrub",6017,0,0,"donana",9,2
"WaterSurf",41748,0,0,"donana",9,2
"ArtSurf",12613,0,0,"donana",9,3
"BareArea",6426,0,0,"donana",9,3
"DuneSand",52133,0,0,"donana",9,3
"Grass",23898,0,0,"donana",9,3
"HydroRipVeg",39646,0,0,"donana",9,3
"MedConF",76259,0,0,"donana",9,3
"MedSclF",6483,0,0,"donana",9,3
"MedScrub",129201,0,0,"donana",9,3
"Reforestation",2747,0,0,"donana",9,3
"RipF",418,0,0,"donana",9,3
"SaltMar",344960,0,0,"donana",9,3
"Shrub",6017,0,0,"donana",9,3
"WaterSurf",41748,0,0,"donana",9,3
"ArtSurf",12613,278,2.2,"donana",9,4
"BareArea",6426,17,0.26,"donana",9,4
"DuneSand",52133,523,1,"donana",9,4
"Grass",23898,1497,6.26,"donana",9,4
"HydroRipVeg",39646,449,1.13,"donana",9,4
"MedConF",76259,1982,2.6,"donana",9,4
"MedSclF",6483,360,5.55,"donana",9,4
"MedScrub",129201,5038,3.9,"donana",9,4
"Reforestation",2747,98,3.57,"donana",9,4
"RipF",418,29,6.94,"donana",9,4
"SaltMar",344960,2273,0.66,"donana",9,4
"Shrub",6017,335,5.57,"donana",9,4
"WaterSurf",41748,9,0.02,"donana",9,4
"ArtSurf",12613,0,0,"donana",9,5
"BareArea",6426,0,0,"donana",9,5
"DuneSand",52133,0,0,"donana",9,5
"Grass",23898,0,0,"donana",9,5
"HydroRipVeg",39646,0,0,"donana",9,5
"MedConF",76259,0,0,"donana",9,5
"MedSclF",6483,0,0,"donana",9,5
"MedScrub",129201,1,0,"donana",9,5
"Reforestation",2747,0,0,"donana",9,5
"RipF",418,0,0,"donana",9,5
"SaltMar",344960,0,0,"donana",9,5
"Shrub",6017,0,0,"donana",9,5
"WaterSurf",41748,0,0,"donana",9,5
"ArtSurf",12613,0,0,"donana",9,6
"BareArea",6426,0,0,"donana",9,6
"DuneSand",52133,0,0,"donana",9,6
"Grass",23898,0,0,"donana",9,6
"HydroRipVeg",39646,0,0,"donana",9,6
"MedConF",76259,0,0,"donana",9,6
"MedSclF",6483,0,0,"donana",9,6
"MedScrub",129201,0,0,"donana",9,6
"Reforestation",2747,0,0,"donana",9,6
"RipF",418,0,0,"donana",9,6
"SaltMar",344960,0,0,"donana",9,6
"Shrub",6017,0,0,"donana",9,6
"WaterSurf",41748,0,0,"donana",9,6
"ArtSurf",12613,759,6.02,"donana",9,7
"BareArea",6426,416,6.47,"donana",9,7
"DuneSand",52133,1095,2.1,"donana",9,7
"Grass",23898,4041,16.91,"donana",9,7
"HydroRipVeg",39646,4287,10.81,"donana",9,7
"MedConF",76259,5193,6.81,"donana",9,7
"MedSclF",6483,1251,19.3,"donana",9,7
"MedScrub",129201,8932,6.91,"donana",9,7
"Reforestation",2747,52,1.89,"donana",9,7
"RipF",418,169,40.43,"donana",9,7
"SaltMar",344960,96572,28,"donana",9,7
"Shrub",6017,1223,20.33,"donana",9,7
"WaterSurf",41748,594,1.42,"donana",9,7
"ArtSurf",12613,0,0,"donana",9,8
"BareArea",6426,0,0,"donana",9,8
"DuneSand",52133,0,0,"donana",9,8
"Grass",23898,0,0,"donana",9,8
"HydroRipVeg",39646,0,0,"donana",9,8
"MedConF",76259,0,0,"donana",9,8
"MedSclF",6483,0,0,"donana",9,8
"MedScrub",129201,0,0,"donana",9,8
"Reforestation",2747,0,0,"donana",9,8
"RipF",418,0,0,"donana",9,8
"SaltMar",344960,0,0,"donana",9,8
"Shrub",6017,0,0,"donana",9,8
"WaterSurf",41748,0,0,"donana",9,8
"ArtSurf",12613,0,0,"donana",9,9
"BareArea",6426,0,0,"donana",9,9
"DuneSand",52133,0,0,"donana",9,9
"Grass",23898,0,0,"donana",9,9
"HydroRipVeg",39646,0,0,"donana",9,9
"MedConF",76259,0,0,"donana",9,9
"MedSclF",6483,0,0,"donana",9,9
"MedScrub",129201,0,0,"donana",9,9
"Reforestation",2747,0,0,"donana",9,9
"RipF",418,0,0,"donana",9,9
"SaltMar",344960,0,0,"donana",9,9
"Shrub",6017,0,0,"donana",9,9
"WaterSurf",41748,0,0,"donana",9,9
"ArtSurf",12613,0,0,"donana",9,10
"BareArea",6426,0,0,"donana",9,10
"DuneSand",52133,0,0,"donana",9,10
"Grass",23898,0,0,"donana",9,10
"HydroRipVeg",39646,0,0,"donana",9,10
"MedConF",76259,0,0,"donana",9,10
"MedSclF",6483,0,0,"donana",9,10
"MedScrub",129201,0,0,"donana",9,10
"Reforestation",2747,0,0,"donana",9,10
"RipF",418,0,0,"donana",9,10
"SaltMar",344960,0,0,"donana",9,10
"Shrub",6017,0,0,"donana",9,10
"WaterSurf",41748,0,0,"donana",9,10
"ArtSurf",12613,0,0,"donana",9,11
"BareArea",6426,0,0,"donana",9,11
"DuneSand",52133,0,0,"donana",9,11
"Grass",23898,0,0,"donana",9,11
"HydroRipVeg",39646,0,0,"donana",9,11
"MedConF",76259,0,0,"donana",9,11
"MedSclF",6483,0,0,"donana",9,11
"MedScrub",129201,0,0,"donana",9,11
"Reforestation",2747,0,0,"donana",9,11
"RipF",418,0,0,"donana",9,11
"SaltMar",344960,0,0,"donana",9,11
"Shrub",6017,0,0,"donana",9,11
"WaterSurf",41748,0,0,"donana",9,11
"ArtSurf",12613,0,0,"donana",9,12
"BareArea",6426,0,0,"donana",9,12
"DuneSand",52133,0,0,"donana",9,12
"Grass",23898,0,0,"donana",9,12
"HydroRipVeg",39646,0,0,"donana",9,12
"MedConF",76259,0,0,"donana",9,12
"MedSclF",6483,0,0,"donana",9,12
"MedScrub",129201,0,0,"donana",9,12
"Reforestation",2747,0,0,"donana",9,12
"RipF",418,0,0,"donana",9,12
"SaltMar",344960,0,0,"donana",9,12
"Shrub",6017,0,0,"donana",9,12
"WaterSurf",41748,0,0,"donana",9,12
"ArtSurf",12613,0,0,"donana",12,1
"BareArea",6426,0,0,"donana",12,1
"DuneSand",52133,0,0,"donana",12,1
"Grass",23898,0,0,"donana",12,1
"HydroRipVeg",39646,0,0,"donana",12,1
"MedConF",76259,0,0,"donana",12,1
"MedSclF",6483,0,0,"donana",12,1
"MedScrub",129201,0,0,"donana",12,1
"Reforestation",2747,0,0,"donana",12,1
"RipF",418,0,0,"donana",12,1
"SaltMar",344960,0,0,"donana",12,1
"Shrub",6017,0,0,"donana",12,1
"WaterSurf",41748,0,0,"donana",12,1
"ArtSurf",12613,0,0,"donana",12,2
"BareArea",6426,0,0,"donana",12,2
"DuneSand",52133,0,0,"donana",12,2
"Grass",23898,0,0,"donana",12,2
"HydroRipVeg",39646,0,0,"donana",12,2
"MedConF",76259,0,0,"donana",12,2
"MedSclF",6483,0,0,"donana",12,2
"MedScrub",129201,0,0,"donana",12,2
"Reforestation",2747,0,0,"donana",12,2
"RipF",418,0,0,"donana",12,2
"SaltMar",344960,0,0,"donana",12,2
"Shrub",6017,0,0,"donana",12,2
"WaterSurf",41748,0,0,"donana",12,2
"ArtSurf",12613,0,0,"donana",12,3
"BareArea",6426,0,0,"donana",12,3
"DuneSand",52133,0,0,"donana",12,3
"Grass",23898,0,0,"donana",12,3
"HydroRipVeg",39646,0,0,"donana",12,3
"MedConF",76259,0,0,"donana",12,3
"MedSclF",6483,0,0,"donana",12,3
"MedScrub",129201,0,0,"donana",12,3
"Reforestation",2747,0,0,"donana",12,3
"RipF",418,0,0,"donana",12,3
"SaltMar",344960,0,0,"donana",12,3
"Shrub",6017,0,0,"donana",12,3
"WaterSurf",41748,0,0,"donana",12,3
"ArtSurf",12613,0,0,"donana",12,4
"BareArea",6426,0,0,"donana",12,4
"DuneSand",52133,0,0,"donana",12,4
"Grass",23898,0,0,"donana",12,4
"HydroRipVeg",39646,0,0,"donana",12,4
"MedConF",76259,0,0,"donana",12,4
"MedSclF",6483,0,0,"donana",12,4
"MedScrub",129201,0,0,"donana",12,4
"Reforestation",2747,0,0,"donana",12,4
"RipF",418,0,0,"donana",12,4
"SaltMar",344960,0,0,"donana",12,4
"Shrub",6017,0,0,"donana",12,4
"WaterSurf",41748,0,0,"donana",12,4
"ArtSurf",12613,58,0.46,"donana",12,5
"BareArea",6426,54,0.84,"donana",12,5
"DuneSand",52133,189,0.36,"donana",12,5
"Grass",23898,267,1.12,"donana",12,5
"HydroRipVeg",39646,523,1.32,"donana",12,5
"MedConF",76259,2899,3.8,"donana",12,5
"MedSclF",6483,626,9.66,"donana",12,5
"MedScrub",129201,4941,3.82,"donana",12,5
"Reforestation",2747,30,1.09,"donana",12,5
"RipF",418,19,4.55,"donana",12,5
"SaltMar",344960,488,0.14,"donana",12,5
"Shrub",6017,724,12.03,"donana",12,5
"WaterSurf",41748,27,0.06,"donana",12,5
"ArtSurf",12613,0,0,"donana",12,6
"BareArea",6426,0,0,"donana",12,6
"DuneSand",52133,0,0,"donana",12,6
"Grass",23898,0,0,"donana",12,6
"HydroRipVeg",39646,0,0,"donana",12,6
"MedConF",76259,0,0,"donana",12,6
"MedSclF",6483,0,0,"donana",12,6
"MedScrub",129201,0,0,"donana",12,6
"Reforestation",2747,0,0,"donana",12,6
"RipF",418,0,0,"donana",12,6
"SaltMar",344960,0,0,"donana",12,6
"Shrub",6017,0,0,"donana",12,6
"WaterSurf",41748,0,0,"donana",12,6
"ArtSurf",12613,0,0,"donana",12,7
"BareArea",6426,0,0,"donana",12,7
"DuneSand",52133,0,0,"donana",12,7
"Grass",23898,0,0,"donana",12,7
"HydroRipVeg",39646,0,0,"donana",12,7
"MedConF",76259,0,0,"donana",12,7
"MedSclF",6483,0,0,"donana",12,7
"MedScrub",129201,0,0,"donana",12,7
"Reforestation",2747,0,0,"donana",12,7
"RipF",418,0,0,"donana",12,7
"SaltMar",344960,0,0,"donana",12,7
"Shrub",6017,0,0,"donana",12,7
"WaterSurf",41748,0,0,"donana",12,7
"ArtSurf",12613,4,0.03,"donana",12,8
"BareArea",6426,6,0.09,"donana",12,8
"DuneSand",52133,2,0,"donana",12,8
"Grass",23898,15,0.06,"donana",12,8
"HydroRipVeg",39646,13,0.03,"donana",12,8
"MedConF",76259,35,0.05,"donana",12,8
"MedSclF",6483,7,0.11,"donana",12,8
"MedScrub",129201,21,0.02,"donana",12,8
"Reforestation",2747,0,0,"donana",12,8
"RipF",418,2,0.48,"donana",12,8
"SaltMar",344960,2136,0.62,"donana",12,8
"Shrub",6017,16,0.27,"donana",12,8
"WaterSurf",41748,0,0,"donana",12,8
"ArtSurf",12613,35,0.28,"donana",12,9
"BareArea",6426,50,0.78,"donana",12,9
"DuneSand",52133,74,0.14,"donana",12,9
"Grass",23898,357,1.49,"donana",12,9
"HydroRipVeg",39646,512,1.29,"donana",12,9
"MedConF",76259,2392,3.14,"donana",12,9
"MedSclF",6483,259,4,"donana",12,9
"MedScrub",129201,672,0.52,"donana",12,9
"Reforestation",2747,12,0.44,"donana",12,9
"RipF",418,34,8.13,"donana",12,9
"SaltMar",344960,4485,1.3,"donana",12,9
"Shrub",6017,450,7.48,"donana",12,9
"WaterSurf",41748,24,0.06,"donana",12,9
"ArtSurf",12613,0,0,"donana",12,10
"BareArea",6426,0,0,"donana",12,10
"DuneSand",52133,0,0,"donana",12,10
"Grass",23898,0,0,"donana",12,10
"HydroRipVeg",39646,0,0,"donana",12,10
"MedConF",76259,2,0,"donana",12,10
"MedSclF",6483,0,0,"donana",12,10
"MedScrub",129201,0,0,"donana",12,10
"Reforestation",2747,0,0,"donana",12,10
"RipF",418,0,0,"donana",12,10
"SaltMar",344960,0,0,"donana",12,10
"Shrub",6017,0,0,"donana",12,10
"WaterSurf",41748,0,0,"donana",12,10
"ArtSurf",12613,0,0,"donana",12,11
"BareArea",6426,0,0,"donana",12,11
"DuneSand",52133,0,0,"donana",12,11
"Grass",23898,0,0,"donana",12,11
"HydroRipVeg",39646,0,0,"donana",12,11
"MedConF",76259,0,0,"donana",12,11
"MedSclF",6483,0,0,"donana",12,11
"MedScrub",129201,0,0,"donana",12,11
"Reforestation",2747,0,0,"donana",12,11
"RipF",418,0,0,"donana",12,11
"SaltMar",344960,0,0,"donana",12,11
"Shrub",6017,0,0,"donana",12,11
"WaterSurf",41748,0,0,"donana",12,11
"ArtSurf",12613,0,0,"donana",12,12
"BareArea",6426,0,0,"donana",12,12
"DuneSand",52133,0,0,"donana",12,12
"Grass",23898,0,0,"donana",12,12
"HydroRipVeg",39646,0,0,"donana",12,12
"MedConF",76259,0,0,"donana",12,12
"MedSclF",6483,0,0,"donana",12,12
"MedScrub",129201,0,0,"donana",12,12
"Reforestation",2747,0,0,"donana",12,12
"RipF",418,0,0,"donana",12,12
"SaltMar",344960,0,0,"donana",12,12
"Shrub",6017,0,0,"donana",12,12
"WaterSurf",41748,0,0,"donana",12,12
"AlpConF",129960,1,0,"guadarrama",1,1
"AlpScrGr",172894,1,0,"guadarrama",1,1
"ArtSurf",1490,0,0,"guadarrama",1,1
"Grass",7028,0,0,"guadarrama",1,1
"MedSclF",3280,5,0.15,"guadarrama",1,1
"MedScrub",38947,3,0.01,"guadarrama",1,1
"Peatland",229,0,0,"guadarrama",1,1
"Reforestation",88147,2,0,"guadarrama",1,1
"RipF",529,1,0.19,"guadarrama",1,1
"RockScreeVeg",46691,11,0.02,"guadarrama",1,1
"SMedMarF",5314,0,0,"guadarrama",1,1
"Shrub",3703,0,0,"guadarrama",1,1
"TempDecF",1436,0,0,"guadarrama",1,1
"WaterSurf",30,0,0,"guadarrama",1,1
"AlpConF",129960,5,0,"guadarrama",1,2
"AlpScrGr",172894,10,0.01,"guadarrama",1,2
"ArtSurf",1490,0,0,"guadarrama",1,2
"Grass",7028,0,0,"guadarrama",1,2
"MedSclF",3280,17,0.52,"guadarrama",1,2
"MedScrub",38947,12,0.03,"guadarrama",1,2
"Peatland",229,0,0,"guadarrama",1,2
"Reforestation",88149,45,0.05,"guadarrama",1,2
"RipF",529,0,0,"guadarrama",1,2
"RockScreeVeg",46691,112,0.24,"guadarrama",1,2
"SMedMarF",5314,2,0.04,"guadarrama",1,2
"Shrub",3703,0,0,"guadarrama",1,2
"TempDecF",1436,6,0.42,"guadarrama",1,2
"WaterSurf",30,0,0,"guadarrama",1,2
"AlpConF",129960,0,0,"guadarrama",1,3
"AlpScrGr",172894,0,0,"guadarrama",1,3
"ArtSurf",1490,0,0,"guadarrama",1,3
"Grass",7028,1,0.01,"guadarrama",1,3
"MedSclF",3280,0,0,"guadarrama",1,3
"MedScrub",38947,7,0.02,"guadarrama",1,3
"Peatland",229,0,0,"guadarrama",1,3
"Reforestation",88149,0,0,"guadarrama",1,3
"RipF",529,0,0,"guadarrama",1,3
"RockScreeVeg",46691,6,0.01,"guadarrama",1,3
"SMedMarF",5314,0,0,"guadarrama",1,3
"Shrub",3703,0,0,"guadarrama",1,3
"TempDecF",1436,0,0,"guadarrama",1,3
"WaterSurf",30,0,0,"guadarrama",1,3
"AlpConF",129960,0,0,"guadarrama",1,4
"AlpScrGr",172894,0,0,"guadarrama",1,4
"ArtSurf",1490,0,0,"guadarrama",1,4
"Grass",7028,0,0,"guadarrama",1,4
"MedSclF",3280,0,0,"guadarrama",1,4
"MedScrub",38947,0,0,"guadarrama",1,4
"Peatland",229,0,0,"guadarrama",1,4
"Reforestation",88149,0,0,"guadarrama",1,4
"RipF",529,0,0,"guadarrama",1,4
"RockScreeVeg",46691,0,0,"guadarrama",1,4
"SMedMarF",5314,0,0,"guadarrama",1,4
"Shrub",3703,0,0,"guadarrama",1,4
"TempDecF",1436,0,0,"guadarrama",1,4
"WaterSurf",30,0,0,"guadarrama",1,4
"AlpConF",129960,0,0,"guadarrama",1,5
"AlpScrGr",172894,0,0,"guadarrama",1,5
"ArtSurf",1490,0,0,"guadarrama",1,5
"Grass",7028,0,0,"guadarrama",1,5
"MedSclF",3280,0,0,"guadarrama",1,5
"MedScrub",38947,0,0,"guadarrama",1,5
"Peatland",229,0,0,"guadarrama",1,5
"Reforestation",88149,0,0,"guadarrama",1,5
"RipF",529,0,0,"guadarrama",1,5
"RockScreeVeg",46691,0,0,"guadarrama",1,5
"SMedMarF",5314,0,0,"guadarrama",1,5
"Shrub",3703,0,0,"guadarrama",1,5
"TempDecF",1436,0,0,"guadarrama",1,5
"WaterSurf",30,0,0,"guadarrama",1,5
"AlpConF",129960,73,0.06,"guadarrama",1,6
"AlpScrGr",172894,795,0.46,"guadarrama",1,6
"ArtSurf",1490,23,1.54,"guadarrama",1,6
"Grass",7028,431,6.13,"guadarrama",1,6
"MedSclF",3280,11,0.34,"guadarrama",1,6
"MedScrub",38947,222,0.57,"guadarrama",1,6
"Peatland",229,0,0,"guadarrama",1,6
"Reforestation",88149,92,0.1,"guadarrama",1,6
"RipF",529,0,0,"guadarrama",1,6
"RockScreeVeg",46691,25,0.05,"guadarrama",1,6
"SMedMarF",5314,10,0.19,"guadarrama",1,6
"Shrub",3703,48,1.3,"guadarrama",1,6
"TempDecF",1436,0,0,"guadarrama",1,6
"WaterSurf",30,0,0,"guadarrama",1,6
"AlpConF",129960,2,0,"guadarrama",1,7
"AlpScrGr",172894,336,0.19,"guadarrama",1,7
"ArtSurf",1490,0,0,"guadarrama",1,7
"Grass",7028,3,0.04,"guadarrama",1,7
"MedSclF",3280,1,0.03,"guadarrama",1,7
"MedScrub",38947,137,0.35,"guadarrama",1,7
"Peatland",229,0,0,"guadarrama",1,7
"Reforestation",88149,27,0.03,"guadarrama",1,7
"RipF",529,0,0,"guadarrama",1,7
"RockScreeVeg",46691,49,0.1,"guadarrama",1,7
"SMedMarF",5314,1,0.02,"guadarrama",1,7
"Shrub",3703,6,0.16,"guadarrama",1,7
"TempDecF",1436,0,0,"guadarrama",1,7
"WaterSurf",30,1,3.33,"guadarrama",1,7
"AlpConF",129960,0,0,"guadarrama",1,8
"AlpScrGr",172894,0,0,"guadarrama",1,8
"ArtSurf",1490,0,0,"guadarrama",1,8
"Grass",7028,0,0,"guadarrama",1,8
"MedSclF",3280,0,0,"guadarrama",1,8
"MedScrub",38947,0,0,"guadarrama",1,8
"Peatland",229,0,0,"guadarrama",1,8
"Reforestation",88149,0,0,"guadarrama",1,8
"RipF",529,0,0,"guadarrama",1,8
"RockScreeVeg",46691,0,0,"guadarrama",1,8
"SMedMarF",5314,0,0,"guadarrama",1,8
"Shrub",3703,0,0,"guadarrama",1,8
"TempDecF",1436,0,0,"guadarrama",1,8
"WaterSurf",30,0,0,"guadarrama",1,8
"AlpConF",129960,0,0,"guadarrama",1,9
"AlpScrGr",172894,0,0,"guadarrama",1,9
"ArtSurf",1490,0,0,"guadarrama",1,9
"Grass",7028,0,0,"guadarrama",1,9
"MedSclF",3280,0,0,"guadarrama",1,9
"MedScrub",38947,0,0,"guadarrama",1,9
"Peatland",229,0,0,"guadarrama",1,9
"Reforestation",88149,0,0,"guadarrama",1,9
"RipF",529,0,0,"guadarrama",1,9
"RockScreeVeg",46691,0,0,"guadarrama",1,9
"SMedMarF",5314,0,0,"guadarrama",1,9
"Shrub",3703,0,0,"guadarrama",1,9
"TempDecF",1436,0,0,"guadarrama",1,9
"WaterSurf",30,0,0,"guadarrama",1,9
"AlpConF",129960,0,0,"guadarrama",1,10
"AlpScrGr",172894,0,0,"guadarrama",1,10
"ArtSurf",1490,0,0,"guadarrama",1,10
"Grass",7028,0,0,"guadarrama",1,10
"MedSclF",3280,0,0,"guadarrama",1,10
"MedScrub",38947,0,0,"guadarrama",1,10
"Peatland",229,0,0,"guadarrama",1,10
"Reforestation",88149,0,0,"guadarrama",1,10
"RipF",529,0,0,"guadarrama",1,10
"RockScreeVeg",46691,0,0,"guadarrama",1,10
"SMedMarF",5314,0,0,"guadarrama",1,10
"Shrub",3703,0,0,"guadarrama",1,10
"TempDecF",1436,0,0,"guadarrama",1,10
"WaterSurf",30,0,0,"guadarrama",1,10
"AlpConF",129960,0,0,"guadarrama",1,11
"AlpScrGr",172894,0,0,"guadarrama",1,11
"ArtSurf",1490,0,0,"guadarrama",1,11
"Grass",7028,0,0,"guadarrama",1,11
"MedSclF",3280,0,0,"guadarrama",1,11
"MedScrub",38947,0,0,"guadarrama",1,11
"Peatland",229,0,0,"guadarrama",1,11
"Reforestation",88149,0,0,"guadarrama",1,11
"RipF",529,0,0,"guadarrama",1,11
"RockScreeVeg",46691,0,0,"guadarrama",1,11
"SMedMarF",5314,0,0,"guadarrama",1,11
"Shrub",3703,0,0,"guadarrama",1,11
"TempDecF",1436,0,0,"guadarrama",1,11
"WaterSurf",30,0,0,"guadarrama",1,11
"AlpConF",129960,0,0,"guadarrama",1,12
"AlpScrGr",172894,0,0,"guadarrama",1,12
"ArtSurf",1490,0,0,"guadarrama",1,12
"Grass",7028,0,0,"guadarrama",1,12
"MedSclF",3280,0,0,"guadarrama",1,12
"MedScrub",38947,0,0,"guadarrama",1,12
"Peatland",229,0,0,"guadarrama",1,12
"Reforestation",88133,0,0,"guadarrama",1,12
"RipF",529,0,0,"guadarrama",1,12
"RockScreeVeg",46691,0,0,"guadarrama",1,12
"SMedMarF",5314,0,0,"guadarrama",1,12
"Shrub",3703,0,0,"guadarrama",1,12
"TempDecF",1436,0,0,"guadarrama",1,12
"WaterSurf",30,0,0,"guadarrama",1,12
"AlpConF",129960,10,0.01,"guadarrama",3,1
"AlpScrGr",172894,8,0,"guadarrama",3,1
"ArtSurf",1490,0,0,"guadarrama",3,1
"Grass",7028,3,0.04,"guadarrama",3,1
"MedSclF",3280,123,3.75,"guadarrama",3,1
"MedScrub",38947,308,0.79,"guadarrama",3,1
"Peatland",229,0,0,"guadarrama",3,1
"Reforestation",88147,160,0.18,"guadarrama",3,1
"RipF",529,0,0,"guadarrama",3,1
"RockScreeVeg",46691,538,1.15,"guadarrama",3,1
"SMedMarF",5314,2,0.04,"guadarrama",3,1
"Shrub",3703,74,2,"guadarrama",3,1
"TempDecF",1436,8,0.56,"guadarrama",3,1
"WaterSurf",30,0,0,"guadarrama",3,1
"AlpConF",129960,47,0.04,"guadarrama",3,2
"AlpScrGr",172894,14,0.01,"guadarrama",3,2
"ArtSurf",1490,0,0,"guadarrama",3,2
"Grass",7028,3,0.04,"guadarrama",3,2
"MedSclF",3280,185,5.64,"guadarrama",3,2
"MedScrub",38947,249,0.64,"guadarrama",3,2
"Peatland",229,0,0,"guadarrama",3,2
"Reforestation",88149,459,0.52,"guadarrama",3,2
"RipF",529,0,0,"guadarrama",3,2
"RockScreeVeg",46691,1155,2.47,"guadarrama",3,2
"SMedMarF",5314,10,0.19,"guadarrama",3,2
"Shrub",3703,38,1.03,"guadarrama",3,2
"TempDecF",1436,55,3.83,"guadarrama",3,2
"WaterSurf",30,0,0,"guadarrama",3,2
"AlpConF",129960,115,0.09,"guadarrama",3,3
"AlpScrGr",172894,11,0.01,"guadarrama",3,3
"ArtSurf",1490,0,0,"guadarrama",3,3
"Grass",7028,8,0.11,"guadarrama",3,3
"MedSclF",3280,141,4.3,"guadarrama",3,3
"MedScrub",38947,431,1.11,"guadarrama",3,3
"Peatland",229,0,0,"guadarrama",3,3
"Reforestation",88149,317,0.36,"guadarrama",3,3
"RipF",529,0,0,"guadarrama",3,3
"RockScreeVeg",46691,1269,2.72,"guadarrama",3,3
"SMedMarF",5314,22,0.41,"guadarrama",3,3
"Shrub",3703,3,0.08,"guadarrama",3,3
"TempDecF",1436,51,3.55,"guadarrama",3,3
"WaterSurf",30,0,0,"guadarrama",3,3
"AlpConF",129960,0,0,"guadarrama",3,4
"AlpScrGr",172894,0,0,"guadarrama",3,4
"ArtSurf",1490,0,0,"guadarrama",3,4
"Grass",7028,1,0.01,"guadarrama",3,4
"MedSclF",3280,0,0,"guadarrama",3,4
"MedScrub",38947,0,0,"guadarrama",3,4
"Peatland",229,0,0,"guadarrama",3,4
"Reforestation",88149,2,0,"guadarrama",3,4
"RipF",529,0,0,"guadarrama",3,4
"RockScreeVeg",46691,0,0,"guadarrama",3,4
"SMedMarF",5314,0,0,"guadarrama",3,4
"Shrub",3703,0,0,"guadarrama",3,4
"TempDecF",1436,0,0,"guadarrama",3,4
"WaterSurf",30,0,0,"guadarrama",3,4
"AlpConF",129960,0,0,"guadarrama",3,5
"AlpScrGr",172894,0,0,"guadarrama",3,5
"ArtSurf",1490,0,0,"guadarrama",3,5
"Grass",7028,0,0,"guadarrama",3,5
"MedSclF",3280,0,0,"guadarrama",3,5
"MedScrub",38947,0,0,"guadarrama",3,5
"Peatland",229,0,0,"guadarrama",3,5
"Reforestation",88149,0,0,"guadarrama",3,5
"RipF",529,0,0,"guadarrama",3,5
"RockScreeVeg",46691,0,0,"guadarrama",3,5
"SMedMarF",5314,0,0,"guadarrama",3,5
"Shrub",3703,0,0,"guadarrama",3,5
"TempDecF",1436,0,0,"guadarrama",3,5
"WaterSurf",30,0,0,"guadarrama",3,5
"AlpConF",129960,485,0.37,"guadarrama",3,6
"AlpScrGr",172894,1154,0.67,"guadarrama",3,6
"ArtSurf",1490,38,2.55,"guadarrama",3,6
"Grass",7028,2842,40.44,"guadarrama",3,6
"MedSclF",3280,179,5.46,"guadarrama",3,6
"MedScrub",38947,1545,3.97,"guadarrama",3,6
"Peatland",229,1,0.44,"guadarrama",3,6
"Reforestation",88149,591,0.67,"guadarrama",3,6
"RipF",529,30,5.67,"guadarrama",3,6
"RockScreeVeg",46691,437,0.94,"guadarrama",3,6
"SMedMarF",5314,180,3.39,"guadarrama",3,6
"Shrub",3703,725,19.58,"guadarrama",3,6
"TempDecF",1436,0,0,"guadarrama",3,6
"WaterSurf",30,0,0,"guadarrama",3,6
"AlpConF",129960,3788,2.91,"guadarrama",3,7
"AlpScrGr",172894,36612,21.18,"guadarrama",3,7
"ArtSurf",1490,169,11.34,"guadarrama",3,7
"Grass",7028,5309,75.54,"guadarrama",3,7
"MedSclF",3280,809,24.66,"guadarrama",3,7
"MedScrub",38947,11486,29.49,"guadarrama",3,7
"Peatland",229,32,13.97,"guadarrama",3,7
"Reforestation",88149,5451,6.18,"guadarrama",3,7
"RipF",529,107,20.23,"guadarrama",3,7
"RockScreeVeg",46691,4456,9.54,"guadarrama",3,7
"SMedMarF",5314,954,17.95,"guadarrama",3,7
"Shrub",3703,1748,47.2,"guadarrama",3,7
"TempDecF",1436,13,0.91,"guadarrama",3,7
"WaterSurf",30,3,10,"guadarrama",3,7
"AlpConF",129960,1190,0.92,"guadarrama",3,8
"AlpScrGr",172894,30833,17.83,"guadarrama",3,8
"ArtSurf",1490,111,7.45,"guadarrama",3,8
"Grass",7028,1797,25.57,"guadarrama",3,8
"MedSclF",3280,177,5.4,"guadarrama",3,8
"MedScrub",38947,6814,17.5,"guadarrama",3,8
"Peatland",229,48,20.96,"guadarrama",3,8
"Reforestation",88149,3295,3.74,"guadarrama",3,8
"RipF",529,28,5.29,"guadarrama",3,8
"RockScreeVeg",46691,2381,5.1,"guadarrama",3,8
"SMedMarF",5314,321,6.04,"guadarrama",3,8
"Shrub",3703,503,13.58,"guadarrama",3,8
"TempDecF",1436,10,0.7,"guadarrama",3,8
"WaterSurf",30,3,10,"guadarrama",3,8
"AlpConF",129960,5,0,"guadarrama",3,9
"AlpScrGr",172894,18,0.01,"guadarrama",3,9
"ArtSurf",1490,0,0,"guadarrama",3,9
"Grass",7028,0,0,"guadarrama",3,9
"MedSclF",3280,0,0,"guadarrama",3,9
"MedScrub",38947,145,0.37,"guadarrama",3,9
"Peatland",229,0,0,"guadarrama",3,9
"Reforestation",88149,17,0.02,"guadarrama",3,9
"RipF",529,0,0,"guadarrama",3,9
"RockScreeVeg",46691,15,0.03,"guadarrama",3,9
"SMedMarF",5314,0,0,"guadarrama",3,9
"Shrub",3703,0,0,"guadarrama",3,9
"TempDecF",1436,0,0,"guadarrama",3,9
"WaterSurf",30,0,0,"guadarrama",3,9
"AlpConF",129960,4,0,"guadarrama",3,10
"AlpScrGr",172894,40,0.02,"guadarrama",3,10
"ArtSurf",1490,1,0.07,"guadarrama",3,10
"Grass",7028,0,0,"guadarrama",3,10
"MedSclF",3280,2,0.06,"guadarrama",3,10
"MedScrub",38947,10,0.03,"guadarrama",3,10
"Peatland",229,0,0,"guadarrama",3,10
"Reforestation",88149,331,0.38,"guadarrama",3,10
"RipF",529,0,0,"guadarrama",3,10
"RockScreeVeg",46691,2,0,"guadarrama",3,10
"SMedMarF",5314,0,0,"guadarrama",3,10
"Shrub",3703,0,0,"guadarrama",3,10
"TempDecF",1436,0,0,"guadarrama",3,10
"WaterSurf",30,0,0,"guadarrama",3,10
"AlpConF",129960,0,0,"guadarrama",3,11
"AlpScrGr",172894,0,0,"guadarrama",3,11
"ArtSurf",1490,0,0,"guadarrama",3,11
"Grass",7028,0,0,"guadarrama",3,11
"MedSclF",3280,0,0,"guadarrama",3,11
"MedScrub",38947,0,0,"guadarrama",3,11
"Peatland",229,0,0,"guadarrama",3,11
"Reforestation",88149,0,0,"guadarrama",3,11
"RipF",529,0,0,"guadarrama",3,11
"RockScreeVeg",46691,0,0,"guadarrama",3,11
"SMedMarF",5314,0,0,"guadarrama",3,11
"Shrub",3703,0,0,"guadarrama",3,11
"TempDecF",1436,0,0,"guadarrama",3,11
"WaterSurf",30,0,0,"guadarrama",3,11
"AlpConF",129960,0,0,"guadarrama",3,12
"AlpScrGr",172894,0,0,"guadarrama",3,12
"ArtSurf",1490,0,0,"guadarrama",3,12
"Grass",7028,0,0,"guadarrama",3,12
"MedSclF",3280,0,0,"guadarrama",3,12
"MedScrub",38947,0,0,"guadarrama",3,12
"Peatland",229,0,0,"guadarrama",3,12
"Reforestation",88133,0,0,"guadarrama",3,12
"RipF",529,0,0,"guadarrama",3,12
"RockScreeVeg",46691,0,0,"guadarrama",3,12
"SMedMarF",5314,0,0,"guadarrama",3,12
"Shrub",3703,0,0,"guadarrama",3,12
"TempDecF",1436,0,0,"guadarrama",3,12
"WaterSurf",30,0,0,"guadarrama",3,12
"AlpConF",129960,0,0,"guadarrama",6,1
"AlpScrGr",172894,0,0,"guadarrama",6,1
"ArtSurf",1490,0,0,"guadarrama",6,1
"Grass",7028,0,0,"guadarrama",6,1
"MedSclF",3280,0,0,"guadarrama",6,1
"MedScrub",38947,0,0,"guadarrama",6,1
"Peatland",229,0,0,"guadarrama",6,1
"Reforestation",88147,0,0,"guadarrama",6,1
"RipF",529,0,0,"guadarrama",6,1
"RockScreeVeg",46691,0,0,"guadarrama",6,1
"SMedMarF",5314,0,0,"guadarrama",6,1
"Shrub",3703,0,0,"guadarrama",6,1
"TempDecF",1436,0,0,"guadarrama",6,1
"WaterSurf",30,0,0,"guadarrama",6,1
"AlpConF",129960,4,0,"guadarrama",6,2
"AlpScrGr",172894,0,0,"guadarrama",6,2
"ArtSurf",1490,0,0,"guadarrama",6,2
"Grass",7028,0,0,"guadarrama",6,2
"MedSclF",3280,0,0,"guadarrama",6,2
"MedScrub",38947,23,0.06,"guadarrama",6,2
"Peatland",229,0,0,"guadarrama",6,2
"Reforestation",88149,44,0.05,"guadarrama",6,2
"RipF",529,0,0,"guadarrama",6,2
"RockScreeVeg",46691,10,0.02,"guadarrama",6,2
"SMedMarF",5314,0,0,"guadarrama",6,2
"Shrub",3703,0,0,"guadarrama",6,2
"TempDecF",1436,0,0,"guadarrama",6,2
"WaterSurf",30,0,0,"guadarrama",6,2
"AlpConF",129960,475,0.37,"guadarrama",6,3
"AlpScrGr",172894,22,0.01,"guadarrama",6,3
"ArtSurf",1490,1,0.07,"guadarrama",6,3
"Grass",7028,9,0.13,"guadarrama",6,3
"MedSclF",3280,435,13.26,"guadarrama",6,3
"MedScrub",38947,2145,5.51,"guadarrama",6,3
"Peatland",229,0,0,"guadarrama",6,3
"Reforestation",88149,1429,1.62,"guadarrama",6,3
"RipF",529,2,0.38,"guadarrama",6,3
"RockScreeVeg",46691,3808,8.16,"guadarrama",6,3
"SMedMarF",5314,51,0.96,"guadarrama",6,3
"Shrub",3703,75,2.03,"guadarrama",6,3
"TempDecF",1436,88,6.13,"guadarrama",6,3
"WaterSurf",30,0,0,"guadarrama",6,3
"AlpConF",129960,11,0.01,"guadarrama",6,4
"AlpScrGr",172894,22,0.01,"guadarrama",6,4
"ArtSurf",1490,0,0,"guadarrama",6,4
"Grass",7028,10,0.14,"guadarrama",6,4
"MedSclF",3280,0,0,"guadarrama",6,4
"MedScrub",38947,13,0.03,"guadarrama",6,4
"Peatland",229,0,0,"guadarrama",6,4
"Reforestation",88149,17,0.02,"guadarrama",6,4
"RipF",529,0,0,"guadarrama",6,4
"RockScreeVeg",46691,32,0.07,"guadarrama",6,4
"SMedMarF",5314,0,0,"guadarrama",6,4
"Shrub",3703,6,0.16,"guadarrama",6,4
"TempDecF",1436,0,0,"guadarrama",6,4
"WaterSurf",30,0,0,"guadarrama",6,4
"AlpConF",129960,0,0,"guadarrama",6,5
"AlpScrGr",172894,0,0,"guadarrama",6,5
"ArtSurf",1490,0,0,"guadarrama",6,5
"Grass",7028,0,0,"guadarrama",6,5
"MedSclF",3280,0,0,"guadarrama",6,5
"MedScrub",38947,0,0,"guadarrama",6,5
"Peatland",229,0,0,"guadarrama",6,5
"Reforestation",88149,0,0,"guadarrama",6,5
"RipF",529,0,0,"guadarrama",6,5
"RockScreeVeg",46691,0,0,"guadarrama",6,5
"SMedMarF",5314,0,0,"guadarrama",6,5
"Shrub",3703,0,0,"guadarrama",6,5
"TempDecF",1436,0,0,"guadarrama",6,5
"WaterSurf",30,0,0,"guadarrama",6,5
"AlpConF",129960,0,0,"guadarrama",6,6
"AlpScrGr",172894,0,0,"guadarrama",6,6
"ArtSurf",1490,0,0,"guadarrama",6,6
"Grass",7028,1,0.01,"guadarrama",6,6
"MedSclF",3280,0,0,"guadarrama",6,6
"MedScrub",38947,1,0,"guadarrama",6,6
"Peatland",229,0,0,"guadarrama",6,6
"Reforestation",88149,0,0,"guadarrama",6,6
"RipF",529,0,0,"guadarrama",6,6
"RockScreeVeg",46691,0,0,"guadarrama",6,6
"SMedMarF",5314,0,0,"guadarrama",6,6
"Shrub",3703,0,0,"guadarrama",6,6
"TempDecF",1436,0,0,"guadarrama",6,6
"WaterSurf",30,0,0,"guadarrama",6,6
"AlpConF",129960,0,0,"guadarrama",6,7
"AlpScrGr",172894,0,0,"guadarrama",6,7
"ArtSurf",1490,0,0,"guadarrama",6,7
"Grass",7028,0,0,"guadarrama",6,7
"MedSclF",3280,0,0,"guadarrama",6,7
"MedScrub",38947,0,0,"guadarrama",6,7
"Peatland",229,0,0,"guadarrama",6,7
"Reforestation",88149,0,0,"guadarrama",6,7
"RipF",529,0,0,"guadarrama",6,7
"RockScreeVeg",46691,0,0,"guadarrama",6,7
"SMedMarF",5314,0,0,"guadarrama",6,7
"Shrub",3703,0,0,"guadarrama",6,7
"TempDecF",1436,0,0,"guadarrama",6,7
"WaterSurf",30,0,0,"guadarrama",6,7
"AlpConF",129960,0,0,"guadarrama",6,8
"AlpScrGr",172894,0,0,"guadarrama",6,8
"ArtSurf",1490,0,0,"guadarrama",6,8
"Grass",7028,0,0,"guadarrama",6,8
"MedSclF",3280,0,0,"guadarrama",6,8
"MedScrub",38947,0,0,"guadarrama",6,8
"Peatland",229,0,0,"guadarrama",6,8
"Reforestation",88149,0,0,"guadarrama",6,8
"RipF",529,0,0,"guadarrama",6,8
"RockScreeVeg",46691,0,0,"guadarrama",6,8
"SMedMarF",5314,0,0,"guadarrama",6,8
"Shrub",3703,0,0,"guadarrama",6,8
"TempDecF",1436,0,0,"guadarrama",6,8
"WaterSurf",30,0,0,"guadarrama",6,8
"AlpConF",129960,0,0,"guadarrama",6,9
"AlpScrGr",172894,0,0,"guadarrama",6,9
"ArtSurf",1490,0,0,"guadarrama",6,9
"Grass",7028,0,0,"guadarrama",6,9
"MedSclF",3280,0,0,"guadarrama",6,9
"MedScrub",38947,0,0,"guadarrama",6,9
"Peatland",229,0,0,"guadarrama",6,9
"Reforestation",88149,0,0,"guadarrama",6,9
"RipF",529,0,0,"guadarrama",6,9
"RockScreeVeg",46691,0,0,"guadarrama",6,9
"SMedMarF",5314,0,0,"guadarrama",6,9
"Shrub",3703,0,0,"guadarrama",6,9
"TempDecF",1436,0,0,"guadarrama",6,9
"WaterSurf",30,0,0,"guadarrama",6,9
"AlpConF",129960,0,0,"guadarrama",6,10
"AlpScrGr",172894,0,0,"guadarrama",6,10
"ArtSurf",1490,0,0,"guadarrama",6,10
"Grass",7028,0,0,"guadarrama",6,10
"MedSclF",3280,0,0,"guadarrama",6,10
"MedScrub",38947,0,0,"guadarrama",6,10
"Peatland",229,0,0,"guadarrama",6,10
"Reforestation",88149,0,0,"guadarrama",6,10
"RipF",529,0,0,"guadarrama",6,10
"RockScreeVeg",46691,0,0,"guadarrama",6,10
"SMedMarF",5314,0,0,"guadarrama",6,10
"Shrub",3703,0,0,"guadarrama",6,10
"TempDecF",1436,0,0,"guadarrama",6,10
"WaterSurf",30,0,0,"guadarrama",6,10
"AlpConF",129960,0,0,"guadarrama",6,11
"AlpScrGr",172894,0,0,"guadarrama",6,11
"ArtSurf",1490,0,0,"guadarrama",6,11
"Grass",7028,0,0,"guadarrama",6,11
"MedSclF",3280,0,0,"guadarrama",6,11
"MedScrub",38947,0,0,"guadarrama",6,11
"Peatland",229,0,0,"guadarrama",6,11
"Reforestation",88149,0,0,"guadarrama",6,11
"RipF",529,0,0,"guadarrama",6,11
"RockScreeVeg",46691,0,0,"guadarrama",6,11
"SMedMarF",5314,0,0,"guadarrama",6,11
"Shrub",3703,0,0,"guadarrama",6,11
"TempDecF",1436,0,0,"guadarrama",6,11
"WaterSurf",30,0,0,"guadarrama",6,11
"AlpConF",129960,0,0,"guadarrama",6,12
"AlpScrGr",172894,0,0,"guadarrama",6,12
"ArtSurf",1490,0,0,"guadarrama",6,12
"Grass",7028,0,0,"guadarrama",6,12
"MedSclF",3280,0,0,"guadarrama",6,12
"MedScrub",38947,0,0,"guadarrama",6,12
"Peatland",229,0,0,"guadarrama",6,12
"Reforestation",88133,0,0,"guadarrama",6,12
"RipF",529,0,0,"guadarrama",6,12
"RockScreeVeg",46691,0,0,"guadarrama",6,12
"SMedMarF",5314,0,0,"guadarrama",6,12
"Shrub",3703,0,0,"guadarrama",6,12
"TempDecF",1436,0,0,"guadarrama",6,12
"WaterSurf",30,0,0,"guadarrama",6,12
"AlpConF",129960,0,0,"guadarrama",9,1
"AlpScrGr",172894,0,0,"guadarrama",9,1
"ArtSurf",1490,0,0,"guadarrama",9,1
"Grass",7028,0,0,"guadarrama",9,1
"MedSclF",3280,0,0,"guadarrama",9,1
"MedScrub",38947,0,0,"guadarrama",9,1
"Peatland",229,0,0,"guadarrama",9,1
"Reforestation",88147,0,0,"guadarrama",9,1
"RipF",529,0,0,"guadarrama",9,1
"RockScreeVeg",46691,0,0,"guadarrama",9,1
"SMedMarF",5314,0,0,"guadarrama",9,1
"Shrub",3703,0,0,"guadarrama",9,1
"TempDecF",1436,0,0,"guadarrama",9,1
"WaterSurf",30,0,0,"guadarrama",9,1
"AlpConF",129960,2,0,"guadarrama",9,2
"AlpScrGr",172894,0,0,"guadarrama",9,2
"ArtSurf",1490,0,0,"guadarrama",9,2
"Grass",7028,0,0,"guadarrama",9,2
"MedSclF",3280,0,0,"guadarrama",9,2
"MedScrub",38947,60,0.15,"guadarrama",9,2
"Peatland",229,0,0,"guadarrama",9,2
"Reforestation",88149,51,0.06,"guadarrama",9,2
"RipF",529,0,0,"guadarrama",9,2
"RockScreeVeg",46691,7,0.01,"guadarrama",9,2
"SMedMarF",5314,0,0,"guadarrama",9,2
"Shrub",3703,0,0,"guadarrama",9,2
"TempDecF",1436,0,0,"guadarrama",9,2
"WaterSurf",30,0,0,"guadarrama",9,2
"AlpConF",129960,187,0.14,"guadarrama",9,3
"AlpScrGr",172894,6,0,"guadarrama",9,3
"ArtSurf",1490,0,0,"guadarrama",9,3
"Grass",7028,1,0.01,"guadarrama",9,3
"MedSclF",3280,77,2.35,"guadarrama",9,3
"MedScrub",38947,519,1.33,"guadarrama",9,3
"Peatland",229,0,0,"guadarrama",9,3
"Reforestation",88149,615,0.7,"guadarrama",9,3
"RipF",529,0,0,"guadarrama",9,3
"RockScreeVeg",46691,455,0.97,"guadarrama",9,3
"SMedMarF",5314,9,0.17,"guadarrama",9,3
"Shrub",3703,2,0.05,"guadarrama",9,3
"TempDecF",1436,8,0.56,"guadarrama",9,3
"WaterSurf",30,0,0,"guadarrama",9,3
"AlpConF",129960,0,0,"guadarrama",9,4
"AlpScrGr",172894,0,0,"guadarrama",9,4
"ArtSurf",1490,0,0,"guadarrama",9,4
"Grass",7028,0,0,"guadarrama",9,4
"MedSclF",3280,0,0,"guadarrama",9,4
"MedScrub",38947,0,0,"guadarrama",9,4
"Peatland",229,0,0,"guadarrama",9,4
"Reforestation",88149,0,0,"guadarrama",9,4
"RipF",529,0,0,"guadarrama",9,4
"RockScreeVeg",46691,0,0,"guadarrama",9,4
"SMedMarF",5314,0,0,"guadarrama",9,4
"Shrub",3703,0,0,"guadarrama",9,4
"TempDecF",1436,0,0,"guadarrama",9,4
"WaterSurf",30,0,0,"guadarrama",9,4
"AlpConF",129960,0,0,"guadarrama",9,5
"AlpScrGr",172894,0,0,"guadarrama",9,5
"ArtSurf",1490,0,0,"guadarrama",9,5
"Grass",7028,0,0,"guadarrama",9,5
"MedSclF",3280,0,0,"guadarrama",9,5
"MedScrub",38947,0,0,"guadarrama",9,5
"Peatland",229,0,0,"guadarrama",9,5
"Reforestation",88149,0,0,"guadarrama",9,5
"RipF",529,0,0,"guadarrama",9,5
"RockScreeVeg",46691,0,0,"guadarrama",9,5
"SMedMarF",5314,0,0,"guadarrama",9,5
"Shrub",3703,0,0,"guadarrama",9,5
"TempDecF",1436,0,0,"guadarrama",9,5
"WaterSurf",30,0,0,"guadarrama",9,5
"AlpConF",129960,0,0,"guadarrama",9,6
"AlpScrGr",172894,0,0,"guadarrama",9,6
"ArtSurf",1490,0,0,"guadarrama",9,6
"Grass",7028,0,0,"guadarrama",9,6
"MedSclF",3280,0,0,"guadarrama",9,6
"MedScrub",38947,0,0,"guadarrama",9,6
"Peatland",229,0,0,"guadarrama",9,6
"Reforestation",88149,0,0,"guadarrama",9,6
"RipF",529,0,0,"guadarrama",9,6
"RockScreeVeg",46691,0,0,"guadarrama",9,6
"SMedMarF",5314,0,0,"guadarrama",9,6
"Shrub",3703,0,0,"guadarrama",9,6
"TempDecF",1436,0,0,"guadarrama",9,6
"WaterSurf",30,0,0,"guadarrama",9,6
"AlpConF",129960,0,0,"guadarrama",9,7
"AlpScrGr",172894,0,0,"guadarrama",9,7
"ArtSurf",1490,0,0,"guadarrama",9,7
"Grass",7028,0,0,"guadarrama",9,7
"MedSclF",3280,0,0,"guadarrama",9,7
"MedScrub",38947,0,0,"guadarrama",9,7
"Peatland",229,0,0,"guadarrama",9,7
"Reforestation",88149,0,0,"guadarrama",9,7
"RipF",529,0,0,"guadarrama",9,7
"RockScreeVeg",46691,0,0,"guadarrama",9,7
"SMedMarF",5314,0,0,"guadarrama",9,7
"Shrub",3703,0,0,"guadarrama",9,7
"TempDecF",1436,0,0,"guadarrama",9,7
"WaterSurf",30,0,0,"guadarrama",9,7
"AlpConF",129960,0,0,"guadarrama",9,8
"AlpScrGr",172894,0,0,"guadarrama",9,8
"ArtSurf",1490,0,0,"guadarrama",9,8
"Grass",7028,0,0,"guadarrama",9,8
"MedSclF",3280,0,0,"guadarrama",9,8
"MedScrub",38947,0,0,"guadarrama",9,8
"Peatland",229,0,0,"guadarrama",9,8
"Reforestation",88149,0,0,"guadarrama",9,8
"RipF",529,0,0,"guadarrama",9,8
"RockScreeVeg",46691,0,0,"guadarrama",9,8
"SMedMarF",5314,0,0,"guadarrama",9,8
"Shrub",3703,0,0,"guadarrama",9,8
"TempDecF",1436,0,0,"guadarrama",9,8
"WaterSurf",30,0,0,"guadarrama",9,8
"AlpConF",129960,0,0,"guadarrama",9,9
"AlpScrGr",172894,0,0,"guadarrama",9,9
"ArtSurf",1490,0,0,"guadarrama",9,9
"Grass",7028,0,0,"guadarrama",9,9
"MedSclF",3280,0,0,"guadarrama",9,9
"MedScrub",38947,0,0,"guadarrama",9,9
"Peatland",229,0,0,"guadarrama",9,9
"Reforestation",88149,0,0,"guadarrama",9,9
"RipF",529,0,0,"guadarrama",9,9
"RockScreeVeg",46691,0,0,"guadarrama",9,9
"SMedMarF",5314,0,0,"guadarrama",9,9
"Shrub",3703,0,0,"guadarrama",9,9
"TempDecF",1436,0,0,"guadarrama",9,9
"WaterSurf",30,0,0,"guadarrama",9,9
"AlpConF",129960,0,0,"guadarrama",9,10
"AlpScrGr",172894,0,0,"guadarrama",9,10
"ArtSurf",1490,0,0,"guadarrama",9,10
"Grass",7028,0,0,"guadarrama",9,10
"MedSclF",3280,0,0,"guadarrama",9,10
"MedScrub",38947,0,0,"guadarrama",9,10
"Peatland",229,0,0,"guadarrama",9,10
"Reforestation",88149,0,0,"guadarrama",9,10
"RipF",529,0,0,"guadarrama",9,10
"RockScreeVeg",46691,0,0,"guadarrama",9,10
"SMedMarF",5314,0,0,"guadarrama",9,10
"Shrub",3703,0,0,"guadarrama",9,10
"TempDecF",1436,0,0,"guadarrama",9,10
"WaterSurf",30,0,0,"guadarrama",9,10
"AlpConF",129960,0,0,"guadarrama",9,11
"AlpScrGr",172894,0,0,"guadarrama",9,11
"ArtSurf",1490,0,0,"guadarrama",9,11
"Grass",7028,0,0,"guadarrama",9,11
"MedSclF",3280,0,0,"guadarrama",9,11
"MedScrub",38947,0,0,"guadarrama",9,11
"Peatland",229,0,0,"guadarrama",9,11
"Reforestation",88149,0,0,"guadarrama",9,11
"RipF",529,0,0,"guadarrama",9,11
"RockScreeVeg",46691,0,0,"guadarrama",9,11
"SMedMarF",5314,0,0,"guadarrama",9,11
"Shrub",3703,0,0,"guadarrama",9,11
"TempDecF",1436,0,0,"guadarrama",9,11
"WaterSurf",30,0,0,"guadarrama",9,11
"AlpConF",129960,0,0,"guadarrama",9,12
"AlpScrGr",172894,0,0,"guadarrama",9,12
"ArtSurf",1490,0,0,"guadarrama",9,12
"Grass",7028,0,0,"guadarrama",9,12
"MedSclF",3280,0,0,"guadarrama",9,12
"MedScrub",38947,0,0,"guadarrama",9,12
"Peatland",229,0,0,"guadarrama",9,12
"Reforestation",88133,0,0,"guadarrama",9,12
"RipF",529,0,0,"guadarrama",9,12
"RockScreeVeg",46691,0,0,"guadarrama",9,12
"SMedMarF",5314,0,0,"guadarrama",9,12
"Shrub",3703,0,0,"guadarrama",9,12
"TempDecF",1436,0,0,"guadarrama",9,12
"WaterSurf",30,0,0,"guadarrama",9,12
"AlpConF",129960,0,0,"guadarrama",12,1
"AlpScrGr",172894,0,0,"guadarrama",12,1
"ArtSurf",1490,0,0,"guadarrama",12,1
"Grass",7028,0,0,"guadarrama",12,1
"MedSclF",3280,0,0,"guadarrama",12,1
"MedScrub",38947,0,0,"guadarrama",12,1
"Peatland",229,0,0,"guadarrama",12,1
"Reforestation",88147,0,0,"guadarrama",12,1
"RipF",529,0,0,"guadarrama",12,1
"RockScreeVeg",46691,0,0,"guadarrama",12,1
"SMedMarF",5314,0,0,"guadarrama",12,1
"Shrub",3703,0,0,"guadarrama",12,1
"TempDecF",1436,0,0,"guadarrama",12,1
"WaterSurf",30,0,0,"guadarrama",12,1
"AlpConF",129960,0,0,"guadarrama",12,2
"AlpScrGr",172894,0,0,"guadarrama",12,2
"ArtSurf",1490,0,0,"guadarrama",12,2
"Grass",7028,0,0,"guadarrama",12,2
"MedSclF",3280,0,0,"guadarrama",12,2
"MedScrub",38947,0,0,"guadarrama",12,2
"Peatland",229,0,0,"guadarrama",12,2
"Reforestation",88149,0,0,"guadarrama",12,2
"RipF",529,0,0,"guadarrama",12,2
"RockScreeVeg",46691,0,0,"guadarrama",12,2
"SMedMarF",5314,0,0,"guadarrama",12,2
"Shrub",3703,0,0,"guadarrama",12,2
"TempDecF",1436,0,0,"guadarrama",12,2
"WaterSurf",30,0,0,"guadarrama",12,2
"AlpConF",129960,27,0.02,"guadarrama",12,3
"AlpScrGr",172894,1,0,"guadarrama",12,3
"ArtSurf",1490,0,0,"guadarrama",12,3
"Grass",7028,0,0,"guadarrama",12,3
"MedSclF",3280,5,0.15,"guadarrama",12,3
"MedScrub",38947,105,0.27,"guadarrama",12,3
"Peatland",229,0,0,"guadarrama",12,3
"Reforestation",88149,210,0.24,"guadarrama",12,3
"RipF",529,0,0,"guadarrama",12,3
"RockScreeVeg",46691,43,0.09,"guadarrama",12,3
"SMedMarF",5314,0,0,"guadarrama",12,3
"Shrub",3703,0,0,"guadarrama",12,3
"TempDecF",1436,5,0.35,"guadarrama",12,3
"WaterSurf",30,0,0,"guadarrama",12,3
"AlpConF",129960,0,0,"guadarrama",12,4
"AlpScrGr",172894,0,0,"guadarrama",12,4
"ArtSurf",1490,0,0,"guadarrama",12,4
"Grass",7028,0,0,"guadarrama",12,4
"MedSclF",3280,0,0,"guadarrama",12,4
"MedScrub",38947,0,0,"guadarrama",12,4
"Peatland",229,0,0,"guadarrama",12,4
"Reforestation",88149,0,0,"guadarrama",12,4
"RipF",529,0,0,"guadarrama",12,4
"RockScreeVeg",46691,0,0,"guadarrama",12,4
"SMedMarF",5314,0,0,"guadarrama",12,4
"Shrub",3703,0,0,"guadarrama",12,4
"TempDecF",1436,0,0,"guadarrama",12,4
"WaterSurf",30,0,0,"guadarrama",12,4
"AlpConF",129960,0,0,"guadarrama",12,5
"AlpScrGr",172894,0,0,"guadarrama",12,5
"ArtSurf",1490,0,0,"guadarrama",12,5
"Grass",7028,0,0,"guadarrama",12,5
"MedSclF",3280,0,0,"guadarrama",12,5
"MedScrub",38947,0,0,"guadarrama",12,5
"Peatland",229,0,0,"guadarrama",12,5
"Reforestation",88149,0,0,"guadarrama",12,5
"RipF",529,0,0,"guadarrama",12,5
"RockScreeVeg",46691,0,0,"guadarrama",12,5
"SMedMarF",5314,0,0,"guadarrama",12,5
"Shrub",3703,0,0,"guadarrama",12,5
"TempDecF",1436,0,0,"guadarrama",12,5
"WaterSurf",30,0,0,"guadarrama",12,5
"AlpConF",129960,0,0,"guadarrama",12,6
"AlpScrGr",172894,0,0,"guadarrama",12,6
"ArtSurf",1490,0,0,"guadarrama",12,6
"Grass",7028,0,0,"guadarrama",12,6
"MedSclF",3280,0,0,"guadarrama",12,6
"MedScrub",38947,0,0,"guadarrama",12,6
"Peatland",229,0,0,"guadarrama",12,6
"Reforestation",88149,0,0,"guadarrama",12,6
"RipF",529,0,0,"guadarrama",12,6
"RockScreeVeg",46691,0,0,"guadarrama",12,6
"SMedMarF",5314,0,0,"guadarrama",12,6
"Shrub",3703,0,0,"guadarrama",12,6
"TempDecF",1436,0,0,"guadarrama",12,6
"WaterSurf",30,0,0,"guadarrama",12,6
"AlpConF",129960,0,0,"guadarrama",12,7
"AlpScrGr",172894,0,0,"guadarrama",12,7
"ArtSurf",1490,0,0,"guadarrama",12,7
"Grass",7028,0,0,"guadarrama",12,7
"MedSclF",3280,0,0,"guadarrama",12,7
"MedScrub",38947,0,0,"guadarrama",12,7
"Peatland",229,0,0,"guadarrama",12,7
"Reforestation",88149,0,0,"guadarrama",12,7
"RipF",529,0,0,"guadarrama",12,7
"RockScreeVeg",46691,0,0,"guadarrama",12,7
"SMedMarF",5314,0,0,"guadarrama",12,7
"Shrub",3703,0,0,"guadarrama",12,7
"TempDecF",1436,0,0,"guadarrama",12,7
"WaterSurf",30,0,0,"guadarrama",12,7
"AlpConF",129960,0,0,"guadarrama",12,8
"AlpScrGr",172894,0,0,"guadarrama",12,8
"ArtSurf",1490,0,0,"guadarrama",12,8
"Grass",7028,0,0,"guadarrama",12,8
"MedSclF",3280,0,0,"guadarrama",12,8
"MedScrub",38947,0,0,"guadarrama",12,8
"Peatland",229,0,0,"guadarrama",12,8
"Reforestation",88149,0,0,"guadarrama",12,8
"RipF",529,0,0,"guadarrama",12,8
"RockScreeVeg",46691,0,0,"guadarrama",12,8
"SMedMarF",5314,0,0,"guadarrama",12,8
"Shrub",3703,0,0,"guadarrama",12,8
"TempDecF",1436,0,0,"guadarrama",12,8
"WaterSurf",30,0,0,"guadarrama",12,8
"AlpConF",129960,0,0,"guadarrama",12,9
"AlpScrGr",172894,0,0,"guadarrama",12,9
"ArtSurf",1490,0,0,"guadarrama",12,9
"Grass",7028,0,0,"guadarrama",12,9
"MedSclF",3280,0,0,"guadarrama",12,9
"MedScrub",38947,0,0,"guadarrama",12,9
"Peatland",229,0,0,"guadarrama",12,9
"Reforestation",88149,0,0,"guadarrama",12,9
"RipF",529,0,0,"guadarrama",12,9
"RockScreeVeg",46691,0,0,"guadarrama",12,9
"SMedMarF",5314,0,0,"guadarrama",12,9
"Shrub",3703,0,0,"guadarrama",12,9
"TempDecF",1436,0,0,"guadarrama",12,9
"WaterSurf",30,0,0,"guadarrama",12,9
"AlpConF",129960,0,0,"guadarrama",12,10
"AlpScrGr",172894,0,0,"guadarrama",12,10
"ArtSurf",1490,0,0,"guadarrama",12,10
"Grass",7028,0,0,"guadarrama",12,10
"MedSclF",3280,0,0,"guadarrama",12,10
"MedScrub",38947,0,0,"guadarrama",12,10
"Peatland",229,0,0,"guadarrama",12,10
"Reforestation",88149,0,0,"guadarrama",12,10
"RipF",529,0,0,"guadarrama",12,10
"RockScreeVeg",46691,0,0,"guadarrama",12,10
"SMedMarF",5314,0,0,"guadarrama",12,10
"Shrub",3703,0,0,"guadarrama",12,10
"TempDecF",1436,0,0,"guadarrama",12,10
"WaterSurf",30,0,0,"guadarrama",12,10
"AlpConF",129960,0,0,"guadarrama",12,11
"AlpScrGr",172894,0,0,"guadarrama",12,11
"ArtSurf",1490,0,0,"guadarrama",12,11
"Grass",7028,0,0,"guadarrama",12,11
"MedSclF",3280,0,0,"guadarrama",12,11
"MedScrub",38947,0,0,"guadarrama",12,11
"Peatland",229,0,0,"guadarrama",12,11
"Reforestation",88149,0,0,"guadarrama",12,11
"RipF",529,0,0,"guadarrama",12,11
"RockScreeVeg",46691,0,0,"guadarrama",12,11
"SMedMarF",5314,0,0,"guadarrama",12,11
"Shrub",3703,0,0,"guadarrama",12,11
"TempDecF",1436,0,0,"guadarrama",12,11
"WaterSurf",30,0,0,"guadarrama",12,11
"AlpConF",129960,0,0,"guadarrama",12,12
"AlpScrGr",172894,0,0,"guadarrama",12,12
"ArtSurf",1490,0,0,"guadarrama",12,12
"Grass",7028,0,0,"guadarrama",12,12
"MedSclF",3280,0,0,"guadarrama",12,12
"MedScrub",38947,0,0,"guadarrama",12,12
"Peatland",229,0,0,"guadarrama",12,12
"Reforestation",88133,0,0,"guadarrama",12,12
"RipF",529,0,0,"guadarrama",12,12
"RockScreeVeg",46691,0,0,"guadarrama",12,12
"SMedMarF",5314,0,0,"guadarrama",12,12
"Shrub",3703,0,0,"guadarrama",12,12
"TempDecF",1436,0,0,"guadarrama",12,12
"WaterSurf",30,0,0,"guadarrama",12,12
"ArtSurf",329,0,0,"cies",1,1
"AtlScrub",5686,0,0,"cies",1,1
"BareArea",3742,0,0,"cies",1,1
"Crop",3,0,0,"cies",1,1
"DuneSand",232,0,0,"cies",1,1
"Grass",1926,0,0,"cies",1,1
"HydroRipVeg",100,0,0,"cies",1,1
"MedSclF",18,0,0,"cies",1,1
"Reforestation",2902,0,0,"cies",1,1
"RipF",133,0,0,"cies",1,1
"RockScreeVeg",28,0,0,"cies",1,1
"SMedMarF",2,0,0,"cies",1,1
"SaltMar",253,0,0,"cies",1,1
"Shrub",772,0,0,"cies",1,1
"TempDecF",261,0,0,"cies",1,1
"WaterSurf",95,0,0,"cies",1,1
"ArtSurf",329,0,0,"cies",1,2
"AtlScrub",5686,0,0,"cies",1,2
"BareArea",3742,0,0,"cies",1,2
"Crop",3,0,0,"cies",1,2
"DuneSand",232,0,0,"cies",1,2
"Grass",1926,0,0,"cies",1,2
"HydroRipVeg",100,0,0,"cies",1,2
"MedSclF",18,0,0,"cies",1,2
"Reforestation",2902,0,0,"cies",1,2
"RipF",133,0,0,"cies",1,2
"RockScreeVeg",28,0,0,"cies",1,2
"SMedMarF",2,0,0,"cies",1,2
"SaltMar",253,0,0,"cies",1,2
"Shrub",772,0,0,"cies",1,2
"TempDecF",261,0,0,"cies",1,2
"WaterSurf",95,0,0,"cies",1,2
"ArtSurf",329,0,0,"cies",1,3
"AtlScrub",5686,0,0,"cies",1,3
"BareArea",3742,0,0,"cies",1,3
"Crop",3,0,0,"cies",1,3
"DuneSand",232,0,0,"cies",1,3
"Grass",1926,0,0,"cies",1,3
"HydroRipVeg",100,0,0,"cies",1,3
"MedSclF",18,0,0,"cies",1,3
"Reforestation",2902,0,0,"cies",1,3
"RipF",133,0,0,"cies",1,3
"RockScreeVeg",28,0,0,"cies",1,3
"SMedMarF",2,0,0,"cies",1,3
"SaltMar",253,0,0,"cies",1,3
"Shrub",772,0,0,"cies",1,3
"TempDecF",261,0,0,"cies",1,3
"WaterSurf",95,0,0,"cies",1,3
"ArtSurf",329,0,0,"cies",1,4
"AtlScrub",5686,0,0,"cies",1,4
"BareArea",3742,0,0,"cies",1,4
"Crop",3,0,0,"cies",1,4
"DuneSand",232,0,0,"cies",1,4
"Grass",1926,0,0,"cies",1,4
"HydroRipVeg",100,0,0,"cies",1,4
"MedSclF",18,0,0,"cies",1,4
"Reforestation",2902,0,0,"cies",1,4
"RipF",133,0,0,"cies",1,4
"RockScreeVeg",28,0,0,"cies",1,4
"SMedMarF",2,0,0,"cies",1,4
"SaltMar",253,0,0,"cies",1,4
"Shrub",772,0,0,"cies",1,4
"TempDecF",261,0,0,"cies",1,4
"WaterSurf",95,0,0,"cies",1,4
"ArtSurf",329,0,0,"cies",1,5
"AtlScrub",5686,0,0,"cies",1,5
"BareArea",3742,0,0,"cies",1,5
"Crop",3,0,0,"cies",1,5
"DuneSand",232,0,0,"cies",1,5
"Grass",1926,0,0,"cies",1,5
"HydroRipVeg",100,0,0,"cies",1,5
"MedSclF",18,0,0,"cies",1,5
"Reforestation",2902,0,0,"cies",1,5
"RipF",133,0,0,"cies",1,5
"RockScreeVeg",28,0,0,"cies",1,5
"SMedMarF",2,0,0,"cies",1,5
"SaltMar",253,0,0,"cies",1,5
"Shrub",772,0,0,"cies",1,5
"TempDecF",261,0,0,"cies",1,5
"WaterSurf",95,0,0,"cies",1,5
"ArtSurf",329,0,0,"cies",1,6
"AtlScrub",5686,0,0,"cies",1,6
"BareArea",3742,0,0,"cies",1,6
"Crop",3,0,0,"cies",1,6
"DuneSand",232,0,0,"cies",1,6
"Grass",1926,0,0,"cies",1,6
"HydroRipVeg",100,0,0,"cies",1,6
"MedSclF",18,0,0,"cies",1,6
"Reforestation",2902,0,0,"cies",1,6
"RipF",133,0,0,"cies",1,6
"RockScreeVeg",28,0,0,"cies",1,6
"SMedMarF",2,0,0,"cies",1,6
"SaltMar",253,0,0,"cies",1,6
"Shrub",772,0,0,"cies",1,6
"TempDecF",261,0,0,"cies",1,6
"WaterSurf",95,0,0,"cies",1,6
"ArtSurf",329,0,0,"cies",1,7
"AtlScrub",5686,0,0,"cies",1,7
"BareArea",3742,0,0,"cies",1,7
"Crop",3,0,0,"cies",1,7
"DuneSand",232,0,0,"cies",1,7
"Grass",1926,0,0,"cies",1,7
"HydroRipVeg",100,0,0,"cies",1,7
"MedSclF",18,0,0,"cies",1,7
"Reforestation",2902,0,0,"cies",1,7
"RipF",133,0,0,"cies",1,7
"RockScreeVeg",28,0,0,"cies",1,7
"SMedMarF",2,0,0,"cies",1,7
"SaltMar",253,0,0,"cies",1,7
"Shrub",772,0,0,"cies",1,7
"TempDecF",261,0,0,"cies",1,7
"WaterSurf",95,0,0,"cies",1,7
"ArtSurf",329,0,0,"cies",1,8
"AtlScrub",5686,0,0,"cies",1,8
"BareArea",3742,0,0,"cies",1,8
"Crop",3,0,0,"cies",1,8
"DuneSand",232,0,0,"cies",1,8
"Grass",1926,0,0,"cies",1,8
"HydroRipVeg",100,0,0,"cies",1,8
"MedSclF",18,0,0,"cies",1,8
"Reforestation",2902,0,0,"cies",1,8
"RipF",133,0,0,"cies",1,8
"RockScreeVeg",28,0,0,"cies",1,8
"SMedMarF",2,0,0,"cies",1,8
"SaltMar",253,0,0,"cies",1,8
"Shrub",772,0,0,"cies",1,8
"TempDecF",261,0,0,"cies",1,8
"WaterSurf",95,0,0,"cies",1,8
"ArtSurf",329,28,8.51,"cies",1,9
"AtlScrub",5686,277,4.87,"cies",1,9
"BareArea",3742,61,1.63,"cies",1,9
"Crop",3,1,33.33,"cies",1,9
"DuneSand",232,19,8.19,"cies",1,9
"Grass",1926,95,4.93,"cies",1,9
"HydroRipVeg",100,42,42,"cies",1,9
"MedSclF",18,3,16.67,"cies",1,9
"Reforestation",2902,117,4.03,"cies",1,9
"RipF",133,9,6.77,"cies",1,9
"RockScreeVeg",28,1,3.57,"cies",1,9
"SMedMarF",2,0,0,"cies",1,9
"SaltMar",253,15,5.93,"cies",1,9
"Shrub",772,124,16.06,"cies",1,9
"TempDecF",261,21,8.05,"cies",1,9
"WaterSurf",95,0,0,"cies",1,9
"ArtSurf",329,0,0,"cies",1,10
"AtlScrub",5686,0,0,"cies",1,10
"BareArea",3742,0,0,"cies",1,10
"Crop",3,0,0,"cies",1,10
"DuneSand",232,0,0,"cies",1,10
"Grass",1926,0,0,"cies",1,10
"HydroRipVeg",100,0,0,"cies",1,10
"MedSclF",18,0,0,"cies",1,10
"Reforestation",2902,0,0,"cies",1,10
"RipF",133,0,0,"cies",1,10
"RockScreeVeg",28,0,0,"cies",1,10
"SMedMarF",2,0,0,"cies",1,10
"SaltMar",253,0,0,"cies",1,10
"Shrub",772,0,0,"cies",1,10
"TempDecF",261,0,0,"cies",1,10
"WaterSurf",95,0,0,"cies",1,10
"ArtSurf",329,0,0,"cies",1,11
"AtlScrub",5686,0,0,"cies",1,11
"BareArea",3742,0,0,"cies",1,11
"Crop",3,0,0,"cies",1,11
"DuneSand",232,0,0,"cies",1,11
"Grass",1926,0,0,"cies",1,11
"HydroRipVeg",100,0,0,"cies",1,11
"MedSclF",18,0,0,"cies",1,11
"Reforestation",2902,0,0,"cies",1,11
"RipF",133,0,0,"cies",1,11
"RockScreeVeg",28,0,0,"cies",1,11
"SMedMarF",2,0,0,"cies",1,11
"SaltMar",253,0,0,"cies",1,11
"Shrub",772,0,0,"cies",1,11
"TempDecF",261,0,0,"cies",1,11
"WaterSurf",95,0,0,"cies",1,11
"ArtSurf",329,0,0,"cies",1,12
"AtlScrub",5686,0,0,"cies",1,12
"BareArea",3742,0,0,"cies",1,12
"Crop",3,0,0,"cies",1,12
"DuneSand",232,0,0,"cies",1,12
"Grass",1926,0,0,"cies",1,12
"HydroRipVeg",100,0,0,"cies",1,12
"MedSclF",18,0,0,"cies",1,12
"Reforestation",2902,0,0,"cies",1,12
"RipF",133,0,0,"cies",1,12
"RockScreeVeg",28,0,0,"cies",1,12
"SMedMarF",2,0,0,"cies",1,12
"SaltMar",253,0,0,"cies",1,12
"Shrub",772,0,0,"cies",1,12
"TempDecF",261,0,0,"cies",1,12
"WaterSurf",95,0,0,"cies",1,12
"ArtSurf",329,0,0,"cies",3,1
"AtlScrub",5686,0,0,"cies",3,1
"BareArea",3742,0,0,"cies",3,1
"Crop",3,0,0,"cies",3,1
"DuneSand",232,0,0,"cies",3,1
"Grass",1926,0,0,"cies",3,1
"HydroRipVeg",100,0,0,"cies",3,1
"MedSclF",18,0,0,"cies",3,1
"Reforestation",2902,0,0,"cies",3,1
"RipF",133,0,0,"cies",3,1
"RockScreeVeg",28,0,0,"cies",3,1
"SMedMarF",2,0,0,"cies",3,1
"SaltMar",253,0,0,"cies",3,1
"Shrub",772,0,0,"cies",3,1
"TempDecF",261,0,0,"cies",3,1
"WaterSurf",95,0,0,"cies",3,1
"ArtSurf",329,0,0,"cies",3,2
"AtlScrub",5686,0,0,"cies",3,2
"BareArea",3742,0,0,"cies",3,2
"Crop",3,0,0,"cies",3,2
"DuneSand",232,0,0,"cies",3,2
"Grass",1926,0,0,"cies",3,2
"HydroRipVeg",100,0,0,"cies",3,2
"MedSclF",18,0,0,"cies",3,2
"Reforestation",2902,0,0,"cies",3,2
"RipF",133,0,0,"cies",3,2
"RockScreeVeg",28,0,0,"cies",3,2
"SMedMarF",2,0,0,"cies",3,2
"SaltMar",253,0,0,"cies",3,2
"Shrub",772,0,0,"cies",3,2
"TempDecF",261,0,0,"cies",3,2
"WaterSurf",95,0,0,"cies",3,2
"ArtSurf",329,0,0,"cies",3,3
"AtlScrub",5686,0,0,"cies",3,3
"BareArea",3742,0,0,"cies",3,3
"Crop",3,0,0,"cies",3,3
"DuneSand",232,0,0,"cies",3,3
"Grass",1926,0,0,"cies",3,3
"HydroRipVeg",100,0,0,"cies",3,3
"MedSclF",18,0,0,"cies",3,3
"Reforestation",2902,0,0,"cies",3,3
"RipF",133,0,0,"cies",3,3
"RockScreeVeg",28,0,0,"cies",3,3
"SMedMarF",2,0,0,"cies",3,3
"SaltMar",253,0,0,"cies",3,3
"Shrub",772,0,0,"cies",3,3
"TempDecF",261,0,0,"cies",3,3
"WaterSurf",95,0,0,"cies",3,3
"ArtSurf",329,0,0,"cies",3,4
"AtlScrub",5686,0,0,"cies",3,4
"BareArea",3742,0,0,"cies",3,4
"Crop",3,0,0,"cies",3,4
"DuneSand",232,0,0,"cies",3,4
"Grass",1926,0,0,"cies",3,4
"HydroRipVeg",100,0,0,"cies",3,4
"MedSclF",18,0,0,"cies",3,4
"Reforestation",2902,0,0,"cies",3,4
"RipF",133,0,0,"cies",3,4
"RockScreeVeg",28,0,0,"cies",3,4
"SMedMarF",2,0,0,"cies",3,4
"SaltMar",253,0,0,"cies",3,4
"Shrub",772,0,0,"cies",3,4
"TempDecF",261,0,0,"cies",3,4
"WaterSurf",95,0,0,"cies",3,4
"ArtSurf",329,0,0,"cies",3,5
"AtlScrub",5686,0,0,"cies",3,5
"BareArea",3742,0,0,"cies",3,5
"Crop",3,0,0,"cies",3,5
"DuneSand",232,0,0,"cies",3,5
"Grass",1926,0,0,"cies",3,5
"HydroRipVeg",100,0,0,"cies",3,5
"MedSclF",18,0,0,"cies",3,5
"Reforestation",2902,0,0,"cies",3,5
"RipF",133,0,0,"cies",3,5
"RockScreeVeg",28,0,0,"cies",3,5
"SMedMarF",2,0,0,"cies",3,5
"SaltMar",253,0,0,"cies",3,5
"Shrub",772,0,0,"cies",3,5
"TempDecF",261,0,0,"cies",3,5
"WaterSurf",95,0,0,"cies",3,5
"ArtSurf",329,0,0,"cies",3,6
"AtlScrub",5686,0,0,"cies",3,6
"BareArea",3742,0,0,"cies",3,6
"Crop",3,0,0,"cies",3,6
"DuneSand",232,0,0,"cies",3,6
"Grass",1926,0,0,"cies",3,6
"HydroRipVeg",100,0,0,"cies",3,6
"MedSclF",18,0,0,"cies",3,6
"Reforestation",2902,0,0,"cies",3,6
"RipF",133,0,0,"cies",3,6
"RockScreeVeg",28,0,0,"cies",3,6
"SMedMarF",2,0,0,"cies",3,6
"SaltMar",253,0,0,"cies",3,6
"Shrub",772,0,0,"cies",3,6
"TempDecF",261,0,0,"cies",3,6
"WaterSurf",95,0,0,"cies",3,6
"ArtSurf",329,0,0,"cies",3,7
"AtlScrub",5686,1,0.02,"cies",3,7
"BareArea",3742,19,0.51,"cies",3,7
"Crop",3,0,0,"cies",3,7
"DuneSand",232,0,0,"cies",3,7
"Grass",1926,4,0.21,"cies",3,7
"HydroRipVeg",100,0,0,"cies",3,7
"MedSclF",18,0,0,"cies",3,7
"Reforestation",2902,2,0.07,"cies",3,7
"RipF",133,0,0,"cies",3,7
"RockScreeVeg",28,0,0,"cies",3,7
"SMedMarF",2,0,0,"cies",3,7
"SaltMar",253,0,0,"cies",3,7
"Shrub",772,2,0.26,"cies",3,7
"TempDecF",261,0,0,"cies",3,7
"WaterSurf",95,0,0,"cies",3,7
"ArtSurf",329,96,29.18,"cies",3,8
"AtlScrub",5686,2054,36.12,"cies",3,8
"BareArea",3742,1151,30.76,"cies",3,8
"Crop",3,2,66.67,"cies",3,8
"DuneSand",232,24,10.34,"cies",3,8
"Grass",1926,1030,53.48,"cies",3,8
"HydroRipVeg",100,54,54,"cies",3,8
"MedSclF",18,0,0,"cies",3,8
"Reforestation",2902,555,19.12,"cies",3,8
"RipF",133,32,24.06,"cies",3,8
"RockScreeVeg",28,19,67.86,"cies",3,8
"SMedMarF",2,0,0,"cies",3,8
"SaltMar",253,105,41.5,"cies",3,8
"Shrub",772,386,50,"cies",3,8
"TempDecF",261,7,2.68,"cies",3,8
"WaterSurf",95,7,7.37,"cies",3,8
"ArtSurf",329,115,34.95,"cies",3,9
"AtlScrub",5686,2238,39.36,"cies",3,9
"BareArea",3742,766,20.47,"cies",3,9
"Crop",3,1,33.33,"cies",3,9
"DuneSand",232,36,15.52,"cies",3,9
"Grass",1926,837,43.46,"cies",3,9
"HydroRipVeg",100,54,54,"cies",3,9
"MedSclF",18,1,5.56,"cies",3,9
"Reforestation",2902,390,13.44,"cies",3,9
"RipF",133,28,21.05,"cies",3,9
"RockScreeVeg",28,25,89.29,"cies",3,9
"SMedMarF",2,0,0,"cies",3,9
"SaltMar",253,93,36.76,"cies",3,9
"Shrub",772,350,45.34,"cies",3,9
"TempDecF",261,16,6.13,"cies",3,9
"WaterSurf",95,0,0,"cies",3,9
"ArtSurf",329,58,17.63,"cies",3,10
"AtlScrub",5686,795,13.98,"cies",3,10
"BareArea",3742,542,14.48,"cies",3,10
"Crop",3,0,0,"cies",3,10
"DuneSand",232,39,16.81,"cies",3,10
"Grass",1926,545,28.3,"cies",3,10
"HydroRipVeg",100,67,67,"cies",3,10
"MedSclF",18,0,0,"cies",3,10
"Reforestation",2902,113,3.89,"cies",3,10
"RipF",133,17,12.78,"cies",3,10
"RockScreeVeg",28,8,28.57,"cies",3,10
"SMedMarF",2,0,0,"cies",3,10
"SaltMar",253,92,36.36,"cies",3,10
"Shrub",772,264,34.2,"cies",3,10
"TempDecF",261,4,1.53,"cies",3,10
"WaterSurf",95,0,0,"cies",3,10
"ArtSurf",329,32,9.73,"cies",3,11
"AtlScrub",5686,834,14.67,"cies",3,11
"BareArea",3742,438,11.7,"cies",3,11
"Crop",3,0,0,"cies",3,11
"DuneSand",232,0,0,"cies",3,11
"Grass",1926,401,20.82,"cies",3,11
"HydroRipVeg",100,2,2,"cies",3,11
"MedSclF",18,0,0,"cies",3,11
"Reforestation",2902,67,2.31,"cies",3,11
"RipF",133,4,3.01,"cies",3,11
"RockScreeVeg",28,7,25,"cies",3,11
"SMedMarF",2,0,0,"cies",3,11
"SaltMar",253,58,22.92,"cies",3,11
"Shrub",772,72,9.33,"cies",3,11
"TempDecF",261,0,0,"cies",3,11
"WaterSurf",95,0,0,"cies",3,11
"ArtSurf",329,0,0,"cies",3,12
"AtlScrub",5686,0,0,"cies",3,12
"BareArea",3742,0,0,"cies",3,12
"Crop",3,0,0,"cies",3,12
"DuneSand",232,0,0,"cies",3,12
"Grass",1926,0,0,"cies",3,12
"HydroRipVeg",100,0,0,"cies",3,12
"MedSclF",18,0,0,"cies",3,12
"Reforestation",2902,0,0,"cies",3,12
"RipF",133,0,0,"cies",3,12
"RockScreeVeg",28,0,0,"cies",3,12
"SMedMarF",2,0,0,"cies",3,12
"SaltMar",253,0,0,"cies",3,12
"Shrub",772,0,0,"cies",3,12
"TempDecF",261,0,0,"cies",3,12
"WaterSurf",95,0,0,"cies",3,12
"ArtSurf",329,0,0,"cies",6,1
"AtlScrub",5686,0,0,"cies",6,1
"BareArea",3742,0,0,"cies",6,1
"Crop",3,0,0,"cies",6,1
"DuneSand",232,0,0,"cies",6,1
"Grass",1926,0,0,"cies",6,1
"HydroRipVeg",100,0,0,"cies",6,1
"MedSclF",18,0,0,"cies",6,1
"Reforestation",2902,0,0,"cies",6,1
"RipF",133,0,0,"cies",6,1
"RockScreeVeg",28,0,0,"cies",6,1
"SMedMarF",2,0,0,"cies",6,1
"SaltMar",253,0,0,"cies",6,1
"Shrub",772,0,0,"cies",6,1
"TempDecF",261,0,0,"cies",6,1
"WaterSurf",95,0,0,"cies",6,1
"ArtSurf",329,0,0,"cies",6,2
"AtlScrub",5686,0,0,"cies",6,2
"BareArea",3742,0,0,"cies",6,2
"Crop",3,0,0,"cies",6,2
"DuneSand",232,0,0,"cies",6,2
"Grass",1926,0,0,"cies",6,2
"HydroRipVeg",100,0,0,"cies",6,2
"MedSclF",18,0,0,"cies",6,2
"Reforestation",2902,0,0,"cies",6,2
"RipF",133,0,0,"cies",6,2
"RockScreeVeg",28,0,0,"cies",6,2
"SMedMarF",2,0,0,"cies",6,2
"SaltMar",253,0,0,"cies",6,2
"Shrub",772,0,0,"cies",6,2
"TempDecF",261,0,0,"cies",6,2
"WaterSurf",95,0,0,"cies",6,2
"ArtSurf",329,0,0,"cies",6,3
"AtlScrub",5686,0,0,"cies",6,3
"BareArea",3742,0,0,"cies",6,3
"Crop",3,0,0,"cies",6,3
"DuneSand",232,0,0,"cies",6,3
"Grass",1926,0,0,"cies",6,3
"HydroRipVeg",100,0,0,"cies",6,3
"MedSclF",18,0,0,"cies",6,3
"Reforestation",2902,0,0,"cies",6,3
"RipF",133,0,0,"cies",6,3
"RockScreeVeg",28,0,0,"cies",6,3
"SMedMarF",2,0,0,"cies",6,3
"SaltMar",253,0,0,"cies",6,3
"Shrub",772,0,0,"cies",6,3
"TempDecF",261,0,0,"cies",6,3
"WaterSurf",95,0,0,"cies",6,3
"ArtSurf",329,0,0,"cies",6,4
"AtlScrub",5686,0,0,"cies",6,4
"BareArea",3742,0,0,"cies",6,4
"Crop",3,0,0,"cies",6,4
"DuneSand",232,0,0,"cies",6,4
"Grass",1926,0,0,"cies",6,4
"HydroRipVeg",100,0,0,"cies",6,4
"MedSclF",18,0,0,"cies",6,4
"Reforestation",2902,0,0,"cies",6,4
"RipF",133,0,0,"cies",6,4
"RockScreeVeg",28,0,0,"cies",6,4
"SMedMarF",2,0,0,"cies",6,4
"SaltMar",253,0,0,"cies",6,4
"Shrub",772,0,0,"cies",6,4
"TempDecF",261,0,0,"cies",6,4
"WaterSurf",95,0,0,"cies",6,4
"ArtSurf",329,0,0,"cies",6,5
"AtlScrub",5686,0,0,"cies",6,5
"BareArea",3742,0,0,"cies",6,5
"Crop",3,0,0,"cies",6,5
"DuneSand",232,0,0,"cies",6,5
"Grass",1926,0,0,"cies",6,5
"HydroRipVeg",100,0,0,"cies",6,5
"MedSclF",18,0,0,"cies",6,5
"Reforestation",2902,0,0,"cies",6,5
"RipF",133,0,0,"cies",6,5
"RockScreeVeg",28,0,0,"cies",6,5
"SMedMarF",2,0,0,"cies",6,5
"SaltMar",253,0,0,"cies",6,5
"Shrub",772,0,0,"cies",6,5
"TempDecF",261,0,0,"cies",6,5
"WaterSurf",95,0,0,"cies",6,5
"ArtSurf",329,0,0,"cies",6,6
"AtlScrub",5686,0,0,"cies",6,6
"BareArea",3742,0,0,"cies",6,6
"Crop",3,0,0,"cies",6,6
"DuneSand",232,0,0,"cies",6,6
"Grass",1926,0,0,"cies",6,6
"HydroRipVeg",100,0,0,"cies",6,6
"MedSclF",18,0,0,"cies",6,6
"Reforestation",2902,0,0,"cies",6,6
"RipF",133,0,0,"cies",6,6
"RockScreeVeg",28,0,0,"cies",6,6
"SMedMarF",2,0,0,"cies",6,6
"SaltMar",253,0,0,"cies",6,6
"Shrub",772,0,0,"cies",6,6
"TempDecF",261,0,0,"cies",6,6
"WaterSurf",95,0,0,"cies",6,6
"ArtSurf",329,0,0,"cies",6,7
"AtlScrub",5686,0,0,"cies",6,7
"BareArea",3742,1,0.03,"cies",6,7
"Crop",3,0,0,"cies",6,7
"DuneSand",232,0,0,"cies",6,7
"Grass",1926,0,0,"cies",6,7
"HydroRipVeg",100,0,0,"cies",6,7
"MedSclF",18,0,0,"cies",6,7
"Reforestation",2902,0,0,"cies",6,7
"RipF",133,0,0,"cies",6,7
"RockScreeVeg",28,0,0,"cies",6,7
"SMedMarF",2,0,0,"cies",6,7
"SaltMar",253,0,0,"cies",6,7
"Shrub",772,0,0,"cies",6,7
"TempDecF",261,0,0,"cies",6,7
"WaterSurf",95,0,0,"cies",6,7
"ArtSurf",329,5,1.52,"cies",6,8
"AtlScrub",5686,103,1.81,"cies",6,8
"BareArea",3742,26,0.69,"cies",6,8
"Crop",3,0,0,"cies",6,8
"DuneSand",232,0,0,"cies",6,8
"Grass",1926,11,0.57,"cies",6,8
"HydroRipVeg",100,0,0,"cies",6,8
"MedSclF",18,0,0,"cies",6,8
"Reforestation",2902,5,0.17,"cies",6,8
"RipF",133,4,3.01,"cies",6,8
"RockScreeVeg",28,0,0,"cies",6,8
"SMedMarF",2,0,0,"cies",6,8
"SaltMar",253,3,1.19,"cies",6,8
"Shrub",772,9,1.17,"cies",6,8
"TempDecF",261,0,0,"cies",6,8
"WaterSurf",95,2,2.11,"cies",6,8
"ArtSurf",329,0,0,"cies",6,9
"AtlScrub",5686,2,0.04,"cies",6,9
"BareArea",3742,3,0.08,"cies",6,9
"Crop",3,0,0,"cies",6,9
"DuneSand",232,0,0,"cies",6,9
"Grass",1926,1,0.05,"cies",6,9
"HydroRipVeg",100,0,0,"cies",6,9
"MedSclF",18,0,0,"cies",6,9
"Reforestation",2902,0,0,"cies",6,9
"RipF",133,0,0,"cies",6,9
"RockScreeVeg",28,1,3.57,"cies",6,9
"SMedMarF",2,0,0,"cies",6,9
"SaltMar",253,1,0.4,"cies",6,9
"Shrub",772,0,0,"cies",6,9
"TempDecF",261,0,0,"cies",6,9
"WaterSurf",95,0,0,"cies",6,9
"ArtSurf",329,0,0,"cies",6,10
"AtlScrub",5686,1,0.02,"cies",6,10
"BareArea",3742,0,0,"cies",6,10
"Crop",3,0,0,"cies",6,10
"DuneSand",232,0,0,"cies",6,10
"Grass",1926,0,0,"cies",6,10
"HydroRipVeg",100,0,0,"cies",6,10
"MedSclF",18,0,0,"cies",6,10
"Reforestation",2902,0,0,"cies",6,10
"RipF",133,0,0,"cies",6,10
"RockScreeVeg",28,0,0,"cies",6,10
"SMedMarF",2,0,0,"cies",6,10
"SaltMar",253,0,0,"cies",6,10
"Shrub",772,0,0,"cies",6,10
"TempDecF",261,0,0,"cies",6,10
"WaterSurf",95,0,0,"cies",6,10
"ArtSurf",329,0,0,"cies",6,11
"AtlScrub",5686,0,0,"cies",6,11
"BareArea",3742,0,0,"cies",6,11
"Crop",3,0,0,"cies",6,11
"DuneSand",232,0,0,"cies",6,11
"Grass",1926,0,0,"cies",6,11
"HydroRipVeg",100,0,0,"cies",6,11
"MedSclF",18,0,0,"cies",6,11
"Reforestation",2902,0,0,"cies",6,11
"RipF",133,0,0,"cies",6,11
"RockScreeVeg",28,0,0,"cies",6,11
"SMedMarF",2,0,0,"cies",6,11
"SaltMar",253,0,0,"cies",6,11
"Shrub",772,0,0,"cies",6,11
"TempDecF",261,0,0,"cies",6,11
"WaterSurf",95,0,0,"cies",6,11
"ArtSurf",329,0,0,"cies",6,12
"AtlScrub",5686,0,0,"cies",6,12
"BareArea",3742,0,0,"cies",6,12
"Crop",3,0,0,"cies",6,12
"DuneSand",232,0,0,"cies",6,12
"Grass",1926,0,0,"cies",6,12
"HydroRipVeg",100,0,0,"cies",6,12
"MedSclF",18,0,0,"cies",6,12
"Reforestation",2902,0,0,"cies",6,12
"RipF",133,0,0,"cies",6,12
"RockScreeVeg",28,0,0,"cies",6,12
"SMedMarF",2,0,0,"cies",6,12
"SaltMar",253,0,0,"cies",6,12
"Shrub",772,0,0,"cies",6,12
"TempDecF",261,0,0,"cies",6,12
"WaterSurf",95,0,0,"cies",6,12
"ArtSurf",329,0,0,"cies",9,1
"AtlScrub",5686,0,0,"cies",9,1
"BareArea",3742,0,0,"cies",9,1
"Crop",3,0,0,"cies",9,1
"DuneSand",232,0,0,"cies",9,1
"Grass",1926,0,0,"cies",9,1
"HydroRipVeg",100,0,0,"cies",9,1
"MedSclF",18,0,0,"cies",9,1
"Reforestation",2902,0,0,"cies",9,1
"RipF",133,0,0,"cies",9,1
"RockScreeVeg",28,0,0,"cies",9,1
"SMedMarF",2,0,0,"cies",9,1
"SaltMar",253,0,0,"cies",9,1
"Shrub",772,0,0,"cies",9,1
"TempDecF",261,0,0,"cies",9,1
"WaterSurf",95,0,0,"cies",9,1
"ArtSurf",329,0,0,"cies",9,2
"AtlScrub",5686,0,0,"cies",9,2
"BareArea",3742,0,0,"cies",9,2
"Crop",3,0,0,"cies",9,2
"DuneSand",232,0,0,"cies",9,2
"Grass",1926,0,0,"cies",9,2
"HydroRipVeg",100,0,0,"cies",9,2
"MedSclF",18,0,0,"cies",9,2
"Reforestation",2902,0,0,"cies",9,2
"RipF",133,0,0,"cies",9,2
"RockScreeVeg",28,0,0,"cies",9,2
"SMedMarF",2,0,0,"cies",9,2
"SaltMar",253,0,0,"cies",9,2
"Shrub",772,0,0,"cies",9,2
"TempDecF",261,0,0,"cies",9,2
"WaterSurf",95,0,0,"cies",9,2
"ArtSurf",329,0,0,"cies",9,3
"AtlScrub",5686,0,0,"cies",9,3
"BareArea",3742,0,0,"cies",9,3
"Crop",3,0,0,"cies",9,3
"DuneSand",232,0,0,"cies",9,3
"Grass",1926,0,0,"cies",9,3
"HydroRipVeg",100,0,0,"cies",9,3
"MedSclF",18,0,0,"cies",9,3
"Reforestation",2902,0,0,"cies",9,3
"RipF",133,0,0,"cies",9,3
"RockScreeVeg",28,0,0,"cies",9,3
"SMedMarF",2,0,0,"cies",9,3
"SaltMar",253,0,0,"cies",9,3
"Shrub",772,0,0,"cies",9,3
"TempDecF",261,0,0,"cies",9,3
"WaterSurf",95,0,0,"cies",9,3
"ArtSurf",329,0,0,"cies",9,4
"AtlScrub",5686,0,0,"cies",9,4
"BareArea",3742,0,0,"cies",9,4
"Crop",3,0,0,"cies",9,4
"DuneSand",232,0,0,"cies",9,4
"Grass",1926,0,0,"cies",9,4
"HydroRipVeg",100,0,0,"cies",9,4
"MedSclF",18,0,0,"cies",9,4
"Reforestation",2902,0,0,"cies",9,4
"RipF",133,0,0,"cies",9,4
"RockScreeVeg",28,0,0,"cies",9,4
"SMedMarF",2,0,0,"cies",9,4
"SaltMar",253,0,0,"cies",9,4
"Shrub",772,0,0,"cies",9,4
"TempDecF",261,0,0,"cies",9,4
"WaterSurf",95,0,0,"cies",9,4
"ArtSurf",329,0,0,"cies",9,5
"AtlScrub",5686,0,0,"cies",9,5
"BareArea",3742,0,0,"cies",9,5
"Crop",3,0,0,"cies",9,5
"DuneSand",232,0,0,"cies",9,5
"Grass",1926,0,0,"cies",9,5
"HydroRipVeg",100,0,0,"cies",9,5
"MedSclF",18,0,0,"cies",9,5
"Reforestation",2902,0,0,"cies",9,5
"RipF",133,0,0,"cies",9,5
"RockScreeVeg",28,0,0,"cies",9,5
"SMedMarF",2,0,0,"cies",9,5
"SaltMar",253,0,0,"cies",9,5
"Shrub",772,0,0,"cies",9,5
"TempDecF",261,0,0,"cies",9,5
"WaterSurf",95,0,0,"cies",9,5
"ArtSurf",329,0,0,"cies",9,6
"AtlScrub",5686,0,0,"cies",9,6
"BareArea",3742,0,0,"cies",9,6
"Crop",3,0,0,"cies",9,6
"DuneSand",232,0,0,"cies",9,6
"Grass",1926,0,0,"cies",9,6
"HydroRipVeg",100,0,0,"cies",9,6
"MedSclF",18,0,0,"cies",9,6
"Reforestation",2902,0,0,"cies",9,6
"RipF",133,0,0,"cies",9,6
"RockScreeVeg",28,0,0,"cies",9,6
"SMedMarF",2,0,0,"cies",9,6
"SaltMar",253,0,0,"cies",9,6
"Shrub",772,0,0,"cies",9,6
"TempDecF",261,0,0,"cies",9,6
"WaterSurf",95,0,0,"cies",9,6
"ArtSurf",329,0,0,"cies",9,7
"AtlScrub",5686,0,0,"cies",9,7
"BareArea",3742,0,0,"cies",9,7
"Crop",3,0,0,"cies",9,7
"DuneSand",232,0,0,"cies",9,7
"Grass",1926,0,0,"cies",9,7
"HydroRipVeg",100,0,0,"cies",9,7
"MedSclF",18,0,0,"cies",9,7
"Reforestation",2902,0,0,"cies",9,7
"RipF",133,0,0,"cies",9,7
"RockScreeVeg",28,0,0,"cies",9,7
"SMedMarF",2,0,0,"cies",9,7
"SaltMar",253,0,0,"cies",9,7
"Shrub",772,0,0,"cies",9,7
"TempDecF",261,0,0,"cies",9,7
"WaterSurf",95,0,0,"cies",9,7
"ArtSurf",329,0,0,"cies",9,8
"AtlScrub",5686,32,0.56,"cies",9,8
"BareArea",3742,5,0.13,"cies",9,8
"Crop",3,0,0,"cies",9,8
"DuneSand",232,0,0,"cies",9,8
"Grass",1926,5,0.26,"cies",9,8
"HydroRipVeg",100,0,0,"cies",9,8
"MedSclF",18,0,0,"cies",9,8
"Reforestation",2902,0,0,"cies",9,8
"RipF",133,0,0,"cies",9,8
"RockScreeVeg",28,0,0,"cies",9,8
"SMedMarF",2,0,0,"cies",9,8
"SaltMar",253,0,0,"cies",9,8
"Shrub",772,1,0.13,"cies",9,8
"TempDecF",261,0,0,"cies",9,8
"WaterSurf",95,0,0,"cies",9,8
"ArtSurf",329,0,0,"cies",9,9
"AtlScrub",5686,0,0,"cies",9,9
"BareArea",3742,0,0,"cies",9,9
"Crop",3,0,0,"cies",9,9
"DuneSand",232,0,0,"cies",9,9
"Grass",1926,0,0,"cies",9,9
"HydroRipVeg",100,0,0,"cies",9,9
"MedSclF",18,0,0,"cies",9,9
"Reforestation",2902,0,0,"cies",9,9
"RipF",133,0,0,"cies",9,9
"RockScreeVeg",28,0,0,"cies",9,9
"SMedMarF",2,0,0,"cies",9,9
"SaltMar",253,0,0,"cies",9,9
"Shrub",772,0,0,"cies",9,9
"TempDecF",261,0,0,"cies",9,9
"WaterSurf",95,0,0,"cies",9,9
"ArtSurf",329,0,0,"cies",9,10
"AtlScrub",5686,1,0.02,"cies",9,10
"BareArea",3742,0,0,"cies",9,10
"Crop",3,0,0,"cies",9,10
"DuneSand",232,0,0,"cies",9,10
"Grass",1926,0,0,"cies",9,10
"HydroRipVeg",100,0,0,"cies",9,10
"MedSclF",18,0,0,"cies",9,10
"Reforestation",2902,1,0.03,"cies",9,10
"RipF",133,0,0,"cies",9,10
"RockScreeVeg",28,0,0,"cies",9,10
"SMedMarF",2,0,0,"cies",9,10
"SaltMar",253,0,0,"cies",9,10
"Shrub",772,0,0,"cies",9,10
"TempDecF",261,0,0,"cies",9,10
"WaterSurf",95,0,0,"cies",9,10
"ArtSurf",329,0,0,"cies",9,11
"AtlScrub",5686,0,0,"cies",9,11
"BareArea",3742,0,0,"cies",9,11
"Crop",3,0,0,"cies",9,11
"DuneSand",232,0,0,"cies",9,11
"Grass",1926,0,0,"cies",9,11
"HydroRipVeg",100,0,0,"cies",9,11
"MedSclF",18,0,0,"cies",9,11
"Reforestation",2902,0,0,"cies",9,11
"RipF",133,0,0,"cies",9,11
"RockScreeVeg",28,0,0,"cies",9,11
"SMedMarF",2,0,0,"cies",9,11
"SaltMar",253,0,0,"cies",9,11
"Shrub",772,0,0,"cies",9,11
"TempDecF",261,0,0,"cies",9,11
"WaterSurf",95,0,0,"cies",9,11
"ArtSurf",329,0,0,"cies",9,12
"AtlScrub",5686,0,0,"cies",9,12
"BareArea",3742,0,0,"cies",9,12
"Crop",3,0,0,"cies",9,12
"DuneSand",232,0,0,"cies",9,12
"Grass",1926,0,0,"cies",9,12
"HydroRipVeg",100,0,0,"cies",9,12
"MedSclF",18,0,0,"cies",9,12
"Reforestation",2902,0,0,"cies",9,12
"RipF",133,0,0,"cies",9,12
"RockScreeVeg",28,0,0,"cies",9,12
"SMedMarF",2,0,0,"cies",9,12
"SaltMar",253,0,0,"cies",9,12
"Shrub",772,0,0,"cies",9,12
"TempDecF",261,0,0,"cies",9,12
"WaterSurf",95,0,0,"cies",9,12
"ArtSurf",329,0,0,"cies",12,1
"AtlScrub",5686,0,0,"cies",12,1
"BareArea",3742,0,0,"cies",12,1
"Crop",3,0,0,"cies",12,1
"DuneSand",232,0,0,"cies",12,1
"Grass",1926,0,0,"cies",12,1
"HydroRipVeg",100,0,0,"cies",12,1
"MedSclF",18,0,0,"cies",12,1
"Reforestation",2902,0,0,"cies",12,1
"RipF",133,0,0,"cies",12,1
"RockScreeVeg",28,0,0,"cies",12,1
"SMedMarF",2,0,0,"cies",12,1
"SaltMar",253,0,0,"cies",12,1
"Shrub",772,0,0,"cies",12,1
"TempDecF",261,0,0,"cies",12,1
"WaterSurf",95,0,0,"cies",12,1
"ArtSurf",329,0,0,"cies",12,2
"AtlScrub",5686,0,0,"cies",12,2
"BareArea",3742,0,0,"cies",12,2
"Crop",3,0,0,"cies",12,2
"DuneSand",232,0,0,"cies",12,2
"Grass",1926,0,0,"cies",12,2
"HydroRipVeg",100,0,0,"cies",12,2
"MedSclF",18,0,0,"cies",12,2
"Reforestation",2902,0,0,"cies",12,2
"RipF",133,0,0,"cies",12,2
"RockScreeVeg",28,0,0,"cies",12,2
"SMedMarF",2,0,0,"cies",12,2
"SaltMar",253,0,0,"cies",12,2
"Shrub",772,0,0,"cies",12,2
"TempDecF",261,0,0,"cies",12,2
"WaterSurf",95,0,0,"cies",12,2
"ArtSurf",329,0,0,"cies",12,3
"AtlScrub",5686,0,0,"cies",12,3
"BareArea",3742,0,0,"cies",12,3
"Crop",3,0,0,"cies",12,3
"DuneSand",232,0,0,"cies",12,3
"Grass",1926,0,0,"cies",12,3
"HydroRipVeg",100,0,0,"cies",12,3
"MedSclF",18,0,0,"cies",12,3
"Reforestation",2902,0,0,"cies",12,3
"RipF",133,0,0,"cies",12,3
"RockScreeVeg",28,0,0,"cies",12,3
"SMedMarF",2,0,0,"cies",12,3
"SaltMar",253,0,0,"cies",12,3
"Shrub",772,0,0,"cies",12,3
"TempDecF",261,0,0,"cies",12,3
"WaterSurf",95,0,0,"cies",12,3
"ArtSurf",329,0,0,"cies",12,4
"AtlScrub",5686,0,0,"cies",12,4
"BareArea",3742,0,0,"cies",12,4
"Crop",3,0,0,"cies",12,4
"DuneSand",232,0,0,"cies",12,4
"Grass",1926,0,0,"cies",12,4
"HydroRipVeg",100,0,0,"cies",12,4
"MedSclF",18,0,0,"cies",12,4
"Reforestation",2902,0,0,"cies",12,4
"RipF",133,0,0,"cies",12,4
"RockScreeVeg",28,0,0,"cies",12,4
"SMedMarF",2,0,0,"cies",12,4
"SaltMar",253,0,0,"cies",12,4
"Shrub",772,0,0,"cies",12,4
"TempDecF",261,0,0,"cies",12,4
"WaterSurf",95,0,0,"cies",12,4
"ArtSurf",329,0,0,"cies",12,5
"AtlScrub",5686,0,0,"cies",12,5
"BareArea",3742,0,0,"cies",12,5
"Crop",3,0,0,"cies",12,5
"DuneSand",232,0,0,"cies",12,5
"Grass",1926,0,0,"cies",12,5
"HydroRipVeg",100,0,0,"cies",12,5
"MedSclF",18,0,0,"cies",12,5
"Reforestation",2902,0,0,"cies",12,5
"RipF",133,0,0,"cies",12,5
"RockScreeVeg",28,0,0,"cies",12,5
"SMedMarF",2,0,0,"cies",12,5
"SaltMar",253,0,0,"cies",12,5
"Shrub",772,0,0,"cies",12,5
"TempDecF",261,0,0,"cies",12,5
"WaterSurf",95,0,0,"cies",12,5
"ArtSurf",329,0,0,"cies",12,6
"AtlScrub",5686,0,0,"cies",12,6
"BareArea",3742,0,0,"cies",12,6
"Crop",3,0,0,"cies",12,6
"DuneSand",232,0,0,"cies",12,6
"Grass",1926,0,0,"cies",12,6
"HydroRipVeg",100,0,0,"cies",12,6
"MedSclF",18,0,0,"cies",12,6
"Reforestation",2902,0,0,"cies",12,6
"RipF",133,0,0,"cies",12,6
"RockScreeVeg",28,0,0,"cies",12,6
"SMedMarF",2,0,0,"cies",12,6
"SaltMar",253,0,0,"cies",12,6
"Shrub",772,0,0,"cies",12,6
"TempDecF",261,0,0,"cies",12,6
"WaterSurf",95,0,0,"cies",12,6
"ArtSurf",329,0,0,"cies",12,7
"AtlScrub",5686,0,0,"cies",12,7
"BareArea",3742,0,0,"cies",12,7
"Crop",3,0,0,"cies",12,7
"DuneSand",232,0,0,"cies",12,7
"Grass",1926,0,0,"cies",12,7
"HydroRipVeg",100,0,0,"cies",12,7
"MedSclF",18,0,0,"cies",12,7
"Reforestation",2902,0,0,"cies",12,7
"RipF",133,0,0,"cies",12,7
"RockScreeVeg",28,0,0,"cies",12,7
"SMedMarF",2,0,0,"cies",12,7
"SaltMar",253,0,0,"cies",12,7
"Shrub",772,0,0,"cies",12,7
"TempDecF",261,0,0,"cies",12,7
"WaterSurf",95,0,0,"cies",12,7
"ArtSurf",329,36,10.94,"cies",12,8
"AtlScrub",5686,1252,22.02,"cies",12,8
"BareArea",3742,421,11.25,"cies",12,8
"Crop",3,1,33.33,"cies",12,8
"DuneSand",232,15,6.47,"cies",12,8
"Grass",1926,448,23.26,"cies",12,8
"HydroRipVeg",100,33,33,"cies",12,8
"MedSclF",18,9,50,"cies",12,8
"Reforestation",2902,447,15.4,"cies",12,8
"RipF",133,18,13.53,"cies",12,8
"RockScreeVeg",28,19,67.86,"cies",12,8
"SMedMarF",2,0,0,"cies",12,8
"SaltMar",253,76,30.04,"cies",12,8
"Shrub",772,235,30.44,"cies",12,8
"TempDecF",261,95,36.4,"cies",12,8
"WaterSurf",95,0,0,"cies",12,8
"ArtSurf",329,0,0,"cies",12,9
"AtlScrub",5686,0,0,"cies",12,9
"BareArea",3742,0,0,"cies",12,9
"Crop",3,0,0,"cies",12,9
"DuneSand",232,0,0,"cies",12,9
"Grass",1926,0,0,"cies",12,9
"HydroRipVeg",100,0,0,"cies",12,9
"MedSclF",18,0,0,"cies",12,9
"Reforestation",2902,0,0,"cies",12,9
"RipF",133,0,0,"cies",12,9
"RockScreeVeg",28,0,0,"cies",12,9
"SMedMarF",2,0,0,"cies",12,9
"SaltMar",253,0,0,"cies",12,9
"Shrub",772,0,0,"cies",12,9
"TempDecF",261,0,0,"cies",12,9
"WaterSurf",95,0,0,"cies",12,9
"ArtSurf",329,0,0,"cies",12,10
"AtlScrub",5686,3,0.05,"cies",12,10
"BareArea",3742,0,0,"cies",12,10
"Crop",3,0,0,"cies",12,10
"DuneSand",232,0,0,"cies",12,10
"Grass",1926,0,0,"cies",12,10
"HydroRipVeg",100,0,0,"cies",12,10
"MedSclF",18,0,0,"cies",12,10
"Reforestation",2902,6,0.21,"cies",12,10
"RipF",133,0,0,"cies",12,10
"RockScreeVeg",28,0,0,"cies",12,10
"SMedMarF",2,0,0,"cies",12,10
"SaltMar",253,0,0,"cies",12,10
"Shrub",772,0,0,"cies",12,10
"TempDecF",261,0,0,"cies",12,10
"WaterSurf",95,0,0,"cies",12,10
"ArtSurf",329,0,0,"cies",12,11
"AtlScrub",5686,0,0,"cies",12,11
"BareArea",3742,0,0,"cies",12,11
"Crop",3,0,0,"cies",12,11
"DuneSand",232,0,0,"cies",12,11
"Grass",1926,0,0,"cies",12,11
"HydroRipVeg",100,0,0,"cies",12,11
"MedSclF",18,0,0,"cies",12,11
"Reforestation",2902,0,0,"cies",12,11
"RipF",133,0,0,"cies",12,11
"RockScreeVeg",28,0,0,"cies",12,11
"SMedMarF",2,0,0,"cies",12,11
"SaltMar",253,0,0,"cies",12,11
"Shrub",772,0,0,"cies",12,11
"TempDecF",261,0,0,"cies",12,11
"WaterSurf",95,0,0,"cies",12,11
"ArtSurf",329,0,0,"cies",12,12
"AtlScrub",5686,0,0,"cies",12,12
"BareArea",3742,0,0,"cies",12,12
"Crop",3,0,0,"cies",12,12
"DuneSand",232,0,0,"cies",12,12
"Grass",1926,0,0,"cies",12,12
"HydroRipVeg",100,0,0,"cies",12,12
"MedSclF",18,0,0,"cies",12,12
"Reforestation",2902,0,0,"cies",12,12
"RipF",133,0,0,"cies",12,12
"RockScreeVeg",28,0,0,"cies",12,12
"SMedMarF",2,0,0,"cies",12,12
"SaltMar",253,0,0,"cies",12,12
"Shrub",772,0,0,"cies",12,12
"TempDecF",261,0,0,"cies",12,12
"WaterSurf",95,0,0,"cies",12,12
"ArtSurf",2849,0,0,"monfrague",1,1
"Crop",1332,0,0,"monfrague",1,1
"Dehesa",17271,0,0,"monfrague",1,1
"Grass",5942,0,0,"monfrague",1,1
"HydroRipVeg",2264,0,0,"monfrague",1,1
"MedSclF",34504,0,0,"monfrague",1,1
"MedScrub",121317,0,0,"monfrague",1,1
"Reforestation",22719,0,0,"monfrague",1,1
"RipF",1179,0,0,"monfrague",1,1
"RockScreeVeg",16028,0,0,"monfrague",1,1
"SMedMarF",6002,0,0,"monfrague",1,1
"Shrub",13653,0,0,"monfrague",1,1
"WaterSurf",15572,0,0,"monfrague",1,1
"ArtSurf",2849,0,0,"monfrague",1,2
"Crop",1332,0,0,"monfrague",1,2
"Dehesa",17271,0,0,"monfrague",1,2
"Grass",5942,0,0,"monfrague",1,2
"HydroRipVeg",2264,0,0,"monfrague",1,2
"MedSclF",34504,0,0,"monfrague",1,2
"MedScrub",121317,0,0,"monfrague",1,2
"Reforestation",22719,0,0,"monfrague",1,2
"RipF",1179,0,0,"monfrague",1,2
"RockScreeVeg",16028,0,0,"monfrague",1,2
"SMedMarF",6002,0,0,"monfrague",1,2
"Shrub",13653,0,0,"monfrague",1,2
"WaterSurf",15572,0,0,"monfrague",1,2
"ArtSurf",2849,0,0,"monfrague",1,3
"Crop",1332,0,0,"monfrague",1,3
"Dehesa",17271,0,0,"monfrague",1,3
"Grass",5942,0,0,"monfrague",1,3
"HydroRipVeg",2264,0,0,"monfrague",1,3
"MedSclF",34504,0,0,"monfrague",1,3
"MedScrub",121317,0,0,"monfrague",1,3
"Reforestation",22719,0,0,"monfrague",1,3
"RipF",1179,0,0,"monfrague",1,3
"RockScreeVeg",16028,0,0,"monfrague",1,3
"SMedMarF",6002,0,0,"monfrague",1,3
"Shrub",13653,0,0,"monfrague",1,3
"WaterSurf",15572,0,0,"monfrague",1,3
"ArtSurf",2849,0,0,"monfrague",1,4
"Crop",1332,0,0,"monfrague",1,4
"Dehesa",17271,0,0,"monfrague",1,4
"Grass",5942,0,0,"monfrague",1,4
"HydroRipVeg",2264,0,0,"monfrague",1,4
"MedSclF",34504,0,0,"monfrague",1,4
"MedScrub",121317,0,0,"monfrague",1,4
"Reforestation",22719,0,0,"monfrague",1,4
"RipF",1179,0,0,"monfrague",1,4
"RockScreeVeg",16028,0,0,"monfrague",1,4
"SMedMarF",6002,0,0,"monfrague",1,4
"Shrub",13653,0,0,"monfrague",1,4
"WaterSurf",15572,0,0,"monfrague",1,4
"ArtSurf",2849,0,0,"monfrague",1,5
"Crop",1332,0,0,"monfrague",1,5
"Dehesa",17271,0,0,"monfrague",1,5
"Grass",5942,0,0,"monfrague",1,5
"HydroRipVeg",2264,0,0,"monfrague",1,5
"MedSclF",34504,0,0,"monfrague",1,5
"MedScrub",121317,0,0,"monfrague",1,5
"Reforestation",22719,0,0,"monfrague",1,5
"RipF",1179,0,0,"monfrague",1,5
"RockScreeVeg",16028,0,0,"monfrague",1,5
"SMedMarF",6002,0,0,"monfrague",1,5
"Shrub",13653,0,0,"monfrague",1,5
"WaterSurf",15572,0,0,"monfrague",1,5
"ArtSurf",2849,176,6.18,"monfrague",1,6
"Crop",1332,32,2.4,"monfrague",1,6
"Dehesa",17271,1559,9.03,"monfrague",1,6
"Grass",5942,1153,19.4,"monfrague",1,6
"HydroRipVeg",2264,42,1.86,"monfrague",1,6
"MedSclF",34504,1347,3.9,"monfrague",1,6
"MedScrub",121317,11615,9.57,"monfrague",1,6
"Reforestation",22719,421,1.85,"monfrague",1,6
"RipF",1179,33,2.8,"monfrague",1,6
"RockScreeVeg",16028,1578,9.85,"monfrague",1,6
"SMedMarF",6002,9,0.15,"monfrague",1,6
"Shrub",13653,88,0.64,"monfrague",1,6
"WaterSurf",15572,152,0.98,"monfrague",1,6
"ArtSurf",2849,133,4.67,"monfrague",1,7
"Crop",1332,17,1.28,"monfrague",1,7
"Dehesa",17271,1951,11.3,"monfrague",1,7
"Grass",5942,207,3.48,"monfrague",1,7
"HydroRipVeg",2264,48,2.12,"monfrague",1,7
"MedSclF",34504,3561,10.32,"monfrague",1,7
"MedScrub",121317,12614,10.4,"monfrague",1,7
"Reforestation",22719,625,2.75,"monfrague",1,7
"RipF",1179,42,3.56,"monfrague",1,7
"RockScreeVeg",16028,1038,6.48,"monfrague",1,7
"SMedMarF",6002,246,4.1,"monfrague",1,7
"Shrub",13653,1404,10.28,"monfrague",1,7
"WaterSurf",15572,356,2.29,"monfrague",1,7
"ArtSurf",2849,0,0,"monfrague",1,8
"Crop",1332,0,0,"monfrague",1,8
"Dehesa",17271,0,0,"monfrague",1,8
"Grass",5942,0,0,"monfrague",1,8
"HydroRipVeg",2264,0,0,"monfrague",1,8
"MedSclF",34504,0,0,"monfrague",1,8
"MedScrub",121317,0,0,"monfrague",1,8
"Reforestation",22719,0,0,"monfrague",1,8
"RipF",1179,0,0,"monfrague",1,8
"RockScreeVeg",16028,0,0,"monfrague",1,8
"SMedMarF",6002,0,0,"monfrague",1,8
"Shrub",13653,0,0,"monfrague",1,8
"WaterSurf",15572,0,0,"monfrague",1,8
"ArtSurf",2849,0,0,"monfrague",1,9
"Crop",1332,0,0,"monfrague",1,9
"Dehesa",17271,0,0,"monfrague",1,9
"Grass",5942,0,0,"monfrague",1,9
"HydroRipVeg",2264,0,0,"monfrague",1,9
"MedSclF",34504,0,0,"monfrague",1,9
"MedScrub",121317,0,0,"monfrague",1,9
"Reforestation",22719,0,0,"monfrague",1,9
"RipF",1179,0,0,"monfrague",1,9
"RockScreeVeg",16028,0,0,"monfrague",1,9
"SMedMarF",6002,0,0,"monfrague",1,9
"Shrub",13653,0,0,"monfrague",1,9
"WaterSurf",15572,0,0,"monfrague",1,9
"ArtSurf",2849,0,0,"monfrague",1,10
"Crop",1332,0,0,"monfrague",1,10
"Dehesa",17271,0,0,"monfrague",1,10
"Grass",5942,0,0,"monfrague",1,10
"HydroRipVeg",2264,0,0,"monfrague",1,10
"MedSclF",34504,0,0,"monfrague",1,10
"MedScrub",121317,0,0,"monfrague",1,10
"Reforestation",22719,0,0,"monfrague",1,10
"RipF",1179,0,0,"monfrague",1,10
"RockScreeVeg",16028,0,0,"monfrague",1,10
"SMedMarF",6002,0,0,"monfrague",1,10
"Shrub",13653,0,0,"monfrague",1,10
"WaterSurf",15572,0,0,"monfrague",1,10
"ArtSurf",2849,0,0,"monfrague",1,11
"Crop",1332,0,0,"monfrague",1,11
"Dehesa",17271,0,0,"monfrague",1,11
"Grass",5942,0,0,"monfrague",1,11
"HydroRipVeg",2264,0,0,"monfrague",1,11
"MedSclF",34504,0,0,"monfrague",1,11
"MedScrub",121317,0,0,"monfrague",1,11
"Reforestation",22719,0,0,"monfrague",1,11
"RipF",1179,0,0,"monfrague",1,11
"RockScreeVeg",16028,0,0,"monfrague",1,11
"SMedMarF",6002,0,0,"monfrague",1,11
"Shrub",13653,0,0,"monfrague",1,11
"WaterSurf",15572,0,0,"monfrague",1,11
"ArtSurf",2849,0,0,"monfrague",1,12
"Crop",1332,0,0,"monfrague",1,12
"Dehesa",17271,0,0,"monfrague",1,12
"Grass",5942,0,0,"monfrague",1,12
"HydroRipVeg",2264,0,0,"monfrague",1,12
"MedSclF",34504,0,0,"monfrague",1,12
"MedScrub",121317,2,0,"monfrague",1,12
"Reforestation",22719,0,0,"monfrague",1,12
"RipF",1179,0,0,"monfrague",1,12
"RockScreeVeg",16028,0,0,"monfrague",1,12
"SMedMarF",6002,0,0,"monfrague",1,12
"Shrub",13653,1,0.01,"monfrague",1,12
"WaterSurf",15572,0,0,"monfrague",1,12
"ArtSurf",2849,0,0,"monfrague",3,1
"Crop",1332,0,0,"monfrague",3,1
"Dehesa",17271,0,0,"monfrague",3,1
"Grass",5942,0,0,"monfrague",3,1
"HydroRipVeg",2264,0,0,"monfrague",3,1
"MedSclF",34504,0,0,"monfrague",3,1
"MedScrub",121317,0,0,"monfrague",3,1
"Reforestation",22719,0,0,"monfrague",3,1
"RipF",1179,0,0,"monfrague",3,1
"RockScreeVeg",16028,0,0,"monfrague",3,1
"SMedMarF",6002,0,0,"monfrague",3,1
"Shrub",13653,0,0,"monfrague",3,1
"WaterSurf",15572,0,0,"monfrague",3,1
"ArtSurf",2849,0,0,"monfrague",3,2
"Crop",1332,0,0,"monfrague",3,2
"Dehesa",17271,0,0,"monfrague",3,2
"Grass",5942,0,0,"monfrague",3,2
"HydroRipVeg",2264,0,0,"monfrague",3,2
"MedSclF",34504,0,0,"monfrague",3,2
"MedScrub",121317,0,0,"monfrague",3,2
"Reforestation",22719,0,0,"monfrague",3,2
"RipF",1179,0,0,"monfrague",3,2
"RockScreeVeg",16028,0,0,"monfrague",3,2
"SMedMarF",6002,0,0,"monfrague",3,2
"Shrub",13653,0,0,"monfrague",3,2
"WaterSurf",15572,0,0,"monfrague",3,2
"ArtSurf",2849,0,0,"monfrague",3,3
"Crop",1332,0,0,"monfrague",3,3
"Dehesa",17271,0,0,"monfrague",3,3
"Grass",5942,0,0,"monfrague",3,3
"HydroRipVeg",2264,0,0,"monfrague",3,3
"MedSclF",34504,0,0,"monfrague",3,3
"MedScrub",121317,0,0,"monfrague",3,3
"Reforestation",22719,0,0,"monfrague",3,3
"RipF",1179,0,0,"monfrague",3,3
"RockScreeVeg",16028,0,0,"monfrague",3,3
"SMedMarF",6002,0,0,"monfrague",3,3
"Shrub",13653,0,0,"monfrague",3,3
"WaterSurf",15572,0,0,"monfrague",3,3
"ArtSurf",2849,0,0,"monfrague",3,4
"Crop",1332,0,0,"monfrague",3,4
"Dehesa",17271,0,0,"monfrague",3,4
"Grass",5942,0,0,"monfrague",3,4
"HydroRipVeg",2264,0,0,"monfrague",3,4
"MedSclF",34504,0,0,"monfrague",3,4
"MedScrub",121317,0,0,"monfrague",3,4
"Reforestation",22719,0,0,"monfrague",3,4
"RipF",1179,0,0,"monfrague",3,4
"RockScreeVeg",16028,0,0,"monfrague",3,4
"SMedMarF",6002,0,0,"monfrague",3,4
"Shrub",13653,0,0,"monfrague",3,4
"WaterSurf",15572,0,0,"monfrague",3,4
"ArtSurf",2849,1133,39.77,"monfrague",3,5
"Crop",1332,408,30.63,"monfrague",3,5
"Dehesa",17271,15810,91.54,"monfrague",3,5
"Grass",5942,5278,88.83,"monfrague",3,5
"HydroRipVeg",2264,673,29.73,"monfrague",3,5
"MedSclF",34504,19069,55.27,"monfrague",3,5
"MedScrub",121317,65277,53.81,"monfrague",3,5
"Reforestation",22719,3750,16.51,"monfrague",3,5
"RipF",1179,537,45.55,"monfrague",3,5
"RockScreeVeg",16028,9948,62.07,"monfrague",3,5
"SMedMarF",6002,2314,38.55,"monfrague",3,5
"Shrub",13653,5991,43.88,"monfrague",3,5
"WaterSurf",15572,756,4.85,"monfrague",3,5
"ArtSurf",2849,1363,47.84,"monfrague",3,6
"Crop",1332,360,27.03,"monfrague",3,6
"Dehesa",17271,13785,79.82,"monfrague",3,6
"Grass",5942,4570,76.91,"monfrague",3,6
"HydroRipVeg",2264,724,31.98,"monfrague",3,6
"MedSclF",34504,21048,61,"monfrague",3,6
"MedScrub",121317,84586,69.72,"monfrague",3,6
"Reforestation",22719,6620,29.14,"monfrague",3,6
"RipF",1179,565,47.92,"monfrague",3,6
"RockScreeVeg",16028,10656,66.48,"monfrague",3,6
"SMedMarF",6002,2296,38.25,"monfrague",3,6
"Shrub",13653,6059,44.38,"monfrague",3,6
"WaterSurf",15572,1346,8.64,"monfrague",3,6
"ArtSurf",2849,1445,50.72,"monfrague",3,7
"Crop",1332,343,25.75,"monfrague",3,7
"Dehesa",17271,12271,71.05,"monfrague",3,7
"Grass",5942,3336,56.14,"monfrague",3,7
"HydroRipVeg",2264,586,25.88,"monfrague",3,7
"MedSclF",34504,29936,86.76,"monfrague",3,7
"MedScrub",121317,92464,76.22,"monfrague",3,7
"Reforestation",22719,7680,33.8,"monfrague",3,7
"RipF",1179,708,60.05,"monfrague",3,7
"RockScreeVeg",16028,12010,74.93,"monfrague",3,7
"SMedMarF",6002,4556,75.91,"monfrague",3,7
"Shrub",13653,11080,81.15,"monfrague",3,7
"WaterSurf",15572,1195,7.67,"monfrague",3,7
"ArtSurf",2849,61,2.14,"monfrague",3,8
"Crop",1332,3,0.23,"monfrague",3,8
"Dehesa",17271,349,2.02,"monfrague",3,8
"Grass",5942,108,1.82,"monfrague",3,8
"HydroRipVeg",2264,17,0.75,"monfrague",3,8
"MedSclF",34504,347,1.01,"monfrague",3,8
"MedScrub",121317,6424,5.3,"monfrague",3,8
"Reforestation",22719,150,0.66,"monfrague",3,8
"RipF",1179,14,1.19,"monfrague",3,8
"RockScreeVeg",16028,748,4.67,"monfrague",3,8
"SMedMarF",6002,5,0.08,"monfrague",3,8
"Shrub",13653,73,0.53,"monfrague",3,8
"WaterSurf",15572,312,2,"monfrague",3,8
"ArtSurf",2849,0,0,"monfrague",3,9
"Crop",1332,0,0,"monfrague",3,9
"Dehesa",17271,0,0,"monfrague",3,9
"Grass",5942,0,0,"monfrague",3,9
"HydroRipVeg",2264,0,0,"monfrague",3,9
"MedSclF",34504,0,0,"monfrague",3,9
"MedScrub",121317,0,0,"monfrague",3,9
"Reforestation",22719,0,0,"monfrague",3,9
"RipF",1179,0,0,"monfrague",3,9
"RockScreeVeg",16028,0,0,"monfrague",3,9
"SMedMarF",6002,0,0,"monfrague",3,9
"Shrub",13653,0,0,"monfrague",3,9
"WaterSurf",15572,0,0,"monfrague",3,9
"ArtSurf",2849,0,0,"monfrague",3,10
"Crop",1332,0,0,"monfrague",3,10
"Dehesa",17271,0,0,"monfrague",3,10
"Grass",5942,0,0,"monfrague",3,10
"HydroRipVeg",2264,0,0,"monfrague",3,10
"MedSclF",34504,0,0,"monfrague",3,10
"MedScrub",121317,0,0,"monfrague",3,10
"Reforestation",22719,0,0,"monfrague",3,10
"RipF",1179,0,0,"monfrague",3,10
"RockScreeVeg",16028,0,0,"monfrague",3,10
"SMedMarF",6002,0,0,"monfrague",3,10
"Shrub",13653,0,0,"monfrague",3,10
"WaterSurf",15572,0,0,"monfrague",3,10
"ArtSurf",2849,0,0,"monfrague",3,11
"Crop",1332,0,0,"monfrague",3,11
"Dehesa",17271,0,0,"monfrague",3,11
"Grass",5942,0,0,"monfrague",3,11
"HydroRipVeg",2264,0,0,"monfrague",3,11
"MedSclF",34504,0,0,"monfrague",3,11
"MedScrub",121317,0,0,"monfrague",3,11
"Reforestation",22719,0,0,"monfrague",3,11
"RipF",1179,0,0,"monfrague",3,11
"RockScreeVeg",16028,0,0,"monfrague",3,11
"SMedMarF",6002,0,0,"monfrague",3,11
"Shrub",13653,0,0,"monfrague",3,11
"WaterSurf",15572,0,0,"monfrague",3,11
"ArtSurf",2849,0,0,"monfrague",3,12
"Crop",1332,0,0,"monfrague",3,12
"Dehesa",17271,0,0,"monfrague",3,12
"Grass",5942,0,0,"monfrague",3,12
"HydroRipVeg",2264,0,0,"monfrague",3,12
"MedSclF",34504,0,0,"monfrague",3,12
"MedScrub",121317,0,0,"monfrague",3,12
"Reforestation",22719,0,0,"monfrague",3,12
"RipF",1179,0,0,"monfrague",3,12
"RockScreeVeg",16028,0,0,"monfrague",3,12
"SMedMarF",6002,0,0,"monfrague",3,12
"Shrub",13653,0,0,"monfrague",3,12
"WaterSurf",15572,0,0,"monfrague",3,12
"ArtSurf",2849,0,0,"monfrague",6,1
"Crop",1332,0,0,"monfrague",6,1
"Dehesa",17271,0,0,"monfrague",6,1
"Grass",5942,0,0,"monfrague",6,1
"HydroRipVeg",2264,0,0,"monfrague",6,1
"MedSclF",34504,0,0,"monfrague",6,1
"MedScrub",121317,0,0,"monfrague",6,1
"Reforestation",22719,0,0,"monfrague",6,1
"RipF",1179,0,0,"monfrague",6,1
"RockScreeVeg",16028,0,0,"monfrague",6,1
"SMedMarF",6002,0,0,"monfrague",6,1
"Shrub",13653,0,0,"monfrague",6,1
"WaterSurf",15572,0,0,"monfrague",6,1
"ArtSurf",2849,0,0,"monfrague",6,2
"Crop",1332,0,0,"monfrague",6,2
"Dehesa",17271,0,0,"monfrague",6,2
"Grass",5942,0,0,"monfrague",6,2
"HydroRipVeg",2264,0,0,"monfrague",6,2
"MedSclF",34504,0,0,"monfrague",6,2
"MedScrub",121317,0,0,"monfrague",6,2
"Reforestation",22719,0,0,"monfrague",6,2
"RipF",1179,0,0,"monfrague",6,2
"RockScreeVeg",16028,0,0,"monfrague",6,2
"SMedMarF",6002,0,0,"monfrague",6,2
"Shrub",13653,0,0,"monfrague",6,2
"WaterSurf",15572,0,0,"monfrague",6,2
"ArtSurf",2849,0,0,"monfrague",6,3
"Crop",1332,0,0,"monfrague",6,3
"Dehesa",17271,0,0,"monfrague",6,3
"Grass",5942,0,0,"monfrague",6,3
"HydroRipVeg",2264,0,0,"monfrague",6,3
"MedSclF",34504,0,0,"monfrague",6,3
"MedScrub",121317,0,0,"monfrague",6,3
"Reforestation",22719,0,0,"monfrague",6,3
"RipF",1179,0,0,"monfrague",6,3
"RockScreeVeg",16028,0,0,"monfrague",6,3
"SMedMarF",6002,0,0,"monfrague",6,3
"Shrub",13653,0,0,"monfrague",6,3
"WaterSurf",15572,0,0,"monfrague",6,3
"ArtSurf",2849,0,0,"monfrague",6,4
"Crop",1332,0,0,"monfrague",6,4
"Dehesa",17271,0,0,"monfrague",6,4
"Grass",5942,0,0,"monfrague",6,4
"HydroRipVeg",2264,0,0,"monfrague",6,4
"MedSclF",34504,0,0,"monfrague",6,4
"MedScrub",121317,0,0,"monfrague",6,4
"Reforestation",22719,0,0,"monfrague",6,4
"RipF",1179,0,0,"monfrague",6,4
"RockScreeVeg",16028,0,0,"monfrague",6,4
"SMedMarF",6002,0,0,"monfrague",6,4
"Shrub",13653,0,0,"monfrague",6,4
"WaterSurf",15572,0,0,"monfrague",6,4
"ArtSurf",2849,335,11.76,"monfrague",6,5
"Crop",1332,162,12.16,"monfrague",6,5
"Dehesa",17271,9160,53.04,"monfrague",6,5
"Grass",5942,3221,54.21,"monfrague",6,5
"HydroRipVeg",2264,361,15.95,"monfrague",6,5
"MedSclF",34504,4599,13.33,"monfrague",6,5
"MedScrub",121317,13614,11.22,"monfrague",6,5
"Reforestation",22719,359,1.58,"monfrague",6,5
"RipF",1179,131,11.11,"monfrague",6,5
"RockScreeVeg",16028,2419,15.09,"monfrague",6,5
"SMedMarF",6002,215,3.58,"monfrague",6,5
"Shrub",13653,663,4.86,"monfrague",6,5
"WaterSurf",15572,242,1.55,"monfrague",6,5
"ArtSurf",2849,106,3.72,"monfrague",6,6
"Crop",1332,93,6.98,"monfrague",6,6
"Dehesa",17271,2742,15.88,"monfrague",6,6
"Grass",5942,828,13.93,"monfrague",6,6
"HydroRipVeg",2264,389,17.18,"monfrague",6,6
"MedSclF",34504,2630,7.62,"monfrague",6,6
"MedScrub",121317,5721,4.72,"monfrague",6,6
"Reforestation",22719,204,0.9,"monfrague",6,6
"RipF",1179,31,2.63,"monfrague",6,6
"RockScreeVeg",16028,407,2.54,"monfrague",6,6
"SMedMarF",6002,96,1.6,"monfrague",6,6
"Shrub",13653,349,2.56,"monfrague",6,6
"WaterSurf",15572,123,0.79,"monfrague",6,6
"ArtSurf",2849,229,8.04,"monfrague",6,7
"Crop",1332,134,10.06,"monfrague",6,7
"Dehesa",17271,2697,15.62,"monfrague",6,7
"Grass",5942,977,16.44,"monfrague",6,7
"HydroRipVeg",2264,402,17.76,"monfrague",6,7
"MedSclF",34504,9090,26.34,"monfrague",6,7
"MedScrub",121317,19948,16.44,"monfrague",6,7
"Reforestation",22719,1592,7.01,"monfrague",6,7
"RipF",1179,68,5.77,"monfrague",6,7
"RockScreeVeg",16028,1692,10.56,"monfrague",6,7
"SMedMarF",6002,394,6.56,"monfrague",6,7
"Shrub",13653,1661,12.17,"monfrague",6,7
"WaterSurf",15572,209,1.34,"monfrague",6,7
"ArtSurf",2849,182,6.39,"monfrague",6,8
"Crop",1332,69,5.18,"monfrague",6,8
"Dehesa",17271,2336,13.53,"monfrague",6,8
"Grass",5942,687,11.56,"monfrague",6,8
"HydroRipVeg",2264,168,7.42,"monfrague",6,8
"MedSclF",34504,3110,9.01,"monfrague",6,8
"MedScrub",121317,17632,14.53,"monfrague",6,8
"Reforestation",22719,1066,4.69,"monfrague",6,8
"RipF",1179,48,4.07,"monfrague",6,8
"RockScreeVeg",16028,1193,7.44,"monfrague",6,8
"SMedMarF",6002,324,5.4,"monfrague",6,8
"Shrub",13653,848,6.21,"monfrague",6,8
"WaterSurf",15572,221,1.42,"monfrague",6,8
"ArtSurf",2849,0,0,"monfrague",6,9
"Crop",1332,0,0,"monfrague",6,9
"Dehesa",17271,0,0,"monfrague",6,9
"Grass",5942,0,0,"monfrague",6,9
"HydroRipVeg",2264,0,0,"monfrague",6,9
"MedSclF",34504,0,0,"monfrague",6,9
"MedScrub",121317,0,0,"monfrague",6,9
"Reforestation",22719,0,0,"monfrague",6,9
"RipF",1179,0,0,"monfrague",6,9
"RockScreeVeg",16028,0,0,"monfrague",6,9
"SMedMarF",6002,0,0,"monfrague",6,9
"Shrub",13653,0,0,"monfrague",6,9
"WaterSurf",15572,0,0,"monfrague",6,9
"ArtSurf",2849,917,32.19,"monfrague",6,10
"Crop",1332,186,13.96,"monfrague",6,10
"Dehesa",17271,5171,29.94,"monfrague",6,10
"Grass",5942,1972,33.19,"monfrague",6,10
"HydroRipVeg",2264,125,5.52,"monfrague",6,10
"MedSclF",34504,12156,35.23,"monfrague",6,10
"MedScrub",121317,50168,41.35,"monfrague",6,10
"Reforestation",22719,4324,19.03,"monfrague",6,10
"RipF",1179,109,9.25,"monfrague",6,10
"RockScreeVeg",16028,7671,47.86,"monfrague",6,10
"SMedMarF",6002,1467,24.44,"monfrague",6,10
"Shrub",13653,3290,24.1,"monfrague",6,10
"WaterSurf",15572,536,3.44,"monfrague",6,10
"ArtSurf",2849,0,0,"monfrague",6,11
"Crop",1332,0,0,"monfrague",6,11
"Dehesa",17271,0,0,"monfrague",6,11
"Grass",5942,0,0,"monfrague",6,11
"HydroRipVeg",2264,0,0,"monfrague",6,11
"MedSclF",34504,0,0,"monfrague",6,11
"MedScrub",121317,0,0,"monfrague",6,11
"Reforestation",22719,0,0,"monfrague",6,11
"RipF",1179,0,0,"monfrague",6,11
"RockScreeVeg",16028,0,0,"monfrague",6,11
"SMedMarF",6002,0,0,"monfrague",6,11
"Shrub",13653,0,0,"monfrague",6,11
"WaterSurf",15572,0,0,"monfrague",6,11
"ArtSurf",2849,0,0,"monfrague",6,12
"Crop",1332,0,0,"monfrague",6,12
"Dehesa",17271,0,0,"monfrague",6,12
"Grass",5942,0,0,"monfrague",6,12
"HydroRipVeg",2264,0,0,"monfrague",6,12
"MedSclF",34504,0,0,"monfrague",6,12
"MedScrub",121317,0,0,"monfrague",6,12
"Reforestation",22719,0,0,"monfrague",6,12
"RipF",1179,0,0,"monfrague",6,12
"RockScreeVeg",16028,0,0,"monfrague",6,12
"SMedMarF",6002,0,0,"monfrague",6,12
"Shrub",13653,0,0,"monfrague",6,12
"WaterSurf",15572,0,0,"monfrague",6,12
"ArtSurf",2849,0,0,"monfrague",9,1
"Crop",1332,0,0,"monfrague",9,1
"Dehesa",17271,0,0,"monfrague",9,1
"Grass",5942,0,0,"monfrague",9,1
"HydroRipVeg",2264,0,0,"monfrague",9,1
"MedSclF",34504,0,0,"monfrague",9,1
"MedScrub",121317,0,0,"monfrague",9,1
"Reforestation",22719,0,0,"monfrague",9,1
"RipF",1179,0,0,"monfrague",9,1
"RockScreeVeg",16028,0,0,"monfrague",9,1
"SMedMarF",6002,0,0,"monfrague",9,1
"Shrub",13653,0,0,"monfrague",9,1
"WaterSurf",15572,0,0,"monfrague",9,1
"ArtSurf",2849,0,0,"monfrague",9,2
"Crop",1332,0,0,"monfrague",9,2
"Dehesa",17271,0,0,"monfrague",9,2
"Grass",5942,0,0,"monfrague",9,2
"HydroRipVeg",2264,0,0,"monfrague",9,2
"MedSclF",34504,0,0,"monfrague",9,2
"MedScrub",121317,0,0,"monfrague",9,2
"Reforestation",22719,0,0,"monfrague",9,2
"RipF",1179,0,0,"monfrague",9,2
"RockScreeVeg",16028,0,0,"monfrague",9,2
"SMedMarF",6002,0,0,"monfrague",9,2
"Shrub",13653,0,0,"monfrague",9,2
"WaterSurf",15572,0,0,"monfrague",9,2
"ArtSurf",2849,0,0,"monfrague",9,3
"Crop",1332,0,0,"monfrague",9,3
"Dehesa",17271,0,0,"monfrague",9,3
"Grass",5942,0,0,"monfrague",9,3
"HydroRipVeg",2264,0,0,"monfrague",9,3
"MedSclF",34504,0,0,"monfrague",9,3
"MedScrub",121317,0,0,"monfrague",9,3
"Reforestation",22719,0,0,"monfrague",9,3
"RipF",1179,0,0,"monfrague",9,3
"RockScreeVeg",16028,0,0,"monfrague",9,3
"SMedMarF",6002,0,0,"monfrague",9,3
"Shrub",13653,0,0,"monfrague",9,3
"WaterSurf",15572,0,0,"monfrague",9,3
"ArtSurf",2849,0,0,"monfrague",9,4
"Crop",1332,0,0,"monfrague",9,4
"Dehesa",17271,0,0,"monfrague",9,4
"Grass",5942,0,0,"monfrague",9,4
"HydroRipVeg",2264,0,0,"monfrague",9,4
"MedSclF",34504,0,0,"monfrague",9,4
"MedScrub",121317,0,0,"monfrague",9,4
"Reforestation",22719,0,0,"monfrague",9,4
"RipF",1179,0,0,"monfrague",9,4
"RockScreeVeg",16028,0,0,"monfrague",9,4
"SMedMarF",6002,0,0,"monfrague",9,4
"Shrub",13653,0,0,"monfrague",9,4
"WaterSurf",15572,0,0,"monfrague",9,4
"ArtSurf",2849,0,0,"monfrague",9,5
"Crop",1332,0,0,"monfrague",9,5
"Dehesa",17271,0,0,"monfrague",9,5
"Grass",5942,0,0,"monfrague",9,5
"HydroRipVeg",2264,0,0,"monfrague",9,5
"MedSclF",34504,0,0,"monfrague",9,5
"MedScrub",121317,0,0,"monfrague",9,5
"Reforestation",22719,0,0,"monfrague",9,5
"RipF",1179,0,0,"monfrague",9,5
"RockScreeVeg",16028,0,0,"monfrague",9,5
"SMedMarF",6002,0,0,"monfrague",9,5
"Shrub",13653,0,0,"monfrague",9,5
"WaterSurf",15572,0,0,"monfrague",9,5
"ArtSurf",2849,0,0,"monfrague",9,6
"Crop",1332,0,0,"monfrague",9,6
"Dehesa",17271,0,0,"monfrague",9,6
"Grass",5942,0,0,"monfrague",9,6
"HydroRipVeg",2264,0,0,"monfrague",9,6
"MedSclF",34504,0,0,"monfrague",9,6
"MedScrub",121317,0,0,"monfrague",9,6
"Reforestation",22719,0,0,"monfrague",9,6
"RipF",1179,0,0,"monfrague",9,6
"RockScreeVeg",16028,0,0,"monfrague",9,6
"SMedMarF",6002,0,0,"monfrague",9,6
"Shrub",13653,0,0,"monfrague",9,6
"WaterSurf",15572,0,0,"monfrague",9,6
"ArtSurf",2849,0,0,"monfrague",9,7
"Crop",1332,0,0,"monfrague",9,7
"Dehesa",17271,0,0,"monfrague",9,7
"Grass",5942,0,0,"monfrague",9,7
"HydroRipVeg",2264,0,0,"monfrague",9,7
"MedSclF",34504,0,0,"monfrague",9,7
"MedScrub",121317,0,0,"monfrague",9,7
"Reforestation",22719,0,0,"monfrague",9,7
"RipF",1179,0,0,"monfrague",9,7
"RockScreeVeg",16028,0,0,"monfrague",9,7
"SMedMarF",6002,0,0,"monfrague",9,7
"Shrub",13653,0,0,"monfrague",9,7
"WaterSurf",15572,0,0,"monfrague",9,7
"ArtSurf",2849,0,0,"monfrague",9,8
"Crop",1332,0,0,"monfrague",9,8
"Dehesa",17271,0,0,"monfrague",9,8
"Grass",5942,0,0,"monfrague",9,8
"HydroRipVeg",2264,0,0,"monfrague",9,8
"MedSclF",34504,0,0,"monfrague",9,8
"MedScrub",121317,0,0,"monfrague",9,8
"Reforestation",22719,0,0,"monfrague",9,8
"RipF",1179,0,0,"monfrague",9,8
"RockScreeVeg",16028,0,0,"monfrague",9,8
"SMedMarF",6002,0,0,"monfrague",9,8
"Shrub",13653,0,0,"monfrague",9,8
"WaterSurf",15572,0,0,"monfrague",9,8
"ArtSurf",2849,0,0,"monfrague",9,9
"Crop",1332,0,0,"monfrague",9,9
"Dehesa",17271,0,0,"monfrague",9,9
"Grass",5942,0,0,"monfrague",9,9
"HydroRipVeg",2264,0,0,"monfrague",9,9
"MedSclF",34504,0,0,"monfrague",9,9
"MedScrub",121317,0,0,"monfrague",9,9
"Reforestation",22719,0,0,"monfrague",9,9
"RipF",1179,0,0,"monfrague",9,9
"RockScreeVeg",16028,0,0,"monfrague",9,9
"SMedMarF",6002,0,0,"monfrague",9,9
"Shrub",13653,0,0,"monfrague",9,9
"WaterSurf",15572,0,0,"monfrague",9,9
"ArtSurf",2849,506,17.76,"monfrague",9,10
"Crop",1332,66,4.95,"monfrague",9,10
"Dehesa",17271,2204,12.76,"monfrague",9,10
"Grass",5942,595,10.01,"monfrague",9,10
"HydroRipVeg",2264,119,5.26,"monfrague",9,10
"MedSclF",34504,9518,27.59,"monfrague",9,10
"MedScrub",121317,28831,23.77,"monfrague",9,10
"Reforestation",22719,2761,12.15,"monfrague",9,10
"RipF",1179,78,6.62,"monfrague",9,10
"RockScreeVeg",16028,4339,27.07,"monfrague",9,10
"SMedMarF",6002,1459,24.31,"monfrague",9,10
"Shrub",13653,2946,21.58,"monfrague",9,10
"WaterSurf",15572,372,2.39,"monfrague",9,10
"ArtSurf",2849,0,0,"monfrague",9,11
"Crop",1332,0,0,"monfrague",9,11
"Dehesa",17271,0,0,"monfrague",9,11
"Grass",5942,0,0,"monfrague",9,11
"HydroRipVeg",2264,0,0,"monfrague",9,11
"MedSclF",34504,1,0,"monfrague",9,11
"MedScrub",121317,5,0,"monfrague",9,11
"Reforestation",22719,0,0,"monfrague",9,11
"RipF",1179,0,0,"monfrague",9,11
"RockScreeVeg",16028,1,0.01,"monfrague",9,11
"SMedMarF",6002,0,0,"monfrague",9,11
"Shrub",13653,0,0,"monfrague",9,11
"WaterSurf",15572,0,0,"monfrague",9,11
"ArtSurf",2849,0,0,"monfrague",9,12
"Crop",1332,0,0,"monfrague",9,12
"Dehesa",17271,0,0,"monfrague",9,12
"Grass",5942,0,0,"monfrague",9,12
"HydroRipVeg",2264,0,0,"monfrague",9,12
"MedSclF",34504,0,0,"monfrague",9,12
"MedScrub",121317,0,0,"monfrague",9,12
"Reforestation",22719,0,0,"monfrague",9,12
"RipF",1179,0,0,"monfrague",9,12
"RockScreeVeg",16028,0,0,"monfrague",9,12
"SMedMarF",6002,0,0,"monfrague",9,12
"Shrub",13653,0,0,"monfrague",9,12
"WaterSurf",15572,0,0,"monfrague",9,12
"ArtSurf",2849,0,0,"monfrague",12,1
"Crop",1332,0,0,"monfrague",12,1
"Dehesa",17271,0,0,"monfrague",12,1
"Grass",5942,0,0,"monfrague",12,1
"HydroRipVeg",2264,0,0,"monfrague",12,1
"MedSclF",34504,0,0,"monfrague",12,1
"MedScrub",121317,0,0,"monfrague",12,1
"Reforestation",22719,0,0,"monfrague",12,1
"RipF",1179,0,0,"monfrague",12,1
"RockScreeVeg",16028,0,0,"monfrague",12,1
"SMedMarF",6002,0,0,"monfrague",12,1
"Shrub",13653,0,0,"monfrague",12,1
"WaterSurf",15572,0,0,"monfrague",12,1
"ArtSurf",2849,0,0,"monfrague",12,2
"Crop",1332,0,0,"monfrague",12,2
"Dehesa",17271,0,0,"monfrague",12,2
"Grass",5942,0,0,"monfrague",12,2
"HydroRipVeg",2264,0,0,"monfrague",12,2
"MedSclF",34504,0,0,"monfrague",12,2
"MedScrub",121317,0,0,"monfrague",12,2
"Reforestation",22719,0,0,"monfrague",12,2
"RipF",1179,0,0,"monfrague",12,2
"RockScreeVeg",16028,0,0,"monfrague",12,2
"SMedMarF",6002,0,0,"monfrague",12,2
"Shrub",13653,0,0,"monfrague",12,2
"WaterSurf",15572,0,0,"monfrague",12,2
"ArtSurf",2849,0,0,"monfrague",12,3
"Crop",1332,0,0,"monfrague",12,3
"Dehesa",17271,0,0,"monfrague",12,3
"Grass",5942,0,0,"monfrague",12,3
"HydroRipVeg",2264,0,0,"monfrague",12,3
"MedSclF",34504,0,0,"monfrague",12,3
"MedScrub",121317,0,0,"monfrague",12,3
"Reforestation",22719,0,0,"monfrague",12,3
"RipF",1179,0,0,"monfrague",12,3
"RockScreeVeg",16028,0,0,"monfrague",12,3
"SMedMarF",6002,0,0,"monfrague",12,3
"Shrub",13653,0,0,"monfrague",12,3
"WaterSurf",15572,0,0,"monfrague",12,3
"ArtSurf",2849,0,0,"monfrague",12,4
"Crop",1332,0,0,"monfrague",12,4
"Dehesa",17271,0,0,"monfrague",12,4
"Grass",5942,0,0,"monfrague",12,4
"HydroRipVeg",2264,0,0,"monfrague",12,4
"MedSclF",34504,0,0,"monfrague",12,4
"MedScrub",121317,0,0,"monfrague",12,4
"Reforestation",22719,0,0,"monfrague",12,4
"RipF",1179,0,0,"monfrague",12,4
"RockScreeVeg",16028,0,0,"monfrague",12,4
"SMedMarF",6002,0,0,"monfrague",12,4
"Shrub",13653,0,0,"monfrague",12,4
"WaterSurf",15572,0,0,"monfrague",12,4
"ArtSurf",2849,0,0,"monfrague",12,5
"Crop",1332,0,0,"monfrague",12,5
"Dehesa",17271,0,0,"monfrague",12,5
"Grass",5942,0,0,"monfrague",12,5
"HydroRipVeg",2264,0,0,"monfrague",12,5
"MedSclF",34504,0,0,"monfrague",12,5
"MedScrub",121317,0,0,"monfrague",12,5
"Reforestation",22719,0,0,"monfrague",12,5
"RipF",1179,0,0,"monfrague",12,5
"RockScreeVeg",16028,0,0,"monfrague",12,5
"SMedMarF",6002,0,0,"monfrague",12,5
"Shrub",13653,0,0,"monfrague",12,5
"WaterSurf",15572,0,0,"monfrague",12,5
"ArtSurf",2849,0,0,"monfrague",12,6
"Crop",1332,0,0,"monfrague",12,6
"Dehesa",17271,0,0,"monfrague",12,6
"Grass",5942,0,0,"monfrague",12,6
"HydroRipVeg",2264,0,0,"monfrague",12,6
"MedSclF",34504,0,0,"monfrague",12,6
"MedScrub",121317,0,0,"monfrague",12,6
"Reforestation",22719,0,0,"monfrague",12,6
"RipF",1179,0,0,"monfrague",12,6
"RockScreeVeg",16028,0,0,"monfrague",12,6
"SMedMarF",6002,0,0,"monfrague",12,6
"Shrub",13653,0,0,"monfrague",12,6
"WaterSurf",15572,0,0,"monfrague",12,6
"ArtSurf",2849,0,0,"monfrague",12,7
"Crop",1332,0,0,"monfrague",12,7
"Dehesa",17271,0,0,"monfrague",12,7
"Grass",5942,0,0,"monfrague",12,7
"HydroRipVeg",2264,0,0,"monfrague",12,7
"MedSclF",34504,0,0,"monfrague",12,7
"MedScrub",121317,0,0,"monfrague",12,7
"Reforestation",22719,0,0,"monfrague",12,7
"RipF",1179,0,0,"monfrague",12,7
"RockScreeVeg",16028,0,0,"monfrague",12,7
"SMedMarF",6002,0,0,"monfrague",12,7
"Shrub",13653,0,0,"monfrague",12,7
"WaterSurf",15572,0,0,"monfrague",12,7
"ArtSurf",2849,0,0,"monfrague",12,8
"Crop",1332,0,0,"monfrague",12,8
"Dehesa",17271,0,0,"monfrague",12,8
"Grass",5942,0,0,"monfrague",12,8
"HydroRipVeg",2264,0,0,"monfrague",12,8
"MedSclF",34504,0,0,"monfrague",12,8
"MedScrub",121317,0,0,"monfrague",12,8
"Reforestation",22719,0,0,"monfrague",12,8
"RipF",1179,0,0,"monfrague",12,8
"RockScreeVeg",16028,0,0,"monfrague",12,8
"SMedMarF",6002,0,0,"monfrague",12,8
"Shrub",13653,0,0,"monfrague",12,8
"WaterSurf",15572,0,0,"monfrague",12,8
"ArtSurf",2849,0,0,"monfrague",12,9
"Crop",1332,0,0,"monfrague",12,9
"Dehesa",17271,0,0,"monfrague",12,9
"Grass",5942,0,0,"monfrague",12,9
"HydroRipVeg",2264,0,0,"monfrague",12,9
"MedSclF",34504,0,0,"monfrague",12,9
"MedScrub",121317,0,0,"monfrague",12,9
"Reforestation",22719,0,0,"monfrague",12,9
"RipF",1179,0,0,"monfrague",12,9
"RockScreeVeg",16028,0,0,"monfrague",12,9
"SMedMarF",6002,0,0,"monfrague",12,9
"Shrub",13653,0,0,"monfrague",12,9
"WaterSurf",15572,0,0,"monfrague",12,9
"ArtSurf",2849,536,18.81,"monfrague",12,10
"Crop",1332,93,6.98,"monfrague",12,10
"Dehesa",17271,2800,16.21,"monfrague",12,10
"Grass",5942,796,13.4,"monfrague",12,10
"HydroRipVeg",2264,152,6.71,"monfrague",12,10
"MedSclF",34504,9375,27.17,"monfrague",12,10
"MedScrub",121317,32260,26.59,"monfrague",12,10
"Reforestation",22719,3359,14.78,"monfrague",12,10
"RipF",1179,94,7.97,"monfrague",12,10
"RockScreeVeg",16028,4991,31.14,"monfrague",12,10
"SMedMarF",6002,1393,23.21,"monfrague",12,10
"Shrub",13653,2733,20.02,"monfrague",12,10
"WaterSurf",15572,523,3.36,"monfrague",12,10
"ArtSurf",2849,1,0.04,"monfrague",12,11
"Crop",1332,0,0,"monfrague",12,11
"Dehesa",17271,2,0.01,"monfrague",12,11
"Grass",5942,1,0.02,"monfrague",12,11
"HydroRipVeg",2264,0,0,"monfrague",12,11
"MedSclF",34504,44,0.13,"monfrague",12,11
"MedScrub",121317,322,0.27,"monfrague",12,11
"Reforestation",22719,14,0.06,"monfrague",12,11
"RipF",1179,0,0,"monfrague",12,11
"RockScreeVeg",16028,31,0.19,"monfrague",12,11
"SMedMarF",6002,4,0.07,"monfrague",12,11
"Shrub",13653,7,0.05,"monfrague",12,11
"WaterSurf",15572,1,0.01,"monfrague",12,11
"ArtSurf",2849,0,0,"monfrague",12,12
"Crop",1332,0,0,"monfrague",12,12
"Dehesa",17271,0,0,"monfrague",12,12
"Grass",5942,0,0,"monfrague",12,12
"HydroRipVeg",2264,0,0,"monfrague",12,12
"MedSclF",34504,0,0,"monfrague",12,12
"MedScrub",121317,1,0,"monfrague",12,12
"Reforestation",22719,1,0,"monfrague",12,12
"RipF",1179,0,0,"monfrague",12,12
"RockScreeVeg",16028,0,0,"monfrague",12,12
"SMedMarF",6002,0,0,"monfrague",12,12
"Shrub",13653,0,0,"monfrague",12,12
"WaterSurf",15572,0,0,"monfrague",12,12
"AlpConF",27586,0,0,"ordesa",1,1
"AlpScrGr",100261,0,0,"ordesa",1,1
"ArtSurf",26,0,0,"ordesa",1,1
"BareArea",3,0,0,"ordesa",1,1
"Grass",21109,0,0,"ordesa",1,1
"HydroRipVeg",204,0,0,"ordesa",1,1
"MedSclF",4221,0,0,"ordesa",1,1
"RipF",860,0,0,"ordesa",1,1
"RockScreeVeg",8836,0,0,"ordesa",1,1
"SMedMarF",1656,0,0,"ordesa",1,1
"Shrub",7570,0,0,"ordesa",1,1
"TempDecF",20036,0,0,"ordesa",1,1
"WaterSurf",20,0,0,"ordesa",1,1
"AlpConF",27603,0,0,"ordesa",1,2
"AlpScrGr",102251,0,0,"ordesa",1,2
"ArtSurf",26,0,0,"ordesa",1,2
"BareArea",203,0,0,"ordesa",1,2
"Grass",21113,0,0,"ordesa",1,2
"HydroRipVeg",214,0,0,"ordesa",1,2
"MedSclF",4236,0,0,"ordesa",1,2
"RipF",860,0,0,"ordesa",1,2
"RockScreeVeg",13046,0,0,"ordesa",1,2
"SMedMarF",1671,0,0,"ordesa",1,2
"Shrub",7575,0,0,"ordesa",1,2
"TempDecF",20084,0,0,"ordesa",1,2
"WaterSurf",68,0,0,"ordesa",1,2
"AlpConF",27618,0,0,"ordesa",1,3
"AlpScrGr",101805,0,0,"ordesa",1,3
"ArtSurf",26,0,0,"ordesa",1,3
"BareArea",493,0,0,"ordesa",1,3
"Grass",21113,0,0,"ordesa",1,3
"HydroRipVeg",207,0,0,"ordesa",1,3
"MedSclF",4251,0,0,"ordesa",1,3
"RipF",860,0,0,"ordesa",1,3
"RockScreeVeg",11546,0,0,"ordesa",1,3
"SMedMarF",1671,0,0,"ordesa",1,3
"Shrub",7598,0,0,"ordesa",1,3
"TempDecF",20202,0,0,"ordesa",1,3
"WaterSurf",32,0,0,"ordesa",1,3
"AlpConF",27612,0,0,"ordesa",1,4
"AlpScrGr",99996,0,0,"ordesa",1,4
"ArtSurf",26,0,0,"ordesa",1,4
"Grass",21111,0,0,"ordesa",1,4
"HydroRipVeg",204,0,0,"ordesa",1,4
"MedSclF",4251,0,0,"ordesa",1,4
"RipF",860,0,0,"ordesa",1,4
"RockScreeVeg",8573,0,0,"ordesa",1,4
"SMedMarF",1671,0,0,"ordesa",1,4
"Shrub",7601,0,0,"ordesa",1,4
"TempDecF",20198,0,0,"ordesa",1,4
"WaterSurf",20,0,0,"ordesa",1,4
"AlpConF",28066,1,0,"ordesa",1,5
"AlpScrGr",98680,1,0,"ordesa",1,5
"ArtSurf",26,0,0,"ordesa",1,5
"Grass",21108,0,0,"ordesa",1,5
"HydroRipVeg",154,0,0,"ordesa",1,5
"MedSclF",4268,0,0,"ordesa",1,5
"RipF",865,0,0,"ordesa",1,5
"RockScreeVeg",8425,0,0,"ordesa",1,5
"SMedMarF",1749,0,0,"ordesa",1,5
"Shrub",7687,0,0,"ordesa",1,5
"TempDecF",20584,0,0,"ordesa",1,5
"WaterSurf",20,0,0,"ordesa",1,5
"AlpConF",28021,0,0,"ordesa",1,6
"AlpScrGr",100050,4,0,"ordesa",1,6
"ArtSurf",26,0,0,"ordesa",1,6
"Grass",21113,1,0,"ordesa",1,6
"HydroRipVeg",204,0,0,"ordesa",1,6
"MedSclF",4300,0,0,"ordesa",1,6
"RipF",866,0,0,"ordesa",1,6
"RockScreeVeg",8576,0,0,"ordesa",1,6
"SMedMarF",1746,0,0,"ordesa",1,6
"Shrub",7723,0,0,"ordesa",1,6
"TempDecF",20580,0,0,"ordesa",1,6
"WaterSurf",20,0,0,"ordesa",1,6
"AlpConF",28948,0,0,"ordesa",1,7
"AlpScrGr",104262,0,0,"ordesa",1,7
"ArtSurf",26,0,0,"ordesa",1,7
"Grass",21154,0,0,"ordesa",1,7
"HydroRipVeg",233,0,0,"ordesa",1,7
"MedSclF",4301,0,0,"ordesa",1,7
"RipF",874,0,0,"ordesa",1,7
"RockScreeVeg",9863,0,0,"ordesa",1,7
"SMedMarF",1812,0,0,"ordesa",1,7
"Shrub",7815,0,0,"ordesa",1,7
"TempDecF",21294,0,0,"ordesa",1,7
"WaterSurf",20,0,0,"ordesa",1,7
"AlpConF",28937,0,0,"ordesa",1,8
"AlpScrGr",104944,0,0,"ordesa",1,8
"ArtSurf",26,0,0,"ordesa",1,8
"Grass",21154,0,0,"ordesa",1,8
"HydroRipVeg",263,0,0,"ordesa",1,8
"MedSclF",4300,0,0,"ordesa",1,8
"RipF",874,0,0,"ordesa",1,8
"RockScreeVeg",11345,0,0,"ordesa",1,8
"SMedMarF",1810,0,0,"ordesa",1,8
"Shrub",7807,0,0,"ordesa",1,8
"TempDecF",21266,0,0,"ordesa",1,8
"WaterSurf",115,0,0,"ordesa",1,8
"AlpConF",28538,0,0,"ordesa",1,9
"AlpScrGr",105456,0,0,"ordesa",1,9
"ArtSurf",26,0,0,"ordesa",1,9
"Grass",21154,0,0,"ordesa",1,9
"HydroRipVeg",269,0,0,"ordesa",1,9
"MedSclF",4283,0,0,"ordesa",1,9
"RipF",870,0,0,"ordesa",1,9
"RockScreeVeg",11379,0,0,"ordesa",1,9
"SMedMarF",1757,0,0,"ordesa",1,9
"Shrub",7719,0,0,"ordesa",1,9
"TempDecF",20868,0,0,"ordesa",1,9
"WaterSurf",89,0,0,"ordesa",1,9
"AlpConF",27643,0,0,"ordesa",1,10
"AlpScrGr",100960,0,0,"ordesa",1,10
"ArtSurf",26,0,0,"ordesa",1,10
"Grass",21116,0,0,"ordesa",1,10
"HydroRipVeg",204,0,0,"ordesa",1,10
"MedSclF",4251,0,0,"ordesa",1,10
"RipF",860,0,0,"ordesa",1,10
"RockScreeVeg",8803,0,0,"ordesa",1,10
"SMedMarF",1672,0,0,"ordesa",1,10
"Shrub",7599,0,0,"ordesa",1,10
"TempDecF",20208,0,0,"ordesa",1,10
"WaterSurf",20,0,0,"ordesa",1,10
"AlpConF",27604,1,0,"ordesa",1,11
"AlpScrGr",100100,23,0.02,"ordesa",1,11
"ArtSurf",26,0,0,"ordesa",1,11
"BareArea",2,0,0,"ordesa",1,11
"Grass",21102,0,0,"ordesa",1,11
"HydroRipVeg",204,0,0,"ordesa",1,11
"MedSclF",4249,4,0.09,"ordesa",1,11
"RipF",860,0,0,"ordesa",1,11
"RockScreeVeg",8649,3,0.03,"ordesa",1,11
"SMedMarF",1645,0,0,"ordesa",1,11
"Shrub",7577,3,0.04,"ordesa",1,11
"TempDecF",20167,3,0.01,"ordesa",1,11
"WaterSurf",20,0,0,"ordesa",1,11
"AlpConF",27351,0,0,"ordesa",1,12
"AlpScrGr",99970,0,0,"ordesa",1,12
"ArtSurf",26,0,0,"ordesa",1,12
"Grass",21101,0,0,"ordesa",1,12
"HydroRipVeg",204,0,0,"ordesa",1,12
"MedSclF",4190,0,0,"ordesa",1,12
"RipF",854,0,0,"ordesa",1,12
"RockScreeVeg",8568,0,0,"ordesa",1,12
"SMedMarF",1625,0,0,"ordesa",1,12
"Shrub",7507,0,0,"ordesa",1,12
"TempDecF",19766,0,0,"ordesa",1,12
"WaterSurf",20,0,0,"ordesa",1,12
"AlpConF",27586,0,0,"ordesa",3,1
"AlpScrGr",100261,0,0,"ordesa",3,1
"ArtSurf",26,0,0,"ordesa",3,1
"BareArea",3,0,0,"ordesa",3,1
"Grass",21109,0,0,"ordesa",3,1
"HydroRipVeg",204,0,0,"ordesa",3,1
"MedSclF",4221,0,0,"ordesa",3,1
"RipF",860,0,0,"ordesa",3,1
"RockScreeVeg",8836,0,0,"ordesa",3,1
"SMedMarF",1656,0,0,"ordesa",3,1
"Shrub",7570,0,0,"ordesa",3,1
"TempDecF",20036,0,0,"ordesa",3,1
"WaterSurf",20,0,0,"ordesa",3,1
"AlpConF",27603,3,0.01,"ordesa",3,2
"AlpScrGr",102251,244,0.24,"ordesa",3,2
"ArtSurf",26,0,0,"ordesa",3,2
"BareArea",203,0,0,"ordesa",3,2
"Grass",21113,1,0,"ordesa",3,2
"HydroRipVeg",214,0,0,"ordesa",3,2
"MedSclF",4236,0,0,"ordesa",3,2
"RipF",860,0,0,"ordesa",3,2
"RockScreeVeg",13046,149,1.14,"ordesa",3,2
"SMedMarF",1671,0,0,"ordesa",3,2
"Shrub",7575,2,0.03,"ordesa",3,2
"TempDecF",20084,0,0,"ordesa",3,2
"WaterSurf",68,0,0,"ordesa",3,2
"AlpConF",27618,0,0,"ordesa",3,3
"AlpScrGr",101805,0,0,"ordesa",3,3
"ArtSurf",26,0,0,"ordesa",3,3
"BareArea",493,0,0,"ordesa",3,3
"Grass",21113,0,0,"ordesa",3,3
"HydroRipVeg",207,0,0,"ordesa",3,3
"MedSclF",4251,0,0,"ordesa",3,3
"RipF",860,0,0,"ordesa",3,3
"RockScreeVeg",11546,0,0,"ordesa",3,3
"SMedMarF",1671,0,0,"ordesa",3,3
"Shrub",7598,0,0,"ordesa",3,3
"TempDecF",20202,0,0,"ordesa",3,3
"WaterSurf",32,0,0,"ordesa",3,3
"AlpConF",27612,1,0,"ordesa",3,4
"AlpScrGr",99996,0,0,"ordesa",3,4
"ArtSurf",26,0,0,"ordesa",3,4
"Grass",21111,0,0,"ordesa",3,4
"HydroRipVeg",204,0,0,"ordesa",3,4
"MedSclF",4251,0,0,"ordesa",3,4
"RipF",860,0,0,"ordesa",3,4
"RockScreeVeg",8573,0,0,"ordesa",3,4
"SMedMarF",1671,0,0,"ordesa",3,4
"Shrub",7601,0,0,"ordesa",3,4
"TempDecF",20198,0,0,"ordesa",3,4
"WaterSurf",20,0,0,"ordesa",3,4
"AlpConF",28066,24,0.09,"ordesa",3,5
"AlpScrGr",98680,6,0.01,"ordesa",3,5
"ArtSurf",26,0,0,"ordesa",3,5
"Grass",21108,0,0,"ordesa",3,5
"HydroRipVeg",154,0,0,"ordesa",3,5
"MedSclF",4268,7,0.16,"ordesa",3,5
"RipF",865,0,0,"ordesa",3,5
"RockScreeVeg",8425,5,0.06,"ordesa",3,5
"SMedMarF",1749,2,0.11,"ordesa",3,5
"Shrub",7687,2,0.03,"ordesa",3,5
"TempDecF",20584,7,0.03,"ordesa",3,5
"WaterSurf",20,0,0,"ordesa",3,5
"AlpConF",28021,0,0,"ordesa",3,6
"AlpScrGr",100050,0,0,"ordesa",3,6
"ArtSurf",26,0,0,"ordesa",3,6
"Grass",21113,0,0,"ordesa",3,6
"HydroRipVeg",204,0,0,"ordesa",3,6
"MedSclF",4300,0,0,"ordesa",3,6
"RipF",866,0,0,"ordesa",3,6
"RockScreeVeg",8576,0,0,"ordesa",3,6
"SMedMarF",1746,0,0,"ordesa",3,6
"Shrub",7723,0,0,"ordesa",3,6
"TempDecF",20580,0,0,"ordesa",3,6
"WaterSurf",20,0,0,"ordesa",3,6
"AlpConF",28948,0,0,"ordesa",3,7
"AlpScrGr",104262,0,0,"ordesa",3,7
"ArtSurf",26,0,0,"ordesa",3,7
"Grass",21154,0,0,"ordesa",3,7
"HydroRipVeg",233,0,0,"ordesa",3,7
"MedSclF",4301,0,0,"ordesa",3,7
"RipF",874,0,0,"ordesa",3,7
"RockScreeVeg",9863,0,0,"ordesa",3,7
"SMedMarF",1812,0,0,"ordesa",3,7
"Shrub",7815,0,0,"ordesa",3,7
"TempDecF",21294,0,0,"ordesa",3,7
"WaterSurf",20,0,0,"ordesa",3,7
"AlpConF",28937,462,1.6,"ordesa",3,8
"AlpScrGr",104944,12049,11.48,"ordesa",3,8
"ArtSurf",26,1,3.85,"ordesa",3,8
"Grass",21154,4664,22.05,"ordesa",3,8
"HydroRipVeg",263,4,1.52,"ordesa",3,8
"MedSclF",4300,85,1.98,"ordesa",3,8
"RipF",874,7,0.8,"ordesa",3,8
"RockScreeVeg",11345,175,1.54,"ordesa",3,8
"SMedMarF",1810,26,1.44,"ordesa",3,8
"Shrub",7807,555,7.11,"ordesa",3,8
"TempDecF",21266,386,1.82,"ordesa",3,8
"WaterSurf",115,0,0,"ordesa",3,8
"AlpConF",28538,0,0,"ordesa",3,9
"AlpScrGr",105456,0,0,"ordesa",3,9
"ArtSurf",26,0,0,"ordesa",3,9
"Grass",21154,0,0,"ordesa",3,9
"HydroRipVeg",269,0,0,"ordesa",3,9
"MedSclF",4283,0,0,"ordesa",3,9
"RipF",870,0,0,"ordesa",3,9
"RockScreeVeg",11379,0,0,"ordesa",3,9
"SMedMarF",1757,0,0,"ordesa",3,9
"Shrub",7719,0,0,"ordesa",3,9
"TempDecF",20868,0,0,"ordesa",3,9
"WaterSurf",89,0,0,"ordesa",3,9
"AlpConF",27643,0,0,"ordesa",3,10
"AlpScrGr",100960,0,0,"ordesa",3,10
"ArtSurf",26,0,0,"ordesa",3,10
"Grass",21116,0,0,"ordesa",3,10
"HydroRipVeg",204,0,0,"ordesa",3,10
"MedSclF",4251,0,0,"ordesa",3,10
"RipF",860,0,0,"ordesa",3,10
"RockScreeVeg",8803,0,0,"ordesa",3,10
"SMedMarF",1672,0,0,"ordesa",3,10
"Shrub",7599,0,0,"ordesa",3,10
"TempDecF",20208,0,0,"ordesa",3,10
"WaterSurf",20,0,0,"ordesa",3,10
"AlpConF",27604,0,0,"ordesa",3,11
"AlpScrGr",100100,0,0,"ordesa",3,11
"ArtSurf",26,0,0,"ordesa",3,11
"BareArea",2,0,0,"ordesa",3,11
"Grass",21102,0,0,"ordesa",3,11
"HydroRipVeg",204,0,0,"ordesa",3,11
"MedSclF",4249,0,0,"ordesa",3,11
"RipF",860,0,0,"ordesa",3,11
"RockScreeVeg",8649,0,0,"ordesa",3,11
"SMedMarF",1645,0,0,"ordesa",3,11
"Shrub",7577,0,0,"ordesa",3,11
"TempDecF",20167,0,0,"ordesa",3,11
"WaterSurf",20,0,0,"ordesa",3,11
"AlpConF",27351,0,0,"ordesa",3,12
"AlpScrGr",99970,0,0,"ordesa",3,12
"ArtSurf",26,0,0,"ordesa",3,12
"Grass",21101,0,0,"ordesa",3,12
"HydroRipVeg",204,0,0,"ordesa",3,12
"MedSclF",4190,0,0,"ordesa",3,12
"RipF",854,0,0,"ordesa",3,12
"RockScreeVeg",8568,0,0,"ordesa",3,12
"SMedMarF",1625,0,0,"ordesa",3,12
"Shrub",7507,0,0,"ordesa",3,12
"TempDecF",19766,0,0,"ordesa",3,12
"WaterSurf",20,0,0,"ordesa",3,12
"AlpConF",27586,10,0.04,"ordesa",6,1
"AlpScrGr",100261,45,0.04,"ordesa",6,1
"ArtSurf",26,0,0,"ordesa",6,1
"BareArea",3,0,0,"ordesa",6,1
"Grass",21109,0,0,"ordesa",6,1
"HydroRipVeg",204,0,0,"ordesa",6,1
"MedSclF",4221,16,0.38,"ordesa",6,1
"RipF",860,0,0,"ordesa",6,1
"RockScreeVeg",8836,1,0.01,"ordesa",6,1
"SMedMarF",1656,0,0,"ordesa",6,1
"Shrub",7570,8,0.11,"ordesa",6,1
"TempDecF",20036,8,0.04,"ordesa",6,1
"WaterSurf",20,0,0,"ordesa",6,1
"AlpConF",27603,0,0,"ordesa",6,2
"AlpScrGr",102251,0,0,"ordesa",6,2
"ArtSurf",26,0,0,"ordesa",6,2
"BareArea",203,0,0,"ordesa",6,2
"Grass",21113,0,0,"ordesa",6,2
"HydroRipVeg",214,0,0,"ordesa",6,2
"MedSclF",4236,0,0,"ordesa",6,2
"RipF",860,0,0,"ordesa",6,2
"RockScreeVeg",13046,0,0,"ordesa",6,2
"SMedMarF",1671,0,0,"ordesa",6,2
"Shrub",7575,0,0,"ordesa",6,2
"TempDecF",20084,0,0,"ordesa",6,2
"WaterSurf",68,0,0,"ordesa",6,2
"AlpConF",27618,0,0,"ordesa",6,3
"AlpScrGr",101805,0,0,"ordesa",6,3
"ArtSurf",26,0,0,"ordesa",6,3
"BareArea",493,0,0,"ordesa",6,3
"Grass",21113,0,0,"ordesa",6,3
"HydroRipVeg",207,0,0,"ordesa",6,3
"MedSclF",4251,0,0,"ordesa",6,3
"RipF",860,0,0,"ordesa",6,3
"RockScreeVeg",11546,0,0,"ordesa",6,3
"SMedMarF",1671,0,0,"ordesa",6,3
"Shrub",7598,0,0,"ordesa",6,3
"TempDecF",20202,0,0,"ordesa",6,3
"WaterSurf",32,0,0,"ordesa",6,3
"AlpConF",27612,0,0,"ordesa",6,4
"AlpScrGr",99996,0,0,"ordesa",6,4
"ArtSurf",26,0,0,"ordesa",6,4
"Grass",21111,0,0,"ordesa",6,4
"HydroRipVeg",204,0,0,"ordesa",6,4
"MedSclF",4251,0,0,"ordesa",6,4
"RipF",860,0,0,"ordesa",6,4
"RockScreeVeg",8573,0,0,"ordesa",6,4
"SMedMarF",1671,0,0,"ordesa",6,4
"Shrub",7601,0,0,"ordesa",6,4
"TempDecF",20198,0,0,"ordesa",6,4
"WaterSurf",20,0,0,"ordesa",6,4
"AlpConF",28066,0,0,"ordesa",6,5
"AlpScrGr",98680,0,0,"ordesa",6,5
"ArtSurf",26,0,0,"ordesa",6,5
"Grass",21108,0,0,"ordesa",6,5
"HydroRipVeg",154,0,0,"ordesa",6,5
"MedSclF",4268,0,0,"ordesa",6,5
"RipF",865,0,0,"ordesa",6,5
"RockScreeVeg",8425,0,0,"ordesa",6,5
"SMedMarF",1749,0,0,"ordesa",6,5
"Shrub",7687,0,0,"ordesa",6,5
"TempDecF",20584,0,0,"ordesa",6,5
"WaterSurf",20,0,0,"ordesa",6,5
"AlpConF",28021,0,0,"ordesa",6,6
"AlpScrGr",100050,0,0,"ordesa",6,6
"ArtSurf",26,0,0,"ordesa",6,6
"Grass",21113,0,0,"ordesa",6,6
"HydroRipVeg",204,0,0,"ordesa",6,6
"MedSclF",4300,0,0,"ordesa",6,6
"RipF",866,0,0,"ordesa",6,6
"RockScreeVeg",8576,0,0,"ordesa",6,6
"SMedMarF",1746,0,0,"ordesa",6,6
"Shrub",7723,0,0,"ordesa",6,6
"TempDecF",20580,0,0,"ordesa",6,6
"WaterSurf",20,0,0,"ordesa",6,6
"AlpConF",28948,0,0,"ordesa",6,7
"AlpScrGr",104262,0,0,"ordesa",6,7
"ArtSurf",26,0,0,"ordesa",6,7
"Grass",21154,0,0,"ordesa",6,7
"HydroRipVeg",233,0,0,"ordesa",6,7
"MedSclF",4301,0,0,"ordesa",6,7
"RipF",874,0,0,"ordesa",6,7
"RockScreeVeg",9863,0,0,"ordesa",6,7
"SMedMarF",1812,0,0,"ordesa",6,7
"Shrub",7815,0,0,"ordesa",6,7
"TempDecF",21294,0,0,"ordesa",6,7
"WaterSurf",20,0,0,"ordesa",6,7
"AlpConF",28937,0,0,"ordesa",6,8
"AlpScrGr",104944,0,0,"ordesa",6,8
"ArtSurf",26,0,0,"ordesa",6,8
"Grass",21154,0,0,"ordesa",6,8
"HydroRipVeg",263,0,0,"ordesa",6,8
"MedSclF",4300,0,0,"ordesa",6,8
"RipF",874,0,0,"ordesa",6,8
"RockScreeVeg",11345,0,0,"ordesa",6,8
"SMedMarF",1810,0,0,"ordesa",6,8
"Shrub",7807,0,0,"ordesa",6,8
"TempDecF",21266,0,0,"ordesa",6,8
"WaterSurf",115,0,0,"ordesa",6,8
"AlpConF",28538,0,0,"ordesa",6,9
"AlpScrGr",105456,0,0,"ordesa",6,9
"ArtSurf",26,0,0,"ordesa",6,9
"Grass",21154,0,0,"ordesa",6,9
"HydroRipVeg",269,0,0,"ordesa",6,9
"MedSclF",4283,0,0,"ordesa",6,9
"RipF",870,0,0,"ordesa",6,9
"RockScreeVeg",11379,0,0,"ordesa",6,9
"SMedMarF",1757,0,0,"ordesa",6,9
"Shrub",7719,0,0,"ordesa",6,9
"TempDecF",20868,0,0,"ordesa",6,9
"WaterSurf",89,0,0,"ordesa",6,9
"AlpConF",27643,0,0,"ordesa",6,10
"AlpScrGr",100960,0,0,"ordesa",6,10
"ArtSurf",26,0,0,"ordesa",6,10
"Grass",21116,0,0,"ordesa",6,10
"HydroRipVeg",204,0,0,"ordesa",6,10
"MedSclF",4251,0,0,"ordesa",6,10
"RipF",860,0,0,"ordesa",6,10
"RockScreeVeg",8803,0,0,"ordesa",6,10
"SMedMarF",1672,0,0,"ordesa",6,10
"Shrub",7599,0,0,"ordesa",6,10
"TempDecF",20208,0,0,"ordesa",6,10
"WaterSurf",20,0,0,"ordesa",6,10
"AlpConF",27604,0,0,"ordesa",6,11
"AlpScrGr",100100,0,0,"ordesa",6,11
"ArtSurf",26,0,0,"ordesa",6,11
"BareArea",2,0,0,"ordesa",6,11
"Grass",21102,0,0,"ordesa",6,11
"HydroRipVeg",204,0,0,"ordesa",6,11
"MedSclF",4249,0,0,"ordesa",6,11
"RipF",860,0,0,"ordesa",6,11
"RockScreeVeg",8649,0,0,"ordesa",6,11
"SMedMarF",1645,0,0,"ordesa",6,11
"Shrub",7577,0,0,"ordesa",6,11
"TempDecF",20167,0,0,"ordesa",6,11
"WaterSurf",20,0,0,"ordesa",6,11
"AlpConF",27351,0,0,"ordesa",6,12
"AlpScrGr",99970,0,0,"ordesa",6,12
"ArtSurf",26,0,0,"ordesa",6,12
"Grass",21101,0,0,"ordesa",6,12
"HydroRipVeg",204,0,0,"ordesa",6,12
"MedSclF",4190,0,0,"ordesa",6,12
"RipF",854,0,0,"ordesa",6,12
"RockScreeVeg",8568,0,0,"ordesa",6,12
"SMedMarF",1625,0,0,"ordesa",6,12
"Shrub",7507,0,0,"ordesa",6,12
"TempDecF",19766,0,0,"ordesa",6,12
"WaterSurf",20,0,0,"ordesa",6,12
"AlpConF",27586,1,0,"ordesa",9,1
"AlpScrGr",100261,3,0,"ordesa",9,1
"ArtSurf",26,0,0,"ordesa",9,1
"BareArea",3,0,0,"ordesa",9,1
"Grass",21109,0,0,"ordesa",9,1
"HydroRipVeg",204,0,0,"ordesa",9,1
"MedSclF",4221,0,0,"ordesa",9,1
"RipF",860,0,0,"ordesa",9,1
"RockScreeVeg",8836,0,0,"ordesa",9,1
"SMedMarF",1656,0,0,"ordesa",9,1
"Shrub",7570,0,0,"ordesa",9,1
"TempDecF",20036,0,0,"ordesa",9,1
"WaterSurf",20,0,0,"ordesa",9,1
"AlpConF",27603,0,0,"ordesa",9,2
"AlpScrGr",102251,0,0,"ordesa",9,2
"ArtSurf",26,0,0,"ordesa",9,2
"BareArea",203,0,0,"ordesa",9,2
"Grass",21113,0,0,"ordesa",9,2
"HydroRipVeg",214,0,0,"ordesa",9,2
"MedSclF",4236,0,0,"ordesa",9,2
"RipF",860,0,0,"ordesa",9,2
"RockScreeVeg",13046,0,0,"ordesa",9,2
"SMedMarF",1671,0,0,"ordesa",9,2
"Shrub",7575,0,0,"ordesa",9,2
"TempDecF",20084,0,0,"ordesa",9,2
"WaterSurf",68,0,0,"ordesa",9,2
"AlpConF",27618,0,0,"ordesa",9,3
"AlpScrGr",101805,0,0,"ordesa",9,3
"ArtSurf",26,0,0,"ordesa",9,3
"BareArea",493,0,0,"ordesa",9,3
"Grass",21113,0,0,"ordesa",9,3
"HydroRipVeg",207,0,0,"ordesa",9,3
"MedSclF",4251,0,0,"ordesa",9,3
"RipF",860,0,0,"ordesa",9,3
"RockScreeVeg",11546,0,0,"ordesa",9,3
"SMedMarF",1671,0,0,"ordesa",9,3
"Shrub",7598,0,0,"ordesa",9,3
"TempDecF",20202,0,0,"ordesa",9,3
"WaterSurf",32,0,0,"ordesa",9,3
"AlpConF",27612,0,0,"ordesa",9,4
"AlpScrGr",99996,0,0,"ordesa",9,4
"ArtSurf",26,0,0,"ordesa",9,4
"Grass",21111,0,0,"ordesa",9,4
"HydroRipVeg",204,0,0,"ordesa",9,4
"MedSclF",4251,0,0,"ordesa",9,4
"RipF",860,0,0,"ordesa",9,4
"RockScreeVeg",8573,0,0,"ordesa",9,4
"SMedMarF",1671,0,0,"ordesa",9,4
"Shrub",7601,0,0,"ordesa",9,4
"TempDecF",20198,0,0,"ordesa",9,4
"WaterSurf",20,0,0,"ordesa",9,4
"AlpConF",28066,0,0,"ordesa",9,5
"AlpScrGr",98680,0,0,"ordesa",9,5
"ArtSurf",26,0,0,"ordesa",9,5
"Grass",21108,0,0,"ordesa",9,5
"HydroRipVeg",154,0,0,"ordesa",9,5
"MedSclF",4268,0,0,"ordesa",9,5
"RipF",865,0,0,"ordesa",9,5
"RockScreeVeg",8425,0,0,"ordesa",9,5
"SMedMarF",1749,0,0,"ordesa",9,5
"Shrub",7687,0,0,"ordesa",9,5
"TempDecF",20584,0,0,"ordesa",9,5
"WaterSurf",20,0,0,"ordesa",9,5
"AlpConF",28021,0,0,"ordesa",9,6
"AlpScrGr",100050,0,0,"ordesa",9,6
"ArtSurf",26,0,0,"ordesa",9,6
"Grass",21113,0,0,"ordesa",9,6
"HydroRipVeg",204,0,0,"ordesa",9,6
"MedSclF",4300,0,0,"ordesa",9,6
"RipF",866,0,0,"ordesa",9,6
"RockScreeVeg",8576,0,0,"ordesa",9,6
"SMedMarF",1746,0,0,"ordesa",9,6
"Shrub",7723,0,0,"ordesa",9,6
"TempDecF",20580,0,0,"ordesa",9,6
"WaterSurf",20,0,0,"ordesa",9,6
"AlpConF",28948,0,0,"ordesa",9,7
"AlpScrGr",104262,0,0,"ordesa",9,7
"ArtSurf",26,0,0,"ordesa",9,7
"Grass",21154,0,0,"ordesa",9,7
"HydroRipVeg",233,0,0,"ordesa",9,7
"MedSclF",4301,0,0,"ordesa",9,7
"RipF",874,0,0,"ordesa",9,7
"RockScreeVeg",9863,0,0,"ordesa",9,7
"SMedMarF",1812,0,0,"ordesa",9,7
"Shrub",7815,0,0,"ordesa",9,7
"TempDecF",21294,0,0,"ordesa",9,7
"WaterSurf",20,0,0,"ordesa",9,7
"AlpConF",28937,0,0,"ordesa",9,8
"AlpScrGr",104944,0,0,"ordesa",9,8
"ArtSurf",26,0,0,"ordesa",9,8
"Grass",21154,0,0,"ordesa",9,8
"HydroRipVeg",263,0,0,"ordesa",9,8
"MedSclF",4300,0,0,"ordesa",9,8
"RipF",874,0,0,"ordesa",9,8
"RockScreeVeg",11345,0,0,"ordesa",9,8
"SMedMarF",1810,0,0,"ordesa",9,8
"Shrub",7807,0,0,"ordesa",9,8
"TempDecF",21266,0,0,"ordesa",9,8
"WaterSurf",115,0,0,"ordesa",9,8
"AlpConF",28538,0,0,"ordesa",9,9
"AlpScrGr",105456,0,0,"ordesa",9,9
"ArtSurf",26,0,0,"ordesa",9,9
"Grass",21154,0,0,"ordesa",9,9
"HydroRipVeg",269,0,0,"ordesa",9,9
"MedSclF",4283,0,0,"ordesa",9,9
"RipF",870,0,0,"ordesa",9,9
"RockScreeVeg",11379,0,0,"ordesa",9,9
"SMedMarF",1757,0,0,"ordesa",9,9
"Shrub",7719,0,0,"ordesa",9,9
"TempDecF",20868,0,0,"ordesa",9,9
"WaterSurf",89,0,0,"ordesa",9,9
"AlpConF",27643,0,0,"ordesa",9,10
"AlpScrGr",100960,0,0,"ordesa",9,10
"ArtSurf",26,0,0,"ordesa",9,10
"Grass",21116,0,0,"ordesa",9,10
"HydroRipVeg",204,0,0,"ordesa",9,10
"MedSclF",4251,0,0,"ordesa",9,10
"RipF",860,0,0,"ordesa",9,10
"RockScreeVeg",8803,0,0,"ordesa",9,10
"SMedMarF",1672,0,0,"ordesa",9,10
"Shrub",7599,0,0,"ordesa",9,10
"TempDecF",20208,0,0,"ordesa",9,10
"WaterSurf",20,0,0,"ordesa",9,10
"AlpConF",27604,0,0,"ordesa",9,11
"AlpScrGr",100100,0,0,"ordesa",9,11
"ArtSurf",26,0,0,"ordesa",9,11
"BareArea",2,0,0,"ordesa",9,11
"Grass",21102,0,0,"ordesa",9,11
"HydroRipVeg",204,0,0,"ordesa",9,11
"MedSclF",4249,0,0,"ordesa",9,11
"RipF",860,0,0,"ordesa",9,11
"RockScreeVeg",8649,0,0,"ordesa",9,11
"SMedMarF",1645,0,0,"ordesa",9,11
"Shrub",7577,0,0,"ordesa",9,11
"TempDecF",20167,0,0,"ordesa",9,11
"WaterSurf",20,0,0,"ordesa",9,11
"AlpConF",27351,0,0,"ordesa",9,12
"AlpScrGr",99970,0,0,"ordesa",9,12
"ArtSurf",26,0,0,"ordesa",9,12
"Grass",21101,0,0,"ordesa",9,12
"HydroRipVeg",204,0,0,"ordesa",9,12
"MedSclF",4190,0,0,"ordesa",9,12
"RipF",854,0,0,"ordesa",9,12
"RockScreeVeg",8568,0,0,"ordesa",9,12
"SMedMarF",1625,0,0,"ordesa",9,12
"Shrub",7507,0,0,"ordesa",9,12
"TempDecF",19766,0,0,"ordesa",9,12
"WaterSurf",20,0,0,"ordesa",9,12
"AlpConF",27586,2,0.01,"ordesa",12,1
"AlpScrGr",100261,0,0,"ordesa",12,1
"ArtSurf",26,0,0,"ordesa",12,1
"BareArea",3,0,0,"ordesa",12,1
"Grass",21109,0,0,"ordesa",12,1
"HydroRipVeg",204,0,0,"ordesa",12,1
"MedSclF",4221,0,0,"ordesa",12,1
"RipF",860,0,0,"ordesa",12,1
"RockScreeVeg",8836,0,0,"ordesa",12,1
"SMedMarF",1656,0,0,"ordesa",12,1
"Shrub",7570,0,0,"ordesa",12,1
"TempDecF",20036,0,0,"ordesa",12,1
"WaterSurf",20,0,0,"ordesa",12,1
"AlpConF",27603,0,0,"ordesa",12,2
"AlpScrGr",102251,0,0,"ordesa",12,2
"ArtSurf",26,0,0,"ordesa",12,2
"BareArea",203,0,0,"ordesa",12,2
"Grass",21113,0,0,"ordesa",12,2
"HydroRipVeg",214,0,0,"ordesa",12,2
"MedSclF",4236,0,0,"ordesa",12,2
"RipF",860,0,0,"ordesa",12,2
"RockScreeVeg",13046,0,0,"ordesa",12,2
"SMedMarF",1671,0,0,"ordesa",12,2
"Shrub",7575,0,0,"ordesa",12,2
"TempDecF",20084,0,0,"ordesa",12,2
"WaterSurf",68,0,0,"ordesa",12,2
"AlpConF",27618,0,0,"ordesa",12,3
"AlpScrGr",101805,0,0,"ordesa",12,3
"ArtSurf",26,0,0,"ordesa",12,3
"BareArea",493,0,0,"ordesa",12,3
"Grass",21113,0,0,"ordesa",12,3
"HydroRipVeg",207,0,0,"ordesa",12,3
"MedSclF",4251,0,0,"ordesa",12,3
"RipF",860,0,0,"ordesa",12,3
"RockScreeVeg",11546,0,0,"ordesa",12,3
"SMedMarF",1671,0,0,"ordesa",12,3
"Shrub",7598,0,0,"ordesa",12,3
"TempDecF",20202,0,0,"ordesa",12,3
"WaterSurf",32,0,0,"ordesa",12,3
"AlpConF",27612,0,0,"ordesa",12,4
"AlpScrGr",99996,0,0,"ordesa",12,4
"ArtSurf",26,0,0,"ordesa",12,4
"Grass",21111,0,0,"ordesa",12,4
"HydroRipVeg",204,0,0,"ordesa",12,4
"MedSclF",4251,0,0,"ordesa",12,4
"RipF",860,0,0,"ordesa",12,4
"RockScreeVeg",8573,0,0,"ordesa",12,4
"SMedMarF",1671,0,0,"ordesa",12,4
"Shrub",7601,0,0,"ordesa",12,4
"TempDecF",20198,0,0,"ordesa",12,4
"WaterSurf",20,0,0,"ordesa",12,4
"AlpConF",28066,0,0,"ordesa",12,5
"AlpScrGr",98680,0,0,"ordesa",12,5
"ArtSurf",26,0,0,"ordesa",12,5
"Grass",21108,0,0,"ordesa",12,5
"HydroRipVeg",154,0,0,"ordesa",12,5
"MedSclF",4268,0,0,"ordesa",12,5
"RipF",865,0,0,"ordesa",12,5
"RockScreeVeg",8425,0,0,"ordesa",12,5
"SMedMarF",1749,0,0,"ordesa",12,5
"Shrub",7687,0,0,"ordesa",12,5
"TempDecF",20584,0,0,"ordesa",12,5
"WaterSurf",20,0,0,"ordesa",12,5
"AlpConF",28021,0,0,"ordesa",12,6
"AlpScrGr",100050,0,0,"ordesa",12,6
"ArtSurf",26,0,0,"ordesa",12,6
"Grass",21113,0,0,"ordesa",12,6
"HydroRipVeg",204,0,0,"ordesa",12,6
"MedSclF",4300,0,0,"ordesa",12,6
"RipF",866,0,0,"ordesa",12,6
"RockScreeVeg",8576,0,0,"ordesa",12,6
"SMedMarF",1746,0,0,"ordesa",12,6
"Shrub",7723,0,0,"ordesa",12,6
"TempDecF",20580,0,0,"ordesa",12,6
"WaterSurf",20,0,0,"ordesa",12,6
"AlpConF",28948,0,0,"ordesa",12,7
"AlpScrGr",104262,0,0,"ordesa",12,7
"ArtSurf",26,0,0,"ordesa",12,7
"Grass",21154,0,0,"ordesa",12,7
"HydroRipVeg",233,0,0,"ordesa",12,7
"MedSclF",4301,0,0,"ordesa",12,7
"RipF",874,0,0,"ordesa",12,7
"RockScreeVeg",9863,0,0,"ordesa",12,7
"SMedMarF",1812,0,0,"ordesa",12,7
"Shrub",7815,0,0,"ordesa",12,7
"TempDecF",21294,0,0,"ordesa",12,7
"WaterSurf",20,0,0,"ordesa",12,7
"AlpConF",28937,0,0,"ordesa",12,8
"AlpScrGr",104944,0,0,"ordesa",12,8
"ArtSurf",26,0,0,"ordesa",12,8
"Grass",21154,0,0,"ordesa",12,8
"HydroRipVeg",263,0,0,"ordesa",12,8
"MedSclF",4300,0,0,"ordesa",12,8
"RipF",874,0,0,"ordesa",12,8
"RockScreeVeg",11345,0,0,"ordesa",12,8
"SMedMarF",1810,0,0,"ordesa",12,8
"Shrub",7807,0,0,"ordesa",12,8
"TempDecF",21266,0,0,"ordesa",12,8
"WaterSurf",115,0,0,"ordesa",12,8
"AlpConF",28538,0,0,"ordesa",12,9
"AlpScrGr",105456,0,0,"ordesa",12,9
"ArtSurf",26,0,0,"ordesa",12,9
"Grass",21154,0,0,"ordesa",12,9
"HydroRipVeg",269,0,0,"ordesa",12,9
"MedSclF",4283,0,0,"ordesa",12,9
"RipF",870,0,0,"ordesa",12,9
"RockScreeVeg",11379,0,0,"ordesa",12,9
"SMedMarF",1757,0,0,"ordesa",12,9
"Shrub",7719,0,0,"ordesa",12,9
"TempDecF",20868,0,0,"ordesa",12,9
"WaterSurf",89,0,0,"ordesa",12,9
"AlpConF",27643,0,0,"ordesa",12,10
"AlpScrGr",100960,0,0,"ordesa",12,10
"ArtSurf",26,0,0,"ordesa",12,10
"Grass",21116,0,0,"ordesa",12,10
"HydroRipVeg",204,0,0,"ordesa",12,10
"MedSclF",4251,0,0,"ordesa",12,10
"RipF",860,0,0,"ordesa",12,10
"RockScreeVeg",8803,0,0,"ordesa",12,10
"SMedMarF",1672,0,0,"ordesa",12,10
"Shrub",7599,0,0,"ordesa",12,10
"TempDecF",20208,0,0,"ordesa",12,10
"WaterSurf",20,0,0,"ordesa",12,10
"AlpConF",27604,0,0,"ordesa",12,11
"AlpScrGr",100100,0,0,"ordesa",12,11
"ArtSurf",26,0,0,"ordesa",12,11
"BareArea",2,0,0,"ordesa",12,11
"Grass",21102,0,0,"ordesa",12,11
"HydroRipVeg",204,0,0,"ordesa",12,11
"MedSclF",4249,0,0,"ordesa",12,11
"RipF",860,0,0,"ordesa",12,11
"RockScreeVeg",8649,0,0,"ordesa",12,11
"SMedMarF",1645,0,0,"ordesa",12,11
"Shrub",7577,0,0,"ordesa",12,11
"TempDecF",20167,0,0,"ordesa",12,11
"WaterSurf",20,0,0,"ordesa",12,11
"AlpConF",27351,0,0,"ordesa",12,12
"AlpScrGr",99970,0,0,"ordesa",12,12
"ArtSurf",26,0,0,"ordesa",12,12
"Grass",21101,0,0,"ordesa",12,12
"HydroRipVeg",204,0,0,"ordesa",12,12
"MedSclF",4190,0,0,"ordesa",12,12
"RipF",854,0,0,"ordesa",12,12
"RockScreeVeg",8568,0,0,"ordesa",12,12
"SMedMarF",1625,0,0,"ordesa",12,12
"Shrub",7507,0,0,"ordesa",12,12
"TempDecF",19766,0,0,"ordesa",12,12
"WaterSurf",20,0,0,"ordesa",12,12
"AlpScrGr",483629,0,0,"picoseuropa",1,1
"ArtSurf",2496,0,0,"picoseuropa",1,1
"AtlScrub",36465,0,0,"picoseuropa",1,1
"Crop",230,0,0,"picoseuropa",1,1
"Dehesa",60,0,0,"picoseuropa",1,1
"Grass",143161,0,0,"picoseuropa",1,1
"HydroRipVeg",808,0,0,"picoseuropa",1,1
"MedSclF",4576,0,0,"picoseuropa",1,1
"MedScrub",14993,0,0,"picoseuropa",1,1
"Reforestation",1264,0,0,"picoseuropa",1,1
"RipF",952,0,0,"picoseuropa",1,1
"RockScreeVeg",1117,0,0,"picoseuropa",1,1
"SMedMarF",8457,0,0,"picoseuropa",1,1
"Shrub",1579,0,0,"picoseuropa",1,1
"TempDecF",253477,0,0,"picoseuropa",1,1
"WaterSurf",715,0,0,"picoseuropa",1,1
"AlpScrGr",487132,4879,1,"picoseuropa",1,2
"ArtSurf",2509,0,0,"picoseuropa",1,2
"AtlScrub",36902,29,0.08,"picoseuropa",1,2
"Crop",230,0,0,"picoseuropa",1,2
"Dehesa",71,2,2.82,"picoseuropa",1,2
"Grass",144344,162,0.11,"picoseuropa",1,2
"HydroRipVeg",811,1,0.12,"picoseuropa",1,2
"MedSclF",5374,307,5.71,"picoseuropa",1,2
"MedScrub",15105,26,0.17,"picoseuropa",1,2
"Reforestation",1269,12,0.95,"picoseuropa",1,2
"RipF",953,0,0,"picoseuropa",1,2
"RockScreeVeg",1134,9,0.79,"picoseuropa",1,2
"SMedMarF",8552,10,0.12,"picoseuropa",1,2
"Shrub",1597,0,0,"picoseuropa",1,2
"TempDecF",256029,198,0.08,"picoseuropa",1,2
"WaterSurf",737,0,0,"picoseuropa",1,2
"AlpScrGr",487768,0,0,"picoseuropa",1,3
"ArtSurf",2510,0,0,"picoseuropa",1,3
"AtlScrub",36927,0,0,"picoseuropa",1,3
"Crop",230,0,0,"picoseuropa",1,3
"Dehesa",71,0,0,"picoseuropa",1,3
"Grass",144481,0,0,"picoseuropa",1,3
"HydroRipVeg",811,0,0,"picoseuropa",1,3
"MedSclF",5590,0,0,"picoseuropa",1,3
"MedScrub",15115,0,0,"picoseuropa",1,3
"Reforestation",1269,0,0,"picoseuropa",1,3
"RipF",953,0,0,"picoseuropa",1,3
"RockScreeVeg",1135,0,0,"picoseuropa",1,3
"SMedMarF",8558,0,0,"picoseuropa",1,3
"Shrub",1599,0,0,"picoseuropa",1,3
"TempDecF",256357,0,0,"picoseuropa",1,3
"WaterSurf",760,0,0,"picoseuropa",1,3
"AlpScrGr",487876,0,0,"picoseuropa",1,4
"ArtSurf",2511,0,0,"picoseuropa",1,4
"AtlScrub",36929,0,0,"picoseuropa",1,4
"Crop",230,0,0,"picoseuropa",1,4
"Dehesa",71,0,0,"picoseuropa",1,4
"Grass",144505,0,0,"picoseuropa",1,4
"HydroRipVeg",811,0,0,"picoseuropa",1,4
"MedSclF",5591,0,0,"picoseuropa",1,4
"MedScrub",15118,0,0,"picoseuropa",1,4
"Reforestation",1269,0,0,"picoseuropa",1,4
"RipF",953,0,0,"picoseuropa",1,4
"RockScreeVeg",1135,0,0,"picoseuropa",1,4
"SMedMarF",8558,0,0,"picoseuropa",1,4
"Shrub",1599,0,0,"picoseuropa",1,4
"TempDecF",256516,0,0,"picoseuropa",1,4
"WaterSurf",763,0,0,"picoseuropa",1,4
"AlpScrGr",487848,0,0,"picoseuropa",1,5
"ArtSurf",2511,0,0,"picoseuropa",1,5
"AtlScrub",36969,0,0,"picoseuropa",1,5
"Crop",230,0,0,"picoseuropa",1,5
"Dehesa",71,0,0,"picoseuropa",1,5
"Grass",144570,0,0,"picoseuropa",1,5
"HydroRipVeg",815,0,0,"picoseuropa",1,5
"MedSclF",5631,0,0,"picoseuropa",1,5
"MedScrub",15123,0,0,"picoseuropa",1,5
"Reforestation",1269,0,0,"picoseuropa",1,5
"RipF",953,0,0,"picoseuropa",1,5
"RockScreeVeg",1135,0,0,"picoseuropa",1,5
"SMedMarF",8558,0,0,"picoseuropa",1,5
"Shrub",1599,0,0,"picoseuropa",1,5
"TempDecF",256687,0,0,"picoseuropa",1,5
"WaterSurf",773,0,0,"picoseuropa",1,5
"AlpScrGr",487273,0,0,"picoseuropa",1,6
"ArtSurf",2511,0,0,"picoseuropa",1,6
"AtlScrub",36969,0,0,"picoseuropa",1,6
"Crop",230,0,0,"picoseuropa",1,6
"Dehesa",71,0,0,"picoseuropa",1,6
"Grass",144593,0,0,"picoseuropa",1,6
"HydroRipVeg",815,0,0,"picoseuropa",1,6
"MedSclF",5631,0,0,"picoseuropa",1,6
"MedScrub",15123,0,0,"picoseuropa",1,6
"Reforestation",1269,0,0,"picoseuropa",1,6
"RipF",953,0,0,"picoseuropa",1,6
"RockScreeVeg",1135,0,0,"picoseuropa",1,6
"SMedMarF",8558,0,0,"picoseuropa",1,6
"Shrub",1599,0,0,"picoseuropa",1,6
"TempDecF",256695,0,0,"picoseuropa",1,6
"WaterSurf",774,0,0,"picoseuropa",1,6
"AlpScrGr",497696,194,0.04,"picoseuropa",1,7
"ArtSurf",2619,0,0,"picoseuropa",1,7
"AtlScrub",36969,0,0,"picoseuropa",1,7
"Crop",230,0,0,"picoseuropa",1,7
"Dehesa",71,0,0,"picoseuropa",1,7
"Grass",144792,28,0.02,"picoseuropa",1,7
"HydroRipVeg",815,0,0,"picoseuropa",1,7
"MedSclF",5631,0,0,"picoseuropa",1,7
"MedScrub",15123,0,0,"picoseuropa",1,7
"Reforestation",1269,0,0,"picoseuropa",1,7
"RipF",953,0,0,"picoseuropa",1,7
"RockScreeVeg",1135,0,0,"picoseuropa",1,7
"SMedMarF",8558,0,0,"picoseuropa",1,7
"Shrub",1599,0,0,"picoseuropa",1,7
"TempDecF",256697,15,0.01,"picoseuropa",1,7
"WaterSurf",774,0,0,"picoseuropa",1,7
"AlpScrGr",504321,0,0,"picoseuropa",1,8
"ArtSurf",2548,0,0,"picoseuropa",1,8
"AtlScrub",36969,0,0,"picoseuropa",1,8
"Crop",230,0,0,"picoseuropa",1,8
"Dehesa",71,0,0,"picoseuropa",1,8
"Grass",144733,0,0,"picoseuropa",1,8
"HydroRipVeg",815,0,0,"picoseuropa",1,8
"MedSclF",5631,0,0,"picoseuropa",1,8
"MedScrub",15121,0,0,"picoseuropa",1,8
"Reforestation",1269,0,0,"picoseuropa",1,8
"RipF",953,0,0,"picoseuropa",1,8
"RockScreeVeg",1135,0,0,"picoseuropa",1,8
"SMedMarF",8558,0,0,"picoseuropa",1,8
"Shrub",1599,0,0,"picoseuropa",1,8
"TempDecF",256675,0,0,"picoseuropa",1,8
"WaterSurf",771,0,0,"picoseuropa",1,8
"AlpScrGr",522100,0,0,"picoseuropa",1,9
"ArtSurf",2727,0,0,"picoseuropa",1,9
"AtlScrub",36964,0,0,"picoseuropa",1,9
"Crop",230,0,0,"picoseuropa",1,9
"Dehesa",71,0,0,"picoseuropa",1,9
"Grass",144813,0,0,"picoseuropa",1,9
"HydroRipVeg",811,0,0,"picoseuropa",1,9
"MedSclF",5617,0,0,"picoseuropa",1,9
"MedScrub",15119,0,0,"picoseuropa",1,9
"Reforestation",1269,0,0,"picoseuropa",1,9
"RipF",953,0,0,"picoseuropa",1,9
"RockScreeVeg",1135,0,0,"picoseuropa",1,9
"SMedMarF",8558,0,0,"picoseuropa",1,9
"Shrub",1599,0,0,"picoseuropa",1,9
"TempDecF",256510,0,0,"picoseuropa",1,9
"WaterSurf",761,0,0,"picoseuropa",1,9
"AlpScrGr",503669,0,0,"picoseuropa",1,10
"ArtSurf",2512,0,0,"picoseuropa",1,10
"AtlScrub",36927,0,0,"picoseuropa",1,10
"Crop",230,0,0,"picoseuropa",1,10
"Dehesa",71,0,0,"picoseuropa",1,10
"Grass",144539,0,0,"picoseuropa",1,10
"HydroRipVeg",811,0,0,"picoseuropa",1,10
"MedSclF",5580,0,0,"picoseuropa",1,10
"MedScrub",15115,0,0,"picoseuropa",1,10
"Reforestation",1269,0,0,"picoseuropa",1,10
"RipF",953,0,0,"picoseuropa",1,10
"RockScreeVeg",1135,0,0,"picoseuropa",1,10
"SMedMarF",8558,0,0,"picoseuropa",1,10
"Shrub",1599,0,0,"picoseuropa",1,10
"TempDecF",256336,0,0,"picoseuropa",1,10
"WaterSurf",752,0,0,"picoseuropa",1,10
"AlpScrGr",486719,0,0,"picoseuropa",1,11
"ArtSurf",2510,0,0,"picoseuropa",1,11
"AtlScrub",36869,0,0,"picoseuropa",1,11
"Crop",230,0,0,"picoseuropa",1,11
"Dehesa",71,0,0,"picoseuropa",1,11
"Grass",144253,0,0,"picoseuropa",1,11
"HydroRipVeg",811,0,0,"picoseuropa",1,11
"MedSclF",5373,0,0,"picoseuropa",1,11
"MedScrub",15082,0,0,"picoseuropa",1,11
"Reforestation",1269,0,0,"picoseuropa",1,11
"RipF",953,0,0,"picoseuropa",1,11
"RockScreeVeg",1132,0,0,"picoseuropa",1,11
"SMedMarF",8555,0,0,"picoseuropa",1,11
"Shrub",1598,0,0,"picoseuropa",1,11
"TempDecF",255911,0,0,"picoseuropa",1,11
"WaterSurf",745,0,0,"picoseuropa",1,11
"AlpScrGr",482406,0,0,"picoseuropa",1,12
"ArtSurf",2498,0,0,"picoseuropa",1,12
"AtlScrub",36212,0,0,"picoseuropa",1,12
"Crop",230,0,0,"picoseuropa",1,12
"Dehesa",57,0,0,"picoseuropa",1,12
"Grass",142707,0,0,"picoseuropa",1,12
"HydroRipVeg",802,0,0,"picoseuropa",1,12
"MedSclF",4578,0,0,"picoseuropa",1,12
"MedScrub",14918,0,0,"picoseuropa",1,12
"Reforestation",1266,0,0,"picoseuropa",1,12
"RipF",953,0,0,"picoseuropa",1,12
"RockScreeVeg",1099,0,0,"picoseuropa",1,12
"SMedMarF",8419,0,0,"picoseuropa",1,12
"Shrub",1532,0,0,"picoseuropa",1,12
"TempDecF",252908,0,0,"picoseuropa",1,12
"WaterSurf",708,0,0,"picoseuropa",1,12
"AlpScrGr",483629,0,0,"picoseuropa",3,1
"ArtSurf",2496,0,0,"picoseuropa",3,1
"AtlScrub",36465,0,0,"picoseuropa",3,1
"Crop",230,0,0,"picoseuropa",3,1
"Dehesa",60,0,0,"picoseuropa",3,1
"Grass",143161,0,0,"picoseuropa",3,1
"HydroRipVeg",808,0,0,"picoseuropa",3,1
"MedSclF",4576,0,0,"picoseuropa",3,1
"MedScrub",14993,0,0,"picoseuropa",3,1
"Reforestation",1264,0,0,"picoseuropa",3,1
"RipF",952,0,0,"picoseuropa",3,1
"RockScreeVeg",1117,0,0,"picoseuropa",3,1
"SMedMarF",8457,0,0,"picoseuropa",3,1
"Shrub",1579,0,0,"picoseuropa",3,1
"TempDecF",253477,0,0,"picoseuropa",3,1
"WaterSurf",715,0,0,"picoseuropa",3,1
"AlpScrGr",487132,1569,0.32,"picoseuropa",3,2
"ArtSurf",2509,2,0.08,"picoseuropa",3,2
"AtlScrub",36902,3,0.01,"picoseuropa",3,2
"Crop",230,0,0,"picoseuropa",3,2
"Dehesa",71,0,0,"picoseuropa",3,2
"Grass",144344,42,0.03,"picoseuropa",3,2
"HydroRipVeg",811,0,0,"picoseuropa",3,2
"MedSclF",5374,52,0.97,"picoseuropa",3,2
"MedScrub",15105,12,0.08,"picoseuropa",3,2
"Reforestation",1269,0,0,"picoseuropa",3,2
"RipF",953,0,0,"picoseuropa",3,2
"RockScreeVeg",1134,2,0.18,"picoseuropa",3,2
"SMedMarF",8552,0,0,"picoseuropa",3,2
"Shrub",1597,0,0,"picoseuropa",3,2
"TempDecF",256029,35,0.01,"picoseuropa",3,2
"WaterSurf",737,0,0,"picoseuropa",3,2
"AlpScrGr",487768,2182,0.45,"picoseuropa",3,3
"ArtSurf",2510,1,0.04,"picoseuropa",3,3
"AtlScrub",36927,9,0.02,"picoseuropa",3,3
"Crop",230,0,0,"picoseuropa",3,3
"Dehesa",71,0,0,"picoseuropa",3,3
"Grass",144481,70,0.05,"picoseuropa",3,3
"HydroRipVeg",811,0,0,"picoseuropa",3,3
"MedSclF",5590,100,1.79,"picoseuropa",3,3
"MedScrub",15115,29,0.19,"picoseuropa",3,3
"Reforestation",1269,0,0,"picoseuropa",3,3
"RipF",953,0,0,"picoseuropa",3,3
"RockScreeVeg",1135,9,0.79,"picoseuropa",3,3
"SMedMarF",8558,15,0.18,"picoseuropa",3,3
"Shrub",1599,1,0.06,"picoseuropa",3,3
"TempDecF",256357,79,0.03,"picoseuropa",3,3
"WaterSurf",760,0,0,"picoseuropa",3,3
"AlpScrGr",487876,4319,0.89,"picoseuropa",3,4
"ArtSurf",2511,0,0,"picoseuropa",3,4
"AtlScrub",36929,49,0.13,"picoseuropa",3,4
"Crop",230,0,0,"picoseuropa",3,4
"Dehesa",71,0,0,"picoseuropa",3,4
"Grass",144505,343,0.24,"picoseuropa",3,4
"HydroRipVeg",811,1,0.12,"picoseuropa",3,4
"MedSclF",5591,374,6.69,"picoseuropa",3,4
"MedScrub",15118,151,1,"picoseuropa",3,4
"Reforestation",1269,3,0.24,"picoseuropa",3,4
"RipF",953,0,0,"picoseuropa",3,4
"RockScreeVeg",1135,35,3.08,"picoseuropa",3,4
"SMedMarF",8558,15,0.18,"picoseuropa",3,4
"Shrub",1599,0,0,"picoseuropa",3,4
"TempDecF",256516,121,0.05,"picoseuropa",3,4
"WaterSurf",763,2,0.26,"picoseuropa",3,4
"AlpScrGr",487848,1193,0.24,"picoseuropa",3,5
"ArtSurf",2511,0,0,"picoseuropa",3,5
"AtlScrub",36969,52,0.14,"picoseuropa",3,5
"Crop",230,0,0,"picoseuropa",3,5
"Dehesa",71,0,0,"picoseuropa",3,5
"Grass",144570,59,0.04,"picoseuropa",3,5
"HydroRipVeg",815,0,0,"picoseuropa",3,5
"MedSclF",5631,97,1.72,"picoseuropa",3,5
"MedScrub",15123,30,0.2,"picoseuropa",3,5
"Reforestation",1269,5,0.39,"picoseuropa",3,5
"RipF",953,0,0,"picoseuropa",3,5
"RockScreeVeg",1135,2,0.18,"picoseuropa",3,5
"SMedMarF",8558,0,0,"picoseuropa",3,5
"Shrub",1599,0,0,"picoseuropa",3,5
"TempDecF",256687,29,0.01,"picoseuropa",3,5
"WaterSurf",773,0,0,"picoseuropa",3,5
"AlpScrGr",487273,0,0,"picoseuropa",3,6
"ArtSurf",2511,0,0,"picoseuropa",3,6
"AtlScrub",36969,0,0,"picoseuropa",3,6
"Crop",230,0,0,"picoseuropa",3,6
"Dehesa",71,0,0,"picoseuropa",3,6
"Grass",144593,0,0,"picoseuropa",3,6
"HydroRipVeg",815,0,0,"picoseuropa",3,6
"MedSclF",5631,0,0,"picoseuropa",3,6
"MedScrub",15123,0,0,"picoseuropa",3,6
"Reforestation",1269,0,0,"picoseuropa",3,6
"RipF",953,0,0,"picoseuropa",3,6
"RockScreeVeg",1135,0,0,"picoseuropa",3,6
"SMedMarF",8558,0,0,"picoseuropa",3,6
"Shrub",1599,0,0,"picoseuropa",3,6
"TempDecF",256695,0,0,"picoseuropa",3,6
"WaterSurf",774,0,0,"picoseuropa",3,6
"AlpScrGr",497696,20292,4.08,"picoseuropa",3,7
"ArtSurf",2619,68,2.6,"picoseuropa",3,7
"AtlScrub",36969,438,1.18,"picoseuropa",3,7
"Crop",230,2,0.87,"picoseuropa",3,7
"Dehesa",71,0,0,"picoseuropa",3,7
"Grass",144792,9379,6.48,"picoseuropa",3,7
"HydroRipVeg",815,15,1.84,"picoseuropa",3,7
"MedSclF",5631,32,0.57,"picoseuropa",3,7
"MedScrub",15123,268,1.77,"picoseuropa",3,7
"Reforestation",1269,0,0,"picoseuropa",3,7
"RipF",953,8,0.84,"picoseuropa",3,7
"RockScreeVeg",1135,10,0.88,"picoseuropa",3,7
"SMedMarF",8558,32,0.37,"picoseuropa",3,7
"Shrub",1599,10,0.63,"picoseuropa",3,7
"TempDecF",256697,502,0.2,"picoseuropa",3,7
"WaterSurf",774,0,0,"picoseuropa",3,7
"AlpScrGr",504321,67958,13.48,"picoseuropa",3,8
"ArtSurf",2548,413,16.21,"picoseuropa",3,8
"AtlScrub",36969,3478,9.41,"picoseuropa",3,8
"Crop",230,27,11.74,"picoseuropa",3,8
"Dehesa",71,0,0,"picoseuropa",3,8
"Grass",144733,25484,17.61,"picoseuropa",3,8
"HydroRipVeg",815,90,11.04,"picoseuropa",3,8
"MedSclF",5631,161,2.86,"picoseuropa",3,8
"MedScrub",15121,2132,14.1,"picoseuropa",3,8
"Reforestation",1269,0,0,"picoseuropa",3,8
"RipF",953,40,4.2,"picoseuropa",3,8
"RockScreeVeg",1135,177,15.59,"picoseuropa",3,8
"SMedMarF",8558,310,3.62,"picoseuropa",3,8
"Shrub",1599,61,3.81,"picoseuropa",3,8
"TempDecF",256675,2910,1.13,"picoseuropa",3,8
"WaterSurf",771,5,0.65,"picoseuropa",3,8
"AlpScrGr",522100,0,0,"picoseuropa",3,9
"ArtSurf",2727,0,0,"picoseuropa",3,9
"AtlScrub",36964,0,0,"picoseuropa",3,9
"Crop",230,0,0,"picoseuropa",3,9
"Dehesa",71,0,0,"picoseuropa",3,9
"Grass",144813,0,0,"picoseuropa",3,9
"HydroRipVeg",811,0,0,"picoseuropa",3,9
"MedSclF",5617,0,0,"picoseuropa",3,9
"MedScrub",15119,0,0,"picoseuropa",3,9
"Reforestation",1269,0,0,"picoseuropa",3,9
"RipF",953,0,0,"picoseuropa",3,9
"RockScreeVeg",1135,0,0,"picoseuropa",3,9
"SMedMarF",8558,0,0,"picoseuropa",3,9
"Shrub",1599,0,0,"picoseuropa",3,9
"TempDecF",256510,0,0,"picoseuropa",3,9
"WaterSurf",761,0,0,"picoseuropa",3,9
"AlpScrGr",503669,0,0,"picoseuropa",3,10
"ArtSurf",2512,0,0,"picoseuropa",3,10
"AtlScrub",36927,0,0,"picoseuropa",3,10
"Crop",230,0,0,"picoseuropa",3,10
"Dehesa",71,0,0,"picoseuropa",3,10
"Grass",144539,0,0,"picoseuropa",3,10
"HydroRipVeg",811,0,0,"picoseuropa",3,10
"MedSclF",5580,0,0,"picoseuropa",3,10
"MedScrub",15115,0,0,"picoseuropa",3,10
"Reforestation",1269,0,0,"picoseuropa",3,10
"RipF",953,0,0,"picoseuropa",3,10
"RockScreeVeg",1135,0,0,"picoseuropa",3,10
"SMedMarF",8558,0,0,"picoseuropa",3,10
"Shrub",1599,0,0,"picoseuropa",3,10
"TempDecF",256336,0,0,"picoseuropa",3,10
"WaterSurf",752,0,0,"picoseuropa",3,10
"AlpScrGr",486719,0,0,"picoseuropa",3,11
"ArtSurf",2510,0,0,"picoseuropa",3,11
"AtlScrub",36869,0,0,"picoseuropa",3,11
"Crop",230,0,0,"picoseuropa",3,11
"Dehesa",71,0,0,"picoseuropa",3,11
"Grass",144253,0,0,"picoseuropa",3,11
"HydroRipVeg",811,0,0,"picoseuropa",3,11
"MedSclF",5373,0,0,"picoseuropa",3,11
"MedScrub",15082,0,0,"picoseuropa",3,11
"Reforestation",1269,0,0,"picoseuropa",3,11
"RipF",953,0,0,"picoseuropa",3,11
"RockScreeVeg",1132,0,0,"picoseuropa",3,11
"SMedMarF",8555,0,0,"picoseuropa",3,11
"Shrub",1598,0,0,"picoseuropa",3,11
"TempDecF",255911,0,0,"picoseuropa",3,11
"WaterSurf",745,0,0,"picoseuropa",3,11
"AlpScrGr",482406,3,0,"picoseuropa",3,12
"ArtSurf",2498,0,0,"picoseuropa",3,12
"AtlScrub",36212,0,0,"picoseuropa",3,12
"Crop",230,0,0,"picoseuropa",3,12
"Dehesa",57,0,0,"picoseuropa",3,12
"Grass",142707,1,0,"picoseuropa",3,12
"HydroRipVeg",802,0,0,"picoseuropa",3,12
"MedSclF",4578,0,0,"picoseuropa",3,12
"MedScrub",14918,0,0,"picoseuropa",3,12
"Reforestation",1266,0,0,"picoseuropa",3,12
"RipF",953,0,0,"picoseuropa",3,12
"RockScreeVeg",1099,0,0,"picoseuropa",3,12
"SMedMarF",8419,0,0,"picoseuropa",3,12
"Shrub",1532,0,0,"picoseuropa",3,12
"TempDecF",252908,0,0,"picoseuropa",3,12
"WaterSurf",708,0,0,"picoseuropa",3,12
"AlpScrGr",483629,0,0,"picoseuropa",6,1
"ArtSurf",2496,0,0,"picoseuropa",6,1
"AtlScrub",36465,0,0,"picoseuropa",6,1
"Crop",230,0,0,"picoseuropa",6,1
"Dehesa",60,0,0,"picoseuropa",6,1
"Grass",143161,0,0,"picoseuropa",6,1
"HydroRipVeg",808,0,0,"picoseuropa",6,1
"MedSclF",4576,0,0,"picoseuropa",6,1
"MedScrub",14993,0,0,"picoseuropa",6,1
"Reforestation",1264,0,0,"picoseuropa",6,1
"RipF",952,0,0,"picoseuropa",6,1
"RockScreeVeg",1117,0,0,"picoseuropa",6,1
"SMedMarF",8457,0,0,"picoseuropa",6,1
"Shrub",1579,0,0,"picoseuropa",6,1
"TempDecF",253477,0,0,"picoseuropa",6,1
"WaterSurf",715,0,0,"picoseuropa",6,1
"AlpScrGr",487132,0,0,"picoseuropa",6,2
"ArtSurf",2509,0,0,"picoseuropa",6,2
"AtlScrub",36902,0,0,"picoseuropa",6,2
"Crop",230,0,0,"picoseuropa",6,2
"Dehesa",71,0,0,"picoseuropa",6,2
"Grass",144344,0,0,"picoseuropa",6,2
"HydroRipVeg",811,0,0,"picoseuropa",6,2
"MedSclF",5374,0,0,"picoseuropa",6,2
"MedScrub",15105,0,0,"picoseuropa",6,2
"Reforestation",1269,0,0,"picoseuropa",6,2
"RipF",953,0,0,"picoseuropa",6,2
"RockScreeVeg",1134,0,0,"picoseuropa",6,2
"SMedMarF",8552,0,0,"picoseuropa",6,2
"Shrub",1597,0,0,"picoseuropa",6,2
"TempDecF",256029,0,0,"picoseuropa",6,2
"WaterSurf",737,0,0,"picoseuropa",6,2
"AlpScrGr",487768,29,0.01,"picoseuropa",6,3
"ArtSurf",2510,0,0,"picoseuropa",6,3
"AtlScrub",36927,0,0,"picoseuropa",6,3
"Crop",230,0,0,"picoseuropa",6,3
"Dehesa",71,0,0,"picoseuropa",6,3
"Grass",144481,5,0,"picoseuropa",6,3
"HydroRipVeg",811,0,0,"picoseuropa",6,3
"MedSclF",5590,0,0,"picoseuropa",6,3
"MedScrub",15115,0,0,"picoseuropa",6,3
"Reforestation",1269,0,0,"picoseuropa",6,3
"RipF",953,0,0,"picoseuropa",6,3
"RockScreeVeg",1135,0,0,"picoseuropa",6,3
"SMedMarF",8558,4,0.05,"picoseuropa",6,3
"Shrub",1599,0,0,"picoseuropa",6,3
"TempDecF",256357,2,0,"picoseuropa",6,3
"WaterSurf",760,0,0,"picoseuropa",6,3
"AlpScrGr",487876,764,0.16,"picoseuropa",6,4
"ArtSurf",2511,0,0,"picoseuropa",6,4
"AtlScrub",36929,3,0.01,"picoseuropa",6,4
"Crop",230,0,0,"picoseuropa",6,4
"Dehesa",71,0,0,"picoseuropa",6,4
"Grass",144505,88,0.06,"picoseuropa",6,4
"HydroRipVeg",811,0,0,"picoseuropa",6,4
"MedSclF",5591,51,0.91,"picoseuropa",6,4
"MedScrub",15118,19,0.13,"picoseuropa",6,4
"Reforestation",1269,2,0.16,"picoseuropa",6,4
"RipF",953,0,0,"picoseuropa",6,4
"RockScreeVeg",1135,2,0.18,"picoseuropa",6,4
"SMedMarF",8558,0,0,"picoseuropa",6,4
"Shrub",1599,0,0,"picoseuropa",6,4
"TempDecF",256516,33,0.01,"picoseuropa",6,4
"WaterSurf",763,0,0,"picoseuropa",6,4
"AlpScrGr",487848,1790,0.37,"picoseuropa",6,5
"ArtSurf",2511,0,0,"picoseuropa",6,5
"AtlScrub",36969,72,0.19,"picoseuropa",6,5
"Crop",230,0,0,"picoseuropa",6,5
"Dehesa",71,0,0,"picoseuropa",6,5
"Grass",144570,153,0.11,"picoseuropa",6,5
"HydroRipVeg",815,0,0,"picoseuropa",6,5
"MedSclF",5631,205,3.64,"picoseuropa",6,5
"MedScrub",15123,60,0.4,"picoseuropa",6,5
"Reforestation",1269,5,0.39,"picoseuropa",6,5
"RipF",953,0,0,"picoseuropa",6,5
"RockScreeVeg",1135,2,0.18,"picoseuropa",6,5
"SMedMarF",8558,9,0.11,"picoseuropa",6,5
"Shrub",1599,0,0,"picoseuropa",6,5
"TempDecF",256687,92,0.04,"picoseuropa",6,5
"WaterSurf",773,3,0.39,"picoseuropa",6,5
"AlpScrGr",487273,91,0.02,"picoseuropa",6,6
"ArtSurf",2511,0,0,"picoseuropa",6,6
"AtlScrub",36969,1,0,"picoseuropa",6,6
"Crop",230,0,0,"picoseuropa",6,6
"Dehesa",71,0,0,"picoseuropa",6,6
"Grass",144593,11,0.01,"picoseuropa",6,6
"HydroRipVeg",815,0,0,"picoseuropa",6,6
"MedSclF",5631,10,0.18,"picoseuropa",6,6
"MedScrub",15123,0,0,"picoseuropa",6,6
"Reforestation",1269,0,0,"picoseuropa",6,6
"RipF",953,0,0,"picoseuropa",6,6
"RockScreeVeg",1135,0,0,"picoseuropa",6,6
"SMedMarF",8558,0,0,"picoseuropa",6,6
"Shrub",1599,0,0,"picoseuropa",6,6
"TempDecF",256695,0,0,"picoseuropa",6,6
"WaterSurf",774,0,0,"picoseuropa",6,6
"AlpScrGr",497696,0,0,"picoseuropa",6,7
"ArtSurf",2619,0,0,"picoseuropa",6,7
"AtlScrub",36969,0,0,"picoseuropa",6,7
"Crop",230,0,0,"picoseuropa",6,7
"Dehesa",71,0,0,"picoseuropa",6,7
"Grass",144792,0,0,"picoseuropa",6,7
"HydroRipVeg",815,0,0,"picoseuropa",6,7
"MedSclF",5631,0,0,"picoseuropa",6,7
"MedScrub",15123,0,0,"picoseuropa",6,7
"Reforestation",1269,0,0,"picoseuropa",6,7
"RipF",953,0,0,"picoseuropa",6,7
"RockScreeVeg",1135,0,0,"picoseuropa",6,7
"SMedMarF",8558,0,0,"picoseuropa",6,7
"Shrub",1599,0,0,"picoseuropa",6,7
"TempDecF",256697,0,0,"picoseuropa",6,7
"WaterSurf",774,0,0,"picoseuropa",6,7
"AlpScrGr",504321,89,0.02,"picoseuropa",6,8
"ArtSurf",2548,0,0,"picoseuropa",6,8
"AtlScrub",36969,12,0.03,"picoseuropa",6,8
"Crop",230,0,0,"picoseuropa",6,8
"Dehesa",71,0,0,"picoseuropa",6,8
"Grass",144733,6,0,"picoseuropa",6,8
"HydroRipVeg",815,0,0,"picoseuropa",6,8
"MedSclF",5631,0,0,"picoseuropa",6,8
"MedScrub",15121,1,0.01,"picoseuropa",6,8
"Reforestation",1269,0,0,"picoseuropa",6,8
"RipF",953,0,0,"picoseuropa",6,8
"RockScreeVeg",1135,0,0,"picoseuropa",6,8
"SMedMarF",8558,1,0.01,"picoseuropa",6,8
"Shrub",1599,0,0,"picoseuropa",6,8
"TempDecF",256675,3,0,"picoseuropa",6,8
"WaterSurf",771,0,0,"picoseuropa",6,8
"AlpScrGr",522100,0,0,"picoseuropa",6,9
"ArtSurf",2727,0,0,"picoseuropa",6,9
"AtlScrub",36964,0,0,"picoseuropa",6,9
"Crop",230,0,0,"picoseuropa",6,9
"Dehesa",71,0,0,"picoseuropa",6,9
"Grass",144813,0,0,"picoseuropa",6,9
"HydroRipVeg",811,0,0,"picoseuropa",6,9
"MedSclF",5617,0,0,"picoseuropa",6,9
"MedScrub",15119,0,0,"picoseuropa",6,9
"Reforestation",1269,0,0,"picoseuropa",6,9
"RipF",953,0,0,"picoseuropa",6,9
"RockScreeVeg",1135,0,0,"picoseuropa",6,9
"SMedMarF",8558,0,0,"picoseuropa",6,9
"Shrub",1599,0,0,"picoseuropa",6,9
"TempDecF",256510,0,0,"picoseuropa",6,9
"WaterSurf",761,0,0,"picoseuropa",6,9
"AlpScrGr",503669,1,0,"picoseuropa",6,10
"ArtSurf",2512,0,0,"picoseuropa",6,10
"AtlScrub",36927,0,0,"picoseuropa",6,10
"Crop",230,0,0,"picoseuropa",6,10
"Dehesa",71,0,0,"picoseuropa",6,10
"Grass",144539,0,0,"picoseuropa",6,10
"HydroRipVeg",811,0,0,"picoseuropa",6,10
"MedSclF",5580,0,0,"picoseuropa",6,10
"MedScrub",15115,0,0,"picoseuropa",6,10
"Reforestation",1269,0,0,"picoseuropa",6,10
"RipF",953,0,0,"picoseuropa",6,10
"RockScreeVeg",1135,0,0,"picoseuropa",6,10
"SMedMarF",8558,0,0,"picoseuropa",6,10
"Shrub",1599,0,0,"picoseuropa",6,10
"TempDecF",256336,0,0,"picoseuropa",6,10
"WaterSurf",752,0,0,"picoseuropa",6,10
"AlpScrGr",486719,0,0,"picoseuropa",6,11
"ArtSurf",2510,0,0,"picoseuropa",6,11
"AtlScrub",36869,0,0,"picoseuropa",6,11
"Crop",230,0,0,"picoseuropa",6,11
"Dehesa",71,0,0,"picoseuropa",6,11
"Grass",144253,0,0,"picoseuropa",6,11
"HydroRipVeg",811,0,0,"picoseuropa",6,11
"MedSclF",5373,0,0,"picoseuropa",6,11
"MedScrub",15082,0,0,"picoseuropa",6,11
"Reforestation",1269,0,0,"picoseuropa",6,11
"RipF",953,0,0,"picoseuropa",6,11
"RockScreeVeg",1132,0,0,"picoseuropa",6,11
"SMedMarF",8555,0,0,"picoseuropa",6,11
"Shrub",1598,0,0,"picoseuropa",6,11
"TempDecF",255911,0,0,"picoseuropa",6,11
"WaterSurf",745,0,0,"picoseuropa",6,11
"AlpScrGr",482406,0,0,"picoseuropa",6,12
"ArtSurf",2498,0,0,"picoseuropa",6,12
"AtlScrub",36212,0,0,"picoseuropa",6,12
"Crop",230,0,0,"picoseuropa",6,12
"Dehesa",57,0,0,"picoseuropa",6,12
"Grass",142707,0,0,"picoseuropa",6,12
"HydroRipVeg",802,0,0,"picoseuropa",6,12
"MedSclF",4578,0,0,"picoseuropa",6,12
"MedScrub",14918,0,0,"picoseuropa",6,12
"Reforestation",1266,0,0,"picoseuropa",6,12
"RipF",953,0,0,"picoseuropa",6,12
"RockScreeVeg",1099,0,0,"picoseuropa",6,12
"SMedMarF",8419,0,0,"picoseuropa",6,12
"Shrub",1532,0,0,"picoseuropa",6,12
"TempDecF",252908,0,0,"picoseuropa",6,12
"WaterSurf",708,0,0,"picoseuropa",6,12
"AlpScrGr",483629,0,0,"picoseuropa",9,1
"ArtSurf",2496,0,0,"picoseuropa",9,1
"AtlScrub",36465,0,0,"picoseuropa",9,1
"Crop",230,0,0,"picoseuropa",9,1
"Dehesa",60,0,0,"picoseuropa",9,1
"Grass",143161,0,0,"picoseuropa",9,1
"HydroRipVeg",808,0,0,"picoseuropa",9,1
"MedSclF",4576,0,0,"picoseuropa",9,1
"MedScrub",14993,0,0,"picoseuropa",9,1
"Reforestation",1264,0,0,"picoseuropa",9,1
"RipF",952,0,0,"picoseuropa",9,1
"RockScreeVeg",1117,0,0,"picoseuropa",9,1
"SMedMarF",8457,0,0,"picoseuropa",9,1
"Shrub",1579,0,0,"picoseuropa",9,1
"TempDecF",253477,0,0,"picoseuropa",9,1
"WaterSurf",715,0,0,"picoseuropa",9,1
"AlpScrGr",487132,0,0,"picoseuropa",9,2
"ArtSurf",2509,0,0,"picoseuropa",9,2
"AtlScrub",36902,0,0,"picoseuropa",9,2
"Crop",230,0,0,"picoseuropa",9,2
"Dehesa",71,0,0,"picoseuropa",9,2
"Grass",144344,0,0,"picoseuropa",9,2
"HydroRipVeg",811,0,0,"picoseuropa",9,2
"MedSclF",5374,0,0,"picoseuropa",9,2
"MedScrub",15105,0,0,"picoseuropa",9,2
"Reforestation",1269,0,0,"picoseuropa",9,2
"RipF",953,0,0,"picoseuropa",9,2
"RockScreeVeg",1134,0,0,"picoseuropa",9,2
"SMedMarF",8552,0,0,"picoseuropa",9,2
"Shrub",1597,0,0,"picoseuropa",9,2
"TempDecF",256029,0,0,"picoseuropa",9,2
"WaterSurf",737,0,0,"picoseuropa",9,2
"AlpScrGr",487768,0,0,"picoseuropa",9,3
"ArtSurf",2510,0,0,"picoseuropa",9,3
"AtlScrub",36927,0,0,"picoseuropa",9,3
"Crop",230,0,0,"picoseuropa",9,3
"Dehesa",71,0,0,"picoseuropa",9,3
"Grass",144481,0,0,"picoseuropa",9,3
"HydroRipVeg",811,0,0,"picoseuropa",9,3
"MedSclF",5590,0,0,"picoseuropa",9,3
"MedScrub",15115,0,0,"picoseuropa",9,3
"Reforestation",1269,0,0,"picoseuropa",9,3
"RipF",953,0,0,"picoseuropa",9,3
"RockScreeVeg",1135,0,0,"picoseuropa",9,3
"SMedMarF",8558,0,0,"picoseuropa",9,3
"Shrub",1599,0,0,"picoseuropa",9,3
"TempDecF",256357,0,0,"picoseuropa",9,3
"WaterSurf",760,0,0,"picoseuropa",9,3
"AlpScrGr",487876,0,0,"picoseuropa",9,4
"ArtSurf",2511,0,0,"picoseuropa",9,4
"AtlScrub",36929,0,0,"picoseuropa",9,4
"Crop",230,0,0,"picoseuropa",9,4
"Dehesa",71,0,0,"picoseuropa",9,4
"Grass",144505,0,0,"picoseuropa",9,4
"HydroRipVeg",811,0,0,"picoseuropa",9,4
"MedSclF",5591,0,0,"picoseuropa",9,4
"MedScrub",15118,0,0,"picoseuropa",9,4
"Reforestation",1269,0,0,"picoseuropa",9,4
"RipF",953,0,0,"picoseuropa",9,4
"RockScreeVeg",1135,0,0,"picoseuropa",9,4
"SMedMarF",8558,0,0,"picoseuropa",9,4
"Shrub",1599,0,0,"picoseuropa",9,4
"TempDecF",256516,0,0,"picoseuropa",9,4
"WaterSurf",763,0,0,"picoseuropa",9,4
"AlpScrGr",487848,707,0.14,"picoseuropa",9,5
"ArtSurf",2511,0,0,"picoseuropa",9,5
"AtlScrub",36969,29,0.08,"picoseuropa",9,5
"Crop",230,0,0,"picoseuropa",9,5
"Dehesa",71,0,0,"picoseuropa",9,5
"Grass",144570,95,0.07,"picoseuropa",9,5
"HydroRipVeg",815,0,0,"picoseuropa",9,5
"MedSclF",5631,49,0.87,"picoseuropa",9,5
"MedScrub",15123,16,0.11,"picoseuropa",9,5
"Reforestation",1269,4,0.32,"picoseuropa",9,5
"RipF",953,0,0,"picoseuropa",9,5
"RockScreeVeg",1135,0,0,"picoseuropa",9,5
"SMedMarF",8558,2,0.02,"picoseuropa",9,5
"Shrub",1599,0,0,"picoseuropa",9,5
"TempDecF",256687,47,0.02,"picoseuropa",9,5
"WaterSurf",773,1,0.13,"picoseuropa",9,5
"AlpScrGr",487273,0,0,"picoseuropa",9,6
"ArtSurf",2511,0,0,"picoseuropa",9,6
"AtlScrub",36969,0,0,"picoseuropa",9,6
"Crop",230,0,0,"picoseuropa",9,6
"Dehesa",71,0,0,"picoseuropa",9,6
"Grass",144593,0,0,"picoseuropa",9,6
"HydroRipVeg",815,0,0,"picoseuropa",9,6
"MedSclF",5631,0,0,"picoseuropa",9,6
"MedScrub",15123,0,0,"picoseuropa",9,6
"Reforestation",1269,0,0,"picoseuropa",9,6
"RipF",953,0,0,"picoseuropa",9,6
"RockScreeVeg",1135,0,0,"picoseuropa",9,6
"SMedMarF",8558,0,0,"picoseuropa",9,6
"Shrub",1599,0,0,"picoseuropa",9,6
"TempDecF",256695,0,0,"picoseuropa",9,6
"WaterSurf",774,0,0,"picoseuropa",9,6
"AlpScrGr",497696,0,0,"picoseuropa",9,7
"ArtSurf",2619,0,0,"picoseuropa",9,7
"AtlScrub",36969,0,0,"picoseuropa",9,7
"Crop",230,0,0,"picoseuropa",9,7
"Dehesa",71,0,0,"picoseuropa",9,7
"Grass",144792,0,0,"picoseuropa",9,7
"HydroRipVeg",815,0,0,"picoseuropa",9,7
"MedSclF",5631,0,0,"picoseuropa",9,7
"MedScrub",15123,0,0,"picoseuropa",9,7
"Reforestation",1269,0,0,"picoseuropa",9,7
"RipF",953,0,0,"picoseuropa",9,7
"RockScreeVeg",1135,0,0,"picoseuropa",9,7
"SMedMarF",8558,0,0,"picoseuropa",9,7
"Shrub",1599,0,0,"picoseuropa",9,7
"TempDecF",256697,0,0,"picoseuropa",9,7
"WaterSurf",774,0,0,"picoseuropa",9,7
"AlpScrGr",504321,0,0,"picoseuropa",9,8
"ArtSurf",2548,0,0,"picoseuropa",9,8
"AtlScrub",36969,0,0,"picoseuropa",9,8
"Crop",230,0,0,"picoseuropa",9,8
"Dehesa",71,0,0,"picoseuropa",9,8
"Grass",144733,0,0,"picoseuropa",9,8
"HydroRipVeg",815,0,0,"picoseuropa",9,8
"MedSclF",5631,0,0,"picoseuropa",9,8
"MedScrub",15121,0,0,"picoseuropa",9,8
"Reforestation",1269,0,0,"picoseuropa",9,8
"RipF",953,0,0,"picoseuropa",9,8
"RockScreeVeg",1135,0,0,"picoseuropa",9,8
"SMedMarF",8558,0,0,"picoseuropa",9,8
"Shrub",1599,0,0,"picoseuropa",9,8
"TempDecF",256675,0,0,"picoseuropa",9,8
"WaterSurf",771,0,0,"picoseuropa",9,8
"AlpScrGr",522100,0,0,"picoseuropa",9,9
"ArtSurf",2727,0,0,"picoseuropa",9,9
"AtlScrub",36964,0,0,"picoseuropa",9,9
"Crop",230,0,0,"picoseuropa",9,9
"Dehesa",71,0,0,"picoseuropa",9,9
"Grass",144813,0,0,"picoseuropa",9,9
"HydroRipVeg",811,0,0,"picoseuropa",9,9
"MedSclF",5617,0,0,"picoseuropa",9,9
"MedScrub",15119,0,0,"picoseuropa",9,9
"Reforestation",1269,0,0,"picoseuropa",9,9
"RipF",953,0,0,"picoseuropa",9,9
"RockScreeVeg",1135,0,0,"picoseuropa",9,9
"SMedMarF",8558,0,0,"picoseuropa",9,9
"Shrub",1599,0,0,"picoseuropa",9,9
"TempDecF",256510,1,0,"picoseuropa",9,9
"WaterSurf",761,0,0,"picoseuropa",9,9
"AlpScrGr",503669,0,0,"picoseuropa",9,10
"ArtSurf",2512,0,0,"picoseuropa",9,10
"AtlScrub",36927,0,0,"picoseuropa",9,10
"Crop",230,0,0,"picoseuropa",9,10
"Dehesa",71,0,0,"picoseuropa",9,10
"Grass",144539,0,0,"picoseuropa",9,10
"HydroRipVeg",811,0,0,"picoseuropa",9,10
"MedSclF",5580,0,0,"picoseuropa",9,10
"MedScrub",15115,0,0,"picoseuropa",9,10
"Reforestation",1269,0,0,"picoseuropa",9,10
"RipF",953,0,0,"picoseuropa",9,10
"RockScreeVeg",1135,0,0,"picoseuropa",9,10
"SMedMarF",8558,0,0,"picoseuropa",9,10
"Shrub",1599,0,0,"picoseuropa",9,10
"TempDecF",256336,0,0,"picoseuropa",9,10
"WaterSurf",752,0,0,"picoseuropa",9,10
"AlpScrGr",486719,0,0,"picoseuropa",9,11
"ArtSurf",2510,0,0,"picoseuropa",9,11
"AtlScrub",36869,0,0,"picoseuropa",9,11
"Crop",230,0,0,"picoseuropa",9,11
"Dehesa",71,0,0,"picoseuropa",9,11
"Grass",144253,0,0,"picoseuropa",9,11
"HydroRipVeg",811,0,0,"picoseuropa",9,11
"MedSclF",5373,0,0,"picoseuropa",9,11
"MedScrub",15082,0,0,"picoseuropa",9,11
"Reforestation",1269,0,0,"picoseuropa",9,11
"RipF",953,0,0,"picoseuropa",9,11
"RockScreeVeg",1132,0,0,"picoseuropa",9,11
"SMedMarF",8555,0,0,"picoseuropa",9,11
"Shrub",1598,0,0,"picoseuropa",9,11
"TempDecF",255911,0,0,"picoseuropa",9,11
"WaterSurf",745,0,0,"picoseuropa",9,11
"AlpScrGr",482406,0,0,"picoseuropa",9,12
"ArtSurf",2498,0,0,"picoseuropa",9,12
"AtlScrub",36212,0,0,"picoseuropa",9,12
"Crop",230,0,0,"picoseuropa",9,12
"Dehesa",57,0,0,"picoseuropa",9,12
"Grass",142707,0,0,"picoseuropa",9,12
"HydroRipVeg",802,0,0,"picoseuropa",9,12
"MedSclF",4578,0,0,"picoseuropa",9,12
"MedScrub",14918,0,0,"picoseuropa",9,12
"Reforestation",1266,0,0,"picoseuropa",9,12
"RipF",953,0,0,"picoseuropa",9,12
"RockScreeVeg",1099,0,0,"picoseuropa",9,12
"SMedMarF",8419,0,0,"picoseuropa",9,12
"Shrub",1532,0,0,"picoseuropa",9,12
"TempDecF",252908,0,0,"picoseuropa",9,12
"WaterSurf",708,0,0,"picoseuropa",9,12
"AlpScrGr",483629,0,0,"picoseuropa",12,1
"ArtSurf",2496,0,0,"picoseuropa",12,1
"AtlScrub",36465,0,0,"picoseuropa",12,1
"Crop",230,0,0,"picoseuropa",12,1
"Dehesa",60,0,0,"picoseuropa",12,1
"Grass",143161,0,0,"picoseuropa",12,1
"HydroRipVeg",808,0,0,"picoseuropa",12,1
"MedSclF",4576,0,0,"picoseuropa",12,1
"MedScrub",14993,0,0,"picoseuropa",12,1
"Reforestation",1264,0,0,"picoseuropa",12,1
"RipF",952,0,0,"picoseuropa",12,1
"RockScreeVeg",1117,0,0,"picoseuropa",12,1
"SMedMarF",8457,0,0,"picoseuropa",12,1
"Shrub",1579,0,0,"picoseuropa",12,1
"TempDecF",253477,0,0,"picoseuropa",12,1
"WaterSurf",715,0,0,"picoseuropa",12,1
"AlpScrGr",487132,0,0,"picoseuropa",12,2
"ArtSurf",2509,0,0,"picoseuropa",12,2
"AtlScrub",36902,0,0,"picoseuropa",12,2
"Crop",230,0,0,"picoseuropa",12,2
"Dehesa",71,0,0,"picoseuropa",12,2
"Grass",144344,0,0,"picoseuropa",12,2
"HydroRipVeg",811,0,0,"picoseuropa",12,2
"MedSclF",5374,0,0,"picoseuropa",12,2
"MedScrub",15105,0,0,"picoseuropa",12,2
"Reforestation",1269,0,0,"picoseuropa",12,2
"RipF",953,0,0,"picoseuropa",12,2
"RockScreeVeg",1134,0,0,"picoseuropa",12,2
"SMedMarF",8552,0,0,"picoseuropa",12,2
"Shrub",1597,0,0,"picoseuropa",12,2
"TempDecF",256029,0,0,"picoseuropa",12,2
"WaterSurf",737,0,0,"picoseuropa",12,2
"AlpScrGr",487768,0,0,"picoseuropa",12,3
"ArtSurf",2510,0,0,"picoseuropa",12,3
"AtlScrub",36927,0,0,"picoseuropa",12,3
"Crop",230,0,0,"picoseuropa",12,3
"Dehesa",71,0,0,"picoseuropa",12,3
"Grass",144481,0,0,"picoseuropa",12,3
"HydroRipVeg",811,0,0,"picoseuropa",12,3
"MedSclF",5590,0,0,"picoseuropa",12,3
"MedScrub",15115,0,0,"picoseuropa",12,3
"Reforestation",1269,0,0,"picoseuropa",12,3
"RipF",953,0,0,"picoseuropa",12,3
"RockScreeVeg",1135,0,0,"picoseuropa",12,3
"SMedMarF",8558,0,0,"picoseuropa",12,3
"Shrub",1599,0,0,"picoseuropa",12,3
"TempDecF",256357,0,0,"picoseuropa",12,3
"WaterSurf",760,0,0,"picoseuropa",12,3
"AlpScrGr",487876,0,0,"picoseuropa",12,4
"ArtSurf",2511,0,0,"picoseuropa",12,4
"AtlScrub",36929,0,0,"picoseuropa",12,4
"Crop",230,0,0,"picoseuropa",12,4
"Dehesa",71,0,0,"picoseuropa",12,4
"Grass",144505,0,0,"picoseuropa",12,4
"HydroRipVeg",811,0,0,"picoseuropa",12,4
"MedSclF",5591,0,0,"picoseuropa",12,4
"MedScrub",15118,0,0,"picoseuropa",12,4
"Reforestation",1269,0,0,"picoseuropa",12,4
"RipF",953,0,0,"picoseuropa",12,4
"RockScreeVeg",1135,0,0,"picoseuropa",12,4
"SMedMarF",8558,0,0,"picoseuropa",12,4
"Shrub",1599,0,0,"picoseuropa",12,4
"TempDecF",256516,0,0,"picoseuropa",12,4
"WaterSurf",763,0,0,"picoseuropa",12,4
"AlpScrGr",487848,0,0,"picoseuropa",12,5
"ArtSurf",2511,0,0,"picoseuropa",12,5
"AtlScrub",36969,0,0,"picoseuropa",12,5
"Crop",230,0,0,"picoseuropa",12,5
"Dehesa",71,0,0,"picoseuropa",12,5
"Grass",144570,0,0,"picoseuropa",12,5
"HydroRipVeg",815,0,0,"picoseuropa",12,5
"MedSclF",5631,0,0,"picoseuropa",12,5
"MedScrub",15123,0,0,"picoseuropa",12,5
"Reforestation",1269,0,0,"picoseuropa",12,5
"RipF",953,0,0,"picoseuropa",12,5
"RockScreeVeg",1135,0,0,"picoseuropa",12,5
"SMedMarF",8558,0,0,"picoseuropa",12,5
"Shrub",1599,0,0,"picoseuropa",12,5
"TempDecF",256687,0,0,"picoseuropa",12,5
"WaterSurf",773,0,0,"picoseuropa",12,5
"AlpScrGr",487273,0,0,"picoseuropa",12,6
"ArtSurf",2511,0,0,"picoseuropa",12,6
"AtlScrub",36969,0,0,"picoseuropa",12,6
"Crop",230,0,0,"picoseuropa",12,6
"Dehesa",71,0,0,"picoseuropa",12,6
"Grass",144593,0,0,"picoseuropa",12,6
"HydroRipVeg",815,0,0,"picoseuropa",12,6
"MedSclF",5631,0,0,"picoseuropa",12,6
"MedScrub",15123,0,0,"picoseuropa",12,6
"Reforestation",1269,0,0,"picoseuropa",12,6
"RipF",953,0,0,"picoseuropa",12,6
"RockScreeVeg",1135,0,0,"picoseuropa",12,6
"SMedMarF",8558,0,0,"picoseuropa",12,6
"Shrub",1599,0,0,"picoseuropa",12,6
"TempDecF",256695,0,0,"picoseuropa",12,6
"WaterSurf",774,0,0,"picoseuropa",12,6
"AlpScrGr",497696,0,0,"picoseuropa",12,7
"ArtSurf",2619,0,0,"picoseuropa",12,7
"AtlScrub",36969,0,0,"picoseuropa",12,7
"Crop",230,0,0,"picoseuropa",12,7
"Dehesa",71,0,0,"picoseuropa",12,7
"Grass",144792,0,0,"picoseuropa",12,7
"HydroRipVeg",815,0,0,"picoseuropa",12,7
"MedSclF",5631,0,0,"picoseuropa",12,7
"MedScrub",15123,0,0,"picoseuropa",12,7
"Reforestation",1269,0,0,"picoseuropa",12,7
"RipF",953,0,0,"picoseuropa",12,7
"RockScreeVeg",1135,0,0,"picoseuropa",12,7
"SMedMarF",8558,0,0,"picoseuropa",12,7
"Shrub",1599,0,0,"picoseuropa",12,7
"TempDecF",256697,0,0,"picoseuropa",12,7
"WaterSurf",774,0,0,"picoseuropa",12,7
"AlpScrGr",504321,0,0,"picoseuropa",12,8
"ArtSurf",2548,0,0,"picoseuropa",12,8
"AtlScrub",36969,0,0,"picoseuropa",12,8
"Crop",230,0,0,"picoseuropa",12,8
"Dehesa",71,0,0,"picoseuropa",12,8
"Grass",144733,0,0,"picoseuropa",12,8
"HydroRipVeg",815,0,0,"picoseuropa",12,8
"MedSclF",5631,0,0,"picoseuropa",12,8
"MedScrub",15121,0,0,"picoseuropa",12,8
"Reforestation",1269,0,0,"picoseuropa",12,8
"RipF",953,0,0,"picoseuropa",12,8
"RockScreeVeg",1135,0,0,"picoseuropa",12,8
"SMedMarF",8558,0,0,"picoseuropa",12,8
"Shrub",1599,0,0,"picoseuropa",12,8
"TempDecF",256675,0,0,"picoseuropa",12,8
"WaterSurf",771,0,0,"picoseuropa",12,8
"AlpScrGr",522100,0,0,"picoseuropa",12,9
"ArtSurf",2727,0,0,"picoseuropa",12,9
"AtlScrub",36964,0,0,"picoseuropa",12,9
"Crop",230,0,0,"picoseuropa",12,9
"Dehesa",71,0,0,"picoseuropa",12,9
"Grass",144813,0,0,"picoseuropa",12,9
"HydroRipVeg",811,0,0,"picoseuropa",12,9
"MedSclF",5617,0,0,"picoseuropa",12,9
"MedScrub",15119,0,0,"picoseuropa",12,9
"Reforestation",1269,0,0,"picoseuropa",12,9
"RipF",953,0,0,"picoseuropa",12,9
"RockScreeVeg",1135,0,0,"picoseuropa",12,9
"SMedMarF",8558,0,0,"picoseuropa",12,9
"Shrub",1599,0,0,"picoseuropa",12,9
"TempDecF",256510,0,0,"picoseuropa",12,9
"WaterSurf",761,0,0,"picoseuropa",12,9
"AlpScrGr",503669,0,0,"picoseuropa",12,10
"ArtSurf",2512,0,0,"picoseuropa",12,10
"AtlScrub",36927,0,0,"picoseuropa",12,10
"Crop",230,0,0,"picoseuropa",12,10
"Dehesa",71,0,0,"picoseuropa",12,10
"Grass",144539,0,0,"picoseuropa",12,10
"HydroRipVeg",811,0,0,"picoseuropa",12,10
"MedSclF",5580,0,0,"picoseuropa",12,10
"MedScrub",15115,0,0,"picoseuropa",12,10
"Reforestation",1269,0,0,"picoseuropa",12,10
"RipF",953,0,0,"picoseuropa",12,10
"RockScreeVeg",1135,0,0,"picoseuropa",12,10
"SMedMarF",8558,0,0,"picoseuropa",12,10
"Shrub",1599,0,0,"picoseuropa",12,10
"TempDecF",256336,0,0,"picoseuropa",12,10
"WaterSurf",752,0,0,"picoseuropa",12,10
"AlpScrGr",486719,0,0,"picoseuropa",12,11
"ArtSurf",2510,0,0,"picoseuropa",12,11
"AtlScrub",36869,0,0,"picoseuropa",12,11
"Crop",230,0,0,"picoseuropa",12,11
"Dehesa",71,0,0,"picoseuropa",12,11
"Grass",144253,0,0,"picoseuropa",12,11
"HydroRipVeg",811,0,0,"picoseuropa",12,11
"MedSclF",5373,0,0,"picoseuropa",12,11
"MedScrub",15082,0,0,"picoseuropa",12,11
"Reforestation",1269,0,0,"picoseuropa",12,11
"RipF",953,0,0,"picoseuropa",12,11
"RockScreeVeg",1132,0,0,"picoseuropa",12,11
"SMedMarF",8555,0,0,"picoseuropa",12,11
"Shrub",1598,0,0,"picoseuropa",12,11
"TempDecF",255911,0,0,"picoseuropa",12,11
"WaterSurf",745,0,0,"picoseuropa",12,11
"AlpScrGr",482406,0,0,"picoseuropa",12,12
"ArtSurf",2498,0,0,"picoseuropa",12,12
"AtlScrub",36212,0,0,"picoseuropa",12,12
"Crop",230,0,0,"picoseuropa",12,12
"Dehesa",57,0,0,"picoseuropa",12,12
"Grass",142707,0,0,"picoseuropa",12,12
"HydroRipVeg",802,0,0,"picoseuropa",12,12
"MedSclF",4578,0,0,"picoseuropa",12,12
"MedScrub",14918,0,0,"picoseuropa",12,12
"Reforestation",1266,0,0,"picoseuropa",12,12
"RipF",953,0,0,"picoseuropa",12,12
"RockScreeVeg",1099,0,0,"picoseuropa",12,12
"SMedMarF",8419,0,0,"picoseuropa",12,12
"Shrub",1532,0,0,"picoseuropa",12,12
"TempDecF",252908,0,0,"picoseuropa",12,12
"WaterSurf",708,0,0,"picoseuropa",12,12
"AlpConF",173794,0,0,"sierranevada",1,1
"AlpScrGr",631034,0,0,"sierranevada",1,1
"AridScr",766,0,0,"sierranevada",1,1
"ArtSurf",8799,0,0,"sierranevada",1,1
"BareArea",50,0,0,"sierranevada",1,1
"Crop",1432,0,0,"sierranevada",1,1
"Grass",77894,0,0,"sierranevada",1,1
"HaloVeg",90,0,0,"sierranevada",1,1
"HydroRipVeg",1442,0,0,"sierranevada",1,1
"MedConF",2985,0,0,"sierranevada",1,1
"MedSclF",38403,0,0,"sierranevada",1,1
"MedScrub",110649,0,0,"sierranevada",1,1
"Reforestation",29222,0,0,"sierranevada",1,1
"RipF",2926,0,0,"sierranevada",1,1
"RockScreeVeg",99111,0,0,"sierranevada",1,1
"SMedMarF",16274,0,0,"sierranevada",1,1
"Shrub",3805,0,0,"sierranevada",1,1
"WaterSurf",246,0,0,"sierranevada",1,1
"AlpConF",173794,3,0,"sierranevada",1,2
"AlpScrGr",631149,2972,0.47,"sierranevada",1,2
"AridScr",773,0,0,"sierranevada",1,2
"ArtSurf",8799,4,0.05,"sierranevada",1,2
"BareArea",50,0,0,"sierranevada",1,2
"Crop",1432,0,0,"sierranevada",1,2
"Grass",77900,203,0.26,"sierranevada",1,2
"HaloVeg",90,0,0,"sierranevada",1,2
"HydroRipVeg",1447,0,0,"sierranevada",1,2
"MedConF",2985,0,0,"sierranevada",1,2
"MedSclF",38437,23,0.06,"sierranevada",1,2
"MedScrub",110663,66,0.06,"sierranevada",1,2
"Reforestation",29226,1,0,"sierranevada",1,2
"RipF",2930,0,0,"sierranevada",1,2
"RockScreeVeg",99119,3980,4.02,"sierranevada",1,2
"SMedMarF",16274,0,0,"sierranevada",1,2
"Shrub",3805,0,0,"sierranevada",1,2
"WaterSurf",246,24,9.76,"sierranevada",1,2
"AlpConF",173796,0,0,"sierranevada",1,3
"AlpScrGr",631177,0,0,"sierranevada",1,3
"AridScr",774,0,0,"sierranevada",1,3
"ArtSurf",8799,0,0,"sierranevada",1,3
"BareArea",50,0,0,"sierranevada",1,3
"Crop",1432,0,0,"sierranevada",1,3
"Grass",77900,0,0,"sierranevada",1,3
"HaloVeg",90,0,0,"sierranevada",1,3
"HydroRipVeg",1448,0,0,"sierranevada",1,3
"MedConF",2985,0,0,"sierranevada",1,3
"MedSclF",38437,0,0,"sierranevada",1,3
"MedScrub",110663,0,0,"sierranevada",1,3
"Reforestation",29226,0,0,"sierranevada",1,3
"RipF",2930,0,0,"sierranevada",1,3
"RockScreeVeg",99121,0,0,"sierranevada",1,3
"SMedMarF",16274,0,0,"sierranevada",1,3
"Shrub",3805,0,0,"sierranevada",1,3
"WaterSurf",246,0,0,"sierranevada",1,3
"AlpConF",173796,0,0,"sierranevada",1,4
"AlpScrGr",631177,0,0,"sierranevada",1,4
"AridScr",774,0,0,"sierranevada",1,4
"ArtSurf",8799,0,0,"sierranevada",1,4
"BareArea",50,0,0,"sierranevada",1,4
"Crop",1432,0,0,"sierranevada",1,4
"Grass",77900,0,0,"sierranevada",1,4
"HaloVeg",90,0,0,"sierranevada",1,4
"HydroRipVeg",1448,0,0,"sierranevada",1,4
"MedConF",2985,0,0,"sierranevada",1,4
"MedSclF",38437,0,0,"sierranevada",1,4
"MedScrub",110663,0,0,"sierranevada",1,4
"Reforestation",29226,0,0,"sierranevada",1,4
"RipF",2930,0,0,"sierranevada",1,4
"RockScreeVeg",99121,0,0,"sierranevada",1,4
"SMedMarF",16274,0,0,"sierranevada",1,4
"Shrub",3805,0,0,"sierranevada",1,4
"WaterSurf",246,0,0,"sierranevada",1,4
"AlpConF",173796,0,0,"sierranevada",1,5
"AlpScrGr",631177,0,0,"sierranevada",1,5
"AridScr",774,0,0,"sierranevada",1,5
"ArtSurf",8799,0,0,"sierranevada",1,5
"BareArea",50,0,0,"sierranevada",1,5
"Crop",1432,0,0,"sierranevada",1,5
"Grass",77900,0,0,"sierranevada",1,5
"HaloVeg",90,0,0,"sierranevada",1,5
"HydroRipVeg",1448,0,0,"sierranevada",1,5
"MedConF",2985,0,0,"sierranevada",1,5
"MedSclF",38437,0,0,"sierranevada",1,5
"MedScrub",110663,0,0,"sierranevada",1,5
"Reforestation",29226,0,0,"sierranevada",1,5
"RipF",2930,0,0,"sierranevada",1,5
"RockScreeVeg",99121,0,0,"sierranevada",1,5
"SMedMarF",16274,0,0,"sierranevada",1,5
"Shrub",3805,0,0,"sierranevada",1,5
"WaterSurf",246,0,0,"sierranevada",1,5
"AlpConF",173796,0,0,"sierranevada",1,6
"AlpScrGr",631177,0,0,"sierranevada",1,6
"AridScr",774,0,0,"sierranevada",1,6
"ArtSurf",8799,0,0,"sierranevada",1,6
"BareArea",50,0,0,"sierranevada",1,6
"Crop",1432,0,0,"sierranevada",1,6
"Grass",77900,0,0,"sierranevada",1,6
"HaloVeg",90,0,0,"sierranevada",1,6
"HydroRipVeg",1448,0,0,"sierranevada",1,6
"MedConF",2985,0,0,"sierranevada",1,6
"MedSclF",38437,0,0,"sierranevada",1,6
"MedScrub",110663,0,0,"sierranevada",1,6
"Reforestation",29226,0,0,"sierranevada",1,6
"RipF",2930,0,0,"sierranevada",1,6
"RockScreeVeg",99121,0,0,"sierranevada",1,6
"SMedMarF",16274,0,0,"sierranevada",1,6
"Shrub",3805,0,0,"sierranevada",1,6
"WaterSurf",246,0,0,"sierranevada",1,6
"AlpConF",173796,0,0,"sierranevada",1,7
"AlpScrGr",631181,0,0,"sierranevada",1,7
"AridScr",774,0,0,"sierranevada",1,7
"ArtSurf",8799,0,0,"sierranevada",1,7
"BareArea",50,0,0,"sierranevada",1,7
"Crop",1432,0,0,"sierranevada",1,7
"Grass",77900,0,0,"sierranevada",1,7
"HaloVeg",90,0,0,"sierranevada",1,7
"HydroRipVeg",1448,0,0,"sierranevada",1,7
"MedConF",2985,0,0,"sierranevada",1,7
"MedSclF",38437,0,0,"sierranevada",1,7
"MedScrub",110663,0,0,"sierranevada",1,7
"Reforestation",29226,0,0,"sierranevada",1,7
"RipF",2930,0,0,"sierranevada",1,7
"RockScreeVeg",99121,0,0,"sierranevada",1,7
"SMedMarF",16274,0,0,"sierranevada",1,7
"Shrub",3805,0,0,"sierranevada",1,7
"WaterSurf",246,0,0,"sierranevada",1,7
"AlpConF",173796,0,0,"sierranevada",1,8
"AlpScrGr",631178,0,0,"sierranevada",1,8
"AridScr",774,0,0,"sierranevada",1,8
"ArtSurf",8799,0,0,"sierranevada",1,8
"BareArea",50,0,0,"sierranevada",1,8
"Crop",1432,0,0,"sierranevada",1,8
"Grass",77900,0,0,"sierranevada",1,8
"HaloVeg",90,0,0,"sierranevada",1,8
"HydroRipVeg",1448,0,0,"sierranevada",1,8
"MedConF",2985,0,0,"sierranevada",1,8
"MedSclF",38437,0,0,"sierranevada",1,8
"MedScrub",110663,0,0,"sierranevada",1,8
"Reforestation",29226,0,0,"sierranevada",1,8
"RipF",2930,2,0.07,"sierranevada",1,8
"RockScreeVeg",99121,0,0,"sierranevada",1,8
"SMedMarF",16274,0,0,"sierranevada",1,8
"Shrub",3805,0,0,"sierranevada",1,8
"WaterSurf",246,0,0,"sierranevada",1,8
"AlpConF",173796,0,0,"sierranevada",1,9
"AlpScrGr",631177,0,0,"sierranevada",1,9
"AridScr",774,0,0,"sierranevada",1,9
"ArtSurf",8799,0,0,"sierranevada",1,9
"BareArea",50,0,0,"sierranevada",1,9
"Crop",1432,0,0,"sierranevada",1,9
"Grass",77900,0,0,"sierranevada",1,9
"HaloVeg",90,0,0,"sierranevada",1,9
"HydroRipVeg",1448,0,0,"sierranevada",1,9
"MedConF",2985,0,0,"sierranevada",1,9
"MedSclF",38437,0,0,"sierranevada",1,9
"MedScrub",110663,0,0,"sierranevada",1,9
"Reforestation",29226,0,0,"sierranevada",1,9
"RipF",2930,0,0,"sierranevada",1,9
"RockScreeVeg",99121,0,0,"sierranevada",1,9
"SMedMarF",16274,0,0,"sierranevada",1,9
"Shrub",3805,0,0,"sierranevada",1,9
"WaterSurf",246,0,0,"sierranevada",1,9
"AlpConF",173796,0,0,"sierranevada",1,10
"AlpScrGr",631178,0,0,"sierranevada",1,10
"AridScr",774,0,0,"sierranevada",1,10
"ArtSurf",8799,0,0,"sierranevada",1,10
"BareArea",50,0,0,"sierranevada",1,10
"Crop",1432,0,0,"sierranevada",1,10
"Grass",77900,0,0,"sierranevada",1,10
"HaloVeg",90,0,0,"sierranevada",1,10
"HydroRipVeg",1448,0,0,"sierranevada",1,10
"MedConF",2985,0,0,"sierranevada",1,10
"MedSclF",38437,0,0,"sierranevada",1,10
"MedScrub",110663,0,0,"sierranevada",1,10
"Reforestation",29226,0,0,"sierranevada",1,10
"RipF",2930,0,0,"sierranevada",1,10
"RockScreeVeg",99121,0,0,"sierranevada",1,10
"SMedMarF",16274,0,0,"sierranevada",1,10
"Shrub",3805,0,0,"sierranevada",1,10
"WaterSurf",246,0,0,"sierranevada",1,10
"AlpConF",173794,12,0.01,"sierranevada",1,11
"AlpScrGr",631149,63,0.01,"sierranevada",1,11
"AridScr",772,10,1.3,"sierranevada",1,11
"ArtSurf",8799,1,0.01,"sierranevada",1,11
"BareArea",50,0,0,"sierranevada",1,11
"Crop",1432,0,0,"sierranevada",1,11
"Grass",77897,10,0.01,"sierranevada",1,11
"HaloVeg",90,0,0,"sierranevada",1,11
"HydroRipVeg",1448,0,0,"sierranevada",1,11
"MedConF",2985,2,0.07,"sierranevada",1,11
"MedSclF",38428,13,0.03,"sierranevada",1,11
"MedScrub",110657,38,0.03,"sierranevada",1,11
"Reforestation",29224,2,0.01,"sierranevada",1,11
"RipF",2930,0,0,"sierranevada",1,11
"RockScreeVeg",99119,3,0,"sierranevada",1,11
"SMedMarF",16274,0,0,"sierranevada",1,11
"Shrub",3805,0,0,"sierranevada",1,11
"WaterSurf",246,0,0,"sierranevada",1,11
"AlpConF",173767,4,0,"sierranevada",1,12
"AlpScrGr",631026,53,0.01,"sierranevada",1,12
"AridScr",763,0,0,"sierranevada",1,12
"ArtSurf",8799,4,0.05,"sierranevada",1,12
"BareArea",50,0,0,"sierranevada",1,12
"Crop",1432,0,0,"sierranevada",1,12
"Grass",77879,12,0.02,"sierranevada",1,12
"HaloVeg",90,0,0,"sierranevada",1,12
"HydroRipVeg",1442,0,0,"sierranevada",1,12
"MedConF",2985,2,0.07,"sierranevada",1,12
"MedSclF",38375,5,0.01,"sierranevada",1,12
"MedScrub",110617,6,0.01,"sierranevada",1,12
"Reforestation",29221,15,0.05,"sierranevada",1,12
"RipF",2928,0,0,"sierranevada",1,12
"RockScreeVeg",99098,69,0.07,"sierranevada",1,12
"SMedMarF",16272,0,0,"sierranevada",1,12
"Shrub",3805,0,0,"sierranevada",1,12
"WaterSurf",246,0,0,"sierranevada",1,12
"AlpConF",173794,1,0,"sierranevada",3,1
"AlpScrGr",631034,77,0.01,"sierranevada",3,1
"AridScr",766,1,0.13,"sierranevada",3,1
"ArtSurf",8799,2,0.02,"sierranevada",3,1
"BareArea",50,0,0,"sierranevada",3,1
"Crop",1432,0,0,"sierranevada",3,1
"Grass",77894,5,0.01,"sierranevada",3,1
"HaloVeg",90,0,0,"sierranevada",3,1
"HydroRipVeg",1442,1,0.07,"sierranevada",3,1
"MedConF",2985,7,0.23,"sierranevada",3,1
"MedSclF",38403,3,0.01,"sierranevada",3,1
"MedScrub",110649,22,0.02,"sierranevada",3,1
"Reforestation",29222,0,0,"sierranevada",3,1
"RipF",2926,0,0,"sierranevada",3,1
"RockScreeVeg",99111,58,0.06,"sierranevada",3,1
"SMedMarF",16274,0,0,"sierranevada",3,1
"Shrub",3805,0,0,"sierranevada",3,1
"WaterSurf",246,0,0,"sierranevada",3,1
"AlpConF",173794,27,0.02,"sierranevada",3,2
"AlpScrGr",631149,1482,0.23,"sierranevada",3,2
"AridScr",773,21,2.72,"sierranevada",3,2
"ArtSurf",8799,27,0.31,"sierranevada",3,2
"BareArea",50,0,0,"sierranevada",3,2
"Crop",1432,0,0,"sierranevada",3,2
"Grass",77900,207,0.27,"sierranevada",3,2
"HaloVeg",90,0,0,"sierranevada",3,2
"HydroRipVeg",1447,0,0,"sierranevada",3,2
"MedConF",2985,12,0.4,"sierranevada",3,2
"MedSclF",38437,157,0.41,"sierranevada",3,2
"MedScrub",110663,490,0.44,"sierranevada",3,2
"Reforestation",29226,38,0.13,"sierranevada",3,2
"RipF",2930,0,0,"sierranevada",3,2
"RockScreeVeg",99119,2582,2.6,"sierranevada",3,2
"SMedMarF",16274,0,0,"sierranevada",3,2
"Shrub",3805,0,0,"sierranevada",3,2
"WaterSurf",246,17,6.91,"sierranevada",3,2
"AlpConF",173796,52,0.03,"sierranevada",3,3
"AlpScrGr",631177,393,0.06,"sierranevada",3,3
"AridScr",774,0,0,"sierranevada",3,3
"ArtSurf",8799,11,0.13,"sierranevada",3,3
"BareArea",50,0,0,"sierranevada",3,3
"Crop",1432,0,0,"sierranevada",3,3
"Grass",77900,105,0.13,"sierranevada",3,3
"HaloVeg",90,0,0,"sierranevada",3,3
"HydroRipVeg",1448,0,0,"sierranevada",3,3
"MedConF",2985,3,0.1,"sierranevada",3,3
"MedSclF",38437,135,0.35,"sierranevada",3,3
"MedScrub",110663,145,0.13,"sierranevada",3,3
"Reforestation",29226,0,0,"sierranevada",3,3
"RipF",2930,0,0,"sierranevada",3,3
"RockScreeVeg",99121,806,0.81,"sierranevada",3,3
"SMedMarF",16274,0,0,"sierranevada",3,3
"Shrub",3805,0,0,"sierranevada",3,3
"WaterSurf",246,0,0,"sierranevada",3,3
"AlpConF",173796,0,0,"sierranevada",3,4
"AlpScrGr",631177,0,0,"sierranevada",3,4
"AridScr",774,0,0,"sierranevada",3,4
"ArtSurf",8799,0,0,"sierranevada",3,4
"BareArea",50,0,0,"sierranevada",3,4
"Crop",1432,0,0,"sierranevada",3,4
"Grass",77900,0,0,"sierranevada",3,4
"HaloVeg",90,0,0,"sierranevada",3,4
"HydroRipVeg",1448,0,0,"sierranevada",3,4
"MedConF",2985,0,0,"sierranevada",3,4
"MedSclF",38437,0,0,"sierranevada",3,4
"MedScrub",110663,0,0,"sierranevada",3,4
"Reforestation",29226,0,0,"sierranevada",3,4
"RipF",2930,0,0,"sierranevada",3,4
"RockScreeVeg",99121,0,0,"sierranevada",3,4
"SMedMarF",16274,0,0,"sierranevada",3,4
"Shrub",3805,0,0,"sierranevada",3,4
"WaterSurf",246,0,0,"sierranevada",3,4
"AlpConF",173796,5,0,"sierranevada",3,5
"AlpScrGr",631177,128,0.02,"sierranevada",3,5
"AridScr",774,0,0,"sierranevada",3,5
"ArtSurf",8799,4,0.05,"sierranevada",3,5
"BareArea",50,0,0,"sierranevada",3,5
"Crop",1432,0,0,"sierranevada",3,5
"Grass",77900,34,0.04,"sierranevada",3,5
"HaloVeg",90,0,0,"sierranevada",3,5
"HydroRipVeg",1448,2,0.14,"sierranevada",3,5
"MedConF",2985,0,0,"sierranevada",3,5
"MedSclF",38437,17,0.04,"sierranevada",3,5
"MedScrub",110663,229,0.21,"sierranevada",3,5
"Reforestation",29226,1,0,"sierranevada",3,5
"RipF",2930,1,0.03,"sierranevada",3,5
"RockScreeVeg",99121,42,0.04,"sierranevada",3,5
"SMedMarF",16274,1,0.01,"sierranevada",3,5
"Shrub",3805,0,0,"sierranevada",3,5
"WaterSurf",246,0,0,"sierranevada",3,5
"AlpConF",173796,8795,5.06,"sierranevada",3,6
"AlpScrGr",631177,143046,22.66,"sierranevada",3,6
"AridScr",774,303,39.15,"sierranevada",3,6
"ArtSurf",8799,1196,13.59,"sierranevada",3,6
"BareArea",50,3,6,"sierranevada",3,6
"Crop",1432,526,36.73,"sierranevada",3,6
"Grass",77900,18817,24.16,"sierranevada",3,6
"HaloVeg",90,43,47.78,"sierranevada",3,6
"HydroRipVeg",1448,399,27.56,"sierranevada",3,6
"MedConF",2985,24,0.8,"sierranevada",3,6
"MedSclF",38437,5089,13.24,"sierranevada",3,6
"MedScrub",110663,37764,34.13,"sierranevada",3,6
"Reforestation",29226,3571,12.22,"sierranevada",3,6
"RipF",2930,491,16.76,"sierranevada",3,6
"RockScreeVeg",99121,9062,9.14,"sierranevada",3,6
"SMedMarF",16274,1912,11.75,"sierranevada",3,6
"Shrub",3805,1455,38.24,"sierranevada",3,6
"WaterSurf",246,0,0,"sierranevada",3,6
"AlpConF",173796,22147,12.74,"sierranevada",3,7
"AlpScrGr",631181,439354,69.61,"sierranevada",3,7
"AridScr",774,344,44.44,"sierranevada",3,7
"ArtSurf",8799,2338,26.57,"sierranevada",3,7
"BareArea",50,11,22,"sierranevada",3,7
"Crop",1432,778,54.33,"sierranevada",3,7
"Grass",77900,27873,35.78,"sierranevada",3,7
"HaloVeg",90,63,70,"sierranevada",3,7
"HydroRipVeg",1448,967,66.78,"sierranevada",3,7
"MedConF",2985,266,8.91,"sierranevada",3,7
"MedSclF",38437,12544,32.64,"sierranevada",3,7
"MedScrub",110663,63159,57.07,"sierranevada",3,7
"Reforestation",29226,3186,10.9,"sierranevada",3,7
"RipF",2930,1158,39.52,"sierranevada",3,7
"RockScreeVeg",99121,17611,17.77,"sierranevada",3,7
"SMedMarF",16274,6988,42.94,"sierranevada",3,7
"Shrub",3805,2857,75.09,"sierranevada",3,7
"WaterSurf",246,5,2.03,"sierranevada",3,7
"AlpConF",173796,6515,3.75,"sierranevada",3,8
"AlpScrGr",631178,222110,35.19,"sierranevada",3,8
"AridScr",774,20,2.58,"sierranevada",3,8
"ArtSurf",8799,415,4.72,"sierranevada",3,8
"BareArea",50,3,6,"sierranevada",3,8
"Crop",1432,103,7.19,"sierranevada",3,8
"Grass",77900,4916,6.31,"sierranevada",3,8
"HaloVeg",90,6,6.67,"sierranevada",3,8
"HydroRipVeg",1448,304,20.99,"sierranevada",3,8
"MedConF",2985,35,1.17,"sierranevada",3,8
"MedSclF",38437,599,1.56,"sierranevada",3,8
"MedScrub",110663,10850,9.8,"sierranevada",3,8
"Reforestation",29226,713,2.44,"sierranevada",3,8
"RipF",2930,425,14.51,"sierranevada",3,8
"RockScreeVeg",99121,19791,19.97,"sierranevada",3,8
"SMedMarF",16274,1117,6.86,"sierranevada",3,8
"Shrub",3805,384,10.09,"sierranevada",3,8
"WaterSurf",246,16,6.5,"sierranevada",3,8
"AlpConF",173796,0,0,"sierranevada",3,9
"AlpScrGr",631177,0,0,"sierranevada",3,9
"AridScr",774,0,0,"sierranevada",3,9
"ArtSurf",8799,0,0,"sierranevada",3,9
"BareArea",50,0,0,"sierranevada",3,9
"Crop",1432,0,0,"sierranevada",3,9
"Grass",77900,0,0,"sierranevada",3,9
"HaloVeg",90,0,0,"sierranevada",3,9
"HydroRipVeg",1448,0,0,"sierranevada",3,9
"MedConF",2985,0,0,"sierranevada",3,9
"MedSclF",38437,0,0,"sierranevada",3,9
"MedScrub",110663,0,0,"sierranevada",3,9
"Reforestation",29226,0,0,"sierranevada",3,9
"RipF",2930,0,0,"sierranevada",3,9
"RockScreeVeg",99121,0,0,"sierranevada",3,9
"SMedMarF",16274,0,0,"sierranevada",3,9
"Shrub",3805,0,0,"sierranevada",3,9
"WaterSurf",246,0,0,"sierranevada",3,9
"AlpConF",173796,12,0.01,"sierranevada",3,10
"AlpScrGr",631178,199,0.03,"sierranevada",3,10
"AridScr",774,0,0,"sierranevada",3,10
"ArtSurf",8799,5,0.06,"sierranevada",3,10
"BareArea",50,0,0,"sierranevada",3,10
"Crop",1432,1,0.07,"sierranevada",3,10
"Grass",77900,21,0.03,"sierranevada",3,10
"HaloVeg",90,0,0,"sierranevada",3,10
"HydroRipVeg",1448,0,0,"sierranevada",3,10
"MedConF",2985,0,0,"sierranevada",3,10
"MedSclF",38437,0,0,"sierranevada",3,10
"MedScrub",110663,28,0.03,"sierranevada",3,10
"Reforestation",29226,3,0.01,"sierranevada",3,10
"RipF",2930,1,0.03,"sierranevada",3,10
"RockScreeVeg",99121,1,0,"sierranevada",3,10
"SMedMarF",16274,0,0,"sierranevada",3,10
"Shrub",3805,0,0,"sierranevada",3,10
"WaterSurf",246,0,0,"sierranevada",3,10
"AlpConF",173794,0,0,"sierranevada",3,11
"AlpScrGr",631149,0,0,"sierranevada",3,11
"AridScr",772,0,0,"sierranevada",3,11
"ArtSurf",8799,0,0,"sierranevada",3,11
"BareArea",50,0,0,"sierranevada",3,11
"Crop",1432,0,0,"sierranevada",3,11
"Grass",77897,0,0,"sierranevada",3,11
"HaloVeg",90,0,0,"sierranevada",3,11
"HydroRipVeg",1448,0,0,"sierranevada",3,11
"MedConF",2985,0,0,"sierranevada",3,11
"MedSclF",38428,0,0,"sierranevada",3,11
"MedScrub",110657,0,0,"sierranevada",3,11
"Reforestation",29224,0,0,"sierranevada",3,11
"RipF",2930,0,0,"sierranevada",3,11
"RockScreeVeg",99119,0,0,"sierranevada",3,11
"SMedMarF",16274,0,0,"sierranevada",3,11
"Shrub",3805,0,0,"sierranevada",3,11
"WaterSurf",246,0,0,"sierranevada",3,11
"AlpConF",173767,0,0,"sierranevada",3,12
"AlpScrGr",631026,0,0,"sierranevada",3,12
"AridScr",763,0,0,"sierranevada",3,12
"ArtSurf",8799,0,0,"sierranevada",3,12
"BareArea",50,0,0,"sierranevada",3,12
"Crop",1432,0,0,"sierranevada",3,12
"Grass",77879,0,0,"sierranevada",3,12
"HaloVeg",90,0,0,"sierranevada",3,12
"HydroRipVeg",1442,0,0,"sierranevada",3,12
"MedConF",2985,0,0,"sierranevada",3,12
"MedSclF",38375,0,0,"sierranevada",3,12
"MedScrub",110617,0,0,"sierranevada",3,12
"Reforestation",29221,0,0,"sierranevada",3,12
"RipF",2928,0,0,"sierranevada",3,12
"RockScreeVeg",99098,0,0,"sierranevada",3,12
"SMedMarF",16272,0,0,"sierranevada",3,12
"Shrub",3805,0,0,"sierranevada",3,12
"WaterSurf",246,0,0,"sierranevada",3,12
"AlpConF",173794,1,0,"sierranevada",6,1
"AlpScrGr",631034,7,0,"sierranevada",6,1
"AridScr",766,0,0,"sierranevada",6,1
"ArtSurf",8799,0,0,"sierranevada",6,1
"BareArea",50,0,0,"sierranevada",6,1
"Crop",1432,0,0,"sierranevada",6,1
"Grass",77894,2,0,"sierranevada",6,1
"HaloVeg",90,0,0,"sierranevada",6,1
"HydroRipVeg",1442,2,0.14,"sierranevada",6,1
"MedConF",2985,0,0,"sierranevada",6,1
"MedSclF",38403,1,0,"sierranevada",6,1
"MedScrub",110649,26,0.02,"sierranevada",6,1
"Reforestation",29222,3,0.01,"sierranevada",6,1
"RipF",2926,0,0,"sierranevada",6,1
"RockScreeVeg",99111,10,0.01,"sierranevada",6,1
"SMedMarF",16274,0,0,"sierranevada",6,1
"Shrub",3805,0,0,"sierranevada",6,1
"WaterSurf",246,0,0,"sierranevada",6,1
"AlpConF",173794,32,0.02,"sierranevada",6,2
"AlpScrGr",631149,231,0.04,"sierranevada",6,2
"AridScr",773,19,2.46,"sierranevada",6,2
"ArtSurf",8799,72,0.82,"sierranevada",6,2
"BareArea",50,0,0,"sierranevada",6,2
"Crop",1432,11,0.77,"sierranevada",6,2
"Grass",77900,239,0.31,"sierranevada",6,2
"HaloVeg",90,0,0,"sierranevada",6,2
"HydroRipVeg",1447,0,0,"sierranevada",6,2
"MedConF",2985,22,0.74,"sierranevada",6,2
"MedSclF",38437,242,0.63,"sierranevada",6,2
"MedScrub",110663,1201,1.09,"sierranevada",6,2
"Reforestation",29226,189,0.65,"sierranevada",6,2
"RipF",2930,1,0.03,"sierranevada",6,2
"RockScreeVeg",99119,237,0.24,"sierranevada",6,2
"SMedMarF",16274,0,0,"sierranevada",6,2
"Shrub",3805,0,0,"sierranevada",6,2
"WaterSurf",246,1,0.41,"sierranevada",6,2
"AlpConF",173796,47,0.03,"sierranevada",6,3
"AlpScrGr",631177,17,0,"sierranevada",6,3
"AridScr",774,0,0,"sierranevada",6,3
"ArtSurf",8799,17,0.19,"sierranevada",6,3
"BareArea",50,1,2,"sierranevada",6,3
"Crop",1432,0,0,"sierranevada",6,3
"Grass",77900,41,0.05,"sierranevada",6,3
"HaloVeg",90,0,0,"sierranevada",6,3
"HydroRipVeg",1448,0,0,"sierranevada",6,3
"MedConF",2985,1,0.03,"sierranevada",6,3
"MedSclF",38437,66,0.17,"sierranevada",6,3
"MedScrub",110663,314,0.28,"sierranevada",6,3
"Reforestation",29226,17,0.06,"sierranevada",6,3
"RipF",2930,0,0,"sierranevada",6,3
"RockScreeVeg",99121,113,0.11,"sierranevada",6,3
"SMedMarF",16274,0,0,"sierranevada",6,3
"Shrub",3805,1,0.03,"sierranevada",6,3
"WaterSurf",246,0,0,"sierranevada",6,3
"AlpConF",173796,0,0,"sierranevada",6,4
"AlpScrGr",631177,0,0,"sierranevada",6,4
"AridScr",774,0,0,"sierranevada",6,4
"ArtSurf",8799,0,0,"sierranevada",6,4
"BareArea",50,0,0,"sierranevada",6,4
"Crop",1432,0,0,"sierranevada",6,4
"Grass",77900,0,0,"sierranevada",6,4
"HaloVeg",90,0,0,"sierranevada",6,4
"HydroRipVeg",1448,0,0,"sierranevada",6,4
"MedConF",2985,0,0,"sierranevada",6,4
"MedSclF",38437,0,0,"sierranevada",6,4
"MedScrub",110663,0,0,"sierranevada",6,4
"Reforestation",29226,0,0,"sierranevada",6,4
"RipF",2930,0,0,"sierranevada",6,4
"RockScreeVeg",99121,0,0,"sierranevada",6,4
"SMedMarF",16274,0,0,"sierranevada",6,4
"Shrub",3805,0,0,"sierranevada",6,4
"WaterSurf",246,0,0,"sierranevada",6,4
"AlpConF",173796,79,0.05,"sierranevada",6,5
"AlpScrGr",631177,58,0.01,"sierranevada",6,5
"AridScr",774,1,0.13,"sierranevada",6,5
"ArtSurf",8799,8,0.09,"sierranevada",6,5
"BareArea",50,0,0,"sierranevada",6,5
"Crop",1432,1,0.07,"sierranevada",6,5
"Grass",77900,14,0.02,"sierranevada",6,5
"HaloVeg",90,0,0,"sierranevada",6,5
"HydroRipVeg",1448,1,0.07,"sierranevada",6,5
"MedConF",2985,0,0,"sierranevada",6,5
"MedSclF",38437,29,0.08,"sierranevada",6,5
"MedScrub",110663,49,0.04,"sierranevada",6,5
"Reforestation",29226,9,0.03,"sierranevada",6,5
"RipF",2930,1,0.03,"sierranevada",6,5
"RockScreeVeg",99121,9,0.01,"sierranevada",6,5
"SMedMarF",16274,4,0.02,"sierranevada",6,5
"Shrub",3805,0,0,"sierranevada",6,5
"WaterSurf",246,0,0,"sierranevada",6,5
"AlpConF",173796,0,0,"sierranevada",6,6
"AlpScrGr",631177,0,0,"sierranevada",6,6
"AridScr",774,0,0,"sierranevada",6,6
"ArtSurf",8799,0,0,"sierranevada",6,6
"BareArea",50,0,0,"sierranevada",6,6
"Crop",1432,0,0,"sierranevada",6,6
"Grass",77900,0,0,"sierranevada",6,6
"HaloVeg",90,0,0,"sierranevada",6,6
"HydroRipVeg",1448,0,0,"sierranevada",6,6
"MedConF",2985,0,0,"sierranevada",6,6
"MedSclF",38437,0,0,"sierranevada",6,6
"MedScrub",110663,0,0,"sierranevada",6,6
"Reforestation",29226,0,0,"sierranevada",6,6
"RipF",2930,0,0,"sierranevada",6,6
"RockScreeVeg",99121,0,0,"sierranevada",6,6
"SMedMarF",16274,0,0,"sierranevada",6,6
"Shrub",3805,0,0,"sierranevada",6,6
"WaterSurf",246,0,0,"sierranevada",6,6
"AlpConF",173796,718,0.41,"sierranevada",6,7
"AlpScrGr",631181,25369,4.02,"sierranevada",6,7
"AridScr",774,6,0.78,"sierranevada",6,7
"ArtSurf",8799,120,1.36,"sierranevada",6,7
"BareArea",50,2,4,"sierranevada",6,7
"Crop",1432,130,9.08,"sierranevada",6,7
"Grass",77900,1934,2.48,"sierranevada",6,7
"HaloVeg",90,12,13.33,"sierranevada",6,7
"HydroRipVeg",1448,40,2.76,"sierranevada",6,7
"MedConF",2985,6,0.2,"sierranevada",6,7
"MedSclF",38437,648,1.69,"sierranevada",6,7
"MedScrub",110663,6231,5.63,"sierranevada",6,7
"Reforestation",29226,99,0.34,"sierranevada",6,7
"RipF",2930,70,2.39,"sierranevada",6,7
"RockScreeVeg",99121,800,0.81,"sierranevada",6,7
"SMedMarF",16274,480,2.95,"sierranevada",6,7
"Shrub",3805,238,6.25,"sierranevada",6,7
"WaterSurf",246,0,0,"sierranevada",6,7
"AlpConF",173796,6686,3.85,"sierranevada",6,8
"AlpScrGr",631178,121643,19.27,"sierranevada",6,8
"AridScr",774,63,8.14,"sierranevada",6,8
"ArtSurf",8799,596,6.77,"sierranevada",6,8
"BareArea",50,8,16,"sierranevada",6,8
"Crop",1432,207,14.46,"sierranevada",6,8
"Grass",77900,7906,10.15,"sierranevada",6,8
"HaloVeg",90,20,22.22,"sierranevada",6,8
"HydroRipVeg",1448,355,24.52,"sierranevada",6,8
"MedConF",2985,93,3.12,"sierranevada",6,8
"MedSclF",38437,4134,10.76,"sierranevada",6,8
"MedScrub",110663,20080,18.15,"sierranevada",6,8
"Reforestation",29226,674,2.31,"sierranevada",6,8
"RipF",2930,567,19.35,"sierranevada",6,8
"RockScreeVeg",99121,10707,10.8,"sierranevada",6,8
"SMedMarF",16274,3110,19.11,"sierranevada",6,8
"Shrub",3805,726,19.08,"sierranevada",6,8
"WaterSurf",246,14,5.69,"sierranevada",6,8
"AlpConF",173796,0,0,"sierranevada",6,9
"AlpScrGr",631177,3,0,"sierranevada",6,9
"AridScr",774,0,0,"sierranevada",6,9
"ArtSurf",8799,0,0,"sierranevada",6,9
"BareArea",50,0,0,"sierranevada",6,9
"Crop",1432,0,0,"sierranevada",6,9
"Grass",77900,0,0,"sierranevada",6,9
"HaloVeg",90,0,0,"sierranevada",6,9
"HydroRipVeg",1448,0,0,"sierranevada",6,9
"MedConF",2985,0,0,"sierranevada",6,9
"MedSclF",38437,0,0,"sierranevada",6,9
"MedScrub",110663,1,0,"sierranevada",6,9
"Reforestation",29226,0,0,"sierranevada",6,9
"RipF",2930,0,0,"sierranevada",6,9
"RockScreeVeg",99121,0,0,"sierranevada",6,9
"SMedMarF",16274,0,0,"sierranevada",6,9
"Shrub",3805,0,0,"sierranevada",6,9
"WaterSurf",246,0,0,"sierranevada",6,9
"AlpConF",173796,0,0,"sierranevada",6,10
"AlpScrGr",631178,0,0,"sierranevada",6,10
"AridScr",774,0,0,"sierranevada",6,10
"ArtSurf",8799,0,0,"sierranevada",6,10
"BareArea",50,0,0,"sierranevada",6,10
"Crop",1432,0,0,"sierranevada",6,10
"Grass",77900,0,0,"sierranevada",6,10
"HaloVeg",90,0,0,"sierranevada",6,10
"HydroRipVeg",1448,0,0,"sierranevada",6,10
"MedConF",2985,0,0,"sierranevada",6,10
"MedSclF",38437,0,0,"sierranevada",6,10
"MedScrub",110663,0,0,"sierranevada",6,10
"Reforestation",29226,0,0,"sierranevada",6,10
"RipF",2930,0,0,"sierranevada",6,10
"RockScreeVeg",99121,0,0,"sierranevada",6,10
"SMedMarF",16274,0,0,"sierranevada",6,10
"Shrub",3805,0,0,"sierranevada",6,10
"WaterSurf",246,0,0,"sierranevada",6,10
"AlpConF",173794,0,0,"sierranevada",6,11
"AlpScrGr",631149,0,0,"sierranevada",6,11
"AridScr",772,0,0,"sierranevada",6,11
"ArtSurf",8799,0,0,"sierranevada",6,11
"BareArea",50,0,0,"sierranevada",6,11
"Crop",1432,0,0,"sierranevada",6,11
"Grass",77897,0,0,"sierranevada",6,11
"HaloVeg",90,0,0,"sierranevada",6,11
"HydroRipVeg",1448,0,0,"sierranevada",6,11
"MedConF",2985,0,0,"sierranevada",6,11
"MedSclF",38428,0,0,"sierranevada",6,11
"MedScrub",110657,0,0,"sierranevada",6,11
"Reforestation",29224,0,0,"sierranevada",6,11
"RipF",2930,0,0,"sierranevada",6,11
"RockScreeVeg",99119,0,0,"sierranevada",6,11
"SMedMarF",16274,0,0,"sierranevada",6,11
"Shrub",3805,0,0,"sierranevada",6,11
"WaterSurf",246,0,0,"sierranevada",6,11
"AlpConF",173767,0,0,"sierranevada",6,12
"AlpScrGr",631026,0,0,"sierranevada",6,12
"AridScr",763,0,0,"sierranevada",6,12
"ArtSurf",8799,0,0,"sierranevada",6,12
"BareArea",50,0,0,"sierranevada",6,12
"Crop",1432,0,0,"sierranevada",6,12
"Grass",77879,0,0,"sierranevada",6,12
"HaloVeg",90,0,0,"sierranevada",6,12
"HydroRipVeg",1442,0,0,"sierranevada",6,12
"MedConF",2985,0,0,"sierranevada",6,12
"MedSclF",38375,0,0,"sierranevada",6,12
"MedScrub",110617,0,0,"sierranevada",6,12
"Reforestation",29221,0,0,"sierranevada",6,12
"RipF",2928,0,0,"sierranevada",6,12
"RockScreeVeg",99098,0,0,"sierranevada",6,12
"SMedMarF",16272,0,0,"sierranevada",6,12
"Shrub",3805,0,0,"sierranevada",6,12
"WaterSurf",246,0,0,"sierranevada",6,12
"AlpConF",173794,0,0,"sierranevada",9,1
"AlpScrGr",631034,14,0,"sierranevada",9,1
"AridScr",766,0,0,"sierranevada",9,1
"ArtSurf",8799,0,0,"sierranevada",9,1
"BareArea",50,0,0,"sierranevada",9,1
"Crop",1432,0,0,"sierranevada",9,1
"Grass",77894,5,0.01,"sierranevada",9,1
"HaloVeg",90,0,0,"sierranevada",9,1
"HydroRipVeg",1442,2,0.14,"sierranevada",9,1
"MedConF",2985,1,0.03,"sierranevada",9,1
"MedSclF",38403,0,0,"sierranevada",9,1
"MedScrub",110649,18,0.02,"sierranevada",9,1
"Reforestation",29222,2,0.01,"sierranevada",9,1
"RipF",2926,0,0,"sierranevada",9,1
"RockScreeVeg",99111,19,0.02,"sierranevada",9,1
"SMedMarF",16274,0,0,"sierranevada",9,1
"Shrub",3805,0,0,"sierranevada",9,1
"WaterSurf",246,0,0,"sierranevada",9,1
"AlpConF",173794,36,0.02,"sierranevada",9,2
"AlpScrGr",631149,535,0.08,"sierranevada",9,2
"AridScr",773,54,6.99,"sierranevada",9,2
"ArtSurf",8799,42,0.48,"sierranevada",9,2
"BareArea",50,0,0,"sierranevada",9,2
"Crop",1432,2,0.14,"sierranevada",9,2
"Grass",77900,137,0.18,"sierranevada",9,2
"HaloVeg",90,0,0,"sierranevada",9,2
"HydroRipVeg",1447,4,0.28,"sierranevada",9,2
"MedConF",2985,36,1.21,"sierranevada",9,2
"MedSclF",38437,119,0.31,"sierranevada",9,2
"MedScrub",110663,703,0.64,"sierranevada",9,2
"Reforestation",29226,139,0.48,"sierranevada",9,2
"RipF",2930,2,0.07,"sierranevada",9,2
"RockScreeVeg",99119,224,0.23,"sierranevada",9,2
"SMedMarF",16274,0,0,"sierranevada",9,2
"Shrub",3805,0,0,"sierranevada",9,2
"WaterSurf",246,1,0.41,"sierranevada",9,2
"AlpConF",173796,128,0.07,"sierranevada",9,3
"AlpScrGr",631177,143,0.02,"sierranevada",9,3
"AridScr",774,4,0.52,"sierranevada",9,3
"ArtSurf",8799,46,0.52,"sierranevada",9,3
"BareArea",50,1,2,"sierranevada",9,3
"Crop",1432,3,0.21,"sierranevada",9,3
"Grass",77900,147,0.19,"sierranevada",9,3
"HaloVeg",90,0,0,"sierranevada",9,3
"HydroRipVeg",1448,2,0.14,"sierranevada",9,3
"MedConF",2985,2,0.07,"sierranevada",9,3
"MedSclF",38437,166,0.43,"sierranevada",9,3
"MedScrub",110663,1000,0.9,"sierranevada",9,3
"Reforestation",29226,117,0.4,"sierranevada",9,3
"RipF",2930,2,0.07,"sierranevada",9,3
"RockScreeVeg",99121,223,0.22,"sierranevada",9,3
"SMedMarF",16274,0,0,"sierranevada",9,3
"Shrub",3805,5,0.13,"sierranevada",9,3
"WaterSurf",246,0,0,"sierranevada",9,3
"AlpConF",173796,1,0,"sierranevada",9,4
"AlpScrGr",631177,0,0,"sierranevada",9,4
"AridScr",774,0,0,"sierranevada",9,4
"ArtSurf",8799,0,0,"sierranevada",9,4
"BareArea",50,0,0,"sierranevada",9,4
"Crop",1432,0,0,"sierranevada",9,4
"Grass",77900,1,0,"sierranevada",9,4
"HaloVeg",90,0,0,"sierranevada",9,4
"HydroRipVeg",1448,0,0,"sierranevada",9,4
"MedConF",2985,0,0,"sierranevada",9,4
"MedSclF",38437,0,0,"sierranevada",9,4
"MedScrub",110663,1,0,"sierranevada",9,4
"Reforestation",29226,0,0,"sierranevada",9,4
"RipF",2930,0,0,"sierranevada",9,4
"RockScreeVeg",99121,0,0,"sierranevada",9,4
"SMedMarF",16274,0,0,"sierranevada",9,4
"Shrub",3805,0,0,"sierranevada",9,4
"WaterSurf",246,0,0,"sierranevada",9,4
"AlpConF",173796,1005,0.58,"sierranevada",9,5
"AlpScrGr",631177,554,0.09,"sierranevada",9,5
"AridScr",774,19,2.45,"sierranevada",9,5
"ArtSurf",8799,37,0.42,"sierranevada",9,5
"BareArea",50,1,2,"sierranevada",9,5
"Crop",1432,15,1.05,"sierranevada",9,5
"Grass",77900,182,0.23,"sierranevada",9,5
"HaloVeg",90,0,0,"sierranevada",9,5
"HydroRipVeg",1448,2,0.14,"sierranevada",9,5
"MedConF",2985,0,0,"sierranevada",9,5
"MedSclF",38437,276,0.72,"sierranevada",9,5
"MedScrub",110663,568,0.51,"sierranevada",9,5
"Reforestation",29226,94,0.32,"sierranevada",9,5
"RipF",2930,11,0.38,"sierranevada",9,5
"RockScreeVeg",99121,131,0.13,"sierranevada",9,5
"SMedMarF",16274,9,0.06,"sierranevada",9,5
"Shrub",3805,0,0,"sierranevada",9,5
"WaterSurf",246,0,0,"sierranevada",9,5
"AlpConF",173796,0,0,"sierranevada",9,6
"AlpScrGr",631177,0,0,"sierranevada",9,6
"AridScr",774,0,0,"sierranevada",9,6
"ArtSurf",8799,0,0,"sierranevada",9,6
"BareArea",50,0,0,"sierranevada",9,6
"Crop",1432,0,0,"sierranevada",9,6
"Grass",77900,0,0,"sierranevada",9,6
"HaloVeg",90,0,0,"sierranevada",9,6
"HydroRipVeg",1448,0,0,"sierranevada",9,6
"MedConF",2985,0,0,"sierranevada",9,6
"MedSclF",38437,0,0,"sierranevada",9,6
"MedScrub",110663,0,0,"sierranevada",9,6
"Reforestation",29226,0,0,"sierranevada",9,6
"RipF",2930,0,0,"sierranevada",9,6
"RockScreeVeg",99121,0,0,"sierranevada",9,6
"SMedMarF",16274,0,0,"sierranevada",9,6
"Shrub",3805,0,0,"sierranevada",9,6
"WaterSurf",246,0,0,"sierranevada",9,6
"AlpConF",173796,3671,2.11,"sierranevada",9,7
"AlpScrGr",631181,14209,2.25,"sierranevada",9,7
"AridScr",774,55,7.11,"sierranevada",9,7
"ArtSurf",8799,209,2.38,"sierranevada",9,7
"BareArea",50,3,6,"sierranevada",9,7
"Crop",1432,168,11.73,"sierranevada",9,7
"Grass",77900,2022,2.6,"sierranevada",9,7
"HaloVeg",90,6,6.67,"sierranevada",9,7
"HydroRipVeg",1448,48,3.31,"sierranevada",9,7
"MedConF",2985,5,0.17,"sierranevada",9,7
"MedSclF",38437,2625,6.83,"sierranevada",9,7
"MedScrub",110663,6174,5.58,"sierranevada",9,7
"Reforestation",29226,434,1.48,"sierranevada",9,7
"RipF",2930,46,1.57,"sierranevada",9,7
"RockScreeVeg",99121,829,0.84,"sierranevada",9,7
"SMedMarF",16274,364,2.24,"sierranevada",9,7
"Shrub",3805,143,3.76,"sierranevada",9,7
"WaterSurf",246,0,0,"sierranevada",9,7
"AlpConF",173796,963,0.55,"sierranevada",9,8
"AlpScrGr",631178,10705,1.7,"sierranevada",9,8
"AridScr",774,16,2.07,"sierranevada",9,8
"ArtSurf",8799,109,1.24,"sierranevada",9,8
"BareArea",50,5,10,"sierranevada",9,8
"Crop",1432,57,3.98,"sierranevada",9,8
"Grass",77900,816,1.05,"sierranevada",9,8
"HaloVeg",90,3,3.33,"sierranevada",9,8
"HydroRipVeg",1448,42,2.9,"sierranevada",9,8
"MedConF",2985,0,0,"sierranevada",9,8
"MedSclF",38437,354,0.92,"sierranevada",9,8
"MedScrub",110663,1815,1.64,"sierranevada",9,8
"Reforestation",29226,72,0.25,"sierranevada",9,8
"RipF",2930,51,1.74,"sierranevada",9,8
"RockScreeVeg",99121,3220,3.25,"sierranevada",9,8
"SMedMarF",16274,256,1.57,"sierranevada",9,8
"Shrub",3805,8,0.21,"sierranevada",9,8
"WaterSurf",246,3,1.22,"sierranevada",9,8
"AlpConF",173796,6,0,"sierranevada",9,9
"AlpScrGr",631177,155,0.02,"sierranevada",9,9
"AridScr",774,0,0,"sierranevada",9,9
"ArtSurf",8799,2,0.02,"sierranevada",9,9
"BareArea",50,0,0,"sierranevada",9,9
"Crop",1432,5,0.35,"sierranevada",9,9
"Grass",77900,31,0.04,"sierranevada",9,9
"HaloVeg",90,0,0,"sierranevada",9,9
"HydroRipVeg",1448,0,0,"sierranevada",9,9
"MedConF",2985,0,0,"sierranevada",9,9
"MedSclF",38437,0,0,"sierranevada",9,9
"MedScrub",110663,22,0.02,"sierranevada",9,9
"Reforestation",29226,2,0.01,"sierranevada",9,9
"RipF",2930,2,0.07,"sierranevada",9,9
"RockScreeVeg",99121,17,0.02,"sierranevada",9,9
"SMedMarF",16274,32,0.2,"sierranevada",9,9
"Shrub",3805,1,0.03,"sierranevada",9,9
"WaterSurf",246,0,0,"sierranevada",9,9
"AlpConF",173796,0,0,"sierranevada",9,10
"AlpScrGr",631178,0,0,"sierranevada",9,10
"AridScr",774,0,0,"sierranevada",9,10
"ArtSurf",8799,0,0,"sierranevada",9,10
"BareArea",50,0,0,"sierranevada",9,10
"Crop",1432,0,0,"sierranevada",9,10
"Grass",77900,0,0,"sierranevada",9,10
"HaloVeg",90,0,0,"sierranevada",9,10
"HydroRipVeg",1448,0,0,"sierranevada",9,10
"MedConF",2985,0,0,"sierranevada",9,10
"MedSclF",38437,0,0,"sierranevada",9,10
"MedScrub",110663,0,0,"sierranevada",9,10
"Reforestation",29226,0,0,"sierranevada",9,10
"RipF",2930,0,0,"sierranevada",9,10
"RockScreeVeg",99121,0,0,"sierranevada",9,10
"SMedMarF",16274,0,0,"sierranevada",9,10
"Shrub",3805,0,0,"sierranevada",9,10
"WaterSurf",246,0,0,"sierranevada",9,10
"AlpConF",173794,0,0,"sierranevada",9,11
"AlpScrGr",631149,0,0,"sierranevada",9,11
"AridScr",772,0,0,"sierranevada",9,11
"ArtSurf",8799,0,0,"sierranevada",9,11
"BareArea",50,0,0,"sierranevada",9,11
"Crop",1432,0,0,"sierranevada",9,11
"Grass",77897,0,0,"sierranevada",9,11
"HaloVeg",90,0,0,"sierranevada",9,11
"HydroRipVeg",1448,0,0,"sierranevada",9,11
"MedConF",2985,0,0,"sierranevada",9,11
"MedSclF",38428,0,0,"sierranevada",9,11
"MedScrub",110657,0,0,"sierranevada",9,11
"Reforestation",29224,0,0,"sierranevada",9,11
"RipF",2930,0,0,"sierranevada",9,11
"RockScreeVeg",99119,0,0,"sierranevada",9,11
"SMedMarF",16274,0,0,"sierranevada",9,11
"Shrub",3805,0,0,"sierranevada",9,11
"WaterSurf",246,0,0,"sierranevada",9,11
"AlpConF",173767,0,0,"sierranevada",9,12
"AlpScrGr",631026,0,0,"sierranevada",9,12
"AridScr",763,0,0,"sierranevada",9,12
"ArtSurf",8799,0,0,"sierranevada",9,12
"BareArea",50,0,0,"sierranevada",9,12
"Crop",1432,0,0,"sierranevada",9,12
"Grass",77879,0,0,"sierranevada",9,12
"HaloVeg",90,0,0,"sierranevada",9,12
"HydroRipVeg",1442,0,0,"sierranevada",9,12
"MedConF",2985,0,0,"sierranevada",9,12
"MedSclF",38375,0,0,"sierranevada",9,12
"MedScrub",110617,0,0,"sierranevada",9,12
"Reforestation",29221,0,0,"sierranevada",9,12
"RipF",2928,0,0,"sierranevada",9,12
"RockScreeVeg",99098,0,0,"sierranevada",9,12
"SMedMarF",16272,0,0,"sierranevada",9,12
"Shrub",3805,0,0,"sierranevada",9,12
"WaterSurf",246,0,0,"sierranevada",9,12
"AlpConF",173794,0,0,"sierranevada",12,1
"AlpScrGr",631034,0,0,"sierranevada",12,1
"AridScr",766,0,0,"sierranevada",12,1
"ArtSurf",8799,0,0,"sierranevada",12,1
"BareArea",50,0,0,"sierranevada",12,1
"Crop",1432,0,0,"sierranevada",12,1
"Grass",77894,0,0,"sierranevada",12,1
"HaloVeg",90,0,0,"sierranevada",12,1
"HydroRipVeg",1442,0,0,"sierranevada",12,1
"MedConF",2985,0,0,"sierranevada",12,1
"MedSclF",38403,0,0,"sierranevada",12,1
"MedScrub",110649,0,0,"sierranevada",12,1
"Reforestation",29222,0,0,"sierranevada",12,1
"RipF",2926,0,0,"sierranevada",12,1
"RockScreeVeg",99111,0,0,"sierranevada",12,1
"SMedMarF",16274,0,0,"sierranevada",12,1
"Shrub",3805,0,0,"sierranevada",12,1
"WaterSurf",246,0,0,"sierranevada",12,1
"AlpConF",173794,0,0,"sierranevada",12,2
"AlpScrGr",631149,214,0.03,"sierranevada",12,2
"AridScr",773,11,1.42,"sierranevada",12,2
"ArtSurf",8799,5,0.06,"sierranevada",12,2
"BareArea",50,0,0,"sierranevada",12,2
"Crop",1432,0,0,"sierranevada",12,2
"Grass",77900,22,0.03,"sierranevada",12,2
"HaloVeg",90,0,0,"sierranevada",12,2
"HydroRipVeg",1447,0,0,"sierranevada",12,2
"MedConF",2985,9,0.3,"sierranevada",12,2
"MedSclF",38437,4,0.01,"sierranevada",12,2
"MedScrub",110663,56,0.05,"sierranevada",12,2
"Reforestation",29226,5,0.02,"sierranevada",12,2
"RipF",2930,0,0,"sierranevada",12,2
"RockScreeVeg",99119,193,0.19,"sierranevada",12,2
"SMedMarF",16274,0,0,"sierranevada",12,2
"Shrub",3805,0,0,"sierranevada",12,2
"WaterSurf",246,3,1.22,"sierranevada",12,2
"AlpConF",173796,0,0,"sierranevada",12,3
"AlpScrGr",631177,9,0,"sierranevada",12,3
"AridScr",774,0,0,"sierranevada",12,3
"ArtSurf",8799,0,0,"sierranevada",12,3
"BareArea",50,0,0,"sierranevada",12,3
"Crop",1432,0,0,"sierranevada",12,3
"Grass",77900,3,0,"sierranevada",12,3
"HaloVeg",90,0,0,"sierranevada",12,3
"HydroRipVeg",1448,0,0,"sierranevada",12,3
"MedConF",2985,0,0,"sierranevada",12,3
"MedSclF",38437,1,0,"sierranevada",12,3
"MedScrub",110663,5,0,"sierranevada",12,3
"Reforestation",29226,2,0.01,"sierranevada",12,3
"RipF",2930,0,0,"sierranevada",12,3
"RockScreeVeg",99121,9,0.01,"sierranevada",12,3
"SMedMarF",16274,0,0,"sierranevada",12,3
"Shrub",3805,0,0,"sierranevada",12,3
"WaterSurf",246,0,0,"sierranevada",12,3
"AlpConF",173796,0,0,"sierranevada",12,4
"AlpScrGr",631177,0,0,"sierranevada",12,4
"AridScr",774,0,0,"sierranevada",12,4
"ArtSurf",8799,0,0,"sierranevada",12,4
"BareArea",50,0,0,"sierranevada",12,4
"Crop",1432,0,0,"sierranevada",12,4
"Grass",77900,0,0,"sierranevada",12,4
"HaloVeg",90,0,0,"sierranevada",12,4
"HydroRipVeg",1448,0,0,"sierranevada",12,4
"MedConF",2985,0,0,"sierranevada",12,4
"MedSclF",38437,0,0,"sierranevada",12,4
"MedScrub",110663,0,0,"sierranevada",12,4
"Reforestation",29226,0,0,"sierranevada",12,4
"RipF",2930,0,0,"sierranevada",12,4
"RockScreeVeg",99121,0,0,"sierranevada",12,4
"SMedMarF",16274,0,0,"sierranevada",12,4
"Shrub",3805,0,0,"sierranevada",12,4
"WaterSurf",246,0,0,"sierranevada",12,4
"AlpConF",173796,90,0.05,"sierranevada",12,5
"AlpScrGr",631177,65,0.01,"sierranevada",12,5
"AridScr",774,0,0,"sierranevada",12,5
"ArtSurf",8799,1,0.01,"sierranevada",12,5
"BareArea",50,0,0,"sierranevada",12,5
"Crop",1432,1,0.07,"sierranevada",12,5
"Grass",77900,10,0.01,"sierranevada",12,5
"HaloVeg",90,0,0,"sierranevada",12,5
"HydroRipVeg",1448,0,0,"sierranevada",12,5
"MedConF",2985,0,0,"sierranevada",12,5
"MedSclF",38437,28,0.07,"sierranevada",12,5
"MedScrub",110663,18,0.02,"sierranevada",12,5
"Reforestation",29226,4,0.01,"sierranevada",12,5
"RipF",2930,4,0.14,"sierranevada",12,5
"RockScreeVeg",99121,2,0,"sierranevada",12,5
"SMedMarF",16274,1,0.01,"sierranevada",12,5
"Shrub",3805,0,0,"sierranevada",12,5
"WaterSurf",246,0,0,"sierranevada",12,5
"AlpConF",173796,0,0,"sierranevada",12,6
"AlpScrGr",631177,0,0,"sierranevada",12,6
"AridScr",774,0,0,"sierranevada",12,6
"ArtSurf",8799,0,0,"sierranevada",12,6
"BareArea",50,0,0,"sierranevada",12,6
"Crop",1432,0,0,"sierranevada",12,6
"Grass",77900,0,0,"sierranevada",12,6
"HaloVeg",90,0,0,"sierranevada",12,6
"HydroRipVeg",1448,0,0,"sierranevada",12,6
"MedConF",2985,0,0,"sierranevada",12,6
"MedSclF",38437,0,0,"sierranevada",12,6
"MedScrub",110663,0,0,"sierranevada",12,6
"Reforestation",29226,0,0,"sierranevada",12,6
"RipF",2930,0,0,"sierranevada",12,6
"RockScreeVeg",99121,0,0,"sierranevada",12,6
"SMedMarF",16274,0,0,"sierranevada",12,6
"Shrub",3805,0,0,"sierranevada",12,6
"WaterSurf",246,0,0,"sierranevada",12,6
"AlpConF",173796,1480,0.85,"sierranevada",12,7
"AlpScrGr",631181,3741,0.59,"sierranevada",12,7
"AridScr",774,6,0.78,"sierranevada",12,7
"ArtSurf",8799,45,0.51,"sierranevada",12,7
"BareArea",50,0,0,"sierranevada",12,7
"Crop",1432,12,0.84,"sierranevada",12,7
"Grass",77900,337,0.43,"sierranevada",12,7
"HaloVeg",90,0,0,"sierranevada",12,7
"HydroRipVeg",1448,9,0.62,"sierranevada",12,7
"MedConF",2985,0,0,"sierranevada",12,7
"MedSclF",38437,236,0.61,"sierranevada",12,7
"MedScrub",110663,1181,1.07,"sierranevada",12,7
"Reforestation",29226,94,0.32,"sierranevada",12,7
"RipF",2930,3,0.1,"sierranevada",12,7
"RockScreeVeg",99121,81,0.08,"sierranevada",12,7
"SMedMarF",16274,72,0.44,"sierranevada",12,7
"Shrub",3805,8,0.21,"sierranevada",12,7
"WaterSurf",246,0,0,"sierranevada",12,7
"AlpConF",173796,1568,0.9,"sierranevada",12,8
"AlpScrGr",631178,4472,0.71,"sierranevada",12,8
"AridScr",774,17,2.2,"sierranevada",12,8
"ArtSurf",8799,66,0.75,"sierranevada",12,8
"BareArea",50,1,2,"sierranevada",12,8
"Crop",1432,22,1.54,"sierranevada",12,8
"Grass",77900,435,0.56,"sierranevada",12,8
"HaloVeg",90,0,0,"sierranevada",12,8
"HydroRipVeg",1448,14,0.97,"sierranevada",12,8
"MedConF",2985,0,0,"sierranevada",12,8
"MedSclF",38437,117,0.3,"sierranevada",12,8
"MedScrub",110663,1121,1.01,"sierranevada",12,8
"Reforestation",29226,94,0.32,"sierranevada",12,8
"RipF",2930,20,0.68,"sierranevada",12,8
"RockScreeVeg",99121,1985,2,"sierranevada",12,8
"SMedMarF",16274,191,1.17,"sierranevada",12,8
"Shrub",3805,3,0.08,"sierranevada",12,8
"WaterSurf",246,2,0.81,"sierranevada",12,8
"AlpConF",173796,0,0,"sierranevada",12,9
"AlpScrGr",631177,0,0,"sierranevada",12,9
"AridScr",774,0,0,"sierranevada",12,9
"ArtSurf",8799,0,0,"sierranevada",12,9
"BareArea",50,0,0,"sierranevada",12,9
"Crop",1432,0,0,"sierranevada",12,9
"Grass",77900,0,0,"sierranevada",12,9
"HaloVeg",90,0,0,"sierranevada",12,9
"HydroRipVeg",1448,0,0,"sierranevada",12,9
"MedConF",2985,0,0,"sierranevada",12,9
"MedSclF",38437,0,0,"sierranevada",12,9
"MedScrub",110663,0,0,"sierranevada",12,9
"Reforestation",29226,0,0,"sierranevada",12,9
"RipF",2930,0,0,"sierranevada",12,9
"RockScreeVeg",99121,0,0,"sierranevada",12,9
"SMedMarF",16274,0,0,"sierranevada",12,9
"Shrub",3805,0,0,"sierranevada",12,9
"WaterSurf",246,0,0,"sierranevada",12,9
"AlpConF",173796,0,0,"sierranevada",12,10
"AlpScrGr",631178,0,0,"sierranevada",12,10
"AridScr",774,0,0,"sierranevada",12,10
"ArtSurf",8799,0,0,"sierranevada",12,10
"BareArea",50,0,0,"sierranevada",12,10
"Crop",1432,0,0,"sierranevada",12,10
"Grass",77900,0,0,"sierranevada",12,10
"HaloVeg",90,0,0,"sierranevada",12,10
"HydroRipVeg",1448,0,0,"sierranevada",12,10
"MedConF",2985,0,0,"sierranevada",12,10
"MedSclF",38437,0,0,"sierranevada",12,10
"MedScrub",110663,0,0,"sierranevada",12,10
"Reforestation",29226,0,0,"sierranevada",12,10
"RipF",2930,0,0,"sierranevada",12,10
"RockScreeVeg",99121,0,0,"sierranevada",12,10
"SMedMarF",16274,0,0,"sierranevada",12,10
"Shrub",3805,0,0,"sierranevada",12,10
"WaterSurf",246,0,0,"sierranevada",12,10
"AlpConF",173794,0,0,"sierranevada",12,11
"AlpScrGr",631149,0,0,"sierranevada",12,11
"AridScr",772,0,0,"sierranevada",12,11
"ArtSurf",8799,0,0,"sierranevada",12,11
"BareArea",50,0,0,"sierranevada",12,11
"Crop",1432,0,0,"sierranevada",12,11
"Grass",77897,0,0,"sierranevada",12,11
"HaloVeg",90,0,0,"sierranevada",12,11
"HydroRipVeg",1448,0,0,"sierranevada",12,11
"MedConF",2985,0,0,"sierranevada",12,11
"MedSclF",38428,0,0,"sierranevada",12,11
"MedScrub",110657,0,0,"sierranevada",12,11
"Reforestation",29224,0,0,"sierranevada",12,11
"RipF",2930,0,0,"sierranevada",12,11
"RockScreeVeg",99119,0,0,"sierranevada",12,11
"SMedMarF",16274,0,0,"sierranevada",12,11
"Shrub",3805,0,0,"sierranevada",12,11
"WaterSurf",246,0,0,"sierranevada",12,11
"AlpConF",173767,0,0,"sierranevada",12,12
"AlpScrGr",631026,0,0,"sierranevada",12,12
"AridScr",763,0,0,"sierranevada",12,12
"ArtSurf",8799,0,0,"sierranevada",12,12
"BareArea",50,0,0,"sierranevada",12,12
"Crop",1432,0,0,"sierranevada",12,12
"Grass",77879,0,0,"sierranevada",12,12
"HaloVeg",90,0,0,"sierranevada",12,12
"HydroRipVeg",1442,0,0,"sierranevada",12,12
"MedConF",2985,0,0,"sierranevada",12,12
"MedSclF",38375,0,0,"sierranevada",12,12
"MedScrub",110617,0,0,"sierranevada",12,12
"Reforestation",29221,0,0,"sierranevada",12,12
"RipF",2928,0,0,"sierranevada",12,12
"RockScreeVeg",99098,0,0,"sierranevada",12,12
"SMedMarF",16272,0,0,"sierranevada",12,12
"Shrub",3805,0,0,"sierranevada",12,12
"WaterSurf",246,0,0,"sierranevada",12,12
